# ac_condenser_unit.obj  Y-up, meters, origin at ground/wall contact
mtllib ac_condenser_unit.mtl
v -0.5000 0.0000 -0.5000
v 0.5000 0.0000 -0.5000
v 0.5000 0.0600 -0.5000
v -0.5000 0.0600 -0.5000
v -0.5000 0.0000 0.5000
v 0.5000 0.0000 0.5000
v 0.5000 0.0600 0.5000
v -0.5000 0.0600 0.5000
v -0.4300 0.0600 -0.4300
v 0.4300 0.0600 -0.4300
v 0.4300 0.1000 -0.4300
v -0.4300 0.1000 -0.4300
v -0.4300 0.0600 0.4300
v 0.4300 0.0600 0.4300
v 0.4300 0.1000 0.4300
v -0.4300 0.1000 0.4300
v -0.3900 0.1000 -0.3900
v 0.3900 0.1000 -0.3900
v 0.3900 0.8200 -0.3900
v -0.3900 0.8200 -0.3900
v -0.3900 0.1000 0.3900
v 0.3900 0.1000 0.3900
v 0.3900 0.8200 0.3900
v -0.3900 0.8200 0.3900
v -0.4000 0.1330 0.3850
v 0.4000 0.1330 0.3850
v 0.4000 0.1470 0.3850
v -0.4000 0.1470 0.3850
v -0.4000 0.1330 0.4050
v 0.4000 0.1330 0.4050
v 0.4000 0.1470 0.4050
v -0.4000 0.1470 0.4050
v -0.4000 0.1330 -0.4050
v 0.4000 0.1330 -0.4050
v 0.4000 0.1470 -0.4050
v -0.4000 0.1470 -0.4050
v -0.4000 0.1330 -0.3850
v 0.4000 0.1330 -0.3850
v 0.4000 0.1470 -0.3850
v -0.4000 0.1470 -0.3850
v 0.3850 0.1330 -0.4000
v 0.4050 0.1330 -0.4000
v 0.4050 0.1470 -0.4000
v 0.3850 0.1470 -0.4000
v 0.3850 0.1330 0.4000
v 0.4050 0.1330 0.4000
v 0.4050 0.1470 0.4000
v 0.3850 0.1470 0.4000
v -0.4050 0.1330 -0.4000
v -0.3850 0.1330 -0.4000
v -0.3850 0.1470 -0.4000
v -0.4050 0.1470 -0.4000
v -0.4050 0.1330 0.4000
v -0.3850 0.1330 0.4000
v -0.3850 0.1470 0.4000
v -0.4050 0.1470 0.4000
v -0.4000 0.1730 0.3850
v 0.4000 0.1730 0.3850
v 0.4000 0.1870 0.3850
v -0.4000 0.1870 0.3850
v -0.4000 0.1730 0.4050
v 0.4000 0.1730 0.4050
v 0.4000 0.1870 0.4050
v -0.4000 0.1870 0.4050
v -0.4000 0.1730 -0.4050
v 0.4000 0.1730 -0.4050
v 0.4000 0.1870 -0.4050
v -0.4000 0.1870 -0.4050
v -0.4000 0.1730 -0.3850
v 0.4000 0.1730 -0.3850
v 0.4000 0.1870 -0.3850
v -0.4000 0.1870 -0.3850
v 0.3850 0.1730 -0.4000
v 0.4050 0.1730 -0.4000
v 0.4050 0.1870 -0.4000
v 0.3850 0.1870 -0.4000
v 0.3850 0.1730 0.4000
v 0.4050 0.1730 0.4000
v 0.4050 0.1870 0.4000
v 0.3850 0.1870 0.4000
v -0.4050 0.1730 -0.4000
v -0.3850 0.1730 -0.4000
v -0.3850 0.1870 -0.4000
v -0.4050 0.1870 -0.4000
v -0.4050 0.1730 0.4000
v -0.3850 0.1730 0.4000
v -0.3850 0.1870 0.4000
v -0.4050 0.1870 0.4000
v -0.4000 0.2130 0.3850
v 0.4000 0.2130 0.3850
v 0.4000 0.2270 0.3850
v -0.4000 0.2270 0.3850
v -0.4000 0.2130 0.4050
v 0.4000 0.2130 0.4050
v 0.4000 0.2270 0.4050
v -0.4000 0.2270 0.4050
v -0.4000 0.2130 -0.4050
v 0.4000 0.2130 -0.4050
v 0.4000 0.2270 -0.4050
v -0.4000 0.2270 -0.4050
v -0.4000 0.2130 -0.3850
v 0.4000 0.2130 -0.3850
v 0.4000 0.2270 -0.3850
v -0.4000 0.2270 -0.3850
v 0.3850 0.2130 -0.4000
v 0.4050 0.2130 -0.4000
v 0.4050 0.2270 -0.4000
v 0.3850 0.2270 -0.4000
v 0.3850 0.2130 0.4000
v 0.4050 0.2130 0.4000
v 0.4050 0.2270 0.4000
v 0.3850 0.2270 0.4000
v -0.4050 0.2130 -0.4000
v -0.3850 0.2130 -0.4000
v -0.3850 0.2270 -0.4000
v -0.4050 0.2270 -0.4000
v -0.4050 0.2130 0.4000
v -0.3850 0.2130 0.4000
v -0.3850 0.2270 0.4000
v -0.4050 0.2270 0.4000
v -0.4000 0.2530 0.3850
v 0.4000 0.2530 0.3850
v 0.4000 0.2670 0.3850
v -0.4000 0.2670 0.3850
v -0.4000 0.2530 0.4050
v 0.4000 0.2530 0.4050
v 0.4000 0.2670 0.4050
v -0.4000 0.2670 0.4050
v -0.4000 0.2530 -0.4050
v 0.4000 0.2530 -0.4050
v 0.4000 0.2670 -0.4050
v -0.4000 0.2670 -0.4050
v -0.4000 0.2530 -0.3850
v 0.4000 0.2530 -0.3850
v 0.4000 0.2670 -0.3850
v -0.4000 0.2670 -0.3850
v 0.3850 0.2530 -0.4000
v 0.4050 0.2530 -0.4000
v 0.4050 0.2670 -0.4000
v 0.3850 0.2670 -0.4000
v 0.3850 0.2530 0.4000
v 0.4050 0.2530 0.4000
v 0.4050 0.2670 0.4000
v 0.3850 0.2670 0.4000
v -0.4050 0.2530 -0.4000
v -0.3850 0.2530 -0.4000
v -0.3850 0.2670 -0.4000
v -0.4050 0.2670 -0.4000
v -0.4050 0.2530 0.4000
v -0.3850 0.2530 0.4000
v -0.3850 0.2670 0.4000
v -0.4050 0.2670 0.4000
v -0.4000 0.2930 0.3850
v 0.4000 0.2930 0.3850
v 0.4000 0.3070 0.3850
v -0.4000 0.3070 0.3850
v -0.4000 0.2930 0.4050
v 0.4000 0.2930 0.4050
v 0.4000 0.3070 0.4050
v -0.4000 0.3070 0.4050
v -0.4000 0.2930 -0.4050
v 0.4000 0.2930 -0.4050
v 0.4000 0.3070 -0.4050
v -0.4000 0.3070 -0.4050
v -0.4000 0.2930 -0.3850
v 0.4000 0.2930 -0.3850
v 0.4000 0.3070 -0.3850
v -0.4000 0.3070 -0.3850
v 0.3850 0.2930 -0.4000
v 0.4050 0.2930 -0.4000
v 0.4050 0.3070 -0.4000
v 0.3850 0.3070 -0.4000
v 0.3850 0.2930 0.4000
v 0.4050 0.2930 0.4000
v 0.4050 0.3070 0.4000
v 0.3850 0.3070 0.4000
v -0.4050 0.2930 -0.4000
v -0.3850 0.2930 -0.4000
v -0.3850 0.3070 -0.4000
v -0.4050 0.3070 -0.4000
v -0.4050 0.2930 0.4000
v -0.3850 0.2930 0.4000
v -0.3850 0.3070 0.4000
v -0.4050 0.3070 0.4000
v -0.4000 0.3330 0.3850
v 0.4000 0.3330 0.3850
v 0.4000 0.3470 0.3850
v -0.4000 0.3470 0.3850
v -0.4000 0.3330 0.4050
v 0.4000 0.3330 0.4050
v 0.4000 0.3470 0.4050
v -0.4000 0.3470 0.4050
v -0.4000 0.3330 -0.4050
v 0.4000 0.3330 -0.4050
v 0.4000 0.3470 -0.4050
v -0.4000 0.3470 -0.4050
v -0.4000 0.3330 -0.3850
v 0.4000 0.3330 -0.3850
v 0.4000 0.3470 -0.3850
v -0.4000 0.3470 -0.3850
v 0.3850 0.3330 -0.4000
v 0.4050 0.3330 -0.4000
v 0.4050 0.3470 -0.4000
v 0.3850 0.3470 -0.4000
v 0.3850 0.3330 0.4000
v 0.4050 0.3330 0.4000
v 0.4050 0.3470 0.4000
v 0.3850 0.3470 0.4000
v -0.4050 0.3330 -0.4000
v -0.3850 0.3330 -0.4000
v -0.3850 0.3470 -0.4000
v -0.4050 0.3470 -0.4000
v -0.4050 0.3330 0.4000
v -0.3850 0.3330 0.4000
v -0.3850 0.3470 0.4000
v -0.4050 0.3470 0.4000
v -0.4000 0.3730 0.3850
v 0.4000 0.3730 0.3850
v 0.4000 0.3870 0.3850
v -0.4000 0.3870 0.3850
v -0.4000 0.3730 0.4050
v 0.4000 0.3730 0.4050
v 0.4000 0.3870 0.4050
v -0.4000 0.3870 0.4050
v -0.4000 0.3730 -0.4050
v 0.4000 0.3730 -0.4050
v 0.4000 0.3870 -0.4050
v -0.4000 0.3870 -0.4050
v -0.4000 0.3730 -0.3850
v 0.4000 0.3730 -0.3850
v 0.4000 0.3870 -0.3850
v -0.4000 0.3870 -0.3850
v 0.3850 0.3730 -0.4000
v 0.4050 0.3730 -0.4000
v 0.4050 0.3870 -0.4000
v 0.3850 0.3870 -0.4000
v 0.3850 0.3730 0.4000
v 0.4050 0.3730 0.4000
v 0.4050 0.3870 0.4000
v 0.3850 0.3870 0.4000
v -0.4050 0.3730 -0.4000
v -0.3850 0.3730 -0.4000
v -0.3850 0.3870 -0.4000
v -0.4050 0.3870 -0.4000
v -0.4050 0.3730 0.4000
v -0.3850 0.3730 0.4000
v -0.3850 0.3870 0.4000
v -0.4050 0.3870 0.4000
v -0.4000 0.4130 0.3850
v 0.4000 0.4130 0.3850
v 0.4000 0.4270 0.3850
v -0.4000 0.4270 0.3850
v -0.4000 0.4130 0.4050
v 0.4000 0.4130 0.4050
v 0.4000 0.4270 0.4050
v -0.4000 0.4270 0.4050
v -0.4000 0.4130 -0.4050
v 0.4000 0.4130 -0.4050
v 0.4000 0.4270 -0.4050
v -0.4000 0.4270 -0.4050
v -0.4000 0.4130 -0.3850
v 0.4000 0.4130 -0.3850
v 0.4000 0.4270 -0.3850
v -0.4000 0.4270 -0.3850
v 0.3850 0.4130 -0.4000
v 0.4050 0.4130 -0.4000
v 0.4050 0.4270 -0.4000
v 0.3850 0.4270 -0.4000
v 0.3850 0.4130 0.4000
v 0.4050 0.4130 0.4000
v 0.4050 0.4270 0.4000
v 0.3850 0.4270 0.4000
v -0.4050 0.4130 -0.4000
v -0.3850 0.4130 -0.4000
v -0.3850 0.4270 -0.4000
v -0.4050 0.4270 -0.4000
v -0.4050 0.4130 0.4000
v -0.3850 0.4130 0.4000
v -0.3850 0.4270 0.4000
v -0.4050 0.4270 0.4000
v -0.4000 0.4530 0.3850
v 0.4000 0.4530 0.3850
v 0.4000 0.4670 0.3850
v -0.4000 0.4670 0.3850
v -0.4000 0.4530 0.4050
v 0.4000 0.4530 0.4050
v 0.4000 0.4670 0.4050
v -0.4000 0.4670 0.4050
v -0.4000 0.4530 -0.4050
v 0.4000 0.4530 -0.4050
v 0.4000 0.4670 -0.4050
v -0.4000 0.4670 -0.4050
v -0.4000 0.4530 -0.3850
v 0.4000 0.4530 -0.3850
v 0.4000 0.4670 -0.3850
v -0.4000 0.4670 -0.3850
v 0.3850 0.4530 -0.4000
v 0.4050 0.4530 -0.4000
v 0.4050 0.4670 -0.4000
v 0.3850 0.4670 -0.4000
v 0.3850 0.4530 0.4000
v 0.4050 0.4530 0.4000
v 0.4050 0.4670 0.4000
v 0.3850 0.4670 0.4000
v -0.4050 0.4530 -0.4000
v -0.3850 0.4530 -0.4000
v -0.3850 0.4670 -0.4000
v -0.4050 0.4670 -0.4000
v -0.4050 0.4530 0.4000
v -0.3850 0.4530 0.4000
v -0.3850 0.4670 0.4000
v -0.4050 0.4670 0.4000
v -0.4000 0.4930 0.3850
v 0.4000 0.4930 0.3850
v 0.4000 0.5070 0.3850
v -0.4000 0.5070 0.3850
v -0.4000 0.4930 0.4050
v 0.4000 0.4930 0.4050
v 0.4000 0.5070 0.4050
v -0.4000 0.5070 0.4050
v -0.4000 0.4930 -0.4050
v 0.4000 0.4930 -0.4050
v 0.4000 0.5070 -0.4050
v -0.4000 0.5070 -0.4050
v -0.4000 0.4930 -0.3850
v 0.4000 0.4930 -0.3850
v 0.4000 0.5070 -0.3850
v -0.4000 0.5070 -0.3850
v 0.3850 0.4930 -0.4000
v 0.4050 0.4930 -0.4000
v 0.4050 0.5070 -0.4000
v 0.3850 0.5070 -0.4000
v 0.3850 0.4930 0.4000
v 0.4050 0.4930 0.4000
v 0.4050 0.5070 0.4000
v 0.3850 0.5070 0.4000
v -0.4050 0.4930 -0.4000
v -0.3850 0.4930 -0.4000
v -0.3850 0.5070 -0.4000
v -0.4050 0.5070 -0.4000
v -0.4050 0.4930 0.4000
v -0.3850 0.4930 0.4000
v -0.3850 0.5070 0.4000
v -0.4050 0.5070 0.4000
v -0.4000 0.5330 0.3850
v 0.4000 0.5330 0.3850
v 0.4000 0.5470 0.3850
v -0.4000 0.5470 0.3850
v -0.4000 0.5330 0.4050
v 0.4000 0.5330 0.4050
v 0.4000 0.5470 0.4050
v -0.4000 0.5470 0.4050
v -0.4000 0.5330 -0.4050
v 0.4000 0.5330 -0.4050
v 0.4000 0.5470 -0.4050
v -0.4000 0.5470 -0.4050
v -0.4000 0.5330 -0.3850
v 0.4000 0.5330 -0.3850
v 0.4000 0.5470 -0.3850
v -0.4000 0.5470 -0.3850
v 0.3850 0.5330 -0.4000
v 0.4050 0.5330 -0.4000
v 0.4050 0.5470 -0.4000
v 0.3850 0.5470 -0.4000
v 0.3850 0.5330 0.4000
v 0.4050 0.5330 0.4000
v 0.4050 0.5470 0.4000
v 0.3850 0.5470 0.4000
v -0.4050 0.5330 -0.4000
v -0.3850 0.5330 -0.4000
v -0.3850 0.5470 -0.4000
v -0.4050 0.5470 -0.4000
v -0.4050 0.5330 0.4000
v -0.3850 0.5330 0.4000
v -0.3850 0.5470 0.4000
v -0.4050 0.5470 0.4000
v -0.4000 0.5730 0.3850
v 0.4000 0.5730 0.3850
v 0.4000 0.5870 0.3850
v -0.4000 0.5870 0.3850
v -0.4000 0.5730 0.4050
v 0.4000 0.5730 0.4050
v 0.4000 0.5870 0.4050
v -0.4000 0.5870 0.4050
v -0.4000 0.5730 -0.4050
v 0.4000 0.5730 -0.4050
v 0.4000 0.5870 -0.4050
v -0.4000 0.5870 -0.4050
v -0.4000 0.5730 -0.3850
v 0.4000 0.5730 -0.3850
v 0.4000 0.5870 -0.3850
v -0.4000 0.5870 -0.3850
v 0.3850 0.5730 -0.4000
v 0.4050 0.5730 -0.4000
v 0.4050 0.5870 -0.4000
v 0.3850 0.5870 -0.4000
v 0.3850 0.5730 0.4000
v 0.4050 0.5730 0.4000
v 0.4050 0.5870 0.4000
v 0.3850 0.5870 0.4000
v -0.4050 0.5730 -0.4000
v -0.3850 0.5730 -0.4000
v -0.3850 0.5870 -0.4000
v -0.4050 0.5870 -0.4000
v -0.4050 0.5730 0.4000
v -0.3850 0.5730 0.4000
v -0.3850 0.5870 0.4000
v -0.4050 0.5870 0.4000
v -0.4000 0.6130 0.3850
v 0.4000 0.6130 0.3850
v 0.4000 0.6270 0.3850
v -0.4000 0.6270 0.3850
v -0.4000 0.6130 0.4050
v 0.4000 0.6130 0.4050
v 0.4000 0.6270 0.4050
v -0.4000 0.6270 0.4050
v -0.4000 0.6130 -0.4050
v 0.4000 0.6130 -0.4050
v 0.4000 0.6270 -0.4050
v -0.4000 0.6270 -0.4050
v -0.4000 0.6130 -0.3850
v 0.4000 0.6130 -0.3850
v 0.4000 0.6270 -0.3850
v -0.4000 0.6270 -0.3850
v 0.3850 0.6130 -0.4000
v 0.4050 0.6130 -0.4000
v 0.4050 0.6270 -0.4000
v 0.3850 0.6270 -0.4000
v 0.3850 0.6130 0.4000
v 0.4050 0.6130 0.4000
v 0.4050 0.6270 0.4000
v 0.3850 0.6270 0.4000
v -0.4050 0.6130 -0.4000
v -0.3850 0.6130 -0.4000
v -0.3850 0.6270 -0.4000
v -0.4050 0.6270 -0.4000
v -0.4050 0.6130 0.4000
v -0.3850 0.6130 0.4000
v -0.3850 0.6270 0.4000
v -0.4050 0.6270 0.4000
v -0.4000 0.6530 0.3850
v 0.4000 0.6530 0.3850
v 0.4000 0.6670 0.3850
v -0.4000 0.6670 0.3850
v -0.4000 0.6530 0.4050
v 0.4000 0.6530 0.4050
v 0.4000 0.6670 0.4050
v -0.4000 0.6670 0.4050
v -0.4000 0.6530 -0.4050
v 0.4000 0.6530 -0.4050
v 0.4000 0.6670 -0.4050
v -0.4000 0.6670 -0.4050
v -0.4000 0.6530 -0.3850
v 0.4000 0.6530 -0.3850
v 0.4000 0.6670 -0.3850
v -0.4000 0.6670 -0.3850
v 0.3850 0.6530 -0.4000
v 0.4050 0.6530 -0.4000
v 0.4050 0.6670 -0.4000
v 0.3850 0.6670 -0.4000
v 0.3850 0.6530 0.4000
v 0.4050 0.6530 0.4000
v 0.4050 0.6670 0.4000
v 0.3850 0.6670 0.4000
v -0.4050 0.6530 -0.4000
v -0.3850 0.6530 -0.4000
v -0.3850 0.6670 -0.4000
v -0.4050 0.6670 -0.4000
v -0.4050 0.6530 0.4000
v -0.3850 0.6530 0.4000
v -0.3850 0.6670 0.4000
v -0.4050 0.6670 0.4000
v -0.4000 0.6930 0.3850
v 0.4000 0.6930 0.3850
v 0.4000 0.7070 0.3850
v -0.4000 0.7070 0.3850
v -0.4000 0.6930 0.4050
v 0.4000 0.6930 0.4050
v 0.4000 0.7070 0.4050
v -0.4000 0.7070 0.4050
v -0.4000 0.6930 -0.4050
v 0.4000 0.6930 -0.4050
v 0.4000 0.7070 -0.4050
v -0.4000 0.7070 -0.4050
v -0.4000 0.6930 -0.3850
v 0.4000 0.6930 -0.3850
v 0.4000 0.7070 -0.3850
v -0.4000 0.7070 -0.3850
v 0.3850 0.6930 -0.4000
v 0.4050 0.6930 -0.4000
v 0.4050 0.7070 -0.4000
v 0.3850 0.7070 -0.4000
v 0.3850 0.6930 0.4000
v 0.4050 0.6930 0.4000
v 0.4050 0.7070 0.4000
v 0.3850 0.7070 0.4000
v -0.4050 0.6930 -0.4000
v -0.3850 0.6930 -0.4000
v -0.3850 0.7070 -0.4000
v -0.4050 0.7070 -0.4000
v -0.4050 0.6930 0.4000
v -0.3850 0.6930 0.4000
v -0.3850 0.7070 0.4000
v -0.4050 0.7070 0.4000
v -0.4000 0.7330 0.3850
v 0.4000 0.7330 0.3850
v 0.4000 0.7470 0.3850
v -0.4000 0.7470 0.3850
v -0.4000 0.7330 0.4050
v 0.4000 0.7330 0.4050
v 0.4000 0.7470 0.4050
v -0.4000 0.7470 0.4050
v -0.4000 0.7330 -0.4050
v 0.4000 0.7330 -0.4050
v 0.4000 0.7470 -0.4050
v -0.4000 0.7470 -0.4050
v -0.4000 0.7330 -0.3850
v 0.4000 0.7330 -0.3850
v 0.4000 0.7470 -0.3850
v -0.4000 0.7470 -0.3850
v 0.3850 0.7330 -0.4000
v 0.4050 0.7330 -0.4000
v 0.4050 0.7470 -0.4000
v 0.3850 0.7470 -0.4000
v 0.3850 0.7330 0.4000
v 0.4050 0.7330 0.4000
v 0.4050 0.7470 0.4000
v 0.3850 0.7470 0.4000
v -0.4050 0.7330 -0.4000
v -0.3850 0.7330 -0.4000
v -0.3850 0.7470 -0.4000
v -0.4050 0.7470 -0.4000
v -0.4050 0.7330 0.4000
v -0.3850 0.7330 0.4000
v -0.3850 0.7470 0.4000
v -0.4050 0.7470 0.4000
v -0.4250 0.0800 -0.4250
v -0.3550 0.0800 -0.4250
v -0.3550 0.8600 -0.4250
v -0.4250 0.8600 -0.4250
v -0.4250 0.0800 -0.3550
v -0.3550 0.0800 -0.3550
v -0.3550 0.8600 -0.3550
v -0.4250 0.8600 -0.3550
v -0.4250 0.0800 0.3550
v -0.3550 0.0800 0.3550
v -0.3550 0.8600 0.3550
v -0.4250 0.8600 0.3550
v -0.4250 0.0800 0.4250
v -0.3550 0.0800 0.4250
v -0.3550 0.8600 0.4250
v -0.4250 0.8600 0.4250
v 0.3550 0.0800 -0.4250
v 0.4250 0.0800 -0.4250
v 0.4250 0.8600 -0.4250
v 0.3550 0.8600 -0.4250
v 0.3550 0.0800 -0.3550
v 0.4250 0.0800 -0.3550
v 0.4250 0.8600 -0.3550
v 0.3550 0.8600 -0.3550
v 0.3550 0.0800 0.3550
v 0.4250 0.0800 0.3550
v 0.4250 0.8600 0.3550
v 0.3550 0.8600 0.3550
v 0.3550 0.0800 0.4250
v 0.4250 0.0800 0.4250
v 0.4250 0.8600 0.4250
v 0.3550 0.8600 0.4250
v 0.1400 0.0800 0.3950
v 0.3800 0.0800 0.3950
v 0.3800 0.8600 0.3950
v 0.1400 0.8600 0.3950
v 0.1400 0.0800 0.4150
v 0.3800 0.0800 0.4150
v 0.3800 0.8600 0.4150
v 0.1400 0.8600 0.4150
v 0.1900 0.5750 0.4155
v 0.3300 0.5750 0.4155
v 0.3300 0.6650 0.4155
v 0.1900 0.6650 0.4155
v 0.1900 0.5750 0.4185
v 0.3300 0.5750 0.4185
v 0.3300 0.6650 0.4185
v 0.1900 0.6650 0.4185
v 0.2100 0.6360 0.4180
v 0.3100 0.6360 0.4180
v 0.3100 0.6440 0.4180
v 0.2100 0.6440 0.4180
v 0.2100 0.6360 0.4200
v 0.3100 0.6360 0.4200
v 0.3100 0.6440 0.4200
v 0.2100 0.6440 0.4200
v 0.2150 0.6070 0.4180
v 0.3050 0.6070 0.4180
v 0.3050 0.6130 0.4180
v 0.2150 0.6130 0.4180
v 0.2150 0.6070 0.4200
v 0.3050 0.6070 0.4200
v 0.3050 0.6130 0.4200
v 0.2150 0.6130 0.4200
v 0.2100 0.3850 0.4155
v 0.3100 0.3850 0.4155
v 0.3100 0.4150 0.4155
v 0.2100 0.4150 0.4155
v 0.2100 0.3850 0.4185
v 0.3100 0.3850 0.4185
v 0.3100 0.4150 0.4185
v 0.2100 0.4150 0.4185
v 0.1660 0.1200 0.4180
v 0.1660 0.1200 0.4140
v 0.1642 0.1242 0.4180
v 0.1642 0.1242 0.4140
v 0.1600 0.1260 0.4180
v 0.1600 0.1260 0.4140
v 0.1558 0.1242 0.4180
v 0.1558 0.1242 0.4140
v 0.1540 0.1200 0.4180
v 0.1540 0.1200 0.4140
v 0.1558 0.1158 0.4180
v 0.1558 0.1158 0.4140
v 0.1600 0.1140 0.4180
v 0.1600 0.1140 0.4140
v 0.1642 0.1158 0.4180
v 0.1642 0.1158 0.4140
v 0.1600 0.1200 0.4180
v 0.1600 0.1200 0.4140
v 0.3660 0.1200 0.4180
v 0.3660 0.1200 0.4140
v 0.3642 0.1242 0.4180
v 0.3642 0.1242 0.4140
v 0.3600 0.1260 0.4180
v 0.3600 0.1260 0.4140
v 0.3558 0.1242 0.4180
v 0.3558 0.1242 0.4140
v 0.3540 0.1200 0.4180
v 0.3540 0.1200 0.4140
v 0.3558 0.1158 0.4180
v 0.3558 0.1158 0.4140
v 0.3600 0.1140 0.4180
v 0.3600 0.1140 0.4140
v 0.3642 0.1158 0.4180
v 0.3642 0.1158 0.4140
v 0.3600 0.1200 0.4180
v 0.3600 0.1200 0.4140
v 0.1660 0.8200 0.4180
v 0.1660 0.8200 0.4140
v 0.1642 0.8242 0.4180
v 0.1642 0.8242 0.4140
v 0.1600 0.8260 0.4180
v 0.1600 0.8260 0.4140
v 0.1558 0.8242 0.4180
v 0.1558 0.8242 0.4140
v 0.1540 0.8200 0.4180
v 0.1540 0.8200 0.4140
v 0.1558 0.8158 0.4180
v 0.1558 0.8158 0.4140
v 0.1600 0.8140 0.4180
v 0.1600 0.8140 0.4140
v 0.1642 0.8158 0.4180
v 0.1642 0.8158 0.4140
v 0.1600 0.8200 0.4180
v 0.1600 0.8200 0.4140
v 0.3660 0.8200 0.4180
v 0.3660 0.8200 0.4140
v 0.3642 0.8242 0.4180
v 0.3642 0.8242 0.4140
v 0.3600 0.8260 0.4180
v 0.3600 0.8260 0.4140
v 0.3558 0.8242 0.4180
v 0.3558 0.8242 0.4140
v 0.3540 0.8200 0.4180
v 0.3540 0.8200 0.4140
v 0.3558 0.8158 0.4180
v 0.3558 0.8158 0.4140
v 0.3600 0.8140 0.4180
v 0.3600 0.8140 0.4140
v 0.3642 0.8158 0.4180
v 0.3642 0.8158 0.4140
v 0.3600 0.8200 0.4180
v 0.3600 0.8200 0.4140
v -0.4400 0.8200 0.3000
v 0.4400 0.8200 0.3000
v 0.4400 0.8700 0.3000
v -0.4400 0.8700 0.3000
v -0.4400 0.8200 0.4400
v 0.4400 0.8200 0.4400
v 0.4400 0.8700 0.4400
v -0.4400 0.8700 0.4400
v -0.4400 0.8200 -0.4400
v 0.4400 0.8200 -0.4400
v 0.4400 0.8700 -0.4400
v -0.4400 0.8700 -0.4400
v -0.4400 0.8200 -0.3000
v 0.4400 0.8200 -0.3000
v 0.4400 0.8700 -0.3000
v -0.4400 0.8700 -0.3000
v 0.3000 0.8200 -0.4400
v 0.4400 0.8200 -0.4400
v 0.4400 0.8700 -0.4400
v 0.3000 0.8700 -0.4400
v 0.3000 0.8200 0.4400
v 0.4400 0.8200 0.4400
v 0.4400 0.8700 0.4400
v 0.3000 0.8700 0.4400
v -0.4400 0.8200 -0.4400
v -0.3000 0.8200 -0.4400
v -0.3000 0.8700 -0.4400
v -0.4400 0.8700 -0.4400
v -0.4400 0.8200 0.4400
v -0.3000 0.8200 0.4400
v -0.3000 0.8700 0.4400
v -0.4400 0.8700 0.4400
v -0.3300 0.8160 -0.3300
v 0.3300 0.8160 -0.3300
v 0.3300 0.8280 -0.3300
v -0.3300 0.8280 -0.3300
v -0.3300 0.8160 0.3300
v 0.3300 0.8160 0.3300
v 0.3300 0.8280 0.3300
v -0.3300 0.8280 0.3300
v 0.3100 0.8750 0.0000
v 0.3100 0.8250 0.0000
v 0.3040 0.8750 0.0605
v 0.3040 0.8250 0.0605
v 0.2864 0.8750 0.1186
v 0.2864 0.8250 0.1186
v 0.2578 0.8750 0.1722
v 0.2578 0.8250 0.1722
v 0.2192 0.8750 0.2192
v 0.2192 0.8250 0.2192
v 0.1722 0.8750 0.2578
v 0.1722 0.8250 0.2578
v 0.1186 0.8750 0.2864
v 0.1186 0.8250 0.2864
v 0.0605 0.8750 0.3040
v 0.0605 0.8250 0.3040
v 0.0000 0.8750 0.3100
v 0.0000 0.8250 0.3100
v -0.0605 0.8750 0.3040
v -0.0605 0.8250 0.3040
v -0.1186 0.8750 0.2864
v -0.1186 0.8250 0.2864
v -0.1722 0.8750 0.2578
v -0.1722 0.8250 0.2578
v -0.2192 0.8750 0.2192
v -0.2192 0.8250 0.2192
v -0.2578 0.8750 0.1722
v -0.2578 0.8250 0.1722
v -0.2864 0.8750 0.1186
v -0.2864 0.8250 0.1186
v -0.3040 0.8750 0.0605
v -0.3040 0.8250 0.0605
v -0.3100 0.8750 0.0000
v -0.3100 0.8250 0.0000
v -0.3040 0.8750 -0.0605
v -0.3040 0.8250 -0.0605
v -0.2864 0.8750 -0.1186
v -0.2864 0.8250 -0.1186
v -0.2578 0.8750 -0.1722
v -0.2578 0.8250 -0.1722
v -0.2192 0.8750 -0.2192
v -0.2192 0.8250 -0.2192
v -0.1722 0.8750 -0.2578
v -0.1722 0.8250 -0.2578
v -0.1186 0.8750 -0.2864
v -0.1186 0.8250 -0.2864
v -0.0605 0.8750 -0.3040
v -0.0605 0.8250 -0.3040
v -0.0000 0.8750 -0.3100
v -0.0000 0.8250 -0.3100
v 0.0605 0.8750 -0.3040
v 0.0605 0.8250 -0.3040
v 0.1186 0.8750 -0.2864
v 0.1186 0.8250 -0.2864
v 0.1722 0.8750 -0.2578
v 0.1722 0.8250 -0.2578
v 0.2192 0.8750 -0.2192
v 0.2192 0.8250 -0.2192
v 0.2578 0.8750 -0.1722
v 0.2578 0.8250 -0.1722
v 0.2864 0.8750 -0.1186
v 0.2864 0.8250 -0.1186
v 0.3040 0.8750 -0.0605
v 0.3040 0.8250 -0.0605
v 0.0550 0.8625 0.0000
v 0.0550 0.8175 0.0000
v 0.0496 0.8625 0.0239
v 0.0496 0.8175 0.0239
v 0.0343 0.8625 0.0430
v 0.0343 0.8175 0.0430
v 0.0122 0.8625 0.0536
v 0.0122 0.8175 0.0536
v -0.0122 0.8625 0.0536
v -0.0122 0.8175 0.0536
v -0.0343 0.8625 0.0430
v -0.0343 0.8175 0.0430
v -0.0496 0.8625 0.0239
v -0.0496 0.8175 0.0239
v -0.0550 0.8625 0.0000
v -0.0550 0.8175 0.0000
v -0.0496 0.8625 -0.0239
v -0.0496 0.8175 -0.0239
v -0.0343 0.8625 -0.0430
v -0.0343 0.8175 -0.0430
v -0.0122 0.8625 -0.0536
v -0.0122 0.8175 -0.0536
v 0.0122 0.8625 -0.0536
v 0.0122 0.8175 -0.0536
v 0.0343 0.8625 -0.0430
v 0.0343 0.8175 -0.0430
v 0.0496 0.8625 -0.0239
v 0.0496 0.8175 -0.0239
v 0.0000 0.8625 0.0000
v 0.0000 0.8175 0.0000
v 0.0500 0.8360 -0.0450
v 0.2700 0.8360 -0.0450
v 0.2700 0.8440 -0.0450
v 0.0500 0.8440 -0.0450
v 0.0500 0.8360 0.0450
v 0.2700 0.8360 0.0450
v 0.2700 0.8440 0.0450
v 0.0500 0.8440 0.0450
v -0.0640 0.8360 -0.0208
v -0.1740 0.8360 -0.2113
v -0.1740 0.8440 -0.2113
v -0.0640 0.8440 -0.0208
v 0.0140 0.8360 -0.0658
v -0.0960 0.8360 -0.2563
v -0.0960 0.8440 -0.2563
v 0.0140 0.8440 -0.0658
v 0.0140 0.8360 0.0658
v -0.0960 0.8360 0.2563
v -0.0960 0.8440 0.2563
v 0.0140 0.8440 0.0658
v -0.0640 0.8360 0.0208
v -0.1740 0.8360 0.2113
v -0.1740 0.8440 0.2113
v -0.0640 0.8440 0.0208
v 0.0840 0.8770 0.0000
v 0.0820 0.8805 0.0000
v 0.0780 0.8805 0.0000
v 0.0760 0.8770 0.0000
v 0.0780 0.8735 0.0000
v 0.0820 0.8735 0.0000
v 0.0824 0.8770 0.0164
v 0.0804 0.8805 0.0160
v 0.0765 0.8805 0.0152
v 0.0745 0.8770 0.0148
v 0.0765 0.8735 0.0152
v 0.0804 0.8735 0.0160
v 0.0776 0.8770 0.0321
v 0.0758 0.8805 0.0314
v 0.0721 0.8805 0.0298
v 0.0702 0.8770 0.0291
v 0.0721 0.8735 0.0298
v 0.0758 0.8735 0.0314
v 0.0698 0.8770 0.0467
v 0.0682 0.8805 0.0456
v 0.0649 0.8805 0.0433
v 0.0632 0.8770 0.0422
v 0.0649 0.8735 0.0433
v 0.0682 0.8735 0.0456
v 0.0594 0.8770 0.0594
v 0.0580 0.8805 0.0580
v 0.0552 0.8805 0.0552
v 0.0537 0.8770 0.0537
v 0.0552 0.8735 0.0552
v 0.0580 0.8735 0.0580
v 0.0467 0.8770 0.0698
v 0.0456 0.8805 0.0682
v 0.0433 0.8805 0.0649
v 0.0422 0.8770 0.0632
v 0.0433 0.8735 0.0649
v 0.0456 0.8735 0.0682
v 0.0321 0.8770 0.0776
v 0.0314 0.8805 0.0758
v 0.0298 0.8805 0.0721
v 0.0291 0.8770 0.0702
v 0.0298 0.8735 0.0721
v 0.0314 0.8735 0.0758
v 0.0164 0.8770 0.0824
v 0.0160 0.8805 0.0804
v 0.0152 0.8805 0.0765
v 0.0148 0.8770 0.0745
v 0.0152 0.8735 0.0765
v 0.0160 0.8735 0.0804
v 0.0000 0.8770 0.0840
v 0.0000 0.8805 0.0820
v 0.0000 0.8805 0.0780
v 0.0000 0.8770 0.0760
v 0.0000 0.8735 0.0780
v 0.0000 0.8735 0.0820
v -0.0164 0.8770 0.0824
v -0.0160 0.8805 0.0804
v -0.0152 0.8805 0.0765
v -0.0148 0.8770 0.0745
v -0.0152 0.8735 0.0765
v -0.0160 0.8735 0.0804
v -0.0321 0.8770 0.0776
v -0.0314 0.8805 0.0758
v -0.0298 0.8805 0.0721
v -0.0291 0.8770 0.0702
v -0.0298 0.8735 0.0721
v -0.0314 0.8735 0.0758
v -0.0467 0.8770 0.0698
v -0.0456 0.8805 0.0682
v -0.0433 0.8805 0.0649
v -0.0422 0.8770 0.0632
v -0.0433 0.8735 0.0649
v -0.0456 0.8735 0.0682
v -0.0594 0.8770 0.0594
v -0.0580 0.8805 0.0580
v -0.0552 0.8805 0.0552
v -0.0537 0.8770 0.0537
v -0.0552 0.8735 0.0552
v -0.0580 0.8735 0.0580
v -0.0698 0.8770 0.0467
v -0.0682 0.8805 0.0456
v -0.0649 0.8805 0.0433
v -0.0632 0.8770 0.0422
v -0.0649 0.8735 0.0433
v -0.0682 0.8735 0.0456
v -0.0776 0.8770 0.0321
v -0.0758 0.8805 0.0314
v -0.0721 0.8805 0.0298
v -0.0702 0.8770 0.0291
v -0.0721 0.8735 0.0298
v -0.0758 0.8735 0.0314
v -0.0824 0.8770 0.0164
v -0.0804 0.8805 0.0160
v -0.0765 0.8805 0.0152
v -0.0745 0.8770 0.0148
v -0.0765 0.8735 0.0152
v -0.0804 0.8735 0.0160
v -0.0840 0.8770 0.0000
v -0.0820 0.8805 0.0000
v -0.0780 0.8805 0.0000
v -0.0760 0.8770 0.0000
v -0.0780 0.8735 0.0000
v -0.0820 0.8735 0.0000
v -0.0824 0.8770 -0.0164
v -0.0804 0.8805 -0.0160
v -0.0765 0.8805 -0.0152
v -0.0745 0.8770 -0.0148
v -0.0765 0.8735 -0.0152
v -0.0804 0.8735 -0.0160
v -0.0776 0.8770 -0.0321
v -0.0758 0.8805 -0.0314
v -0.0721 0.8805 -0.0298
v -0.0702 0.8770 -0.0291
v -0.0721 0.8735 -0.0298
v -0.0758 0.8735 -0.0314
v -0.0698 0.8770 -0.0467
v -0.0682 0.8805 -0.0456
v -0.0649 0.8805 -0.0433
v -0.0632 0.8770 -0.0422
v -0.0649 0.8735 -0.0433
v -0.0682 0.8735 -0.0456
v -0.0594 0.8770 -0.0594
v -0.0580 0.8805 -0.0580
v -0.0552 0.8805 -0.0552
v -0.0537 0.8770 -0.0537
v -0.0552 0.8735 -0.0552
v -0.0580 0.8735 -0.0580
v -0.0467 0.8770 -0.0698
v -0.0456 0.8805 -0.0682
v -0.0433 0.8805 -0.0649
v -0.0422 0.8770 -0.0632
v -0.0433 0.8735 -0.0649
v -0.0456 0.8735 -0.0682
v -0.0321 0.8770 -0.0776
v -0.0314 0.8805 -0.0758
v -0.0298 0.8805 -0.0721
v -0.0291 0.8770 -0.0702
v -0.0298 0.8735 -0.0721
v -0.0314 0.8735 -0.0758
v -0.0164 0.8770 -0.0824
v -0.0160 0.8805 -0.0804
v -0.0152 0.8805 -0.0765
v -0.0148 0.8770 -0.0745
v -0.0152 0.8735 -0.0765
v -0.0160 0.8735 -0.0804
v -0.0000 0.8770 -0.0840
v -0.0000 0.8805 -0.0820
v -0.0000 0.8805 -0.0780
v -0.0000 0.8770 -0.0760
v -0.0000 0.8735 -0.0780
v -0.0000 0.8735 -0.0820
v 0.0164 0.8770 -0.0824
v 0.0160 0.8805 -0.0804
v 0.0152 0.8805 -0.0765
v 0.0148 0.8770 -0.0745
v 0.0152 0.8735 -0.0765
v 0.0160 0.8735 -0.0804
v 0.0321 0.8770 -0.0776
v 0.0314 0.8805 -0.0758
v 0.0298 0.8805 -0.0721
v 0.0291 0.8770 -0.0702
v 0.0298 0.8735 -0.0721
v 0.0314 0.8735 -0.0758
v 0.0467 0.8770 -0.0698
v 0.0456 0.8805 -0.0682
v 0.0433 0.8805 -0.0649
v 0.0422 0.8770 -0.0632
v 0.0433 0.8735 -0.0649
v 0.0456 0.8735 -0.0682
v 0.0594 0.8770 -0.0594
v 0.0580 0.8805 -0.0580
v 0.0552 0.8805 -0.0552
v 0.0537 0.8770 -0.0537
v 0.0552 0.8735 -0.0552
v 0.0580 0.8735 -0.0580
v 0.0698 0.8770 -0.0467
v 0.0682 0.8805 -0.0456
v 0.0649 0.8805 -0.0433
v 0.0632 0.8770 -0.0422
v 0.0649 0.8735 -0.0433
v 0.0682 0.8735 -0.0456
v 0.0776 0.8770 -0.0321
v 0.0758 0.8805 -0.0314
v 0.0721 0.8805 -0.0298
v 0.0702 0.8770 -0.0291
v 0.0721 0.8735 -0.0298
v 0.0758 0.8735 -0.0314
v 0.0824 0.8770 -0.0164
v 0.0804 0.8805 -0.0160
v 0.0765 0.8805 -0.0152
v 0.0745 0.8770 -0.0148
v 0.0765 0.8735 -0.0152
v 0.0804 0.8735 -0.0160
v 0.1440 0.8770 0.0000
v 0.1420 0.8805 0.0000
v 0.1380 0.8805 0.0000
v 0.1360 0.8770 0.0000
v 0.1380 0.8735 0.0000
v 0.1420 0.8735 0.0000
v 0.1412 0.8770 0.0281
v 0.1393 0.8805 0.0277
v 0.1353 0.8805 0.0269
v 0.1334 0.8770 0.0265
v 0.1353 0.8735 0.0269
v 0.1393 0.8735 0.0277
v 0.1330 0.8770 0.0551
v 0.1312 0.8805 0.0543
v 0.1275 0.8805 0.0528
v 0.1256 0.8770 0.0520
v 0.1275 0.8735 0.0528
v 0.1312 0.8735 0.0543
v 0.1197 0.8770 0.0800
v 0.1181 0.8805 0.0789
v 0.1147 0.8805 0.0767
v 0.1131 0.8770 0.0756
v 0.1147 0.8735 0.0767
v 0.1181 0.8735 0.0789
v 0.1018 0.8770 0.1018
v 0.1004 0.8805 0.1004
v 0.0976 0.8805 0.0976
v 0.0962 0.8770 0.0962
v 0.0976 0.8735 0.0976
v 0.1004 0.8735 0.1004
v 0.0800 0.8770 0.1197
v 0.0789 0.8805 0.1181
v 0.0767 0.8805 0.1147
v 0.0756 0.8770 0.1131
v 0.0767 0.8735 0.1147
v 0.0789 0.8735 0.1181
v 0.0551 0.8770 0.1330
v 0.0543 0.8805 0.1312
v 0.0528 0.8805 0.1275
v 0.0520 0.8770 0.1256
v 0.0528 0.8735 0.1275
v 0.0543 0.8735 0.1312
v 0.0281 0.8770 0.1412
v 0.0277 0.8805 0.1393
v 0.0269 0.8805 0.1353
v 0.0265 0.8770 0.1334
v 0.0269 0.8735 0.1353
v 0.0277 0.8735 0.1393
v 0.0000 0.8770 0.1440
v 0.0000 0.8805 0.1420
v 0.0000 0.8805 0.1380
v 0.0000 0.8770 0.1360
v 0.0000 0.8735 0.1380
v 0.0000 0.8735 0.1420
v -0.0281 0.8770 0.1412
v -0.0277 0.8805 0.1393
v -0.0269 0.8805 0.1353
v -0.0265 0.8770 0.1334
v -0.0269 0.8735 0.1353
v -0.0277 0.8735 0.1393
v -0.0551 0.8770 0.1330
v -0.0543 0.8805 0.1312
v -0.0528 0.8805 0.1275
v -0.0520 0.8770 0.1256
v -0.0528 0.8735 0.1275
v -0.0543 0.8735 0.1312
v -0.0800 0.8770 0.1197
v -0.0789 0.8805 0.1181
v -0.0767 0.8805 0.1147
v -0.0756 0.8770 0.1131
v -0.0767 0.8735 0.1147
v -0.0789 0.8735 0.1181
v -0.1018 0.8770 0.1018
v -0.1004 0.8805 0.1004
v -0.0976 0.8805 0.0976
v -0.0962 0.8770 0.0962
v -0.0976 0.8735 0.0976
v -0.1004 0.8735 0.1004
v -0.1197 0.8770 0.0800
v -0.1181 0.8805 0.0789
v -0.1147 0.8805 0.0767
v -0.1131 0.8770 0.0756
v -0.1147 0.8735 0.0767
v -0.1181 0.8735 0.0789
v -0.1330 0.8770 0.0551
v -0.1312 0.8805 0.0543
v -0.1275 0.8805 0.0528
v -0.1256 0.8770 0.0520
v -0.1275 0.8735 0.0528
v -0.1312 0.8735 0.0543
v -0.1412 0.8770 0.0281
v -0.1393 0.8805 0.0277
v -0.1353 0.8805 0.0269
v -0.1334 0.8770 0.0265
v -0.1353 0.8735 0.0269
v -0.1393 0.8735 0.0277
v -0.1440 0.8770 0.0000
v -0.1420 0.8805 0.0000
v -0.1380 0.8805 0.0000
v -0.1360 0.8770 0.0000
v -0.1380 0.8735 0.0000
v -0.1420 0.8735 0.0000
v -0.1412 0.8770 -0.0281
v -0.1393 0.8805 -0.0277
v -0.1353 0.8805 -0.0269
v -0.1334 0.8770 -0.0265
v -0.1353 0.8735 -0.0269
v -0.1393 0.8735 -0.0277
v -0.1330 0.8770 -0.0551
v -0.1312 0.8805 -0.0543
v -0.1275 0.8805 -0.0528
v -0.1256 0.8770 -0.0520
v -0.1275 0.8735 -0.0528
v -0.1312 0.8735 -0.0543
v -0.1197 0.8770 -0.0800
v -0.1181 0.8805 -0.0789
v -0.1147 0.8805 -0.0767
v -0.1131 0.8770 -0.0756
v -0.1147 0.8735 -0.0767
v -0.1181 0.8735 -0.0789
v -0.1018 0.8770 -0.1018
v -0.1004 0.8805 -0.1004
v -0.0976 0.8805 -0.0976
v -0.0962 0.8770 -0.0962
v -0.0976 0.8735 -0.0976
v -0.1004 0.8735 -0.1004
v -0.0800 0.8770 -0.1197
v -0.0789 0.8805 -0.1181
v -0.0767 0.8805 -0.1147
v -0.0756 0.8770 -0.1131
v -0.0767 0.8735 -0.1147
v -0.0789 0.8735 -0.1181
v -0.0551 0.8770 -0.1330
v -0.0543 0.8805 -0.1312
v -0.0528 0.8805 -0.1275
v -0.0520 0.8770 -0.1256
v -0.0528 0.8735 -0.1275
v -0.0543 0.8735 -0.1312
v -0.0281 0.8770 -0.1412
v -0.0277 0.8805 -0.1393
v -0.0269 0.8805 -0.1353
v -0.0265 0.8770 -0.1334
v -0.0269 0.8735 -0.1353
v -0.0277 0.8735 -0.1393
v -0.0000 0.8770 -0.1440
v -0.0000 0.8805 -0.1420
v -0.0000 0.8805 -0.1380
v -0.0000 0.8770 -0.1360
v -0.0000 0.8735 -0.1380
v -0.0000 0.8735 -0.1420
v 0.0281 0.8770 -0.1412
v 0.0277 0.8805 -0.1393
v 0.0269 0.8805 -0.1353
v 0.0265 0.8770 -0.1334
v 0.0269 0.8735 -0.1353
v 0.0277 0.8735 -0.1393
v 0.0551 0.8770 -0.1330
v 0.0543 0.8805 -0.1312
v 0.0528 0.8805 -0.1275
v 0.0520 0.8770 -0.1256
v 0.0528 0.8735 -0.1275
v 0.0543 0.8735 -0.1312
v 0.0800 0.8770 -0.1197
v 0.0789 0.8805 -0.1181
v 0.0767 0.8805 -0.1147
v 0.0756 0.8770 -0.1131
v 0.0767 0.8735 -0.1147
v 0.0789 0.8735 -0.1181
v 0.1018 0.8770 -0.1018
v 0.1004 0.8805 -0.1004
v 0.0976 0.8805 -0.0976
v 0.0962 0.8770 -0.0962
v 0.0976 0.8735 -0.0976
v 0.1004 0.8735 -0.1004
v 0.1197 0.8770 -0.0800
v 0.1181 0.8805 -0.0789
v 0.1147 0.8805 -0.0767
v 0.1131 0.8770 -0.0756
v 0.1147 0.8735 -0.0767
v 0.1181 0.8735 -0.0789
v 0.1330 0.8770 -0.0551
v 0.1312 0.8805 -0.0543
v 0.1275 0.8805 -0.0528
v 0.1256 0.8770 -0.0520
v 0.1275 0.8735 -0.0528
v 0.1312 0.8735 -0.0543
v 0.1412 0.8770 -0.0281
v 0.1393 0.8805 -0.0277
v 0.1353 0.8805 -0.0269
v 0.1334 0.8770 -0.0265
v 0.1353 0.8735 -0.0269
v 0.1393 0.8735 -0.0277
v 0.2040 0.8770 0.0000
v 0.2020 0.8805 0.0000
v 0.1980 0.8805 0.0000
v 0.1960 0.8770 0.0000
v 0.1980 0.8735 0.0000
v 0.2020 0.8735 0.0000
v 0.2001 0.8770 0.0398
v 0.1981 0.8805 0.0394
v 0.1942 0.8805 0.0386
v 0.1922 0.8770 0.0382
v 0.1942 0.8735 0.0386
v 0.1981 0.8735 0.0394
v 0.1885 0.8770 0.0781
v 0.1866 0.8805 0.0773
v 0.1829 0.8805 0.0758
v 0.1811 0.8770 0.0750
v 0.1829 0.8735 0.0758
v 0.1866 0.8735 0.0773
v 0.1696 0.8770 0.1133
v 0.1680 0.8805 0.1122
v 0.1646 0.8805 0.1100
v 0.1630 0.8770 0.1089
v 0.1646 0.8735 0.1100
v 0.1680 0.8735 0.1122
v 0.1442 0.8770 0.1442
v 0.1428 0.8805 0.1428
v 0.1400 0.8805 0.1400
v 0.1386 0.8770 0.1386
v 0.1400 0.8735 0.1400
v 0.1428 0.8735 0.1428
v 0.1133 0.8770 0.1696
v 0.1122 0.8805 0.1680
v 0.1100 0.8805 0.1646
v 0.1089 0.8770 0.1630
v 0.1100 0.8735 0.1646
v 0.1122 0.8735 0.1680
v 0.0781 0.8770 0.1885
v 0.0773 0.8805 0.1866
v 0.0758 0.8805 0.1829
v 0.0750 0.8770 0.1811
v 0.0758 0.8735 0.1829
v 0.0773 0.8735 0.1866
v 0.0398 0.8770 0.2001
v 0.0394 0.8805 0.1981
v 0.0386 0.8805 0.1942
v 0.0382 0.8770 0.1922
v 0.0386 0.8735 0.1942
v 0.0394 0.8735 0.1981
v 0.0000 0.8770 0.2040
v 0.0000 0.8805 0.2020
v 0.0000 0.8805 0.1980
v 0.0000 0.8770 0.1960
v 0.0000 0.8735 0.1980
v 0.0000 0.8735 0.2020
v -0.0398 0.8770 0.2001
v -0.0394 0.8805 0.1981
v -0.0386 0.8805 0.1942
v -0.0382 0.8770 0.1922
v -0.0386 0.8735 0.1942
v -0.0394 0.8735 0.1981
v -0.0781 0.8770 0.1885
v -0.0773 0.8805 0.1866
v -0.0758 0.8805 0.1829
v -0.0750 0.8770 0.1811
v -0.0758 0.8735 0.1829
v -0.0773 0.8735 0.1866
v -0.1133 0.8770 0.1696
v -0.1122 0.8805 0.1680
v -0.1100 0.8805 0.1646
v -0.1089 0.8770 0.1630
v -0.1100 0.8735 0.1646
v -0.1122 0.8735 0.1680
v -0.1442 0.8770 0.1442
v -0.1428 0.8805 0.1428
v -0.1400 0.8805 0.1400
v -0.1386 0.8770 0.1386
v -0.1400 0.8735 0.1400
v -0.1428 0.8735 0.1428
v -0.1696 0.8770 0.1133
v -0.1680 0.8805 0.1122
v -0.1646 0.8805 0.1100
v -0.1630 0.8770 0.1089
v -0.1646 0.8735 0.1100
v -0.1680 0.8735 0.1122
v -0.1885 0.8770 0.0781
v -0.1866 0.8805 0.0773
v -0.1829 0.8805 0.0758
v -0.1811 0.8770 0.0750
v -0.1829 0.8735 0.0758
v -0.1866 0.8735 0.0773
v -0.2001 0.8770 0.0398
v -0.1981 0.8805 0.0394
v -0.1942 0.8805 0.0386
v -0.1922 0.8770 0.0382
v -0.1942 0.8735 0.0386
v -0.1981 0.8735 0.0394
v -0.2040 0.8770 0.0000
v -0.2020 0.8805 0.0000
v -0.1980 0.8805 0.0000
v -0.1960 0.8770 0.0000
v -0.1980 0.8735 0.0000
v -0.2020 0.8735 0.0000
v -0.2001 0.8770 -0.0398
v -0.1981 0.8805 -0.0394
v -0.1942 0.8805 -0.0386
v -0.1922 0.8770 -0.0382
v -0.1942 0.8735 -0.0386
v -0.1981 0.8735 -0.0394
v -0.1885 0.8770 -0.0781
v -0.1866 0.8805 -0.0773
v -0.1829 0.8805 -0.0758
v -0.1811 0.8770 -0.0750
v -0.1829 0.8735 -0.0758
v -0.1866 0.8735 -0.0773
v -0.1696 0.8770 -0.1133
v -0.1680 0.8805 -0.1122
v -0.1646 0.8805 -0.1100
v -0.1630 0.8770 -0.1089
v -0.1646 0.8735 -0.1100
v -0.1680 0.8735 -0.1122
v -0.1442 0.8770 -0.1442
v -0.1428 0.8805 -0.1428
v -0.1400 0.8805 -0.1400
v -0.1386 0.8770 -0.1386
v -0.1400 0.8735 -0.1400
v -0.1428 0.8735 -0.1428
v -0.1133 0.8770 -0.1696
v -0.1122 0.8805 -0.1680
v -0.1100 0.8805 -0.1646
v -0.1089 0.8770 -0.1630
v -0.1100 0.8735 -0.1646
v -0.1122 0.8735 -0.1680
v -0.0781 0.8770 -0.1885
v -0.0773 0.8805 -0.1866
v -0.0758 0.8805 -0.1829
v -0.0750 0.8770 -0.1811
v -0.0758 0.8735 -0.1829
v -0.0773 0.8735 -0.1866
v -0.0398 0.8770 -0.2001
v -0.0394 0.8805 -0.1981
v -0.0386 0.8805 -0.1942
v -0.0382 0.8770 -0.1922
v -0.0386 0.8735 -0.1942
v -0.0394 0.8735 -0.1981
v -0.0000 0.8770 -0.2040
v -0.0000 0.8805 -0.2020
v -0.0000 0.8805 -0.1980
v -0.0000 0.8770 -0.1960
v -0.0000 0.8735 -0.1980
v -0.0000 0.8735 -0.2020
v 0.0398 0.8770 -0.2001
v 0.0394 0.8805 -0.1981
v 0.0386 0.8805 -0.1942
v 0.0382 0.8770 -0.1922
v 0.0386 0.8735 -0.1942
v 0.0394 0.8735 -0.1981
v 0.0781 0.8770 -0.1885
v 0.0773 0.8805 -0.1866
v 0.0758 0.8805 -0.1829
v 0.0750 0.8770 -0.1811
v 0.0758 0.8735 -0.1829
v 0.0773 0.8735 -0.1866
v 0.1133 0.8770 -0.1696
v 0.1122 0.8805 -0.1680
v 0.1100 0.8805 -0.1646
v 0.1089 0.8770 -0.1630
v 0.1100 0.8735 -0.1646
v 0.1122 0.8735 -0.1680
v 0.1442 0.8770 -0.1442
v 0.1428 0.8805 -0.1428
v 0.1400 0.8805 -0.1400
v 0.1386 0.8770 -0.1386
v 0.1400 0.8735 -0.1400
v 0.1428 0.8735 -0.1428
v 0.1696 0.8770 -0.1133
v 0.1680 0.8805 -0.1122
v 0.1646 0.8805 -0.1100
v 0.1630 0.8770 -0.1089
v 0.1646 0.8735 -0.1100
v 0.1680 0.8735 -0.1122
v 0.1885 0.8770 -0.0781
v 0.1866 0.8805 -0.0773
v 0.1829 0.8805 -0.0758
v 0.1811 0.8770 -0.0750
v 0.1829 0.8735 -0.0758
v 0.1866 0.8735 -0.0773
v 0.2001 0.8770 -0.0398
v 0.1981 0.8805 -0.0394
v 0.1942 0.8805 -0.0386
v 0.1922 0.8770 -0.0382
v 0.1942 0.8735 -0.0386
v 0.1981 0.8735 -0.0394
v 0.2640 0.8770 0.0000
v 0.2620 0.8805 0.0000
v 0.2580 0.8805 0.0000
v 0.2560 0.8770 0.0000
v 0.2580 0.8735 0.0000
v 0.2620 0.8735 0.0000
v 0.2589 0.8770 0.0515
v 0.2570 0.8805 0.0511
v 0.2530 0.8805 0.0503
v 0.2511 0.8770 0.0499
v 0.2530 0.8735 0.0503
v 0.2570 0.8735 0.0511
v 0.2439 0.8770 0.1010
v 0.2421 0.8805 0.1003
v 0.2384 0.8805 0.0987
v 0.2365 0.8770 0.0980
v 0.2384 0.8735 0.0987
v 0.2421 0.8735 0.1003
v 0.2195 0.8770 0.1467
v 0.2178 0.8805 0.1456
v 0.2145 0.8805 0.1433
v 0.2129 0.8770 0.1422
v 0.2145 0.8735 0.1433
v 0.2178 0.8735 0.1456
v 0.1867 0.8770 0.1867
v 0.1853 0.8805 0.1853
v 0.1824 0.8805 0.1824
v 0.1810 0.8770 0.1810
v 0.1824 0.8735 0.1824
v 0.1853 0.8735 0.1853
v 0.1467 0.8770 0.2195
v 0.1456 0.8805 0.2178
v 0.1433 0.8805 0.2145
v 0.1422 0.8770 0.2129
v 0.1433 0.8735 0.2145
v 0.1456 0.8735 0.2178
v 0.1010 0.8770 0.2439
v 0.1003 0.8805 0.2421
v 0.0987 0.8805 0.2384
v 0.0980 0.8770 0.2365
v 0.0987 0.8735 0.2384
v 0.1003 0.8735 0.2421
v 0.0515 0.8770 0.2589
v 0.0511 0.8805 0.2570
v 0.0503 0.8805 0.2530
v 0.0499 0.8770 0.2511
v 0.0503 0.8735 0.2530
v 0.0511 0.8735 0.2570
v 0.0000 0.8770 0.2640
v 0.0000 0.8805 0.2620
v 0.0000 0.8805 0.2580
v 0.0000 0.8770 0.2560
v 0.0000 0.8735 0.2580
v 0.0000 0.8735 0.2620
v -0.0515 0.8770 0.2589
v -0.0511 0.8805 0.2570
v -0.0503 0.8805 0.2530
v -0.0499 0.8770 0.2511
v -0.0503 0.8735 0.2530
v -0.0511 0.8735 0.2570
v -0.1010 0.8770 0.2439
v -0.1003 0.8805 0.2421
v -0.0987 0.8805 0.2384
v -0.0980 0.8770 0.2365
v -0.0987 0.8735 0.2384
v -0.1003 0.8735 0.2421
v -0.1467 0.8770 0.2195
v -0.1456 0.8805 0.2178
v -0.1433 0.8805 0.2145
v -0.1422 0.8770 0.2129
v -0.1433 0.8735 0.2145
v -0.1456 0.8735 0.2178
v -0.1867 0.8770 0.1867
v -0.1853 0.8805 0.1853
v -0.1824 0.8805 0.1824
v -0.1810 0.8770 0.1810
v -0.1824 0.8735 0.1824
v -0.1853 0.8735 0.1853
v -0.2195 0.8770 0.1467
v -0.2178 0.8805 0.1456
v -0.2145 0.8805 0.1433
v -0.2129 0.8770 0.1422
v -0.2145 0.8735 0.1433
v -0.2178 0.8735 0.1456
v -0.2439 0.8770 0.1010
v -0.2421 0.8805 0.1003
v -0.2384 0.8805 0.0987
v -0.2365 0.8770 0.0980
v -0.2384 0.8735 0.0987
v -0.2421 0.8735 0.1003
v -0.2589 0.8770 0.0515
v -0.2570 0.8805 0.0511
v -0.2530 0.8805 0.0503
v -0.2511 0.8770 0.0499
v -0.2530 0.8735 0.0503
v -0.2570 0.8735 0.0511
v -0.2640 0.8770 0.0000
v -0.2620 0.8805 0.0000
v -0.2580 0.8805 0.0000
v -0.2560 0.8770 0.0000
v -0.2580 0.8735 0.0000
v -0.2620 0.8735 0.0000
v -0.2589 0.8770 -0.0515
v -0.2570 0.8805 -0.0511
v -0.2530 0.8805 -0.0503
v -0.2511 0.8770 -0.0499
v -0.2530 0.8735 -0.0503
v -0.2570 0.8735 -0.0511
v -0.2439 0.8770 -0.1010
v -0.2421 0.8805 -0.1003
v -0.2384 0.8805 -0.0987
v -0.2365 0.8770 -0.0980
v -0.2384 0.8735 -0.0987
v -0.2421 0.8735 -0.1003
v -0.2195 0.8770 -0.1467
v -0.2178 0.8805 -0.1456
v -0.2145 0.8805 -0.1433
v -0.2129 0.8770 -0.1422
v -0.2145 0.8735 -0.1433
v -0.2178 0.8735 -0.1456
v -0.1867 0.8770 -0.1867
v -0.1853 0.8805 -0.1853
v -0.1824 0.8805 -0.1824
v -0.1810 0.8770 -0.1810
v -0.1824 0.8735 -0.1824
v -0.1853 0.8735 -0.1853
v -0.1467 0.8770 -0.2195
v -0.1456 0.8805 -0.2178
v -0.1433 0.8805 -0.2145
v -0.1422 0.8770 -0.2129
v -0.1433 0.8735 -0.2145
v -0.1456 0.8735 -0.2178
v -0.1010 0.8770 -0.2439
v -0.1003 0.8805 -0.2421
v -0.0987 0.8805 -0.2384
v -0.0980 0.8770 -0.2365
v -0.0987 0.8735 -0.2384
v -0.1003 0.8735 -0.2421
v -0.0515 0.8770 -0.2589
v -0.0511 0.8805 -0.2570
v -0.0503 0.8805 -0.2530
v -0.0499 0.8770 -0.2511
v -0.0503 0.8735 -0.2530
v -0.0511 0.8735 -0.2570
v -0.0000 0.8770 -0.2640
v -0.0000 0.8805 -0.2620
v -0.0000 0.8805 -0.2580
v -0.0000 0.8770 -0.2560
v -0.0000 0.8735 -0.2580
v -0.0000 0.8735 -0.2620
v 0.0515 0.8770 -0.2589
v 0.0511 0.8805 -0.2570
v 0.0503 0.8805 -0.2530
v 0.0499 0.8770 -0.2511
v 0.0503 0.8735 -0.2530
v 0.0511 0.8735 -0.2570
v 0.1010 0.8770 -0.2439
v 0.1003 0.8805 -0.2421
v 0.0987 0.8805 -0.2384
v 0.0980 0.8770 -0.2365
v 0.0987 0.8735 -0.2384
v 0.1003 0.8735 -0.2421
v 0.1467 0.8770 -0.2195
v 0.1456 0.8805 -0.2178
v 0.1433 0.8805 -0.2145
v 0.1422 0.8770 -0.2129
v 0.1433 0.8735 -0.2145
v 0.1456 0.8735 -0.2178
v 0.1867 0.8770 -0.1867
v 0.1853 0.8805 -0.1853
v 0.1824 0.8805 -0.1824
v 0.1810 0.8770 -0.1810
v 0.1824 0.8735 -0.1824
v 0.1853 0.8735 -0.1853
v 0.2195 0.8770 -0.1467
v 0.2178 0.8805 -0.1456
v 0.2145 0.8805 -0.1433
v 0.2129 0.8770 -0.1422
v 0.2145 0.8735 -0.1433
v 0.2178 0.8735 -0.1456
v 0.2439 0.8770 -0.1010
v 0.2421 0.8805 -0.1003
v 0.2384 0.8805 -0.0987
v 0.2365 0.8770 -0.0980
v 0.2384 0.8735 -0.0987
v 0.2421 0.8735 -0.1003
v 0.2589 0.8770 -0.0515
v 0.2570 0.8805 -0.0511
v 0.2530 0.8805 -0.0503
v 0.2511 0.8770 -0.0499
v 0.2530 0.8735 -0.0503
v 0.2570 0.8735 -0.0511
v 0.3140 0.8770 0.0000
v 0.3120 0.8805 0.0000
v 0.3080 0.8805 0.0000
v 0.3060 0.8770 0.0000
v 0.3080 0.8735 0.0000
v 0.3120 0.8735 0.0000
v 0.3080 0.8770 0.0613
v 0.3060 0.8805 0.0609
v 0.3021 0.8805 0.0601
v 0.3001 0.8770 0.0597
v 0.3021 0.8735 0.0601
v 0.3060 0.8735 0.0609
v 0.2901 0.8770 0.1202
v 0.2883 0.8805 0.1194
v 0.2846 0.8805 0.1179
v 0.2827 0.8770 0.1171
v 0.2846 0.8735 0.1179
v 0.2883 0.8735 0.1194
v 0.2611 0.8770 0.1744
v 0.2594 0.8805 0.1733
v 0.2561 0.8805 0.1711
v 0.2544 0.8770 0.1700
v 0.2561 0.8735 0.1711
v 0.2594 0.8735 0.1733
v 0.2220 0.8770 0.2220
v 0.2206 0.8805 0.2206
v 0.2178 0.8805 0.2178
v 0.2164 0.8770 0.2164
v 0.2178 0.8735 0.2178
v 0.2206 0.8735 0.2206
v 0.1744 0.8770 0.2611
v 0.1733 0.8805 0.2594
v 0.1711 0.8805 0.2561
v 0.1700 0.8770 0.2544
v 0.1711 0.8735 0.2561
v 0.1733 0.8735 0.2594
v 0.1202 0.8770 0.2901
v 0.1194 0.8805 0.2883
v 0.1179 0.8805 0.2846
v 0.1171 0.8770 0.2827
v 0.1179 0.8735 0.2846
v 0.1194 0.8735 0.2883
v 0.0613 0.8770 0.3080
v 0.0609 0.8805 0.3060
v 0.0601 0.8805 0.3021
v 0.0597 0.8770 0.3001
v 0.0601 0.8735 0.3021
v 0.0609 0.8735 0.3060
v 0.0000 0.8770 0.3140
v 0.0000 0.8805 0.3120
v 0.0000 0.8805 0.3080
v 0.0000 0.8770 0.3060
v 0.0000 0.8735 0.3080
v 0.0000 0.8735 0.3120
v -0.0613 0.8770 0.3080
v -0.0609 0.8805 0.3060
v -0.0601 0.8805 0.3021
v -0.0597 0.8770 0.3001
v -0.0601 0.8735 0.3021
v -0.0609 0.8735 0.3060
v -0.1202 0.8770 0.2901
v -0.1194 0.8805 0.2883
v -0.1179 0.8805 0.2846
v -0.1171 0.8770 0.2827
v -0.1179 0.8735 0.2846
v -0.1194 0.8735 0.2883
v -0.1744 0.8770 0.2611
v -0.1733 0.8805 0.2594
v -0.1711 0.8805 0.2561
v -0.1700 0.8770 0.2544
v -0.1711 0.8735 0.2561
v -0.1733 0.8735 0.2594
v -0.2220 0.8770 0.2220
v -0.2206 0.8805 0.2206
v -0.2178 0.8805 0.2178
v -0.2164 0.8770 0.2164
v -0.2178 0.8735 0.2178
v -0.2206 0.8735 0.2206
v -0.2611 0.8770 0.1744
v -0.2594 0.8805 0.1733
v -0.2561 0.8805 0.1711
v -0.2544 0.8770 0.1700
v -0.2561 0.8735 0.1711
v -0.2594 0.8735 0.1733
v -0.2901 0.8770 0.1202
v -0.2883 0.8805 0.1194
v -0.2846 0.8805 0.1179
v -0.2827 0.8770 0.1171
v -0.2846 0.8735 0.1179
v -0.2883 0.8735 0.1194
v -0.3080 0.8770 0.0613
v -0.3060 0.8805 0.0609
v -0.3021 0.8805 0.0601
v -0.3001 0.8770 0.0597
v -0.3021 0.8735 0.0601
v -0.3060 0.8735 0.0609
v -0.3140 0.8770 0.0000
v -0.3120 0.8805 0.0000
v -0.3080 0.8805 0.0000
v -0.3060 0.8770 0.0000
v -0.3080 0.8735 0.0000
v -0.3120 0.8735 0.0000
v -0.3080 0.8770 -0.0613
v -0.3060 0.8805 -0.0609
v -0.3021 0.8805 -0.0601
v -0.3001 0.8770 -0.0597
v -0.3021 0.8735 -0.0601
v -0.3060 0.8735 -0.0609
v -0.2901 0.8770 -0.1202
v -0.2883 0.8805 -0.1194
v -0.2846 0.8805 -0.1179
v -0.2827 0.8770 -0.1171
v -0.2846 0.8735 -0.1179
v -0.2883 0.8735 -0.1194
v -0.2611 0.8770 -0.1744
v -0.2594 0.8805 -0.1733
v -0.2561 0.8805 -0.1711
v -0.2544 0.8770 -0.1700
v -0.2561 0.8735 -0.1711
v -0.2594 0.8735 -0.1733
v -0.2220 0.8770 -0.2220
v -0.2206 0.8805 -0.2206
v -0.2178 0.8805 -0.2178
v -0.2164 0.8770 -0.2164
v -0.2178 0.8735 -0.2178
v -0.2206 0.8735 -0.2206
v -0.1744 0.8770 -0.2611
v -0.1733 0.8805 -0.2594
v -0.1711 0.8805 -0.2561
v -0.1700 0.8770 -0.2544
v -0.1711 0.8735 -0.2561
v -0.1733 0.8735 -0.2594
v -0.1202 0.8770 -0.2901
v -0.1194 0.8805 -0.2883
v -0.1179 0.8805 -0.2846
v -0.1171 0.8770 -0.2827
v -0.1179 0.8735 -0.2846
v -0.1194 0.8735 -0.2883
v -0.0613 0.8770 -0.3080
v -0.0609 0.8805 -0.3060
v -0.0601 0.8805 -0.3021
v -0.0597 0.8770 -0.3001
v -0.0601 0.8735 -0.3021
v -0.0609 0.8735 -0.3060
v -0.0000 0.8770 -0.3140
v -0.0000 0.8805 -0.3120
v -0.0000 0.8805 -0.3080
v -0.0000 0.8770 -0.3060
v -0.0000 0.8735 -0.3080
v -0.0000 0.8735 -0.3120
v 0.0613 0.8770 -0.3080
v 0.0609 0.8805 -0.3060
v 0.0601 0.8805 -0.3021
v 0.0597 0.8770 -0.3001
v 0.0601 0.8735 -0.3021
v 0.0609 0.8735 -0.3060
v 0.1202 0.8770 -0.2901
v 0.1194 0.8805 -0.2883
v 0.1179 0.8805 -0.2846
v 0.1171 0.8770 -0.2827
v 0.1179 0.8735 -0.2846
v 0.1194 0.8735 -0.2883
v 0.1744 0.8770 -0.2611
v 0.1733 0.8805 -0.2594
v 0.1711 0.8805 -0.2561
v 0.1700 0.8770 -0.2544
v 0.1711 0.8735 -0.2561
v 0.1733 0.8735 -0.2594
v 0.2220 0.8770 -0.2220
v 0.2206 0.8805 -0.2206
v 0.2178 0.8805 -0.2178
v 0.2164 0.8770 -0.2164
v 0.2178 0.8735 -0.2178
v 0.2206 0.8735 -0.2206
v 0.2611 0.8770 -0.1744
v 0.2594 0.8805 -0.1733
v 0.2561 0.8805 -0.1711
v 0.2544 0.8770 -0.1700
v 0.2561 0.8735 -0.1711
v 0.2594 0.8735 -0.1733
v 0.2901 0.8770 -0.1202
v 0.2883 0.8805 -0.1194
v 0.2846 0.8805 -0.1179
v 0.2827 0.8770 -0.1171
v 0.2846 0.8735 -0.1179
v 0.2883 0.8735 -0.1194
v 0.3080 0.8770 -0.0613
v 0.3060 0.8805 -0.0609
v 0.3021 0.8805 -0.0601
v 0.3001 0.8770 -0.0597
v 0.3021 0.8735 -0.0601
v 0.3060 0.8735 -0.0609
v -0.3200 0.8730 -0.0040
v 0.3200 0.8730 -0.0040
v 0.3200 0.8810 -0.0040
v -0.3200 0.8810 -0.0040
v -0.3200 0.8730 0.0040
v 0.3200 0.8730 0.0040
v 0.3200 0.8810 0.0040
v -0.3200 0.8810 0.0040
v -0.2291 0.8730 0.2234
v 0.2234 0.8730 -0.2291
v 0.2234 0.8810 -0.2291
v -0.2291 0.8810 0.2234
v -0.2234 0.8730 0.2291
v 0.2291 0.8730 -0.2234
v 0.2291 0.8810 -0.2234
v -0.2234 0.8810 0.2291
v -0.0040 0.8730 0.3200
v -0.0040 0.8730 -0.3200
v -0.0040 0.8810 -0.3200
v -0.0040 0.8810 0.3200
v 0.0040 0.8730 0.3200
v 0.0040 0.8730 -0.3200
v 0.0040 0.8810 -0.3200
v 0.0040 0.8810 0.3200
v 0.2234 0.8730 0.2291
v -0.2291 0.8730 -0.2234
v -0.2291 0.8810 -0.2234
v 0.2234 0.8810 0.2291
v 0.2291 0.8730 0.2234
v -0.2234 0.8730 -0.2291
v -0.2234 0.8810 -0.2291
v 0.2291 0.8810 0.2234
v 0.4800 0.2200 0.3000
v 0.3800 0.2200 0.3000
v 0.4800 0.2162 0.3118
v 0.3800 0.2162 0.3118
v 0.4800 0.2062 0.3190
v 0.3800 0.2062 0.3190
v 0.4800 0.1938 0.3190
v 0.3800 0.1938 0.3190
v 0.4800 0.1838 0.3118
v 0.3800 0.1838 0.3118
v 0.4800 0.1800 0.3000
v 0.3800 0.1800 0.3000
v 0.4800 0.1838 0.2882
v 0.3800 0.1838 0.2882
v 0.4800 0.1938 0.2810
v 0.3800 0.1938 0.2810
v 0.4800 0.2062 0.2810
v 0.3800 0.2062 0.2810
v 0.4800 0.2162 0.2882
v 0.3800 0.2162 0.2882
v 0.4800 0.2000 0.3000
v 0.3800 0.2000 0.3000
v 0.4800 0.1480 0.3000
v 0.3800 0.1480 0.3000
v 0.4800 0.1457 0.3057
v 0.3800 0.1457 0.3057
v 0.4800 0.1400 0.3080
v 0.3800 0.1400 0.3080
v 0.4800 0.1343 0.3057
v 0.3800 0.1343 0.3057
v 0.4800 0.1320 0.3000
v 0.3800 0.1320 0.3000
v 0.4800 0.1343 0.2943
v 0.3800 0.1343 0.2943
v 0.4800 0.1400 0.2920
v 0.3800 0.1400 0.2920
v 0.4800 0.1457 0.2943
v 0.3800 0.1457 0.2943
v 0.4800 0.1400 0.3000
v 0.3800 0.1400 0.3000
v 0.4800 0.3120 0.2500
v 0.3800 0.3120 0.2500
v 0.4800 0.3097 0.2571
v 0.3800 0.3097 0.2571
v 0.4800 0.3037 0.2614
v 0.3800 0.3037 0.2614
v 0.4800 0.2963 0.2614
v 0.3800 0.2963 0.2614
v 0.4800 0.2903 0.2571
v 0.3800 0.2903 0.2571
v 0.4800 0.2880 0.2500
v 0.3800 0.2880 0.2500
v 0.4800 0.2903 0.2429
v 0.3800 0.2903 0.2429
v 0.4800 0.2963 0.2386
v 0.3800 0.2963 0.2386
v 0.4800 0.3037 0.2386
v 0.3800 0.3037 0.2386
v 0.4800 0.3097 0.2429
v 0.3800 0.3097 0.2429
v 0.4800 0.3000 0.2500
v 0.3800 0.3000 0.2500
vn 0.0000 0.0000 -1.0000
vn 0.0000 0.0000 1.0000
vn -1.0000 0.0000 0.0000
vn 1.0000 0.0000 0.0000
vn 0.0000 1.0000 0.0000
vn 0.0000 -1.0000 0.0000
vn 0.0000 0.0000 -1.0000
vn 0.0000 0.0000 1.0000
vn -1.0000 0.0000 0.0000
vn 1.0000 0.0000 0.0000
vn 0.0000 1.0000 0.0000
vn 0.0000 -1.0000 0.0000
vn 0.0000 0.0000 -1.0000
vn 0.0000 0.0000 1.0000
vn -1.0000 0.0000 0.0000
vn 1.0000 0.0000 0.0000
vn 0.0000 1.0000 0.0000
vn 0.0000 -1.0000 0.0000
vn 0.0000 0.0000 -1.0000
vn 0.0000 0.0000 1.0000
vn -1.0000 0.0000 0.0000
vn 1.0000 0.0000 0.0000
vn 0.0000 1.0000 0.0000
vn 0.0000 -1.0000 0.0000
vn 0.0000 0.0000 -1.0000
vn 0.0000 0.0000 1.0000
vn -1.0000 0.0000 0.0000
vn 1.0000 0.0000 0.0000
vn 0.0000 1.0000 0.0000
vn 0.0000 -1.0000 0.0000
vn 0.0000 0.0000 -1.0000
vn 0.0000 0.0000 1.0000
vn -1.0000 0.0000 0.0000
vn 1.0000 0.0000 0.0000
vn 0.0000 1.0000 0.0000
vn 0.0000 -1.0000 0.0000
vn 0.0000 0.0000 -1.0000
vn 0.0000 0.0000 1.0000
vn -1.0000 0.0000 0.0000
vn 1.0000 0.0000 0.0000
vn 0.0000 1.0000 0.0000
vn 0.0000 -1.0000 0.0000
vn 0.0000 0.0000 -1.0000
vn 0.0000 0.0000 1.0000
vn -1.0000 0.0000 0.0000
vn 1.0000 0.0000 0.0000
vn 0.0000 1.0000 0.0000
vn 0.0000 -1.0000 0.0000
vn 0.0000 0.0000 -1.0000
vn 0.0000 0.0000 1.0000
vn -1.0000 0.0000 0.0000
vn 1.0000 0.0000 0.0000
vn 0.0000 1.0000 0.0000
vn 0.0000 -1.0000 0.0000
vn 0.0000 0.0000 -1.0000
vn 0.0000 0.0000 1.0000
vn -1.0000 0.0000 0.0000
vn 1.0000 0.0000 0.0000
vn 0.0000 1.0000 0.0000
vn 0.0000 -1.0000 0.0000
vn 0.0000 0.0000 -1.0000
vn 0.0000 0.0000 1.0000
vn -1.0000 0.0000 0.0000
vn 1.0000 0.0000 0.0000
vn 0.0000 1.0000 0.0000
vn 0.0000 -1.0000 0.0000
vn 0.0000 0.0000 -1.0000
vn 0.0000 0.0000 1.0000
vn -1.0000 0.0000 0.0000
vn 1.0000 0.0000 0.0000
vn 0.0000 1.0000 0.0000
vn 0.0000 -1.0000 0.0000
vn 0.0000 0.0000 -1.0000
vn 0.0000 0.0000 1.0000
vn -1.0000 0.0000 0.0000
vn 1.0000 0.0000 0.0000
vn 0.0000 1.0000 0.0000
vn 0.0000 -1.0000 0.0000
vn 0.0000 0.0000 -1.0000
vn 0.0000 0.0000 1.0000
vn -1.0000 0.0000 0.0000
vn 1.0000 0.0000 0.0000
vn 0.0000 1.0000 0.0000
vn 0.0000 -1.0000 0.0000
vn 0.0000 0.0000 -1.0000
vn 0.0000 0.0000 1.0000
vn -1.0000 0.0000 0.0000
vn 1.0000 0.0000 0.0000
vn 0.0000 1.0000 0.0000
vn 0.0000 -1.0000 0.0000
vn 0.0000 0.0000 -1.0000
vn 0.0000 0.0000 1.0000
vn -1.0000 0.0000 0.0000
vn 1.0000 0.0000 0.0000
vn 0.0000 1.0000 0.0000
vn 0.0000 -1.0000 0.0000
vn 0.0000 0.0000 -1.0000
vn 0.0000 0.0000 1.0000
vn -1.0000 0.0000 0.0000
vn 1.0000 0.0000 0.0000
vn 0.0000 1.0000 0.0000
vn 0.0000 -1.0000 0.0000
vn 0.0000 0.0000 -1.0000
vn 0.0000 0.0000 1.0000
vn -1.0000 0.0000 0.0000
vn 1.0000 0.0000 0.0000
vn 0.0000 1.0000 0.0000
vn 0.0000 -1.0000 0.0000
vn 0.0000 0.0000 -1.0000
vn 0.0000 0.0000 1.0000
vn -1.0000 0.0000 0.0000
vn 1.0000 0.0000 0.0000
vn 0.0000 1.0000 0.0000
vn 0.0000 -1.0000 0.0000
vn 0.0000 0.0000 -1.0000
vn 0.0000 0.0000 1.0000
vn -1.0000 0.0000 0.0000
vn 1.0000 0.0000 0.0000
vn 0.0000 1.0000 0.0000
vn 0.0000 -1.0000 0.0000
vn 0.0000 0.0000 -1.0000
vn 0.0000 0.0000 1.0000
vn -1.0000 0.0000 0.0000
vn 1.0000 0.0000 0.0000
vn 0.0000 1.0000 0.0000
vn 0.0000 -1.0000 0.0000
vn 0.0000 0.0000 -1.0000
vn 0.0000 0.0000 1.0000
vn -1.0000 0.0000 0.0000
vn 1.0000 0.0000 0.0000
vn 0.0000 1.0000 0.0000
vn 0.0000 -1.0000 0.0000
vn 0.0000 0.0000 -1.0000
vn 0.0000 0.0000 1.0000
vn -1.0000 0.0000 0.0000
vn 1.0000 0.0000 0.0000
vn 0.0000 1.0000 0.0000
vn 0.0000 -1.0000 0.0000
vn 0.0000 0.0000 -1.0000
vn 0.0000 0.0000 1.0000
vn -1.0000 0.0000 0.0000
vn 1.0000 0.0000 0.0000
vn 0.0000 1.0000 0.0000
vn 0.0000 -1.0000 0.0000
vn 0.0000 0.0000 -1.0000
vn 0.0000 0.0000 1.0000
vn -1.0000 0.0000 0.0000
vn 1.0000 0.0000 0.0000
vn 0.0000 1.0000 0.0000
vn 0.0000 -1.0000 0.0000
vn 0.0000 0.0000 -1.0000
vn 0.0000 0.0000 1.0000
vn -1.0000 0.0000 0.0000
vn 1.0000 0.0000 0.0000
vn 0.0000 1.0000 0.0000
vn 0.0000 -1.0000 0.0000
vn 0.0000 0.0000 -1.0000
vn 0.0000 0.0000 1.0000
vn -1.0000 0.0000 0.0000
vn 1.0000 0.0000 0.0000
vn 0.0000 1.0000 0.0000
vn 0.0000 -1.0000 0.0000
vn 0.0000 0.0000 -1.0000
vn 0.0000 0.0000 1.0000
vn -1.0000 0.0000 0.0000
vn 1.0000 0.0000 0.0000
vn 0.0000 1.0000 0.0000
vn 0.0000 -1.0000 0.0000
vn 0.0000 0.0000 -1.0000
vn 0.0000 0.0000 1.0000
vn -1.0000 0.0000 0.0000
vn 1.0000 0.0000 0.0000
vn 0.0000 1.0000 0.0000
vn 0.0000 -1.0000 0.0000
vn 0.0000 0.0000 -1.0000
vn 0.0000 0.0000 1.0000
vn -1.0000 0.0000 0.0000
vn 1.0000 0.0000 0.0000
vn 0.0000 1.0000 0.0000
vn 0.0000 -1.0000 0.0000
vn 0.0000 0.0000 -1.0000
vn 0.0000 0.0000 1.0000
vn -1.0000 0.0000 0.0000
vn 1.0000 0.0000 0.0000
vn 0.0000 1.0000 0.0000
vn 0.0000 -1.0000 0.0000
vn 0.0000 0.0000 -1.0000
vn 0.0000 0.0000 1.0000
vn -1.0000 0.0000 0.0000
vn 1.0000 0.0000 0.0000
vn 0.0000 1.0000 0.0000
vn 0.0000 -1.0000 0.0000
vn 0.0000 0.0000 -1.0000
vn 0.0000 0.0000 1.0000
vn -1.0000 0.0000 0.0000
vn 1.0000 0.0000 0.0000
vn 0.0000 1.0000 0.0000
vn 0.0000 -1.0000 0.0000
vn 0.0000 0.0000 -1.0000
vn 0.0000 0.0000 1.0000
vn -1.0000 0.0000 0.0000
vn 1.0000 0.0000 0.0000
vn 0.0000 1.0000 0.0000
vn 0.0000 -1.0000 0.0000
vn 0.0000 0.0000 -1.0000
vn 0.0000 0.0000 1.0000
vn -1.0000 0.0000 0.0000
vn 1.0000 0.0000 0.0000
vn 0.0000 1.0000 0.0000
vn 0.0000 -1.0000 0.0000
vn 0.0000 0.0000 -1.0000
vn 0.0000 0.0000 1.0000
vn -1.0000 0.0000 0.0000
vn 1.0000 0.0000 0.0000
vn 0.0000 1.0000 0.0000
vn 0.0000 -1.0000 0.0000
vn 0.0000 0.0000 -1.0000
vn 0.0000 0.0000 1.0000
vn -1.0000 0.0000 0.0000
vn 1.0000 0.0000 0.0000
vn 0.0000 1.0000 0.0000
vn 0.0000 -1.0000 0.0000
vn 0.0000 0.0000 -1.0000
vn 0.0000 0.0000 1.0000
vn -1.0000 0.0000 0.0000
vn 1.0000 0.0000 0.0000
vn 0.0000 1.0000 0.0000
vn 0.0000 -1.0000 0.0000
vn 0.0000 0.0000 -1.0000
vn 0.0000 0.0000 1.0000
vn -1.0000 0.0000 0.0000
vn 1.0000 0.0000 0.0000
vn 0.0000 1.0000 0.0000
vn 0.0000 -1.0000 0.0000
vn 0.0000 0.0000 -1.0000
vn 0.0000 0.0000 1.0000
vn -1.0000 0.0000 0.0000
vn 1.0000 0.0000 0.0000
vn 0.0000 1.0000 0.0000
vn 0.0000 -1.0000 0.0000
vn 0.0000 0.0000 -1.0000
vn 0.0000 0.0000 1.0000
vn -1.0000 0.0000 0.0000
vn 1.0000 0.0000 0.0000
vn 0.0000 1.0000 0.0000
vn 0.0000 -1.0000 0.0000
vn 0.0000 0.0000 -1.0000
vn 0.0000 0.0000 1.0000
vn -1.0000 0.0000 0.0000
vn 1.0000 0.0000 0.0000
vn 0.0000 1.0000 0.0000
vn 0.0000 -1.0000 0.0000
vn 0.0000 0.0000 -1.0000
vn 0.0000 0.0000 1.0000
vn -1.0000 0.0000 0.0000
vn 1.0000 0.0000 0.0000
vn 0.0000 1.0000 0.0000
vn 0.0000 -1.0000 0.0000
vn 0.0000 0.0000 -1.0000
vn 0.0000 0.0000 1.0000
vn -1.0000 0.0000 0.0000
vn 1.0000 0.0000 0.0000
vn 0.0000 1.0000 0.0000
vn 0.0000 -1.0000 0.0000
vn 0.0000 0.0000 -1.0000
vn 0.0000 0.0000 1.0000
vn -1.0000 0.0000 0.0000
vn 1.0000 0.0000 0.0000
vn 0.0000 1.0000 0.0000
vn 0.0000 -1.0000 0.0000
vn 0.0000 0.0000 -1.0000
vn 0.0000 0.0000 1.0000
vn -1.0000 0.0000 0.0000
vn 1.0000 0.0000 0.0000
vn 0.0000 1.0000 0.0000
vn 0.0000 -1.0000 0.0000
vn 0.0000 0.0000 -1.0000
vn 0.0000 0.0000 1.0000
vn -1.0000 0.0000 0.0000
vn 1.0000 0.0000 0.0000
vn 0.0000 1.0000 0.0000
vn 0.0000 -1.0000 0.0000
vn 0.0000 0.0000 -1.0000
vn 0.0000 0.0000 1.0000
vn -1.0000 0.0000 0.0000
vn 1.0000 0.0000 0.0000
vn 0.0000 1.0000 0.0000
vn 0.0000 -1.0000 0.0000
vn 0.0000 0.0000 -1.0000
vn 0.0000 0.0000 1.0000
vn -1.0000 0.0000 0.0000
vn 1.0000 0.0000 0.0000
vn 0.0000 1.0000 0.0000
vn 0.0000 -1.0000 0.0000
vn 0.0000 0.0000 -1.0000
vn 0.0000 0.0000 1.0000
vn -1.0000 0.0000 0.0000
vn 1.0000 0.0000 0.0000
vn 0.0000 1.0000 0.0000
vn 0.0000 -1.0000 0.0000
vn 0.0000 0.0000 -1.0000
vn 0.0000 0.0000 1.0000
vn -1.0000 0.0000 0.0000
vn 1.0000 0.0000 0.0000
vn 0.0000 1.0000 0.0000
vn 0.0000 -1.0000 0.0000
vn 0.0000 0.0000 -1.0000
vn 0.0000 0.0000 1.0000
vn -1.0000 0.0000 0.0000
vn 1.0000 0.0000 0.0000
vn 0.0000 1.0000 0.0000
vn 0.0000 -1.0000 0.0000
vn 0.0000 0.0000 -1.0000
vn 0.0000 0.0000 1.0000
vn -1.0000 0.0000 0.0000
vn 1.0000 0.0000 0.0000
vn 0.0000 1.0000 0.0000
vn 0.0000 -1.0000 0.0000
vn 0.0000 0.0000 -1.0000
vn 0.0000 0.0000 1.0000
vn -1.0000 0.0000 0.0000
vn 1.0000 0.0000 0.0000
vn 0.0000 1.0000 0.0000
vn 0.0000 -1.0000 0.0000
vn 0.0000 0.0000 -1.0000
vn 0.0000 0.0000 1.0000
vn -1.0000 0.0000 0.0000
vn 1.0000 0.0000 0.0000
vn 0.0000 1.0000 0.0000
vn 0.0000 -1.0000 0.0000
vn 0.0000 0.0000 -1.0000
vn 0.0000 0.0000 1.0000
vn -1.0000 0.0000 0.0000
vn 1.0000 0.0000 0.0000
vn 0.0000 1.0000 0.0000
vn 0.0000 -1.0000 0.0000
vn 0.0000 0.0000 -1.0000
vn 0.0000 0.0000 1.0000
vn -1.0000 0.0000 0.0000
vn 1.0000 0.0000 0.0000
vn 0.0000 1.0000 0.0000
vn 0.0000 -1.0000 0.0000
vn 0.0000 0.0000 -1.0000
vn 0.0000 0.0000 1.0000
vn -1.0000 0.0000 0.0000
vn 1.0000 0.0000 0.0000
vn 0.0000 1.0000 0.0000
vn 0.0000 -1.0000 0.0000
vn 0.0000 0.0000 -1.0000
vn 0.0000 0.0000 1.0000
vn -1.0000 0.0000 0.0000
vn 1.0000 0.0000 0.0000
vn 0.0000 1.0000 0.0000
vn 0.0000 -1.0000 0.0000
vn 0.0000 0.0000 -1.0000
vn 0.0000 0.0000 1.0000
vn -1.0000 0.0000 0.0000
vn 1.0000 0.0000 0.0000
vn 0.0000 1.0000 0.0000
vn 0.0000 -1.0000 0.0000
vn 0.0000 0.0000 -1.0000
vn 0.0000 0.0000 1.0000
vn -1.0000 0.0000 0.0000
vn 1.0000 0.0000 0.0000
vn 0.0000 1.0000 0.0000
vn 0.0000 -1.0000 0.0000
vn 0.0000 0.0000 -1.0000
vn 0.0000 0.0000 1.0000
vn -1.0000 0.0000 0.0000
vn 1.0000 0.0000 0.0000
vn 0.0000 1.0000 0.0000
vn 0.0000 -1.0000 0.0000
vn 0.0000 0.0000 -1.0000
vn 0.0000 0.0000 1.0000
vn -1.0000 0.0000 0.0000
vn 1.0000 0.0000 0.0000
vn 0.0000 1.0000 0.0000
vn 0.0000 -1.0000 0.0000
vn 0.0000 0.0000 -1.0000
vn 0.0000 0.0000 1.0000
vn -1.0000 0.0000 0.0000
vn 1.0000 0.0000 0.0000
vn 0.0000 1.0000 0.0000
vn 0.0000 -1.0000 0.0000
vn 0.0000 0.0000 -1.0000
vn 0.0000 0.0000 1.0000
vn -1.0000 0.0000 0.0000
vn 1.0000 0.0000 0.0000
vn 0.0000 1.0000 0.0000
vn 0.0000 -1.0000 0.0000
vn 0.0000 0.0000 -1.0000
vn 0.0000 0.0000 1.0000
vn -1.0000 0.0000 0.0000
vn 1.0000 0.0000 0.0000
vn 0.0000 1.0000 0.0000
vn 0.0000 -1.0000 0.0000
vn 0.0000 0.0000 -1.0000
vn 0.0000 0.0000 1.0000
vn -1.0000 0.0000 0.0000
vn 1.0000 0.0000 0.0000
vn 0.0000 1.0000 0.0000
vn 0.0000 -1.0000 0.0000
vn 0.0000 0.0000 -1.0000
vn 0.0000 0.0000 1.0000
vn -1.0000 0.0000 0.0000
vn 1.0000 0.0000 0.0000
vn 0.0000 1.0000 0.0000
vn 0.0000 -1.0000 0.0000
vn 0.0000 0.0000 -1.0000
vn 0.0000 0.0000 1.0000
vn -1.0000 0.0000 0.0000
vn 1.0000 0.0000 0.0000
vn 0.0000 1.0000 0.0000
vn 0.0000 -1.0000 0.0000
vn 0.0000 0.0000 -1.0000
vn 0.0000 0.0000 1.0000
vn -1.0000 0.0000 0.0000
vn 1.0000 0.0000 0.0000
vn 0.0000 1.0000 0.0000
vn 0.0000 -1.0000 0.0000
vn 0.0000 0.0000 -1.0000
vn 0.0000 0.0000 1.0000
vn -1.0000 0.0000 0.0000
vn 1.0000 0.0000 0.0000
vn 0.0000 1.0000 0.0000
vn 0.0000 -1.0000 0.0000
vn 0.0000 0.0000 -1.0000
vn 0.0000 0.0000 1.0000
vn -1.0000 0.0000 0.0000
vn 1.0000 0.0000 0.0000
vn 0.0000 1.0000 0.0000
vn 0.0000 -1.0000 0.0000
vn 0.0000 0.0000 -1.0000
vn 0.0000 0.0000 1.0000
vn -1.0000 0.0000 0.0000
vn 1.0000 0.0000 0.0000
vn 0.0000 1.0000 0.0000
vn 0.0000 -1.0000 0.0000
vn 0.0000 0.0000 -1.0000
vn 0.0000 0.0000 1.0000
vn -1.0000 0.0000 0.0000
vn 1.0000 0.0000 0.0000
vn 0.0000 1.0000 0.0000
vn 0.0000 -1.0000 0.0000
vn 0.0000 0.0000 -1.0000
vn 0.0000 0.0000 1.0000
vn -1.0000 0.0000 0.0000
vn 1.0000 0.0000 0.0000
vn 0.0000 1.0000 0.0000
vn 0.0000 -1.0000 0.0000
vn 0.0000 0.0000 -1.0000
vn 0.0000 0.0000 1.0000
vn -1.0000 0.0000 0.0000
vn 1.0000 0.0000 0.0000
vn 0.0000 1.0000 0.0000
vn 0.0000 -1.0000 0.0000
vn 0.9239 0.3827 0.0000
vn 0.3827 0.9239 0.0000
vn -0.3827 0.9239 0.0000
vn -0.9239 0.3827 0.0000
vn -0.9239 -0.3827 0.0000
vn -0.3827 -0.9239 0.0000
vn 0.3827 -0.9239 0.0000
vn 0.9239 -0.3827 0.0000
vn 0.0000 0.0000 1.0000
vn 0.0000 0.0000 -1.0000
vn -0.0000 0.0000 1.0000
vn -0.0000 0.0000 -1.0000
vn 0.0000 0.0000 1.0000
vn 0.0000 0.0000 -1.0000
vn 0.0000 0.0000 1.0000
vn 0.0000 0.0000 -1.0000
vn 0.0000 0.0000 1.0000
vn 0.0000 0.0000 -1.0000
vn 0.0000 0.0000 1.0000
vn 0.0000 0.0000 -1.0000
vn -0.0000 0.0000 1.0000
vn -0.0000 0.0000 -1.0000
vn 0.0000 0.0000 1.0000
vn 0.0000 0.0000 -1.0000
vn 0.9239 0.3827 0.0000
vn 0.3827 0.9239 0.0000
vn -0.3827 0.9239 0.0000
vn -0.9239 0.3827 0.0000
vn -0.9239 -0.3827 0.0000
vn -0.3827 -0.9239 0.0000
vn 0.3827 -0.9239 0.0000
vn 0.9239 -0.3827 0.0000
vn 0.0000 0.0000 1.0000
vn 0.0000 0.0000 -1.0000
vn -0.0000 0.0000 1.0000
vn -0.0000 0.0000 -1.0000
vn 0.0000 0.0000 1.0000
vn 0.0000 0.0000 -1.0000
vn 0.0000 0.0000 1.0000
vn 0.0000 0.0000 -1.0000
vn 0.0000 0.0000 1.0000
vn 0.0000 0.0000 -1.0000
vn 0.0000 0.0000 1.0000
vn 0.0000 0.0000 -1.0000
vn -0.0000 0.0000 1.0000
vn -0.0000 0.0000 -1.0000
vn 0.0000 0.0000 1.0000
vn 0.0000 0.0000 -1.0000
vn 0.9239 0.3827 0.0000
vn 0.3827 0.9239 0.0000
vn -0.3827 0.9239 0.0000
vn -0.9239 0.3827 0.0000
vn -0.9239 -0.3827 0.0000
vn -0.3827 -0.9239 0.0000
vn 0.3827 -0.9239 0.0000
vn 0.9239 -0.3827 0.0000
vn 0.0000 0.0000 1.0000
vn 0.0000 0.0000 -1.0000
vn 0.0000 0.0000 1.0000
vn 0.0000 0.0000 -1.0000
vn 0.0000 0.0000 1.0000
vn 0.0000 0.0000 -1.0000
vn 0.0000 0.0000 1.0000
vn 0.0000 0.0000 -1.0000
vn 0.0000 0.0000 1.0000
vn 0.0000 0.0000 -1.0000
vn 0.0000 0.0000 1.0000
vn 0.0000 0.0000 -1.0000
vn 0.0000 0.0000 1.0000
vn -0.0000 0.0000 -1.0000
vn 0.0000 0.0000 1.0000
vn 0.0000 0.0000 -1.0000
vn 0.9239 0.3827 0.0000
vn 0.3827 0.9239 0.0000
vn -0.3827 0.9239 0.0000
vn -0.9239 0.3827 0.0000
vn -0.9239 -0.3827 0.0000
vn -0.3827 -0.9239 0.0000
vn 0.3827 -0.9239 0.0000
vn 0.9239 -0.3827 0.0000
vn 0.0000 0.0000 1.0000
vn 0.0000 0.0000 -1.0000
vn 0.0000 0.0000 1.0000
vn 0.0000 0.0000 -1.0000
vn 0.0000 0.0000 1.0000
vn 0.0000 0.0000 -1.0000
vn 0.0000 0.0000 1.0000
vn 0.0000 0.0000 -1.0000
vn 0.0000 0.0000 1.0000
vn 0.0000 0.0000 -1.0000
vn 0.0000 0.0000 1.0000
vn 0.0000 0.0000 -1.0000
vn 0.0000 0.0000 1.0000
vn -0.0000 0.0000 -1.0000
vn 0.0000 0.0000 1.0000
vn 0.0000 0.0000 -1.0000
vn 0.0000 0.0000 -1.0000
vn 0.0000 0.0000 1.0000
vn -1.0000 0.0000 0.0000
vn 1.0000 0.0000 0.0000
vn 0.0000 1.0000 0.0000
vn 0.0000 -1.0000 0.0000
vn 0.0000 0.0000 -1.0000
vn 0.0000 0.0000 1.0000
vn -1.0000 0.0000 0.0000
vn 1.0000 0.0000 0.0000
vn 0.0000 1.0000 0.0000
vn 0.0000 -1.0000 0.0000
vn 0.0000 0.0000 -1.0000
vn 0.0000 0.0000 1.0000
vn -1.0000 0.0000 0.0000
vn 1.0000 0.0000 0.0000
vn 0.0000 1.0000 0.0000
vn 0.0000 -1.0000 0.0000
vn 0.0000 0.0000 -1.0000
vn 0.0000 0.0000 1.0000
vn -1.0000 0.0000 0.0000
vn 1.0000 0.0000 0.0000
vn 0.0000 1.0000 0.0000
vn 0.0000 -1.0000 0.0000
vn 0.0000 0.0000 -1.0000
vn 0.0000 0.0000 1.0000
vn -1.0000 0.0000 0.0000
vn 1.0000 0.0000 0.0000
vn 0.0000 1.0000 0.0000
vn 0.0000 -1.0000 0.0000
vn 0.9952 0.0000 0.0980
vn 0.9569 0.0000 0.2903
vn 0.8819 0.0000 0.4714
vn 0.7730 0.0000 0.6344
vn 0.6344 0.0000 0.7730
vn 0.4714 0.0000 0.8819
vn 0.2903 0.0000 0.9569
vn 0.0980 0.0000 0.9952
vn -0.0980 0.0000 0.9952
vn -0.2903 0.0000 0.9569
vn -0.4714 0.0000 0.8819
vn -0.6344 0.0000 0.7730
vn -0.7730 0.0000 0.6344
vn -0.8819 0.0000 0.4714
vn -0.9569 0.0000 0.2903
vn -0.9952 0.0000 0.0980
vn -0.9952 0.0000 -0.0980
vn -0.9569 0.0000 -0.2903
vn -0.8819 0.0000 -0.4714
vn -0.7730 0.0000 -0.6344
vn -0.6344 0.0000 -0.7730
vn -0.4714 0.0000 -0.8819
vn -0.2903 0.0000 -0.9569
vn -0.0980 0.0000 -0.9952
vn 0.0980 0.0000 -0.9952
vn 0.2903 0.0000 -0.9569
vn 0.4714 0.0000 -0.8819
vn 0.6344 0.0000 -0.7730
vn 0.7730 0.0000 -0.6344
vn 0.8819 0.0000 -0.4714
vn 0.9569 0.0000 -0.2903
vn 0.9952 0.0000 -0.0980
vn 0.9749 0.0000 0.2225
vn 0.7818 0.0000 0.6235
vn 0.4339 0.0000 0.9010
vn 0.0000 0.0000 1.0000
vn -0.4339 0.0000 0.9010
vn -0.7818 0.0000 0.6235
vn -0.9749 0.0000 0.2225
vn -0.9749 0.0000 -0.2225
vn -0.7818 0.0000 -0.6235
vn -0.4339 0.0000 -0.9010
vn -0.0000 0.0000 -1.0000
vn 0.4339 0.0000 -0.9010
vn 0.7818 0.0000 -0.6235
vn 0.9749 0.0000 -0.2225
vn 0.0000 1.0000 0.0000
vn 0.0000 -1.0000 0.0000
vn 0.0000 1.0000 -0.0000
vn 0.0000 -1.0000 0.0000
vn 0.0000 1.0000 0.0000
vn 0.0000 -1.0000 -0.0000
vn 0.0000 1.0000 -0.0000
vn 0.0000 -1.0000 0.0000
vn 0.0000 1.0000 0.0000
vn 0.0000 -1.0000 0.0000
vn 0.0000 1.0000 -0.0000
vn 0.0000 -1.0000 0.0000
vn 0.0000 1.0000 0.0000
vn 0.0000 -1.0000 0.0000
vn 0.0000 1.0000 0.0000
vn 0.0000 -1.0000 0.0000
vn 0.0000 1.0000 0.0000
vn 0.0000 -1.0000 0.0000
vn 0.0000 1.0000 0.0000
vn 0.0000 -1.0000 0.0000
vn 0.0000 1.0000 -0.0000
vn 0.0000 -1.0000 0.0000
vn 0.0000 1.0000 -0.0000
vn 0.0000 -1.0000 0.0000
vn 0.0000 1.0000 0.0000
vn 0.0000 -1.0000 0.0000
vn 0.0000 1.0000 0.0000
vn 0.0000 -1.0000 0.0000
vn 0.0000 0.0000 -1.0000
vn 0.0000 0.0000 1.0000
vn -1.0000 0.0000 0.0000
vn 1.0000 0.0000 0.0000
vn 0.0000 1.0000 0.0000
vn 0.0000 -1.0000 0.0000
vn -0.8660 0.0000 0.5000
vn 0.8660 0.0000 -0.5000
vn 0.5000 0.0000 0.8660
vn -0.5000 0.0000 -0.8660
vn 0.0000 1.0000 0.0000
vn 0.0000 -1.0000 0.0000
vn 0.8660 0.0000 0.5000
vn -0.8660 0.0000 -0.5000
vn 0.5000 0.0000 -0.8660
vn -0.5000 0.0000 0.8660
vn 0.0000 1.0000 0.0000
vn 0.0000 -1.0000 0.0000
vn 0.8629 0.4982 0.0850
vn 0.0000 1.0000 -0.0000
vn -0.8629 0.4982 -0.0850
vn -0.8629 -0.4982 -0.0850
vn 0.0000 -1.0000 0.0000
vn 0.8629 -0.4982 0.0850
vn 0.8297 0.4982 0.2517
vn 0.0000 1.0000 0.0000
vn -0.8297 0.4982 -0.2517
vn -0.8297 -0.4982 -0.2517
vn 0.0000 -1.0000 0.0000
vn 0.8297 -0.4982 0.2517
vn 0.7647 0.4982 0.4087
vn 0.0000 1.0000 0.0000
vn -0.7647 0.4982 -0.4087
vn -0.7647 -0.4982 -0.4087
vn 0.0000 -1.0000 0.0000
vn 0.7647 -0.4982 0.4087
vn 0.6703 0.4982 0.5501
vn 0.0000 1.0000 0.0000
vn -0.6703 0.4982 -0.5501
vn -0.6703 -0.4982 -0.5501
vn 0.0000 -1.0000 -0.0000
vn 0.6703 -0.4982 0.5501
vn 0.5501 0.4982 0.6703
vn 0.0000 1.0000 0.0000
vn -0.5501 0.4982 -0.6703
vn -0.5501 -0.4982 -0.6703
vn 0.0000 -1.0000 0.0000
vn 0.5501 -0.4982 0.6703
vn 0.4087 0.4982 0.7647
vn 0.0000 1.0000 0.0000
vn -0.4087 0.4982 -0.7647
vn -0.4087 -0.4982 -0.7647
vn 0.0000 -1.0000 0.0000
vn 0.4087 -0.4982 0.7647
vn 0.2517 0.4982 0.8297
vn 0.0000 1.0000 0.0000
vn -0.2517 0.4982 -0.8297
vn -0.2517 -0.4982 -0.8297
vn 0.0000 -1.0000 0.0000
vn 0.2517 -0.4982 0.8297
vn 0.0850 0.4982 0.8629
vn 0.0000 1.0000 -0.0000
vn -0.0850 0.4982 -0.8629
vn -0.0850 -0.4982 -0.8629
vn 0.0000 -1.0000 0.0000
vn 0.0850 -0.4982 0.8629
vn -0.0850 0.4982 0.8629
vn 0.0000 1.0000 0.0000
vn 0.0850 0.4982 -0.8629
vn 0.0850 -0.4982 -0.8629
vn 0.0000 -1.0000 -0.0000
vn -0.0850 -0.4982 0.8629
vn -0.2517 0.4982 0.8297
vn 0.0000 1.0000 0.0000
vn 0.2517 0.4982 -0.8297
vn 0.2517 -0.4982 -0.8297
vn 0.0000 -1.0000 0.0000
vn -0.2517 -0.4982 0.8297
vn -0.4087 0.4982 0.7647
vn 0.0000 1.0000 0.0000
vn 0.4087 0.4982 -0.7647
vn 0.4087 -0.4982 -0.7647
vn 0.0000 -1.0000 0.0000
vn -0.4087 -0.4982 0.7647
vn -0.5501 0.4982 0.6703
vn 0.0000 1.0000 0.0000
vn 0.5501 0.4982 -0.6703
vn 0.5501 -0.4982 -0.6703
vn 0.0000 -1.0000 0.0000
vn -0.5501 -0.4982 0.6703
vn -0.6703 0.4982 0.5501
vn 0.0000 1.0000 0.0000
vn 0.6703 0.4982 -0.5501
vn 0.6703 -0.4982 -0.5501
vn 0.0000 -1.0000 0.0000
vn -0.6703 -0.4982 0.5501
vn -0.7647 0.4982 0.4087
vn 0.0000 1.0000 0.0000
vn 0.7647 0.4982 -0.4087
vn 0.7647 -0.4982 -0.4087
vn 0.0000 -1.0000 -0.0000
vn -0.7647 -0.4982 0.4087
vn -0.8297 0.4982 0.2517
vn 0.0000 1.0000 0.0000
vn 0.8297 0.4982 -0.2517
vn 0.8297 -0.4982 -0.2517
vn 0.0000 -1.0000 0.0000
vn -0.8297 -0.4982 0.2517
vn -0.8629 0.4982 0.0850
vn 0.0000 1.0000 -0.0000
vn 0.8629 0.4982 -0.0850
vn 0.8629 -0.4982 -0.0850
vn 0.0000 -1.0000 0.0000
vn -0.8629 -0.4982 0.0850
vn -0.8629 0.4982 -0.0850
vn 0.0000 1.0000 0.0000
vn 0.8629 0.4982 0.0850
vn 0.8629 -0.4982 0.0850
vn 0.0000 -1.0000 0.0000
vn -0.8629 -0.4982 -0.0850
vn -0.8297 0.4982 -0.2517
vn 0.0000 1.0000 -0.0000
vn 0.8297 0.4982 0.2517
vn 0.8297 -0.4982 0.2517
vn 0.0000 -1.0000 0.0000
vn -0.8297 -0.4982 -0.2517
vn -0.7647 0.4982 -0.4087
vn 0.0000 1.0000 0.0000
vn 0.7647 0.4982 0.4087
vn 0.7647 -0.4982 0.4087
vn 0.0000 -1.0000 0.0000
vn -0.7647 -0.4982 -0.4087
vn -0.6703 0.4982 -0.5501
vn 0.0000 1.0000 0.0000
vn 0.6703 0.4982 0.5501
vn 0.6703 -0.4982 0.5501
vn 0.0000 -1.0000 0.0000
vn -0.6703 -0.4982 -0.5501
vn -0.5501 0.4982 -0.6703
vn 0.0000 1.0000 0.0000
vn 0.5501 0.4982 0.6703
vn 0.5501 -0.4982 0.6703
vn 0.0000 -1.0000 0.0000
vn -0.5501 -0.4982 -0.6703
vn -0.4087 0.4982 -0.7647
vn 0.0000 1.0000 0.0000
vn 0.4087 0.4982 0.7647
vn 0.4087 -0.4982 0.7647
vn 0.0000 -1.0000 0.0000
vn -0.4087 -0.4982 -0.7647
vn -0.2517 0.4982 -0.8297
vn 0.0000 1.0000 0.0000
vn 0.2517 0.4982 0.8297
vn 0.2517 -0.4982 0.8297
vn 0.0000 -1.0000 0.0000
vn -0.2517 -0.4982 -0.8297
vn -0.0850 0.4982 -0.8629
vn 0.0000 1.0000 0.0000
vn 0.0850 0.4982 0.8629
vn 0.0850 -0.4982 0.8629
vn 0.0000 -1.0000 0.0000
vn -0.0850 -0.4982 -0.8629
vn 0.0850 0.4982 -0.8629
vn 0.0000 1.0000 0.0000
vn -0.0850 0.4982 0.8629
vn -0.0850 -0.4982 0.8629
vn 0.0000 -1.0000 0.0000
vn 0.0850 -0.4982 -0.8629
vn 0.2517 0.4982 -0.8297
vn 0.0000 1.0000 0.0000
vn -0.2517 0.4982 0.8297
vn -0.2517 -0.4982 0.8297
vn 0.0000 -1.0000 0.0000
vn 0.2517 -0.4982 -0.8297
vn 0.4087 0.4982 -0.7647
vn 0.0000 1.0000 -0.0000
vn -0.4087 0.4982 0.7647
vn -0.4087 -0.4982 0.7647
vn 0.0000 -1.0000 0.0000
vn 0.4087 -0.4982 -0.7647
vn 0.5501 0.4982 -0.6703
vn 0.0000 1.0000 -0.0000
vn -0.5501 0.4982 0.6703
vn -0.5501 -0.4982 0.6703
vn 0.0000 -1.0000 0.0000
vn 0.5501 -0.4982 -0.6703
vn 0.6703 0.4982 -0.5501
vn 0.0000 1.0000 0.0000
vn -0.6703 0.4982 0.5501
vn -0.6703 -0.4982 0.5501
vn 0.0000 -1.0000 0.0000
vn 0.6703 -0.4982 -0.5501
vn 0.7647 0.4982 -0.4087
vn 0.0000 1.0000 0.0000
vn -0.7647 0.4982 0.4087
vn -0.7647 -0.4982 0.4087
vn 0.0000 -1.0000 0.0000
vn 0.7647 -0.4982 -0.4087
vn 0.8297 0.4982 -0.2517
vn 0.0000 1.0000 -0.0000
vn -0.8297 0.4982 0.2517
vn -0.8297 -0.4982 0.2517
vn 0.0000 -1.0000 -0.0000
vn 0.8297 -0.4982 -0.2517
vn 0.8629 0.4982 -0.0850
vn 0.0000 1.0000 0.0000
vn -0.8629 0.4982 0.0850
vn -0.8629 -0.4982 0.0850
vn 0.0000 -1.0000 -0.0000
vn 0.8629 -0.4982 -0.0850
vn 0.8629 0.4982 0.0850
vn 0.0000 1.0000 0.0000
vn -0.8629 0.4982 -0.0850
vn -0.8629 -0.4982 -0.0850
vn 0.0000 -1.0000 0.0000
vn 0.8629 -0.4982 0.0850
vn 0.8297 0.4982 0.2517
vn 0.0000 1.0000 0.0000
vn -0.8297 0.4982 -0.2517
vn -0.8297 -0.4982 -0.2517
vn 0.0000 -1.0000 -0.0000
vn 0.8297 -0.4982 0.2517
vn 0.7647 0.4982 0.4087
vn 0.0000 1.0000 -0.0000
vn -0.7647 0.4982 -0.4087
vn -0.7647 -0.4982 -0.4087
vn 0.0000 -1.0000 0.0000
vn 0.7647 -0.4982 0.4087
vn 0.6703 0.4982 0.5501
vn 0.0000 1.0000 0.0000
vn -0.6703 0.4982 -0.5501
vn -0.6703 -0.4982 -0.5501
vn 0.0000 -1.0000 0.0000
vn 0.6703 -0.4982 0.5501
vn 0.5501 0.4982 0.6703
vn 0.0000 1.0000 0.0000
vn -0.5501 0.4982 -0.6703
vn -0.5501 -0.4982 -0.6703
vn 0.0000 -1.0000 0.0000
vn 0.5501 -0.4982 0.6703
vn 0.4087 0.4982 0.7647
vn 0.0000 1.0000 0.0000
vn -0.4087 0.4982 -0.7647
vn -0.4087 -0.4982 -0.7647
vn 0.0000 -1.0000 0.0000
vn 0.4087 -0.4982 0.7647
vn 0.2517 0.4982 0.8297
vn 0.0000 1.0000 0.0000
vn -0.2517 0.4982 -0.8297
vn -0.2517 -0.4982 -0.8297
vn 0.0000 -1.0000 0.0000
vn 0.2517 -0.4982 0.8297
vn 0.0850 0.4982 0.8629
vn 0.0000 1.0000 0.0000
vn -0.0850 0.4982 -0.8629
vn -0.0850 -0.4982 -0.8629
vn 0.0000 -1.0000 -0.0000
vn 0.0850 -0.4982 0.8629
vn -0.0850 0.4982 0.8629
vn 0.0000 1.0000 -0.0000
vn 0.0850 0.4982 -0.8629
vn 0.0850 -0.4982 -0.8629
vn 0.0000 -1.0000 0.0000
vn -0.0850 -0.4982 0.8629
vn -0.2517 0.4982 0.8297
vn 0.0000 1.0000 0.0000
vn 0.2517 0.4982 -0.8297
vn 0.2517 -0.4982 -0.8297
vn 0.0000 -1.0000 0.0000
vn -0.2517 -0.4982 0.8297
vn -0.4087 0.4982 0.7647
vn 0.0000 1.0000 0.0000
vn 0.4087 0.4982 -0.7647
vn 0.4087 -0.4982 -0.7647
vn 0.0000 -1.0000 0.0000
vn -0.4087 -0.4982 0.7647
vn -0.5501 0.4982 0.6703
vn 0.0000 1.0000 0.0000
vn 0.5501 0.4982 -0.6703
vn 0.5501 -0.4982 -0.6703
vn 0.0000 -1.0000 0.0000
vn -0.5501 -0.4982 0.6703
vn -0.6703 0.4982 0.5501
vn 0.0000 1.0000 0.0000
vn 0.6703 0.4982 -0.5501
vn 0.6703 -0.4982 -0.5501
vn 0.0000 -1.0000 -0.0000
vn -0.6703 -0.4982 0.5501
vn -0.7647 0.4982 0.4087
vn 0.0000 1.0000 -0.0000
vn 0.7647 0.4982 -0.4087
vn 0.7647 -0.4982 -0.4087
vn 0.0000 -1.0000 0.0000
vn -0.7647 -0.4982 0.4087
vn -0.8297 0.4982 0.2517
vn 0.0000 1.0000 0.0000
vn 0.8297 0.4982 -0.2517
vn 0.8297 -0.4982 -0.2517
vn 0.0000 -1.0000 -0.0000
vn -0.8297 -0.4982 0.2517
vn -0.8629 0.4982 0.0850
vn 0.0000 1.0000 0.0000
vn 0.8629 0.4982 -0.0850
vn 0.8629 -0.4982 -0.0850
vn 0.0000 -1.0000 0.0000
vn -0.8629 -0.4982 0.0850
vn -0.8629 0.4982 -0.0850
vn 0.0000 1.0000 0.0000
vn 0.8629 0.4982 0.0850
vn 0.8629 -0.4982 0.0850
vn 0.0000 -1.0000 -0.0000
vn -0.8629 -0.4982 -0.0850
vn -0.8297 0.4982 -0.2517
vn 0.0000 1.0000 -0.0000
vn 0.8297 0.4982 0.2517
vn 0.8297 -0.4982 0.2517
vn 0.0000 -1.0000 0.0000
vn -0.8297 -0.4982 -0.2517
vn -0.7647 0.4982 -0.4087
vn 0.0000 1.0000 0.0000
vn 0.7647 0.4982 0.4087
vn 0.7647 -0.4982 0.4087
vn 0.0000 -1.0000 0.0000
vn -0.7647 -0.4982 -0.4087
vn -0.6703 0.4982 -0.5501
vn 0.0000 1.0000 -0.0000
vn 0.6703 0.4982 0.5501
vn 0.6703 -0.4982 0.5501
vn 0.0000 -1.0000 0.0000
vn -0.6703 -0.4982 -0.5501
vn -0.5501 0.4982 -0.6703
vn 0.0000 1.0000 0.0000
vn 0.5501 0.4982 0.6703
vn 0.5501 -0.4982 0.6703
vn 0.0000 -1.0000 0.0000
vn -0.5501 -0.4982 -0.6703
vn -0.4087 0.4982 -0.7647
vn 0.0000 1.0000 0.0000
vn 0.4087 0.4982 0.7647
vn 0.4087 -0.4982 0.7647
vn 0.0000 -1.0000 -0.0000
vn -0.4087 -0.4982 -0.7647
vn -0.2517 0.4982 -0.8297
vn 0.0000 1.0000 -0.0000
vn 0.2517 0.4982 0.8297
vn 0.2517 -0.4982 0.8297
vn 0.0000 -1.0000 0.0000
vn -0.2517 -0.4982 -0.8297
vn -0.0850 0.4982 -0.8629
vn 0.0000 1.0000 -0.0000
vn 0.0850 0.4982 0.8629
vn 0.0850 -0.4982 0.8629
vn 0.0000 -1.0000 0.0000
vn -0.0850 -0.4982 -0.8629
vn 0.0850 0.4982 -0.8629
vn 0.0000 1.0000 0.0000
vn -0.0850 0.4982 0.8629
vn -0.0850 -0.4982 0.8629
vn 0.0000 -1.0000 -0.0000
vn 0.0850 -0.4982 -0.8629
vn 0.2517 0.4982 -0.8297
vn 0.0000 1.0000 0.0000
vn -0.2517 0.4982 0.8297
vn -0.2517 -0.4982 0.8297
vn 0.0000 -1.0000 0.0000
vn 0.2517 -0.4982 -0.8297
vn 0.4087 0.4982 -0.7647
vn 0.0000 1.0000 0.0000
vn -0.4087 0.4982 0.7647
vn -0.4087 -0.4982 0.7647
vn 0.0000 -1.0000 0.0000
vn 0.4087 -0.4982 -0.7647
vn 0.5501 0.4982 -0.6703
vn 0.0000 1.0000 0.0000
vn -0.5501 0.4982 0.6703
vn -0.5501 -0.4982 0.6703
vn 0.0000 -1.0000 -0.0000
vn 0.5501 -0.4982 -0.6703
vn 0.6703 0.4982 -0.5501
vn 0.0000 1.0000 0.0000
vn -0.6703 0.4982 0.5501
vn -0.6703 -0.4982 0.5501
vn 0.0000 -1.0000 0.0000
vn 0.6703 -0.4982 -0.5501
vn 0.7647 0.4982 -0.4087
vn 0.0000 1.0000 0.0000
vn -0.7647 0.4982 0.4087
vn -0.7647 -0.4982 0.4087
vn 0.0000 -1.0000 0.0000
vn 0.7647 -0.4982 -0.4087
vn 0.8297 0.4982 -0.2517
vn 0.0000 1.0000 0.0000
vn -0.8297 0.4982 0.2517
vn -0.8297 -0.4982 0.2517
vn 0.0000 -1.0000 0.0000
vn 0.8297 -0.4982 -0.2517
vn 0.8629 0.4982 -0.0850
vn 0.0000 1.0000 0.0000
vn -0.8629 0.4982 0.0850
vn -0.8629 -0.4982 0.0850
vn 0.0000 -1.0000 0.0000
vn 0.8629 -0.4982 -0.0850
vn 0.8629 0.4982 0.0850
vn 0.0000 1.0000 0.0000
vn -0.8629 0.4982 -0.0850
vn -0.8629 -0.4982 -0.0850
vn 0.0000 -1.0000 0.0000
vn 0.8629 -0.4982 0.0850
vn 0.8297 0.4982 0.2517
vn 0.0000 1.0000 0.0000
vn -0.8297 0.4982 -0.2517
vn -0.8297 -0.4982 -0.2517
vn 0.0000 -1.0000 -0.0000
vn 0.8297 -0.4982 0.2517
vn 0.7647 0.4982 0.4087
vn 0.0000 1.0000 0.0000
vn -0.7647 0.4982 -0.4087
vn -0.7647 -0.4982 -0.4087
vn 0.0000 -1.0000 0.0000
vn 0.7647 -0.4982 0.4087
vn 0.6703 0.4982 0.5501
vn 0.0000 1.0000 0.0000
vn -0.6703 0.4982 -0.5501
vn -0.6703 -0.4982 -0.5501
vn 0.0000 -1.0000 0.0000
vn 0.6703 -0.4982 0.5501
vn 0.5501 0.4982 0.6703
vn 0.0000 1.0000 0.0000
vn -0.5501 0.4982 -0.6703
vn -0.5501 -0.4982 -0.6703
vn 0.0000 -1.0000 0.0000
vn 0.5501 -0.4982 0.6703
vn 0.4087 0.4982 0.7647
vn 0.0000 1.0000 0.0000
vn -0.4087 0.4982 -0.7647
vn -0.4087 -0.4982 -0.7647
vn 0.0000 -1.0000 0.0000
vn 0.4087 -0.4982 0.7647
vn 0.2517 0.4982 0.8297
vn 0.0000 1.0000 0.0000
vn -0.2517 0.4982 -0.8297
vn -0.2517 -0.4982 -0.8297
vn 0.0000 -1.0000 0.0000
vn 0.2517 -0.4982 0.8297
vn 0.0850 0.4982 0.8629
vn 0.0000 1.0000 0.0000
vn -0.0850 0.4982 -0.8629
vn -0.0850 -0.4982 -0.8629
vn 0.0000 -1.0000 0.0000
vn 0.0850 -0.4982 0.8629
vn -0.0850 0.4982 0.8629
vn 0.0000 1.0000 0.0000
vn 0.0850 0.4982 -0.8629
vn 0.0850 -0.4982 -0.8629
vn 0.0000 -1.0000 0.0000
vn -0.0850 -0.4982 0.8629
vn -0.2517 0.4982 0.8297
vn 0.0000 1.0000 0.0000
vn 0.2517 0.4982 -0.8297
vn 0.2517 -0.4982 -0.8297
vn 0.0000 -1.0000 0.0000
vn -0.2517 -0.4982 0.8297
vn -0.4087 0.4982 0.7647
vn 0.0000 1.0000 0.0000
vn 0.4087 0.4982 -0.7647
vn 0.4087 -0.4982 -0.7647
vn 0.0000 -1.0000 -0.0000
vn -0.4087 -0.4982 0.7647
vn -0.5501 0.4982 0.6703
vn 0.0000 1.0000 0.0000
vn 0.5501 0.4982 -0.6703
vn 0.5501 -0.4982 -0.6703
vn 0.0000 -1.0000 0.0000
vn -0.5501 -0.4982 0.6703
vn -0.6703 0.4982 0.5501
vn 0.0000 1.0000 0.0000
vn 0.6703 0.4982 -0.5501
vn 0.6703 -0.4982 -0.5501
vn 0.0000 -1.0000 0.0000
vn -0.6703 -0.4982 0.5501
vn -0.7647 0.4982 0.4087
vn 0.0000 1.0000 0.0000
vn 0.7647 0.4982 -0.4087
vn 0.7647 -0.4982 -0.4087
vn 0.0000 -1.0000 0.0000
vn -0.7647 -0.4982 0.4087
vn -0.8297 0.4982 0.2517
vn 0.0000 1.0000 0.0000
vn 0.8297 0.4982 -0.2517
vn 0.8297 -0.4982 -0.2517
vn 0.0000 -1.0000 -0.0000
vn -0.8297 -0.4982 0.2517
vn -0.8629 0.4982 0.0850
vn 0.0000 1.0000 0.0000
vn 0.8629 0.4982 -0.0850
vn 0.8629 -0.4982 -0.0850
vn 0.0000 -1.0000 0.0000
vn -0.8629 -0.4982 0.0850
vn -0.8629 0.4982 -0.0850
vn 0.0000 1.0000 -0.0000
vn 0.8629 0.4982 0.0850
vn 0.8629 -0.4982 0.0850
vn 0.0000 -1.0000 -0.0000
vn -0.8629 -0.4982 -0.0850
vn -0.8297 0.4982 -0.2517
vn 0.0000 1.0000 0.0000
vn 0.8297 0.4982 0.2517
vn 0.8297 -0.4982 0.2517
vn 0.0000 -1.0000 0.0000
vn -0.8297 -0.4982 -0.2517
vn -0.7647 0.4982 -0.4087
vn 0.0000 1.0000 -0.0000
vn 0.7647 0.4982 0.4087
vn 0.7647 -0.4982 0.4087
vn 0.0000 -1.0000 0.0000
vn -0.7647 -0.4982 -0.4087
vn -0.6703 0.4982 -0.5501
vn 0.0000 1.0000 0.0000
vn 0.6703 0.4982 0.5501
vn 0.6703 -0.4982 0.5501
vn 0.0000 -1.0000 0.0000
vn -0.6703 -0.4982 -0.5501
vn -0.5501 0.4982 -0.6703
vn 0.0000 1.0000 0.0000
vn 0.5501 0.4982 0.6703
vn 0.5501 -0.4982 0.6703
vn 0.0000 -1.0000 0.0000
vn -0.5501 -0.4982 -0.6703
vn -0.4087 0.4982 -0.7647
vn 0.0000 1.0000 0.0000
vn 0.4087 0.4982 0.7647
vn 0.4087 -0.4982 0.7647
vn 0.0000 -1.0000 0.0000
vn -0.4087 -0.4982 -0.7647
vn -0.2517 0.4982 -0.8297
vn 0.0000 1.0000 0.0000
vn 0.2517 0.4982 0.8297
vn 0.2517 -0.4982 0.8297
vn 0.0000 -1.0000 0.0000
vn -0.2517 -0.4982 -0.8297
vn -0.0850 0.4982 -0.8629
vn 0.0000 1.0000 0.0000
vn 0.0850 0.4982 0.8629
vn 0.0850 -0.4982 0.8629
vn 0.0000 -1.0000 0.0000
vn -0.0850 -0.4982 -0.8629
vn 0.0850 0.4982 -0.8629
vn 0.0000 1.0000 0.0000
vn -0.0850 0.4982 0.8629
vn -0.0850 -0.4982 0.8629
vn 0.0000 -1.0000 0.0000
vn 0.0850 -0.4982 -0.8629
vn 0.2517 0.4982 -0.8297
vn 0.0000 1.0000 0.0000
vn -0.2517 0.4982 0.8297
vn -0.2517 -0.4982 0.8297
vn 0.0000 -1.0000 0.0000
vn 0.2517 -0.4982 -0.8297
vn 0.4087 0.4982 -0.7647
vn 0.0000 1.0000 0.0000
vn -0.4087 0.4982 0.7647
vn -0.4087 -0.4982 0.7647
vn 0.0000 -1.0000 0.0000
vn 0.4087 -0.4982 -0.7647
vn 0.5501 0.4982 -0.6703
vn 0.0000 1.0000 0.0000
vn -0.5501 0.4982 0.6703
vn -0.5501 -0.4982 0.6703
vn 0.0000 -1.0000 0.0000
vn 0.5501 -0.4982 -0.6703
vn 0.6703 0.4982 -0.5501
vn 0.0000 1.0000 -0.0000
vn -0.6703 0.4982 0.5501
vn -0.6703 -0.4982 0.5501
vn 0.0000 -1.0000 0.0000
vn 0.6703 -0.4982 -0.5501
vn 0.7647 0.4982 -0.4087
vn 0.0000 1.0000 0.0000
vn -0.7647 0.4982 0.4087
vn -0.7647 -0.4982 0.4087
vn 0.0000 -1.0000 0.0000
vn 0.7647 -0.4982 -0.4087
vn 0.8297 0.4982 -0.2517
vn 0.0000 1.0000 0.0000
vn -0.8297 0.4982 0.2517
vn -0.8297 -0.4982 0.2517
vn 0.0000 -1.0000 0.0000
vn 0.8297 -0.4982 -0.2517
vn 0.8629 0.4982 -0.0850
vn 0.0000 1.0000 0.0000
vn -0.8629 0.4982 0.0850
vn -0.8629 -0.4982 0.0850
vn 0.0000 -1.0000 -0.0000
vn 0.8629 -0.4982 -0.0850
vn 0.8629 0.4982 0.0850
vn 0.0000 1.0000 0.0000
vn -0.8629 0.4982 -0.0850
vn -0.8629 -0.4982 -0.0850
vn 0.0000 -1.0000 0.0000
vn 0.8629 -0.4982 0.0850
vn 0.8297 0.4982 0.2517
vn 0.0000 1.0000 0.0000
vn -0.8297 0.4982 -0.2517
vn -0.8297 -0.4982 -0.2517
vn 0.0000 -1.0000 0.0000
vn 0.8297 -0.4982 0.2517
vn 0.7647 0.4982 0.4087
vn 0.0000 1.0000 0.0000
vn -0.7647 0.4982 -0.4087
vn -0.7647 -0.4982 -0.4087
vn 0.0000 -1.0000 0.0000
vn 0.7647 -0.4982 0.4087
vn 0.6703 0.4982 0.5501
vn 0.0000 1.0000 0.0000
vn -0.6703 0.4982 -0.5501
vn -0.6703 -0.4982 -0.5501
vn 0.0000 -1.0000 0.0000
vn 0.6703 -0.4982 0.5501
vn 0.5501 0.4982 0.6703
vn 0.0000 1.0000 0.0000
vn -0.5501 0.4982 -0.6703
vn -0.5501 -0.4982 -0.6703
vn 0.0000 -1.0000 0.0000
vn 0.5501 -0.4982 0.6703
vn 0.4087 0.4982 0.7647
vn 0.0000 1.0000 0.0000
vn -0.4087 0.4982 -0.7647
vn -0.4087 -0.4982 -0.7647
vn 0.0000 -1.0000 0.0000
vn 0.4087 -0.4982 0.7647
vn 0.2517 0.4982 0.8297
vn 0.0000 1.0000 0.0000
vn -0.2517 0.4982 -0.8297
vn -0.2517 -0.4982 -0.8297
vn 0.0000 -1.0000 0.0000
vn 0.2517 -0.4982 0.8297
vn 0.0850 0.4982 0.8629
vn 0.0000 1.0000 0.0000
vn -0.0850 0.4982 -0.8629
vn -0.0850 -0.4982 -0.8629
vn 0.0000 -1.0000 0.0000
vn 0.0850 -0.4982 0.8629
vn -0.0850 0.4982 0.8629
vn 0.0000 1.0000 0.0000
vn 0.0850 0.4982 -0.8629
vn 0.0850 -0.4982 -0.8629
vn 0.0000 -1.0000 0.0000
vn -0.0850 -0.4982 0.8629
vn -0.2517 0.4982 0.8297
vn 0.0000 1.0000 0.0000
vn 0.2517 0.4982 -0.8297
vn 0.2517 -0.4982 -0.8297
vn 0.0000 -1.0000 0.0000
vn -0.2517 -0.4982 0.8297
vn -0.4087 0.4982 0.7647
vn 0.0000 1.0000 0.0000
vn 0.4087 0.4982 -0.7647
vn 0.4087 -0.4982 -0.7647
vn 0.0000 -1.0000 0.0000
vn -0.4087 -0.4982 0.7647
vn -0.5501 0.4982 0.6703
vn 0.0000 1.0000 0.0000
vn 0.5501 0.4982 -0.6703
vn 0.5501 -0.4982 -0.6703
vn 0.0000 -1.0000 0.0000
vn -0.5501 -0.4982 0.6703
vn -0.6703 0.4982 0.5501
vn 0.0000 1.0000 0.0000
vn 0.6703 0.4982 -0.5501
vn 0.6703 -0.4982 -0.5501
vn 0.0000 -1.0000 0.0000
vn -0.6703 -0.4982 0.5501
vn -0.7647 0.4982 0.4087
vn 0.0000 1.0000 0.0000
vn 0.7647 0.4982 -0.4087
vn 0.7647 -0.4982 -0.4087
vn 0.0000 -1.0000 0.0000
vn -0.7647 -0.4982 0.4087
vn -0.8297 0.4982 0.2517
vn 0.0000 1.0000 0.0000
vn 0.8297 0.4982 -0.2517
vn 0.8297 -0.4982 -0.2517
vn 0.0000 -1.0000 -0.0000
vn -0.8297 -0.4982 0.2517
vn -0.8629 0.4982 0.0850
vn 0.0000 1.0000 0.0000
vn 0.8629 0.4982 -0.0850
vn 0.8629 -0.4982 -0.0850
vn 0.0000 -1.0000 0.0000
vn -0.8629 -0.4982 0.0850
vn -0.8629 0.4982 -0.0850
vn 0.0000 1.0000 0.0000
vn 0.8629 0.4982 0.0850
vn 0.8629 -0.4982 0.0850
vn 0.0000 -1.0000 0.0000
vn -0.8629 -0.4982 -0.0850
vn -0.8297 0.4982 -0.2517
vn 0.0000 1.0000 0.0000
vn 0.8297 0.4982 0.2517
vn 0.8297 -0.4982 0.2517
vn 0.0000 -1.0000 0.0000
vn -0.8297 -0.4982 -0.2517
vn -0.7647 0.4982 -0.4087
vn 0.0000 1.0000 0.0000
vn 0.7647 0.4982 0.4087
vn 0.7647 -0.4982 0.4087
vn 0.0000 -1.0000 0.0000
vn -0.7647 -0.4982 -0.4087
vn -0.6703 0.4982 -0.5501
vn 0.0000 1.0000 -0.0000
vn 0.6703 0.4982 0.5501
vn 0.6703 -0.4982 0.5501
vn 0.0000 -1.0000 0.0000
vn -0.6703 -0.4982 -0.5501
vn -0.5501 0.4982 -0.6703
vn 0.0000 1.0000 0.0000
vn 0.5501 0.4982 0.6703
vn 0.5501 -0.4982 0.6703
vn 0.0000 -1.0000 0.0000
vn -0.5501 -0.4982 -0.6703
vn -0.4087 0.4982 -0.7647
vn 0.0000 1.0000 0.0000
vn 0.4087 0.4982 0.7647
vn 0.4087 -0.4982 0.7647
vn 0.0000 -1.0000 0.0000
vn -0.4087 -0.4982 -0.7647
vn -0.2517 0.4982 -0.8297
vn 0.0000 1.0000 0.0000
vn 0.2517 0.4982 0.8297
vn 0.2517 -0.4982 0.8297
vn 0.0000 -1.0000 0.0000
vn -0.2517 -0.4982 -0.8297
vn -0.0850 0.4982 -0.8629
vn 0.0000 1.0000 0.0000
vn 0.0850 0.4982 0.8629
vn 0.0850 -0.4982 0.8629
vn 0.0000 -1.0000 0.0000
vn -0.0850 -0.4982 -0.8629
vn 0.0850 0.4982 -0.8629
vn 0.0000 1.0000 0.0000
vn -0.0850 0.4982 0.8629
vn -0.0850 -0.4982 0.8629
vn 0.0000 -1.0000 0.0000
vn 0.0850 -0.4982 -0.8629
vn 0.2517 0.4982 -0.8297
vn 0.0000 1.0000 0.0000
vn -0.2517 0.4982 0.8297
vn -0.2517 -0.4982 0.8297
vn 0.0000 -1.0000 0.0000
vn 0.2517 -0.4982 -0.8297
vn 0.4087 0.4982 -0.7647
vn 0.0000 1.0000 0.0000
vn -0.4087 0.4982 0.7647
vn -0.4087 -0.4982 0.7647
vn 0.0000 -1.0000 0.0000
vn 0.4087 -0.4982 -0.7647
vn 0.5501 0.4982 -0.6703
vn 0.0000 1.0000 0.0000
vn -0.5501 0.4982 0.6703
vn -0.5501 -0.4982 0.6703
vn 0.0000 -1.0000 -0.0000
vn 0.5501 -0.4982 -0.6703
vn 0.6703 0.4982 -0.5501
vn 0.0000 1.0000 -0.0000
vn -0.6703 0.4982 0.5501
vn -0.6703 -0.4982 0.5501
vn 0.0000 -1.0000 0.0000
vn 0.6703 -0.4982 -0.5501
vn 0.7647 0.4982 -0.4087
vn 0.0000 1.0000 0.0000
vn -0.7647 0.4982 0.4087
vn -0.7647 -0.4982 0.4087
vn 0.0000 -1.0000 0.0000
vn 0.7647 -0.4982 -0.4087
vn 0.8297 0.4982 -0.2517
vn 0.0000 1.0000 0.0000
vn -0.8297 0.4982 0.2517
vn -0.8297 -0.4982 0.2517
vn 0.0000 -1.0000 0.0000
vn 0.8297 -0.4982 -0.2517
vn 0.8629 0.4982 -0.0850
vn 0.0000 1.0000 -0.0000
vn -0.8629 0.4982 0.0850
vn -0.8629 -0.4982 0.0850
vn 0.0000 -1.0000 0.0000
vn 0.8629 -0.4982 -0.0850
vn 0.8629 0.4982 0.0850
vn 0.0000 1.0000 -0.0000
vn -0.8629 0.4982 -0.0850
vn -0.8629 -0.4982 -0.0850
vn 0.0000 -1.0000 0.0000
vn 0.8629 -0.4982 0.0850
vn 0.8297 0.4982 0.2517
vn 0.0000 1.0000 -0.0000
vn -0.8297 0.4982 -0.2517
vn -0.8297 -0.4982 -0.2517
vn 0.0000 -1.0000 0.0000
vn 0.8297 -0.4982 0.2517
vn 0.7647 0.4982 0.4087
vn 0.0000 1.0000 0.0000
vn -0.7647 0.4982 -0.4087
vn -0.7647 -0.4982 -0.4087
vn 0.0000 -1.0000 0.0000
vn 0.7647 -0.4982 0.4087
vn 0.6703 0.4982 0.5501
vn 0.0000 1.0000 -0.0000
vn -0.6703 0.4982 -0.5501
vn -0.6703 -0.4982 -0.5501
vn 0.0000 -1.0000 0.0000
vn 0.6703 -0.4982 0.5501
vn 0.5501 0.4982 0.6703
vn 0.0000 1.0000 0.0000
vn -0.5501 0.4982 -0.6703
vn -0.5501 -0.4982 -0.6703
vn 0.0000 -1.0000 0.0000
vn 0.5501 -0.4982 0.6703
vn 0.4087 0.4982 0.7647
vn 0.0000 1.0000 0.0000
vn -0.4087 0.4982 -0.7647
vn -0.4087 -0.4982 -0.7647
vn 0.0000 -1.0000 0.0000
vn 0.4087 -0.4982 0.7647
vn 0.2517 0.4982 0.8297
vn 0.0000 1.0000 0.0000
vn -0.2517 0.4982 -0.8297
vn -0.2517 -0.4982 -0.8297
vn 0.0000 -1.0000 0.0000
vn 0.2517 -0.4982 0.8297
vn 0.0850 0.4982 0.8629
vn 0.0000 1.0000 0.0000
vn -0.0850 0.4982 -0.8629
vn -0.0850 -0.4982 -0.8629
vn 0.0000 -1.0000 0.0000
vn 0.0850 -0.4982 0.8629
vn -0.0850 0.4982 0.8629
vn 0.0000 1.0000 0.0000
vn 0.0850 0.4982 -0.8629
vn 0.0850 -0.4982 -0.8629
vn 0.0000 -1.0000 0.0000
vn -0.0850 -0.4982 0.8629
vn -0.2517 0.4982 0.8297
vn 0.0000 1.0000 0.0000
vn 0.2517 0.4982 -0.8297
vn 0.2517 -0.4982 -0.8297
vn 0.0000 -1.0000 0.0000
vn -0.2517 -0.4982 0.8297
vn -0.4087 0.4982 0.7647
vn 0.0000 1.0000 0.0000
vn 0.4087 0.4982 -0.7647
vn 0.4087 -0.4982 -0.7647
vn 0.0000 -1.0000 -0.0000
vn -0.4087 -0.4982 0.7647
vn -0.5501 0.4982 0.6703
vn 0.0000 1.0000 0.0000
vn 0.5501 0.4982 -0.6703
vn 0.5501 -0.4982 -0.6703
vn 0.0000 -1.0000 0.0000
vn -0.5501 -0.4982 0.6703
vn -0.6703 0.4982 0.5501
vn 0.0000 1.0000 0.0000
vn 0.6703 0.4982 -0.5501
vn 0.6703 -0.4982 -0.5501
vn 0.0000 -1.0000 0.0000
vn -0.6703 -0.4982 0.5501
vn -0.7647 0.4982 0.4087
vn 0.0000 1.0000 0.0000
vn 0.7647 0.4982 -0.4087
vn 0.7647 -0.4982 -0.4087
vn 0.0000 -1.0000 0.0000
vn -0.7647 -0.4982 0.4087
vn -0.8297 0.4982 0.2517
vn 0.0000 1.0000 0.0000
vn 0.8297 0.4982 -0.2517
vn 0.8297 -0.4982 -0.2517
vn 0.0000 -1.0000 -0.0000
vn -0.8297 -0.4982 0.2517
vn -0.8629 0.4982 0.0850
vn 0.0000 1.0000 -0.0000
vn 0.8629 0.4982 -0.0850
vn 0.8629 -0.4982 -0.0850
vn 0.0000 -1.0000 0.0000
vn -0.8629 -0.4982 0.0850
vn -0.8629 0.4982 -0.0850
vn 0.0000 1.0000 0.0000
vn 0.8629 0.4982 0.0850
vn 0.8629 -0.4982 0.0850
vn 0.0000 -1.0000 -0.0000
vn -0.8629 -0.4982 -0.0850
vn -0.8297 0.4982 -0.2517
vn 0.0000 1.0000 0.0000
vn 0.8297 0.4982 0.2517
vn 0.8297 -0.4982 0.2517
vn 0.0000 -1.0000 0.0000
vn -0.8297 -0.4982 -0.2517
vn -0.7647 0.4982 -0.4087
vn 0.0000 1.0000 -0.0000
vn 0.7647 0.4982 0.4087
vn 0.7647 -0.4982 0.4087
vn 0.0000 -1.0000 0.0000
vn -0.7647 -0.4982 -0.4087
vn -0.6703 0.4982 -0.5501
vn 0.0000 1.0000 0.0000
vn 0.6703 0.4982 0.5501
vn 0.6703 -0.4982 0.5501
vn 0.0000 -1.0000 0.0000
vn -0.6703 -0.4982 -0.5501
vn -0.5501 0.4982 -0.6703
vn 0.0000 1.0000 0.0000
vn 0.5501 0.4982 0.6703
vn 0.5501 -0.4982 0.6703
vn 0.0000 -1.0000 0.0000
vn -0.5501 -0.4982 -0.6703
vn -0.4087 0.4982 -0.7647
vn 0.0000 1.0000 -0.0000
vn 0.4087 0.4982 0.7647
vn 0.4087 -0.4982 0.7647
vn 0.0000 -1.0000 0.0000
vn -0.4087 -0.4982 -0.7647
vn -0.2517 0.4982 -0.8297
vn 0.0000 1.0000 0.0000
vn 0.2517 0.4982 0.8297
vn 0.2517 -0.4982 0.8297
vn 0.0000 -1.0000 0.0000
vn -0.2517 -0.4982 -0.8297
vn -0.0850 0.4982 -0.8629
vn 0.0000 1.0000 0.0000
vn 0.0850 0.4982 0.8629
vn 0.0850 -0.4982 0.8629
vn 0.0000 -1.0000 -0.0000
vn -0.0850 -0.4982 -0.8629
vn 0.0850 0.4982 -0.8629
vn 0.0000 1.0000 0.0000
vn -0.0850 0.4982 0.8629
vn -0.0850 -0.4982 0.8629
vn 0.0000 -1.0000 -0.0000
vn 0.0850 -0.4982 -0.8629
vn 0.2517 0.4982 -0.8297
vn 0.0000 1.0000 0.0000
vn -0.2517 0.4982 0.8297
vn -0.2517 -0.4982 0.8297
vn 0.0000 -1.0000 0.0000
vn 0.2517 -0.4982 -0.8297
vn 0.4087 0.4982 -0.7647
vn 0.0000 1.0000 -0.0000
vn -0.4087 0.4982 0.7647
vn -0.4087 -0.4982 0.7647
vn 0.0000 -1.0000 0.0000
vn 0.4087 -0.4982 -0.7647
vn 0.5501 0.4982 -0.6703
vn 0.0000 1.0000 -0.0000
vn -0.5501 0.4982 0.6703
vn -0.5501 -0.4982 0.6703
vn 0.0000 -1.0000 0.0000
vn 0.5501 -0.4982 -0.6703
vn 0.6703 0.4982 -0.5501
vn 0.0000 1.0000 0.0000
vn -0.6703 0.4982 0.5501
vn -0.6703 -0.4982 0.5501
vn 0.0000 -1.0000 0.0000
vn 0.6703 -0.4982 -0.5501
vn 0.7647 0.4982 -0.4087
vn 0.0000 1.0000 0.0000
vn -0.7647 0.4982 0.4087
vn -0.7647 -0.4982 0.4087
vn 0.0000 -1.0000 0.0000
vn 0.7647 -0.4982 -0.4087
vn 0.8297 0.4982 -0.2517
vn 0.0000 1.0000 0.0000
vn -0.8297 0.4982 0.2517
vn -0.8297 -0.4982 0.2517
vn 0.0000 -1.0000 0.0000
vn 0.8297 -0.4982 -0.2517
vn 0.8629 0.4982 -0.0850
vn 0.0000 1.0000 -0.0000
vn -0.8629 0.4982 0.0850
vn -0.8629 -0.4982 0.0850
vn 0.0000 -1.0000 -0.0000
vn 0.8629 -0.4982 -0.0850
vn 0.0000 0.0000 -1.0000
vn 0.0000 0.0000 1.0000
vn -1.0000 0.0000 0.0000
vn 1.0000 0.0000 0.0000
vn 0.0000 1.0000 0.0000
vn 0.0000 -1.0000 0.0000
vn -0.7071 0.0000 -0.7071
vn 0.7071 0.0000 0.7071
vn -0.7071 0.0000 0.7071
vn 0.7071 0.0000 -0.7071
vn 0.0000 1.0000 0.0000
vn 0.0000 -1.0000 -0.0000
vn -1.0000 0.0000 -0.0000
vn 1.0000 0.0000 0.0000
vn 0.0000 0.0000 1.0000
vn 0.0000 0.0000 -1.0000
vn 0.0000 1.0000 -0.0000
vn 0.0000 -1.0000 0.0000
vn -0.7071 0.0000 0.7071
vn 0.7071 0.0000 -0.7071
vn 0.7071 0.0000 0.7071
vn -0.7071 0.0000 -0.7071
vn 0.0000 1.0000 0.0000
vn 0.0000 -1.0000 -0.0000
vn 0.0000 0.9511 0.3090
vn 0.0000 0.5878 0.8090
vn 0.0000 0.0000 1.0000
vn 0.0000 -0.5878 0.8090
vn 0.0000 -0.9511 0.3090
vn 0.0000 -0.9511 -0.3090
vn 0.0000 -0.5878 -0.8090
vn 0.0000 0.0000 -1.0000
vn 0.0000 0.5878 -0.8090
vn 0.0000 0.9511 -0.3090
vn 1.0000 0.0000 0.0000
vn -1.0000 0.0000 0.0000
vn 1.0000 0.0000 0.0000
vn -1.0000 0.0000 0.0000
vn 1.0000 0.0000 0.0000
vn -1.0000 0.0000 0.0000
vn 1.0000 0.0000 0.0000
vn -1.0000 0.0000 0.0000
vn 1.0000 0.0000 0.0000
vn -1.0000 0.0000 0.0000
vn 1.0000 0.0000 0.0000
vn -1.0000 0.0000 0.0000
vn 1.0000 -0.0000 0.0000
vn -1.0000 0.0000 0.0000
vn 1.0000 0.0000 0.0000
vn -1.0000 0.0000 0.0000
vn 1.0000 0.0000 0.0000
vn -1.0000 0.0000 0.0000
vn 1.0000 0.0000 0.0000
vn -1.0000 0.0000 0.0000
vn 0.0000 0.9239 0.3827
vn 0.0000 0.3827 0.9239
vn 0.0000 -0.3827 0.9239
vn 0.0000 -0.9239 0.3827
vn 0.0000 -0.9239 -0.3827
vn 0.0000 -0.3827 -0.9239
vn 0.0000 0.3827 -0.9239
vn 0.0000 0.9239 -0.3827
vn 1.0000 0.0000 0.0000
vn -1.0000 0.0000 0.0000
vn 1.0000 -0.0000 0.0000
vn -1.0000 0.0000 0.0000
vn 1.0000 0.0000 0.0000
vn -1.0000 0.0000 0.0000
vn 1.0000 0.0000 0.0000
vn -1.0000 0.0000 0.0000
vn 1.0000 0.0000 0.0000
vn -1.0000 0.0000 0.0000
vn 1.0000 0.0000 0.0000
vn -1.0000 0.0000 0.0000
vn 1.0000 0.0000 0.0000
vn -1.0000 0.0000 0.0000
vn 1.0000 0.0000 0.0000
vn -1.0000 0.0000 0.0000
vn 0.0000 0.9511 0.3090
vn 0.0000 0.5878 0.8090
vn 0.0000 0.0000 1.0000
vn 0.0000 -0.5878 0.8090
vn 0.0000 -0.9511 0.3090
vn 0.0000 -0.9511 -0.3090
vn 0.0000 -0.5878 -0.8090
vn 0.0000 0.0000 -1.0000
vn 0.0000 0.5878 -0.8090
vn 0.0000 0.9511 -0.3090
vn 1.0000 0.0000 0.0000
vn -1.0000 0.0000 0.0000
vn 1.0000 -0.0000 0.0000
vn -1.0000 0.0000 0.0000
vn 1.0000 0.0000 0.0000
vn -1.0000 0.0000 0.0000
vn 1.0000 0.0000 0.0000
vn -1.0000 0.0000 0.0000
vn 1.0000 0.0000 0.0000
vn -1.0000 0.0000 0.0000
vn 1.0000 0.0000 0.0000
vn -1.0000 0.0000 0.0000
vn 1.0000 0.0000 0.0000
vn -1.0000 0.0000 0.0000
vn 1.0000 0.0000 0.0000
vn -1.0000 0.0000 0.0000
vn 1.0000 0.0000 0.0000
vn -1.0000 0.0000 0.0000
vn 1.0000 0.0000 0.0000
vn -1.0000 0.0000 0.0000
usemtl ac_pad
f 1//1 4//1 3//1 2//1
f 5//2 6//2 7//2 8//2
f 1//3 5//3 8//3 4//3
f 2//4 3//4 7//4 6//4
f 4//5 8//5 7//5 3//5
f 1//6 2//6 6//6 5//6
usemtl ac_grille
f 9//7 12//7 11//7 10//7
f 13//8 14//8 15//8 16//8
f 9//9 13//9 16//9 12//9
f 10//10 11//10 15//10 14//10
f 12//11 16//11 15//11 11//11
f 9//12 10//12 14//12 13//12
usemtl ac_coil
f 17//13 20//13 19//13 18//13
f 21//14 22//14 23//14 24//14
f 17//15 21//15 24//15 20//15
f 18//16 19//16 23//16 22//16
f 20//17 24//17 23//17 19//17
f 17//18 18//18 22//18 21//18
usemtl ac_cabinet
f 25//19 28//19 27//19 26//19
f 29//20 30//20 31//20 32//20
f 25//21 29//21 32//21 28//21
f 26//22 27//22 31//22 30//22
f 28//23 32//23 31//23 27//23
f 25//24 26//24 30//24 29//24
f 33//25 36//25 35//25 34//25
f 37//26 38//26 39//26 40//26
f 33//27 37//27 40//27 36//27
f 34//28 35//28 39//28 38//28
f 36//29 40//29 39//29 35//29
f 33//30 34//30 38//30 37//30
f 41//31 44//31 43//31 42//31
f 45//32 46//32 47//32 48//32
f 41//33 45//33 48//33 44//33
f 42//34 43//34 47//34 46//34
f 44//35 48//35 47//35 43//35
f 41//36 42//36 46//36 45//36
f 49//37 52//37 51//37 50//37
f 53//38 54//38 55//38 56//38
f 49//39 53//39 56//39 52//39
f 50//40 51//40 55//40 54//40
f 52//41 56//41 55//41 51//41
f 49//42 50//42 54//42 53//42
f 57//43 60//43 59//43 58//43
f 61//44 62//44 63//44 64//44
f 57//45 61//45 64//45 60//45
f 58//46 59//46 63//46 62//46
f 60//47 64//47 63//47 59//47
f 57//48 58//48 62//48 61//48
f 65//49 68//49 67//49 66//49
f 69//50 70//50 71//50 72//50
f 65//51 69//51 72//51 68//51
f 66//52 67//52 71//52 70//52
f 68//53 72//53 71//53 67//53
f 65//54 66//54 70//54 69//54
f 73//55 76//55 75//55 74//55
f 77//56 78//56 79//56 80//56
f 73//57 77//57 80//57 76//57
f 74//58 75//58 79//58 78//58
f 76//59 80//59 79//59 75//59
f 73//60 74//60 78//60 77//60
f 81//61 84//61 83//61 82//61
f 85//62 86//62 87//62 88//62
f 81//63 85//63 88//63 84//63
f 82//64 83//64 87//64 86//64
f 84//65 88//65 87//65 83//65
f 81//66 82//66 86//66 85//66
f 89//67 92//67 91//67 90//67
f 93//68 94//68 95//68 96//68
f 89//69 93//69 96//69 92//69
f 90//70 91//70 95//70 94//70
f 92//71 96//71 95//71 91//71
f 89//72 90//72 94//72 93//72
f 97//73 100//73 99//73 98//73
f 101//74 102//74 103//74 104//74
f 97//75 101//75 104//75 100//75
f 98//76 99//76 103//76 102//76
f 100//77 104//77 103//77 99//77
f 97//78 98//78 102//78 101//78
f 105//79 108//79 107//79 106//79
f 109//80 110//80 111//80 112//80
f 105//81 109//81 112//81 108//81
f 106//82 107//82 111//82 110//82
f 108//83 112//83 111//83 107//83
f 105//84 106//84 110//84 109//84
f 113//85 116//85 115//85 114//85
f 117//86 118//86 119//86 120//86
f 113//87 117//87 120//87 116//87
f 114//88 115//88 119//88 118//88
f 116//89 120//89 119//89 115//89
f 113//90 114//90 118//90 117//90
f 121//91 124//91 123//91 122//91
f 125//92 126//92 127//92 128//92
f 121//93 125//93 128//93 124//93
f 122//94 123//94 127//94 126//94
f 124//95 128//95 127//95 123//95
f 121//96 122//96 126//96 125//96
f 129//97 132//97 131//97 130//97
f 133//98 134//98 135//98 136//98
f 129//99 133//99 136//99 132//99
f 130//100 131//100 135//100 134//100
f 132//101 136//101 135//101 131//101
f 129//102 130//102 134//102 133//102
f 137//103 140//103 139//103 138//103
f 141//104 142//104 143//104 144//104
f 137//105 141//105 144//105 140//105
f 138//106 139//106 143//106 142//106
f 140//107 144//107 143//107 139//107
f 137//108 138//108 142//108 141//108
f 145//109 148//109 147//109 146//109
f 149//110 150//110 151//110 152//110
f 145//111 149//111 152//111 148//111
f 146//112 147//112 151//112 150//112
f 148//113 152//113 151//113 147//113
f 145//114 146//114 150//114 149//114
f 153//115 156//115 155//115 154//115
f 157//116 158//116 159//116 160//116
f 153//117 157//117 160//117 156//117
f 154//118 155//118 159//118 158//118
f 156//119 160//119 159//119 155//119
f 153//120 154//120 158//120 157//120
f 161//121 164//121 163//121 162//121
f 165//122 166//122 167//122 168//122
f 161//123 165//123 168//123 164//123
f 162//124 163//124 167//124 166//124
f 164//125 168//125 167//125 163//125
f 161//126 162//126 166//126 165//126
f 169//127 172//127 171//127 170//127
f 173//128 174//128 175//128 176//128
f 169//129 173//129 176//129 172//129
f 170//130 171//130 175//130 174//130
f 172//131 176//131 175//131 171//131
f 169//132 170//132 174//132 173//132
f 177//133 180//133 179//133 178//133
f 181//134 182//134 183//134 184//134
f 177//135 181//135 184//135 180//135
f 178//136 179//136 183//136 182//136
f 180//137 184//137 183//137 179//137
f 177//138 178//138 182//138 181//138
f 185//139 188//139 187//139 186//139
f 189//140 190//140 191//140 192//140
f 185//141 189//141 192//141 188//141
f 186//142 187//142 191//142 190//142
f 188//143 192//143 191//143 187//143
f 185//144 186//144 190//144 189//144
f 193//145 196//145 195//145 194//145
f 197//146 198//146 199//146 200//146
f 193//147 197//147 200//147 196//147
f 194//148 195//148 199//148 198//148
f 196//149 200//149 199//149 195//149
f 193//150 194//150 198//150 197//150
f 201//151 204//151 203//151 202//151
f 205//152 206//152 207//152 208//152
f 201//153 205//153 208//153 204//153
f 202//154 203//154 207//154 206//154
f 204//155 208//155 207//155 203//155
f 201//156 202//156 206//156 205//156
f 209//157 212//157 211//157 210//157
f 213//158 214//158 215//158 216//158
f 209//159 213//159 216//159 212//159
f 210//160 211//160 215//160 214//160
f 212//161 216//161 215//161 211//161
f 209//162 210//162 214//162 213//162
f 217//163 220//163 219//163 218//163
f 221//164 222//164 223//164 224//164
f 217//165 221//165 224//165 220//165
f 218//166 219//166 223//166 222//166
f 220//167 224//167 223//167 219//167
f 217//168 218//168 222//168 221//168
f 225//169 228//169 227//169 226//169
f 229//170 230//170 231//170 232//170
f 225//171 229//171 232//171 228//171
f 226//172 227//172 231//172 230//172
f 228//173 232//173 231//173 227//173
f 225//174 226//174 230//174 229//174
f 233//175 236//175 235//175 234//175
f 237//176 238//176 239//176 240//176
f 233//177 237//177 240//177 236//177
f 234//178 235//178 239//178 238//178
f 236//179 240//179 239//179 235//179
f 233//180 234//180 238//180 237//180
f 241//181 244//181 243//181 242//181
f 245//182 246//182 247//182 248//182
f 241//183 245//183 248//183 244//183
f 242//184 243//184 247//184 246//184
f 244//185 248//185 247//185 243//185
f 241//186 242//186 246//186 245//186
f 249//187 252//187 251//187 250//187
f 253//188 254//188 255//188 256//188
f 249//189 253//189 256//189 252//189
f 250//190 251//190 255//190 254//190
f 252//191 256//191 255//191 251//191
f 249//192 250//192 254//192 253//192
f 257//193 260//193 259//193 258//193
f 261//194 262//194 263//194 264//194
f 257//195 261//195 264//195 260//195
f 258//196 259//196 263//196 262//196
f 260//197 264//197 263//197 259//197
f 257//198 258//198 262//198 261//198
f 265//199 268//199 267//199 266//199
f 269//200 270//200 271//200 272//200
f 265//201 269//201 272//201 268//201
f 266//202 267//202 271//202 270//202
f 268//203 272//203 271//203 267//203
f 265//204 266//204 270//204 269//204
f 273//205 276//205 275//205 274//205
f 277//206 278//206 279//206 280//206
f 273//207 277//207 280//207 276//207
f 274//208 275//208 279//208 278//208
f 276//209 280//209 279//209 275//209
f 273//210 274//210 278//210 277//210
f 281//211 284//211 283//211 282//211
f 285//212 286//212 287//212 288//212
f 281//213 285//213 288//213 284//213
f 282//214 283//214 287//214 286//214
f 284//215 288//215 287//215 283//215
f 281//216 282//216 286//216 285//216
f 289//217 292//217 291//217 290//217
f 293//218 294//218 295//218 296//218
f 289//219 293//219 296//219 292//219
f 290//220 291//220 295//220 294//220
f 292//221 296//221 295//221 291//221
f 289//222 290//222 294//222 293//222
f 297//223 300//223 299//223 298//223
f 301//224 302//224 303//224 304//224
f 297//225 301//225 304//225 300//225
f 298//226 299//226 303//226 302//226
f 300//227 304//227 303//227 299//227
f 297//228 298//228 302//228 301//228
f 305//229 308//229 307//229 306//229
f 309//230 310//230 311//230 312//230
f 305//231 309//231 312//231 308//231
f 306//232 307//232 311//232 310//232
f 308//233 312//233 311//233 307//233
f 305//234 306//234 310//234 309//234
f 313//235 316//235 315//235 314//235
f 317//236 318//236 319//236 320//236
f 313//237 317//237 320//237 316//237
f 314//238 315//238 319//238 318//238
f 316//239 320//239 319//239 315//239
f 313//240 314//240 318//240 317//240
f 321//241 324//241 323//241 322//241
f 325//242 326//242 327//242 328//242
f 321//243 325//243 328//243 324//243
f 322//244 323//244 327//244 326//244
f 324//245 328//245 327//245 323//245
f 321//246 322//246 326//246 325//246
f 329//247 332//247 331//247 330//247
f 333//248 334//248 335//248 336//248
f 329//249 333//249 336//249 332//249
f 330//250 331//250 335//250 334//250
f 332//251 336//251 335//251 331//251
f 329//252 330//252 334//252 333//252
f 337//253 340//253 339//253 338//253
f 341//254 342//254 343//254 344//254
f 337//255 341//255 344//255 340//255
f 338//256 339//256 343//256 342//256
f 340//257 344//257 343//257 339//257
f 337//258 338//258 342//258 341//258
f 345//259 348//259 347//259 346//259
f 349//260 350//260 351//260 352//260
f 345//261 349//261 352//261 348//261
f 346//262 347//262 351//262 350//262
f 348//263 352//263 351//263 347//263
f 345//264 346//264 350//264 349//264
f 353//265 356//265 355//265 354//265
f 357//266 358//266 359//266 360//266
f 353//267 357//267 360//267 356//267
f 354//268 355//268 359//268 358//268
f 356//269 360//269 359//269 355//269
f 353//270 354//270 358//270 357//270
f 361//271 364//271 363//271 362//271
f 365//272 366//272 367//272 368//272
f 361//273 365//273 368//273 364//273
f 362//274 363//274 367//274 366//274
f 364//275 368//275 367//275 363//275
f 361//276 362//276 366//276 365//276
f 369//277 372//277 371//277 370//277
f 373//278 374//278 375//278 376//278
f 369//279 373//279 376//279 372//279
f 370//280 371//280 375//280 374//280
f 372//281 376//281 375//281 371//281
f 369//282 370//282 374//282 373//282
f 377//283 380//283 379//283 378//283
f 381//284 382//284 383//284 384//284
f 377//285 381//285 384//285 380//285
f 378//286 379//286 383//286 382//286
f 380//287 384//287 383//287 379//287
f 377//288 378//288 382//288 381//288
f 385//289 388//289 387//289 386//289
f 389//290 390//290 391//290 392//290
f 385//291 389//291 392//291 388//291
f 386//292 387//292 391//292 390//292
f 388//293 392//293 391//293 387//293
f 385//294 386//294 390//294 389//294
f 393//295 396//295 395//295 394//295
f 397//296 398//296 399//296 400//296
f 393//297 397//297 400//297 396//297
f 394//298 395//298 399//298 398//298
f 396//299 400//299 399//299 395//299
f 393//300 394//300 398//300 397//300
f 401//301 404//301 403//301 402//301
f 405//302 406//302 407//302 408//302
f 401//303 405//303 408//303 404//303
f 402//304 403//304 407//304 406//304
f 404//305 408//305 407//305 403//305
f 401//306 402//306 406//306 405//306
f 409//307 412//307 411//307 410//307
f 413//308 414//308 415//308 416//308
f 409//309 413//309 416//309 412//309
f 410//310 411//310 415//310 414//310
f 412//311 416//311 415//311 411//311
f 409//312 410//312 414//312 413//312
f 417//313 420//313 419//313 418//313
f 421//314 422//314 423//314 424//314
f 417//315 421//315 424//315 420//315
f 418//316 419//316 423//316 422//316
f 420//317 424//317 423//317 419//317
f 417//318 418//318 422//318 421//318
f 425//319 428//319 427//319 426//319
f 429//320 430//320 431//320 432//320
f 425//321 429//321 432//321 428//321
f 426//322 427//322 431//322 430//322
f 428//323 432//323 431//323 427//323
f 425//324 426//324 430//324 429//324
f 433//325 436//325 435//325 434//325
f 437//326 438//326 439//326 440//326
f 433//327 437//327 440//327 436//327
f 434//328 435//328 439//328 438//328
f 436//329 440//329 439//329 435//329
f 433//330 434//330 438//330 437//330
f 441//331 444//331 443//331 442//331
f 445//332 446//332 447//332 448//332
f 441//333 445//333 448//333 444//333
f 442//334 443//334 447//334 446//334
f 444//335 448//335 447//335 443//335
f 441//336 442//336 446//336 445//336
f 449//337 452//337 451//337 450//337
f 453//338 454//338 455//338 456//338
f 449//339 453//339 456//339 452//339
f 450//340 451//340 455//340 454//340
f 452//341 456//341 455//341 451//341
f 449//342 450//342 454//342 453//342
f 457//343 460//343 459//343 458//343
f 461//344 462//344 463//344 464//344
f 457//345 461//345 464//345 460//345
f 458//346 459//346 463//346 462//346
f 460//347 464//347 463//347 459//347
f 457//348 458//348 462//348 461//348
f 465//349 468//349 467//349 466//349
f 469//350 470//350 471//350 472//350
f 465//351 469//351 472//351 468//351
f 466//352 467//352 471//352 470//352
f 468//353 472//353 471//353 467//353
f 465//354 466//354 470//354 469//354
f 473//355 476//355 475//355 474//355
f 477//356 478//356 479//356 480//356
f 473//357 477//357 480//357 476//357
f 474//358 475//358 479//358 478//358
f 476//359 480//359 479//359 475//359
f 473//360 474//360 478//360 477//360
f 481//361 484//361 483//361 482//361
f 485//362 486//362 487//362 488//362
f 481//363 485//363 488//363 484//363
f 482//364 483//364 487//364 486//364
f 484//365 488//365 487//365 483//365
f 481//366 482//366 486//366 485//366
f 489//367 492//367 491//367 490//367
f 493//368 494//368 495//368 496//368
f 489//369 493//369 496//369 492//369
f 490//370 491//370 495//370 494//370
f 492//371 496//371 495//371 491//371
f 489//372 490//372 494//372 493//372
f 497//373 500//373 499//373 498//373
f 501//374 502//374 503//374 504//374
f 497//375 501//375 504//375 500//375
f 498//376 499//376 503//376 502//376
f 500//377 504//377 503//377 499//377
f 497//378 498//378 502//378 501//378
f 505//379 508//379 507//379 506//379
f 509//380 510//380 511//380 512//380
f 505//381 509//381 512//381 508//381
f 506//382 507//382 511//382 510//382
f 508//383 512//383 511//383 507//383
f 505//384 506//384 510//384 509//384
f 513//385 516//385 515//385 514//385
f 517//386 518//386 519//386 520//386
f 513//387 517//387 520//387 516//387
f 514//388 515//388 519//388 518//388
f 516//389 520//389 519//389 515//389
f 513//390 514//390 518//390 517//390
f 521//391 524//391 523//391 522//391
f 525//392 526//392 527//392 528//392
f 521//393 525//393 528//393 524//393
f 522//394 523//394 527//394 526//394
f 524//395 528//395 527//395 523//395
f 521//396 522//396 526//396 525//396
f 529//397 532//397 531//397 530//397
f 533//398 534//398 535//398 536//398
f 529//399 533//399 536//399 532//399
f 530//400 531//400 535//400 534//400
f 532//401 536//401 535//401 531//401
f 529//402 530//402 534//402 533//402
f 537//403 540//403 539//403 538//403
f 541//404 542//404 543//404 544//404
f 537//405 541//405 544//405 540//405
f 538//406 539//406 543//406 542//406
f 540//407 544//407 543//407 539//407
f 537//408 538//408 542//408 541//408
f 545//409 548//409 547//409 546//409
f 549//410 550//410 551//410 552//410
f 545//411 549//411 552//411 548//411
f 546//412 547//412 551//412 550//412
f 548//413 552//413 551//413 547//413
f 545//414 546//414 550//414 549//414
f 553//415 556//415 555//415 554//415
f 557//416 558//416 559//416 560//416
f 553//417 557//417 560//417 556//417
f 554//418 555//418 559//418 558//418
f 556//419 560//419 559//419 555//419
f 553//420 554//420 558//420 557//420
f 561//421 564//421 563//421 562//421
f 565//422 566//422 567//422 568//422
f 561//423 565//423 568//423 564//423
f 562//424 563//424 567//424 566//424
f 564//425 568//425 567//425 563//425
f 561//426 562//426 566//426 565//426
f 569//427 572//427 571//427 570//427
f 573//428 574//428 575//428 576//428
f 569//429 573//429 576//429 572//429
f 570//430 571//430 575//430 574//430
f 572//431 576//431 575//431 571//431
f 569//432 570//432 574//432 573//432
usemtl label_white
f 577//433 580//433 579//433 578//433
f 581//434 582//434 583//434 584//434
f 577//435 581//435 584//435 580//435
f 578//436 579//436 583//436 582//436
f 580//437 584//437 583//437 579//437
f 577//438 578//438 582//438 581//438
usemtl label_black
f 585//439 588//439 587//439 586//439
f 589//440 590//440 591//440 592//440
f 585//441 589//441 592//441 588//441
f 586//442 587//442 591//442 590//442
f 588//443 592//443 591//443 587//443
f 585//444 586//444 590//444 589//444
f 593//445 596//445 595//445 594//445
f 597//446 598//446 599//446 600//446
f 593//447 597//447 600//447 596//447
f 594//448 595//448 599//448 598//448
f 596//449 600//449 599//449 595//449
f 593//450 594//450 598//450 597//450
usemtl label_yellow
f 601//451 604//451 603//451 602//451
f 605//452 606//452 607//452 608//452
f 601//453 605//453 608//453 604//453
f 602//454 603//454 607//454 606//454
f 604//455 608//455 607//455 603//455
f 601//456 602//456 606//456 605//456
usemtl galvanized
f 610//457 612//457 611//457 609//457
f 612//458 614//458 613//458 611//458
f 614//459 616//459 615//459 613//459
f 616//460 618//460 617//460 615//460
f 618//461 620//461 619//461 617//461
f 620//462 622//462 621//462 619//462
f 622//463 624//463 623//463 621//463
f 624//464 610//464 609//464 623//464
f 609//465 611//465 625//465
f 612//466 610//466 626//466
f 611//467 613//467 625//467
f 614//468 612//468 626//468
f 613//469 615//469 625//469
f 616//470 614//470 626//470
f 615//471 617//471 625//471
f 618//472 616//472 626//472
f 617//473 619//473 625//473
f 620//474 618//474 626//474
f 619//475 621//475 625//475
f 622//476 620//476 626//476
f 621//477 623//477 625//477
f 624//478 622//478 626//478
f 623//479 609//479 625//479
f 610//480 624//480 626//480
f 628//481 630//481 629//481 627//481
f 630//482 632//482 631//482 629//482
f 632//483 634//483 633//483 631//483
f 634//484 636//484 635//484 633//484
f 636//485 638//485 637//485 635//485
f 638//486 640//486 639//486 637//486
f 640//487 642//487 641//487 639//487
f 642//488 628//488 627//488 641//488
f 627//489 629//489 643//489
f 630//490 628//490 644//490
f 629//491 631//491 643//491
f 632//492 630//492 644//492
f 631//493 633//493 643//493
f 634//494 632//494 644//494
f 633//495 635//495 643//495
f 636//496 634//496 644//496
f 635//497 637//497 643//497
f 638//498 636//498 644//498
f 637//499 639//499 643//499
f 640//500 638//500 644//500
f 639//501 641//501 643//501
f 642//502 640//502 644//502
f 641//503 627//503 643//503
f 628//504 642//504 644//504
f 646//505 648//505 647//505 645//505
f 648//506 650//506 649//506 647//506
f 650//507 652//507 651//507 649//507
f 652//508 654//508 653//508 651//508
f 654//509 656//509 655//509 653//509
f 656//510 658//510 657//510 655//510
f 658//511 660//511 659//511 657//511
f 660//512 646//512 645//512 659//512
f 645//513 647//513 661//513
f 648//514 646//514 662//514
f 647//515 649//515 661//515
f 650//516 648//516 662//516
f 649//517 651//517 661//517
f 652//518 650//518 662//518
f 651//519 653//519 661//519
f 654//520 652//520 662//520
f 653//521 655//521 661//521
f 656//522 654//522 662//522
f 655//523 657//523 661//523
f 658//524 656//524 662//524
f 657//525 659//525 661//525
f 660//526 658//526 662//526
f 659//527 645//527 661//527
f 646//528 660//528 662//528
f 664//529 666//529 665//529 663//529
f 666//530 668//530 667//530 665//530
f 668//531 670//531 669//531 667//531
f 670//532 672//532 671//532 669//532
f 672//533 674//533 673//533 671//533
f 674//534 676//534 675//534 673//534
f 676//535 678//535 677//535 675//535
f 678//536 664//536 663//536 677//536
f 663//537 665//537 679//537
f 666//538 664//538 680//538
f 665//539 667//539 679//539
f 668//540 666//540 680//540
f 667//541 669//541 679//541
f 670//542 668//542 680//542
f 669//543 671//543 679//543
f 672//544 670//544 680//544
f 671//545 673//545 679//545
f 674//546 672//546 680//546
f 673//547 675//547 679//547
f 676//548 674//548 680//548
f 675//549 677//549 679//549
f 678//550 676//550 680//550
f 677//551 663//551 679//551
f 664//552 678//552 680//552
usemtl ac_cabinet
f 681//553 684//553 683//553 682//553
f 685//554 686//554 687//554 688//554
f 681//555 685//555 688//555 684//555
f 682//556 683//556 687//556 686//556
f 684//557 688//557 687//557 683//557
f 681//558 682//558 686//558 685//558
f 689//559 692//559 691//559 690//559
f 693//560 694//560 695//560 696//560
f 689//561 693//561 696//561 692//561
f 690//562 691//562 695//562 694//562
f 692//563 696//563 695//563 691//563
f 689//564 690//564 694//564 693//564
f 697//565 700//565 699//565 698//565
f 701//566 702//566 703//566 704//566
f 697//567 701//567 704//567 700//567
f 698//568 699//568 703//568 702//568
f 700//569 704//569 703//569 699//569
f 697//570 698//570 702//570 701//570
f 705//571 708//571 707//571 706//571
f 709//572 710//572 711//572 712//572
f 705//573 709//573 712//573 708//573
f 706//574 707//574 711//574 710//574
f 708//575 712//575 711//575 707//575
f 705//576 706//576 710//576 709//576
usemtl ac_fan
f 713//577 716//577 715//577 714//577
f 717//578 718//578 719//578 720//578
f 713//579 717//579 720//579 716//579
f 714//580 715//580 719//580 718//580
f 716//581 720//581 719//581 715//581
f 713//582 714//582 718//582 717//582
usemtl ac_cabinet
f 721//583 723//583 724//583 722//583
f 723//584 725//584 726//584 724//584
f 725//585 727//585 728//585 726//585
f 727//586 729//586 730//586 728//586
f 729//587 731//587 732//587 730//587
f 731//588 733//588 734//588 732//588
f 733//589 735//589 736//589 734//589
f 735//590 737//590 738//590 736//590
f 737//591 739//591 740//591 738//591
f 739//592 741//592 742//592 740//592
f 741//593 743//593 744//593 742//593
f 743//594 745//594 746//594 744//594
f 745//595 747//595 748//595 746//595
f 747//596 749//596 750//596 748//596
f 749//597 751//597 752//597 750//597
f 751//598 753//598 754//598 752//598
f 753//599 755//599 756//599 754//599
f 755//600 757//600 758//600 756//600
f 757//601 759//601 760//601 758//601
f 759//602 761//602 762//602 760//602
f 761//603 763//603 764//603 762//603
f 763//604 765//604 766//604 764//604
f 765//605 767//605 768//605 766//605
f 767//606 769//606 770//606 768//606
f 769//607 771//607 772//607 770//607
f 771//608 773//608 774//608 772//608
f 773//609 775//609 776//609 774//609
f 775//610 777//610 778//610 776//610
f 777//611 779//611 780//611 778//611
f 779//612 781//612 782//612 780//612
f 781//613 783//613 784//613 782//613
f 783//614 721//614 722//614 784//614
usemtl ac_fan
f 785//615 787//615 788//615 786//615
f 787//616 789//616 790//616 788//616
f 789//617 791//617 792//617 790//617
f 791//618 793//618 794//618 792//618
f 793//619 795//619 796//619 794//619
f 795//620 797//620 798//620 796//620
f 797//621 799//621 800//621 798//621
f 799//622 801//622 802//622 800//622
f 801//623 803//623 804//623 802//623
f 803//624 805//624 806//624 804//624
f 805//625 807//625 808//625 806//625
f 807//626 809//626 810//626 808//626
f 809//627 811//627 812//627 810//627
f 811//628 785//628 786//628 812//628
f 813//629 787//629 785//629
f 814//630 786//630 788//630
f 813//631 789//631 787//631
f 814//632 788//632 790//632
f 813//633 791//633 789//633
f 814//634 790//634 792//634
f 813//635 793//635 791//635
f 814//636 792//636 794//636
f 813//637 795//637 793//637
f 814//638 794//638 796//638
f 813//639 797//639 795//639
f 814//640 796//640 798//640
f 813//641 799//641 797//641
f 814//642 798//642 800//642
f 813//643 801//643 799//643
f 814//644 800//644 802//644
f 813//645 803//645 801//645
f 814//646 802//646 804//646
f 813//647 805//647 803//647
f 814//648 804//648 806//648
f 813//649 807//649 805//649
f 814//650 806//650 808//650
f 813//651 809//651 807//651
f 814//652 808//652 810//652
f 813//653 811//653 809//653
f 814//654 810//654 812//654
f 813//655 785//655 811//655
f 814//656 812//656 786//656
usemtl ac_grille
f 815//657 818//657 817//657 816//657
f 819//658 820//658 821//658 822//658
f 815//659 819//659 822//659 818//659
f 816//660 817//660 821//660 820//660
f 818//661 822//661 821//661 817//661
f 815//662 816//662 820//662 819//662
f 823//663 826//663 825//663 824//663
f 827//664 828//664 829//664 830//664
f 823//665 827//665 830//665 826//665
f 824//666 825//666 829//666 828//666
f 826//667 830//667 829//667 825//667
f 823//668 824//668 828//668 827//668
f 831//669 834//669 833//669 832//669
f 835//670 836//670 837//670 838//670
f 831//671 835//671 838//671 834//671
f 832//672 833//672 837//672 836//672
f 834//673 838//673 837//673 833//673
f 831//674 832//674 836//674 835//674
f 839//675 840//675 846//675 845//675
f 840//676 841//676 847//676 846//676
f 841//677 842//677 848//677 847//677
f 842//678 843//678 849//678 848//678
f 843//679 844//679 850//679 849//679
f 844//680 839//680 845//680 850//680
f 845//681 846//681 852//681 851//681
f 846//682 847//682 853//682 852//682
f 847//683 848//683 854//683 853//683
f 848//684 849//684 855//684 854//684
f 849//685 850//685 856//685 855//685
f 850//686 845//686 851//686 856//686
f 851//687 852//687 858//687 857//687
f 852//688 853//688 859//688 858//688
f 853//689 854//689 860//689 859//689
f 854//690 855//690 861//690 860//690
f 855//691 856//691 862//691 861//691
f 856//692 851//692 857//692 862//692
f 857//693 858//693 864//693 863//693
f 858//694 859//694 865//694 864//694
f 859//695 860//695 866//695 865//695
f 860//696 861//696 867//696 866//696
f 861//697 862//697 868//697 867//697
f 862//698 857//698 863//698 868//698
f 863//699 864//699 870//699 869//699
f 864//700 865//700 871//700 870//700
f 865//701 866//701 872//701 871//701
f 866//702 867//702 873//702 872//702
f 867//703 868//703 874//703 873//703
f 868//704 863//704 869//704 874//704
f 869//705 870//705 876//705 875//705
f 870//706 871//706 877//706 876//706
f 871//707 872//707 878//707 877//707
f 872//708 873//708 879//708 878//708
f 873//709 874//709 880//709 879//709
f 874//710 869//710 875//710 880//710
f 875//711 876//711 882//711 881//711
f 876//712 877//712 883//712 882//712
f 877//713 878//713 884//713 883//713
f 878//714 879//714 885//714 884//714
f 879//715 880//715 886//715 885//715
f 880//716 875//716 881//716 886//716
f 881//717 882//717 888//717 887//717
f 882//718 883//718 889//718 888//718
f 883//719 884//719 890//719 889//719
f 884//720 885//720 891//720 890//720
f 885//721 886//721 892//721 891//721
f 886//722 881//722 887//722 892//722
f 887//723 888//723 894//723 893//723
f 888//724 889//724 895//724 894//724
f 889//725 890//725 896//725 895//725
f 890//726 891//726 897//726 896//726
f 891//727 892//727 898//727 897//727
f 892//728 887//728 893//728 898//728
f 893//729 894//729 900//729 899//729
f 894//730 895//730 901//730 900//730
f 895//731 896//731 902//731 901//731
f 896//732 897//732 903//732 902//732
f 897//733 898//733 904//733 903//733
f 898//734 893//734 899//734 904//734
f 899//735 900//735 906//735 905//735
f 900//736 901//736 907//736 906//736
f 901//737 902//737 908//737 907//737
f 902//738 903//738 909//738 908//738
f 903//739 904//739 910//739 909//739
f 904//740 899//740 905//740 910//740
f 905//741 906//741 912//741 911//741
f 906//742 907//742 913//742 912//742
f 907//743 908//743 914//743 913//743
f 908//744 909//744 915//744 914//744
f 909//745 910//745 916//745 915//745
f 910//746 905//746 911//746 916//746
f 911//747 912//747 918//747 917//747
f 912//748 913//748 919//748 918//748
f 913//749 914//749 920//749 919//749
f 914//750 915//750 921//750 920//750
f 915//751 916//751 922//751 921//751
f 916//752 911//752 917//752 922//752
f 917//753 918//753 924//753 923//753
f 918//754 919//754 925//754 924//754
f 919//755 920//755 926//755 925//755
f 920//756 921//756 927//756 926//756
f 921//757 922//757 928//757 927//757
f 922//758 917//758 923//758 928//758
f 923//759 924//759 930//759 929//759
f 924//760 925//760 931//760 930//760
f 925//761 926//761 932//761 931//761
f 926//762 927//762 933//762 932//762
f 927//763 928//763 934//763 933//763
f 928//764 923//764 929//764 934//764
f 929//765 930//765 936//765 935//765
f 930//766 931//766 937//766 936//766
f 931//767 932//767 938//767 937//767
f 932//768 933//768 939//768 938//768
f 933//769 934//769 940//769 939//769
f 934//770 929//770 935//770 940//770
f 935//771 936//771 942//771 941//771
f 936//772 937//772 943//772 942//772
f 937//773 938//773 944//773 943//773
f 938//774 939//774 945//774 944//774
f 939//775 940//775 946//775 945//775
f 940//776 935//776 941//776 946//776
f 941//777 942//777 948//777 947//777
f 942//778 943//778 949//778 948//778
f 943//779 944//779 950//779 949//779
f 944//780 945//780 951//780 950//780
f 945//781 946//781 952//781 951//781
f 946//782 941//782 947//782 952//782
f 947//783 948//783 954//783 953//783
f 948//784 949//784 955//784 954//784
f 949//785 950//785 956//785 955//785
f 950//786 951//786 957//786 956//786
f 951//787 952//787 958//787 957//787
f 952//788 947//788 953//788 958//788
f 953//789 954//789 960//789 959//789
f 954//790 955//790 961//790 960//790
f 955//791 956//791 962//791 961//791
f 956//792 957//792 963//792 962//792
f 957//793 958//793 964//793 963//793
f 958//794 953//794 959//794 964//794
f 959//795 960//795 966//795 965//795
f 960//796 961//796 967//796 966//796
f 961//797 962//797 968//797 967//797
f 962//798 963//798 969//798 968//798
f 963//799 964//799 970//799 969//799
f 964//800 959//800 965//800 970//800
f 965//801 966//801 972//801 971//801
f 966//802 967//802 973//802 972//802
f 967//803 968//803 974//803 973//803
f 968//804 969//804 975//804 974//804
f 969//805 970//805 976//805 975//805
f 970//806 965//806 971//806 976//806
f 971//807 972//807 978//807 977//807
f 972//808 973//808 979//808 978//808
f 973//809 974//809 980//809 979//809
f 974//810 975//810 981//810 980//810
f 975//811 976//811 982//811 981//811
f 976//812 971//812 977//812 982//812
f 977//813 978//813 984//813 983//813
f 978//814 979//814 985//814 984//814
f 979//815 980//815 986//815 985//815
f 980//816 981//816 987//816 986//816
f 981//817 982//817 988//817 987//817
f 982//818 977//818 983//818 988//818
f 983//819 984//819 990//819 989//819
f 984//820 985//820 991//820 990//820
f 985//821 986//821 992//821 991//821
f 986//822 987//822 993//822 992//822
f 987//823 988//823 994//823 993//823
f 988//824 983//824 989//824 994//824
f 989//825 990//825 996//825 995//825
f 990//826 991//826 997//826 996//826
f 991//827 992//827 998//827 997//827
f 992//828 993//828 999//828 998//828
f 993//829 994//829 1000//829 999//829
f 994//830 989//830 995//830 1000//830
f 995//831 996//831 1002//831 1001//831
f 996//832 997//832 1003//832 1002//832
f 997//833 998//833 1004//833 1003//833
f 998//834 999//834 1005//834 1004//834
f 999//835 1000//835 1006//835 1005//835
f 1000//836 995//836 1001//836 1006//836
f 1001//837 1002//837 1008//837 1007//837
f 1002//838 1003//838 1009//838 1008//838
f 1003//839 1004//839 1010//839 1009//839
f 1004//840 1005//840 1011//840 1010//840
f 1005//841 1006//841 1012//841 1011//841
f 1006//842 1001//842 1007//842 1012//842
f 1007//843 1008//843 1014//843 1013//843
f 1008//844 1009//844 1015//844 1014//844
f 1009//845 1010//845 1016//845 1015//845
f 1010//846 1011//846 1017//846 1016//846
f 1011//847 1012//847 1018//847 1017//847
f 1012//848 1007//848 1013//848 1018//848
f 1013//849 1014//849 1020//849 1019//849
f 1014//850 1015//850 1021//850 1020//850
f 1015//851 1016//851 1022//851 1021//851
f 1016//852 1017//852 1023//852 1022//852
f 1017//853 1018//853 1024//853 1023//853
f 1018//854 1013//854 1019//854 1024//854
f 1019//855 1020//855 1026//855 1025//855
f 1020//856 1021//856 1027//856 1026//856
f 1021//857 1022//857 1028//857 1027//857
f 1022//858 1023//858 1029//858 1028//858
f 1023//859 1024//859 1030//859 1029//859
f 1024//860 1019//860 1025//860 1030//860
f 1025//861 1026//861 840//861 839//861
f 1026//862 1027//862 841//862 840//862
f 1027//863 1028//863 842//863 841//863
f 1028//864 1029//864 843//864 842//864
f 1029//865 1030//865 844//865 843//865
f 1030//866 1025//866 839//866 844//866
f 1031//867 1032//867 1038//867 1037//867
f 1032//868 1033//868 1039//868 1038//868
f 1033//869 1034//869 1040//869 1039//869
f 1034//870 1035//870 1041//870 1040//870
f 1035//871 1036//871 1042//871 1041//871
f 1036//872 1031//872 1037//872 1042//872
f 1037//873 1038//873 1044//873 1043//873
f 1038//874 1039//874 1045//874 1044//874
f 1039//875 1040//875 1046//875 1045//875
f 1040//876 1041//876 1047//876 1046//876
f 1041//877 1042//877 1048//877 1047//877
f 1042//878 1037//878 1043//878 1048//878
f 1043//879 1044//879 1050//879 1049//879
f 1044//880 1045//880 1051//880 1050//880
f 1045//881 1046//881 1052//881 1051//881
f 1046//882 1047//882 1053//882 1052//882
f 1047//883 1048//883 1054//883 1053//883
f 1048//884 1043//884 1049//884 1054//884
f 1049//885 1050//885 1056//885 1055//885
f 1050//886 1051//886 1057//886 1056//886
f 1051//887 1052//887 1058//887 1057//887
f 1052//888 1053//888 1059//888 1058//888
f 1053//889 1054//889 1060//889 1059//889
f 1054//890 1049//890 1055//890 1060//890
f 1055//891 1056//891 1062//891 1061//891
f 1056//892 1057//892 1063//892 1062//892
f 1057//893 1058//893 1064//893 1063//893
f 1058//894 1059//894 1065//894 1064//894
f 1059//895 1060//895 1066//895 1065//895
f 1060//896 1055//896 1061//896 1066//896
f 1061//897 1062//897 1068//897 1067//897
f 1062//898 1063//898 1069//898 1068//898
f 1063//899 1064//899 1070//899 1069//899
f 1064//900 1065//900 1071//900 1070//900
f 1065//901 1066//901 1072//901 1071//901
f 1066//902 1061//902 1067//902 1072//902
f 1067//903 1068//903 1074//903 1073//903
f 1068//904 1069//904 1075//904 1074//904
f 1069//905 1070//905 1076//905 1075//905
f 1070//906 1071//906 1077//906 1076//906
f 1071//907 1072//907 1078//907 1077//907
f 1072//908 1067//908 1073//908 1078//908
f 1073//909 1074//909 1080//909 1079//909
f 1074//910 1075//910 1081//910 1080//910
f 1075//911 1076//911 1082//911 1081//911
f 1076//912 1077//912 1083//912 1082//912
f 1077//913 1078//913 1084//913 1083//913
f 1078//914 1073//914 1079//914 1084//914
f 1079//915 1080//915 1086//915 1085//915
f 1080//916 1081//916 1087//916 1086//916
f 1081//917 1082//917 1088//917 1087//917
f 1082//918 1083//918 1089//918 1088//918
f 1083//919 1084//919 1090//919 1089//919
f 1084//920 1079//920 1085//920 1090//920
f 1085//921 1086//921 1092//921 1091//921
f 1086//922 1087//922 1093//922 1092//922
f 1087//923 1088//923 1094//923 1093//923
f 1088//924 1089//924 1095//924 1094//924
f 1089//925 1090//925 1096//925 1095//925
f 1090//926 1085//926 1091//926 1096//926
f 1091//927 1092//927 1098//927 1097//927
f 1092//928 1093//928 1099//928 1098//928
f 1093//929 1094//929 1100//929 1099//929
f 1094//930 1095//930 1101//930 1100//930
f 1095//931 1096//931 1102//931 1101//931
f 1096//932 1091//932 1097//932 1102//932
f 1097//933 1098//933 1104//933 1103//933
f 1098//934 1099//934 1105//934 1104//934
f 1099//935 1100//935 1106//935 1105//935
f 1100//936 1101//936 1107//936 1106//936
f 1101//937 1102//937 1108//937 1107//937
f 1102//938 1097//938 1103//938 1108//938
f 1103//939 1104//939 1110//939 1109//939
f 1104//940 1105//940 1111//940 1110//940
f 1105//941 1106//941 1112//941 1111//941
f 1106//942 1107//942 1113//942 1112//942
f 1107//943 1108//943 1114//943 1113//943
f 1108//944 1103//944 1109//944 1114//944
f 1109//945 1110//945 1116//945 1115//945
f 1110//946 1111//946 1117//946 1116//946
f 1111//947 1112//947 1118//947 1117//947
f 1112//948 1113//948 1119//948 1118//948
f 1113//949 1114//949 1120//949 1119//949
f 1114//950 1109//950 1115//950 1120//950
f 1115//951 1116//951 1122//951 1121//951
f 1116//952 1117//952 1123//952 1122//952
f 1117//953 1118//953 1124//953 1123//953
f 1118//954 1119//954 1125//954 1124//954
f 1119//955 1120//955 1126//955 1125//955
f 1120//956 1115//956 1121//956 1126//956
f 1121//957 1122//957 1128//957 1127//957
f 1122//958 1123//958 1129//958 1128//958
f 1123//959 1124//959 1130//959 1129//959
f 1124//960 1125//960 1131//960 1130//960
f 1125//961 1126//961 1132//961 1131//961
f 1126//962 1121//962 1127//962 1132//962
f 1127//963 1128//963 1134//963 1133//963
f 1128//964 1129//964 1135//964 1134//964
f 1129//965 1130//965 1136//965 1135//965
f 1130//966 1131//966 1137//966 1136//966
f 1131//967 1132//967 1138//967 1137//967
f 1132//968 1127//968 1133//968 1138//968
f 1133//969 1134//969 1140//969 1139//969
f 1134//970 1135//970 1141//970 1140//970
f 1135//971 1136//971 1142//971 1141//971
f 1136//972 1137//972 1143//972 1142//972
f 1137//973 1138//973 1144//973 1143//973
f 1138//974 1133//974 1139//974 1144//974
f 1139//975 1140//975 1146//975 1145//975
f 1140//976 1141//976 1147//976 1146//976
f 1141//977 1142//977 1148//977 1147//977
f 1142//978 1143//978 1149//978 1148//978
f 1143//979 1144//979 1150//979 1149//979
f 1144//980 1139//980 1145//980 1150//980
f 1145//981 1146//981 1152//981 1151//981
f 1146//982 1147//982 1153//982 1152//982
f 1147//983 1148//983 1154//983 1153//983
f 1148//984 1149//984 1155//984 1154//984
f 1149//985 1150//985 1156//985 1155//985
f 1150//986 1145//986 1151//986 1156//986
f 1151//987 1152//987 1158//987 1157//987
f 1152//988 1153//988 1159//988 1158//988
f 1153//989 1154//989 1160//989 1159//989
f 1154//990 1155//990 1161//990 1160//990
f 1155//991 1156//991 1162//991 1161//991
f 1156//992 1151//992 1157//992 1162//992
f 1157//993 1158//993 1164//993 1163//993
f 1158//994 1159//994 1165//994 1164//994
f 1159//995 1160//995 1166//995 1165//995
f 1160//996 1161//996 1167//996 1166//996
f 1161//997 1162//997 1168//997 1167//997
f 1162//998 1157//998 1163//998 1168//998
f 1163//999 1164//999 1170//999 1169//999
f 1164//1000 1165//1000 1171//1000 1170//1000
f 1165//1001 1166//1001 1172//1001 1171//1001
f 1166//1002 1167//1002 1173//1002 1172//1002
f 1167//1003 1168//1003 1174//1003 1173//1003
f 1168//1004 1163//1004 1169//1004 1174//1004
f 1169//1005 1170//1005 1176//1005 1175//1005
f 1170//1006 1171//1006 1177//1006 1176//1006
f 1171//1007 1172//1007 1178//1007 1177//1007
f 1172//1008 1173//1008 1179//1008 1178//1008
f 1173//1009 1174//1009 1180//1009 1179//1009
f 1174//1010 1169//1010 1175//1010 1180//1010
f 1175//1011 1176//1011 1182//1011 1181//1011
f 1176//1012 1177//1012 1183//1012 1182//1012
f 1177//1013 1178//1013 1184//1013 1183//1013
f 1178//1014 1179//1014 1185//1014 1184//1014
f 1179//1015 1180//1015 1186//1015 1185//1015
f 1180//1016 1175//1016 1181//1016 1186//1016
f 1181//1017 1182//1017 1188//1017 1187//1017
f 1182//1018 1183//1018 1189//1018 1188//1018
f 1183//1019 1184//1019 1190//1019 1189//1019
f 1184//1020 1185//1020 1191//1020 1190//1020
f 1185//1021 1186//1021 1192//1021 1191//1021
f 1186//1022 1181//1022 1187//1022 1192//1022
f 1187//1023 1188//1023 1194//1023 1193//1023
f 1188//1024 1189//1024 1195//1024 1194//1024
f 1189//1025 1190//1025 1196//1025 1195//1025
f 1190//1026 1191//1026 1197//1026 1196//1026
f 1191//1027 1192//1027 1198//1027 1197//1027
f 1192//1028 1187//1028 1193//1028 1198//1028
f 1193//1029 1194//1029 1200//1029 1199//1029
f 1194//1030 1195//1030 1201//1030 1200//1030
f 1195//1031 1196//1031 1202//1031 1201//1031
f 1196//1032 1197//1032 1203//1032 1202//1032
f 1197//1033 1198//1033 1204//1033 1203//1033
f 1198//1034 1193//1034 1199//1034 1204//1034
f 1199//1035 1200//1035 1206//1035 1205//1035
f 1200//1036 1201//1036 1207//1036 1206//1036
f 1201//1037 1202//1037 1208//1037 1207//1037
f 1202//1038 1203//1038 1209//1038 1208//1038
f 1203//1039 1204//1039 1210//1039 1209//1039
f 1204//1040 1199//1040 1205//1040 1210//1040
f 1205//1041 1206//1041 1212//1041 1211//1041
f 1206//1042 1207//1042 1213//1042 1212//1042
f 1207//1043 1208//1043 1214//1043 1213//1043
f 1208//1044 1209//1044 1215//1044 1214//1044
f 1209//1045 1210//1045 1216//1045 1215//1045
f 1210//1046 1205//1046 1211//1046 1216//1046
f 1211//1047 1212//1047 1218//1047 1217//1047
f 1212//1048 1213//1048 1219//1048 1218//1048
f 1213//1049 1214//1049 1220//1049 1219//1049
f 1214//1050 1215//1050 1221//1050 1220//1050
f 1215//1051 1216//1051 1222//1051 1221//1051
f 1216//1052 1211//1052 1217//1052 1222//1052
f 1217//1053 1218//1053 1032//1053 1031//1053
f 1218//1054 1219//1054 1033//1054 1032//1054
f 1219//1055 1220//1055 1034//1055 1033//1055
f 1220//1056 1221//1056 1035//1056 1034//1056
f 1221//1057 1222//1057 1036//1057 1035//1057
f 1222//1058 1217//1058 1031//1058 1036//1058
f 1223//1059 1224//1059 1230//1059 1229//1059
f 1224//1060 1225//1060 1231//1060 1230//1060
f 1225//1061 1226//1061 1232//1061 1231//1061
f 1226//1062 1227//1062 1233//1062 1232//1062
f 1227//1063 1228//1063 1234//1063 1233//1063
f 1228//1064 1223//1064 1229//1064 1234//1064
f 1229//1065 1230//1065 1236//1065 1235//1065
f 1230//1066 1231//1066 1237//1066 1236//1066
f 1231//1067 1232//1067 1238//1067 1237//1067
f 1232//1068 1233//1068 1239//1068 1238//1068
f 1233//1069 1234//1069 1240//1069 1239//1069
f 1234//1070 1229//1070 1235//1070 1240//1070
f 1235//1071 1236//1071 1242//1071 1241//1071
f 1236//1072 1237//1072 1243//1072 1242//1072
f 1237//1073 1238//1073 1244//1073 1243//1073
f 1238//1074 1239//1074 1245//1074 1244//1074
f 1239//1075 1240//1075 1246//1075 1245//1075
f 1240//1076 1235//1076 1241//1076 1246//1076
f 1241//1077 1242//1077 1248//1077 1247//1077
f 1242//1078 1243//1078 1249//1078 1248//1078
f 1243//1079 1244//1079 1250//1079 1249//1079
f 1244//1080 1245//1080 1251//1080 1250//1080
f 1245//1081 1246//1081 1252//1081 1251//1081
f 1246//1082 1241//1082 1247//1082 1252//1082
f 1247//1083 1248//1083 1254//1083 1253//1083
f 1248//1084 1249//1084 1255//1084 1254//1084
f 1249//1085 1250//1085 1256//1085 1255//1085
f 1250//1086 1251//1086 1257//1086 1256//1086
f 1251//1087 1252//1087 1258//1087 1257//1087
f 1252//1088 1247//1088 1253//1088 1258//1088
f 1253//1089 1254//1089 1260//1089 1259//1089
f 1254//1090 1255//1090 1261//1090 1260//1090
f 1255//1091 1256//1091 1262//1091 1261//1091
f 1256//1092 1257//1092 1263//1092 1262//1092
f 1257//1093 1258//1093 1264//1093 1263//1093
f 1258//1094 1253//1094 1259//1094 1264//1094
f 1259//1095 1260//1095 1266//1095 1265//1095
f 1260//1096 1261//1096 1267//1096 1266//1096
f 1261//1097 1262//1097 1268//1097 1267//1097
f 1262//1098 1263//1098 1269//1098 1268//1098
f 1263//1099 1264//1099 1270//1099 1269//1099
f 1264//1100 1259//1100 1265//1100 1270//1100
f 1265//1101 1266//1101 1272//1101 1271//1101
f 1266//1102 1267//1102 1273//1102 1272//1102
f 1267//1103 1268//1103 1274//1103 1273//1103
f 1268//1104 1269//1104 1275//1104 1274//1104
f 1269//1105 1270//1105 1276//1105 1275//1105
f 1270//1106 1265//1106 1271//1106 1276//1106
f 1271//1107 1272//1107 1278//1107 1277//1107
f 1272//1108 1273//1108 1279//1108 1278//1108
f 1273//1109 1274//1109 1280//1109 1279//1109
f 1274//1110 1275//1110 1281//1110 1280//1110
f 1275//1111 1276//1111 1282//1111 1281//1111
f 1276//1112 1271//1112 1277//1112 1282//1112
f 1277//1113 1278//1113 1284//1113 1283//1113
f 1278//1114 1279//1114 1285//1114 1284//1114
f 1279//1115 1280//1115 1286//1115 1285//1115
f 1280//1116 1281//1116 1287//1116 1286//1116
f 1281//1117 1282//1117 1288//1117 1287//1117
f 1282//1118 1277//1118 1283//1118 1288//1118
f 1283//1119 1284//1119 1290//1119 1289//1119
f 1284//1120 1285//1120 1291//1120 1290//1120
f 1285//1121 1286//1121 1292//1121 1291//1121
f 1286//1122 1287//1122 1293//1122 1292//1122
f 1287//1123 1288//1123 1294//1123 1293//1123
f 1288//1124 1283//1124 1289//1124 1294//1124
f 1289//1125 1290//1125 1296//1125 1295//1125
f 1290//1126 1291//1126 1297//1126 1296//1126
f 1291//1127 1292//1127 1298//1127 1297//1127
f 1292//1128 1293//1128 1299//1128 1298//1128
f 1293//1129 1294//1129 1300//1129 1299//1129
f 1294//1130 1289//1130 1295//1130 1300//1130
f 1295//1131 1296//1131 1302//1131 1301//1131
f 1296//1132 1297//1132 1303//1132 1302//1132
f 1297//1133 1298//1133 1304//1133 1303//1133
f 1298//1134 1299//1134 1305//1134 1304//1134
f 1299//1135 1300//1135 1306//1135 1305//1135
f 1300//1136 1295//1136 1301//1136 1306//1136
f 1301//1137 1302//1137 1308//1137 1307//1137
f 1302//1138 1303//1138 1309//1138 1308//1138
f 1303//1139 1304//1139 1310//1139 1309//1139
f 1304//1140 1305//1140 1311//1140 1310//1140
f 1305//1141 1306//1141 1312//1141 1311//1141
f 1306//1142 1301//1142 1307//1142 1312//1142
f 1307//1143 1308//1143 1314//1143 1313//1143
f 1308//1144 1309//1144 1315//1144 1314//1144
f 1309//1145 1310//1145 1316//1145 1315//1145
f 1310//1146 1311//1146 1317//1146 1316//1146
f 1311//1147 1312//1147 1318//1147 1317//1147
f 1312//1148 1307//1148 1313//1148 1318//1148
f 1313//1149 1314//1149 1320//1149 1319//1149
f 1314//1150 1315//1150 1321//1150 1320//1150
f 1315//1151 1316//1151 1322//1151 1321//1151
f 1316//1152 1317//1152 1323//1152 1322//1152
f 1317//1153 1318//1153 1324//1153 1323//1153
f 1318//1154 1313//1154 1319//1154 1324//1154
f 1319//1155 1320//1155 1326//1155 1325//1155
f 1320//1156 1321//1156 1327//1156 1326//1156
f 1321//1157 1322//1157 1328//1157 1327//1157
f 1322//1158 1323//1158 1329//1158 1328//1158
f 1323//1159 1324//1159 1330//1159 1329//1159
f 1324//1160 1319//1160 1325//1160 1330//1160
f 1325//1161 1326//1161 1332//1161 1331//1161
f 1326//1162 1327//1162 1333//1162 1332//1162
f 1327//1163 1328//1163 1334//1163 1333//1163
f 1328//1164 1329//1164 1335//1164 1334//1164
f 1329//1165 1330//1165 1336//1165 1335//1165
f 1330//1166 1325//1166 1331//1166 1336//1166
f 1331//1167 1332//1167 1338//1167 1337//1167
f 1332//1168 1333//1168 1339//1168 1338//1168
f 1333//1169 1334//1169 1340//1169 1339//1169
f 1334//1170 1335//1170 1341//1170 1340//1170
f 1335//1171 1336//1171 1342//1171 1341//1171
f 1336//1172 1331//1172 1337//1172 1342//1172
f 1337//1173 1338//1173 1344//1173 1343//1173
f 1338//1174 1339//1174 1345//1174 1344//1174
f 1339//1175 1340//1175 1346//1175 1345//1175
f 1340//1176 1341//1176 1347//1176 1346//1176
f 1341//1177 1342//1177 1348//1177 1347//1177
f 1342//1178 1337//1178 1343//1178 1348//1178
f 1343//1179 1344//1179 1350//1179 1349//1179
f 1344//1180 1345//1180 1351//1180 1350//1180
f 1345//1181 1346//1181 1352//1181 1351//1181
f 1346//1182 1347//1182 1353//1182 1352//1182
f 1347//1183 1348//1183 1354//1183 1353//1183
f 1348//1184 1343//1184 1349//1184 1354//1184
f 1349//1185 1350//1185 1356//1185 1355//1185
f 1350//1186 1351//1186 1357//1186 1356//1186
f 1351//1187 1352//1187 1358//1187 1357//1187
f 1352//1188 1353//1188 1359//1188 1358//1188
f 1353//1189 1354//1189 1360//1189 1359//1189
f 1354//1190 1349//1190 1355//1190 1360//1190
f 1355//1191 1356//1191 1362//1191 1361//1191
f 1356//1192 1357//1192 1363//1192 1362//1192
f 1357//1193 1358//1193 1364//1193 1363//1193
f 1358//1194 1359//1194 1365//1194 1364//1194
f 1359//1195 1360//1195 1366//1195 1365//1195
f 1360//1196 1355//1196 1361//1196 1366//1196
f 1361//1197 1362//1197 1368//1197 1367//1197
f 1362//1198 1363//1198 1369//1198 1368//1198
f 1363//1199 1364//1199 1370//1199 1369//1199
f 1364//1200 1365//1200 1371//1200 1370//1200
f 1365//1201 1366//1201 1372//1201 1371//1201
f 1366//1202 1361//1202 1367//1202 1372//1202
f 1367//1203 1368//1203 1374//1203 1373//1203
f 1368//1204 1369//1204 1375//1204 1374//1204
f 1369//1205 1370//1205 1376//1205 1375//1205
f 1370//1206 1371//1206 1377//1206 1376//1206
f 1371//1207 1372//1207 1378//1207 1377//1207
f 1372//1208 1367//1208 1373//1208 1378//1208
f 1373//1209 1374//1209 1380//1209 1379//1209
f 1374//1210 1375//1210 1381//1210 1380//1210
f 1375//1211 1376//1211 1382//1211 1381//1211
f 1376//1212 1377//1212 1383//1212 1382//1212
f 1377//1213 1378//1213 1384//1213 1383//1213
f 1378//1214 1373//1214 1379//1214 1384//1214
f 1379//1215 1380//1215 1386//1215 1385//1215
f 1380//1216 1381//1216 1387//1216 1386//1216
f 1381//1217 1382//1217 1388//1217 1387//1217
f 1382//1218 1383//1218 1389//1218 1388//1218
f 1383//1219 1384//1219 1390//1219 1389//1219
f 1384//1220 1379//1220 1385//1220 1390//1220
f 1385//1221 1386//1221 1392//1221 1391//1221
f 1386//1222 1387//1222 1393//1222 1392//1222
f 1387//1223 1388//1223 1394//1223 1393//1223
f 1388//1224 1389//1224 1395//1224 1394//1224
f 1389//1225 1390//1225 1396//1225 1395//1225
f 1390//1226 1385//1226 1391//1226 1396//1226
f 1391//1227 1392//1227 1398//1227 1397//1227
f 1392//1228 1393//1228 1399//1228 1398//1228
f 1393//1229 1394//1229 1400//1229 1399//1229
f 1394//1230 1395//1230 1401//1230 1400//1230
f 1395//1231 1396//1231 1402//1231 1401//1231
f 1396//1232 1391//1232 1397//1232 1402//1232
f 1397//1233 1398//1233 1404//1233 1403//1233
f 1398//1234 1399//1234 1405//1234 1404//1234
f 1399//1235 1400//1235 1406//1235 1405//1235
f 1400//1236 1401//1236 1407//1236 1406//1236
f 1401//1237 1402//1237 1408//1237 1407//1237
f 1402//1238 1397//1238 1403//1238 1408//1238
f 1403//1239 1404//1239 1410//1239 1409//1239
f 1404//1240 1405//1240 1411//1240 1410//1240
f 1405//1241 1406//1241 1412//1241 1411//1241
f 1406//1242 1407//1242 1413//1242 1412//1242
f 1407//1243 1408//1243 1414//1243 1413//1243
f 1408//1244 1403//1244 1409//1244 1414//1244
f 1409//1245 1410//1245 1224//1245 1223//1245
f 1410//1246 1411//1246 1225//1246 1224//1246
f 1411//1247 1412//1247 1226//1247 1225//1247
f 1412//1248 1413//1248 1227//1248 1226//1248
f 1413//1249 1414//1249 1228//1249 1227//1249
f 1414//1250 1409//1250 1223//1250 1228//1250
f 1415//1251 1416//1251 1422//1251 1421//1251
f 1416//1252 1417//1252 1423//1252 1422//1252
f 1417//1253 1418//1253 1424//1253 1423//1253
f 1418//1254 1419//1254 1425//1254 1424//1254
f 1419//1255 1420//1255 1426//1255 1425//1255
f 1420//1256 1415//1256 1421//1256 1426//1256
f 1421//1257 1422//1257 1428//1257 1427//1257
f 1422//1258 1423//1258 1429//1258 1428//1258
f 1423//1259 1424//1259 1430//1259 1429//1259
f 1424//1260 1425//1260 1431//1260 1430//1260
f 1425//1261 1426//1261 1432//1261 1431//1261
f 1426//1262 1421//1262 1427//1262 1432//1262
f 1427//1263 1428//1263 1434//1263 1433//1263
f 1428//1264 1429//1264 1435//1264 1434//1264
f 1429//1265 1430//1265 1436//1265 1435//1265
f 1430//1266 1431//1266 1437//1266 1436//1266
f 1431//1267 1432//1267 1438//1267 1437//1267
f 1432//1268 1427//1268 1433//1268 1438//1268
f 1433//1269 1434//1269 1440//1269 1439//1269
f 1434//1270 1435//1270 1441//1270 1440//1270
f 1435//1271 1436//1271 1442//1271 1441//1271
f 1436//1272 1437//1272 1443//1272 1442//1272
f 1437//1273 1438//1273 1444//1273 1443//1273
f 1438//1274 1433//1274 1439//1274 1444//1274
f 1439//1275 1440//1275 1446//1275 1445//1275
f 1440//1276 1441//1276 1447//1276 1446//1276
f 1441//1277 1442//1277 1448//1277 1447//1277
f 1442//1278 1443//1278 1449//1278 1448//1278
f 1443//1279 1444//1279 1450//1279 1449//1279
f 1444//1280 1439//1280 1445//1280 1450//1280
f 1445//1281 1446//1281 1452//1281 1451//1281
f 1446//1282 1447//1282 1453//1282 1452//1282
f 1447//1283 1448//1283 1454//1283 1453//1283
f 1448//1284 1449//1284 1455//1284 1454//1284
f 1449//1285 1450//1285 1456//1285 1455//1285
f 1450//1286 1445//1286 1451//1286 1456//1286
f 1451//1287 1452//1287 1458//1287 1457//1287
f 1452//1288 1453//1288 1459//1288 1458//1288
f 1453//1289 1454//1289 1460//1289 1459//1289
f 1454//1290 1455//1290 1461//1290 1460//1290
f 1455//1291 1456//1291 1462//1291 1461//1291
f 1456//1292 1451//1292 1457//1292 1462//1292
f 1457//1293 1458//1293 1464//1293 1463//1293
f 1458//1294 1459//1294 1465//1294 1464//1294
f 1459//1295 1460//1295 1466//1295 1465//1295
f 1460//1296 1461//1296 1467//1296 1466//1296
f 1461//1297 1462//1297 1468//1297 1467//1297
f 1462//1298 1457//1298 1463//1298 1468//1298
f 1463//1299 1464//1299 1470//1299 1469//1299
f 1464//1300 1465//1300 1471//1300 1470//1300
f 1465//1301 1466//1301 1472//1301 1471//1301
f 1466//1302 1467//1302 1473//1302 1472//1302
f 1467//1303 1468//1303 1474//1303 1473//1303
f 1468//1304 1463//1304 1469//1304 1474//1304
f 1469//1305 1470//1305 1476//1305 1475//1305
f 1470//1306 1471//1306 1477//1306 1476//1306
f 1471//1307 1472//1307 1478//1307 1477//1307
f 1472//1308 1473//1308 1479//1308 1478//1308
f 1473//1309 1474//1309 1480//1309 1479//1309
f 1474//1310 1469//1310 1475//1310 1480//1310
f 1475//1311 1476//1311 1482//1311 1481//1311
f 1476//1312 1477//1312 1483//1312 1482//1312
f 1477//1313 1478//1313 1484//1313 1483//1313
f 1478//1314 1479//1314 1485//1314 1484//1314
f 1479//1315 1480//1315 1486//1315 1485//1315
f 1480//1316 1475//1316 1481//1316 1486//1316
f 1481//1317 1482//1317 1488//1317 1487//1317
f 1482//1318 1483//1318 1489//1318 1488//1318
f 1483//1319 1484//1319 1490//1319 1489//1319
f 1484//1320 1485//1320 1491//1320 1490//1320
f 1485//1321 1486//1321 1492//1321 1491//1321
f 1486//1322 1481//1322 1487//1322 1492//1322
f 1487//1323 1488//1323 1494//1323 1493//1323
f 1488//1324 1489//1324 1495//1324 1494//1324
f 1489//1325 1490//1325 1496//1325 1495//1325
f 1490//1326 1491//1326 1497//1326 1496//1326
f 1491//1327 1492//1327 1498//1327 1497//1327
f 1492//1328 1487//1328 1493//1328 1498//1328
f 1493//1329 1494//1329 1500//1329 1499//1329
f 1494//1330 1495//1330 1501//1330 1500//1330
f 1495//1331 1496//1331 1502//1331 1501//1331
f 1496//1332 1497//1332 1503//1332 1502//1332
f 1497//1333 1498//1333 1504//1333 1503//1333
f 1498//1334 1493//1334 1499//1334 1504//1334
f 1499//1335 1500//1335 1506//1335 1505//1335
f 1500//1336 1501//1336 1507//1336 1506//1336
f 1501//1337 1502//1337 1508//1337 1507//1337
f 1502//1338 1503//1338 1509//1338 1508//1338
f 1503//1339 1504//1339 1510//1339 1509//1339
f 1504//1340 1499//1340 1505//1340 1510//1340
f 1505//1341 1506//1341 1512//1341 1511//1341
f 1506//1342 1507//1342 1513//1342 1512//1342
f 1507//1343 1508//1343 1514//1343 1513//1343
f 1508//1344 1509//1344 1515//1344 1514//1344
f 1509//1345 1510//1345 1516//1345 1515//1345
f 1510//1346 1505//1346 1511//1346 1516//1346
f 1511//1347 1512//1347 1518//1347 1517//1347
f 1512//1348 1513//1348 1519//1348 1518//1348
f 1513//1349 1514//1349 1520//1349 1519//1349
f 1514//1350 1515//1350 1521//1350 1520//1350
f 1515//1351 1516//1351 1522//1351 1521//1351
f 1516//1352 1511//1352 1517//1352 1522//1352
f 1517//1353 1518//1353 1524//1353 1523//1353
f 1518//1354 1519//1354 1525//1354 1524//1354
f 1519//1355 1520//1355 1526//1355 1525//1355
f 1520//1356 1521//1356 1527//1356 1526//1356
f 1521//1357 1522//1357 1528//1357 1527//1357
f 1522//1358 1517//1358 1523//1358 1528//1358
f 1523//1359 1524//1359 1530//1359 1529//1359
f 1524//1360 1525//1360 1531//1360 1530//1360
f 1525//1361 1526//1361 1532//1361 1531//1361
f 1526//1362 1527//1362 1533//1362 1532//1362
f 1527//1363 1528//1363 1534//1363 1533//1363
f 1528//1364 1523//1364 1529//1364 1534//1364
f 1529//1365 1530//1365 1536//1365 1535//1365
f 1530//1366 1531//1366 1537//1366 1536//1366
f 1531//1367 1532//1367 1538//1367 1537//1367
f 1532//1368 1533//1368 1539//1368 1538//1368
f 1533//1369 1534//1369 1540//1369 1539//1369
f 1534//1370 1529//1370 1535//1370 1540//1370
f 1535//1371 1536//1371 1542//1371 1541//1371
f 1536//1372 1537//1372 1543//1372 1542//1372
f 1537//1373 1538//1373 1544//1373 1543//1373
f 1538//1374 1539//1374 1545//1374 1544//1374
f 1539//1375 1540//1375 1546//1375 1545//1375
f 1540//1376 1535//1376 1541//1376 1546//1376
f 1541//1377 1542//1377 1548//1377 1547//1377
f 1542//1378 1543//1378 1549//1378 1548//1378
f 1543//1379 1544//1379 1550//1379 1549//1379
f 1544//1380 1545//1380 1551//1380 1550//1380
f 1545//1381 1546//1381 1552//1381 1551//1381
f 1546//1382 1541//1382 1547//1382 1552//1382
f 1547//1383 1548//1383 1554//1383 1553//1383
f 1548//1384 1549//1384 1555//1384 1554//1384
f 1549//1385 1550//1385 1556//1385 1555//1385
f 1550//1386 1551//1386 1557//1386 1556//1386
f 1551//1387 1552//1387 1558//1387 1557//1387
f 1552//1388 1547//1388 1553//1388 1558//1388
f 1553//1389 1554//1389 1560//1389 1559//1389
f 1554//1390 1555//1390 1561//1390 1560//1390
f 1555//1391 1556//1391 1562//1391 1561//1391
f 1556//1392 1557//1392 1563//1392 1562//1392
f 1557//1393 1558//1393 1564//1393 1563//1393
f 1558//1394 1553//1394 1559//1394 1564//1394
f 1559//1395 1560//1395 1566//1395 1565//1395
f 1560//1396 1561//1396 1567//1396 1566//1396
f 1561//1397 1562//1397 1568//1397 1567//1397
f 1562//1398 1563//1398 1569//1398 1568//1398
f 1563//1399 1564//1399 1570//1399 1569//1399
f 1564//1400 1559//1400 1565//1400 1570//1400
f 1565//1401 1566//1401 1572//1401 1571//1401
f 1566//1402 1567//1402 1573//1402 1572//1402
f 1567//1403 1568//1403 1574//1403 1573//1403
f 1568//1404 1569//1404 1575//1404 1574//1404
f 1569//1405 1570//1405 1576//1405 1575//1405
f 1570//1406 1565//1406 1571//1406 1576//1406
f 1571//1407 1572//1407 1578//1407 1577//1407
f 1572//1408 1573//1408 1579//1408 1578//1408
f 1573//1409 1574//1409 1580//1409 1579//1409
f 1574//1410 1575//1410 1581//1410 1580//1410
f 1575//1411 1576//1411 1582//1411 1581//1411
f 1576//1412 1571//1412 1577//1412 1582//1412
f 1577//1413 1578//1413 1584//1413 1583//1413
f 1578//1414 1579//1414 1585//1414 1584//1414
f 1579//1415 1580//1415 1586//1415 1585//1415
f 1580//1416 1581//1416 1587//1416 1586//1416
f 1581//1417 1582//1417 1588//1417 1587//1417
f 1582//1418 1577//1418 1583//1418 1588//1418
f 1583//1419 1584//1419 1590//1419 1589//1419
f 1584//1420 1585//1420 1591//1420 1590//1420
f 1585//1421 1586//1421 1592//1421 1591//1421
f 1586//1422 1587//1422 1593//1422 1592//1422
f 1587//1423 1588//1423 1594//1423 1593//1423
f 1588//1424 1583//1424 1589//1424 1594//1424
f 1589//1425 1590//1425 1596//1425 1595//1425
f 1590//1426 1591//1426 1597//1426 1596//1426
f 1591//1427 1592//1427 1598//1427 1597//1427
f 1592//1428 1593//1428 1599//1428 1598//1428
f 1593//1429 1594//1429 1600//1429 1599//1429
f 1594//1430 1589//1430 1595//1430 1600//1430
f 1595//1431 1596//1431 1602//1431 1601//1431
f 1596//1432 1597//1432 1603//1432 1602//1432
f 1597//1433 1598//1433 1604//1433 1603//1433
f 1598//1434 1599//1434 1605//1434 1604//1434
f 1599//1435 1600//1435 1606//1435 1605//1435
f 1600//1436 1595//1436 1601//1436 1606//1436
f 1601//1437 1602//1437 1416//1437 1415//1437
f 1602//1438 1603//1438 1417//1438 1416//1438
f 1603//1439 1604//1439 1418//1439 1417//1439
f 1604//1440 1605//1440 1419//1440 1418//1440
f 1605//1441 1606//1441 1420//1441 1419//1441
f 1606//1442 1601//1442 1415//1442 1420//1442
f 1607//1443 1608//1443 1614//1443 1613//1443
f 1608//1444 1609//1444 1615//1444 1614//1444
f 1609//1445 1610//1445 1616//1445 1615//1445
f 1610//1446 1611//1446 1617//1446 1616//1446
f 1611//1447 1612//1447 1618//1447 1617//1447
f 1612//1448 1607//1448 1613//1448 1618//1448
f 1613//1449 1614//1449 1620//1449 1619//1449
f 1614//1450 1615//1450 1621//1450 1620//1450
f 1615//1451 1616//1451 1622//1451 1621//1451
f 1616//1452 1617//1452 1623//1452 1622//1452
f 1617//1453 1618//1453 1624//1453 1623//1453
f 1618//1454 1613//1454 1619//1454 1624//1454
f 1619//1455 1620//1455 1626//1455 1625//1455
f 1620//1456 1621//1456 1627//1456 1626//1456
f 1621//1457 1622//1457 1628//1457 1627//1457
f 1622//1458 1623//1458 1629//1458 1628//1458
f 1623//1459 1624//1459 1630//1459 1629//1459
f 1624//1460 1619//1460 1625//1460 1630//1460
f 1625//1461 1626//1461 1632//1461 1631//1461
f 1626//1462 1627//1462 1633//1462 1632//1462
f 1627//1463 1628//1463 1634//1463 1633//1463
f 1628//1464 1629//1464 1635//1464 1634//1464
f 1629//1465 1630//1465 1636//1465 1635//1465
f 1630//1466 1625//1466 1631//1466 1636//1466
f 1631//1467 1632//1467 1638//1467 1637//1467
f 1632//1468 1633//1468 1639//1468 1638//1468
f 1633//1469 1634//1469 1640//1469 1639//1469
f 1634//1470 1635//1470 1641//1470 1640//1470
f 1635//1471 1636//1471 1642//1471 1641//1471
f 1636//1472 1631//1472 1637//1472 1642//1472
f 1637//1473 1638//1473 1644//1473 1643//1473
f 1638//1474 1639//1474 1645//1474 1644//1474
f 1639//1475 1640//1475 1646//1475 1645//1475
f 1640//1476 1641//1476 1647//1476 1646//1476
f 1641//1477 1642//1477 1648//1477 1647//1477
f 1642//1478 1637//1478 1643//1478 1648//1478
f 1643//1479 1644//1479 1650//1479 1649//1479
f 1644//1480 1645//1480 1651//1480 1650//1480
f 1645//1481 1646//1481 1652//1481 1651//1481
f 1646//1482 1647//1482 1653//1482 1652//1482
f 1647//1483 1648//1483 1654//1483 1653//1483
f 1648//1484 1643//1484 1649//1484 1654//1484
f 1649//1485 1650//1485 1656//1485 1655//1485
f 1650//1486 1651//1486 1657//1486 1656//1486
f 1651//1487 1652//1487 1658//1487 1657//1487
f 1652//1488 1653//1488 1659//1488 1658//1488
f 1653//1489 1654//1489 1660//1489 1659//1489
f 1654//1490 1649//1490 1655//1490 1660//1490
f 1655//1491 1656//1491 1662//1491 1661//1491
f 1656//1492 1657//1492 1663//1492 1662//1492
f 1657//1493 1658//1493 1664//1493 1663//1493
f 1658//1494 1659//1494 1665//1494 1664//1494
f 1659//1495 1660//1495 1666//1495 1665//1495
f 1660//1496 1655//1496 1661//1496 1666//1496
f 1661//1497 1662//1497 1668//1497 1667//1497
f 1662//1498 1663//1498 1669//1498 1668//1498
f 1663//1499 1664//1499 1670//1499 1669//1499
f 1664//1500 1665//1500 1671//1500 1670//1500
f 1665//1501 1666//1501 1672//1501 1671//1501
f 1666//1502 1661//1502 1667//1502 1672//1502
f 1667//1503 1668//1503 1674//1503 1673//1503
f 1668//1504 1669//1504 1675//1504 1674//1504
f 1669//1505 1670//1505 1676//1505 1675//1505
f 1670//1506 1671//1506 1677//1506 1676//1506
f 1671//1507 1672//1507 1678//1507 1677//1507
f 1672//1508 1667//1508 1673//1508 1678//1508
f 1673//1509 1674//1509 1680//1509 1679//1509
f 1674//1510 1675//1510 1681//1510 1680//1510
f 1675//1511 1676//1511 1682//1511 1681//1511
f 1676//1512 1677//1512 1683//1512 1682//1512
f 1677//1513 1678//1513 1684//1513 1683//1513
f 1678//1514 1673//1514 1679//1514 1684//1514
f 1679//1515 1680//1515 1686//1515 1685//1515
f 1680//1516 1681//1516 1687//1516 1686//1516
f 1681//1517 1682//1517 1688//1517 1687//1517
f 1682//1518 1683//1518 1689//1518 1688//1518
f 1683//1519 1684//1519 1690//1519 1689//1519
f 1684//1520 1679//1520 1685//1520 1690//1520
f 1685//1521 1686//1521 1692//1521 1691//1521
f 1686//1522 1687//1522 1693//1522 1692//1522
f 1687//1523 1688//1523 1694//1523 1693//1523
f 1688//1524 1689//1524 1695//1524 1694//1524
f 1689//1525 1690//1525 1696//1525 1695//1525
f 1690//1526 1685//1526 1691//1526 1696//1526
f 1691//1527 1692//1527 1698//1527 1697//1527
f 1692//1528 1693//1528 1699//1528 1698//1528
f 1693//1529 1694//1529 1700//1529 1699//1529
f 1694//1530 1695//1530 1701//1530 1700//1530
f 1695//1531 1696//1531 1702//1531 1701//1531
f 1696//1532 1691//1532 1697//1532 1702//1532
f 1697//1533 1698//1533 1704//1533 1703//1533
f 1698//1534 1699//1534 1705//1534 1704//1534
f 1699//1535 1700//1535 1706//1535 1705//1535
f 1700//1536 1701//1536 1707//1536 1706//1536
f 1701//1537 1702//1537 1708//1537 1707//1537
f 1702//1538 1697//1538 1703//1538 1708//1538
f 1703//1539 1704//1539 1710//1539 1709//1539
f 1704//1540 1705//1540 1711//1540 1710//1540
f 1705//1541 1706//1541 1712//1541 1711//1541
f 1706//1542 1707//1542 1713//1542 1712//1542
f 1707//1543 1708//1543 1714//1543 1713//1543
f 1708//1544 1703//1544 1709//1544 1714//1544
f 1709//1545 1710//1545 1716//1545 1715//1545
f 1710//1546 1711//1546 1717//1546 1716//1546
f 1711//1547 1712//1547 1718//1547 1717//1547
f 1712//1548 1713//1548 1719//1548 1718//1548
f 1713//1549 1714//1549 1720//1549 1719//1549
f 1714//1550 1709//1550 1715//1550 1720//1550
f 1715//1551 1716//1551 1722//1551 1721//1551
f 1716//1552 1717//1552 1723//1552 1722//1552
f 1717//1553 1718//1553 1724//1553 1723//1553
f 1718//1554 1719//1554 1725//1554 1724//1554
f 1719//1555 1720//1555 1726//1555 1725//1555
f 1720//1556 1715//1556 1721//1556 1726//1556
f 1721//1557 1722//1557 1728//1557 1727//1557
f 1722//1558 1723//1558 1729//1558 1728//1558
f 1723//1559 1724//1559 1730//1559 1729//1559
f 1724//1560 1725//1560 1731//1560 1730//1560
f 1725//1561 1726//1561 1732//1561 1731//1561
f 1726//1562 1721//1562 1727//1562 1732//1562
f 1727//1563 1728//1563 1734//1563 1733//1563
f 1728//1564 1729//1564 1735//1564 1734//1564
f 1729//1565 1730//1565 1736//1565 1735//1565
f 1730//1566 1731//1566 1737//1566 1736//1566
f 1731//1567 1732//1567 1738//1567 1737//1567
f 1732//1568 1727//1568 1733//1568 1738//1568
f 1733//1569 1734//1569 1740//1569 1739//1569
f 1734//1570 1735//1570 1741//1570 1740//1570
f 1735//1571 1736//1571 1742//1571 1741//1571
f 1736//1572 1737//1572 1743//1572 1742//1572
f 1737//1573 1738//1573 1744//1573 1743//1573
f 1738//1574 1733//1574 1739//1574 1744//1574
f 1739//1575 1740//1575 1746//1575 1745//1575
f 1740//1576 1741//1576 1747//1576 1746//1576
f 1741//1577 1742//1577 1748//1577 1747//1577
f 1742//1578 1743//1578 1749//1578 1748//1578
f 1743//1579 1744//1579 1750//1579 1749//1579
f 1744//1580 1739//1580 1745//1580 1750//1580
f 1745//1581 1746//1581 1752//1581 1751//1581
f 1746//1582 1747//1582 1753//1582 1752//1582
f 1747//1583 1748//1583 1754//1583 1753//1583
f 1748//1584 1749//1584 1755//1584 1754//1584
f 1749//1585 1750//1585 1756//1585 1755//1585
f 1750//1586 1745//1586 1751//1586 1756//1586
f 1751//1587 1752//1587 1758//1587 1757//1587
f 1752//1588 1753//1588 1759//1588 1758//1588
f 1753//1589 1754//1589 1760//1589 1759//1589
f 1754//1590 1755//1590 1761//1590 1760//1590
f 1755//1591 1756//1591 1762//1591 1761//1591
f 1756//1592 1751//1592 1757//1592 1762//1592
f 1757//1593 1758//1593 1764//1593 1763//1593
f 1758//1594 1759//1594 1765//1594 1764//1594
f 1759//1595 1760//1595 1766//1595 1765//1595
f 1760//1596 1761//1596 1767//1596 1766//1596
f 1761//1597 1762//1597 1768//1597 1767//1597
f 1762//1598 1757//1598 1763//1598 1768//1598
f 1763//1599 1764//1599 1770//1599 1769//1599
f 1764//1600 1765//1600 1771//1600 1770//1600
f 1765//1601 1766//1601 1772//1601 1771//1601
f 1766//1602 1767//1602 1773//1602 1772//1602
f 1767//1603 1768//1603 1774//1603 1773//1603
f 1768//1604 1763//1604 1769//1604 1774//1604
f 1769//1605 1770//1605 1776//1605 1775//1605
f 1770//1606 1771//1606 1777//1606 1776//1606
f 1771//1607 1772//1607 1778//1607 1777//1607
f 1772//1608 1773//1608 1779//1608 1778//1608
f 1773//1609 1774//1609 1780//1609 1779//1609
f 1774//1610 1769//1610 1775//1610 1780//1610
f 1775//1611 1776//1611 1782//1611 1781//1611
f 1776//1612 1777//1612 1783//1612 1782//1612
f 1777//1613 1778//1613 1784//1613 1783//1613
f 1778//1614 1779//1614 1785//1614 1784//1614
f 1779//1615 1780//1615 1786//1615 1785//1615
f 1780//1616 1775//1616 1781//1616 1786//1616
f 1781//1617 1782//1617 1788//1617 1787//1617
f 1782//1618 1783//1618 1789//1618 1788//1618
f 1783//1619 1784//1619 1790//1619 1789//1619
f 1784//1620 1785//1620 1791//1620 1790//1620
f 1785//1621 1786//1621 1792//1621 1791//1621
f 1786//1622 1781//1622 1787//1622 1792//1622
f 1787//1623 1788//1623 1794//1623 1793//1623
f 1788//1624 1789//1624 1795//1624 1794//1624
f 1789//1625 1790//1625 1796//1625 1795//1625
f 1790//1626 1791//1626 1797//1626 1796//1626
f 1791//1627 1792//1627 1798//1627 1797//1627
f 1792//1628 1787//1628 1793//1628 1798//1628
f 1793//1629 1794//1629 1608//1629 1607//1629
f 1794//1630 1795//1630 1609//1630 1608//1630
f 1795//1631 1796//1631 1610//1631 1609//1631
f 1796//1632 1797//1632 1611//1632 1610//1632
f 1797//1633 1798//1633 1612//1633 1611//1633
f 1798//1634 1793//1634 1607//1634 1612//1634
f 1799//1635 1802//1635 1801//1635 1800//1635
f 1803//1636 1804//1636 1805//1636 1806//1636
f 1799//1637 1803//1637 1806//1637 1802//1637
f 1800//1638 1801//1638 1805//1638 1804//1638
f 1802//1639 1806//1639 1805//1639 1801//1639
f 1799//1640 1800//1640 1804//1640 1803//1640
f 1807//1641 1810//1641 1809//1641 1808//1641
f 1811//1642 1812//1642 1813//1642 1814//1642
f 1807//1643 1811//1643 1814//1643 1810//1643
f 1808//1644 1809//1644 1813//1644 1812//1644
f 1810//1645 1814//1645 1813//1645 1809//1645
f 1807//1646 1808//1646 1812//1646 1811//1646
f 1815//1647 1818//1647 1817//1647 1816//1647
f 1819//1648 1820//1648 1821//1648 1822//1648
f 1815//1649 1819//1649 1822//1649 1818//1649
f 1816//1650 1817//1650 1821//1650 1820//1650
f 1818//1651 1822//1651 1821//1651 1817//1651
f 1815//1652 1816//1652 1820//1652 1819//1652
f 1823//1653 1826//1653 1825//1653 1824//1653
f 1827//1654 1828//1654 1829//1654 1830//1654
f 1823//1655 1827//1655 1830//1655 1826//1655
f 1824//1656 1825//1656 1829//1656 1828//1656
f 1826//1657 1830//1657 1829//1657 1825//1657
f 1823//1658 1824//1658 1828//1658 1827//1658
usemtl foam_black
f 1832//1659 1834//1659 1833//1659 1831//1659
f 1834//1660 1836//1660 1835//1660 1833//1660
f 1836//1661 1838//1661 1837//1661 1835//1661
f 1838//1662 1840//1662 1839//1662 1837//1662
f 1840//1663 1842//1663 1841//1663 1839//1663
f 1842//1664 1844//1664 1843//1664 1841//1664
f 1844//1665 1846//1665 1845//1665 1843//1665
f 1846//1666 1848//1666 1847//1666 1845//1666
f 1848//1667 1850//1667 1849//1667 1847//1667
f 1850//1668 1832//1668 1831//1668 1849//1668
f 1831//1669 1833//1669 1851//1669
f 1834//1670 1832//1670 1852//1670
f 1833//1671 1835//1671 1851//1671
f 1836//1672 1834//1672 1852//1672
f 1835//1673 1837//1673 1851//1673
f 1838//1674 1836//1674 1852//1674
f 1837//1675 1839//1675 1851//1675
f 1840//1676 1838//1676 1852//1676
f 1839//1677 1841//1677 1851//1677
f 1842//1678 1840//1678 1852//1678
f 1841//1679 1843//1679 1851//1679
f 1844//1680 1842//1680 1852//1680
f 1843//1681 1845//1681 1851//1681
f 1846//1682 1844//1682 1852//1682
f 1845//1683 1847//1683 1851//1683
f 1848//1684 1846//1684 1852//1684
f 1847//1685 1849//1685 1851//1685
f 1850//1686 1848//1686 1852//1686
f 1849//1687 1831//1687 1851//1687
f 1832//1688 1850//1688 1852//1688
usemtl copper
f 1854//1689 1856//1689 1855//1689 1853//1689
f 1856//1690 1858//1690 1857//1690 1855//1690
f 1858//1691 1860//1691 1859//1691 1857//1691
f 1860//1692 1862//1692 1861//1692 1859//1692
f 1862//1693 1864//1693 1863//1693 1861//1693
f 1864//1694 1866//1694 1865//1694 1863//1694
f 1866//1695 1868//1695 1867//1695 1865//1695
f 1868//1696 1854//1696 1853//1696 1867//1696
f 1853//1697 1855//1697 1869//1697
f 1856//1698 1854//1698 1870//1698
f 1855//1699 1857//1699 1869//1699
f 1858//1700 1856//1700 1870//1700
f 1857//1701 1859//1701 1869//1701
f 1860//1702 1858//1702 1870//1702
f 1859//1703 1861//1703 1869//1703
f 1862//1704 1860//1704 1870//1704
f 1861//1705 1863//1705 1869//1705
f 1864//1706 1862//1706 1870//1706
f 1863//1707 1865//1707 1869//1707
f 1866//1708 1864//1708 1870//1708
f 1865//1709 1867//1709 1869//1709
f 1868//1710 1866//1710 1870//1710
f 1867//1711 1853//1711 1869//1711
f 1854//1712 1868//1712 1870//1712
usemtl galvanized
f 1872//1713 1874//1713 1873//1713 1871//1713
f 1874//1714 1876//1714 1875//1714 1873//1714
f 1876//1715 1878//1715 1877//1715 1875//1715
f 1878//1716 1880//1716 1879//1716 1877//1716
f 1880//1717 1882//1717 1881//1717 1879//1717
f 1882//1718 1884//1718 1883//1718 1881//1718
f 1884//1719 1886//1719 1885//1719 1883//1719
f 1886//1720 1888//1720 1887//1720 1885//1720
f 1888//1721 1890//1721 1889//1721 1887//1721
f 1890//1722 1872//1722 1871//1722 1889//1722
f 1871//1723 1873//1723 1891//1723
f 1874//1724 1872//1724 1892//1724
f 1873//1725 1875//1725 1891//1725
f 1876//1726 1874//1726 1892//1726
f 1875//1727 1877//1727 1891//1727
f 1878//1728 1876//1728 1892//1728
f 1877//1729 1879//1729 1891//1729
f 1880//1730 1878//1730 1892//1730
f 1879//1731 1881//1731 1891//1731
f 1882//1732 1880//1732 1892//1732
f 1881//1733 1883//1733 1891//1733
f 1884//1734 1882//1734 1892//1734
f 1883//1735 1885//1735 1891//1735
f 1886//1736 1884//1736 1892//1736
f 1885//1737 1887//1737 1891//1737
f 1888//1738 1886//1738 1892//1738
f 1887//1739 1889//1739 1891//1739
f 1890//1740 1888//1740 1892//1740
f 1889//1741 1871//1741 1891//1741
f 1872//1742 1890//1742 1892//1742
