# bush_small.obj  Y-up, meters, origin at ground/wall contact
mtllib bush_small.mtl
v 0.0000 0.5654 0.0000
v 0.0415 0.5802 0.0000
v 0.0411 0.5791 0.0054
v 0.0416 0.5612 0.0108
v 0.0398 0.5927 0.0160
v 0.0366 0.5846 0.0227
v 0.0347 0.5752 0.0277
v 0.0293 0.5944 0.0301
v 0.0255 0.5638 0.0338
v 0.0224 0.5664 0.0379
v 0.0168 0.5742 0.0403
v 0.0107 0.5611 0.0407
v 0.0058 0.5761 0.0422
v 0.0000 0.5769 0.0425
v -0.0058 0.5869 0.0419
v -0.0113 0.5797 0.0434
v -0.0170 0.5699 0.0420
v -0.0208 0.5753 0.0385
v -0.0255 0.5784 0.0328
v -0.0312 0.5899 0.0309
v -0.0357 0.5715 0.0269
v -0.0380 0.5827 0.0216
v -0.0415 0.5979 0.0166
v -0.0426 0.5614 0.0115
v -0.0437 0.6000 0.0059
v -0.0425 0.5748 0.0000
v -0.0410 0.5778 -0.0055
v -0.0403 0.5610 -0.0115
v -0.0386 0.5686 -0.0164
v -0.0389 0.5616 -0.0216
v -0.0346 0.5945 -0.0272
v -0.0318 0.5695 -0.0304
v -0.0260 0.5945 -0.0360
v -0.0209 0.5653 -0.0365
v -0.0161 0.5782 -0.0404
v -0.0110 0.5585 -0.0416
v -0.0056 0.5819 -0.0450
v -0.0000 0.5800 -0.0439
v 0.0058 0.5611 -0.0448
v 0.0116 0.5951 -0.0432
v 0.0164 0.5754 -0.0385
v 0.0220 0.5615 -0.0360
v 0.0257 0.5655 -0.0339
v 0.0293 0.5586 -0.0296
v 0.0330 0.5734 -0.0252
v 0.0390 0.5836 -0.0209
v 0.0391 0.5724 -0.0164
v 0.0403 0.5930 -0.0118
v 0.0428 0.5780 -0.0054
v 0.0832 0.5664 0.0000
v 0.0889 0.5598 0.0108
v 0.0879 0.5759 0.0217
v 0.0810 0.5566 0.0335
v 0.0794 0.5920 0.0446
v 0.0679 0.5724 0.0516
v 0.0638 0.5798 0.0638
v 0.0526 0.5671 0.0719
v 0.0460 0.5927 0.0783
v 0.0346 0.5872 0.0787
v 0.0227 0.5704 0.0804
v 0.0108 0.5661 0.0843
v 0.0000 0.5926 0.0864
v -0.0118 0.5929 0.0898
v -0.0221 0.5611 0.0813
v -0.0321 0.5604 0.0809
v -0.0450 0.5866 0.0749
v -0.0537 0.5858 0.0660
v -0.0625 0.5915 0.0633
v -0.0710 0.5750 0.0514
v -0.0780 0.5702 0.0451
v -0.0849 0.5736 0.0332
v -0.0886 0.5877 0.0220
v -0.0838 0.5641 0.0119
v -0.0905 0.5636 0.0000
v -0.0910 0.5839 -0.0113
v -0.0848 0.5612 -0.0215
v -0.0843 0.5813 -0.0334
v -0.0785 0.5713 -0.0451
v -0.0710 0.5613 -0.0515
v -0.0599 0.5619 -0.0617
v -0.0514 0.5691 -0.0661
v -0.0451 0.5668 -0.0747
v -0.0335 0.5901 -0.0796
v -0.0235 0.5748 -0.0843
v -0.0114 0.5562 -0.0860
v -0.0000 0.5567 -0.0902
v 0.0111 0.5768 -0.0889
v 0.0229 0.5713 -0.0850
v 0.0338 0.5902 -0.0780
v 0.0441 0.5678 -0.0743
v 0.0548 0.5777 -0.0699
v 0.0634 0.5932 -0.0614
v 0.0699 0.5754 -0.0531
v 0.0767 0.5720 -0.0436
v 0.0799 0.5910 -0.0338
v 0.0868 0.5904 -0.0219
v 0.0863 0.5904 -0.0117
v 0.1240 0.5444 0.0000
v 0.1227 0.5512 0.0162
v 0.1279 0.5755 0.0350
v 0.1170 0.5757 0.0510
v 0.1102 0.5851 0.0691
v 0.1023 0.5900 0.0799
v 0.0940 0.5927 0.0972
v 0.0783 0.5702 0.1058
v 0.0653 0.5598 0.1129
v 0.0517 0.5510 0.1229
v 0.0338 0.5486 0.1248
v 0.0172 0.5656 0.1238
v 0.0000 0.5737 0.1357
v -0.0161 0.5507 0.1218
v -0.0341 0.5494 0.1194
v -0.0487 0.5743 0.1223
v -0.0628 0.5455 0.1161
v -0.0793 0.5693 0.0984
v -0.0880 0.5716 0.0914
v -0.0996 0.5846 0.0809
v -0.1178 0.5529 0.0684
v -0.1173 0.5864 0.0505
v -0.1264 0.5749 0.0359
v -0.1289 0.5579 0.0174
v -0.1294 0.5563 0.0000
v -0.1252 0.5584 -0.0169
v -0.1245 0.5784 -0.0333
v -0.1206 0.5523 -0.0492
v -0.1068 0.5524 -0.0617
v -0.1046 0.5619 -0.0760
v -0.0905 0.5755 -0.0872
v -0.0806 0.5556 -0.1017
v -0.0665 0.5551 -0.1115
v -0.0504 0.5805 -0.1176
v -0.0348 0.5724 -0.1275
v -0.0170 0.5609 -0.1242
v -0.0000 0.5524 -0.1352
v 0.0169 0.5580 -0.1261
v 0.0356 0.5879 -0.1307
v 0.0498 0.5625 -0.1204
v 0.0661 0.5582 -0.1144
v 0.0786 0.5891 -0.1099
v 0.0934 0.5577 -0.0973
v 0.1016 0.5594 -0.0755
v 0.1109 0.5613 -0.0648
v 0.1155 0.5601 -0.0469
v 0.1210 0.5423 -0.0329
v 0.1213 0.5395 -0.0164
v 0.1630 0.5404 0.0000
v 0.1719 0.5468 0.0226
v 0.1716 0.5412 0.0435
v 0.1679 0.5366 0.0678
v 0.1538 0.5364 0.0905
v 0.1455 0.5622 0.1100
v 0.1293 0.5447 0.1257
v 0.1081 0.5723 0.1450
v 0.0913 0.5612 0.1592
v 0.0685 0.5628 0.1579
v 0.0429 0.5374 0.1657
v 0.0216 0.5598 0.1715
v 0.0000 0.5471 0.1729
v -0.0219 0.5198 0.1715
v -0.0443 0.5359 0.1617
v -0.0648 0.5194 0.1576
v -0.0817 0.5215 0.1417
v -0.1053 0.5298 0.1374
v -0.1268 0.5452 0.1196
v -0.1372 0.5571 0.1083
v -0.1534 0.5596 0.0839
v -0.1573 0.5476 0.0692
v -0.1679 0.5616 0.0437
v -0.1682 0.5501 0.0236
v -0.1803 0.5648 0.0000
v -0.1745 0.5539 -0.0229
v -0.1616 0.5667 -0.0437
v -0.1664 0.5636 -0.0626
v -0.1465 0.5544 -0.0889
v -0.1326 0.5297 -0.0993
v -0.1232 0.5251 -0.1189
v -0.0978 0.5363 -0.1382
v -0.0807 0.5491 -0.1452
v -0.0672 0.5485 -0.1521
v -0.0461 0.5449 -0.1575
v -0.0215 0.5497 -0.1710
v -0.0000 0.5402 -0.1724
v 0.0226 0.5705 -0.1663
v 0.0470 0.5722 -0.1648
v 0.0708 0.5675 -0.1705
v 0.0866 0.5529 -0.1515
v 0.1123 0.5588 -0.1374
v 0.1221 0.5428 -0.1175
v 0.1310 0.5597 -0.1024
v 0.1535 0.5329 -0.0829
v 0.1554 0.5268 -0.0635
v 0.1685 0.5500 -0.0445
v 0.1674 0.5506 -0.0227
v 0.2026 0.5147 0.0000
v 0.2075 0.5105 0.0274
v 0.2042 0.5111 0.0515
v 0.2043 0.5115 0.0809
v 0.1834 0.5228 0.1102
v 0.1807 0.5250 0.1344
v 0.1514 0.5379 0.1529
v 0.1286 0.5233 0.1683
v 0.1131 0.5339 0.1830
v 0.0858 0.5488 0.1981
v 0.0531 0.5149 0.1971
v 0.0269 0.5058 0.2021
v 0.0000 0.5165 0.2137
v -0.0271 0.5057 0.1990
v -0.0521 0.5017 0.1908
v -0.0735 0.4983 0.1942
v -0.0975 0.5089 0.1777
v -0.1295 0.5037 0.1592
v -0.1439 0.5156 0.1468
v -0.1758 0.5372 0.1338
v -0.1770 0.5123 0.1096
v -0.2083 0.5321 0.0837
v -0.2002 0.5312 0.0589
v -0.2235 0.5485 0.0298
v -0.2120 0.5196 0.0000
v -0.2142 0.5374 -0.0294
v -0.2103 0.5317 -0.0566
v -0.1930 0.5229 -0.0766
v -0.1838 0.5060 -0.1076
v -0.1637 0.5034 -0.1192
v -0.1388 0.5112 -0.1451
v -0.1174 0.4910 -0.1596
v -0.1017 0.5034 -0.1698
v -0.0791 0.4952 -0.1852
v -0.0537 0.5343 -0.2039
v -0.0287 0.5233 -0.2043
v -0.0000 0.5460 -0.2191
v 0.0278 0.5155 -0.2150
v 0.0575 0.5325 -0.2058
v 0.0851 0.5517 -0.1965
v 0.1039 0.5287 -0.1872
v 0.1339 0.5205 -0.1765
v 0.1544 0.5270 -0.1463
v 0.1742 0.5141 -0.1317
v 0.1734 0.5044 -0.1055
v 0.1833 0.5242 -0.0775
v 0.1876 0.4958 -0.0514
v 0.2017 0.5199 -0.0252
v 0.2273 0.4620 0.0000
v 0.2247 0.4638 0.0293
v 0.2301 0.4981 0.0647
v 0.2328 0.5089 0.0983
v 0.2134 0.4880 0.1308
v 0.2061 0.4866 0.1569
v 0.1781 0.4999 0.1772
v 0.1499 0.4870 0.1976
v 0.1246 0.5168 0.2108
v 0.1000 0.4877 0.2275
v 0.0656 0.5023 0.2357
v 0.0300 0.4846 0.2357
v 0.0000 0.4690 0.2324
v -0.0315 0.4595 0.2281
v -0.0615 0.4800 0.2125
v -0.0845 0.4597 0.2229
v -0.1143 0.4845 0.2110
v -0.1425 0.4745 0.1974
v -0.1731 0.4793 0.1748
v -0.1914 0.4847 0.1422
v -0.2213 0.5103 0.1262
v -0.2429 0.4840 0.0938
v -0.2440 0.5173 0.0685
v -0.2485 0.4939 0.0329
v -0.2521 0.5149 0.0000
v -0.2555 0.5057 -0.0337
v -0.2451 0.4971 -0.0628
v -0.2207 0.4842 -0.0957
v -0.1985 0.4738 -0.1227
v -0.1821 0.4647 -0.1366
v -0.1651 0.4688 -0.1721
v -0.1458 0.4869 -0.1787
v -0.1109 0.4605 -0.2003
v -0.0916 0.4754 -0.2108
v -0.0614 0.4870 -0.2350
v -0.0327 0.5010 -0.2460
v -0.0000 0.5067 -0.2432
v 0.0331 0.4960 -0.2558
v 0.0638 0.4947 -0.2393
v 0.0942 0.5173 -0.2374
v 0.1249 0.4997 -0.2310
v 0.1534 0.4910 -0.2059
v 0.1780 0.5109 -0.1683
v 0.1921 0.4982 -0.1528
v 0.2137 0.4658 -0.1160
v 0.2057 0.4636 -0.0928
v 0.2220 0.4814 -0.0582
v 0.2338 0.4663 -0.0290
v 0.2601 0.4437 0.0000
v 0.2607 0.4428 0.0330
v 0.2561 0.4380 0.0675
v 0.2488 0.4588 0.1072
v 0.2367 0.4474 0.1384
v 0.2301 0.4559 0.1702
v 0.1962 0.4752 0.2032
v 0.1658 0.4531 0.2235
v 0.1415 0.4659 0.2339
v 0.1025 0.4626 0.2536
v 0.0686 0.4451 0.2736
v 0.0339 0.4461 0.2590
v 0.0000 0.4489 0.2728
v -0.0331 0.4280 0.2608
v -0.0648 0.4237 0.2593
v -0.0993 0.4495 0.2393
v -0.1379 0.4439 0.2223
v -0.1559 0.4502 0.2166
v -0.2003 0.4400 0.1947
v -0.2150 0.4545 0.1612
v -0.2348 0.4577 0.1445
v -0.2480 0.4592 0.1102
v -0.2837 0.4518 0.0699
v -0.2909 0.4751 0.0366
v -0.2675 0.4726 0.0000
v -0.2867 0.4614 -0.0375
v -0.2570 0.4635 -0.0693
v -0.2498 0.4626 -0.1079
v -0.2266 0.4418 -0.1338
v -0.2121 0.4431 -0.1564
v -0.1812 0.4483 -0.1933
v -0.1504 0.4398 -0.2108
v -0.1226 0.4452 -0.2142
v -0.1000 0.4390 -0.2420
v -0.0667 0.4399 -0.2560
v -0.0349 0.4530 -0.2653
v -0.0000 0.4413 -0.2785
v 0.0365 0.4525 -0.2852
v 0.0755 0.4629 -0.2654
v 0.1091 0.4543 -0.2542
v 0.1418 0.4537 -0.2459
v 0.1725 0.4496 -0.2276
v 0.1885 0.4650 -0.2022
v 0.2155 0.4382 -0.1652
v 0.2251 0.4548 -0.1268
v 0.2443 0.4474 -0.1000
v 0.2483 0.4198 -0.0676
v 0.2463 0.4391 -0.0338
v 0.2636 0.3986 0.0000
v 0.2684 0.3971 0.0379
v 0.2743 0.4194 0.0744
v 0.2892 0.4086 0.1162
v 0.2796 0.4153 0.1512
v 0.2484 0.4206 0.1816
v 0.2139 0.4162 0.2306
v 0.1916 0.4323 0.2371
v 0.1561 0.4080 0.2637
v 0.1152 0.4087 0.2846
v 0.0754 0.4080 0.2905
v 0.0354 0.4115 0.2835
v 0.0000 0.4043 0.2726
v -0.0383 0.3999 0.2737
v -0.0758 0.4012 0.2667
v -0.1147 0.3976 0.2789
v -0.1454 0.4165 0.2707
v -0.1847 0.4194 0.2342
v -0.2023 0.4039 0.2054
v -0.2409 0.4131 0.1830
v -0.2697 0.4052 0.1457
v -0.2812 0.4026 0.1090
v -0.2856 0.4049 0.0765
v -0.2888 0.4163 0.0394
v -0.2906 0.4173 0.0000
v -0.2857 0.4247 -0.0380
v -0.2792 0.4042 -0.0786
v -0.2881 0.4222 -0.1139
v -0.2548 0.4036 -0.1528
v -0.2393 0.4108 -0.1851
v -0.2076 0.4214 -0.2137
v -0.1712 0.4147 -0.2184
v -0.1412 0.3972 -0.2375
v -0.1017 0.4029 -0.2444
v -0.0729 0.4085 -0.2610
v -0.0362 0.4056 -0.2837
v -0.0000 0.4175 -0.2846
v 0.0386 0.4108 -0.2853
v 0.0827 0.4283 -0.3036
v 0.1135 0.4335 -0.2953
v 0.1562 0.4321 -0.2701
v 0.1844 0.4140 -0.2405
v 0.2064 0.4154 -0.2217
v 0.2402 0.4207 -0.1846
v 0.2419 0.4043 -0.1421
v 0.2614 0.3945 -0.1028
v 0.2615 0.3976 -0.0671
v 0.2728 0.3751 -0.0338
v 0.2856 0.3592 0.0000
v 0.3110 0.3595 0.0415
v 0.3030 0.3658 0.0860
v 0.3085 0.3820 0.1282
v 0.3050 0.3814 0.1738
v 0.2735 0.3911 0.2045
v 0.2425 0.3832 0.2326
v 0.1946 0.3803 0.2502
v 0.1670 0.3649 0.2647
v 0.1147 0.3752 0.2838
v 0.0759 0.3524 0.2804
v 0.0397 0.3606 0.3019
v 0.0000 0.3492 0.3006
v -0.0390 0.3668 0.3096
v -0.0840 0.3580 0.3127
v -0.1283 0.3822 0.2858
v -0.1595 0.3691 0.2714
v -0.2085 0.3854 0.2661
v -0.2402 0.3803 0.2277
v -0.2470 0.3661 0.2025
v -0.2683 0.3675 0.1584
v -0.2775 0.3639 0.1181
v -0.3088 0.3646 0.0796
v -0.3230 0.3663 0.0421
v -0.3154 0.3571 0.0000
v -0.3096 0.3736 -0.0404
v -0.3157 0.3727 -0.0805
v -0.3130 0.3676 -0.1291
v -0.2776 0.3685 -0.1608
v -0.2701 0.3895 -0.1920
v -0.2312 0.3762 -0.2382
v -0.1875 0.3704 -0.2485
v -0.1582 0.3582 -0.2770
v -0.1108 0.3509 -0.2790
v -0.0757 0.3467 -0.2863
v -0.0371 0.3620 -0.2996
v -0.0000 0.3657 -0.3022
v 0.0411 0.3681 -0.3272
v 0.0814 0.3850 -0.3017
v 0.1246 0.3766 -0.3225
v 0.1697 0.3815 -0.3051
v 0.2004 0.3826 -0.2692
v 0.2408 0.3849 -0.2382
v 0.2509 0.3689 -0.1887
v 0.2745 0.3663 -0.1570
v 0.2605 0.3523 -0.1146
v 0.2753 0.3411 -0.0729
v 0.2916 0.3434 -0.0358
v 0.3134 0.3227 0.0000
v 0.3186 0.3204 0.0423
v 0.3270 0.3319 0.0861
v 0.3211 0.3306 0.1418
v 0.3179 0.3316 0.1877
v 0.2736 0.3366 0.2292
v 0.2580 0.3402 0.2490
v 0.2039 0.3343 0.2633
v 0.1628 0.3254 0.2770
v 0.1242 0.3282 0.3089
v 0.0839 0.3238 0.3119
v 0.0406 0.3225 0.3165
v 0.0000 0.3274 0.3204
v -0.0429 0.3268 0.3211
v -0.0845 0.3308 0.3364
v -0.1360 0.3355 0.3308
v -0.1799 0.3382 0.3046
v -0.2125 0.3391 0.2709
v -0.2478 0.3406 0.2552
v -0.2793 0.3288 0.2100
v -0.2936 0.3316 0.1688
v -0.3139 0.3333 0.1237
v -0.3211 0.3277 0.0838
v -0.3186 0.3279 0.0401
v -0.3219 0.3148 0.0000
v -0.3376 0.3230 -0.0409
v -0.3285 0.3289 -0.0893
v -0.3233 0.3363 -0.1382
v -0.3103 0.3362 -0.1868
v -0.2772 0.3421 -0.2167
v -0.2582 0.3305 -0.2638
v -0.2076 0.3249 -0.2683
v -0.1640 0.3175 -0.2846
v -0.1196 0.3204 -0.2868
v -0.0766 0.3077 -0.3000
v -0.0414 0.3123 -0.2924
v -0.0000 0.3162 -0.3069
v 0.0417 0.3300 -0.3394
v 0.0910 0.3322 -0.3372
v 0.1332 0.3460 -0.3259
v 0.1842 0.3462 -0.3247
v 0.2200 0.3366 -0.2890
v 0.2418 0.3424 -0.2476
v 0.2808 0.3265 -0.2056
v 0.2737 0.3206 -0.1570
v 0.2699 0.3170 -0.1151
v 0.2827 0.3075 -0.0776
v 0.3017 0.3153 -0.0406
v 0.3472 0.2885 0.0000
v 0.3441 0.2911 0.0493
v 0.3682 0.2852 0.0991
v 0.3512 0.2851 0.1366
v 0.3409 0.2936 0.1836
v 0.2849 0.2863 0.2216
v 0.2668 0.2866 0.2506
v 0.2266 0.2888 0.2744
v 0.1823 0.2843 0.3124
v 0.1365 0.2877 0.3335
v 0.0949 0.2807 0.3490
v 0.0466 0.2877 0.3508
v 0.0000 0.2849 0.3462
v -0.0448 0.2793 0.3490
v -0.0877 0.2840 0.3304
v -0.1385 0.2868 0.3359
v -0.1914 0.2832 0.3308
v -0.2262 0.2912 0.3007
v -0.2725 0.2888 0.2614
v -0.3072 0.2843 0.2285
v -0.3218 0.2826 0.1853
v -0.3397 0.2917 0.1358
v -0.3566 0.2837 0.0910
v -0.3510 0.2744 0.0454
v -0.3363 0.2751 0.0000
v -0.3286 0.2778 -0.0440
v -0.3480 0.2797 -0.0902
v -0.3362 0.2890 -0.1449
v -0.3208 0.2963 -0.1873
v -0.3041 0.2909 -0.2334
v -0.2823 0.2951 -0.2774
v -0.2228 0.2879 -0.2894
v -0.1801 0.2868 -0.3181
v -0.1232 0.2811 -0.3238
v -0.0828 0.2676 -0.3016
v -0.0389 0.2673 -0.3236
v -0.0000 0.2772 -0.3374
v 0.0474 0.2837 -0.3499
v 0.0963 0.2909 -0.3582
v 0.1480 0.2891 -0.3568
v 0.1919 0.2980 -0.3206
v 0.2262 0.2881 -0.3128
v 0.2759 0.2929 -0.2614
v 0.2937 0.2891 -0.2197
v 0.2860 0.2767 -0.1679
v 0.2926 0.2729 -0.1252
v 0.3255 0.2690 -0.0842
v 0.3186 0.2741 -0.0453
v 0.3869 0.2447 0.0000
v 0.3709 0.2425 0.0518
v 0.3997 0.2477 0.1023
v 0.3616 0.2406 0.1533
v 0.3279 0.2400 0.1855
v 0.2883 0.2426 0.2240
v 0.2762 0.2364 0.2736
v 0.2146 0.2346 0.2969
v 0.1793 0.2401 0.3088
v 0.1382 0.2424 0.3567
v 0.1037 0.2439 0.3583
v 0.0516 0.2444 0.3852
v 0.0000 0.2402 0.4046
v -0.0504 0.2368 0.3568
v -0.0975 0.2413 0.3433
v -0.1394 0.2407 0.3315
v -0.1951 0.2400 0.3118
v -0.2299 0.2419 0.3017
v -0.2792 0.2396 0.2825
v -0.3070 0.2443 0.2419
v -0.3386 0.2427 0.2027
v -0.3777 0.2452 0.1508
v -0.3616 0.2379 0.1036
v -0.3711 0.2405 0.0471
v -0.3540 0.2382 0.0000
v -0.3462 0.2327 -0.0448
v -0.3612 0.2360 -0.0949
v -0.3541 0.2436 -0.1497
v -0.3344 0.2398 -0.1926
v -0.3172 0.2460 -0.2530
v -0.2966 0.2418 -0.2950
v -0.2492 0.2470 -0.3172
v -0.1870 0.2439 -0.3416
v -0.1409 0.2401 -0.3290
v -0.0841 0.2331 -0.3371
v -0.0417 0.2324 -0.3403
v -0.0000 0.2346 -0.3512
v 0.0480 0.2365 -0.3567
v 0.1031 0.2447 -0.3740
v 0.1473 0.2474 -0.3809
v 0.1976 0.2465 -0.3655
v 0.2544 0.2453 -0.3185
v 0.2789 0.2405 -0.2679
v 0.2857 0.2407 -0.2234
v 0.3050 0.2342 -0.1752
v 0.3014 0.2295 -0.1358
v 0.3326 0.2320 -0.0915
v 0.3755 0.2360 -0.0485
v 0.4028 0.1928 0.0000
v 0.3944 0.1946 0.0565
v 0.4030 0.1935 0.1056
v 0.3908 0.1927 0.1645
v 0.3556 0.1930 0.2093
v 0.2987 0.1901 0.2280
v 0.2559 0.1895 0.2525
v 0.2280 0.1913 0.2942
v 0.2010 0.1922 0.3188
v 0.1550 0.1920 0.3566
v 0.1117 0.1923 0.4011
v 0.0551 0.1945 0.4199
v 0.0000 0.1928 0.3978
v -0.0547 0.1934 0.3856
v -0.0951 0.1906 0.3665
v -0.1494 0.1916 0.3585
v -0.1801 0.1914 0.3337
v -0.2394 0.1926 0.2939
v -0.2729 0.1928 0.2954
v -0.3320 0.1923 0.2526
v -0.3706 0.1922 0.2049
v -0.3751 0.1922 0.1590
v -0.3803 0.1919 0.1016
v -0.3940 0.1903 0.0521
v -0.3577 0.1890 0.0000
v -0.3429 0.1903 -0.0481
v -0.3681 0.1892 -0.0944
v -0.3450 0.1925 -0.1540
v -0.3577 0.1925 -0.2006
v -0.3433 0.1933 -0.2584
v -0.2880 0.1929 -0.2854
v -0.2595 0.1934 -0.3193
v -0.2095 0.1918 -0.3468
v -0.1416 0.1905 -0.3660
v -0.0912 0.1887 -0.3459
v -0.0445 0.1896 -0.3306
v -0.0000 0.1887 -0.3772
v 0.0515 0.1906 -0.3836
v 0.1033 0.1920 -0.3822
v 0.1585 0.1948 -0.4072
v 0.2206 0.1926 -0.3588
v 0.2646 0.1921 -0.3392
v 0.2800 0.1937 -0.2721
v 0.3133 0.1907 -0.2249
v 0.2962 0.1903 -0.1804
v 0.3160 0.1890 -0.1407
v 0.3480 0.1904 -0.0925
v 0.3772 0.1924 -0.0524
v 0.4106 0.1400 0.0000
v 0.4321 0.1383 0.0550
v 0.4035 0.1381 0.1137
v 0.4018 0.1387 0.1566
v 0.3365 0.1393 0.2012
v 0.3136 0.1423 0.2427
v 0.2587 0.1413 0.2726
v 0.2290 0.1430 0.3109
v 0.1975 0.1396 0.3348
v 0.1538 0.1385 0.3784
v 0.1069 0.1389 0.4167
v 0.0535 0.1383 0.4252
v 0.0000 0.1397 0.4354
v -0.0556 0.1385 0.4023
v -0.1042 0.1410 0.3903
v -0.1378 0.1409 0.3638
v -0.1872 0.1420 0.3254
v -0.2378 0.1422 0.3232
v -0.2804 0.1407 0.2769
v -0.3270 0.1380 0.2452
v -0.3579 0.1378 0.2087
v -0.3784 0.1381 0.1660
v -0.4083 0.1384 0.1048
v -0.4161 0.1395 0.0504
v -0.3669 0.1416 0.0000
v -0.3525 0.1436 -0.0470
v -0.3459 0.1420 -0.0997
v -0.3521 0.1405 -0.1549
v -0.3479 0.1384 -0.2169
v -0.3364 0.1387 -0.2699
v -0.3073 0.1385 -0.3200
v -0.2687 0.1389 -0.3318
v -0.2050 0.1394 -0.3784
v -0.1563 0.1395 -0.3776
v -0.0995 0.1432 -0.3597
v -0.0491 0.1420 -0.3474
v -0.0000 0.1416 -0.3697
v 0.0524 0.1415 -0.3939
v 0.1086 0.1404 -0.3907
v 0.1727 0.1376 -0.4156
v 0.2197 0.1373 -0.3900
v 0.2703 0.1398 -0.3440
v 0.2850 0.1390 -0.2852
v 0.3111 0.1399 -0.2406
v 0.3100 0.1424 -0.1823
v 0.3510 0.1432 -0.1364
v 0.3770 0.1423 -0.1005
v 0.4224 0.1398 -0.0520
v 0.4241 0.0825 0.0000
v 0.4129 0.0845 0.0553
v 0.4129 0.0834 0.1088
v 0.3739 0.0831 0.1670
v 0.3546 0.0863 0.2056
v 0.2949 0.0895 0.2323
v 0.2610 0.0934 0.2589
v 0.2241 0.0945 0.2895
v 0.1990 0.0892 0.3471
v 0.1518 0.0857 0.3993
v 0.1082 0.0816 0.4144
v 0.0553 0.0772 0.4206
v 0.0000 0.0851 0.4097
v -0.0562 0.0854 0.3934
v -0.1010 0.0893 0.3904
v -0.1374 0.0950 0.3612
v -0.1889 0.0964 0.3143
v -0.2315 0.0892 0.3098
v -0.2982 0.0838 0.2886
v -0.3441 0.0812 0.2646
v -0.3732 0.0791 0.2205
v -0.4158 0.0847 0.1715
v -0.3891 0.0809 0.1106
v -0.4037 0.0827 0.0535
v -0.3811 0.0888 0.0000
v -0.3655 0.0956 -0.0474
v -0.3568 0.0919 -0.0940
v -0.3602 0.0885 -0.1491
v -0.3531 0.0825 -0.2148
v -0.3401 0.0826 -0.2527
v -0.3007 0.0842 -0.3090
v -0.2641 0.0853 -0.3558
v -0.2055 0.0814 -0.3746
v -0.1595 0.0904 -0.3656
v -0.1010 0.0963 -0.3457
v -0.0477 0.0951 -0.3747
v -0.0000 0.0919 -0.3967
v 0.0525 0.0873 -0.4057
v 0.1077 0.0849 -0.4102
v 0.1627 0.0778 -0.4057
v 0.2174 0.0846 -0.3709
v 0.2576 0.0819 -0.3416
v 0.3028 0.0816 -0.2913
v 0.3079 0.0887 -0.2495
v 0.3136 0.0939 -0.1897
v 0.3271 0.0958 -0.1468
v 0.3865 0.0902 -0.0964
v 0.4225 0.0843 -0.0552
v 0.4351 0.0228 0.0000
v 0.4036 0.0288 0.0551
v 0.4060 0.0307 0.1053
v 0.3845 0.0280 0.1549
v 0.3581 0.0333 0.1880
v 0.2926 0.0388 0.2222
v 0.2571 0.0533 0.2474
v 0.2303 0.0434 0.2950
v 0.1880 0.0371 0.3377
v 0.1520 0.0288 0.3770
v 0.1137 0.0259 0.4006
v 0.0530 0.0306 0.4292
v 0.0000 0.0328 0.4036
v -0.0529 0.0272 0.4057
v -0.1027 0.0437 0.3537
v -0.1429 0.0473 0.3432
v -0.1763 0.0510 0.3027
v -0.2192 0.0363 0.3000
v -0.2762 0.0349 0.2772
v -0.3127 0.0235 0.2532
v -0.3812 0.0270 0.2129
v -0.3793 0.0324 0.1681
v -0.4133 0.0312 0.1112
v -0.4066 0.0365 0.0524
v -0.3930 0.0412 0.0000
v -0.3450 0.0486 -0.0476
v -0.3397 0.0481 -0.0971
v -0.3540 0.0347 -0.1431
v -0.3384 0.0337 -0.1956
v -0.3464 0.0303 -0.2554
v -0.2870 0.0252 -0.2950
v -0.2526 0.0328 -0.3199
v -0.2105 0.0325 -0.3442
v -0.1444 0.0394 -0.3502
v -0.0905 0.0421 -0.3488
v -0.0448 0.0454 -0.3382
v -0.0000 0.0390 -0.3560
v 0.0509 0.0313 -0.4006
v 0.1024 0.0318 -0.4046
v 0.1587 0.0200 -0.3766
v 0.2205 0.0257 -0.3554
v 0.2519 0.0329 -0.3366
v 0.2771 0.0272 -0.2864
v 0.2979 0.0428 -0.2341
v 0.3025 0.0420 -0.1730
v 0.3318 0.0463 -0.1341
v 0.3759 0.0416 -0.0996
v 0.3993 0.0356 -0.0516
v 0.3756 0.0000 0.0000
v 0.3876 0.0000 0.0499
v 0.3856 0.0000 0.1027
v 0.3512 0.0000 0.1457
v 0.3136 0.0000 0.1902
v 0.2732 0.0000 0.2231
v 0.2458 0.0000 0.2479
v 0.2034 0.0035 0.2623
v 0.1869 0.0000 0.3132
v 0.1458 0.0000 0.3623
v 0.0997 0.0000 0.3761
v 0.0527 0.0000 0.3798
v 0.0000 0.0000 0.4025
v -0.0476 0.0000 0.3664
v -0.0915 0.0000 0.3478
v -0.1258 0.0040 0.3228
v -0.1641 0.0000 0.2957
v -0.2206 0.0002 0.2796
v -0.2699 0.0000 0.2518
v -0.3194 0.0000 0.2321
v -0.3284 0.0000 0.2008
v -0.3507 0.0000 0.1462
v -0.3881 0.0000 0.1052
v -0.3820 0.0000 0.0500
v -0.3524 0.0000 0.0000
v -0.3293 0.0100 -0.0463
v -0.3294 0.0000 -0.0906
v -0.3434 0.0000 -0.1407
v -0.3288 0.0000 -0.1945
v -0.3100 0.0000 -0.2499
v -0.2712 0.0000 -0.2688
v -0.2457 0.0000 -0.3064
v -0.1936 0.0000 -0.3384
v -0.1416 0.0000 -0.3254
v -0.0888 0.0007 -0.3263
v -0.0433 0.0099 -0.3422
v -0.0000 0.0024 -0.3417
v 0.0485 0.0000 -0.3839
v 0.0987 0.0000 -0.3884
v 0.1463 0.0000 -0.3601
v 0.2054 0.0000 -0.3538
v 0.2310 0.0000 -0.3144
v 0.2672 0.0000 -0.2771
v 0.2748 0.0000 -0.2163
v 0.2872 0.0095 -0.1671
v 0.3054 0.0000 -0.1298
v 0.3333 0.0000 -0.0926
v 0.3699 0.0000 -0.0473
v 0.3404 0.0000 0.0000
v 0.3454 0.0000 0.0497
v 0.3523 0.0000 0.0937
v 0.3255 0.0000 0.1363
v 0.2805 0.0000 0.1728
v 0.2596 0.0000 0.1997
v 0.2147 0.0000 0.2122
v 0.1848 0.0000 0.2614
v 0.1646 0.0000 0.2951
v 0.1391 0.0000 0.3139
v 0.0961 0.0000 0.3571
v 0.0467 0.0000 0.3725
v 0.0000 0.0000 0.3619
v -0.0450 0.0000 0.3376
v -0.0824 0.0000 0.3265
v -0.1251 0.0000 0.3045
v -0.1629 0.0000 0.2702
v -0.1913 0.0000 0.2602
v -0.2323 0.0000 0.2343
v -0.2809 0.0000 0.2078
v -0.2999 0.0000 0.1759
v -0.3430 0.0000 0.1437
v -0.3568 0.0000 0.0916
v -0.3336 0.0000 0.0450
v -0.3240 0.0000 0.0000
v -0.3149 0.0000 -0.0424
v -0.2948 0.0000 -0.0813
v -0.3092 0.0000 -0.1234
v -0.2895 0.0000 -0.1737
v -0.2987 0.0000 -0.2269
v -0.2695 0.0000 -0.2603
v -0.2268 0.0000 -0.2918
v -0.1781 0.0000 -0.3072
v -0.1349 0.0000 -0.3162
v -0.0811 0.0000 -0.3207
v -0.0387 0.0000 -0.3141
v -0.0000 0.0000 -0.3271
v 0.0438 0.0000 -0.3339
v 0.0919 0.0000 -0.3383
v 0.1332 0.0000 -0.3476
v 0.1827 0.0000 -0.3263
v 0.2129 0.0000 -0.2853
v 0.2392 0.0000 -0.2466
v 0.2548 0.0000 -0.1932
v 0.2725 0.0000 -0.1505
v 0.2870 0.0000 -0.1193
v 0.3293 0.0000 -0.0870
v 0.3518 0.0000 -0.0474
v 0.3222 0.0000 0.0000
v 0.3139 0.0000 0.0437
v 0.3101 0.0000 0.0796
v 0.2966 0.0000 0.1164
v 0.2570 0.0000 0.1517
v 0.2204 0.0000 0.1777
v 0.1942 0.0000 0.1980
v 0.1784 0.0000 0.2335
v 0.1539 0.0000 0.2633
v 0.1166 0.0000 0.2913
v 0.0849 0.0000 0.3031
v 0.0428 0.0000 0.3246
v 0.0000 0.0000 0.3044
v -0.0404 0.0000 0.2937
v -0.0795 0.0000 0.2778
v -0.1042 0.0000 0.2683
v -0.1397 0.0000 0.2285
v -0.1684 0.0000 0.2212
v -0.2150 0.0000 0.2178
v -0.2458 0.0000 0.1981
v -0.2778 0.0000 0.1647
v -0.3086 0.0000 0.1204
v -0.2929 0.0000 0.0843
v -0.3097 0.0000 0.0383
v -0.2981 0.0000 0.0000
v -0.2745 0.0000 -0.0375
v -0.2678 0.0000 -0.0733
v -0.2599 0.0000 -0.1092
v -0.2767 0.0000 -0.1467
v -0.2429 0.0000 -0.1921
v -0.2282 0.0000 -0.2232
v -0.1841 0.0000 -0.2482
v -0.1478 0.0000 -0.2819
v -0.1088 0.0000 -0.2798
v -0.0717 0.0000 -0.2737
v -0.0352 0.0000 -0.2750
v -0.0000 0.0000 -0.2718
v 0.0393 0.0000 -0.3081
v 0.0829 0.0000 -0.3052
v 0.1203 0.0000 -0.3032
v 0.1660 0.0000 -0.2823
v 0.1884 0.0000 -0.2565
v 0.2164 0.0000 -0.2130
v 0.2327 0.0000 -0.1698
v 0.2376 0.0000 -0.1463
v 0.2567 0.0000 -0.1038
v 0.2735 0.0000 -0.0725
v 0.2875 0.0000 -0.0396
v 0.2649 0.0000 0.0000
v 0.2591 0.0000 0.0346
v 0.2553 0.0000 0.0701
v 0.2546 0.0000 0.1053
v 0.2223 0.0000 0.1232
v 0.1946 0.0000 0.1460
v 0.1719 0.0000 0.1735
v 0.1402 0.0000 0.1986
v 0.1230 0.0000 0.2075
v 0.0968 0.0000 0.2468
v 0.0675 0.0000 0.2515
v 0.0357 0.0000 0.2721
v 0.0000 0.0000 0.2802
v -0.0344 0.0000 0.2664
v -0.0672 0.0000 0.2328
v -0.0888 0.0000 0.2297
v -0.1201 0.0000 0.1993
v -0.1464 0.0000 0.1971
v -0.1793 0.0000 0.1781
v -0.2010 0.0000 0.1540
v -0.2366 0.0000 0.1348
v -0.2519 0.0000 0.1029
v -0.2440 0.0000 0.0692
v -0.2667 0.0000 0.0339
v -0.2510 0.0000 0.0000
v -0.2271 0.0000 -0.0318
v -0.2215 0.0000 -0.0614
v -0.2312 0.0000 -0.0959
v -0.2287 0.0000 -0.1278
v -0.2173 0.0000 -0.1663
v -0.1963 0.0000 -0.1876
v -0.1681 0.0000 -0.2122
v -0.1283 0.0000 -0.2373
v -0.0930 0.0000 -0.2326
v -0.0634 0.0000 -0.2300
v -0.0324 0.0000 -0.2405
v -0.0000 0.0000 -0.2338
v 0.0317 0.0000 -0.2530
v 0.0660 0.0000 -0.2511
v 0.0994 0.0000 -0.2547
v 0.1409 0.0000 -0.2231
v 0.1669 0.0000 -0.2218
v 0.1829 0.0000 -0.1800
v 0.2025 0.0000 -0.1482
v 0.2146 0.0000 -0.1219
v 0.2102 0.0000 -0.0901
v 0.2473 0.0000 -0.0643
v 0.2534 0.0000 -0.0352
v 0.2174 0.0000 0.0000
v 0.2106 0.0000 0.0276
v 0.2034 0.0000 0.0570
v 0.1928 0.0000 0.0792
v 0.1795 0.0000 0.1067
v 0.1633 0.0000 0.1239
v 0.1418 0.0000 0.1350
v 0.1196 0.0000 0.1509
v 0.1036 0.0000 0.1754
v 0.0815 0.0000 0.1896
v 0.0581 0.0000 0.2147
v 0.0295 0.0000 0.2237
v 0.0000 0.0000 0.2055
v -0.0264 0.0000 0.1984
v -0.0547 0.0000 0.2006
v -0.0720 0.0000 0.1845
v -0.0932 0.0000 0.1754
v -0.1240 0.0000 0.1658
v -0.1395 0.0000 0.1506
v -0.1728 0.0000 0.1302
v -0.1831 0.0000 0.1043
v -0.1912 0.0000 0.0817
v -0.2146 0.0000 0.0553
v -0.1982 0.0000 0.0262
v -0.2036 0.0000 0.0000
v -0.1929 0.0000 -0.0250
v -0.1890 0.0000 -0.0499
v -0.1817 0.0000 -0.0804
v -0.1861 0.0000 -0.1016
v -0.1670 0.0000 -0.1252
v -0.1541 0.0000 -0.1548
v -0.1300 0.0000 -0.1750
v -0.1075 0.0000 -0.1843
v -0.0796 0.0000 -0.1957
v -0.0522 0.0000 -0.1870
v -0.0251 0.0000 -0.1903
v -0.0000 0.0000 -0.1910
v 0.0281 0.0000 -0.2057
v 0.0574 0.0000 -0.2076
v 0.0820 0.0000 -0.1943
v 0.1046 0.0000 -0.1938
v 0.1362 0.0000 -0.1739
v 0.1452 0.0000 -0.1485
v 0.1568 0.0000 -0.1165
v 0.1732 0.0000 -0.0977
v 0.1818 0.0000 -0.0726
v 0.1965 0.0000 -0.0514
v 0.2112 0.0000 -0.0273
v 0.1667 0.0000 0.0000
v 0.1673 0.0000 0.0211
v 0.1624 0.0000 0.0448
v 0.1510 0.0000 0.0628
v 0.1380 0.0000 0.0770
v 0.1280 0.0000 0.0944
v 0.1088 0.0000 0.1057
v 0.0910 0.0000 0.1221
v 0.0804 0.0000 0.1427
v 0.0646 0.0000 0.1487
v 0.0443 0.0000 0.1541
v 0.0210 0.0000 0.1587
v 0.0000 0.0000 0.1659
v -0.0211 0.0000 0.1593
v -0.0429 0.0000 0.1517
v -0.0589 0.0000 0.1462
v -0.0741 0.0000 0.1312
v -0.0948 0.0000 0.1217
v -0.1116 0.0000 0.1079
v -0.1264 0.0000 0.0956
v -0.1395 0.0000 0.0813
v -0.1511 0.0000 0.0658
v -0.1524 0.0000 0.0441
v -0.1546 0.0000 0.0216
v -0.1576 0.0000 0.0000
v -0.1514 0.0000 -0.0205
v -0.1458 0.0000 -0.0405
v -0.1500 0.0000 -0.0596
v -0.1415 0.0000 -0.0786
v -0.1374 0.0000 -0.0994
v -0.1198 0.0000 -0.1128
v -0.1036 0.0000 -0.1320
v -0.0815 0.0000 -0.1449
v -0.0579 0.0000 -0.1462
v -0.0399 0.0000 -0.1482
v -0.0200 0.0000 -0.1512
v -0.0000 0.0000 -0.1594
v 0.0212 0.0000 -0.1565
v 0.0404 0.0000 -0.1589
v 0.0653 0.0000 -0.1476
v 0.0810 0.0000 -0.1489
v 0.0965 0.0000 -0.1342
v 0.1150 0.0000 -0.1163
v 0.1270 0.0000 -0.0912
v 0.1358 0.0000 -0.0776
v 0.1492 0.0000 -0.0610
v 0.1458 0.0000 -0.0406
v 0.1520 0.0000 -0.0206
v 0.1193 0.0000 0.0000
v 0.1262 0.0000 0.0161
v 0.1176 0.0000 0.0312
v 0.1167 0.0000 0.0483
v 0.1017 0.0000 0.0575
v 0.0945 0.0000 0.0720
v 0.0823 0.0000 0.0813
v 0.0741 0.0000 0.0977
v 0.0603 0.0000 0.1019
v 0.0467 0.0000 0.1130
v 0.0312 0.0000 0.1219
v 0.0157 0.0000 0.1256
v 0.0000 0.0000 0.1278
v -0.0157 0.0000 0.1150
v -0.0308 0.0000 0.1104
v -0.0467 0.0000 0.1099
v -0.0564 0.0000 0.1015
v -0.0745 0.0000 0.0960
v -0.0868 0.0000 0.0828
v -0.1001 0.0000 0.0774
v -0.1032 0.0000 0.0589
v -0.1167 0.0000 0.0466
v -0.1198 0.0000 0.0329
v -0.1219 0.0000 0.0151
v -0.1213 0.0000 0.0000
v -0.1131 0.0000 -0.0153
v -0.1116 0.0000 -0.0294
v -0.1150 0.0000 -0.0473
v -0.1013 0.0000 -0.0635
v -0.0961 0.0000 -0.0736
v -0.0882 0.0000 -0.0873
v -0.0716 0.0000 -0.0995
v -0.0604 0.0000 -0.1012
v -0.0474 0.0000 -0.1156
v -0.0321 0.0000 -0.1145
v -0.0149 0.0000 -0.1184
v -0.0000 0.0000 -0.1137
v 0.0157 0.0000 -0.1204
v 0.0316 0.0000 -0.1134
v 0.0459 0.0000 -0.1173
v 0.0598 0.0000 -0.1015
v 0.0752 0.0000 -0.0955
v 0.0894 0.0000 -0.0817
v 0.0931 0.0000 -0.0708
v 0.1033 0.0000 -0.0599
v 0.1055 0.0000 -0.0449
v 0.1105 0.0000 -0.0318
v 0.1210 0.0000 -0.0150
v 0.0884 0.0000 0.0000
v 0.0843 0.0000 0.0113
v 0.0842 0.0000 0.0221
v 0.0788 0.0000 0.0332
v 0.0790 0.0000 0.0440
v 0.0676 0.0000 0.0558
v 0.0600 0.0000 0.0626
v 0.0517 0.0000 0.0677
v 0.0443 0.0000 0.0754
v 0.0328 0.0000 0.0791
v 0.0220 0.0000 0.0884
v 0.0115 0.0000 0.0833
v 0.0000 0.0000 0.0908
v -0.0116 0.0000 0.0851
v -0.0234 0.0000 0.0832
v -0.0322 0.0000 0.0817
v -0.0432 0.0000 0.0732
v -0.0541 0.0000 0.0707
v -0.0642 0.0000 0.0597
v -0.0682 0.0000 0.0563
v -0.0729 0.0000 0.0450
v -0.0841 0.0000 0.0348
v -0.0849 0.0000 0.0217
v -0.0913 0.0000 0.0114
v -0.0846 0.0000 0.0000
v -0.0891 0.0000 -0.0113
v -0.0822 0.0000 -0.0222
v -0.0802 0.0000 -0.0355
v -0.0787 0.0000 -0.0441
v -0.0720 0.0000 -0.0551
v -0.0633 0.0000 -0.0632
v -0.0556 0.0000 -0.0672
v -0.0451 0.0000 -0.0738
v -0.0353 0.0000 -0.0835
v -0.0220 0.0000 -0.0890
v -0.0120 0.0000 -0.0904
v -0.0000 0.0000 -0.0877
v 0.0119 0.0000 -0.0907
v 0.0224 0.0000 -0.0855
v 0.0353 0.0000 -0.0854
v 0.0454 0.0000 -0.0790
v 0.0523 0.0000 -0.0697
v 0.0608 0.0000 -0.0649
v 0.0713 0.0000 -0.0531
v 0.0786 0.0000 -0.0449
v 0.0851 0.0000 -0.0335
v 0.0817 0.0000 -0.0236
v 0.0861 0.0000 -0.0119
v 0.0610 0.0000 0.0000
v 0.0559 0.0000 0.0080
v 0.0568 0.0000 0.0153
v 0.0538 0.0000 0.0223
v 0.0531 0.0000 0.0290
v 0.0451 0.0000 0.0368
v 0.0416 0.0000 0.0432
v 0.0347 0.0000 0.0448
v 0.0306 0.0000 0.0501
v 0.0237 0.0000 0.0532
v 0.0159 0.0000 0.0595
v 0.0077 0.0000 0.0614
v 0.0000 0.0000 0.0574
v -0.0080 0.0000 0.0589
v -0.0146 0.0000 0.0598
v -0.0226 0.0000 0.0534
v -0.0292 0.0000 0.0516
v -0.0374 0.0000 0.0464
v -0.0437 0.0000 0.0426
v -0.0450 0.0000 0.0359
v -0.0537 0.0000 0.0301
v -0.0555 0.0000 0.0227
v -0.0582 0.0000 0.0153
v -0.0579 0.0000 0.0074
v -0.0612 0.0000 0.0000
v -0.0584 0.0000 -0.0080
v -0.0585 0.0000 -0.0146
v -0.0538 0.0000 -0.0237
v -0.0533 0.0000 -0.0299
v -0.0474 0.0000 -0.0357
v -0.0429 0.0000 -0.0410
v -0.0370 0.0000 -0.0472
v -0.0294 0.0000 -0.0521
v -0.0234 0.0000 -0.0541
v -0.0160 0.0000 -0.0583
v -0.0076 0.0000 -0.0592
v -0.0000 0.0000 -0.0583
v 0.0075 0.0000 -0.0610
v 0.0148 0.0000 -0.0553
v 0.0222 0.0000 -0.0536
v 0.0293 0.0000 -0.0537
v 0.0349 0.0000 -0.0491
v 0.0406 0.0000 -0.0416
v 0.0452 0.0000 -0.0357
v 0.0507 0.0000 -0.0289
v 0.0531 0.0000 -0.0226
v 0.0592 0.0000 -0.0158
v 0.0576 0.0000 -0.0079
v 0.0297 0.0000 0.0000
v 0.0302 0.0000 0.0038
v 0.0299 0.0000 0.0075
v 0.0278 0.0000 0.0117
v 0.0246 0.0000 0.0150
v 0.0233 0.0000 0.0177
v 0.0205 0.0000 0.0211
v 0.0186 0.0000 0.0234
v 0.0153 0.0000 0.0253
v 0.0115 0.0000 0.0278
v 0.0078 0.0000 0.0284
v 0.0041 0.0000 0.0290
v 0.0000 0.0000 0.0293
v -0.0038 0.0000 0.0296
v -0.0077 0.0000 0.0299
v -0.0110 0.0000 0.0263
v -0.0147 0.0000 0.0267
v -0.0184 0.0000 0.0234
v -0.0212 0.0000 0.0218
v -0.0243 0.0000 0.0175
v -0.0262 0.0000 0.0149
v -0.0286 0.0000 0.0117
v -0.0297 0.0000 0.0080
v -0.0284 0.0000 0.0040
v -0.0301 0.0000 0.0000
v -0.0298 0.0000 -0.0038
v -0.0279 0.0000 -0.0074
v -0.0280 0.0000 -0.0117
v -0.0254 0.0000 -0.0142
v -0.0244 0.0000 -0.0172
v -0.0213 0.0000 -0.0206
v -0.0173 0.0000 -0.0237
v -0.0153 0.0000 -0.0266
v -0.0109 0.0000 -0.0278
v -0.0076 0.0000 -0.0289
v -0.0038 0.0000 -0.0286
v -0.0000 0.0000 -0.0299
v 0.0037 0.0000 -0.0281
v 0.0077 0.0000 -0.0275
v 0.0115 0.0000 -0.0277
v 0.0147 0.0000 -0.0260
v 0.0176 0.0000 -0.0248
v 0.0217 0.0000 -0.0207
v 0.0247 0.0000 -0.0181
v 0.0248 0.0000 -0.0151
v 0.0281 0.0000 -0.0112
v 0.0278 0.0000 -0.0075
v 0.0286 0.0000 -0.0039
v 0.0000 0.0000 0.0000
v -0.0245 0.2304 -0.3772
v -0.0245 0.2304 -0.3772
v -0.0245 0.2304 -0.3772
v -0.0245 0.2304 -0.3772
v -0.0245 0.2304 -0.3772
v -0.0245 0.2304 -0.3772
v 0.0154 0.2139 -0.3772
v -0.0046 0.2139 -0.3427
v -0.0445 0.2139 -0.3427
v -0.0644 0.2139 -0.3772
v -0.0445 0.2139 -0.4118
v -0.0046 0.2139 -0.4118
v 0.0319 0.1740 -0.3772
v 0.0037 0.1740 -0.3284
v -0.0527 0.1740 -0.3284
v -0.0809 0.1740 -0.3772
v -0.0527 0.1740 -0.4261
v 0.0037 0.1740 -0.4261
v 0.0154 0.1341 -0.3772
v -0.0046 0.1341 -0.3427
v -0.0445 0.1341 -0.3427
v -0.0644 0.1341 -0.3772
v -0.0445 0.1341 -0.4118
v -0.0046 0.1341 -0.4118
v -0.0245 0.1176 -0.3772
v -0.0245 0.1176 -0.3772
v -0.0245 0.1176 -0.3772
v -0.0245 0.1176 -0.3772
v -0.0245 0.1176 -0.3772
v -0.0245 0.1176 -0.3772
v 0.3026 0.4276 0.0153
v 0.3026 0.4276 0.0153
v 0.3026 0.4276 0.0153
v 0.3026 0.4276 0.0153
v 0.3026 0.4276 0.0153
v 0.3026 0.4276 0.0153
v 0.3347 0.4143 0.0153
v 0.3186 0.4143 0.0431
v 0.2866 0.4143 0.0431
v 0.2705 0.4143 0.0153
v 0.2866 0.4143 -0.0124
v 0.3186 0.4143 -0.0124
v 0.3479 0.3823 0.0153
v 0.3253 0.3823 0.0546
v 0.2799 0.3823 0.0546
v 0.2573 0.3823 0.0153
v 0.2799 0.3823 -0.0239
v 0.3253 0.3823 -0.0239
v 0.3347 0.3502 0.0153
v 0.3186 0.3502 0.0431
v 0.2866 0.3502 0.0431
v 0.2705 0.3502 0.0153
v 0.2866 0.3502 -0.0124
v 0.3186 0.3502 -0.0124
v 0.3026 0.3369 0.0153
v 0.3026 0.3369 0.0153
v 0.3026 0.3369 0.0153
v 0.3026 0.3369 0.0153
v 0.3026 0.3369 0.0153
v 0.3026 0.3369 0.0153
v 0.2762 0.4585 -0.0335
v 0.2762 0.4585 -0.0335
v 0.2762 0.4585 -0.0335
v 0.2762 0.4585 -0.0335
v 0.2762 0.4585 -0.0335
v 0.2762 0.4585 -0.0335
v 0.3146 0.4426 -0.0335
v 0.2954 0.4426 -0.0001
v 0.2569 0.4426 -0.0001
v 0.2377 0.4426 -0.0335
v 0.2569 0.4426 -0.0668
v 0.2954 0.4426 -0.0668
v 0.3306 0.4041 -0.0335
v 0.3034 0.4041 0.0137
v 0.2489 0.4041 0.0137
v 0.2217 0.4041 -0.0335
v 0.2489 0.4041 -0.0806
v 0.3034 0.4041 -0.0806
v 0.3146 0.3656 -0.0335
v 0.2954 0.3656 -0.0001
v 0.2569 0.3656 -0.0001
v 0.2377 0.3656 -0.0335
v 0.2569 0.3656 -0.0668
v 0.2954 0.3656 -0.0668
v 0.2762 0.3497 -0.0335
v 0.2762 0.3497 -0.0335
v 0.2762 0.3497 -0.0335
v 0.2762 0.3497 -0.0335
v 0.2762 0.3497 -0.0335
v 0.2762 0.3497 -0.0335
v 0.3113 0.4073 -0.0324
v 0.3113 0.4073 -0.0324
v 0.3113 0.4073 -0.0324
v 0.3113 0.4073 -0.0324
v 0.3113 0.4073 -0.0324
v 0.3113 0.4073 -0.0324
v 0.3533 0.3900 -0.0324
v 0.3323 0.3900 0.0039
v 0.2903 0.3900 0.0039
v 0.2694 0.3900 -0.0324
v 0.2903 0.3900 -0.0688
v 0.3323 0.3900 -0.0688
v 0.3707 0.3480 -0.0324
v 0.3410 0.3480 0.0189
v 0.2817 0.3480 0.0189
v 0.2520 0.3480 -0.0324
v 0.2817 0.3480 -0.0838
v 0.3410 0.3480 -0.0838
v 0.3533 0.3060 -0.0324
v 0.3323 0.3060 0.0039
v 0.2903 0.3060 0.0039
v 0.2694 0.3060 -0.0324
v 0.2903 0.3060 -0.0688
v 0.3323 0.3060 -0.0688
v 0.3113 0.2887 -0.0324
v 0.3113 0.2887 -0.0324
v 0.3113 0.2887 -0.0324
v 0.3113 0.2887 -0.0324
v 0.3113 0.2887 -0.0324
v 0.3113 0.2887 -0.0324
v 0.3775 0.2066 0.1999
v 0.3775 0.2066 0.1999
v 0.3775 0.2066 0.1999
v 0.3775 0.2066 0.1999
v 0.3775 0.2066 0.1999
v 0.3775 0.2066 0.1999
v 0.4131 0.1919 0.1999
v 0.3953 0.1919 0.2307
v 0.3597 0.1919 0.2307
v 0.3419 0.1919 0.1999
v 0.3597 0.1919 0.1691
v 0.3953 0.1919 0.1691
v 0.4279 0.1563 0.1999
v 0.4027 0.1563 0.2435
v 0.3524 0.1563 0.2435
v 0.3272 0.1563 0.1999
v 0.3524 0.1563 0.1563
v 0.4027 0.1563 0.1563
v 0.4131 0.1207 0.1999
v 0.3953 0.1207 0.2307
v 0.3597 0.1207 0.2307
v 0.3419 0.1207 0.1999
v 0.3597 0.1207 0.1691
v 0.3953 0.1207 0.1691
v 0.3775 0.1059 0.1999
v 0.3775 0.1059 0.1999
v 0.3775 0.1059 0.1999
v 0.3775 0.1059 0.1999
v 0.3775 0.1059 0.1999
v 0.3775 0.1059 0.1999
v 0.4162 0.2220 0.1383
v 0.4162 0.2220 0.1383
v 0.4162 0.2220 0.1383
v 0.4162 0.2220 0.1383
v 0.4162 0.2220 0.1383
v 0.4162 0.2220 0.1383
v 0.4478 0.2088 0.1383
v 0.4320 0.2088 0.1657
v 0.4003 0.2088 0.1657
v 0.3845 0.2088 0.1383
v 0.4003 0.2088 0.1109
v 0.4320 0.2088 0.1109
v 0.4609 0.1772 0.1383
v 0.4385 0.1772 0.1771
v 0.3938 0.1772 0.1771
v 0.3714 0.1772 0.1383
v 0.3938 0.1772 0.0995
v 0.4385 0.1772 0.0995
v 0.4478 0.1455 0.1383
v 0.4320 0.1455 0.1657
v 0.4003 0.1455 0.1657
v 0.3845 0.1455 0.1383
v 0.4003 0.1455 0.1109
v 0.4320 0.1455 0.1109
v 0.4162 0.1324 0.1383
v 0.4162 0.1324 0.1383
v 0.4162 0.1324 0.1383
v 0.4162 0.1324 0.1383
v 0.4162 0.1324 0.1383
v 0.4162 0.1324 0.1383
v -0.3104 0.4391 0.1000
v -0.3104 0.4391 0.1000
v -0.3104 0.4391 0.1000
v -0.3104 0.4391 0.1000
v -0.3104 0.4391 0.1000
v -0.3104 0.4391 0.1000
v -0.2737 0.4239 0.1000
v -0.2921 0.4239 0.1318
v -0.3288 0.4239 0.1318
v -0.3471 0.4239 0.1000
v -0.3288 0.4239 0.0683
v -0.2921 0.4239 0.0683
v -0.2585 0.3872 0.1000
v -0.2845 0.3872 0.1450
v -0.3364 0.3872 0.1450
v -0.3623 0.3872 0.1000
v -0.3364 0.3872 0.0551
v -0.2845 0.3872 0.0551
v -0.2737 0.3505 0.1000
v -0.2921 0.3505 0.1318
v -0.3288 0.3505 0.1318
v -0.3471 0.3505 0.1000
v -0.3288 0.3505 0.0683
v -0.2921 0.3505 0.0683
v -0.3104 0.3353 0.1000
v -0.3104 0.3353 0.1000
v -0.3104 0.3353 0.1000
v -0.3104 0.3353 0.1000
v -0.3104 0.3353 0.1000
v -0.3104 0.3353 0.1000
v 0.0173 0.2688 -0.3912
v 0.0173 0.2688 -0.3912
v 0.0173 0.2688 -0.3912
v 0.0173 0.2688 -0.3912
v 0.0173 0.2688 -0.3912
v 0.0173 0.2688 -0.3912
v 0.0616 0.2504 -0.3912
v 0.0394 0.2504 -0.3528
v -0.0049 0.2504 -0.3528
v -0.0271 0.2504 -0.3912
v -0.0049 0.2504 -0.4296
v 0.0394 0.2504 -0.4296
v 0.0800 0.2060 -0.3912
v 0.0486 0.2060 -0.3369
v -0.0141 0.2060 -0.3369
v -0.0455 0.2060 -0.3912
v -0.0141 0.2060 -0.4455
v 0.0486 0.2060 -0.4455
v 0.0616 0.1617 -0.3912
v 0.0394 0.1617 -0.3528
v -0.0049 0.1617 -0.3528
v -0.0271 0.1617 -0.3912
v -0.0049 0.1617 -0.4296
v 0.0394 0.1617 -0.4296
v 0.0173 0.1433 -0.3912
v 0.0173 0.1433 -0.3912
v 0.0173 0.1433 -0.3912
v 0.0173 0.1433 -0.3912
v 0.0173 0.1433 -0.3912
v 0.0173 0.1433 -0.3912
v 0.2755 0.4411 -0.1990
v 0.2755 0.4411 -0.1990
v 0.2755 0.4411 -0.1990
v 0.2755 0.4411 -0.1990
v 0.2755 0.4411 -0.1990
v 0.2755 0.4411 -0.1990
v 0.3187 0.4232 -0.1990
v 0.2971 0.4232 -0.1615
v 0.2538 0.4232 -0.1615
v 0.2322 0.4232 -0.1990
v 0.2538 0.4232 -0.2364
v 0.2971 0.4232 -0.2364
v 0.3366 0.3800 -0.1990
v 0.3060 0.3800 -0.1460
v 0.2449 0.3800 -0.1460
v 0.2143 0.3800 -0.1990
v 0.2449 0.3800 -0.2519
v 0.3060 0.3800 -0.2519
v 0.3187 0.3367 -0.1990
v 0.2971 0.3367 -0.1615
v 0.2538 0.3367 -0.1615
v 0.2322 0.3367 -0.1990
v 0.2538 0.3367 -0.2364
v 0.2971 0.3367 -0.2364
v 0.2755 0.3188 -0.1990
v 0.2755 0.3188 -0.1990
v 0.2755 0.3188 -0.1990
v 0.2755 0.3188 -0.1990
v 0.2755 0.3188 -0.1990
v 0.2755 0.3188 -0.1990
v -0.2712 0.3169 0.2897
v -0.2712 0.3169 0.2897
v -0.2712 0.3169 0.2897
v -0.2712 0.3169 0.2897
v -0.2712 0.3169 0.2897
v -0.2712 0.3169 0.2897
v -0.2391 0.3036 0.2897
v -0.2552 0.3036 0.3175
v -0.2873 0.3036 0.3175
v -0.3033 0.3036 0.2897
v -0.2873 0.3036 0.2619
v -0.2552 0.3036 0.2619
v -0.2258 0.2715 0.2897
v -0.2485 0.2715 0.3290
v -0.2939 0.2715 0.3290
v -0.3166 0.2715 0.2897
v -0.2939 0.2715 0.2504
v -0.2485 0.2715 0.2504
v -0.2391 0.2394 0.2897
v -0.2552 0.2394 0.3175
v -0.2873 0.2394 0.3175
v -0.3033 0.2394 0.2897
v -0.2873 0.2394 0.2619
v -0.2552 0.2394 0.2619
v -0.2712 0.2261 0.2897
v -0.2712 0.2261 0.2897
v -0.2712 0.2261 0.2897
v -0.2712 0.2261 0.2897
v -0.2712 0.2261 0.2897
v -0.2712 0.2261 0.2897
v -0.2254 0.5256 0.1590
v -0.2254 0.5256 0.1590
v -0.2254 0.5256 0.1590
v -0.2254 0.5256 0.1590
v -0.2254 0.5256 0.1590
v -0.2254 0.5256 0.1590
v -0.1951 0.5131 0.1590
v -0.2102 0.5131 0.1853
v -0.2406 0.5131 0.1853
v -0.2557 0.5131 0.1590
v -0.2406 0.5131 0.1327
v -0.2102 0.5131 0.1327
v -0.1825 0.4827 0.1590
v -0.2040 0.4827 0.1961
v -0.2469 0.4827 0.1961
v -0.2683 0.4827 0.1590
v -0.2469 0.4827 0.1218
v -0.2040 0.4827 0.1218
v -0.1951 0.4524 0.1590
v -0.2102 0.4524 0.1853
v -0.2406 0.4524 0.1853
v -0.2557 0.4524 0.1590
v -0.2406 0.4524 0.1327
v -0.2102 0.4524 0.1327
v -0.2254 0.4398 0.1590
v -0.2254 0.4398 0.1590
v -0.2254 0.4398 0.1590
v -0.2254 0.4398 0.1590
v -0.2254 0.4398 0.1590
v -0.2254 0.4398 0.1590
v -0.1124 0.2926 -0.3456
v -0.1124 0.2926 -0.3456
v -0.1124 0.2926 -0.3456
v -0.1124 0.2926 -0.3456
v -0.1124 0.2926 -0.3456
v -0.1124 0.2926 -0.3456
v -0.0791 0.2789 -0.3456
v -0.0958 0.2789 -0.3168
v -0.1291 0.2789 -0.3168
v -0.1457 0.2789 -0.3456
v -0.1291 0.2789 -0.3745
v -0.0958 0.2789 -0.3745
v -0.0653 0.2455 -0.3456
v -0.0889 0.2455 -0.3048
v -0.1360 0.2455 -0.3048
v -0.1595 0.2455 -0.3456
v -0.1360 0.2455 -0.3864
v -0.0889 0.2455 -0.3864
v -0.0791 0.2122 -0.3456
v -0.0958 0.2122 -0.3168
v -0.1291 0.2122 -0.3168
v -0.1457 0.2122 -0.3456
v -0.1291 0.2122 -0.3745
v -0.0958 0.2122 -0.3745
v -0.1124 0.1985 -0.3456
v -0.1124 0.1985 -0.3456
v -0.1124 0.1985 -0.3456
v -0.1124 0.1985 -0.3456
v -0.1124 0.1985 -0.3456
v -0.1124 0.1985 -0.3456
v 0.1862 0.6235 0.1029
v 0.1862 0.6235 0.1029
v 0.1862 0.6235 0.1029
v 0.1862 0.6235 0.1029
v 0.1862 0.6235 0.1029
v 0.1862 0.6235 0.1029
v 0.2310 0.6049 0.1029
v 0.2086 0.6049 0.1417
v 0.1638 0.6049 0.1417
v 0.1414 0.6049 0.1029
v 0.1638 0.6049 0.0640
v 0.2086 0.6049 0.0640
v 0.2496 0.5601 0.1029
v 0.2179 0.5601 0.1577
v 0.1545 0.5601 0.1577
v 0.1228 0.5601 0.1029
v 0.1545 0.5601 0.0480
v 0.2179 0.5601 0.0480
v 0.2310 0.5153 0.1029
v 0.2086 0.5153 0.1417
v 0.1638 0.5153 0.1417
v 0.1414 0.5153 0.1029
v 0.1638 0.5153 0.0640
v 0.2086 0.5153 0.0640
v 0.1862 0.4967 0.1029
v 0.1862 0.4967 0.1029
v 0.1862 0.4967 0.1029
v 0.1862 0.4967 0.1029
v 0.1862 0.4967 0.1029
v 0.1862 0.4967 0.1029
v 0.1747 0.5145 0.2500
v 0.1747 0.5145 0.2500
v 0.1747 0.5145 0.2500
v 0.1747 0.5145 0.2500
v 0.1747 0.5145 0.2500
v 0.1747 0.5145 0.2500
v 0.2098 0.5000 0.2500
v 0.1923 0.5000 0.2803
v 0.1572 0.5000 0.2803
v 0.1397 0.5000 0.2500
v 0.1572 0.5000 0.2197
v 0.1923 0.5000 0.2197
v 0.2243 0.4650 0.2500
v 0.1995 0.4650 0.2929
v 0.1500 0.4650 0.2929
v 0.1252 0.4650 0.2500
v 0.1500 0.4650 0.2071
v 0.1995 0.4650 0.2071
v 0.2098 0.4299 0.2500
v 0.1923 0.4299 0.2803
v 0.1572 0.4299 0.2803
v 0.1397 0.4299 0.2500
v 0.1572 0.4299 0.2197
v 0.1923 0.4299 0.2197
v 0.1747 0.4154 0.2500
v 0.1747 0.4154 0.2500
v 0.1747 0.4154 0.2500
v 0.1747 0.4154 0.2500
v 0.1747 0.4154 0.2500
v 0.1747 0.4154 0.2500
v 0.1133 0.2183 -0.4216
v 0.1133 0.2183 -0.4216
v 0.1133 0.2183 -0.4216
v 0.1133 0.2183 -0.4216
v 0.1133 0.2183 -0.4216
v 0.1133 0.2183 -0.4216
v 0.1517 0.2024 -0.4216
v 0.1325 0.2024 -0.3883
v 0.0941 0.2024 -0.3883
v 0.0749 0.2024 -0.4216
v 0.0941 0.2024 -0.4548
v 0.1325 0.2024 -0.4548
v 0.1676 0.1640 -0.4216
v 0.1405 0.1640 -0.3746
v 0.0862 0.1640 -0.3746
v 0.0590 0.1640 -0.4216
v 0.0862 0.1640 -0.4686
v 0.1405 0.1640 -0.4686
v 0.1517 0.1256 -0.4216
v 0.1325 0.1256 -0.3883
v 0.0941 0.1256 -0.3883
v 0.0749 0.1256 -0.4216
v 0.0941 0.1256 -0.4548
v 0.1325 0.1256 -0.4548
v 0.1133 0.1097 -0.4216
v 0.1133 0.1097 -0.4216
v 0.1133 0.1097 -0.4216
v 0.1133 0.1097 -0.4216
v 0.1133 0.1097 -0.4216
v 0.1133 0.1097 -0.4216
v -0.3544 0.2999 -0.0463
v -0.3544 0.2999 -0.0463
v -0.3544 0.2999 -0.0463
v -0.3544 0.2999 -0.0463
v -0.3544 0.2999 -0.0463
v -0.3544 0.2999 -0.0463
v -0.3215 0.2863 -0.0463
v -0.3379 0.2863 -0.0178
v -0.3708 0.2863 -0.0178
v -0.3873 0.2863 -0.0463
v -0.3708 0.2863 -0.0748
v -0.3379 0.2863 -0.0748
v -0.3079 0.2534 -0.0463
v -0.3311 0.2534 -0.0060
v -0.3776 0.2534 -0.0060
v -0.4009 0.2534 -0.0463
v -0.3776 0.2534 -0.0866
v -0.3311 0.2534 -0.0866
v -0.3215 0.2205 -0.0463
v -0.3379 0.2205 -0.0178
v -0.3708 0.2205 -0.0178
v -0.3873 0.2205 -0.0463
v -0.3708 0.2205 -0.0748
v -0.3379 0.2205 -0.0748
v -0.3544 0.2069 -0.0463
v -0.3544 0.2069 -0.0463
v -0.3544 0.2069 -0.0463
v -0.3544 0.2069 -0.0463
v -0.3544 0.2069 -0.0463
v -0.3544 0.2069 -0.0463
v 0.0394 0.3586 -0.3524
v 0.0394 0.3586 -0.3524
v 0.0394 0.3586 -0.3524
v 0.0394 0.3586 -0.3524
v 0.0394 0.3586 -0.3524
v 0.0394 0.3586 -0.3524
v 0.0744 0.3441 -0.3524
v 0.0569 0.3441 -0.3220
v 0.0219 0.3441 -0.3220
v 0.0043 0.3441 -0.3524
v 0.0219 0.3441 -0.3827
v 0.0569 0.3441 -0.3827
v 0.0889 0.3090 -0.3524
v 0.0642 0.3090 -0.3095
v 0.0146 0.3090 -0.3095
v -0.0102 0.3090 -0.3524
v 0.0146 0.3090 -0.3953
v 0.0642 0.3090 -0.3953
v 0.0744 0.2740 -0.3524
v 0.0569 0.2740 -0.3220
v 0.0219 0.2740 -0.3220
v 0.0043 0.2740 -0.3524
v 0.0219 0.2740 -0.3827
v 0.0569 0.2740 -0.3827
v 0.0394 0.2595 -0.3524
v 0.0394 0.2595 -0.3524
v 0.0394 0.2595 -0.3524
v 0.0394 0.2595 -0.3524
v 0.0394 0.2595 -0.3524
v 0.0394 0.2595 -0.3524
v -0.3722 0.1897 -0.0787
v -0.3722 0.1897 -0.0787
v -0.3722 0.1897 -0.0787
v -0.3722 0.1897 -0.0787
v -0.3722 0.1897 -0.0787
v -0.3722 0.1897 -0.0787
v -0.3359 0.1747 -0.0787
v -0.3541 0.1747 -0.0473
v -0.3904 0.1747 -0.0473
v -0.4085 0.1747 -0.0787
v -0.3904 0.1747 -0.1101
v -0.3541 0.1747 -0.1101
v -0.3209 0.1384 -0.0787
v -0.3466 0.1384 -0.0343
v -0.3979 0.1384 -0.0343
v -0.4236 0.1384 -0.0787
v -0.3979 0.1384 -0.1231
v -0.3466 0.1384 -0.1231
v -0.3359 0.1021 -0.0787
v -0.3541 0.1021 -0.0473
v -0.3904 0.1021 -0.0473
v -0.4085 0.1021 -0.0787
v -0.3904 0.1021 -0.1101
v -0.3541 0.1021 -0.1101
v -0.3722 0.0871 -0.0787
v -0.3722 0.0871 -0.0787
v -0.3722 0.0871 -0.0787
v -0.3722 0.0871 -0.0787
v -0.3722 0.0871 -0.0787
v -0.3722 0.0871 -0.0787
v -0.1655 0.3384 0.3547
v -0.1655 0.3384 0.3547
v -0.1655 0.3384 0.3547
v -0.1655 0.3384 0.3547
v -0.1655 0.3384 0.3547
v -0.1655 0.3384 0.3547
v -0.1179 0.3187 0.3547
v -0.1417 0.3187 0.3958
v -0.1892 0.3187 0.3958
v -0.2130 0.3187 0.3547
v -0.1892 0.3187 0.3135
v -0.1417 0.3187 0.3135
v -0.0982 0.2711 0.3547
v -0.1318 0.2711 0.4129
v -0.1991 0.2711 0.4129
v -0.2327 0.2711 0.3547
v -0.1991 0.2711 0.2964
v -0.1318 0.2711 0.2964
v -0.1179 0.2236 0.3547
v -0.1417 0.2236 0.3958
v -0.1892 0.2236 0.3958
v -0.2130 0.2236 0.3547
v -0.1892 0.2236 0.3135
v -0.1417 0.2236 0.3135
v -0.1655 0.2039 0.3547
v -0.1655 0.2039 0.3547
v -0.1655 0.2039 0.3547
v -0.1655 0.2039 0.3547
v -0.1655 0.2039 0.3547
v -0.1655 0.2039 0.3547
v 0.1699 0.5623 0.2199
v 0.1699 0.5623 0.2199
v 0.1699 0.5623 0.2199
v 0.1699 0.5623 0.2199
v 0.1699 0.5623 0.2199
v 0.1699 0.5623 0.2199
v 0.2079 0.5466 0.2199
v 0.1889 0.5466 0.2528
v 0.1510 0.5466 0.2528
v 0.1320 0.5466 0.2199
v 0.1510 0.5466 0.1870
v 0.1889 0.5466 0.1870
v 0.2236 0.5087 0.2199
v 0.1968 0.5087 0.2664
v 0.1431 0.5087 0.2664
v 0.1163 0.5087 0.2199
v 0.1431 0.5087 0.1734
v 0.1968 0.5087 0.1734
v 0.2079 0.4707 0.2199
v 0.1889 0.4707 0.2528
v 0.1510 0.4707 0.2528
v 0.1320 0.4707 0.2199
v 0.1510 0.4707 0.1870
v 0.1889 0.4707 0.1870
v 0.1699 0.4550 0.2199
v 0.1699 0.4550 0.2199
v 0.1699 0.4550 0.2199
v 0.1699 0.4550 0.2199
v 0.1699 0.4550 0.2199
v 0.1699 0.4550 0.2199
v -0.1488 0.5826 -0.1422
v -0.1488 0.5826 -0.1422
v -0.1488 0.5826 -0.1422
v -0.1488 0.5826 -0.1422
v -0.1488 0.5826 -0.1422
v -0.1488 0.5826 -0.1422
v -0.1111 0.5670 -0.1422
v -0.1300 0.5670 -0.1096
v -0.1676 0.5670 -0.1096
v -0.1865 0.5670 -0.1422
v -0.1676 0.5670 -0.1749
v -0.1300 0.5670 -0.1749
v -0.0955 0.5293 -0.1422
v -0.1222 0.5293 -0.0961
v -0.1754 0.5293 -0.0961
v -0.2021 0.5293 -0.1422
v -0.1754 0.5293 -0.1884
v -0.1222 0.5293 -0.1884
v -0.1111 0.4916 -0.1422
v -0.1300 0.4916 -0.1096
v -0.1676 0.4916 -0.1096
v -0.1865 0.4916 -0.1422
v -0.1676 0.4916 -0.1749
v -0.1300 0.4916 -0.1749
v -0.1488 0.4760 -0.1422
v -0.1488 0.4760 -0.1422
v -0.1488 0.4760 -0.1422
v -0.1488 0.4760 -0.1422
v -0.1488 0.4760 -0.1422
v -0.1488 0.4760 -0.1422
v -0.2839 0.2731 -0.3327
v -0.2839 0.2731 -0.3327
v -0.2839 0.2731 -0.3327
v -0.2839 0.2731 -0.3327
v -0.2839 0.2731 -0.3327
v -0.2839 0.2731 -0.3327
v -0.2442 0.2567 -0.3327
v -0.2641 0.2567 -0.2984
v -0.3037 0.2567 -0.2984
v -0.3236 0.2567 -0.3327
v -0.3037 0.2567 -0.3671
v -0.2641 0.2567 -0.3671
v -0.2278 0.2170 -0.3327
v -0.2559 0.2170 -0.2841
v -0.3120 0.2170 -0.2841
v -0.3400 0.2170 -0.3327
v -0.3120 0.2170 -0.3813
v -0.2559 0.2170 -0.3813
v -0.2442 0.1774 -0.3327
v -0.2641 0.1774 -0.2984
v -0.3037 0.1774 -0.2984
v -0.3236 0.1774 -0.3327
v -0.3037 0.1774 -0.3671
v -0.2641 0.1774 -0.3671
v -0.2839 0.1609 -0.3327
v -0.2839 0.1609 -0.3327
v -0.2839 0.1609 -0.3327
v -0.2839 0.1609 -0.3327
v -0.2839 0.1609 -0.3327
v -0.2839 0.1609 -0.3327
v -0.2721 0.5591 0.0851
v -0.2721 0.5591 0.0851
v -0.2721 0.5591 0.0851
v -0.2721 0.5591 0.0851
v -0.2721 0.5591 0.0851
v -0.2721 0.5591 0.0851
v -0.2282 0.5409 0.0851
v -0.2502 0.5409 0.1231
v -0.2941 0.5409 0.1231
v -0.3161 0.5409 0.0851
v -0.2941 0.5409 0.0470
v -0.2502 0.5409 0.0470
v -0.2100 0.4970 0.0851
v -0.2411 0.4970 0.1389
v -0.3032 0.4970 0.1389
v -0.3343 0.4970 0.0851
v -0.3032 0.4970 0.0313
v -0.2411 0.4970 0.0313
v -0.2282 0.4530 0.0851
v -0.2502 0.4530 0.1231
v -0.2941 0.4530 0.1231
v -0.3161 0.4530 0.0851
v -0.2941 0.4530 0.0470
v -0.2502 0.4530 0.0470
v -0.2721 0.4348 0.0851
v -0.2721 0.4348 0.0851
v -0.2721 0.4348 0.0851
v -0.2721 0.4348 0.0851
v -0.2721 0.4348 0.0851
v -0.2721 0.4348 0.0851
v -0.0352 0.3111 -0.3362
v -0.0352 0.3111 -0.3362
v -0.0352 0.3111 -0.3362
v -0.0352 0.3111 -0.3362
v -0.0352 0.3111 -0.3362
v -0.0352 0.3111 -0.3362
v 0.0001 0.2965 -0.3362
v -0.0175 0.2965 -0.3057
v -0.0528 0.2965 -0.3057
v -0.0705 0.2965 -0.3362
v -0.0528 0.2965 -0.3668
v -0.0175 0.2965 -0.3668
v 0.0147 0.2612 -0.3362
v -0.0102 0.2612 -0.2930
v -0.0601 0.2612 -0.2930
v -0.0851 0.2612 -0.3362
v -0.0601 0.2612 -0.3794
v -0.0102 0.2612 -0.3794
v 0.0001 0.2259 -0.3362
v -0.0175 0.2259 -0.3057
v -0.0528 0.2259 -0.3057
v -0.0705 0.2259 -0.3362
v -0.0528 0.2259 -0.3668
v -0.0175 0.2259 -0.3668
v -0.0352 0.2113 -0.3362
v -0.0352 0.2113 -0.3362
v -0.0352 0.2113 -0.3362
v -0.0352 0.2113 -0.3362
v -0.0352 0.2113 -0.3362
v -0.0352 0.2113 -0.3362
v -0.0655 0.6367 -0.0110
v -0.0655 0.6367 -0.0110
v -0.0655 0.6367 -0.0110
v -0.0655 0.6367 -0.0110
v -0.0655 0.6367 -0.0110
v -0.0655 0.6367 -0.0110
v -0.0351 0.6241 -0.0110
v -0.0503 0.6241 0.0153
v -0.0807 0.6241 0.0153
v -0.0958 0.6241 -0.0110
v -0.0807 0.6241 -0.0374
v -0.0503 0.6241 -0.0374
v -0.0225 0.5937 -0.0110
v -0.0440 0.5937 0.0262
v -0.0869 0.5937 0.0262
v -0.1084 0.5937 -0.0110
v -0.0869 0.5937 -0.0483
v -0.0440 0.5937 -0.0483
v -0.0351 0.5634 -0.0110
v -0.0503 0.5634 0.0153
v -0.0807 0.5634 0.0153
v -0.0958 0.5634 -0.0110
v -0.0807 0.5634 -0.0374
v -0.0503 0.5634 -0.0374
v -0.0655 0.5508 -0.0110
v -0.0655 0.5508 -0.0110
v -0.0655 0.5508 -0.0110
v -0.0655 0.5508 -0.0110
v -0.0655 0.5508 -0.0110
v -0.0655 0.5508 -0.0110
v 0.0088 0.5032 -0.2930
v 0.0088 0.5032 -0.2930
v 0.0088 0.5032 -0.2930
v 0.0088 0.5032 -0.2930
v 0.0088 0.5032 -0.2930
v 0.0088 0.5032 -0.2930
v 0.0405 0.4902 -0.2930
v 0.0246 0.4902 -0.2656
v -0.0070 0.4902 -0.2656
v -0.0228 0.4902 -0.2930
v -0.0070 0.4902 -0.3204
v 0.0246 0.4902 -0.3204
v 0.0535 0.4586 -0.2930
v 0.0312 0.4586 -0.2543
v -0.0135 0.4586 -0.2543
v -0.0358 0.4586 -0.2930
v -0.0135 0.4586 -0.3317
v 0.0312 0.4586 -0.3317
v 0.0405 0.4269 -0.2930
v 0.0246 0.4269 -0.2656
v -0.0070 0.4269 -0.2656
v -0.0228 0.4269 -0.2930
v -0.0070 0.4269 -0.3204
v 0.0246 0.4269 -0.3204
v 0.0088 0.4139 -0.2930
v 0.0088 0.4139 -0.2930
v 0.0088 0.4139 -0.2930
v 0.0088 0.4139 -0.2930
v 0.0088 0.4139 -0.2930
v 0.0088 0.4139 -0.2930
v 0.3693 0.3481 0.0024
v 0.3693 0.3481 0.0024
v 0.3693 0.3481 0.0024
v 0.3693 0.3481 0.0024
v 0.3693 0.3481 0.0024
v 0.3693 0.3481 0.0024
v 0.4047 0.3334 0.0024
v 0.3870 0.3334 0.0331
v 0.3516 0.3334 0.0331
v 0.3339 0.3334 0.0024
v 0.3516 0.3334 -0.0282
v 0.3870 0.3334 -0.0282
v 0.4193 0.2980 0.0024
v 0.3943 0.2980 0.0458
v 0.3443 0.2980 0.0458
v 0.3193 0.2980 0.0024
v 0.3443 0.2980 -0.0409
v 0.3943 0.2980 -0.0409
v 0.4047 0.2626 0.0024
v 0.3870 0.2626 0.0331
v 0.3516 0.2626 0.0331
v 0.3339 0.2626 0.0024
v 0.3516 0.2626 -0.0282
v 0.3870 0.2626 -0.0282
v 0.3693 0.2480 0.0024
v 0.3693 0.2480 0.0024
v 0.3693 0.2480 0.0024
v 0.3693 0.2480 0.0024
v 0.3693 0.2480 0.0024
v 0.3693 0.2480 0.0024
v 0.2091 0.2474 0.3528
v 0.2091 0.2474 0.3528
v 0.2091 0.2474 0.3528
v 0.2091 0.2474 0.3528
v 0.2091 0.2474 0.3528
v 0.2091 0.2474 0.3528
v 0.2543 0.2287 0.3528
v 0.2317 0.2287 0.3919
v 0.1866 0.2287 0.3919
v 0.1640 0.2287 0.3528
v 0.1866 0.2287 0.3137
v 0.2317 0.2287 0.3137
v 0.2730 0.1835 0.3528
v 0.2411 0.1835 0.4081
v 0.1772 0.1835 0.4081
v 0.1453 0.1835 0.3528
v 0.1772 0.1835 0.2975
v 0.2411 0.1835 0.2975
v 0.2543 0.1384 0.3528
v 0.2317 0.1384 0.3919
v 0.1866 0.1384 0.3919
v 0.1640 0.1384 0.3528
v 0.1866 0.1384 0.3137
v 0.2317 0.1384 0.3137
v 0.2091 0.1197 0.3528
v 0.2091 0.1197 0.3528
v 0.2091 0.1197 0.3528
v 0.2091 0.1197 0.3528
v 0.2091 0.1197 0.3528
v 0.2091 0.1197 0.3528
v -0.2241 0.6070 -0.0648
v -0.2241 0.6070 -0.0648
v -0.2241 0.6070 -0.0648
v -0.2241 0.6070 -0.0648
v -0.2241 0.6070 -0.0648
v -0.2241 0.6070 -0.0648
v -0.1773 0.5877 -0.0648
v -0.2007 0.5877 -0.0243
v -0.2474 0.5877 -0.0243
v -0.2708 0.5877 -0.0648
v -0.2474 0.5877 -0.1053
v -0.2007 0.5877 -0.1053
v -0.1580 0.5409 -0.0648
v -0.1910 0.5409 -0.0076
v -0.2571 0.5409 -0.0076
v -0.2902 0.5409 -0.0648
v -0.2571 0.5409 -0.1220
v -0.1910 0.5409 -0.1220
v -0.1773 0.4942 -0.0648
v -0.2007 0.4942 -0.0243
v -0.2474 0.4942 -0.0243
v -0.2708 0.4942 -0.0648
v -0.2474 0.4942 -0.1053
v -0.2007 0.4942 -0.1053
v -0.2241 0.4748 -0.0648
v -0.2241 0.4748 -0.0648
v -0.2241 0.4748 -0.0648
v -0.2241 0.4748 -0.0648
v -0.2241 0.4748 -0.0648
v -0.2241 0.4748 -0.0648
v 0.1088 0.5681 -0.2463
v 0.1088 0.5681 -0.2463
v 0.1088 0.5681 -0.2463
v 0.1088 0.5681 -0.2463
v 0.1088 0.5681 -0.2463
v 0.1088 0.5681 -0.2463
v 0.1446 0.5533 -0.2463
v 0.1267 0.5533 -0.2153
v 0.0910 0.5533 -0.2153
v 0.0731 0.5533 -0.2463
v 0.0910 0.5533 -0.2773
v 0.1267 0.5533 -0.2773
v 0.1594 0.5176 -0.2463
v 0.1341 0.5176 -0.2025
v 0.0835 0.5176 -0.2025
v 0.0583 0.5176 -0.2463
v 0.0835 0.5176 -0.2901
v 0.1341 0.5176 -0.2901
v 0.1446 0.4818 -0.2463
v 0.1267 0.4818 -0.2153
v 0.0910 0.4818 -0.2153
v 0.0731 0.4818 -0.2463
v 0.0910 0.4818 -0.2773
v 0.1267 0.4818 -0.2773
v 0.1088 0.4670 -0.2463
v 0.1088 0.4670 -0.2463
v 0.1088 0.4670 -0.2463
v 0.1088 0.4670 -0.2463
v 0.1088 0.4670 -0.2463
v 0.1088 0.4670 -0.2463
v -0.0502 0.5519 -0.2578
v -0.0502 0.5519 -0.2578
v -0.0502 0.5519 -0.2578
v -0.0502 0.5519 -0.2578
v -0.0502 0.5519 -0.2578
v -0.0502 0.5519 -0.2578
v -0.0089 0.5348 -0.2578
v -0.0295 0.5348 -0.2220
v -0.0708 0.5348 -0.2220
v -0.0915 0.5348 -0.2578
v -0.0708 0.5348 -0.2936
v -0.0295 0.5348 -0.2936
v 0.0083 0.4935 -0.2578
v -0.0210 0.4935 -0.2072
v -0.0794 0.4935 -0.2072
v -0.1086 0.4935 -0.2578
v -0.0794 0.4935 -0.3084
v -0.0210 0.4935 -0.3084
v -0.0089 0.4521 -0.2578
v -0.0295 0.4521 -0.2220
v -0.0708 0.4521 -0.2220
v -0.0915 0.4521 -0.2578
v -0.0708 0.4521 -0.2936
v -0.0295 0.4521 -0.2936
v -0.0502 0.4350 -0.2578
v -0.0502 0.4350 -0.2578
v -0.0502 0.4350 -0.2578
v -0.0502 0.4350 -0.2578
v -0.0502 0.4350 -0.2578
v -0.0502 0.4350 -0.2578
v -0.1800 0.2420 0.3465
v -0.1800 0.2420 0.3465
v -0.1800 0.2420 0.3465
v -0.1800 0.2420 0.3465
v -0.1800 0.2420 0.3465
v -0.1800 0.2420 0.3465
v -0.1416 0.2261 0.3465
v -0.1608 0.2261 0.3797
v -0.1992 0.2261 0.3797
v -0.2184 0.2261 0.3465
v -0.1992 0.2261 0.3132
v -0.1608 0.2261 0.3132
v -0.1257 0.1877 0.3465
v -0.1528 0.1877 0.3935
v -0.2071 0.1877 0.3935
v -0.2343 0.1877 0.3465
v -0.2071 0.1877 0.2994
v -0.1528 0.1877 0.2994
v -0.1416 0.1493 0.3465
v -0.1608 0.1493 0.3797
v -0.1992 0.1493 0.3797
v -0.2184 0.1493 0.3465
v -0.1992 0.1493 0.3132
v -0.1608 0.1493 0.3132
v -0.1800 0.1334 0.3465
v -0.1800 0.1334 0.3465
v -0.1800 0.1334 0.3465
v -0.1800 0.1334 0.3465
v -0.1800 0.1334 0.3465
v -0.1800 0.1334 0.3465
v -0.0883 0.6018 -0.1644
v -0.0883 0.6018 -0.1644
v -0.0883 0.6018 -0.1644
v -0.0883 0.6018 -0.1644
v -0.0883 0.6018 -0.1644
v -0.0883 0.6018 -0.1644
v -0.0504 0.5861 -0.1644
v -0.0693 0.5861 -0.1316
v -0.1072 0.5861 -0.1316
v -0.1261 0.5861 -0.1644
v -0.1072 0.5861 -0.1972
v -0.0693 0.5861 -0.1972
v -0.0347 0.5483 -0.1644
v -0.0615 0.5483 -0.1180
v -0.1150 0.5483 -0.1180
v -0.1418 0.5483 -0.1644
v -0.1150 0.5483 -0.2108
v -0.0615 0.5483 -0.2108
v -0.0504 0.5104 -0.1644
v -0.0693 0.5104 -0.1316
v -0.1072 0.5104 -0.1316
v -0.1261 0.5104 -0.1644
v -0.1072 0.5104 -0.1972
v -0.0693 0.5104 -0.1972
v -0.0883 0.4947 -0.1644
v -0.0883 0.4947 -0.1644
v -0.0883 0.4947 -0.1644
v -0.0883 0.4947 -0.1644
v -0.0883 0.4947 -0.1644
v -0.0883 0.4947 -0.1644
v -0.3616 0.2889 0.2161
v -0.3616 0.2889 0.2161
v -0.3616 0.2889 0.2161
v -0.3616 0.2889 0.2161
v -0.3616 0.2889 0.2161
v -0.3616 0.2889 0.2161
v -0.3261 0.2742 0.2161
v -0.3439 0.2742 0.2468
v -0.3793 0.2742 0.2468
v -0.3971 0.2742 0.2161
v -0.3793 0.2742 0.1854
v -0.3439 0.2742 0.1854
v -0.3114 0.2387 0.2161
v -0.3365 0.2387 0.2596
v -0.3867 0.2387 0.2596
v -0.4118 0.2387 0.2161
v -0.3867 0.2387 0.1727
v -0.3365 0.2387 0.1727
v -0.3261 0.2032 0.2161
v -0.3439 0.2032 0.2468
v -0.3793 0.2032 0.2468
v -0.3971 0.2032 0.2161
v -0.3793 0.2032 0.1854
v -0.3439 0.2032 0.1854
v -0.3616 0.1885 0.2161
v -0.3616 0.1885 0.2161
v -0.3616 0.1885 0.2161
v -0.3616 0.1885 0.2161
v -0.3616 0.1885 0.2161
v -0.3616 0.1885 0.2161
v -0.2573 0.5655 -0.0172
v -0.2573 0.5655 -0.0172
v -0.2573 0.5655 -0.0172
v -0.2573 0.5655 -0.0172
v -0.2573 0.5655 -0.0172
v -0.2573 0.5655 -0.0172
v -0.2242 0.5518 -0.0172
v -0.2407 0.5518 0.0115
v -0.2738 0.5518 0.0115
v -0.2904 0.5518 -0.0172
v -0.2738 0.5518 -0.0459
v -0.2407 0.5518 -0.0459
v -0.2105 0.5187 -0.0172
v -0.2339 0.5187 0.0233
v -0.2807 0.5187 0.0233
v -0.3041 0.5187 -0.0172
v -0.2807 0.5187 -0.0577
v -0.2339 0.5187 -0.0577
v -0.2242 0.4856 -0.0172
v -0.2407 0.4856 0.0115
v -0.2738 0.4856 0.0115
v -0.2904 0.4856 -0.0172
v -0.2738 0.4856 -0.0459
v -0.2407 0.4856 -0.0459
v -0.2573 0.4719 -0.0172
v -0.2573 0.4719 -0.0172
v -0.2573 0.4719 -0.0172
v -0.2573 0.4719 -0.0172
v -0.2573 0.4719 -0.0172
v -0.2573 0.4719 -0.0172
v 0.3002 0.1727 -0.3174
v 0.3002 0.1727 -0.3174
v 0.3002 0.1727 -0.3174
v 0.3002 0.1727 -0.3174
v 0.3002 0.1727 -0.3174
v 0.3002 0.1727 -0.3174
v 0.3442 0.1545 -0.3174
v 0.3222 0.1545 -0.2793
v 0.2782 0.1545 -0.2793
v 0.2562 0.1545 -0.3174
v 0.2782 0.1545 -0.3555
v 0.3222 0.1545 -0.3555
v 0.3625 0.1105 -0.3174
v 0.3313 0.1105 -0.2635
v 0.2691 0.1105 -0.2635
v 0.2380 0.1105 -0.3174
v 0.2691 0.1105 -0.3712
v 0.3313 0.1105 -0.3712
v 0.3442 0.0665 -0.3174
v 0.3222 0.0665 -0.2793
v 0.2782 0.0665 -0.2793
v 0.2562 0.0665 -0.3174
v 0.2782 0.0665 -0.3555
v 0.3222 0.0665 -0.3555
v 0.3002 0.0482 -0.3174
v 0.3002 0.0482 -0.3174
v 0.3002 0.0482 -0.3174
v 0.3002 0.0482 -0.3174
v 0.3002 0.0482 -0.3174
v 0.3002 0.0482 -0.3174
v -0.4274 0.2005 0.0766
v -0.4274 0.2005 0.0766
v -0.4274 0.2005 0.0766
v -0.4274 0.2005 0.0766
v -0.4274 0.2005 0.0766
v -0.4274 0.2005 0.0766
v -0.3835 0.1824 0.0766
v -0.4055 0.1824 0.1146
v -0.4493 0.1824 0.1146
v -0.4712 0.1824 0.0766
v -0.4493 0.1824 0.0386
v -0.4055 0.1824 0.0386
v -0.3654 0.1385 0.0766
v -0.3964 0.1385 0.1303
v -0.4584 0.1385 0.1303
v -0.4893 0.1385 0.0766
v -0.4584 0.1385 0.0229
v -0.3964 0.1385 0.0229
v -0.3835 0.0947 0.0766
v -0.4055 0.0947 0.1146
v -0.4493 0.0947 0.1146
v -0.4712 0.0947 0.0766
v -0.4493 0.0947 0.0386
v -0.4055 0.0947 0.0386
v -0.4274 0.0766 0.0766
v -0.4274 0.0766 0.0766
v -0.4274 0.0766 0.0766
v -0.4274 0.0766 0.0766
v -0.4274 0.0766 0.0766
v -0.4274 0.0766 0.0766
v -0.3668 0.2772 -0.0551
v -0.3668 0.2772 -0.0551
v -0.3668 0.2772 -0.0551
v -0.3668 0.2772 -0.0551
v -0.3668 0.2772 -0.0551
v -0.3668 0.2772 -0.0551
v -0.3245 0.2597 -0.0551
v -0.3457 0.2597 -0.0185
v -0.3879 0.2597 -0.0185
v -0.4090 0.2597 -0.0551
v -0.3879 0.2597 -0.0917
v -0.3457 0.2597 -0.0917
v -0.3070 0.2174 -0.0551
v -0.3369 0.2174 -0.0034
v -0.3966 0.2174 -0.0034
v -0.4265 0.2174 -0.0551
v -0.3966 0.2174 -0.1068
v -0.3369 0.2174 -0.1068
v -0.3245 0.1752 -0.0551
v -0.3457 0.1752 -0.0185
v -0.3879 0.1752 -0.0185
v -0.4090 0.1752 -0.0551
v -0.3879 0.1752 -0.0917
v -0.3457 0.1752 -0.0917
v -0.3668 0.1577 -0.0551
v -0.3668 0.1577 -0.0551
v -0.3668 0.1577 -0.0551
v -0.3668 0.1577 -0.0551
v -0.3668 0.1577 -0.0551
v -0.3668 0.1577 -0.0551
v 0.2018 0.4570 -0.2878
v 0.2018 0.4570 -0.2878
v 0.2018 0.4570 -0.2878
v 0.2018 0.4570 -0.2878
v 0.2018 0.4570 -0.2878
v 0.2018 0.4570 -0.2878
v 0.2388 0.4417 -0.2878
v 0.2203 0.4417 -0.2558
v 0.1833 0.4417 -0.2558
v 0.1648 0.4417 -0.2878
v 0.1833 0.4417 -0.3199
v 0.2203 0.4417 -0.3199
v 0.2542 0.4047 -0.2878
v 0.2280 0.4047 -0.2425
v 0.1756 0.4047 -0.2425
v 0.1494 0.4047 -0.2878
v 0.1756 0.4047 -0.3332
v 0.2280 0.4047 -0.3332
v 0.2388 0.3676 -0.2878
v 0.2203 0.3676 -0.2558
v 0.1833 0.3676 -0.2558
v 0.1648 0.3676 -0.2878
v 0.1833 0.3676 -0.3199
v 0.2203 0.3676 -0.3199
v 0.2018 0.3523 -0.2878
v 0.2018 0.3523 -0.2878
v 0.2018 0.3523 -0.2878
v 0.2018 0.3523 -0.2878
v 0.2018 0.3523 -0.2878
v 0.2018 0.3523 -0.2878
v -0.1590 0.6317 0.0358
v -0.1590 0.6317 0.0358
v -0.1590 0.6317 0.0358
v -0.1590 0.6317 0.0358
v -0.1590 0.6317 0.0358
v -0.1590 0.6317 0.0358
v -0.1250 0.6176 0.0358
v -0.1420 0.6176 0.0652
v -0.1760 0.6176 0.0652
v -0.1930 0.6176 0.0358
v -0.1760 0.6176 0.0063
v -0.1420 0.6176 0.0063
v -0.1109 0.5836 0.0358
v -0.1350 0.5836 0.0774
v -0.1830 0.5836 0.0774
v -0.2071 0.5836 0.0358
v -0.1830 0.5836 -0.0059
v -0.1350 0.5836 -0.0059
v -0.1250 0.5496 0.0358
v -0.1420 0.5496 0.0652
v -0.1760 0.5496 0.0652
v -0.1930 0.5496 0.0358
v -0.1760 0.5496 0.0063
v -0.1420 0.5496 0.0063
v -0.1590 0.5355 0.0358
v -0.1590 0.5355 0.0358
v -0.1590 0.5355 0.0358
v -0.1590 0.5355 0.0358
v -0.1590 0.5355 0.0358
v -0.1590 0.5355 0.0358
v 0.2099 0.4763 -0.2811
v 0.2099 0.4763 -0.2811
v 0.2099 0.4763 -0.2811
v 0.2099 0.4763 -0.2811
v 0.2099 0.4763 -0.2811
v 0.2099 0.4763 -0.2811
v 0.2548 0.4577 -0.2811
v 0.2324 0.4577 -0.2422
v 0.1875 0.4577 -0.2422
v 0.1650 0.4577 -0.2811
v 0.1875 0.4577 -0.3199
v 0.2324 0.4577 -0.3199
v 0.2734 0.4128 -0.2811
v 0.2417 0.4128 -0.2261
v 0.1782 0.4128 -0.2261
v 0.1464 0.4128 -0.2811
v 0.1782 0.4128 -0.3360
v 0.2417 0.4128 -0.3360
v 0.2548 0.3679 -0.2811
v 0.2324 0.3679 -0.2422
v 0.1875 0.3679 -0.2422
v 0.1650 0.3679 -0.2811
v 0.1875 0.3679 -0.3199
v 0.2324 0.3679 -0.3199
v 0.2099 0.3493 -0.2811
v 0.2099 0.3493 -0.2811
v 0.2099 0.3493 -0.2811
v 0.2099 0.3493 -0.2811
v 0.2099 0.3493 -0.2811
v 0.2099 0.3493 -0.2811
v -0.3225 0.3960 0.0759
v -0.3225 0.3960 0.0759
v -0.3225 0.3960 0.0759
v -0.3225 0.3960 0.0759
v -0.3225 0.3960 0.0759
v -0.3225 0.3960 0.0759
v -0.2916 0.3832 0.0759
v -0.3071 0.3832 0.1026
v -0.3380 0.3832 0.1026
v -0.3534 0.3832 0.0759
v -0.3380 0.3832 0.0491
v -0.3071 0.3832 0.0491
v -0.2788 0.3523 0.0759
v -0.3007 0.3523 0.1137
v -0.3444 0.3523 0.1137
v -0.3663 0.3523 0.0759
v -0.3444 0.3523 0.0380
v -0.3007 0.3523 0.0380
v -0.2916 0.3213 0.0759
v -0.3071 0.3213 0.1026
v -0.3380 0.3213 0.1026
v -0.3534 0.3213 0.0759
v -0.3380 0.3213 0.0491
v -0.3071 0.3213 0.0491
v -0.3225 0.3085 0.0759
v -0.3225 0.3085 0.0759
v -0.3225 0.3085 0.0759
v -0.3225 0.3085 0.0759
v -0.3225 0.3085 0.0759
v -0.3225 0.3085 0.0759
v -0.2454 0.5158 -0.1573
v -0.2454 0.5158 -0.1573
v -0.2454 0.5158 -0.1573
v -0.2454 0.5158 -0.1573
v -0.2454 0.5158 -0.1573
v -0.2454 0.5158 -0.1573
v -0.2049 0.4990 -0.1573
v -0.2251 0.4990 -0.1222
v -0.2657 0.4990 -0.1222
v -0.2860 0.4990 -0.1573
v -0.2657 0.4990 -0.1924
v -0.2251 0.4990 -0.1924
v -0.1881 0.4585 -0.1573
v -0.2167 0.4585 -0.1076
v -0.2741 0.4585 -0.1076
v -0.3028 0.4585 -0.1573
v -0.2741 0.4585 -0.2070
v -0.2167 0.4585 -0.2070
v -0.2049 0.4179 -0.1573
v -0.2251 0.4179 -0.1222
v -0.2657 0.4179 -0.1222
v -0.2860 0.4179 -0.1573
v -0.2657 0.4179 -0.1924
v -0.2251 0.4179 -0.1924
v -0.2454 0.4011 -0.1573
v -0.2454 0.4011 -0.1573
v -0.2454 0.4011 -0.1573
v -0.2454 0.4011 -0.1573
v -0.2454 0.4011 -0.1573
v -0.2454 0.4011 -0.1573
v 0.2506 0.5462 0.0366
v 0.2506 0.5462 0.0366
v 0.2506 0.5462 0.0366
v 0.2506 0.5462 0.0366
v 0.2506 0.5462 0.0366
v 0.2506 0.5462 0.0366
v 0.2909 0.5295 0.0366
v 0.2707 0.5295 0.0715
v 0.2304 0.5295 0.0715
v 0.2103 0.5295 0.0366
v 0.2304 0.5295 0.0017
v 0.2707 0.5295 0.0017
v 0.3076 0.4892 0.0366
v 0.2791 0.4892 0.0860
v 0.2221 0.4892 0.0860
v 0.1936 0.4892 0.0366
v 0.2221 0.4892 -0.0127
v 0.2791 0.4892 -0.0127
v 0.2909 0.4489 0.0366
v 0.2707 0.4489 0.0715
v 0.2304 0.4489 0.0715
v 0.2103 0.4489 0.0366
v 0.2304 0.4489 0.0017
v 0.2707 0.4489 0.0017
v 0.2506 0.4322 0.0366
v 0.2506 0.4322 0.0366
v 0.2506 0.4322 0.0366
v 0.2506 0.4322 0.0366
v 0.2506 0.4322 0.0366
v 0.2506 0.4322 0.0366
v 0.1208 0.6400 0.1224
v 0.1208 0.6400 0.1224
v 0.1208 0.6400 0.1224
v 0.1208 0.6400 0.1224
v 0.1208 0.6400 0.1224
v 0.1208 0.6400 0.1224
v 0.1606 0.6235 0.1224
v 0.1407 0.6235 0.1569
v 0.1009 0.6235 0.1569
v 0.0810 0.6235 0.1224
v 0.1009 0.6235 0.0879
v 0.1407 0.6235 0.0879
v 0.1771 0.5837 0.1224
v 0.1489 0.5837 0.1712
v 0.0926 0.5837 0.1712
v 0.0645 0.5837 0.1224
v 0.0926 0.5837 0.0737
v 0.1489 0.5837 0.0737
v 0.1606 0.5438 0.1224
v 0.1407 0.5438 0.1569
v 0.1009 0.5438 0.1569
v 0.0810 0.5438 0.1224
v 0.1009 0.5438 0.0879
v 0.1407 0.5438 0.0879
v 0.1208 0.5273 0.1224
v 0.1208 0.5273 0.1224
v 0.1208 0.5273 0.1224
v 0.1208 0.5273 0.1224
v 0.1208 0.5273 0.1224
v 0.1208 0.5273 0.1224
v -0.1400 0.5195 -0.2046
v -0.1400 0.5195 -0.2046
v -0.1400 0.5195 -0.2046
v -0.1400 0.5195 -0.2046
v -0.1400 0.5195 -0.2046
v -0.1400 0.5195 -0.2046
v -0.1091 0.5066 -0.2046
v -0.1245 0.5066 -0.1777
v -0.1555 0.5066 -0.1777
v -0.1710 0.5066 -0.2046
v -0.1555 0.5066 -0.2314
v -0.1245 0.5066 -0.2314
v -0.0962 0.4757 -0.2046
v -0.1181 0.4757 -0.1666
v -0.1619 0.4757 -0.1666
v -0.1838 0.4757 -0.2046
v -0.1619 0.4757 -0.2425
v -0.1181 0.4757 -0.2425
v -0.1091 0.4447 -0.2046
v -0.1245 0.4447 -0.1777
v -0.1555 0.4447 -0.1777
v -0.1710 0.4447 -0.2046
v -0.1555 0.4447 -0.2314
v -0.1245 0.4447 -0.2314
v -0.1400 0.4318 -0.2046
v -0.1400 0.4318 -0.2046
v -0.1400 0.4318 -0.2046
v -0.1400 0.4318 -0.2046
v -0.1400 0.4318 -0.2046
v -0.1400 0.4318 -0.2046
v -0.1800 0.4537 0.2795
v -0.1800 0.4537 0.2795
v -0.1800 0.4537 0.2795
v -0.1800 0.4537 0.2795
v -0.1800 0.4537 0.2795
v -0.1800 0.4537 0.2795
v -0.1467 0.4400 0.2795
v -0.1633 0.4400 0.3082
v -0.1966 0.4400 0.3082
v -0.2132 0.4400 0.2795
v -0.1966 0.4400 0.2507
v -0.1633 0.4400 0.2507
v -0.1330 0.4067 0.2795
v -0.1565 0.4067 0.3202
v -0.2034 0.4067 0.3202
v -0.2269 0.4067 0.2795
v -0.2034 0.4067 0.2388
v -0.1565 0.4067 0.2388
v -0.1467 0.3735 0.2795
v -0.1633 0.3735 0.3082
v -0.1966 0.3735 0.3082
v -0.2132 0.3735 0.2795
v -0.1966 0.3735 0.2507
v -0.1633 0.3735 0.2507
v -0.1800 0.3598 0.2795
v -0.1800 0.3598 0.2795
v -0.1800 0.3598 0.2795
v -0.1800 0.3598 0.2795
v -0.1800 0.3598 0.2795
v -0.1800 0.3598 0.2795
v 0.3381 0.2446 0.2302
v 0.3381 0.2446 0.2302
v 0.3381 0.2446 0.2302
v 0.3381 0.2446 0.2302
v 0.3381 0.2446 0.2302
v 0.3381 0.2446 0.2302
v 0.3739 0.2298 0.2302
v 0.3560 0.2298 0.2612
v 0.3202 0.2298 0.2612
v 0.3022 0.2298 0.2302
v 0.3202 0.2298 0.1991
v 0.3560 0.2298 0.1991
v 0.3888 0.1939 0.2302
v 0.3634 0.1939 0.2741
v 0.3127 0.1939 0.2741
v 0.2874 0.1939 0.2302
v 0.3127 0.1939 0.1863
v 0.3634 0.1939 0.1863
v 0.3739 0.1581 0.2302
v 0.3560 0.1581 0.2612
v 0.3202 0.1581 0.2612
v 0.3022 0.1581 0.2302
v 0.3202 0.1581 0.1991
v 0.3560 0.1581 0.1991
v 0.3381 0.1433 0.2302
v 0.3381 0.1433 0.2302
v 0.3381 0.1433 0.2302
v 0.3381 0.1433 0.2302
v 0.3381 0.1433 0.2302
v 0.3381 0.1433 0.2302
v 0.3662 0.3875 0.0773
v 0.3662 0.3875 0.0773
v 0.3662 0.3875 0.0773
v 0.3662 0.3875 0.0773
v 0.3662 0.3875 0.0773
v 0.3662 0.3875 0.0773
v 0.4097 0.3695 0.0773
v 0.3880 0.3695 0.1149
v 0.3445 0.3695 0.1149
v 0.3227 0.3695 0.0773
v 0.3445 0.3695 0.0396
v 0.3880 0.3695 0.0396
v 0.4277 0.3260 0.0773
v 0.3970 0.3260 0.1305
v 0.3355 0.3260 0.1305
v 0.3047 0.3260 0.0773
v 0.3355 0.3260 0.0240
v 0.3970 0.3260 0.0240
v 0.4097 0.2825 0.0773
v 0.3880 0.2825 0.1149
v 0.3445 0.2825 0.1149
v 0.3227 0.2825 0.0773
v 0.3445 0.2825 0.0396
v 0.3880 0.2825 0.0396
v 0.3662 0.2645 0.0773
v 0.3662 0.2645 0.0773
v 0.3662 0.2645 0.0773
v 0.3662 0.2645 0.0773
v 0.3662 0.2645 0.0773
v 0.3662 0.2645 0.0773
v 0.2954 0.4287 0.0048
v 0.2954 0.4287 0.0048
v 0.2954 0.4287 0.0048
v 0.2954 0.4287 0.0048
v 0.2954 0.4287 0.0048
v 0.2954 0.4287 0.0048
v 0.3258 0.4161 0.0048
v 0.3106 0.4161 0.0312
v 0.2802 0.4161 0.0312
v 0.2649 0.4161 0.0048
v 0.2802 0.4161 -0.0215
v 0.3106 0.4161 -0.0215
v 0.3384 0.3857 0.0048
v 0.3169 0.3857 0.0421
v 0.2738 0.3857 0.0421
v 0.2523 0.3857 0.0048
v 0.2738 0.3857 -0.0324
v 0.3169 0.3857 -0.0324
v 0.3258 0.3553 0.0048
v 0.3106 0.3553 0.0312
v 0.2802 0.3553 0.0312
v 0.2649 0.3553 0.0048
v 0.2802 0.3553 -0.0215
v 0.3106 0.3553 -0.0215
v 0.2954 0.3427 0.0048
v 0.2954 0.3427 0.0048
v 0.2954 0.3427 0.0048
v 0.2954 0.3427 0.0048
v 0.2954 0.3427 0.0048
v 0.2954 0.3427 0.0048
v -0.3838 0.2368 -0.1665
v -0.3838 0.2368 -0.1665
v -0.3838 0.2368 -0.1665
v -0.3838 0.2368 -0.1665
v -0.3838 0.2368 -0.1665
v -0.3838 0.2368 -0.1665
v -0.3364 0.2172 -0.1665
v -0.3601 0.2172 -0.1254
v -0.4075 0.2172 -0.1254
v -0.4312 0.2172 -0.1665
v -0.4075 0.2172 -0.2075
v -0.3601 0.2172 -0.2075
v -0.3168 0.1698 -0.1665
v -0.3503 0.1698 -0.1084
v -0.4173 0.1698 -0.1084
v -0.4508 0.1698 -0.1665
v -0.4173 0.1698 -0.2245
v -0.3503 0.1698 -0.2245
v -0.3364 0.1225 -0.1665
v -0.3601 0.1225 -0.1254
v -0.4075 0.1225 -0.1254
v -0.4312 0.1225 -0.1665
v -0.4075 0.1225 -0.2075
v -0.3601 0.1225 -0.2075
v -0.3838 0.1028 -0.1665
v -0.3838 0.1028 -0.1665
v -0.3838 0.1028 -0.1665
v -0.3838 0.1028 -0.1665
v -0.3838 0.1028 -0.1665
v -0.3838 0.1028 -0.1665
v -0.2690 0.5337 0.1008
v -0.2690 0.5337 0.1008
v -0.2690 0.5337 0.1008
v -0.2690 0.5337 0.1008
v -0.2690 0.5337 0.1008
v -0.2690 0.5337 0.1008
v -0.2336 0.5190 0.1008
v -0.2513 0.5190 0.1315
v -0.2868 0.5190 0.1315
v -0.3045 0.5190 0.1008
v -0.2868 0.5190 0.0701
v -0.2513 0.5190 0.0701
v -0.2189 0.4836 0.1008
v -0.2439 0.4836 0.1442
v -0.2941 0.4836 0.1442
v -0.3192 0.4836 0.1008
v -0.2941 0.4836 0.0573
v -0.2439 0.4836 0.0573
v -0.2336 0.4481 0.1008
v -0.2513 0.4481 0.1315
v -0.2868 0.4481 0.1315
v -0.3045 0.4481 0.1008
v -0.2868 0.4481 0.0701
v -0.2513 0.4481 0.0701
v -0.2690 0.4334 0.1008
v -0.2690 0.4334 0.1008
v -0.2690 0.4334 0.1008
v -0.2690 0.4334 0.1008
v -0.2690 0.4334 0.1008
v -0.2690 0.4334 0.1008
v -0.0321 0.3841 0.3322
v -0.0321 0.3841 0.3322
v -0.0321 0.3841 0.3322
v -0.0321 0.3841 0.3322
v -0.0321 0.3841 0.3322
v -0.0321 0.3841 0.3322
v -0.0012 0.3713 0.3322
v -0.0166 0.3713 0.3588
v -0.0475 0.3713 0.3588
v -0.0629 0.3713 0.3322
v -0.0475 0.3713 0.3055
v -0.0166 0.3713 0.3055
v 0.0115 0.3405 0.3322
v -0.0103 0.3405 0.3699
v -0.0538 0.3405 0.3699
v -0.0756 0.3405 0.3322
v -0.0538 0.3405 0.2944
v -0.0103 0.3405 0.2944
v -0.0012 0.3097 0.3322
v -0.0166 0.3097 0.3588
v -0.0475 0.3097 0.3588
v -0.0629 0.3097 0.3322
v -0.0475 0.3097 0.3055
v -0.0166 0.3097 0.3055
v -0.0321 0.2969 0.3322
v -0.0321 0.2969 0.3322
v -0.0321 0.2969 0.3322
v -0.0321 0.2969 0.3322
v -0.0321 0.2969 0.3322
v -0.0321 0.2969 0.3322
v -0.1797 0.6097 -0.1081
v -0.1797 0.6097 -0.1081
v -0.1797 0.6097 -0.1081
v -0.1797 0.6097 -0.1081
v -0.1797 0.6097 -0.1081
v -0.1797 0.6097 -0.1081
v -0.1328 0.5903 -0.1081
v -0.1563 0.5903 -0.0674
v -0.2032 0.5903 -0.0674
v -0.2266 0.5903 -0.1081
v -0.2032 0.5903 -0.1487
v -0.1563 0.5903 -0.1487
v -0.1134 0.5434 -0.1081
v -0.1465 0.5434 -0.0506
v -0.2129 0.5434 -0.0506
v -0.2461 0.5434 -0.1081
v -0.2129 0.5434 -0.1655
v -0.1465 0.5434 -0.1655
v -0.1328 0.4965 -0.1081
v -0.1563 0.4965 -0.0674
v -0.2032 0.4965 -0.0674
v -0.2266 0.4965 -0.1081
v -0.2032 0.4965 -0.1487
v -0.1563 0.4965 -0.1487
v -0.1797 0.4771 -0.1081
v -0.1797 0.4771 -0.1081
v -0.1797 0.4771 -0.1081
v -0.1797 0.4771 -0.1081
v -0.1797 0.4771 -0.1081
v -0.1797 0.4771 -0.1081
v 0.0798 0.2859 0.4152
v 0.0798 0.2859 0.4152
v 0.0798 0.2859 0.4152
v 0.0798 0.2859 0.4152
v 0.0798 0.2859 0.4152
v 0.0798 0.2859 0.4152
v 0.1172 0.2705 0.4152
v 0.0985 0.2705 0.4476
v 0.0611 0.2705 0.4476
v 0.0425 0.2705 0.4152
v 0.0611 0.2705 0.3829
v 0.0985 0.2705 0.3829
v 0.1327 0.2331 0.4152
v 0.1062 0.2331 0.4610
v 0.0534 0.2331 0.4610
v 0.0270 0.2331 0.4152
v 0.0534 0.2331 0.3695
v 0.1062 0.2331 0.3695
v 0.1172 0.1957 0.4152
v 0.0985 0.1957 0.4476
v 0.0611 0.1957 0.4476
v 0.0425 0.1957 0.4152
v 0.0611 0.1957 0.3829
v 0.0985 0.1957 0.3829
v 0.0798 0.1803 0.4152
v 0.0798 0.1803 0.4152
v 0.0798 0.1803 0.4152
v 0.0798 0.1803 0.4152
v 0.0798 0.1803 0.4152
v 0.0798 0.1803 0.4152
v -0.2581 0.5291 0.1556
v -0.2581 0.5291 0.1556
v -0.2581 0.5291 0.1556
v -0.2581 0.5291 0.1556
v -0.2581 0.5291 0.1556
v -0.2581 0.5291 0.1556
v -0.2112 0.5097 0.1556
v -0.2346 0.5097 0.1963
v -0.2816 0.5097 0.1963
v -0.3051 0.5097 0.1556
v -0.2816 0.5097 0.1149
v -0.2346 0.5097 0.1149
v -0.1917 0.4627 0.1556
v -0.2249 0.4627 0.2131
v -0.2914 0.4627 0.2131
v -0.3246 0.4627 0.1556
v -0.2914 0.4627 0.0981
v -0.2249 0.4627 0.0981
v -0.2112 0.4157 0.1556
v -0.2346 0.4157 0.1963
v -0.2816 0.4157 0.1963
v -0.3051 0.4157 0.1556
v -0.2816 0.4157 0.1149
v -0.2346 0.4157 0.1149
v -0.2581 0.3963 0.1556
v -0.2581 0.3963 0.1556
v -0.2581 0.3963 0.1556
v -0.2581 0.3963 0.1556
v -0.2581 0.3963 0.1556
v -0.2581 0.3963 0.1556
v -0.2871 0.2998 0.2943
v -0.2871 0.2998 0.2943
v -0.2871 0.2998 0.2943
v -0.2871 0.2998 0.2943
v -0.2871 0.2998 0.2943
v -0.2871 0.2998 0.2943
v -0.2452 0.2825 0.2943
v -0.2662 0.2825 0.3306
v -0.3081 0.2825 0.3306
v -0.3290 0.2825 0.2943
v -0.3081 0.2825 0.2580
v -0.2662 0.2825 0.2580
v -0.2279 0.2406 0.2943
v -0.2575 0.2406 0.3456
v -0.3167 0.2406 0.3456
v -0.3464 0.2406 0.2943
v -0.3167 0.2406 0.2430
v -0.2575 0.2406 0.2430
v -0.2452 0.1987 0.2943
v -0.2662 0.1987 0.3306
v -0.3081 0.1987 0.3306
v -0.3290 0.1987 0.2943
v -0.3081 0.1987 0.2580
v -0.2662 0.1987 0.2580
v -0.2871 0.1813 0.2943
v -0.2871 0.1813 0.2943
v -0.2871 0.1813 0.2943
v -0.2871 0.1813 0.2943
v -0.2871 0.1813 0.2943
v -0.2871 0.1813 0.2943
v -0.3952 0.2897 0.1634
v -0.3952 0.2897 0.1634
v -0.3952 0.2897 0.1634
v -0.3952 0.2897 0.1634
v -0.3952 0.2897 0.1634
v -0.3952 0.2897 0.1634
v -0.3536 0.2725 0.1634
v -0.3744 0.2725 0.1994
v -0.4160 0.2725 0.1994
v -0.4368 0.2725 0.1634
v -0.4160 0.2725 0.1273
v -0.3744 0.2725 0.1273
v -0.3364 0.2309 0.1634
v -0.3658 0.2309 0.2143
v -0.4247 0.2309 0.2143
v -0.4541 0.2309 0.1634
v -0.4247 0.2309 0.1124
v -0.3658 0.2309 0.1124
v -0.3536 0.1893 0.1634
v -0.3744 0.1893 0.1994
v -0.4160 0.1893 0.1994
v -0.4368 0.1893 0.1634
v -0.4160 0.1893 0.1273
v -0.3744 0.1893 0.1273
v -0.3952 0.1721 0.1634
v -0.3952 0.1721 0.1634
v -0.3952 0.1721 0.1634
v -0.3952 0.1721 0.1634
v -0.3952 0.1721 0.1634
v -0.3952 0.1721 0.1634
v -0.1390 0.1702 -0.3833
v -0.1390 0.1702 -0.3833
v -0.1390 0.1702 -0.3833
v -0.1390 0.1702 -0.3833
v -0.1390 0.1702 -0.3833
v -0.1390 0.1702 -0.3833
v -0.0995 0.1539 -0.3833
v -0.1192 0.1539 -0.3491
v -0.1587 0.1539 -0.3491
v -0.1784 0.1539 -0.3833
v -0.1587 0.1539 -0.4175
v -0.1192 0.1539 -0.4175
v -0.0832 0.1144 -0.3833
v -0.1111 0.1144 -0.3350
v -0.1669 0.1144 -0.3350
v -0.1948 0.1144 -0.3833
v -0.1669 0.1144 -0.4316
v -0.1111 0.1144 -0.4316
v -0.0995 0.0749 -0.3833
v -0.1192 0.0749 -0.3491
v -0.1587 0.0749 -0.3491
v -0.1784 0.0749 -0.3833
v -0.1587 0.0749 -0.4175
v -0.1192 0.0749 -0.4175
v -0.1390 0.0586 -0.3833
v -0.1390 0.0586 -0.3833
v -0.1390 0.0586 -0.3833
v -0.1390 0.0586 -0.3833
v -0.1390 0.0586 -0.3833
v -0.1390 0.0586 -0.3833
v 0.4203 0.1573 -0.0627
v 0.4203 0.1573 -0.0627
v 0.4203 0.1573 -0.0627
v 0.4203 0.1573 -0.0627
v 0.4203 0.1573 -0.0627
v 0.4203 0.1573 -0.0627
v 0.4606 0.1406 -0.0627
v 0.4404 0.1406 -0.0277
v 0.4001 0.1406 -0.0277
v 0.3799 0.1406 -0.0627
v 0.4001 0.1406 -0.0976
v 0.4404 0.1406 -0.0976
v 0.4773 0.1002 -0.0627
v 0.4488 0.1002 -0.0133
v 0.3917 0.1002 -0.0133
v 0.3632 0.1002 -0.0627
v 0.3917 0.1002 -0.1120
v 0.4488 0.1002 -0.1120
v 0.4606 0.0599 -0.0627
v 0.4404 0.0599 -0.0277
v 0.4001 0.0599 -0.0277
v 0.3799 0.0599 -0.0627
v 0.4001 0.0599 -0.0976
v 0.4404 0.0599 -0.0976
v 0.4203 0.0432 -0.0627
v 0.4203 0.0432 -0.0627
v 0.4203 0.0432 -0.0627
v 0.4203 0.0432 -0.0627
v 0.4203 0.0432 -0.0627
v 0.4203 0.0432 -0.0627
v -0.0570 0.6290 -0.1583
v -0.0570 0.6290 -0.1583
v -0.0570 0.6290 -0.1583
v -0.0570 0.6290 -0.1583
v -0.0570 0.6290 -0.1583
v -0.0570 0.6290 -0.1583
v -0.0145 0.6114 -0.1583
v -0.0358 0.6114 -0.1215
v -0.0783 0.6114 -0.1215
v -0.0996 0.6114 -0.1583
v -0.0783 0.6114 -0.1952
v -0.0358 0.6114 -0.1952
v 0.0031 0.5689 -0.1583
v -0.0270 0.5689 -0.1062
v -0.0871 0.5689 -0.1062
v -0.1172 0.5689 -0.1583
v -0.0871 0.5689 -0.2104
v -0.0270 0.5689 -0.2104
v -0.0145 0.5263 -0.1583
v -0.0358 0.5263 -0.1215
v -0.0783 0.5263 -0.1215
v -0.0996 0.5263 -0.1583
v -0.0783 0.5263 -0.1952
v -0.0358 0.5263 -0.1952
v -0.0570 0.5087 -0.1583
v -0.0570 0.5087 -0.1583
v -0.0570 0.5087 -0.1583
v -0.0570 0.5087 -0.1583
v -0.0570 0.5087 -0.1583
v -0.0570 0.5087 -0.1583
v -0.1870 0.6274 0.0363
v -0.1870 0.6274 0.0363
v -0.1870 0.6274 0.0363
v -0.1870 0.6274 0.0363
v -0.1870 0.6274 0.0363
v -0.1870 0.6274 0.0363
v -0.1499 0.6121 0.0363
v -0.1685 0.6121 0.0684
v -0.2055 0.6121 0.0684
v -0.2240 0.6121 0.0363
v -0.2055 0.6121 0.0042
v -0.1685 0.6121 0.0042
v -0.1346 0.5751 0.0363
v -0.1608 0.5751 0.0817
v -0.2132 0.5751 0.0817
v -0.2394 0.5751 0.0363
v -0.2132 0.5751 -0.0091
v -0.1608 0.5751 -0.0091
v -0.1499 0.5380 0.0363
v -0.1685 0.5380 0.0684
v -0.2055 0.5380 0.0684
v -0.2240 0.5380 0.0363
v -0.2055 0.5380 0.0042
v -0.1685 0.5380 0.0042
v -0.1870 0.5227 0.0363
v -0.1870 0.5227 0.0363
v -0.1870 0.5227 0.0363
v -0.1870 0.5227 0.0363
v -0.1870 0.5227 0.0363
v -0.1870 0.5227 0.0363
v -0.1823 0.5021 -0.1925
v -0.1823 0.5021 -0.1925
v -0.1823 0.5021 -0.1925
v -0.1823 0.5021 -0.1925
v -0.1823 0.5021 -0.1925
v -0.1823 0.5021 -0.1925
v -0.1532 0.4900 -0.1925
v -0.1677 0.4900 -0.1673
v -0.1969 0.4900 -0.1673
v -0.2114 0.4900 -0.1925
v -0.1969 0.4900 -0.2178
v -0.1677 0.4900 -0.2178
v -0.1411 0.4609 -0.1925
v -0.1617 0.4609 -0.1569
v -0.2029 0.4609 -0.1569
v -0.2235 0.4609 -0.1925
v -0.2029 0.4609 -0.2282
v -0.1617 0.4609 -0.2282
v -0.1532 0.4318 -0.1925
v -0.1677 0.4318 -0.1673
v -0.1969 0.4318 -0.1673
v -0.2114 0.4318 -0.1925
v -0.1969 0.4318 -0.2178
v -0.1677 0.4318 -0.2178
v -0.1823 0.4197 -0.1925
v -0.1823 0.4197 -0.1925
v -0.1823 0.4197 -0.1925
v -0.1823 0.4197 -0.1925
v -0.1823 0.4197 -0.1925
v -0.1823 0.4197 -0.1925
v 0.2713 0.3553 -0.2764
v 0.2713 0.3553 -0.2764
v 0.2713 0.3553 -0.2764
v 0.2713 0.3553 -0.2764
v 0.2713 0.3553 -0.2764
v 0.2713 0.3553 -0.2764
v 0.3030 0.3422 -0.2764
v 0.2871 0.3422 -0.2489
v 0.2554 0.3422 -0.2489
v 0.2396 0.3422 -0.2764
v 0.2554 0.3422 -0.3038
v 0.2871 0.3422 -0.3038
v 0.3161 0.3105 -0.2764
v 0.2937 0.3105 -0.2375
v 0.2489 0.3105 -0.2375
v 0.2265 0.3105 -0.2764
v 0.2489 0.3105 -0.3152
v 0.2937 0.3105 -0.3152
v 0.3030 0.2788 -0.2764
v 0.2871 0.2788 -0.2489
v 0.2554 0.2788 -0.2489
v 0.2396 0.2788 -0.2764
v 0.2554 0.2788 -0.3038
v 0.2871 0.2788 -0.3038
v 0.2713 0.2657 -0.2764
v 0.2713 0.2657 -0.2764
v 0.2713 0.2657 -0.2764
v 0.2713 0.2657 -0.2764
v 0.2713 0.2657 -0.2764
v 0.2713 0.2657 -0.2764
v -0.0688 0.1715 0.4261
v -0.0688 0.1715 0.4261
v -0.0688 0.1715 0.4261
v -0.0688 0.1715 0.4261
v -0.0688 0.1715 0.4261
v -0.0688 0.1715 0.4261
v -0.0228 0.1525 0.4261
v -0.0458 0.1525 0.4659
v -0.0917 0.1525 0.4659
v -0.1147 0.1525 0.4261
v -0.0917 0.1525 0.3863
v -0.0458 0.1525 0.3863
v -0.0038 0.1066 0.4261
v -0.0363 0.1066 0.4823
v -0.1012 0.1066 0.4823
v -0.1337 0.1066 0.4261
v -0.1012 0.1066 0.3698
v -0.0363 0.1066 0.3698
v -0.0228 0.0607 0.4261
v -0.0458 0.0607 0.4659
v -0.0917 0.0607 0.4659
v -0.1147 0.0607 0.4261
v -0.0917 0.0607 0.3863
v -0.0458 0.0607 0.3863
v -0.0688 0.0417 0.4261
v -0.0688 0.0417 0.4261
v -0.0688 0.0417 0.4261
v -0.0688 0.0417 0.4261
v -0.0688 0.0417 0.4261
v -0.0688 0.0417 0.4261
v 0.4439 0.2246 0.0952
v 0.4439 0.2246 0.0952
v 0.4439 0.2246 0.0952
v 0.4439 0.2246 0.0952
v 0.4439 0.2246 0.0952
v 0.4439 0.2246 0.0952
v 0.4902 0.2054 0.0952
v 0.4670 0.2054 0.1353
v 0.4207 0.2054 0.1353
v 0.3975 0.2054 0.0952
v 0.4207 0.2054 0.0551
v 0.4670 0.2054 0.0551
v 0.5094 0.1591 0.0952
v 0.4766 0.1591 0.1519
v 0.4111 0.1591 0.1519
v 0.3784 0.1591 0.0952
v 0.4111 0.1591 0.0385
v 0.4766 0.1591 0.0385
v 0.4902 0.1127 0.0952
v 0.4670 0.1127 0.1353
v 0.4207 0.1127 0.1353
v 0.3975 0.1127 0.0952
v 0.4207 0.1127 0.0551
v 0.4670 0.1127 0.0551
v 0.4439 0.0935 0.0952
v 0.4439 0.0935 0.0952
v 0.4439 0.0935 0.0952
v 0.4439 0.0935 0.0952
v 0.4439 0.0935 0.0952
v 0.4439 0.0935 0.0952
v -0.3302 0.1876 -0.3029
v -0.3302 0.1876 -0.3029
v -0.3302 0.1876 -0.3029
v -0.3302 0.1876 -0.3029
v -0.3302 0.1876 -0.3029
v -0.3302 0.1876 -0.3029
v -0.2998 0.1750 -0.3029
v -0.3150 0.1750 -0.2766
v -0.3454 0.1750 -0.2766
v -0.3606 0.1750 -0.3029
v -0.3454 0.1750 -0.3292
v -0.3150 0.1750 -0.3292
v -0.2873 0.1446 -0.3029
v -0.3087 0.1446 -0.2657
v -0.3517 0.1446 -0.2657
v -0.3732 0.1446 -0.3029
v -0.3517 0.1446 -0.3401
v -0.3087 0.1446 -0.3401
v -0.2998 0.1142 -0.3029
v -0.3150 0.1142 -0.2766
v -0.3454 0.1142 -0.2766
v -0.3606 0.1142 -0.3029
v -0.3454 0.1142 -0.3292
v -0.3150 0.1142 -0.3292
v -0.3302 0.1016 -0.3029
v -0.3302 0.1016 -0.3029
v -0.3302 0.1016 -0.3029
v -0.3302 0.1016 -0.3029
v -0.3302 0.1016 -0.3029
v -0.3302 0.1016 -0.3029
v 0.3412 0.2020 0.2341
v 0.3412 0.2020 0.2341
v 0.3412 0.2020 0.2341
v 0.3412 0.2020 0.2341
v 0.3412 0.2020 0.2341
v 0.3412 0.2020 0.2341
v 0.3857 0.1836 0.2341
v 0.3635 0.1836 0.2726
v 0.3190 0.1836 0.2726
v 0.2967 0.1836 0.2341
v 0.3190 0.1836 0.1955
v 0.3635 0.1836 0.1955
v 0.4042 0.1391 0.2341
v 0.3727 0.1391 0.2886
v 0.3098 0.1391 0.2886
v 0.2783 0.1391 0.2341
v 0.3098 0.1391 0.1795
v 0.3727 0.1391 0.1795
v 0.3857 0.0945 0.2341
v 0.3635 0.0945 0.2726
v 0.3190 0.0945 0.2726
v 0.2967 0.0945 0.2341
v 0.3190 0.0945 0.1955
v 0.3635 0.0945 0.1955
v 0.3412 0.0761 0.2341
v 0.3412 0.0761 0.2341
v 0.3412 0.0761 0.2341
v 0.3412 0.0761 0.2341
v 0.3412 0.0761 0.2341
v 0.3412 0.0761 0.2341
v 0.2195 0.5511 -0.0867
v 0.2195 0.5511 -0.0867
v 0.2195 0.5511 -0.0867
v 0.2195 0.5511 -0.0867
v 0.2195 0.5511 -0.0867
v 0.2195 0.5511 -0.0867
v 0.2579 0.5352 -0.0867
v 0.2387 0.5352 -0.0535
v 0.2003 0.5352 -0.0535
v 0.1811 0.5352 -0.0867
v 0.2003 0.5352 -0.1199
v 0.2387 0.5352 -0.1199
v 0.2738 0.4968 -0.0867
v 0.2466 0.4968 -0.0397
v 0.1924 0.4968 -0.0397
v 0.1652 0.4968 -0.0867
v 0.1924 0.4968 -0.1337
v 0.2466 0.4968 -0.1337
v 0.2579 0.4585 -0.0867
v 0.2387 0.4585 -0.0535
v 0.2003 0.4585 -0.0535
v 0.1811 0.4585 -0.0867
v 0.2003 0.4585 -0.1199
v 0.2387 0.4585 -0.1199
v 0.2195 0.4426 -0.0867
v 0.2195 0.4426 -0.0867
v 0.2195 0.4426 -0.0867
v 0.2195 0.4426 -0.0867
v 0.2195 0.4426 -0.0867
v 0.2195 0.4426 -0.0867
v 0.3967 0.3055 -0.0150
v 0.3967 0.3055 -0.0150
v 0.3967 0.3055 -0.0150
v 0.3967 0.3055 -0.0150
v 0.3967 0.3055 -0.0150
v 0.3967 0.3055 -0.0150
v 0.4322 0.2908 -0.0150
v 0.4144 0.2908 0.0157
v 0.3790 0.2908 0.0157
v 0.3612 0.2908 -0.0150
v 0.3790 0.2908 -0.0457
v 0.4144 0.2908 -0.0457
v 0.4468 0.2554 -0.0150
v 0.4218 0.2554 0.0284
v 0.3716 0.2554 0.0284
v 0.3466 0.2554 -0.0150
v 0.3716 0.2554 -0.0584
v 0.4218 0.2554 -0.0584
v 0.4322 0.2199 -0.0150
v 0.4144 0.2199 0.0157
v 0.3790 0.2199 0.0157
v 0.3612 0.2199 -0.0150
v 0.3790 0.2199 -0.0457
v 0.4144 0.2199 -0.0457
v 0.3967 0.2052 -0.0150
v 0.3967 0.2052 -0.0150
v 0.3967 0.2052 -0.0150
v 0.3967 0.2052 -0.0150
v 0.3967 0.2052 -0.0150
v 0.3967 0.2052 -0.0150
v -0.0316 0.6117 -0.1959
v -0.0316 0.6117 -0.1959
v -0.0316 0.6117 -0.1959
v -0.0316 0.6117 -0.1959
v -0.0316 0.6117 -0.1959
v -0.0316 0.6117 -0.1959
v 0.0067 0.5958 -0.1959
v -0.0124 0.5958 -0.1627
v -0.0508 0.5958 -0.1627
v -0.0699 0.5958 -0.1959
v -0.0508 0.5958 -0.2291
v -0.0124 0.5958 -0.2291
v 0.0226 0.5575 -0.1959
v -0.0045 0.5575 -0.1490
v -0.0587 0.5575 -0.1490
v -0.0858 0.5575 -0.1959
v -0.0587 0.5575 -0.2429
v -0.0045 0.5575 -0.2429
v 0.0067 0.5192 -0.1959
v -0.0124 0.5192 -0.1627
v -0.0508 0.5192 -0.1627
v -0.0699 0.5192 -0.1959
v -0.0508 0.5192 -0.2291
v -0.0124 0.5192 -0.2291
v -0.0316 0.5033 -0.1959
v -0.0316 0.5033 -0.1959
v -0.0316 0.5033 -0.1959
v -0.0316 0.5033 -0.1959
v -0.0316 0.5033 -0.1959
v -0.0316 0.5033 -0.1959
v 0.1086 0.5684 -0.2332
v 0.1086 0.5684 -0.2332
v 0.1086 0.5684 -0.2332
v 0.1086 0.5684 -0.2332
v 0.1086 0.5684 -0.2332
v 0.1086 0.5684 -0.2332
v 0.1391 0.5558 -0.2332
v 0.1239 0.5558 -0.2068
v 0.0934 0.5558 -0.2068
v 0.0782 0.5558 -0.2332
v 0.0934 0.5558 -0.2595
v 0.1239 0.5558 -0.2595
v 0.1517 0.5253 -0.2332
v 0.1302 0.5253 -0.1959
v 0.0871 0.5253 -0.1959
v 0.0656 0.5253 -0.2332
v 0.0871 0.5253 -0.2704
v 0.1302 0.5253 -0.2704
v 0.1391 0.4949 -0.2332
v 0.1239 0.4949 -0.2068
v 0.0934 0.4949 -0.2068
v 0.0782 0.4949 -0.2332
v 0.0934 0.4949 -0.2595
v 0.1239 0.4949 -0.2595
v 0.1086 0.4823 -0.2332
v 0.1086 0.4823 -0.2332
v 0.1086 0.4823 -0.2332
v 0.1086 0.4823 -0.2332
v 0.1086 0.4823 -0.2332
v 0.1086 0.4823 -0.2332
v -0.2815 0.5174 0.0646
v -0.2815 0.5174 0.0646
v -0.2815 0.5174 0.0646
v -0.2815 0.5174 0.0646
v -0.2815 0.5174 0.0646
v -0.2815 0.5174 0.0646
v -0.2528 0.5056 0.0646
v -0.2672 0.5056 0.0894
v -0.2958 0.5056 0.0894
v -0.3102 0.5056 0.0646
v -0.2958 0.5056 0.0398
v -0.2672 0.5056 0.0398
v -0.2410 0.4769 0.0646
v -0.2612 0.4769 0.0997
v -0.3018 0.4769 0.0997
v -0.3221 0.4769 0.0646
v -0.3018 0.4769 0.0295
v -0.2612 0.4769 0.0295
v -0.2528 0.4482 0.0646
v -0.2672 0.4482 0.0894
v -0.2958 0.4482 0.0894
v -0.3102 0.4482 0.0646
v -0.2958 0.4482 0.0398
v -0.2672 0.4482 0.0398
v -0.2815 0.4363 0.0646
v -0.2815 0.4363 0.0646
v -0.2815 0.4363 0.0646
v -0.2815 0.4363 0.0646
v -0.2815 0.4363 0.0646
v -0.2815 0.4363 0.0646
v 0.2009 0.2316 0.3604
v 0.2009 0.2316 0.3604
v 0.2009 0.2316 0.3604
v 0.2009 0.2316 0.3604
v 0.2009 0.2316 0.3604
v 0.2009 0.2316 0.3604
v 0.2401 0.2153 0.3604
v 0.2205 0.2153 0.3943
v 0.1814 0.2153 0.3943
v 0.1618 0.2153 0.3604
v 0.1814 0.2153 0.3265
v 0.2205 0.2153 0.3265
v 0.2564 0.1762 0.3604
v 0.2287 0.1762 0.4084
v 0.1732 0.1762 0.4084
v 0.1455 0.1762 0.3604
v 0.1732 0.1762 0.3124
v 0.2287 0.1762 0.3124
v 0.2401 0.1370 0.3604
v 0.2205 0.1370 0.3943
v 0.1814 0.1370 0.3943
v 0.1618 0.1370 0.3604
v 0.1814 0.1370 0.3265
v 0.2205 0.1370 0.3265
v 0.2009 0.1208 0.3604
v 0.2009 0.1208 0.3604
v 0.2009 0.1208 0.3604
v 0.2009 0.1208 0.3604
v 0.2009 0.1208 0.3604
v 0.2009 0.1208 0.3604
v -0.1558 0.4770 -0.2539
v -0.1558 0.4770 -0.2539
v -0.1558 0.4770 -0.2539
v -0.1558 0.4770 -0.2539
v -0.1558 0.4770 -0.2539
v -0.1558 0.4770 -0.2539
v -0.1143 0.4598 -0.2539
v -0.1351 0.4598 -0.2178
v -0.1766 0.4598 -0.2178
v -0.1974 0.4598 -0.2539
v -0.1766 0.4598 -0.2899
v -0.1351 0.4598 -0.2899
v -0.0970 0.4182 -0.2539
v -0.1264 0.4182 -0.2029
v -0.1853 0.4182 -0.2029
v -0.2147 0.4182 -0.2539
v -0.1853 0.4182 -0.3048
v -0.1264 0.4182 -0.3048
v -0.1143 0.3766 -0.2539
v -0.1351 0.3766 -0.2178
v -0.1766 0.3766 -0.2178
v -0.1974 0.3766 -0.2539
v -0.1766 0.3766 -0.2899
v -0.1351 0.3766 -0.2899
v -0.1558 0.3594 -0.2539
v -0.1558 0.3594 -0.2539
v -0.1558 0.3594 -0.2539
v -0.1558 0.3594 -0.2539
v -0.1558 0.3594 -0.2539
v -0.1558 0.3594 -0.2539
v -0.3245 0.3713 0.1457
v -0.3245 0.3713 0.1457
v -0.3245 0.3713 0.1457
v -0.3245 0.3713 0.1457
v -0.3245 0.3713 0.1457
v -0.3245 0.3713 0.1457
v -0.2939 0.3587 0.1457
v -0.3092 0.3587 0.1722
v -0.3398 0.3587 0.1722
v -0.3550 0.3587 0.1457
v -0.3398 0.3587 0.1192
v -0.3092 0.3587 0.1192
v -0.2813 0.3281 0.1457
v -0.3029 0.3281 0.1831
v -0.3461 0.3281 0.1831
v -0.3677 0.3281 0.1457
v -0.3461 0.3281 0.1083
v -0.3029 0.3281 0.1083
v -0.2939 0.2976 0.1457
v -0.3092 0.2976 0.1722
v -0.3398 0.2976 0.1722
v -0.3550 0.2976 0.1457
v -0.3398 0.2976 0.1192
v -0.3092 0.2976 0.1192
v -0.3245 0.2849 0.1457
v -0.3245 0.2849 0.1457
v -0.3245 0.2849 0.1457
v -0.3245 0.2849 0.1457
v -0.3245 0.2849 0.1457
v -0.3245 0.2849 0.1457
v 0.0696 0.6363 -0.0834
v 0.0696 0.6363 -0.0834
v 0.0696 0.6363 -0.0834
v 0.0696 0.6363 -0.0834
v 0.0696 0.6363 -0.0834
v 0.0696 0.6363 -0.0834
v 0.1018 0.6230 -0.0834
v 0.0857 0.6230 -0.0556
v 0.0536 0.6230 -0.0556
v 0.0375 0.6230 -0.0834
v 0.0536 0.6230 -0.1113
v 0.0857 0.6230 -0.1113
v 0.1151 0.5909 -0.0834
v 0.0924 0.5909 -0.0441
v 0.0469 0.5909 -0.0441
v 0.0242 0.5909 -0.0834
v 0.0469 0.5909 -0.1228
v 0.0924 0.5909 -0.1228
v 0.1018 0.5588 -0.0834
v 0.0857 0.5588 -0.0556
v 0.0536 0.5588 -0.0556
v 0.0375 0.5588 -0.0834
v 0.0536 0.5588 -0.1113
v 0.0857 0.5588 -0.1113
v 0.0696 0.5455 -0.0834
v 0.0696 0.5455 -0.0834
v 0.0696 0.5455 -0.0834
v 0.0696 0.5455 -0.0834
v 0.0696 0.5455 -0.0834
v 0.0696 0.5455 -0.0834
v 0.1152 0.3804 0.3310
v 0.1152 0.3804 0.3310
v 0.1152 0.3804 0.3310
v 0.1152 0.3804 0.3310
v 0.1152 0.3804 0.3310
v 0.1152 0.3804 0.3310
v 0.1541 0.3643 0.3310
v 0.1347 0.3643 0.3647
v 0.0958 0.3643 0.3647
v 0.0763 0.3643 0.3310
v 0.0958 0.3643 0.2973
v 0.1347 0.3643 0.2973
v 0.1703 0.3254 0.3310
v 0.1427 0.3254 0.3786
v 0.0877 0.3254 0.3786
v 0.0602 0.3254 0.3310
v 0.0877 0.3254 0.2833
v 0.1427 0.3254 0.2833
v 0.1541 0.2865 0.3310
v 0.1347 0.2865 0.3647
v 0.0958 0.2865 0.3647
v 0.0763 0.2865 0.3310
v 0.0958 0.2865 0.2973
v 0.1347 0.2865 0.2973
v 0.1152 0.2704 0.3310
v 0.1152 0.2704 0.3310
v 0.1152 0.2704 0.3310
v 0.1152 0.2704 0.3310
v 0.1152 0.2704 0.3310
v 0.1152 0.2704 0.3310
v -0.2606 0.2217 0.3140
v -0.2606 0.2217 0.3140
v -0.2606 0.2217 0.3140
v -0.2606 0.2217 0.3140
v -0.2606 0.2217 0.3140
v -0.2606 0.2217 0.3140
v -0.2282 0.2082 0.3140
v -0.2444 0.2082 0.3421
v -0.2768 0.2082 0.3421
v -0.2931 0.2082 0.3140
v -0.2768 0.2082 0.2859
v -0.2444 0.2082 0.2859
v -0.2147 0.1758 0.3140
v -0.2377 0.1758 0.3537
v -0.2836 0.1758 0.3537
v -0.3065 0.1758 0.3140
v -0.2836 0.1758 0.2742
v -0.2377 0.1758 0.2742
v -0.2282 0.1433 0.3140
v -0.2444 0.1433 0.3421
v -0.2768 0.1433 0.3421
v -0.2931 0.1433 0.3140
v -0.2768 0.1433 0.2859
v -0.2444 0.1433 0.2859
v -0.2606 0.1299 0.3140
v -0.2606 0.1299 0.3140
v -0.2606 0.1299 0.3140
v -0.2606 0.1299 0.3140
v -0.2606 0.1299 0.3140
v -0.2606 0.1299 0.3140
v 0.0747 0.2876 -0.3990
v 0.0747 0.2876 -0.3990
v 0.0747 0.2876 -0.3990
v 0.0747 0.2876 -0.3990
v 0.0747 0.2876 -0.3990
v 0.0747 0.2876 -0.3990
v 0.1136 0.2715 -0.3990
v 0.0942 0.2715 -0.3653
v 0.0553 0.2715 -0.3653
v 0.0358 0.2715 -0.3990
v 0.0553 0.2715 -0.4327
v 0.0942 0.2715 -0.4327
v 0.1298 0.2326 -0.3990
v 0.1022 0.2326 -0.3514
v 0.0472 0.2326 -0.3514
v 0.0197 0.2326 -0.3990
v 0.0472 0.2326 -0.4467
v 0.1022 0.2326 -0.4467
v 0.1136 0.1937 -0.3990
v 0.0942 0.1937 -0.3653
v 0.0553 0.1937 -0.3653
v 0.0358 0.1937 -0.3990
v 0.0553 0.1937 -0.4327
v 0.0942 0.1937 -0.4327
v 0.0747 0.1776 -0.3990
v 0.0747 0.1776 -0.3990
v 0.0747 0.1776 -0.3990
v 0.0747 0.1776 -0.3990
v 0.0747 0.1776 -0.3990
v 0.0747 0.1776 -0.3990
v -0.1813 0.4471 0.3016
v -0.1813 0.4471 0.3016
v -0.1813 0.4471 0.3016
v -0.1813 0.4471 0.3016
v -0.1813 0.4471 0.3016
v -0.1813 0.4471 0.3016
v -0.1394 0.4298 0.3016
v -0.1603 0.4298 0.3379
v -0.2022 0.4298 0.3379
v -0.2231 0.4298 0.3016
v -0.2022 0.4298 0.2654
v -0.1603 0.4298 0.2654
v -0.1221 0.3880 0.3016
v -0.1517 0.3880 0.3529
v -0.2108 0.3880 0.3529
v -0.2404 0.3880 0.3016
v -0.2108 0.3880 0.2504
v -0.1517 0.3880 0.2504
v -0.1394 0.3461 0.3016
v -0.1603 0.3461 0.3379
v -0.2022 0.3461 0.3379
v -0.2231 0.3461 0.3016
v -0.2022 0.3461 0.2654
v -0.1603 0.3461 0.2654
v -0.1813 0.3288 0.3016
v -0.1813 0.3288 0.3016
v -0.1813 0.3288 0.3016
v -0.1813 0.3288 0.3016
v -0.1813 0.3288 0.3016
v -0.1813 0.3288 0.3016
v 0.2934 0.4620 0.0421
v 0.2934 0.4620 0.0421
v 0.2934 0.4620 0.0421
v 0.2934 0.4620 0.0421
v 0.2934 0.4620 0.0421
v 0.2934 0.4620 0.0421
v 0.3268 0.4482 0.0421
v 0.3101 0.4482 0.0711
v 0.2767 0.4482 0.0711
v 0.2600 0.4482 0.0421
v 0.2767 0.4482 0.0132
v 0.3101 0.4482 0.0132
v 0.3406 0.4148 0.0421
v 0.3170 0.4148 0.0830
v 0.2698 0.4148 0.0830
v 0.2462 0.4148 0.0421
v 0.2698 0.4148 0.0013
v 0.3170 0.4148 0.0013
v 0.3268 0.3815 0.0421
v 0.3101 0.3815 0.0711
v 0.2767 0.3815 0.0711
v 0.2600 0.3815 0.0421
v 0.2767 0.3815 0.0132
v 0.3101 0.3815 0.0132
v 0.2934 0.3676 0.0421
v 0.2934 0.3676 0.0421
v 0.2934 0.3676 0.0421
v 0.2934 0.3676 0.0421
v 0.2934 0.3676 0.0421
v 0.2934 0.3676 0.0421
v -0.1885 0.2326 0.3420
v -0.1885 0.2326 0.3420
v -0.1885 0.2326 0.3420
v -0.1885 0.2326 0.3420
v -0.1885 0.2326 0.3420
v -0.1885 0.2326 0.3420
v -0.1505 0.2169 0.3420
v -0.1695 0.2169 0.3749
v -0.2075 0.2169 0.3749
v -0.2265 0.2169 0.3420
v -0.2075 0.2169 0.3091
v -0.1695 0.2169 0.3091
v -0.1348 0.1789 0.3420
v -0.1616 0.1789 0.3886
v -0.2154 0.1789 0.3886
v -0.2422 0.1789 0.3420
v -0.2154 0.1789 0.2955
v -0.1616 0.1789 0.2955
v -0.1505 0.1409 0.3420
v -0.1695 0.1409 0.3749
v -0.2075 0.1409 0.3749
v -0.2265 0.1409 0.3420
v -0.2075 0.1409 0.3091
v -0.1695 0.1409 0.3091
v -0.1885 0.1252 0.3420
v -0.1885 0.1252 0.3420
v -0.1885 0.1252 0.3420
v -0.1885 0.1252 0.3420
v -0.1885 0.1252 0.3420
v -0.1885 0.1252 0.3420
v -0.0776 0.5003 -0.2744
v -0.0776 0.5003 -0.2744
v -0.0776 0.5003 -0.2744
v -0.0776 0.5003 -0.2744
v -0.0776 0.5003 -0.2744
v -0.0776 0.5003 -0.2744
v -0.0351 0.4827 -0.2744
v -0.0563 0.4827 -0.2376
v -0.0988 0.4827 -0.2376
v -0.1200 0.4827 -0.2744
v -0.0988 0.4827 -0.3111
v -0.0563 0.4827 -0.3111
v -0.0176 0.4403 -0.2744
v -0.0476 0.4403 -0.2224
v -0.1076 0.4403 -0.2224
v -0.1376 0.4403 -0.2744
v -0.1076 0.4403 -0.3263
v -0.0476 0.4403 -0.3263
v -0.0351 0.3978 -0.2744
v -0.0563 0.3978 -0.2376
v -0.0988 0.3978 -0.2376
v -0.1200 0.3978 -0.2744
v -0.0988 0.3978 -0.3111
v -0.0563 0.3978 -0.3111
v -0.0776 0.3803 -0.2744
v -0.0776 0.3803 -0.2744
v -0.0776 0.3803 -0.2744
v -0.0776 0.3803 -0.2744
v -0.0776 0.3803 -0.2744
v -0.0776 0.3803 -0.2744
v 0.4364 0.2408 0.0435
v 0.4364 0.2408 0.0435
v 0.4364 0.2408 0.0435
v 0.4364 0.2408 0.0435
v 0.4364 0.2408 0.0435
v 0.4364 0.2408 0.0435
v 0.4714 0.2263 0.0435
v 0.4539 0.2263 0.0738
v 0.4190 0.2263 0.0738
v 0.4015 0.2263 0.0435
v 0.4190 0.2263 0.0133
v 0.4539 0.2263 0.0133
v 0.4858 0.1914 0.0435
v 0.4611 0.1914 0.0863
v 0.4118 0.1914 0.0863
v 0.3871 0.1914 0.0435
v 0.4118 0.1914 0.0008
v 0.4611 0.1914 0.0008
v 0.4714 0.1565 0.0435
v 0.4539 0.1565 0.0738
v 0.4190 0.1565 0.0738
v 0.4015 0.1565 0.0435
v 0.4190 0.1565 0.0133
v 0.4539 0.1565 0.0133
v 0.4364 0.1420 0.0435
v 0.4364 0.1420 0.0435
v 0.4364 0.1420 0.0435
v 0.4364 0.1420 0.0435
v 0.4364 0.1420 0.0435
v 0.4364 0.1420 0.0435
v -0.0042 0.6434 0.0894
v -0.0042 0.6434 0.0894
v -0.0042 0.6434 0.0894
v -0.0042 0.6434 0.0894
v -0.0042 0.6434 0.0894
v -0.0042 0.6434 0.0894
v 0.0323 0.6283 0.0894
v 0.0140 0.6283 0.1210
v -0.0225 0.6283 0.1210
v -0.0407 0.6283 0.0894
v -0.0225 0.6283 0.0578
v 0.0140 0.6283 0.0578
v 0.0474 0.5918 0.0894
v 0.0216 0.5918 0.1341
v -0.0300 0.5918 0.1341
v -0.0558 0.5918 0.0894
v -0.0300 0.5918 0.0447
v 0.0216 0.5918 0.0447
v 0.0323 0.5553 0.0894
v 0.0140 0.5553 0.1210
v -0.0225 0.5553 0.1210
v -0.0407 0.5553 0.0894
v -0.0225 0.5553 0.0578
v 0.0140 0.5553 0.0578
v -0.0042 0.5402 0.0894
v -0.0042 0.5402 0.0894
v -0.0042 0.5402 0.0894
v -0.0042 0.5402 0.0894
v -0.0042 0.5402 0.0894
v -0.0042 0.5402 0.0894
v -0.1121 0.3355 0.3622
v -0.1121 0.3355 0.3622
v -0.1121 0.3355 0.3622
v -0.1121 0.3355 0.3622
v -0.1121 0.3355 0.3622
v -0.1121 0.3355 0.3622
v -0.0737 0.3196 0.3622
v -0.0929 0.3196 0.3955
v -0.1313 0.3196 0.3955
v -0.1505 0.3196 0.3622
v -0.1313 0.3196 0.3289
v -0.0929 0.3196 0.3289
v -0.0578 0.2812 0.3622
v -0.0850 0.2812 0.4093
v -0.1393 0.2812 0.4093
v -0.1665 0.2812 0.3622
v -0.1393 0.2812 0.3152
v -0.0850 0.2812 0.3152
v -0.0737 0.2428 0.3622
v -0.0929 0.2428 0.3955
v -0.1313 0.2428 0.3955
v -0.1505 0.2428 0.3622
v -0.1313 0.2428 0.3289
v -0.0929 0.2428 0.3289
v -0.1121 0.2269 0.3622
v -0.1121 0.2269 0.3622
v -0.1121 0.2269 0.3622
v -0.1121 0.2269 0.3622
v -0.1121 0.2269 0.3622
v -0.1121 0.2269 0.3622
v 0.2554 0.4798 -0.1795
v 0.2554 0.4798 -0.1795
v 0.2554 0.4798 -0.1795
v 0.2554 0.4798 -0.1795
v 0.2554 0.4798 -0.1795
v 0.2554 0.4798 -0.1795
v 0.2966 0.4627 -0.1795
v 0.2760 0.4627 -0.1438
v 0.2348 0.4627 -0.1438
v 0.2141 0.4627 -0.1795
v 0.2348 0.4627 -0.2152
v 0.2760 0.4627 -0.2152
v 0.3137 0.4214 -0.1795
v 0.2846 0.4214 -0.1290
v 0.2262 0.4214 -0.1290
v 0.1970 0.4214 -0.1795
v 0.2262 0.4214 -0.2300
v 0.2846 0.4214 -0.2300
v 0.2966 0.3802 -0.1795
v 0.2760 0.3802 -0.1438
v 0.2348 0.3802 -0.1438
v 0.2141 0.3802 -0.1795
v 0.2348 0.3802 -0.2152
v 0.2760 0.3802 -0.2152
v 0.2554 0.3631 -0.1795
v 0.2554 0.3631 -0.1795
v 0.2554 0.3631 -0.1795
v 0.2554 0.3631 -0.1795
v 0.2554 0.3631 -0.1795
v 0.2554 0.3631 -0.1795
v -0.3579 0.3464 0.0111
v -0.3579 0.3464 0.0111
v -0.3579 0.3464 0.0111
v -0.3579 0.3464 0.0111
v -0.3579 0.3464 0.0111
v -0.3579 0.3464 0.0111
v -0.3128 0.3277 0.0111
v -0.3354 0.3277 0.0502
v -0.3805 0.3277 0.0502
v -0.4031 0.3277 0.0111
v -0.3805 0.3277 -0.0280
v -0.3354 0.3277 -0.0280
v -0.2941 0.2825 0.0111
v -0.3260 0.2825 0.0664
v -0.3899 0.2825 0.0664
v -0.4218 0.2825 0.0111
v -0.3899 0.2825 -0.0442
v -0.3260 0.2825 -0.0442
v -0.3128 0.2374 0.0111
v -0.3354 0.2374 0.0502
v -0.3805 0.2374 0.0502
v -0.4031 0.2374 0.0111
v -0.3805 0.2374 -0.0280
v -0.3354 0.2374 -0.0280
v -0.3579 0.2187 0.0111
v -0.3579 0.2187 0.0111
v -0.3579 0.2187 0.0111
v -0.3579 0.2187 0.0111
v -0.3579 0.2187 0.0111
v -0.3579 0.2187 0.0111
v 0.0684 0.2417 -0.4168
v 0.0684 0.2417 -0.4168
v 0.0684 0.2417 -0.4168
v 0.0684 0.2417 -0.4168
v 0.0684 0.2417 -0.4168
v 0.0684 0.2417 -0.4168
v 0.1132 0.2232 -0.4168
v 0.0908 0.2232 -0.3780
v 0.0460 0.2232 -0.3780
v 0.0237 0.2232 -0.4168
v 0.0460 0.2232 -0.4555
v 0.0908 0.2232 -0.4555
v 0.1317 0.1784 -0.4168
v 0.1000 0.1784 -0.3620
v 0.0368 0.1784 -0.3620
v 0.0052 0.1784 -0.4168
v 0.0368 0.1784 -0.4716
v 0.1000 0.1784 -0.4716
v 0.1132 0.1337 -0.4168
v 0.0908 0.1337 -0.3780
v 0.0460 0.1337 -0.3780
v 0.0237 0.1337 -0.4168
v 0.0460 0.1337 -0.4555
v 0.0908 0.1337 -0.4555
v 0.0684 0.1152 -0.4168
v 0.0684 0.1152 -0.4168
v 0.0684 0.1152 -0.4168
v 0.0684 0.1152 -0.4168
v 0.0684 0.1152 -0.4168
v 0.0684 0.1152 -0.4168
v -0.2976 0.4264 0.1821
v -0.2976 0.4264 0.1821
v -0.2976 0.4264 0.1821
v -0.2976 0.4264 0.1821
v -0.2976 0.4264 0.1821
v -0.2976 0.4264 0.1821
v -0.2554 0.4089 0.1821
v -0.2765 0.4089 0.2187
v -0.3187 0.4089 0.2187
v -0.3399 0.4089 0.1821
v -0.3187 0.4089 0.1455
v -0.2765 0.4089 0.1455
v -0.2379 0.3667 0.1821
v -0.2677 0.3667 0.2338
v -0.3275 0.3667 0.2338
v -0.3574 0.3667 0.1821
v -0.3275 0.3667 0.1303
v -0.2677 0.3667 0.1303
v -0.2554 0.3244 0.1821
v -0.2765 0.3244 0.2187
v -0.3187 0.3244 0.2187
v -0.3399 0.3244 0.1821
v -0.3187 0.3244 0.1455
v -0.2765 0.3244 0.1455
v -0.2976 0.3069 0.1821
v -0.2976 0.3069 0.1821
v -0.2976 0.3069 0.1821
v -0.2976 0.3069 0.1821
v -0.2976 0.3069 0.1821
v -0.2976 0.3069 0.1821
v 0.1005 0.5910 -0.2016
v 0.1005 0.5910 -0.2016
v 0.1005 0.5910 -0.2016
v 0.1005 0.5910 -0.2016
v 0.1005 0.5910 -0.2016
v 0.1005 0.5910 -0.2016
v 0.1296 0.5790 -0.2016
v 0.1151 0.5790 -0.1764
v 0.0860 0.5790 -0.1764
v 0.0715 0.5790 -0.2016
v 0.0860 0.5790 -0.2268
v 0.1151 0.5790 -0.2268
v 0.1416 0.5500 -0.2016
v 0.1211 0.5500 -0.1660
v 0.0800 0.5500 -0.1660
v 0.0594 0.5500 -0.2016
v 0.0800 0.5500 -0.2372
v 0.1211 0.5500 -0.2372
v 0.1296 0.5209 -0.2016
v 0.1151 0.5209 -0.1764
v 0.0860 0.5209 -0.1764
v 0.0715 0.5209 -0.2016
v 0.0860 0.5209 -0.2268
v 0.1151 0.5209 -0.2268
v 0.1005 0.5089 -0.2016
v 0.1005 0.5089 -0.2016
v 0.1005 0.5089 -0.2016
v 0.1005 0.5089 -0.2016
v 0.1005 0.5089 -0.2016
v 0.1005 0.5089 -0.2016
v -0.1538 0.5191 -0.2236
v -0.1538 0.5191 -0.2236
v -0.1538 0.5191 -0.2236
v -0.1538 0.5191 -0.2236
v -0.1538 0.5191 -0.2236
v -0.1538 0.5191 -0.2236
v -0.1101 0.5010 -0.2236
v -0.1320 0.5010 -0.1857
v -0.1757 0.5010 -0.1857
v -0.1976 0.5010 -0.2236
v -0.1757 0.5010 -0.2615
v -0.1320 0.5010 -0.2615
v -0.0920 0.4572 -0.2236
v -0.1229 0.4572 -0.1700
v -0.1848 0.4572 -0.1700
v -0.2157 0.4572 -0.2236
v -0.1848 0.4572 -0.2772
v -0.1229 0.4572 -0.2772
v -0.1101 0.4135 -0.2236
v -0.1320 0.4135 -0.1857
v -0.1757 0.4135 -0.1857
v -0.1976 0.4135 -0.2236
v -0.1757 0.4135 -0.2615
v -0.1320 0.4135 -0.2615
v -0.1538 0.3954 -0.2236
v -0.1538 0.3954 -0.2236
v -0.1538 0.3954 -0.2236
v -0.1538 0.3954 -0.2236
v -0.1538 0.3954 -0.2236
v -0.1538 0.3954 -0.2236
v 0.1703 0.3848 0.3000
v 0.1703 0.3848 0.3000
v 0.1703 0.3848 0.3000
v 0.1703 0.3848 0.3000
v 0.1703 0.3848 0.3000
v 0.1703 0.3848 0.3000
v 0.1994 0.3728 0.3000
v 0.1849 0.3728 0.3252
v 0.1557 0.3728 0.3252
v 0.1412 0.3728 0.3000
v 0.1557 0.3728 0.2748
v 0.1849 0.3728 0.2748
v 0.2115 0.3437 0.3000
v 0.1909 0.3437 0.3356
v 0.1497 0.3437 0.3356
v 0.1291 0.3437 0.3000
v 0.1497 0.3437 0.2643
v 0.1909 0.3437 0.2643
v 0.1994 0.3145 0.3000
v 0.1849 0.3145 0.3252
v 0.1557 0.3145 0.3252
v 0.1412 0.3145 0.3000
v 0.1557 0.3145 0.2748
v 0.1849 0.3145 0.2748
v 0.1703 0.3025 0.3000
v 0.1703 0.3025 0.3000
v 0.1703 0.3025 0.3000
v 0.1703 0.3025 0.3000
v 0.1703 0.3025 0.3000
v 0.1703 0.3025 0.3000
v -0.2904 0.4804 -0.1370
v -0.2904 0.4804 -0.1370
v -0.2904 0.4804 -0.1370
v -0.2904 0.4804 -0.1370
v -0.2904 0.4804 -0.1370
v -0.2904 0.4804 -0.1370
v -0.2517 0.4644 -0.1370
v -0.2710 0.4644 -0.1035
v -0.3097 0.4644 -0.1035
v -0.3290 0.4644 -0.1370
v -0.3097 0.4644 -0.1704
v -0.2710 0.4644 -0.1704
v -0.2357 0.4258 -0.1370
v -0.2630 0.4258 -0.0897
v -0.3177 0.4258 -0.0897
v -0.3450 0.4258 -0.1370
v -0.3177 0.4258 -0.1843
v -0.2630 0.4258 -0.1843
v -0.2517 0.3872 -0.1370
v -0.2710 0.3872 -0.1035
v -0.3097 0.3872 -0.1035
v -0.3290 0.3872 -0.1370
v -0.3097 0.3872 -0.1704
v -0.2710 0.3872 -0.1704
v -0.2904 0.3712 -0.1370
v -0.2904 0.3712 -0.1370
v -0.2904 0.3712 -0.1370
v -0.2904 0.3712 -0.1370
v -0.2904 0.3712 -0.1370
v -0.2904 0.3712 -0.1370
v 0.1015 0.6380 -0.0784
v 0.1015 0.6380 -0.0784
v 0.1015 0.6380 -0.0784
v 0.1015 0.6380 -0.0784
v 0.1015 0.6380 -0.0784
v 0.1015 0.6380 -0.0784
v 0.1385 0.6227 -0.0784
v 0.1200 0.6227 -0.0464
v 0.0831 0.6227 -0.0464
v 0.0646 0.6227 -0.0784
v 0.0831 0.6227 -0.1104
v 0.1200 0.6227 -0.1104
v 0.1538 0.5857 -0.0784
v 0.1277 0.5857 -0.0331
v 0.0754 0.5857 -0.0331
v 0.0493 0.5857 -0.0784
v 0.0754 0.5857 -0.1236
v 0.1277 0.5857 -0.1236
v 0.1385 0.5488 -0.0784
v 0.1200 0.5488 -0.0464
v 0.0831 0.5488 -0.0464
v 0.0646 0.5488 -0.0784
v 0.0831 0.5488 -0.1104
v 0.1200 0.5488 -0.1104
v 0.1015 0.5335 -0.0784
v 0.1015 0.5335 -0.0784
v 0.1015 0.5335 -0.0784
v 0.1015 0.5335 -0.0784
v 0.1015 0.5335 -0.0784
v 0.1015 0.5335 -0.0784
v 0.2688 0.1782 -0.3566
v 0.2688 0.1782 -0.3566
v 0.2688 0.1782 -0.3566
v 0.2688 0.1782 -0.3566
v 0.2688 0.1782 -0.3566
v 0.2688 0.1782 -0.3566
v 0.3049 0.1632 -0.3566
v 0.2868 0.1632 -0.3253
v 0.2507 0.1632 -0.3253
v 0.2326 0.1632 -0.3566
v 0.2507 0.1632 -0.3879
v 0.2868 0.1632 -0.3879
v 0.3199 0.1271 -0.3566
v 0.2943 0.1271 -0.3124
v 0.2432 0.1271 -0.3124
v 0.2176 0.1271 -0.3566
v 0.2432 0.1271 -0.4009
v 0.2943 0.1271 -0.4009
v 0.3049 0.0909 -0.3566
v 0.2868 0.0909 -0.3253
v 0.2507 0.0909 -0.3253
v 0.2326 0.0909 -0.3566
v 0.2507 0.0909 -0.3879
v 0.2868 0.0909 -0.3879
v 0.2688 0.0759 -0.3566
v 0.2688 0.0759 -0.3566
v 0.2688 0.0759 -0.3566
v 0.2688 0.0759 -0.3566
v 0.2688 0.0759 -0.3566
v 0.2688 0.0759 -0.3566
v -0.4188 0.1965 0.1320
v -0.4188 0.1965 0.1320
v -0.4188 0.1965 0.1320
v -0.4188 0.1965 0.1320
v -0.4188 0.1965 0.1320
v -0.4188 0.1965 0.1320
v -0.3893 0.1843 0.1320
v -0.4040 0.1843 0.1575
v -0.4335 0.1843 0.1575
v -0.4482 0.1843 0.1320
v -0.4335 0.1843 0.1065
v -0.4040 0.1843 0.1065
v -0.3771 0.1548 0.1320
v -0.3980 0.1548 0.1681
v -0.4396 0.1548 0.1681
v -0.4604 0.1548 0.1320
v -0.4396 0.1548 0.0960
v -0.3980 0.1548 0.0960
v -0.3893 0.1254 0.1320
v -0.4040 0.1254 0.1575
v -0.4335 0.1254 0.1575
v -0.4482 0.1254 0.1320
v -0.4335 0.1254 0.1065
v -0.4040 0.1254 0.1065
v -0.4188 0.1132 0.1320
v -0.4188 0.1132 0.1320
v -0.4188 0.1132 0.1320
v -0.4188 0.1132 0.1320
v -0.4188 0.1132 0.1320
v -0.4188 0.1132 0.1320
v 0.2872 0.1933 0.2632
v 0.2872 0.1933 0.2632
v 0.2872 0.1933 0.2632
v 0.2872 0.1933 0.2632
v 0.2872 0.1933 0.2632
v 0.2872 0.1933 0.2632
v 0.3258 0.1773 0.2632
v 0.3065 0.1773 0.2966
v 0.2680 0.1773 0.2966
v 0.2487 0.1773 0.2632
v 0.2680 0.1773 0.2298
v 0.3065 0.1773 0.2298
v 0.3418 0.1387 0.2632
v 0.3145 0.1387 0.3104
v 0.2600 0.1387 0.3104
v 0.2327 0.1387 0.2632
v 0.2600 0.1387 0.2160
v 0.3145 0.1387 0.2160
v 0.3258 0.1002 0.2632
v 0.3065 0.1002 0.2966
v 0.2680 0.1002 0.2966
v 0.2487 0.1002 0.2632
v 0.2680 0.1002 0.2298
v 0.3065 0.1002 0.2298
v 0.2872 0.0842 0.2632
v 0.2872 0.0842 0.2632
v 0.2872 0.0842 0.2632
v 0.2872 0.0842 0.2632
v 0.2872 0.0842 0.2632
v 0.2872 0.0842 0.2632
v 0.4471 0.1524 0.0461
v 0.4471 0.1524 0.0461
v 0.4471 0.1524 0.0461
v 0.4471 0.1524 0.0461
v 0.4471 0.1524 0.0461
v 0.4471 0.1524 0.0461
v 0.4842 0.1370 0.0461
v 0.4656 0.1370 0.0782
v 0.4285 0.1370 0.0782
v 0.4100 0.1370 0.0461
v 0.4285 0.1370 0.0139
v 0.4656 0.1370 0.0139
v 0.4996 0.0999 0.0461
v 0.4733 0.0999 0.0915
v 0.4208 0.0999 0.0915
v 0.3946 0.0999 0.0461
v 0.4208 0.0999 0.0006
v 0.4733 0.0999 0.0006
v 0.4842 0.0628 0.0461
v 0.4656 0.0628 0.0782
v 0.4285 0.0628 0.0782
v 0.4100 0.0628 0.0461
v 0.4285 0.0628 0.0139
v 0.4656 0.0628 0.0139
v 0.4471 0.0474 0.0461
v 0.4471 0.0474 0.0461
v 0.4471 0.0474 0.0461
v 0.4471 0.0474 0.0461
v 0.4471 0.0474 0.0461
v 0.4471 0.0474 0.0461
v -0.1314 0.6585 -0.0271
v -0.1314 0.6585 -0.0271
v -0.1314 0.6585 -0.0271
v -0.1314 0.6585 -0.0271
v -0.1314 0.6585 -0.0271
v -0.1314 0.6585 -0.0271
v -0.0851 0.6394 -0.0271
v -0.1083 0.6394 0.0130
v -0.1546 0.6394 0.0130
v -0.1777 0.6394 -0.0271
v -0.1546 0.6394 -0.0671
v -0.1083 0.6394 -0.0671
v -0.0660 0.5931 -0.0271
v -0.0987 0.5931 0.0296
v -0.1642 0.5931 0.0296
v -0.1969 0.5931 -0.0271
v -0.1642 0.5931 -0.0837
v -0.0987 0.5931 -0.0837
v -0.0851 0.5468 -0.0271
v -0.1083 0.5468 0.0130
v -0.1546 0.5468 0.0130
v -0.1777 0.5468 -0.0271
v -0.1546 0.5468 -0.0671
v -0.1083 0.5468 -0.0671
v -0.1314 0.5276 -0.0271
v -0.1314 0.5276 -0.0271
v -0.1314 0.5276 -0.0271
v -0.1314 0.5276 -0.0271
v -0.1314 0.5276 -0.0271
v -0.1314 0.5276 -0.0271
v 0.3044 0.2616 0.2505
v 0.3044 0.2616 0.2505
v 0.3044 0.2616 0.2505
v 0.3044 0.2616 0.2505
v 0.3044 0.2616 0.2505
v 0.3044 0.2616 0.2505
v 0.3334 0.2496 0.2505
v 0.3189 0.2496 0.2755
v 0.2899 0.2496 0.2755
v 0.2755 0.2496 0.2505
v 0.2899 0.2496 0.2254
v 0.3189 0.2496 0.2254
v 0.3453 0.2206 0.2505
v 0.3249 0.2206 0.2859
v 0.2840 0.2206 0.2859
v 0.2635 0.2206 0.2505
v 0.2840 0.2206 0.2150
v 0.3249 0.2206 0.2150
v 0.3334 0.1917 0.2505
v 0.3189 0.1917 0.2755
v 0.2899 0.1917 0.2755
v 0.2755 0.1917 0.2505
v 0.2899 0.1917 0.2254
v 0.3189 0.1917 0.2254
v 0.3044 0.1797 0.2505
v 0.3044 0.1797 0.2505
v 0.3044 0.1797 0.2505
v 0.3044 0.1797 0.2505
v 0.3044 0.1797 0.2505
v 0.3044 0.1797 0.2505
v 0.3728 0.2594 0.1871
v 0.3728 0.2594 0.1871
v 0.3728 0.2594 0.1871
v 0.3728 0.2594 0.1871
v 0.3728 0.2594 0.1871
v 0.3728 0.2594 0.1871
v 0.4031 0.2469 0.1871
v 0.3879 0.2469 0.2134
v 0.3576 0.2469 0.2134
v 0.3424 0.2469 0.1871
v 0.3576 0.2469 0.1608
v 0.3879 0.2469 0.1608
v 0.4157 0.2165 0.1871
v 0.3942 0.2165 0.2243
v 0.3513 0.2165 0.2243
v 0.3298 0.2165 0.1871
v 0.3513 0.2165 0.1500
v 0.3942 0.2165 0.1500
v 0.4031 0.1861 0.1871
v 0.3879 0.1861 0.2134
v 0.3576 0.1861 0.2134
v 0.3424 0.1861 0.1871
v 0.3576 0.1861 0.1608
v 0.3879 0.1861 0.1608
v 0.3728 0.1736 0.1871
v 0.3728 0.1736 0.1871
v 0.3728 0.1736 0.1871
v 0.3728 0.1736 0.1871
v 0.3728 0.1736 0.1871
v 0.3728 0.1736 0.1871
v -0.3347 0.1901 0.2785
v -0.3347 0.1901 0.2785
v -0.3347 0.1901 0.2785
v -0.3347 0.1901 0.2785
v -0.3347 0.1901 0.2785
v -0.3347 0.1901 0.2785
v -0.3012 0.1762 0.2785
v -0.3180 0.1762 0.3075
v -0.3514 0.1762 0.3075
v -0.3681 0.1762 0.2785
v -0.3514 0.1762 0.2496
v -0.3180 0.1762 0.2496
v -0.2874 0.1428 0.2785
v -0.3110 0.1428 0.3195
v -0.3583 0.1428 0.3195
v -0.3820 0.1428 0.2785
v -0.3583 0.1428 0.2376
v -0.3110 0.1428 0.2376
v -0.3012 0.1094 0.2785
v -0.3180 0.1094 0.3075
v -0.3514 0.1094 0.3075
v -0.3681 0.1094 0.2785
v -0.3514 0.1094 0.2496
v -0.3180 0.1094 0.2496
v -0.3347 0.0955 0.2785
v -0.3347 0.0955 0.2785
v -0.3347 0.0955 0.2785
v -0.3347 0.0955 0.2785
v -0.3347 0.0955 0.2785
v -0.3347 0.0955 0.2785
v -0.3650 0.3165 -0.1022
v -0.3650 0.3165 -0.1022
v -0.3650 0.3165 -0.1022
v -0.3650 0.3165 -0.1022
v -0.3650 0.3165 -0.1022
v -0.3650 0.3165 -0.1022
v -0.3222 0.2987 -0.1022
v -0.3436 0.2987 -0.0651
v -0.3864 0.2987 -0.0651
v -0.4078 0.2987 -0.1022
v -0.3864 0.2987 -0.1393
v -0.3436 0.2987 -0.1393
v -0.3045 0.2559 -0.1022
v -0.3348 0.2559 -0.0498
v -0.3953 0.2559 -0.0498
v -0.4256 0.2559 -0.1022
v -0.3953 0.2559 -0.1546
v -0.3348 0.2559 -0.1546
v -0.3222 0.2131 -0.1022
v -0.3436 0.2131 -0.0651
v -0.3864 0.2131 -0.0651
v -0.4078 0.2131 -0.1022
v -0.3864 0.2131 -0.1393
v -0.3436 0.2131 -0.1393
v -0.3650 0.1954 -0.1022
v -0.3650 0.1954 -0.1022
v -0.3650 0.1954 -0.1022
v -0.3650 0.1954 -0.1022
v -0.3650 0.1954 -0.1022
v -0.3650 0.1954 -0.1022
v 0.2276 0.1356 -0.3855
v 0.2276 0.1356 -0.3855
v 0.2276 0.1356 -0.3855
v 0.2276 0.1356 -0.3855
v 0.2276 0.1356 -0.3855
v 0.2276 0.1356 -0.3855
v 0.2581 0.1230 -0.3855
v 0.2428 0.1230 -0.3591
v 0.2123 0.1230 -0.3591
v 0.1970 0.1230 -0.3855
v 0.2123 0.1230 -0.4120
v 0.2428 0.1230 -0.4120
v 0.2708 0.0924 -0.3855
v 0.2492 0.0924 -0.3481
v 0.2060 0.0924 -0.3481
v 0.1844 0.0924 -0.3855
v 0.2060 0.0924 -0.4230
v 0.2492 0.0924 -0.4230
v 0.2581 0.0619 -0.3855
v 0.2428 0.0619 -0.3591
v 0.2123 0.0619 -0.3591
v 0.1970 0.0619 -0.3855
v 0.2123 0.0619 -0.4120
v 0.2428 0.0619 -0.4120
v 0.2276 0.0492 -0.3855
v 0.2276 0.0492 -0.3855
v 0.2276 0.0492 -0.3855
v 0.2276 0.0492 -0.3855
v 0.2276 0.0492 -0.3855
v 0.2276 0.0492 -0.3855
v 0.2511 0.5310 0.1631
v 0.2511 0.5310 0.1631
v 0.2511 0.5310 0.1631
v 0.2511 0.5310 0.1631
v 0.2511 0.5310 0.1631
v 0.2511 0.5310 0.1631
v 0.2892 0.5152 0.1631
v 0.2701 0.5152 0.1961
v 0.2320 0.5152 0.1961
v 0.2129 0.5152 0.1631
v 0.2320 0.5152 0.1301
v 0.2701 0.5152 0.1301
v 0.3049 0.4771 0.1631
v 0.2780 0.4771 0.2097
v 0.2241 0.4771 0.2097
v 0.1972 0.4771 0.1631
v 0.2241 0.4771 0.1164
v 0.2780 0.4771 0.1164
v 0.2892 0.4390 0.1631
v 0.2701 0.4390 0.1961
v 0.2320 0.4390 0.1961
v 0.2129 0.4390 0.1631
v 0.2320 0.4390 0.1301
v 0.2701 0.4390 0.1301
v 0.2511 0.4232 0.1631
v 0.2511 0.4232 0.1631
v 0.2511 0.4232 0.1631
v 0.2511 0.4232 0.1631
v 0.2511 0.4232 0.1631
v 0.2511 0.4232 0.1631
v 0.1848 0.4087 -0.3292
v 0.1848 0.4087 -0.3292
v 0.1848 0.4087 -0.3292
v 0.1848 0.4087 -0.3292
v 0.1848 0.4087 -0.3292
v 0.1848 0.4087 -0.3292
v 0.2205 0.3939 -0.3292
v 0.2026 0.3939 -0.2982
v 0.1669 0.3939 -0.2982
v 0.1490 0.3939 -0.3292
v 0.1669 0.3939 -0.3601
v 0.2026 0.3939 -0.3601
v 0.2354 0.3581 -0.3292
v 0.2101 0.3581 -0.2853
v 0.1595 0.3581 -0.2853
v 0.1342 0.3581 -0.3292
v 0.1595 0.3581 -0.3730
v 0.2101 0.3581 -0.3730
v 0.2205 0.3223 -0.3292
v 0.2026 0.3223 -0.2982
v 0.1669 0.3223 -0.2982
v 0.1490 0.3223 -0.3292
v 0.1669 0.3223 -0.3601
v 0.2026 0.3223 -0.3601
v 0.1848 0.3075 -0.3292
v 0.1848 0.3075 -0.3292
v 0.1848 0.3075 -0.3292
v 0.1848 0.3075 -0.3292
v 0.1848 0.3075 -0.3292
v 0.1848 0.3075 -0.3292
v -0.0196 0.5897 -0.2521
v -0.0196 0.5897 -0.2521
v -0.0196 0.5897 -0.2521
v -0.0196 0.5897 -0.2521
v -0.0196 0.5897 -0.2521
v -0.0196 0.5897 -0.2521
v 0.0278 0.5700 -0.2521
v 0.0041 0.5700 -0.2111
v -0.0433 0.5700 -0.2111
v -0.0670 0.5700 -0.2521
v -0.0433 0.5700 -0.2931
v 0.0041 0.5700 -0.2931
v 0.0474 0.5227 -0.2521
v 0.0139 0.5227 -0.1941
v -0.0531 0.5227 -0.1941
v -0.0866 0.5227 -0.2521
v -0.0531 0.5227 -0.3101
v 0.0139 0.5227 -0.3101
v 0.0278 0.4753 -0.2521
v 0.0041 0.4753 -0.2111
v -0.0433 0.4753 -0.2111
v -0.0670 0.4753 -0.2521
v -0.0433 0.4753 -0.2931
v 0.0041 0.4753 -0.2931
v -0.0196 0.4557 -0.2521
v -0.0196 0.4557 -0.2521
v -0.0196 0.4557 -0.2521
v -0.0196 0.4557 -0.2521
v -0.0196 0.4557 -0.2521
v -0.0196 0.4557 -0.2521
v 0.4386 0.2145 -0.0152
v 0.4386 0.2145 -0.0152
v 0.4386 0.2145 -0.0152
v 0.4386 0.2145 -0.0152
v 0.4386 0.2145 -0.0152
v 0.4386 0.2145 -0.0152
v 0.4789 0.1978 -0.0152
v 0.4588 0.1978 0.0197
v 0.4185 0.1978 0.0197
v 0.3983 0.1978 -0.0152
v 0.4185 0.1978 -0.0501
v 0.4588 0.1978 -0.0501
v 0.4956 0.1575 -0.0152
v 0.4671 0.1575 0.0342
v 0.4101 0.1575 0.0342
v 0.3816 0.1575 -0.0152
v 0.4101 0.1575 -0.0646
v 0.4671 0.1575 -0.0646
v 0.4789 0.1171 -0.0152
v 0.4588 0.1171 0.0197
v 0.4185 0.1171 0.0197
v 0.3983 0.1171 -0.0152
v 0.4185 0.1171 -0.0501
v 0.4588 0.1171 -0.0501
v 0.4386 0.1004 -0.0152
v 0.4386 0.1004 -0.0152
v 0.4386 0.1004 -0.0152
v 0.4386 0.1004 -0.0152
v 0.4386 0.1004 -0.0152
v 0.4386 0.1004 -0.0152
vn -0.3315 0.9306 0.1553
vn 0.0000 -1.0000 0.0000
vn 0.3118 0.8952 0.3185
vn 0.3834 0.9209 -0.0701
vn 0.1132 0.9342 -0.3384
vn 0.6302 0.7489 -0.2049
vn 0.9218 0.3871 -0.0195
vn 0.4963 0.8681 0.0048
vn 0.9903 0.1196 -0.0704
vn 0.7435 0.6100 -0.2739
vn 0.8638 0.4002 -0.3060
vn 0.7313 0.6817 -0.0190
vn 0.8008 0.5801 0.1493
vn 0.9071 0.3674 0.2054
vn 0.9170 0.3835 -0.1093
vn 0.9943 -0.0515 -0.0931
vn 0.9329 0.0131 0.3599
vn 0.5511 -0.8209 0.1497
vn 0.0000 -1.0000 0.0000
vn 0.0000 -1.0000 0.0000
vn 0.0000 -1.0000 0.0000
vn 0.0000 -1.0000 0.0000
vn 0.0000 -1.0000 0.0000
vn 0.0000 -1.0000 0.0000
vn 0.0000 -1.0000 0.0000
vn 0.0000 -1.0000 0.0000
vn 0.0000 -1.0000 0.0000
vn -0.2150 0.2749 0.9371
vn 0.0000 -1.0000 0.0000
vn 0.0297 0.9932 0.1124
vn 0.2675 0.5547 -0.7879
vn 0.4043 0.8073 -0.4298
vn 0.6789 0.7222 0.1323
vn 0.8048 0.4987 -0.3219
vn 0.7783 0.5745 -0.2534
vn 0.9284 0.3565 -0.1050
vn 0.7892 0.5856 -0.1852
vn 0.9151 0.3946 -0.0832
vn 0.7547 0.5850 -0.2969
vn 0.7705 0.4944 -0.4024
vn 0.9121 0.2130 -0.3503
vn 0.9281 0.3278 0.1765
vn 0.9649 -0.0977 0.2437
vn 0.9889 -0.1470 -0.0234
vn 0.8528 -0.5221 0.0048
vn 0.0000 -1.0000 0.0000
vn 0.0000 -1.0000 0.0000
vn 0.0000 -1.0000 0.0000
vn 0.0000 -1.0000 0.0000
vn 0.0000 -1.0000 0.0000
vn 0.0000 -1.0000 0.0000
vn 0.0000 -1.0000 0.0000
vn 0.0000 -1.0000 0.0000
vn 0.0000 -1.0000 0.0000
vn 0.2628 0.1727 -0.9493
vn 0.0000 -1.0000 0.0000
vn 0.3437 0.8387 -0.4226
vn -0.3586 0.8606 0.3616
vn 0.5391 0.7933 0.2830
vn 0.6020 0.7918 0.1033
vn 0.3628 0.9146 -0.1784
vn 0.9339 0.3461 -0.0900
vn 0.7694 0.6214 -0.1477
vn 0.8631 0.4454 -0.2381
vn 0.9205 0.3868 -0.0550
vn 0.7671 0.6104 0.1975
vn 0.7227 0.4875 0.4899
vn 0.8494 0.3289 0.4126
vn 0.9853 0.1040 0.1356
vn 0.9185 -0.1352 0.3715
vn 0.8716 -0.0405 0.4886
vn 0.6467 -0.6663 0.3712
vn 0.0000 -1.0000 0.0000
vn 0.0000 -1.0000 0.0000
vn 0.0000 -1.0000 0.0000
vn 0.0000 -1.0000 0.0000
vn 0.0000 -1.0000 0.0000
vn 0.0000 -1.0000 0.0000
vn 0.0000 -1.0000 0.0000
vn 0.0000 -1.0000 0.0000
vn 0.0000 -1.0000 0.0000
vn -0.6203 0.6336 0.4623
vn 0.0000 -1.0000 0.0000
vn 0.5021 0.5320 -0.6818
vn 0.3669 0.5549 -0.7466
vn 0.6382 0.7541 0.1550
vn 0.4573 0.8812 0.1200
vn 0.3306 0.8754 0.3528
vn 0.7154 0.4132 0.5635
vn 0.6431 0.7198 0.2614
vn 0.7796 0.6212 0.0789
vn 0.9629 0.2609 0.0687
vn 0.8450 0.5303 0.0695
vn 0.8750 0.0676 0.4793
vn 0.6121 0.5692 0.5490
vn 0.6557 -0.1592 0.7381
vn 0.7017 0.0339 0.7116
vn 0.8403 -0.0387 0.5408
vn 0.5176 -0.7114 0.4754
vn 0.0000 -1.0000 0.0000
vn 0.0000 -1.0000 0.0000
vn 0.0000 -1.0000 0.0000
vn 0.0000 -1.0000 0.0000
vn 0.0000 -1.0000 0.0000
vn 0.0000 -1.0000 0.0000
vn 0.0000 -1.0000 0.0000
vn 0.0000 -1.0000 0.0000
vn 0.0000 -1.0000 0.0000
vn -0.6301 0.4583 0.6269
vn 0.0000 -1.0000 0.0000
vn -0.4652 0.5139 0.7208
vn -0.3847 0.8736 0.2981
vn 0.7208 0.6416 -0.2621
vn 0.6980 0.6701 -0.2526
vn 0.7488 0.6483 0.1380
vn 0.8096 0.5740 0.1230
vn 0.6701 0.6981 0.2520
vn 0.5591 0.7291 0.3947
vn 0.6846 0.3262 0.6519
vn 0.6140 0.1355 0.7776
vn 0.6257 -0.0275 0.7796
vn 0.4665 0.3986 0.7896
vn 0.6020 0.0274 0.7980
vn 0.6338 -0.0477 0.7720
vn 0.4127 -0.2303 0.8813
vn 0.4783 -0.3904 0.7867
vn 0.0000 -1.0000 0.0000
vn 0.0000 -1.0000 0.0000
vn 0.0000 -1.0000 0.0000
vn 0.0000 -1.0000 0.0000
vn 0.0000 -1.0000 0.0000
vn 0.0000 -1.0000 0.0000
vn 0.0000 -1.0000 0.0000
vn 0.0000 -1.0000 0.0000
vn 0.0000 -1.0000 0.0000
vn 0.5578 0.2548 -0.7899
vn 0.0000 -1.0000 0.0000
vn 0.6231 0.5370 -0.5686
vn -0.0970 0.9288 -0.3576
vn 0.3090 0.7608 0.5707
vn 0.2523 0.8564 0.4504
vn 0.5997 0.6737 0.4318
vn 0.6372 0.7050 0.3113
vn 0.7135 0.4819 0.5087
vn 0.5166 0.6605 0.5449
vn 0.6446 0.3820 0.6622
vn 0.8209 0.1277 0.5567
vn 0.9047 0.2207 0.3646
vn 0.7985 -0.1779 0.5751
vn 0.4461 0.3772 0.8116
vn 0.5094 -0.2782 0.8143
vn 0.5425 -0.2291 0.8082
vn 0.5851 -0.1833 0.7900
vn 0.0000 -1.0000 0.0000
vn 0.0000 -1.0000 0.0000
vn 0.0000 -1.0000 0.0000
vn 0.0000 -1.0000 0.0000
vn 0.0000 -1.0000 0.0000
vn 0.0000 -1.0000 0.0000
vn 0.0000 -1.0000 0.0000
vn 0.0000 -1.0000 0.0000
vn 0.0000 -1.0000 0.0000
vn -0.7827 0.1707 0.5985
vn 0.0000 -1.0000 0.0000
vn -0.6630 0.4020 0.6315
vn -0.6429 0.6677 0.3752
vn 0.3369 0.8979 0.2834
vn 0.5289 0.7546 0.3884
vn 0.1725 0.6476 0.7422
vn 0.0901 0.6884 0.7197
vn 0.3224 0.5665 0.7584
vn 0.3589 0.2906 0.8870
vn 0.2488 0.3672 0.8962
vn 0.3568 0.2295 0.9056
vn 0.3924 0.3584 0.8471
vn 0.5691 -0.2493 0.7836
vn 0.7917 0.2446 0.5599
vn 0.6876 -0.2646 0.6761
vn 0.7763 -0.0220 0.6299
vn 0.6129 -0.4703 0.6349
vn 0.0164 -0.9971 0.0738
vn 0.0000 -1.0000 0.0000
vn 0.0000 -1.0000 0.0000
vn 0.0000 -1.0000 0.0000
vn 0.0000 -1.0000 0.0000
vn 0.0000 -1.0000 0.0000
vn 0.0000 -1.0000 0.0000
vn 0.0000 -1.0000 0.0000
vn 0.0000 -1.0000 0.0000
vn 0.3900 0.8854 -0.2529
vn 0.0000 -1.0000 0.0000
vn 0.6617 0.4524 -0.5978
vn 0.5955 0.8022 -0.0425
vn -0.4421 0.8608 0.2522
vn 0.5080 0.6384 0.5782
vn 0.7488 0.6407 0.1695
vn 0.6923 0.5429 0.4754
vn 0.3440 0.5827 0.7363
vn 0.4469 0.1936 0.8734
vn 0.2730 0.2906 0.9171
vn 0.3578 0.5702 0.7395
vn 0.5300 0.0816 0.8440
vn 0.5079 0.2616 0.8207
vn 0.6161 0.2292 0.7536
vn 0.8229 -0.0799 0.5625
vn 0.8319 -0.0595 0.5518
vn 0.7269 -0.5597 0.3980
vn 0.0875 -0.9962 -0.0034
vn 0.0000 -1.0000 0.0000
vn 0.0000 -1.0000 0.0000
vn 0.0000 -1.0000 0.0000
vn 0.0000 -1.0000 0.0000
vn 0.0000 -1.0000 0.0000
vn 0.0000 -1.0000 0.0000
vn 0.0000 -1.0000 0.0000
vn 0.0000 -1.0000 0.0000
vn 0.6762 0.6088 -0.4149
vn 0.0000 -1.0000 0.0000
vn 0.0473 0.8834 -0.4663
vn -0.1243 0.7163 0.6866
vn -0.2049 0.9774 -0.0518
vn 0.3768 0.8661 0.3284
vn 0.2781 0.6239 0.7303
vn 0.1726 0.5672 0.8053
vn 0.3760 0.5117 0.7725
vn 0.3994 0.0549 0.9151
vn 0.4942 0.3710 0.7862
vn 0.4429 0.6369 0.6311
vn 0.6209 0.1585 0.7677
vn 0.6663 0.3290 0.6692
vn 0.6521 0.2286 0.7228
vn 0.7031 0.2147 0.6779
vn 0.7316 -0.2562 0.6317
vn 0.7034 -0.4196 0.5737
vn 0.0000 -1.0000 0.0000
vn 0.0000 -1.0000 0.0000
vn 0.0000 -1.0000 0.0000
vn 0.0000 -1.0000 0.0000
vn 0.0000 -1.0000 0.0000
vn 0.0000 -1.0000 0.0000
vn 0.0000 -1.0000 0.0000
vn 0.0000 -1.0000 0.0000
vn 0.0000 -1.0000 0.0000
vn -0.8687 0.4132 0.2733
vn 0.0000 -1.0000 0.0000
vn -0.8387 0.5174 0.1698
vn -0.3846 0.7108 0.5889
vn -0.5052 0.8470 0.1654
vn -0.5711 0.6219 0.5359
vn -0.1071 0.6521 0.7505
vn 0.2825 0.6011 0.7475
vn 0.1788 0.4879 0.8544
vn 0.0680 -0.1212 0.9903
vn -0.1942 0.5585 0.8065
vn 0.0944 0.6086 0.7878
vn 0.1761 0.3809 0.9077
vn 0.4666 0.4362 0.7694
vn 0.6618 0.2138 0.7185
vn 0.4990 0.1413 0.8550
vn 0.4301 -0.2562 0.8657
vn 0.3328 -0.6277 0.7037
vn 0.0000 -1.0000 0.0000
vn 0.0000 -1.0000 0.0000
vn 0.0000 -1.0000 0.0000
vn 0.0000 -1.0000 0.0000
vn 0.0000 -1.0000 0.0000
vn 0.0000 -1.0000 0.0000
vn 0.0000 -1.0000 0.0000
vn 0.0000 -1.0000 0.0000
vn 0.0000 -1.0000 0.0000
vn 0.9218 0.3269 -0.2086
vn 0.0000 -1.0000 0.0000
vn 0.5120 0.8532 -0.0998
vn 0.4162 0.8967 0.1509
vn 0.7218 0.6917 0.0243
vn 0.3349 0.6340 0.6971
vn -0.3230 0.8280 0.4583
vn -0.2885 0.5011 0.8159
vn -0.2195 0.4690 0.8554
vn 0.1987 0.0857 0.9763
vn 0.2995 0.5686 0.7662
vn 0.0920 0.6839 0.7238
vn 0.2729 0.4962 0.8242
vn 0.3227 0.5973 0.7342
vn 0.2385 0.1685 0.9564
vn 0.1391 -0.0541 0.9888
vn 0.2930 -0.0398 0.9553
vn 0.1407 -0.7997 0.5837
vn 0.0000 -1.0000 0.0000
vn 0.0000 -1.0000 0.0000
vn 0.0000 -1.0000 0.0000
vn 0.0000 -1.0000 0.0000
vn 0.0000 -1.0000 0.0000
vn 0.0000 -1.0000 0.0000
vn 0.0000 -1.0000 0.0000
vn 0.0000 -1.0000 0.0000
vn 0.0000 -1.0000 0.0000
vn 0.1322 0.9565 -0.2600
vn 0.0000 -1.0000 0.0000
vn 0.8484 0.5225 -0.0845
vn 0.7886 0.6101 0.0762
vn 0.0114 0.9341 0.3568
vn 0.1745 0.6420 0.7465
vn 0.0641 0.6063 0.7927
vn -0.0347 0.7349 0.6773
vn 0.0221 0.2929 0.9559
vn -0.2400 0.3814 0.8927
vn -0.0122 0.4971 0.8676
vn 0.0085 0.6149 0.7886
vn 0.0517 0.7259 0.6859
vn -0.0392 0.2738 0.9610
vn -0.1019 0.3643 0.9257
vn -0.0287 -0.2534 0.9669
vn -0.3169 0.0314 0.9479
vn -0.0347 -0.6219 0.7823
vn 0.0000 -1.0000 0.0000
vn 0.0000 -1.0000 0.0000
vn 0.0000 -1.0000 0.0000
vn 0.0000 -1.0000 0.0000
vn 0.0000 -1.0000 0.0000
vn 0.0000 -1.0000 0.0000
vn 0.0000 -1.0000 0.0000
vn 0.0000 -1.0000 0.0000
vn 0.0000 -1.0000 0.0000
vn 0.8598 0.4928 -0.1340
vn 0.0000 -1.0000 0.0000
vn 0.4760 0.8625 -0.1714
vn -0.6611 0.6163 0.4279
vn -0.8034 0.5197 0.2907
vn -0.6416 0.6635 0.3848
vn -0.4093 0.4298 0.8048
vn -0.4687 0.7268 0.5020
vn -0.2103 0.1809 0.9607
vn 0.2019 0.5743 0.7933
vn 0.1951 0.4330 0.8800
vn -0.0015 0.5124 0.8588
vn -0.3939 0.5721 0.7194
vn -0.4868 0.2277 0.8433
vn -0.3454 0.4232 0.8376
vn -0.3854 -0.2808 0.8790
vn -0.1313 0.0522 0.9900
vn -0.2380 -0.5565 0.7960
vn 0.0000 -1.0000 0.0000
vn 0.0000 -1.0000 0.0000
vn 0.0000 -1.0000 0.0000
vn 0.0000 -1.0000 0.0000
vn 0.0000 -1.0000 0.0000
vn 0.0000 -1.0000 0.0000
vn 0.0000 -1.0000 0.0000
vn 0.0000 -1.0000 0.0000
vn 0.0000 -1.0000 0.0000
vn -0.7780 0.5080 -0.3696
vn 0.0000 -1.0000 0.0000
vn -0.9127 0.3903 -0.1209
vn -0.7741 0.5762 0.2622
vn 0.1833 0.8726 0.4527
vn -0.0493 0.7655 0.6416
vn -0.1527 0.6116 0.7763
vn -0.0298 0.6717 0.7403
vn -0.1292 0.4038 0.9057
vn -0.0982 0.7336 0.6725
vn 0.1605 0.4496 0.8787
vn -0.0158 0.2266 0.9739
vn -0.2985 0.2766 0.9135
vn -0.3028 0.4657 0.8316
vn -0.3088 0.3695 0.8764
vn -0.1642 -0.0875 0.9825
vn -0.5250 -0.2022 0.8268
vn -0.5678 -0.5323 0.6278
vn 0.0000 -1.0000 0.0000
vn 0.0000 -1.0000 0.0000
vn 0.0000 -1.0000 0.0000
vn 0.0000 -1.0000 0.0000
vn 0.0000 -1.0000 0.0000
vn 0.0000 -1.0000 0.0000
vn 0.0000 -1.0000 0.0000
vn 0.0000 -1.0000 0.0000
vn 0.0000 -1.0000 0.0000
vn -0.7794 0.5061 -0.3693
vn 0.0000 -1.0000 0.0000
vn -0.5631 0.8191 0.1093
vn 0.6943 0.6817 0.2307
vn 0.1483 0.7163 0.6819
vn -0.3669 0.7556 0.5427
vn -0.1227 0.6598 0.7414
vn -0.0536 0.6956 0.7164
vn 0.0662 0.5162 0.8539
vn 0.0328 0.6631 0.7478
vn -0.0404 0.6824 0.7299
vn -0.0005 -0.0089 1.0000
vn -0.0639 0.1020 0.9927
vn -0.1775 0.4527 0.8738
vn -0.3509 0.2533 0.9015
vn -0.6241 -0.0430 0.7802
vn -0.4563 -0.4239 0.7823
vn -0.4282 -0.3854 0.8174
vn -0.0986 -0.9922 0.0764
vn 0.0000 -1.0000 0.0000
vn 0.0000 -1.0000 0.0000
vn 0.0000 -1.0000 0.0000
vn 0.0000 -1.0000 0.0000
vn 0.0000 -1.0000 0.0000
vn 0.0000 -1.0000 0.0000
vn 0.0000 -1.0000 0.0000
vn 0.0000 -1.0000 0.0000
vn 0.7213 0.6562 0.2214
vn 0.0000 -1.0000 0.0000
vn 0.7620 0.5203 0.3856
vn -0.1968 0.9527 0.2317
vn -0.7416 0.5837 0.3306
vn -0.0431 0.9120 0.4080
vn 0.0650 0.6845 0.7261
vn -0.1775 0.5730 0.8001
vn -0.0928 0.7516 0.6531
vn -0.3134 0.2487 0.9165
vn -0.4070 0.7172 0.5657
vn -0.2951 0.3131 0.9027
vn -0.2065 -0.2385 0.9489
vn -0.4249 0.3869 0.8184
vn -0.6192 -0.0515 0.7836
vn -0.6436 -0.1043 0.7582
vn -0.6994 -0.2641 0.6642
vn -0.6306 -0.3912 0.6703
vn -0.0205 -0.9957 0.0905
vn 0.0000 -1.0000 0.0000
vn 0.0000 -1.0000 0.0000
vn 0.0000 -1.0000 0.0000
vn 0.0000 -1.0000 0.0000
vn 0.0000 -1.0000 0.0000
vn 0.0000 -1.0000 0.0000
vn 0.0000 -1.0000 0.0000
vn 0.0000 -1.0000 0.0000
vn 0.5047 0.8618 0.0511
vn 0.0000 -1.0000 0.0000
vn 0.2466 0.9662 -0.0750
vn 0.0424 0.7742 0.6315
vn 0.1270 0.6618 0.7388
vn -0.1463 0.8652 0.4796
vn -0.4252 0.8006 0.4223
vn -0.3562 0.5564 0.7507
vn -0.2754 0.7912 0.5460
vn -0.2919 0.4692 0.8335
vn -0.2861 0.4952 0.8203
vn -0.5605 0.4975 0.6620
vn -0.5104 -0.1244 0.8509
vn -0.4640 0.0995 0.8802
vn -0.3459 0.2122 0.9139
vn -0.0511 -0.2430 0.9687
vn -0.0259 -0.2187 0.9754
vn -0.1316 -0.3130 0.9406
vn -0.0034 -1.0000 0.0026
vn 0.0000 -1.0000 0.0000
vn 0.0000 -1.0000 0.0000
vn 0.0000 -1.0000 0.0000
vn 0.0000 -1.0000 0.0000
vn 0.0000 -1.0000 0.0000
vn 0.0000 -1.0000 0.0000
vn 0.0000 -1.0000 0.0000
vn 0.0000 -1.0000 0.0000
vn 0.7810 0.4569 0.4257
vn 0.0000 -1.0000 0.0000
vn 0.6092 0.6426 0.4647
vn 0.0684 0.8287 0.5555
vn -0.0918 0.7540 0.6504
vn -0.0802 0.6901 0.7193
vn -0.2020 0.7579 0.6203
vn -0.4204 0.6549 0.6280
vn -0.6581 0.5289 0.5359
vn -0.5803 0.7938 0.1820
vn -0.5999 0.3512 0.7189
vn -0.5009 0.4575 0.7347
vn -0.5154 0.2393 0.8229
vn -0.2097 0.0587 0.9760
vn -0.5044 0.1198 0.8551
vn -0.5271 0.0413 0.8488
vn -0.3066 -0.2919 0.9060
vn -0.3602 -0.5235 0.7722
vn -0.0005 -1.0000 0.0050
vn 0.0000 -1.0000 0.0000
vn 0.0000 -1.0000 0.0000
vn 0.0000 -1.0000 0.0000
vn 0.0000 -1.0000 0.0000
vn 0.0000 -1.0000 0.0000
vn 0.0000 -1.0000 0.0000
vn 0.0000 -1.0000 0.0000
vn 0.0000 -1.0000 0.0000
vn -0.5405 0.3020 -0.7853
vn 0.0000 -1.0000 0.0000
vn -0.5373 0.5063 -0.6745
vn -0.1779 0.9840 0.0078
vn 0.0495 0.6822 0.7295
vn 0.1049 0.6667 0.7379
vn -0.4070 0.5146 0.7547
vn -0.5561 0.6770 0.4820
vn -0.5222 0.4824 0.7033
vn -0.5810 0.6517 0.4875
vn -0.8111 0.5310 0.2452
vn -0.7054 0.5112 0.4910
vn -0.7282 0.2926 0.6198
vn -0.6555 0.2913 0.6967
vn -0.5636 -0.1823 0.8057
vn -0.4959 0.3663 0.7873
vn -0.4158 -0.3847 0.8241
vn -0.3015 -0.5921 0.7473
vn 0.0000 -1.0000 0.0000
vn 0.0000 -1.0000 0.0000
vn 0.0000 -1.0000 0.0000
vn 0.0000 -1.0000 0.0000
vn 0.0000 -1.0000 0.0000
vn 0.0000 -1.0000 0.0000
vn 0.0000 -1.0000 0.0000
vn 0.0000 -1.0000 0.0000
vn 0.0000 -1.0000 0.0000
vn 0.5872 0.4406 0.6790
vn 0.0000 -1.0000 0.0000
vn 0.1369 0.9126 0.3853
vn -0.5110 0.6450 -0.5682
vn -0.4156 0.8610 -0.2933
vn -0.7472 0.6636 -0.0359
vn -0.5141 0.7527 0.4112
vn -0.2623 0.4915 0.8305
vn -0.6454 0.5483 0.5318
vn -0.8363 0.2350 0.4953
vn -0.7033 0.6323 0.3248
vn -0.7768 0.5674 0.2732
vn -0.8250 0.3443 0.4483
vn -0.6962 0.4570 0.5535
vn -0.7628 -0.1448 0.6302
vn -0.7528 0.3600 0.5511
vn -0.6326 -0.2612 0.7291
vn -0.4721 -0.7421 0.4758
vn 0.0000 -1.0000 0.0000
vn 0.0000 -1.0000 0.0000
vn 0.0000 -1.0000 0.0000
vn 0.0000 -1.0000 0.0000
vn 0.0000 -1.0000 0.0000
vn 0.0000 -1.0000 0.0000
vn 0.0000 -1.0000 0.0000
vn 0.0000 -1.0000 0.0000
vn 0.0000 -1.0000 0.0000
vn 0.5816 0.3741 0.7223
vn 0.0000 -1.0000 0.0000
vn 0.0486 0.6843 0.7275
vn 0.3534 0.6219 0.6988
vn -0.0990 0.8261 0.5547
vn -0.3924 0.7793 0.4886
vn -0.4369 0.8473 0.3020
vn -0.8761 0.3567 0.3244
vn -0.8156 0.5086 0.2757
vn -0.9660 0.0094 0.2583
vn -0.6871 0.6920 0.2214
vn -0.7455 0.5577 0.3649
vn -0.6708 0.5932 0.4452
vn -0.8718 0.2877 0.3964
vn -0.9606 -0.0562 0.2722
vn -0.7320 0.4266 0.5313
vn -0.8919 -0.2818 0.3538
vn -0.5686 -0.8195 0.0718
vn 0.0000 -1.0000 0.0000
vn 0.0000 -1.0000 0.0000
vn 0.0000 -1.0000 0.0000
vn 0.0000 -1.0000 0.0000
vn 0.0000 -1.0000 0.0000
vn 0.0000 -1.0000 0.0000
vn 0.0000 -1.0000 0.0000
vn 0.0000 -1.0000 0.0000
vn 0.0000 -1.0000 0.0000
vn -0.2693 0.1420 -0.9525
vn 0.0000 -1.0000 0.0000
vn -0.2188 0.6066 -0.7643
vn 0.0366 0.9958 0.0834
vn -0.4526 0.8477 0.2769
vn -0.3982 0.8831 0.2479
vn -0.4953 0.7601 0.4207
vn -0.6886 0.4535 0.5658
vn -0.8419 0.3084 0.4427
vn -0.8528 0.2786 0.4417
vn -0.7421 0.5845 0.3281
vn -0.7925 0.5957 0.1306
vn -0.9114 0.4073 -0.0591
vn -0.9817 0.1528 -0.1140
vn -0.9169 0.2927 0.2711
vn -0.9862 0.1641 0.0210
vn -0.9902 -0.1224 0.0667
vn -0.5850 -0.6846 0.4349
vn 0.0000 -1.0000 0.0000
vn 0.0000 -1.0000 0.0000
vn 0.0000 -1.0000 0.0000
vn 0.0000 -1.0000 0.0000
vn 0.0000 -1.0000 0.0000
vn 0.0000 -1.0000 0.0000
vn 0.0000 -1.0000 0.0000
vn 0.0000 -1.0000 0.0000
vn 0.0000 -1.0000 0.0000
vn 0.2442 0.1463 0.9586
vn 0.0000 -1.0000 0.0000
vn 0.0544 0.7152 0.6968
vn -0.3071 0.5350 -0.7871
vn -0.2991 0.7768 -0.5542
vn -0.2787 0.9287 0.2448
vn -0.6674 0.7112 0.2207
vn -0.7080 0.6962 0.1185
vn -0.9885 0.0118 0.1508
vn -0.8022 0.5276 0.2795
vn -0.9838 0.1075 0.1437
vn -0.8216 0.5547 -0.1313
vn -0.9530 0.3026 0.0165
vn -0.8969 0.3943 0.2002
vn -0.8854 0.4279 0.1815
vn -0.9509 -0.2485 0.1846
vn -0.9596 0.2695 0.0813
vn -0.8071 -0.5787 -0.1171
vn 0.0000 -1.0000 0.0000
vn 0.0000 -1.0000 0.0000
vn 0.0000 -1.0000 0.0000
vn 0.0000 -1.0000 0.0000
vn 0.0000 -1.0000 0.0000
vn 0.0000 -1.0000 0.0000
vn 0.0000 -1.0000 0.0000
vn 0.0000 -1.0000 0.0000
vn 0.0000 -1.0000 0.0000
vn 0.0508 0.2285 -0.9722
vn 0.0000 -1.0000 0.0000
vn -0.3609 0.5805 -0.7299
vn -0.1613 0.9863 -0.0334
vn 0.0278 0.9543 0.2976
vn -0.4739 0.8522 -0.2217
vn -0.6674 0.7236 -0.1760
vn -0.7273 0.6858 -0.0242
vn -0.9475 0.1675 -0.2723
vn -0.8770 0.4678 -0.1099
vn -0.9979 0.0272 -0.0592
vn -0.8835 0.4321 -0.1810
vn -0.8444 0.4446 -0.2987
vn -0.8582 0.2065 -0.4699
vn -0.7449 0.2476 -0.6196
vn -0.8226 -0.0030 -0.5686
vn -0.9401 0.1518 -0.3053
vn -0.7270 -0.5999 -0.3342
vn 0.0000 -1.0000 0.0000
vn 0.0000 -1.0000 0.0000
vn 0.0000 -1.0000 0.0000
vn 0.0000 -1.0000 0.0000
vn 0.0000 -1.0000 0.0000
vn 0.0000 -1.0000 0.0000
vn 0.0000 -1.0000 0.0000
vn 0.0000 -1.0000 0.0000
vn 0.0000 -1.0000 0.0000
vn 0.1862 0.8386 0.5120
vn 0.0000 -1.0000 0.0000
vn -0.0790 0.5840 0.8079
vn -0.3778 0.7481 0.5455
vn 0.0519 0.9777 -0.2034
vn -0.6560 0.7528 0.0543
vn -0.4097 0.8983 0.1585
vn -0.8736 0.4646 0.1451
vn -0.9586 0.2280 0.1706
vn -0.9157 0.4019 -0.0027
vn -0.9160 0.3392 0.2140
vn -0.9931 0.0591 0.1016
vn -0.9047 0.3909 -0.1696
vn -0.9713 0.0131 -0.2376
vn -0.9411 0.1853 -0.2829
vn -0.9290 0.2516 -0.2713
vn -0.8239 -0.0732 -0.5620
vn -0.6571 -0.4747 -0.5855
vn -0.2088 -0.9605 -0.1843
vn 0.0000 -1.0000 0.0000
vn 0.0000 -1.0000 0.0000
vn 0.0000 -1.0000 0.0000
vn 0.0000 -1.0000 0.0000
vn 0.0000 -1.0000 0.0000
vn 0.0000 -1.0000 0.0000
vn 0.0000 -1.0000 0.0000
vn 0.0000 -1.0000 0.0000
vn 0.2249 0.3383 -0.9138
vn 0.0000 -1.0000 0.0000
vn 0.1761 0.4021 -0.8985
vn -0.0828 0.9895 -0.1185
vn -0.2545 0.7696 0.5856
vn -0.4958 0.8672 -0.0453
vn -0.5915 0.7330 -0.3359
vn -0.7157 0.4658 -0.5205
vn -0.8444 0.2346 -0.4817
vn -0.7926 0.5885 -0.1598
vn -0.9176 0.3975 -0.0092
vn -0.9877 0.1054 0.1155
vn -0.8966 0.2893 0.3352
vn -0.9222 0.0249 0.3858
vn -0.9726 -0.1377 0.1872
vn -0.9609 0.2257 -0.1602
vn -0.9188 -0.3767 -0.1176
vn -0.9568 -0.2899 -0.0207
vn -0.2174 -0.9739 0.0652
vn 0.0000 -1.0000 0.0000
vn 0.0000 -1.0000 0.0000
vn 0.0000 -1.0000 0.0000
vn 0.0000 -1.0000 0.0000
vn 0.0000 -1.0000 0.0000
vn 0.0000 -1.0000 0.0000
vn 0.0000 -1.0000 0.0000
vn 0.0000 -1.0000 0.0000
vn -0.2830 0.5631 0.7765
vn 0.0000 -1.0000 0.0000
vn -0.1761 0.5215 0.8349
vn -0.0695 0.9723 -0.2233
vn 0.1783 0.7519 -0.6347
vn -0.5747 0.7133 -0.4011
vn -0.4725 0.6199 -0.6265
vn -0.6582 0.6291 -0.4136
vn -0.8564 0.4987 0.1336
vn -0.8185 0.5555 0.1464
vn -0.9489 0.3080 -0.0683
vn -0.9407 0.3239 -0.1008
vn -0.9351 0.3372 -0.1085
vn -0.9665 -0.0114 -0.2565
vn -0.9793 -0.1392 -0.1468
vn -0.9787 0.1906 0.0764
vn -0.9536 -0.2217 0.2036
vn -0.9311 -0.2026 0.3033
vn 0.0000 -1.0000 0.0000
vn 0.0000 -1.0000 0.0000
vn 0.0000 -1.0000 0.0000
vn 0.0000 -1.0000 0.0000
vn 0.0000 -1.0000 0.0000
vn 0.0000 -1.0000 0.0000
vn 0.0000 -1.0000 0.0000
vn 0.0000 -1.0000 0.0000
vn 0.0000 -1.0000 0.0000
vn 0.3685 0.5352 -0.7601
vn 0.0000 -1.0000 0.0000
vn 0.4487 0.6952 -0.5616
vn -0.2952 0.7759 -0.5575
vn 0.1855 0.9802 -0.0696
vn -0.5600 0.6082 -0.5626
vn -0.5449 0.6056 -0.5799
vn -0.3385 0.6544 -0.6761
vn -0.4119 0.5742 -0.7076
vn -0.5672 0.4759 -0.6722
vn -0.6506 0.6535 -0.3868
vn -0.9246 0.2701 -0.2685
vn -0.8840 0.3075 -0.3521
vn -0.9847 0.1526 -0.0838
vn -0.9962 -0.0372 0.0786
vn -0.9889 0.1148 -0.0944
vn -0.9567 -0.2366 -0.1695
vn -0.9227 -0.2851 -0.2595
vn 0.0000 -1.0000 0.0000
vn 0.0000 -1.0000 0.0000
vn 0.0000 -1.0000 0.0000
vn 0.0000 -1.0000 0.0000
vn 0.0000 -1.0000 0.0000
vn 0.0000 -1.0000 0.0000
vn 0.0000 -1.0000 0.0000
vn 0.0000 -1.0000 0.0000
vn 0.0000 -1.0000 0.0000
vn -0.4894 0.2104 0.8463
vn 0.0000 -1.0000 0.0000
vn -0.5519 0.5931 0.5861
vn -0.2065 0.9711 -0.1200
vn 0.0062 0.8544 -0.5196
vn -0.1129 0.5361 -0.8366
vn -0.3699 0.5246 -0.7668
vn -0.4186 0.7490 -0.5135
vn -0.6683 0.6981 -0.2569
vn -0.7293 0.6831 0.0398
vn -0.7807 0.5628 -0.2717
vn -0.7646 0.4081 -0.4989
vn -0.9069 0.3093 -0.2861
vn -0.8664 0.4556 -0.2046
vn -0.9696 -0.0897 -0.2278
vn -0.9649 0.0317 -0.2606
vn -0.9948 -0.0902 -0.0477
vn -0.8077 -0.5867 -0.0581
vn 0.0000 -1.0000 0.0000
vn 0.0000 -1.0000 0.0000
vn 0.0000 -1.0000 0.0000
vn 0.0000 -1.0000 0.0000
vn 0.0000 -1.0000 0.0000
vn 0.0000 -1.0000 0.0000
vn 0.0000 -1.0000 0.0000
vn 0.0000 -1.0000 0.0000
vn 0.0000 -1.0000 0.0000
vn 0.6928 0.1659 -0.7017
vn 0.0000 -1.0000 0.0000
vn 0.2864 0.5821 -0.7610
vn -0.1377 0.8922 0.4302
vn -0.6607 0.6872 -0.3022
vn -0.4514 0.8469 -0.2812
vn -0.7120 0.5959 -0.3715
vn -0.5261 0.8146 -0.2440
vn -0.5444 0.7697 -0.3335
vn -0.5253 0.6740 -0.5194
vn -0.6493 0.5319 -0.5437
vn -0.7360 0.5640 -0.3744
vn -0.8274 0.3858 -0.4081
vn -0.6675 0.0842 -0.7398
vn -0.6269 0.3626 -0.6896
vn -0.8294 -0.1580 -0.5359
vn -0.6937 -0.1183 -0.7105
vn -0.3895 -0.7049 -0.5928
vn 0.0000 -1.0000 0.0000
vn 0.0000 -1.0000 0.0000
vn 0.0000 -1.0000 0.0000
vn 0.0000 -1.0000 0.0000
vn 0.0000 -1.0000 0.0000
vn 0.0000 -1.0000 0.0000
vn 0.0000 -1.0000 0.0000
vn 0.0000 -1.0000 0.0000
vn 0.0000 -1.0000 0.0000
vn -0.6375 0.3047 0.7076
vn 0.0000 -1.0000 0.0000
vn -0.7739 0.4740 0.4200
vn 0.3108 0.9006 -0.3038
vn -0.3307 0.7706 -0.5448
vn -0.3225 0.7014 -0.6356
vn -0.2350 0.8094 -0.5381
vn -0.4287 0.6373 -0.6404
vn -0.1400 0.5657 -0.8127
vn -0.0718 0.5425 -0.8370
vn -0.0791 0.4768 -0.8755
vn -0.0785 0.4647 -0.8820
vn -0.2543 0.5069 -0.8236
vn -0.5914 -0.0486 -0.8049
vn -0.5076 0.4499 -0.7348
vn -0.6144 0.0318 -0.7884
vn -0.6122 -0.4346 -0.6605
vn -0.5338 -0.6092 -0.5865
vn 0.0000 -1.0000 0.0000
vn 0.0000 -1.0000 0.0000
vn 0.0000 -1.0000 0.0000
vn 0.0000 -1.0000 0.0000
vn 0.0000 -1.0000 0.0000
vn 0.0000 -1.0000 0.0000
vn 0.0000 -1.0000 0.0000
vn 0.0000 -1.0000 0.0000
vn 0.0000 -1.0000 0.0000
vn 0.8566 0.1595 -0.4907
vn 0.0000 -1.0000 0.0000
vn 0.6576 0.4215 -0.6244
vn -0.1065 0.9594 -0.2611
vn -0.4251 0.8956 -0.1315
vn -0.6787 0.5488 -0.4881
vn -0.1700 0.7765 -0.6068
vn -0.1112 0.6079 -0.7862
vn -0.2279 0.4812 -0.8465
vn -0.2245 0.6763 -0.7016
vn -0.4061 0.3847 -0.8289
vn -0.2852 0.6785 -0.6770
vn -0.3470 0.5860 -0.7322
vn -0.4058 0.1884 -0.8944
vn -0.5096 0.3464 -0.7876
vn -0.4636 0.1413 -0.8747
vn -0.3535 -0.5277 -0.7723
vn -0.4705 -0.4037 -0.7846
vn 0.0000 -1.0000 0.0000
vn 0.0000 -1.0000 0.0000
vn 0.0000 -1.0000 0.0000
vn 0.0000 -1.0000 0.0000
vn 0.0000 -1.0000 0.0000
vn 0.0000 -1.0000 0.0000
vn 0.0000 -1.0000 0.0000
vn 0.0000 -1.0000 0.0000
vn 0.0000 -1.0000 0.0000
vn -0.7852 0.4265 0.4489
vn 0.0000 -1.0000 0.0000
vn -0.7489 0.4557 0.4810
vn -0.8110 0.5210 0.2663
vn -0.6665 0.7378 -0.1070
vn -0.3351 0.5555 -0.7610
vn -0.4633 0.6742 -0.5752
vn -0.5812 0.6516 -0.4875
vn -0.4542 0.3589 -0.8154
vn -0.0669 0.6418 -0.7639
vn -0.0343 0.2176 -0.9754
vn -0.0356 0.7138 -0.6994
vn 0.0913 0.2987 -0.9500
vn -0.0352 0.3897 -0.9203
vn -0.1391 0.3935 -0.9087
vn 0.1156 -0.1491 -0.9820
vn 0.0822 -0.4084 -0.9091
vn 0.0759 -0.3730 -0.9247
vn 0.0000 -1.0000 0.0000
vn 0.0000 -1.0000 0.0000
vn 0.0000 -1.0000 0.0000
vn 0.0000 -1.0000 0.0000
vn 0.0000 -1.0000 0.0000
vn 0.0000 -1.0000 0.0000
vn 0.0000 -1.0000 0.0000
vn 0.0000 -1.0000 0.0000
vn 0.0000 -1.0000 0.0000
vn 0.9223 0.2599 -0.2862
vn 0.0000 -1.0000 0.0000
vn 0.8903 0.4181 -0.1808
vn 0.5409 0.7840 -0.3046
vn -0.0421 0.7438 -0.6671
vn -0.6761 0.6465 -0.3534
vn -0.7645 0.5339 -0.3613
vn -0.5127 0.5146 -0.6873
vn -0.4494 0.1499 -0.8807
vn -0.3181 0.4668 -0.8252
vn -0.1758 0.3136 -0.9331
vn 0.2230 0.4037 -0.8873
vn 0.2165 0.4203 -0.8812
vn 0.1353 0.4247 -0.8952
vn 0.3276 0.1673 -0.9299
vn 0.3211 -0.2627 -0.9099
vn 0.1914 -0.0674 -0.9792
vn 0.0208 -0.5042 -0.8633
vn 0.0039 -0.9987 -0.0506
vn 0.0000 -1.0000 0.0000
vn 0.0000 -1.0000 0.0000
vn 0.0000 -1.0000 0.0000
vn 0.0000 -1.0000 0.0000
vn 0.0000 -1.0000 0.0000
vn 0.0000 -1.0000 0.0000
vn 0.0000 -1.0000 0.0000
vn 0.0000 -1.0000 0.0000
vn -0.9461 0.2476 0.2086
vn 0.0000 -1.0000 0.0000
vn -0.2793 0.9590 -0.0469
vn 0.7059 0.6969 -0.1267
vn 0.0289 0.8902 -0.4546
vn -0.0034 0.9073 -0.4205
vn -0.1817 0.7245 -0.6649
vn -0.4434 0.3795 -0.8120
vn -0.4397 0.2949 -0.8484
vn -0.4507 0.3379 -0.8263
vn -0.0992 0.0788 -0.9919
vn -0.1865 0.3609 -0.9138
vn -0.2199 0.5940 -0.7738
vn 0.1333 -0.0253 -0.9908
vn 0.2628 0.2679 -0.9269
vn -0.1553 0.1388 -0.9781
vn -0.1672 -0.3210 -0.9322
vn -0.0247 -0.2350 -0.9717
vn 0.0651 -0.9445 -0.3220
vn 0.0000 -1.0000 0.0000
vn 0.0000 -1.0000 0.0000
vn 0.0000 -1.0000 0.0000
vn 0.0000 -1.0000 0.0000
vn 0.0000 -1.0000 0.0000
vn 0.0000 -1.0000 0.0000
vn 0.0000 -1.0000 0.0000
vn 0.0000 -1.0000 0.0000
vn 0.2572 0.9169 0.3052
vn 0.0000 -1.0000 0.0000
vn -0.0137 0.8721 -0.4891
vn 0.2691 0.9630 -0.0132
vn 0.3391 0.9013 -0.2695
vn -0.3113 0.9267 -0.2106
vn -0.4298 0.6722 -0.6029
vn -0.1000 0.4328 -0.8959
vn -0.1854 0.3234 -0.9279
vn -0.1159 0.3302 -0.9368
vn -0.2117 -0.0155 -0.9772
vn -0.3604 0.5452 -0.7569
vn -0.3222 0.3569 -0.8768
vn -0.5488 0.1675 -0.8190
vn -0.5884 0.1076 -0.8014
vn -0.3568 0.4536 -0.8167
vn -0.3751 -0.5642 -0.7355
vn -0.2120 -0.1428 -0.9668
vn -0.1276 -0.9565 -0.2624
vn 0.0000 -1.0000 0.0000
vn 0.0000 -1.0000 0.0000
vn 0.0000 -1.0000 0.0000
vn 0.0000 -1.0000 0.0000
vn 0.0000 -1.0000 0.0000
vn 0.0000 -1.0000 0.0000
vn 0.0000 -1.0000 0.0000
vn 0.0000 -1.0000 0.0000
vn 0.9534 0.2863 0.0953
vn 0.0000 -1.0000 0.0000
vn -0.0708 0.9936 -0.0875
vn -0.6028 0.7558 -0.2557
vn -0.6628 0.7474 -0.0460
vn 0.0943 0.8872 -0.4516
vn 0.3884 0.6986 -0.6009
vn -0.2361 0.4904 -0.8389
vn -0.1032 0.0921 -0.9904
vn -0.2387 0.5127 -0.8247
vn -0.5834 0.1488 -0.7985
vn -0.4840 0.3524 -0.8010
vn -0.1988 0.2184 -0.9554
vn -0.1215 0.4918 -0.8622
vn -0.2825 0.0256 -0.9589
vn -0.2700 0.3365 -0.9021
vn -0.4649 -0.3371 -0.8187
vn -0.6452 -0.2988 -0.7031
vn -0.0474 -0.9981 -0.0405
vn 0.0000 -1.0000 0.0000
vn 0.0000 -1.0000 0.0000
vn 0.0000 -1.0000 0.0000
vn 0.0000 -1.0000 0.0000
vn 0.0000 -1.0000 0.0000
vn 0.0000 -1.0000 0.0000
vn 0.0000 -1.0000 0.0000
vn 0.0000 -1.0000 0.0000
vn -0.9747 0.1725 -0.1422
vn 0.0000 -1.0000 0.0000
vn -0.8133 0.5433 -0.2082
vn -0.6170 0.7707 -0.1592
vn -0.5900 0.7894 -0.1696
vn -0.0881 0.6775 -0.7303
vn 0.0513 0.7952 -0.6042
vn 0.3049 0.6036 -0.7367
vn -0.1288 0.4330 -0.8921
vn -0.0922 0.4181 -0.9037
vn 0.1666 0.4731 -0.8651
vn -0.0903 0.3261 -0.9410
vn -0.2628 0.2076 -0.9423
vn -0.1677 0.3250 -0.9307
vn 0.0410 0.1854 -0.9818
vn -0.0027 0.2753 -0.9614
vn -0.0803 -0.0918 -0.9925
vn -0.0711 -0.4563 -0.8870
vn 0.0000 -1.0000 0.0000
vn 0.0000 -1.0000 0.0000
vn 0.0000 -1.0000 0.0000
vn 0.0000 -1.0000 0.0000
vn 0.0000 -1.0000 0.0000
vn 0.0000 -1.0000 0.0000
vn 0.0000 -1.0000 0.0000
vn 0.0000 -1.0000 0.0000
vn 0.0000 -1.0000 0.0000
vn 0.8410 0.3139 0.4406
vn 0.0000 -1.0000 0.0000
vn 0.0983 0.9923 -0.0756
vn 0.2690 0.9625 -0.0342
vn 0.6054 0.7844 0.1345
vn -0.1596 0.7298 -0.6648
vn -0.3293 0.6434 -0.6911
vn 0.0901 0.4311 -0.8978
vn 0.2073 0.8156 -0.5402
vn -0.1520 0.2276 -0.9618
vn -0.1253 0.3968 -0.9093
vn 0.0583 0.4760 -0.8775
vn -0.0566 0.4093 -0.9107
vn -0.3081 0.2658 -0.9135
vn -0.3851 0.0734 -0.9200
vn -0.1601 0.0976 -0.9823
vn 0.2182 -0.3073 -0.9263
vn 0.3377 -0.5754 -0.7449
vn 0.0000 -1.0000 0.0000
vn 0.0000 -1.0000 0.0000
vn 0.0000 -1.0000 0.0000
vn 0.0000 -1.0000 0.0000
vn 0.0000 -1.0000 0.0000
vn 0.0000 -1.0000 0.0000
vn 0.0000 -1.0000 0.0000
vn 0.0000 -1.0000 0.0000
vn 0.0000 -1.0000 0.0000
vn 0.8006 0.4002 0.4459
vn 0.0000 -1.0000 0.0000
vn 0.7597 0.4168 0.4991
vn 0.7063 0.7079 0.0053
vn 0.3887 0.9032 0.1818
vn 0.7511 0.6588 -0.0437
vn 0.6598 0.6952 -0.2853
vn 0.3062 0.3468 -0.8865
vn 0.2363 0.8443 -0.4809
vn 0.3529 0.5285 -0.7721
vn 0.1568 0.3719 -0.9149
vn 0.3253 0.2992 -0.8970
vn 0.3578 0.5679 -0.7413
vn 0.4758 0.3046 -0.8251
vn 0.5335 0.3356 -0.7764
vn 0.5042 -0.2666 -0.8214
vn 0.4377 -0.3232 -0.8390
vn 0.2171 -0.4699 -0.8556
vn 0.0000 -1.0000 0.0000
vn 0.0000 -1.0000 0.0000
vn 0.0000 -1.0000 0.0000
vn 0.0000 -1.0000 0.0000
vn 0.0000 -1.0000 0.0000
vn 0.0000 -1.0000 0.0000
vn 0.0000 -1.0000 0.0000
vn 0.0000 -1.0000 0.0000
vn 0.0000 -1.0000 0.0000
vn -0.5532 0.7211 -0.4171
vn 0.0000 -1.0000 0.0000
vn -0.6194 0.7473 -0.2406
vn -0.7488 0.5154 -0.4168
vn -0.3341 0.6790 -0.6537
vn 0.2700 0.8033 -0.5309
vn 0.4636 0.7994 -0.3822
vn 0.5771 0.5063 -0.6408
vn 0.6256 0.6062 -0.4912
vn 0.6697 0.5908 -0.4499
vn 0.6498 0.5340 -0.5409
vn 0.5586 0.2420 -0.7934
vn 0.4798 0.5430 -0.6891
vn 0.5341 0.2696 -0.8013
vn 0.5420 0.2877 -0.7896
vn 0.6216 -0.2295 -0.7490
vn 0.5575 -0.1674 -0.8132
vn 0.6121 -0.5901 -0.5264
vn 0.0000 -1.0000 0.0000
vn 0.0000 -1.0000 0.0000
vn 0.0000 -1.0000 0.0000
vn 0.0000 -1.0000 0.0000
vn 0.0000 -1.0000 0.0000
vn 0.0000 -1.0000 0.0000
vn 0.0000 -1.0000 0.0000
vn 0.0000 -1.0000 0.0000
vn 0.0000 -1.0000 0.0000
vn 0.6215 0.6253 0.4720
vn 0.0000 -1.0000 0.0000
vn -0.5866 0.8098 0.0128
vn 0.5046 0.8592 0.0846
vn 0.7101 0.6110 0.3500
vn 0.5661 0.8021 -0.1903
vn 0.2720 0.8222 -0.5000
vn 0.4993 0.5795 -0.6442
vn 0.5814 0.4593 -0.6716
vn 0.3999 0.7299 -0.5545
vn 0.6853 0.3669 -0.6290
vn 0.6626 0.4901 -0.5664
vn 0.7657 0.3224 -0.5565
vn 0.9329 0.1822 -0.3107
vn 0.9634 0.1352 -0.2317
vn 0.8752 0.0540 -0.4808
vn 0.7757 -0.2885 -0.5613
vn 0.6437 -0.5872 -0.4908
vn 0.0000 -1.0000 0.0000
vn 0.0000 -1.0000 0.0000
vn 0.0000 -1.0000 0.0000
vn 0.0000 -1.0000 0.0000
vn 0.0000 -1.0000 0.0000
vn 0.0000 -1.0000 0.0000
vn 0.0000 -1.0000 0.0000
vn 0.0000 -1.0000 0.0000
vn 0.0000 -1.0000 0.0000
vn -0.6185 0.3652 -0.6958
vn 0.0000 -1.0000 0.0000
vn -0.1718 0.9180 0.3575
vn 0.6751 0.7348 0.0656
vn -0.1048 0.9064 -0.4093
vn 0.3379 0.8315 -0.4409
vn 0.6057 0.7957 -0.0070
vn 0.8405 0.4194 -0.3431
vn 0.6738 0.6411 -0.3675
vn 0.7884 0.5155 -0.3357
vn 0.8554 0.4103 -0.3161
vn 0.7538 0.5316 -0.3863
vn 0.9610 -0.0197 -0.2757
vn 0.8815 0.2835 -0.3775
vn 0.8294 0.1679 -0.5329
vn 0.9214 0.1717 -0.3486
vn 0.9182 -0.3598 -0.1656
vn 0.8696 -0.4693 -0.1534
vn 0.0000 -1.0000 0.0000
vn 0.0000 -1.0000 0.0000
vn 0.0000 -1.0000 0.0000
vn 0.0000 -1.0000 0.0000
vn 0.0000 -1.0000 0.0000
vn 0.0000 -1.0000 0.0000
vn 0.0000 -1.0000 0.0000
vn 0.0000 -1.0000 0.0000
vn 0.0000 -1.0000 0.0000
vn -0.5788 0.5774 -0.5759
vn 0.0000 -1.0000 0.0000
vn -0.1183 0.9288 -0.3512
vn 0.2810 0.9471 -0.1551
vn 0.4685 0.8569 0.2150
vn 0.7922 0.6013 0.1045
vn 0.7252 0.6587 0.2003
vn 0.8364 0.4905 -0.2447
vn 0.8203 0.5600 -0.1166
vn 0.8707 0.4574 -0.1807
vn 0.9283 0.3376 -0.1557
vn 0.9536 0.2388 0.1834
vn 0.9875 0.1298 -0.0900
vn 0.9803 0.1972 -0.0076
vn 0.9814 0.0844 0.1726
vn 0.9992 0.0101 -0.0392
vn 0.9696 -0.2332 -0.0740
vn 0.8743 -0.4756 -0.0972
vn 0.2741 -0.9616 0.0097
vn 0.0000 -1.0000 0.0000
vn 0.0000 -1.0000 0.0000
vn 0.0000 -1.0000 0.0000
vn 0.0000 -1.0000 0.0000
vn 0.0000 -1.0000 0.0000
vn 0.0000 -1.0000 0.0000
vn 0.0000 -1.0000 0.0000
vn 0.0000 -1.0000 0.0000
vn 0.3037 0.3627 0.8810
vn 0.0000 -1.0000 0.0000
vn -0.2852 0.8675 -0.4075
vn 0.1983 0.7990 -0.5677
vn 0.6115 0.7897 0.0495
vn 0.3211 0.8865 -0.3333
vn 0.7966 0.5623 -0.2221
vn 0.4925 0.8685 0.0565
vn 0.8459 0.3480 -0.4042
vn 0.9338 0.3556 0.0410
vn 0.9686 0.1024 0.2265
vn 0.9293 0.3694 0.0014
vn 0.9518 0.3069 -0.0033
vn 0.9770 0.0908 -0.1932
vn 0.7552 0.3802 -0.5339
vn 0.8502 -0.0847 -0.5196
vn 0.8765 -0.1833 -0.4451
vn 0.7408 -0.4562 -0.4930
vn 0.1218 -0.9736 -0.1931
vn 0.0000 -1.0000 0.0000
vn 0.0000 -1.0000 0.0000
vn 0.0000 -1.0000 0.0000
vn 0.0000 -1.0000 0.0000
vn 0.0000 -1.0000 0.0000
vn 0.0000 -1.0000 0.0000
vn 0.0000 -1.0000 0.0000
vn 0.0000 -1.0000 0.0000
vn -0.4105 0.2217 -0.8845
vn 0.0000 -1.0000 0.0000
vn -0.3310 0.6768 -0.6575
vn 0.7596 0.6442 0.0899
vn 0.1918 0.9446 -0.2662
vn 0.7169 0.6673 -0.2019
vn 0.7651 0.6258 -0.1514
vn 0.7477 0.6510 -0.1311
vn 0.9253 0.3712 0.0776
vn 0.9724 0.1578 -0.1717
vn 0.9334 0.2471 -0.2602
vn 0.7147 0.6286 -0.3068
vn 0.7701 0.2798 -0.5732
vn 0.7751 0.3222 -0.5435
vn 0.7100 0.5035 -0.4923
vn 0.7077 -0.0584 -0.7041
vn 0.6239 -0.1121 -0.7734
vn 0.5791 -0.5344 -0.6157
vn 0.0000 -1.0000 0.0000
vn 0.0000 -1.0000 0.0000
vn 0.0000 -1.0000 0.0000
vn 0.0000 -1.0000 0.0000
vn 0.0000 -1.0000 0.0000
vn 0.0000 -1.0000 0.0000
vn 0.0000 -1.0000 0.0000
vn 0.0000 -1.0000 0.0000
vn 0.0000 -1.0000 0.0000
vn 0.0026 0.3886 0.9214
vn 0.0000 -1.0000 0.0000
vn 0.0414 0.7400 0.6713
vn 0.8222 0.5654 0.0659
vn -0.1867 0.9811 0.0517
vn 0.7288 0.5083 -0.4588
vn 0.6236 0.6726 -0.3986
vn 0.8935 0.4172 -0.1664
vn 0.9038 0.4149 -0.1045
vn 0.9005 0.3561 -0.2495
vn 0.8425 0.3057 -0.4435
vn 0.7639 0.6046 -0.2256
vn 0.6814 0.6314 -0.3701
vn 0.7359 0.1853 -0.6512
vn 0.6538 0.5226 -0.5472
vn 0.7421 0.0611 -0.6675
vn 0.7830 -0.2744 -0.5582
vn 0.6224 -0.6459 -0.4421
vn 0.0000 -1.0000 0.0000
vn 0.0000 -1.0000 0.0000
vn 0.0000 -1.0000 0.0000
vn 0.0000 -1.0000 0.0000
vn 0.0000 -1.0000 0.0000
vn 0.0000 -1.0000 0.0000
vn 0.0000 -1.0000 0.0000
vn 0.0000 -1.0000 0.0000
vn 0.0000 -1.0000 0.0000
vn -0.3042 0.8538 -0.4225
vn 0.0000 -1.0000 0.0000
vn 0.0679 0.6075 0.7914
vn 0.6360 0.6329 0.4416
vn -0.0732 0.9887 0.1307
vn 0.5882 0.7571 0.2842
vn 0.8720 0.4596 0.1687
vn 0.7011 0.7079 -0.0854
vn 0.9496 0.2604 -0.1743
vn 0.8619 0.4982 -0.0943
vn 0.8356 0.5053 -0.2154
vn 0.7194 0.5137 -0.4675
vn 0.5794 0.6987 -0.4197
vn 0.9174 0.1831 -0.3534
vn 0.8872 0.4456 -0.1192
vn 0.9886 0.1160 0.0964
vn 0.9326 -0.1160 -0.3419
vn 0.5095 -0.8000 -0.3169
vn 0.0000 -1.0000 0.0000
vn 0.0000 -1.0000 0.0000
vn 0.0000 -1.0000 0.0000
vn 0.0000 -1.0000 0.0000
vn 0.0000 -1.0000 0.0000
vn 0.0000 -1.0000 0.0000
vn 0.0000 -1.0000 0.0000
vn 0.0000 -1.0000 0.0000
vn 0.0000 -1.0000 0.0000
vn 0.3737 0.9021 0.2157
vn 0.0000 0.9021 0.4315
vn -0.3737 0.9021 0.2157
vn -0.3737 0.9021 -0.2157
vn 0.0000 0.9021 -0.4315
vn 0.3737 0.9021 -0.2157
vn 0.8152 0.3377 0.4706
vn 0.0000 0.3377 0.9413
vn -0.8152 0.3377 0.4706
vn -0.8152 0.3377 -0.4706
vn 0.0000 0.3377 -0.9413
vn 0.8152 0.3377 -0.4706
vn 0.8152 -0.3377 0.4706
vn 0.0000 -0.3377 0.9413
vn -0.8152 -0.3377 0.4706
vn -0.8152 -0.3377 -0.4706
vn 0.0000 -0.3377 -0.9413
vn 0.8152 -0.3377 -0.4706
vn 0.3737 -0.9021 0.2157
vn 0.0000 -0.9021 0.4315
vn -0.3737 -0.9021 0.2157
vn -0.3737 -0.9021 -0.2157
vn 0.0000 -0.9021 -0.4315
vn 0.3737 -0.9021 -0.2157
vn 0.3737 0.9021 0.2157
vn 0.0000 0.9021 0.4315
vn -0.3737 0.9021 0.2157
vn -0.3737 0.9021 -0.2157
vn -0.0000 0.9021 -0.4315
vn 0.3737 0.9021 -0.2157
vn 0.8152 0.3377 0.4706
vn 0.0000 0.3377 0.9413
vn -0.8152 0.3377 0.4706
vn -0.8152 0.3377 -0.4706
vn -0.0000 0.3377 -0.9413
vn 0.8152 0.3377 -0.4706
vn 0.8152 -0.3377 0.4706
vn 0.0000 -0.3377 0.9413
vn -0.8152 -0.3377 0.4706
vn -0.8152 -0.3377 -0.4706
vn -0.0000 -0.3377 -0.9413
vn 0.8152 -0.3377 -0.4706
vn 0.3737 -0.9021 0.2157
vn 0.0000 -0.9021 0.4315
vn -0.3737 -0.9021 0.2157
vn -0.3737 -0.9021 -0.2157
vn -0.0000 -0.9021 -0.4315
vn 0.3737 -0.9021 -0.2157
vn 0.3737 0.9021 0.2157
vn 0.0000 0.9021 0.4315
vn -0.3737 0.9021 0.2157
vn -0.3737 0.9021 -0.2157
vn 0.0000 0.9021 -0.4315
vn 0.3737 0.9021 -0.2157
vn 0.8152 0.3377 0.4706
vn 0.0000 0.3377 0.9413
vn -0.8152 0.3377 0.4706
vn -0.8152 0.3377 -0.4706
vn -0.0000 0.3377 -0.9413
vn 0.8152 0.3377 -0.4706
vn 0.8152 -0.3377 0.4706
vn 0.0000 -0.3377 0.9413
vn -0.8152 -0.3377 0.4706
vn -0.8152 -0.3377 -0.4706
vn -0.0000 -0.3377 -0.9413
vn 0.8152 -0.3377 -0.4706
vn 0.3737 -0.9021 0.2157
vn 0.0000 -0.9021 0.4315
vn -0.3737 -0.9021 0.2157
vn -0.3737 -0.9021 -0.2157
vn -0.0000 -0.9021 -0.4315
vn 0.3737 -0.9021 -0.2157
vn 0.3737 0.9021 0.2157
vn 0.0000 0.9021 0.4315
vn -0.3737 0.9021 0.2157
vn -0.3737 0.9021 -0.2157
vn 0.0000 0.9021 -0.4315
vn 0.3737 0.9021 -0.2157
vn 0.8152 0.3377 0.4706
vn 0.0000 0.3377 0.9413
vn -0.8152 0.3377 0.4706
vn -0.8152 0.3377 -0.4706
vn 0.0000 0.3377 -0.9413
vn 0.8152 0.3377 -0.4706
vn 0.8152 -0.3377 0.4706
vn 0.0000 -0.3377 0.9413
vn -0.8152 -0.3377 0.4706
vn -0.8152 -0.3377 -0.4706
vn 0.0000 -0.3377 -0.9413
vn 0.8152 -0.3377 -0.4706
vn 0.3737 -0.9021 0.2157
vn 0.0000 -0.9021 0.4315
vn -0.3737 -0.9021 0.2157
vn -0.3737 -0.9021 -0.2157
vn 0.0000 -0.9021 -0.4315
vn 0.3737 -0.9021 -0.2157
vn 0.3737 0.9021 0.2157
vn 0.0000 0.9021 0.4315
vn -0.3737 0.9021 0.2157
vn -0.3737 0.9021 -0.2157
vn 0.0000 0.9021 -0.4315
vn 0.3737 0.9021 -0.2157
vn 0.8152 0.3377 0.4706
vn 0.0000 0.3377 0.9413
vn -0.8152 0.3377 0.4706
vn -0.8152 0.3377 -0.4706
vn 0.0000 0.3377 -0.9413
vn 0.8152 0.3377 -0.4706
vn 0.8152 -0.3377 0.4706
vn 0.0000 -0.3377 0.9413
vn -0.8152 -0.3377 0.4706
vn -0.8152 -0.3377 -0.4706
vn 0.0000 -0.3377 -0.9413
vn 0.8152 -0.3377 -0.4706
vn 0.3737 -0.9021 0.2157
vn 0.0000 -0.9021 0.4315
vn -0.3737 -0.9021 0.2157
vn -0.3737 -0.9021 -0.2157
vn 0.0000 -0.9021 -0.4315
vn 0.3737 -0.9021 -0.2157
vn 0.3737 0.9021 0.2157
vn 0.0000 0.9021 0.4315
vn -0.3737 0.9021 0.2157
vn -0.3737 0.9021 -0.2157
vn 0.0000 0.9021 -0.4315
vn 0.3737 0.9021 -0.2157
vn 0.8152 0.3377 0.4706
vn 0.0000 0.3377 0.9413
vn -0.8152 0.3377 0.4706
vn -0.8152 0.3377 -0.4706
vn 0.0000 0.3377 -0.9413
vn 0.8152 0.3377 -0.4706
vn 0.8152 -0.3377 0.4706
vn 0.0000 -0.3377 0.9413
vn -0.8152 -0.3377 0.4706
vn -0.8152 -0.3377 -0.4706
vn 0.0000 -0.3377 -0.9413
vn 0.8152 -0.3377 -0.4706
vn 0.3737 -0.9021 0.2157
vn 0.0000 -0.9021 0.4315
vn -0.3737 -0.9021 0.2157
vn -0.3737 -0.9021 -0.2157
vn 0.0000 -0.9021 -0.4315
vn 0.3737 -0.9021 -0.2157
vn 0.3737 0.9021 0.2157
vn 0.0000 0.9021 0.4315
vn -0.3737 0.9021 0.2157
vn -0.3737 0.9021 -0.2157
vn 0.0000 0.9021 -0.4315
vn 0.3737 0.9021 -0.2157
vn 0.8152 0.3377 0.4706
vn 0.0000 0.3377 0.9413
vn -0.8152 0.3377 0.4706
vn -0.8152 0.3377 -0.4706
vn -0.0000 0.3377 -0.9413
vn 0.8152 0.3377 -0.4706
vn 0.8152 -0.3377 0.4706
vn 0.0000 -0.3377 0.9413
vn -0.8152 -0.3377 0.4706
vn -0.8152 -0.3377 -0.4706
vn -0.0000 -0.3377 -0.9413
vn 0.8152 -0.3377 -0.4706
vn 0.3737 -0.9021 0.2157
vn 0.0000 -0.9021 0.4315
vn -0.3737 -0.9021 0.2157
vn -0.3737 -0.9021 -0.2157
vn 0.0000 -0.9021 -0.4315
vn 0.3737 -0.9021 -0.2157
vn 0.3737 0.9021 0.2157
vn 0.0000 0.9021 0.4315
vn -0.3737 0.9021 0.2157
vn -0.3737 0.9021 -0.2157
vn 0.0000 0.9021 -0.4315
vn 0.3737 0.9021 -0.2157
vn 0.8152 0.3377 0.4706
vn 0.0000 0.3377 0.9413
vn -0.8152 0.3377 0.4706
vn -0.8152 0.3377 -0.4706
vn 0.0000 0.3377 -0.9413
vn 0.8152 0.3377 -0.4706
vn 0.8152 -0.3377 0.4706
vn 0.0000 -0.3377 0.9413
vn -0.8152 -0.3377 0.4706
vn -0.8152 -0.3377 -0.4706
vn 0.0000 -0.3377 -0.9413
vn 0.8152 -0.3377 -0.4706
vn 0.3737 -0.9021 0.2157
vn 0.0000 -0.9021 0.4315
vn -0.3737 -0.9021 0.2157
vn -0.3737 -0.9021 -0.2157
vn 0.0000 -0.9021 -0.4315
vn 0.3737 -0.9021 -0.2157
vn 0.3737 0.9021 0.2157
vn 0.0000 0.9021 0.4315
vn -0.3737 0.9021 0.2157
vn -0.3737 0.9021 -0.2157
vn 0.0000 0.9021 -0.4315
vn 0.3737 0.9021 -0.2157
vn 0.8152 0.3377 0.4706
vn 0.0000 0.3377 0.9413
vn -0.8152 0.3377 0.4706
vn -0.8152 0.3377 -0.4706
vn 0.0000 0.3377 -0.9413
vn 0.8152 0.3377 -0.4706
vn 0.8152 -0.3377 0.4706
vn 0.0000 -0.3377 0.9413
vn -0.8152 -0.3377 0.4706
vn -0.8152 -0.3377 -0.4706
vn 0.0000 -0.3377 -0.9413
vn 0.8152 -0.3377 -0.4706
vn 0.3737 -0.9021 0.2157
vn 0.0000 -0.9021 0.4315
vn -0.3737 -0.9021 0.2157
vn -0.3737 -0.9021 -0.2157
vn 0.0000 -0.9021 -0.4315
vn 0.3737 -0.9021 -0.2157
vn 0.3737 0.9021 0.2157
vn 0.0000 0.9021 0.4315
vn -0.3737 0.9021 0.2157
vn -0.3737 0.9021 -0.2157
vn 0.0000 0.9021 -0.4315
vn 0.3737 0.9021 -0.2157
vn 0.8152 0.3377 0.4706
vn 0.0000 0.3377 0.9413
vn -0.8152 0.3377 0.4706
vn -0.8152 0.3377 -0.4706
vn 0.0000 0.3377 -0.9413
vn 0.8152 0.3377 -0.4706
vn 0.8152 -0.3377 0.4706
vn 0.0000 -0.3377 0.9413
vn -0.8152 -0.3377 0.4706
vn -0.8152 -0.3377 -0.4706
vn 0.0000 -0.3377 -0.9413
vn 0.8152 -0.3377 -0.4706
vn 0.3737 -0.9021 0.2157
vn 0.0000 -0.9021 0.4315
vn -0.3737 -0.9021 0.2157
vn -0.3737 -0.9021 -0.2157
vn 0.0000 -0.9021 -0.4315
vn 0.3737 -0.9021 -0.2157
vn 0.3737 0.9021 0.2157
vn 0.0000 0.9021 0.4315
vn -0.3737 0.9021 0.2157
vn -0.3737 0.9021 -0.2157
vn 0.0000 0.9021 -0.4315
vn 0.3737 0.9021 -0.2157
vn 0.8152 0.3377 0.4706
vn 0.0000 0.3377 0.9413
vn -0.8152 0.3377 0.4706
vn -0.8152 0.3377 -0.4706
vn 0.0000 0.3377 -0.9413
vn 0.8152 0.3377 -0.4706
vn 0.8152 -0.3377 0.4706
vn 0.0000 -0.3377 0.9413
vn -0.8152 -0.3377 0.4706
vn -0.8152 -0.3377 -0.4706
vn 0.0000 -0.3377 -0.9413
vn 0.8152 -0.3377 -0.4706
vn 0.3737 -0.9021 0.2157
vn 0.0000 -0.9021 0.4315
vn -0.3737 -0.9021 0.2157
vn -0.3737 -0.9021 -0.2157
vn 0.0000 -0.9021 -0.4315
vn 0.3737 -0.9021 -0.2157
vn 0.3737 0.9021 0.2157
vn 0.0000 0.9021 0.4315
vn -0.3737 0.9021 0.2157
vn -0.3737 0.9021 -0.2157
vn 0.0000 0.9021 -0.4315
vn 0.3737 0.9021 -0.2157
vn 0.8152 0.3377 0.4706
vn 0.0000 0.3377 0.9413
vn -0.8152 0.3377 0.4706
vn -0.8152 0.3377 -0.4706
vn 0.0000 0.3377 -0.9413
vn 0.8152 0.3377 -0.4706
vn 0.8152 -0.3377 0.4706
vn 0.0000 -0.3377 0.9413
vn -0.8152 -0.3377 0.4706
vn -0.8152 -0.3377 -0.4706
vn 0.0000 -0.3377 -0.9413
vn 0.8152 -0.3377 -0.4706
vn 0.3737 -0.9021 0.2157
vn 0.0000 -0.9021 0.4315
vn -0.3737 -0.9021 0.2157
vn -0.3737 -0.9021 -0.2157
vn 0.0000 -0.9021 -0.4315
vn 0.3737 -0.9021 -0.2157
vn 0.3737 0.9021 0.2157
vn 0.0000 0.9021 0.4315
vn -0.3737 0.9021 0.2157
vn -0.3737 0.9021 -0.2157
vn 0.0000 0.9021 -0.4315
vn 0.3737 0.9021 -0.2157
vn 0.8152 0.3377 0.4706
vn 0.0000 0.3377 0.9413
vn -0.8152 0.3377 0.4706
vn -0.8152 0.3377 -0.4706
vn -0.0000 0.3377 -0.9413
vn 0.8152 0.3377 -0.4706
vn 0.8152 -0.3377 0.4706
vn 0.0000 -0.3377 0.9413
vn -0.8152 -0.3377 0.4706
vn -0.8152 -0.3377 -0.4706
vn -0.0000 -0.3377 -0.9413
vn 0.8152 -0.3377 -0.4706
vn 0.3737 -0.9021 0.2157
vn 0.0000 -0.9021 0.4315
vn -0.3737 -0.9021 0.2157
vn -0.3737 -0.9021 -0.2157
vn 0.0000 -0.9021 -0.4315
vn 0.3737 -0.9021 -0.2157
vn 0.3737 0.9021 0.2157
vn 0.0000 0.9021 0.4315
vn -0.3737 0.9021 0.2157
vn -0.3737 0.9021 -0.2157
vn 0.0000 0.9021 -0.4315
vn 0.3737 0.9021 -0.2157
vn 0.8152 0.3377 0.4706
vn 0.0000 0.3377 0.9413
vn -0.8152 0.3377 0.4706
vn -0.8152 0.3377 -0.4706
vn 0.0000 0.3377 -0.9413
vn 0.8152 0.3377 -0.4706
vn 0.8152 -0.3377 0.4706
vn 0.0000 -0.3377 0.9413
vn -0.8152 -0.3377 0.4706
vn -0.8152 -0.3377 -0.4706
vn 0.0000 -0.3377 -0.9413
vn 0.8152 -0.3377 -0.4706
vn 0.3737 -0.9021 0.2157
vn 0.0000 -0.9021 0.4315
vn -0.3737 -0.9021 0.2157
vn -0.3737 -0.9021 -0.2157
vn 0.0000 -0.9021 -0.4315
vn 0.3737 -0.9021 -0.2157
vn 0.3737 0.9021 0.2157
vn 0.0000 0.9021 0.4315
vn -0.3737 0.9021 0.2157
vn -0.3737 0.9021 -0.2157
vn -0.0000 0.9021 -0.4315
vn 0.3737 0.9021 -0.2157
vn 0.8152 0.3377 0.4706
vn 0.0000 0.3377 0.9413
vn -0.8152 0.3377 0.4706
vn -0.8152 0.3377 -0.4706
vn 0.0000 0.3377 -0.9413
vn 0.8152 0.3377 -0.4706
vn 0.8152 -0.3377 0.4706
vn 0.0000 -0.3377 0.9413
vn -0.8152 -0.3377 0.4706
vn -0.8152 -0.3377 -0.4706
vn 0.0000 -0.3377 -0.9413
vn 0.8152 -0.3377 -0.4706
vn 0.3737 -0.9021 0.2157
vn 0.0000 -0.9021 0.4315
vn -0.3737 -0.9021 0.2157
vn -0.3737 -0.9021 -0.2157
vn -0.0000 -0.9021 -0.4315
vn 0.3737 -0.9021 -0.2157
vn 0.3737 0.9021 0.2157
vn 0.0000 0.9021 0.4315
vn -0.3737 0.9021 0.2157
vn -0.3737 0.9021 -0.2157
vn 0.0000 0.9021 -0.4315
vn 0.3737 0.9021 -0.2157
vn 0.8152 0.3377 0.4706
vn 0.0000 0.3377 0.9413
vn -0.8152 0.3377 0.4706
vn -0.8152 0.3377 -0.4706
vn -0.0000 0.3377 -0.9413
vn 0.8152 0.3377 -0.4706
vn 0.8152 -0.3377 0.4706
vn 0.0000 -0.3377 0.9413
vn -0.8152 -0.3377 0.4706
vn -0.8152 -0.3377 -0.4706
vn -0.0000 -0.3377 -0.9413
vn 0.8152 -0.3377 -0.4706
vn 0.3737 -0.9021 0.2157
vn 0.0000 -0.9021 0.4315
vn -0.3737 -0.9021 0.2157
vn -0.3737 -0.9021 -0.2157
vn 0.0000 -0.9021 -0.4315
vn 0.3737 -0.9021 -0.2157
vn 0.3737 0.9021 0.2157
vn 0.0000 0.9021 0.4315
vn -0.3737 0.9021 0.2157
vn -0.3737 0.9021 -0.2157
vn 0.0000 0.9021 -0.4315
vn 0.3737 0.9021 -0.2157
vn 0.8152 0.3377 0.4706
vn 0.0000 0.3377 0.9413
vn -0.8152 0.3377 0.4706
vn -0.8152 0.3377 -0.4706
vn 0.0000 0.3377 -0.9413
vn 0.8152 0.3377 -0.4706
vn 0.8152 -0.3377 0.4706
vn 0.0000 -0.3377 0.9413
vn -0.8152 -0.3377 0.4706
vn -0.8152 -0.3377 -0.4706
vn 0.0000 -0.3377 -0.9413
vn 0.8152 -0.3377 -0.4706
vn 0.3737 -0.9021 0.2157
vn 0.0000 -0.9021 0.4315
vn -0.3737 -0.9021 0.2157
vn -0.3737 -0.9021 -0.2157
vn 0.0000 -0.9021 -0.4315
vn 0.3737 -0.9021 -0.2157
vn 0.3737 0.9021 0.2157
vn 0.0000 0.9021 0.4315
vn -0.3737 0.9021 0.2157
vn -0.3737 0.9021 -0.2157
vn 0.0000 0.9021 -0.4315
vn 0.3737 0.9021 -0.2157
vn 0.8152 0.3377 0.4706
vn 0.0000 0.3377 0.9413
vn -0.8152 0.3377 0.4706
vn -0.8152 0.3377 -0.4706
vn 0.0000 0.3377 -0.9413
vn 0.8152 0.3377 -0.4706
vn 0.8152 -0.3377 0.4706
vn 0.0000 -0.3377 0.9413
vn -0.8152 -0.3377 0.4706
vn -0.8152 -0.3377 -0.4706
vn 0.0000 -0.3377 -0.9413
vn 0.8152 -0.3377 -0.4706
vn 0.3737 -0.9021 0.2157
vn 0.0000 -0.9021 0.4315
vn -0.3737 -0.9021 0.2157
vn -0.3737 -0.9021 -0.2157
vn 0.0000 -0.9021 -0.4315
vn 0.3737 -0.9021 -0.2157
vn 0.3737 0.9021 0.2157
vn 0.0000 0.9021 0.4315
vn -0.3737 0.9021 0.2157
vn -0.3737 0.9021 -0.2157
vn 0.0000 0.9021 -0.4315
vn 0.3737 0.9021 -0.2157
vn 0.8152 0.3377 0.4706
vn 0.0000 0.3377 0.9413
vn -0.8152 0.3377 0.4706
vn -0.8152 0.3377 -0.4706
vn 0.0000 0.3377 -0.9413
vn 0.8152 0.3377 -0.4706
vn 0.8152 -0.3377 0.4706
vn 0.0000 -0.3377 0.9413
vn -0.8152 -0.3377 0.4706
vn -0.8152 -0.3377 -0.4706
vn 0.0000 -0.3377 -0.9413
vn 0.8152 -0.3377 -0.4706
vn 0.3737 -0.9021 0.2157
vn 0.0000 -0.9021 0.4315
vn -0.3737 -0.9021 0.2157
vn -0.3737 -0.9021 -0.2157
vn 0.0000 -0.9021 -0.4315
vn 0.3737 -0.9021 -0.2157
vn 0.3737 0.9021 0.2157
vn 0.0000 0.9021 0.4315
vn -0.3737 0.9021 0.2157
vn -0.3737 0.9021 -0.2157
vn 0.0000 0.9021 -0.4315
vn 0.3737 0.9021 -0.2157
vn 0.8152 0.3377 0.4706
vn 0.0000 0.3377 0.9413
vn -0.8152 0.3377 0.4706
vn -0.8152 0.3377 -0.4706
vn 0.0000 0.3377 -0.9413
vn 0.8152 0.3377 -0.4706
vn 0.8152 -0.3377 0.4706
vn 0.0000 -0.3377 0.9413
vn -0.8152 -0.3377 0.4706
vn -0.8152 -0.3377 -0.4706
vn 0.0000 -0.3377 -0.9413
vn 0.8152 -0.3377 -0.4706
vn 0.3737 -0.9021 0.2157
vn 0.0000 -0.9021 0.4315
vn -0.3737 -0.9021 0.2157
vn -0.3737 -0.9021 -0.2157
vn 0.0000 -0.9021 -0.4315
vn 0.3737 -0.9021 -0.2157
vn 0.3737 0.9021 0.2157
vn 0.0000 0.9021 0.4315
vn -0.3737 0.9021 0.2157
vn -0.3737 0.9021 -0.2157
vn -0.0000 0.9021 -0.4315
vn 0.3737 0.9021 -0.2157
vn 0.8152 0.3377 0.4706
vn 0.0000 0.3377 0.9413
vn -0.8152 0.3377 0.4706
vn -0.8152 0.3377 -0.4706
vn -0.0000 0.3377 -0.9413
vn 0.8152 0.3377 -0.4706
vn 0.8152 -0.3377 0.4706
vn 0.0000 -0.3377 0.9413
vn -0.8152 -0.3377 0.4706
vn -0.8152 -0.3377 -0.4706
vn -0.0000 -0.3377 -0.9413
vn 0.8152 -0.3377 -0.4706
vn 0.3737 -0.9021 0.2157
vn 0.0000 -0.9021 0.4315
vn -0.3737 -0.9021 0.2157
vn -0.3737 -0.9021 -0.2157
vn -0.0000 -0.9021 -0.4315
vn 0.3737 -0.9021 -0.2157
vn 0.3737 0.9021 0.2157
vn 0.0000 0.9021 0.4315
vn -0.3737 0.9021 0.2157
vn -0.3737 0.9021 -0.2157
vn 0.0000 0.9021 -0.4315
vn 0.3737 0.9021 -0.2157
vn 0.8152 0.3377 0.4706
vn 0.0000 0.3377 0.9413
vn -0.8152 0.3377 0.4706
vn -0.8152 0.3377 -0.4706
vn 0.0000 0.3377 -0.9413
vn 0.8152 0.3377 -0.4706
vn 0.8152 -0.3377 0.4706
vn 0.0000 -0.3377 0.9413
vn -0.8152 -0.3377 0.4706
vn -0.8152 -0.3377 -0.4706
vn 0.0000 -0.3377 -0.9413
vn 0.8152 -0.3377 -0.4706
vn 0.3737 -0.9021 0.2157
vn 0.0000 -0.9021 0.4315
vn -0.3737 -0.9021 0.2157
vn -0.3737 -0.9021 -0.2157
vn 0.0000 -0.9021 -0.4315
vn 0.3737 -0.9021 -0.2157
vn 0.3737 0.9021 0.2157
vn 0.0000 0.9021 0.4315
vn -0.3737 0.9021 0.2157
vn -0.3737 0.9021 -0.2157
vn 0.0000 0.9021 -0.4315
vn 0.3737 0.9021 -0.2157
vn 0.8152 0.3377 0.4706
vn 0.0000 0.3377 0.9413
vn -0.8152 0.3377 0.4706
vn -0.8152 0.3377 -0.4706
vn -0.0000 0.3377 -0.9413
vn 0.8152 0.3377 -0.4706
vn 0.8152 -0.3377 0.4706
vn 0.0000 -0.3377 0.9413
vn -0.8152 -0.3377 0.4706
vn -0.8152 -0.3377 -0.4706
vn -0.0000 -0.3377 -0.9413
vn 0.8152 -0.3377 -0.4706
vn 0.3737 -0.9021 0.2157
vn 0.0000 -0.9021 0.4315
vn -0.3737 -0.9021 0.2157
vn -0.3737 -0.9021 -0.2157
vn 0.0000 -0.9021 -0.4315
vn 0.3737 -0.9021 -0.2157
vn 0.3737 0.9021 0.2157
vn 0.0000 0.9021 0.4315
vn -0.3737 0.9021 0.2157
vn -0.3737 0.9021 -0.2157
vn 0.0000 0.9021 -0.4315
vn 0.3737 0.9021 -0.2157
vn 0.8152 0.3377 0.4706
vn 0.0000 0.3377 0.9413
vn -0.8152 0.3377 0.4706
vn -0.8152 0.3377 -0.4706
vn 0.0000 0.3377 -0.9413
vn 0.8152 0.3377 -0.4706
vn 0.8152 -0.3377 0.4706
vn 0.0000 -0.3377 0.9413
vn -0.8152 -0.3377 0.4706
vn -0.8152 -0.3377 -0.4706
vn 0.0000 -0.3377 -0.9413
vn 0.8152 -0.3377 -0.4706
vn 0.3737 -0.9021 0.2157
vn 0.0000 -0.9021 0.4315
vn -0.3737 -0.9021 0.2157
vn -0.3737 -0.9021 -0.2157
vn 0.0000 -0.9021 -0.4315
vn 0.3737 -0.9021 -0.2157
vn 0.3737 0.9021 0.2157
vn 0.0000 0.9021 0.4315
vn -0.3737 0.9021 0.2157
vn -0.3737 0.9021 -0.2157
vn 0.0000 0.9021 -0.4315
vn 0.3737 0.9021 -0.2157
vn 0.8152 0.3377 0.4706
vn 0.0000 0.3377 0.9413
vn -0.8152 0.3377 0.4706
vn -0.8152 0.3377 -0.4706
vn -0.0000 0.3377 -0.9413
vn 0.8152 0.3377 -0.4706
vn 0.8152 -0.3377 0.4706
vn 0.0000 -0.3377 0.9413
vn -0.8152 -0.3377 0.4706
vn -0.8152 -0.3377 -0.4706
vn -0.0000 -0.3377 -0.9413
vn 0.8152 -0.3377 -0.4706
vn 0.3737 -0.9021 0.2157
vn 0.0000 -0.9021 0.4315
vn -0.3737 -0.9021 0.2157
vn -0.3737 -0.9021 -0.2157
vn 0.0000 -0.9021 -0.4315
vn 0.3737 -0.9021 -0.2157
vn 0.3737 0.9021 0.2157
vn 0.0000 0.9021 0.4315
vn -0.3737 0.9021 0.2157
vn -0.3737 0.9021 -0.2157
vn 0.0000 0.9021 -0.4315
vn 0.3737 0.9021 -0.2157
vn 0.8152 0.3377 0.4706
vn 0.0000 0.3377 0.9413
vn -0.8152 0.3377 0.4706
vn -0.8152 0.3377 -0.4706
vn 0.0000 0.3377 -0.9413
vn 0.8152 0.3377 -0.4706
vn 0.8152 -0.3377 0.4706
vn 0.0000 -0.3377 0.9413
vn -0.8152 -0.3377 0.4706
vn -0.8152 -0.3377 -0.4706
vn 0.0000 -0.3377 -0.9413
vn 0.8152 -0.3377 -0.4706
vn 0.3737 -0.9021 0.2157
vn 0.0000 -0.9021 0.4315
vn -0.3737 -0.9021 0.2157
vn -0.3737 -0.9021 -0.2157
vn 0.0000 -0.9021 -0.4315
vn 0.3737 -0.9021 -0.2157
vn 0.3737 0.9021 0.2157
vn 0.0000 0.9021 0.4315
vn -0.3737 0.9021 0.2157
vn -0.3737 0.9021 -0.2157
vn -0.0000 0.9021 -0.4315
vn 0.3737 0.9021 -0.2157
vn 0.8152 0.3377 0.4706
vn 0.0000 0.3377 0.9413
vn -0.8152 0.3377 0.4706
vn -0.8152 0.3377 -0.4706
vn -0.0000 0.3377 -0.9413
vn 0.8152 0.3377 -0.4706
vn 0.8152 -0.3377 0.4706
vn 0.0000 -0.3377 0.9413
vn -0.8152 -0.3377 0.4706
vn -0.8152 -0.3377 -0.4706
vn -0.0000 -0.3377 -0.9413
vn 0.8152 -0.3377 -0.4706
vn 0.3737 -0.9021 0.2157
vn 0.0000 -0.9021 0.4315
vn -0.3737 -0.9021 0.2157
vn -0.3737 -0.9021 -0.2157
vn -0.0000 -0.9021 -0.4315
vn 0.3737 -0.9021 -0.2157
vn 0.3737 0.9021 0.2157
vn 0.0000 0.9021 0.4315
vn -0.3737 0.9021 0.2157
vn -0.3737 0.9021 -0.2157
vn 0.0000 0.9021 -0.4315
vn 0.3737 0.9021 -0.2157
vn 0.8152 0.3377 0.4706
vn 0.0000 0.3377 0.9413
vn -0.8152 0.3377 0.4706
vn -0.8152 0.3377 -0.4706
vn 0.0000 0.3377 -0.9413
vn 0.8152 0.3377 -0.4706
vn 0.8152 -0.3377 0.4706
vn 0.0000 -0.3377 0.9413
vn -0.8152 -0.3377 0.4706
vn -0.8152 -0.3377 -0.4706
vn 0.0000 -0.3377 -0.9413
vn 0.8152 -0.3377 -0.4706
vn 0.3737 -0.9021 0.2157
vn 0.0000 -0.9021 0.4315
vn -0.3737 -0.9021 0.2157
vn -0.3737 -0.9021 -0.2157
vn 0.0000 -0.9021 -0.4315
vn 0.3737 -0.9021 -0.2157
vn 0.3737 0.9021 0.2157
vn 0.0000 0.9021 0.4315
vn -0.3737 0.9021 0.2157
vn -0.3737 0.9021 -0.2157
vn 0.0000 0.9021 -0.4315
vn 0.3737 0.9021 -0.2157
vn 0.8152 0.3377 0.4706
vn 0.0000 0.3377 0.9413
vn -0.8152 0.3377 0.4706
vn -0.8152 0.3377 -0.4706
vn 0.0000 0.3377 -0.9413
vn 0.8152 0.3377 -0.4706
vn 0.8152 -0.3377 0.4706
vn 0.0000 -0.3377 0.9413
vn -0.8152 -0.3377 0.4706
vn -0.8152 -0.3377 -0.4706
vn 0.0000 -0.3377 -0.9413
vn 0.8152 -0.3377 -0.4706
vn 0.3737 -0.9021 0.2157
vn 0.0000 -0.9021 0.4315
vn -0.3737 -0.9021 0.2157
vn -0.3737 -0.9021 -0.2157
vn 0.0000 -0.9021 -0.4315
vn 0.3737 -0.9021 -0.2157
vn 0.3737 0.9021 0.2157
vn 0.0000 0.9021 0.4315
vn -0.3737 0.9021 0.2157
vn -0.3737 0.9021 -0.2157
vn 0.0000 0.9021 -0.4315
vn 0.3737 0.9021 -0.2157
vn 0.8152 0.3377 0.4706
vn 0.0000 0.3377 0.9413
vn -0.8152 0.3377 0.4706
vn -0.8152 0.3377 -0.4706
vn 0.0000 0.3377 -0.9413
vn 0.8152 0.3377 -0.4706
vn 0.8152 -0.3377 0.4706
vn 0.0000 -0.3377 0.9413
vn -0.8152 -0.3377 0.4706
vn -0.8152 -0.3377 -0.4706
vn 0.0000 -0.3377 -0.9413
vn 0.8152 -0.3377 -0.4706
vn 0.3737 -0.9021 0.2157
vn 0.0000 -0.9021 0.4315
vn -0.3737 -0.9021 0.2157
vn -0.3737 -0.9021 -0.2157
vn 0.0000 -0.9021 -0.4315
vn 0.3737 -0.9021 -0.2157
vn 0.3737 0.9021 0.2157
vn 0.0000 0.9021 0.4315
vn -0.3737 0.9021 0.2157
vn -0.3737 0.9021 -0.2157
vn 0.0000 0.9021 -0.4315
vn 0.3737 0.9021 -0.2157
vn 0.8152 0.3377 0.4706
vn 0.0000 0.3377 0.9413
vn -0.8152 0.3377 0.4706
vn -0.8152 0.3377 -0.4706
vn 0.0000 0.3377 -0.9413
vn 0.8152 0.3377 -0.4706
vn 0.8152 -0.3377 0.4706
vn 0.0000 -0.3377 0.9413
vn -0.8152 -0.3377 0.4706
vn -0.8152 -0.3377 -0.4706
vn 0.0000 -0.3377 -0.9413
vn 0.8152 -0.3377 -0.4706
vn 0.3737 -0.9021 0.2157
vn 0.0000 -0.9021 0.4315
vn -0.3737 -0.9021 0.2157
vn -0.3737 -0.9021 -0.2157
vn 0.0000 -0.9021 -0.4315
vn 0.3737 -0.9021 -0.2157
vn 0.3737 0.9021 0.2157
vn 0.0000 0.9021 0.4315
vn -0.3737 0.9021 0.2157
vn -0.3737 0.9021 -0.2157
vn 0.0000 0.9021 -0.4315
vn 0.3737 0.9021 -0.2157
vn 0.8152 0.3377 0.4706
vn 0.0000 0.3377 0.9413
vn -0.8152 0.3377 0.4706
vn -0.8152 0.3377 -0.4706
vn 0.0000 0.3377 -0.9413
vn 0.8152 0.3377 -0.4706
vn 0.8152 -0.3377 0.4706
vn 0.0000 -0.3377 0.9413
vn -0.8152 -0.3377 0.4706
vn -0.8152 -0.3377 -0.4706
vn 0.0000 -0.3377 -0.9413
vn 0.8152 -0.3377 -0.4706
vn 0.3737 -0.9021 0.2157
vn 0.0000 -0.9021 0.4315
vn -0.3737 -0.9021 0.2157
vn -0.3737 -0.9021 -0.2157
vn 0.0000 -0.9021 -0.4315
vn 0.3737 -0.9021 -0.2157
vn 0.3737 0.9021 0.2157
vn 0.0000 0.9021 0.4315
vn -0.3737 0.9021 0.2157
vn -0.3737 0.9021 -0.2157
vn 0.0000 0.9021 -0.4315
vn 0.3737 0.9021 -0.2157
vn 0.8152 0.3377 0.4706
vn 0.0000 0.3377 0.9413
vn -0.8152 0.3377 0.4706
vn -0.8152 0.3377 -0.4706
vn 0.0000 0.3377 -0.9413
vn 0.8152 0.3377 -0.4706
vn 0.8152 -0.3377 0.4706
vn 0.0000 -0.3377 0.9413
vn -0.8152 -0.3377 0.4706
vn -0.8152 -0.3377 -0.4706
vn 0.0000 -0.3377 -0.9413
vn 0.8152 -0.3377 -0.4706
vn 0.3737 -0.9021 0.2157
vn 0.0000 -0.9021 0.4315
vn -0.3737 -0.9021 0.2157
vn -0.3737 -0.9021 -0.2157
vn 0.0000 -0.9021 -0.4315
vn 0.3737 -0.9021 -0.2157
vn 0.3737 0.9021 0.2157
vn 0.0000 0.9021 0.4315
vn -0.3737 0.9021 0.2157
vn -0.3737 0.9021 -0.2157
vn 0.0000 0.9021 -0.4315
vn 0.3737 0.9021 -0.2157
vn 0.8152 0.3377 0.4706
vn 0.0000 0.3377 0.9413
vn -0.8152 0.3377 0.4706
vn -0.8152 0.3377 -0.4706
vn 0.0000 0.3377 -0.9413
vn 0.8152 0.3377 -0.4706
vn 0.8152 -0.3377 0.4706
vn 0.0000 -0.3377 0.9413
vn -0.8152 -0.3377 0.4706
vn -0.8152 -0.3377 -0.4706
vn 0.0000 -0.3377 -0.9413
vn 0.8152 -0.3377 -0.4706
vn 0.3737 -0.9021 0.2157
vn 0.0000 -0.9021 0.4315
vn -0.3737 -0.9021 0.2157
vn -0.3737 -0.9021 -0.2157
vn 0.0000 -0.9021 -0.4315
vn 0.3737 -0.9021 -0.2157
vn 0.3737 0.9021 0.2157
vn 0.0000 0.9021 0.4315
vn -0.3737 0.9021 0.2157
vn -0.3737 0.9021 -0.2157
vn 0.0000 0.9021 -0.4315
vn 0.3737 0.9021 -0.2157
vn 0.8152 0.3377 0.4706
vn 0.0000 0.3377 0.9413
vn -0.8152 0.3377 0.4706
vn -0.8152 0.3377 -0.4706
vn -0.0000 0.3377 -0.9413
vn 0.8152 0.3377 -0.4706
vn 0.8152 -0.3377 0.4706
vn 0.0000 -0.3377 0.9413
vn -0.8152 -0.3377 0.4706
vn -0.8152 -0.3377 -0.4706
vn -0.0000 -0.3377 -0.9413
vn 0.8152 -0.3377 -0.4706
vn 0.3737 -0.9021 0.2157
vn 0.0000 -0.9021 0.4315
vn -0.3737 -0.9021 0.2157
vn -0.3737 -0.9021 -0.2157
vn -0.0000 -0.9021 -0.4315
vn 0.3737 -0.9021 -0.2157
vn 0.3737 0.9021 0.2157
vn 0.0000 0.9021 0.4315
vn -0.3737 0.9021 0.2157
vn -0.3737 0.9021 -0.2157
vn 0.0000 0.9021 -0.4315
vn 0.3737 0.9021 -0.2157
vn 0.8152 0.3377 0.4706
vn 0.0000 0.3377 0.9413
vn -0.8152 0.3377 0.4706
vn -0.8152 0.3377 -0.4706
vn 0.0000 0.3377 -0.9413
vn 0.8152 0.3377 -0.4706
vn 0.8152 -0.3377 0.4706
vn 0.0000 -0.3377 0.9413
vn -0.8152 -0.3377 0.4706
vn -0.8152 -0.3377 -0.4706
vn 0.0000 -0.3377 -0.9413
vn 0.8152 -0.3377 -0.4706
vn 0.3737 -0.9021 0.2157
vn 0.0000 -0.9021 0.4315
vn -0.3737 -0.9021 0.2157
vn -0.3737 -0.9021 -0.2157
vn 0.0000 -0.9021 -0.4315
vn 0.3737 -0.9021 -0.2157
vn 0.3737 0.9021 0.2157
vn 0.0000 0.9021 0.4315
vn -0.3737 0.9021 0.2157
vn -0.3737 0.9021 -0.2157
vn 0.0000 0.9021 -0.4315
vn 0.3737 0.9021 -0.2157
vn 0.8152 0.3377 0.4706
vn 0.0000 0.3377 0.9413
vn -0.8152 0.3377 0.4706
vn -0.8152 0.3377 -0.4706
vn -0.0000 0.3377 -0.9413
vn 0.8152 0.3377 -0.4706
vn 0.8152 -0.3377 0.4706
vn 0.0000 -0.3377 0.9413
vn -0.8152 -0.3377 0.4706
vn -0.8152 -0.3377 -0.4706
vn -0.0000 -0.3377 -0.9413
vn 0.8152 -0.3377 -0.4706
vn 0.3737 -0.9021 0.2157
vn 0.0000 -0.9021 0.4315
vn -0.3737 -0.9021 0.2157
vn -0.3737 -0.9021 -0.2157
vn 0.0000 -0.9021 -0.4315
vn 0.3737 -0.9021 -0.2157
vn 0.3737 0.9021 0.2157
vn 0.0000 0.9021 0.4315
vn -0.3737 0.9021 0.2157
vn -0.3737 0.9021 -0.2157
vn 0.0000 0.9021 -0.4315
vn 0.3737 0.9021 -0.2157
vn 0.8152 0.3377 0.4706
vn 0.0000 0.3377 0.9413
vn -0.8152 0.3377 0.4706
vn -0.8152 0.3377 -0.4706
vn 0.0000 0.3377 -0.9413
vn 0.8152 0.3377 -0.4706
vn 0.8152 -0.3377 0.4706
vn 0.0000 -0.3377 0.9413
vn -0.8152 -0.3377 0.4706
vn -0.8152 -0.3377 -0.4706
vn 0.0000 -0.3377 -0.9413
vn 0.8152 -0.3377 -0.4706
vn 0.3737 -0.9021 0.2157
vn 0.0000 -0.9021 0.4315
vn -0.3737 -0.9021 0.2157
vn -0.3737 -0.9021 -0.2157
vn 0.0000 -0.9021 -0.4315
vn 0.3737 -0.9021 -0.2157
vn 0.3737 0.9021 0.2157
vn 0.0000 0.9021 0.4315
vn -0.3737 0.9021 0.2157
vn -0.3737 0.9021 -0.2157
vn 0.0000 0.9021 -0.4315
vn 0.3737 0.9021 -0.2157
vn 0.8152 0.3377 0.4706
vn 0.0000 0.3377 0.9413
vn -0.8152 0.3377 0.4706
vn -0.8152 0.3377 -0.4706
vn 0.0000 0.3377 -0.9413
vn 0.8152 0.3377 -0.4706
vn 0.8152 -0.3377 0.4706
vn 0.0000 -0.3377 0.9413
vn -0.8152 -0.3377 0.4706
vn -0.8152 -0.3377 -0.4706
vn 0.0000 -0.3377 -0.9413
vn 0.8152 -0.3377 -0.4706
vn 0.3737 -0.9021 0.2157
vn 0.0000 -0.9021 0.4315
vn -0.3737 -0.9021 0.2157
vn -0.3737 -0.9021 -0.2157
vn 0.0000 -0.9021 -0.4315
vn 0.3737 -0.9021 -0.2157
vn 0.3737 0.9021 0.2157
vn 0.0000 0.9021 0.4315
vn -0.3737 0.9021 0.2157
vn -0.3737 0.9021 -0.2157
vn 0.0000 0.9021 -0.4315
vn 0.3737 0.9021 -0.2157
vn 0.8152 0.3377 0.4706
vn 0.0000 0.3377 0.9413
vn -0.8152 0.3377 0.4706
vn -0.8152 0.3377 -0.4706
vn -0.0000 0.3377 -0.9413
vn 0.8152 0.3377 -0.4706
vn 0.8152 -0.3377 0.4706
vn 0.0000 -0.3377 0.9413
vn -0.8152 -0.3377 0.4706
vn -0.8152 -0.3377 -0.4706
vn -0.0000 -0.3377 -0.9413
vn 0.8152 -0.3377 -0.4706
vn 0.3737 -0.9021 0.2157
vn 0.0000 -0.9021 0.4315
vn -0.3737 -0.9021 0.2157
vn -0.3737 -0.9021 -0.2157
vn -0.0000 -0.9021 -0.4315
vn 0.3737 -0.9021 -0.2157
vn 0.3737 0.9021 0.2157
vn 0.0000 0.9021 0.4315
vn -0.3737 0.9021 0.2157
vn -0.3737 0.9021 -0.2157
vn 0.0000 0.9021 -0.4315
vn 0.3737 0.9021 -0.2157
vn 0.8152 0.3377 0.4706
vn 0.0000 0.3377 0.9413
vn -0.8152 0.3377 0.4706
vn -0.8152 0.3377 -0.4706
vn 0.0000 0.3377 -0.9413
vn 0.8152 0.3377 -0.4706
vn 0.8152 -0.3377 0.4706
vn 0.0000 -0.3377 0.9413
vn -0.8152 -0.3377 0.4706
vn -0.8152 -0.3377 -0.4706
vn 0.0000 -0.3377 -0.9413
vn 0.8152 -0.3377 -0.4706
vn 0.3737 -0.9021 0.2157
vn 0.0000 -0.9021 0.4315
vn -0.3737 -0.9021 0.2157
vn -0.3737 -0.9021 -0.2157
vn 0.0000 -0.9021 -0.4315
vn 0.3737 -0.9021 -0.2157
vn 0.3737 0.9021 0.2157
vn 0.0000 0.9021 0.4315
vn -0.3737 0.9021 0.2157
vn -0.3737 0.9021 -0.2157
vn 0.0000 0.9021 -0.4315
vn 0.3737 0.9021 -0.2157
vn 0.8152 0.3377 0.4706
vn 0.0000 0.3377 0.9413
vn -0.8152 0.3377 0.4706
vn -0.8152 0.3377 -0.4706
vn -0.0000 0.3377 -0.9413
vn 0.8152 0.3377 -0.4706
vn 0.8152 -0.3377 0.4706
vn 0.0000 -0.3377 0.9413
vn -0.8152 -0.3377 0.4706
vn -0.8152 -0.3377 -0.4706
vn -0.0000 -0.3377 -0.9413
vn 0.8152 -0.3377 -0.4706
vn 0.3737 -0.9021 0.2157
vn 0.0000 -0.9021 0.4315
vn -0.3737 -0.9021 0.2157
vn -0.3737 -0.9021 -0.2157
vn 0.0000 -0.9021 -0.4315
vn 0.3737 -0.9021 -0.2157
vn 0.3737 0.9021 0.2157
vn 0.0000 0.9021 0.4315
vn -0.3737 0.9021 0.2157
vn -0.3737 0.9021 -0.2157
vn 0.0000 0.9021 -0.4315
vn 0.3737 0.9021 -0.2157
vn 0.8152 0.3377 0.4706
vn 0.0000 0.3377 0.9413
vn -0.8152 0.3377 0.4706
vn -0.8152 0.3377 -0.4706
vn 0.0000 0.3377 -0.9413
vn 0.8152 0.3377 -0.4706
vn 0.8152 -0.3377 0.4706
vn 0.0000 -0.3377 0.9413
vn -0.8152 -0.3377 0.4706
vn -0.8152 -0.3377 -0.4706
vn 0.0000 -0.3377 -0.9413
vn 0.8152 -0.3377 -0.4706
vn 0.3737 -0.9021 0.2157
vn 0.0000 -0.9021 0.4315
vn -0.3737 -0.9021 0.2157
vn -0.3737 -0.9021 -0.2157
vn 0.0000 -0.9021 -0.4315
vn 0.3737 -0.9021 -0.2157
vn 0.3737 0.9021 0.2157
vn 0.0000 0.9021 0.4315
vn -0.3737 0.9021 0.2157
vn -0.3737 0.9021 -0.2157
vn 0.0000 0.9021 -0.4315
vn 0.3737 0.9021 -0.2157
vn 0.8152 0.3377 0.4706
vn 0.0000 0.3377 0.9413
vn -0.8152 0.3377 0.4706
vn -0.8152 0.3377 -0.4706
vn -0.0000 0.3377 -0.9413
vn 0.8152 0.3377 -0.4706
vn 0.8152 -0.3377 0.4706
vn 0.0000 -0.3377 0.9413
vn -0.8152 -0.3377 0.4706
vn -0.8152 -0.3377 -0.4706
vn -0.0000 -0.3377 -0.9413
vn 0.8152 -0.3377 -0.4706
vn 0.3737 -0.9021 0.2157
vn 0.0000 -0.9021 0.4315
vn -0.3737 -0.9021 0.2157
vn -0.3737 -0.9021 -0.2157
vn 0.0000 -0.9021 -0.4315
vn 0.3737 -0.9021 -0.2157
vn 0.3737 0.9021 0.2157
vn 0.0000 0.9021 0.4315
vn -0.3737 0.9021 0.2157
vn -0.3737 0.9021 -0.2157
vn 0.0000 0.9021 -0.4315
vn 0.3737 0.9021 -0.2157
vn 0.8152 0.3377 0.4706
vn 0.0000 0.3377 0.9413
vn -0.8152 0.3377 0.4706
vn -0.8152 0.3377 -0.4706
vn 0.0000 0.3377 -0.9413
vn 0.8152 0.3377 -0.4706
vn 0.8152 -0.3377 0.4706
vn 0.0000 -0.3377 0.9413
vn -0.8152 -0.3377 0.4706
vn -0.8152 -0.3377 -0.4706
vn 0.0000 -0.3377 -0.9413
vn 0.8152 -0.3377 -0.4706
vn 0.3737 -0.9021 0.2157
vn 0.0000 -0.9021 0.4315
vn -0.3737 -0.9021 0.2157
vn -0.3737 -0.9021 -0.2157
vn 0.0000 -0.9021 -0.4315
vn 0.3737 -0.9021 -0.2157
vn 0.3737 0.9021 0.2157
vn 0.0000 0.9021 0.4315
vn -0.3737 0.9021 0.2157
vn -0.3737 0.9021 -0.2157
vn 0.0000 0.9021 -0.4315
vn 0.3737 0.9021 -0.2157
vn 0.8152 0.3377 0.4706
vn 0.0000 0.3377 0.9413
vn -0.8152 0.3377 0.4706
vn -0.8152 0.3377 -0.4706
vn 0.0000 0.3377 -0.9413
vn 0.8152 0.3377 -0.4706
vn 0.8152 -0.3377 0.4706
vn 0.0000 -0.3377 0.9413
vn -0.8152 -0.3377 0.4706
vn -0.8152 -0.3377 -0.4706
vn 0.0000 -0.3377 -0.9413
vn 0.8152 -0.3377 -0.4706
vn 0.3737 -0.9021 0.2157
vn 0.0000 -0.9021 0.4315
vn -0.3737 -0.9021 0.2157
vn -0.3737 -0.9021 -0.2157
vn 0.0000 -0.9021 -0.4315
vn 0.3737 -0.9021 -0.2157
vn 0.3737 0.9021 0.2157
vn 0.0000 0.9021 0.4315
vn -0.3737 0.9021 0.2157
vn -0.3737 0.9021 -0.2157
vn 0.0000 0.9021 -0.4315
vn 0.3737 0.9021 -0.2157
vn 0.8152 0.3377 0.4706
vn 0.0000 0.3377 0.9413
vn -0.8152 0.3377 0.4706
vn -0.8152 0.3377 -0.4706
vn 0.0000 0.3377 -0.9413
vn 0.8152 0.3377 -0.4706
vn 0.8152 -0.3377 0.4706
vn 0.0000 -0.3377 0.9413
vn -0.8152 -0.3377 0.4706
vn -0.8152 -0.3377 -0.4706
vn 0.0000 -0.3377 -0.9413
vn 0.8152 -0.3377 -0.4706
vn 0.3737 -0.9021 0.2157
vn 0.0000 -0.9021 0.4315
vn -0.3737 -0.9021 0.2157
vn -0.3737 -0.9021 -0.2157
vn 0.0000 -0.9021 -0.4315
vn 0.3737 -0.9021 -0.2157
vn 0.3737 0.9021 0.2157
vn 0.0000 0.9021 0.4315
vn -0.3737 0.9021 0.2157
vn -0.3737 0.9021 -0.2157
vn 0.0000 0.9021 -0.4315
vn 0.3737 0.9021 -0.2157
vn 0.8152 0.3377 0.4706
vn 0.0000 0.3377 0.9413
vn -0.8152 0.3377 0.4706
vn -0.8152 0.3377 -0.4706
vn 0.0000 0.3377 -0.9413
vn 0.8152 0.3377 -0.4706
vn 0.8152 -0.3377 0.4706
vn 0.0000 -0.3377 0.9413
vn -0.8152 -0.3377 0.4706
vn -0.8152 -0.3377 -0.4706
vn 0.0000 -0.3377 -0.9413
vn 0.8152 -0.3377 -0.4706
vn 0.3737 -0.9021 0.2157
vn 0.0000 -0.9021 0.4315
vn -0.3737 -0.9021 0.2157
vn -0.3737 -0.9021 -0.2157
vn 0.0000 -0.9021 -0.4315
vn 0.3737 -0.9021 -0.2157
vn 0.3737 0.9021 0.2157
vn 0.0000 0.9021 0.4315
vn -0.3737 0.9021 0.2157
vn -0.3737 0.9021 -0.2157
vn -0.0000 0.9021 -0.4315
vn 0.3737 0.9021 -0.2157
vn 0.8152 0.3377 0.4706
vn 0.0000 0.3377 0.9413
vn -0.8152 0.3377 0.4706
vn -0.8152 0.3377 -0.4706
vn 0.0000 0.3377 -0.9413
vn 0.8152 0.3377 -0.4706
vn 0.8152 -0.3377 0.4706
vn 0.0000 -0.3377 0.9413
vn -0.8152 -0.3377 0.4706
vn -0.8152 -0.3377 -0.4706
vn 0.0000 -0.3377 -0.9413
vn 0.8152 -0.3377 -0.4706
vn 0.3737 -0.9021 0.2157
vn 0.0000 -0.9021 0.4315
vn -0.3737 -0.9021 0.2157
vn -0.3737 -0.9021 -0.2157
vn -0.0000 -0.9021 -0.4315
vn 0.3737 -0.9021 -0.2157
vn 0.3737 0.9021 0.2157
vn 0.0000 0.9021 0.4315
vn -0.3737 0.9021 0.2157
vn -0.3737 0.9021 -0.2157
vn -0.0000 0.9021 -0.4315
vn 0.3737 0.9021 -0.2157
vn 0.8152 0.3377 0.4706
vn 0.0000 0.3377 0.9413
vn -0.8152 0.3377 0.4706
vn -0.8152 0.3377 -0.4706
vn -0.0000 0.3377 -0.9413
vn 0.8152 0.3377 -0.4706
vn 0.8152 -0.3377 0.4706
vn 0.0000 -0.3377 0.9413
vn -0.8152 -0.3377 0.4706
vn -0.8152 -0.3377 -0.4706
vn -0.0000 -0.3377 -0.9413
vn 0.8152 -0.3377 -0.4706
vn 0.3737 -0.9021 0.2157
vn 0.0000 -0.9021 0.4315
vn -0.3737 -0.9021 0.2157
vn -0.3737 -0.9021 -0.2157
vn -0.0000 -0.9021 -0.4315
vn 0.3737 -0.9021 -0.2157
vn 0.3737 0.9021 0.2157
vn 0.0000 0.9021 0.4315
vn -0.3737 0.9021 0.2157
vn -0.3737 0.9021 -0.2157
vn 0.0000 0.9021 -0.4315
vn 0.3737 0.9021 -0.2157
vn 0.8152 0.3377 0.4706
vn 0.0000 0.3377 0.9413
vn -0.8152 0.3377 0.4706
vn -0.8152 0.3377 -0.4706
vn 0.0000 0.3377 -0.9413
vn 0.8152 0.3377 -0.4706
vn 0.8152 -0.3377 0.4706
vn 0.0000 -0.3377 0.9413
vn -0.8152 -0.3377 0.4706
vn -0.8152 -0.3377 -0.4706
vn 0.0000 -0.3377 -0.9413
vn 0.8152 -0.3377 -0.4706
vn 0.3737 -0.9021 0.2157
vn 0.0000 -0.9021 0.4315
vn -0.3737 -0.9021 0.2157
vn -0.3737 -0.9021 -0.2157
vn 0.0000 -0.9021 -0.4315
vn 0.3737 -0.9021 -0.2157
vn 0.3737 0.9021 0.2157
vn 0.0000 0.9021 0.4315
vn -0.3737 0.9021 0.2157
vn -0.3737 0.9021 -0.2157
vn 0.0000 0.9021 -0.4315
vn 0.3737 0.9021 -0.2157
vn 0.8152 0.3377 0.4706
vn 0.0000 0.3377 0.9413
vn -0.8152 0.3377 0.4706
vn -0.8152 0.3377 -0.4706
vn 0.0000 0.3377 -0.9413
vn 0.8152 0.3377 -0.4706
vn 0.8152 -0.3377 0.4706
vn 0.0000 -0.3377 0.9413
vn -0.8152 -0.3377 0.4706
vn -0.8152 -0.3377 -0.4706
vn 0.0000 -0.3377 -0.9413
vn 0.8152 -0.3377 -0.4706
vn 0.3737 -0.9021 0.2157
vn 0.0000 -0.9021 0.4315
vn -0.3737 -0.9021 0.2157
vn -0.3737 -0.9021 -0.2157
vn 0.0000 -0.9021 -0.4315
vn 0.3737 -0.9021 -0.2157
vn 0.3737 0.9021 0.2157
vn 0.0000 0.9021 0.4315
vn -0.3737 0.9021 0.2157
vn -0.3737 0.9021 -0.2157
vn 0.0000 0.9021 -0.4315
vn 0.3737 0.9021 -0.2157
vn 0.8152 0.3377 0.4706
vn 0.0000 0.3377 0.9413
vn -0.8152 0.3377 0.4706
vn -0.8152 0.3377 -0.4706
vn 0.0000 0.3377 -0.9413
vn 0.8152 0.3377 -0.4706
vn 0.8152 -0.3377 0.4706
vn 0.0000 -0.3377 0.9413
vn -0.8152 -0.3377 0.4706
vn -0.8152 -0.3377 -0.4706
vn 0.0000 -0.3377 -0.9413
vn 0.8152 -0.3377 -0.4706
vn 0.3737 -0.9021 0.2157
vn 0.0000 -0.9021 0.4315
vn -0.3737 -0.9021 0.2157
vn -0.3737 -0.9021 -0.2157
vn 0.0000 -0.9021 -0.4315
vn 0.3737 -0.9021 -0.2157
vn 0.3737 0.9021 0.2157
vn 0.0000 0.9021 0.4315
vn -0.3737 0.9021 0.2157
vn -0.3737 0.9021 -0.2157
vn -0.0000 0.9021 -0.4315
vn 0.3737 0.9021 -0.2157
vn 0.8152 0.3377 0.4706
vn 0.0000 0.3377 0.9413
vn -0.8152 0.3377 0.4706
vn -0.8152 0.3377 -0.4706
vn -0.0000 0.3377 -0.9413
vn 0.8152 0.3377 -0.4706
vn 0.8152 -0.3377 0.4706
vn 0.0000 -0.3377 0.9413
vn -0.8152 -0.3377 0.4706
vn -0.8152 -0.3377 -0.4706
vn -0.0000 -0.3377 -0.9413
vn 0.8152 -0.3377 -0.4706
vn 0.3737 -0.9021 0.2157
vn 0.0000 -0.9021 0.4315
vn -0.3737 -0.9021 0.2157
vn -0.3737 -0.9021 -0.2157
vn 0.0000 -0.9021 -0.4315
vn 0.3737 -0.9021 -0.2157
vn 0.3737 0.9021 0.2157
vn 0.0000 0.9021 0.4315
vn -0.3737 0.9021 0.2157
vn -0.3737 0.9021 -0.2157
vn 0.0000 0.9021 -0.4315
vn 0.3737 0.9021 -0.2157
vn 0.8152 0.3377 0.4706
vn 0.0000 0.3377 0.9413
vn -0.8152 0.3377 0.4706
vn -0.8152 0.3377 -0.4706
vn 0.0000 0.3377 -0.9413
vn 0.8152 0.3377 -0.4706
vn 0.8152 -0.3377 0.4706
vn 0.0000 -0.3377 0.9413
vn -0.8152 -0.3377 0.4706
vn -0.8152 -0.3377 -0.4706
vn 0.0000 -0.3377 -0.9413
vn 0.8152 -0.3377 -0.4706
vn 0.3737 -0.9021 0.2157
vn 0.0000 -0.9021 0.4315
vn -0.3737 -0.9021 0.2157
vn -0.3737 -0.9021 -0.2157
vn 0.0000 -0.9021 -0.4315
vn 0.3737 -0.9021 -0.2157
vn 0.3737 0.9021 0.2157
vn 0.0000 0.9021 0.4315
vn -0.3737 0.9021 0.2157
vn -0.3737 0.9021 -0.2157
vn 0.0000 0.9021 -0.4315
vn 0.3737 0.9021 -0.2157
vn 0.8152 0.3377 0.4706
vn 0.0000 0.3377 0.9413
vn -0.8152 0.3377 0.4706
vn -0.8152 0.3377 -0.4706
vn 0.0000 0.3377 -0.9413
vn 0.8152 0.3377 -0.4706
vn 0.8152 -0.3377 0.4706
vn 0.0000 -0.3377 0.9413
vn -0.8152 -0.3377 0.4706
vn -0.8152 -0.3377 -0.4706
vn 0.0000 -0.3377 -0.9413
vn 0.8152 -0.3377 -0.4706
vn 0.3737 -0.9021 0.2157
vn 0.0000 -0.9021 0.4315
vn -0.3737 -0.9021 0.2157
vn -0.3737 -0.9021 -0.2157
vn 0.0000 -0.9021 -0.4315
vn 0.3737 -0.9021 -0.2157
vn 0.3737 0.9021 0.2157
vn 0.0000 0.9021 0.4315
vn -0.3737 0.9021 0.2157
vn -0.3737 0.9021 -0.2157
vn 0.0000 0.9021 -0.4315
vn 0.3737 0.9021 -0.2157
vn 0.8152 0.3377 0.4706
vn 0.0000 0.3377 0.9413
vn -0.8152 0.3377 0.4706
vn -0.8152 0.3377 -0.4706
vn 0.0000 0.3377 -0.9413
vn 0.8152 0.3377 -0.4706
vn 0.8152 -0.3377 0.4706
vn 0.0000 -0.3377 0.9413
vn -0.8152 -0.3377 0.4706
vn -0.8152 -0.3377 -0.4706
vn 0.0000 -0.3377 -0.9413
vn 0.8152 -0.3377 -0.4706
vn 0.3737 -0.9021 0.2157
vn 0.0000 -0.9021 0.4315
vn -0.3737 -0.9021 0.2157
vn -0.3737 -0.9021 -0.2157
vn 0.0000 -0.9021 -0.4315
vn 0.3737 -0.9021 -0.2157
vn 0.3737 0.9021 0.2157
vn 0.0000 0.9021 0.4315
vn -0.3737 0.9021 0.2157
vn -0.3737 0.9021 -0.2157
vn 0.0000 0.9021 -0.4315
vn 0.3737 0.9021 -0.2157
vn 0.8152 0.3377 0.4706
vn 0.0000 0.3377 0.9413
vn -0.8152 0.3377 0.4706
vn -0.8152 0.3377 -0.4706
vn 0.0000 0.3377 -0.9413
vn 0.8152 0.3377 -0.4706
vn 0.8152 -0.3377 0.4706
vn 0.0000 -0.3377 0.9413
vn -0.8152 -0.3377 0.4706
vn -0.8152 -0.3377 -0.4706
vn 0.0000 -0.3377 -0.9413
vn 0.8152 -0.3377 -0.4706
vn 0.3737 -0.9021 0.2157
vn 0.0000 -0.9021 0.4315
vn -0.3737 -0.9021 0.2157
vn -0.3737 -0.9021 -0.2157
vn 0.0000 -0.9021 -0.4315
vn 0.3737 -0.9021 -0.2157
vn 0.3737 0.9021 0.2157
vn 0.0000 0.9021 0.4315
vn -0.3737 0.9021 0.2157
vn -0.3737 0.9021 -0.2157
vn 0.0000 0.9021 -0.4315
vn 0.3737 0.9021 -0.2157
vn 0.8152 0.3377 0.4706
vn 0.0000 0.3377 0.9413
vn -0.8152 0.3377 0.4706
vn -0.8152 0.3377 -0.4706
vn 0.0000 0.3377 -0.9413
vn 0.8152 0.3377 -0.4706
vn 0.8152 -0.3377 0.4706
vn 0.0000 -0.3377 0.9413
vn -0.8152 -0.3377 0.4706
vn -0.8152 -0.3377 -0.4706
vn 0.0000 -0.3377 -0.9413
vn 0.8152 -0.3377 -0.4706
vn 0.3737 -0.9021 0.2157
vn 0.0000 -0.9021 0.4315
vn -0.3737 -0.9021 0.2157
vn -0.3737 -0.9021 -0.2157
vn 0.0000 -0.9021 -0.4315
vn 0.3737 -0.9021 -0.2157
vn 0.3737 0.9021 0.2157
vn 0.0000 0.9021 0.4315
vn -0.3737 0.9021 0.2157
vn -0.3737 0.9021 -0.2157
vn 0.0000 0.9021 -0.4315
vn 0.3737 0.9021 -0.2157
vn 0.8152 0.3377 0.4706
vn 0.0000 0.3377 0.9413
vn -0.8152 0.3377 0.4706
vn -0.8152 0.3377 -0.4706
vn 0.0000 0.3377 -0.9413
vn 0.8152 0.3377 -0.4706
vn 0.8152 -0.3377 0.4706
vn 0.0000 -0.3377 0.9413
vn -0.8152 -0.3377 0.4706
vn -0.8152 -0.3377 -0.4706
vn 0.0000 -0.3377 -0.9413
vn 0.8152 -0.3377 -0.4706
vn 0.3737 -0.9021 0.2157
vn 0.0000 -0.9021 0.4315
vn -0.3737 -0.9021 0.2157
vn -0.3737 -0.9021 -0.2157
vn 0.0000 -0.9021 -0.4315
vn 0.3737 -0.9021 -0.2157
vn 0.3737 0.9021 0.2157
vn 0.0000 0.9021 0.4315
vn -0.3737 0.9021 0.2157
vn -0.3737 0.9021 -0.2157
vn 0.0000 0.9021 -0.4315
vn 0.3737 0.9021 -0.2157
vn 0.8152 0.3377 0.4706
vn 0.0000 0.3377 0.9413
vn -0.8152 0.3377 0.4706
vn -0.8152 0.3377 -0.4706
vn 0.0000 0.3377 -0.9413
vn 0.8152 0.3377 -0.4706
vn 0.8152 -0.3377 0.4706
vn 0.0000 -0.3377 0.9413
vn -0.8152 -0.3377 0.4706
vn -0.8152 -0.3377 -0.4706
vn 0.0000 -0.3377 -0.9413
vn 0.8152 -0.3377 -0.4706
vn 0.3737 -0.9021 0.2157
vn 0.0000 -0.9021 0.4315
vn -0.3737 -0.9021 0.2157
vn -0.3737 -0.9021 -0.2157
vn 0.0000 -0.9021 -0.4315
vn 0.3737 -0.9021 -0.2157
vn 0.3737 0.9021 0.2157
vn 0.0000 0.9021 0.4315
vn -0.3737 0.9021 0.2157
vn -0.3737 0.9021 -0.2157
vn -0.0000 0.9021 -0.4315
vn 0.3737 0.9021 -0.2157
vn 0.8152 0.3377 0.4706
vn 0.0000 0.3377 0.9413
vn -0.8152 0.3377 0.4706
vn -0.8152 0.3377 -0.4706
vn -0.0000 0.3377 -0.9413
vn 0.8152 0.3377 -0.4706
vn 0.8152 -0.3377 0.4706
vn 0.0000 -0.3377 0.9413
vn -0.8152 -0.3377 0.4706
vn -0.8152 -0.3377 -0.4706
vn -0.0000 -0.3377 -0.9413
vn 0.8152 -0.3377 -0.4706
vn 0.3737 -0.9021 0.2157
vn 0.0000 -0.9021 0.4315
vn -0.3737 -0.9021 0.2157
vn -0.3737 -0.9021 -0.2157
vn -0.0000 -0.9021 -0.4315
vn 0.3737 -0.9021 -0.2157
vn 0.3737 0.9021 0.2157
vn 0.0000 0.9021 0.4315
vn -0.3737 0.9021 0.2157
vn -0.3737 0.9021 -0.2157
vn 0.0000 0.9021 -0.4315
vn 0.3737 0.9021 -0.2157
vn 0.8152 0.3377 0.4706
vn 0.0000 0.3377 0.9413
vn -0.8152 0.3377 0.4706
vn -0.8152 0.3377 -0.4706
vn 0.0000 0.3377 -0.9413
vn 0.8152 0.3377 -0.4706
vn 0.8152 -0.3377 0.4706
vn 0.0000 -0.3377 0.9413
vn -0.8152 -0.3377 0.4706
vn -0.8152 -0.3377 -0.4706
vn 0.0000 -0.3377 -0.9413
vn 0.8152 -0.3377 -0.4706
vn 0.3737 -0.9021 0.2157
vn 0.0000 -0.9021 0.4315
vn -0.3737 -0.9021 0.2157
vn -0.3737 -0.9021 -0.2157
vn 0.0000 -0.9021 -0.4315
vn 0.3737 -0.9021 -0.2157
vn 0.3737 0.9021 0.2157
vn 0.0000 0.9021 0.4315
vn -0.3737 0.9021 0.2157
vn -0.3737 0.9021 -0.2157
vn 0.0000 0.9021 -0.4315
vn 0.3737 0.9021 -0.2157
vn 0.8152 0.3377 0.4706
vn 0.0000 0.3377 0.9413
vn -0.8152 0.3377 0.4706
vn -0.8152 0.3377 -0.4706
vn 0.0000 0.3377 -0.9413
vn 0.8152 0.3377 -0.4706
vn 0.8152 -0.3377 0.4706
vn 0.0000 -0.3377 0.9413
vn -0.8152 -0.3377 0.4706
vn -0.8152 -0.3377 -0.4706
vn 0.0000 -0.3377 -0.9413
vn 0.8152 -0.3377 -0.4706
vn 0.3737 -0.9021 0.2157
vn 0.0000 -0.9021 0.4315
vn -0.3737 -0.9021 0.2157
vn -0.3737 -0.9021 -0.2157
vn 0.0000 -0.9021 -0.4315
vn 0.3737 -0.9021 -0.2157
vn 0.3737 0.9021 0.2157
vn 0.0000 0.9021 0.4315
vn -0.3737 0.9021 0.2157
vn -0.3737 0.9021 -0.2157
vn 0.0000 0.9021 -0.4315
vn 0.3737 0.9021 -0.2157
vn 0.8152 0.3377 0.4706
vn 0.0000 0.3377 0.9413
vn -0.8152 0.3377 0.4706
vn -0.8152 0.3377 -0.4706
vn 0.0000 0.3377 -0.9413
vn 0.8152 0.3377 -0.4706
vn 0.8152 -0.3377 0.4706
vn 0.0000 -0.3377 0.9413
vn -0.8152 -0.3377 0.4706
vn -0.8152 -0.3377 -0.4706
vn 0.0000 -0.3377 -0.9413
vn 0.8152 -0.3377 -0.4706
vn 0.3737 -0.9021 0.2157
vn 0.0000 -0.9021 0.4315
vn -0.3737 -0.9021 0.2157
vn -0.3737 -0.9021 -0.2157
vn 0.0000 -0.9021 -0.4315
vn 0.3737 -0.9021 -0.2157
vn 0.3737 0.9021 0.2157
vn 0.0000 0.9021 0.4315
vn -0.3737 0.9021 0.2157
vn -0.3737 0.9021 -0.2157
vn -0.0000 0.9021 -0.4315
vn 0.3737 0.9021 -0.2157
vn 0.8152 0.3377 0.4706
vn 0.0000 0.3377 0.9413
vn -0.8152 0.3377 0.4706
vn -0.8152 0.3377 -0.4706
vn 0.0000 0.3377 -0.9413
vn 0.8152 0.3377 -0.4706
vn 0.8152 -0.3377 0.4706
vn 0.0000 -0.3377 0.9413
vn -0.8152 -0.3377 0.4706
vn -0.8152 -0.3377 -0.4706
vn 0.0000 -0.3377 -0.9413
vn 0.8152 -0.3377 -0.4706
vn 0.3737 -0.9021 0.2157
vn 0.0000 -0.9021 0.4315
vn -0.3737 -0.9021 0.2157
vn -0.3737 -0.9021 -0.2157
vn 0.0000 -0.9021 -0.4315
vn 0.3737 -0.9021 -0.2157
vn 0.3737 0.9021 0.2157
vn 0.0000 0.9021 0.4315
vn -0.3737 0.9021 0.2157
vn -0.3737 0.9021 -0.2157
vn 0.0000 0.9021 -0.4315
vn 0.3737 0.9021 -0.2157
vn 0.8152 0.3377 0.4706
vn 0.0000 0.3377 0.9413
vn -0.8152 0.3377 0.4706
vn -0.8152 0.3377 -0.4706
vn 0.0000 0.3377 -0.9413
vn 0.8152 0.3377 -0.4706
vn 0.8152 -0.3377 0.4706
vn 0.0000 -0.3377 0.9413
vn -0.8152 -0.3377 0.4706
vn -0.8152 -0.3377 -0.4706
vn 0.0000 -0.3377 -0.9413
vn 0.8152 -0.3377 -0.4706
vn 0.3737 -0.9021 0.2157
vn 0.0000 -0.9021 0.4315
vn -0.3737 -0.9021 0.2157
vn -0.3737 -0.9021 -0.2157
vn 0.0000 -0.9021 -0.4315
vn 0.3737 -0.9021 -0.2157
vn 0.3737 0.9021 0.2157
vn 0.0000 0.9021 0.4315
vn -0.3737 0.9021 0.2157
vn -0.3737 0.9021 -0.2157
vn 0.0000 0.9021 -0.4315
vn 0.3737 0.9021 -0.2157
vn 0.8152 0.3377 0.4706
vn 0.0000 0.3377 0.9413
vn -0.8152 0.3377 0.4706
vn -0.8152 0.3377 -0.4706
vn 0.0000 0.3377 -0.9413
vn 0.8152 0.3377 -0.4706
vn 0.8152 -0.3377 0.4706
vn 0.0000 -0.3377 0.9413
vn -0.8152 -0.3377 0.4706
vn -0.8152 -0.3377 -0.4706
vn 0.0000 -0.3377 -0.9413
vn 0.8152 -0.3377 -0.4706
vn 0.3737 -0.9021 0.2157
vn 0.0000 -0.9021 0.4315
vn -0.3737 -0.9021 0.2157
vn -0.3737 -0.9021 -0.2157
vn 0.0000 -0.9021 -0.4315
vn 0.3737 -0.9021 -0.2157
vn 0.3737 0.9021 0.2157
vn 0.0000 0.9021 0.4315
vn -0.3737 0.9021 0.2157
vn -0.3737 0.9021 -0.2157
vn 0.0000 0.9021 -0.4315
vn 0.3737 0.9021 -0.2157
vn 0.8152 0.3377 0.4706
vn 0.0000 0.3377 0.9413
vn -0.8152 0.3377 0.4706
vn -0.8152 0.3377 -0.4706
vn 0.0000 0.3377 -0.9413
vn 0.8152 0.3377 -0.4706
vn 0.8152 -0.3377 0.4706
vn 0.0000 -0.3377 0.9413
vn -0.8152 -0.3377 0.4706
vn -0.8152 -0.3377 -0.4706
vn 0.0000 -0.3377 -0.9413
vn 0.8152 -0.3377 -0.4706
vn 0.3737 -0.9021 0.2157
vn 0.0000 -0.9021 0.4315
vn -0.3737 -0.9021 0.2157
vn -0.3737 -0.9021 -0.2157
vn 0.0000 -0.9021 -0.4315
vn 0.3737 -0.9021 -0.2157
vn 0.3737 0.9021 0.2157
vn 0.0000 0.9021 0.4315
vn -0.3737 0.9021 0.2157
vn -0.3737 0.9021 -0.2157
vn 0.0000 0.9021 -0.4315
vn 0.3737 0.9021 -0.2157
vn 0.8152 0.3377 0.4706
vn 0.0000 0.3377 0.9413
vn -0.8152 0.3377 0.4706
vn -0.8152 0.3377 -0.4706
vn 0.0000 0.3377 -0.9413
vn 0.8152 0.3377 -0.4706
vn 0.8152 -0.3377 0.4706
vn 0.0000 -0.3377 0.9413
vn -0.8152 -0.3377 0.4706
vn -0.8152 -0.3377 -0.4706
vn 0.0000 -0.3377 -0.9413
vn 0.8152 -0.3377 -0.4706
vn 0.3737 -0.9021 0.2157
vn 0.0000 -0.9021 0.4315
vn -0.3737 -0.9021 0.2157
vn -0.3737 -0.9021 -0.2157
vn 0.0000 -0.9021 -0.4315
vn 0.3737 -0.9021 -0.2157
vn 0.3737 0.9021 0.2157
vn 0.0000 0.9021 0.4315
vn -0.3737 0.9021 0.2157
vn -0.3737 0.9021 -0.2157
vn 0.0000 0.9021 -0.4315
vn 0.3737 0.9021 -0.2157
vn 0.8152 0.3377 0.4706
vn 0.0000 0.3377 0.9413
vn -0.8152 0.3377 0.4706
vn -0.8152 0.3377 -0.4706
vn 0.0000 0.3377 -0.9413
vn 0.8152 0.3377 -0.4706
vn 0.8152 -0.3377 0.4706
vn 0.0000 -0.3377 0.9413
vn -0.8152 -0.3377 0.4706
vn -0.8152 -0.3377 -0.4706
vn 0.0000 -0.3377 -0.9413
vn 0.8152 -0.3377 -0.4706
vn 0.3737 -0.9021 0.2157
vn 0.0000 -0.9021 0.4315
vn -0.3737 -0.9021 0.2157
vn -0.3737 -0.9021 -0.2157
vn 0.0000 -0.9021 -0.4315
vn 0.3737 -0.9021 -0.2157
vn 0.3737 0.9021 0.2157
vn 0.0000 0.9021 0.4315
vn -0.3737 0.9021 0.2157
vn -0.3737 0.9021 -0.2157
vn 0.0000 0.9021 -0.4315
vn 0.3737 0.9021 -0.2157
vn 0.8152 0.3377 0.4706
vn 0.0000 0.3377 0.9413
vn -0.8152 0.3377 0.4706
vn -0.8152 0.3377 -0.4706
vn 0.0000 0.3377 -0.9413
vn 0.8152 0.3377 -0.4706
vn 0.8152 -0.3377 0.4706
vn 0.0000 -0.3377 0.9413
vn -0.8152 -0.3377 0.4706
vn -0.8152 -0.3377 -0.4706
vn 0.0000 -0.3377 -0.9413
vn 0.8152 -0.3377 -0.4706
vn 0.3737 -0.9021 0.2157
vn 0.0000 -0.9021 0.4315
vn -0.3737 -0.9021 0.2157
vn -0.3737 -0.9021 -0.2157
vn 0.0000 -0.9021 -0.4315
vn 0.3737 -0.9021 -0.2157
vn 0.3737 0.9021 0.2157
vn 0.0000 0.9021 0.4315
vn -0.3737 0.9021 0.2157
vn -0.3737 0.9021 -0.2157
vn 0.0000 0.9021 -0.4315
vn 0.3737 0.9021 -0.2157
vn 0.8152 0.3377 0.4706
vn 0.0000 0.3377 0.9413
vn -0.8152 0.3377 0.4706
vn -0.8152 0.3377 -0.4706
vn 0.0000 0.3377 -0.9413
vn 0.8152 0.3377 -0.4706
vn 0.8152 -0.3377 0.4706
vn 0.0000 -0.3377 0.9413
vn -0.8152 -0.3377 0.4706
vn -0.8152 -0.3377 -0.4706
vn 0.0000 -0.3377 -0.9413
vn 0.8152 -0.3377 -0.4706
vn 0.3737 -0.9021 0.2157
vn 0.0000 -0.9021 0.4315
vn -0.3737 -0.9021 0.2157
vn -0.3737 -0.9021 -0.2157
vn 0.0000 -0.9021 -0.4315
vn 0.3737 -0.9021 -0.2157
vn 0.3737 0.9021 0.2157
vn 0.0000 0.9021 0.4315
vn -0.3737 0.9021 0.2157
vn -0.3737 0.9021 -0.2157
vn 0.0000 0.9021 -0.4315
vn 0.3737 0.9021 -0.2157
vn 0.8152 0.3377 0.4706
vn 0.0000 0.3377 0.9413
vn -0.8152 0.3377 0.4706
vn -0.8152 0.3377 -0.4706
vn 0.0000 0.3377 -0.9413
vn 0.8152 0.3377 -0.4706
vn 0.8152 -0.3377 0.4706
vn 0.0000 -0.3377 0.9413
vn -0.8152 -0.3377 0.4706
vn -0.8152 -0.3377 -0.4706
vn 0.0000 -0.3377 -0.9413
vn 0.8152 -0.3377 -0.4706
vn 0.3737 -0.9021 0.2157
vn 0.0000 -0.9021 0.4315
vn -0.3737 -0.9021 0.2157
vn -0.3737 -0.9021 -0.2157
vn 0.0000 -0.9021 -0.4315
vn 0.3737 -0.9021 -0.2157
vn 0.3737 0.9021 0.2157
vn 0.0000 0.9021 0.4315
vn -0.3737 0.9021 0.2157
vn -0.3737 0.9021 -0.2157
vn 0.0000 0.9021 -0.4315
vn 0.3737 0.9021 -0.2157
vn 0.8152 0.3377 0.4706
vn 0.0000 0.3377 0.9413
vn -0.8152 0.3377 0.4706
vn -0.8152 0.3377 -0.4706
vn 0.0000 0.3377 -0.9413
vn 0.8152 0.3377 -0.4706
vn 0.8152 -0.3377 0.4706
vn 0.0000 -0.3377 0.9413
vn -0.8152 -0.3377 0.4706
vn -0.8152 -0.3377 -0.4706
vn 0.0000 -0.3377 -0.9413
vn 0.8152 -0.3377 -0.4706
vn 0.3737 -0.9021 0.2157
vn 0.0000 -0.9021 0.4315
vn -0.3737 -0.9021 0.2157
vn -0.3737 -0.9021 -0.2157
vn 0.0000 -0.9021 -0.4315
vn 0.3737 -0.9021 -0.2157
vn 0.3737 0.9021 0.2157
vn 0.0000 0.9021 0.4315
vn -0.3737 0.9021 0.2157
vn -0.3737 0.9021 -0.2157
vn 0.0000 0.9021 -0.4315
vn 0.3737 0.9021 -0.2157
vn 0.8152 0.3377 0.4706
vn 0.0000 0.3377 0.9413
vn -0.8152 0.3377 0.4706
vn -0.8152 0.3377 -0.4706
vn 0.0000 0.3377 -0.9413
vn 0.8152 0.3377 -0.4706
vn 0.8152 -0.3377 0.4706
vn 0.0000 -0.3377 0.9413
vn -0.8152 -0.3377 0.4706
vn -0.8152 -0.3377 -0.4706
vn 0.0000 -0.3377 -0.9413
vn 0.8152 -0.3377 -0.4706
vn 0.3737 -0.9021 0.2157
vn 0.0000 -0.9021 0.4315
vn -0.3737 -0.9021 0.2157
vn -0.3737 -0.9021 -0.2157
vn 0.0000 -0.9021 -0.4315
vn 0.3737 -0.9021 -0.2157
vn 0.3737 0.9021 0.2157
vn 0.0000 0.9021 0.4315
vn -0.3737 0.9021 0.2157
vn -0.3737 0.9021 -0.2157
vn 0.0000 0.9021 -0.4315
vn 0.3737 0.9021 -0.2157
vn 0.8152 0.3377 0.4706
vn 0.0000 0.3377 0.9413
vn -0.8152 0.3377 0.4706
vn -0.8152 0.3377 -0.4706
vn 0.0000 0.3377 -0.9413
vn 0.8152 0.3377 -0.4706
vn 0.8152 -0.3377 0.4706
vn 0.0000 -0.3377 0.9413
vn -0.8152 -0.3377 0.4706
vn -0.8152 -0.3377 -0.4706
vn 0.0000 -0.3377 -0.9413
vn 0.8152 -0.3377 -0.4706
vn 0.3737 -0.9021 0.2157
vn 0.0000 -0.9021 0.4315
vn -0.3737 -0.9021 0.2157
vn -0.3737 -0.9021 -0.2157
vn 0.0000 -0.9021 -0.4315
vn 0.3737 -0.9021 -0.2157
vn 0.3737 0.9021 0.2157
vn 0.0000 0.9021 0.4315
vn -0.3737 0.9021 0.2157
vn -0.3737 0.9021 -0.2157
vn 0.0000 0.9021 -0.4315
vn 0.3737 0.9021 -0.2157
vn 0.8152 0.3377 0.4706
vn 0.0000 0.3377 0.9413
vn -0.8152 0.3377 0.4706
vn -0.8152 0.3377 -0.4706
vn 0.0000 0.3377 -0.9413
vn 0.8152 0.3377 -0.4706
vn 0.8152 -0.3377 0.4706
vn 0.0000 -0.3377 0.9413
vn -0.8152 -0.3377 0.4706
vn -0.8152 -0.3377 -0.4706
vn 0.0000 -0.3377 -0.9413
vn 0.8152 -0.3377 -0.4706
vn 0.3737 -0.9021 0.2157
vn 0.0000 -0.9021 0.4315
vn -0.3737 -0.9021 0.2157
vn -0.3737 -0.9021 -0.2157
vn 0.0000 -0.9021 -0.4315
vn 0.3737 -0.9021 -0.2157
vn 0.3737 0.9021 0.2157
vn 0.0000 0.9021 0.4315
vn -0.3737 0.9021 0.2157
vn -0.3737 0.9021 -0.2157
vn 0.0000 0.9021 -0.4315
vn 0.3737 0.9021 -0.2157
vn 0.8152 0.3377 0.4706
vn 0.0000 0.3377 0.9413
vn -0.8152 0.3377 0.4706
vn -0.8152 0.3377 -0.4706
vn 0.0000 0.3377 -0.9413
vn 0.8152 0.3377 -0.4706
vn 0.8152 -0.3377 0.4706
vn 0.0000 -0.3377 0.9413
vn -0.8152 -0.3377 0.4706
vn -0.8152 -0.3377 -0.4706
vn 0.0000 -0.3377 -0.9413
vn 0.8152 -0.3377 -0.4706
vn 0.3737 -0.9021 0.2157
vn 0.0000 -0.9021 0.4315
vn -0.3737 -0.9021 0.2157
vn -0.3737 -0.9021 -0.2157
vn 0.0000 -0.9021 -0.4315
vn 0.3737 -0.9021 -0.2157
vn 0.3737 0.9021 0.2157
vn 0.0000 0.9021 0.4315
vn -0.3737 0.9021 0.2157
vn -0.3737 0.9021 -0.2157
vn 0.0000 0.9021 -0.4315
vn 0.3737 0.9021 -0.2157
vn 0.8152 0.3377 0.4706
vn 0.0000 0.3377 0.9413
vn -0.8152 0.3377 0.4706
vn -0.8152 0.3377 -0.4706
vn 0.0000 0.3377 -0.9413
vn 0.8152 0.3377 -0.4706
vn 0.8152 -0.3377 0.4706
vn 0.0000 -0.3377 0.9413
vn -0.8152 -0.3377 0.4706
vn -0.8152 -0.3377 -0.4706
vn 0.0000 -0.3377 -0.9413
vn 0.8152 -0.3377 -0.4706
vn 0.3737 -0.9021 0.2157
vn 0.0000 -0.9021 0.4315
vn -0.3737 -0.9021 0.2157
vn -0.3737 -0.9021 -0.2157
vn 0.0000 -0.9021 -0.4315
vn 0.3737 -0.9021 -0.2157
vn 0.3737 0.9021 0.2157
vn 0.0000 0.9021 0.4315
vn -0.3737 0.9021 0.2157
vn -0.3737 0.9021 -0.2157
vn 0.0000 0.9021 -0.4315
vn 0.3737 0.9021 -0.2157
vn 0.8152 0.3377 0.4706
vn 0.0000 0.3377 0.9413
vn -0.8152 0.3377 0.4706
vn -0.8152 0.3377 -0.4706
vn 0.0000 0.3377 -0.9413
vn 0.8152 0.3377 -0.4706
vn 0.8152 -0.3377 0.4706
vn 0.0000 -0.3377 0.9413
vn -0.8152 -0.3377 0.4706
vn -0.8152 -0.3377 -0.4706
vn 0.0000 -0.3377 -0.9413
vn 0.8152 -0.3377 -0.4706
vn 0.3737 -0.9021 0.2157
vn 0.0000 -0.9021 0.4315
vn -0.3737 -0.9021 0.2157
vn -0.3737 -0.9021 -0.2157
vn 0.0000 -0.9021 -0.4315
vn 0.3737 -0.9021 -0.2157
vn 0.3737 0.9021 0.2157
vn 0.0000 0.9021 0.4315
vn -0.3737 0.9021 0.2157
vn -0.3737 0.9021 -0.2157
vn -0.0000 0.9021 -0.4315
vn 0.3737 0.9021 -0.2157
vn 0.8152 0.3377 0.4706
vn 0.0000 0.3377 0.9413
vn -0.8152 0.3377 0.4706
vn -0.8152 0.3377 -0.4706
vn -0.0000 0.3377 -0.9413
vn 0.8152 0.3377 -0.4706
vn 0.8152 -0.3377 0.4706
vn 0.0000 -0.3377 0.9413
vn -0.8152 -0.3377 0.4706
vn -0.8152 -0.3377 -0.4706
vn -0.0000 -0.3377 -0.9413
vn 0.8152 -0.3377 -0.4706
vn 0.3737 -0.9021 0.2157
vn 0.0000 -0.9021 0.4315
vn -0.3737 -0.9021 0.2157
vn -0.3737 -0.9021 -0.2157
vn 0.0000 -0.9021 -0.4315
vn 0.3737 -0.9021 -0.2157
vn 0.3737 0.9021 0.2157
vn 0.0000 0.9021 0.4315
vn -0.3737 0.9021 0.2157
vn -0.3737 0.9021 -0.2157
vn 0.0000 0.9021 -0.4315
vn 0.3737 0.9021 -0.2157
vn 0.8152 0.3377 0.4706
vn 0.0000 0.3377 0.9413
vn -0.8152 0.3377 0.4706
vn -0.8152 0.3377 -0.4706
vn 0.0000 0.3377 -0.9413
vn 0.8152 0.3377 -0.4706
vn 0.8152 -0.3377 0.4706
vn 0.0000 -0.3377 0.9413
vn -0.8152 -0.3377 0.4706
vn -0.8152 -0.3377 -0.4706
vn 0.0000 -0.3377 -0.9413
vn 0.8152 -0.3377 -0.4706
vn 0.3737 -0.9021 0.2157
vn 0.0000 -0.9021 0.4315
vn -0.3737 -0.9021 0.2157
vn -0.3737 -0.9021 -0.2157
vn 0.0000 -0.9021 -0.4315
vn 0.3737 -0.9021 -0.2157
vn 0.3737 0.9021 0.2157
vn 0.0000 0.9021 0.4315
vn -0.3737 0.9021 0.2157
vn -0.3737 0.9021 -0.2157
vn 0.0000 0.9021 -0.4315
vn 0.3737 0.9021 -0.2157
vn 0.8152 0.3377 0.4706
vn 0.0000 0.3377 0.9413
vn -0.8152 0.3377 0.4706
vn -0.8152 0.3377 -0.4706
vn 0.0000 0.3377 -0.9413
vn 0.8152 0.3377 -0.4706
vn 0.8152 -0.3377 0.4706
vn 0.0000 -0.3377 0.9413
vn -0.8152 -0.3377 0.4706
vn -0.8152 -0.3377 -0.4706
vn 0.0000 -0.3377 -0.9413
vn 0.8152 -0.3377 -0.4706
vn 0.3737 -0.9021 0.2157
vn 0.0000 -0.9021 0.4315
vn -0.3737 -0.9021 0.2157
vn -0.3737 -0.9021 -0.2157
vn 0.0000 -0.9021 -0.4315
vn 0.3737 -0.9021 -0.2157
vn 0.3737 0.9021 0.2157
vn 0.0000 0.9021 0.4315
vn -0.3737 0.9021 0.2157
vn -0.3737 0.9021 -0.2157
vn -0.0000 0.9021 -0.4315
vn 0.3737 0.9021 -0.2157
vn 0.8152 0.3377 0.4706
vn 0.0000 0.3377 0.9413
vn -0.8152 0.3377 0.4706
vn -0.8152 0.3377 -0.4706
vn -0.0000 0.3377 -0.9413
vn 0.8152 0.3377 -0.4706
vn 0.8152 -0.3377 0.4706
vn 0.0000 -0.3377 0.9413
vn -0.8152 -0.3377 0.4706
vn -0.8152 -0.3377 -0.4706
vn -0.0000 -0.3377 -0.9413
vn 0.8152 -0.3377 -0.4706
vn 0.3737 -0.9021 0.2157
vn 0.0000 -0.9021 0.4315
vn -0.3737 -0.9021 0.2157
vn -0.3737 -0.9021 -0.2157
vn 0.0000 -0.9021 -0.4315
vn 0.3737 -0.9021 -0.2157
vn 0.3737 0.9021 0.2157
vn 0.0000 0.9021 0.4315
vn -0.3737 0.9021 0.2157
vn -0.3737 0.9021 -0.2157
vn 0.0000 0.9021 -0.4315
vn 0.3737 0.9021 -0.2157
vn 0.8152 0.3377 0.4706
vn 0.0000 0.3377 0.9413
vn -0.8152 0.3377 0.4706
vn -0.8152 0.3377 -0.4706
vn 0.0000 0.3377 -0.9413
vn 0.8152 0.3377 -0.4706
vn 0.8152 -0.3377 0.4706
vn 0.0000 -0.3377 0.9413
vn -0.8152 -0.3377 0.4706
vn -0.8152 -0.3377 -0.4706
vn 0.0000 -0.3377 -0.9413
vn 0.8152 -0.3377 -0.4706
vn 0.3737 -0.9021 0.2157
vn 0.0000 -0.9021 0.4315
vn -0.3737 -0.9021 0.2157
vn -0.3737 -0.9021 -0.2157
vn 0.0000 -0.9021 -0.4315
vn 0.3737 -0.9021 -0.2157
vn 0.3737 0.9021 0.2157
vn 0.0000 0.9021 0.4315
vn -0.3737 0.9021 0.2157
vn -0.3737 0.9021 -0.2157
vn 0.0000 0.9021 -0.4315
vn 0.3737 0.9021 -0.2157
vn 0.8152 0.3377 0.4706
vn 0.0000 0.3377 0.9413
vn -0.8152 0.3377 0.4706
vn -0.8152 0.3377 -0.4706
vn 0.0000 0.3377 -0.9413
vn 0.8152 0.3377 -0.4706
vn 0.8152 -0.3377 0.4706
vn 0.0000 -0.3377 0.9413
vn -0.8152 -0.3377 0.4706
vn -0.8152 -0.3377 -0.4706
vn 0.0000 -0.3377 -0.9413
vn 0.8152 -0.3377 -0.4706
vn 0.3737 -0.9021 0.2157
vn 0.0000 -0.9021 0.4315
vn -0.3737 -0.9021 0.2157
vn -0.3737 -0.9021 -0.2157
vn 0.0000 -0.9021 -0.4315
vn 0.3737 -0.9021 -0.2157
vn 0.3737 0.9021 0.2157
vn 0.0000 0.9021 0.4315
vn -0.3737 0.9021 0.2157
vn -0.3737 0.9021 -0.2157
vn 0.0000 0.9021 -0.4315
vn 0.3737 0.9021 -0.2157
vn 0.8152 0.3377 0.4706
vn 0.0000 0.3377 0.9413
vn -0.8152 0.3377 0.4706
vn -0.8152 0.3377 -0.4706
vn 0.0000 0.3377 -0.9413
vn 0.8152 0.3377 -0.4706
vn 0.8152 -0.3377 0.4706
vn 0.0000 -0.3377 0.9413
vn -0.8152 -0.3377 0.4706
vn -0.8152 -0.3377 -0.4706
vn 0.0000 -0.3377 -0.9413
vn 0.8152 -0.3377 -0.4706
vn 0.3737 -0.9021 0.2157
vn 0.0000 -0.9021 0.4315
vn -0.3737 -0.9021 0.2157
vn -0.3737 -0.9021 -0.2157
vn 0.0000 -0.9021 -0.4315
vn 0.3737 -0.9021 -0.2157
vn 0.3737 0.9021 0.2157
vn 0.0000 0.9021 0.4315
vn -0.3737 0.9021 0.2157
vn -0.3737 0.9021 -0.2157
vn -0.0000 0.9021 -0.4315
vn 0.3737 0.9021 -0.2157
vn 0.8152 0.3377 0.4706
vn 0.0000 0.3377 0.9413
vn -0.8152 0.3377 0.4706
vn -0.8152 0.3377 -0.4706
vn -0.0000 0.3377 -0.9413
vn 0.8152 0.3377 -0.4706
vn 0.8152 -0.3377 0.4706
vn 0.0000 -0.3377 0.9413
vn -0.8152 -0.3377 0.4706
vn -0.8152 -0.3377 -0.4706
vn -0.0000 -0.3377 -0.9413
vn 0.8152 -0.3377 -0.4706
vn 0.3737 -0.9021 0.2157
vn 0.0000 -0.9021 0.4315
vn -0.3737 -0.9021 0.2157
vn -0.3737 -0.9021 -0.2157
vn -0.0000 -0.9021 -0.4315
vn 0.3737 -0.9021 -0.2157
vn 0.3737 0.9021 0.2157
vn 0.0000 0.9021 0.4315
vn -0.3737 0.9021 0.2157
vn -0.3737 0.9021 -0.2157
vn 0.0000 0.9021 -0.4315
vn 0.3737 0.9021 -0.2157
vn 0.8152 0.3377 0.4706
vn 0.0000 0.3377 0.9413
vn -0.8152 0.3377 0.4706
vn -0.8152 0.3377 -0.4706
vn 0.0000 0.3377 -0.9413
vn 0.8152 0.3377 -0.4706
vn 0.8152 -0.3377 0.4706
vn 0.0000 -0.3377 0.9413
vn -0.8152 -0.3377 0.4706
vn -0.8152 -0.3377 -0.4706
vn 0.0000 -0.3377 -0.9413
vn 0.8152 -0.3377 -0.4706
vn 0.3737 -0.9021 0.2157
vn 0.0000 -0.9021 0.4315
vn -0.3737 -0.9021 0.2157
vn -0.3737 -0.9021 -0.2157
vn 0.0000 -0.9021 -0.4315
vn 0.3737 -0.9021 -0.2157
vn 0.3737 0.9021 0.2157
vn 0.0000 0.9021 0.4315
vn -0.3737 0.9021 0.2157
vn -0.3737 0.9021 -0.2157
vn 0.0000 0.9021 -0.4315
vn 0.3737 0.9021 -0.2157
vn 0.8152 0.3377 0.4706
vn 0.0000 0.3377 0.9413
vn -0.8152 0.3377 0.4706
vn -0.8152 0.3377 -0.4706
vn 0.0000 0.3377 -0.9413
vn 0.8152 0.3377 -0.4706
vn 0.8152 -0.3377 0.4706
vn 0.0000 -0.3377 0.9413
vn -0.8152 -0.3377 0.4706
vn -0.8152 -0.3377 -0.4706
vn 0.0000 -0.3377 -0.9413
vn 0.8152 -0.3377 -0.4706
vn 0.3737 -0.9021 0.2157
vn 0.0000 -0.9021 0.4315
vn -0.3737 -0.9021 0.2157
vn -0.3737 -0.9021 -0.2157
vn 0.0000 -0.9021 -0.4315
vn 0.3737 -0.9021 -0.2157
vn 0.3737 0.9021 0.2157
vn 0.0000 0.9021 0.4315
vn -0.3737 0.9021 0.2157
vn -0.3737 0.9021 -0.2157
vn 0.0000 0.9021 -0.4315
vn 0.3737 0.9021 -0.2157
vn 0.8152 0.3377 0.4706
vn 0.0000 0.3377 0.9413
vn -0.8152 0.3377 0.4706
vn -0.8152 0.3377 -0.4706
vn 0.0000 0.3377 -0.9413
vn 0.8152 0.3377 -0.4706
vn 0.8152 -0.3377 0.4706
vn 0.0000 -0.3377 0.9413
vn -0.8152 -0.3377 0.4706
vn -0.8152 -0.3377 -0.4706
vn 0.0000 -0.3377 -0.9413
vn 0.8152 -0.3377 -0.4706
vn 0.3737 -0.9021 0.2157
vn 0.0000 -0.9021 0.4315
vn -0.3737 -0.9021 0.2157
vn -0.3737 -0.9021 -0.2157
vn 0.0000 -0.9021 -0.4315
vn 0.3737 -0.9021 -0.2157
vn 0.3737 0.9021 0.2157
vn 0.0000 0.9021 0.4315
vn -0.3737 0.9021 0.2157
vn -0.3737 0.9021 -0.2157
vn 0.0000 0.9021 -0.4315
vn 0.3737 0.9021 -0.2157
vn 0.8152 0.3377 0.4706
vn 0.0000 0.3377 0.9413
vn -0.8152 0.3377 0.4706
vn -0.8152 0.3377 -0.4706
vn 0.0000 0.3377 -0.9413
vn 0.8152 0.3377 -0.4706
vn 0.8152 -0.3377 0.4706
vn 0.0000 -0.3377 0.9413
vn -0.8152 -0.3377 0.4706
vn -0.8152 -0.3377 -0.4706
vn 0.0000 -0.3377 -0.9413
vn 0.8152 -0.3377 -0.4706
vn 0.3737 -0.9021 0.2157
vn 0.0000 -0.9021 0.4315
vn -0.3737 -0.9021 0.2157
vn -0.3737 -0.9021 -0.2157
vn 0.0000 -0.9021 -0.4315
vn 0.3737 -0.9021 -0.2157
vn 0.3737 0.9021 0.2157
vn 0.0000 0.9021 0.4315
vn -0.3737 0.9021 0.2157
vn -0.3737 0.9021 -0.2157
vn 0.0000 0.9021 -0.4315
vn 0.3737 0.9021 -0.2157
vn 0.8152 0.3377 0.4706
vn 0.0000 0.3377 0.9413
vn -0.8152 0.3377 0.4706
vn -0.8152 0.3377 -0.4706
vn 0.0000 0.3377 -0.9413
vn 0.8152 0.3377 -0.4706
vn 0.8152 -0.3377 0.4706
vn 0.0000 -0.3377 0.9413
vn -0.8152 -0.3377 0.4706
vn -0.8152 -0.3377 -0.4706
vn 0.0000 -0.3377 -0.9413
vn 0.8152 -0.3377 -0.4706
vn 0.3737 -0.9021 0.2157
vn 0.0000 -0.9021 0.4315
vn -0.3737 -0.9021 0.2157
vn -0.3737 -0.9021 -0.2157
vn 0.0000 -0.9021 -0.4315
vn 0.3737 -0.9021 -0.2157
vn 0.3737 0.9021 0.2157
vn 0.0000 0.9021 0.4315
vn -0.3737 0.9021 0.2157
vn -0.3737 0.9021 -0.2157
vn 0.0000 0.9021 -0.4315
vn 0.3737 0.9021 -0.2157
vn 0.8152 0.3377 0.4706
vn 0.0000 0.3377 0.9413
vn -0.8152 0.3377 0.4706
vn -0.8152 0.3377 -0.4706
vn 0.0000 0.3377 -0.9413
vn 0.8152 0.3377 -0.4706
vn 0.8152 -0.3377 0.4706
vn 0.0000 -0.3377 0.9413
vn -0.8152 -0.3377 0.4706
vn -0.8152 -0.3377 -0.4706
vn 0.0000 -0.3377 -0.9413
vn 0.8152 -0.3377 -0.4706
vn 0.3737 -0.9021 0.2157
vn 0.0000 -0.9021 0.4315
vn -0.3737 -0.9021 0.2157
vn -0.3737 -0.9021 -0.2157
vn 0.0000 -0.9021 -0.4315
vn 0.3737 -0.9021 -0.2157
vn 0.3737 0.9021 0.2157
vn 0.0000 0.9021 0.4315
vn -0.3737 0.9021 0.2157
vn -0.3737 0.9021 -0.2157
vn -0.0000 0.9021 -0.4315
vn 0.3737 0.9021 -0.2157
vn 0.8152 0.3377 0.4706
vn 0.0000 0.3377 0.9413
vn -0.8152 0.3377 0.4706
vn -0.8152 0.3377 -0.4706
vn 0.0000 0.3377 -0.9413
vn 0.8152 0.3377 -0.4706
vn 0.8152 -0.3377 0.4706
vn 0.0000 -0.3377 0.9413
vn -0.8152 -0.3377 0.4706
vn -0.8152 -0.3377 -0.4706
vn 0.0000 -0.3377 -0.9413
vn 0.8152 -0.3377 -0.4706
vn 0.3737 -0.9021 0.2157
vn 0.0000 -0.9021 0.4315
vn -0.3737 -0.9021 0.2157
vn -0.3737 -0.9021 -0.2157
vn -0.0000 -0.9021 -0.4315
vn 0.3737 -0.9021 -0.2157
vn 0.3737 0.9021 0.2157
vn 0.0000 0.9021 0.4315
vn -0.3737 0.9021 0.2157
vn -0.3737 0.9021 -0.2157
vn 0.0000 0.9021 -0.4315
vn 0.3737 0.9021 -0.2157
vn 0.8152 0.3377 0.4706
vn 0.0000 0.3377 0.9413
vn -0.8152 0.3377 0.4706
vn -0.8152 0.3377 -0.4706
vn 0.0000 0.3377 -0.9413
vn 0.8152 0.3377 -0.4706
vn 0.8152 -0.3377 0.4706
vn 0.0000 -0.3377 0.9413
vn -0.8152 -0.3377 0.4706
vn -0.8152 -0.3377 -0.4706
vn 0.0000 -0.3377 -0.9413
vn 0.8152 -0.3377 -0.4706
vn 0.3737 -0.9021 0.2157
vn 0.0000 -0.9021 0.4315
vn -0.3737 -0.9021 0.2157
vn -0.3737 -0.9021 -0.2157
vn 0.0000 -0.9021 -0.4315
vn 0.3737 -0.9021 -0.2157
vn 0.3737 0.9021 0.2157
vn 0.0000 0.9021 0.4315
vn -0.3737 0.9021 0.2157
vn -0.3737 0.9021 -0.2157
vn 0.0000 0.9021 -0.4315
vn 0.3737 0.9021 -0.2157
vn 0.8152 0.3377 0.4706
vn 0.0000 0.3377 0.9413
vn -0.8152 0.3377 0.4706
vn -0.8152 0.3377 -0.4706
vn 0.0000 0.3377 -0.9413
vn 0.8152 0.3377 -0.4706
vn 0.8152 -0.3377 0.4706
vn 0.0000 -0.3377 0.9413
vn -0.8152 -0.3377 0.4706
vn -0.8152 -0.3377 -0.4706
vn 0.0000 -0.3377 -0.9413
vn 0.8152 -0.3377 -0.4706
vn 0.3737 -0.9021 0.2157
vn 0.0000 -0.9021 0.4315
vn -0.3737 -0.9021 0.2157
vn -0.3737 -0.9021 -0.2157
vn 0.0000 -0.9021 -0.4315
vn 0.3737 -0.9021 -0.2157
vn 0.3737 0.9021 0.2157
vn 0.0000 0.9021 0.4315
vn -0.3737 0.9021 0.2157
vn -0.3737 0.9021 -0.2157
vn 0.0000 0.9021 -0.4315
vn 0.3737 0.9021 -0.2157
vn 0.8152 0.3377 0.4706
vn 0.0000 0.3377 0.9413
vn -0.8152 0.3377 0.4706
vn -0.8152 0.3377 -0.4706
vn 0.0000 0.3377 -0.9413
vn 0.8152 0.3377 -0.4706
vn 0.8152 -0.3377 0.4706
vn 0.0000 -0.3377 0.9413
vn -0.8152 -0.3377 0.4706
vn -0.8152 -0.3377 -0.4706
vn 0.0000 -0.3377 -0.9413
vn 0.8152 -0.3377 -0.4706
vn 0.3737 -0.9021 0.2157
vn 0.0000 -0.9021 0.4315
vn -0.3737 -0.9021 0.2157
vn -0.3737 -0.9021 -0.2157
vn 0.0000 -0.9021 -0.4315
vn 0.3737 -0.9021 -0.2157
vn 0.3737 0.9021 0.2157
vn 0.0000 0.9021 0.4315
vn -0.3737 0.9021 0.2157
vn -0.3737 0.9021 -0.2157
vn -0.0000 0.9021 -0.4315
vn 0.3737 0.9021 -0.2157
vn 0.8152 0.3377 0.4706
vn 0.0000 0.3377 0.9413
vn -0.8152 0.3377 0.4706
vn -0.8152 0.3377 -0.4706
vn -0.0000 0.3377 -0.9413
vn 0.8152 0.3377 -0.4706
vn 0.8152 -0.3377 0.4706
vn 0.0000 -0.3377 0.9413
vn -0.8152 -0.3377 0.4706
vn -0.8152 -0.3377 -0.4706
vn -0.0000 -0.3377 -0.9413
vn 0.8152 -0.3377 -0.4706
vn 0.3737 -0.9021 0.2157
vn 0.0000 -0.9021 0.4315
vn -0.3737 -0.9021 0.2157
vn -0.3737 -0.9021 -0.2157
vn -0.0000 -0.9021 -0.4315
vn 0.3737 -0.9021 -0.2157
vn 0.3737 0.9021 0.2157
vn 0.0000 0.9021 0.4315
vn -0.3737 0.9021 0.2157
vn -0.3737 0.9021 -0.2157
vn 0.0000 0.9021 -0.4315
vn 0.3737 0.9021 -0.2157
vn 0.8152 0.3377 0.4706
vn 0.0000 0.3377 0.9413
vn -0.8152 0.3377 0.4706
vn -0.8152 0.3377 -0.4706
vn 0.0000 0.3377 -0.9413
vn 0.8152 0.3377 -0.4706
vn 0.8152 -0.3377 0.4706
vn 0.0000 -0.3377 0.9413
vn -0.8152 -0.3377 0.4706
vn -0.8152 -0.3377 -0.4706
vn 0.0000 -0.3377 -0.9413
vn 0.8152 -0.3377 -0.4706
vn 0.3737 -0.9021 0.2157
vn 0.0000 -0.9021 0.4315
vn -0.3737 -0.9021 0.2157
vn -0.3737 -0.9021 -0.2157
vn 0.0000 -0.9021 -0.4315
vn 0.3737 -0.9021 -0.2157
vn 0.3737 0.9021 0.2157
vn 0.0000 0.9021 0.4315
vn -0.3737 0.9021 0.2157
vn -0.3737 0.9021 -0.2157
vn 0.0000 0.9021 -0.4315
vn 0.3737 0.9021 -0.2157
vn 0.8152 0.3377 0.4706
vn 0.0000 0.3377 0.9413
vn -0.8152 0.3377 0.4706
vn -0.8152 0.3377 -0.4706
vn 0.0000 0.3377 -0.9413
vn 0.8152 0.3377 -0.4706
vn 0.8152 -0.3377 0.4706
vn 0.0000 -0.3377 0.9413
vn -0.8152 -0.3377 0.4706
vn -0.8152 -0.3377 -0.4706
vn 0.0000 -0.3377 -0.9413
vn 0.8152 -0.3377 -0.4706
vn 0.3737 -0.9021 0.2157
vn 0.0000 -0.9021 0.4315
vn -0.3737 -0.9021 0.2157
vn -0.3737 -0.9021 -0.2157
vn 0.0000 -0.9021 -0.4315
vn 0.3737 -0.9021 -0.2157
vn 0.3737 0.9021 0.2157
vn 0.0000 0.9021 0.4315
vn -0.3737 0.9021 0.2157
vn -0.3737 0.9021 -0.2157
vn 0.0000 0.9021 -0.4315
vn 0.3737 0.9021 -0.2157
vn 0.8152 0.3377 0.4706
vn 0.0000 0.3377 0.9413
vn -0.8152 0.3377 0.4706
vn -0.8152 0.3377 -0.4706
vn 0.0000 0.3377 -0.9413
vn 0.8152 0.3377 -0.4706
vn 0.8152 -0.3377 0.4706
vn 0.0000 -0.3377 0.9413
vn -0.8152 -0.3377 0.4706
vn -0.8152 -0.3377 -0.4706
vn 0.0000 -0.3377 -0.9413
vn 0.8152 -0.3377 -0.4706
vn 0.3737 -0.9021 0.2157
vn 0.0000 -0.9021 0.4315
vn -0.3737 -0.9021 0.2157
vn -0.3737 -0.9021 -0.2157
vn 0.0000 -0.9021 -0.4315
vn 0.3737 -0.9021 -0.2157
vn 0.3737 0.9021 0.2157
vn 0.0000 0.9021 0.4315
vn -0.3737 0.9021 0.2157
vn -0.3737 0.9021 -0.2157
vn 0.0000 0.9021 -0.4315
vn 0.3737 0.9021 -0.2157
vn 0.8152 0.3377 0.4706
vn 0.0000 0.3377 0.9413
vn -0.8152 0.3377 0.4706
vn -0.8152 0.3377 -0.4706
vn 0.0000 0.3377 -0.9413
vn 0.8152 0.3377 -0.4706
vn 0.8152 -0.3377 0.4706
vn 0.0000 -0.3377 0.9413
vn -0.8152 -0.3377 0.4706
vn -0.8152 -0.3377 -0.4706
vn 0.0000 -0.3377 -0.9413
vn 0.8152 -0.3377 -0.4706
vn 0.3737 -0.9021 0.2157
vn 0.0000 -0.9021 0.4315
vn -0.3737 -0.9021 0.2157
vn -0.3737 -0.9021 -0.2157
vn 0.0000 -0.9021 -0.4315
vn 0.3737 -0.9021 -0.2157
vn 0.3737 0.9021 0.2157
vn 0.0000 0.9021 0.4315
vn -0.3737 0.9021 0.2157
vn -0.3737 0.9021 -0.2157
vn 0.0000 0.9021 -0.4315
vn 0.3737 0.9021 -0.2157
vn 0.8152 0.3377 0.4706
vn 0.0000 0.3377 0.9413
vn -0.8152 0.3377 0.4706
vn -0.8152 0.3377 -0.4706
vn 0.0000 0.3377 -0.9413
vn 0.8152 0.3377 -0.4706
vn 0.8152 -0.3377 0.4706
vn 0.0000 -0.3377 0.9413
vn -0.8152 -0.3377 0.4706
vn -0.8152 -0.3377 -0.4706
vn 0.0000 -0.3377 -0.9413
vn 0.8152 -0.3377 -0.4706
vn 0.3737 -0.9021 0.2157
vn 0.0000 -0.9021 0.4315
vn -0.3737 -0.9021 0.2157
vn -0.3737 -0.9021 -0.2157
vn 0.0000 -0.9021 -0.4315
vn 0.3737 -0.9021 -0.2157
vn 0.3737 0.9021 0.2157
vn 0.0000 0.9021 0.4315
vn -0.3737 0.9021 0.2157
vn -0.3737 0.9021 -0.2157
vn 0.0000 0.9021 -0.4315
vn 0.3737 0.9021 -0.2157
vn 0.8152 0.3377 0.4706
vn 0.0000 0.3377 0.9413
vn -0.8152 0.3377 0.4706
vn -0.8152 0.3377 -0.4706
vn 0.0000 0.3377 -0.9413
vn 0.8152 0.3377 -0.4706
vn 0.8152 -0.3377 0.4706
vn 0.0000 -0.3377 0.9413
vn -0.8152 -0.3377 0.4706
vn -0.8152 -0.3377 -0.4706
vn 0.0000 -0.3377 -0.9413
vn 0.8152 -0.3377 -0.4706
vn 0.3737 -0.9021 0.2157
vn 0.0000 -0.9021 0.4315
vn -0.3737 -0.9021 0.2157
vn -0.3737 -0.9021 -0.2157
vn 0.0000 -0.9021 -0.4315
vn 0.3737 -0.9021 -0.2157
vn 0.3737 0.9021 0.2157
vn 0.0000 0.9021 0.4315
vn -0.3737 0.9021 0.2157
vn -0.3737 0.9021 -0.2157
vn 0.0000 0.9021 -0.4315
vn 0.3737 0.9021 -0.2157
vn 0.8152 0.3377 0.4706
vn 0.0000 0.3377 0.9413
vn -0.8152 0.3377 0.4706
vn -0.8152 0.3377 -0.4706
vn 0.0000 0.3377 -0.9413
vn 0.8152 0.3377 -0.4706
vn 0.8152 -0.3377 0.4706
vn 0.0000 -0.3377 0.9413
vn -0.8152 -0.3377 0.4706
vn -0.8152 -0.3377 -0.4706
vn 0.0000 -0.3377 -0.9413
vn 0.8152 -0.3377 -0.4706
vn 0.3737 -0.9021 0.2157
vn 0.0000 -0.9021 0.4315
vn -0.3737 -0.9021 0.2157
vn -0.3737 -0.9021 -0.2157
vn 0.0000 -0.9021 -0.4315
vn 0.3737 -0.9021 -0.2157
vn 0.3737 0.9021 0.2157
vn 0.0000 0.9021 0.4315
vn -0.3737 0.9021 0.2157
vn -0.3737 0.9021 -0.2157
vn 0.0000 0.9021 -0.4315
vn 0.3737 0.9021 -0.2157
vn 0.8152 0.3377 0.4706
vn 0.0000 0.3377 0.9413
vn -0.8152 0.3377 0.4706
vn -0.8152 0.3377 -0.4706
vn 0.0000 0.3377 -0.9413
vn 0.8152 0.3377 -0.4706
vn 0.8152 -0.3377 0.4706
vn 0.0000 -0.3377 0.9413
vn -0.8152 -0.3377 0.4706
vn -0.8152 -0.3377 -0.4706
vn 0.0000 -0.3377 -0.9413
vn 0.8152 -0.3377 -0.4706
vn 0.3737 -0.9021 0.2157
vn 0.0000 -0.9021 0.4315
vn -0.3737 -0.9021 0.2157
vn -0.3737 -0.9021 -0.2157
vn 0.0000 -0.9021 -0.4315
vn 0.3737 -0.9021 -0.2157
vn 0.3737 0.9021 0.2157
vn 0.0000 0.9021 0.4315
vn -0.3737 0.9021 0.2157
vn -0.3737 0.9021 -0.2157
vn -0.0000 0.9021 -0.4315
vn 0.3737 0.9021 -0.2157
vn 0.8152 0.3377 0.4706
vn 0.0000 0.3377 0.9413
vn -0.8152 0.3377 0.4706
vn -0.8152 0.3377 -0.4706
vn 0.0000 0.3377 -0.9413
vn 0.8152 0.3377 -0.4706
vn 0.8152 -0.3377 0.4706
vn 0.0000 -0.3377 0.9413
vn -0.8152 -0.3377 0.4706
vn -0.8152 -0.3377 -0.4706
vn 0.0000 -0.3377 -0.9413
vn 0.8152 -0.3377 -0.4706
vn 0.3737 -0.9021 0.2157
vn 0.0000 -0.9021 0.4315
vn -0.3737 -0.9021 0.2157
vn -0.3737 -0.9021 -0.2157
vn -0.0000 -0.9021 -0.4315
vn 0.3737 -0.9021 -0.2157
vn 0.3737 0.9021 0.2157
vn 0.0000 0.9021 0.4315
vn -0.3737 0.9021 0.2157
vn -0.3737 0.9021 -0.2157
vn 0.0000 0.9021 -0.4315
vn 0.3737 0.9021 -0.2157
vn 0.8152 0.3377 0.4706
vn 0.0000 0.3377 0.9413
vn -0.8152 0.3377 0.4706
vn -0.8152 0.3377 -0.4706
vn 0.0000 0.3377 -0.9413
vn 0.8152 0.3377 -0.4706
vn 0.8152 -0.3377 0.4706
vn 0.0000 -0.3377 0.9413
vn -0.8152 -0.3377 0.4706
vn -0.8152 -0.3377 -0.4706
vn 0.0000 -0.3377 -0.9413
vn 0.8152 -0.3377 -0.4706
vn 0.3737 -0.9021 0.2157
vn 0.0000 -0.9021 0.4315
vn -0.3737 -0.9021 0.2157
vn -0.3737 -0.9021 -0.2157
vn 0.0000 -0.9021 -0.4315
vn 0.3737 -0.9021 -0.2157
usemtl leaf_light
f 1//1 3//1 2//1
usemtl leaf
f 1250//2 1202//2 1203//2
f 2//3 3//3 51//3 50//3
f 50//4 51//4 99//4 98//4
usemtl leaf_dark
f 98//5 99//5 147//5 146//5
usemtl leaf
f 146//6 147//6 195//6 194//6
usemtl leaf_dark
f 194//7 195//7 243//7 242//7
f 242//8 243//8 291//8 290//8
usemtl leaf
f 290//9 291//9 339//9 338//9
f 338//10 339//10 387//10 386//10
usemtl leaf_light
f 386//11 387//11 435//11 434//11
f 434//12 435//12 483//12 482//12
f 482//13 483//13 531//13 530//13
usemtl leaf_dark
f 530//14 531//14 579//14 578//14
f 578//15 579//15 627//15 626//15
f 626//16 627//16 675//16 674//16
usemtl leaf
f 674//17 675//17 723//17 722//17
f 722//18 723//18 771//18 770//18
f 770//19 771//19 819//19 818//19
usemtl leaf_dark
f 818//20 819//20 867//20 866//20
f 866//21 867//21 915//21 914//21
usemtl leaf
f 914//22 915//22 963//22 962//22
usemtl leaf_light
f 962//23 963//23 1011//23 1010//23
usemtl leaf
f 1010//24 1011//24 1059//24 1058//24
f 1058//25 1059//25 1107//25 1106//25
usemtl leaf_dark
f 1106//26 1107//26 1155//26 1154//26
f 1154//27 1155//27 1203//27 1202//27
usemtl leaf_light
f 1//28 4//28 3//28
usemtl leaf
f 1250//29 1203//29 1204//29
usemtl leaf_light
f 3//30 4//30 52//30 51//30
f 51//31 52//31 100//31 99//31
usemtl leaf
f 99//32 100//32 148//32 147//32
usemtl leaf_light
f 147//33 148//33 196//33 195//33
usemtl leaf_dark
f 195//34 196//34 244//34 243//34
f 243//35 244//35 292//35 291//35
f 291//36 292//36 340//36 339//36
usemtl leaf
f 339//37 340//37 388//37 387//37
usemtl leaf_dark
f 387//38 388//38 436//38 435//38
usemtl leaf_light
f 435//39 436//39 484//39 483//39
f 483//40 484//40 532//40 531//40
usemtl leaf
f 531//41 532//41 580//41 579//41
f 579//42 580//42 628//42 627//42
f 627//43 628//43 676//43 675//43
f 675//44 676//44 724//44 723//44
usemtl leaf_light
f 723//45 724//45 772//45 771//45
usemtl leaf_dark
f 771//46 772//46 820//46 819//46
f 819//47 820//47 868//47 867//47
f 867//48 868//48 916//48 915//48
f 915//49 916//49 964//49 963//49
usemtl leaf
f 963//50 964//50 1012//50 1011//50
usemtl leaf_dark
f 1011//51 1012//51 1060//51 1059//51
usemtl leaf
f 1059//52 1060//52 1108//52 1107//52
usemtl leaf_dark
f 1107//53 1108//53 1156//53 1155//53
f 1155//54 1156//54 1204//54 1203//54
usemtl leaf_light
f 1//55 5//55 4//55
f 1250//56 1204//56 1205//56
f 4//57 5//57 53//57 52//57
usemtl leaf
f 52//58 53//58 101//58 100//58
usemtl leaf_light
f 100//59 101//59 149//59 148//59
f 148//60 149//60 197//60 196//60
usemtl leaf
f 196//61 197//61 245//61 244//61
f 244//62 245//62 293//62 292//62
f 292//63 293//63 341//63 340//63
usemtl leaf_light
f 340//64 341//64 389//64 388//64
usemtl leaf_dark
f 388//65 389//65 437//65 436//65
usemtl leaf
f 436//66 437//66 485//66 484//66
usemtl leaf_light
f 484//67 485//67 533//67 532//67
usemtl leaf
f 532//68 533//68 581//68 580//68
usemtl leaf_dark
f 580//69 581//69 629//69 628//69
f 628//70 629//70 677//70 676//70
f 676//71 677//71 725//71 724//71
f 724//72 725//72 773//72 772//72
usemtl leaf
f 772//73 773//73 821//73 820//73
f 820//74 821//74 869//74 868//74
usemtl leaf_dark
f 868//75 869//75 917//75 916//75
usemtl leaf
f 916//76 917//76 965//76 964//76
f 964//77 965//77 1013//77 1012//77
usemtl leaf_dark
f 1012//78 1013//78 1061//78 1060//78
usemtl leaf
f 1060//79 1061//79 1109//79 1108//79
f 1108//80 1109//80 1157//80 1156//80
usemtl leaf_dark
f 1156//81 1157//81 1205//81 1204//81
usemtl leaf
f 1//82 6//82 5//82
usemtl leaf_dark
f 1250//83 1205//83 1206//83
usemtl leaf
f 5//84 6//84 54//84 53//84
usemtl leaf_light
f 53//85 54//85 102//85 101//85
f 101//86 102//86 150//86 149//86
usemtl leaf
f 149//87 150//87 198//87 197//87
usemtl leaf_light
f 197//88 198//88 246//88 245//88
usemtl leaf
f 245//89 246//89 294//89 293//89
usemtl leaf_light
f 293//90 294//90 342//90 341//90
usemtl leaf
f 341//91 342//91 390//91 389//91
f 389//92 390//92 438//92 437//92
usemtl leaf_light
f 437//93 438//93 486//93 485//93
usemtl leaf_dark
f 485//94 486//94 534//94 533//94
f 533//95 534//95 582//95 581//95
usemtl leaf
f 581//96 582//96 630//96 629//96
usemtl leaf_light
f 629//97 630//97 678//97 677//97
usemtl leaf_dark
f 677//98 678//98 726//98 725//98
f 725//99 726//99 774//99 773//99
usemtl leaf_light
f 773//100 774//100 822//100 821//100
usemtl leaf
f 821//101 822//101 870//101 869//101
usemtl leaf_dark
f 869//102 870//102 918//102 917//102
usemtl leaf
f 917//103 918//103 966//103 965//103
f 965//104 966//104 1014//104 1013//104
usemtl leaf_dark
f 1013//105 1014//105 1062//105 1061//105
f 1061//106 1062//106 1110//106 1109//106
f 1109//107 1110//107 1158//107 1157//107
f 1157//108 1158//108 1206//108 1205//108
usemtl leaf_light
f 1//109 7//109 6//109
usemtl leaf
f 1250//110 1206//110 1207//110
usemtl leaf_dark
f 6//111 7//111 55//111 54//111
usemtl leaf
f 54//112 55//112 103//112 102//112
usemtl leaf_light
f 102//113 103//113 151//113 150//113
f 150//114 151//114 199//114 198//114
f 198//115 199//115 247//115 246//115
usemtl leaf_dark
f 246//116 247//116 295//116 294//116
usemtl leaf_light
f 294//117 295//117 343//117 342//117
usemtl leaf
f 342//118 343//118 391//118 390//118
usemtl leaf_dark
f 390//119 391//119 439//119 438//119
usemtl leaf
f 438//120 439//120 487//120 486//120
usemtl leaf_dark
f 486//121 487//121 535//121 534//121
usemtl leaf
f 534//122 535//122 583//122 582//122
usemtl leaf_light
f 582//123 583//123 631//123 630//123
f 630//124 631//124 679//124 678//124
usemtl leaf_dark
f 678//125 679//125 727//125 726//125
usemtl leaf_light
f 726//126 727//126 775//126 774//126
usemtl leaf_dark
f 774//127 775//127 823//127 822//127
f 822//128 823//128 871//128 870//128
usemtl leaf
f 870//129 871//129 919//129 918//129
usemtl leaf_dark
f 918//130 919//130 967//130 966//130
usemtl leaf
f 966//131 967//131 1015//131 1014//131
usemtl leaf_dark
f 1014//132 1015//132 1063//132 1062//132
usemtl leaf
f 1062//133 1063//133 1111//133 1110//133
usemtl leaf_dark
f 1110//134 1111//134 1159//134 1158//134
f 1158//135 1159//135 1207//135 1206//135
f 1//136 8//136 7//136
usemtl leaf_light
f 1250//137 1207//137 1208//137
usemtl leaf
f 7//138 8//138 56//138 55//138
f 55//139 56//139 104//139 103//139
f 103//140 104//140 152//140 151//140
usemtl leaf_light
f 151//141 152//141 200//141 199//141
usemtl leaf
f 199//142 200//142 248//142 247//142
f 247//143 248//143 296//143 295//143
usemtl leaf_dark
f 295//144 296//144 344//144 343//144
usemtl leaf_light
f 343//145 344//145 392//145 391//145
f 391//146 392//146 440//146 439//146
usemtl leaf
f 439//147 440//147 488//147 487//147
usemtl leaf_light
f 487//148 488//148 536//148 535//148
usemtl leaf
f 535//149 536//149 584//149 583//149
usemtl leaf_light
f 583//150 584//150 632//150 631//150
usemtl leaf_dark
f 631//151 632//151 680//151 679//151
usemtl leaf_light
f 679//152 680//152 728//152 727//152
usemtl leaf_dark
f 727//153 728//153 776//153 775//153
f 775//154 776//154 824//154 823//154
f 823//155 824//155 872//155 871//155
usemtl leaf
f 871//156 872//156 920//156 919//156
usemtl leaf_dark
f 919//157 920//157 968//157 967//157
usemtl leaf
f 967//158 968//158 1016//158 1015//158
f 1015//159 1016//159 1064//159 1063//159
f 1063//160 1064//160 1112//160 1111//160
usemtl leaf_dark
f 1111//161 1112//161 1160//161 1159//161
f 1159//162 1160//162 1208//162 1207//162
usemtl leaf_light
f 1//163 9//163 8//163
usemtl leaf
f 1250//164 1208//164 1209//164
f 8//165 9//165 57//165 56//165
f 56//166 57//166 105//166 104//166
f 104//167 105//167 153//167 152//167
usemtl leaf_light
f 152//168 153//168 201//168 200//168
f 200//169 201//169 249//169 248//169
f 248//170 249//170 297//170 296//170
usemtl leaf
f 296//171 297//171 345//171 344//171
usemtl leaf_light
f 344//172 345//172 393//172 392//172
usemtl leaf
f 392//173 393//173 441//173 440//173
usemtl leaf_dark
f 440//174 441//174 489//174 488//174
f 488//175 489//175 537//175 536//175
usemtl leaf_light
f 536//176 537//176 585//176 584//176
f 584//177 585//177 633//177 632//177
f 632//178 633//178 681//178 680//178
usemtl leaf_dark
f 680//179 681//179 729//179 728//179
f 728//180 729//180 777//180 776//180
f 776//181 777//181 825//181 824//181
f 824//182 825//182 873//182 872//182
usemtl leaf
f 872//183 873//183 921//183 920//183
usemtl leaf_dark
f 920//184 921//184 969//184 968//184
f 968//185 969//185 1017//185 1016//185
f 1016//186 1017//186 1065//186 1064//186
f 1064//187 1065//187 1113//187 1112//187
f 1112//188 1113//188 1161//188 1160//188
f 1160//189 1161//189 1209//189 1208//189
usemtl leaf
f 1//190 10//190 9//190
usemtl leaf_dark
f 1250//191 1209//191 1210//191
usemtl leaf_light
f 9//192 10//192 58//192 57//192
usemtl leaf
f 57//193 58//193 106//193 105//193
f 105//194 106//194 154//194 153//194
usemtl leaf_light
f 153//195 154//195 202//195 201//195
usemtl leaf_dark
f 201//196 202//196 250//196 249//196
usemtl leaf_light
f 249//197 250//197 298//197 297//197
usemtl leaf_dark
f 297//198 298//198 346//198 345//198
usemtl leaf
f 345//199 346//199 394//199 393//199
f 393//200 394//200 442//200 441//200
usemtl leaf_light
f 441//201 442//201 490//201 489//201
usemtl leaf
f 489//202 490//202 538//202 537//202
f 537//203 538//203 586//203 585//203
f 585//204 586//204 634//204 633//204
usemtl leaf_light
f 633//205 634//205 682//205 681//205
usemtl leaf
f 681//206 682//206 730//206 729//206
usemtl leaf_dark
f 729//207 730//207 778//207 777//207
f 777//208 778//208 826//208 825//208
f 825//209 826//209 874//209 873//209
f 873//210 874//210 922//210 921//210
f 921//211 922//211 970//211 969//211
f 969//212 970//212 1018//212 1017//212
f 1017//213 1018//213 1066//213 1065//213
usemtl leaf
f 1065//214 1066//214 1114//214 1113//214
f 1113//215 1114//215 1162//215 1161//215
f 1161//216 1162//216 1210//216 1209//216
usemtl leaf_light
f 1//217 11//217 10//217
usemtl leaf
f 1250//218 1210//218 1211//218
f 10//219 11//219 59//219 58//219
usemtl leaf_dark
f 58//220 59//220 107//220 106//220
usemtl leaf_light
f 106//221 107//221 155//221 154//221
usemtl leaf
f 154//222 155//222 203//222 202//222
f 202//223 203//223 251//223 250//223
usemtl leaf_dark
f 250//224 251//224 299//224 298//224
f 298//225 299//225 347//225 346//225
usemtl leaf
f 346//226 347//226 395//226 394//226
usemtl leaf_light
f 394//227 395//227 443//227 442//227
usemtl leaf_dark
f 442//228 443//228 491//228 490//228
usemtl leaf
f 490//229 491//229 539//229 538//229
usemtl leaf_dark
f 538//230 539//230 587//230 586//230
usemtl leaf
f 586//231 587//231 635//231 634//231
usemtl leaf_dark
f 634//232 635//232 683//232 682//232
f 682//233 683//233 731//233 730//233
usemtl leaf
f 730//234 731//234 779//234 778//234
usemtl leaf_dark
f 778//235 779//235 827//235 826//235
f 826//236 827//236 875//236 874//236
f 874//237 875//237 923//237 922//237
f 922//238 923//238 971//238 970//238
usemtl leaf
f 970//239 971//239 1019//239 1018//239
usemtl leaf_dark
f 1018//240 1019//240 1067//240 1066//240
f 1066//241 1067//241 1115//241 1114//241
f 1114//242 1115//242 1163//242 1162//242
usemtl leaf_light
f 1162//243 1163//243 1211//243 1210//243
f 1//244 12//244 11//244
usemtl leaf
f 1250//245 1211//245 1212//245
usemtl leaf_dark
f 11//246 12//246 60//246 59//246
usemtl leaf_light
f 59//247 60//247 108//247 107//247
f 107//248 108//248 156//248 155//248
usemtl leaf
f 155//249 156//249 204//249 203//249
usemtl leaf_dark
f 203//250 204//250 252//250 251//250
usemtl leaf_light
f 251//251 252//251 300//251 299//251
usemtl leaf
f 299//252 300//252 348//252 347//252
f 347//253 348//253 396//253 395//253
f 395//254 396//254 444//254 443//254
usemtl leaf_dark
f 443//255 444//255 492//255 491//255
f 491//256 492//256 540//256 539//256
usemtl leaf_light
f 539//257 540//257 588//257 587//257
usemtl leaf
f 587//258 588//258 636//258 635//258
usemtl leaf_light
f 635//259 636//259 684//259 683//259
usemtl leaf_dark
f 683//260 684//260 732//260 731//260
usemtl leaf
f 731//261 732//261 780//261 779//261
f 779//262 780//262 828//262 827//262
usemtl leaf_dark
f 827//263 828//263 876//263 875//263
f 875//264 876//264 924//264 923//264
f 923//265 924//265 972//265 971//265
f 971//266 972//266 1020//266 1019//266
f 1019//267 1020//267 1068//267 1067//267
f 1067//268 1068//268 1116//268 1115//268
usemtl leaf
f 1115//269 1116//269 1164//269 1163//269
usemtl leaf_light
f 1163//270 1164//270 1212//270 1211//270
f 1//271 13//271 12//271
f 1250//272 1212//272 1213//272
f 12//273 13//273 61//273 60//273
f 60//274 61//274 109//274 108//274
f 108//275 109//275 157//275 156//275
f 156//276 157//276 205//276 204//276
usemtl leaf_dark
f 204//277 205//277 253//277 252//277
usemtl leaf
f 252//278 253//278 301//278 300//278
usemtl leaf_light
f 300//279 301//279 349//279 348//279
usemtl leaf_dark
f 348//280 349//280 397//280 396//280
usemtl leaf_light
f 396//281 397//281 445//281 444//281
f 444//282 445//282 493//282 492//282
usemtl leaf
f 492//283 493//283 541//283 540//283
f 540//284 541//284 589//284 588//284
usemtl leaf_dark
f 588//285 589//285 637//285 636//285
usemtl leaf
f 636//286 637//286 685//286 684//286
usemtl leaf_dark
f 684//287 685//287 733//287 732//287
usemtl leaf_light
f 732//288 733//288 781//288 780//288
usemtl leaf_dark
f 780//289 781//289 829//289 828//289
usemtl leaf
f 828//290 829//290 877//290 876//290
usemtl leaf_dark
f 876//291 877//291 925//291 924//291
usemtl leaf_light
f 924//292 925//292 973//292 972//292
usemtl leaf_dark
f 972//293 973//293 1021//293 1020//293
usemtl leaf
f 1020//294 1021//294 1069//294 1068//294
usemtl leaf_dark
f 1068//295 1069//295 1117//295 1116//295
f 1116//296 1117//296 1165//296 1164//296
f 1164//297 1165//297 1213//297 1212//297
usemtl leaf_light
f 1//298 14//298 13//298
f 1250//299 1213//299 1214//299
f 13//300 14//300 62//300 61//300
usemtl leaf_dark
f 61//301 62//301 110//301 109//301
usemtl leaf_light
f 109//302 110//302 158//302 157//302
usemtl leaf
f 157//303 158//303 206//303 205//303
f 205//304 206//304 254//304 253//304
f 253//305 254//305 302//305 301//305
usemtl leaf_light
f 301//306 302//306 350//306 349//306
f 349//307 350//307 398//307 397//307
f 397//308 398//308 446//308 445//308
usemtl leaf_dark
f 445//309 446//309 494//309 493//309
usemtl leaf
f 493//310 494//310 542//310 541//310
usemtl leaf_dark
f 541//311 542//311 590//311 589//311
f 589//312 590//312 638//312 637//312
usemtl leaf
f 637//313 638//313 686//313 685//313
usemtl leaf_light
f 685//314 686//314 734//314 733//314
f 733//315 734//315 782//315 781//315
usemtl leaf_dark
f 781//316 782//316 830//316 829//316
usemtl leaf
f 829//317 830//317 878//317 877//317
usemtl leaf_dark
f 877//318 878//318 926//318 925//318
usemtl leaf
f 925//319 926//319 974//319 973//319
usemtl leaf_dark
f 973//320 974//320 1022//320 1021//320
usemtl leaf
f 1021//321 1022//321 1070//321 1069//321
usemtl leaf_dark
f 1069//322 1070//322 1118//322 1117//322
usemtl leaf
f 1117//323 1118//323 1166//323 1165//323
f 1165//324 1166//324 1214//324 1213//324
usemtl leaf_light
f 1//325 15//325 14//325
usemtl leaf
f 1250//326 1214//326 1215//326
usemtl leaf_light
f 14//327 15//327 63//327 62//327
usemtl leaf
f 62//328 63//328 111//328 110//328
usemtl leaf_light
f 110//329 111//329 159//329 158//329
f 158//330 159//330 207//330 206//330
usemtl leaf
f 206//331 207//331 255//331 254//331
usemtl leaf_light
f 254//332 255//332 303//332 302//332
f 302//333 303//333 351//333 350//333
f 350//334 351//334 399//334 398//334
usemtl leaf
f 398//335 399//335 447//335 446//335
f 446//336 447//336 495//336 494//336
usemtl leaf_dark
f 494//337 495//337 543//337 542//337
usemtl leaf
f 542//338 543//338 591//338 590//338
usemtl leaf_dark
f 590//339 591//339 639//339 638//339
usemtl leaf_light
f 638//340 639//340 687//340 686//340
usemtl leaf_dark
f 686//341 687//341 735//341 734//341
f 734//342 735//342 783//342 782//342
usemtl leaf
f 782//343 783//343 831//343 830//343
usemtl leaf_light
f 830//344 831//344 879//344 878//344
usemtl leaf_dark
f 878//345 879//345 927//345 926//345
usemtl leaf
f 926//346 927//346 975//346 974//346
usemtl leaf_dark
f 974//347 975//347 1023//347 1022//347
f 1022//348 1023//348 1071//348 1070//348
usemtl leaf_light
f 1070//349 1071//349 1119//349 1118//349
usemtl leaf
f 1118//350 1119//350 1167//350 1166//350
usemtl leaf_dark
f 1166//351 1167//351 1215//351 1214//351
usemtl leaf_light
f 1//352 16//352 15//352
usemtl leaf
f 1250//353 1215//353 1216//353
usemtl leaf_light
f 15//354 16//354 64//354 63//354
f 63//355 64//355 112//355 111//355
f 111//356 112//356 160//356 159//356
f 159//357 160//357 208//357 207//357
f 207//358 208//358 256//358 255//358
usemtl leaf_dark
f 255//359 256//359 304//359 303//359
usemtl leaf
f 303//360 304//360 352//360 351//360
usemtl leaf_light
f 351//361 352//361 400//361 399//361
f 399//362 400//362 448//362 447//362
usemtl leaf_dark
f 447//363 448//363 496//363 495//363
usemtl leaf
f 495//364 496//364 544//364 543//364
usemtl leaf_dark
f 543//365 544//365 592//365 591//365
f 591//366 592//366 640//366 639//366
f 639//367 640//367 688//367 687//367
usemtl leaf_light
f 687//368 688//368 736//368 735//368
usemtl leaf_dark
f 735//369 736//369 784//369 783//369
f 783//370 784//370 832//370 831//370
usemtl leaf
f 831//371 832//371 880//371 879//371
f 879//372 880//372 928//372 927//372
usemtl leaf_dark
f 927//373 928//373 976//373 975//373
usemtl leaf
f 975//374 976//374 1024//374 1023//374
usemtl leaf_light
f 1023//375 1024//375 1072//375 1071//375
usemtl leaf
f 1071//376 1072//376 1120//376 1119//376
usemtl leaf_dark
f 1119//377 1120//377 1168//377 1167//377
f 1167//378 1168//378 1216//378 1215//378
usemtl leaf
f 1//379 17//379 16//379
usemtl leaf_light
f 1250//380 1216//380 1217//380
f 16//381 17//381 65//381 64//381
f 64//382 65//382 113//382 112//382
f 112//383 113//383 161//383 160//383
usemtl leaf
f 160//384 161//384 209//384 208//384
usemtl leaf_light
f 208//385 209//385 257//385 256//385
f 256//386 257//386 305//386 304//386
usemtl leaf_dark
f 304//387 305//387 353//387 352//387
usemtl leaf
f 352//388 353//388 401//388 400//388
usemtl leaf_light
f 400//389 401//389 449//389 448//389
f 448//390 449//390 497//390 496//390
usemtl leaf_dark
f 496//391 497//391 545//391 544//391
usemtl leaf
f 544//392 545//392 593//392 592//392
usemtl leaf_light
f 592//393 593//393 641//393 640//393
usemtl leaf
f 640//394 641//394 689//394 688//394
usemtl leaf_dark
f 688//395 689//395 737//395 736//395
f 736//396 737//396 785//396 784//396
usemtl leaf
f 784//397 785//397 833//397 832//397
usemtl leaf_dark
f 832//398 833//398 881//398 880//398
f 880//399 881//399 929//399 928//399
f 928//400 929//400 977//400 976//400
usemtl leaf
f 976//401 977//401 1025//401 1024//401
usemtl leaf_dark
f 1024//402 1025//402 1073//402 1072//402
f 1072//403 1073//403 1121//403 1120//403
f 1120//404 1121//404 1169//404 1168//404
f 1168//405 1169//405 1217//405 1216//405
usemtl leaf_light
f 1//406 18//406 17//406
usemtl leaf_dark
f 1250//407 1217//407 1218//407
usemtl leaf_light
f 17//408 18//408 66//408 65//408
f 65//409 66//409 114//409 113//409
usemtl leaf
f 113//410 114//410 162//410 161//410
usemtl leaf_dark
f 161//411 162//411 210//411 209//411
usemtl leaf_light
f 209//412 210//412 258//412 257//412
f 257//413 258//413 306//413 305//413
f 305//414 306//414 354//414 353//414
usemtl leaf
f 353//415 354//415 402//415 401//415
usemtl leaf_light
f 401//416 402//416 450//416 449//416
f 449//417 450//417 498//417 497//417
usemtl leaf_dark
f 497//418 498//418 546//418 545//418
usemtl leaf
f 545//419 546//419 594//419 593//419
usemtl leaf_dark
f 593//420 594//420 642//420 641//420
usemtl leaf
f 641//421 642//421 690//421 689//421
usemtl leaf_dark
f 689//422 690//422 738//422 737//422
usemtl leaf_light
f 737//423 738//423 786//423 785//423
usemtl leaf_dark
f 785//424 786//424 834//424 833//424
usemtl leaf
f 833//425 834//425 882//425 881//425
usemtl leaf_dark
f 881//426 882//426 930//426 929//426
f 929//427 930//427 978//427 977//427
f 977//428 978//428 1026//428 1025//428
f 1025//429 1026//429 1074//429 1073//429
f 1073//430 1074//430 1122//430 1121//430
f 1121//431 1122//431 1170//431 1169//431
usemtl leaf
f 1169//432 1170//432 1218//432 1217//432
f 1//433 19//433 18//433
f 1250//434 1218//434 1219//434
usemtl leaf_dark
f 18//435 19//435 67//435 66//435
usemtl leaf_light
f 66//436 67//436 115//436 114//436
f 114//437 115//437 163//437 162//437
usemtl leaf_dark
f 162//438 163//438 211//438 210//438
usemtl leaf_light
f 210//439 211//439 259//439 258//439
f 258//440 259//440 307//440 306//440
f 306//441 307//441 355//441 354//441
usemtl leaf
f 354//442 355//442 403//442 402//442
usemtl leaf_light
f 402//443 403//443 451//443 450//443
usemtl leaf
f 450//444 451//444 499//444 498//444
usemtl leaf_light
f 498//445 499//445 547//445 546//445
usemtl leaf_dark
f 546//446 547//446 595//446 594//446
usemtl leaf_light
f 594//447 595//447 643//447 642//447
usemtl leaf_dark
f 642//448 643//448 691//448 690//448
usemtl leaf
f 690//449 691//449 739//449 738//449
f 738//450 739//450 787//450 786//450
usemtl leaf_dark
f 786//451 787//451 835//451 834//451
f 834//452 835//452 883//452 882//452
usemtl leaf
f 882//453 883//453 931//453 930//453
f 930//454 931//454 979//454 978//454
f 978//455 979//455 1027//455 1026//455
usemtl leaf_dark
f 1026//456 1027//456 1075//456 1074//456
usemtl leaf
f 1074//457 1075//457 1123//457 1122//457
f 1122//458 1123//458 1171//458 1170//458
usemtl leaf_dark
f 1170//459 1171//459 1219//459 1218//459
usemtl leaf
f 1//460 20//460 19//460
usemtl leaf_dark
f 1250//461 1219//461 1220//461
usemtl leaf_light
f 19//462 20//462 68//462 67//462
f 67//463 68//463 116//463 115//463
f 115//464 116//464 164//464 163//464
usemtl leaf
f 163//465 164//465 212//465 211//465
usemtl leaf_light
f 211//466 212//466 260//466 259//466
f 259//467 260//467 308//467 307//467
usemtl leaf_dark
f 307//468 308//468 356//468 355//468
usemtl leaf
f 355//469 356//469 404//469 403//469
usemtl leaf_dark
f 403//470 404//470 452//470 451//470
f 451//471 452//471 500//471 499//471
usemtl leaf_light
f 499//472 500//472 548//472 547//472
usemtl leaf_dark
f 547//473 548//473 596//473 595//473
usemtl leaf
f 595//474 596//474 644//474 643//474
usemtl leaf_light
f 643//475 644//475 692//475 691//475
usemtl leaf_dark
f 691//476 692//476 740//476 739//476
usemtl leaf_light
f 739//477 740//477 788//477 787//477
f 787//478 788//478 836//478 835//478
usemtl leaf
f 835//479 836//479 884//479 883//479
f 883//480 884//480 932//480 931//480
usemtl leaf_dark
f 931//481 932//481 980//481 979//481
f 979//482 980//482 1028//482 1027//482
usemtl leaf
f 1027//483 1028//483 1076//483 1075//483
usemtl leaf_dark
f 1075//484 1076//484 1124//484 1123//484
f 1123//485 1124//485 1172//485 1171//485
f 1171//486 1172//486 1220//486 1219//486
usemtl leaf
f 1//487 21//487 20//487
usemtl leaf_dark
f 1250//488 1220//488 1221//488
usemtl leaf_light
f 20//489 21//489 69//489 68//489
f 68//490 69//490 117//490 116//490
usemtl leaf
f 116//491 117//491 165//491 164//491
f 164//492 165//492 213//492 212//492
f 212//493 213//493 261//493 260//493
usemtl leaf_dark
f 260//494 261//494 309//494 308//494
f 308//495 309//495 357//495 356//495
usemtl leaf_light
f 356//496 357//496 405//496 404//496
f 404//497 405//497 453//497 452//497
usemtl leaf_dark
f 452//498 453//498 501//498 500//498
usemtl leaf
f 500//499 501//499 549//499 548//499
usemtl leaf_light
f 548//500 549//500 597//500 596//500
usemtl leaf_dark
f 596//501 597//501 645//501 644//501
usemtl leaf
f 644//502 645//502 693//502 692//502
f 692//503 693//503 741//503 740//503
f 740//504 741//504 789//504 788//504
usemtl leaf_dark
f 788//505 789//505 837//505 836//505
f 836//506 837//506 885//506 884//506
usemtl leaf_light
f 884//507 885//507 933//507 932//507
usemtl leaf_dark
f 932//508 933//508 981//508 980//508
f 980//509 981//509 1029//509 1028//509
f 1028//510 1029//510 1077//510 1076//510
f 1076//511 1077//511 1125//511 1124//511
f 1124//512 1125//512 1173//512 1172//512
usemtl leaf_light
f 1172//513 1173//513 1221//513 1220//513
f 1//514 22//514 21//514
usemtl leaf_dark
f 1250//515 1221//515 1222//515
usemtl leaf
f 21//516 22//516 70//516 69//516
f 69//517 70//517 118//517 117//517
usemtl leaf_light
f 117//518 118//518 166//518 165//518
usemtl leaf_dark
f 165//519 166//519 214//519 213//519
usemtl leaf
f 213//520 214//520 262//520 261//520
usemtl leaf_light
f 261//521 262//521 310//521 309//521
f 309//522 310//522 358//522 357//522
usemtl leaf_dark
f 357//523 358//523 406//523 405//523
usemtl leaf_light
f 405//524 406//524 454//524 453//524
usemtl leaf
f 453//525 454//525 502//525 501//525
usemtl leaf_dark
f 501//526 502//526 550//526 549//526
f 549//527 550//527 598//527 597//527
usemtl leaf
f 597//528 598//528 646//528 645//528
usemtl leaf_dark
f 645//529 646//529 694//529 693//529
usemtl leaf
f 693//530 694//530 742//530 741//530
usemtl leaf_dark
f 741//531 742//531 790//531 789//531
f 789//532 790//532 838//532 837//532
usemtl leaf
f 837//533 838//533 886//533 885//533
f 885//534 886//534 934//534 933//534
f 933//535 934//535 982//535 981//535
f 981//536 982//536 1030//536 1029//536
usemtl leaf_light
f 1029//537 1030//537 1078//537 1077//537
usemtl leaf
f 1077//538 1078//538 1126//538 1125//538
f 1125//539 1126//539 1174//539 1173//539
f 1173//540 1174//540 1222//540 1221//540
usemtl leaf_light
f 1//541 23//541 22//541
usemtl leaf_dark
f 1250//542 1222//542 1223//542
f 22//543 23//543 71//543 70//543
usemtl leaf
f 70//544 71//544 119//544 118//544
usemtl leaf_light
f 118//545 119//545 167//545 166//545
usemtl leaf
f 166//546 167//546 215//546 214//546
usemtl leaf_light
f 214//547 215//547 263//547 262//547
f 262//548 263//548 311//548 310//548
usemtl leaf
f 310//549 311//549 359//549 358//549
usemtl leaf_light
f 358//550 359//550 407//550 406//550
usemtl leaf
f 406//551 407//551 455//551 454//551
usemtl leaf_light
f 454//552 455//552 503//552 502//552
usemtl leaf
f 502//553 503//553 551//553 550//553
usemtl leaf_dark
f 550//554 551//554 599//554 598//554
f 598//555 599//555 647//555 646//555
f 646//556 647//556 695//556 694//556
f 694//557 695//557 743//557 742//557
f 742//558 743//558 791//558 790//558
f 790//559 791//559 839//559 838//559
f 838//560 839//560 887//560 886//560
usemtl leaf
f 886//561 887//561 935//561 934//561
usemtl leaf_dark
f 934//562 935//562 983//562 982//562
usemtl leaf
f 982//563 983//563 1031//563 1030//563
f 1030//564 1031//564 1079//564 1078//564
usemtl leaf_dark
f 1078//565 1079//565 1127//565 1126//565
f 1126//566 1127//566 1175//566 1174//566
f 1174//567 1175//567 1223//567 1222//567
usemtl leaf
f 1//568 24//568 23//568
usemtl leaf_dark
f 1250//569 1223//569 1224//569
usemtl leaf_light
f 23//570 24//570 72//570 71//570
f 71//571 72//571 120//571 119//571
f 119//572 120//572 168//572 167//572
usemtl leaf
f 167//573 168//573 216//573 215//573
usemtl leaf_light
f 215//574 216//574 264//574 263//574
f 263//575 264//575 312//575 311//575
f 311//576 312//576 360//576 359//576
f 359//577 360//577 408//577 407//577
usemtl leaf
f 407//578 408//578 456//578 455//578
usemtl leaf_light
f 455//579 456//579 504//579 503//579
f 503//580 504//580 552//580 551//580
usemtl leaf
f 551//581 552//581 600//581 599//581
usemtl leaf_dark
f 599//582 600//582 648//582 647//582
f 647//583 648//583 696//583 695//583
usemtl leaf_light
f 695//584 696//584 744//584 743//584
usemtl leaf
f 743//585 744//585 792//585 791//585
usemtl leaf_dark
f 791//586 792//586 840//586 839//586
f 839//587 840//587 888//587 887//587
usemtl leaf
f 887//588 888//588 936//588 935//588
f 935//589 936//589 984//589 983//589
usemtl leaf_dark
f 983//590 984//590 1032//590 1031//590
usemtl leaf
f 1031//591 1032//591 1080//591 1079//591
f 1079//592 1080//592 1128//592 1127//592
usemtl leaf_dark
f 1127//593 1128//593 1176//593 1175//593
usemtl leaf
f 1175//594 1176//594 1224//594 1223//594
usemtl leaf_light
f 1//595 25//595 24//595
f 1250//596 1224//596 1225//596
f 24//597 25//597 73//597 72//597
f 72//598 73//598 121//598 120//598
usemtl leaf
f 120//599 121//599 169//599 168//599
f 168//600 169//600 217//600 216//600
usemtl leaf_light
f 216//601 217//601 265//601 264//601
usemtl leaf
f 264//602 265//602 313//602 312//602
f 312//603 313//603 361//603 360//603
usemtl leaf_light
f 360//604 361//604 409//604 408//604
usemtl leaf
f 408//605 409//605 457//605 456//605
usemtl leaf_light
f 456//606 457//606 505//606 504//606
usemtl leaf_dark
f 504//607 505//607 553//607 552//607
usemtl leaf
f 552//608 553//608 601//608 600//608
usemtl leaf_light
f 600//609 601//609 649//609 648//609
f 648//610 649//610 697//610 696//610
usemtl leaf_dark
f 696//611 697//611 745//611 744//611
usemtl leaf
f 744//612 745//612 793//612 792//612
usemtl leaf_dark
f 792//613 793//613 841//613 840//613
usemtl leaf
f 840//614 841//614 889//614 888//614
usemtl leaf_dark
f 888//615 889//615 937//615 936//615
f 936//616 937//616 985//616 984//616
usemtl leaf
f 984//617 985//617 1033//617 1032//617
usemtl leaf_dark
f 1032//618 1033//618 1081//618 1080//618
usemtl leaf
f 1080//619 1081//619 1129//619 1128//619
usemtl leaf_dark
f 1128//620 1129//620 1177//620 1176//620
f 1176//621 1177//621 1225//621 1224//621
usemtl leaf
f 1//622 26//622 25//622
f 1250//623 1225//623 1226//623
usemtl leaf_light
f 25//624 26//624 74//624 73//624
usemtl leaf
f 73//625 74//625 122//625 121//625
f 121//626 122//626 170//626 169//626
usemtl leaf_light
f 169//627 170//627 218//627 217//627
f 217//628 218//628 266//628 265//628
usemtl leaf
f 265//629 266//629 314//629 313//629
usemtl leaf_light
f 313//630 314//630 362//630 361//630
usemtl leaf
f 361//631 362//631 410//631 409//631
usemtl leaf_light
f 409//632 410//632 458//632 457//632
f 457//633 458//633 506//633 505//633
usemtl leaf
f 505//634 506//634 554//634 553//634
f 553//635 554//635 602//635 601//635
usemtl leaf_dark
f 601//636 602//636 650//636 649//636
usemtl leaf_light
f 649//637 650//637 698//637 697//637
usemtl leaf_dark
f 697//638 698//638 746//638 745//638
usemtl leaf
f 745//639 746//639 794//639 793//639
f 793//640 794//640 842//640 841//640
usemtl leaf_dark
f 841//641 842//641 890//641 889//641
f 889//642 890//642 938//642 937//642
f 937//643 938//643 986//643 985//643
f 985//644 986//644 1034//644 1033//644
usemtl leaf
f 1033//645 1034//645 1082//645 1081//645
f 1081//646 1082//646 1130//646 1129//646
usemtl leaf_dark
f 1129//647 1130//647 1178//647 1177//647
usemtl leaf
f 1177//648 1178//648 1226//648 1225//648
usemtl leaf_light
f 1//649 27//649 26//649
usemtl leaf
f 1250//650 1226//650 1227//650
f 26//651 27//651 75//651 74//651
f 74//652 75//652 123//652 122//652
f 122//653 123//653 171//653 170//653
usemtl leaf_dark
f 170//654 171//654 219//654 218//654
usemtl leaf
f 218//655 219//655 267//655 266//655
usemtl leaf_light
f 266//656 267//656 315//656 314//656
f 314//657 315//657 363//657 362//657
usemtl leaf
f 362//658 363//658 411//658 410//658
usemtl leaf_light
f 410//659 411//659 459//659 458//659
usemtl leaf
f 458//660 459//660 507//660 506//660
usemtl leaf_light
f 506//661 507//661 555//661 554//661
f 554//662 555//662 603//662 602//662
usemtl leaf
f 602//663 603//663 651//663 650//663
usemtl leaf_light
f 650//664 651//664 699//664 698//664
usemtl leaf_dark
f 698//665 699//665 747//665 746//665
f 746//666 747//666 795//666 794//666
f 794//667 795//667 843//667 842//667
usemtl leaf
f 842//668 843//668 891//668 890//668
f 890//669 891//669 939//669 938//669
usemtl leaf_dark
f 938//670 939//670 987//670 986//670
f 986//671 987//671 1035//671 1034//671
usemtl leaf
f 1034//672 1035//672 1083//672 1082//672
usemtl leaf_dark
f 1082//673 1083//673 1131//673 1130//673
f 1130//674 1131//674 1179//674 1178//674
f 1178//675 1179//675 1227//675 1226//675
usemtl leaf_light
f 1//676 28//676 27//676
f 1250//677 1227//677 1228//677
f 27//678 28//678 76//678 75//678
f 75//679 76//679 124//679 123//679
f 123//680 124//680 172//680 171//680
usemtl leaf
f 171//681 172//681 220//681 219//681
usemtl leaf_light
f 219//682 220//682 268//682 267//682
f 267//683 268//683 316//683 315//683
usemtl leaf
f 315//684 316//684 364//684 363//684
f 363//685 364//685 412//685 411//685
usemtl leaf_dark
f 411//686 412//686 460//686 459//686
usemtl leaf
f 459//687 460//687 508//687 507//687
f 507//688 508//688 556//688 555//688
usemtl leaf_dark
f 555//689 556//689 604//689 603//689
f 603//690 604//690 652//690 651//690
f 651//691 652//691 700//691 699//691
usemtl leaf_light
f 699//692 700//692 748//692 747//692
usemtl leaf
f 747//693 748//693 796//693 795//693
usemtl leaf_dark
f 795//694 796//694 844//694 843//694
usemtl leaf
f 843//695 844//695 892//695 891//695
usemtl leaf_light
f 891//696 892//696 940//696 939//696
usemtl leaf_dark
f 939//697 940//697 988//697 987//697
f 987//698 988//698 1036//698 1035//698
usemtl leaf
f 1035//699 1036//699 1084//699 1083//699
usemtl leaf_dark
f 1083//700 1084//700 1132//700 1131//700
f 1131//701 1132//701 1180//701 1179//701
usemtl leaf
f 1179//702 1180//702 1228//702 1227//702
usemtl leaf_light
f 1//703 29//703 28//703
usemtl leaf_dark
f 1250//704 1228//704 1229//704
usemtl leaf
f 28//705 29//705 77//705 76//705
usemtl leaf_light
f 76//706 77//706 125//706 124//706
f 124//707 125//707 173//707 172//707
f 172//708 173//708 221//708 220//708
f 220//709 221//709 269//709 268//709
usemtl leaf_dark
f 268//710 269//710 317//710 316//710
usemtl leaf_light
f 316//711 317//711 365//711 364//711
f 364//712 365//712 413//712 412//712
usemtl leaf_dark
f 412//713 413//713 461//713 460//713
usemtl leaf_light
f 460//714 461//714 509//714 508//714
f 508//715 509//715 557//715 556//715
f 556//716 557//716 605//716 604//716
f 604//717 605//717 653//717 652//717
usemtl leaf_dark
f 652//718 653//718 701//718 700//718
f 700//719 701//719 749//719 748//719
usemtl leaf
f 748//720 749//720 797//720 796//720
f 796//721 797//721 845//721 844//721
usemtl leaf_dark
f 844//722 845//722 893//722 892//722
usemtl leaf
f 892//723 893//723 941//723 940//723
f 940//724 941//724 989//724 988//724
f 988//725 989//725 1037//725 1036//725
f 1036//726 1037//726 1085//726 1084//726
usemtl leaf_dark
f 1084//727 1085//727 1133//727 1132//727
usemtl leaf
f 1132//728 1133//728 1181//728 1180//728
f 1180//729 1181//729 1229//729 1228//729
f 1//730 30//730 29//730
usemtl leaf_dark
f 1250//731 1229//731 1230//731
f 29//732 30//732 78//732 77//732
usemtl leaf_light
f 77//733 78//733 126//733 125//733
usemtl leaf_dark
f 125//734 126//734 174//734 173//734
usemtl leaf
f 173//735 174//735 222//735 221//735
usemtl leaf_light
f 221//736 222//736 270//736 269//736
usemtl leaf
f 269//737 270//737 318//737 317//737
f 317//738 318//738 366//738 365//738
f 365//739 366//739 414//739 413//739
usemtl leaf_light
f 413//740 414//740 462//740 461//740
f 461//741 462//741 510//741 509//741
usemtl leaf_dark
f 509//742 510//742 558//742 557//742
usemtl leaf_light
f 557//743 558//743 606//743 605//743
usemtl leaf_dark
f 605//744 606//744 654//744 653//744
usemtl leaf
f 653//745 654//745 702//745 701//745
f 701//746 702//746 750//746 749//746
f 749//747 750//747 798//747 797//747
usemtl leaf_dark
f 797//748 798//748 846//748 845//748
f 845//749 846//749 894//749 893//749
usemtl leaf
f 893//750 894//750 942//750 941//750
usemtl leaf_dark
f 941//751 942//751 990//751 989//751
usemtl leaf
f 989//752 990//752 1038//752 1037//752
f 1037//753 1038//753 1086//753 1085//753
usemtl leaf_dark
f 1085//754 1086//754 1134//754 1133//754
usemtl leaf
f 1133//755 1134//755 1182//755 1181//755
f 1181//756 1182//756 1230//756 1229//756
usemtl leaf_light
f 1//757 31//757 30//757
usemtl leaf_dark
f 1250//758 1230//758 1231//758
usemtl leaf
f 30//759 31//759 79//759 78//759
f 78//760 79//760 127//760 126//760
usemtl leaf_light
f 126//761 127//761 175//761 174//761
usemtl leaf
f 174//762 175//762 223//762 222//762
f 222//763 223//763 271//763 270//763
usemtl leaf_dark
f 270//764 271//764 319//764 318//764
f 318//765 319//765 367//765 366//765
usemtl leaf_light
f 366//766 367//766 415//766 414//766
usemtl leaf_dark
f 414//767 415//767 463//767 462//767
f 462//768 463//768 511//768 510//768
usemtl leaf_light
f 510//769 511//769 559//769 558//769
usemtl leaf
f 558//770 559//770 607//770 606//770
f 606//771 607//771 655//771 654//771
f 654//772 655//772 703//772 702//772
f 702//773 703//773 751//773 750//773
f 750//774 751//774 799//774 798//774
f 798//775 799//775 847//775 846//775
usemtl leaf_dark
f 846//776 847//776 895//776 894//776
usemtl leaf
f 894//777 895//777 943//777 942//777
usemtl leaf_dark
f 942//778 943//778 991//778 990//778
f 990//779 991//779 1039//779 1038//779
f 1038//780 1039//780 1087//780 1086//780
usemtl leaf
f 1086//781 1087//781 1135//781 1134//781
usemtl leaf_dark
f 1134//782 1135//782 1183//782 1182//782
f 1182//783 1183//783 1231//783 1230//783
f 1//784 32//784 31//784
f 1250//785 1231//785 1232//785
usemtl leaf
f 31//786 32//786 80//786 79//786
f 79//787 80//787 128//787 127//787
usemtl leaf_light
f 127//788 128//788 176//788 175//788
usemtl leaf
f 175//789 176//789 224//789 223//789
usemtl leaf_light
f 223//790 224//790 272//790 271//790
usemtl leaf_dark
f 271//791 272//791 320//791 319//791
usemtl leaf_light
f 319//792 320//792 368//792 367//792
usemtl leaf
f 367//793 368//793 416//793 415//793
usemtl leaf_light
f 415//794 416//794 464//794 463//794
usemtl leaf_dark
f 463//795 464//795 512//795 511//795
usemtl leaf
f 511//796 512//796 560//796 559//796
usemtl leaf_dark
f 559//797 560//797 608//797 607//797
f 607//798 608//798 656//798 655//798
f 655//799 656//799 704//799 703//799
usemtl leaf
f 703//800 704//800 752//800 751//800
usemtl leaf_dark
f 751//801 752//801 800//801 799//801
f 799//802 800//802 848//802 847//802
f 847//803 848//803 896//803 895//803
f 895//804 896//804 944//804 943//804
usemtl leaf_light
f 943//805 944//805 992//805 991//805
usemtl leaf_dark
f 991//806 992//806 1040//806 1039//806
f 1039//807 1040//807 1088//807 1087//807
f 1087//808 1088//808 1136//808 1135//808
usemtl leaf
f 1135//809 1136//809 1184//809 1183//809
usemtl leaf_dark
f 1183//810 1184//810 1232//810 1231//810
usemtl leaf
f 1//811 33//811 32//811
usemtl leaf_dark
f 1250//812 1232//812 1233//812
usemtl leaf_light
f 32//813 33//813 81//813 80//813
f 80//814 81//814 129//814 128//814
f 128//815 129//815 177//815 176//815
f 176//816 177//816 225//816 224//816
f 224//817 225//817 273//817 272//817
f 272//818 273//818 321//818 320//818
usemtl leaf_dark
f 320//819 321//819 369//819 368//819
usemtl leaf_light
f 368//820 369//820 417//820 416//820
f 416//821 417//821 465//821 464//821
f 464//822 465//822 513//822 512//822
usemtl leaf_dark
f 512//823 513//823 561//823 560//823
usemtl leaf_light
f 560//824 561//824 609//824 608//824
usemtl leaf
f 608//825 609//825 657//825 656//825
f 656//826 657//826 705//826 704//826
usemtl leaf_dark
f 704//827 705//827 753//827 752//827
f 752//828 753//828 801//828 800//828
usemtl leaf
f 800//829 801//829 849//829 848//829
usemtl leaf_dark
f 848//830 849//830 897//830 896//830
f 896//831 897//831 945//831 944//831
f 944//832 945//832 993//832 992//832
f 992//833 993//833 1041//833 1040//833
f 1040//834 1041//834 1089//834 1088//834
usemtl leaf
f 1088//835 1089//835 1137//835 1136//835
usemtl leaf_dark
f 1136//836 1137//836 1185//836 1184//836
f 1184//837 1185//837 1233//837 1232//837
usemtl leaf_light
f 1//838 34//838 33//838
usemtl leaf_dark
f 1250//839 1233//839 1234//839
usemtl leaf
f 33//840 34//840 82//840 81//840
usemtl leaf_light
f 81//841 82//841 130//841 129//841
f 129//842 130//842 178//842 177//842
f 177//843 178//843 226//843 225//843
usemtl leaf_dark
f 225//844 226//844 274//844 273//844
usemtl leaf
f 273//845 274//845 322//845 321//845
usemtl leaf_light
f 321//846 322//846 370//846 369//846
f 369//847 370//847 418//847 417//847
usemtl leaf
f 417//848 418//848 466//848 465//848
usemtl leaf_dark
f 465//849 466//849 514//849 513//849
f 513//850 514//850 562//850 561//850
usemtl leaf_light
f 561//851 562//851 610//851 609//851
usemtl leaf_dark
f 609//852 610//852 658//852 657//852
usemtl leaf_light
f 657//853 658//853 706//853 705//853
usemtl leaf_dark
f 705//854 706//854 754//854 753//854
usemtl leaf
f 753//855 754//855 802//855 801//855
usemtl leaf_dark
f 801//856 802//856 850//856 849//856
usemtl leaf
f 849//857 850//857 898//857 897//857
usemtl leaf_light
f 897//858 898//858 946//858 945//858
usemtl leaf_dark
f 945//859 946//859 994//859 993//859
f 993//860 994//860 1042//860 1041//860
f 1041//861 1042//861 1090//861 1089//861
usemtl leaf
f 1089//862 1090//862 1138//862 1137//862
f 1137//863 1138//863 1186//863 1185//863
usemtl leaf_dark
f 1185//864 1186//864 1234//864 1233//864
usemtl leaf
f 1//865 35//865 34//865
f 1250//866 1234//866 1235//866
f 34//867 35//867 83//867 82//867
usemtl leaf_dark
f 82//868 83//868 131//868 130//868
usemtl leaf_light
f 130//869 131//869 179//869 178//869
f 178//870 179//870 227//870 226//870
usemtl leaf
f 226//871 227//871 275//871 274//871
usemtl leaf_dark
f 274//872 275//872 323//872 322//872
usemtl leaf_light
f 322//873 323//873 371//873 370//873
f 370//874 371//874 419//874 418//874
f 418//875 419//875 467//875 466//875
usemtl leaf_dark
f 466//876 467//876 515//876 514//876
usemtl leaf_light
f 514//877 515//877 563//877 562//877
usemtl leaf
f 562//878 563//878 611//878 610//878
f 610//879 611//879 659//879 658//879
usemtl leaf_dark
f 658//880 659//880 707//880 706//880
usemtl leaf
f 706//881 707//881 755//881 754//881
usemtl leaf_dark
f 754//882 755//882 803//882 802//882
f 802//883 803//883 851//883 850//883
f 850//884 851//884 899//884 898//884
f 898//885 899//885 947//885 946//885
usemtl leaf
f 946//886 947//886 995//886 994//886
usemtl leaf_dark
f 994//887 995//887 1043//887 1042//887
f 1042//888 1043//888 1091//888 1090//888
f 1090//889 1091//889 1139//889 1138//889
f 1138//890 1139//890 1187//890 1186//890
usemtl leaf
f 1186//891 1187//891 1235//891 1234//891
usemtl leaf_dark
f 1//892 36//892 35//892
usemtl leaf
f 1250//893 1235//893 1236//893
usemtl leaf_light
f 35//894 36//894 84//894 83//894
f 83//895 84//895 132//895 131//895
usemtl leaf_dark
f 131//896 132//896 180//896 179//896
f 179//897 180//897 228//897 227//897
f 227//898 228//898 276//898 275//898
usemtl leaf
f 275//899 276//899 324//899 323//899
usemtl leaf_dark
f 323//900 324//900 372//900 371//900
usemtl leaf
f 371//901 372//901 420//901 419//901
usemtl leaf_light
f 419//902 420//902 468//902 467//902
usemtl leaf
f 467//903 468//903 516//903 515//903
usemtl leaf_dark
f 515//904 516//904 564//904 563//904
usemtl leaf
f 563//905 564//905 612//905 611//905
usemtl leaf_dark
f 611//906 612//906 660//906 659//906
usemtl leaf
f 659//907 660//907 708//907 707//907
f 707//908 708//908 756//908 755//908
f 755//909 756//909 804//909 803//909
usemtl leaf_dark
f 803//910 804//910 852//910 851//910
f 851//911 852//911 900//911 899//911
usemtl leaf_light
f 899//912 900//912 948//912 947//912
f 947//913 948//913 996//913 995//913
usemtl leaf
f 995//914 996//914 1044//914 1043//914
usemtl leaf_dark
f 1043//915 1044//915 1092//915 1091//915
f 1091//916 1092//916 1140//916 1139//916
usemtl leaf
f 1139//917 1140//917 1188//917 1187//917
f 1187//918 1188//918 1236//918 1235//918
usemtl leaf_light
f 1//919 37//919 36//919
usemtl leaf
f 1250//920 1236//920 1237//920
f 36//921 37//921 85//921 84//921
usemtl leaf_dark
f 84//922 85//922 133//922 132//922
usemtl leaf_light
f 132//923 133//923 181//923 180//923
usemtl leaf
f 180//924 181//924 229//924 228//924
f 228//925 229//925 277//925 276//925
f 276//926 277//926 325//926 324//926
f 324//927 325//927 373//927 372//927
f 372//928 373//928 421//928 420//928
usemtl leaf_light
f 420//929 421//929 469//929 468//929
usemtl leaf_dark
f 468//930 469//930 517//930 516//930
f 516//931 517//931 565//931 564//931
usemtl leaf_light
f 564//932 565//932 613//932 612//932
usemtl leaf_dark
f 612//933 613//933 661//933 660//933
usemtl leaf
f 660//934 661//934 709//934 708//934
usemtl leaf_light
f 708//935 709//935 757//935 756//935
f 756//936 757//936 805//936 804//936
usemtl leaf_dark
f 804//937 805//937 853//937 852//937
f 852//938 853//938 901//938 900//938
usemtl leaf
f 900//939 901//939 949//939 948//939
usemtl leaf_dark
f 948//940 949//940 997//940 996//940
f 996//941 997//941 1045//941 1044//941
f 1044//942 1045//942 1093//942 1092//942
usemtl leaf
f 1092//943 1093//943 1141//943 1140//943
usemtl leaf_dark
f 1140//944 1141//944 1189//944 1188//944
usemtl leaf
f 1188//945 1189//945 1237//945 1236//945
usemtl leaf_light
f 1//946 38//946 37//946
usemtl leaf
f 1250//947 1237//947 1238//947
usemtl leaf_light
f 37//948 38//948 86//948 85//948
usemtl leaf
f 85//949 86//949 134//949 133//949
usemtl leaf_light
f 133//950 134//950 182//950 181//950
f 181//951 182//951 230//951 229//951
f 229//952 230//952 278//952 277//952
f 277//953 278//953 326//953 325//953
f 325//954 326//954 374//954 373//954
f 373//955 374//955 422//955 421//955
usemtl leaf
f 421//956 422//956 470//956 469//956
usemtl leaf_light
f 469//957 470//957 518//957 517//957
usemtl leaf
f 517//958 518//958 566//958 565//958
f 565//959 566//959 614//959 613//959
usemtl leaf_dark
f 613//960 614//960 662//960 661//960
usemtl leaf
f 661//961 662//961 710//961 709//961
usemtl leaf_dark
f 709//962 710//962 758//962 757//962
f 757//963 758//963 806//963 805//963
usemtl leaf
f 805//964 806//964 854//964 853//964
usemtl leaf_dark
f 853//965 854//965 902//965 901//965
usemtl leaf
f 901//966 902//966 950//966 949//966
f 949//967 950//967 998//967 997//967
usemtl leaf_light
f 997//968 998//968 1046//968 1045//968
usemtl leaf_dark
f 1045//969 1046//969 1094//969 1093//969
f 1093//970 1094//970 1142//970 1141//970
usemtl leaf
f 1141//971 1142//971 1190//971 1189//971
f 1189//972 1190//972 1238//972 1237//972
usemtl leaf_light
f 1//973 39//973 38//973
usemtl leaf
f 1250//974 1238//974 1239//974
f 38//975 39//975 87//975 86//975
usemtl leaf_light
f 86//976 87//976 135//976 134//976
f 134//977 135//977 183//977 182//977
usemtl leaf_dark
f 182//978 183//978 231//978 230//978
usemtl leaf
f 230//979 231//979 279//979 278//979
usemtl leaf_light
f 278//980 279//980 327//980 326//980
usemtl leaf_dark
f 326//981 327//981 375//981 374//981
usemtl leaf
f 374//982 375//982 423//982 422//982
usemtl leaf_light
f 422//983 423//983 471//983 470//983
usemtl leaf
f 470//984 471//984 519//984 518//984
usemtl leaf_dark
f 518//985 519//985 567//985 566//985
usemtl leaf
f 566//986 567//986 615//986 614//986
f 614//987 615//987 663//987 662//987
f 662//988 663//988 711//988 710//988
usemtl leaf_dark
f 710//989 711//989 759//989 758//989
f 758//990 759//990 807//990 806//990
f 806//991 807//991 855//991 854//991
f 854//992 855//992 903//992 902//992
usemtl leaf
f 902//993 903//993 951//993 950//993
f 950//994 951//994 999//994 998//994
usemtl leaf_dark
f 998//995 999//995 1047//995 1046//995
f 1046//996 1047//996 1095//996 1094//996
f 1094//997 1095//997 1143//997 1142//997
f 1142//998 1143//998 1191//998 1190//998
usemtl leaf
f 1190//999 1191//999 1239//999 1238//999
usemtl leaf_dark
f 1//1000 40//1000 39//1000
f 1250//1001 1239//1001 1240//1001
usemtl leaf_light
f 39//1002 40//1002 88//1002 87//1002
f 87//1003 88//1003 136//1003 135//1003
f 135//1004 136//1004 184//1004 183//1004
usemtl leaf_dark
f 183//1005 184//1005 232//1005 231//1005
usemtl leaf
f 231//1006 232//1006 280//1006 279//1006
usemtl leaf_light
f 279//1007 280//1007 328//1007 327//1007
f 327//1008 328//1008 376//1008 375//1008
usemtl leaf
f 375//1009 376//1009 424//1009 423//1009
f 423//1010 424//1010 472//1010 471//1010
f 471//1011 472//1011 520//1011 519//1011
usemtl leaf_dark
f 519//1012 520//1012 568//1012 567//1012
usemtl leaf
f 567//1013 568//1013 616//1013 615//1013
f 615//1014 616//1014 664//1014 663//1014
usemtl leaf_dark
f 663//1015 664//1015 712//1015 711//1015
f 711//1016 712//1016 760//1016 759//1016
f 759//1017 760//1017 808//1017 807//1017
usemtl leaf
f 807//1018 808//1018 856//1018 855//1018
f 855//1019 856//1019 904//1019 903//1019
usemtl leaf_dark
f 903//1020 904//1020 952//1020 951//1020
f 951//1021 952//1021 1000//1021 999//1021
usemtl leaf
f 999//1022 1000//1022 1048//1022 1047//1022
f 1047//1023 1048//1023 1096//1023 1095//1023
f 1095//1024 1096//1024 1144//1024 1143//1024
f 1143//1025 1144//1025 1192//1025 1191//1025
usemtl leaf_dark
f 1191//1026 1192//1026 1240//1026 1239//1026
usemtl leaf_light
f 1//1027 41//1027 40//1027
usemtl leaf
f 1250//1028 1240//1028 1241//1028
usemtl leaf_light
f 40//1029 41//1029 89//1029 88//1029
usemtl leaf
f 88//1030 89//1030 137//1030 136//1030
usemtl leaf_light
f 136//1031 137//1031 185//1031 184//1031
usemtl leaf
f 184//1032 185//1032 233//1032 232//1032
usemtl leaf_light
f 232//1033 233//1033 281//1033 280//1033
f 280//1034 281//1034 329//1034 328//1034
f 328//1035 329//1035 377//1035 376//1035
usemtl leaf_dark
f 376//1036 377//1036 425//1036 424//1036
usemtl leaf_light
f 424//1037 425//1037 473//1037 472//1037
f 472//1038 473//1038 521//1038 520//1038
f 520//1039 521//1039 569//1039 568//1039
f 568//1040 569//1040 617//1040 616//1040
usemtl leaf_dark
f 616//1041 617//1041 665//1041 664//1041
f 664//1042 665//1042 713//1042 712//1042
f 712//1043 713//1043 761//1043 760//1043
f 760//1044 761//1044 809//1044 808//1044
f 808//1045 809//1045 857//1045 856//1045
f 856//1046 857//1046 905//1046 904//1046
usemtl leaf_light
f 904//1047 905//1047 953//1047 952//1047
usemtl leaf_dark
f 952//1048 953//1048 1001//1048 1000//1048
usemtl leaf
f 1000//1049 1001//1049 1049//1049 1048//1049
f 1048//1050 1049//1050 1097//1050 1096//1050
usemtl leaf_dark
f 1096//1051 1097//1051 1145//1051 1144//1051
f 1144//1052 1145//1052 1193//1052 1192//1052
usemtl leaf
f 1192//1053 1193//1053 1241//1053 1240//1053
usemtl leaf_light
f 1//1054 42//1054 41//1054
usemtl leaf_dark
f 1250//1055 1241//1055 1242//1055
usemtl leaf
f 41//1056 42//1056 90//1056 89//1056
f 89//1057 90//1057 138//1057 137//1057
usemtl leaf_dark
f 137//1058 138//1058 186//1058 185//1058
usemtl leaf_light
f 185//1059 186//1059 234//1059 233//1059
f 233//1060 234//1060 282//1060 281//1060
f 281//1061 282//1061 330//1061 329//1061
f 329//1062 330//1062 378//1062 377//1062
usemtl leaf
f 377//1063 378//1063 426//1063 425//1063
f 425//1064 426//1064 474//1064 473//1064
usemtl leaf_light
f 473//1065 474//1065 522//1065 521//1065
f 521//1066 522//1066 570//1066 569//1066
f 569//1067 570//1067 618//1067 617//1067
usemtl leaf_dark
f 617//1068 618//1068 666//1068 665//1068
f 665//1069 666//1069 714//1069 713//1069
f 713//1070 714//1070 762//1070 761//1070
usemtl leaf
f 761//1071 762//1071 810//1071 809//1071
usemtl leaf_dark
f 809//1072 810//1072 858//1072 857//1072
usemtl leaf
f 857//1073 858//1073 906//1073 905//1073
f 905//1074 906//1074 954//1074 953//1074
f 953//1075 954//1075 1002//1075 1001//1075
f 1001//1076 1002//1076 1050//1076 1049//1076
usemtl leaf_dark
f 1049//1077 1050//1077 1098//1077 1097//1077
f 1097//1078 1098//1078 1146//1078 1145//1078
f 1145//1079 1146//1079 1194//1079 1193//1079
usemtl leaf
f 1193//1080 1194//1080 1242//1080 1241//1080
usemtl leaf_light
f 1//1081 43//1081 42//1081
usemtl leaf
f 1250//1082 1242//1082 1243//1082
usemtl leaf_light
f 42//1083 43//1083 91//1083 90//1083
usemtl leaf
f 90//1084 91//1084 139//1084 138//1084
usemtl leaf_light
f 138//1085 139//1085 187//1085 186//1085
usemtl leaf
f 186//1086 187//1086 235//1086 234//1086
f 234//1087 235//1087 283//1087 282//1087
usemtl leaf_light
f 282//1088 283//1088 331//1088 330//1088
usemtl leaf
f 330//1089 331//1089 379//1089 378//1089
usemtl leaf_dark
f 378//1090 379//1090 427//1090 426//1090
usemtl leaf
f 426//1091 427//1091 475//1091 474//1091
f 474//1092 475//1092 523//1092 522//1092
usemtl leaf_dark
f 522//1093 523//1093 571//1093 570//1093
usemtl leaf
f 570//1094 571//1094 619//1094 618//1094
f 618//1095 619//1095 667//1095 666//1095
f 666//1096 667//1096 715//1096 714//1096
usemtl leaf_dark
f 714//1097 715//1097 763//1097 762//1097
f 762//1098 763//1098 811//1098 810//1098
f 810//1099 811//1099 859//1099 858//1099
f 858//1100 859//1100 907//1100 906//1100
usemtl leaf
f 906//1101 907//1101 955//1101 954//1101
f 954//1102 955//1102 1003//1102 1002//1102
f 1002//1103 1003//1103 1051//1103 1050//1103
usemtl leaf_dark
f 1050//1104 1051//1104 1099//1104 1098//1104
usemtl leaf_light
f 1098//1105 1099//1105 1147//1105 1146//1105
usemtl leaf_dark
f 1146//1106 1147//1106 1195//1106 1194//1106
f 1194//1107 1195//1107 1243//1107 1242//1107
usemtl leaf_light
f 1//1108 44//1108 43//1108
f 1250//1109 1243//1109 1244//1109
usemtl leaf
f 43//1110 44//1110 92//1110 91//1110
usemtl leaf_light
f 91//1111 92//1111 140//1111 139//1111
usemtl leaf
f 139//1112 140//1112 188//1112 187//1112
f 187//1113 188//1113 236//1113 235//1113
f 235//1114 236//1114 284//1114 283//1114
usemtl leaf_light
f 283//1115 284//1115 332//1115 331//1115
usemtl leaf_dark
f 331//1116 332//1116 380//1116 379//1116
f 379//1117 380//1117 428//1117 427//1117
f 427//1118 428//1118 476//1118 475//1118
usemtl leaf
f 475//1119 476//1119 524//1119 523//1119
f 523//1120 524//1120 572//1120 571//1120
f 571//1121 572//1121 620//1121 619//1121
f 619//1122 620//1122 668//1122 667//1122
usemtl leaf_dark
f 667//1123 668//1123 716//1123 715//1123
f 715//1124 716//1124 764//1124 763//1124
f 763//1125 764//1125 812//1125 811//1125
f 811//1126 812//1126 860//1126 859//1126
f 859//1127 860//1127 908//1127 907//1127
f 907//1128 908//1128 956//1128 955//1128
usemtl leaf
f 955//1129 956//1129 1004//1129 1003//1129
usemtl leaf_dark
f 1003//1130 1004//1130 1052//1130 1051//1130
usemtl leaf
f 1051//1131 1052//1131 1100//1131 1099//1131
usemtl leaf_dark
f 1099//1132 1100//1132 1148//1132 1147//1132
usemtl leaf
f 1147//1133 1148//1133 1196//1133 1195//1133
usemtl leaf_dark
f 1195//1134 1196//1134 1244//1134 1243//1134
usemtl leaf_light
f 1//1135 45//1135 44//1135
usemtl leaf
f 1250//1136 1244//1136 1245//1136
usemtl leaf_dark
f 44//1137 45//1137 93//1137 92//1137
usemtl leaf_light
f 92//1138 93//1138 141//1138 140//1138
usemtl leaf_dark
f 140//1139 141//1139 189//1139 188//1139
usemtl leaf
f 188//1140 189//1140 237//1140 236//1140
usemtl leaf_light
f 236//1141 237//1141 285//1141 284//1141
usemtl leaf
f 284//1142 285//1142 333//1142 332//1142
f 332//1143 333//1143 381//1143 380//1143
usemtl leaf_dark
f 380//1144 381//1144 429//1144 428//1144
usemtl leaf
f 428//1145 429//1145 477//1145 476//1145
f 476//1146 477//1146 525//1146 524//1146
usemtl leaf_dark
f 524//1147 525//1147 573//1147 572//1147
usemtl leaf_light
f 572//1148 573//1148 621//1148 620//1148
usemtl leaf_dark
f 620//1149 621//1149 669//1149 668//1149
usemtl leaf_light
f 668//1150 669//1150 717//1150 716//1150
usemtl leaf
f 716//1151 717//1151 765//1151 764//1151
f 764//1152 765//1152 813//1152 812//1152
usemtl leaf_dark
f 812//1153 813//1153 861//1153 860//1153
f 860//1154 861//1154 909//1154 908//1154
f 908//1155 909//1155 957//1155 956//1155
usemtl leaf
f 956//1156 957//1156 1005//1156 1004//1156
usemtl leaf_dark
f 1004//1157 1005//1157 1053//1157 1052//1157
f 1052//1158 1053//1158 1101//1158 1100//1158
usemtl leaf
f 1100//1159 1101//1159 1149//1159 1148//1159
usemtl leaf_dark
f 1148//1160 1149//1160 1197//1160 1196//1160
f 1196//1161 1197//1161 1245//1161 1244//1161
usemtl leaf_light
f 1//1162 46//1162 45//1162
usemtl leaf_dark
f 1250//1163 1245//1163 1246//1163
usemtl leaf_light
f 45//1164 46//1164 94//1164 93//1164
f 93//1165 94//1165 142//1165 141//1165
usemtl leaf_dark
f 141//1166 142//1166 190//1166 189//1166
f 189//1167 190//1167 238//1167 237//1167
f 237//1168 238//1168 286//1168 285//1168
usemtl leaf_light
f 285//1169 286//1169 334//1169 333//1169
usemtl leaf
f 333//1170 334//1170 382//1170 381//1170
usemtl leaf_dark
f 381//1171 382//1171 430//1171 429//1171
f 429//1172 430//1172 478//1172 477//1172
usemtl leaf
f 477//1173 478//1173 526//1173 525//1173
usemtl leaf_dark
f 525//1174 526//1174 574//1174 573//1174
usemtl leaf
f 573//1175 574//1175 622//1175 621//1175
usemtl leaf_dark
f 621//1176 622//1176 670//1176 669//1176
usemtl leaf
f 669//1177 670//1177 718//1177 717//1177
usemtl leaf_light
f 717//1178 718//1178 766//1178 765//1178
usemtl leaf_dark
f 765//1179 766//1179 814//1179 813//1179
usemtl leaf
f 813//1180 814//1180 862//1180 861//1180
usemtl leaf_dark
f 861//1181 862//1181 910//1181 909//1181
usemtl leaf_light
f 909//1182 910//1182 958//1182 957//1182
usemtl leaf_dark
f 957//1183 958//1183 1006//1183 1005//1183
f 1005//1184 1006//1184 1054//1184 1053//1184
f 1053//1185 1054//1185 1102//1185 1101//1185
usemtl leaf
f 1101//1186 1102//1186 1150//1186 1149//1186
usemtl leaf_dark
f 1149//1187 1150//1187 1198//1187 1197//1187
usemtl leaf
f 1197//1188 1198//1188 1246//1188 1245//1188
usemtl leaf_light
f 1//1189 47//1189 46//1189
usemtl leaf_dark
f 1250//1190 1246//1190 1247//1190
usemtl leaf_light
f 46//1191 47//1191 95//1191 94//1191
f 94//1192 95//1192 143//1192 142//1192
f 142//1193 143//1193 191//1193 190//1193
usemtl leaf_dark
f 190//1194 191//1194 239//1194 238//1194
f 238//1195 239//1195 287//1195 286//1195
usemtl leaf_light
f 286//1196 287//1196 335//1196 334//1196
usemtl leaf
f 334//1197 335//1197 383//1197 382//1197
f 382//1198 383//1198 431//1198 430//1198
usemtl leaf_dark
f 430//1199 431//1199 479//1199 478//1199
f 478//1200 479//1200 527//1200 526//1200
usemtl leaf
f 526//1201 527//1201 575//1201 574//1201
usemtl leaf_dark
f 574//1202 575//1202 623//1202 622//1202
usemtl leaf_light
f 622//1203 623//1203 671//1203 670//1203
f 670//1204 671//1204 719//1204 718//1204
usemtl leaf_dark
f 718//1205 719//1205 767//1205 766//1205
usemtl leaf
f 766//1206 767//1206 815//1206 814//1206
f 814//1207 815//1207 863//1207 862//1207
usemtl leaf_dark
f 862//1208 863//1208 911//1208 910//1208
usemtl leaf
f 910//1209 911//1209 959//1209 958//1209
f 958//1210 959//1210 1007//1210 1006//1210
usemtl leaf_dark
f 1006//1211 1007//1211 1055//1211 1054//1211
f 1054//1212 1055//1212 1103//1212 1102//1212
f 1102//1213 1103//1213 1151//1213 1150//1213
usemtl leaf
f 1150//1214 1151//1214 1199//1214 1198//1214
usemtl leaf_dark
f 1198//1215 1199//1215 1247//1215 1246//1215
usemtl leaf_light
f 1//1216 48//1216 47//1216
usemtl leaf_dark
f 1250//1217 1247//1217 1248//1217
usemtl leaf
f 47//1218 48//1218 96//1218 95//1218
usemtl leaf_dark
f 95//1219 96//1219 144//1219 143//1219
usemtl leaf
f 143//1220 144//1220 192//1220 191//1220
f 191//1221 192//1221 240//1221 239//1221
f 239//1222 240//1222 288//1222 287//1222
usemtl leaf_dark
f 287//1223 288//1223 336//1223 335//1223
usemtl leaf
f 335//1224 336//1224 384//1224 383//1224
usemtl leaf_light
f 383//1225 384//1225 432//1225 431//1225
usemtl leaf_dark
f 431//1226 432//1226 480//1226 479//1226
f 479//1227 480//1227 528//1227 527//1227
f 527//1228 528//1228 576//1228 575//1228
f 575//1229 576//1229 624//1229 623//1229
usemtl leaf
f 623//1230 624//1230 672//1230 671//1230
f 671//1231 672//1231 720//1231 719//1231
usemtl leaf_dark
f 719//1232 720//1232 768//1232 767//1232
f 767//1233 768//1233 816//1233 815//1233
f 815//1234 816//1234 864//1234 863//1234
usemtl leaf
f 863//1235 864//1235 912//1235 911//1235
usemtl leaf_dark
f 911//1236 912//1236 960//1236 959//1236
f 959//1237 960//1237 1008//1237 1007//1237
usemtl leaf
f 1007//1238 1008//1238 1056//1238 1055//1238
f 1055//1239 1056//1239 1104//1239 1103//1239
f 1103//1240 1104//1240 1152//1240 1151//1240
usemtl leaf_dark
f 1151//1241 1152//1241 1200//1241 1199//1241
f 1199//1242 1200//1242 1248//1242 1247//1242
usemtl leaf_light
f 1//1243 49//1243 48//1243
usemtl leaf
f 1250//1244 1248//1244 1249//1244
f 48//1245 49//1245 97//1245 96//1245
f 96//1246 97//1246 145//1246 144//1246
f 144//1247 145//1247 193//1247 192//1247
usemtl leaf_light
f 192//1248 193//1248 241//1248 240//1248
usemtl leaf_dark
f 240//1249 241//1249 289//1249 288//1249
usemtl leaf_light
f 288//1250 289//1250 337//1250 336//1250
usemtl leaf_dark
f 336//1251 337//1251 385//1251 384//1251
f 384//1252 385//1252 433//1252 432//1252
usemtl leaf_light
f 432//1253 433//1253 481//1253 480//1253
usemtl leaf
f 480//1254 481//1254 529//1254 528//1254
usemtl leaf_dark
f 528//1255 529//1255 577//1255 576//1255
usemtl leaf
f 576//1256 577//1256 625//1256 624//1256
f 624//1257 625//1257 673//1257 672//1257
f 672//1258 673//1258 721//1258 720//1258
usemtl leaf_light
f 720//1259 721//1259 769//1259 768//1259
usemtl leaf
f 768//1260 769//1260 817//1260 816//1260
f 816//1261 817//1261 865//1261 864//1261
f 864//1262 865//1262 913//1262 912//1262
usemtl leaf_dark
f 912//1263 913//1263 961//1263 960//1263
f 960//1264 961//1264 1009//1264 1008//1264
f 1008//1265 1009//1265 1057//1265 1056//1265
f 1056//1266 1057//1266 1105//1266 1104//1266
usemtl leaf
f 1104//1267 1105//1267 1153//1267 1152//1267
usemtl leaf_dark
f 1152//1268 1153//1268 1201//1268 1200//1268
f 1200//1269 1201//1269 1249//1269 1248//1269
usemtl leaf
f 1//1270 2//1270 49//1270
usemtl leaf_dark
f 1250//1271 1249//1271 1202//1271
usemtl leaf
f 49//1272 2//1272 50//1272 97//1272
usemtl leaf_light
f 97//1273 50//1273 98//1273 145//1273
usemtl leaf
f 145//1274 98//1274 146//1274 193//1274
usemtl leaf_light
f 193//1275 146//1275 194//1275 241//1275
usemtl leaf_dark
f 241//1276 194//1276 242//1276 289//1276
usemtl leaf_light
f 289//1277 242//1277 290//1277 337//1277
usemtl leaf_dark
f 337//1278 290//1278 338//1278 385//1278
usemtl leaf_light
f 385//1279 338//1279 386//1279 433//1279
f 433//1280 386//1280 434//1280 481//1280
usemtl leaf
f 481//1281 434//1281 482//1281 529//1281
usemtl leaf_light
f 529//1282 482//1282 530//1282 577//1282
usemtl leaf
f 577//1283 530//1283 578//1283 625//1283
usemtl leaf_light
f 625//1284 578//1284 626//1284 673//1284
usemtl leaf_dark
f 673//1285 626//1285 674//1285 721//1285
f 721//1286 674//1286 722//1286 769//1286
f 769//1287 722//1287 770//1287 817//1287
f 817//1288 770//1288 818//1288 865//1288
f 865//1289 818//1289 866//1289 913//1289
f 913//1290 866//1290 914//1290 961//1290
f 961//1291 914//1291 962//1291 1009//1291
usemtl leaf_light
f 1009//1292 962//1292 1010//1292 1057//1292
f 1057//1293 1010//1293 1058//1293 1105//1293
usemtl leaf
f 1105//1294 1058//1294 1106//1294 1153//1294
usemtl leaf_dark
f 1153//1295 1106//1295 1154//1295 1201//1295
usemtl leaf
f 1201//1296 1154//1296 1202//1296 1249//1296
usemtl leaf_dark
f 1251//1297 1252//1297 1258//1297 1257//1297
f 1252//1298 1253//1298 1259//1298 1258//1298
f 1253//1299 1254//1299 1260//1299 1259//1299
f 1254//1300 1255//1300 1261//1300 1260//1300
f 1255//1301 1256//1301 1262//1301 1261//1301
f 1256//1302 1251//1302 1257//1302 1262//1302
f 1257//1303 1258//1303 1264//1303 1263//1303
f 1258//1304 1259//1304 1265//1304 1264//1304
f 1259//1305 1260//1305 1266//1305 1265//1305
f 1260//1306 1261//1306 1267//1306 1266//1306
f 1261//1307 1262//1307 1268//1307 1267//1307
f 1262//1308 1257//1308 1263//1308 1268//1308
f 1263//1309 1264//1309 1270//1309 1269//1309
f 1264//1310 1265//1310 1271//1310 1270//1310
f 1265//1311 1266//1311 1272//1311 1271//1311
f 1266//1312 1267//1312 1273//1312 1272//1312
f 1267//1313 1268//1313 1274//1313 1273//1313
f 1268//1314 1263//1314 1269//1314 1274//1314
f 1269//1315 1270//1315 1276//1315 1275//1315
f 1270//1316 1271//1316 1277//1316 1276//1316
f 1271//1317 1272//1317 1278//1317 1277//1317
f 1272//1318 1273//1318 1279//1318 1278//1318
f 1273//1319 1274//1319 1280//1319 1279//1319
f 1274//1320 1269//1320 1275//1320 1280//1320
f 1281//1321 1282//1321 1288//1321 1287//1321
f 1282//1322 1283//1322 1289//1322 1288//1322
f 1283//1323 1284//1323 1290//1323 1289//1323
f 1284//1324 1285//1324 1291//1324 1290//1324
f 1285//1325 1286//1325 1292//1325 1291//1325
f 1286//1326 1281//1326 1287//1326 1292//1326
f 1287//1327 1288//1327 1294//1327 1293//1327
f 1288//1328 1289//1328 1295//1328 1294//1328
f 1289//1329 1290//1329 1296//1329 1295//1329
f 1290//1330 1291//1330 1297//1330 1296//1330
f 1291//1331 1292//1331 1298//1331 1297//1331
f 1292//1332 1287//1332 1293//1332 1298//1332
f 1293//1333 1294//1333 1300//1333 1299//1333
f 1294//1334 1295//1334 1301//1334 1300//1334
f 1295//1335 1296//1335 1302//1335 1301//1335
f 1296//1336 1297//1336 1303//1336 1302//1336
f 1297//1337 1298//1337 1304//1337 1303//1337
f 1298//1338 1293//1338 1299//1338 1304//1338
f 1299//1339 1300//1339 1306//1339 1305//1339
f 1300//1340 1301//1340 1307//1340 1306//1340
f 1301//1341 1302//1341 1308//1341 1307//1341
f 1302//1342 1303//1342 1309//1342 1308//1342
f 1303//1343 1304//1343 1310//1343 1309//1343
f 1304//1344 1299//1344 1305//1344 1310//1344
usemtl leaf_light
f 1311//1345 1312//1345 1318//1345 1317//1345
f 1312//1346 1313//1346 1319//1346 1318//1346
f 1313//1347 1314//1347 1320//1347 1319//1347
f 1314//1348 1315//1348 1321//1348 1320//1348
f 1315//1349 1316//1349 1322//1349 1321//1349
f 1316//1350 1311//1350 1317//1350 1322//1350
f 1317//1351 1318//1351 1324//1351 1323//1351
f 1318//1352 1319//1352 1325//1352 1324//1352
f 1319//1353 1320//1353 1326//1353 1325//1353
f 1320//1354 1321//1354 1327//1354 1326//1354
f 1321//1355 1322//1355 1328//1355 1327//1355
f 1322//1356 1317//1356 1323//1356 1328//1356
f 1323//1357 1324//1357 1330//1357 1329//1357
f 1324//1358 1325//1358 1331//1358 1330//1358
f 1325//1359 1326//1359 1332//1359 1331//1359
f 1326//1360 1327//1360 1333//1360 1332//1360
f 1327//1361 1328//1361 1334//1361 1333//1361
f 1328//1362 1323//1362 1329//1362 1334//1362
f 1329//1363 1330//1363 1336//1363 1335//1363
f 1330//1364 1331//1364 1337//1364 1336//1364
f 1331//1365 1332//1365 1338//1365 1337//1365
f 1332//1366 1333//1366 1339//1366 1338//1366
f 1333//1367 1334//1367 1340//1367 1339//1367
f 1334//1368 1329//1368 1335//1368 1340//1368
f 1341//1369 1342//1369 1348//1369 1347//1369
f 1342//1370 1343//1370 1349//1370 1348//1370
f 1343//1371 1344//1371 1350//1371 1349//1371
f 1344//1372 1345//1372 1351//1372 1350//1372
f 1345//1373 1346//1373 1352//1373 1351//1373
f 1346//1374 1341//1374 1347//1374 1352//1374
f 1347//1375 1348//1375 1354//1375 1353//1375
f 1348//1376 1349//1376 1355//1376 1354//1376
f 1349//1377 1350//1377 1356//1377 1355//1377
f 1350//1378 1351//1378 1357//1378 1356//1378
f 1351//1379 1352//1379 1358//1379 1357//1379
f 1352//1380 1347//1380 1353//1380 1358//1380
f 1353//1381 1354//1381 1360//1381 1359//1381
f 1354//1382 1355//1382 1361//1382 1360//1382
f 1355//1383 1356//1383 1362//1383 1361//1383
f 1356//1384 1357//1384 1363//1384 1362//1384
f 1357//1385 1358//1385 1364//1385 1363//1385
f 1358//1386 1353//1386 1359//1386 1364//1386
f 1359//1387 1360//1387 1366//1387 1365//1387
f 1360//1388 1361//1388 1367//1388 1366//1388
f 1361//1389 1362//1389 1368//1389 1367//1389
f 1362//1390 1363//1390 1369//1390 1368//1390
f 1363//1391 1364//1391 1370//1391 1369//1391
f 1364//1392 1359//1392 1365//1392 1370//1392
usemtl leaf_dark
f 1371//1393 1372//1393 1378//1393 1377//1393
f 1372//1394 1373//1394 1379//1394 1378//1394
f 1373//1395 1374//1395 1380//1395 1379//1395
f 1374//1396 1375//1396 1381//1396 1380//1396
f 1375//1397 1376//1397 1382//1397 1381//1397
f 1376//1398 1371//1398 1377//1398 1382//1398
f 1377//1399 1378//1399 1384//1399 1383//1399
f 1378//1400 1379//1400 1385//1400 1384//1400
f 1379//1401 1380//1401 1386//1401 1385//1401
f 1380//1402 1381//1402 1387//1402 1386//1402
f 1381//1403 1382//1403 1388//1403 1387//1403
f 1382//1404 1377//1404 1383//1404 1388//1404
f 1383//1405 1384//1405 1390//1405 1389//1405
f 1384//1406 1385//1406 1391//1406 1390//1406
f 1385//1407 1386//1407 1392//1407 1391//1407
f 1386//1408 1387//1408 1393//1408 1392//1408
f 1387//1409 1388//1409 1394//1409 1393//1409
f 1388//1410 1383//1410 1389//1410 1394//1410
f 1389//1411 1390//1411 1396//1411 1395//1411
f 1390//1412 1391//1412 1397//1412 1396//1412
f 1391//1413 1392//1413 1398//1413 1397//1413
f 1392//1414 1393//1414 1399//1414 1398//1414
f 1393//1415 1394//1415 1400//1415 1399//1415
f 1394//1416 1389//1416 1395//1416 1400//1416
usemtl leaf_light
f 1401//1417 1402//1417 1408//1417 1407//1417
f 1402//1418 1403//1418 1409//1418 1408//1418
f 1403//1419 1404//1419 1410//1419 1409//1419
f 1404//1420 1405//1420 1411//1420 1410//1420
f 1405//1421 1406//1421 1412//1421 1411//1421
f 1406//1422 1401//1422 1407//1422 1412//1422
f 1407//1423 1408//1423 1414//1423 1413//1423
f 1408//1424 1409//1424 1415//1424 1414//1424
f 1409//1425 1410//1425 1416//1425 1415//1425
f 1410//1426 1411//1426 1417//1426 1416//1426
f 1411//1427 1412//1427 1418//1427 1417//1427
f 1412//1428 1407//1428 1413//1428 1418//1428
f 1413//1429 1414//1429 1420//1429 1419//1429
f 1414//1430 1415//1430 1421//1430 1420//1430
f 1415//1431 1416//1431 1422//1431 1421//1431
f 1416//1432 1417//1432 1423//1432 1422//1432
f 1417//1433 1418//1433 1424//1433 1423//1433
f 1418//1434 1413//1434 1419//1434 1424//1434
f 1419//1435 1420//1435 1426//1435 1425//1435
f 1420//1436 1421//1436 1427//1436 1426//1436
f 1421//1437 1422//1437 1428//1437 1427//1437
f 1422//1438 1423//1438 1429//1438 1428//1438
f 1423//1439 1424//1439 1430//1439 1429//1439
f 1424//1440 1419//1440 1425//1440 1430//1440
f 1431//1441 1432//1441 1438//1441 1437//1441
f 1432//1442 1433//1442 1439//1442 1438//1442
f 1433//1443 1434//1443 1440//1443 1439//1443
f 1434//1444 1435//1444 1441//1444 1440//1444
f 1435//1445 1436//1445 1442//1445 1441//1445
f 1436//1446 1431//1446 1437//1446 1442//1446
f 1437//1447 1438//1447 1444//1447 1443//1447
f 1438//1448 1439//1448 1445//1448 1444//1448
f 1439//1449 1440//1449 1446//1449 1445//1449
f 1440//1450 1441//1450 1447//1450 1446//1450
f 1441//1451 1442//1451 1448//1451 1447//1451
f 1442//1452 1437//1452 1443//1452 1448//1452
f 1443//1453 1444//1453 1450//1453 1449//1453
f 1444//1454 1445//1454 1451//1454 1450//1454
f 1445//1455 1446//1455 1452//1455 1451//1455
f 1446//1456 1447//1456 1453//1456 1452//1456
f 1447//1457 1448//1457 1454//1457 1453//1457
f 1448//1458 1443//1458 1449//1458 1454//1458
f 1449//1459 1450//1459 1456//1459 1455//1459
f 1450//1460 1451//1460 1457//1460 1456//1460
f 1451//1461 1452//1461 1458//1461 1457//1461
f 1452//1462 1453//1462 1459//1462 1458//1462
f 1453//1463 1454//1463 1460//1463 1459//1463
f 1454//1464 1449//1464 1455//1464 1460//1464
usemtl leaf
f 1461//1465 1462//1465 1468//1465 1467//1465
f 1462//1466 1463//1466 1469//1466 1468//1466
f 1463//1467 1464//1467 1470//1467 1469//1467
f 1464//1468 1465//1468 1471//1468 1470//1468
f 1465//1469 1466//1469 1472//1469 1471//1469
f 1466//1470 1461//1470 1467//1470 1472//1470
f 1467//1471 1468//1471 1474//1471 1473//1471
f 1468//1472 1469//1472 1475//1472 1474//1472
f 1469//1473 1470//1473 1476//1473 1475//1473
f 1470//1474 1471//1474 1477//1474 1476//1474
f 1471//1475 1472//1475 1478//1475 1477//1475
f 1472//1476 1467//1476 1473//1476 1478//1476
f 1473//1477 1474//1477 1480//1477 1479//1477
f 1474//1478 1475//1478 1481//1478 1480//1478
f 1475//1479 1476//1479 1482//1479 1481//1479
f 1476//1480 1477//1480 1483//1480 1482//1480
f 1477//1481 1478//1481 1484//1481 1483//1481
f 1478//1482 1473//1482 1479//1482 1484//1482
f 1479//1483 1480//1483 1486//1483 1485//1483
f 1480//1484 1481//1484 1487//1484 1486//1484
f 1481//1485 1482//1485 1488//1485 1487//1485
f 1482//1486 1483//1486 1489//1486 1488//1486
f 1483//1487 1484//1487 1490//1487 1489//1487
f 1484//1488 1479//1488 1485//1488 1490//1488
usemtl leaf_light
f 1491//1489 1492//1489 1498//1489 1497//1489
f 1492//1490 1493//1490 1499//1490 1498//1490
f 1493//1491 1494//1491 1500//1491 1499//1491
f 1494//1492 1495//1492 1501//1492 1500//1492
f 1495//1493 1496//1493 1502//1493 1501//1493
f 1496//1494 1491//1494 1497//1494 1502//1494
f 1497//1495 1498//1495 1504//1495 1503//1495
f 1498//1496 1499//1496 1505//1496 1504//1496
f 1499//1497 1500//1497 1506//1497 1505//1497
f 1500//1498 1501//1498 1507//1498 1506//1498
f 1501//1499 1502//1499 1508//1499 1507//1499
f 1502//1500 1497//1500 1503//1500 1508//1500
f 1503//1501 1504//1501 1510//1501 1509//1501
f 1504//1502 1505//1502 1511//1502 1510//1502
f 1505//1503 1506//1503 1512//1503 1511//1503
f 1506//1504 1507//1504 1513//1504 1512//1504
f 1507//1505 1508//1505 1514//1505 1513//1505
f 1508//1506 1503//1506 1509//1506 1514//1506
f 1509//1507 1510//1507 1516//1507 1515//1507
f 1510//1508 1511//1508 1517//1508 1516//1508
f 1511//1509 1512//1509 1518//1509 1517//1509
f 1512//1510 1513//1510 1519//1510 1518//1510
f 1513//1511 1514//1511 1520//1511 1519//1511
f 1514//1512 1509//1512 1515//1512 1520//1512
f 1521//1513 1522//1513 1528//1513 1527//1513
f 1522//1514 1523//1514 1529//1514 1528//1514
f 1523//1515 1524//1515 1530//1515 1529//1515
f 1524//1516 1525//1516 1531//1516 1530//1516
f 1525//1517 1526//1517 1532//1517 1531//1517
f 1526//1518 1521//1518 1527//1518 1532//1518
f 1527//1519 1528//1519 1534//1519 1533//1519
f 1528//1520 1529//1520 1535//1520 1534//1520
f 1529//1521 1530//1521 1536//1521 1535//1521
f 1530//1522 1531//1522 1537//1522 1536//1522
f 1531//1523 1532//1523 1538//1523 1537//1523
f 1532//1524 1527//1524 1533//1524 1538//1524
f 1533//1525 1534//1525 1540//1525 1539//1525
f 1534//1526 1535//1526 1541//1526 1540//1526
f 1535//1527 1536//1527 1542//1527 1541//1527
f 1536//1528 1537//1528 1543//1528 1542//1528
f 1537//1529 1538//1529 1544//1529 1543//1529
f 1538//1530 1533//1530 1539//1530 1544//1530
f 1539//1531 1540//1531 1546//1531 1545//1531
f 1540//1532 1541//1532 1547//1532 1546//1532
f 1541//1533 1542//1533 1548//1533 1547//1533
f 1542//1534 1543//1534 1549//1534 1548//1534
f 1543//1535 1544//1535 1550//1535 1549//1535
f 1544//1536 1539//1536 1545//1536 1550//1536
usemtl leaf
f 1551//1537 1552//1537 1558//1537 1557//1537
f 1552//1538 1553//1538 1559//1538 1558//1538
f 1553//1539 1554//1539 1560//1539 1559//1539
f 1554//1540 1555//1540 1561//1540 1560//1540
f 1555//1541 1556//1541 1562//1541 1561//1541
f 1556//1542 1551//1542 1557//1542 1562//1542
f 1557//1543 1558//1543 1564//1543 1563//1543
f 1558//1544 1559//1544 1565//1544 1564//1544
f 1559//1545 1560//1545 1566//1545 1565//1545
f 1560//1546 1561//1546 1567//1546 1566//1546
f 1561//1547 1562//1547 1568//1547 1567//1547
f 1562//1548 1557//1548 1563//1548 1568//1548
f 1563//1549 1564//1549 1570//1549 1569//1549
f 1564//1550 1565//1550 1571//1550 1570//1550
f 1565//1551 1566//1551 1572//1551 1571//1551
f 1566//1552 1567//1552 1573//1552 1572//1552
f 1567//1553 1568//1553 1574//1553 1573//1553
f 1568//1554 1563//1554 1569//1554 1574//1554
f 1569//1555 1570//1555 1576//1555 1575//1555
f 1570//1556 1571//1556 1577//1556 1576//1556
f 1571//1557 1572//1557 1578//1557 1577//1557
f 1572//1558 1573//1558 1579//1558 1578//1558
f 1573//1559 1574//1559 1580//1559 1579//1559
f 1574//1560 1569//1560 1575//1560 1580//1560
usemtl leaf_light
f 1581//1561 1582//1561 1588//1561 1587//1561
f 1582//1562 1583//1562 1589//1562 1588//1562
f 1583//1563 1584//1563 1590//1563 1589//1563
f 1584//1564 1585//1564 1591//1564 1590//1564
f 1585//1565 1586//1565 1592//1565 1591//1565
f 1586//1566 1581//1566 1587//1566 1592//1566
f 1587//1567 1588//1567 1594//1567 1593//1567
f 1588//1568 1589//1568 1595//1568 1594//1568
f 1589//1569 1590//1569 1596//1569 1595//1569
f 1590//1570 1591//1570 1597//1570 1596//1570
f 1591//1571 1592//1571 1598//1571 1597//1571
f 1592//1572 1587//1572 1593//1572 1598//1572
f 1593//1573 1594//1573 1600//1573 1599//1573
f 1594//1574 1595//1574 1601//1574 1600//1574
f 1595//1575 1596//1575 1602//1575 1601//1575
f 1596//1576 1597//1576 1603//1576 1602//1576
f 1597//1577 1598//1577 1604//1577 1603//1577
f 1598//1578 1593//1578 1599//1578 1604//1578
f 1599//1579 1600//1579 1606//1579 1605//1579
f 1600//1580 1601//1580 1607//1580 1606//1580
f 1601//1581 1602//1581 1608//1581 1607//1581
f 1602//1582 1603//1582 1609//1582 1608//1582
f 1603//1583 1604//1583 1610//1583 1609//1583
f 1604//1584 1599//1584 1605//1584 1610//1584
usemtl leaf
f 1611//1585 1612//1585 1618//1585 1617//1585
f 1612//1586 1613//1586 1619//1586 1618//1586
f 1613//1587 1614//1587 1620//1587 1619//1587
f 1614//1588 1615//1588 1621//1588 1620//1588
f 1615//1589 1616//1589 1622//1589 1621//1589
f 1616//1590 1611//1590 1617//1590 1622//1590
f 1617//1591 1618//1591 1624//1591 1623//1591
f 1618//1592 1619//1592 1625//1592 1624//1592
f 1619//1593 1620//1593 1626//1593 1625//1593
f 1620//1594 1621//1594 1627//1594 1626//1594
f 1621//1595 1622//1595 1628//1595 1627//1595
f 1622//1596 1617//1596 1623//1596 1628//1596
f 1623//1597 1624//1597 1630//1597 1629//1597
f 1624//1598 1625//1598 1631//1598 1630//1598
f 1625//1599 1626//1599 1632//1599 1631//1599
f 1626//1600 1627//1600 1633//1600 1632//1600
f 1627//1601 1628//1601 1634//1601 1633//1601
f 1628//1602 1623//1602 1629//1602 1634//1602
f 1629//1603 1630//1603 1636//1603 1635//1603
f 1630//1604 1631//1604 1637//1604 1636//1604
f 1631//1605 1632//1605 1638//1605 1637//1605
f 1632//1606 1633//1606 1639//1606 1638//1606
f 1633//1607 1634//1607 1640//1607 1639//1607
f 1634//1608 1629//1608 1635//1608 1640//1608
usemtl leaf_light
f 1641//1609 1642//1609 1648//1609 1647//1609
f 1642//1610 1643//1610 1649//1610 1648//1610
f 1643//1611 1644//1611 1650//1611 1649//1611
f 1644//1612 1645//1612 1651//1612 1650//1612
f 1645//1613 1646//1613 1652//1613 1651//1613
f 1646//1614 1641//1614 1647//1614 1652//1614
f 1647//1615 1648//1615 1654//1615 1653//1615
f 1648//1616 1649//1616 1655//1616 1654//1616
f 1649//1617 1650//1617 1656//1617 1655//1617
f 1650//1618 1651//1618 1657//1618 1656//1618
f 1651//1619 1652//1619 1658//1619 1657//1619
f 1652//1620 1647//1620 1653//1620 1658//1620
f 1653//1621 1654//1621 1660//1621 1659//1621
f 1654//1622 1655//1622 1661//1622 1660//1622
f 1655//1623 1656//1623 1662//1623 1661//1623
f 1656//1624 1657//1624 1663//1624 1662//1624
f 1657//1625 1658//1625 1664//1625 1663//1625
f 1658//1626 1653//1626 1659//1626 1664//1626
f 1659//1627 1660//1627 1666//1627 1665//1627
f 1660//1628 1661//1628 1667//1628 1666//1628
f 1661//1629 1662//1629 1668//1629 1667//1629
f 1662//1630 1663//1630 1669//1630 1668//1630
f 1663//1631 1664//1631 1670//1631 1669//1631
f 1664//1632 1659//1632 1665//1632 1670//1632
f 1671//1633 1672//1633 1678//1633 1677//1633
f 1672//1634 1673//1634 1679//1634 1678//1634
f 1673//1635 1674//1635 1680//1635 1679//1635
f 1674//1636 1675//1636 1681//1636 1680//1636
f 1675//1637 1676//1637 1682//1637 1681//1637
f 1676//1638 1671//1638 1677//1638 1682//1638
f 1677//1639 1678//1639 1684//1639 1683//1639
f 1678//1640 1679//1640 1685//1640 1684//1640
f 1679//1641 1680//1641 1686//1641 1685//1641
f 1680//1642 1681//1642 1687//1642 1686//1642
f 1681//1643 1682//1643 1688//1643 1687//1643
f 1682//1644 1677//1644 1683//1644 1688//1644
f 1683//1645 1684//1645 1690//1645 1689//1645
f 1684//1646 1685//1646 1691//1646 1690//1646
f 1685//1647 1686//1647 1692//1647 1691//1647
f 1686//1648 1687//1648 1693//1648 1692//1648
f 1687//1649 1688//1649 1694//1649 1693//1649
f 1688//1650 1683//1650 1689//1650 1694//1650
f 1689//1651 1690//1651 1696//1651 1695//1651
f 1690//1652 1691//1652 1697//1652 1696//1652
f 1691//1653 1692//1653 1698//1653 1697//1653
f 1692//1654 1693//1654 1699//1654 1698//1654
f 1693//1655 1694//1655 1700//1655 1699//1655
f 1694//1656 1689//1656 1695//1656 1700//1656
usemtl leaf
f 1701//1657 1702//1657 1708//1657 1707//1657
f 1702//1658 1703//1658 1709//1658 1708//1658
f 1703//1659 1704//1659 1710//1659 1709//1659
f 1704//1660 1705//1660 1711//1660 1710//1660
f 1705//1661 1706//1661 1712//1661 1711//1661
f 1706//1662 1701//1662 1707//1662 1712//1662
f 1707//1663 1708//1663 1714//1663 1713//1663
f 1708//1664 1709//1664 1715//1664 1714//1664
f 1709//1665 1710//1665 1716//1665 1715//1665
f 1710//1666 1711//1666 1717//1666 1716//1666
f 1711//1667 1712//1667 1718//1667 1717//1667
f 1712//1668 1707//1668 1713//1668 1718//1668
f 1713//1669 1714//1669 1720//1669 1719//1669
f 1714//1670 1715//1670 1721//1670 1720//1670
f 1715//1671 1716//1671 1722//1671 1721//1671
f 1716//1672 1717//1672 1723//1672 1722//1672
f 1717//1673 1718//1673 1724//1673 1723//1673
f 1718//1674 1713//1674 1719//1674 1724//1674
f 1719//1675 1720//1675 1726//1675 1725//1675
f 1720//1676 1721//1676 1727//1676 1726//1676
f 1721//1677 1722//1677 1728//1677 1727//1677
f 1722//1678 1723//1678 1729//1678 1728//1678
f 1723//1679 1724//1679 1730//1679 1729//1679
f 1724//1680 1719//1680 1725//1680 1730//1680
usemtl leaf_light
f 1731//1681 1732//1681 1738//1681 1737//1681
f 1732//1682 1733//1682 1739//1682 1738//1682
f 1733//1683 1734//1683 1740//1683 1739//1683
f 1734//1684 1735//1684 1741//1684 1740//1684
f 1735//1685 1736//1685 1742//1685 1741//1685
f 1736//1686 1731//1686 1737//1686 1742//1686
f 1737//1687 1738//1687 1744//1687 1743//1687
f 1738//1688 1739//1688 1745//1688 1744//1688
f 1739//1689 1740//1689 1746//1689 1745//1689
f 1740//1690 1741//1690 1747//1690 1746//1690
f 1741//1691 1742//1691 1748//1691 1747//1691
f 1742//1692 1737//1692 1743//1692 1748//1692
f 1743//1693 1744//1693 1750//1693 1749//1693
f 1744//1694 1745//1694 1751//1694 1750//1694
f 1745//1695 1746//1695 1752//1695 1751//1695
f 1746//1696 1747//1696 1753//1696 1752//1696
f 1747//1697 1748//1697 1754//1697 1753//1697
f 1748//1698 1743//1698 1749//1698 1754//1698
f 1749//1699 1750//1699 1756//1699 1755//1699
f 1750//1700 1751//1700 1757//1700 1756//1700
f 1751//1701 1752//1701 1758//1701 1757//1701
f 1752//1702 1753//1702 1759//1702 1758//1702
f 1753//1703 1754//1703 1760//1703 1759//1703
f 1754//1704 1749//1704 1755//1704 1760//1704
usemtl leaf_dark
f 1761//1705 1762//1705 1768//1705 1767//1705
f 1762//1706 1763//1706 1769//1706 1768//1706
f 1763//1707 1764//1707 1770//1707 1769//1707
f 1764//1708 1765//1708 1771//1708 1770//1708
f 1765//1709 1766//1709 1772//1709 1771//1709
f 1766//1710 1761//1710 1767//1710 1772//1710
f 1767//1711 1768//1711 1774//1711 1773//1711
f 1768//1712 1769//1712 1775//1712 1774//1712
f 1769//1713 1770//1713 1776//1713 1775//1713
f 1770//1714 1771//1714 1777//1714 1776//1714
f 1771//1715 1772//1715 1778//1715 1777//1715
f 1772//1716 1767//1716 1773//1716 1778//1716
f 1773//1717 1774//1717 1780//1717 1779//1717
f 1774//1718 1775//1718 1781//1718 1780//1718
f 1775//1719 1776//1719 1782//1719 1781//1719
f 1776//1720 1777//1720 1783//1720 1782//1720
f 1777//1721 1778//1721 1784//1721 1783//1721
f 1778//1722 1773//1722 1779//1722 1784//1722
f 1779//1723 1780//1723 1786//1723 1785//1723
f 1780//1724 1781//1724 1787//1724 1786//1724
f 1781//1725 1782//1725 1788//1725 1787//1725
f 1782//1726 1783//1726 1789//1726 1788//1726
f 1783//1727 1784//1727 1790//1727 1789//1727
f 1784//1728 1779//1728 1785//1728 1790//1728
f 1791//1729 1792//1729 1798//1729 1797//1729
f 1792//1730 1793//1730 1799//1730 1798//1730
f 1793//1731 1794//1731 1800//1731 1799//1731
f 1794//1732 1795//1732 1801//1732 1800//1732
f 1795//1733 1796//1733 1802//1733 1801//1733
f 1796//1734 1791//1734 1797//1734 1802//1734
f 1797//1735 1798//1735 1804//1735 1803//1735
f 1798//1736 1799//1736 1805//1736 1804//1736
f 1799//1737 1800//1737 1806//1737 1805//1737
f 1800//1738 1801//1738 1807//1738 1806//1738
f 1801//1739 1802//1739 1808//1739 1807//1739
f 1802//1740 1797//1740 1803//1740 1808//1740
f 1803//1741 1804//1741 1810//1741 1809//1741
f 1804//1742 1805//1742 1811//1742 1810//1742
f 1805//1743 1806//1743 1812//1743 1811//1743
f 1806//1744 1807//1744 1813//1744 1812//1744
f 1807//1745 1808//1745 1814//1745 1813//1745
f 1808//1746 1803//1746 1809//1746 1814//1746
f 1809//1747 1810//1747 1816//1747 1815//1747
f 1810//1748 1811//1748 1817//1748 1816//1748
f 1811//1749 1812//1749 1818//1749 1817//1749
f 1812//1750 1813//1750 1819//1750 1818//1750
f 1813//1751 1814//1751 1820//1751 1819//1751
f 1814//1752 1809//1752 1815//1752 1820//1752
usemtl leaf_light
f 1821//1753 1822//1753 1828//1753 1827//1753
f 1822//1754 1823//1754 1829//1754 1828//1754
f 1823//1755 1824//1755 1830//1755 1829//1755
f 1824//1756 1825//1756 1831//1756 1830//1756
f 1825//1757 1826//1757 1832//1757 1831//1757
f 1826//1758 1821//1758 1827//1758 1832//1758
f 1827//1759 1828//1759 1834//1759 1833//1759
f 1828//1760 1829//1760 1835//1760 1834//1760
f 1829//1761 1830//1761 1836//1761 1835//1761
f 1830//1762 1831//1762 1837//1762 1836//1762
f 1831//1763 1832//1763 1838//1763 1837//1763
f 1832//1764 1827//1764 1833//1764 1838//1764
f 1833//1765 1834//1765 1840//1765 1839//1765
f 1834//1766 1835//1766 1841//1766 1840//1766
f 1835//1767 1836//1767 1842//1767 1841//1767
f 1836//1768 1837//1768 1843//1768 1842//1768
f 1837//1769 1838//1769 1844//1769 1843//1769
f 1838//1770 1833//1770 1839//1770 1844//1770
f 1839//1771 1840//1771 1846//1771 1845//1771
f 1840//1772 1841//1772 1847//1772 1846//1772
f 1841//1773 1842//1773 1848//1773 1847//1773
f 1842//1774 1843//1774 1849//1774 1848//1774
f 1843//1775 1844//1775 1850//1775 1849//1775
f 1844//1776 1839//1776 1845//1776 1850//1776
f 1851//1777 1852//1777 1858//1777 1857//1777
f 1852//1778 1853//1778 1859//1778 1858//1778
f 1853//1779 1854//1779 1860//1779 1859//1779
f 1854//1780 1855//1780 1861//1780 1860//1780
f 1855//1781 1856//1781 1862//1781 1861//1781
f 1856//1782 1851//1782 1857//1782 1862//1782
f 1857//1783 1858//1783 1864//1783 1863//1783
f 1858//1784 1859//1784 1865//1784 1864//1784
f 1859//1785 1860//1785 1866//1785 1865//1785
f 1860//1786 1861//1786 1867//1786 1866//1786
f 1861//1787 1862//1787 1868//1787 1867//1787
f 1862//1788 1857//1788 1863//1788 1868//1788
f 1863//1789 1864//1789 1870//1789 1869//1789
f 1864//1790 1865//1790 1871//1790 1870//1790
f 1865//1791 1866//1791 1872//1791 1871//1791
f 1866//1792 1867//1792 1873//1792 1872//1792
f 1867//1793 1868//1793 1874//1793 1873//1793
f 1868//1794 1863//1794 1869//1794 1874//1794
f 1869//1795 1870//1795 1876//1795 1875//1795
f 1870//1796 1871//1796 1877//1796 1876//1796
f 1871//1797 1872//1797 1878//1797 1877//1797
f 1872//1798 1873//1798 1879//1798 1878//1798
f 1873//1799 1874//1799 1880//1799 1879//1799
f 1874//1800 1869//1800 1875//1800 1880//1800
usemtl leaf_dark
f 1881//1801 1882//1801 1888//1801 1887//1801
f 1882//1802 1883//1802 1889//1802 1888//1802
f 1883//1803 1884//1803 1890//1803 1889//1803
f 1884//1804 1885//1804 1891//1804 1890//1804
f 1885//1805 1886//1805 1892//1805 1891//1805
f 1886//1806 1881//1806 1887//1806 1892//1806
f 1887//1807 1888//1807 1894//1807 1893//1807
f 1888//1808 1889//1808 1895//1808 1894//1808
f 1889//1809 1890//1809 1896//1809 1895//1809
f 1890//1810 1891//1810 1897//1810 1896//1810
f 1891//1811 1892//1811 1898//1811 1897//1811
f 1892//1812 1887//1812 1893//1812 1898//1812
f 1893//1813 1894//1813 1900//1813 1899//1813
f 1894//1814 1895//1814 1901//1814 1900//1814
f 1895//1815 1896//1815 1902//1815 1901//1815
f 1896//1816 1897//1816 1903//1816 1902//1816
f 1897//1817 1898//1817 1904//1817 1903//1817
f 1898//1818 1893//1818 1899//1818 1904//1818
f 1899//1819 1900//1819 1906//1819 1905//1819
f 1900//1820 1901//1820 1907//1820 1906//1820
f 1901//1821 1902//1821 1908//1821 1907//1821
f 1902//1822 1903//1822 1909//1822 1908//1822
f 1903//1823 1904//1823 1910//1823 1909//1823
f 1904//1824 1899//1824 1905//1824 1910//1824
usemtl leaf_light
f 1911//1825 1912//1825 1918//1825 1917//1825
f 1912//1826 1913//1826 1919//1826 1918//1826
f 1913//1827 1914//1827 1920//1827 1919//1827
f 1914//1828 1915//1828 1921//1828 1920//1828
f 1915//1829 1916//1829 1922//1829 1921//1829
f 1916//1830 1911//1830 1917//1830 1922//1830
f 1917//1831 1918//1831 1924//1831 1923//1831
f 1918//1832 1919//1832 1925//1832 1924//1832
f 1919//1833 1920//1833 1926//1833 1925//1833
f 1920//1834 1921//1834 1927//1834 1926//1834
f 1921//1835 1922//1835 1928//1835 1927//1835
f 1922//1836 1917//1836 1923//1836 1928//1836
f 1923//1837 1924//1837 1930//1837 1929//1837
f 1924//1838 1925//1838 1931//1838 1930//1838
f 1925//1839 1926//1839 1932//1839 1931//1839
f 1926//1840 1927//1840 1933//1840 1932//1840
f 1927//1841 1928//1841 1934//1841 1933//1841
f 1928//1842 1923//1842 1929//1842 1934//1842
f 1929//1843 1930//1843 1936//1843 1935//1843
f 1930//1844 1931//1844 1937//1844 1936//1844
f 1931//1845 1932//1845 1938//1845 1937//1845
f 1932//1846 1933//1846 1939//1846 1938//1846
f 1933//1847 1934//1847 1940//1847 1939//1847
f 1934//1848 1929//1848 1935//1848 1940//1848
usemtl leaf_dark
f 1941//1849 1942//1849 1948//1849 1947//1849
f 1942//1850 1943//1850 1949//1850 1948//1850
f 1943//1851 1944//1851 1950//1851 1949//1851
f 1944//1852 1945//1852 1951//1852 1950//1852
f 1945//1853 1946//1853 1952//1853 1951//1853
f 1946//1854 1941//1854 1947//1854 1952//1854
f 1947//1855 1948//1855 1954//1855 1953//1855
f 1948//1856 1949//1856 1955//1856 1954//1856
f 1949//1857 1950//1857 1956//1857 1955//1857
f 1950//1858 1951//1858 1957//1858 1956//1858
f 1951//1859 1952//1859 1958//1859 1957//1859
f 1952//1860 1947//1860 1953//1860 1958//1860
f 1953//1861 1954//1861 1960//1861 1959//1861
f 1954//1862 1955//1862 1961//1862 1960//1862
f 1955//1863 1956//1863 1962//1863 1961//1863
f 1956//1864 1957//1864 1963//1864 1962//1864
f 1957//1865 1958//1865 1964//1865 1963//1865
f 1958//1866 1953//1866 1959//1866 1964//1866
f 1959//1867 1960//1867 1966//1867 1965//1867
f 1960//1868 1961//1868 1967//1868 1966//1868
f 1961//1869 1962//1869 1968//1869 1967//1869
f 1962//1870 1963//1870 1969//1870 1968//1870
f 1963//1871 1964//1871 1970//1871 1969//1871
f 1964//1872 1959//1872 1965//1872 1970//1872
usemtl leaf
f 1971//1873 1972//1873 1978//1873 1977//1873
f 1972//1874 1973//1874 1979//1874 1978//1874
f 1973//1875 1974//1875 1980//1875 1979//1875
f 1974//1876 1975//1876 1981//1876 1980//1876
f 1975//1877 1976//1877 1982//1877 1981//1877
f 1976//1878 1971//1878 1977//1878 1982//1878
f 1977//1879 1978//1879 1984//1879 1983//1879
f 1978//1880 1979//1880 1985//1880 1984//1880
f 1979//1881 1980//1881 1986//1881 1985//1881
f 1980//1882 1981//1882 1987//1882 1986//1882
f 1981//1883 1982//1883 1988//1883 1987//1883
f 1982//1884 1977//1884 1983//1884 1988//1884
f 1983//1885 1984//1885 1990//1885 1989//1885
f 1984//1886 1985//1886 1991//1886 1990//1886
f 1985//1887 1986//1887 1992//1887 1991//1887
f 1986//1888 1987//1888 1993//1888 1992//1888
f 1987//1889 1988//1889 1994//1889 1993//1889
f 1988//1890 1983//1890 1989//1890 1994//1890
f 1989//1891 1990//1891 1996//1891 1995//1891
f 1990//1892 1991//1892 1997//1892 1996//1892
f 1991//1893 1992//1893 1998//1893 1997//1893
f 1992//1894 1993//1894 1999//1894 1998//1894
f 1993//1895 1994//1895 2000//1895 1999//1895
f 1994//1896 1989//1896 1995//1896 2000//1896
usemtl leaf_dark
f 2001//1897 2002//1897 2008//1897 2007//1897
f 2002//1898 2003//1898 2009//1898 2008//1898
f 2003//1899 2004//1899 2010//1899 2009//1899
f 2004//1900 2005//1900 2011//1900 2010//1900
f 2005//1901 2006//1901 2012//1901 2011//1901
f 2006//1902 2001//1902 2007//1902 2012//1902
f 2007//1903 2008//1903 2014//1903 2013//1903
f 2008//1904 2009//1904 2015//1904 2014//1904
f 2009//1905 2010//1905 2016//1905 2015//1905
f 2010//1906 2011//1906 2017//1906 2016//1906
f 2011//1907 2012//1907 2018//1907 2017//1907
f 2012//1908 2007//1908 2013//1908 2018//1908
f 2013//1909 2014//1909 2020//1909 2019//1909
f 2014//1910 2015//1910 2021//1910 2020//1910
f 2015//1911 2016//1911 2022//1911 2021//1911
f 2016//1912 2017//1912 2023//1912 2022//1912
f 2017//1913 2018//1913 2024//1913 2023//1913
f 2018//1914 2013//1914 2019//1914 2024//1914
f 2019//1915 2020//1915 2026//1915 2025//1915
f 2020//1916 2021//1916 2027//1916 2026//1916
f 2021//1917 2022//1917 2028//1917 2027//1917
f 2022//1918 2023//1918 2029//1918 2028//1918
f 2023//1919 2024//1919 2030//1919 2029//1919
f 2024//1920 2019//1920 2025//1920 2030//1920
f 2031//1921 2032//1921 2038//1921 2037//1921
f 2032//1922 2033//1922 2039//1922 2038//1922
f 2033//1923 2034//1923 2040//1923 2039//1923
f 2034//1924 2035//1924 2041//1924 2040//1924
f 2035//1925 2036//1925 2042//1925 2041//1925
f 2036//1926 2031//1926 2037//1926 2042//1926
f 2037//1927 2038//1927 2044//1927 2043//1927
f 2038//1928 2039//1928 2045//1928 2044//1928
f 2039//1929 2040//1929 2046//1929 2045//1929
f 2040//1930 2041//1930 2047//1930 2046//1930
f 2041//1931 2042//1931 2048//1931 2047//1931
f 2042//1932 2037//1932 2043//1932 2048//1932
f 2043//1933 2044//1933 2050//1933 2049//1933
f 2044//1934 2045//1934 2051//1934 2050//1934
f 2045//1935 2046//1935 2052//1935 2051//1935
f 2046//1936 2047//1936 2053//1936 2052//1936
f 2047//1937 2048//1937 2054//1937 2053//1937
f 2048//1938 2043//1938 2049//1938 2054//1938
f 2049//1939 2050//1939 2056//1939 2055//1939
f 2050//1940 2051//1940 2057//1940 2056//1940
f 2051//1941 2052//1941 2058//1941 2057//1941
f 2052//1942 2053//1942 2059//1942 2058//1942
f 2053//1943 2054//1943 2060//1943 2059//1943
f 2054//1944 2049//1944 2055//1944 2060//1944
f 2061//1945 2062//1945 2068//1945 2067//1945
f 2062//1946 2063//1946 2069//1946 2068//1946
f 2063//1947 2064//1947 2070//1947 2069//1947
f 2064//1948 2065//1948 2071//1948 2070//1948
f 2065//1949 2066//1949 2072//1949 2071//1949
f 2066//1950 2061//1950 2067//1950 2072//1950
f 2067//1951 2068//1951 2074//1951 2073//1951
f 2068//1952 2069//1952 2075//1952 2074//1952
f 2069//1953 2070//1953 2076//1953 2075//1953
f 2070//1954 2071//1954 2077//1954 2076//1954
f 2071//1955 2072//1955 2078//1955 2077//1955
f 2072//1956 2067//1956 2073//1956 2078//1956
f 2073//1957 2074//1957 2080//1957 2079//1957
f 2074//1958 2075//1958 2081//1958 2080//1958
f 2075//1959 2076//1959 2082//1959 2081//1959
f 2076//1960 2077//1960 2083//1960 2082//1960
f 2077//1961 2078//1961 2084//1961 2083//1961
f 2078//1962 2073//1962 2079//1962 2084//1962
f 2079//1963 2080//1963 2086//1963 2085//1963
f 2080//1964 2081//1964 2087//1964 2086//1964
f 2081//1965 2082//1965 2088//1965 2087//1965
f 2082//1966 2083//1966 2089//1966 2088//1966
f 2083//1967 2084//1967 2090//1967 2089//1967
f 2084//1968 2079//1968 2085//1968 2090//1968
usemtl leaf
f 2091//1969 2092//1969 2098//1969 2097//1969
f 2092//1970 2093//1970 2099//1970 2098//1970
f 2093//1971 2094//1971 2100//1971 2099//1971
f 2094//1972 2095//1972 2101//1972 2100//1972
f 2095//1973 2096//1973 2102//1973 2101//1973
f 2096//1974 2091//1974 2097//1974 2102//1974
f 2097//1975 2098//1975 2104//1975 2103//1975
f 2098//1976 2099//1976 2105//1976 2104//1976
f 2099//1977 2100//1977 2106//1977 2105//1977
f 2100//1978 2101//1978 2107//1978 2106//1978
f 2101//1979 2102//1979 2108//1979 2107//1979
f 2102//1980 2097//1980 2103//1980 2108//1980
f 2103//1981 2104//1981 2110//1981 2109//1981
f 2104//1982 2105//1982 2111//1982 2110//1982
f 2105//1983 2106//1983 2112//1983 2111//1983
f 2106//1984 2107//1984 2113//1984 2112//1984
f 2107//1985 2108//1985 2114//1985 2113//1985
f 2108//1986 2103//1986 2109//1986 2114//1986
f 2109//1987 2110//1987 2116//1987 2115//1987
f 2110//1988 2111//1988 2117//1988 2116//1988
f 2111//1989 2112//1989 2118//1989 2117//1989
f 2112//1990 2113//1990 2119//1990 2118//1990
f 2113//1991 2114//1991 2120//1991 2119//1991
f 2114//1992 2109//1992 2115//1992 2120//1992
f 2121//1993 2122//1993 2128//1993 2127//1993
f 2122//1994 2123//1994 2129//1994 2128//1994
f 2123//1995 2124//1995 2130//1995 2129//1995
f 2124//1996 2125//1996 2131//1996 2130//1996
f 2125//1997 2126//1997 2132//1997 2131//1997
f 2126//1998 2121//1998 2127//1998 2132//1998
f 2127//1999 2128//1999 2134//1999 2133//1999
f 2128//2000 2129//2000 2135//2000 2134//2000
f 2129//2001 2130//2001 2136//2001 2135//2001
f 2130//2002 2131//2002 2137//2002 2136//2002
f 2131//2003 2132//2003 2138//2003 2137//2003
f 2132//2004 2127//2004 2133//2004 2138//2004
f 2133//2005 2134//2005 2140//2005 2139//2005
f 2134//2006 2135//2006 2141//2006 2140//2006
f 2135//2007 2136//2007 2142//2007 2141//2007
f 2136//2008 2137//2008 2143//2008 2142//2008
f 2137//2009 2138//2009 2144//2009 2143//2009
f 2138//2010 2133//2010 2139//2010 2144//2010
f 2139//2011 2140//2011 2146//2011 2145//2011
f 2140//2012 2141//2012 2147//2012 2146//2012
f 2141//2013 2142//2013 2148//2013 2147//2013
f 2142//2014 2143//2014 2149//2014 2148//2014
f 2143//2015 2144//2015 2150//2015 2149//2015
f 2144//2016 2139//2016 2145//2016 2150//2016
usemtl leaf_light
f 2151//2017 2152//2017 2158//2017 2157//2017
f 2152//2018 2153//2018 2159//2018 2158//2018
f 2153//2019 2154//2019 2160//2019 2159//2019
f 2154//2020 2155//2020 2161//2020 2160//2020
f 2155//2021 2156//2021 2162//2021 2161//2021
f 2156//2022 2151//2022 2157//2022 2162//2022
f 2157//2023 2158//2023 2164//2023 2163//2023
f 2158//2024 2159//2024 2165//2024 2164//2024
f 2159//2025 2160//2025 2166//2025 2165//2025
f 2160//2026 2161//2026 2167//2026 2166//2026
f 2161//2027 2162//2027 2168//2027 2167//2027
f 2162//2028 2157//2028 2163//2028 2168//2028
f 2163//2029 2164//2029 2170//2029 2169//2029
f 2164//2030 2165//2030 2171//2030 2170//2030
f 2165//2031 2166//2031 2172//2031 2171//2031
f 2166//2032 2167//2032 2173//2032 2172//2032
f 2167//2033 2168//2033 2174//2033 2173//2033
f 2168//2034 2163//2034 2169//2034 2174//2034
f 2169//2035 2170//2035 2176//2035 2175//2035
f 2170//2036 2171//2036 2177//2036 2176//2036
f 2171//2037 2172//2037 2178//2037 2177//2037
f 2172//2038 2173//2038 2179//2038 2178//2038
f 2173//2039 2174//2039 2180//2039 2179//2039
f 2174//2040 2169//2040 2175//2040 2180//2040
usemtl leaf
f 2181//2041 2182//2041 2188//2041 2187//2041
f 2182//2042 2183//2042 2189//2042 2188//2042
f 2183//2043 2184//2043 2190//2043 2189//2043
f 2184//2044 2185//2044 2191//2044 2190//2044
f 2185//2045 2186//2045 2192//2045 2191//2045
f 2186//2046 2181//2046 2187//2046 2192//2046
f 2187//2047 2188//2047 2194//2047 2193//2047
f 2188//2048 2189//2048 2195//2048 2194//2048
f 2189//2049 2190//2049 2196//2049 2195//2049
f 2190//2050 2191//2050 2197//2050 2196//2050
f 2191//2051 2192//2051 2198//2051 2197//2051
f 2192//2052 2187//2052 2193//2052 2198//2052
f 2193//2053 2194//2053 2200//2053 2199//2053
f 2194//2054 2195//2054 2201//2054 2200//2054
f 2195//2055 2196//2055 2202//2055 2201//2055
f 2196//2056 2197//2056 2203//2056 2202//2056
f 2197//2057 2198//2057 2204//2057 2203//2057
f 2198//2058 2193//2058 2199//2058 2204//2058
f 2199//2059 2200//2059 2206//2059 2205//2059
f 2200//2060 2201//2060 2207//2060 2206//2060
f 2201//2061 2202//2061 2208//2061 2207//2061
f 2202//2062 2203//2062 2209//2062 2208//2062
f 2203//2063 2204//2063 2210//2063 2209//2063
f 2204//2064 2199//2064 2205//2064 2210//2064
f 2211//2065 2212//2065 2218//2065 2217//2065
f 2212//2066 2213//2066 2219//2066 2218//2066
f 2213//2067 2214//2067 2220//2067 2219//2067
f 2214//2068 2215//2068 2221//2068 2220//2068
f 2215//2069 2216//2069 2222//2069 2221//2069
f 2216//2070 2211//2070 2217//2070 2222//2070
f 2217//2071 2218//2071 2224//2071 2223//2071
f 2218//2072 2219//2072 2225//2072 2224//2072
f 2219//2073 2220//2073 2226//2073 2225//2073
f 2220//2074 2221//2074 2227//2074 2226//2074
f 2221//2075 2222//2075 2228//2075 2227//2075
f 2222//2076 2217//2076 2223//2076 2228//2076
f 2223//2077 2224//2077 2230//2077 2229//2077
f 2224//2078 2225//2078 2231//2078 2230//2078
f 2225//2079 2226//2079 2232//2079 2231//2079
f 2226//2080 2227//2080 2233//2080 2232//2080
f 2227//2081 2228//2081 2234//2081 2233//2081
f 2228//2082 2223//2082 2229//2082 2234//2082
f 2229//2083 2230//2083 2236//2083 2235//2083
f 2230//2084 2231//2084 2237//2084 2236//2084
f 2231//2085 2232//2085 2238//2085 2237//2085
f 2232//2086 2233//2086 2239//2086 2238//2086
f 2233//2087 2234//2087 2240//2087 2239//2087
f 2234//2088 2229//2088 2235//2088 2240//2088
f 2241//2089 2242//2089 2248//2089 2247//2089
f 2242//2090 2243//2090 2249//2090 2248//2090
f 2243//2091 2244//2091 2250//2091 2249//2091
f 2244//2092 2245//2092 2251//2092 2250//2092
f 2245//2093 2246//2093 2252//2093 2251//2093
f 2246//2094 2241//2094 2247//2094 2252//2094
f 2247//2095 2248//2095 2254//2095 2253//2095
f 2248//2096 2249//2096 2255//2096 2254//2096
f 2249//2097 2250//2097 2256//2097 2255//2097
f 2250//2098 2251//2098 2257//2098 2256//2098
f 2251//2099 2252//2099 2258//2099 2257//2099
f 2252//2100 2247//2100 2253//2100 2258//2100
f 2253//2101 2254//2101 2260//2101 2259//2101
f 2254//2102 2255//2102 2261//2102 2260//2102
f 2255//2103 2256//2103 2262//2103 2261//2103
f 2256//2104 2257//2104 2263//2104 2262//2104
f 2257//2105 2258//2105 2264//2105 2263//2105
f 2258//2106 2253//2106 2259//2106 2264//2106
f 2259//2107 2260//2107 2266//2107 2265//2107
f 2260//2108 2261//2108 2267//2108 2266//2108
f 2261//2109 2262//2109 2268//2109 2267//2109
f 2262//2110 2263//2110 2269//2110 2268//2110
f 2263//2111 2264//2111 2270//2111 2269//2111
f 2264//2112 2259//2112 2265//2112 2270//2112
f 2271//2113 2272//2113 2278//2113 2277//2113
f 2272//2114 2273//2114 2279//2114 2278//2114
f 2273//2115 2274//2115 2280//2115 2279//2115
f 2274//2116 2275//2116 2281//2116 2280//2116
f 2275//2117 2276//2117 2282//2117 2281//2117
f 2276//2118 2271//2118 2277//2118 2282//2118
f 2277//2119 2278//2119 2284//2119 2283//2119
f 2278//2120 2279//2120 2285//2120 2284//2120
f 2279//2121 2280//2121 2286//2121 2285//2121
f 2280//2122 2281//2122 2287//2122 2286//2122
f 2281//2123 2282//2123 2288//2123 2287//2123
f 2282//2124 2277//2124 2283//2124 2288//2124
f 2283//2125 2284//2125 2290//2125 2289//2125
f 2284//2126 2285//2126 2291//2126 2290//2126
f 2285//2127 2286//2127 2292//2127 2291//2127
f 2286//2128 2287//2128 2293//2128 2292//2128
f 2287//2129 2288//2129 2294//2129 2293//2129
f 2288//2130 2283//2130 2289//2130 2294//2130
f 2289//2131 2290//2131 2296//2131 2295//2131
f 2290//2132 2291//2132 2297//2132 2296//2132
f 2291//2133 2292//2133 2298//2133 2297//2133
f 2292//2134 2293//2134 2299//2134 2298//2134
f 2293//2135 2294//2135 2300//2135 2299//2135
f 2294//2136 2289//2136 2295//2136 2300//2136
f 2301//2137 2302//2137 2308//2137 2307//2137
f 2302//2138 2303//2138 2309//2138 2308//2138
f 2303//2139 2304//2139 2310//2139 2309//2139
f 2304//2140 2305//2140 2311//2140 2310//2140
f 2305//2141 2306//2141 2312//2141 2311//2141
f 2306//2142 2301//2142 2307//2142 2312//2142
f 2307//2143 2308//2143 2314//2143 2313//2143
f 2308//2144 2309//2144 2315//2144 2314//2144
f 2309//2145 2310//2145 2316//2145 2315//2145
f 2310//2146 2311//2146 2317//2146 2316//2146
f 2311//2147 2312//2147 2318//2147 2317//2147
f 2312//2148 2307//2148 2313//2148 2318//2148
f 2313//2149 2314//2149 2320//2149 2319//2149
f 2314//2150 2315//2150 2321//2150 2320//2150
f 2315//2151 2316//2151 2322//2151 2321//2151
f 2316//2152 2317//2152 2323//2152 2322//2152
f 2317//2153 2318//2153 2324//2153 2323//2153
f 2318//2154 2313//2154 2319//2154 2324//2154
f 2319//2155 2320//2155 2326//2155 2325//2155
f 2320//2156 2321//2156 2327//2156 2326//2156
f 2321//2157 2322//2157 2328//2157 2327//2157
f 2322//2158 2323//2158 2329//2158 2328//2158
f 2323//2159 2324//2159 2330//2159 2329//2159
f 2324//2160 2319//2160 2325//2160 2330//2160
usemtl leaf_dark
f 2331//2161 2332//2161 2338//2161 2337//2161
f 2332//2162 2333//2162 2339//2162 2338//2162
f 2333//2163 2334//2163 2340//2163 2339//2163
f 2334//2164 2335//2164 2341//2164 2340//2164
f 2335//2165 2336//2165 2342//2165 2341//2165
f 2336//2166 2331//2166 2337//2166 2342//2166
f 2337//2167 2338//2167 2344//2167 2343//2167
f 2338//2168 2339//2168 2345//2168 2344//2168
f 2339//2169 2340//2169 2346//2169 2345//2169
f 2340//2170 2341//2170 2347//2170 2346//2170
f 2341//2171 2342//2171 2348//2171 2347//2171
f 2342//2172 2337//2172 2343//2172 2348//2172
f 2343//2173 2344//2173 2350//2173 2349//2173
f 2344//2174 2345//2174 2351//2174 2350//2174
f 2345//2175 2346//2175 2352//2175 2351//2175
f 2346//2176 2347//2176 2353//2176 2352//2176
f 2347//2177 2348//2177 2354//2177 2353//2177
f 2348//2178 2343//2178 2349//2178 2354//2178
f 2349//2179 2350//2179 2356//2179 2355//2179
f 2350//2180 2351//2180 2357//2180 2356//2180
f 2351//2181 2352//2181 2358//2181 2357//2181
f 2352//2182 2353//2182 2359//2182 2358//2182
f 2353//2183 2354//2183 2360//2183 2359//2183
f 2354//2184 2349//2184 2355//2184 2360//2184
f 2361//2185 2362//2185 2368//2185 2367//2185
f 2362//2186 2363//2186 2369//2186 2368//2186
f 2363//2187 2364//2187 2370//2187 2369//2187
f 2364//2188 2365//2188 2371//2188 2370//2188
f 2365//2189 2366//2189 2372//2189 2371//2189
f 2366//2190 2361//2190 2367//2190 2372//2190
f 2367//2191 2368//2191 2374//2191 2373//2191
f 2368//2192 2369//2192 2375//2192 2374//2192
f 2369//2193 2370//2193 2376//2193 2375//2193
f 2370//2194 2371//2194 2377//2194 2376//2194
f 2371//2195 2372//2195 2378//2195 2377//2195
f 2372//2196 2367//2196 2373//2196 2378//2196
f 2373//2197 2374//2197 2380//2197 2379//2197
f 2374//2198 2375//2198 2381//2198 2380//2198
f 2375//2199 2376//2199 2382//2199 2381//2199
f 2376//2200 2377//2200 2383//2200 2382//2200
f 2377//2201 2378//2201 2384//2201 2383//2201
f 2378//2202 2373//2202 2379//2202 2384//2202
f 2379//2203 2380//2203 2386//2203 2385//2203
f 2380//2204 2381//2204 2387//2204 2386//2204
f 2381//2205 2382//2205 2388//2205 2387//2205
f 2382//2206 2383//2206 2389//2206 2388//2206
f 2383//2207 2384//2207 2390//2207 2389//2207
f 2384//2208 2379//2208 2385//2208 2390//2208
usemtl leaf
f 2391//2209 2392//2209 2398//2209 2397//2209
f 2392//2210 2393//2210 2399//2210 2398//2210
f 2393//2211 2394//2211 2400//2211 2399//2211
f 2394//2212 2395//2212 2401//2212 2400//2212
f 2395//2213 2396//2213 2402//2213 2401//2213
f 2396//2214 2391//2214 2397//2214 2402//2214
f 2397//2215 2398//2215 2404//2215 2403//2215
f 2398//2216 2399//2216 2405//2216 2404//2216
f 2399//2217 2400//2217 2406//2217 2405//2217
f 2400//2218 2401//2218 2407//2218 2406//2218
f 2401//2219 2402//2219 2408//2219 2407//2219
f 2402//2220 2397//2220 2403//2220 2408//2220
f 2403//2221 2404//2221 2410//2221 2409//2221
f 2404//2222 2405//2222 2411//2222 2410//2222
f 2405//2223 2406//2223 2412//2223 2411//2223
f 2406//2224 2407//2224 2413//2224 2412//2224
f 2407//2225 2408//2225 2414//2225 2413//2225
f 2408//2226 2403//2226 2409//2226 2414//2226
f 2409//2227 2410//2227 2416//2227 2415//2227
f 2410//2228 2411//2228 2417//2228 2416//2228
f 2411//2229 2412//2229 2418//2229 2417//2229
f 2412//2230 2413//2230 2419//2230 2418//2230
f 2413//2231 2414//2231 2420//2231 2419//2231
f 2414//2232 2409//2232 2415//2232 2420//2232
usemtl leaf_dark
f 2421//2233 2422//2233 2428//2233 2427//2233
f 2422//2234 2423//2234 2429//2234 2428//2234
f 2423//2235 2424//2235 2430//2235 2429//2235
f 2424//2236 2425//2236 2431//2236 2430//2236
f 2425//2237 2426//2237 2432//2237 2431//2237
f 2426//2238 2421//2238 2427//2238 2432//2238
f 2427//2239 2428//2239 2434//2239 2433//2239
f 2428//2240 2429//2240 2435//2240 2434//2240
f 2429//2241 2430//2241 2436//2241 2435//2241
f 2430//2242 2431//2242 2437//2242 2436//2242
f 2431//2243 2432//2243 2438//2243 2437//2243
f 2432//2244 2427//2244 2433//2244 2438//2244
f 2433//2245 2434//2245 2440//2245 2439//2245
f 2434//2246 2435//2246 2441//2246 2440//2246
f 2435//2247 2436//2247 2442//2247 2441//2247
f 2436//2248 2437//2248 2443//2248 2442//2248
f 2437//2249 2438//2249 2444//2249 2443//2249
f 2438//2250 2433//2250 2439//2250 2444//2250
f 2439//2251 2440//2251 2446//2251 2445//2251
f 2440//2252 2441//2252 2447//2252 2446//2252
f 2441//2253 2442//2253 2448//2253 2447//2253
f 2442//2254 2443//2254 2449//2254 2448//2254
f 2443//2255 2444//2255 2450//2255 2449//2255
f 2444//2256 2439//2256 2445//2256 2450//2256
f 2451//2257 2452//2257 2458//2257 2457//2257
f 2452//2258 2453//2258 2459//2258 2458//2258
f 2453//2259 2454//2259 2460//2259 2459//2259
f 2454//2260 2455//2260 2461//2260 2460//2260
f 2455//2261 2456//2261 2462//2261 2461//2261
f 2456//2262 2451//2262 2457//2262 2462//2262
f 2457//2263 2458//2263 2464//2263 2463//2263
f 2458//2264 2459//2264 2465//2264 2464//2264
f 2459//2265 2460//2265 2466//2265 2465//2265
f 2460//2266 2461//2266 2467//2266 2466//2266
f 2461//2267 2462//2267 2468//2267 2467//2267
f 2462//2268 2457//2268 2463//2268 2468//2268
f 2463//2269 2464//2269 2470//2269 2469//2269
f 2464//2270 2465//2270 2471//2270 2470//2270
f 2465//2271 2466//2271 2472//2271 2471//2271
f 2466//2272 2467//2272 2473//2272 2472//2272
f 2467//2273 2468//2273 2474//2273 2473//2273
f 2468//2274 2463//2274 2469//2274 2474//2274
f 2469//2275 2470//2275 2476//2275 2475//2275
f 2470//2276 2471//2276 2477//2276 2476//2276
f 2471//2277 2472//2277 2478//2277 2477//2277
f 2472//2278 2473//2278 2479//2278 2478//2278
f 2473//2279 2474//2279 2480//2279 2479//2279
f 2474//2280 2469//2280 2475//2280 2480//2280
f 2481//2281 2482//2281 2488//2281 2487//2281
f 2482//2282 2483//2282 2489//2282 2488//2282
f 2483//2283 2484//2283 2490//2283 2489//2283
f 2484//2284 2485//2284 2491//2284 2490//2284
f 2485//2285 2486//2285 2492//2285 2491//2285
f 2486//2286 2481//2286 2487//2286 2492//2286
f 2487//2287 2488//2287 2494//2287 2493//2287
f 2488//2288 2489//2288 2495//2288 2494//2288
f 2489//2289 2490//2289 2496//2289 2495//2289
f 2490//2290 2491//2290 2497//2290 2496//2290
f 2491//2291 2492//2291 2498//2291 2497//2291
f 2492//2292 2487//2292 2493//2292 2498//2292
f 2493//2293 2494//2293 2500//2293 2499//2293
f 2494//2294 2495//2294 2501//2294 2500//2294
f 2495//2295 2496//2295 2502//2295 2501//2295
f 2496//2296 2497//2296 2503//2296 2502//2296
f 2497//2297 2498//2297 2504//2297 2503//2297
f 2498//2298 2493//2298 2499//2298 2504//2298
f 2499//2299 2500//2299 2506//2299 2505//2299
f 2500//2300 2501//2300 2507//2300 2506//2300
f 2501//2301 2502//2301 2508//2301 2507//2301
f 2502//2302 2503//2302 2509//2302 2508//2302
f 2503//2303 2504//2303 2510//2303 2509//2303
f 2504//2304 2499//2304 2505//2304 2510//2304
usemtl leaf_light
f 2511//2305 2512//2305 2518//2305 2517//2305
f 2512//2306 2513//2306 2519//2306 2518//2306
f 2513//2307 2514//2307 2520//2307 2519//2307
f 2514//2308 2515//2308 2521//2308 2520//2308
f 2515//2309 2516//2309 2522//2309 2521//2309
f 2516//2310 2511//2310 2517//2310 2522//2310
f 2517//2311 2518//2311 2524//2311 2523//2311
f 2518//2312 2519//2312 2525//2312 2524//2312
f 2519//2313 2520//2313 2526//2313 2525//2313
f 2520//2314 2521//2314 2527//2314 2526//2314
f 2521//2315 2522//2315 2528//2315 2527//2315
f 2522//2316 2517//2316 2523//2316 2528//2316
f 2523//2317 2524//2317 2530//2317 2529//2317
f 2524//2318 2525//2318 2531//2318 2530//2318
f 2525//2319 2526//2319 2532//2319 2531//2319
f 2526//2320 2527//2320 2533//2320 2532//2320
f 2527//2321 2528//2321 2534//2321 2533//2321
f 2528//2322 2523//2322 2529//2322 2534//2322
f 2529//2323 2530//2323 2536//2323 2535//2323
f 2530//2324 2531//2324 2537//2324 2536//2324
f 2531//2325 2532//2325 2538//2325 2537//2325
f 2532//2326 2533//2326 2539//2326 2538//2326
f 2533//2327 2534//2327 2540//2327 2539//2327
f 2534//2328 2529//2328 2535//2328 2540//2328
f 2541//2329 2542//2329 2548//2329 2547//2329
f 2542//2330 2543//2330 2549//2330 2548//2330
f 2543//2331 2544//2331 2550//2331 2549//2331
f 2544//2332 2545//2332 2551//2332 2550//2332
f 2545//2333 2546//2333 2552//2333 2551//2333
f 2546//2334 2541//2334 2547//2334 2552//2334
f 2547//2335 2548//2335 2554//2335 2553//2335
f 2548//2336 2549//2336 2555//2336 2554//2336
f 2549//2337 2550//2337 2556//2337 2555//2337
f 2550//2338 2551//2338 2557//2338 2556//2338
f 2551//2339 2552//2339 2558//2339 2557//2339
f 2552//2340 2547//2340 2553//2340 2558//2340
f 2553//2341 2554//2341 2560//2341 2559//2341
f 2554//2342 2555//2342 2561//2342 2560//2342
f 2555//2343 2556//2343 2562//2343 2561//2343
f 2556//2344 2557//2344 2563//2344 2562//2344
f 2557//2345 2558//2345 2564//2345 2563//2345
f 2558//2346 2553//2346 2559//2346 2564//2346
f 2559//2347 2560//2347 2566//2347 2565//2347
f 2560//2348 2561//2348 2567//2348 2566//2348
f 2561//2349 2562//2349 2568//2349 2567//2349
f 2562//2350 2563//2350 2569//2350 2568//2350
f 2563//2351 2564//2351 2570//2351 2569//2351
f 2564//2352 2559//2352 2565//2352 2570//2352
usemtl leaf
f 2571//2353 2572//2353 2578//2353 2577//2353
f 2572//2354 2573//2354 2579//2354 2578//2354
f 2573//2355 2574//2355 2580//2355 2579//2355
f 2574//2356 2575//2356 2581//2356 2580//2356
f 2575//2357 2576//2357 2582//2357 2581//2357
f 2576//2358 2571//2358 2577//2358 2582//2358
f 2577//2359 2578//2359 2584//2359 2583//2359
f 2578//2360 2579//2360 2585//2360 2584//2360
f 2579//2361 2580//2361 2586//2361 2585//2361
f 2580//2362 2581//2362 2587//2362 2586//2362
f 2581//2363 2582//2363 2588//2363 2587//2363
f 2582//2364 2577//2364 2583//2364 2588//2364
f 2583//2365 2584//2365 2590//2365 2589//2365
f 2584//2366 2585//2366 2591//2366 2590//2366
f 2585//2367 2586//2367 2592//2367 2591//2367
f 2586//2368 2587//2368 2593//2368 2592//2368
f 2587//2369 2588//2369 2594//2369 2593//2369
f 2588//2370 2583//2370 2589//2370 2594//2370
f 2589//2371 2590//2371 2596//2371 2595//2371
f 2590//2372 2591//2372 2597//2372 2596//2372
f 2591//2373 2592//2373 2598//2373 2597//2373
f 2592//2374 2593//2374 2599//2374 2598//2374
f 2593//2375 2594//2375 2600//2375 2599//2375
f 2594//2376 2589//2376 2595//2376 2600//2376
usemtl leaf_light
f 2601//2377 2602//2377 2608//2377 2607//2377
f 2602//2378 2603//2378 2609//2378 2608//2378
f 2603//2379 2604//2379 2610//2379 2609//2379
f 2604//2380 2605//2380 2611//2380 2610//2380
f 2605//2381 2606//2381 2612//2381 2611//2381
f 2606//2382 2601//2382 2607//2382 2612//2382
f 2607//2383 2608//2383 2614//2383 2613//2383
f 2608//2384 2609//2384 2615//2384 2614//2384
f 2609//2385 2610//2385 2616//2385 2615//2385
f 2610//2386 2611//2386 2617//2386 2616//2386
f 2611//2387 2612//2387 2618//2387 2617//2387
f 2612//2388 2607//2388 2613//2388 2618//2388
f 2613//2389 2614//2389 2620//2389 2619//2389
f 2614//2390 2615//2390 2621//2390 2620//2390
f 2615//2391 2616//2391 2622//2391 2621//2391
f 2616//2392 2617//2392 2623//2392 2622//2392
f 2617//2393 2618//2393 2624//2393 2623//2393
f 2618//2394 2613//2394 2619//2394 2624//2394
f 2619//2395 2620//2395 2626//2395 2625//2395
f 2620//2396 2621//2396 2627//2396 2626//2396
f 2621//2397 2622//2397 2628//2397 2627//2397
f 2622//2398 2623//2398 2629//2398 2628//2398
f 2623//2399 2624//2399 2630//2399 2629//2399
f 2624//2400 2619//2400 2625//2400 2630//2400
usemtl leaf_dark
f 2631//2401 2632//2401 2638//2401 2637//2401
f 2632//2402 2633//2402 2639//2402 2638//2402
f 2633//2403 2634//2403 2640//2403 2639//2403
f 2634//2404 2635//2404 2641//2404 2640//2404
f 2635//2405 2636//2405 2642//2405 2641//2405
f 2636//2406 2631//2406 2637//2406 2642//2406
f 2637//2407 2638//2407 2644//2407 2643//2407
f 2638//2408 2639//2408 2645//2408 2644//2408
f 2639//2409 2640//2409 2646//2409 2645//2409
f 2640//2410 2641//2410 2647//2410 2646//2410
f 2641//2411 2642//2411 2648//2411 2647//2411
f 2642//2412 2637//2412 2643//2412 2648//2412
f 2643//2413 2644//2413 2650//2413 2649//2413
f 2644//2414 2645//2414 2651//2414 2650//2414
f 2645//2415 2646//2415 2652//2415 2651//2415
f 2646//2416 2647//2416 2653//2416 2652//2416
f 2647//2417 2648//2417 2654//2417 2653//2417
f 2648//2418 2643//2418 2649//2418 2654//2418
f 2649//2419 2650//2419 2656//2419 2655//2419
f 2650//2420 2651//2420 2657//2420 2656//2420
f 2651//2421 2652//2421 2658//2421 2657//2421
f 2652//2422 2653//2422 2659//2422 2658//2422
f 2653//2423 2654//2423 2660//2423 2659//2423
f 2654//2424 2649//2424 2655//2424 2660//2424
usemtl leaf_light
f 2661//2425 2662//2425 2668//2425 2667//2425
f 2662//2426 2663//2426 2669//2426 2668//2426
f 2663//2427 2664//2427 2670//2427 2669//2427
f 2664//2428 2665//2428 2671//2428 2670//2428
f 2665//2429 2666//2429 2672//2429 2671//2429
f 2666//2430 2661//2430 2667//2430 2672//2430
f 2667//2431 2668//2431 2674//2431 2673//2431
f 2668//2432 2669//2432 2675//2432 2674//2432
f 2669//2433 2670//2433 2676//2433 2675//2433
f 2670//2434 2671//2434 2677//2434 2676//2434
f 2671//2435 2672//2435 2678//2435 2677//2435
f 2672//2436 2667//2436 2673//2436 2678//2436
f 2673//2437 2674//2437 2680//2437 2679//2437
f 2674//2438 2675//2438 2681//2438 2680//2438
f 2675//2439 2676//2439 2682//2439 2681//2439
f 2676//2440 2677//2440 2683//2440 2682//2440
f 2677//2441 2678//2441 2684//2441 2683//2441
f 2678//2442 2673//2442 2679//2442 2684//2442
f 2679//2443 2680//2443 2686//2443 2685//2443
f 2680//2444 2681//2444 2687//2444 2686//2444
f 2681//2445 2682//2445 2688//2445 2687//2445
f 2682//2446 2683//2446 2689//2446 2688//2446
f 2683//2447 2684//2447 2690//2447 2689//2447
f 2684//2448 2679//2448 2685//2448 2690//2448
usemtl leaf_dark
f 2691//2449 2692//2449 2698//2449 2697//2449
f 2692//2450 2693//2450 2699//2450 2698//2450
f 2693//2451 2694//2451 2700//2451 2699//2451
f 2694//2452 2695//2452 2701//2452 2700//2452
f 2695//2453 2696//2453 2702//2453 2701//2453
f 2696//2454 2691//2454 2697//2454 2702//2454
f 2697//2455 2698//2455 2704//2455 2703//2455
f 2698//2456 2699//2456 2705//2456 2704//2456
f 2699//2457 2700//2457 2706//2457 2705//2457
f 2700//2458 2701//2458 2707//2458 2706//2458
f 2701//2459 2702//2459 2708//2459 2707//2459
f 2702//2460 2697//2460 2703//2460 2708//2460
f 2703//2461 2704//2461 2710//2461 2709//2461
f 2704//2462 2705//2462 2711//2462 2710//2462
f 2705//2463 2706//2463 2712//2463 2711//2463
f 2706//2464 2707//2464 2713//2464 2712//2464
f 2707//2465 2708//2465 2714//2465 2713//2465
f 2708//2466 2703//2466 2709//2466 2714//2466
f 2709//2467 2710//2467 2716//2467 2715//2467
f 2710//2468 2711//2468 2717//2468 2716//2468
f 2711//2469 2712//2469 2718//2469 2717//2469
f 2712//2470 2713//2470 2719//2470 2718//2470
f 2713//2471 2714//2471 2720//2471 2719//2471
f 2714//2472 2709//2472 2715//2472 2720//2472
usemtl leaf_light
f 2721//2473 2722//2473 2728//2473 2727//2473
f 2722//2474 2723//2474 2729//2474 2728//2474
f 2723//2475 2724//2475 2730//2475 2729//2475
f 2724//2476 2725//2476 2731//2476 2730//2476
f 2725//2477 2726//2477 2732//2477 2731//2477
f 2726//2478 2721//2478 2727//2478 2732//2478
f 2727//2479 2728//2479 2734//2479 2733//2479
f 2728//2480 2729//2480 2735//2480 2734//2480
f 2729//2481 2730//2481 2736//2481 2735//2481
f 2730//2482 2731//2482 2737//2482 2736//2482
f 2731//2483 2732//2483 2738//2483 2737//2483
f 2732//2484 2727//2484 2733//2484 2738//2484
f 2733//2485 2734//2485 2740//2485 2739//2485
f 2734//2486 2735//2486 2741//2486 2740//2486
f 2735//2487 2736//2487 2742//2487 2741//2487
f 2736//2488 2737//2488 2743//2488 2742//2488
f 2737//2489 2738//2489 2744//2489 2743//2489
f 2738//2490 2733//2490 2739//2490 2744//2490
f 2739//2491 2740//2491 2746//2491 2745//2491
f 2740//2492 2741//2492 2747//2492 2746//2492
f 2741//2493 2742//2493 2748//2493 2747//2493
f 2742//2494 2743//2494 2749//2494 2748//2494
f 2743//2495 2744//2495 2750//2495 2749//2495
f 2744//2496 2739//2496 2745//2496 2750//2496
f 2751//2497 2752//2497 2758//2497 2757//2497
f 2752//2498 2753//2498 2759//2498 2758//2498
f 2753//2499 2754//2499 2760//2499 2759//2499
f 2754//2500 2755//2500 2761//2500 2760//2500
f 2755//2501 2756//2501 2762//2501 2761//2501
f 2756//2502 2751//2502 2757//2502 2762//2502
f 2757//2503 2758//2503 2764//2503 2763//2503
f 2758//2504 2759//2504 2765//2504 2764//2504
f 2759//2505 2760//2505 2766//2505 2765//2505
f 2760//2506 2761//2506 2767//2506 2766//2506
f 2761//2507 2762//2507 2768//2507 2767//2507
f 2762//2508 2757//2508 2763//2508 2768//2508
f 2763//2509 2764//2509 2770//2509 2769//2509
f 2764//2510 2765//2510 2771//2510 2770//2510
f 2765//2511 2766//2511 2772//2511 2771//2511
f 2766//2512 2767//2512 2773//2512 2772//2512
f 2767//2513 2768//2513 2774//2513 2773//2513
f 2768//2514 2763//2514 2769//2514 2774//2514
f 2769//2515 2770//2515 2776//2515 2775//2515
f 2770//2516 2771//2516 2777//2516 2776//2516
f 2771//2517 2772//2517 2778//2517 2777//2517
f 2772//2518 2773//2518 2779//2518 2778//2518
f 2773//2519 2774//2519 2780//2519 2779//2519
f 2774//2520 2769//2520 2775//2520 2780//2520
f 2781//2521 2782//2521 2788//2521 2787//2521
f 2782//2522 2783//2522 2789//2522 2788//2522
f 2783//2523 2784//2523 2790//2523 2789//2523
f 2784//2524 2785//2524 2791//2524 2790//2524
f 2785//2525 2786//2525 2792//2525 2791//2525
f 2786//2526 2781//2526 2787//2526 2792//2526
f 2787//2527 2788//2527 2794//2527 2793//2527
f 2788//2528 2789//2528 2795//2528 2794//2528
f 2789//2529 2790//2529 2796//2529 2795//2529
f 2790//2530 2791//2530 2797//2530 2796//2530
f 2791//2531 2792//2531 2798//2531 2797//2531
f 2792//2532 2787//2532 2793//2532 2798//2532
f 2793//2533 2794//2533 2800//2533 2799//2533
f 2794//2534 2795//2534 2801//2534 2800//2534
f 2795//2535 2796//2535 2802//2535 2801//2535
f 2796//2536 2797//2536 2803//2536 2802//2536
f 2797//2537 2798//2537 2804//2537 2803//2537
f 2798//2538 2793//2538 2799//2538 2804//2538
f 2799//2539 2800//2539 2806//2539 2805//2539
f 2800//2540 2801//2540 2807//2540 2806//2540
f 2801//2541 2802//2541 2808//2541 2807//2541
f 2802//2542 2803//2542 2809//2542 2808//2542
f 2803//2543 2804//2543 2810//2543 2809//2543
f 2804//2544 2799//2544 2805//2544 2810//2544
usemtl leaf
f 2811//2545 2812//2545 2818//2545 2817//2545
f 2812//2546 2813//2546 2819//2546 2818//2546
f 2813//2547 2814//2547 2820//2547 2819//2547
f 2814//2548 2815//2548 2821//2548 2820//2548
f 2815//2549 2816//2549 2822//2549 2821//2549
f 2816//2550 2811//2550 2817//2550 2822//2550
f 2817//2551 2818//2551 2824//2551 2823//2551
f 2818//2552 2819//2552 2825//2552 2824//2552
f 2819//2553 2820//2553 2826//2553 2825//2553
f 2820//2554 2821//2554 2827//2554 2826//2554
f 2821//2555 2822//2555 2828//2555 2827//2555
f 2822//2556 2817//2556 2823//2556 2828//2556
f 2823//2557 2824//2557 2830//2557 2829//2557
f 2824//2558 2825//2558 2831//2558 2830//2558
f 2825//2559 2826//2559 2832//2559 2831//2559
f 2826//2560 2827//2560 2833//2560 2832//2560
f 2827//2561 2828//2561 2834//2561 2833//2561
f 2828//2562 2823//2562 2829//2562 2834//2562
f 2829//2563 2830//2563 2836//2563 2835//2563
f 2830//2564 2831//2564 2837//2564 2836//2564
f 2831//2565 2832//2565 2838//2565 2837//2565
f 2832//2566 2833//2566 2839//2566 2838//2566
f 2833//2567 2834//2567 2840//2567 2839//2567
f 2834//2568 2829//2568 2835//2568 2840//2568
usemtl leaf_light
f 2841//2569 2842//2569 2848//2569 2847//2569
f 2842//2570 2843//2570 2849//2570 2848//2570
f 2843//2571 2844//2571 2850//2571 2849//2571
f 2844//2572 2845//2572 2851//2572 2850//2572
f 2845//2573 2846//2573 2852//2573 2851//2573
f 2846//2574 2841//2574 2847//2574 2852//2574
f 2847//2575 2848//2575 2854//2575 2853//2575
f 2848//2576 2849//2576 2855//2576 2854//2576
f 2849//2577 2850//2577 2856//2577 2855//2577
f 2850//2578 2851//2578 2857//2578 2856//2578
f 2851//2579 2852//2579 2858//2579 2857//2579
f 2852//2580 2847//2580 2853//2580 2858//2580
f 2853//2581 2854//2581 2860//2581 2859//2581
f 2854//2582 2855//2582 2861//2582 2860//2582
f 2855//2583 2856//2583 2862//2583 2861//2583
f 2856//2584 2857//2584 2863//2584 2862//2584
f 2857//2585 2858//2585 2864//2585 2863//2585
f 2858//2586 2853//2586 2859//2586 2864//2586
f 2859//2587 2860//2587 2866//2587 2865//2587
f 2860//2588 2861//2588 2867//2588 2866//2588
f 2861//2589 2862//2589 2868//2589 2867//2589
f 2862//2590 2863//2590 2869//2590 2868//2590
f 2863//2591 2864//2591 2870//2591 2869//2591
f 2864//2592 2859//2592 2865//2592 2870//2592
usemtl leaf_dark
f 2871//2593 2872//2593 2878//2593 2877//2593
f 2872//2594 2873//2594 2879//2594 2878//2594
f 2873//2595 2874//2595 2880//2595 2879//2595
f 2874//2596 2875//2596 2881//2596 2880//2596
f 2875//2597 2876//2597 2882//2597 2881//2597
f 2876//2598 2871//2598 2877//2598 2882//2598
f 2877//2599 2878//2599 2884//2599 2883//2599
f 2878//2600 2879//2600 2885//2600 2884//2600
f 2879//2601 2880//2601 2886//2601 2885//2601
f 2880//2602 2881//2602 2887//2602 2886//2602
f 2881//2603 2882//2603 2888//2603 2887//2603
f 2882//2604 2877//2604 2883//2604 2888//2604
f 2883//2605 2884//2605 2890//2605 2889//2605
f 2884//2606 2885//2606 2891//2606 2890//2606
f 2885//2607 2886//2607 2892//2607 2891//2607
f 2886//2608 2887//2608 2893//2608 2892//2608
f 2887//2609 2888//2609 2894//2609 2893//2609
f 2888//2610 2883//2610 2889//2610 2894//2610
f 2889//2611 2890//2611 2896//2611 2895//2611
f 2890//2612 2891//2612 2897//2612 2896//2612
f 2891//2613 2892//2613 2898//2613 2897//2613
f 2892//2614 2893//2614 2899//2614 2898//2614
f 2893//2615 2894//2615 2900//2615 2899//2615
f 2894//2616 2889//2616 2895//2616 2900//2616
usemtl leaf
f 2901//2617 2902//2617 2908//2617 2907//2617
f 2902//2618 2903//2618 2909//2618 2908//2618
f 2903//2619 2904//2619 2910//2619 2909//2619
f 2904//2620 2905//2620 2911//2620 2910//2620
f 2905//2621 2906//2621 2912//2621 2911//2621
f 2906//2622 2901//2622 2907//2622 2912//2622
f 2907//2623 2908//2623 2914//2623 2913//2623
f 2908//2624 2909//2624 2915//2624 2914//2624
f 2909//2625 2910//2625 2916//2625 2915//2625
f 2910//2626 2911//2626 2917//2626 2916//2626
f 2911//2627 2912//2627 2918//2627 2917//2627
f 2912//2628 2907//2628 2913//2628 2918//2628
f 2913//2629 2914//2629 2920//2629 2919//2629
f 2914//2630 2915//2630 2921//2630 2920//2630
f 2915//2631 2916//2631 2922//2631 2921//2631
f 2916//2632 2917//2632 2923//2632 2922//2632
f 2917//2633 2918//2633 2924//2633 2923//2633
f 2918//2634 2913//2634 2919//2634 2924//2634
f 2919//2635 2920//2635 2926//2635 2925//2635
f 2920//2636 2921//2636 2927//2636 2926//2636
f 2921//2637 2922//2637 2928//2637 2927//2637
f 2922//2638 2923//2638 2929//2638 2928//2638
f 2923//2639 2924//2639 2930//2639 2929//2639
f 2924//2640 2919//2640 2925//2640 2930//2640
usemtl leaf_light
f 2931//2641 2932//2641 2938//2641 2937//2641
f 2932//2642 2933//2642 2939//2642 2938//2642
f 2933//2643 2934//2643 2940//2643 2939//2643
f 2934//2644 2935//2644 2941//2644 2940//2644
f 2935//2645 2936//2645 2942//2645 2941//2645
f 2936//2646 2931//2646 2937//2646 2942//2646
f 2937//2647 2938//2647 2944//2647 2943//2647
f 2938//2648 2939//2648 2945//2648 2944//2648
f 2939//2649 2940//2649 2946//2649 2945//2649
f 2940//2650 2941//2650 2947//2650 2946//2650
f 2941//2651 2942//2651 2948//2651 2947//2651
f 2942//2652 2937//2652 2943//2652 2948//2652
f 2943//2653 2944//2653 2950//2653 2949//2653
f 2944//2654 2945//2654 2951//2654 2950//2654
f 2945//2655 2946//2655 2952//2655 2951//2655
f 2946//2656 2947//2656 2953//2656 2952//2656
f 2947//2657 2948//2657 2954//2657 2953//2657
f 2948//2658 2943//2658 2949//2658 2954//2658
f 2949//2659 2950//2659 2956//2659 2955//2659
f 2950//2660 2951//2660 2957//2660 2956//2660
f 2951//2661 2952//2661 2958//2661 2957//2661
f 2952//2662 2953//2662 2959//2662 2958//2662
f 2953//2663 2954//2663 2960//2663 2959//2663
f 2954//2664 2949//2664 2955//2664 2960//2664
usemtl leaf
f 2961//2665 2962//2665 2968//2665 2967//2665
f 2962//2666 2963//2666 2969//2666 2968//2666
f 2963//2667 2964//2667 2970//2667 2969//2667
f 2964//2668 2965//2668 2971//2668 2970//2668
f 2965//2669 2966//2669 2972//2669 2971//2669
f 2966//2670 2961//2670 2967//2670 2972//2670
f 2967//2671 2968//2671 2974//2671 2973//2671
f 2968//2672 2969//2672 2975//2672 2974//2672
f 2969//2673 2970//2673 2976//2673 2975//2673
f 2970//2674 2971//2674 2977//2674 2976//2674
f 2971//2675 2972//2675 2978//2675 2977//2675
f 2972//2676 2967//2676 2973//2676 2978//2676
f 2973//2677 2974//2677 2980//2677 2979//2677
f 2974//2678 2975//2678 2981//2678 2980//2678
f 2975//2679 2976//2679 2982//2679 2981//2679
f 2976//2680 2977//2680 2983//2680 2982//2680
f 2977//2681 2978//2681 2984//2681 2983//2681
f 2978//2682 2973//2682 2979//2682 2984//2682
f 2979//2683 2980//2683 2986//2683 2985//2683
f 2980//2684 2981//2684 2987//2684 2986//2684
f 2981//2685 2982//2685 2988//2685 2987//2685
f 2982//2686 2983//2686 2989//2686 2988//2686
f 2983//2687 2984//2687 2990//2687 2989//2687
f 2984//2688 2979//2688 2985//2688 2990//2688
usemtl leaf_dark
f 2991//2689 2992//2689 2998//2689 2997//2689
f 2992//2690 2993//2690 2999//2690 2998//2690
f 2993//2691 2994//2691 3000//2691 2999//2691
f 2994//2692 2995//2692 3001//2692 3000//2692
f 2995//2693 2996//2693 3002//2693 3001//2693
f 2996//2694 2991//2694 2997//2694 3002//2694
f 2997//2695 2998//2695 3004//2695 3003//2695
f 2998//2696 2999//2696 3005//2696 3004//2696
f 2999//2697 3000//2697 3006//2697 3005//2697
f 3000//2698 3001//2698 3007//2698 3006//2698
f 3001//2699 3002//2699 3008//2699 3007//2699
f 3002//2700 2997//2700 3003//2700 3008//2700
f 3003//2701 3004//2701 3010//2701 3009//2701
f 3004//2702 3005//2702 3011//2702 3010//2702
f 3005//2703 3006//2703 3012//2703 3011//2703
f 3006//2704 3007//2704 3013//2704 3012//2704
f 3007//2705 3008//2705 3014//2705 3013//2705
f 3008//2706 3003//2706 3009//2706 3014//2706
f 3009//2707 3010//2707 3016//2707 3015//2707
f 3010//2708 3011//2708 3017//2708 3016//2708
f 3011//2709 3012//2709 3018//2709 3017//2709
f 3012//2710 3013//2710 3019//2710 3018//2710
f 3013//2711 3014//2711 3020//2711 3019//2711
f 3014//2712 3009//2712 3015//2712 3020//2712
usemtl leaf_light
f 3021//2713 3022//2713 3028//2713 3027//2713
f 3022//2714 3023//2714 3029//2714 3028//2714
f 3023//2715 3024//2715 3030//2715 3029//2715
f 3024//2716 3025//2716 3031//2716 3030//2716
f 3025//2717 3026//2717 3032//2717 3031//2717
f 3026//2718 3021//2718 3027//2718 3032//2718
f 3027//2719 3028//2719 3034//2719 3033//2719
f 3028//2720 3029//2720 3035//2720 3034//2720
f 3029//2721 3030//2721 3036//2721 3035//2721
f 3030//2722 3031//2722 3037//2722 3036//2722
f 3031//2723 3032//2723 3038//2723 3037//2723
f 3032//2724 3027//2724 3033//2724 3038//2724
f 3033//2725 3034//2725 3040//2725 3039//2725
f 3034//2726 3035//2726 3041//2726 3040//2726
f 3035//2727 3036//2727 3042//2727 3041//2727
f 3036//2728 3037//2728 3043//2728 3042//2728
f 3037//2729 3038//2729 3044//2729 3043//2729
f 3038//2730 3033//2730 3039//2730 3044//2730
f 3039//2731 3040//2731 3046//2731 3045//2731
f 3040//2732 3041//2732 3047//2732 3046//2732
f 3041//2733 3042//2733 3048//2733 3047//2733
f 3042//2734 3043//2734 3049//2734 3048//2734
f 3043//2735 3044//2735 3050//2735 3049//2735
f 3044//2736 3039//2736 3045//2736 3050//2736
f 3051//2737 3052//2737 3058//2737 3057//2737
f 3052//2738 3053//2738 3059//2738 3058//2738
f 3053//2739 3054//2739 3060//2739 3059//2739
f 3054//2740 3055//2740 3061//2740 3060//2740
f 3055//2741 3056//2741 3062//2741 3061//2741
f 3056//2742 3051//2742 3057//2742 3062//2742
f 3057//2743 3058//2743 3064//2743 3063//2743
f 3058//2744 3059//2744 3065//2744 3064//2744
f 3059//2745 3060//2745 3066//2745 3065//2745
f 3060//2746 3061//2746 3067//2746 3066//2746
f 3061//2747 3062//2747 3068//2747 3067//2747
f 3062//2748 3057//2748 3063//2748 3068//2748
f 3063//2749 3064//2749 3070//2749 3069//2749
f 3064//2750 3065//2750 3071//2750 3070//2750
f 3065//2751 3066//2751 3072//2751 3071//2751
f 3066//2752 3067//2752 3073//2752 3072//2752
f 3067//2753 3068//2753 3074//2753 3073//2753
f 3068//2754 3063//2754 3069//2754 3074//2754
f 3069//2755 3070//2755 3076//2755 3075//2755
f 3070//2756 3071//2756 3077//2756 3076//2756
f 3071//2757 3072//2757 3078//2757 3077//2757
f 3072//2758 3073//2758 3079//2758 3078//2758
f 3073//2759 3074//2759 3080//2759 3079//2759
f 3074//2760 3069//2760 3075//2760 3080//2760
usemtl leaf
f 3081//2761 3082//2761 3088//2761 3087//2761
f 3082//2762 3083//2762 3089//2762 3088//2762
f 3083//2763 3084//2763 3090//2763 3089//2763
f 3084//2764 3085//2764 3091//2764 3090//2764
f 3085//2765 3086//2765 3092//2765 3091//2765
f 3086//2766 3081//2766 3087//2766 3092//2766
f 3087//2767 3088//2767 3094//2767 3093//2767
f 3088//2768 3089//2768 3095//2768 3094//2768
f 3089//2769 3090//2769 3096//2769 3095//2769
f 3090//2770 3091//2770 3097//2770 3096//2770
f 3091//2771 3092//2771 3098//2771 3097//2771
f 3092//2772 3087//2772 3093//2772 3098//2772
f 3093//2773 3094//2773 3100//2773 3099//2773
f 3094//2774 3095//2774 3101//2774 3100//2774
f 3095//2775 3096//2775 3102//2775 3101//2775
f 3096//2776 3097//2776 3103//2776 3102//2776
f 3097//2777 3098//2777 3104//2777 3103//2777
f 3098//2778 3093//2778 3099//2778 3104//2778
f 3099//2779 3100//2779 3106//2779 3105//2779
f 3100//2780 3101//2780 3107//2780 3106//2780
f 3101//2781 3102//2781 3108//2781 3107//2781
f 3102//2782 3103//2782 3109//2782 3108//2782
f 3103//2783 3104//2783 3110//2783 3109//2783
f 3104//2784 3099//2784 3105//2784 3110//2784
usemtl leaf_light
f 3111//2785 3112//2785 3118//2785 3117//2785
f 3112//2786 3113//2786 3119//2786 3118//2786
f 3113//2787 3114//2787 3120//2787 3119//2787
f 3114//2788 3115//2788 3121//2788 3120//2788
f 3115//2789 3116//2789 3122//2789 3121//2789
f 3116//2790 3111//2790 3117//2790 3122//2790
f 3117//2791 3118//2791 3124//2791 3123//2791
f 3118//2792 3119//2792 3125//2792 3124//2792
f 3119//2793 3120//2793 3126//2793 3125//2793
f 3120//2794 3121//2794 3127//2794 3126//2794
f 3121//2795 3122//2795 3128//2795 3127//2795
f 3122//2796 3117//2796 3123//2796 3128//2796
f 3123//2797 3124//2797 3130//2797 3129//2797
f 3124//2798 3125//2798 3131//2798 3130//2798
f 3125//2799 3126//2799 3132//2799 3131//2799
f 3126//2800 3127//2800 3133//2800 3132//2800
f 3127//2801 3128//2801 3134//2801 3133//2801
f 3128//2802 3123//2802 3129//2802 3134//2802
f 3129//2803 3130//2803 3136//2803 3135//2803
f 3130//2804 3131//2804 3137//2804 3136//2804
f 3131//2805 3132//2805 3138//2805 3137//2805
f 3132//2806 3133//2806 3139//2806 3138//2806
f 3133//2807 3134//2807 3140//2807 3139//2807
f 3134//2808 3129//2808 3135//2808 3140//2808
f 3141//2809 3142//2809 3148//2809 3147//2809
f 3142//2810 3143//2810 3149//2810 3148//2810
f 3143//2811 3144//2811 3150//2811 3149//2811
f 3144//2812 3145//2812 3151//2812 3150//2812
f 3145//2813 3146//2813 3152//2813 3151//2813
f 3146//2814 3141//2814 3147//2814 3152//2814
f 3147//2815 3148//2815 3154//2815 3153//2815
f 3148//2816 3149//2816 3155//2816 3154//2816
f 3149//2817 3150//2817 3156//2817 3155//2817
f 3150//2818 3151//2818 3157//2818 3156//2818
f 3151//2819 3152//2819 3158//2819 3157//2819
f 3152//2820 3147//2820 3153//2820 3158//2820
f 3153//2821 3154//2821 3160//2821 3159//2821
f 3154//2822 3155//2822 3161//2822 3160//2822
f 3155//2823 3156//2823 3162//2823 3161//2823
f 3156//2824 3157//2824 3163//2824 3162//2824
f 3157//2825 3158//2825 3164//2825 3163//2825
f 3158//2826 3153//2826 3159//2826 3164//2826
f 3159//2827 3160//2827 3166//2827 3165//2827
f 3160//2828 3161//2828 3167//2828 3166//2828
f 3161//2829 3162//2829 3168//2829 3167//2829
f 3162//2830 3163//2830 3169//2830 3168//2830
f 3163//2831 3164//2831 3170//2831 3169//2831
f 3164//2832 3159//2832 3165//2832 3170//2832
usemtl leaf_dark
f 3171//2833 3172//2833 3178//2833 3177//2833
f 3172//2834 3173//2834 3179//2834 3178//2834
f 3173//2835 3174//2835 3180//2835 3179//2835
f 3174//2836 3175//2836 3181//2836 3180//2836
f 3175//2837 3176//2837 3182//2837 3181//2837
f 3176//2838 3171//2838 3177//2838 3182//2838
f 3177//2839 3178//2839 3184//2839 3183//2839
f 3178//2840 3179//2840 3185//2840 3184//2840
f 3179//2841 3180//2841 3186//2841 3185//2841
f 3180//2842 3181//2842 3187//2842 3186//2842
f 3181//2843 3182//2843 3188//2843 3187//2843
f 3182//2844 3177//2844 3183//2844 3188//2844
f 3183//2845 3184//2845 3190//2845 3189//2845
f 3184//2846 3185//2846 3191//2846 3190//2846
f 3185//2847 3186//2847 3192//2847 3191//2847
f 3186//2848 3187//2848 3193//2848 3192//2848
f 3187//2849 3188//2849 3194//2849 3193//2849
f 3188//2850 3183//2850 3189//2850 3194//2850
f 3189//2851 3190//2851 3196//2851 3195//2851
f 3190//2852 3191//2852 3197//2852 3196//2852
f 3191//2853 3192//2853 3198//2853 3197//2853
f 3192//2854 3193//2854 3199//2854 3198//2854
f 3193//2855 3194//2855 3200//2855 3199//2855
f 3194//2856 3189//2856 3195//2856 3200//2856
f 3201//2857 3202//2857 3208//2857 3207//2857
f 3202//2858 3203//2858 3209//2858 3208//2858
f 3203//2859 3204//2859 3210//2859 3209//2859
f 3204//2860 3205//2860 3211//2860 3210//2860
f 3205//2861 3206//2861 3212//2861 3211//2861
f 3206//2862 3201//2862 3207//2862 3212//2862
f 3207//2863 3208//2863 3214//2863 3213//2863
f 3208//2864 3209//2864 3215//2864 3214//2864
f 3209//2865 3210//2865 3216//2865 3215//2865
f 3210//2866 3211//2866 3217//2866 3216//2866
f 3211//2867 3212//2867 3218//2867 3217//2867
f 3212//2868 3207//2868 3213//2868 3218//2868
f 3213//2869 3214//2869 3220//2869 3219//2869
f 3214//2870 3215//2870 3221//2870 3220//2870
f 3215//2871 3216//2871 3222//2871 3221//2871
f 3216//2872 3217//2872 3223//2872 3222//2872
f 3217//2873 3218//2873 3224//2873 3223//2873
f 3218//2874 3213//2874 3219//2874 3224//2874
f 3219//2875 3220//2875 3226//2875 3225//2875
f 3220//2876 3221//2876 3227//2876 3226//2876
f 3221//2877 3222//2877 3228//2877 3227//2877
f 3222//2878 3223//2878 3229//2878 3228//2878
f 3223//2879 3224//2879 3230//2879 3229//2879
f 3224//2880 3219//2880 3225//2880 3230//2880
f 3231//2881 3232//2881 3238//2881 3237//2881
f 3232//2882 3233//2882 3239//2882 3238//2882
f 3233//2883 3234//2883 3240//2883 3239//2883
f 3234//2884 3235//2884 3241//2884 3240//2884
f 3235//2885 3236//2885 3242//2885 3241//2885
f 3236//2886 3231//2886 3237//2886 3242//2886
f 3237//2887 3238//2887 3244//2887 3243//2887
f 3238//2888 3239//2888 3245//2888 3244//2888
f 3239//2889 3240//2889 3246//2889 3245//2889
f 3240//2890 3241//2890 3247//2890 3246//2890
f 3241//2891 3242//2891 3248//2891 3247//2891
f 3242//2892 3237//2892 3243//2892 3248//2892
f 3243//2893 3244//2893 3250//2893 3249//2893
f 3244//2894 3245//2894 3251//2894 3250//2894
f 3245//2895 3246//2895 3252//2895 3251//2895
f 3246//2896 3247//2896 3253//2896 3252//2896
f 3247//2897 3248//2897 3254//2897 3253//2897
f 3248//2898 3243//2898 3249//2898 3254//2898
f 3249//2899 3250//2899 3256//2899 3255//2899
f 3250//2900 3251//2900 3257//2900 3256//2900
f 3251//2901 3252//2901 3258//2901 3257//2901
f 3252//2902 3253//2902 3259//2902 3258//2902
f 3253//2903 3254//2903 3260//2903 3259//2903
f 3254//2904 3249//2904 3255//2904 3260//2904
usemtl leaf
f 3261//2905 3262//2905 3268//2905 3267//2905
f 3262//2906 3263//2906 3269//2906 3268//2906
f 3263//2907 3264//2907 3270//2907 3269//2907
f 3264//2908 3265//2908 3271//2908 3270//2908
f 3265//2909 3266//2909 3272//2909 3271//2909
f 3266//2910 3261//2910 3267//2910 3272//2910
f 3267//2911 3268//2911 3274//2911 3273//2911
f 3268//2912 3269//2912 3275//2912 3274//2912
f 3269//2913 3270//2913 3276//2913 3275//2913
f 3270//2914 3271//2914 3277//2914 3276//2914
f 3271//2915 3272//2915 3278//2915 3277//2915
f 3272//2916 3267//2916 3273//2916 3278//2916
f 3273//2917 3274//2917 3280//2917 3279//2917
f 3274//2918 3275//2918 3281//2918 3280//2918
f 3275//2919 3276//2919 3282//2919 3281//2919
f 3276//2920 3277//2920 3283//2920 3282//2920
f 3277//2921 3278//2921 3284//2921 3283//2921
f 3278//2922 3273//2922 3279//2922 3284//2922
f 3279//2923 3280//2923 3286//2923 3285//2923
f 3280//2924 3281//2924 3287//2924 3286//2924
f 3281//2925 3282//2925 3288//2925 3287//2925
f 3282//2926 3283//2926 3289//2926 3288//2926
f 3283//2927 3284//2927 3290//2927 3289//2927
f 3284//2928 3279//2928 3285//2928 3290//2928
f 3291//2929 3292//2929 3298//2929 3297//2929
f 3292//2930 3293//2930 3299//2930 3298//2930
f 3293//2931 3294//2931 3300//2931 3299//2931
f 3294//2932 3295//2932 3301//2932 3300//2932
f 3295//2933 3296//2933 3302//2933 3301//2933
f 3296//2934 3291//2934 3297//2934 3302//2934
f 3297//2935 3298//2935 3304//2935 3303//2935
f 3298//2936 3299//2936 3305//2936 3304//2936
f 3299//2937 3300//2937 3306//2937 3305//2937
f 3300//2938 3301//2938 3307//2938 3306//2938
f 3301//2939 3302//2939 3308//2939 3307//2939
f 3302//2940 3297//2940 3303//2940 3308//2940
f 3303//2941 3304//2941 3310//2941 3309//2941
f 3304//2942 3305//2942 3311//2942 3310//2942
f 3305//2943 3306//2943 3312//2943 3311//2943
f 3306//2944 3307//2944 3313//2944 3312//2944
f 3307//2945 3308//2945 3314//2945 3313//2945
f 3308//2946 3303//2946 3309//2946 3314//2946
f 3309//2947 3310//2947 3316//2947 3315//2947
f 3310//2948 3311//2948 3317//2948 3316//2948
f 3311//2949 3312//2949 3318//2949 3317//2949
f 3312//2950 3313//2950 3319//2950 3318//2950
f 3313//2951 3314//2951 3320//2951 3319//2951
f 3314//2952 3309//2952 3315//2952 3320//2952
usemtl leaf_light
f 3321//2953 3322//2953 3328//2953 3327//2953
f 3322//2954 3323//2954 3329//2954 3328//2954
f 3323//2955 3324//2955 3330//2955 3329//2955
f 3324//2956 3325//2956 3331//2956 3330//2956
f 3325//2957 3326//2957 3332//2957 3331//2957
f 3326//2958 3321//2958 3327//2958 3332//2958
f 3327//2959 3328//2959 3334//2959 3333//2959
f 3328//2960 3329//2960 3335//2960 3334//2960
f 3329//2961 3330//2961 3336//2961 3335//2961
f 3330//2962 3331//2962 3337//2962 3336//2962
f 3331//2963 3332//2963 3338//2963 3337//2963
f 3332//2964 3327//2964 3333//2964 3338//2964
f 3333//2965 3334//2965 3340//2965 3339//2965
f 3334//2966 3335//2966 3341//2966 3340//2966
f 3335//2967 3336//2967 3342//2967 3341//2967
f 3336//2968 3337//2968 3343//2968 3342//2968
f 3337//2969 3338//2969 3344//2969 3343//2969
f 3338//2970 3333//2970 3339//2970 3344//2970
f 3339//2971 3340//2971 3346//2971 3345//2971
f 3340//2972 3341//2972 3347//2972 3346//2972
f 3341//2973 3342//2973 3348//2973 3347//2973
f 3342//2974 3343//2974 3349//2974 3348//2974
f 3343//2975 3344//2975 3350//2975 3349//2975
f 3344//2976 3339//2976 3345//2976 3350//2976
usemtl leaf
f 3351//2977 3352//2977 3358//2977 3357//2977
f 3352//2978 3353//2978 3359//2978 3358//2978
f 3353//2979 3354//2979 3360//2979 3359//2979
f 3354//2980 3355//2980 3361//2980 3360//2980
f 3355//2981 3356//2981 3362//2981 3361//2981
f 3356//2982 3351//2982 3357//2982 3362//2982
f 3357//2983 3358//2983 3364//2983 3363//2983
f 3358//2984 3359//2984 3365//2984 3364//2984
f 3359//2985 3360//2985 3366//2985 3365//2985
f 3360//2986 3361//2986 3367//2986 3366//2986
f 3361//2987 3362//2987 3368//2987 3367//2987
f 3362//2988 3357//2988 3363//2988 3368//2988
f 3363//2989 3364//2989 3370//2989 3369//2989
f 3364//2990 3365//2990 3371//2990 3370//2990
f 3365//2991 3366//2991 3372//2991 3371//2991
f 3366//2992 3367//2992 3373//2992 3372//2992
f 3367//2993 3368//2993 3374//2993 3373//2993
f 3368//2994 3363//2994 3369//2994 3374//2994
f 3369//2995 3370//2995 3376//2995 3375//2995
f 3370//2996 3371//2996 3377//2996 3376//2996
f 3371//2997 3372//2997 3378//2997 3377//2997
f 3372//2998 3373//2998 3379//2998 3378//2998
f 3373//2999 3374//2999 3380//2999 3379//2999
f 3374//3000 3369//3000 3375//3000 3380//3000
usemtl leaf_light
f 3381//3001 3382//3001 3388//3001 3387//3001
f 3382//3002 3383//3002 3389//3002 3388//3002
f 3383//3003 3384//3003 3390//3003 3389//3003
f 3384//3004 3385//3004 3391//3004 3390//3004
f 3385//3005 3386//3005 3392//3005 3391//3005
f 3386//3006 3381//3006 3387//3006 3392//3006
f 3387//3007 3388//3007 3394//3007 3393//3007
f 3388//3008 3389//3008 3395//3008 3394//3008
f 3389//3009 3390//3009 3396//3009 3395//3009
f 3390//3010 3391//3010 3397//3010 3396//3010
f 3391//3011 3392//3011 3398//3011 3397//3011
f 3392//3012 3387//3012 3393//3012 3398//3012
f 3393//3013 3394//3013 3400//3013 3399//3013
f 3394//3014 3395//3014 3401//3014 3400//3014
f 3395//3015 3396//3015 3402//3015 3401//3015
f 3396//3016 3397//3016 3403//3016 3402//3016
f 3397//3017 3398//3017 3404//3017 3403//3017
f 3398//3018 3393//3018 3399//3018 3404//3018
f 3399//3019 3400//3019 3406//3019 3405//3019
f 3400//3020 3401//3020 3407//3020 3406//3020
f 3401//3021 3402//3021 3408//3021 3407//3021
f 3402//3022 3403//3022 3409//3022 3408//3022
f 3403//3023 3404//3023 3410//3023 3409//3023
f 3404//3024 3399//3024 3405//3024 3410//3024
usemtl leaf
f 3411//3025 3412//3025 3418//3025 3417//3025
f 3412//3026 3413//3026 3419//3026 3418//3026
f 3413//3027 3414//3027 3420//3027 3419//3027
f 3414//3028 3415//3028 3421//3028 3420//3028
f 3415//3029 3416//3029 3422//3029 3421//3029
f 3416//3030 3411//3030 3417//3030 3422//3030
f 3417//3031 3418//3031 3424//3031 3423//3031
f 3418//3032 3419//3032 3425//3032 3424//3032
f 3419//3033 3420//3033 3426//3033 3425//3033
f 3420//3034 3421//3034 3427//3034 3426//3034
f 3421//3035 3422//3035 3428//3035 3427//3035
f 3422//3036 3417//3036 3423//3036 3428//3036
f 3423//3037 3424//3037 3430//3037 3429//3037
f 3424//3038 3425//3038 3431//3038 3430//3038
f 3425//3039 3426//3039 3432//3039 3431//3039
f 3426//3040 3427//3040 3433//3040 3432//3040
f 3427//3041 3428//3041 3434//3041 3433//3041
f 3428//3042 3423//3042 3429//3042 3434//3042
f 3429//3043 3430//3043 3436//3043 3435//3043
f 3430//3044 3431//3044 3437//3044 3436//3044
f 3431//3045 3432//3045 3438//3045 3437//3045
f 3432//3046 3433//3046 3439//3046 3438//3046
f 3433//3047 3434//3047 3440//3047 3439//3047
f 3434//3048 3429//3048 3435//3048 3440//3048
usemtl leaf_dark
f 3441//3049 3442//3049 3448//3049 3447//3049
f 3442//3050 3443//3050 3449//3050 3448//3050
f 3443//3051 3444//3051 3450//3051 3449//3051
f 3444//3052 3445//3052 3451//3052 3450//3052
f 3445//3053 3446//3053 3452//3053 3451//3053
f 3446//3054 3441//3054 3447//3054 3452//3054
f 3447//3055 3448//3055 3454//3055 3453//3055
f 3448//3056 3449//3056 3455//3056 3454//3056
f 3449//3057 3450//3057 3456//3057 3455//3057
f 3450//3058 3451//3058 3457//3058 3456//3058
f 3451//3059 3452//3059 3458//3059 3457//3059
f 3452//3060 3447//3060 3453//3060 3458//3060
f 3453//3061 3454//3061 3460//3061 3459//3061
f 3454//3062 3455//3062 3461//3062 3460//3062
f 3455//3063 3456//3063 3462//3063 3461//3063
f 3456//3064 3457//3064 3463//3064 3462//3064
f 3457//3065 3458//3065 3464//3065 3463//3065
f 3458//3066 3453//3066 3459//3066 3464//3066
f 3459//3067 3460//3067 3466//3067 3465//3067
f 3460//3068 3461//3068 3467//3068 3466//3068
f 3461//3069 3462//3069 3468//3069 3467//3069
f 3462//3070 3463//3070 3469//3070 3468//3070
f 3463//3071 3464//3071 3470//3071 3469//3071
f 3464//3072 3459//3072 3465//3072 3470//3072
f 3471//3073 3472//3073 3478//3073 3477//3073
f 3472//3074 3473//3074 3479//3074 3478//3074
f 3473//3075 3474//3075 3480//3075 3479//3075
f 3474//3076 3475//3076 3481//3076 3480//3076
f 3475//3077 3476//3077 3482//3077 3481//3077
f 3476//3078 3471//3078 3477//3078 3482//3078
f 3477//3079 3478//3079 3484//3079 3483//3079
f 3478//3080 3479//3080 3485//3080 3484//3080
f 3479//3081 3480//3081 3486//3081 3485//3081
f 3480//3082 3481//3082 3487//3082 3486//3082
f 3481//3083 3482//3083 3488//3083 3487//3083
f 3482//3084 3477//3084 3483//3084 3488//3084
f 3483//3085 3484//3085 3490//3085 3489//3085
f 3484//3086 3485//3086 3491//3086 3490//3086
f 3485//3087 3486//3087 3492//3087 3491//3087
f 3486//3088 3487//3088 3493//3088 3492//3088
f 3487//3089 3488//3089 3494//3089 3493//3089
f 3488//3090 3483//3090 3489//3090 3494//3090
f 3489//3091 3490//3091 3496//3091 3495//3091
f 3490//3092 3491//3092 3497//3092 3496//3092
f 3491//3093 3492//3093 3498//3093 3497//3093
f 3492//3094 3493//3094 3499//3094 3498//3094
f 3493//3095 3494//3095 3500//3095 3499//3095
f 3494//3096 3489//3096 3495//3096 3500//3096
usemtl leaf
f 3501//3097 3502//3097 3508//3097 3507//3097
f 3502//3098 3503//3098 3509//3098 3508//3098
f 3503//3099 3504//3099 3510//3099 3509//3099
f 3504//3100 3505//3100 3511//3100 3510//3100
f 3505//3101 3506//3101 3512//3101 3511//3101
f 3506//3102 3501//3102 3507//3102 3512//3102
f 3507//3103 3508//3103 3514//3103 3513//3103
f 3508//3104 3509//3104 3515//3104 3514//3104
f 3509//3105 3510//3105 3516//3105 3515//3105
f 3510//3106 3511//3106 3517//3106 3516//3106
f 3511//3107 3512//3107 3518//3107 3517//3107
f 3512//3108 3507//3108 3513//3108 3518//3108
f 3513//3109 3514//3109 3520//3109 3519//3109
f 3514//3110 3515//3110 3521//3110 3520//3110
f 3515//3111 3516//3111 3522//3111 3521//3111
f 3516//3112 3517//3112 3523//3112 3522//3112
f 3517//3113 3518//3113 3524//3113 3523//3113
f 3518//3114 3513//3114 3519//3114 3524//3114
f 3519//3115 3520//3115 3526//3115 3525//3115
f 3520//3116 3521//3116 3527//3116 3526//3116
f 3521//3117 3522//3117 3528//3117 3527//3117
f 3522//3118 3523//3118 3529//3118 3528//3118
f 3523//3119 3524//3119 3530//3119 3529//3119
f 3524//3120 3519//3120 3525//3120 3530//3120
f 3531//3121 3532//3121 3538//3121 3537//3121
f 3532//3122 3533//3122 3539//3122 3538//3122
f 3533//3123 3534//3123 3540//3123 3539//3123
f 3534//3124 3535//3124 3541//3124 3540//3124
f 3535//3125 3536//3125 3542//3125 3541//3125
f 3536//3126 3531//3126 3537//3126 3542//3126
f 3537//3127 3538//3127 3544//3127 3543//3127
f 3538//3128 3539//3128 3545//3128 3544//3128
f 3539//3129 3540//3129 3546//3129 3545//3129
f 3540//3130 3541//3130 3547//3130 3546//3130
f 3541//3131 3542//3131 3548//3131 3547//3131
f 3542//3132 3537//3132 3543//3132 3548//3132
f 3543//3133 3544//3133 3550//3133 3549//3133
f 3544//3134 3545//3134 3551//3134 3550//3134
f 3545//3135 3546//3135 3552//3135 3551//3135
f 3546//3136 3547//3136 3553//3136 3552//3136
f 3547//3137 3548//3137 3554//3137 3553//3137
f 3548//3138 3543//3138 3549//3138 3554//3138
f 3549//3139 3550//3139 3556//3139 3555//3139
f 3550//3140 3551//3140 3557//3140 3556//3140
f 3551//3141 3552//3141 3558//3141 3557//3141
f 3552//3142 3553//3142 3559//3142 3558//3142
f 3553//3143 3554//3143 3560//3143 3559//3143
f 3554//3144 3549//3144 3555//3144 3560//3144
f 3561//3145 3562//3145 3568//3145 3567//3145
f 3562//3146 3563//3146 3569//3146 3568//3146
f 3563//3147 3564//3147 3570//3147 3569//3147
f 3564//3148 3565//3148 3571//3148 3570//3148
f 3565//3149 3566//3149 3572//3149 3571//3149
f 3566//3150 3561//3150 3567//3150 3572//3150
f 3567//3151 3568//3151 3574//3151 3573//3151
f 3568//3152 3569//3152 3575//3152 3574//3152
f 3569//3153 3570//3153 3576//3153 3575//3153
f 3570//3154 3571//3154 3577//3154 3576//3154
f 3571//3155 3572//3155 3578//3155 3577//3155
f 3572//3156 3567//3156 3573//3156 3578//3156
f 3573//3157 3574//3157 3580//3157 3579//3157
f 3574//3158 3575//3158 3581//3158 3580//3158
f 3575//3159 3576//3159 3582//3159 3581//3159
f 3576//3160 3577//3160 3583//3160 3582//3160
f 3577//3161 3578//3161 3584//3161 3583//3161
f 3578//3162 3573//3162 3579//3162 3584//3162
f 3579//3163 3580//3163 3586//3163 3585//3163
f 3580//3164 3581//3164 3587//3164 3586//3164
f 3581//3165 3582//3165 3588//3165 3587//3165
f 3582//3166 3583//3166 3589//3166 3588//3166
f 3583//3167 3584//3167 3590//3167 3589//3167
f 3584//3168 3579//3168 3585//3168 3590//3168
usemtl leaf_light
f 3591//3169 3592//3169 3598//3169 3597//3169
f 3592//3170 3593//3170 3599//3170 3598//3170
f 3593//3171 3594//3171 3600//3171 3599//3171
f 3594//3172 3595//3172 3601//3172 3600//3172
f 3595//3173 3596//3173 3602//3173 3601//3173
f 3596//3174 3591//3174 3597//3174 3602//3174
f 3597//3175 3598//3175 3604//3175 3603//3175
f 3598//3176 3599//3176 3605//3176 3604//3176
f 3599//3177 3600//3177 3606//3177 3605//3177
f 3600//3178 3601//3178 3607//3178 3606//3178
f 3601//3179 3602//3179 3608//3179 3607//3179
f 3602//3180 3597//3180 3603//3180 3608//3180
f 3603//3181 3604//3181 3610//3181 3609//3181
f 3604//3182 3605//3182 3611//3182 3610//3182
f 3605//3183 3606//3183 3612//3183 3611//3183
f 3606//3184 3607//3184 3613//3184 3612//3184
f 3607//3185 3608//3185 3614//3185 3613//3185
f 3608//3186 3603//3186 3609//3186 3614//3186
f 3609//3187 3610//3187 3616//3187 3615//3187
f 3610//3188 3611//3188 3617//3188 3616//3188
f 3611//3189 3612//3189 3618//3189 3617//3189
f 3612//3190 3613//3190 3619//3190 3618//3190
f 3613//3191 3614//3191 3620//3191 3619//3191
f 3614//3192 3609//3192 3615//3192 3620//3192
f 3621//3193 3622//3193 3628//3193 3627//3193
f 3622//3194 3623//3194 3629//3194 3628//3194
f 3623//3195 3624//3195 3630//3195 3629//3195
f 3624//3196 3625//3196 3631//3196 3630//3196
f 3625//3197 3626//3197 3632//3197 3631//3197
f 3626//3198 3621//3198 3627//3198 3632//3198
f 3627//3199 3628//3199 3634//3199 3633//3199
f 3628//3200 3629//3200 3635//3200 3634//3200
f 3629//3201 3630//3201 3636//3201 3635//3201
f 3630//3202 3631//3202 3637//3202 3636//3202
f 3631//3203 3632//3203 3638//3203 3637//3203
f 3632//3204 3627//3204 3633//3204 3638//3204
f 3633//3205 3634//3205 3640//3205 3639//3205
f 3634//3206 3635//3206 3641//3206 3640//3206
f 3635//3207 3636//3207 3642//3207 3641//3207
f 3636//3208 3637//3208 3643//3208 3642//3208
f 3637//3209 3638//3209 3644//3209 3643//3209
f 3638//3210 3633//3210 3639//3210 3644//3210
f 3639//3211 3640//3211 3646//3211 3645//3211
f 3640//3212 3641//3212 3647//3212 3646//3212
f 3641//3213 3642//3213 3648//3213 3647//3213
f 3642//3214 3643//3214 3649//3214 3648//3214
f 3643//3215 3644//3215 3650//3215 3649//3215
f 3644//3216 3639//3216 3645//3216 3650//3216
f 3651//3217 3652//3217 3658//3217 3657//3217
f 3652//3218 3653//3218 3659//3218 3658//3218
f 3653//3219 3654//3219 3660//3219 3659//3219
f 3654//3220 3655//3220 3661//3220 3660//3220
f 3655//3221 3656//3221 3662//3221 3661//3221
f 3656//3222 3651//3222 3657//3222 3662//3222
f 3657//3223 3658//3223 3664//3223 3663//3223
f 3658//3224 3659//3224 3665//3224 3664//3224
f 3659//3225 3660//3225 3666//3225 3665//3225
f 3660//3226 3661//3226 3667//3226 3666//3226
f 3661//3227 3662//3227 3668//3227 3667//3227
f 3662//3228 3657//3228 3663//3228 3668//3228
f 3663//3229 3664//3229 3670//3229 3669//3229
f 3664//3230 3665//3230 3671//3230 3670//3230
f 3665//3231 3666//3231 3672//3231 3671//3231
f 3666//3232 3667//3232 3673//3232 3672//3232
f 3667//3233 3668//3233 3674//3233 3673//3233
f 3668//3234 3663//3234 3669//3234 3674//3234
f 3669//3235 3670//3235 3676//3235 3675//3235
f 3670//3236 3671//3236 3677//3236 3676//3236
f 3671//3237 3672//3237 3678//3237 3677//3237
f 3672//3238 3673//3238 3679//3238 3678//3238
f 3673//3239 3674//3239 3680//3239 3679//3239
f 3674//3240 3669//3240 3675//3240 3680//3240
f 3681//3241 3682//3241 3688//3241 3687//3241
f 3682//3242 3683//3242 3689//3242 3688//3242
f 3683//3243 3684//3243 3690//3243 3689//3243
f 3684//3244 3685//3244 3691//3244 3690//3244
f 3685//3245 3686//3245 3692//3245 3691//3245
f 3686//3246 3681//3246 3687//3246 3692//3246
f 3687//3247 3688//3247 3694//3247 3693//3247
f 3688//3248 3689//3248 3695//3248 3694//3248
f 3689//3249 3690//3249 3696//3249 3695//3249
f 3690//3250 3691//3250 3697//3250 3696//3250
f 3691//3251 3692//3251 3698//3251 3697//3251
f 3692//3252 3687//3252 3693//3252 3698//3252
f 3693//3253 3694//3253 3700//3253 3699//3253
f 3694//3254 3695//3254 3701//3254 3700//3254
f 3695//3255 3696//3255 3702//3255 3701//3255
f 3696//3256 3697//3256 3703//3256 3702//3256
f 3697//3257 3698//3257 3704//3257 3703//3257
f 3698//3258 3693//3258 3699//3258 3704//3258
f 3699//3259 3700//3259 3706//3259 3705//3259
f 3700//3260 3701//3260 3707//3260 3706//3260
f 3701//3261 3702//3261 3708//3261 3707//3261
f 3702//3262 3703//3262 3709//3262 3708//3262
f 3703//3263 3704//3263 3710//3263 3709//3263
f 3704//3264 3699//3264 3705//3264 3710//3264
usemtl leaf
f 3711//3265 3712//3265 3718//3265 3717//3265
f 3712//3266 3713//3266 3719//3266 3718//3266
f 3713//3267 3714//3267 3720//3267 3719//3267
f 3714//3268 3715//3268 3721//3268 3720//3268
f 3715//3269 3716//3269 3722//3269 3721//3269
f 3716//3270 3711//3270 3717//3270 3722//3270
f 3717//3271 3718//3271 3724//3271 3723//3271
f 3718//3272 3719//3272 3725//3272 3724//3272
f 3719//3273 3720//3273 3726//3273 3725//3273
f 3720//3274 3721//3274 3727//3274 3726//3274
f 3721//3275 3722//3275 3728//3275 3727//3275
f 3722//3276 3717//3276 3723//3276 3728//3276
f 3723//3277 3724//3277 3730//3277 3729//3277
f 3724//3278 3725//3278 3731//3278 3730//3278
f 3725//3279 3726//3279 3732//3279 3731//3279
f 3726//3280 3727//3280 3733//3280 3732//3280
f 3727//3281 3728//3281 3734//3281 3733//3281
f 3728//3282 3723//3282 3729//3282 3734//3282
f 3729//3283 3730//3283 3736//3283 3735//3283
f 3730//3284 3731//3284 3737//3284 3736//3284
f 3731//3285 3732//3285 3738//3285 3737//3285
f 3732//3286 3733//3286 3739//3286 3738//3286
f 3733//3287 3734//3287 3740//3287 3739//3287
f 3734//3288 3729//3288 3735//3288 3740//3288
usemtl leaf_light
f 3741//3289 3742//3289 3748//3289 3747//3289
f 3742//3290 3743//3290 3749//3290 3748//3290
f 3743//3291 3744//3291 3750//3291 3749//3291
f 3744//3292 3745//3292 3751//3292 3750//3292
f 3745//3293 3746//3293 3752//3293 3751//3293
f 3746//3294 3741//3294 3747//3294 3752//3294
f 3747//3295 3748//3295 3754//3295 3753//3295
f 3748//3296 3749//3296 3755//3296 3754//3296
f 3749//3297 3750//3297 3756//3297 3755//3297
f 3750//3298 3751//3298 3757//3298 3756//3298
f 3751//3299 3752//3299 3758//3299 3757//3299
f 3752//3300 3747//3300 3753//3300 3758//3300
f 3753//3301 3754//3301 3760//3301 3759//3301
f 3754//3302 3755//3302 3761//3302 3760//3302
f 3755//3303 3756//3303 3762//3303 3761//3303
f 3756//3304 3757//3304 3763//3304 3762//3304
f 3757//3305 3758//3305 3764//3305 3763//3305
f 3758//3306 3753//3306 3759//3306 3764//3306
f 3759//3307 3760//3307 3766//3307 3765//3307
f 3760//3308 3761//3308 3767//3308 3766//3308
f 3761//3309 3762//3309 3768//3309 3767//3309
f 3762//3310 3763//3310 3769//3310 3768//3310
f 3763//3311 3764//3311 3770//3311 3769//3311
f 3764//3312 3759//3312 3765//3312 3770//3312
f 3771//3313 3772//3313 3778//3313 3777//3313
f 3772//3314 3773//3314 3779//3314 3778//3314
f 3773//3315 3774//3315 3780//3315 3779//3315
f 3774//3316 3775//3316 3781//3316 3780//3316
f 3775//3317 3776//3317 3782//3317 3781//3317
f 3776//3318 3771//3318 3777//3318 3782//3318
f 3777//3319 3778//3319 3784//3319 3783//3319
f 3778//3320 3779//3320 3785//3320 3784//3320
f 3779//3321 3780//3321 3786//3321 3785//3321
f 3780//3322 3781//3322 3787//3322 3786//3322
f 3781//3323 3782//3323 3788//3323 3787//3323
f 3782//3324 3777//3324 3783//3324 3788//3324
f 3783//3325 3784//3325 3790//3325 3789//3325
f 3784//3326 3785//3326 3791//3326 3790//3326
f 3785//3327 3786//3327 3792//3327 3791//3327
f 3786//3328 3787//3328 3793//3328 3792//3328
f 3787//3329 3788//3329 3794//3329 3793//3329
f 3788//3330 3783//3330 3789//3330 3794//3330
f 3789//3331 3790//3331 3796//3331 3795//3331
f 3790//3332 3791//3332 3797//3332 3796//3332
f 3791//3333 3792//3333 3798//3333 3797//3333
f 3792//3334 3793//3334 3799//3334 3798//3334
f 3793//3335 3794//3335 3800//3335 3799//3335
f 3794//3336 3789//3336 3795//3336 3800//3336
usemtl leaf_dark
f 3801//3337 3802//3337 3808//3337 3807//3337
f 3802//3338 3803//3338 3809//3338 3808//3338
f 3803//3339 3804//3339 3810//3339 3809//3339
f 3804//3340 3805//3340 3811//3340 3810//3340
f 3805//3341 3806//3341 3812//3341 3811//3341
f 3806//3342 3801//3342 3807//3342 3812//3342
f 3807//3343 3808//3343 3814//3343 3813//3343
f 3808//3344 3809//3344 3815//3344 3814//3344
f 3809//3345 3810//3345 3816//3345 3815//3345
f 3810//3346 3811//3346 3817//3346 3816//3346
f 3811//3347 3812//3347 3818//3347 3817//3347
f 3812//3348 3807//3348 3813//3348 3818//3348
f 3813//3349 3814//3349 3820//3349 3819//3349
f 3814//3350 3815//3350 3821//3350 3820//3350
f 3815//3351 3816//3351 3822//3351 3821//3351
f 3816//3352 3817//3352 3823//3352 3822//3352
f 3817//3353 3818//3353 3824//3353 3823//3353
f 3818//3354 3813//3354 3819//3354 3824//3354
f 3819//3355 3820//3355 3826//3355 3825//3355
f 3820//3356 3821//3356 3827//3356 3826//3356
f 3821//3357 3822//3357 3828//3357 3827//3357
f 3822//3358 3823//3358 3829//3358 3828//3358
f 3823//3359 3824//3359 3830//3359 3829//3359
f 3824//3360 3819//3360 3825//3360 3830//3360
usemtl leaf
f 3831//3361 3832//3361 3838//3361 3837//3361
f 3832//3362 3833//3362 3839//3362 3838//3362
f 3833//3363 3834//3363 3840//3363 3839//3363
f 3834//3364 3835//3364 3841//3364 3840//3364
f 3835//3365 3836//3365 3842//3365 3841//3365
f 3836//3366 3831//3366 3837//3366 3842//3366
f 3837//3367 3838//3367 3844//3367 3843//3367
f 3838//3368 3839//3368 3845//3368 3844//3368
f 3839//3369 3840//3369 3846//3369 3845//3369
f 3840//3370 3841//3370 3847//3370 3846//3370
f 3841//3371 3842//3371 3848//3371 3847//3371
f 3842//3372 3837//3372 3843//3372 3848//3372
f 3843//3373 3844//3373 3850//3373 3849//3373
f 3844//3374 3845//3374 3851//3374 3850//3374
f 3845//3375 3846//3375 3852//3375 3851//3375
f 3846//3376 3847//3376 3853//3376 3852//3376
f 3847//3377 3848//3377 3854//3377 3853//3377
f 3848//3378 3843//3378 3849//3378 3854//3378
f 3849//3379 3850//3379 3856//3379 3855//3379
f 3850//3380 3851//3380 3857//3380 3856//3380
f 3851//3381 3852//3381 3858//3381 3857//3381
f 3852//3382 3853//3382 3859//3382 3858//3382
f 3853//3383 3854//3383 3860//3383 3859//3383
f 3854//3384 3849//3384 3855//3384 3860//3384
f 3861//3385 3862//3385 3868//3385 3867//3385
f 3862//3386 3863//3386 3869//3386 3868//3386
f 3863//3387 3864//3387 3870//3387 3869//3387
f 3864//3388 3865//3388 3871//3388 3870//3388
f 3865//3389 3866//3389 3872//3389 3871//3389
f 3866//3390 3861//3390 3867//3390 3872//3390
f 3867//3391 3868//3391 3874//3391 3873//3391
f 3868//3392 3869//3392 3875//3392 3874//3392
f 3869//3393 3870//3393 3876//3393 3875//3393
f 3870//3394 3871//3394 3877//3394 3876//3394
f 3871//3395 3872//3395 3878//3395 3877//3395
f 3872//3396 3867//3396 3873//3396 3878//3396
f 3873//3397 3874//3397 3880//3397 3879//3397
f 3874//3398 3875//3398 3881//3398 3880//3398
f 3875//3399 3876//3399 3882//3399 3881//3399
f 3876//3400 3877//3400 3883//3400 3882//3400
f 3877//3401 3878//3401 3884//3401 3883//3401
f 3878//3402 3873//3402 3879//3402 3884//3402
f 3879//3403 3880//3403 3886//3403 3885//3403
f 3880//3404 3881//3404 3887//3404 3886//3404
f 3881//3405 3882//3405 3888//3405 3887//3405
f 3882//3406 3883//3406 3889//3406 3888//3406
f 3883//3407 3884//3407 3890//3407 3889//3407
f 3884//3408 3879//3408 3885//3408 3890//3408
usemtl leaf_light
f 3891//3409 3892//3409 3898//3409 3897//3409
f 3892//3410 3893//3410 3899//3410 3898//3410
f 3893//3411 3894//3411 3900//3411 3899//3411
f 3894//3412 3895//3412 3901//3412 3900//3412
f 3895//3413 3896//3413 3902//3413 3901//3413
f 3896//3414 3891//3414 3897//3414 3902//3414
f 3897//3415 3898//3415 3904//3415 3903//3415
f 3898//3416 3899//3416 3905//3416 3904//3416
f 3899//3417 3900//3417 3906//3417 3905//3417
f 3900//3418 3901//3418 3907//3418 3906//3418
f 3901//3419 3902//3419 3908//3419 3907//3419
f 3902//3420 3897//3420 3903//3420 3908//3420
f 3903//3421 3904//3421 3910//3421 3909//3421
f 3904//3422 3905//3422 3911//3422 3910//3422
f 3905//3423 3906//3423 3912//3423 3911//3423
f 3906//3424 3907//3424 3913//3424 3912//3424
f 3907//3425 3908//3425 3914//3425 3913//3425
f 3908//3426 3903//3426 3909//3426 3914//3426
f 3909//3427 3910//3427 3916//3427 3915//3427
f 3910//3428 3911//3428 3917//3428 3916//3428
f 3911//3429 3912//3429 3918//3429 3917//3429
f 3912//3430 3913//3430 3919//3430 3918//3430
f 3913//3431 3914//3431 3920//3431 3919//3431
f 3914//3432 3909//3432 3915//3432 3920//3432
usemtl leaf
f 3921//3433 3922//3433 3928//3433 3927//3433
f 3922//3434 3923//3434 3929//3434 3928//3434
f 3923//3435 3924//3435 3930//3435 3929//3435
f 3924//3436 3925//3436 3931//3436 3930//3436
f 3925//3437 3926//3437 3932//3437 3931//3437
f 3926//3438 3921//3438 3927//3438 3932//3438
f 3927//3439 3928//3439 3934//3439 3933//3439
f 3928//3440 3929//3440 3935//3440 3934//3440
f 3929//3441 3930//3441 3936//3441 3935//3441
f 3930//3442 3931//3442 3937//3442 3936//3442
f 3931//3443 3932//3443 3938//3443 3937//3443
f 3932//3444 3927//3444 3933//3444 3938//3444
f 3933//3445 3934//3445 3940//3445 3939//3445
f 3934//3446 3935//3446 3941//3446 3940//3446
f 3935//3447 3936//3447 3942//3447 3941//3447
f 3936//3448 3937//3448 3943//3448 3942//3448
f 3937//3449 3938//3449 3944//3449 3943//3449
f 3938//3450 3933//3450 3939//3450 3944//3450
f 3939//3451 3940//3451 3946//3451 3945//3451
f 3940//3452 3941//3452 3947//3452 3946//3452
f 3941//3453 3942//3453 3948//3453 3947//3453
f 3942//3454 3943//3454 3949//3454 3948//3454
f 3943//3455 3944//3455 3950//3455 3949//3455
f 3944//3456 3939//3456 3945//3456 3950//3456
usemtl leaf_dark
f 3951//3457 3952//3457 3958//3457 3957//3457
f 3952//3458 3953//3458 3959//3458 3958//3458
f 3953//3459 3954//3459 3960//3459 3959//3459
f 3954//3460 3955//3460 3961//3460 3960//3460
f 3955//3461 3956//3461 3962//3461 3961//3461
f 3956//3462 3951//3462 3957//3462 3962//3462
f 3957//3463 3958//3463 3964//3463 3963//3463
f 3958//3464 3959//3464 3965//3464 3964//3464
f 3959//3465 3960//3465 3966//3465 3965//3465
f 3960//3466 3961//3466 3967//3466 3966//3466
f 3961//3467 3962//3467 3968//3467 3967//3467
f 3962//3468 3957//3468 3963//3468 3968//3468
f 3963//3469 3964//3469 3970//3469 3969//3469
f 3964//3470 3965//3470 3971//3470 3970//3470
f 3965//3471 3966//3471 3972//3471 3971//3471
f 3966//3472 3967//3472 3973//3472 3972//3472
f 3967//3473 3968//3473 3974//3473 3973//3473
f 3968//3474 3963//3474 3969//3474 3974//3474
f 3969//3475 3970//3475 3976//3475 3975//3475
f 3970//3476 3971//3476 3977//3476 3976//3476
f 3971//3477 3972//3477 3978//3477 3977//3477
f 3972//3478 3973//3478 3979//3478 3978//3478
f 3973//3479 3974//3479 3980//3479 3979//3479
f 3974//3480 3969//3480 3975//3480 3980//3480
usemtl leaf_light
f 3981//3481 3982//3481 3988//3481 3987//3481
f 3982//3482 3983//3482 3989//3482 3988//3482
f 3983//3483 3984//3483 3990//3483 3989//3483
f 3984//3484 3985//3484 3991//3484 3990//3484
f 3985//3485 3986//3485 3992//3485 3991//3485
f 3986//3486 3981//3486 3987//3486 3992//3486
f 3987//3487 3988//3487 3994//3487 3993//3487
f 3988//3488 3989//3488 3995//3488 3994//3488
f 3989//3489 3990//3489 3996//3489 3995//3489
f 3990//3490 3991//3490 3997//3490 3996//3490
f 3991//3491 3992//3491 3998//3491 3997//3491
f 3992//3492 3987//3492 3993//3492 3998//3492
f 3993//3493 3994//3493 4000//3493 3999//3493
f 3994//3494 3995//3494 4001//3494 4000//3494
f 3995//3495 3996//3495 4002//3495 4001//3495
f 3996//3496 3997//3496 4003//3496 4002//3496
f 3997//3497 3998//3497 4004//3497 4003//3497
f 3998//3498 3993//3498 3999//3498 4004//3498
f 3999//3499 4000//3499 4006//3499 4005//3499
f 4000//3500 4001//3500 4007//3500 4006//3500
f 4001//3501 4002//3501 4008//3501 4007//3501
f 4002//3502 4003//3502 4009//3502 4008//3502
f 4003//3503 4004//3503 4010//3503 4009//3503
f 4004//3504 3999//3504 4005//3504 4010//3504
f 4011//3505 4012//3505 4018//3505 4017//3505
f 4012//3506 4013//3506 4019//3506 4018//3506
f 4013//3507 4014//3507 4020//3507 4019//3507
f 4014//3508 4015//3508 4021//3508 4020//3508
f 4015//3509 4016//3509 4022//3509 4021//3509
f 4016//3510 4011//3510 4017//3510 4022//3510
f 4017//3511 4018//3511 4024//3511 4023//3511
f 4018//3512 4019//3512 4025//3512 4024//3512
f 4019//3513 4020//3513 4026//3513 4025//3513
f 4020//3514 4021//3514 4027//3514 4026//3514
f 4021//3515 4022//3515 4028//3515 4027//3515
f 4022//3516 4017//3516 4023//3516 4028//3516
f 4023//3517 4024//3517 4030//3517 4029//3517
f 4024//3518 4025//3518 4031//3518 4030//3518
f 4025//3519 4026//3519 4032//3519 4031//3519
f 4026//3520 4027//3520 4033//3520 4032//3520
f 4027//3521 4028//3521 4034//3521 4033//3521
f 4028//3522 4023//3522 4029//3522 4034//3522
f 4029//3523 4030//3523 4036//3523 4035//3523
f 4030//3524 4031//3524 4037//3524 4036//3524
f 4031//3525 4032//3525 4038//3525 4037//3525
f 4032//3526 4033//3526 4039//3526 4038//3526
f 4033//3527 4034//3527 4040//3527 4039//3527
f 4034//3528 4029//3528 4035//3528 4040//3528
usemtl leaf_dark
f 4041//3529 4042//3529 4048//3529 4047//3529
f 4042//3530 4043//3530 4049//3530 4048//3530
f 4043//3531 4044//3531 4050//3531 4049//3531
f 4044//3532 4045//3532 4051//3532 4050//3532
f 4045//3533 4046//3533 4052//3533 4051//3533
f 4046//3534 4041//3534 4047//3534 4052//3534
f 4047//3535 4048//3535 4054//3535 4053//3535
f 4048//3536 4049//3536 4055//3536 4054//3536
f 4049//3537 4050//3537 4056//3537 4055//3537
f 4050//3538 4051//3538 4057//3538 4056//3538
f 4051//3539 4052//3539 4058//3539 4057//3539
f 4052//3540 4047//3540 4053//3540 4058//3540
f 4053//3541 4054//3541 4060//3541 4059//3541
f 4054//3542 4055//3542 4061//3542 4060//3542
f 4055//3543 4056//3543 4062//3543 4061//3543
f 4056//3544 4057//3544 4063//3544 4062//3544
f 4057//3545 4058//3545 4064//3545 4063//3545
f 4058//3546 4053//3546 4059//3546 4064//3546
f 4059//3547 4060//3547 4066//3547 4065//3547
f 4060//3548 4061//3548 4067//3548 4066//3548
f 4061//3549 4062//3549 4068//3549 4067//3549
f 4062//3550 4063//3550 4069//3550 4068//3550
f 4063//3551 4064//3551 4070//3551 4069//3551
f 4064//3552 4059//3552 4065//3552 4070//3552
usemtl leaf_light
f 4071//3553 4072//3553 4078//3553 4077//3553
f 4072//3554 4073//3554 4079//3554 4078//3554
f 4073//3555 4074//3555 4080//3555 4079//3555
f 4074//3556 4075//3556 4081//3556 4080//3556
f 4075//3557 4076//3557 4082//3557 4081//3557
f 4076//3558 4071//3558 4077//3558 4082//3558
f 4077//3559 4078//3559 4084//3559 4083//3559
f 4078//3560 4079//3560 4085//3560 4084//3560
f 4079//3561 4080//3561 4086//3561 4085//3561
f 4080//3562 4081//3562 4087//3562 4086//3562
f 4081//3563 4082//3563 4088//3563 4087//3563
f 4082//3564 4077//3564 4083//3564 4088//3564
f 4083//3565 4084//3565 4090//3565 4089//3565
f 4084//3566 4085//3566 4091//3566 4090//3566
f 4085//3567 4086//3567 4092//3567 4091//3567
f 4086//3568 4087//3568 4093//3568 4092//3568
f 4087//3569 4088//3569 4094//3569 4093//3569
f 4088//3570 4083//3570 4089//3570 4094//3570
f 4089//3571 4090//3571 4096//3571 4095//3571
f 4090//3572 4091//3572 4097//3572 4096//3572
f 4091//3573 4092//3573 4098//3573 4097//3573
f 4092//3574 4093//3574 4099//3574 4098//3574
f 4093//3575 4094//3575 4100//3575 4099//3575
f 4094//3576 4089//3576 4095//3576 4100//3576
f 4101//3577 4102//3577 4108//3577 4107//3577
f 4102//3578 4103//3578 4109//3578 4108//3578
f 4103//3579 4104//3579 4110//3579 4109//3579
f 4104//3580 4105//3580 4111//3580 4110//3580
f 4105//3581 4106//3581 4112//3581 4111//3581
f 4106//3582 4101//3582 4107//3582 4112//3582
f 4107//3583 4108//3583 4114//3583 4113//3583
f 4108//3584 4109//3584 4115//3584 4114//3584
f 4109//3585 4110//3585 4116//3585 4115//3585
f 4110//3586 4111//3586 4117//3586 4116//3586
f 4111//3587 4112//3587 4118//3587 4117//3587
f 4112//3588 4107//3588 4113//3588 4118//3588
f 4113//3589 4114//3589 4120//3589 4119//3589
f 4114//3590 4115//3590 4121//3590 4120//3590
f 4115//3591 4116//3591 4122//3591 4121//3591
f 4116//3592 4117//3592 4123//3592 4122//3592
f 4117//3593 4118//3593 4124//3593 4123//3593
f 4118//3594 4113//3594 4119//3594 4124//3594
f 4119//3595 4120//3595 4126//3595 4125//3595
f 4120//3596 4121//3596 4127//3596 4126//3596
f 4121//3597 4122//3597 4128//3597 4127//3597
f 4122//3598 4123//3598 4129//3598 4128//3598
f 4123//3599 4124//3599 4130//3599 4129//3599
f 4124//3600 4119//3600 4125//3600 4130//3600
usemtl leaf_dark
f 4131//3601 4132//3601 4138//3601 4137//3601
f 4132//3602 4133//3602 4139//3602 4138//3602
f 4133//3603 4134//3603 4140//3603 4139//3603
f 4134//3604 4135//3604 4141//3604 4140//3604
f 4135//3605 4136//3605 4142//3605 4141//3605
f 4136//3606 4131//3606 4137//3606 4142//3606
f 4137//3607 4138//3607 4144//3607 4143//3607
f 4138//3608 4139//3608 4145//3608 4144//3608
f 4139//3609 4140//3609 4146//3609 4145//3609
f 4140//3610 4141//3610 4147//3610 4146//3610
f 4141//3611 4142//3611 4148//3611 4147//3611
f 4142//3612 4137//3612 4143//3612 4148//3612
f 4143//3613 4144//3613 4150//3613 4149//3613
f 4144//3614 4145//3614 4151//3614 4150//3614
f 4145//3615 4146//3615 4152//3615 4151//3615
f 4146//3616 4147//3616 4153//3616 4152//3616
f 4147//3617 4148//3617 4154//3617 4153//3617
f 4148//3618 4143//3618 4149//3618 4154//3618
f 4149//3619 4150//3619 4156//3619 4155//3619
f 4150//3620 4151//3620 4157//3620 4156//3620
f 4151//3621 4152//3621 4158//3621 4157//3621
f 4152//3622 4153//3622 4159//3622 4158//3622
f 4153//3623 4154//3623 4160//3623 4159//3623
f 4154//3624 4149//3624 4155//3624 4160//3624
usemtl leaf
f 4161//3625 4162//3625 4168//3625 4167//3625
f 4162//3626 4163//3626 4169//3626 4168//3626
f 4163//3627 4164//3627 4170//3627 4169//3627
f 4164//3628 4165//3628 4171//3628 4170//3628
f 4165//3629 4166//3629 4172//3629 4171//3629
f 4166//3630 4161//3630 4167//3630 4172//3630
f 4167//3631 4168//3631 4174//3631 4173//3631
f 4168//3632 4169//3632 4175//3632 4174//3632
f 4169//3633 4170//3633 4176//3633 4175//3633
f 4170//3634 4171//3634 4177//3634 4176//3634
f 4171//3635 4172//3635 4178//3635 4177//3635
f 4172//3636 4167//3636 4173//3636 4178//3636
f 4173//3637 4174//3637 4180//3637 4179//3637
f 4174//3638 4175//3638 4181//3638 4180//3638
f 4175//3639 4176//3639 4182//3639 4181//3639
f 4176//3640 4177//3640 4183//3640 4182//3640
f 4177//3641 4178//3641 4184//3641 4183//3641
f 4178//3642 4173//3642 4179//3642 4184//3642
f 4179//3643 4180//3643 4186//3643 4185//3643
f 4180//3644 4181//3644 4187//3644 4186//3644
f 4181//3645 4182//3645 4188//3645 4187//3645
f 4182//3646 4183//3646 4189//3646 4188//3646
f 4183//3647 4184//3647 4190//3647 4189//3647
f 4184//3648 4179//3648 4185//3648 4190//3648
f 4191//3649 4192//3649 4198//3649 4197//3649
f 4192//3650 4193//3650 4199//3650 4198//3650
f 4193//3651 4194//3651 4200//3651 4199//3651
f 4194//3652 4195//3652 4201//3652 4200//3652
f 4195//3653 4196//3653 4202//3653 4201//3653
f 4196//3654 4191//3654 4197//3654 4202//3654
f 4197//3655 4198//3655 4204//3655 4203//3655
f 4198//3656 4199//3656 4205//3656 4204//3656
f 4199//3657 4200//3657 4206//3657 4205//3657
f 4200//3658 4201//3658 4207//3658 4206//3658
f 4201//3659 4202//3659 4208//3659 4207//3659
f 4202//3660 4197//3660 4203//3660 4208//3660
f 4203//3661 4204//3661 4210//3661 4209//3661
f 4204//3662 4205//3662 4211//3662 4210//3662
f 4205//3663 4206//3663 4212//3663 4211//3663
f 4206//3664 4207//3664 4213//3664 4212//3664
f 4207//3665 4208//3665 4214//3665 4213//3665
f 4208//3666 4203//3666 4209//3666 4214//3666
f 4209//3667 4210//3667 4216//3667 4215//3667
f 4210//3668 4211//3668 4217//3668 4216//3668
f 4211//3669 4212//3669 4218//3669 4217//3669
f 4212//3670 4213//3670 4219//3670 4218//3670
f 4213//3671 4214//3671 4220//3671 4219//3671
f 4214//3672 4209//3672 4215//3672 4220//3672
usemtl leaf_dark
f 4221//3673 4222//3673 4228//3673 4227//3673
f 4222//3674 4223//3674 4229//3674 4228//3674
f 4223//3675 4224//3675 4230//3675 4229//3675
f 4224//3676 4225//3676 4231//3676 4230//3676
f 4225//3677 4226//3677 4232//3677 4231//3677
f 4226//3678 4221//3678 4227//3678 4232//3678
f 4227//3679 4228//3679 4234//3679 4233//3679
f 4228//3680 4229//3680 4235//3680 4234//3680
f 4229//3681 4230//3681 4236//3681 4235//3681
f 4230//3682 4231//3682 4237//3682 4236//3682
f 4231//3683 4232//3683 4238//3683 4237//3683
f 4232//3684 4227//3684 4233//3684 4238//3684
f 4233//3685 4234//3685 4240//3685 4239//3685
f 4234//3686 4235//3686 4241//3686 4240//3686
f 4235//3687 4236//3687 4242//3687 4241//3687
f 4236//3688 4237//3688 4243//3688 4242//3688
f 4237//3689 4238//3689 4244//3689 4243//3689
f 4238//3690 4233//3690 4239//3690 4244//3690
f 4239//3691 4240//3691 4246//3691 4245//3691
f 4240//3692 4241//3692 4247//3692 4246//3692
f 4241//3693 4242//3693 4248//3693 4247//3693
f 4242//3694 4243//3694 4249//3694 4248//3694
f 4243//3695 4244//3695 4250//3695 4249//3695
f 4244//3696 4239//3696 4245//3696 4250//3696
usemtl leaf_light
f 4251//3697 4252//3697 4258//3697 4257//3697
f 4252//3698 4253//3698 4259//3698 4258//3698
f 4253//3699 4254//3699 4260//3699 4259//3699
f 4254//3700 4255//3700 4261//3700 4260//3700
f 4255//3701 4256//3701 4262//3701 4261//3701
f 4256//3702 4251//3702 4257//3702 4262//3702
f 4257//3703 4258//3703 4264//3703 4263//3703
f 4258//3704 4259//3704 4265//3704 4264//3704
f 4259//3705 4260//3705 4266//3705 4265//3705
f 4260//3706 4261//3706 4267//3706 4266//3706
f 4261//3707 4262//3707 4268//3707 4267//3707
f 4262//3708 4257//3708 4263//3708 4268//3708
f 4263//3709 4264//3709 4270//3709 4269//3709
f 4264//3710 4265//3710 4271//3710 4270//3710
f 4265//3711 4266//3711 4272//3711 4271//3711
f 4266//3712 4267//3712 4273//3712 4272//3712
f 4267//3713 4268//3713 4274//3713 4273//3713
f 4268//3714 4263//3714 4269//3714 4274//3714
f 4269//3715 4270//3715 4276//3715 4275//3715
f 4270//3716 4271//3716 4277//3716 4276//3716
f 4271//3717 4272//3717 4278//3717 4277//3717
f 4272//3718 4273//3718 4279//3718 4278//3718
f 4273//3719 4274//3719 4280//3719 4279//3719
f 4274//3720 4269//3720 4275//3720 4280//3720
f 4281//3721 4282//3721 4288//3721 4287//3721
f 4282//3722 4283//3722 4289//3722 4288//3722
f 4283//3723 4284//3723 4290//3723 4289//3723
f 4284//3724 4285//3724 4291//3724 4290//3724
f 4285//3725 4286//3725 4292//3725 4291//3725
f 4286//3726 4281//3726 4287//3726 4292//3726
f 4287//3727 4288//3727 4294//3727 4293//3727
f 4288//3728 4289//3728 4295//3728 4294//3728
f 4289//3729 4290//3729 4296//3729 4295//3729
f 4290//3730 4291//3730 4297//3730 4296//3730
f 4291//3731 4292//3731 4298//3731 4297//3731
f 4292//3732 4287//3732 4293//3732 4298//3732
f 4293//3733 4294//3733 4300//3733 4299//3733
f 4294//3734 4295//3734 4301//3734 4300//3734
f 4295//3735 4296//3735 4302//3735 4301//3735
f 4296//3736 4297//3736 4303//3736 4302//3736
f 4297//3737 4298//3737 4304//3737 4303//3737
f 4298//3738 4293//3738 4299//3738 4304//3738
f 4299//3739 4300//3739 4306//3739 4305//3739
f 4300//3740 4301//3740 4307//3740 4306//3740
f 4301//3741 4302//3741 4308//3741 4307//3741
f 4302//3742 4303//3742 4309//3742 4308//3742
f 4303//3743 4304//3743 4310//3743 4309//3743
f 4304//3744 4299//3744 4305//3744 4310//3744
f 4311//3745 4312//3745 4318//3745 4317//3745
f 4312//3746 4313//3746 4319//3746 4318//3746
f 4313//3747 4314//3747 4320//3747 4319//3747
f 4314//3748 4315//3748 4321//3748 4320//3748
f 4315//3749 4316//3749 4322//3749 4321//3749
f 4316//3750 4311//3750 4317//3750 4322//3750
f 4317//3751 4318//3751 4324//3751 4323//3751
f 4318//3752 4319//3752 4325//3752 4324//3752
f 4319//3753 4320//3753 4326//3753 4325//3753
f 4320//3754 4321//3754 4327//3754 4326//3754
f 4321//3755 4322//3755 4328//3755 4327//3755
f 4322//3756 4317//3756 4323//3756 4328//3756
f 4323//3757 4324//3757 4330//3757 4329//3757
f 4324//3758 4325//3758 4331//3758 4330//3758
f 4325//3759 4326//3759 4332//3759 4331//3759
f 4326//3760 4327//3760 4333//3760 4332//3760
f 4327//3761 4328//3761 4334//3761 4333//3761
f 4328//3762 4323//3762 4329//3762 4334//3762
f 4329//3763 4330//3763 4336//3763 4335//3763
f 4330//3764 4331//3764 4337//3764 4336//3764
f 4331//3765 4332//3765 4338//3765 4337//3765
f 4332//3766 4333//3766 4339//3766 4338//3766
f 4333//3767 4334//3767 4340//3767 4339//3767
f 4334//3768 4329//3768 4335//3768 4340//3768
usemtl leaf
f 4341//3769 4342//3769 4348//3769 4347//3769
f 4342//3770 4343//3770 4349//3770 4348//3770
f 4343//3771 4344//3771 4350//3771 4349//3771
f 4344//3772 4345//3772 4351//3772 4350//3772
f 4345//3773 4346//3773 4352//3773 4351//3773
f 4346//3774 4341//3774 4347//3774 4352//3774
f 4347//3775 4348//3775 4354//3775 4353//3775
f 4348//3776 4349//3776 4355//3776 4354//3776
f 4349//3777 4350//3777 4356//3777 4355//3777
f 4350//3778 4351//3778 4357//3778 4356//3778
f 4351//3779 4352//3779 4358//3779 4357//3779
f 4352//3780 4347//3780 4353//3780 4358//3780
f 4353//3781 4354//3781 4360//3781 4359//3781
f 4354//3782 4355//3782 4361//3782 4360//3782
f 4355//3783 4356//3783 4362//3783 4361//3783
f 4356//3784 4357//3784 4363//3784 4362//3784
f 4357//3785 4358//3785 4364//3785 4363//3785
f 4358//3786 4353//3786 4359//3786 4364//3786
f 4359//3787 4360//3787 4366//3787 4365//3787
f 4360//3788 4361//3788 4367//3788 4366//3788
f 4361//3789 4362//3789 4368//3789 4367//3789
f 4362//3790 4363//3790 4369//3790 4368//3790
f 4363//3791 4364//3791 4370//3791 4369//3791
f 4364//3792 4359//3792 4365//3792 4370//3792
usemtl leaf_light
f 4371//3793 4372//3793 4378//3793 4377//3793
f 4372//3794 4373//3794 4379//3794 4378//3794
f 4373//3795 4374//3795 4380//3795 4379//3795
f 4374//3796 4375//3796 4381//3796 4380//3796
f 4375//3797 4376//3797 4382//3797 4381//3797
f 4376//3798 4371//3798 4377//3798 4382//3798
f 4377//3799 4378//3799 4384//3799 4383//3799
f 4378//3800 4379//3800 4385//3800 4384//3800
f 4379//3801 4380//3801 4386//3801 4385//3801
f 4380//3802 4381//3802 4387//3802 4386//3802
f 4381//3803 4382//3803 4388//3803 4387//3803
f 4382//3804 4377//3804 4383//3804 4388//3804
f 4383//3805 4384//3805 4390//3805 4389//3805
f 4384//3806 4385//3806 4391//3806 4390//3806
f 4385//3807 4386//3807 4392//3807 4391//3807
f 4386//3808 4387//3808 4393//3808 4392//3808
f 4387//3809 4388//3809 4394//3809 4393//3809
f 4388//3810 4383//3810 4389//3810 4394//3810
f 4389//3811 4390//3811 4396//3811 4395//3811
f 4390//3812 4391//3812 4397//3812 4396//3812
f 4391//3813 4392//3813 4398//3813 4397//3813
f 4392//3814 4393//3814 4399//3814 4398//3814
f 4393//3815 4394//3815 4400//3815 4399//3815
f 4394//3816 4389//3816 4395//3816 4400//3816
f 4401//3817 4402//3817 4408//3817 4407//3817
f 4402//3818 4403//3818 4409//3818 4408//3818
f 4403//3819 4404//3819 4410//3819 4409//3819
f 4404//3820 4405//3820 4411//3820 4410//3820
f 4405//3821 4406//3821 4412//3821 4411//3821
f 4406//3822 4401//3822 4407//3822 4412//3822
f 4407//3823 4408//3823 4414//3823 4413//3823
f 4408//3824 4409//3824 4415//3824 4414//3824
f 4409//3825 4410//3825 4416//3825 4415//3825
f 4410//3826 4411//3826 4417//3826 4416//3826
f 4411//3827 4412//3827 4418//3827 4417//3827
f 4412//3828 4407//3828 4413//3828 4418//3828
f 4413//3829 4414//3829 4420//3829 4419//3829
f 4414//3830 4415//3830 4421//3830 4420//3830
f 4415//3831 4416//3831 4422//3831 4421//3831
f 4416//3832 4417//3832 4423//3832 4422//3832
f 4417//3833 4418//3833 4424//3833 4423//3833
f 4418//3834 4413//3834 4419//3834 4424//3834
f 4419//3835 4420//3835 4426//3835 4425//3835
f 4420//3836 4421//3836 4427//3836 4426//3836
f 4421//3837 4422//3837 4428//3837 4427//3837
f 4422//3838 4423//3838 4429//3838 4428//3838
f 4423//3839 4424//3839 4430//3839 4429//3839
f 4424//3840 4419//3840 4425//3840 4430//3840
f 4431//3841 4432//3841 4438//3841 4437//3841
f 4432//3842 4433//3842 4439//3842 4438//3842
f 4433//3843 4434//3843 4440//3843 4439//3843
f 4434//3844 4435//3844 4441//3844 4440//3844
f 4435//3845 4436//3845 4442//3845 4441//3845
f 4436//3846 4431//3846 4437//3846 4442//3846
f 4437//3847 4438//3847 4444//3847 4443//3847
f 4438//3848 4439//3848 4445//3848 4444//3848
f 4439//3849 4440//3849 4446//3849 4445//3849
f 4440//3850 4441//3850 4447//3850 4446//3850
f 4441//3851 4442//3851 4448//3851 4447//3851
f 4442//3852 4437//3852 4443//3852 4448//3852
f 4443//3853 4444//3853 4450//3853 4449//3853
f 4444//3854 4445//3854 4451//3854 4450//3854
f 4445//3855 4446//3855 4452//3855 4451//3855
f 4446//3856 4447//3856 4453//3856 4452//3856
f 4447//3857 4448//3857 4454//3857 4453//3857
f 4448//3858 4443//3858 4449//3858 4454//3858
f 4449//3859 4450//3859 4456//3859 4455//3859
f 4450//3860 4451//3860 4457//3860 4456//3860
f 4451//3861 4452//3861 4458//3861 4457//3861
f 4452//3862 4453//3862 4459//3862 4458//3862
f 4453//3863 4454//3863 4460//3863 4459//3863
f 4454//3864 4449//3864 4455//3864 4460//3864
usemtl leaf
f 4461//3865 4462//3865 4468//3865 4467//3865
f 4462//3866 4463//3866 4469//3866 4468//3866
f 4463//3867 4464//3867 4470//3867 4469//3867
f 4464//3868 4465//3868 4471//3868 4470//3868
f 4465//3869 4466//3869 4472//3869 4471//3869
f 4466//3870 4461//3870 4467//3870 4472//3870
f 4467//3871 4468//3871 4474//3871 4473//3871
f 4468//3872 4469//3872 4475//3872 4474//3872
f 4469//3873 4470//3873 4476//3873 4475//3873
f 4470//3874 4471//3874 4477//3874 4476//3874
f 4471//3875 4472//3875 4478//3875 4477//3875
f 4472//3876 4467//3876 4473//3876 4478//3876
f 4473//3877 4474//3877 4480//3877 4479//3877
f 4474//3878 4475//3878 4481//3878 4480//3878
f 4475//3879 4476//3879 4482//3879 4481//3879
f 4476//3880 4477//3880 4483//3880 4482//3880
f 4477//3881 4478//3881 4484//3881 4483//3881
f 4478//3882 4473//3882 4479//3882 4484//3882
f 4479//3883 4480//3883 4486//3883 4485//3883
f 4480//3884 4481//3884 4487//3884 4486//3884
f 4481//3885 4482//3885 4488//3885 4487//3885
f 4482//3886 4483//3886 4489//3886 4488//3886
f 4483//3887 4484//3887 4490//3887 4489//3887
f 4484//3888 4479//3888 4485//3888 4490//3888
usemtl leaf_dark
f 4491//3889 4492//3889 4498//3889 4497//3889
f 4492//3890 4493//3890 4499//3890 4498//3890
f 4493//3891 4494//3891 4500//3891 4499//3891
f 4494//3892 4495//3892 4501//3892 4500//3892
f 4495//3893 4496//3893 4502//3893 4501//3893
f 4496//3894 4491//3894 4497//3894 4502//3894
f 4497//3895 4498//3895 4504//3895 4503//3895
f 4498//3896 4499//3896 4505//3896 4504//3896
f 4499//3897 4500//3897 4506//3897 4505//3897
f 4500//3898 4501//3898 4507//3898 4506//3898
f 4501//3899 4502//3899 4508//3899 4507//3899
f 4502//3900 4497//3900 4503//3900 4508//3900
f 4503//3901 4504//3901 4510//3901 4509//3901
f 4504//3902 4505//3902 4511//3902 4510//3902
f 4505//3903 4506//3903 4512//3903 4511//3903
f 4506//3904 4507//3904 4513//3904 4512//3904
f 4507//3905 4508//3905 4514//3905 4513//3905
f 4508//3906 4503//3906 4509//3906 4514//3906
f 4509//3907 4510//3907 4516//3907 4515//3907
f 4510//3908 4511//3908 4517//3908 4516//3908
f 4511//3909 4512//3909 4518//3909 4517//3909
f 4512//3910 4513//3910 4519//3910 4518//3910
f 4513//3911 4514//3911 4520//3911 4519//3911
f 4514//3912 4509//3912 4515//3912 4520//3912
usemtl leaf
f 4521//3913 4522//3913 4528//3913 4527//3913
f 4522//3914 4523//3914 4529//3914 4528//3914
f 4523//3915 4524//3915 4530//3915 4529//3915
f 4524//3916 4525//3916 4531//3916 4530//3916
f 4525//3917 4526//3917 4532//3917 4531//3917
f 4526//3918 4521//3918 4527//3918 4532//3918
f 4527//3919 4528//3919 4534//3919 4533//3919
f 4528//3920 4529//3920 4535//3920 4534//3920
f 4529//3921 4530//3921 4536//3921 4535//3921
f 4530//3922 4531//3922 4537//3922 4536//3922
f 4531//3923 4532//3923 4538//3923 4537//3923
f 4532//3924 4527//3924 4533//3924 4538//3924
f 4533//3925 4534//3925 4540//3925 4539//3925
f 4534//3926 4535//3926 4541//3926 4540//3926
f 4535//3927 4536//3927 4542//3927 4541//3927
f 4536//3928 4537//3928 4543//3928 4542//3928
f 4537//3929 4538//3929 4544//3929 4543//3929
f 4538//3930 4533//3930 4539//3930 4544//3930
f 4539//3931 4540//3931 4546//3931 4545//3931
f 4540//3932 4541//3932 4547//3932 4546//3932
f 4541//3933 4542//3933 4548//3933 4547//3933
f 4542//3934 4543//3934 4549//3934 4548//3934
f 4543//3935 4544//3935 4550//3935 4549//3935
f 4544//3936 4539//3936 4545//3936 4550//3936
