# home_03_post_install.obj  Y-up, meters
mtllib home_03_post_install.mtl
o house
v -7.1000 0.0000 -5.1000
v 7.1000 0.0000 -5.1000
v 7.1000 0.1600 -5.1000
v -7.1000 0.1600 -5.1000
v -7.1000 0.0000 5.1000
v 7.1000 0.0000 5.1000
v 7.1000 0.1600 5.1000
v -7.1000 0.1600 5.1000
v -7.0000 0.1600 -5.0000
v 7.0000 0.1600 -5.0000
v 7.0000 3.0600 -5.0000
v -7.0000 3.0600 -5.0000
v -7.0000 0.1600 5.0000
v 7.0000 0.1600 5.0000
v 7.0000 3.0600 5.0000
v -7.0000 3.0600 5.0000
v -7.4500 2.8530 5.4500
v 7.4500 2.8530 5.4500
v 7.4500 5.3600 0.0000
v -7.4500 5.3600 0.0000
v -7.4500 2.8530 -5.4500
v -7.4500 5.3600 0.0000
v 7.4500 5.3600 0.0000
v 7.4500 2.8530 -5.4500
v -7.0000 3.0600 5.0000
v -7.0000 3.0600 -5.0000
v -7.0000 5.3400 0.0000
v 7.0000 3.0600 5.0000
v 7.0000 3.0600 -5.0000
v 7.0000 5.3400 0.0000
v -7.4500 2.7330 5.3900
v 7.4500 2.7330 5.3900
v 7.4500 2.8530 5.3900
v -7.4500 2.8530 5.3900
v -7.4500 2.7330 5.5100
v 7.4500 2.7330 5.5100
v 7.4500 2.8530 5.5100
v -7.4500 2.8530 5.5100
v -7.4500 2.7330 -5.5100
v 7.4500 2.7330 -5.5100
v 7.4500 2.8530 -5.5100
v -7.4500 2.8530 -5.5100
v -7.4500 2.7330 -5.3900
v 7.4500 2.7330 -5.3900
v 7.4500 2.8530 -5.3900
v -7.4500 2.8530 -5.3900
v 7.0200 0.0000 4.8600
v 7.1000 0.0000 4.8600
v 7.1000 2.8530 4.8600
v 7.0200 2.8530 4.8600
v 7.0200 0.0000 4.9400
v 7.1000 0.0000 4.9400
v 7.1000 2.8530 4.9400
v 7.0200 2.8530 4.9400
v -1.5250 0.1350 4.9900
v -0.4750 0.1350 4.9900
v -0.4750 2.2850 4.9900
v -1.5250 2.2850 4.9900
v -1.5250 0.1350 5.0700
v -0.4750 0.1350 5.0700
v -0.4750 2.2850 5.0700
v -1.5250 2.2850 5.0700
v -1.4500 0.1550 5.0500
v -0.5500 0.1550 5.0500
v -0.5500 2.2050 5.0500
v -1.4500 2.2050 5.0500
v -1.4500 0.1550 5.0900
v -0.5500 0.1550 5.0900
v -0.5500 2.2050 5.0900
v -1.4500 2.2050 5.0900
v -4.7000 1.0600 4.9950
v -2.9000 1.0600 4.9950
v -2.9000 2.4600 4.9950
v -4.7000 2.4600 4.9950
v -4.7000 1.0600 5.0650
v -2.9000 1.0600 5.0650
v -2.9000 2.4600 5.0650
v -4.7000 2.4600 5.0650
v -4.6000 1.1600 5.0550
v -3.0000 1.1600 5.0550
v -3.0000 2.3600 5.0550
v -4.6000 2.3600 5.0550
v -4.6000 1.1600 5.0850
v -3.0000 1.1600 5.0850
v -3.0000 2.3600 5.0850
v -4.6000 2.3600 5.0850
v 0.9500 0.1350 4.9950
v 6.2500 0.1350 4.9950
v 6.2500 2.4850 4.9950
v 0.9500 2.4850 4.9950
v 0.9500 0.1350 5.0650
v 6.2500 0.1350 5.0650
v 6.2500 2.4850 5.0650
v 0.9500 2.4850 5.0650
v 1.1000 0.1600 5.0450
v 6.1000 0.1600 5.0450
v 6.1000 2.3600 5.0450
v 1.1000 2.3600 5.0450
v 1.1000 0.1600 5.0950
v 6.1000 0.1600 5.0950
v 6.1000 2.3600 5.0950
v 1.1000 2.3600 5.0950
v 1.1000 0.4450 5.0900
v 6.1000 0.4450 5.0900
v 6.1000 0.4750 5.0900
v 1.1000 0.4750 5.0900
v 1.1000 0.4450 5.1100
v 6.1000 0.4450 5.1100
v 6.1000 0.4750 5.1100
v 1.1000 0.4750 5.1100
v 1.1000 0.9950 5.0900
v 6.1000 0.9950 5.0900
v 6.1000 1.0250 5.0900
v 1.1000 1.0250 5.0900
v 1.1000 0.9950 5.1100
v 6.1000 0.9950 5.1100
v 6.1000 1.0250 5.1100
v 1.1000 1.0250 5.1100
v 1.1000 1.5450 5.0900
v 6.1000 1.5450 5.0900
v 6.1000 1.5750 5.0900
v 1.1000 1.5750 5.0900
v 1.1000 1.5450 5.1100
v 6.1000 1.5450 5.1100
v 6.1000 1.5750 5.1100
v 1.1000 1.5750 5.1100
v 1.1000 2.0950 5.0900
v 6.1000 2.0950 5.0900
v 6.1000 2.1250 5.0900
v 1.1000 2.1250 5.0900
v 1.1000 2.0950 5.1100
v 6.1000 2.0950 5.1100
v 6.1000 2.1250 5.1100
v 1.1000 2.1250 5.1100
v -5.3000 1.1100 -5.0650
v -3.7000 1.1100 -5.0650
v -3.7000 2.4100 -5.0650
v -5.3000 2.4100 -5.0650
v -5.3000 1.1100 -4.9950
v -3.7000 1.1100 -4.9950
v -3.7000 2.4100 -4.9950
v -5.3000 2.4100 -4.9950
v -5.2000 1.2100 -5.0850
v -3.8000 1.2100 -5.0850
v -3.8000 2.3100 -5.0850
v -5.2000 2.3100 -5.0850
v -5.2000 1.2100 -5.0550
v -3.8000 1.2100 -5.0550
v -3.8000 2.3100 -5.0550
v -5.2000 2.3100 -5.0550
v -0.8000 1.1100 -5.0650
v 0.8000 1.1100 -5.0650
v 0.8000 2.4100 -5.0650
v -0.8000 2.4100 -5.0650
v -0.8000 1.1100 -4.9950
v 0.8000 1.1100 -4.9950
v 0.8000 2.4100 -4.9950
v -0.8000 2.4100 -4.9950
v -0.7000 1.2100 -5.0850
v 0.7000 1.2100 -5.0850
v 0.7000 2.3100 -5.0850
v -0.7000 2.3100 -5.0850
v -0.7000 1.2100 -5.0550
v 0.7000 1.2100 -5.0550
v 0.7000 2.3100 -5.0550
v -0.7000 2.3100 -5.0550
v 3.7000 1.1100 -5.0650
v 5.3000 1.1100 -5.0650
v 5.3000 2.4100 -5.0650
v 3.7000 2.4100 -5.0650
v 3.7000 1.1100 -4.9950
v 5.3000 1.1100 -4.9950
v 5.3000 2.4100 -4.9950
v 3.7000 2.4100 -4.9950
v 3.8000 1.2100 -5.0850
v 5.2000 1.2100 -5.0850
v 5.2000 2.3100 -5.0850
v 3.8000 2.3100 -5.0850
v 3.8000 1.2100 -5.0550
v 5.2000 1.2100 -5.0550
v 5.2000 2.3100 -5.0550
v 3.8000 2.3100 -5.0550
v -7.0650 1.1100 0.7000
v -6.9950 1.1100 0.7000
v -6.9950 2.4100 0.7000
v -7.0650 2.4100 0.7000
v -7.0650 1.1100 2.3000
v -6.9950 1.1100 2.3000
v -6.9950 2.4100 2.3000
v -7.0650 2.4100 2.3000
v -7.0850 1.2100 0.8000
v -7.0550 1.2100 0.8000
v -7.0550 2.3100 0.8000
v -7.0850 2.3100 0.8000
v -7.0850 1.2100 2.2000
v -7.0550 1.2100 2.2000
v -7.0550 2.3100 2.2000
v -7.0850 2.3100 2.2000
vn 0.0000 0.0000 -1.0000
usemtl slab
f 1//1 4//1 3//1 2//1
vn 0.0000 0.0000 1.0000
f 5//2 6//2 7//2 8//2
vn -1.0000 0.0000 0.0000
f 1//3 5//3 8//3 4//3
vn 1.0000 0.0000 0.0000
f 2//4 3//4 7//4 6//4
vn 0.0000 1.0000 0.0000
f 4//5 8//5 7//5 3//5
vn 0.0000 -1.0000 0.0000
f 1//6 2//6 6//6 5//6
vn 0.0000 0.0000 -1.0000
usemtl brick
f 9//7 12//7 11//7 10//7
vn 0.0000 0.0000 1.0000
f 13//8 14//8 15//8 16//8
vn -1.0000 0.0000 0.0000
f 9//9 13//9 16//9 12//9
vn 1.0000 0.0000 0.0000
f 10//10 11//10 15//10 14//10
vn 0.0000 1.0000 0.0000
f 12//11 16//11 15//11 11//11
vn 0.0000 -1.0000 0.0000
f 9//12 10//12 14//12 13//12
vn 0.0000 0.9085 0.4179
usemtl roof_shingle
f 17//13 18//13 19//13 20//13
vn 0.0000 -0.9085 -0.4179
f 20//14 19//14 18//14 17//14
vn 0.0000 0.9085 -0.4179
f 21//15 22//15 23//15 24//15
vn 0.0000 -0.9085 0.4179
f 24//16 23//16 22//16 21//16
vn 1.0000 0.0000 0.0000
usemtl brick
f 25//17 26//17 27//17
vn -1.0000 0.0000 0.0000
f 27//18 26//18 25//18
vn 1.0000 0.0000 0.0000
f 28//19 29//19 30//19
vn -1.0000 0.0000 0.0000
f 30//20 29//20 28//20
vn 0.0000 0.0000 -1.0000
usemtl gutter
f 31//21 34//21 33//21 32//21
vn 0.0000 0.0000 1.0000
f 35//22 36//22 37//22 38//22
vn -1.0000 0.0000 0.0000
f 31//23 35//23 38//23 34//23
vn 1.0000 0.0000 0.0000
f 32//24 33//24 37//24 36//24
vn 0.0000 1.0000 0.0000
f 34//25 38//25 37//25 33//25
vn 0.0000 -1.0000 0.0000
f 31//26 32//26 36//26 35//26
vn 0.0000 0.0000 -1.0000
f 39//27 42//27 41//27 40//27
vn 0.0000 0.0000 1.0000
f 43//28 44//28 45//28 46//28
vn -1.0000 0.0000 0.0000
f 39//29 43//29 46//29 42//29
vn 1.0000 0.0000 0.0000
f 40//30 41//30 45//30 44//30
vn 0.0000 1.0000 0.0000
f 42//31 46//31 45//31 41//31
vn 0.0000 -1.0000 0.0000
f 39//32 40//32 44//32 43//32
vn 0.0000 0.0000 -1.0000
f 47//33 50//33 49//33 48//33
vn 0.0000 0.0000 1.0000
f 51//34 52//34 53//34 54//34
vn -1.0000 0.0000 0.0000
f 47//35 51//35 54//35 50//35
vn 1.0000 0.0000 0.0000
f 48//36 49//36 53//36 52//36
vn 0.0000 1.0000 0.0000
f 50//37 54//37 53//37 49//37
vn 0.0000 -1.0000 0.0000
f 47//38 48//38 52//38 51//38
vn 0.0000 0.0000 -1.0000
usemtl trim_white
f 55//39 58//39 57//39 56//39
vn 0.0000 0.0000 1.0000
f 59//40 60//40 61//40 62//40
vn -1.0000 0.0000 0.0000
f 55//41 59//41 62//41 58//41
vn 1.0000 0.0000 0.0000
f 56//42 57//42 61//42 60//42
vn 0.0000 1.0000 0.0000
f 58//43 62//43 61//43 57//43
vn 0.0000 -1.0000 0.0000
f 55//44 56//44 60//44 59//44
vn 0.0000 0.0000 -1.0000
usemtl door_red
f 63//45 66//45 65//45 64//45
vn 0.0000 0.0000 1.0000
f 67//46 68//46 69//46 70//46
vn -1.0000 0.0000 0.0000
f 63//47 67//47 70//47 66//47
vn 1.0000 0.0000 0.0000
f 64//48 65//48 69//48 68//48
vn 0.0000 1.0000 0.0000
f 66//49 70//49 69//49 65//49
vn 0.0000 -1.0000 0.0000
f 63//50 64//50 68//50 67//50
vn 0.0000 0.0000 -1.0000
usemtl trim_white
f 71//51 74//51 73//51 72//51
vn 0.0000 0.0000 1.0000
f 75//52 76//52 77//52 78//52
vn -1.0000 0.0000 0.0000
f 71//53 75//53 78//53 74//53
vn 1.0000 0.0000 0.0000
f 72//54 73//54 77//54 76//54
vn 0.0000 1.0000 0.0000
f 74//55 78//55 77//55 73//55
vn 0.0000 -1.0000 0.0000
f 71//56 72//56 76//56 75//56
vn 0.0000 0.0000 -1.0000
usemtl window_glass
f 79//57 82//57 81//57 80//57
vn 0.0000 0.0000 1.0000
f 83//58 84//58 85//58 86//58
vn -1.0000 0.0000 0.0000
f 79//59 83//59 86//59 82//59
vn 1.0000 0.0000 0.0000
f 80//60 81//60 85//60 84//60
vn 0.0000 1.0000 0.0000
f 82//61 86//61 85//61 81//61
vn 0.0000 -1.0000 0.0000
f 79//62 80//62 84//62 83//62
vn 0.0000 0.0000 -1.0000
usemtl trim_white
f 87//63 90//63 89//63 88//63
vn 0.0000 0.0000 1.0000
f 91//64 92//64 93//64 94//64
vn -1.0000 0.0000 0.0000
f 87//65 91//65 94//65 90//65
vn 1.0000 0.0000 0.0000
f 88//66 89//66 93//66 92//66
vn 0.0000 1.0000 0.0000
f 90//67 94//67 93//67 89//67
vn 0.0000 -1.0000 0.0000
f 87//68 88//68 92//68 91//68
vn 0.0000 0.0000 -1.0000
usemtl garage_door
f 95//69 98//69 97//69 96//69
vn 0.0000 0.0000 1.0000
f 99//70 100//70 101//70 102//70
vn -1.0000 0.0000 0.0000
f 95//71 99//71 102//71 98//71
vn 1.0000 0.0000 0.0000
f 96//72 97//72 101//72 100//72
vn 0.0000 1.0000 0.0000
f 98//73 102//73 101//73 97//73
vn 0.0000 -1.0000 0.0000
f 95//74 96//74 100//74 99//74
vn 0.0000 0.0000 -1.0000
usemtl trim_white
f 103//75 106//75 105//75 104//75
vn 0.0000 0.0000 1.0000
f 107//76 108//76 109//76 110//76
vn -1.0000 0.0000 0.0000
f 103//77 107//77 110//77 106//77
vn 1.0000 0.0000 0.0000
f 104//78 105//78 109//78 108//78
vn 0.0000 1.0000 0.0000
f 106//79 110//79 109//79 105//79
vn 0.0000 -1.0000 0.0000
f 103//80 104//80 108//80 107//80
vn 0.0000 0.0000 -1.0000
f 111//81 114//81 113//81 112//81
vn 0.0000 0.0000 1.0000
f 115//82 116//82 117//82 118//82
vn -1.0000 0.0000 0.0000
f 111//83 115//83 118//83 114//83
vn 1.0000 0.0000 0.0000
f 112//84 113//84 117//84 116//84
vn 0.0000 1.0000 0.0000
f 114//85 118//85 117//85 113//85
vn 0.0000 -1.0000 0.0000
f 111//86 112//86 116//86 115//86
vn 0.0000 0.0000 -1.0000
f 119//87 122//87 121//87 120//87
vn 0.0000 0.0000 1.0000
f 123//88 124//88 125//88 126//88
vn -1.0000 0.0000 0.0000
f 119//89 123//89 126//89 122//89
vn 1.0000 0.0000 0.0000
f 120//90 121//90 125//90 124//90
vn 0.0000 1.0000 0.0000
f 122//91 126//91 125//91 121//91
vn 0.0000 -1.0000 0.0000
f 119//92 120//92 124//92 123//92
vn 0.0000 0.0000 -1.0000
f 127//93 130//93 129//93 128//93
vn 0.0000 0.0000 1.0000
f 131//94 132//94 133//94 134//94
vn -1.0000 0.0000 0.0000
f 127//95 131//95 134//95 130//95
vn 1.0000 0.0000 0.0000
f 128//96 129//96 133//96 132//96
vn 0.0000 1.0000 0.0000
f 130//97 134//97 133//97 129//97
vn 0.0000 -1.0000 0.0000
f 127//98 128//98 132//98 131//98
vn 0.0000 0.0000 -1.0000
f 135//99 138//99 137//99 136//99
vn 0.0000 0.0000 1.0000
f 139//100 140//100 141//100 142//100
vn -1.0000 0.0000 0.0000
f 135//101 139//101 142//101 138//101
vn 1.0000 0.0000 0.0000
f 136//102 137//102 141//102 140//102
vn 0.0000 1.0000 0.0000
f 138//103 142//103 141//103 137//103
vn 0.0000 -1.0000 0.0000
f 135//104 136//104 140//104 139//104
vn 0.0000 0.0000 -1.0000
usemtl window_glass
f 143//105 146//105 145//105 144//105
vn 0.0000 0.0000 1.0000
f 147//106 148//106 149//106 150//106
vn -1.0000 0.0000 0.0000
f 143//107 147//107 150//107 146//107
vn 1.0000 0.0000 0.0000
f 144//108 145//108 149//108 148//108
vn 0.0000 1.0000 0.0000
f 146//109 150//109 149//109 145//109
vn 0.0000 -1.0000 0.0000
f 143//110 144//110 148//110 147//110
vn 0.0000 0.0000 -1.0000
usemtl trim_white
f 151//111 154//111 153//111 152//111
vn 0.0000 0.0000 1.0000
f 155//112 156//112 157//112 158//112
vn -1.0000 0.0000 0.0000
f 151//113 155//113 158//113 154//113
vn 1.0000 0.0000 0.0000
f 152//114 153//114 157//114 156//114
vn 0.0000 1.0000 0.0000
f 154//115 158//115 157//115 153//115
vn 0.0000 -1.0000 0.0000
f 151//116 152//116 156//116 155//116
vn 0.0000 0.0000 -1.0000
usemtl window_glass
f 159//117 162//117 161//117 160//117
vn 0.0000 0.0000 1.0000
f 163//118 164//118 165//118 166//118
vn -1.0000 0.0000 0.0000
f 159//119 163//119 166//119 162//119
vn 1.0000 0.0000 0.0000
f 160//120 161//120 165//120 164//120
vn 0.0000 1.0000 0.0000
f 162//121 166//121 165//121 161//121
vn 0.0000 -1.0000 0.0000
f 159//122 160//122 164//122 163//122
vn 0.0000 0.0000 -1.0000
usemtl trim_white
f 167//123 170//123 169//123 168//123
vn 0.0000 0.0000 1.0000
f 171//124 172//124 173//124 174//124
vn -1.0000 0.0000 0.0000
f 167//125 171//125 174//125 170//125
vn 1.0000 0.0000 0.0000
f 168//126 169//126 173//126 172//126
vn 0.0000 1.0000 0.0000
f 170//127 174//127 173//127 169//127
vn 0.0000 -1.0000 0.0000
f 167//128 168//128 172//128 171//128
vn 0.0000 0.0000 -1.0000
usemtl window_glass
f 175//129 178//129 177//129 176//129
vn 0.0000 0.0000 1.0000
f 179//130 180//130 181//130 182//130
vn -1.0000 0.0000 0.0000
f 175//131 179//131 182//131 178//131
vn 1.0000 0.0000 0.0000
f 176//132 177//132 181//132 180//132
vn 0.0000 1.0000 0.0000
f 178//133 182//133 181//133 177//133
vn 0.0000 -1.0000 0.0000
f 175//134 176//134 180//134 179//134
vn 0.0000 0.0000 -1.0000
usemtl trim_white
f 183//135 186//135 185//135 184//135
vn 0.0000 0.0000 1.0000
f 187//136 188//136 189//136 190//136
vn -1.0000 0.0000 0.0000
f 183//137 187//137 190//137 186//137
vn 1.0000 0.0000 0.0000
f 184//138 185//138 189//138 188//138
vn 0.0000 1.0000 0.0000
f 186//139 190//139 189//139 185//139
vn 0.0000 -1.0000 0.0000
f 183//140 184//140 188//140 187//140
vn 0.0000 0.0000 -1.0000
usemtl window_glass
f 191//141 194//141 193//141 192//141
vn 0.0000 0.0000 1.0000
f 195//142 196//142 197//142 198//142
vn -1.0000 0.0000 0.0000
f 191//143 195//143 198//143 194//143
vn 1.0000 0.0000 0.0000
f 192//144 193//144 197//144 196//144
vn 0.0000 1.0000 0.0000
f 194//145 198//145 197//145 193//145
vn 0.0000 -1.0000 0.0000
f 191//146 192//146 196//146 195//146
o yard
v -20.0000 -0.0200 -20.0000
v 20.0000 -0.0200 -20.0000
v 20.0000 0.0000 -20.0000
v -20.0000 0.0000 -20.0000
v -20.0000 -0.0200 20.0000
v 20.0000 -0.0200 20.0000
v 20.0000 0.0000 20.0000
v -20.0000 0.0000 20.0000
v 0.9000 -0.0100 5.0000
v 6.3000 -0.0100 5.0000
v 6.3000 0.0200 5.0000
v 0.9000 0.0200 5.0000
v 0.9000 -0.0100 15.0000
v 6.3000 -0.0100 15.0000
v 6.3000 0.0200 15.0000
v 0.9000 0.0200 15.0000
v -20.0000 -0.0100 13.2500
v 20.0000 -0.0100 13.2500
v 20.0000 0.0200 13.2500
v -20.0000 0.0200 13.2500
v -20.0000 -0.0100 14.7500
v 20.0000 -0.0100 14.7500
v 20.0000 0.0200 14.7500
v -20.0000 0.0200 14.7500
v -1.6000 -0.0100 5.7500
v -0.4000 -0.0100 5.7500
v -0.4000 0.0200 5.7500
v -1.6000 0.0200 5.7500
v -1.6000 -0.0100 12.7500
v -0.4000 -0.0100 12.7500
v -0.4000 0.0200 12.7500
v -1.6000 0.0200 12.7500
v -16.0500 0.0000 -11.0500
v -15.9500 0.0000 -11.0500
v -15.9500 1.8000 -11.0500
v -16.0500 1.8000 -11.0500
v -16.0500 0.0000 -10.9500
v -15.9500 0.0000 -10.9500
v -15.9500 1.8000 -10.9500
v -16.0500 1.8000 -10.9500
v -15.0500 0.0000 -11.0500
v -14.9500 0.0000 -11.0500
v -14.9500 1.8000 -11.0500
v -15.0500 1.8000 -11.0500
v -15.0500 0.0000 -10.9500
v -14.9500 0.0000 -10.9500
v -14.9500 1.8000 -10.9500
v -15.0500 1.8000 -10.9500
v -14.0500 0.0000 -11.0500
v -13.9500 0.0000 -11.0500
v -13.9500 1.8000 -11.0500
v -14.0500 1.8000 -11.0500
v -14.0500 0.0000 -10.9500
v -13.9500 0.0000 -10.9500
v -13.9500 1.8000 -10.9500
v -14.0500 1.8000 -10.9500
v -13.0500 0.0000 -11.0500
v -12.9500 0.0000 -11.0500
v -12.9500 1.8000 -11.0500
v -13.0500 1.8000 -11.0500
v -13.0500 0.0000 -10.9500
v -12.9500 0.0000 -10.9500
v -12.9500 1.8000 -10.9500
v -13.0500 1.8000 -10.9500
v -12.0500 0.0000 -11.0500
v -11.9500 0.0000 -11.0500
v -11.9500 1.8000 -11.0500
v -12.0500 1.8000 -11.0500
v -12.0500 0.0000 -10.9500
v -11.9500 0.0000 -10.9500
v -11.9500 1.8000 -10.9500
v -12.0500 1.8000 -10.9500
v -11.0500 0.0000 -11.0500
v -10.9500 0.0000 -11.0500
v -10.9500 1.8000 -11.0500
v -11.0500 1.8000 -11.0500
v -11.0500 0.0000 -10.9500
v -10.9500 0.0000 -10.9500
v -10.9500 1.8000 -10.9500
v -11.0500 1.8000 -10.9500
v -10.0500 0.0000 -11.0500
v -9.9500 0.0000 -11.0500
v -9.9500 1.8000 -11.0500
v -10.0500 1.8000 -11.0500
v -10.0500 0.0000 -10.9500
v -9.9500 0.0000 -10.9500
v -9.9500 1.8000 -10.9500
v -10.0500 1.8000 -10.9500
v -9.0500 0.0000 -11.0500
v -8.9500 0.0000 -11.0500
v -8.9500 1.8000 -11.0500
v -9.0500 1.8000 -11.0500
v -9.0500 0.0000 -10.9500
v -8.9500 0.0000 -10.9500
v -8.9500 1.8000 -10.9500
v -9.0500 1.8000 -10.9500
v -8.0500 0.0000 -11.0500
v -7.9500 0.0000 -11.0500
v -7.9500 1.8000 -11.0500
v -8.0500 1.8000 -11.0500
v -8.0500 0.0000 -10.9500
v -7.9500 0.0000 -10.9500
v -7.9500 1.8000 -10.9500
v -8.0500 1.8000 -10.9500
v -7.0500 0.0000 -11.0500
v -6.9500 0.0000 -11.0500
v -6.9500 1.8000 -11.0500
v -7.0500 1.8000 -11.0500
v -7.0500 0.0000 -10.9500
v -6.9500 0.0000 -10.9500
v -6.9500 1.8000 -10.9500
v -7.0500 1.8000 -10.9500
v -6.0500 0.0000 -11.0500
v -5.9500 0.0000 -11.0500
v -5.9500 1.8000 -11.0500
v -6.0500 1.8000 -11.0500
v -6.0500 0.0000 -10.9500
v -5.9500 0.0000 -10.9500
v -5.9500 1.8000 -10.9500
v -6.0500 1.8000 -10.9500
v -5.0500 0.0000 -11.0500
v -4.9500 0.0000 -11.0500
v -4.9500 1.8000 -11.0500
v -5.0500 1.8000 -11.0500
v -5.0500 0.0000 -10.9500
v -4.9500 0.0000 -10.9500
v -4.9500 1.8000 -10.9500
v -5.0500 1.8000 -10.9500
v -4.0500 0.0000 -11.0500
v -3.9500 0.0000 -11.0500
v -3.9500 1.8000 -11.0500
v -4.0500 1.8000 -11.0500
v -4.0500 0.0000 -10.9500
v -3.9500 0.0000 -10.9500
v -3.9500 1.8000 -10.9500
v -4.0500 1.8000 -10.9500
v -3.0500 0.0000 -11.0500
v -2.9500 0.0000 -11.0500
v -2.9500 1.8000 -11.0500
v -3.0500 1.8000 -11.0500
v -3.0500 0.0000 -10.9500
v -2.9500 0.0000 -10.9500
v -2.9500 1.8000 -10.9500
v -3.0500 1.8000 -10.9500
v -2.0500 0.0000 -11.0500
v -1.9500 0.0000 -11.0500
v -1.9500 1.8000 -11.0500
v -2.0500 1.8000 -11.0500
v -2.0500 0.0000 -10.9500
v -1.9500 0.0000 -10.9500
v -1.9500 1.8000 -10.9500
v -2.0500 1.8000 -10.9500
v -1.0500 0.0000 -11.0500
v -0.9500 0.0000 -11.0500
v -0.9500 1.8000 -11.0500
v -1.0500 1.8000 -11.0500
v -1.0500 0.0000 -10.9500
v -0.9500 0.0000 -10.9500
v -0.9500 1.8000 -10.9500
v -1.0500 1.8000 -10.9500
v -0.0500 0.0000 -11.0500
v 0.0500 0.0000 -11.0500
v 0.0500 1.8000 -11.0500
v -0.0500 1.8000 -11.0500
v -0.0500 0.0000 -10.9500
v 0.0500 0.0000 -10.9500
v 0.0500 1.8000 -10.9500
v -0.0500 1.8000 -10.9500
v 0.9500 0.0000 -11.0500
v 1.0500 0.0000 -11.0500
v 1.0500 1.8000 -11.0500
v 0.9500 1.8000 -11.0500
v 0.9500 0.0000 -10.9500
v 1.0500 0.0000 -10.9500
v 1.0500 1.8000 -10.9500
v 0.9500 1.8000 -10.9500
v 1.9500 0.0000 -11.0500
v 2.0500 0.0000 -11.0500
v 2.0500 1.8000 -11.0500
v 1.9500 1.8000 -11.0500
v 1.9500 0.0000 -10.9500
v 2.0500 0.0000 -10.9500
v 2.0500 1.8000 -10.9500
v 1.9500 1.8000 -10.9500
v 2.9500 0.0000 -11.0500
v 3.0500 0.0000 -11.0500
v 3.0500 1.8000 -11.0500
v 2.9500 1.8000 -11.0500
v 2.9500 0.0000 -10.9500
v 3.0500 0.0000 -10.9500
v 3.0500 1.8000 -10.9500
v 2.9500 1.8000 -10.9500
v 3.9500 0.0000 -11.0500
v 4.0500 0.0000 -11.0500
v 4.0500 1.8000 -11.0500
v 3.9500 1.8000 -11.0500
v 3.9500 0.0000 -10.9500
v 4.0500 0.0000 -10.9500
v 4.0500 1.8000 -10.9500
v 3.9500 1.8000 -10.9500
v 4.9500 0.0000 -11.0500
v 5.0500 0.0000 -11.0500
v 5.0500 1.8000 -11.0500
v 4.9500 1.8000 -11.0500
v 4.9500 0.0000 -10.9500
v 5.0500 0.0000 -10.9500
v 5.0500 1.8000 -10.9500
v 4.9500 1.8000 -10.9500
v 5.9500 0.0000 -11.0500
v 6.0500 0.0000 -11.0500
v 6.0500 1.8000 -11.0500
v 5.9500 1.8000 -11.0500
v 5.9500 0.0000 -10.9500
v 6.0500 0.0000 -10.9500
v 6.0500 1.8000 -10.9500
v 5.9500 1.8000 -10.9500
v 6.9500 0.0000 -11.0500
v 7.0500 0.0000 -11.0500
v 7.0500 1.8000 -11.0500
v 6.9500 1.8000 -11.0500
v 6.9500 0.0000 -10.9500
v 7.0500 0.0000 -10.9500
v 7.0500 1.8000 -10.9500
v 6.9500 1.8000 -10.9500
v 7.9500 0.0000 -11.0500
v 8.0500 0.0000 -11.0500
v 8.0500 1.8000 -11.0500
v 7.9500 1.8000 -11.0500
v 7.9500 0.0000 -10.9500
v 8.0500 0.0000 -10.9500
v 8.0500 1.8000 -10.9500
v 7.9500 1.8000 -10.9500
v 8.9500 0.0000 -11.0500
v 9.0500 0.0000 -11.0500
v 9.0500 1.8000 -11.0500
v 8.9500 1.8000 -11.0500
v 8.9500 0.0000 -10.9500
v 9.0500 0.0000 -10.9500
v 9.0500 1.8000 -10.9500
v 8.9500 1.8000 -10.9500
v 9.9500 0.0000 -11.0500
v 10.0500 0.0000 -11.0500
v 10.0500 1.8000 -11.0500
v 9.9500 1.8000 -11.0500
v 9.9500 0.0000 -10.9500
v 10.0500 0.0000 -10.9500
v 10.0500 1.8000 -10.9500
v 9.9500 1.8000 -10.9500
v 10.9500 0.0000 -11.0500
v 11.0500 0.0000 -11.0500
v 11.0500 1.8000 -11.0500
v 10.9500 1.8000 -11.0500
v 10.9500 0.0000 -10.9500
v 11.0500 0.0000 -10.9500
v 11.0500 1.8000 -10.9500
v 10.9500 1.8000 -10.9500
v 11.9500 0.0000 -11.0500
v 12.0500 0.0000 -11.0500
v 12.0500 1.8000 -11.0500
v 11.9500 1.8000 -11.0500
v 11.9500 0.0000 -10.9500
v 12.0500 0.0000 -10.9500
v 12.0500 1.8000 -10.9500
v 11.9500 1.8000 -10.9500
v 12.9500 0.0000 -11.0500
v 13.0500 0.0000 -11.0500
v 13.0500 1.8000 -11.0500
v 12.9500 1.8000 -11.0500
v 12.9500 0.0000 -10.9500
v 13.0500 0.0000 -10.9500
v 13.0500 1.8000 -10.9500
v 12.9500 1.8000 -10.9500
v 13.9500 0.0000 -11.0500
v 14.0500 0.0000 -11.0500
v 14.0500 1.8000 -11.0500
v 13.9500 1.8000 -11.0500
v 13.9500 0.0000 -10.9500
v 14.0500 0.0000 -10.9500
v 14.0500 1.8000 -10.9500
v 13.9500 1.8000 -10.9500
v 14.9500 0.0000 -11.0500
v 15.0500 0.0000 -11.0500
v 15.0500 1.8000 -11.0500
v 14.9500 1.8000 -11.0500
v 14.9500 0.0000 -10.9500
v 15.0500 0.0000 -10.9500
v 15.0500 1.8000 -10.9500
v 14.9500 1.8000 -10.9500
v 15.9500 0.0000 -11.0500
v 16.0500 0.0000 -11.0500
v 16.0500 1.8000 -11.0500
v 15.9500 1.8000 -11.0500
v 15.9500 0.0000 -10.9500
v 16.0500 0.0000 -10.9500
v 16.0500 1.8000 -10.9500
v 15.9500 1.8000 -10.9500
v -16.0000 1.4600 -11.0200
v 16.0000 1.4600 -11.0200
v 16.0000 1.5400 -11.0200
v -16.0000 1.5400 -11.0200
v -16.0000 1.4600 -10.9800
v 16.0000 1.4600 -10.9800
v 16.0000 1.5400 -10.9800
v -16.0000 1.5400 -10.9800
v -16.0000 0.3600 -11.0200
v 16.0000 0.3600 -11.0200
v 16.0000 0.4400 -11.0200
v -16.0000 0.4400 -11.0200
v -16.0000 0.3600 -10.9800
v 16.0000 0.3600 -10.9800
v 16.0000 0.4400 -10.9800
v -16.0000 0.4400 -10.9800
v -16.0000 0.1000 -10.9800
v 16.0000 0.1000 -10.9800
v 16.0000 1.8000 -10.9800
v -16.0000 1.8000 -10.9800
v -16.0000 0.1000 -10.9600
v 16.0000 0.1000 -10.9600
v 16.0000 1.8000 -10.9600
v -16.0000 1.8000 -10.9600
vn 0.0000 0.0000 -1.0000
usemtl lawn
f 199//147 202//147 201//147 200//147
vn 0.0000 0.0000 1.0000
f 203//148 204//148 205//148 206//148
vn -1.0000 0.0000 0.0000
f 199//149 203//149 206//149 202//149
vn 1.0000 0.0000 0.0000
f 200//150 201//150 205//150 204//150
vn 0.0000 1.0000 0.0000
f 202//151 206//151 205//151 201//151
vn 0.0000 -1.0000 0.0000
f 199//152 200//152 204//152 203//152
vn 0.0000 0.0000 -1.0000
usemtl concrete
f 207//153 210//153 209//153 208//153
vn 0.0000 0.0000 1.0000
f 211//154 212//154 213//154 214//154
vn -1.0000 0.0000 0.0000
f 207//155 211//155 214//155 210//155
vn 1.0000 0.0000 0.0000
f 208//156 209//156 213//156 212//156
vn 0.0000 1.0000 0.0000
f 210//157 214//157 213//157 209//157
vn 0.0000 -1.0000 0.0000
f 207//158 208//158 212//158 211//158
vn 0.0000 0.0000 -1.0000
f 215//159 218//159 217//159 216//159
vn 0.0000 0.0000 1.0000
f 219//160 220//160 221//160 222//160
vn -1.0000 0.0000 0.0000
f 215//161 219//161 222//161 218//161
vn 1.0000 0.0000 0.0000
f 216//162 217//162 221//162 220//162
vn 0.0000 1.0000 0.0000
f 218//163 222//163 221//163 217//163
vn 0.0000 -1.0000 0.0000
f 215//164 216//164 220//164 219//164
vn 0.0000 0.0000 -1.0000
f 223//165 226//165 225//165 224//165
vn 0.0000 0.0000 1.0000
f 227//166 228//166 229//166 230//166
vn -1.0000 0.0000 0.0000
f 223//167 227//167 230//167 226//167
vn 1.0000 0.0000 0.0000
f 224//168 225//168 229//168 228//168
vn 0.0000 1.0000 0.0000
f 226//169 230//169 229//169 225//169
vn 0.0000 -1.0000 0.0000
f 223//170 224//170 228//170 227//170
vn 0.0000 0.0000 -1.0000
usemtl fence_wood
f 231//171 234//171 233//171 232//171
vn 0.0000 0.0000 1.0000
f 235//172 236//172 237//172 238//172
vn -1.0000 0.0000 0.0000
f 231//173 235//173 238//173 234//173
vn 1.0000 0.0000 0.0000
f 232//174 233//174 237//174 236//174
vn 0.0000 1.0000 0.0000
f 234//175 238//175 237//175 233//175
vn 0.0000 -1.0000 0.0000
f 231//176 232//176 236//176 235//176
vn 0.0000 0.0000 -1.0000
f 239//177 242//177 241//177 240//177
vn 0.0000 0.0000 1.0000
f 243//178 244//178 245//178 246//178
vn -1.0000 0.0000 0.0000
f 239//179 243//179 246//179 242//179
vn 1.0000 0.0000 0.0000
f 240//180 241//180 245//180 244//180
vn 0.0000 1.0000 0.0000
f 242//181 246//181 245//181 241//181
vn 0.0000 -1.0000 0.0000
f 239//182 240//182 244//182 243//182
vn 0.0000 0.0000 -1.0000
f 247//183 250//183 249//183 248//183
vn 0.0000 0.0000 1.0000
f 251//184 252//184 253//184 254//184
vn -1.0000 0.0000 0.0000
f 247//185 251//185 254//185 250//185
vn 1.0000 0.0000 0.0000
f 248//186 249//186 253//186 252//186
vn 0.0000 1.0000 0.0000
f 250//187 254//187 253//187 249//187
vn 0.0000 -1.0000 0.0000
f 247//188 248//188 252//188 251//188
vn 0.0000 0.0000 -1.0000
f 255//189 258//189 257//189 256//189
vn 0.0000 0.0000 1.0000
f 259//190 260//190 261//190 262//190
vn -1.0000 0.0000 0.0000
f 255//191 259//191 262//191 258//191
vn 1.0000 0.0000 0.0000
f 256//192 257//192 261//192 260//192
vn 0.0000 1.0000 0.0000
f 258//193 262//193 261//193 257//193
vn 0.0000 -1.0000 0.0000
f 255//194 256//194 260//194 259//194
vn 0.0000 0.0000 -1.0000
f 263//195 266//195 265//195 264//195
vn 0.0000 0.0000 1.0000
f 267//196 268//196 269//196 270//196
vn -1.0000 0.0000 0.0000
f 263//197 267//197 270//197 266//197
vn 1.0000 0.0000 0.0000
f 264//198 265//198 269//198 268//198
vn 0.0000 1.0000 0.0000
f 266//199 270//199 269//199 265//199
vn 0.0000 -1.0000 0.0000
f 263//200 264//200 268//200 267//200
vn 0.0000 0.0000 -1.0000
f 271//201 274//201 273//201 272//201
vn 0.0000 0.0000 1.0000
f 275//202 276//202 277//202 278//202
vn -1.0000 0.0000 0.0000
f 271//203 275//203 278//203 274//203
vn 1.0000 0.0000 0.0000
f 272//204 273//204 277//204 276//204
vn 0.0000 1.0000 0.0000
f 274//205 278//205 277//205 273//205
vn 0.0000 -1.0000 0.0000
f 271//206 272//206 276//206 275//206
vn 0.0000 0.0000 -1.0000
f 279//207 282//207 281//207 280//207
vn 0.0000 0.0000 1.0000
f 283//208 284//208 285//208 286//208
vn -1.0000 0.0000 0.0000
f 279//209 283//209 286//209 282//209
vn 1.0000 0.0000 0.0000
f 280//210 281//210 285//210 284//210
vn 0.0000 1.0000 0.0000
f 282//211 286//211 285//211 281//211
vn 0.0000 -1.0000 0.0000
f 279//212 280//212 284//212 283//212
vn 0.0000 0.0000 -1.0000
f 287//213 290//213 289//213 288//213
vn 0.0000 0.0000 1.0000
f 291//214 292//214 293//214 294//214
vn -1.0000 0.0000 0.0000
f 287//215 291//215 294//215 290//215
vn 1.0000 0.0000 0.0000
f 288//216 289//216 293//216 292//216
vn 0.0000 1.0000 0.0000
f 290//217 294//217 293//217 289//217
vn 0.0000 -1.0000 0.0000
f 287//218 288//218 292//218 291//218
vn 0.0000 0.0000 -1.0000
f 295//219 298//219 297//219 296//219
vn 0.0000 0.0000 1.0000
f 299//220 300//220 301//220 302//220
vn -1.0000 0.0000 0.0000
f 295//221 299//221 302//221 298//221
vn 1.0000 0.0000 0.0000
f 296//222 297//222 301//222 300//222
vn 0.0000 1.0000 0.0000
f 298//223 302//223 301//223 297//223
vn 0.0000 -1.0000 0.0000
f 295//224 296//224 300//224 299//224
vn 0.0000 0.0000 -1.0000
f 303//225 306//225 305//225 304//225
vn 0.0000 0.0000 1.0000
f 307//226 308//226 309//226 310//226
vn -1.0000 0.0000 0.0000
f 303//227 307//227 310//227 306//227
vn 1.0000 0.0000 0.0000
f 304//228 305//228 309//228 308//228
vn 0.0000 1.0000 0.0000
f 306//229 310//229 309//229 305//229
vn 0.0000 -1.0000 0.0000
f 303//230 304//230 308//230 307//230
vn 0.0000 0.0000 -1.0000
f 311//231 314//231 313//231 312//231
vn 0.0000 0.0000 1.0000
f 315//232 316//232 317//232 318//232
vn -1.0000 0.0000 0.0000
f 311//233 315//233 318//233 314//233
vn 1.0000 0.0000 0.0000
f 312//234 313//234 317//234 316//234
vn 0.0000 1.0000 0.0000
f 314//235 318//235 317//235 313//235
vn 0.0000 -1.0000 0.0000
f 311//236 312//236 316//236 315//236
vn 0.0000 0.0000 -1.0000
f 319//237 322//237 321//237 320//237
vn 0.0000 0.0000 1.0000
f 323//238 324//238 325//238 326//238
vn -1.0000 0.0000 0.0000
f 319//239 323//239 326//239 322//239
vn 1.0000 0.0000 0.0000
f 320//240 321//240 325//240 324//240
vn 0.0000 1.0000 0.0000
f 322//241 326//241 325//241 321//241
vn 0.0000 -1.0000 0.0000
f 319//242 320//242 324//242 323//242
vn 0.0000 0.0000 -1.0000
f 327//243 330//243 329//243 328//243
vn 0.0000 0.0000 1.0000
f 331//244 332//244 333//244 334//244
vn -1.0000 0.0000 0.0000
f 327//245 331//245 334//245 330//245
vn 1.0000 0.0000 0.0000
f 328//246 329//246 333//246 332//246
vn 0.0000 1.0000 0.0000
f 330//247 334//247 333//247 329//247
vn 0.0000 -1.0000 0.0000
f 327//248 328//248 332//248 331//248
vn 0.0000 0.0000 -1.0000
f 335//249 338//249 337//249 336//249
vn 0.0000 0.0000 1.0000
f 339//250 340//250 341//250 342//250
vn -1.0000 0.0000 0.0000
f 335//251 339//251 342//251 338//251
vn 1.0000 0.0000 0.0000
f 336//252 337//252 341//252 340//252
vn 0.0000 1.0000 0.0000
f 338//253 342//253 341//253 337//253
vn 0.0000 -1.0000 0.0000
f 335//254 336//254 340//254 339//254
vn 0.0000 0.0000 -1.0000
f 343//255 346//255 345//255 344//255
vn 0.0000 0.0000 1.0000
f 347//256 348//256 349//256 350//256
vn -1.0000 0.0000 0.0000
f 343//257 347//257 350//257 346//257
vn 1.0000 0.0000 0.0000
f 344//258 345//258 349//258 348//258
vn 0.0000 1.0000 0.0000
f 346//259 350//259 349//259 345//259
vn 0.0000 -1.0000 0.0000
f 343//260 344//260 348//260 347//260
vn 0.0000 0.0000 -1.0000
f 351//261 354//261 353//261 352//261
vn 0.0000 0.0000 1.0000
f 355//262 356//262 357//262 358//262
vn -1.0000 0.0000 0.0000
f 351//263 355//263 358//263 354//263
vn 1.0000 0.0000 0.0000
f 352//264 353//264 357//264 356//264
vn 0.0000 1.0000 0.0000
f 354//265 358//265 357//265 353//265
vn 0.0000 -1.0000 0.0000
f 351//266 352//266 356//266 355//266
vn 0.0000 0.0000 -1.0000
f 359//267 362//267 361//267 360//267
vn 0.0000 0.0000 1.0000
f 363//268 364//268 365//268 366//268
vn -1.0000 0.0000 0.0000
f 359//269 363//269 366//269 362//269
vn 1.0000 0.0000 0.0000
f 360//270 361//270 365//270 364//270
vn 0.0000 1.0000 0.0000
f 362//271 366//271 365//271 361//271
vn 0.0000 -1.0000 0.0000
f 359//272 360//272 364//272 363//272
vn 0.0000 0.0000 -1.0000
f 367//273 370//273 369//273 368//273
vn 0.0000 0.0000 1.0000
f 371//274 372//274 373//274 374//274
vn -1.0000 0.0000 0.0000
f 367//275 371//275 374//275 370//275
vn 1.0000 0.0000 0.0000
f 368//276 369//276 373//276 372//276
vn 0.0000 1.0000 0.0000
f 370//277 374//277 373//277 369//277
vn 0.0000 -1.0000 0.0000
f 367//278 368//278 372//278 371//278
vn 0.0000 0.0000 -1.0000
f 375//279 378//279 377//279 376//279
vn 0.0000 0.0000 1.0000
f 379//280 380//280 381//280 382//280
vn -1.0000 0.0000 0.0000
f 375//281 379//281 382//281 378//281
vn 1.0000 0.0000 0.0000
f 376//282 377//282 381//282 380//282
vn 0.0000 1.0000 0.0000
f 378//283 382//283 381//283 377//283
vn 0.0000 -1.0000 0.0000
f 375//284 376//284 380//284 379//284
vn 0.0000 0.0000 -1.0000
f 383//285 386//285 385//285 384//285
vn 0.0000 0.0000 1.0000
f 387//286 388//286 389//286 390//286
vn -1.0000 0.0000 0.0000
f 383//287 387//287 390//287 386//287
vn 1.0000 0.0000 0.0000
f 384//288 385//288 389//288 388//288
vn 0.0000 1.0000 0.0000
f 386//289 390//289 389//289 385//289
vn 0.0000 -1.0000 0.0000
f 383//290 384//290 388//290 387//290
vn 0.0000 0.0000 -1.0000
f 391//291 394//291 393//291 392//291
vn 0.0000 0.0000 1.0000
f 395//292 396//292 397//292 398//292
vn -1.0000 0.0000 0.0000
f 391//293 395//293 398//293 394//293
vn 1.0000 0.0000 0.0000
f 392//294 393//294 397//294 396//294
vn 0.0000 1.0000 0.0000
f 394//295 398//295 397//295 393//295
vn 0.0000 -1.0000 0.0000
f 391//296 392//296 396//296 395//296
vn 0.0000 0.0000 -1.0000
f 399//297 402//297 401//297 400//297
vn 0.0000 0.0000 1.0000
f 403//298 404//298 405//298 406//298
vn -1.0000 0.0000 0.0000
f 399//299 403//299 406//299 402//299
vn 1.0000 0.0000 0.0000
f 400//300 401//300 405//300 404//300
vn 0.0000 1.0000 0.0000
f 402//301 406//301 405//301 401//301
vn 0.0000 -1.0000 0.0000
f 399//302 400//302 404//302 403//302
vn 0.0000 0.0000 -1.0000
f 407//303 410//303 409//303 408//303
vn 0.0000 0.0000 1.0000
f 411//304 412//304 413//304 414//304
vn -1.0000 0.0000 0.0000
f 407//305 411//305 414//305 410//305
vn 1.0000 0.0000 0.0000
f 408//306 409//306 413//306 412//306
vn 0.0000 1.0000 0.0000
f 410//307 414//307 413//307 409//307
vn 0.0000 -1.0000 0.0000
f 407//308 408//308 412//308 411//308
vn 0.0000 0.0000 -1.0000
f 415//309 418//309 417//309 416//309
vn 0.0000 0.0000 1.0000
f 419//310 420//310 421//310 422//310
vn -1.0000 0.0000 0.0000
f 415//311 419//311 422//311 418//311
vn 1.0000 0.0000 0.0000
f 416//312 417//312 421//312 420//312
vn 0.0000 1.0000 0.0000
f 418//313 422//313 421//313 417//313
vn 0.0000 -1.0000 0.0000
f 415//314 416//314 420//314 419//314
vn 0.0000 0.0000 -1.0000
f 423//315 426//315 425//315 424//315
vn 0.0000 0.0000 1.0000
f 427//316 428//316 429//316 430//316
vn -1.0000 0.0000 0.0000
f 423//317 427//317 430//317 426//317
vn 1.0000 0.0000 0.0000
f 424//318 425//318 429//318 428//318
vn 0.0000 1.0000 0.0000
f 426//319 430//319 429//319 425//319
vn 0.0000 -1.0000 0.0000
f 423//320 424//320 428//320 427//320
vn 0.0000 0.0000 -1.0000
f 431//321 434//321 433//321 432//321
vn 0.0000 0.0000 1.0000
f 435//322 436//322 437//322 438//322
vn -1.0000 0.0000 0.0000
f 431//323 435//323 438//323 434//323
vn 1.0000 0.0000 0.0000
f 432//324 433//324 437//324 436//324
vn 0.0000 1.0000 0.0000
f 434//325 438//325 437//325 433//325
vn 0.0000 -1.0000 0.0000
f 431//326 432//326 436//326 435//326
vn 0.0000 0.0000 -1.0000
f 439//327 442//327 441//327 440//327
vn 0.0000 0.0000 1.0000
f 443//328 444//328 445//328 446//328
vn -1.0000 0.0000 0.0000
f 439//329 443//329 446//329 442//329
vn 1.0000 0.0000 0.0000
f 440//330 441//330 445//330 444//330
vn 0.0000 1.0000 0.0000
f 442//331 446//331 445//331 441//331
vn 0.0000 -1.0000 0.0000
f 439//332 440//332 444//332 443//332
vn 0.0000 0.0000 -1.0000
f 447//333 450//333 449//333 448//333
vn 0.0000 0.0000 1.0000
f 451//334 452//334 453//334 454//334
vn -1.0000 0.0000 0.0000
f 447//335 451//335 454//335 450//335
vn 1.0000 0.0000 0.0000
f 448//336 449//336 453//336 452//336
vn 0.0000 1.0000 0.0000
f 450//337 454//337 453//337 449//337
vn 0.0000 -1.0000 0.0000
f 447//338 448//338 452//338 451//338
vn 0.0000 0.0000 -1.0000
f 455//339 458//339 457//339 456//339
vn 0.0000 0.0000 1.0000
f 459//340 460//340 461//340 462//340
vn -1.0000 0.0000 0.0000
f 455//341 459//341 462//341 458//341
vn 1.0000 0.0000 0.0000
f 456//342 457//342 461//342 460//342
vn 0.0000 1.0000 0.0000
f 458//343 462//343 461//343 457//343
vn 0.0000 -1.0000 0.0000
f 455//344 456//344 460//344 459//344
vn 0.0000 0.0000 -1.0000
f 463//345 466//345 465//345 464//345
vn 0.0000 0.0000 1.0000
f 467//346 468//346 469//346 470//346
vn -1.0000 0.0000 0.0000
f 463//347 467//347 470//347 466//347
vn 1.0000 0.0000 0.0000
f 464//348 465//348 469//348 468//348
vn 0.0000 1.0000 0.0000
f 466//349 470//349 469//349 465//349
vn 0.0000 -1.0000 0.0000
f 463//350 464//350 468//350 467//350
vn 0.0000 0.0000 -1.0000
f 471//351 474//351 473//351 472//351
vn 0.0000 0.0000 1.0000
f 475//352 476//352 477//352 478//352
vn -1.0000 0.0000 0.0000
f 471//353 475//353 478//353 474//353
vn 1.0000 0.0000 0.0000
f 472//354 473//354 477//354 476//354
vn 0.0000 1.0000 0.0000
f 474//355 478//355 477//355 473//355
vn 0.0000 -1.0000 0.0000
f 471//356 472//356 476//356 475//356
vn 0.0000 0.0000 -1.0000
f 479//357 482//357 481//357 480//357
vn 0.0000 0.0000 1.0000
f 483//358 484//358 485//358 486//358
vn -1.0000 0.0000 0.0000
f 479//359 483//359 486//359 482//359
vn 1.0000 0.0000 0.0000
f 480//360 481//360 485//360 484//360
vn 0.0000 1.0000 0.0000
f 482//361 486//361 485//361 481//361
vn 0.0000 -1.0000 0.0000
f 479//362 480//362 484//362 483//362
vn 0.0000 0.0000 -1.0000
f 487//363 490//363 489//363 488//363
vn 0.0000 0.0000 1.0000
f 491//364 492//364 493//364 494//364
vn -1.0000 0.0000 0.0000
f 487//365 491//365 494//365 490//365
vn 1.0000 0.0000 0.0000
f 488//366 489//366 493//366 492//366
vn 0.0000 1.0000 0.0000
f 490//367 494//367 493//367 489//367
vn 0.0000 -1.0000 0.0000
f 487//368 488//368 492//368 491//368
vn 0.0000 0.0000 -1.0000
f 495//369 498//369 497//369 496//369
vn 0.0000 0.0000 1.0000
f 499//370 500//370 501//370 502//370
vn -1.0000 0.0000 0.0000
f 495//371 499//371 502//371 498//371
vn 1.0000 0.0000 0.0000
f 496//372 497//372 501//372 500//372
vn 0.0000 1.0000 0.0000
f 498//373 502//373 501//373 497//373
vn 0.0000 -1.0000 0.0000
f 495//374 496//374 500//374 499//374
vn 0.0000 0.0000 -1.0000
f 503//375 506//375 505//375 504//375
vn 0.0000 0.0000 1.0000
f 507//376 508//376 509//376 510//376
vn -1.0000 0.0000 0.0000
f 503//377 507//377 510//377 506//377
vn 1.0000 0.0000 0.0000
f 504//378 505//378 509//378 508//378
vn 0.0000 1.0000 0.0000
f 506//379 510//379 509//379 505//379
vn 0.0000 -1.0000 0.0000
f 503//380 504//380 508//380 507//380
vn 0.0000 0.0000 -1.0000
f 511//381 514//381 513//381 512//381
vn 0.0000 0.0000 1.0000
f 515//382 516//382 517//382 518//382
vn -1.0000 0.0000 0.0000
f 511//383 515//383 518//383 514//383
vn 1.0000 0.0000 0.0000
f 512//384 513//384 517//384 516//384
vn 0.0000 1.0000 0.0000
f 514//385 518//385 517//385 513//385
vn 0.0000 -1.0000 0.0000
f 511//386 512//386 516//386 515//386
o electric_meter
v 7.0000 1.2500 1.4116
v 7.0000 1.2500 1.1116
v 7.0000 1.7700 1.1116
v 7.0000 1.7700 1.4116
v 7.1100 1.2500 1.4116
v 7.1100 1.2500 1.1116
v 7.1100 1.7700 1.1116
v 7.1100 1.7700 1.4116
v 6.9950 1.7650 1.4166
v 6.9950 1.7650 1.1066
v 6.9950 1.7850 1.1066
v 6.9950 1.7850 1.4166
v 7.1150 1.7650 1.4166
v 7.1150 1.7650 1.1066
v 7.1150 1.7850 1.1066
v 7.1150 1.7850 1.4166
v 7.0400 1.8600 1.2266
v 7.0400 1.7800 1.2266
v 7.0575 1.8600 1.2313
v 7.0575 1.7800 1.2313
v 7.0703 1.8600 1.2441
v 7.0703 1.7800 1.2441
v 7.0750 1.8600 1.2616
v 7.0750 1.7800 1.2616
v 7.0703 1.8600 1.2791
v 7.0703 1.7800 1.2791
v 7.0575 1.8600 1.2919
v 7.0575 1.7800 1.2919
v 7.0400 1.8600 1.2966
v 7.0400 1.7800 1.2966
v 7.0225 1.8600 1.2919
v 7.0225 1.7800 1.2919
v 7.0097 1.8600 1.2791
v 7.0097 1.7800 1.2791
v 7.0050 1.8600 1.2616
v 7.0050 1.7800 1.2616
v 7.0097 1.8600 1.2441
v 7.0097 1.7800 1.2441
v 7.0225 1.8600 1.2313
v 7.0225 1.7800 1.2313
v 7.0400 1.8600 1.2616
v 7.0400 1.7800 1.2616
v 7.1400 1.5800 1.1566
v 7.1100 1.5800 1.1566
v 7.1400 1.6005 1.1586
v 7.1100 1.6005 1.1586
v 7.1400 1.6202 1.1646
v 7.1100 1.6202 1.1646
v 7.1400 1.6383 1.1743
v 7.1100 1.6383 1.1743
v 7.1400 1.6542 1.1873
v 7.1100 1.6542 1.1873
v 7.1400 1.6673 1.2032
v 7.1100 1.6673 1.2032
v 7.1400 1.6770 1.2214
v 7.1100 1.6770 1.2214
v 7.1400 1.6830 1.2411
v 7.1100 1.6830 1.2411
v 7.1400 1.6850 1.2616
v 7.1100 1.6850 1.2616
v 7.1400 1.6830 1.2821
v 7.1100 1.6830 1.2821
v 7.1400 1.6770 1.3018
v 7.1100 1.6770 1.3018
v 7.1400 1.6673 1.3199
v 7.1100 1.6673 1.3199
v 7.1400 1.6542 1.3358
v 7.1100 1.6542 1.3358
v 7.1400 1.6383 1.3489
v 7.1100 1.6383 1.3489
v 7.1400 1.6202 1.3586
v 7.1100 1.6202 1.3586
v 7.1400 1.6005 1.3646
v 7.1100 1.6005 1.3646
v 7.1400 1.5800 1.3666
v 7.1100 1.5800 1.3666
v 7.1400 1.5595 1.3646
v 7.1100 1.5595 1.3646
v 7.1400 1.5398 1.3586
v 7.1100 1.5398 1.3586
v 7.1400 1.5217 1.3489
v 7.1100 1.5217 1.3489
v 7.1400 1.5058 1.3358
v 7.1100 1.5058 1.3358
v 7.1400 1.4927 1.3199
v 7.1100 1.4927 1.3199
v 7.1400 1.4830 1.3018
v 7.1100 1.4830 1.3018
v 7.1400 1.4770 1.2821
v 7.1100 1.4770 1.2821
v 7.1400 1.4750 1.2616
v 7.1100 1.4750 1.2616
v 7.1400 1.4770 1.2411
v 7.1100 1.4770 1.2411
v 7.1400 1.4830 1.2214
v 7.1100 1.4830 1.2214
v 7.1400 1.4927 1.2032
v 7.1100 1.4927 1.2032
v 7.1400 1.5058 1.1873
v 7.1100 1.5058 1.1873
v 7.1400 1.5217 1.1743
v 7.1100 1.5217 1.1743
v 7.1400 1.5398 1.1646
v 7.1100 1.5398 1.1646
v 7.1400 1.5595 1.1586
v 7.1100 1.5595 1.1586
v 7.1400 1.5800 1.2616
v 7.1100 1.5800 1.2616
v 7.2150 1.5800 1.1716
v 7.1350 1.5800 1.1716
v 7.2150 1.5976 1.1733
v 7.1350 1.5976 1.1733
v 7.2150 1.6144 1.1784
v 7.1350 1.6144 1.1784
v 7.2150 1.6300 1.1867
v 7.1350 1.6300 1.1867
v 7.2150 1.6436 1.1979
v 7.1350 1.6436 1.1979
v 7.2150 1.6548 1.2116
v 7.1350 1.6548 1.2116
v 7.2150 1.6631 1.2271
v 7.1350 1.6631 1.2271
v 7.2150 1.6683 1.2440
v 7.1350 1.6683 1.2440
v 7.2150 1.6700 1.2616
v 7.1350 1.6700 1.2616
v 7.2150 1.6683 1.2791
v 7.1350 1.6683 1.2791
v 7.2150 1.6631 1.2960
v 7.1350 1.6631 1.2960
v 7.2150 1.6548 1.3116
v 7.1350 1.6548 1.3116
v 7.2150 1.6436 1.3252
v 7.1350 1.6436 1.3252
v 7.2150 1.6300 1.3364
v 7.1350 1.6300 1.3364
v 7.2150 1.6144 1.3447
v 7.1350 1.6144 1.3447
v 7.2150 1.5976 1.3498
v 7.1350 1.5976 1.3498
v 7.2150 1.5800 1.3516
v 7.1350 1.5800 1.3516
v 7.2150 1.5624 1.3498
v 7.1350 1.5624 1.3498
v 7.2150 1.5456 1.3447
v 7.1350 1.5456 1.3447
v 7.2150 1.5300 1.3364
v 7.1350 1.5300 1.3364
v 7.2150 1.5164 1.3252
v 7.1350 1.5164 1.3252
v 7.2150 1.5052 1.3116
v 7.1350 1.5052 1.3116
v 7.2150 1.4969 1.2960
v 7.1350 1.4969 1.2960
v 7.2150 1.4917 1.2791
v 7.1350 1.4917 1.2791
v 7.2150 1.4900 1.2616
v 7.1350 1.4900 1.2616
v 7.2150 1.4917 1.2440
v 7.1350 1.4917 1.2440
v 7.2150 1.4969 1.2271
v 7.1350 1.4969 1.2271
v 7.2150 1.5052 1.2116
v 7.1350 1.5052 1.2116
v 7.2150 1.5164 1.1979
v 7.1350 1.5164 1.1979
v 7.2150 1.5300 1.1867
v 7.1350 1.5300 1.1867
v 7.2150 1.5456 1.1784
v 7.1350 1.5456 1.1784
v 7.2150 1.5624 1.1733
v 7.1350 1.5624 1.1733
v 7.2150 1.5800 1.2616
v 7.1350 1.5800 1.2616
v 7.2180 1.5800 1.1816
v 7.2140 1.5800 1.1816
v 7.2180 1.5956 1.1831
v 7.2140 1.5956 1.1831
v 7.2180 1.6106 1.1877
v 7.2140 1.6106 1.1877
v 7.2180 1.6244 1.1951
v 7.2140 1.6244 1.1951
v 7.2180 1.6366 1.2050
v 7.2140 1.6366 1.2050
v 7.2180 1.6465 1.2171
v 7.2140 1.6465 1.2171
v 7.2180 1.6539 1.2310
v 7.2140 1.6539 1.2310
v 7.2180 1.6585 1.2460
v 7.2140 1.6585 1.2460
v 7.2180 1.6600 1.2616
v 7.2140 1.6600 1.2616
v 7.2180 1.6585 1.2772
v 7.2140 1.6585 1.2772
v 7.2180 1.6539 1.2922
v 7.2140 1.6539 1.2922
v 7.2180 1.6465 1.3060
v 7.2140 1.6465 1.3060
v 7.2180 1.6366 1.3181
v 7.2140 1.6366 1.3181
v 7.2180 1.6244 1.3281
v 7.2140 1.6244 1.3281
v 7.2180 1.6106 1.3355
v 7.2140 1.6106 1.3355
v 7.2180 1.5956 1.3400
v 7.2140 1.5956 1.3400
v 7.2180 1.5800 1.3416
v 7.2140 1.5800 1.3416
v 7.2180 1.5644 1.3400
v 7.2140 1.5644 1.3400
v 7.2180 1.5494 1.3355
v 7.2140 1.5494 1.3355
v 7.2180 1.5356 1.3281
v 7.2140 1.5356 1.3281
v 7.2180 1.5234 1.3181
v 7.2140 1.5234 1.3181
v 7.2180 1.5135 1.3060
v 7.2140 1.5135 1.3060
v 7.2180 1.5061 1.2922
v 7.2140 1.5061 1.2922
v 7.2180 1.5015 1.2772
v 7.2140 1.5015 1.2772
v 7.2180 1.5000 1.2616
v 7.2140 1.5000 1.2616
v 7.2180 1.5015 1.2460
v 7.2140 1.5015 1.2460
v 7.2180 1.5061 1.2310
v 7.2140 1.5061 1.2310
v 7.2180 1.5135 1.2171
v 7.2140 1.5135 1.2171
v 7.2180 1.5234 1.2050
v 7.2140 1.5234 1.2050
v 7.2180 1.5356 1.1951
v 7.2140 1.5356 1.1951
v 7.2180 1.5494 1.1877
v 7.2140 1.5494 1.1877
v 7.2180 1.5644 1.1831
v 7.2140 1.5644 1.1831
v 7.2180 1.5800 1.2616
v 7.2140 1.5800 1.2616
v 7.2180 1.5990 1.2966
v 7.2180 1.5990 1.2266
v 7.2180 1.6210 1.2266
v 7.2180 1.6210 1.2966
v 7.2220 1.5990 1.2966
v 7.2220 1.5990 1.2266
v 7.2220 1.6210 1.2266
v 7.2220 1.6210 1.2966
v 7.1080 1.2750 1.1816
v 7.1080 1.2750 1.1416
v 7.1080 1.2950 1.1416
v 7.1080 1.2950 1.1816
v 7.1180 1.2750 1.1816
v 7.1180 1.2750 1.1416
v 7.1180 1.2950 1.1416
v 7.1180 1.2950 1.1816
vn -1.0000 0.0000 0.0000
usemtl steel_paint
f 519//387 522//387 521//387 520//387
vn 1.0000 0.0000 0.0000
f 523//388 524//388 525//388 526//388
vn 0.0000 0.0000 1.0000
f 519//389 523//389 526//389 522//389
vn 0.0000 0.0000 -1.0000
f 520//390 521//390 525//390 524//390
vn 0.0000 1.0000 0.0000
f 522//391 526//391 525//391 521//391
vn 0.0000 -1.0000 0.0000
f 519//392 520//392 524//392 523//392
vn -1.0000 0.0000 0.0000
usemtl steel_paint_dark
f 527//393 530//393 529//393 528//393
vn 1.0000 0.0000 0.0000
f 531//394 532//394 533//394 534//394
vn 0.0000 0.0000 1.0000
f 527//395 531//395 534//395 530//395
vn 0.0000 0.0000 -1.0000
f 528//396 529//396 533//396 532//396
vn 0.0000 1.0000 0.0000
f 530//397 534//397 533//397 529//397
vn 0.0000 -1.0000 0.0000
f 527//398 528//398 532//398 531//398
vn 0.2588 0.0000 -0.9659
usemtl galvanized
f 535//399 537//399 538//399 536//399
vn 0.7071 0.0000 -0.7071
f 537//400 539//400 540//400 538//400
vn 0.9659 0.0000 -0.2588
f 539//401 541//401 542//401 540//401
vn 0.9659 0.0000 0.2588
f 541//402 543//402 544//402 542//402
vn 0.7071 0.0000 0.7071
f 543//403 545//403 546//403 544//403
vn 0.2588 0.0000 0.9659
f 545//404 547//404 548//404 546//404
vn -0.2588 0.0000 0.9659
f 547//405 549//405 550//405 548//405
vn -0.7071 0.0000 0.7071
f 549//406 551//406 552//406 550//406
vn -0.9659 0.0000 0.2588
f 551//407 553//407 554//407 552//407
vn -0.9659 0.0000 -0.2588
f 553//408 555//408 556//408 554//408
vn -0.7071 0.0000 -0.7071
f 555//409 557//409 558//409 556//409
vn -0.2588 0.0000 -0.9659
f 557//410 535//410 536//410 558//410
vn 0.0000 1.0000 0.0000
f 559//411 537//411 535//411
vn 0.0000 -1.0000 0.0000
f 560//412 536//412 538//412
vn 0.0000 1.0000 0.0000
f 559//413 539//413 537//413
vn 0.0000 -1.0000 0.0000
f 560//414 538//414 540//414
vn 0.0000 1.0000 0.0000
f 559//415 541//415 539//415
vn 0.0000 -1.0000 0.0000
f 560//416 540//416 542//416
vn 0.0000 1.0000 0.0000
f 559//417 543//417 541//417
vn 0.0000 -1.0000 0.0000
f 560//418 542//418 544//418
vn 0.0000 1.0000 0.0000
f 559//419 545//419 543//419
vn 0.0000 -1.0000 0.0000
f 560//420 544//420 546//420
vn 0.0000 1.0000 0.0000
f 559//421 547//421 545//421
vn 0.0000 -1.0000 0.0000
f 560//422 546//422 548//422
vn 0.0000 1.0000 0.0000
f 559//423 549//423 547//423
vn 0.0000 -1.0000 0.0000
f 560//424 548//424 550//424
vn 0.0000 1.0000 0.0000
f 559//425 551//425 549//425
vn 0.0000 -1.0000 0.0000
f 560//426 550//426 552//426
vn 0.0000 1.0000 0.0000
f 559//427 553//427 551//427
vn 0.0000 -1.0000 0.0000
f 560//428 552//428 554//428
vn 0.0000 1.0000 0.0000
f 559//429 555//429 553//429
vn 0.0000 -1.0000 0.0000
f 560//430 554//430 556//430
vn 0.0000 1.0000 0.0000
f 559//431 557//431 555//431
vn 0.0000 -1.0000 0.0000
f 560//432 556//432 558//432
vn 0.0000 1.0000 0.0000
f 559//433 535//433 557//433
vn 0.0000 -1.0000 0.0000
f 560//434 558//434 536//434
vn 0.0000 -0.0980 0.9952
usemtl meter_ring
f 561//435 563//435 564//435 562//435
vn 0.0000 -0.2903 0.9569
f 563//436 565//436 566//436 564//436
vn 0.0000 -0.4714 0.8819
f 565//437 567//437 568//437 566//437
vn 0.0000 -0.6344 0.7730
f 567//438 569//438 570//438 568//438
vn 0.0000 -0.7730 0.6344
f 569//439 571//439 572//439 570//439
vn 0.0000 -0.8819 0.4714
f 571//440 573//440 574//440 572//440
vn 0.0000 -0.9569 0.2903
f 573//441 575//441 576//441 574//441
vn 0.0000 -0.9952 0.0980
f 575//442 577//442 578//442 576//442
vn 0.0000 -0.9952 -0.0980
f 577//443 579//443 580//443 578//443
vn 0.0000 -0.9569 -0.2903
f 579//444 581//444 582//444 580//444
vn 0.0000 -0.8819 -0.4714
f 581//445 583//445 584//445 582//445
vn 0.0000 -0.7730 -0.6344
f 583//446 585//446 586//446 584//446
vn 0.0000 -0.6344 -0.7730
f 585//447 587//447 588//447 586//447
vn 0.0000 -0.4714 -0.8819
f 587//448 589//448 590//448 588//448
vn 0.0000 -0.2903 -0.9569
f 589//449 591//449 592//449 590//449
vn 0.0000 -0.0980 -0.9952
f 591//450 593//450 594//450 592//450
vn 0.0000 0.0980 -0.9952
f 593//451 595//451 596//451 594//451
vn 0.0000 0.2903 -0.9569
f 595//452 597//452 598//452 596//452
vn 0.0000 0.4714 -0.8819
f 597//453 599//453 600//453 598//453
vn 0.0000 0.6344 -0.7730
f 599//454 601//454 602//454 600//454
vn 0.0000 0.7730 -0.6344
f 601//455 603//455 604//455 602//455
vn 0.0000 0.8819 -0.4714
f 603//456 605//456 606//456 604//456
vn 0.0000 0.9569 -0.2903
f 605//457 607//457 608//457 606//457
vn 0.0000 0.9952 -0.0980
f 607//458 609//458 610//458 608//458
vn 0.0000 0.9952 0.0980
f 609//459 611//459 612//459 610//459
vn 0.0000 0.9569 0.2903
f 611//460 613//460 614//460 612//460
vn 0.0000 0.8819 0.4714
f 613//461 615//461 616//461 614//461
vn 0.0000 0.7730 0.6344
f 615//462 617//462 618//462 616//462
vn 0.0000 0.6344 0.7730
f 617//463 619//463 620//463 618//463
vn 0.0000 0.4714 0.8819
f 619//464 621//464 622//464 620//464
vn 0.0000 0.2903 0.9569
f 621//465 623//465 624//465 622//465
vn 0.0000 0.0980 0.9952
f 623//466 561//466 562//466 624//466
vn -1.0000 0.0000 0.0000
f 625//467 563//467 561//467
vn 1.0000 0.0000 0.0000
f 626//468 562//468 564//468
vn -1.0000 0.0000 0.0000
f 625//469 565//469 563//469
vn 1.0000 0.0000 0.0000
f 626//470 564//470 566//470
vn -1.0000 -0.0000 0.0000
f 625//471 567//471 565//471
vn 1.0000 0.0000 0.0000
f 626//472 566//472 568//472
vn -1.0000 0.0000 0.0000
f 625//473 569//473 567//473
vn 1.0000 -0.0000 0.0000
f 626//474 568//474 570//474
vn -1.0000 0.0000 0.0000
f 625//475 571//475 569//475
vn 1.0000 0.0000 0.0000
f 626//476 570//476 572//476
vn -1.0000 -0.0000 0.0000
f 625//477 573//477 571//477
vn 1.0000 -0.0000 0.0000
f 626//478 572//478 574//478
vn -1.0000 0.0000 0.0000
f 625//479 575//479 573//479
vn 1.0000 0.0000 0.0000
f 626//480 574//480 576//480
vn -1.0000 0.0000 0.0000
f 625//481 577//481 575//481
vn 1.0000 0.0000 0.0000
f 626//482 576//482 578//482
vn -1.0000 0.0000 0.0000
f 625//483 579//483 577//483
vn 1.0000 0.0000 0.0000
f 626//484 578//484 580//484
vn -1.0000 0.0000 0.0000
f 625//485 581//485 579//485
vn 1.0000 0.0000 0.0000
f 626//486 580//486 582//486
vn -1.0000 0.0000 0.0000
f 625//487 583//487 581//487
vn 1.0000 -0.0000 0.0000
f 626//488 582//488 584//488
vn -1.0000 0.0000 0.0000
f 625//489 585//489 583//489
vn 1.0000 0.0000 0.0000
f 626//490 584//490 586//490
vn -1.0000 0.0000 0.0000
f 625//491 587//491 585//491
vn 1.0000 -0.0000 0.0000
f 626//492 586//492 588//492
vn -1.0000 0.0000 0.0000
f 625//493 589//493 587//493
vn 1.0000 0.0000 0.0000
f 626//494 588//494 590//494
vn -1.0000 0.0000 0.0000
f 625//495 591//495 589//495
vn 1.0000 0.0000 0.0000
f 626//496 590//496 592//496
vn -1.0000 0.0000 0.0000
f 625//497 593//497 591//497
vn 1.0000 0.0000 0.0000
f 626//498 592//498 594//498
vn -1.0000 -0.0000 0.0000
f 625//499 595//499 593//499
vn 1.0000 -0.0000 0.0000
f 626//500 594//500 596//500
vn -1.0000 0.0000 0.0000
f 625//501 597//501 595//501
vn 1.0000 0.0000 0.0000
f 626//502 596//502 598//502
vn -1.0000 0.0000 0.0000
f 625//503 599//503 597//503
vn 1.0000 -0.0000 0.0000
f 626//504 598//504 600//504
vn -1.0000 0.0000 0.0000
f 625//505 601//505 599//505
vn 1.0000 0.0000 0.0000
f 626//506 600//506 602//506
vn -1.0000 0.0000 0.0000
f 625//507 603//507 601//507
vn 1.0000 -0.0000 0.0000
f 626//508 602//508 604//508
vn -1.0000 0.0000 0.0000
f 625//509 605//509 603//509
vn 1.0000 0.0000 0.0000
f 626//510 604//510 606//510
vn -1.0000 0.0000 0.0000
f 625//511 607//511 605//511
vn 1.0000 0.0000 0.0000
f 626//512 606//512 608//512
vn -1.0000 0.0000 0.0000
f 625//513 609//513 607//513
vn 1.0000 0.0000 0.0000
f 626//514 608//514 610//514
vn -1.0000 0.0000 0.0000
f 625//515 611//515 609//515
vn 1.0000 0.0000 0.0000
f 626//516 610//516 612//516
vn -1.0000 0.0000 0.0000
f 625//517 613//517 611//517
vn 1.0000 0.0000 0.0000
f 626//518 612//518 614//518
vn -1.0000 0.0000 0.0000
f 625//519 615//519 613//519
vn 1.0000 0.0000 0.0000
f 626//520 614//520 616//520
vn -1.0000 0.0000 0.0000
f 625//521 617//521 615//521
vn 1.0000 0.0000 0.0000
f 626//522 616//522 618//522
vn -1.0000 -0.0000 0.0000
f 625//523 619//523 617//523
vn 1.0000 0.0000 0.0000
f 626//524 618//524 620//524
vn -1.0000 0.0000 0.0000
f 625//525 621//525 619//525
vn 1.0000 -0.0000 0.0000
f 626//526 620//526 622//526
vn -1.0000 0.0000 0.0000
f 625//527 623//527 621//527
vn 1.0000 0.0000 0.0000
f 626//528 622//528 624//528
vn -1.0000 -0.0000 0.0000
f 625//529 561//529 623//529
vn 1.0000 -0.0000 0.0000
f 626//530 624//530 562//530
vn 0.0000 -0.0980 0.9952
usemtl meter_glass
f 627//531 629//531 630//531 628//531
vn 0.0000 -0.2903 0.9569
f 629//532 631//532 632//532 630//532
vn 0.0000 -0.4714 0.8819
f 631//533 633//533 634//533 632//533
vn 0.0000 -0.6344 0.7730
f 633//534 635//534 636//534 634//534
vn 0.0000 -0.7730 0.6344
f 635//535 637//535 638//535 636//535
vn 0.0000 -0.8819 0.4714
f 637//536 639//536 640//536 638//536
vn 0.0000 -0.9569 0.2903
f 639//537 641//537 642//537 640//537
vn 0.0000 -0.9952 0.0980
f 641//538 643//538 644//538 642//538
vn 0.0000 -0.9952 -0.0980
f 643//539 645//539 646//539 644//539
vn 0.0000 -0.9569 -0.2903
f 645//540 647//540 648//540 646//540
vn 0.0000 -0.8819 -0.4714
f 647//541 649//541 650//541 648//541
vn 0.0000 -0.7730 -0.6344
f 649//542 651//542 652//542 650//542
vn 0.0000 -0.6344 -0.7730
f 651//543 653//543 654//543 652//543
vn 0.0000 -0.4714 -0.8819
f 653//544 655//544 656//544 654//544
vn 0.0000 -0.2903 -0.9569
f 655//545 657//545 658//545 656//545
vn 0.0000 -0.0980 -0.9952
f 657//546 659//546 660//546 658//546
vn 0.0000 0.0980 -0.9952
f 659//547 661//547 662//547 660//547
vn 0.0000 0.2903 -0.9569
f 661//548 663//548 664//548 662//548
vn 0.0000 0.4714 -0.8819
f 663//549 665//549 666//549 664//549
vn 0.0000 0.6344 -0.7730
f 665//550 667//550 668//550 666//550
vn 0.0000 0.7730 -0.6344
f 667//551 669//551 670//551 668//551
vn 0.0000 0.8819 -0.4714
f 669//552 671//552 672//552 670//552
vn 0.0000 0.9569 -0.2903
f 671//553 673//553 674//553 672//553
vn 0.0000 0.9952 -0.0980
f 673//554 675//554 676//554 674//554
vn 0.0000 0.9952 0.0980
f 675//555 677//555 678//555 676//555
vn 0.0000 0.9569 0.2903
f 677//556 679//556 680//556 678//556
vn 0.0000 0.8819 0.4714
f 679//557 681//557 682//557 680//557
vn 0.0000 0.7730 0.6344
f 681//558 683//558 684//558 682//558
vn 0.0000 0.6344 0.7730
f 683//559 685//559 686//559 684//559
vn 0.0000 0.4714 0.8819
f 685//560 687//560 688//560 686//560
vn 0.0000 0.2903 0.9569
f 687//561 689//561 690//561 688//561
vn 0.0000 0.0980 0.9952
f 689//562 627//562 628//562 690//562
vn -1.0000 0.0000 0.0000
f 691//563 629//563 627//563
vn 1.0000 0.0000 0.0000
f 692//564 628//564 630//564
vn -1.0000 0.0000 0.0000
f 691//565 631//565 629//565
vn 1.0000 0.0000 0.0000
f 692//566 630//566 632//566
vn -1.0000 0.0000 0.0000
f 691//567 633//567 631//567
vn 1.0000 0.0000 0.0000
f 692//568 632//568 634//568
vn -1.0000 0.0000 0.0000
f 691//569 635//569 633//569
vn 1.0000 0.0000 0.0000
f 692//570 634//570 636//570
vn -1.0000 0.0000 0.0000
f 691//571 637//571 635//571
vn 1.0000 0.0000 0.0000
f 692//572 636//572 638//572
vn -1.0000 0.0000 0.0000
f 691//573 639//573 637//573
vn 1.0000 0.0000 0.0000
f 692//574 638//574 640//574
vn -1.0000 -0.0000 0.0000
f 691//575 641//575 639//575
vn 1.0000 0.0000 0.0000
f 692//576 640//576 642//576
vn -1.0000 0.0000 0.0000
f 691//577 643//577 641//577
vn 1.0000 0.0000 0.0000
f 692//578 642//578 644//578
vn -1.0000 0.0000 0.0000
f 691//579 645//579 643//579
vn 1.0000 0.0000 0.0000
f 692//580 644//580 646//580
vn -1.0000 -0.0000 0.0000
f 691//581 647//581 645//581
vn 1.0000 0.0000 0.0000
f 692//582 646//582 648//582
vn -1.0000 0.0000 0.0000
f 691//583 649//583 647//583
vn 1.0000 0.0000 0.0000
f 692//584 648//584 650//584
vn -1.0000 0.0000 0.0000
f 691//585 651//585 649//585
vn 1.0000 0.0000 0.0000
f 692//586 650//586 652//586
vn -1.0000 -0.0000 0.0000
f 691//587 653//587 651//587
vn 1.0000 0.0000 0.0000
f 692//588 652//588 654//588
vn -1.0000 0.0000 0.0000
f 691//589 655//589 653//589
vn 1.0000 0.0000 0.0000
f 692//590 654//590 656//590
vn -1.0000 0.0000 0.0000
f 691//591 657//591 655//591
vn 1.0000 0.0000 0.0000
f 692//592 656//592 658//592
vn -1.0000 0.0000 0.0000
f 691//593 659//593 657//593
vn 1.0000 0.0000 0.0000
f 692//594 658//594 660//594
vn -1.0000 0.0000 0.0000
f 691//595 661//595 659//595
vn 1.0000 0.0000 0.0000
f 692//596 660//596 662//596
vn -1.0000 0.0000 0.0000
f 691//597 663//597 661//597
vn 1.0000 0.0000 0.0000
f 692//598 662//598 664//598
vn -1.0000 0.0000 0.0000
f 691//599 665//599 663//599
vn 1.0000 0.0000 0.0000
f 692//600 664//600 666//600
vn -1.0000 0.0000 0.0000
f 691//601 667//601 665//601
vn 1.0000 -0.0000 0.0000
f 692//602 666//602 668//602
vn -1.0000 0.0000 0.0000
f 691//603 669//603 667//603
vn 1.0000 0.0000 0.0000
f 692//604 668//604 670//604
vn -1.0000 0.0000 0.0000
f 691//605 671//605 669//605
vn 1.0000 0.0000 0.0000
f 692//606 670//606 672//606
vn -1.0000 0.0000 0.0000
f 691//607 673//607 671//607
vn 1.0000 0.0000 0.0000
f 692//608 672//608 674//608
vn -1.0000 0.0000 0.0000
f 691//609 675//609 673//609
vn 1.0000 0.0000 0.0000
f 692//610 674//610 676//610
vn -1.0000 0.0000 0.0000
f 691//611 677//611 675//611
vn 1.0000 0.0000 0.0000
f 692//612 676//612 678//612
vn -1.0000 0.0000 0.0000
f 691//613 679//613 677//613
vn 1.0000 0.0000 0.0000
f 692//614 678//614 680//614
vn -1.0000 -0.0000 0.0000
f 691//615 681//615 679//615
vn 1.0000 0.0000 0.0000
f 692//616 680//616 682//616
vn -1.0000 0.0000 0.0000
f 691//617 683//617 681//617
vn 1.0000 0.0000 0.0000
f 692//618 682//618 684//618
vn -1.0000 0.0000 0.0000
f 691//619 685//619 683//619
vn 1.0000 0.0000 0.0000
f 692//620 684//620 686//620
vn -1.0000 0.0000 0.0000
f 691//621 687//621 685//621
vn 1.0000 0.0000 0.0000
f 692//622 686//622 688//622
vn -1.0000 0.0000 0.0000
f 691//623 689//623 687//623
vn 1.0000 0.0000 0.0000
f 692//624 688//624 690//624
vn -1.0000 0.0000 0.0000
f 691//625 627//625 689//625
vn 1.0000 0.0000 0.0000
f 692//626 690//626 628//626
vn 0.0000 -0.0980 0.9952
usemtl meter_face
f 693//627 695//627 696//627 694//627
vn 0.0000 -0.2903 0.9569
f 695//628 697//628 698//628 696//628
vn 0.0000 -0.4714 0.8819
f 697//629 699//629 700//629 698//629
vn 0.0000 -0.6344 0.7730
f 699//630 701//630 702//630 700//630
vn 0.0000 -0.7730 0.6344
f 701//631 703//631 704//631 702//631
vn 0.0000 -0.8819 0.4714
f 703//632 705//632 706//632 704//632
vn 0.0000 -0.9569 0.2903
f 705//633 707//633 708//633 706//633
vn 0.0000 -0.9952 0.0980
f 707//634 709//634 710//634 708//634
vn 0.0000 -0.9952 -0.0980
f 709//635 711//635 712//635 710//635
vn 0.0000 -0.9569 -0.2903
f 711//636 713//636 714//636 712//636
vn 0.0000 -0.8819 -0.4714
f 713//637 715//637 716//637 714//637
vn 0.0000 -0.7730 -0.6344
f 715//638 717//638 718//638 716//638
vn 0.0000 -0.6344 -0.7730
f 717//639 719//639 720//639 718//639
vn 0.0000 -0.4714 -0.8819
f 719//640 721//640 722//640 720//640
vn 0.0000 -0.2903 -0.9569
f 721//641 723//641 724//641 722//641
vn 0.0000 -0.0980 -0.9952
f 723//642 725//642 726//642 724//642
vn 0.0000 0.0980 -0.9952
f 725//643 727//643 728//643 726//643
vn 0.0000 0.2903 -0.9569
f 727//644 729//644 730//644 728//644
vn 0.0000 0.4714 -0.8819
f 729//645 731//645 732//645 730//645
vn 0.0000 0.6344 -0.7730
f 731//646 733//646 734//646 732//646
vn 0.0000 0.7730 -0.6344
f 733//647 735//647 736//647 734//647
vn 0.0000 0.8819 -0.4714
f 735//648 737//648 738//648 736//648
vn 0.0000 0.9569 -0.2903
f 737//649 739//649 740//649 738//649
vn 0.0000 0.9952 -0.0980
f 739//650 741//650 742//650 740//650
vn 0.0000 0.9952 0.0980
f 741//651 743//651 744//651 742//651
vn 0.0000 0.9569 0.2903
f 743//652 745//652 746//652 744//652
vn 0.0000 0.8819 0.4714
f 745//653 747//653 748//653 746//653
vn 0.0000 0.7730 0.6344
f 747//654 749//654 750//654 748//654
vn 0.0000 0.6344 0.7730
f 749//655 751//655 752//655 750//655
vn 0.0000 0.4714 0.8819
f 751//656 753//656 754//656 752//656
vn 0.0000 0.2903 0.9569
f 753//657 755//657 756//657 754//657
vn 0.0000 0.0980 0.9952
f 755//658 693//658 694//658 756//658
vn -1.0000 0.0000 0.0000
f 757//659 695//659 693//659
vn 1.0000 -0.0000 0.0000
f 758//660 694//660 696//660
vn -1.0000 0.0000 0.0000
f 757//661 697//661 695//661
vn 1.0000 0.0000 0.0000
f 758//662 696//662 698//662
vn -1.0000 0.0000 0.0000
f 757//663 699//663 697//663
vn 1.0000 0.0000 0.0000
f 758//664 698//664 700//664
vn -1.0000 0.0000 0.0000
f 757//665 701//665 699//665
vn 1.0000 0.0000 0.0000
f 758//666 700//666 702//666
vn -1.0000 -0.0000 0.0000
f 757//667 703//667 701//667
vn 1.0000 0.0000 0.0000
f 758//668 702//668 704//668
vn -1.0000 0.0000 0.0000
f 757//669 705//669 703//669
vn 1.0000 0.0000 0.0000
f 758//670 704//670 706//670
vn -1.0000 0.0000 0.0000
f 757//671 707//671 705//671
vn 1.0000 0.0000 0.0000
f 758//672 706//672 708//672
vn -1.0000 0.0000 0.0000
f 757//673 709//673 707//673
vn 1.0000 0.0000 0.0000
f 758//674 708//674 710//674
vn -1.0000 0.0000 0.0000
f 757//675 711//675 709//675
vn 1.0000 0.0000 0.0000
f 758//676 710//676 712//676
vn -1.0000 0.0000 0.0000
f 757//677 713//677 711//677
vn 1.0000 0.0000 0.0000
f 758//678 712//678 714//678
vn -1.0000 0.0000 0.0000
f 757//679 715//679 713//679
vn 1.0000 0.0000 0.0000
f 758//680 714//680 716//680
vn -1.0000 0.0000 0.0000
f 757//681 717//681 715//681
vn 1.0000 0.0000 0.0000
f 758//682 716//682 718//682
vn -1.0000 0.0000 0.0000
f 757//683 719//683 717//683
vn 1.0000 0.0000 0.0000
f 758//684 718//684 720//684
vn -1.0000 0.0000 0.0000
f 757//685 721//685 719//685
vn 1.0000 0.0000 0.0000
f 758//686 720//686 722//686
vn -1.0000 0.0000 0.0000
f 757//687 723//687 721//687
vn 1.0000 0.0000 0.0000
f 758//688 722//688 724//688
vn -1.0000 0.0000 0.0000
f 757//689 725//689 723//689
vn 1.0000 0.0000 0.0000
f 758//690 724//690 726//690
vn -1.0000 0.0000 0.0000
f 757//691 727//691 725//691
vn 1.0000 0.0000 0.0000
f 758//692 726//692 728//692
vn -1.0000 0.0000 0.0000
f 757//693 729//693 727//693
vn 1.0000 0.0000 0.0000
f 758//694 728//694 730//694
vn -1.0000 0.0000 0.0000
f 757//695 731//695 729//695
vn 1.0000 0.0000 0.0000
f 758//696 730//696 732//696
vn -1.0000 0.0000 0.0000
f 757//697 733//697 731//697
vn 1.0000 0.0000 0.0000
f 758//698 732//698 734//698
vn -1.0000 0.0000 0.0000
f 757//699 735//699 733//699
vn 1.0000 0.0000 0.0000
f 758//700 734//700 736//700
vn -1.0000 0.0000 0.0000
f 757//701 737//701 735//701
vn 1.0000 0.0000 0.0000
f 758//702 736//702 738//702
vn -1.0000 0.0000 0.0000
f 757//703 739//703 737//703
vn 1.0000 0.0000 0.0000
f 758//704 738//704 740//704
vn -1.0000 0.0000 0.0000
f 757//705 741//705 739//705
vn 1.0000 0.0000 0.0000
f 758//706 740//706 742//706
vn -1.0000 0.0000 0.0000
f 757//707 743//707 741//707
vn 1.0000 0.0000 0.0000
f 758//708 742//708 744//708
vn -1.0000 -0.0000 0.0000
f 757//709 745//709 743//709
vn 1.0000 0.0000 0.0000
f 758//710 744//710 746//710
vn -1.0000 0.0000 0.0000
f 757//711 747//711 745//711
vn 1.0000 0.0000 0.0000
f 758//712 746//712 748//712
vn -1.0000 0.0000 0.0000
f 757//713 749//713 747//713
vn 1.0000 0.0000 0.0000
f 758//714 748//714 750//714
vn -1.0000 0.0000 0.0000
f 757//715 751//715 749//715
vn 1.0000 0.0000 0.0000
f 758//716 750//716 752//716
vn -1.0000 0.0000 0.0000
f 757//717 753//717 751//717
vn 1.0000 0.0000 0.0000
f 758//718 752//718 754//718
vn -1.0000 0.0000 0.0000
f 757//719 755//719 753//719
vn 1.0000 -0.0000 0.0000
f 758//720 754//720 756//720
vn -1.0000 0.0000 0.0000
f 757//721 693//721 755//721
vn 1.0000 0.0000 0.0000
f 758//722 756//722 694//722
vn -1.0000 0.0000 0.0000
usemtl meter_lcd
f 759//723 762//723 761//723 760//723
vn 1.0000 0.0000 0.0000
f 763//724 764//724 765//724 766//724
vn 0.0000 0.0000 1.0000
f 759//725 763//725 766//725 762//725
vn 0.0000 0.0000 -1.0000
f 760//726 761//726 765//726 764//726
vn 0.0000 1.0000 0.0000
f 762//727 766//727 765//727 761//727
vn 0.0000 -1.0000 0.0000
f 759//728 760//728 764//728 763//728
vn -1.0000 0.0000 0.0000
usemtl galvanized
f 767//729 770//729 769//729 768//729
vn 1.0000 0.0000 0.0000
f 771//730 772//730 773//730 774//730
vn 0.0000 0.0000 1.0000
f 767//731 771//731 774//731 770//731
vn 0.0000 0.0000 -1.0000
f 768//732 769//732 773//732 772//732
vn 0.0000 1.0000 0.0000
f 770//733 774//733 773//733 769//733
vn 0.0000 -1.0000 0.0000
f 767//734 768//734 772//734 771//734
o service_disconnect
v 7.0000 1.2000 0.9616
v 7.0000 1.2000 0.6616
v 7.0000 1.7000 0.6616
v 7.0000 1.7000 0.9616
v 7.1400 1.2000 0.9616
v 7.1400 1.2000 0.6616
v 7.1400 1.7000 0.6616
v 7.1400 1.7000 0.9616
v 7.0450 1.4100 0.6566
v 7.0450 1.4100 0.6266
v 7.0450 1.5500 0.6266
v 7.0450 1.5500 0.6566
v 7.0950 1.4100 0.6566
v 7.0950 1.4100 0.6266
v 7.0950 1.5500 0.6266
v 7.0950 1.5500 0.6566
v 7.1405 1.5950 0.8516
v 7.1405 1.5950 0.7716
v 7.1405 1.6450 0.7716
v 7.1405 1.6450 0.8516
v 7.1435 1.5950 0.8516
v 7.1435 1.5950 0.7716
v 7.1435 1.6450 0.7716
v 7.1435 1.6450 0.8516
vn -1.0000 0.0000 0.0000
usemtl disconnect_gray
f 775//735 778//735 777//735 776//735
vn 1.0000 0.0000 0.0000
f 779//736 780//736 781//736 782//736
vn 0.0000 0.0000 1.0000
f 775//737 779//737 782//737 778//737
vn 0.0000 0.0000 -1.0000
f 776//738 777//738 781//738 780//738
vn 0.0000 1.0000 0.0000
f 778//739 782//739 781//739 777//739
vn 0.0000 -1.0000 0.0000
f 775//740 776//740 780//740 779//740
vn -1.0000 0.0000 0.0000
usemtl handle_black
f 783//741 786//741 785//741 784//741
vn 1.0000 0.0000 0.0000
f 787//742 788//742 789//742 790//742
vn 0.0000 0.0000 1.0000
f 783//743 787//743 790//743 786//743
vn 0.0000 0.0000 -1.0000
f 784//744 785//744 789//744 788//744
vn 0.0000 1.0000 0.0000
f 786//745 790//745 789//745 785//745
vn 0.0000 -1.0000 0.0000
f 783//746 784//746 788//746 787//746
vn -1.0000 0.0000 0.0000
usemtl placard_red
f 791//747 794//747 793//747 792//747
vn 1.0000 0.0000 0.0000
f 795//748 796//748 797//748 798//748
vn 0.0000 0.0000 1.0000
f 791//749 795//749 798//749 794//749
vn 0.0000 0.0000 -1.0000
f 792//750 793//750 797//750 796//750
vn 0.0000 1.0000 0.0000
f 794//751 798//751 797//751 793//751
vn 0.0000 -1.0000 0.0000
f 791//752 792//752 796//752 795//752
o main_panel_1
v 7.0000 0.7500 0.4416
v 7.0000 0.7500 -0.0184
v 7.0000 1.8500 -0.0184
v 7.0000 1.8500 0.4416
v 7.1400 0.7500 0.4416
v 7.1400 0.7500 -0.0184
v 7.1400 1.8500 -0.0184
v 7.1400 1.8500 0.4416
v 6.9950 1.8500 0.4566
v 6.9950 1.8500 -0.0334
v 6.9950 1.8800 -0.0334
v 6.9950 1.8800 0.4566
v 7.1650 1.8500 0.4566
v 7.1650 1.8500 -0.0334
v 7.1650 1.8800 -0.0334
v 7.1650 1.8800 0.4566
v 7.1400 1.2980 0.4266
v 7.1400 1.2980 -0.0034
v 7.1400 1.3020 -0.0034
v 7.1400 1.3020 0.4266
v 7.1440 1.2980 0.4266
v 7.1440 1.2980 -0.0034
v 7.1440 1.3020 -0.0034
v 7.1440 1.3020 0.4266
v 7.1400 0.7700 0.4316
v 7.1400 0.7700 0.4276
v 7.1400 1.8300 0.4276
v 7.1400 1.8300 0.4316
v 7.1440 0.7700 0.4316
v 7.1440 0.7700 0.4276
v 7.1440 1.8300 0.4276
v 7.1440 1.8300 0.4316
v 7.1400 0.7700 -0.0044
v 7.1400 0.7700 -0.0084
v 7.1400 1.8300 -0.0084
v 7.1400 1.8300 -0.0044
v 7.1440 0.7700 -0.0044
v 7.1440 0.7700 -0.0084
v 7.1440 1.8300 -0.0084
v 7.1440 1.8300 -0.0044
v 7.1410 1.6280 0.2466
v 7.1410 1.6280 0.1766
v 7.1410 1.6980 0.1766
v 7.1410 1.6980 0.2466
v 7.1470 1.6280 0.2466
v 7.1470 1.6280 0.1766
v 7.1470 1.6980 0.1766
v 7.1470 1.6980 0.2466
v 7.1400 1.4570 0.3216
v 7.1400 1.4570 0.2416
v 7.1400 1.4950 0.2416
v 7.1400 1.4950 0.3216
v 7.1480 1.4570 0.3216
v 7.1480 1.4570 0.2416
v 7.1480 1.4950 0.2416
v 7.1480 1.4950 0.3216
v 7.1400 1.4120 0.3216
v 7.1400 1.4120 0.2416
v 7.1400 1.4500 0.2416
v 7.1400 1.4500 0.3216
v 7.1480 1.4120 0.3216
v 7.1480 1.4120 0.2416
v 7.1480 1.4500 0.2416
v 7.1480 1.4500 0.3216
v 7.1400 1.3670 0.3216
v 7.1400 1.3670 0.2416
v 7.1400 1.4050 0.2416
v 7.1400 1.4050 0.3216
v 7.1480 1.3670 0.3216
v 7.1480 1.3670 0.2416
v 7.1480 1.4050 0.2416
v 7.1480 1.4050 0.3216
v 7.1400 1.3220 0.3216
v 7.1400 1.3220 0.2416
v 7.1400 1.3600 0.2416
v 7.1400 1.3600 0.3216
v 7.1480 1.3220 0.3216
v 7.1480 1.3220 0.2416
v 7.1480 1.3600 0.2416
v 7.1480 1.3600 0.3216
v 7.1400 1.2770 0.3216
v 7.1400 1.2770 0.2416
v 7.1400 1.3150 0.2416
v 7.1400 1.3150 0.3216
v 7.1480 1.2770 0.3216
v 7.1480 1.2770 0.2416
v 7.1480 1.3150 0.2416
v 7.1480 1.3150 0.3216
v 7.1400 1.2320 0.3216
v 7.1400 1.2320 0.2416
v 7.1400 1.2700 0.2416
v 7.1400 1.2700 0.3216
v 7.1480 1.2320 0.3216
v 7.1480 1.2320 0.2416
v 7.1480 1.2700 0.2416
v 7.1480 1.2700 0.3216
v 7.1400 1.1870 0.3216
v 7.1400 1.1870 0.2416
v 7.1400 1.2250 0.2416
v 7.1400 1.2250 0.3216
v 7.1480 1.1870 0.3216
v 7.1480 1.1870 0.2416
v 7.1480 1.2250 0.2416
v 7.1480 1.2250 0.3216
v 7.1400 1.1420 0.3216
v 7.1400 1.1420 0.2416
v 7.1400 1.1800 0.2416
v 7.1400 1.1800 0.3216
v 7.1480 1.1420 0.3216
v 7.1480 1.1420 0.2416
v 7.1480 1.1800 0.2416
v 7.1480 1.1800 0.3216
v 7.1400 1.0970 0.3216
v 7.1400 1.0970 0.2416
v 7.1400 1.1350 0.2416
v 7.1400 1.1350 0.3216
v 7.1480 1.0970 0.3216
v 7.1480 1.0970 0.2416
v 7.1480 1.1350 0.2416
v 7.1480 1.1350 0.3216
v 7.1400 1.0520 0.3216
v 7.1400 1.0520 0.2416
v 7.1400 1.0900 0.2416
v 7.1400 1.0900 0.3216
v 7.1480 1.0520 0.3216
v 7.1480 1.0520 0.2416
v 7.1480 1.0900 0.2416
v 7.1480 1.0900 0.3216
v 7.1400 1.0070 0.3216
v 7.1400 1.0070 0.2416
v 7.1400 1.0450 0.2416
v 7.1400 1.0450 0.3216
v 7.1480 1.0070 0.3216
v 7.1480 1.0070 0.2416
v 7.1480 1.0450 0.2416
v 7.1480 1.0450 0.3216
v 7.1400 0.9620 0.3216
v 7.1400 0.9620 0.2416
v 7.1400 1.0000 0.2416
v 7.1400 1.0000 0.3216
v 7.1480 0.9620 0.3216
v 7.1480 0.9620 0.2416
v 7.1480 1.0000 0.2416
v 7.1480 1.0000 0.3216
v 7.1400 1.4570 0.1816
v 7.1400 1.4570 0.1016
v 7.1400 1.4950 0.1016
v 7.1400 1.4950 0.1816
v 7.1480 1.4570 0.1816
v 7.1480 1.4570 0.1016
v 7.1480 1.4950 0.1016
v 7.1480 1.4950 0.1816
v 7.1400 1.4120 0.1816
v 7.1400 1.4120 0.1016
v 7.1400 1.4500 0.1016
v 7.1400 1.4500 0.1816
v 7.1480 1.4120 0.1816
v 7.1480 1.4120 0.1016
v 7.1480 1.4500 0.1016
v 7.1480 1.4500 0.1816
v 7.1400 1.3670 0.1816
v 7.1400 1.3670 0.1016
v 7.1400 1.4050 0.1016
v 7.1400 1.4050 0.1816
v 7.1480 1.3670 0.1816
v 7.1480 1.3670 0.1016
v 7.1480 1.4050 0.1016
v 7.1480 1.4050 0.1816
v 7.1400 1.3220 0.1816
v 7.1400 1.3220 0.1016
v 7.1400 1.3600 0.1016
v 7.1400 1.3600 0.1816
v 7.1480 1.3220 0.1816
v 7.1480 1.3220 0.1016
v 7.1480 1.3600 0.1016
v 7.1480 1.3600 0.1816
v 7.1400 1.2770 0.1816
v 7.1400 1.2770 0.1016
v 7.1400 1.3150 0.1016
v 7.1400 1.3150 0.1816
v 7.1480 1.2770 0.1816
v 7.1480 1.2770 0.1016
v 7.1480 1.3150 0.1016
v 7.1480 1.3150 0.1816
v 7.1400 1.2320 0.1816
v 7.1400 1.2320 0.1016
v 7.1400 1.2700 0.1016
v 7.1400 1.2700 0.1816
v 7.1480 1.2320 0.1816
v 7.1480 1.2320 0.1016
v 7.1480 1.2700 0.1016
v 7.1480 1.2700 0.1816
v 7.1400 1.1870 0.1816
v 7.1400 1.1870 0.1016
v 7.1400 1.2250 0.1016
v 7.1400 1.2250 0.1816
v 7.1480 1.1870 0.1816
v 7.1480 1.1870 0.1016
v 7.1480 1.2250 0.1016
v 7.1480 1.2250 0.1816
v 7.1400 1.1420 0.1816
v 7.1400 1.1420 0.1016
v 7.1400 1.1800 0.1016
v 7.1400 1.1800 0.1816
v 7.1480 1.1420 0.1816
v 7.1480 1.1420 0.1016
v 7.1480 1.1800 0.1016
v 7.1480 1.1800 0.1816
v 7.1400 1.0970 0.1816
v 7.1400 1.0970 0.1016
v 7.1400 1.1350 0.1016
v 7.1400 1.1350 0.1816
v 7.1480 1.0970 0.1816
v 7.1480 1.0970 0.1016
v 7.1480 1.1350 0.1016
v 7.1480 1.1350 0.1816
v 7.1400 1.0520 0.1816
v 7.1400 1.0520 0.1016
v 7.1400 1.0900 0.1016
v 7.1400 1.0900 0.1816
v 7.1480 1.0520 0.1816
v 7.1480 1.0520 0.1016
v 7.1480 1.0900 0.1016
v 7.1480 1.0900 0.1816
v 7.1400 1.0070 0.1816
v 7.1400 1.0070 0.1016
v 7.1400 1.0450 0.1016
v 7.1400 1.0450 0.1816
v 7.1480 1.0070 0.1816
v 7.1480 1.0070 0.1016
v 7.1480 1.0450 0.1016
v 7.1480 1.0450 0.1816
v 7.1400 0.9620 0.1816
v 7.1400 0.9620 0.1016
v 7.1400 1.0000 0.1016
v 7.1400 1.0000 0.1816
v 7.1480 0.9620 0.1816
v 7.1480 0.9620 0.1016
v 7.1480 1.0000 0.1016
v 7.1480 1.0000 0.1816
v 7.0100 0.7500 0.4316
v 7.0100 0.7500 -0.0084
v 7.0100 0.7900 -0.0084
v 7.0100 0.7900 0.4316
v 7.1300 0.7500 0.4316
v 7.1300 0.7500 -0.0084
v 7.1300 0.7900 -0.0084
v 7.1300 0.7900 0.4316
vn -1.0000 0.0000 0.0000
usemtl panel_paint
f 799//753 802//753 801//753 800//753
vn 1.0000 0.0000 0.0000
f 803//754 804//754 805//754 806//754
vn 0.0000 0.0000 1.0000
f 799//755 803//755 806//755 802//755
vn 0.0000 0.0000 -1.0000
f 800//756 801//756 805//756 804//756
vn 0.0000 1.0000 0.0000
f 802//757 806//757 805//757 801//757
vn 0.0000 -1.0000 0.0000
f 799//758 800//758 804//758 803//758
vn -1.0000 0.0000 0.0000
f 807//759 810//759 809//759 808//759
vn 1.0000 0.0000 0.0000
f 811//760 812//760 813//760 814//760
vn 0.0000 0.0000 1.0000
f 807//761 811//761 814//761 810//761
vn 0.0000 0.0000 -1.0000
f 808//762 809//762 813//762 812//762
vn 0.0000 1.0000 0.0000
f 810//763 814//763 813//763 809//763
vn 0.0000 -1.0000 0.0000
f 807//764 808//764 812//764 811//764
vn -1.0000 0.0000 0.0000
usemtl panel_seam
f 815//765 818//765 817//765 816//765
vn 1.0000 0.0000 0.0000
f 819//766 820//766 821//766 822//766
vn 0.0000 0.0000 1.0000
f 815//767 819//767 822//767 818//767
vn 0.0000 0.0000 -1.0000
f 816//768 817//768 821//768 820//768
vn 0.0000 1.0000 0.0000
f 818//769 822//769 821//769 817//769
vn 0.0000 -1.0000 0.0000
f 815//770 816//770 820//770 819//770
vn -1.0000 0.0000 0.0000
f 823//771 826//771 825//771 824//771
vn 1.0000 0.0000 0.0000
f 827//772 828//772 829//772 830//772
vn 0.0000 0.0000 1.0000
f 823//773 827//773 830//773 826//773
vn 0.0000 0.0000 -1.0000
f 824//774 825//774 829//774 828//774
vn 0.0000 1.0000 0.0000
f 826//775 830//775 829//775 825//775
vn 0.0000 -1.0000 0.0000
f 823//776 824//776 828//776 827//776
vn -1.0000 0.0000 0.0000
f 831//777 834//777 833//777 832//777
vn 1.0000 0.0000 0.0000
f 835//778 836//778 837//778 838//778
vn 0.0000 0.0000 1.0000
f 831//779 835//779 838//779 834//779
vn 0.0000 0.0000 -1.0000
f 832//780 833//780 837//780 836//780
vn 0.0000 1.0000 0.0000
f 834//781 838//781 837//781 833//781
vn 0.0000 -1.0000 0.0000
f 831//782 832//782 836//782 835//782
vn -1.0000 0.0000 0.0000
usemtl breaker_white
f 839//783 842//783 841//783 840//783
vn 1.0000 0.0000 0.0000
f 843//784 844//784 845//784 846//784
vn 0.0000 0.0000 1.0000
f 839//785 843//785 846//785 842//785
vn 0.0000 0.0000 -1.0000
f 840//786 841//786 845//786 844//786
vn 0.0000 1.0000 0.0000
f 842//787 846//787 845//787 841//787
vn 0.0000 -1.0000 0.0000
f 839//788 840//788 844//788 843//788
vn -1.0000 0.0000 0.0000
f 847//789 850//789 849//789 848//789
vn 1.0000 0.0000 0.0000
f 851//790 852//790 853//790 854//790
vn 0.0000 0.0000 1.0000
f 847//791 851//791 854//791 850//791
vn 0.0000 0.0000 -1.0000
f 848//792 849//792 853//792 852//792
vn 0.0000 1.0000 0.0000
f 850//793 854//793 853//793 849//793
vn 0.0000 -1.0000 0.0000
f 847//794 848//794 852//794 851//794
vn -1.0000 0.0000 0.0000
f 855//795 858//795 857//795 856//795
vn 1.0000 0.0000 0.0000
f 859//796 860//796 861//796 862//796
vn 0.0000 0.0000 1.0000
f 855//797 859//797 862//797 858//797
vn 0.0000 0.0000 -1.0000
f 856//798 857//798 861//798 860//798
vn 0.0000 1.0000 0.0000
f 858//799 862//799 861//799 857//799
vn 0.0000 -1.0000 0.0000
f 855//800 856//800 860//800 859//800
vn -1.0000 0.0000 0.0000
f 863//801 866//801 865//801 864//801
vn 1.0000 0.0000 0.0000
f 867//802 868//802 869//802 870//802
vn 0.0000 0.0000 1.0000
f 863//803 867//803 870//803 866//803
vn 0.0000 0.0000 -1.0000
f 864//804 865//804 869//804 868//804
vn 0.0000 1.0000 0.0000
f 866//805 870//805 869//805 865//805
vn 0.0000 -1.0000 0.0000
f 863//806 864//806 868//806 867//806
vn -1.0000 0.0000 0.0000
f 871//807 874//807 873//807 872//807
vn 1.0000 0.0000 0.0000
f 875//808 876//808 877//808 878//808
vn 0.0000 0.0000 1.0000
f 871//809 875//809 878//809 874//809
vn 0.0000 0.0000 -1.0000
f 872//810 873//810 877//810 876//810
vn 0.0000 1.0000 0.0000
f 874//811 878//811 877//811 873//811
vn 0.0000 -1.0000 0.0000
f 871//812 872//812 876//812 875//812
vn -1.0000 0.0000 0.0000
usemtl breaker_slot
f 879//813 882//813 881//813 880//813
vn 1.0000 0.0000 0.0000
f 883//814 884//814 885//814 886//814
vn 0.0000 0.0000 1.0000
f 879//815 883//815 886//815 882//815
vn 0.0000 0.0000 -1.0000
f 880//816 881//816 885//816 884//816
vn 0.0000 1.0000 0.0000
f 882//817 886//817 885//817 881//817
vn 0.0000 -1.0000 0.0000
f 879//818 880//818 884//818 883//818
vn -1.0000 0.0000 0.0000
f 887//819 890//819 889//819 888//819
vn 1.0000 0.0000 0.0000
f 891//820 892//820 893//820 894//820
vn 0.0000 0.0000 1.0000
f 887//821 891//821 894//821 890//821
vn 0.0000 0.0000 -1.0000
f 888//822 889//822 893//822 892//822
vn 0.0000 1.0000 0.0000
f 890//823 894//823 893//823 889//823
vn 0.0000 -1.0000 0.0000
f 887//824 888//824 892//824 891//824
vn -1.0000 0.0000 0.0000
f 895//825 898//825 897//825 896//825
vn 1.0000 0.0000 0.0000
f 899//826 900//826 901//826 902//826
vn 0.0000 0.0000 1.0000
f 895//827 899//827 902//827 898//827
vn 0.0000 0.0000 -1.0000
f 896//828 897//828 901//828 900//828
vn 0.0000 1.0000 0.0000
f 898//829 902//829 901//829 897//829
vn 0.0000 -1.0000 0.0000
f 895//830 896//830 900//830 899//830
vn -1.0000 0.0000 0.0000
f 903//831 906//831 905//831 904//831
vn 1.0000 0.0000 0.0000
f 907//832 908//832 909//832 910//832
vn 0.0000 0.0000 1.0000
f 903//833 907//833 910//833 906//833
vn 0.0000 0.0000 -1.0000
f 904//834 905//834 909//834 908//834
vn 0.0000 1.0000 0.0000
f 906//835 910//835 909//835 905//835
vn 0.0000 -1.0000 0.0000
f 903//836 904//836 908//836 907//836
vn -1.0000 0.0000 0.0000
f 911//837 914//837 913//837 912//837
vn 1.0000 0.0000 0.0000
f 915//838 916//838 917//838 918//838
vn 0.0000 0.0000 1.0000
f 911//839 915//839 918//839 914//839
vn 0.0000 0.0000 -1.0000
f 912//840 913//840 917//840 916//840
vn 0.0000 1.0000 0.0000
f 914//841 918//841 917//841 913//841
vn 0.0000 -1.0000 0.0000
f 911//842 912//842 916//842 915//842
vn -1.0000 0.0000 0.0000
f 919//843 922//843 921//843 920//843
vn 1.0000 0.0000 0.0000
f 923//844 924//844 925//844 926//844
vn 0.0000 0.0000 1.0000
f 919//845 923//845 926//845 922//845
vn 0.0000 0.0000 -1.0000
f 920//846 921//846 925//846 924//846
vn 0.0000 1.0000 0.0000
f 922//847 926//847 925//847 921//847
vn 0.0000 -1.0000 0.0000
f 919//848 920//848 924//848 923//848
vn -1.0000 0.0000 0.0000
f 927//849 930//849 929//849 928//849
vn 1.0000 0.0000 0.0000
f 931//850 932//850 933//850 934//850
vn 0.0000 0.0000 1.0000
f 927//851 931//851 934//851 930//851
vn 0.0000 0.0000 -1.0000
f 928//852 929//852 933//852 932//852
vn 0.0000 1.0000 0.0000
f 930//853 934//853 933//853 929//853
vn 0.0000 -1.0000 0.0000
f 927//854 928//854 932//854 931//854
vn -1.0000 0.0000 0.0000
f 935//855 938//855 937//855 936//855
vn 1.0000 0.0000 0.0000
f 939//856 940//856 941//856 942//856
vn 0.0000 0.0000 1.0000
f 935//857 939//857 942//857 938//857
vn 0.0000 0.0000 -1.0000
f 936//858 937//858 941//858 940//858
vn 0.0000 1.0000 0.0000
f 938//859 942//859 941//859 937//859
vn 0.0000 -1.0000 0.0000
f 935//860 936//860 940//860 939//860
vn -1.0000 0.0000 0.0000
usemtl breaker_white
f 943//861 946//861 945//861 944//861
vn 1.0000 0.0000 0.0000
f 947//862 948//862 949//862 950//862
vn 0.0000 0.0000 1.0000
f 943//863 947//863 950//863 946//863
vn 0.0000 0.0000 -1.0000
f 944//864 945//864 949//864 948//864
vn 0.0000 1.0000 0.0000
f 946//865 950//865 949//865 945//865
vn 0.0000 -1.0000 0.0000
f 943//866 944//866 948//866 947//866
vn -1.0000 0.0000 0.0000
f 951//867 954//867 953//867 952//867
vn 1.0000 0.0000 0.0000
f 955//868 956//868 957//868 958//868
vn 0.0000 0.0000 1.0000
f 951//869 955//869 958//869 954//869
vn 0.0000 0.0000 -1.0000
f 952//870 953//870 957//870 956//870
vn 0.0000 1.0000 0.0000
f 954//871 958//871 957//871 953//871
vn 0.0000 -1.0000 0.0000
f 951//872 952//872 956//872 955//872
vn -1.0000 0.0000 0.0000
f 959//873 962//873 961//873 960//873
vn 1.0000 0.0000 0.0000
f 963//874 964//874 965//874 966//874
vn 0.0000 0.0000 1.0000
f 959//875 963//875 966//875 962//875
vn 0.0000 0.0000 -1.0000
f 960//876 961//876 965//876 964//876
vn 0.0000 1.0000 0.0000
f 962//877 966//877 965//877 961//877
vn 0.0000 -1.0000 0.0000
f 959//878 960//878 964//878 963//878
vn -1.0000 0.0000 0.0000
f 967//879 970//879 969//879 968//879
vn 1.0000 0.0000 0.0000
f 971//880 972//880 973//880 974//880
vn 0.0000 0.0000 1.0000
f 967//881 971//881 974//881 970//881
vn 0.0000 0.0000 -1.0000
f 968//882 969//882 973//882 972//882
vn 0.0000 1.0000 0.0000
f 970//883 974//883 973//883 969//883
vn 0.0000 -1.0000 0.0000
f 967//884 968//884 972//884 971//884
vn -1.0000 0.0000 0.0000
f 975//885 978//885 977//885 976//885
vn 1.0000 0.0000 0.0000
f 979//886 980//886 981//886 982//886
vn 0.0000 0.0000 1.0000
f 975//887 979//887 982//887 978//887
vn 0.0000 0.0000 -1.0000
f 976//888 977//888 981//888 980//888
vn 0.0000 1.0000 0.0000
f 978//889 982//889 981//889 977//889
vn 0.0000 -1.0000 0.0000
f 975//890 976//890 980//890 979//890
vn -1.0000 0.0000 0.0000
f 983//891 986//891 985//891 984//891
vn 1.0000 0.0000 0.0000
f 987//892 988//892 989//892 990//892
vn 0.0000 0.0000 1.0000
f 983//893 987//893 990//893 986//893
vn 0.0000 0.0000 -1.0000
f 984//894 985//894 989//894 988//894
vn 0.0000 1.0000 0.0000
f 986//895 990//895 989//895 985//895
vn 0.0000 -1.0000 0.0000
f 983//896 984//896 988//896 987//896
vn -1.0000 0.0000 0.0000
f 991//897 994//897 993//897 992//897
vn 1.0000 0.0000 0.0000
f 995//898 996//898 997//898 998//898
vn 0.0000 0.0000 1.0000
f 991//899 995//899 998//899 994//899
vn 0.0000 0.0000 -1.0000
f 992//900 993//900 997//900 996//900
vn 0.0000 1.0000 0.0000
f 994//901 998//901 997//901 993//901
vn 0.0000 -1.0000 0.0000
f 991//902 992//902 996//902 995//902
vn -1.0000 0.0000 0.0000
usemtl breaker_slot
f 999//903 1002//903 1001//903 1000//903
vn 1.0000 0.0000 0.0000
f 1003//904 1004//904 1005//904 1006//904
vn 0.0000 0.0000 1.0000
f 999//905 1003//905 1006//905 1002//905
vn 0.0000 0.0000 -1.0000
f 1000//906 1001//906 1005//906 1004//906
vn 0.0000 1.0000 0.0000
f 1002//907 1006//907 1005//907 1001//907
vn 0.0000 -1.0000 0.0000
f 999//908 1000//908 1004//908 1003//908
vn -1.0000 0.0000 0.0000
f 1007//909 1010//909 1009//909 1008//909
vn 1.0000 0.0000 0.0000
f 1011//910 1012//910 1013//910 1014//910
vn 0.0000 0.0000 1.0000
f 1007//911 1011//911 1014//911 1010//911
vn 0.0000 0.0000 -1.0000
f 1008//912 1009//912 1013//912 1012//912
vn 0.0000 1.0000 0.0000
f 1010//913 1014//913 1013//913 1009//913
vn 0.0000 -1.0000 0.0000
f 1007//914 1008//914 1012//914 1011//914
vn -1.0000 0.0000 0.0000
f 1015//915 1018//915 1017//915 1016//915
vn 1.0000 0.0000 0.0000
f 1019//916 1020//916 1021//916 1022//916
vn 0.0000 0.0000 1.0000
f 1015//917 1019//917 1022//917 1018//917
vn 0.0000 0.0000 -1.0000
f 1016//918 1017//918 1021//918 1020//918
vn 0.0000 1.0000 0.0000
f 1018//919 1022//919 1021//919 1017//919
vn 0.0000 -1.0000 0.0000
f 1015//920 1016//920 1020//920 1019//920
vn -1.0000 0.0000 0.0000
f 1023//921 1026//921 1025//921 1024//921
vn 1.0000 0.0000 0.0000
f 1027//922 1028//922 1029//922 1030//922
vn 0.0000 0.0000 1.0000
f 1023//923 1027//923 1030//923 1026//923
vn 0.0000 0.0000 -1.0000
f 1024//924 1025//924 1029//924 1028//924
vn 0.0000 1.0000 0.0000
f 1026//925 1030//925 1029//925 1025//925
vn 0.0000 -1.0000 0.0000
f 1023//926 1024//926 1028//926 1027//926
vn -1.0000 0.0000 0.0000
f 1031//927 1034//927 1033//927 1032//927
vn 1.0000 0.0000 0.0000
f 1035//928 1036//928 1037//928 1038//928
vn 0.0000 0.0000 1.0000
f 1031//929 1035//929 1038//929 1034//929
vn 0.0000 0.0000 -1.0000
f 1032//930 1033//930 1037//930 1036//930
vn 0.0000 1.0000 0.0000
f 1034//931 1038//931 1037//931 1033//931
vn 0.0000 -1.0000 0.0000
f 1031//932 1032//932 1036//932 1035//932
vn -1.0000 0.0000 0.0000
usemtl steel_paint_dark
f 1039//933 1042//933 1041//933 1040//933
vn 1.0000 0.0000 0.0000
f 1043//934 1044//934 1045//934 1046//934
vn 0.0000 0.0000 1.0000
f 1039//935 1043//935 1046//935 1042//935
vn 0.0000 0.0000 -1.0000
f 1040//936 1041//936 1045//936 1044//936
vn 0.0000 1.0000 0.0000
f 1042//937 1046//937 1045//937 1041//937
vn 0.0000 -1.0000 0.0000
f 1039//938 1040//938 1044//938 1043//938
o conduit_nipple
v 7.0500 1.5300 0.6116
v 7.0500 1.5300 0.8616
v 7.0615 1.5277 0.6116
v 7.0615 1.5277 0.8616
v 7.0712 1.5212 0.6116
v 7.0712 1.5212 0.8616
v 7.0777 1.5115 0.6116
v 7.0777 1.5115 0.8616
v 7.0800 1.5000 0.6116
v 7.0800 1.5000 0.8616
v 7.0777 1.4885 0.6116
v 7.0777 1.4885 0.8616
v 7.0712 1.4788 0.6116
v 7.0712 1.4788 0.8616
v 7.0615 1.4723 0.6116
v 7.0615 1.4723 0.8616
v 7.0500 1.4700 0.6116
v 7.0500 1.4700 0.8616
v 7.0385 1.4723 0.6116
v 7.0385 1.4723 0.8616
v 7.0288 1.4788 0.6116
v 7.0288 1.4788 0.8616
v 7.0223 1.4885 0.6116
v 7.0223 1.4885 0.8616
v 7.0200 1.5000 0.6116
v 7.0200 1.5000 0.8616
v 7.0223 1.5115 0.6116
v 7.0223 1.5115 0.8616
v 7.0288 1.5212 0.6116
v 7.0288 1.5212 0.8616
v 7.0385 1.5277 0.6116
v 7.0385 1.5277 0.8616
v 7.0500 1.5000 0.6116
v 7.0500 1.5000 0.8616
v 7.0500 1.5380 0.8366
v 7.0500 1.5380 0.8566
v 7.0829 1.5190 0.8366
v 7.0829 1.5190 0.8566
v 7.0829 1.4810 0.8366
v 7.0829 1.4810 0.8566
v 7.0500 1.4620 0.8366
v 7.0500 1.4620 0.8566
v 7.0171 1.4810 0.8366
v 7.0171 1.4810 0.8566
v 7.0171 1.5190 0.8366
v 7.0171 1.5190 0.8566
v 7.0500 1.5000 0.8366
v 7.0500 1.5000 0.8566
v 7.0500 1.5380 0.6166
v 7.0500 1.5380 0.6366
v 7.0829 1.5190 0.6166
v 7.0829 1.5190 0.6366
v 7.0829 1.4810 0.6166
v 7.0829 1.4810 0.6366
v 7.0500 1.4620 0.6166
v 7.0500 1.4620 0.6366
v 7.0171 1.4810 0.6166
v 7.0171 1.4810 0.6366
v 7.0171 1.5190 0.6166
v 7.0171 1.5190 0.6366
v 7.0500 1.5000 0.6166
v 7.0500 1.5000 0.6366
vn -0.1951 -0.9808 0.0000
usemtl galvanized
f 1047//939 1049//939 1050//939 1048//939
vn -0.5556 -0.8315 0.0000
f 1049//940 1051//940 1052//940 1050//940
vn -0.8315 -0.5556 0.0000
f 1051//941 1053//941 1054//941 1052//941
vn -0.9808 -0.1951 0.0000
f 1053//942 1055//942 1056//942 1054//942
vn -0.9808 0.1951 0.0000
f 1055//943 1057//943 1058//943 1056//943
vn -0.8315 0.5556 0.0000
f 1057//944 1059//944 1060//944 1058//944
vn -0.5556 0.8315 0.0000
f 1059//945 1061//945 1062//945 1060//945
vn -0.1951 0.9808 0.0000
f 1061//946 1063//946 1064//946 1062//946
vn 0.1951 0.9808 0.0000
f 1063//947 1065//947 1066//947 1064//947
vn 0.5556 0.8315 0.0000
f 1065//948 1067//948 1068//948 1066//948
vn 0.8315 0.5556 0.0000
f 1067//949 1069//949 1070//949 1068//949
vn 0.9808 0.1951 0.0000
f 1069//950 1071//950 1072//950 1070//950
vn 0.9808 -0.1951 0.0000
f 1071//951 1073//951 1074//951 1072//951
vn 0.8315 -0.5556 0.0000
f 1073//952 1075//952 1076//952 1074//952
vn 0.5556 -0.8315 0.0000
f 1075//953 1077//953 1078//953 1076//953
vn 0.1951 -0.9808 0.0000
f 1077//954 1047//954 1048//954 1078//954
vn 0.0000 0.0000 1.0000
f 1079//955 1049//955 1047//955
vn 0.0000 0.0000 -1.0000
f 1080//956 1048//956 1050//956
vn 0.0000 0.0000 1.0000
f 1079//957 1051//957 1049//957
vn 0.0000 0.0000 -1.0000
f 1080//958 1050//958 1052//958
vn 0.0000 0.0000 1.0000
f 1079//959 1053//959 1051//959
vn -0.0000 0.0000 -1.0000
f 1080//960 1052//960 1054//960
vn 0.0000 0.0000 1.0000
f 1079//961 1055//961 1053//961
vn 0.0000 0.0000 -1.0000
f 1080//962 1054//962 1056//962
vn 0.0000 0.0000 1.0000
f 1079//963 1057//963 1055//963
vn 0.0000 0.0000 -1.0000
f 1080//964 1056//964 1058//964
vn 0.0000 0.0000 1.0000
f 1079//965 1059//965 1057//965
vn -0.0000 0.0000 -1.0000
f 1080//966 1058//966 1060//966
vn 0.0000 0.0000 1.0000
f 1079//967 1061//967 1059//967
vn 0.0000 0.0000 -1.0000
f 1080//968 1060//968 1062//968
vn 0.0000 0.0000 1.0000
f 1079//969 1063//969 1061//969
vn 0.0000 0.0000 -1.0000
f 1080//970 1062//970 1064//970
vn 0.0000 0.0000 1.0000
f 1079//971 1065//971 1063//971
vn 0.0000 0.0000 -1.0000
f 1080//972 1064//972 1066//972
vn 0.0000 0.0000 1.0000
f 1079//973 1067//973 1065//973
vn 0.0000 0.0000 -1.0000
f 1080//974 1066//974 1068//974
vn 0.0000 0.0000 1.0000
f 1079//975 1069//975 1067//975
vn 0.0000 0.0000 -1.0000
f 1080//976 1068//976 1070//976
vn 0.0000 0.0000 1.0000
f 1079//977 1071//977 1069//977
vn 0.0000 0.0000 -1.0000
f 1080//978 1070//978 1072//978
vn 0.0000 0.0000 1.0000
f 1079//979 1073//979 1071//979
vn 0.0000 0.0000 -1.0000
f 1080//980 1072//980 1074//980
vn 0.0000 0.0000 1.0000
f 1079//981 1075//981 1073//981
vn 0.0000 0.0000 -1.0000
f 1080//982 1074//982 1076//982
vn -0.0000 0.0000 1.0000
f 1079//983 1077//983 1075//983
vn 0.0000 0.0000 -1.0000
f 1080//984 1076//984 1078//984
vn 0.0000 0.0000 1.0000
f 1079//985 1047//985 1077//985
vn 0.0000 0.0000 -1.0000
f 1080//986 1078//986 1048//986
vn -0.5000 -0.8660 0.0000
f 1081//987 1083//987 1084//987 1082//987
vn -1.0000 0.0000 0.0000
f 1083//988 1085//988 1086//988 1084//988
vn -0.5000 0.8660 0.0000
f 1085//989 1087//989 1088//989 1086//989
vn 0.5000 0.8660 0.0000
f 1087//990 1089//990 1090//990 1088//990
vn 1.0000 0.0000 0.0000
f 1089//991 1091//991 1092//991 1090//991
vn 0.5000 -0.8660 0.0000
f 1091//992 1081//992 1082//992 1092//992
vn 0.0000 0.0000 1.0000
f 1093//993 1083//993 1081//993
vn 0.0000 0.0000 -1.0000
f 1094//994 1082//994 1084//994
vn 0.0000 0.0000 1.0000
f 1093//995 1085//995 1083//995
vn 0.0000 0.0000 -1.0000
f 1094//996 1084//996 1086//996
vn 0.0000 0.0000 1.0000
f 1093//997 1087//997 1085//997
vn 0.0000 0.0000 -1.0000
f 1094//998 1086//998 1088//998
vn -0.0000 0.0000 1.0000
f 1093//999 1089//999 1087//999
vn -0.0000 0.0000 -1.0000
f 1094//1000 1088//1000 1090//1000
vn 0.0000 0.0000 1.0000
f 1093//1001 1091//1001 1089//1001
vn 0.0000 0.0000 -1.0000
f 1094//1002 1090//1002 1092//1002
vn -0.0000 0.0000 1.0000
f 1093//1003 1081//1003 1091//1003
vn -0.0000 0.0000 -1.0000
f 1094//1004 1092//1004 1082//1004
vn -0.5000 -0.8660 0.0000
f 1095//1005 1097//1005 1098//1005 1096//1005
vn -1.0000 0.0000 0.0000
f 1097//1006 1099//1006 1100//1006 1098//1006
vn -0.5000 0.8660 0.0000
f 1099//1007 1101//1007 1102//1007 1100//1007
vn 0.5000 0.8660 0.0000
f 1101//1008 1103//1008 1104//1008 1102//1008
vn 1.0000 0.0000 0.0000
f 1103//1009 1105//1009 1106//1009 1104//1009
vn 0.5000 -0.8660 0.0000
f 1105//1010 1095//1010 1096//1010 1106//1010
vn -0.0000 0.0000 1.0000
f 1107//1011 1097//1011 1095//1011
vn -0.0000 0.0000 -1.0000
f 1108//1012 1096//1012 1098//1012
vn 0.0000 0.0000 1.0000
f 1107//1013 1099//1013 1097//1013
vn 0.0000 0.0000 -1.0000
f 1108//1014 1098//1014 1100//1014
vn -0.0000 0.0000 1.0000
f 1107//1015 1101//1015 1099//1015
vn -0.0000 0.0000 -1.0000
f 1108//1016 1100//1016 1102//1016
vn 0.0000 0.0000 1.0000
f 1107//1017 1103//1017 1101//1017
vn 0.0000 0.0000 -1.0000
f 1108//1018 1102//1018 1104//1018
vn -0.0000 0.0000 1.0000
f 1107//1019 1105//1019 1103//1019
vn -0.0000 0.0000 -1.0000
f 1108//1020 1104//1020 1106//1020
vn 0.0000 0.0000 1.0000
f 1107//1021 1095//1021 1105//1021
vn 0.0000 0.0000 -1.0000
f 1108//1022 1106//1022 1096//1022
o standby_generator
v 7.7000 0.0000 -0.7542
v 7.7000 0.0000 -2.0542
v 7.7000 0.0800 -2.0542
v 7.7000 0.0800 -0.7542
v 8.5000 0.0000 -0.7542
v 8.5000 0.0000 -2.0542
v 8.5000 0.0800 -2.0542
v 8.5000 0.0800 -0.7542
v 7.7500 0.0800 -0.8042
v 7.7500 0.0800 -2.0042
v 7.7500 0.7200 -2.0042
v 7.7500 0.7200 -0.8042
v 8.4500 0.0800 -0.8042
v 8.4500 0.0800 -2.0042
v 8.4500 0.7200 -2.0042
v 8.4500 0.7200 -0.8042
v 7.7300 0.7100 -0.7842
v 7.7300 0.7100 -2.0242
v 7.7300 0.7700 -2.0242
v 7.7300 0.7700 -0.7842
v 8.4700 0.7100 -0.7842
v 8.4700 0.7100 -2.0242
v 8.4700 0.7700 -2.0242
v 8.4700 0.7700 -0.7842
v 8.4500 0.2000 -1.0242
v 8.4500 0.2000 -1.0842
v 8.4500 0.6000 -1.0842
v 8.4500 0.6000 -1.0242
v 8.4540 0.2000 -1.0242
v 8.4540 0.2000 -1.0842
v 8.4540 0.6000 -1.0842
v 8.4540 0.6000 -1.0242
v 8.4500 0.2000 -1.1642
v 8.4500 0.2000 -1.2242
v 8.4500 0.6000 -1.2242
v 8.4500 0.6000 -1.1642
v 8.4540 0.2000 -1.1642
v 8.4540 0.2000 -1.2242
v 8.4540 0.6000 -1.2242
v 8.4540 0.6000 -1.1642
v 8.4500 0.2000 -1.3042
v 8.4500 0.2000 -1.3642
v 8.4500 0.6000 -1.3642
v 8.4500 0.6000 -1.3042
v 8.4540 0.2000 -1.3042
v 8.4540 0.2000 -1.3642
v 8.4540 0.6000 -1.3642
v 8.4540 0.6000 -1.3042
v 8.4500 0.2000 -1.4442
v 8.4500 0.2000 -1.5042
v 8.4500 0.6000 -1.5042
v 8.4500 0.6000 -1.4442
v 8.4540 0.2000 -1.4442
v 8.4540 0.2000 -1.5042
v 8.4540 0.6000 -1.5042
v 8.4540 0.6000 -1.4442
v 8.4500 0.2000 -1.5842
v 8.4500 0.2000 -1.6442
v 8.4500 0.6000 -1.6442
v 8.4500 0.6000 -1.5842
v 8.4540 0.2000 -1.5842
v 8.4540 0.2000 -1.6442
v 8.4540 0.6000 -1.6442
v 8.4540 0.6000 -1.5842
v 8.4500 0.2000 -1.7242
v 8.4500 0.2000 -1.7842
v 8.4500 0.6000 -1.7842
v 8.4500 0.6000 -1.7242
v 8.4540 0.2000 -1.7242
v 8.4540 0.2000 -1.7842
v 8.4540 0.6000 -1.7842
v 8.4540 0.6000 -1.7242
vn -1.0000 0.0000 0.0000
usemtl slab_pad
f 1109//1023 1112//1023 1111//1023 1110//1023
vn 1.0000 0.0000 0.0000
f 1113//1024 1114//1024 1115//1024 1116//1024
vn 0.0000 0.0000 1.0000
f 1109//1025 1113//1025 1116//1025 1112//1025
vn 0.0000 0.0000 -1.0000
f 1110//1026 1111//1026 1115//1026 1114//1026
vn 0.0000 1.0000 0.0000
f 1112//1027 1116//1027 1115//1027 1111//1027
vn 0.0000 -1.0000 0.0000
f 1109//1028 1110//1028 1114//1028 1113//1028
vn -1.0000 0.0000 0.0000
usemtl gen_tan
f 1117//1029 1120//1029 1119//1029 1118//1029
vn 1.0000 0.0000 0.0000
f 1121//1030 1122//1030 1123//1030 1124//1030
vn 0.0000 0.0000 1.0000
f 1117//1031 1121//1031 1124//1031 1120//1031
vn 0.0000 0.0000 -1.0000
f 1118//1032 1119//1032 1123//1032 1122//1032
vn 0.0000 1.0000 0.0000
f 1120//1033 1124//1033 1123//1033 1119//1033
vn 0.0000 -1.0000 0.0000
f 1117//1034 1118//1034 1122//1034 1121//1034
vn -1.0000 0.0000 0.0000
usemtl gen_dark
f 1125//1035 1128//1035 1127//1035 1126//1035
vn 1.0000 0.0000 0.0000
f 1129//1036 1130//1036 1131//1036 1132//1036
vn 0.0000 0.0000 1.0000
f 1125//1037 1129//1037 1132//1037 1128//1037
vn 0.0000 0.0000 -1.0000
f 1126//1038 1127//1038 1131//1038 1130//1038
vn 0.0000 1.0000 0.0000
f 1128//1039 1132//1039 1131//1039 1127//1039
vn 0.0000 -1.0000 0.0000
f 1125//1040 1126//1040 1130//1040 1129//1040
vn -1.0000 0.0000 0.0000
f 1133//1041 1136//1041 1135//1041 1134//1041
vn 1.0000 0.0000 0.0000
f 1137//1042 1138//1042 1139//1042 1140//1042
vn 0.0000 0.0000 1.0000
f 1133//1043 1137//1043 1140//1043 1136//1043
vn 0.0000 0.0000 -1.0000
f 1134//1044 1135//1044 1139//1044 1138//1044
vn 0.0000 1.0000 0.0000
f 1136//1045 1140//1045 1139//1045 1135//1045
vn 0.0000 -1.0000 0.0000
f 1133//1046 1134//1046 1138//1046 1137//1046
vn -1.0000 0.0000 0.0000
f 1141//1047 1144//1047 1143//1047 1142//1047
vn 1.0000 0.0000 0.0000
f 1145//1048 1146//1048 1147//1048 1148//1048
vn 0.0000 0.0000 1.0000
f 1141//1049 1145//1049 1148//1049 1144//1049
vn 0.0000 0.0000 -1.0000
f 1142//1050 1143//1050 1147//1050 1146//1050
vn 0.0000 1.0000 0.0000
f 1144//1051 1148//1051 1147//1051 1143//1051
vn 0.0000 -1.0000 0.0000
f 1141//1052 1142//1052 1146//1052 1145//1052
vn -1.0000 0.0000 0.0000
f 1149//1053 1152//1053 1151//1053 1150//1053
vn 1.0000 0.0000 0.0000
f 1153//1054 1154//1054 1155//1054 1156//1054
vn 0.0000 0.0000 1.0000
f 1149//1055 1153//1055 1156//1055 1152//1055
vn 0.0000 0.0000 -1.0000
f 1150//1056 1151//1056 1155//1056 1154//1056
vn 0.0000 1.0000 0.0000
f 1152//1057 1156//1057 1155//1057 1151//1057
vn 0.0000 -1.0000 0.0000
f 1149//1058 1150//1058 1154//1058 1153//1058
vn -1.0000 0.0000 0.0000
f 1157//1059 1160//1059 1159//1059 1158//1059
vn 1.0000 0.0000 0.0000
f 1161//1060 1162//1060 1163//1060 1164//1060
vn 0.0000 0.0000 1.0000
f 1157//1061 1161//1061 1164//1061 1160//1061
vn 0.0000 0.0000 -1.0000
f 1158//1062 1159//1062 1163//1062 1162//1062
vn 0.0000 1.0000 0.0000
f 1160//1063 1164//1063 1163//1063 1159//1063
vn 0.0000 -1.0000 0.0000
f 1157//1064 1158//1064 1162//1064 1161//1064
vn -1.0000 0.0000 0.0000
f 1165//1065 1168//1065 1167//1065 1166//1065
vn 1.0000 0.0000 0.0000
f 1169//1066 1170//1066 1171//1066 1172//1066
vn 0.0000 0.0000 1.0000
f 1165//1067 1169//1067 1172//1067 1168//1067
vn 0.0000 0.0000 -1.0000
f 1166//1068 1167//1068 1171//1068 1170//1068
vn 0.0000 1.0000 0.0000
f 1168//1069 1172//1069 1171//1069 1167//1069
vn 0.0000 -1.0000 0.0000
f 1165//1070 1166//1070 1170//1070 1169//1070
vn -1.0000 0.0000 0.0000
f 1173//1071 1176//1071 1175//1071 1174//1071
vn 1.0000 0.0000 0.0000
f 1177//1072 1178//1072 1179//1072 1180//1072
vn 0.0000 0.0000 1.0000
f 1173//1073 1177//1073 1180//1073 1176//1073
vn 0.0000 0.0000 -1.0000
f 1174//1074 1175//1074 1179//1074 1178//1074
vn 0.0000 1.0000 0.0000
f 1176//1075 1180//1075 1179//1075 1175//1075
vn 0.0000 -1.0000 0.0000
f 1173//1076 1174//1076 1178//1076 1177//1076
o base_hub
v 7.0000 1.0000 -0.4634
v 7.0000 1.0000 -0.9134
v 7.0000 1.6000 -0.9134
v 7.0000 1.6000 -0.4634
v 7.1600 1.0000 -0.4634
v 7.1600 1.0000 -0.9134
v 7.1600 1.6000 -0.9134
v 7.1600 1.6000 -0.4634
v 7.1600 1.0400 -0.4984
v 7.1600 1.0400 -0.8784
v 7.1600 1.5600 -0.8784
v 7.1600 1.5600 -0.4984
v 7.1700 1.0400 -0.4984
v 7.1700 1.0400 -0.8784
v 7.1700 1.5600 -0.8784
v 7.1700 1.5600 -0.4984
v 7.1705 1.4950 -0.6184
v 7.1705 1.4950 -0.7584
v 7.1705 1.5450 -0.7584
v 7.1705 1.5450 -0.6184
v 7.1735 1.4950 -0.6184
v 7.1735 1.4950 -0.7584
v 7.1735 1.5450 -0.7584
v 7.1735 1.5450 -0.6184
vn -1.0000 0.0000 0.0000
usemtl inverter_white
f 1181//1077 1184//1077 1183//1077 1182//1077
vn 1.0000 0.0000 0.0000
f 1185//1078 1186//1078 1187//1078 1188//1078
vn 0.0000 0.0000 1.0000
f 1181//1079 1185//1079 1188//1079 1184//1079
vn 0.0000 0.0000 -1.0000
f 1182//1080 1183//1080 1187//1080 1186//1080
vn 0.0000 1.0000 0.0000
f 1184//1081 1188//1081 1187//1081 1183//1081
vn 0.0000 -1.0000 0.0000
f 1181//1082 1182//1082 1186//1082 1185//1082
vn -1.0000 0.0000 0.0000
usemtl placard_white
f 1189//1083 1192//1083 1191//1083 1190//1083
vn 1.0000 0.0000 0.0000
f 1193//1084 1194//1084 1195//1084 1196//1084
vn 0.0000 0.0000 1.0000
f 1189//1085 1193//1085 1196//1085 1192//1085
vn 0.0000 0.0000 -1.0000
f 1190//1086 1191//1086 1195//1086 1194//1086
vn 0.0000 1.0000 0.0000
f 1192//1087 1196//1087 1195//1087 1191//1087
vn 0.0000 -1.0000 0.0000
f 1189//1088 1190//1088 1194//1088 1193//1088
vn -1.0000 0.0000 0.0000
usemtl placard_red
f 1197//1089 1200//1089 1199//1089 1198//1089
vn 1.0000 0.0000 0.0000
f 1201//1090 1202//1090 1203//1090 1204//1090
vn 0.0000 0.0000 1.0000
f 1197//1091 1201//1091 1204//1091 1200//1091
vn 0.0000 0.0000 -1.0000
f 1198//1092 1199//1092 1203//1092 1202//1092
vn 0.0000 1.0000 0.0000
f 1200//1093 1204//1093 1203//1093 1199//1093
vn 0.0000 -1.0000 0.0000
f 1197//1094 1198//1094 1202//1094 1201//1094
o vlld
v 7.0000 1.3500 -1.1634
v 7.0000 1.3500 -1.3634
v 7.0000 1.6500 -1.3634
v 7.0000 1.6500 -1.1634
v 7.1200 1.3500 -1.1634
v 7.1200 1.3500 -1.3634
v 7.1200 1.6500 -1.3634
v 7.1200 1.6500 -1.1634
v 7.0400 1.4700 -1.3584
v 7.0400 1.4700 -1.3884
v 7.0400 1.5700 -1.3884
v 7.0400 1.5700 -1.3584
v 7.0800 1.4700 -1.3584
v 7.0800 1.4700 -1.3884
v 7.0800 1.5700 -1.3884
v 7.0800 1.5700 -1.3584
v 7.1205 1.5925 -1.2034
v 7.1205 1.5925 -1.3234
v 7.1205 1.6275 -1.3234
v 7.1205 1.6275 -1.2034
v 7.1235 1.5925 -1.2034
v 7.1235 1.5925 -1.3234
v 7.1235 1.6275 -1.3234
v 7.1235 1.6275 -1.2034
vn -1.0000 0.0000 0.0000
usemtl disconnect_gray
f 1205//1095 1208//1095 1207//1095 1206//1095
vn 1.0000 0.0000 0.0000
f 1209//1096 1210//1096 1211//1096 1212//1096
vn 0.0000 0.0000 1.0000
f 1205//1097 1209//1097 1212//1097 1208//1097
vn 0.0000 0.0000 -1.0000
f 1206//1098 1207//1098 1211//1098 1210//1098
vn 0.0000 1.0000 0.0000
f 1208//1099 1212//1099 1211//1099 1207//1099
vn 0.0000 -1.0000 0.0000
f 1205//1100 1206//1100 1210//1100 1209//1100
vn -1.0000 0.0000 0.0000
usemtl handle_red
f 1213//1101 1216//1101 1215//1101 1214//1101
vn 1.0000 0.0000 0.0000
f 1217//1102 1218//1102 1219//1102 1220//1102
vn 0.0000 0.0000 1.0000
f 1213//1103 1217//1103 1220//1103 1216//1103
vn 0.0000 0.0000 -1.0000
f 1214//1104 1215//1104 1219//1104 1218//1104
vn 0.0000 1.0000 0.0000
f 1216//1105 1220//1105 1219//1105 1215//1105
vn 0.0000 -1.0000 0.0000
f 1213//1106 1214//1106 1218//1106 1217//1106
vn -1.0000 0.0000 0.0000
usemtl placard_red
f 1221//1107 1224//1107 1223//1107 1222//1107
vn 1.0000 0.0000 0.0000
f 1225//1108 1226//1108 1227//1108 1228//1108
vn 0.0000 0.0000 1.0000
f 1221//1109 1225//1109 1228//1109 1224//1109
vn 0.0000 0.0000 -1.0000
f 1222//1110 1223//1110 1227//1110 1226//1110
vn 0.0000 1.0000 0.0000
f 1224//1111 1228//1111 1227//1111 1223//1111
vn 0.0000 -1.0000 0.0000
f 1221//1112 1222//1112 1226//1112 1225//1112
o base_inverter
v 7.0000 0.9500 -1.5634
v 7.0000 0.9500 -2.1134
v 7.0000 1.6500 -2.1134
v 7.0000 1.6500 -1.5634
v 7.2000 0.9500 -1.5634
v 7.2000 0.9500 -2.1134
v 7.2000 1.6500 -2.1134
v 7.2000 1.6500 -1.5634
v 7.2000 1.0640 -1.6384
v 7.2000 1.0640 -2.0384
v 7.2000 1.0760 -2.0384
v 7.2000 1.0760 -1.6384
v 7.2040 1.0640 -1.6384
v 7.2040 1.0640 -2.0384
v 7.2040 1.0760 -2.0384
v 7.2040 1.0760 -1.6384
v 7.2000 1.0940 -1.6384
v 7.2000 1.0940 -2.0384
v 7.2000 1.1060 -2.0384
v 7.2000 1.1060 -1.6384
v 7.2040 1.0940 -1.6384
v 7.2040 1.0940 -2.0384
v 7.2040 1.1060 -2.0384
v 7.2040 1.1060 -1.6384
v 7.2000 1.1240 -1.6384
v 7.2000 1.1240 -2.0384
v 7.2000 1.1360 -2.0384
v 7.2000 1.1360 -1.6384
v 7.2040 1.1240 -1.6384
v 7.2040 1.1240 -2.0384
v 7.2040 1.1360 -2.0384
v 7.2040 1.1360 -1.6384
v 7.2000 1.1540 -1.6384
v 7.2000 1.1540 -2.0384
v 7.2000 1.1660 -2.0384
v 7.2000 1.1660 -1.6384
v 7.2040 1.1540 -1.6384
v 7.2040 1.1540 -2.0384
v 7.2040 1.1660 -2.0384
v 7.2040 1.1660 -1.6384
v 7.2000 1.1840 -1.6384
v 7.2000 1.1840 -2.0384
v 7.2000 1.1960 -2.0384
v 7.2000 1.1960 -1.6384
v 7.2040 1.1840 -1.6384
v 7.2040 1.1840 -2.0384
v 7.2040 1.1960 -2.0384
v 7.2040 1.1960 -1.6384
v 7.2015 1.5250 -1.7784
v 7.2015 1.5250 -1.8984
v 7.2015 1.5750 -1.8984
v 7.2015 1.5750 -1.7784
v 7.2045 1.5250 -1.7784
v 7.2045 1.5250 -1.8984
v 7.2045 1.5750 -1.8984
v 7.2045 1.5750 -1.7784
vn -1.0000 0.0000 0.0000
usemtl inverter_white
f 1229//1113 1232//1113 1231//1113 1230//1113
vn 1.0000 0.0000 0.0000
f 1233//1114 1234//1114 1235//1114 1236//1114
vn 0.0000 0.0000 1.0000
f 1229//1115 1233//1115 1236//1115 1232//1115
vn 0.0000 0.0000 -1.0000
f 1230//1116 1231//1116 1235//1116 1234//1116
vn 0.0000 1.0000 0.0000
f 1232//1117 1236//1117 1235//1117 1231//1117
vn 0.0000 -1.0000 0.0000
f 1229//1118 1230//1118 1234//1118 1233//1118
vn -1.0000 0.0000 0.0000
usemtl flex_gray
f 1237//1119 1240//1119 1239//1119 1238//1119
vn 1.0000 0.0000 0.0000
f 1241//1120 1242//1120 1243//1120 1244//1120
vn 0.0000 0.0000 1.0000
f 1237//1121 1241//1121 1244//1121 1240//1121
vn 0.0000 0.0000 -1.0000
f 1238//1122 1239//1122 1243//1122 1242//1122
vn 0.0000 1.0000 0.0000
f 1240//1123 1244//1123 1243//1123 1239//1123
vn 0.0000 -1.0000 0.0000
f 1237//1124 1238//1124 1242//1124 1241//1124
vn -1.0000 0.0000 0.0000
f 1245//1125 1248//1125 1247//1125 1246//1125
vn 1.0000 0.0000 0.0000
f 1249//1126 1250//1126 1251//1126 1252//1126
vn 0.0000 0.0000 1.0000
f 1245//1127 1249//1127 1252//1127 1248//1127
vn 0.0000 0.0000 -1.0000
f 1246//1128 1247//1128 1251//1128 1250//1128
vn 0.0000 1.0000 0.0000
f 1248//1129 1252//1129 1251//1129 1247//1129
vn 0.0000 -1.0000 0.0000
f 1245//1130 1246//1130 1250//1130 1249//1130
vn -1.0000 0.0000 0.0000
f 1253//1131 1256//1131 1255//1131 1254//1131
vn 1.0000 0.0000 0.0000
f 1257//1132 1258//1132 1259//1132 1260//1132
vn 0.0000 0.0000 1.0000
f 1253//1133 1257//1133 1260//1133 1256//1133
vn 0.0000 0.0000 -1.0000
f 1254//1134 1255//1134 1259//1134 1258//1134
vn 0.0000 1.0000 0.0000
f 1256//1135 1260//1135 1259//1135 1255//1135
vn 0.0000 -1.0000 0.0000
f 1253//1136 1254//1136 1258//1136 1257//1136
vn -1.0000 0.0000 0.0000
f 1261//1137 1264//1137 1263//1137 1262//1137
vn 1.0000 0.0000 0.0000
f 1265//1138 1266//1138 1267//1138 1268//1138
vn 0.0000 0.0000 1.0000
f 1261//1139 1265//1139 1268//1139 1264//1139
vn 0.0000 0.0000 -1.0000
f 1262//1140 1263//1140 1267//1140 1266//1140
vn 0.0000 1.0000 0.0000
f 1264//1141 1268//1141 1267//1141 1263//1141
vn 0.0000 -1.0000 0.0000
f 1261//1142 1262//1142 1266//1142 1265//1142
vn -1.0000 0.0000 0.0000
f 1269//1143 1272//1143 1271//1143 1270//1143
vn 1.0000 0.0000 0.0000
f 1273//1144 1274//1144 1275//1144 1276//1144
vn 0.0000 0.0000 1.0000
f 1269//1145 1273//1145 1276//1145 1272//1145
vn 0.0000 0.0000 -1.0000
f 1270//1146 1271//1146 1275//1146 1274//1146
vn 0.0000 1.0000 0.0000
f 1272//1147 1276//1147 1275//1147 1271//1147
vn 0.0000 -1.0000 0.0000
f 1269//1148 1270//1148 1274//1148 1273//1148
vn -1.0000 0.0000 0.0000
usemtl placard_yellow
f 1277//1149 1280//1149 1279//1149 1278//1149
vn 1.0000 0.0000 0.0000
f 1281//1150 1282//1150 1283//1150 1284//1150
vn 0.0000 0.0000 1.0000
f 1277//1151 1281//1151 1284//1151 1280//1151
vn 0.0000 0.0000 -1.0000
f 1278//1152 1279//1152 1283//1152 1282//1152
vn 0.0000 1.0000 0.0000
f 1280//1153 1284//1153 1283//1153 1279//1153
vn 0.0000 -1.0000 0.0000
f 1277//1154 1278//1154 1282//1154 1281//1154
o base_core_battery_1
v 7.0200 0.0000 -2.4189
v 7.0200 0.0000 -3.1579
v 7.0200 0.0600 -3.1579
v 7.0200 0.0600 -2.4189
v 7.5390 0.0000 -2.4189
v 7.5390 0.0000 -3.1579
v 7.5390 0.0600 -3.1579
v 7.5390 0.0600 -2.4189
v 7.0000 0.0600 -2.3989
v 7.0000 0.0600 -3.1779
v 7.0000 0.9730 -3.1779
v 7.0000 0.9730 -2.3989
v 7.5590 0.0600 -2.3989
v 7.5590 0.0600 -3.1779
v 7.5590 0.9730 -3.1779
v 7.5590 0.9730 -2.3989
v 7.0100 0.9730 -2.4089
v 7.0100 0.9730 -3.1679
v 7.0100 1.0030 -3.1679
v 7.0100 1.0030 -2.4089
v 7.5490 0.9730 -2.4089
v 7.5490 0.9730 -3.1679
v 7.5490 1.0030 -3.1679
v 7.5490 1.0030 -2.4089
v 7.5590 0.2407 -2.4489
v 7.5590 0.2407 -3.1279
v 7.5590 0.8626 -3.1279
v 7.5590 0.8626 -2.4489
v 7.5670 0.2407 -2.4489
v 7.5670 0.2407 -3.1279
v 7.5670 0.8626 -3.1279
v 7.5670 0.8626 -2.4489
v 7.5660 0.8566 -2.7084
v 7.5660 0.8566 -2.8684
v 7.5660 0.8686 -2.8684
v 7.5660 0.8686 -2.7084
v 7.5700 0.8566 -2.7084
v 7.5700 0.8566 -2.8684
v 7.5700 0.8686 -2.8684
v 7.5700 0.8686 -2.7084
v 7.1258 0.3420 -2.3929
v 7.1258 0.3420 -2.3989
v 7.1258 0.3600 -2.3989
v 7.1258 0.3600 -2.3929
v 7.4332 0.3420 -2.3929
v 7.4332 0.3420 -2.3989
v 7.4332 0.3600 -2.3989
v 7.4332 0.3600 -2.3929
v 7.1258 0.3920 -2.3929
v 7.1258 0.3920 -2.3989
v 7.1258 0.4100 -2.3989
v 7.1258 0.4100 -2.3929
v 7.4332 0.3920 -2.3929
v 7.4332 0.3920 -2.3989
v 7.4332 0.4100 -2.3989
v 7.4332 0.4100 -2.3929
v 7.1258 0.4420 -2.3929
v 7.1258 0.4420 -2.3989
v 7.1258 0.4600 -2.3989
v 7.1258 0.4600 -2.3929
v 7.4332 0.4420 -2.3929
v 7.4332 0.4420 -2.3989
v 7.4332 0.4600 -2.3989
v 7.4332 0.4600 -2.3929
v 7.1258 0.4920 -2.3929
v 7.1258 0.4920 -2.3989
v 7.1258 0.5101 -2.3989
v 7.1258 0.5101 -2.3929
v 7.4332 0.4920 -2.3929
v 7.4332 0.4920 -2.3989
v 7.4332 0.5101 -2.3989
v 7.4332 0.5101 -2.3929
v 7.1258 0.5420 -2.3929
v 7.1258 0.5420 -2.3989
v 7.1258 0.5600 -2.3989
v 7.1258 0.5600 -2.3929
v 7.4332 0.5420 -2.3929
v 7.4332 0.5420 -2.3989
v 7.4332 0.5600 -2.3989
v 7.4332 0.5600 -2.3929
v 7.1258 0.5920 -2.3929
v 7.1258 0.5920 -2.3989
v 7.1258 0.6100 -2.3989
v 7.1258 0.6100 -2.3929
v 7.4332 0.5920 -2.3929
v 7.4332 0.5920 -2.3989
v 7.4332 0.6100 -2.3989
v 7.4332 0.6100 -2.3929
v 7.1258 0.3420 -3.1779
v 7.1258 0.3420 -3.1839
v 7.1258 0.3600 -3.1839
v 7.1258 0.3600 -3.1779
v 7.4332 0.3420 -3.1779
v 7.4332 0.3420 -3.1839
v 7.4332 0.3600 -3.1839
v 7.4332 0.3600 -3.1779
v 7.1258 0.3920 -3.1779
v 7.1258 0.3920 -3.1839
v 7.1258 0.4100 -3.1839
v 7.1258 0.4100 -3.1779
v 7.4332 0.3920 -3.1779
v 7.4332 0.3920 -3.1839
v 7.4332 0.4100 -3.1839
v 7.4332 0.4100 -3.1779
v 7.1258 0.4420 -3.1779
v 7.1258 0.4420 -3.1839
v 7.1258 0.4600 -3.1839
v 7.1258 0.4600 -3.1779
v 7.4332 0.4420 -3.1779
v 7.4332 0.4420 -3.1839
v 7.4332 0.4600 -3.1839
v 7.4332 0.4600 -3.1779
v 7.1258 0.4920 -3.1779
v 7.1258 0.4920 -3.1839
v 7.1258 0.5101 -3.1839
v 7.1258 0.5101 -3.1779
v 7.4332 0.4920 -3.1779
v 7.4332 0.4920 -3.1839
v 7.4332 0.5101 -3.1839
v 7.4332 0.5101 -3.1779
v 7.1258 0.5420 -3.1779
v 7.1258 0.5420 -3.1839
v 7.1258 0.5600 -3.1839
v 7.1258 0.5600 -3.1779
v 7.4332 0.5420 -3.1779
v 7.4332 0.5420 -3.1839
v 7.4332 0.5600 -3.1839
v 7.4332 0.5600 -3.1779
v 7.1258 0.5920 -3.1779
v 7.1258 0.5920 -3.1839
v 7.1258 0.6100 -3.1839
v 7.1258 0.6100 -3.1779
v 7.4332 0.5920 -3.1779
v 7.4332 0.5920 -3.1839
v 7.4332 0.6100 -3.1839
v 7.4332 0.6100 -3.1779
v 7.5590 0.1305 -3.0079
v 7.5590 0.1305 -3.1079
v 7.5590 0.2105 -3.1079
v 7.5590 0.2105 -3.0079
v 7.5790 0.1305 -3.0079
v 7.5790 0.1305 -3.1079
v 7.5790 0.2105 -3.1079
v 7.5790 0.2105 -3.0079
v 7.0200 0.6000 -2.6134
v 7.0200 0.0000 -2.6134
v 7.0308 0.6000 -2.6110
v 7.0308 0.0000 -2.6110
v 7.0395 0.6000 -2.6040
v 7.0395 0.0000 -2.6040
v 7.0444 0.6000 -2.5940
v 7.0444 0.0000 -2.5940
v 7.0444 0.6000 -2.5829
v 7.0444 0.0000 -2.5829
v 7.0395 0.6000 -2.5728
v 7.0395 0.0000 -2.5728
v 7.0308 0.6000 -2.5659
v 7.0308 0.0000 -2.5659
v 7.0200 0.6000 -2.5634
v 7.0200 0.0000 -2.5634
v 7.0092 0.6000 -2.5659
v 7.0092 0.0000 -2.5659
v 7.0005 0.6000 -2.5728
v 7.0005 0.0000 -2.5728
v 6.9956 0.6000 -2.5829
v 6.9956 0.0000 -2.5829
v 6.9956 0.6000 -2.5940
v 6.9956 0.0000 -2.5940
v 7.0005 0.6000 -2.6040
v 7.0005 0.0000 -2.6040
v 7.0092 0.6000 -2.6110
v 7.0092 0.0000 -2.6110
v 7.0200 0.6000 -2.5884
v 7.0200 0.0000 -2.5884
vn -1.0000 0.0000 -0.0000
usemtl core_trim
f 1285//1155 1288//1155 1287//1155 1286//1155
vn 1.0000 0.0000 0.0000
f 1289//1156 1290//1156 1291//1156 1292//1156
vn 0.0000 0.0000 1.0000
f 1285//1157 1289//1157 1292//1157 1288//1157
vn 0.0000 0.0000 -1.0000
f 1286//1158 1287//1158 1291//1158 1290//1158
vn 0.0000 1.0000 -0.0000
f 1288//1159 1292//1159 1291//1159 1287//1159
vn 0.0000 -1.0000 0.0000
f 1285//1160 1286//1160 1290//1160 1289//1160
vn -1.0000 0.0000 0.0000
usemtl core_white
f 1293//1161 1296//1161 1295//1161 1294//1161
vn 1.0000 0.0000 0.0000
f 1297//1162 1298//1162 1299//1162 1300//1162
vn 0.0000 0.0000 1.0000
f 1293//1163 1297//1163 1300//1163 1296//1163
vn 0.0000 0.0000 -1.0000
f 1294//1164 1295//1164 1299//1164 1298//1164
vn 0.0000 1.0000 0.0000
f 1296//1165 1300//1165 1299//1165 1295//1165
vn 0.0000 -1.0000 0.0000
f 1293//1166 1294//1166 1298//1166 1297//1166
vn -1.0000 0.0000 0.0000
usemtl core_panel
f 1301//1167 1304//1167 1303//1167 1302//1167
vn 1.0000 0.0000 0.0000
f 1305//1168 1306//1168 1307//1168 1308//1168
vn 0.0000 0.0000 1.0000
f 1301//1169 1305//1169 1308//1169 1304//1169
vn 0.0000 0.0000 -1.0000
f 1302//1170 1303//1170 1307//1170 1306//1170
vn 0.0000 1.0000 0.0000
f 1304//1171 1308//1171 1307//1171 1303//1171
vn 0.0000 -1.0000 0.0000
f 1301//1172 1302//1172 1306//1172 1305//1172
vn -1.0000 0.0000 0.0000
f 1309//1173 1312//1173 1311//1173 1310//1173
vn 1.0000 0.0000 0.0000
f 1313//1174 1314//1174 1315//1174 1316//1174
vn 0.0000 0.0000 1.0000
f 1309//1175 1313//1175 1316//1175 1312//1175
vn 0.0000 0.0000 -1.0000
f 1310//1176 1311//1176 1315//1176 1314//1176
vn 0.0000 1.0000 0.0000
f 1312//1177 1316//1177 1315//1177 1311//1177
vn 0.0000 -1.0000 0.0000
f 1309//1178 1310//1178 1314//1178 1313//1178
vn -1.0000 0.0000 0.0000
usemtl core_led
f 1317//1179 1320//1179 1319//1179 1318//1179
vn 1.0000 0.0000 0.0000
f 1321//1180 1322//1180 1323//1180 1324//1180
vn 0.0000 0.0000 1.0000
f 1317//1181 1321//1181 1324//1181 1320//1181
vn 0.0000 0.0000 -1.0000
f 1318//1182 1319//1182 1323//1182 1322//1182
vn 0.0000 1.0000 0.0000
f 1320//1183 1324//1183 1323//1183 1319//1183
vn 0.0000 -1.0000 0.0000
f 1317//1184 1318//1184 1322//1184 1321//1184
vn -1.0000 0.0000 0.0000
usemtl core_vent
f 1325//1185 1328//1185 1327//1185 1326//1185
vn 1.0000 0.0000 0.0000
f 1329//1186 1330//1186 1331//1186 1332//1186
vn 0.0000 0.0000 1.0000
f 1325//1187 1329//1187 1332//1187 1328//1187
vn 0.0000 0.0000 -1.0000
f 1326//1188 1327//1188 1331//1188 1330//1188
vn 0.0000 1.0000 0.0000
f 1328//1189 1332//1189 1331//1189 1327//1189
vn 0.0000 -1.0000 0.0000
f 1325//1190 1326//1190 1330//1190 1329//1190
vn -1.0000 0.0000 0.0000
f 1333//1191 1336//1191 1335//1191 1334//1191
vn 1.0000 0.0000 0.0000
f 1337//1192 1338//1192 1339//1192 1340//1192
vn 0.0000 0.0000 1.0000
f 1333//1193 1337//1193 1340//1193 1336//1193
vn 0.0000 0.0000 -1.0000
f 1334//1194 1335//1194 1339//1194 1338//1194
vn 0.0000 1.0000 0.0000
f 1336//1195 1340//1195 1339//1195 1335//1195
vn 0.0000 -1.0000 0.0000
f 1333//1196 1334//1196 1338//1196 1337//1196
vn -1.0000 0.0000 0.0000
f 1341//1197 1344//1197 1343//1197 1342//1197
vn 1.0000 0.0000 0.0000
f 1345//1198 1346//1198 1347//1198 1348//1198
vn 0.0000 0.0000 1.0000
f 1341//1199 1345//1199 1348//1199 1344//1199
vn 0.0000 0.0000 -1.0000
f 1342//1200 1343//1200 1347//1200 1346//1200
vn 0.0000 1.0000 0.0000
f 1344//1201 1348//1201 1347//1201 1343//1201
vn 0.0000 -1.0000 0.0000
f 1341//1202 1342//1202 1346//1202 1345//1202
vn -1.0000 0.0000 0.0000
f 1349//1203 1352//1203 1351//1203 1350//1203
vn 1.0000 0.0000 0.0000
f 1353//1204 1354//1204 1355//1204 1356//1204
vn 0.0000 0.0000 1.0000
f 1349//1205 1353//1205 1356//1205 1352//1205
vn 0.0000 0.0000 -1.0000
f 1350//1206 1351//1206 1355//1206 1354//1206
vn 0.0000 1.0000 0.0000
f 1352//1207 1356//1207 1355//1207 1351//1207
vn 0.0000 -1.0000 0.0000
f 1349//1208 1350//1208 1354//1208 1353//1208
vn -1.0000 0.0000 0.0000
f 1357//1209 1360//1209 1359//1209 1358//1209
vn 1.0000 0.0000 0.0000
f 1361//1210 1362//1210 1363//1210 1364//1210
vn 0.0000 0.0000 1.0000
f 1357//1211 1361//1211 1364//1211 1360//1211
vn 0.0000 0.0000 -1.0000
f 1358//1212 1359//1212 1363//1212 1362//1212
vn 0.0000 1.0000 0.0000
f 1360//1213 1364//1213 1363//1213 1359//1213
vn 0.0000 -1.0000 0.0000
f 1357//1214 1358//1214 1362//1214 1361//1214
vn -1.0000 0.0000 0.0000
f 1365//1215 1368//1215 1367//1215 1366//1215
vn 1.0000 0.0000 0.0000
f 1369//1216 1370//1216 1371//1216 1372//1216
vn 0.0000 0.0000 1.0000
f 1365//1217 1369//1217 1372//1217 1368//1217
vn 0.0000 0.0000 -1.0000
f 1366//1218 1367//1218 1371//1218 1370//1218
vn 0.0000 1.0000 0.0000
f 1368//1219 1372//1219 1371//1219 1367//1219
vn 0.0000 -1.0000 0.0000
f 1365//1220 1366//1220 1370//1220 1369//1220
vn -1.0000 0.0000 0.0000
f 1373//1221 1376//1221 1375//1221 1374//1221
vn 1.0000 0.0000 0.0000
f 1377//1222 1378//1222 1379//1222 1380//1222
vn 0.0000 0.0000 1.0000
f 1373//1223 1377//1223 1380//1223 1376//1223
vn 0.0000 0.0000 -1.0000
f 1374//1224 1375//1224 1379//1224 1378//1224
vn 0.0000 1.0000 0.0000
f 1376//1225 1380//1225 1379//1225 1375//1225
vn 0.0000 -1.0000 0.0000
f 1373//1226 1374//1226 1378//1226 1377//1226
vn -1.0000 0.0000 0.0000
f 1381//1227 1384//1227 1383//1227 1382//1227
vn 1.0000 0.0000 0.0000
f 1385//1228 1386//1228 1387//1228 1388//1228
vn 0.0000 0.0000 1.0000
f 1381//1229 1385//1229 1388//1229 1384//1229
vn 0.0000 0.0000 -1.0000
f 1382//1230 1383//1230 1387//1230 1386//1230
vn 0.0000 1.0000 0.0000
f 1384//1231 1388//1231 1387//1231 1383//1231
vn 0.0000 -1.0000 0.0000
f 1381//1232 1382//1232 1386//1232 1385//1232
vn -1.0000 0.0000 0.0000
f 1389//1233 1392//1233 1391//1233 1390//1233
vn 1.0000 0.0000 0.0000
f 1393//1234 1394//1234 1395//1234 1396//1234
vn 0.0000 0.0000 1.0000
f 1389//1235 1393//1235 1396//1235 1392//1235
vn 0.0000 0.0000 -1.0000
f 1390//1236 1391//1236 1395//1236 1394//1236
vn 0.0000 1.0000 0.0000
f 1392//1237 1396//1237 1395//1237 1391//1237
vn 0.0000 -1.0000 0.0000
f 1389//1238 1390//1238 1394//1238 1393//1238
vn -1.0000 0.0000 0.0000
f 1397//1239 1400//1239 1399//1239 1398//1239
vn 1.0000 0.0000 0.0000
f 1401//1240 1402//1240 1403//1240 1404//1240
vn 0.0000 0.0000 1.0000
f 1397//1241 1401//1241 1404//1241 1400//1241
vn 0.0000 0.0000 -1.0000
f 1398//1242 1399//1242 1403//1242 1402//1242
vn 0.0000 1.0000 0.0000
f 1400//1243 1404//1243 1403//1243 1399//1243
vn 0.0000 -1.0000 0.0000
f 1397//1244 1398//1244 1402//1244 1401//1244
vn -1.0000 0.0000 0.0000
f 1405//1245 1408//1245 1407//1245 1406//1245
vn 1.0000 0.0000 0.0000
f 1409//1246 1410//1246 1411//1246 1412//1246
vn 0.0000 0.0000 1.0000
f 1405//1247 1409//1247 1412//1247 1408//1247
vn 0.0000 0.0000 -1.0000
f 1406//1248 1407//1248 1411//1248 1410//1248
vn 0.0000 1.0000 0.0000
f 1408//1249 1412//1249 1411//1249 1407//1249
vn 0.0000 -1.0000 0.0000
f 1405//1250 1406//1250 1410//1250 1409//1250
vn -1.0000 0.0000 0.0000
f 1413//1251 1416//1251 1415//1251 1414//1251
vn 1.0000 0.0000 0.0000
f 1417//1252 1418//1252 1419//1252 1420//1252
vn 0.0000 0.0000 1.0000
f 1413//1253 1417//1253 1420//1253 1416//1253
vn 0.0000 0.0000 -1.0000
f 1414//1254 1415//1254 1419//1254 1418//1254
vn 0.0000 1.0000 0.0000
f 1416//1255 1420//1255 1419//1255 1415//1255
vn 0.0000 -1.0000 0.0000
f 1413//1256 1414//1256 1418//1256 1417//1256
vn -1.0000 0.0000 0.0000
usemtl core_trim
f 1421//1257 1424//1257 1423//1257 1422//1257
vn 1.0000 0.0000 0.0000
f 1425//1258 1426//1258 1427//1258 1428//1258
vn 0.0000 0.0000 1.0000
f 1421//1259 1425//1259 1428//1259 1424//1259
vn 0.0000 0.0000 -1.0000
f 1422//1260 1423//1260 1427//1260 1426//1260
vn 0.0000 1.0000 0.0000
f 1424//1261 1428//1261 1427//1261 1423//1261
vn 0.0000 -1.0000 0.0000
f 1421//1262 1422//1262 1426//1262 1425//1262
vn 0.2225 0.0000 -0.9749
usemtl conduit_paint
f 1429//1263 1431//1263 1432//1263 1430//1263
vn 0.6235 0.0000 -0.7818
f 1431//1264 1433//1264 1434//1264 1432//1264
vn 0.9010 0.0000 -0.4339
f 1433//1265 1435//1265 1436//1265 1434//1265
vn 1.0000 0.0000 0.0000
f 1435//1266 1437//1266 1438//1266 1436//1266
vn 0.9010 0.0000 0.4339
f 1437//1267 1439//1267 1440//1267 1438//1267
vn 0.6235 0.0000 0.7818
f 1439//1268 1441//1268 1442//1268 1440//1268
vn 0.2225 0.0000 0.9749
f 1441//1269 1443//1269 1444//1269 1442//1269
vn -0.2225 0.0000 0.9749
f 1443//1270 1445//1270 1446//1270 1444//1270
vn -0.6235 0.0000 0.7818
f 1445//1271 1447//1271 1448//1271 1446//1271
vn -0.9010 0.0000 0.4339
f 1447//1272 1449//1272 1450//1272 1448//1272
vn -1.0000 0.0000 0.0000
f 1449//1273 1451//1273 1452//1273 1450//1273
vn -0.9010 0.0000 -0.4339
f 1451//1274 1453//1274 1454//1274 1452//1274
vn -0.6235 0.0000 -0.7818
f 1453//1275 1455//1275 1456//1275 1454//1275
vn -0.2225 0.0000 -0.9749
f 1455//1276 1429//1276 1430//1276 1456//1276
vn 0.0000 1.0000 0.0000
f 1457//1277 1431//1277 1429//1277
vn 0.0000 -1.0000 0.0000
f 1458//1278 1430//1278 1432//1278
vn 0.0000 1.0000 0.0000
f 1457//1279 1433//1279 1431//1279
vn 0.0000 -1.0000 0.0000
f 1458//1280 1432//1280 1434//1280
vn 0.0000 1.0000 0.0000
f 1457//1281 1435//1281 1433//1281
vn 0.0000 -1.0000 0.0000
f 1458//1282 1434//1282 1436//1282
vn 0.0000 1.0000 0.0000
f 1457//1283 1437//1283 1435//1283
vn 0.0000 -1.0000 0.0000
f 1458//1284 1436//1284 1438//1284
vn 0.0000 1.0000 0.0000
f 1457//1285 1439//1285 1437//1285
vn 0.0000 -1.0000 0.0000
f 1458//1286 1438//1286 1440//1286
vn 0.0000 1.0000 0.0000
f 1457//1287 1441//1287 1439//1287
vn 0.0000 -1.0000 0.0000
f 1458//1288 1440//1288 1442//1288
vn 0.0000 1.0000 0.0000
f 1457//1289 1443//1289 1441//1289
vn 0.0000 -1.0000 0.0000
f 1458//1290 1442//1290 1444//1290
vn 0.0000 1.0000 0.0000
f 1457//1291 1445//1291 1443//1291
vn 0.0000 -1.0000 0.0000
f 1458//1292 1444//1292 1446//1292
vn 0.0000 1.0000 0.0000
f 1457//1293 1447//1293 1445//1293
vn 0.0000 -1.0000 0.0000
f 1458//1294 1446//1294 1448//1294
vn 0.0000 1.0000 -0.0000
f 1457//1295 1449//1295 1447//1295
vn 0.0000 -1.0000 0.0000
f 1458//1296 1448//1296 1450//1296
vn 0.0000 1.0000 0.0000
f 1457//1297 1451//1297 1449//1297
vn 0.0000 -1.0000 0.0000
f 1458//1298 1450//1298 1452//1298
vn 0.0000 1.0000 0.0000
f 1457//1299 1453//1299 1451//1299
vn 0.0000 -1.0000 0.0000
f 1458//1300 1452//1300 1454//1300
vn 0.0000 1.0000 -0.0000
f 1457//1301 1455//1301 1453//1301
vn 0.0000 -1.0000 0.0000
f 1458//1302 1454//1302 1456//1302
vn 0.0000 1.0000 0.0000
f 1457//1303 1429//1303 1455//1303
vn 0.0000 -1.0000 0.0000
f 1458//1304 1456//1304 1430//1304
o pvc_meter_to_hub
v 7.0600 1.2500 1.2816
v 7.0482 1.2500 1.2777
v 7.0410 1.2500 1.2677
v 7.0410 1.2500 1.2554
v 7.0482 1.2500 1.2454
v 7.0600 1.2500 1.2416
v 7.0718 1.2500 1.2454
v 7.0790 1.2500 1.2554
v 7.0790 1.2500 1.2677
v 7.0718 1.2500 1.2777
v 7.0600 0.5000 1.2816
v 7.0482 0.5000 1.2777
v 7.0410 0.5000 1.2677
v 7.0410 0.5000 1.2554
v 7.0482 0.5000 1.2454
v 7.0600 0.5000 1.2416
v 7.0718 0.5000 1.2454
v 7.0790 0.5000 1.2554
v 7.0790 0.5000 1.2677
v 7.0718 0.5000 1.2777
v 7.0800 0.5000 1.2616
v 7.0762 0.4882 1.2616
v 7.0662 0.4810 1.2616
v 7.0538 0.4810 1.2616
v 7.0438 0.4882 1.2616
v 7.0400 0.5000 1.2616
v 7.0438 0.5118 1.2616
v 7.0538 0.5190 1.2616
v 7.0662 0.5190 1.2616
v 7.0762 0.5118 1.2616
v 7.0800 0.5000 -0.6884
v 7.0762 0.4882 -0.6884
v 7.0662 0.4810 -0.6884
v 7.0538 0.4810 -0.6884
v 7.0438 0.4882 -0.6884
v 7.0400 0.5000 -0.6884
v 7.0438 0.5118 -0.6884
v 7.0538 0.5190 -0.6884
v 7.0662 0.5190 -0.6884
v 7.0762 0.5118 -0.6884
v 7.0600 0.5000 -0.7084
v 7.0482 0.5000 -0.7046
v 7.0410 0.5000 -0.6946
v 7.0410 0.5000 -0.6823
v 7.0482 0.5000 -0.6723
v 7.0600 0.5000 -0.6684
v 7.0718 0.5000 -0.6723
v 7.0790 0.5000 -0.6823
v 7.0790 0.5000 -0.6946
v 7.0718 0.5000 -0.7046
v 7.0600 1.0000 -0.7084
v 7.0482 1.0000 -0.7046
v 7.0410 1.0000 -0.6946
v 7.0410 1.0000 -0.6823
v 7.0482 1.0000 -0.6723
v 7.0600 1.0000 -0.6684
v 7.0718 1.0000 -0.6723
v 7.0790 1.0000 -0.6823
v 7.0790 1.0000 -0.6946
v 7.0718 1.0000 -0.7046
v 7.0600 0.5200 1.2616
v 7.0600 0.5200 1.2616
v 7.0600 0.5200 1.2616
v 7.0600 0.5200 1.2616
v 7.0600 0.5200 1.2616
v 7.0600 0.5200 1.2616
v 7.0600 0.5200 1.2616
v 7.0600 0.5200 1.2616
v 7.0700 0.5173 1.2616
v 7.0671 0.5173 1.2686
v 7.0600 0.5173 1.2716
v 7.0529 0.5173 1.2686
v 7.0500 0.5173 1.2616
v 7.0529 0.5173 1.2545
v 7.0600 0.5173 1.2516
v 7.0671 0.5173 1.2545
v 7.0773 0.5100 1.2616
v 7.0722 0.5100 1.2738
v 7.0600 0.5100 1.2789
v 7.0478 0.5100 1.2738
v 7.0427 0.5100 1.2616
v 7.0478 0.5100 1.2493
v 7.0600 0.5100 1.2442
v 7.0722 0.5100 1.2493
v 7.0800 0.5000 1.2616
v 7.0741 0.5000 1.2757
v 7.0600 0.5000 1.2816
v 7.0459 0.5000 1.2757
v 7.0400 0.5000 1.2616
v 7.0459 0.5000 1.2474
v 7.0600 0.5000 1.2416
v 7.0741 0.5000 1.2474
v 7.0773 0.4900 1.2616
v 7.0722 0.4900 1.2738
v 7.0600 0.4900 1.2789
v 7.0478 0.4900 1.2738
v 7.0427 0.4900 1.2616
v 7.0478 0.4900 1.2493
v 7.0600 0.4900 1.2442
v 7.0722 0.4900 1.2493
v 7.0700 0.4827 1.2616
v 7.0671 0.4827 1.2686
v 7.0600 0.4827 1.2716
v 7.0529 0.4827 1.2686
v 7.0500 0.4827 1.2616
v 7.0529 0.4827 1.2545
v 7.0600 0.4827 1.2516
v 7.0671 0.4827 1.2545
v 7.0600 0.4800 1.2616
v 7.0600 0.4800 1.2616
v 7.0600 0.4800 1.2616
v 7.0600 0.4800 1.2616
v 7.0600 0.4800 1.2616
v 7.0600 0.4800 1.2616
v 7.0600 0.4800 1.2616
v 7.0600 0.4800 1.2616
v 7.0600 0.5200 -0.6884
v 7.0600 0.5200 -0.6884
v 7.0600 0.5200 -0.6884
v 7.0600 0.5200 -0.6884
v 7.0600 0.5200 -0.6884
v 7.0600 0.5200 -0.6884
v 7.0600 0.5200 -0.6884
v 7.0600 0.5200 -0.6884
v 7.0700 0.5173 -0.6884
v 7.0671 0.5173 -0.6814
v 7.0600 0.5173 -0.6784
v 7.0529 0.5173 -0.6814
v 7.0500 0.5173 -0.6884
v 7.0529 0.5173 -0.6955
v 7.0600 0.5173 -0.6984
v 7.0671 0.5173 -0.6955
v 7.0773 0.5100 -0.6884
v 7.0722 0.5100 -0.6762
v 7.0600 0.5100 -0.6711
v 7.0478 0.5100 -0.6762
v 7.0427 0.5100 -0.6884
v 7.0478 0.5100 -0.7007
v 7.0600 0.5100 -0.7058
v 7.0722 0.5100 -0.7007
v 7.0800 0.5000 -0.6884
v 7.0741 0.5000 -0.6743
v 7.0600 0.5000 -0.6684
v 7.0459 0.5000 -0.6743
v 7.0400 0.5000 -0.6884
v 7.0459 0.5000 -0.7026
v 7.0600 0.5000 -0.7084
v 7.0741 0.5000 -0.7026
v 7.0773 0.4900 -0.6884
v 7.0722 0.4900 -0.6762
v 7.0600 0.4900 -0.6711
v 7.0478 0.4900 -0.6762
v 7.0427 0.4900 -0.6884
v 7.0478 0.4900 -0.7007
v 7.0600 0.4900 -0.7058
v 7.0722 0.4900 -0.7007
v 7.0700 0.4827 -0.6884
v 7.0671 0.4827 -0.6814
v 7.0600 0.4827 -0.6784
v 7.0529 0.4827 -0.6814
v 7.0500 0.4827 -0.6884
v 7.0529 0.4827 -0.6955
v 7.0600 0.4827 -0.6984
v 7.0671 0.4827 -0.6955
v 7.0600 0.4800 -0.6884
v 7.0600 0.4800 -0.6884
v 7.0600 0.4800 -0.6884
v 7.0600 0.4800 -0.6884
v 7.0600 0.4800 -0.6884
v 7.0600 0.4800 -0.6884
v 7.0600 0.4800 -0.6884
v 7.0600 0.4800 -0.6884
vn -0.3090 0.0000 0.9511
usemtl pvc_gray
f 1459//1305 1460//1305 1470//1305 1469//1305
vn -0.8090 0.0000 0.5878
f 1460//1306 1461//1306 1471//1306 1470//1306
vn -1.0000 0.0000 0.0000
f 1461//1307 1462//1307 1472//1307 1471//1307
vn -0.8090 0.0000 -0.5878
f 1462//1308 1463//1308 1473//1308 1472//1308
vn -0.3090 0.0000 -0.9511
f 1463//1309 1464//1309 1474//1309 1473//1309
vn 0.3090 0.0000 -0.9511
f 1464//1310 1465//1310 1475//1310 1474//1310
vn 0.8090 0.0000 -0.5878
f 1465//1311 1466//1311 1476//1311 1475//1311
vn 1.0000 0.0000 0.0000
f 1466//1312 1467//1312 1477//1312 1476//1312
vn 0.8090 0.0000 0.5878
f 1467//1313 1468//1313 1478//1313 1477//1313
vn 0.3090 0.0000 0.9511
f 1468//1314 1459//1314 1469//1314 1478//1314
vn 0.9511 -0.3090 0.0000
f 1479//1315 1480//1315 1490//1315 1489//1315
vn 0.5878 -0.8090 0.0000
f 1480//1316 1481//1316 1491//1316 1490//1316
vn 0.0000 -1.0000 0.0000
f 1481//1317 1482//1317 1492//1317 1491//1317
vn -0.5878 -0.8090 0.0000
f 1482//1318 1483//1318 1493//1318 1492//1318
vn -0.9511 -0.3090 0.0000
f 1483//1319 1484//1319 1494//1319 1493//1319
vn -0.9511 0.3090 0.0000
f 1484//1320 1485//1320 1495//1320 1494//1320
vn -0.5878 0.8090 0.0000
f 1485//1321 1486//1321 1496//1321 1495//1321
vn 0.0000 1.0000 0.0000
f 1486//1322 1487//1322 1497//1322 1496//1322
vn 0.5878 0.8090 0.0000
f 1487//1323 1488//1323 1498//1323 1497//1323
vn 0.9511 0.3090 0.0000
f 1488//1324 1479//1324 1489//1324 1498//1324
vn -0.3090 0.0000 -0.9511
f 1499//1325 1500//1325 1510//1325 1509//1325
vn -0.8090 0.0000 -0.5878
f 1500//1326 1501//1326 1511//1326 1510//1326
vn -1.0000 0.0000 0.0000
f 1501//1327 1502//1327 1512//1327 1511//1327
vn -0.8090 0.0000 0.5878
f 1502//1328 1503//1328 1513//1328 1512//1328
vn -0.3090 0.0000 0.9511
f 1503//1329 1504//1329 1514//1329 1513//1329
vn 0.3090 0.0000 0.9511
f 1504//1330 1505//1330 1515//1330 1514//1330
vn 0.8090 0.0000 0.5878
f 1505//1331 1506//1331 1516//1331 1515//1331
vn 1.0000 0.0000 0.0000
f 1506//1332 1507//1332 1517//1332 1516//1332
vn 0.8090 0.0000 -0.5878
f 1507//1333 1508//1333 1518//1333 1517//1333
vn 0.3090 0.0000 -0.9511
f 1508//1334 1499//1334 1509//1334 1518//1334
vn 0.2573 0.9604 0.1066
f 1519//1335 1520//1335 1528//1335 1527//1335
vn 0.1066 0.9604 0.2573
f 1520//1336 1521//1336 1529//1336 1528//1336
vn -0.1066 0.9604 0.2573
f 1521//1337 1522//1337 1530//1337 1529//1337
vn -0.2573 0.9604 0.1066
f 1522//1338 1523//1338 1531//1338 1530//1338
vn -0.2573 0.9604 -0.1066
f 1523//1339 1524//1339 1532//1339 1531//1339
vn -0.1066 0.9604 -0.2573
f 1524//1340 1525//1340 1533//1340 1532//1340
vn 0.1066 0.9604 -0.2573
f 1525//1341 1526//1341 1534//1341 1533//1341
vn 0.2573 0.9604 -0.1066
f 1526//1342 1519//1342 1527//1342 1534//1342
vn 0.6786 0.6786 0.2811
f 1527//1343 1528//1343 1536//1343 1535//1343
vn 0.2811 0.6786 0.6786
f 1528//1344 1529//1344 1537//1344 1536//1344
vn -0.2811 0.6786 0.6786
f 1529//1345 1530//1345 1538//1345 1537//1345
vn -0.6786 0.6786 0.2811
f 1530//1346 1531//1346 1539//1346 1538//1346
vn -0.6786 0.6786 -0.2811
f 1531//1347 1532//1347 1540//1347 1539//1347
vn -0.2811 0.6786 -0.6786
f 1532//1348 1533//1348 1541//1348 1540//1348
vn 0.2811 0.6786 -0.6786
f 1533//1349 1534//1349 1542//1349 1541//1349
vn 0.6786 0.6786 -0.2811
f 1534//1350 1527//1350 1535//1350 1542//1350
vn 0.8968 0.2403 0.3715
f 1535//1351 1536//1351 1544//1351 1543//1351
vn 0.3715 0.2403 0.8968
f 1536//1352 1537//1352 1545//1352 1544//1352
vn -0.3715 0.2403 0.8968
f 1537//1353 1538//1353 1546//1353 1545//1353
vn -0.8968 0.2403 0.3715
f 1538//1354 1539//1354 1547//1354 1546//1354
vn -0.8968 0.2403 -0.3715
f 1539//1355 1540//1355 1548//1355 1547//1355
vn -0.3715 0.2403 -0.8968
f 1540//1356 1541//1356 1549//1356 1548//1356
vn 0.3715 0.2403 -0.8968
f 1541//1357 1542//1357 1550//1357 1549//1357
vn 0.8968 0.2403 -0.3715
f 1542//1358 1535//1358 1543//1358 1550//1358
vn 0.8968 -0.2403 0.3715
f 1543//1359 1544//1359 1552//1359 1551//1359
vn 0.3715 -0.2403 0.8968
f 1544//1360 1545//1360 1553//1360 1552//1360
vn -0.3715 -0.2403 0.8968
f 1545//1361 1546//1361 1554//1361 1553//1361
vn -0.8968 -0.2403 0.3715
f 1546//1362 1547//1362 1555//1362 1554//1362
vn -0.8968 -0.2403 -0.3715
f 1547//1363 1548//1363 1556//1363 1555//1363
vn -0.3715 -0.2403 -0.8968
f 1548//1364 1549//1364 1557//1364 1556//1364
vn 0.3715 -0.2403 -0.8968
f 1549//1365 1550//1365 1558//1365 1557//1365
vn 0.8968 -0.2403 -0.3715
f 1550//1366 1543//1366 1551//1366 1558//1366
vn 0.6786 -0.6786 0.2811
f 1551//1367 1552//1367 1560//1367 1559//1367
vn 0.2811 -0.6786 0.6786
f 1552//1368 1553//1368 1561//1368 1560//1368
vn -0.2811 -0.6786 0.6786
f 1553//1369 1554//1369 1562//1369 1561//1369
vn -0.6786 -0.6786 0.2811
f 1554//1370 1555//1370 1563//1370 1562//1370
vn -0.6786 -0.6786 -0.2811
f 1555//1371 1556//1371 1564//1371 1563//1371
vn -0.2811 -0.6786 -0.6786
f 1556//1372 1557//1372 1565//1372 1564//1372
vn 0.2811 -0.6786 -0.6786
f 1557//1373 1558//1373 1566//1373 1565//1373
vn 0.6786 -0.6786 -0.2811
f 1558//1374 1551//1374 1559//1374 1566//1374
vn 0.2573 -0.9604 0.1066
f 1559//1375 1560//1375 1568//1375 1567//1375
vn 0.1066 -0.9604 0.2573
f 1560//1376 1561//1376 1569//1376 1568//1376
vn -0.1066 -0.9604 0.2573
f 1561//1377 1562//1377 1570//1377 1569//1377
vn -0.2573 -0.9604 0.1066
f 1562//1378 1563//1378 1571//1378 1570//1378
vn -0.2573 -0.9604 -0.1066
f 1563//1379 1564//1379 1572//1379 1571//1379
vn -0.1066 -0.9604 -0.2573
f 1564//1380 1565//1380 1573//1380 1572//1380
vn 0.1066 -0.9604 -0.2573
f 1565//1381 1566//1381 1574//1381 1573//1381
vn 0.2573 -0.9604 -0.1066
f 1566//1382 1559//1382 1567//1382 1574//1382
vn 0.2573 0.9604 0.1066
f 1575//1383 1576//1383 1584//1383 1583//1383
vn 0.1066 0.9604 0.2573
f 1576//1384 1577//1384 1585//1384 1584//1384
vn -0.1066 0.9604 0.2573
f 1577//1385 1578//1385 1586//1385 1585//1385
vn -0.2573 0.9604 0.1066
f 1578//1386 1579//1386 1587//1386 1586//1386
vn -0.2573 0.9604 -0.1066
f 1579//1387 1580//1387 1588//1387 1587//1387
vn -0.1066 0.9604 -0.2573
f 1580//1388 1581//1388 1589//1388 1588//1388
vn 0.1066 0.9604 -0.2573
f 1581//1389 1582//1389 1590//1389 1589//1389
vn 0.2573 0.9604 -0.1066
f 1582//1390 1575//1390 1583//1390 1590//1390
vn 0.6786 0.6786 0.2811
f 1583//1391 1584//1391 1592//1391 1591//1391
vn 0.2811 0.6786 0.6786
f 1584//1392 1585//1392 1593//1392 1592//1392
vn -0.2811 0.6786 0.6786
f 1585//1393 1586//1393 1594//1393 1593//1393
vn -0.6786 0.6786 0.2811
f 1586//1394 1587//1394 1595//1394 1594//1394
vn -0.6786 0.6786 -0.2811
f 1587//1395 1588//1395 1596//1395 1595//1395
vn -0.2811 0.6786 -0.6786
f 1588//1396 1589//1396 1597//1396 1596//1396
vn 0.2811 0.6786 -0.6786
f 1589//1397 1590//1397 1598//1397 1597//1397
vn 0.6786 0.6786 -0.2811
f 1590//1398 1583//1398 1591//1398 1598//1398
vn 0.8968 0.2403 0.3715
f 1591//1399 1592//1399 1600//1399 1599//1399
vn 0.3715 0.2403 0.8968
f 1592//1400 1593//1400 1601//1400 1600//1400
vn -0.3715 0.2403 0.8968
f 1593//1401 1594//1401 1602//1401 1601//1401
vn -0.8968 0.2403 0.3715
f 1594//1402 1595//1402 1603//1402 1602//1402
vn -0.8968 0.2403 -0.3715
f 1595//1403 1596//1403 1604//1403 1603//1403
vn -0.3715 0.2403 -0.8968
f 1596//1404 1597//1404 1605//1404 1604//1404
vn 0.3715 0.2403 -0.8968
f 1597//1405 1598//1405 1606//1405 1605//1405
vn 0.8968 0.2403 -0.3715
f 1598//1406 1591//1406 1599//1406 1606//1406
vn 0.8968 -0.2403 0.3715
f 1599//1407 1600//1407 1608//1407 1607//1407
vn 0.3715 -0.2403 0.8968
f 1600//1408 1601//1408 1609//1408 1608//1408
vn -0.3715 -0.2403 0.8968
f 1601//1409 1602//1409 1610//1409 1609//1409
vn -0.8968 -0.2403 0.3715
f 1602//1410 1603//1410 1611//1410 1610//1410
vn -0.8968 -0.2403 -0.3715
f 1603//1411 1604//1411 1612//1411 1611//1411
vn -0.3715 -0.2403 -0.8968
f 1604//1412 1605//1412 1613//1412 1612//1412
vn 0.3715 -0.2403 -0.8968
f 1605//1413 1606//1413 1614//1413 1613//1413
vn 0.8968 -0.2403 -0.3715
f 1606//1414 1599//1414 1607//1414 1614//1414
vn 0.6786 -0.6786 0.2811
f 1607//1415 1608//1415 1616//1415 1615//1415
vn 0.2811 -0.6786 0.6786
f 1608//1416 1609//1416 1617//1416 1616//1416
vn -0.2811 -0.6786 0.6786
f 1609//1417 1610//1417 1618//1417 1617//1417
vn -0.6786 -0.6786 0.2811
f 1610//1418 1611//1418 1619//1418 1618//1418
vn -0.6786 -0.6786 -0.2811
f 1611//1419 1612//1419 1620//1419 1619//1419
vn -0.2811 -0.6786 -0.6786
f 1612//1420 1613//1420 1621//1420 1620//1420
vn 0.2811 -0.6786 -0.6786
f 1613//1421 1614//1421 1622//1421 1621//1421
vn 0.6786 -0.6786 -0.2811
f 1614//1422 1607//1422 1615//1422 1622//1422
vn 0.2573 -0.9604 0.1066
f 1615//1423 1616//1423 1624//1423 1623//1423
vn 0.1066 -0.9604 0.2573
f 1616//1424 1617//1424 1625//1424 1624//1424
vn -0.1066 -0.9604 0.2573
f 1617//1425 1618//1425 1626//1425 1625//1425
vn -0.2573 -0.9604 0.1066
f 1618//1426 1619//1426 1627//1426 1626//1426
vn -0.2573 -0.9604 -0.1066
f 1619//1427 1620//1427 1628//1427 1627//1427
vn -0.1066 -0.9604 -0.2573
f 1620//1428 1621//1428 1629//1428 1628//1428
vn 0.1066 -0.9604 -0.2573
f 1621//1429 1622//1429 1630//1429 1629//1429
vn 0.2573 -0.9604 -0.1066
f 1622//1430 1615//1430 1623//1430 1630//1430
o pvc_hub_to_main_panel
v 7.1100 1.0000 -0.5484
v 7.0982 1.0000 -0.5523
v 7.0910 1.0000 -0.5623
v 7.0910 1.0000 -0.5746
v 7.0982 1.0000 -0.5846
v 7.1100 1.0000 -0.5884
v 7.1218 1.0000 -0.5846
v 7.1290 1.0000 -0.5746
v 7.1290 1.0000 -0.5623
v 7.1218 1.0000 -0.5523
v 7.1100 0.3800 -0.5484
v 7.0982 0.3800 -0.5523
v 7.0910 0.3800 -0.5623
v 7.0910 0.3800 -0.5746
v 7.0982 0.3800 -0.5846
v 7.1100 0.3800 -0.5884
v 7.1218 0.3800 -0.5846
v 7.1290 0.3800 -0.5746
v 7.1290 0.3800 -0.5623
v 7.1218 0.3800 -0.5523
v 7.0900 0.3800 -0.5684
v 7.0938 0.3682 -0.5684
v 7.1038 0.3610 -0.5684
v 7.1162 0.3610 -0.5684
v 7.1262 0.3682 -0.5684
v 7.1300 0.3800 -0.5684
v 7.1262 0.3918 -0.5684
v 7.1162 0.3990 -0.5684
v 7.1038 0.3990 -0.5684
v 7.0938 0.3918 -0.5684
v 7.0900 0.3800 0.2116
v 7.0938 0.3682 0.2116
v 7.1038 0.3610 0.2116
v 7.1162 0.3610 0.2116
v 7.1262 0.3682 0.2116
v 7.1300 0.3800 0.2116
v 7.1262 0.3918 0.2116
v 7.1162 0.3990 0.2116
v 7.1038 0.3990 0.2116
v 7.0938 0.3918 0.2116
v 7.1100 0.3800 0.1916
v 7.0982 0.3800 0.1954
v 7.0910 0.3800 0.2054
v 7.0910 0.3800 0.2177
v 7.0982 0.3800 0.2277
v 7.1100 0.3800 0.2316
v 7.1218 0.3800 0.2277
v 7.1290 0.3800 0.2177
v 7.1290 0.3800 0.2054
v 7.1218 0.3800 0.1954
v 7.1100 0.7500 0.1916
v 7.0982 0.7500 0.1954
v 7.0910 0.7500 0.2054
v 7.0910 0.7500 0.2177
v 7.0982 0.7500 0.2277
v 7.1100 0.7500 0.2316
v 7.1218 0.7500 0.2277
v 7.1290 0.7500 0.2177
v 7.1290 0.7500 0.2054
v 7.1218 0.7500 0.1954
v 7.1100 0.4000 -0.5684
v 7.1100 0.4000 -0.5684
v 7.1100 0.4000 -0.5684
v 7.1100 0.4000 -0.5684
v 7.1100 0.4000 -0.5684
v 7.1100 0.4000 -0.5684
v 7.1100 0.4000 -0.5684
v 7.1100 0.4000 -0.5684
v 7.1200 0.3973 -0.5684
v 7.1171 0.3973 -0.5614
v 7.1100 0.3973 -0.5584
v 7.1029 0.3973 -0.5614
v 7.1000 0.3973 -0.5684
v 7.1029 0.3973 -0.5755
v 7.1100 0.3973 -0.5784
v 7.1171 0.3973 -0.5755
v 7.1273 0.3900 -0.5684
v 7.1222 0.3900 -0.5562
v 7.1100 0.3900 -0.5511
v 7.0978 0.3900 -0.5562
v 7.0927 0.3900 -0.5684
v 7.0978 0.3900 -0.5807
v 7.1100 0.3900 -0.5858
v 7.1222 0.3900 -0.5807
v 7.1300 0.3800 -0.5684
v 7.1241 0.3800 -0.5543
v 7.1100 0.3800 -0.5484
v 7.0959 0.3800 -0.5543
v 7.0900 0.3800 -0.5684
v 7.0959 0.3800 -0.5826
v 7.1100 0.3800 -0.5884
v 7.1241 0.3800 -0.5826
v 7.1273 0.3700 -0.5684
v 7.1222 0.3700 -0.5562
v 7.1100 0.3700 -0.5511
v 7.0978 0.3700 -0.5562
v 7.0927 0.3700 -0.5684
v 7.0978 0.3700 -0.5807
v 7.1100 0.3700 -0.5858
v 7.1222 0.3700 -0.5807
v 7.1200 0.3627 -0.5684
v 7.1171 0.3627 -0.5614
v 7.1100 0.3627 -0.5584
v 7.1029 0.3627 -0.5614
v 7.1000 0.3627 -0.5684
v 7.1029 0.3627 -0.5755
v 7.1100 0.3627 -0.5784
v 7.1171 0.3627 -0.5755
v 7.1100 0.3600 -0.5684
v 7.1100 0.3600 -0.5684
v 7.1100 0.3600 -0.5684
v 7.1100 0.3600 -0.5684
v 7.1100 0.3600 -0.5684
v 7.1100 0.3600 -0.5684
v 7.1100 0.3600 -0.5684
v 7.1100 0.3600 -0.5684
v 7.1100 0.4000 0.2116
v 7.1100 0.4000 0.2116
v 7.1100 0.4000 0.2116
v 7.1100 0.4000 0.2116
v 7.1100 0.4000 0.2116
v 7.1100 0.4000 0.2116
v 7.1100 0.4000 0.2116
v 7.1100 0.4000 0.2116
v 7.1200 0.3973 0.2116
v 7.1171 0.3973 0.2186
v 7.1100 0.3973 0.2216
v 7.1029 0.3973 0.2186
v 7.1000 0.3973 0.2116
v 7.1029 0.3973 0.2045
v 7.1100 0.3973 0.2016
v 7.1171 0.3973 0.2045
v 7.1273 0.3900 0.2116
v 7.1222 0.3900 0.2238
v 7.1100 0.3900 0.2289
v 7.0978 0.3900 0.2238
v 7.0927 0.3900 0.2116
v 7.0978 0.3900 0.1993
v 7.1100 0.3900 0.1942
v 7.1222 0.3900 0.1993
v 7.1300 0.3800 0.2116
v 7.1241 0.3800 0.2257
v 7.1100 0.3800 0.2316
v 7.0959 0.3800 0.2257
v 7.0900 0.3800 0.2116
v 7.0959 0.3800 0.1974
v 7.1100 0.3800 0.1916
v 7.1241 0.3800 0.1974
v 7.1273 0.3700 0.2116
v 7.1222 0.3700 0.2238
v 7.1100 0.3700 0.2289
v 7.0978 0.3700 0.2238
v 7.0927 0.3700 0.2116
v 7.0978 0.3700 0.1993
v 7.1100 0.3700 0.1942
v 7.1222 0.3700 0.1993
v 7.1200 0.3627 0.2116
v 7.1171 0.3627 0.2186
v 7.1100 0.3627 0.2216
v 7.1029 0.3627 0.2186
v 7.1000 0.3627 0.2116
v 7.1029 0.3627 0.2045
v 7.1100 0.3627 0.2016
v 7.1171 0.3627 0.2045
v 7.1100 0.3600 0.2116
v 7.1100 0.3600 0.2116
v 7.1100 0.3600 0.2116
v 7.1100 0.3600 0.2116
v 7.1100 0.3600 0.2116
v 7.1100 0.3600 0.2116
v 7.1100 0.3600 0.2116
v 7.1100 0.3600 0.2116
vn -0.3090 0.0000 0.9511
usemtl pvc_gray
f 1631//1431 1632//1431 1642//1431 1641//1431
vn -0.8090 0.0000 0.5878
f 1632//1432 1633//1432 1643//1432 1642//1432
vn -1.0000 0.0000 0.0000
f 1633//1433 1634//1433 1644//1433 1643//1433
vn -0.8090 0.0000 -0.5878
f 1634//1434 1635//1434 1645//1434 1644//1434
vn -0.3090 0.0000 -0.9511
f 1635//1435 1636//1435 1646//1435 1645//1435
vn 0.3090 0.0000 -0.9511
f 1636//1436 1637//1436 1647//1436 1646//1436
vn 0.8090 0.0000 -0.5878
f 1637//1437 1638//1437 1648//1437 1647//1437
vn 1.0000 0.0000 0.0000
f 1638//1438 1639//1438 1649//1438 1648//1438
vn 0.8090 0.0000 0.5878
f 1639//1439 1640//1439 1650//1439 1649//1439
vn 0.3090 0.0000 0.9511
f 1640//1440 1631//1440 1641//1440 1650//1440
vn -0.9511 -0.3090 0.0000
f 1651//1441 1652//1441 1662//1441 1661//1441
vn -0.5878 -0.8090 0.0000
f 1652//1442 1653//1442 1663//1442 1662//1442
vn 0.0000 -1.0000 0.0000
f 1653//1443 1654//1443 1664//1443 1663//1443
vn 0.5878 -0.8090 0.0000
f 1654//1444 1655//1444 1665//1444 1664//1444
vn 0.9511 -0.3090 0.0000
f 1655//1445 1656//1445 1666//1445 1665//1445
vn 0.9511 0.3090 0.0000
f 1656//1446 1657//1446 1667//1446 1666//1446
vn 0.5878 0.8090 0.0000
f 1657//1447 1658//1447 1668//1447 1667//1447
vn 0.0000 1.0000 0.0000
f 1658//1448 1659//1448 1669//1448 1668//1448
vn -0.5878 0.8090 0.0000
f 1659//1449 1660//1449 1670//1449 1669//1449
vn -0.9511 0.3090 0.0000
f 1660//1450 1651//1450 1661//1450 1670//1450
vn -0.3090 0.0000 -0.9511
f 1671//1451 1672//1451 1682//1451 1681//1451
vn -0.8090 0.0000 -0.5878
f 1672//1452 1673//1452 1683//1452 1682//1452
vn -1.0000 0.0000 0.0000
f 1673//1453 1674//1453 1684//1453 1683//1453
vn -0.8090 0.0000 0.5878
f 1674//1454 1675//1454 1685//1454 1684//1454
vn -0.3090 0.0000 0.9511
f 1675//1455 1676//1455 1686//1455 1685//1455
vn 0.3090 0.0000 0.9511
f 1676//1456 1677//1456 1687//1456 1686//1456
vn 0.8090 0.0000 0.5878
f 1677//1457 1678//1457 1688//1457 1687//1457
vn 1.0000 0.0000 0.0000
f 1678//1458 1679//1458 1689//1458 1688//1458
vn 0.8090 0.0000 -0.5878
f 1679//1459 1680//1459 1690//1459 1689//1459
vn 0.3090 0.0000 -0.9511
f 1680//1460 1671//1460 1681//1460 1690//1460
vn 0.2573 0.9604 0.1066
f 1691//1461 1692//1461 1700//1461 1699//1461
vn 0.1066 0.9604 0.2573
f 1692//1462 1693//1462 1701//1462 1700//1462
vn -0.1066 0.9604 0.2573
f 1693//1463 1694//1463 1702//1463 1701//1463
vn -0.2573 0.9604 0.1066
f 1694//1464 1695//1464 1703//1464 1702//1464
vn -0.2573 0.9604 -0.1066
f 1695//1465 1696//1465 1704//1465 1703//1465
vn -0.1066 0.9604 -0.2573
f 1696//1466 1697//1466 1705//1466 1704//1466
vn 0.1066 0.9604 -0.2573
f 1697//1467 1698//1467 1706//1467 1705//1467
vn 0.2573 0.9604 -0.1066
f 1698//1468 1691//1468 1699//1468 1706//1468
vn 0.6786 0.6786 0.2811
f 1699//1469 1700//1469 1708//1469 1707//1469
vn 0.2811 0.6786 0.6786
f 1700//1470 1701//1470 1709//1470 1708//1470
vn -0.2811 0.6786 0.6786
f 1701//1471 1702//1471 1710//1471 1709//1471
vn -0.6786 0.6786 0.2811
f 1702//1472 1703//1472 1711//1472 1710//1472
vn -0.6786 0.6786 -0.2811
f 1703//1473 1704//1473 1712//1473 1711//1473
vn -0.2811 0.6786 -0.6786
f 1704//1474 1705//1474 1713//1474 1712//1474
vn 0.2811 0.6786 -0.6786
f 1705//1475 1706//1475 1714//1475 1713//1475
vn 0.6786 0.6786 -0.2811
f 1706//1476 1699//1476 1707//1476 1714//1476
vn 0.8968 0.2403 0.3715
f 1707//1477 1708//1477 1716//1477 1715//1477
vn 0.3715 0.2403 0.8968
f 1708//1478 1709//1478 1717//1478 1716//1478
vn -0.3715 0.2403 0.8968
f 1709//1479 1710//1479 1718//1479 1717//1479
vn -0.8968 0.2403 0.3715
f 1710//1480 1711//1480 1719//1480 1718//1480
vn -0.8968 0.2403 -0.3715
f 1711//1481 1712//1481 1720//1481 1719//1481
vn -0.3715 0.2403 -0.8968
f 1712//1482 1713//1482 1721//1482 1720//1482
vn 0.3715 0.2403 -0.8968
f 1713//1483 1714//1483 1722//1483 1721//1483
vn 0.8968 0.2403 -0.3715
f 1714//1484 1707//1484 1715//1484 1722//1484
vn 0.8968 -0.2403 0.3715
f 1715//1485 1716//1485 1724//1485 1723//1485
vn 0.3715 -0.2403 0.8968
f 1716//1486 1717//1486 1725//1486 1724//1486
vn -0.3715 -0.2403 0.8968
f 1717//1487 1718//1487 1726//1487 1725//1487
vn -0.8968 -0.2403 0.3715
f 1718//1488 1719//1488 1727//1488 1726//1488
vn -0.8968 -0.2403 -0.3715
f 1719//1489 1720//1489 1728//1489 1727//1489
vn -0.3715 -0.2403 -0.8968
f 1720//1490 1721//1490 1729//1490 1728//1490
vn 0.3715 -0.2403 -0.8968
f 1721//1491 1722//1491 1730//1491 1729//1491
vn 0.8968 -0.2403 -0.3715
f 1722//1492 1715//1492 1723//1492 1730//1492
vn 0.6786 -0.6786 0.2811
f 1723//1493 1724//1493 1732//1493 1731//1493
vn 0.2811 -0.6786 0.6786
f 1724//1494 1725//1494 1733//1494 1732//1494
vn -0.2811 -0.6786 0.6786
f 1725//1495 1726//1495 1734//1495 1733//1495
vn -0.6786 -0.6786 0.2811
f 1726//1496 1727//1496 1735//1496 1734//1496
vn -0.6786 -0.6786 -0.2811
f 1727//1497 1728//1497 1736//1497 1735//1497
vn -0.2811 -0.6786 -0.6786
f 1728//1498 1729//1498 1737//1498 1736//1498
vn 0.2811 -0.6786 -0.6786
f 1729//1499 1730//1499 1738//1499 1737//1499
vn 0.6786 -0.6786 -0.2811
f 1730//1500 1723//1500 1731//1500 1738//1500
vn 0.2573 -0.9604 0.1066
f 1731//1501 1732//1501 1740//1501 1739//1501
vn 0.1066 -0.9604 0.2573
f 1732//1502 1733//1502 1741//1502 1740//1502
vn -0.1066 -0.9604 0.2573
f 1733//1503 1734//1503 1742//1503 1741//1503
vn -0.2573 -0.9604 0.1066
f 1734//1504 1735//1504 1743//1504 1742//1504
vn -0.2573 -0.9604 -0.1066
f 1735//1505 1736//1505 1744//1505 1743//1505
vn -0.1066 -0.9604 -0.2573
f 1736//1506 1737//1506 1745//1506 1744//1506
vn 0.1066 -0.9604 -0.2573
f 1737//1507 1738//1507 1746//1507 1745//1507
vn 0.2573 -0.9604 -0.1066
f 1738//1508 1731//1508 1739//1508 1746//1508
vn 0.2573 0.9604 0.1066
f 1747//1509 1748//1509 1756//1509 1755//1509
vn 0.1066 0.9604 0.2573
f 1748//1510 1749//1510 1757//1510 1756//1510
vn -0.1066 0.9604 0.2573
f 1749//1511 1750//1511 1758//1511 1757//1511
vn -0.2573 0.9604 0.1066
f 1750//1512 1751//1512 1759//1512 1758//1512
vn -0.2573 0.9604 -0.1066
f 1751//1513 1752//1513 1760//1513 1759//1513
vn -0.1066 0.9604 -0.2573
f 1752//1514 1753//1514 1761//1514 1760//1514
vn 0.1066 0.9604 -0.2573
f 1753//1515 1754//1515 1762//1515 1761//1515
vn 0.2573 0.9604 -0.1066
f 1754//1516 1747//1516 1755//1516 1762//1516
vn 0.6786 0.6786 0.2811
f 1755//1517 1756//1517 1764//1517 1763//1517
vn 0.2811 0.6786 0.6786
f 1756//1518 1757//1518 1765//1518 1764//1518
vn -0.2811 0.6786 0.6786
f 1757//1519 1758//1519 1766//1519 1765//1519
vn -0.6786 0.6786 0.2811
f 1758//1520 1759//1520 1767//1520 1766//1520
vn -0.6786 0.6786 -0.2811
f 1759//1521 1760//1521 1768//1521 1767//1521
vn -0.2811 0.6786 -0.6786
f 1760//1522 1761//1522 1769//1522 1768//1522
vn 0.2811 0.6786 -0.6786
f 1761//1523 1762//1523 1770//1523 1769//1523
vn 0.6786 0.6786 -0.2811
f 1762//1524 1755//1524 1763//1524 1770//1524
vn 0.8968 0.2403 0.3715
f 1763//1525 1764//1525 1772//1525 1771//1525
vn 0.3715 0.2403 0.8968
f 1764//1526 1765//1526 1773//1526 1772//1526
vn -0.3715 0.2403 0.8968
f 1765//1527 1766//1527 1774//1527 1773//1527
vn -0.8968 0.2403 0.3715
f 1766//1528 1767//1528 1775//1528 1774//1528
vn -0.8968 0.2403 -0.3715
f 1767//1529 1768//1529 1776//1529 1775//1529
vn -0.3715 0.2403 -0.8968
f 1768//1530 1769//1530 1777//1530 1776//1530
vn 0.3715 0.2403 -0.8968
f 1769//1531 1770//1531 1778//1531 1777//1531
vn 0.8968 0.2403 -0.3715
f 1770//1532 1763//1532 1771//1532 1778//1532
vn 0.8968 -0.2403 0.3715
f 1771//1533 1772//1533 1780//1533 1779//1533
vn 0.3715 -0.2403 0.8968
f 1772//1534 1773//1534 1781//1534 1780//1534
vn -0.3715 -0.2403 0.8968
f 1773//1535 1774//1535 1782//1535 1781//1535
vn -0.8968 -0.2403 0.3715
f 1774//1536 1775//1536 1783//1536 1782//1536
vn -0.8968 -0.2403 -0.3715
f 1775//1537 1776//1537 1784//1537 1783//1537
vn -0.3715 -0.2403 -0.8968
f 1776//1538 1777//1538 1785//1538 1784//1538
vn 0.3715 -0.2403 -0.8968
f 1777//1539 1778//1539 1786//1539 1785//1539
vn 0.8968 -0.2403 -0.3715
f 1778//1540 1771//1540 1779//1540 1786//1540
vn 0.6786 -0.6786 0.2811
f 1779//1541 1780//1541 1788//1541 1787//1541
vn 0.2811 -0.6786 0.6786
f 1780//1542 1781//1542 1789//1542 1788//1542
vn -0.2811 -0.6786 0.6786
f 1781//1543 1782//1543 1790//1543 1789//1543
vn -0.6786 -0.6786 0.2811
f 1782//1544 1783//1544 1791//1544 1790//1544
vn -0.6786 -0.6786 -0.2811
f 1783//1545 1784//1545 1792//1545 1791//1545
vn -0.2811 -0.6786 -0.6786
f 1784//1546 1785//1546 1793//1546 1792//1546
vn 0.2811 -0.6786 -0.6786
f 1785//1547 1786//1547 1794//1547 1793//1547
vn 0.6786 -0.6786 -0.2811
f 1786//1548 1779//1548 1787//1548 1794//1548
vn 0.2573 -0.9604 0.1066
f 1787//1549 1788//1549 1796//1549 1795//1549
vn 0.1066 -0.9604 0.2573
f 1788//1550 1789//1550 1797//1550 1796//1550
vn -0.1066 -0.9604 0.2573
f 1789//1551 1790//1551 1798//1551 1797//1551
vn -0.2573 -0.9604 0.1066
f 1790//1552 1791//1552 1799//1552 1798//1552
vn -0.2573 -0.9604 -0.1066
f 1791//1553 1792//1553 1800//1553 1799//1553
vn -0.1066 -0.9604 -0.2573
f 1792//1554 1793//1554 1801//1554 1800//1554
vn 0.1066 -0.9604 -0.2573
f 1793//1555 1794//1555 1802//1555 1801//1555
vn 0.2573 -0.9604 -0.1066
f 1794//1556 1787//1556 1795//1556 1802//1556
o pvc_vlld_to_hub
v 7.0400 1.5000 -1.2634
v 7.0438 1.4882 -1.2634
v 7.0538 1.4810 -1.2634
v 7.0662 1.4810 -1.2634
v 7.0762 1.4882 -1.2634
v 7.0800 1.5000 -1.2634
v 7.0762 1.5118 -1.2634
v 7.0662 1.5190 -1.2634
v 7.0538 1.5190 -1.2634
v 7.0438 1.5118 -1.2634
v 7.0400 1.5000 -0.7884
v 7.0438 1.4882 -0.7884
v 7.0538 1.4810 -0.7884
v 7.0662 1.4810 -0.7884
v 7.0762 1.4882 -0.7884
v 7.0800 1.5000 -0.7884
v 7.0762 1.5118 -0.7884
v 7.0662 1.5190 -0.7884
v 7.0538 1.5190 -0.7884
v 7.0438 1.5118 -0.7884
vn -0.9511 -0.3090 0.0000
usemtl pvc_gray
f 1803//1557 1804//1557 1814//1557 1813//1557
vn -0.5878 -0.8090 0.0000
f 1804//1558 1805//1558 1815//1558 1814//1558
vn 0.0000 -1.0000 0.0000
f 1805//1559 1806//1559 1816//1559 1815//1559
vn 0.5878 -0.8090 0.0000
f 1806//1560 1807//1560 1817//1560 1816//1560
vn 0.9511 -0.3090 0.0000
f 1807//1561 1808//1561 1818//1561 1817//1561
vn 0.9511 0.3090 0.0000
f 1808//1562 1809//1562 1819//1562 1818//1562
vn 0.5878 0.8090 0.0000
f 1809//1563 1810//1563 1820//1563 1819//1563
vn 0.0000 1.0000 0.0000
f 1810//1564 1811//1564 1821//1564 1820//1564
vn -0.5878 0.8090 0.0000
f 1811//1565 1812//1565 1822//1565 1821//1565
vn -0.9511 0.3090 0.0000
f 1812//1566 1803//1566 1813//1566 1822//1566
o pvc_inverter_to_vlld
v 7.0400 1.4000 -1.6384
v 7.0438 1.3882 -1.6384
v 7.0538 1.3810 -1.6384
v 7.0662 1.3810 -1.6384
v 7.0762 1.3882 -1.6384
v 7.0800 1.4000 -1.6384
v 7.0762 1.4118 -1.6384
v 7.0662 1.4190 -1.6384
v 7.0538 1.4190 -1.6384
v 7.0438 1.4118 -1.6384
v 7.0400 1.4000 -1.3434
v 7.0438 1.3882 -1.3434
v 7.0538 1.3810 -1.3434
v 7.0662 1.3810 -1.3434
v 7.0762 1.3882 -1.3434
v 7.0800 1.4000 -1.3434
v 7.0762 1.4118 -1.3434
v 7.0662 1.4190 -1.3434
v 7.0538 1.4190 -1.3434
v 7.0438 1.4118 -1.3434
vn -0.9511 -0.3090 0.0000
usemtl pvc_gray
f 1823//1567 1824//1567 1834//1567 1833//1567
vn -0.5878 -0.8090 0.0000
f 1824//1568 1825//1568 1835//1568 1834//1568
vn 0.0000 -1.0000 0.0000
f 1825//1569 1826//1569 1836//1569 1835//1569
vn 0.5878 -0.8090 0.0000
f 1826//1570 1827//1570 1837//1570 1836//1570
vn 0.9511 -0.3090 0.0000
f 1827//1571 1828//1571 1838//1571 1837//1571
vn 0.9511 0.3090 0.0000
f 1828//1572 1829//1572 1839//1572 1838//1572
vn 0.5878 0.8090 0.0000
f 1829//1573 1830//1573 1840//1573 1839//1573
vn 0.0000 1.0000 0.0000
f 1830//1574 1831//1574 1841//1574 1840//1574
vn -0.5878 0.8090 0.0000
f 1831//1575 1832//1575 1842//1575 1841//1575
vn -0.9511 0.3090 0.0000
f 1832//1576 1823//1576 1833//1576 1842//1576
o flex_battery_to_inverter
v 7.3283 0.8000 -2.4022
v 7.3339 0.7902 -2.4098
v 7.3457 0.7842 -2.4131
v 7.3591 0.7842 -2.4107
v 7.3690 0.7902 -2.4037
v 7.3717 0.8000 -2.3946
v 7.3661 0.8098 -2.3870
v 7.3543 0.8158 -2.3838
v 7.3409 0.8158 -2.3861
v 7.3310 0.8098 -2.3932
v 7.2783 0.5500 -2.1172
v 7.2839 0.5402 -2.1248
v 7.2957 0.5342 -2.1281
v 7.3091 0.5342 -2.1257
v 7.3190 0.5402 -2.1187
v 7.3217 0.5500 -2.1096
v 7.3161 0.5598 -2.1020
v 7.3043 0.5658 -2.0988
v 7.2909 0.5658 -2.1011
v 7.2810 0.5598 -2.1082
v 7.2822 0.5500 -2.1264
v 7.2798 0.5416 -2.1159
v 7.2851 0.5364 -2.1045
v 7.2961 0.5364 -2.0965
v 7.3086 0.5416 -2.0950
v 7.3178 0.5500 -2.1005
v 7.3202 0.5584 -2.1109
v 7.3149 0.5636 -2.1223
v 7.3039 0.5636 -2.1303
v 7.2914 0.5584 -2.1319
v 7.0822 0.9500 -1.8514
v 7.0798 0.9416 -1.8409
v 7.0851 0.9364 -1.8295
v 7.0961 0.9364 -1.8215
v 7.1086 0.9416 -1.8200
v 7.1178 0.9500 -1.8255
v 7.1202 0.9584 -1.8359
v 7.1149 0.9636 -1.8473
v 7.1039 0.9636 -1.8553
v 7.0914 0.9584 -1.8569
v 7.3000 0.5720 -2.1134
v 7.3000 0.5720 -2.1134
v 7.3000 0.5720 -2.1134
v 7.3000 0.5720 -2.1134
v 7.3000 0.5720 -2.1134
v 7.3000 0.5720 -2.1134
v 7.3000 0.5720 -2.1134
v 7.3000 0.5720 -2.1134
v 7.3110 0.5691 -2.1134
v 7.3078 0.5691 -2.1057
v 7.3000 0.5691 -2.1024
v 7.2922 0.5691 -2.1057
v 7.2890 0.5691 -2.1134
v 7.2922 0.5691 -2.1212
v 7.3000 0.5691 -2.1244
v 7.3078 0.5691 -2.1212
v 7.3191 0.5610 -2.1134
v 7.3135 0.5610 -2.1000
v 7.3000 0.5610 -2.0944
v 7.2865 0.5610 -2.1000
v 7.2809 0.5610 -2.1134
v 7.2865 0.5610 -2.1269
v 7.3000 0.5610 -2.1325
v 7.3135 0.5610 -2.1269
v 7.3220 0.5500 -2.1134
v 7.3156 0.5500 -2.0979
v 7.3000 0.5500 -2.0914
v 7.2844 0.5500 -2.0979
v 7.2780 0.5500 -2.1134
v 7.2844 0.5500 -2.1290
v 7.3000 0.5500 -2.1354
v 7.3156 0.5500 -2.1290
v 7.3191 0.5390 -2.1134
v 7.3135 0.5390 -2.1000
v 7.3000 0.5390 -2.0944
v 7.2865 0.5390 -2.1000
v 7.2809 0.5390 -2.1134
v 7.2865 0.5390 -2.1269
v 7.3000 0.5390 -2.1325
v 7.3135 0.5390 -2.1269
v 7.3110 0.5309 -2.1134
v 7.3078 0.5309 -2.1057
v 7.3000 0.5309 -2.1024
v 7.2922 0.5309 -2.1057
v 7.2890 0.5309 -2.1134
v 7.2922 0.5309 -2.1212
v 7.3000 0.5309 -2.1244
v 7.3078 0.5309 -2.1212
v 7.3000 0.5280 -2.1134
v 7.3000 0.5280 -2.1134
v 7.3000 0.5280 -2.1134
v 7.3000 0.5280 -2.1134
v 7.3000 0.5280 -2.1134
v 7.3000 0.5280 -2.1134
v 7.3000 0.5280 -2.1134
v 7.3000 0.5280 -2.1134
vn -0.9018 -0.2338 -0.3633
usemtl flex_gray
f 1843//1577 1844//1577 1854//1577 1853//1577
vn -0.4875 -0.6122 -0.6225
f 1844//1578 1845//1578 1855//1578 1854//1578
vn 0.1130 -0.7567 -0.6439
f 1845//1579 1846//1579 1856//1579 1855//1579
vn 0.6703 -0.6122 -0.4194
f 1846//1580 1847//1580 1857//1580 1856//1580
vn 0.9717 -0.2338 -0.0346
f 1847//1581 1848//1581 1858//1581 1857//1581
vn 0.9018 0.2338 0.3633
f 1848//1582 1849//1582 1859//1582 1858//1582
vn 0.4875 0.6122 0.6225
f 1849//1583 1850//1583 1860//1583 1859//1583
vn -0.1130 0.7567 0.6439
f 1850//1584 1851//1584 1861//1584 1860//1584
vn -0.6703 0.6122 0.4194
f 1851//1585 1852//1585 1862//1585 1861//1585
vn -0.9717 0.2338 0.0346
f 1852//1586 1843//1586 1853//1586 1862//1586
vn -0.9076 -0.2001 -0.3690
f 1863//1587 1864//1587 1874//1587 1873//1587
vn -0.8379 -0.5240 0.1528
f 1864//1588 1865//1588 1875//1588 1874//1588
vn -0.4481 -0.6477 0.6162
f 1865//1589 1866//1589 1876//1589 1875//1589
vn 0.1128 -0.5240 0.8442
f 1866//1590 1867//1590 1877//1590 1876//1590
vn 0.6307 -0.2001 0.7498
f 1867//1591 1868//1591 1878//1591 1877//1591
vn 0.9076 0.2001 0.3690
f 1868//1592 1869//1592 1879//1592 1878//1592
vn 0.8379 0.5240 -0.1528
f 1869//1593 1870//1593 1880//1593 1879//1593
vn 0.4481 0.6477 -0.6162
f 1870//1594 1871//1594 1881//1594 1880//1594
vn -0.1128 0.5240 -0.8442
f 1871//1595 1872//1595 1882//1595 1881//1595
vn -0.6307 0.2001 -0.7498
f 1872//1596 1863//1596 1873//1596 1882//1596
vn 0.2573 0.9604 0.1066
f 1883//1597 1884//1597 1892//1597 1891//1597
vn 0.1066 0.9604 0.2573
f 1884//1598 1885//1598 1893//1598 1892//1598
vn -0.1066 0.9604 0.2573
f 1885//1599 1886//1599 1894//1599 1893//1599
vn -0.2573 0.9604 0.1066
f 1886//1600 1887//1600 1895//1600 1894//1600
vn -0.2573 0.9604 -0.1066
f 1887//1601 1888//1601 1896//1601 1895//1601
vn -0.1066 0.9604 -0.2573
f 1888//1602 1889//1602 1897//1602 1896//1602
vn 0.1066 0.9604 -0.2573
f 1889//1603 1890//1603 1898//1603 1897//1603
vn 0.2573 0.9604 -0.1066
f 1890//1604 1883//1604 1891//1604 1898//1604
vn 0.6786 0.6786 0.2811
f 1891//1605 1892//1605 1900//1605 1899//1605
vn 0.2811 0.6786 0.6786
f 1892//1606 1893//1606 1901//1606 1900//1606
vn -0.2811 0.6786 0.6786
f 1893//1607 1894//1607 1902//1607 1901//1607
vn -0.6786 0.6786 0.2811
f 1894//1608 1895//1608 1903//1608 1902//1608
vn -0.6786 0.6786 -0.2811
f 1895//1609 1896//1609 1904//1609 1903//1609
vn -0.2811 0.6786 -0.6786
f 1896//1610 1897//1610 1905//1610 1904//1610
vn 0.2811 0.6786 -0.6786
f 1897//1611 1898//1611 1906//1611 1905//1611
vn 0.6786 0.6786 -0.2811
f 1898//1612 1891//1612 1899//1612 1906//1612
vn 0.8968 0.2403 0.3715
f 1899//1613 1900//1613 1908//1613 1907//1613
vn 0.3715 0.2403 0.8968
f 1900//1614 1901//1614 1909//1614 1908//1614
vn -0.3715 0.2403 0.8968
f 1901//1615 1902//1615 1910//1615 1909//1615
vn -0.8968 0.2403 0.3715
f 1902//1616 1903//1616 1911//1616 1910//1616
vn -0.8968 0.2403 -0.3715
f 1903//1617 1904//1617 1912//1617 1911//1617
vn -0.3715 0.2403 -0.8968
f 1904//1618 1905//1618 1913//1618 1912//1618
vn 0.3715 0.2403 -0.8968
f 1905//1619 1906//1619 1914//1619 1913//1619
vn 0.8968 0.2403 -0.3715
f 1906//1620 1899//1620 1907//1620 1914//1620
vn 0.8968 -0.2403 0.3715
f 1907//1621 1908//1621 1916//1621 1915//1621
vn 0.3715 -0.2403 0.8968
f 1908//1622 1909//1622 1917//1622 1916//1622
vn -0.3715 -0.2403 0.8968
f 1909//1623 1910//1623 1918//1623 1917//1623
vn -0.8968 -0.2403 0.3715
f 1910//1624 1911//1624 1919//1624 1918//1624
vn -0.8968 -0.2403 -0.3715
f 1911//1625 1912//1625 1920//1625 1919//1625
vn -0.3715 -0.2403 -0.8968
f 1912//1626 1913//1626 1921//1626 1920//1626
vn 0.3715 -0.2403 -0.8968
f 1913//1627 1914//1627 1922//1627 1921//1627
vn 0.8968 -0.2403 -0.3715
f 1914//1628 1907//1628 1915//1628 1922//1628
vn 0.6786 -0.6786 0.2811
f 1915//1629 1916//1629 1924//1629 1923//1629
vn 0.2811 -0.6786 0.6786
f 1916//1630 1917//1630 1925//1630 1924//1630
vn -0.2811 -0.6786 0.6786
f 1917//1631 1918//1631 1926//1631 1925//1631
vn -0.6786 -0.6786 0.2811
f 1918//1632 1919//1632 1927//1632 1926//1632
vn -0.6786 -0.6786 -0.2811
f 1919//1633 1920//1633 1928//1633 1927//1633
vn -0.2811 -0.6786 -0.6786
f 1920//1634 1921//1634 1929//1634 1928//1634
vn 0.2811 -0.6786 -0.6786
f 1921//1635 1922//1635 1930//1635 1929//1635
vn 0.6786 -0.6786 -0.2811
f 1922//1636 1915//1636 1923//1636 1930//1636
vn 0.2573 -0.9604 0.1066
f 1923//1637 1924//1637 1932//1637 1931//1637
vn 0.1066 -0.9604 0.2573
f 1924//1638 1925//1638 1933//1638 1932//1638
vn -0.1066 -0.9604 0.2573
f 1925//1639 1926//1639 1934//1639 1933//1639
vn -0.2573 -0.9604 0.1066
f 1926//1640 1927//1640 1935//1640 1934//1640
vn -0.2573 -0.9604 -0.1066
f 1927//1641 1928//1641 1936//1641 1935//1641
vn -0.1066 -0.9604 -0.2573
f 1928//1642 1929//1642 1937//1642 1936//1642
vn 0.1066 -0.9604 -0.2573
f 1929//1643 1930//1643 1938//1643 1937//1643
vn 0.2573 -0.9604 -0.1066
f 1930//1644 1923//1644 1931//1644 1938//1644
o ac_condenser_1
v -0.5628 0.0000 -6.2200
v 0.2772 0.0000 -6.2200
v 0.2772 0.1000 -6.2200
v -0.5628 0.1000 -6.2200
v -0.5628 0.0000 -5.3800
v 0.2772 0.0000 -5.3800
v 0.2772 0.1000 -5.3800
v -0.5628 0.1000 -5.3800
v -0.5328 0.1000 -6.1900
v 0.2472 0.1000 -6.1900
v 0.2472 0.8400 -6.1900
v -0.5328 0.8400 -6.1900
v -0.5328 0.1000 -5.4100
v 0.2472 0.1000 -5.4100
v 0.2472 0.8400 -5.4100
v -0.5328 0.8400 -5.4100
v -0.5628 0.0900 -6.2200
v -0.5028 0.0900 -6.2200
v -0.5028 0.8500 -6.2200
v -0.5628 0.8500 -6.2200
v -0.5628 0.0900 -6.1600
v -0.5028 0.0900 -6.1600
v -0.5028 0.8500 -6.1600
v -0.5628 0.8500 -6.1600
v -0.5628 0.0900 -5.4400
v -0.5028 0.0900 -5.4400
v -0.5028 0.8500 -5.4400
v -0.5628 0.8500 -5.4400
v -0.5628 0.0900 -5.3800
v -0.5028 0.0900 -5.3800
v -0.5028 0.8500 -5.3800
v -0.5628 0.8500 -5.3800
v 0.2172 0.0900 -6.2200
v 0.2772 0.0900 -6.2200
v 0.2772 0.8500 -6.2200
v 0.2172 0.8500 -6.2200
v 0.2172 0.0900 -6.1600
v 0.2772 0.0900 -6.1600
v 0.2772 0.8500 -6.1600
v 0.2172 0.8500 -6.1600
v 0.2172 0.0900 -5.4400
v 0.2772 0.0900 -5.4400
v 0.2772 0.8500 -5.4400
v 0.2172 0.8500 -5.4400
v 0.2172 0.0900 -5.3800
v 0.2772 0.0900 -5.3800
v 0.2772 0.8500 -5.3800
v 0.2172 0.8500 -5.3800
v -0.5628 0.8350 -6.2200
v 0.2772 0.8350 -6.2200
v 0.2772 0.8850 -6.2200
v -0.5628 0.8850 -6.2200
v -0.5628 0.8350 -5.3800
v 0.2772 0.8350 -5.3800
v 0.2772 0.8850 -5.3800
v -0.5628 0.8850 -5.3800
v 0.1572 0.9050 -5.8000
v 0.1572 0.8850 -5.8000
v 0.1514 0.9050 -5.7415
v 0.1514 0.8850 -5.7415
v 0.1344 0.9050 -5.6852
v 0.1344 0.8850 -5.6852
v 0.1067 0.9050 -5.6333
v 0.1067 0.8850 -5.6333
v 0.0693 0.9050 -5.5879
v 0.0693 0.8850 -5.5879
v 0.0239 0.9050 -5.5506
v 0.0239 0.8850 -5.5506
v -0.0280 0.9050 -5.5228
v -0.0280 0.8850 -5.5228
v -0.0843 0.9050 -5.5058
v -0.0843 0.8850 -5.5058
v -0.1428 0.9050 -5.5000
v -0.1428 0.8850 -5.5000
v -0.2013 0.9050 -5.5058
v -0.2013 0.8850 -5.5058
v -0.2576 0.9050 -5.5228
v -0.2576 0.8850 -5.5228
v -0.3095 0.9050 -5.5506
v -0.3095 0.8850 -5.5506
v -0.3549 0.9050 -5.5879
v -0.3549 0.8850 -5.5879
v -0.3922 0.9050 -5.6333
v -0.3922 0.8850 -5.6333
v -0.4200 0.9050 -5.6852
v -0.4200 0.8850 -5.6852
v -0.4370 0.9050 -5.7415
v -0.4370 0.8850 -5.7415
v -0.4428 0.9050 -5.8000
v -0.4428 0.8850 -5.8000
v -0.4370 0.9050 -5.8585
v -0.4370 0.8850 -5.8585
v -0.4200 0.9050 -5.9148
v -0.4200 0.8850 -5.9148
v -0.3922 0.9050 -5.9667
v -0.3922 0.8850 -5.9667
v -0.3549 0.9050 -6.0121
v -0.3549 0.8850 -6.0121
v -0.3095 0.9050 -6.0494
v -0.3095 0.8850 -6.0494
v -0.2576 0.9050 -6.0772
v -0.2576 0.8850 -6.0772
v -0.2013 0.9050 -6.0942
v -0.2013 0.8850 -6.0942
v -0.1428 0.9050 -6.1000
v -0.1428 0.8850 -6.1000
v -0.0843 0.9050 -6.0942
v -0.0843 0.8850 -6.0942
v -0.0280 0.9050 -6.0772
v -0.0280 0.8850 -6.0772
v 0.0239 0.9050 -6.0494
v 0.0239 0.8850 -6.0494
v 0.0693 0.9050 -6.0121
v 0.0693 0.8850 -6.0121
v 0.1067 0.9050 -5.9667
v 0.1067 0.8850 -5.9667
v 0.1344 0.9050 -5.9148
v 0.1344 0.8850 -5.9148
v 0.1514 0.9050 -5.8585
v 0.1514 0.8850 -5.8585
v -0.1428 0.9050 -5.8000
v -0.1428 0.8850 -5.8000
v 0.2572 0.3000 -5.6200
v 0.2572 0.3000 -5.7800
v 0.2572 0.5000 -5.7800
v 0.2572 0.5000 -5.6200
v 0.3372 0.3000 -5.6200
v 0.3372 0.3000 -5.7800
v 0.3372 0.5000 -5.7800
v 0.3372 0.5000 -5.6200
vn 0.0000 0.0000 -1.0000
usemtl ac_grille
f 1939//1645 1942//1645 1941//1645 1940//1645
vn 0.0000 0.0000 1.0000
f 1943//1646 1944//1646 1945//1646 1946//1646
vn -1.0000 0.0000 0.0000
f 1939//1647 1943//1647 1946//1647 1942//1647
vn 1.0000 0.0000 0.0000
f 1940//1648 1941//1648 1945//1648 1944//1648
vn 0.0000 1.0000 0.0000
f 1942//1649 1946//1649 1945//1649 1941//1649
vn 0.0000 -1.0000 0.0000
f 1939//1650 1940//1650 1944//1650 1943//1650
vn 0.0000 0.0000 -1.0000
f 1947//1651 1950//1651 1949//1651 1948//1651
vn 0.0000 0.0000 1.0000
f 1951//1652 1952//1652 1953//1652 1954//1652
vn -1.0000 0.0000 0.0000
f 1947//1653 1951//1653 1954//1653 1950//1653
vn 1.0000 0.0000 0.0000
f 1948//1654 1949//1654 1953//1654 1952//1654
vn 0.0000 1.0000 0.0000
f 1950//1655 1954//1655 1953//1655 1949//1655
vn 0.0000 -1.0000 0.0000
f 1947//1656 1948//1656 1952//1656 1951//1656
vn 0.0000 0.0000 -1.0000
usemtl ac_cabinet
f 1955//1657 1958//1657 1957//1657 1956//1657
vn 0.0000 0.0000 1.0000
f 1959//1658 1960//1658 1961//1658 1962//1658
vn -1.0000 0.0000 0.0000
f 1955//1659 1959//1659 1962//1659 1958//1659
vn 1.0000 0.0000 0.0000
f 1956//1660 1957//1660 1961//1660 1960//1660
vn 0.0000 1.0000 0.0000
f 1958//1661 1962//1661 1961//1661 1957//1661
vn 0.0000 -1.0000 0.0000
f 1955//1662 1956//1662 1960//1662 1959//1662
vn 0.0000 0.0000 -1.0000
f 1963//1663 1966//1663 1965//1663 1964//1663
vn 0.0000 0.0000 1.0000
f 1967//1664 1968//1664 1969//1664 1970//1664
vn -1.0000 0.0000 0.0000
f 1963//1665 1967//1665 1970//1665 1966//1665
vn 1.0000 0.0000 0.0000
f 1964//1666 1965//1666 1969//1666 1968//1666
vn 0.0000 1.0000 0.0000
f 1966//1667 1970//1667 1969//1667 1965//1667
vn 0.0000 -1.0000 0.0000
f 1963//1668 1964//1668 1968//1668 1967//1668
vn 0.0000 0.0000 -1.0000
f 1971//1669 1974//1669 1973//1669 1972//1669
vn 0.0000 0.0000 1.0000
f 1975//1670 1976//1670 1977//1670 1978//1670
vn -1.0000 0.0000 0.0000
f 1971//1671 1975//1671 1978//1671 1974//1671
vn 1.0000 0.0000 0.0000
f 1972//1672 1973//1672 1977//1672 1976//1672
vn 0.0000 1.0000 0.0000
f 1974//1673 1978//1673 1977//1673 1973//1673
vn 0.0000 -1.0000 0.0000
f 1971//1674 1972//1674 1976//1674 1975//1674
vn 0.0000 0.0000 -1.0000
f 1979//1675 1982//1675 1981//1675 1980//1675
vn 0.0000 0.0000 1.0000
f 1983//1676 1984//1676 1985//1676 1986//1676
vn -1.0000 0.0000 0.0000
f 1979//1677 1983//1677 1986//1677 1982//1677
vn 1.0000 0.0000 0.0000
f 1980//1678 1981//1678 1985//1678 1984//1678
vn 0.0000 1.0000 0.0000
f 1982//1679 1986//1679 1985//1679 1981//1679
vn 0.0000 -1.0000 0.0000
f 1979//1680 1980//1680 1984//1680 1983//1680
vn 0.0000 0.0000 -1.0000
f 1987//1681 1990//1681 1989//1681 1988//1681
vn 0.0000 0.0000 1.0000
f 1991//1682 1992//1682 1993//1682 1994//1682
vn -1.0000 0.0000 0.0000
f 1987//1683 1991//1683 1994//1683 1990//1683
vn 1.0000 0.0000 0.0000
f 1988//1684 1989//1684 1993//1684 1992//1684
vn 0.0000 1.0000 0.0000
f 1990//1685 1994//1685 1993//1685 1989//1685
vn 0.0000 -1.0000 0.0000
f 1987//1686 1988//1686 1992//1686 1991//1686
vn 0.9952 0.0000 0.0980
usemtl ac_fan
f 1995//1687 1997//1687 1998//1687 1996//1687
vn 0.9569 0.0000 0.2903
f 1997//1688 1999//1688 2000//1688 1998//1688
vn 0.8819 0.0000 0.4714
f 1999//1689 2001//1689 2002//1689 2000//1689
vn 0.7730 0.0000 0.6344
f 2001//1690 2003//1690 2004//1690 2002//1690
vn 0.6344 0.0000 0.7730
f 2003//1691 2005//1691 2006//1691 2004//1691
vn 0.4714 0.0000 0.8819
f 2005//1692 2007//1692 2008//1692 2006//1692
vn 0.2903 0.0000 0.9569
f 2007//1693 2009//1693 2010//1693 2008//1693
vn 0.0980 0.0000 0.9952
f 2009//1694 2011//1694 2012//1694 2010//1694
vn -0.0980 0.0000 0.9952
f 2011//1695 2013//1695 2014//1695 2012//1695
vn -0.2903 0.0000 0.9569
f 2013//1696 2015//1696 2016//1696 2014//1696
vn -0.4714 0.0000 0.8819
f 2015//1697 2017//1697 2018//1697 2016//1697
vn -0.6344 0.0000 0.7730
f 2017//1698 2019//1698 2020//1698 2018//1698
vn -0.7730 0.0000 0.6344
f 2019//1699 2021//1699 2022//1699 2020//1699
vn -0.8819 0.0000 0.4714
f 2021//1700 2023//1700 2024//1700 2022//1700
vn -0.9569 0.0000 0.2903
f 2023//1701 2025//1701 2026//1701 2024//1701
vn -0.9952 0.0000 0.0980
f 2025//1702 2027//1702 2028//1702 2026//1702
vn -0.9952 0.0000 -0.0980
f 2027//1703 2029//1703 2030//1703 2028//1703
vn -0.9569 0.0000 -0.2903
f 2029//1704 2031//1704 2032//1704 2030//1704
vn -0.8819 0.0000 -0.4714
f 2031//1705 2033//1705 2034//1705 2032//1705
vn -0.7730 0.0000 -0.6344
f 2033//1706 2035//1706 2036//1706 2034//1706
vn -0.6344 0.0000 -0.7730
f 2035//1707 2037//1707 2038//1707 2036//1707
vn -0.4714 0.0000 -0.8819
f 2037//1708 2039//1708 2040//1708 2038//1708
vn -0.2903 0.0000 -0.9569
f 2039//1709 2041//1709 2042//1709 2040//1709
vn -0.0980 0.0000 -0.9952
f 2041//1710 2043//1710 2044//1710 2042//1710
vn 0.0980 0.0000 -0.9952
f 2043//1711 2045//1711 2046//1711 2044//1711
vn 0.2903 0.0000 -0.9569
f 2045//1712 2047//1712 2048//1712 2046//1712
vn 0.4714 0.0000 -0.8819
f 2047//1713 2049//1713 2050//1713 2048//1713
vn 0.6344 0.0000 -0.7730
f 2049//1714 2051//1714 2052//1714 2050//1714
vn 0.7730 0.0000 -0.6344
f 2051//1715 2053//1715 2054//1715 2052//1715
vn 0.8819 0.0000 -0.4714
f 2053//1716 2055//1716 2056//1716 2054//1716
vn 0.9569 0.0000 -0.2903
f 2055//1717 2057//1717 2058//1717 2056//1717
vn 0.9952 0.0000 -0.0980
f 2057//1718 1995//1718 1996//1718 2058//1718
vn 0.0000 1.0000 0.0000
f 2059//1719 1997//1719 1995//1719
vn 0.0000 -1.0000 -0.0000
f 2060//1720 1996//1720 1998//1720
vn 0.0000 1.0000 0.0000
f 2059//1721 1999//1721 1997//1721
vn 0.0000 -1.0000 0.0000
f 2060//1722 1998//1722 2000//1722
vn 0.0000 1.0000 0.0000
f 2059//1723 2001//1723 1999//1723
vn 0.0000 -1.0000 -0.0000
f 2060//1724 2000//1724 2002//1724
vn 0.0000 1.0000 0.0000
f 2059//1725 2003//1725 2001//1725
vn 0.0000 -1.0000 0.0000
f 2060//1726 2002//1726 2004//1726
vn 0.0000 1.0000 0.0000
f 2059//1727 2005//1727 2003//1727
vn 0.0000 -1.0000 0.0000
f 2060//1728 2004//1728 2006//1728
vn 0.0000 1.0000 0.0000
f 2059//1729 2007//1729 2005//1729
vn 0.0000 -1.0000 0.0000
f 2060//1730 2006//1730 2008//1730
vn 0.0000 1.0000 0.0000
f 2059//1731 2009//1731 2007//1731
vn 0.0000 -1.0000 0.0000
f 2060//1732 2008//1732 2010//1732
vn 0.0000 1.0000 0.0000
f 2059//1733 2011//1733 2009//1733
vn 0.0000 -1.0000 0.0000
f 2060//1734 2010//1734 2012//1734
vn 0.0000 1.0000 0.0000
f 2059//1735 2013//1735 2011//1735
vn 0.0000 -1.0000 -0.0000
f 2060//1736 2012//1736 2014//1736
vn 0.0000 1.0000 0.0000
f 2059//1737 2015//1737 2013//1737
vn 0.0000 -1.0000 0.0000
f 2060//1738 2014//1738 2016//1738
vn 0.0000 1.0000 -0.0000
f 2059//1739 2017//1739 2015//1739
vn 0.0000 -1.0000 0.0000
f 2060//1740 2016//1740 2018//1740
vn 0.0000 1.0000 0.0000
f 2059//1741 2019//1741 2017//1741
vn 0.0000 -1.0000 0.0000
f 2060//1742 2018//1742 2020//1742
vn 0.0000 1.0000 0.0000
f 2059//1743 2021//1743 2019//1743
vn 0.0000 -1.0000 0.0000
f 2060//1744 2020//1744 2022//1744
vn 0.0000 1.0000 -0.0000
f 2059//1745 2023//1745 2021//1745
vn 0.0000 -1.0000 0.0000
f 2060//1746 2022//1746 2024//1746
vn 0.0000 1.0000 0.0000
f 2059//1747 2025//1747 2023//1747
vn 0.0000 -1.0000 0.0000
f 2060//1748 2024//1748 2026//1748
vn 0.0000 1.0000 0.0000
f 2059//1749 2027//1749 2025//1749
vn 0.0000 -1.0000 -0.0000
f 2060//1750 2026//1750 2028//1750
vn 0.0000 1.0000 -0.0000
f 2059//1751 2029//1751 2027//1751
vn 0.0000 -1.0000 0.0000
f 2060//1752 2028//1752 2030//1752
vn 0.0000 1.0000 0.0000
f 2059//1753 2031//1753 2029//1753
vn 0.0000 -1.0000 0.0000
f 2060//1754 2030//1754 2032//1754
vn 0.0000 1.0000 0.0000
f 2059//1755 2033//1755 2031//1755
vn 0.0000 -1.0000 0.0000
f 2060//1756 2032//1756 2034//1756
vn 0.0000 1.0000 0.0000
f 2059//1757 2035//1757 2033//1757
vn 0.0000 -1.0000 0.0000
f 2060//1758 2034//1758 2036//1758
vn 0.0000 1.0000 0.0000
f 2059//1759 2037//1759 2035//1759
vn 0.0000 -1.0000 0.0000
f 2060//1760 2036//1760 2038//1760
vn 0.0000 1.0000 0.0000
f 2059//1761 2039//1761 2037//1761
vn 0.0000 -1.0000 -0.0000
f 2060//1762 2038//1762 2040//1762
vn 0.0000 1.0000 0.0000
f 2059//1763 2041//1763 2039//1763
vn 0.0000 -1.0000 0.0000
f 2060//1764 2040//1764 2042//1764
vn 0.0000 1.0000 -0.0000
f 2059//1765 2043//1765 2041//1765
vn 0.0000 -1.0000 0.0000
f 2060//1766 2042//1766 2044//1766
vn 0.0000 1.0000 -0.0000
f 2059//1767 2045//1767 2043//1767
vn 0.0000 -1.0000 0.0000
f 2060//1768 2044//1768 2046//1768
vn 0.0000 1.0000 -0.0000
f 2059//1769 2047//1769 2045//1769
vn 0.0000 -1.0000 0.0000
f 2060//1770 2046//1770 2048//1770
vn 0.0000 1.0000 0.0000
f 2059//1771 2049//1771 2047//1771
vn 0.0000 -1.0000 0.0000
f 2060//1772 2048//1772 2050//1772
vn 0.0000 1.0000 0.0000
f 2059//1773 2051//1773 2049//1773
vn 0.0000 -1.0000 0.0000
f 2060//1774 2050//1774 2052//1774
vn 0.0000 1.0000 -0.0000
f 2059//1775 2053//1775 2051//1775
vn 0.0000 -1.0000 -0.0000
f 2060//1776 2052//1776 2054//1776
vn 0.0000 1.0000 -0.0000
f 2059//1777 2055//1777 2053//1777
vn 0.0000 -1.0000 0.0000
f 2060//1778 2054//1778 2056//1778
vn 0.0000 1.0000 0.0000
f 2059//1779 2057//1779 2055//1779
vn 0.0000 -1.0000 0.0000
f 2060//1780 2056//1780 2058//1780
vn 0.0000 1.0000 -0.0000
f 2059//1781 1995//1781 2057//1781
vn 0.0000 -1.0000 0.0000
f 2060//1782 2058//1782 1996//1782
vn -1.0000 0.0000 0.0000
usemtl disconnect_gray
f 2061//1783 2064//1783 2063//1783 2062//1783
vn 1.0000 0.0000 0.0000
f 2065//1784 2066//1784 2067//1784 2068//1784
vn 0.0000 0.0000 1.0000
f 2061//1785 2065//1785 2068//1785 2064//1785
vn 0.0000 0.0000 -1.0000
f 2062//1786 2063//1786 2067//1786 2066//1786
vn 0.0000 1.0000 0.0000
f 2064//1787 2068//1787 2067//1787 2063//1787
vn 0.0000 -1.0000 0.0000
f 2061//1788 2062//1788 2066//1788 2065//1788
o gas_meter
v 7.0400 0.2400 0.5521
v 7.0400 0.2400 0.2521
v 7.0400 0.5600 0.2521
v 7.0400 0.5600 0.5521
v 7.2400 0.2400 0.5521
v 7.2400 0.2400 0.2521
v 7.2400 0.5600 0.2521
v 7.2400 0.5600 0.5521
v 7.2400 0.3900 0.4721
v 7.2400 0.3900 0.3321
v 7.2400 0.4900 0.3321
v 7.2400 0.4900 0.4721
v 7.2500 0.3900 0.4721
v 7.2500 0.3900 0.3321
v 7.2500 0.4900 0.3321
v 7.2500 0.4900 0.4721
v 7.1400 0.7200 0.4741
v 7.1400 0.6000 0.4741
v 7.1490 0.7200 0.4765
v 7.1490 0.6000 0.4765
v 7.1556 0.7200 0.4831
v 7.1556 0.6000 0.4831
v 7.1580 0.7200 0.4921
v 7.1580 0.6000 0.4921
v 7.1556 0.7200 0.5011
v 7.1556 0.6000 0.5011
v 7.1490 0.7200 0.5077
v 7.1490 0.6000 0.5077
v 7.1400 0.7200 0.5101
v 7.1400 0.6000 0.5101
v 7.1310 0.7200 0.5077
v 7.1310 0.6000 0.5077
v 7.1244 0.7200 0.5011
v 7.1244 0.6000 0.5011
v 7.1220 0.7200 0.4921
v 7.1220 0.6000 0.4921
v 7.1244 0.7200 0.4831
v 7.1244 0.6000 0.4831
v 7.1310 0.7200 0.4765
v 7.1310 0.6000 0.4765
v 7.1400 0.7200 0.4921
v 7.1400 0.6000 0.4921
v 7.1400 0.7200 0.2941
v 7.1400 0.6000 0.2941
v 7.1490 0.7200 0.2965
v 7.1490 0.6000 0.2965
v 7.1556 0.7200 0.3031
v 7.1556 0.6000 0.3031
v 7.1580 0.7200 0.3121
v 7.1580 0.6000 0.3121
v 7.1556 0.7200 0.3211
v 7.1556 0.6000 0.3211
v 7.1490 0.7200 0.3277
v 7.1490 0.6000 0.3277
v 7.1400 0.7200 0.3301
v 7.1400 0.6000 0.3301
v 7.1310 0.7200 0.3277
v 7.1310 0.6000 0.3277
v 7.1244 0.7200 0.3211
v 7.1244 0.6000 0.3211
v 7.1220 0.7200 0.3121
v 7.1220 0.6000 0.3121
v 7.1244 0.7200 0.3031
v 7.1244 0.6000 0.3031
v 7.1310 0.7200 0.2965
v 7.1310 0.6000 0.2965
v 7.1400 0.7200 0.3121
v 7.1400 0.6000 0.3121
v 7.0500 0.2800 0.4741
v 7.0500 0.0000 0.4741
v 7.0590 0.2800 0.4765
v 7.0590 0.0000 0.4765
v 7.0656 0.2800 0.4831
v 7.0656 0.0000 0.4831
v 7.0680 0.2800 0.4921
v 7.0680 0.0000 0.4921
v 7.0656 0.2800 0.5011
v 7.0656 0.0000 0.5011
v 7.0590 0.2800 0.5077
v 7.0590 0.0000 0.5077
v 7.0500 0.2800 0.5101
v 7.0500 0.0000 0.5101
v 7.0410 0.2800 0.5077
v 7.0410 0.0000 0.5077
v 7.0344 0.2800 0.5011
v 7.0344 0.0000 0.5011
v 7.0320 0.2800 0.4921
v 7.0320 0.0000 0.4921
v 7.0344 0.2800 0.4831
v 7.0344 0.0000 0.4831
v 7.0410 0.2800 0.4765
v 7.0410 0.0000 0.4765
v 7.0500 0.2800 0.4921
v 7.0500 0.0000 0.4921
vn -1.0000 0.0000 0.0000
usemtl gas_meter_body
f 2069//1789 2072//1789 2071//1789 2070//1789
vn 1.0000 0.0000 0.0000
f 2073//1790 2074//1790 2075//1790 2076//1790
vn 0.0000 0.0000 1.0000
f 2069//1791 2073//1791 2076//1791 2072//1791
vn 0.0000 0.0000 -1.0000
f 2070//1792 2071//1792 2075//1792 2074//1792
vn 0.0000 1.0000 0.0000
f 2072//1793 2076//1793 2075//1793 2071//1793
vn 0.0000 -1.0000 0.0000
f 2069//1794 2070//1794 2074//1794 2073//1794
vn -1.0000 0.0000 0.0000
usemtl meter_face
f 2077//1795 2080//1795 2079//1795 2078//1795
vn 1.0000 0.0000 0.0000
f 2081//1796 2082//1796 2083//1796 2084//1796
vn 0.0000 0.0000 1.0000
f 2077//1797 2081//1797 2084//1797 2080//1797
vn 0.0000 0.0000 -1.0000
f 2078//1798 2079//1798 2083//1798 2082//1798
vn 0.0000 1.0000 0.0000
f 2080//1799 2084//1799 2083//1799 2079//1799
vn 0.0000 -1.0000 0.0000
f 2077//1800 2078//1800 2082//1800 2081//1800
vn 0.2588 0.0000 -0.9659
usemtl gas_pipe
f 2085//1801 2087//1801 2088//1801 2086//1801
vn 0.7071 0.0000 -0.7071
f 2087//1802 2089//1802 2090//1802 2088//1802
vn 0.9659 0.0000 -0.2588
f 2089//1803 2091//1803 2092//1803 2090//1803
vn 0.9659 0.0000 0.2588
f 2091//1804 2093//1804 2094//1804 2092//1804
vn 0.7071 0.0000 0.7071
f 2093//1805 2095//1805 2096//1805 2094//1805
vn 0.2588 0.0000 0.9659
f 2095//1806 2097//1806 2098//1806 2096//1806
vn -0.2588 0.0000 0.9659
f 2097//1807 2099//1807 2100//1807 2098//1807
vn -0.7071 0.0000 0.7071
f 2099//1808 2101//1808 2102//1808 2100//1808
vn -0.9659 0.0000 0.2588
f 2101//1809 2103//1809 2104//1809 2102//1809
vn -0.9659 0.0000 -0.2588
f 2103//1810 2105//1810 2106//1810 2104//1810
vn -0.7071 0.0000 -0.7071
f 2105//1811 2107//1811 2108//1811 2106//1811
vn -0.2588 0.0000 -0.9659
f 2107//1812 2085//1812 2086//1812 2108//1812
vn 0.0000 1.0000 0.0000
f 2109//1813 2087//1813 2085//1813
vn 0.0000 -1.0000 0.0000
f 2110//1814 2086//1814 2088//1814
vn 0.0000 1.0000 -0.0000
f 2109//1815 2089//1815 2087//1815
vn 0.0000 -1.0000 -0.0000
f 2110//1816 2088//1816 2090//1816
vn 0.0000 1.0000 0.0000
f 2109//1817 2091//1817 2089//1817
vn 0.0000 -1.0000 0.0000
f 2110//1818 2090//1818 2092//1818
vn 0.0000 1.0000 0.0000
f 2109//1819 2093//1819 2091//1819
vn 0.0000 -1.0000 -0.0000
f 2110//1820 2092//1820 2094//1820
vn 0.0000 1.0000 0.0000
f 2109//1821 2095//1821 2093//1821
vn 0.0000 -1.0000 0.0000
f 2110//1822 2094//1822 2096//1822
vn 0.0000 1.0000 0.0000
f 2109//1823 2097//1823 2095//1823
vn 0.0000 -1.0000 0.0000
f 2110//1824 2096//1824 2098//1824
vn 0.0000 1.0000 0.0000
f 2109//1825 2099//1825 2097//1825
vn 0.0000 -1.0000 0.0000
f 2110//1826 2098//1826 2100//1826
vn 0.0000 1.0000 0.0000
f 2109//1827 2101//1827 2099//1827
vn 0.0000 -1.0000 0.0000
f 2110//1828 2100//1828 2102//1828
vn 0.0000 1.0000 0.0000
f 2109//1829 2103//1829 2101//1829
vn 0.0000 -1.0000 0.0000
f 2110//1830 2102//1830 2104//1830
vn 0.0000 1.0000 -0.0000
f 2109//1831 2105//1831 2103//1831
vn 0.0000 -1.0000 0.0000
f 2110//1832 2104//1832 2106//1832
vn 0.0000 1.0000 0.0000
f 2109//1833 2107//1833 2105//1833
vn 0.0000 -1.0000 0.0000
f 2110//1834 2106//1834 2108//1834
vn 0.0000 1.0000 0.0000
f 2109//1835 2085//1835 2107//1835
vn 0.0000 -1.0000 0.0000
f 2110//1836 2108//1836 2086//1836
vn 0.2588 0.0000 -0.9659
f 2111//1837 2113//1837 2114//1837 2112//1837
vn 0.7071 0.0000 -0.7071
f 2113//1838 2115//1838 2116//1838 2114//1838
vn 0.9659 0.0000 -0.2588
f 2115//1839 2117//1839 2118//1839 2116//1839
vn 0.9659 0.0000 0.2588
f 2117//1840 2119//1840 2120//1840 2118//1840
vn 0.7071 0.0000 0.7071
f 2119//1841 2121//1841 2122//1841 2120//1841
vn 0.2588 0.0000 0.9659
f 2121//1842 2123//1842 2124//1842 2122//1842
vn -0.2588 0.0000 0.9659
f 2123//1843 2125//1843 2126//1843 2124//1843
vn -0.7071 0.0000 0.7071
f 2125//1844 2127//1844 2128//1844 2126//1844
vn -0.9659 0.0000 0.2588
f 2127//1845 2129//1845 2130//1845 2128//1845
vn -0.9659 0.0000 -0.2588
f 2129//1846 2131//1846 2132//1846 2130//1846
vn -0.7071 0.0000 -0.7071
f 2131//1847 2133//1847 2134//1847 2132//1847
vn -0.2588 0.0000 -0.9659
f 2133//1848 2111//1848 2112//1848 2134//1848
vn 0.0000 1.0000 0.0000
f 2135//1849 2113//1849 2111//1849
vn 0.0000 -1.0000 0.0000
f 2136//1850 2112//1850 2114//1850
vn 0.0000 1.0000 -0.0000
f 2135//1851 2115//1851 2113//1851
vn 0.0000 -1.0000 -0.0000
f 2136//1852 2114//1852 2116//1852
vn 0.0000 1.0000 0.0000
f 2135//1853 2117//1853 2115//1853
vn 0.0000 -1.0000 0.0000
f 2136//1854 2116//1854 2118//1854
vn 0.0000 1.0000 0.0000
f 2135//1855 2119//1855 2117//1855
vn 0.0000 -1.0000 -0.0000
f 2136//1856 2118//1856 2120//1856
vn 0.0000 1.0000 0.0000
f 2135//1857 2121//1857 2119//1857
vn 0.0000 -1.0000 0.0000
f 2136//1858 2120//1858 2122//1858
vn 0.0000 1.0000 0.0000
f 2135//1859 2123//1859 2121//1859
vn 0.0000 -1.0000 0.0000
f 2136//1860 2122//1860 2124//1860
vn 0.0000 1.0000 0.0000
f 2135//1861 2125//1861 2123//1861
vn 0.0000 -1.0000 0.0000
f 2136//1862 2124//1862 2126//1862
vn 0.0000 1.0000 0.0000
f 2135//1863 2127//1863 2125//1863
vn 0.0000 -1.0000 0.0000
f 2136//1864 2126//1864 2128//1864
vn 0.0000 1.0000 0.0000
f 2135//1865 2129//1865 2127//1865
vn 0.0000 -1.0000 0.0000
f 2136//1866 2128//1866 2130//1866
vn 0.0000 1.0000 -0.0000
f 2135//1867 2131//1867 2129//1867
vn 0.0000 -1.0000 0.0000
f 2136//1868 2130//1868 2132//1868
vn 0.0000 1.0000 0.0000
f 2135//1869 2133//1869 2131//1869
vn 0.0000 -1.0000 0.0000
f 2136//1870 2132//1870 2134//1870
vn 0.0000 1.0000 0.0000
f 2135//1871 2111//1871 2133//1871
vn 0.0000 -1.0000 0.0000
f 2136//1872 2134//1872 2112//1872
vn 0.2588 0.0000 -0.9659
f 2137//1873 2139//1873 2140//1873 2138//1873
vn 0.7071 0.0000 -0.7071
f 2139//1874 2141//1874 2142//1874 2140//1874
vn 0.9659 0.0000 -0.2588
f 2141//1875 2143//1875 2144//1875 2142//1875
vn 0.9659 0.0000 0.2588
f 2143//1876 2145//1876 2146//1876 2144//1876
vn 0.7071 0.0000 0.7071
f 2145//1877 2147//1877 2148//1877 2146//1877
vn 0.2588 0.0000 0.9659
f 2147//1878 2149//1878 2150//1878 2148//1878
vn -0.2588 0.0000 0.9659
f 2149//1879 2151//1879 2152//1879 2150//1879
vn -0.7071 0.0000 0.7071
f 2151//1880 2153//1880 2154//1880 2152//1880
vn -0.9659 0.0000 0.2588
f 2153//1881 2155//1881 2156//1881 2154//1881
vn -0.9659 0.0000 -0.2588
f 2155//1882 2157//1882 2158//1882 2156//1882
vn -0.7071 0.0000 -0.7071
f 2157//1883 2159//1883 2160//1883 2158//1883
vn -0.2588 0.0000 -0.9659
f 2159//1884 2137//1884 2138//1884 2160//1884
vn 0.0000 1.0000 0.0000
f 2161//1885 2139//1885 2137//1885
vn 0.0000 -1.0000 0.0000
f 2162//1886 2138//1886 2140//1886
vn 0.0000 1.0000 0.0000
f 2161//1887 2141//1887 2139//1887
vn 0.0000 -1.0000 0.0000
f 2162//1888 2140//1888 2142//1888
vn 0.0000 1.0000 0.0000
f 2161//1889 2143//1889 2141//1889
vn 0.0000 -1.0000 0.0000
f 2162//1890 2142//1890 2144//1890
vn 0.0000 1.0000 0.0000
f 2161//1891 2145//1891 2143//1891
vn 0.0000 -1.0000 0.0000
f 2162//1892 2144//1892 2146//1892
vn 0.0000 1.0000 0.0000
f 2161//1893 2147//1893 2145//1893
vn 0.0000 -1.0000 0.0000
f 2162//1894 2146//1894 2148//1894
vn 0.0000 1.0000 0.0000
f 2161//1895 2149//1895 2147//1895
vn 0.0000 -1.0000 0.0000
f 2162//1896 2148//1896 2150//1896
vn 0.0000 1.0000 0.0000
f 2161//1897 2151//1897 2149//1897
vn 0.0000 -1.0000 0.0000
f 2162//1898 2150//1898 2152//1898
vn 0.0000 1.0000 0.0000
f 2161//1899 2153//1899 2151//1899
vn 0.0000 -1.0000 0.0000
f 2162//1900 2152//1900 2154//1900
vn 0.0000 1.0000 0.0000
f 2161//1901 2155//1901 2153//1901
vn 0.0000 -1.0000 0.0000
f 2162//1902 2154//1902 2156//1902
vn 0.0000 1.0000 0.0000
f 2161//1903 2157//1903 2155//1903
vn 0.0000 -1.0000 0.0000
f 2162//1904 2156//1904 2158//1904
vn 0.0000 1.0000 0.0000
f 2161//1905 2159//1905 2157//1905
vn 0.0000 -1.0000 0.0000
f 2162//1906 2158//1906 2160//1906
vn 0.0000 1.0000 0.0000
f 2161//1907 2137//1907 2159//1907
vn 0.0000 -1.0000 0.0000
f 2162//1908 2160//1908 2138//1908
o hose_bib
v 7.1000 0.4500 3.4298
v 7.0000 0.4500 3.4298
v 7.1000 0.4588 3.4327
v 7.0000 0.4588 3.4327
v 7.1000 0.4643 3.4402
v 7.0000 0.4643 3.4402
v 7.1000 0.4643 3.4495
v 7.0000 0.4643 3.4495
v 7.1000 0.4588 3.4570
v 7.0000 0.4588 3.4570
v 7.1000 0.4500 3.4598
v 7.0000 0.4500 3.4598
v 7.1000 0.4412 3.4570
v 7.0000 0.4412 3.4570
v 7.1000 0.4357 3.4495
v 7.0000 0.4357 3.4495
v 7.1000 0.4357 3.4402
v 7.0000 0.4357 3.4402
v 7.1000 0.4412 3.4327
v 7.0000 0.4412 3.4327
v 7.1000 0.4500 3.4448
v 7.0000 0.4500 3.4448
v 7.1000 0.4875 3.4098
v 7.1000 0.4725 3.4098
v 7.1206 0.4875 3.4165
v 7.1206 0.4725 3.4165
v 7.1333 0.4875 3.4340
v 7.1333 0.4725 3.4340
v 7.1333 0.4875 3.4556
v 7.1333 0.4725 3.4556
v 7.1206 0.4875 3.4731
v 7.1206 0.4725 3.4731
v 7.1000 0.4875 3.4798
v 7.1000 0.4725 3.4798
v 7.0794 0.4875 3.4731
v 7.0794 0.4725 3.4731
v 7.0667 0.4875 3.4556
v 7.0667 0.4725 3.4556
v 7.0667 0.4875 3.4340
v 7.0667 0.4725 3.4340
v 7.0794 0.4875 3.4165
v 7.0794 0.4725 3.4165
v 7.1000 0.4875 3.4448
v 7.1000 0.4725 3.4448
vn 0.0000 -0.3090 0.9511
usemtl hose_bib
f 2163//1909 2165//1909 2166//1909 2164//1909
vn 0.0000 -0.8090 0.5878
f 2165//1910 2167//1910 2168//1910 2166//1910
vn 0.0000 -1.0000 0.0000
f 2167//1911 2169//1911 2170//1911 2168//1911
vn 0.0000 -0.8090 -0.5878
f 2169//1912 2171//1912 2172//1912 2170//1912
vn 0.0000 -0.3090 -0.9511
f 2171//1913 2173//1913 2174//1913 2172//1913
vn 0.0000 0.3090 -0.9511
f 2173//1914 2175//1914 2176//1914 2174//1914
vn 0.0000 0.8090 -0.5878
f 2175//1915 2177//1915 2178//1915 2176//1915
vn 0.0000 1.0000 0.0000
f 2177//1916 2179//1916 2180//1916 2178//1916
vn 0.0000 0.8090 0.5878
f 2179//1917 2181//1917 2182//1917 2180//1917
vn 0.0000 0.3090 0.9511
f 2181//1918 2163//1918 2164//1918 2182//1918
vn -1.0000 0.0000 0.0000
f 2183//1919 2165//1919 2163//1919
vn 1.0000 0.0000 0.0000
f 2184//1920 2164//1920 2166//1920
vn -1.0000 0.0000 0.0000
f 2183//1921 2167//1921 2165//1921
vn 1.0000 0.0000 0.0000
f 2184//1922 2166//1922 2168//1922
vn -1.0000 0.0000 0.0000
f 2183//1923 2169//1923 2167//1923
vn 1.0000 0.0000 0.0000
f 2184//1924 2168//1924 2170//1924
vn -1.0000 0.0000 0.0000
f 2183//1925 2171//1925 2169//1925
vn 1.0000 0.0000 0.0000
f 2184//1926 2170//1926 2172//1926
vn -1.0000 0.0000 0.0000
f 2183//1927 2173//1927 2171//1927
vn 1.0000 0.0000 0.0000
f 2184//1928 2172//1928 2174//1928
vn -1.0000 0.0000 0.0000
f 2183//1929 2175//1929 2173//1929
vn 1.0000 0.0000 0.0000
f 2184//1930 2174//1930 2176//1930
vn -1.0000 0.0000 0.0000
f 2183//1931 2177//1931 2175//1931
vn 1.0000 0.0000 0.0000
f 2184//1932 2176//1932 2178//1932
vn -1.0000 0.0000 0.0000
f 2183//1933 2179//1933 2177//1933
vn 1.0000 0.0000 0.0000
f 2184//1934 2178//1934 2180//1934
vn -1.0000 0.0000 0.0000
f 2183//1935 2181//1935 2179//1935
vn 1.0000 0.0000 0.0000
f 2184//1936 2180//1936 2182//1936
vn -1.0000 -0.0000 0.0000
f 2183//1937 2163//1937 2181//1937
vn 1.0000 0.0000 0.0000
f 2184//1938 2182//1938 2164//1938
vn 0.3090 0.0000 -0.9511
f 2185//1939 2187//1939 2188//1939 2186//1939
vn 0.8090 0.0000 -0.5878
f 2187//1940 2189//1940 2190//1940 2188//1940
vn 1.0000 0.0000 0.0000
f 2189//1941 2191//1941 2192//1941 2190//1941
vn 0.8090 0.0000 0.5878
f 2191//1942 2193//1942 2194//1942 2192//1942
vn 0.3090 0.0000 0.9511
f 2193//1943 2195//1943 2196//1943 2194//1943
vn -0.3090 0.0000 0.9511
f 2195//1944 2197//1944 2198//1944 2196//1944
vn -0.8090 0.0000 0.5878
f 2197//1945 2199//1945 2200//1945 2198//1945
vn -1.0000 0.0000 0.0000
f 2199//1946 2201//1946 2202//1946 2200//1946
vn -0.8090 0.0000 -0.5878
f 2201//1947 2203//1947 2204//1947 2202//1947
vn -0.3090 0.0000 -0.9511
f 2203//1948 2185//1948 2186//1948 2204//1948
vn 0.0000 1.0000 0.0000
f 2205//1949 2187//1949 2185//1949
vn 0.0000 -1.0000 0.0000
f 2206//1950 2186//1950 2188//1950
vn 0.0000 1.0000 0.0000
f 2205//1951 2189//1951 2187//1951
vn 0.0000 -1.0000 0.0000
f 2206//1952 2188//1952 2190//1952
vn 0.0000 1.0000 0.0000
f 2205//1953 2191//1953 2189//1953
vn 0.0000 -1.0000 0.0000
f 2206//1954 2190//1954 2192//1954
vn 0.0000 1.0000 0.0000
f 2205//1955 2193//1955 2191//1955
vn 0.0000 -1.0000 0.0000
f 2206//1956 2192//1956 2194//1956
vn 0.0000 1.0000 0.0000
f 2205//1957 2195//1957 2193//1957
vn 0.0000 -1.0000 0.0000
f 2206//1958 2194//1958 2196//1958
vn 0.0000 1.0000 0.0000
f 2205//1959 2197//1959 2195//1959
vn 0.0000 -1.0000 0.0000
f 2206//1960 2196//1960 2198//1960
vn 0.0000 1.0000 0.0000
f 2205//1961 2199//1961 2197//1961
vn 0.0000 -1.0000 0.0000
f 2206//1962 2198//1962 2200//1962
vn 0.0000 1.0000 0.0000
f 2205//1963 2201//1963 2199//1963
vn 0.0000 -1.0000 0.0000
f 2206//1964 2200//1964 2202//1964
vn 0.0000 1.0000 0.0000
f 2205//1965 2203//1965 2201//1965
vn 0.0000 -1.0000 0.0000
f 2206//1966 2202//1966 2204//1966
vn 0.0000 1.0000 0.0000
f 2205//1967 2185//1967 2203//1967
vn 0.0000 -1.0000 0.0000
f 2206//1968 2204//1968 2186//1968
o mulch_bed_side
v 7.0000 0.0000 -4.7000
v 8.6000 0.0000 -4.7000
v 8.6000 0.0400 -4.7000
v 7.0000 0.0400 -4.7000
v 7.0000 0.0000 4.7000
v 8.6000 0.0000 4.7000
v 8.6000 0.0400 4.7000
v 7.0000 0.0400 4.7000
vn 0.0000 0.0000 -1.0000
usemtl mulch
f 2207//1969 2210//1969 2209//1969 2208//1969
vn 0.0000 0.0000 1.0000
f 2211//1970 2212//1970 2213//1970 2214//1970
vn -1.0000 0.0000 0.0000
f 2207//1971 2211//1971 2214//1971 2210//1971
vn 1.0000 0.0000 0.0000
f 2208//1972 2209//1972 2213//1972 2212//1972
vn 0.0000 1.0000 0.0000
f 2210//1973 2214//1973 2213//1973 2209//1973
vn 0.0000 -1.0000 0.0000
f 2207//1974 2208//1974 2212//1974 2211//1974
o bush_dome_1
v 7.8433 1.1286 2.2768
v 7.8433 1.1163 2.2768
v 7.8433 1.1155 2.2768
v 7.8433 1.1364 2.2768
v 7.8433 1.1156 2.2768
v 7.8433 1.1196 2.2768
v 7.8433 1.1213 2.2768
v 7.8433 1.1174 2.2768
v 7.8433 1.1236 2.2768
v 7.8433 1.1095 2.2768
v 7.8433 1.1454 2.2768
v 7.8433 1.1417 2.2768
v 7.8433 1.1365 2.2768
v 7.8433 1.1248 2.2768
v 7.8433 1.1125 2.2768
v 7.8433 1.1278 2.2768
v 7.8433 1.1075 2.2768
v 7.8433 1.1073 2.2768
v 7.8433 1.1148 2.2768
v 7.8433 1.1464 2.2768
v 7.8433 1.1319 2.2768
v 7.8433 1.1222 2.2768
v 7.8433 1.1110 2.2768
v 7.8433 1.1241 2.2768
v 7.8433 1.1480 2.2768
v 7.8433 1.1274 2.2768
v 7.8433 1.1371 2.2768
v 7.8433 1.1258 2.2768
v 7.8433 1.1023 2.2768
v 7.8433 1.1194 2.2768
v 7.8433 1.1072 2.2768
v 7.8433 1.1244 2.2768
v 7.8433 1.1393 2.2768
v 7.8433 1.1393 2.2768
v 7.8433 1.1243 2.2768
v 7.8433 1.1468 2.2768
v 7.8433 1.1271 2.2768
v 7.8433 1.1502 2.2768
v 7.8433 1.1389 2.2768
v 7.8433 1.1193 2.2768
v 7.8433 1.1081 2.2768
v 7.8433 1.1130 2.2768
v 7.8433 1.1014 2.2768
v 7.8433 1.1147 2.2768
v 7.8433 1.1292 2.2768
v 7.8433 1.1259 2.2768
v 7.8433 1.1524 2.2768
v 7.8433 1.1268 2.2768
v 7.8716 1.1253 2.3341
v 7.8638 1.1217 2.3369
v 7.8553 1.1011 2.3369
v 7.8474 1.1044 2.3383
v 7.8392 1.1195 2.3399
v 7.8307 1.1318 2.3402
v 7.8229 1.1236 2.3371
v 7.8150 1.1278 2.3343
v 7.8094 1.1002 2.3277
v 7.8029 1.1020 2.3229
v 7.7959 1.1183 2.3184
v 7.7897 1.1308 2.3126
v 7.7863 1.1223 2.3049
v 7.7830 1.1241 2.2973
v 7.7838 1.0963 2.2887
v 7.7803 1.1191 2.2809
v 7.7795 1.1267 2.2726
v 7.7791 1.1399 2.2640
v 7.7808 1.1452 2.2556
v 7.7858 1.1278 2.2484
v 7.7893 1.1359 2.2407
v 7.7966 1.1091 2.2358
v 7.8015 1.1211 2.2291
v 7.8086 1.1127 2.2248
v 7.8155 1.1160 2.2204
v 7.8231 1.1161 2.2173
v 7.8306 1.1376 2.2129
v 7.8393 1.1111 2.2146
v 7.8475 1.1152 2.2142
v 7.8560 1.1318 2.2135
v 7.8642 1.1333 2.2155
v 7.8711 1.1139 2.2206
v 7.8790 1.1280 2.2235
v 7.8852 1.1218 2.2291
v 7.8919 1.1320 2.2342
v 7.8971 1.1323 2.2409
v 7.8995 1.1138 2.2491
v 7.9039 1.1259 2.2563
v 7.9044 1.1102 2.2647
v 7.9065 1.1199 2.2727
v 7.9073 1.1272 2.2810
v 7.9057 1.1229 2.2892
v 7.9041 1.1278 2.2974
v 7.8984 1.1026 2.3040
v 7.8960 1.1198 2.3120
v 7.8917 1.1294 2.3192
v 7.8871 1.1490 2.3268
v 7.8795 1.1356 2.3309
v 7.9012 1.1314 2.3941
v 7.8835 1.1055 2.3952
v 7.8665 1.0755 2.3930
v 7.8516 1.1078 2.4021
v 7.8352 1.1060 2.4017
v 7.8182 1.1240 2.4034
v 7.8011 1.1348 2.4013
v 7.7854 1.1327 2.3943
v 7.7751 1.0952 2.3789
v 7.7604 1.1087 2.3714
v 7.7476 1.1156 2.3607
v 7.7353 1.1276 2.3490
v 7.7283 1.1201 2.3335
v 7.7283 1.0894 2.3159
v 7.7229 1.0954 2.3008
v 7.7222 1.0888 2.2847
v 7.7158 1.1179 2.2684
v 7.7143 1.1355 2.2511
v 7.7148 1.1542 2.2332
v 7.7257 1.1334 2.2188
v 7.7356 1.1260 2.2048
v 7.7516 1.0919 2.1963
v 7.7627 1.0932 2.1848
v 7.7736 1.1080 2.1724
v 7.7869 1.1169 2.1624
v 7.8025 1.1154 2.1563
v 7.8193 1.0974 2.1559
v 7.8349 1.1247 2.1478
v 7.8517 1.1172 2.1495
v 7.8688 1.1301 2.1489
v 7.8847 1.1216 2.1551
v 7.8982 1.1007 2.1656
v 7.9117 1.0964 2.1745
v 7.9288 1.1265 2.1793
v 7.9410 1.1272 2.1912
v 7.9497 1.1183 2.2058
v 7.9545 1.1006 2.2220
v 7.9602 1.0977 2.2372
v 7.9655 1.1032 2.2525
v 7.9699 1.1136 2.2685
v 7.9673 1.1015 2.2849
v 7.9693 1.1208 2.3019
v 7.9651 1.1215 2.3181
v 7.9577 1.1168 2.3332
v 7.9497 1.1187 2.3479
v 7.9412 1.1288 2.3626
v 7.9293 1.1294 2.3748
v 7.9125 1.1026 2.3803
v 7.9282 1.1063 2.4490
v 7.9035 1.0922 2.4541
v 7.8783 1.0676 2.4524
v 7.8556 1.0925 2.4638
v 7.8308 1.1036 2.4675
v 7.8046 1.1262 2.4717
v 7.7808 1.1138 2.4610
v 7.7585 1.1060 2.4489
v 7.7388 1.0950 2.4333
v 7.7212 1.0861 2.4161
v 7.7021 1.0940 2.4007
v 7.6898 1.0843 2.3794
v 7.6835 1.0652 2.3556
v 7.6719 1.0737 2.3350
v 7.6700 1.0609 2.3113
v 7.6600 1.0818 2.2888
v 7.6514 1.1075 2.2642
v 7.6506 1.1197 2.2385
v 7.6521 1.1360 2.2119
v 7.6678 1.1173 2.1902
v 7.6842 1.1044 2.1705
v 7.7010 1.0985 2.1519
v 7.7239 1.0741 2.1406
v 7.7416 1.0799 2.1245
v 7.7614 1.0864 2.1106
v 7.7835 1.0893 2.1004
v 7.8081 1.0724 2.0997
v 7.8311 1.0906 2.0905
v 7.8560 1.1120 2.0833
v 7.8812 1.1121 2.0866
v 7.9064 1.1184 2.0912
v 7.9272 1.0992 2.1067
v 7.9489 1.1001 2.1189
v 7.9641 1.0799 2.1391
v 7.9854 1.0971 2.1523
v 8.0026 1.1049 2.1704
v 8.0071 1.0784 2.1960
v 8.0187 1.0860 2.2173
v 8.0163 1.0597 2.2424
v 8.0258 1.0789 2.2649
v 8.0349 1.1063 2.2894
v 8.0314 1.1054 2.3142
v 8.0258 1.1083 2.3388
v 8.0126 1.0964 2.3603
v 7.9990 1.0921 2.3808
v 7.9826 1.0861 2.3990
v 7.9661 1.0891 2.4168
v 7.9455 1.0823 2.4298
v 7.9482 1.0477 2.4895
v 7.9194 1.0464 2.5008
v 7.8911 1.0647 2.5171
v 7.8595 1.0697 2.5236
v 7.8268 1.0825 2.5295
v 7.7942 1.0791 2.5236
v 7.7599 1.0964 2.5227
v 7.7302 1.0882 2.5063
v 7.7050 1.0735 2.4839
v 7.6786 1.0752 2.4647
v 7.6576 1.0692 2.4397
v 7.6493 1.0394 2.4064
v 7.6339 1.0399 2.3801
v 7.6209 1.0428 2.3523
v 7.6072 1.0554 2.3238
v 7.5916 1.0804 2.2933
v 7.5874 1.0896 2.2600
v 7.5834 1.1080 2.2251
v 7.6021 1.0858 2.1949
v 7.6187 1.0766 2.1660
v 7.6392 1.0658 2.1404
v 7.6562 1.0730 2.1127
v 7.6802 1.0700 2.0908
v 7.7128 1.0430 2.0814
v 7.7414 1.0334 2.0700
v 7.7678 1.0434 2.0541
v 7.7970 1.0484 2.0439
v 7.8274 1.0622 2.0335
v 7.8598 1.0774 2.0265
v 7.8938 1.0934 2.0235
v 7.9255 1.0872 2.0350
v 7.9553 1.0819 2.0499
v 7.9786 1.0613 2.0744
v 8.0083 1.0757 2.0888
v 8.0251 1.0574 2.1175
v 8.0462 1.0623 2.1413
v 8.0605 1.0585 2.1697
v 8.0699 1.0521 2.1999
v 8.0710 1.0368 2.2315
v 8.0821 1.0522 2.2612
v 8.0876 1.0641 2.2928
v 8.0931 1.0856 2.3265
v 8.0875 1.0925 2.3597
v 8.0701 1.0817 2.3887
v 8.0541 1.0830 2.4177
v 8.0322 1.0781 2.4425
v 8.0040 1.0618 2.4600
v 7.9757 1.0502 2.4750
v 7.9686 1.0042 2.5308
v 7.9389 1.0277 2.5585
v 7.9013 1.0275 2.5684
v 7.8638 1.0536 2.5892
v 7.8233 1.0426 2.5825
v 7.7847 1.0330 2.5716
v 7.7438 1.0479 2.5699
v 7.7016 1.0659 2.5642
v 7.6680 1.0578 2.5392
v 7.6360 1.0561 2.5133
v 7.6252 1.0156 2.4681
v 7.6129 0.9940 2.4307
v 7.5978 0.9884 2.3979
v 7.5691 1.0147 2.3699
v 7.5439 1.0408 2.3364
v 7.5314 1.0530 2.2972
v 7.5361 1.0451 2.2567
v 7.5316 1.0617 2.2148
v 7.5416 1.0629 2.1744
v 7.5654 1.0486 2.1397
v 7.5889 1.0420 2.1068
v 7.6163 1.0354 2.0777
v 7.6515 1.0170 2.0581
v 7.6820 1.0162 2.0353
v 7.7141 1.0193 2.0146
v 7.7495 1.0186 2.0004
v 7.7863 1.0193 1.9901
v 7.8236 1.0349 1.9757
v 7.8638 1.0518 1.9655
v 7.9043 1.0525 1.9705
v 7.9457 1.0625 1.9754
v 7.9822 1.0550 1.9953
v 8.0137 1.0431 2.0218
v 8.0384 1.0250 2.0545
v 8.0671 1.0280 2.0806
v 8.0944 1.0353 2.1091
v 8.1016 1.0120 2.1495
v 8.1207 1.0202 2.1827
v 8.1374 1.0317 2.2183
v 8.1368 1.0223 2.2576
v 8.1432 1.0329 2.2965
v 8.1430 1.0412 2.3364
v 8.1416 1.0569 2.3781
v 8.1304 1.0653 2.4184
v 8.1062 1.0589 2.4525
v 8.0737 1.0426 2.4788
v 8.0393 1.0273 2.5002
v 8.0058 1.0195 2.5200
v 7.9904 0.9689 2.5750
v 7.9556 0.9907 2.6074
v 7.9154 1.0174 2.6393
v 7.8670 1.0082 2.6386
v 7.8193 1.0145 2.6434
v 7.7751 0.9916 2.6199
v 7.7259 1.0120 2.6228
v 7.6821 1.0109 2.6038
v 7.6313 1.0331 2.5941
v 7.6060 1.0048 2.5474
v 7.5861 0.9815 2.5024
v 7.5697 0.9645 2.4596
v 7.5420 0.9735 2.4254
v 7.5253 0.9734 2.3848
v 7.4907 1.0042 2.3469
v 7.4696 1.0240 2.3013
v 7.4857 1.0028 2.2534
v 7.4911 1.0038 2.2067
v 7.4971 1.0122 2.1593
v 7.5210 1.0041 2.1178
v 7.5462 1.0014 2.0783
v 7.5757 0.9998 2.0420
v 7.6081 1.0007 2.0086
v 7.6555 0.9763 1.9957
v 7.6955 0.9713 1.9770
v 7.7337 0.9803 1.9537
v 7.7772 0.9778 1.9440
v 7.8204 0.9938 1.9260
v 7.8669 1.0056 1.9171
v 7.9166 1.0250 1.9087
v 7.9644 1.0265 1.9203
v 8.0061 1.0153 1.9468
v 8.0454 1.0096 1.9745
v 8.0778 0.9991 2.0095
v 8.1038 0.9872 2.0484
v 8.1250 0.9771 2.0886
v 8.1483 0.9788 2.1265
v 8.1698 0.9849 2.1660
v 8.1921 0.9991 2.2075
v 8.1886 0.9866 2.2542
v 8.1940 0.9937 2.2998
v 8.1929 1.0002 2.3464
v 8.1882 1.0103 2.3939
v 8.1809 1.0263 2.4433
v 8.1468 1.0115 2.4796
v 8.1085 0.9954 2.5094
v 8.0697 0.9830 2.5349
v 8.0330 0.9806 2.5607
v 8.0098 0.9267 2.6144
v 7.9737 0.9570 2.6608
v 7.9222 0.9559 2.6734
v 7.8705 0.9668 2.6909
v 7.8159 0.9713 2.6951
v 7.7659 0.9483 2.6663
v 7.7098 0.9674 2.6702
v 7.6610 0.9641 2.6465
v 7.6138 0.9650 2.6203
v 7.5722 0.9629 2.5859
v 7.5572 0.9310 2.5277
v 7.5242 0.9344 2.4900
v 7.5038 0.9289 2.4442
v 7.4752 0.9395 2.4017
v 7.4381 0.9650 2.3574
v 7.4362 0.9596 2.3035
v 7.4339 0.9621 2.2500
v 7.4476 0.9550 2.1981
v 7.4536 0.9634 2.1445
v 7.4695 0.9688 2.0924
v 7.4992 0.9658 2.0468
v 7.5358 0.9608 2.0071
v 7.5840 0.9444 1.9810
v 7.6312 0.9323 1.9593
v 7.6743 0.9327 1.9340
v 7.7198 0.9350 1.9128
v 7.7677 0.9386 1.8964
v 7.8171 0.9528 1.8762
v 7.8697 0.9534 1.8756
v 7.9230 0.9599 1.8764
v 7.9793 0.9753 1.8763
v 8.0285 0.9706 1.9015
v 8.0754 0.9696 1.9296
v 8.1100 0.9559 1.9728
v 8.1343 0.9377 2.0217
v 8.1634 0.9356 2.0630
v 8.1939 0.9417 2.1040
v 8.2162 0.9447 2.1503
v 8.2268 0.9418 2.2006
v 8.2419 0.9507 2.2507
v 8.2395 0.9482 2.3028
v 8.2404 0.9563 2.3558
v 8.2287 0.9585 2.4076
v 8.2190 0.9709 2.4621
v 8.1889 0.9676 2.5077
v 8.1440 0.9512 2.5405
v 8.0964 0.9345 2.5655
v 8.0592 0.9393 2.5999
v 8.0282 0.8818 2.6518
v 7.9825 0.8941 2.6867
v 7.9332 0.9174 2.7287
v 7.8737 0.9203 2.7401
v 7.8133 0.9164 2.7355
v 7.7569 0.9027 2.7114
v 7.6960 0.9153 2.7108
v 7.6481 0.9013 2.6727
v 7.5892 0.9146 2.6571
v 7.5455 0.9099 2.6165
v 7.5089 0.9041 2.5701
v 7.4934 0.8841 2.5106
v 7.4533 0.8959 2.4692
v 7.4277 0.8992 2.4179
v 7.4002 0.9099 2.3649
v 7.3831 0.9177 2.3070
v 7.3879 0.9138 2.2469
v 7.4052 0.9056 2.1896
v 7.4142 0.9110 2.1311
v 7.4334 0.9143 2.0746
v 7.4637 0.9139 2.0231
v 7.5043 0.9092 1.9795
v 7.5470 0.9080 1.9388
v 7.5978 0.9018 1.9092
v 7.6482 0.9012 1.8810
v 7.7026 0.8983 1.8622
v 7.7568 0.9031 1.8417
v 7.8143 0.9033 1.8339
v 7.8726 0.9061 1.8306
v 7.9310 0.9076 1.8365
v 7.9901 0.9138 1.8445
v 8.0483 0.9195 1.8612
v 8.1037 0.9238 1.8873
v 8.1338 0.9005 1.9457
v 8.1743 0.9002 1.9867
v 8.1908 0.8817 2.0447
v 8.2168 0.8805 2.0927
v 8.2458 0.8876 2.1402
v 8.2874 0.9107 2.1885
v 8.2875 0.9043 2.2477
v 8.2937 0.9095 2.3064
v 8.2880 0.9112 2.3653
v 8.2682 0.9073 2.4211
v 8.2543 0.9153 2.4795
v 8.2123 0.9032 2.5234
v 8.1723 0.8981 2.5654
v 8.1247 0.8891 2.5977
v 8.0901 0.9035 2.6461
v 8.0532 0.8452 2.7025
v 7.9936 0.8406 2.7196
v 7.9385 0.8540 2.7555
v 7.8750 0.8520 2.7608
v 7.8105 0.8628 2.7773
v 7.7476 0.8558 2.7582
v 7.6883 0.8501 2.7334
v 7.6334 0.8452 2.7025
v 7.5776 0.8475 2.6744
v 7.5286 0.8470 2.6357
v 7.4859 0.8457 2.5903
v 7.4450 0.8481 2.5429
v 7.4072 0.8528 2.4919
v 7.3894 0.8483 2.4309
v 7.3827 0.8419 2.3684
v 7.3682 0.8462 2.3079
v 7.3564 0.8540 2.2449
v 7.3766 0.8461 2.1839
v 7.3824 0.8532 2.1203
v 7.4119 0.8494 2.0640
v 7.4363 0.8550 2.0048
v 7.4795 0.8513 1.9577
v 7.5344 0.8413 1.9245
v 7.5759 0.8496 1.8765
v 7.6270 0.8548 1.8380
v 7.6919 0.8429 1.8307
v 7.7501 0.8475 1.8078
v 7.8115 0.8531 1.7912
v 7.8748 0.8487 1.7979
v 7.9384 0.8533 1.7991
v 7.9984 0.8503 1.8201
v 8.0598 0.8548 1.8380
v 8.1183 0.8585 1.8653
v 8.1628 0.8516 1.9126
v 8.1902 0.8365 1.9726
v 8.2403 0.8470 2.0116
v 8.2714 0.8469 2.0658
v 8.2947 0.8465 2.1236
v 8.3148 0.8491 2.1831
v 8.3355 0.8573 2.2446
v 8.3446 0.8633 2.3097
v 8.3180 0.8513 2.3713
v 8.2993 0.8497 2.4316
v 8.2689 0.8451 2.4867
v 8.2402 0.8470 2.5420
v 8.2119 0.8554 2.6001
v 8.1616 0.8504 2.6397
v 8.1100 0.8488 2.6760
v 8.0725 0.7944 2.7416
v 8.0050 0.7869 2.7532
v 7.9436 0.7924 2.7810
v 7.8777 0.7982 2.8014
v 7.8081 0.8046 2.8142
v 7.7405 0.7988 2.7935
v 7.6779 0.7926 2.7641
v 7.6240 0.7832 2.7215
v 7.5690 0.7822 2.6874
v 7.5096 0.7884 2.6574
v 7.4493 0.7974 2.6223
v 7.4055 0.7987 2.5694
v 7.3540 0.8082 2.5181
v 7.3487 0.7966 2.4447
v 7.3435 0.7901 2.3762
v 7.3517 0.7816 2.3090
v 7.3300 0.7926 2.2431
v 7.3317 0.7962 2.1750
v 7.3620 0.7895 2.1134
v 7.3778 0.7949 2.0472
v 7.4201 0.7898 1.9940
v 7.4538 0.7944 1.9352
v 7.5001 0.7956 1.8854
v 7.5572 0.7929 1.8485
v 7.6137 0.7950 1.8110
v 7.6800 0.7894 1.7956
v 7.7449 0.7876 1.7820
v 7.8109 0.7834 1.7817
v 7.8767 0.7898 1.7690
v 7.9428 0.7900 1.7772
v 8.0096 0.7939 1.7872
v 8.0770 0.7995 1.8031
v 8.1318 0.7949 1.8452
v 8.1743 0.7863 1.8994
v 8.2209 0.7864 1.9457
v 8.2666 0.7898 1.9941
v 8.2973 0.7884 2.0530
v 8.3259 0.7901 2.1130
v 8.3383 0.7877 2.1784
v 8.3592 0.7938 2.2430
v 8.3570 0.7927 2.3105
v 8.3485 0.7928 2.3773
v 8.3226 0.7884 2.4395
v 8.2975 0.7885 2.5008
v 8.2552 0.7830 2.5520
v 8.2275 0.7908 2.6138
v 8.1913 0.7992 2.6736
v 8.1337 0.7967 2.7114
v 8.0888 0.7367 2.7746
v 8.0142 0.7282 2.7803
v 7.9445 0.7236 2.7857
v 7.8782 0.7288 2.8089
v 7.8069 0.7375 2.8326
v 7.7347 0.7373 2.8227
v 7.6680 0.7333 2.7933
v 7.6104 0.7264 2.7491
v 7.5550 0.7236 2.7082
v 7.4982 0.7252 2.6703
v 7.4296 0.7350 2.6396
v 7.3775 0.7387 2.5881
v 7.3404 0.7388 2.5248
v 7.3203 0.7358 2.4543
v 7.3131 0.7315 2.3823
v 7.3089 0.7297 2.3118
v 7.3264 0.7233 2.2429
v 7.3163 0.7303 2.1719
v 7.3352 0.7300 2.1043
v 7.3727 0.7257 2.0447
v 7.3990 0.7293 1.9799
v 7.4409 0.7296 1.9239
v 7.4839 0.7332 1.8669
v 7.5346 0.7370 1.8148
v 7.5962 0.7381 1.7756
v 7.6664 0.7351 1.7554
v 7.7371 0.7330 1.7427
v 7.8079 0.7324 1.7349
v 7.8779 0.7270 1.7497
v 7.9468 0.7276 1.7571
v 8.0181 0.7325 1.7622
v 8.0726 0.7234 1.8120
v 8.1368 0.7270 1.8377
v 8.1978 0.7304 1.8727
v 8.2510 0.7321 1.9194
v 8.3021 0.7356 1.9703
v 8.3206 0.7284 2.0415
v 8.3451 0.7276 2.1065
v 8.3781 0.7332 2.1705
v 8.3833 0.7317 2.2415
v 8.3982 0.7371 2.3132
v 8.3645 0.7281 2.3805
v 8.3455 0.7277 2.4473
v 8.3107 0.7244 2.5073
v 8.2696 0.7213 2.5617
v 8.2406 0.7270 2.6252
v 8.2056 0.7347 2.6900
v 8.1485 0.7346 2.7335
v 8.0939 0.6691 2.7850
v 8.0240 0.6680 2.8090
v 7.9506 0.6651 2.8161
v 7.8797 0.6665 2.8314
v 7.8063 0.6690 2.8416
v 7.7346 0.6668 2.8232
v 7.6707 0.6621 2.7853
v 7.6011 0.6646 2.7679
v 7.5502 0.6598 2.7155
v 7.4881 0.6625 2.6818
v 7.4293 0.6653 2.6399
v 7.3584 0.6731 2.6008
v 7.3277 0.6711 2.5311
v 7.3094 0.6685 2.4580
v 7.3050 0.6649 2.3839
v 7.2995 0.6640 2.3124
v 7.2994 0.6640 2.2411
v 7.3063 0.6646 2.1700
v 7.3393 0.6609 2.1057
v 7.3602 0.6625 2.0385
v 7.4049 0.6598 1.9838
v 7.4199 0.6683 1.9054
v 7.4767 0.6666 1.8587
v 7.5189 0.6733 1.7912
v 7.5896 0.6708 1.7622
v 7.6619 0.6686 1.7423
v 7.7344 0.6673 1.7287
v 7.8064 0.6688 1.7127
v 7.8793 0.6650 1.7286
v 7.9494 0.6637 1.7436
v 8.0130 0.6598 1.7772
v 8.0836 0.6635 1.7898
v 8.1470 0.6643 1.8225
v 8.2022 0.6638 1.8677
v 8.2595 0.6660 1.9119
v 8.3095 0.6677 1.9654
v 8.3537 0.6697 2.0252
v 8.3852 0.6704 2.0929
v 8.3967 0.6685 2.1668
v 8.3924 0.6652 2.2409
v 8.3959 0.6661 2.3131
v 8.3893 0.6667 2.3854
v 8.3625 0.6647 2.4531
v 8.3312 0.6637 2.5175
v 8.2954 0.6636 2.5789
v 8.2523 0.6637 2.6355
v 8.2139 0.6680 2.6994
v 8.1573 0.6688 2.7468
v 8.0965 0.6015 2.7902
v 8.0343 0.6041 2.8396
v 7.9540 0.6009 2.8334
v 7.8797 0.5997 2.8324
v 7.8064 0.6006 2.8400
v 7.7385 0.5974 2.8038
v 7.6669 0.5987 2.7964
v 7.6032 0.5981 2.7638
v 7.5368 0.5991 2.7356
v 7.4716 0.6005 2.7007
v 7.4143 0.6013 2.6531
v 7.3574 0.6029 2.6015
v 7.3050 0.6048 2.5423
v 7.2875 0.6032 2.4655
v 7.2775 0.6021 2.3893
v 7.2737 0.6014 2.3141
v 7.3082 0.5973 2.2417
v 7.3152 0.5976 2.1717
v 7.3215 0.5990 2.0996
v 7.3435 0.5998 2.0303
v 7.3734 0.6007 1.9628
v 7.4184 0.6007 1.9041
v 7.4629 0.6021 1.8430
v 7.5263 0.6013 1.8022
v 7.5792 0.6045 1.7410
v 7.6542 0.6034 1.7196
v 7.7316 0.6016 1.7149
v 7.8056 0.6022 1.7000
v 7.8803 0.6005 1.7142
v 7.9476 0.5971 1.7528
v 8.0176 0.5980 1.7636
v 8.0823 0.5977 1.7924
v 8.1432 0.5977 1.8280
v 8.2173 0.6009 1.8505
v 8.2812 0.6027 1.8929
v 8.3325 0.6034 1.9500
v 8.3738 0.6038 2.0153
v 8.4022 0.6036 2.0871
v 8.4043 0.6015 2.1653
v 8.4028 0.6001 2.2402
v 8.4021 0.6001 2.3135
v 8.3915 0.5999 2.3859
v 8.3537 0.5976 2.4501
v 8.3440 0.5999 2.5238
v 8.2951 0.5981 2.5787
v 8.2754 0.6018 2.6558
v 8.2272 0.6027 2.7145
v 8.1668 0.6027 2.7610
v 8.1047 0.5343 2.8070
v 8.0372 0.5343 2.8480
v 7.9565 0.5343 2.8458
v 7.8805 0.5343 2.8445
v 7.8068 0.5343 2.8346
v 7.7379 0.5343 2.8070
v 7.6673 0.5343 2.7953
v 7.6039 0.5343 2.7622
v 7.5238 0.5343 2.7550
v 7.4542 0.5343 2.7205
v 7.4040 0.5343 2.6620
v 7.3682 0.5343 2.5943
v 7.3063 0.5343 2.5416
v 7.2918 0.5343 2.4640
v 7.2739 0.5343 2.3900
v 7.2578 0.5343 2.3152
v 7.2902 0.5343 2.2405
v 7.3264 0.5343 2.1740
v 7.3359 0.5343 2.1045
v 7.3552 0.5343 2.0360
v 7.3824 0.5343 1.9688
v 7.4211 0.5343 1.9065
v 7.4638 0.5343 1.8440
v 7.5185 0.5343 1.7905
v 7.5817 0.5343 1.7462
v 7.6553 0.5343 1.7226
v 7.7283 0.5343 1.6980
v 7.8055 0.5343 1.6988
v 7.8800 0.5343 1.7188
v 7.9491 0.5343 1.7452
v 8.0198 0.5343 1.7571
v 8.0797 0.5343 1.7977
v 8.1476 0.5343 1.8215
v 8.2255 0.5343 1.8411
v 8.2875 0.5343 1.8874
v 8.3276 0.5343 1.9533
v 8.3875 0.5343 2.0085
v 8.4138 0.5343 2.0832
v 8.4190 0.5343 2.1624
v 8.3952 0.5343 2.2407
v 8.3966 0.5343 2.3131
v 8.3704 0.5343 2.3817
v 8.3629 0.5343 2.4532
v 8.3350 0.5343 2.5193
v 8.3242 0.5343 2.5982
v 8.2665 0.5343 2.6480
v 8.2131 0.5343 2.6985
v 8.1598 0.5343 2.7505
v 8.0955 0.4673 2.7881
v 8.0293 0.4663 2.8246
v 7.9590 0.4647 2.8583
v 7.8794 0.4696 2.8268
v 7.8082 0.4712 2.8129
v 7.7413 0.4729 2.7897
v 7.6702 0.4710 2.7868
v 7.6007 0.4699 2.7689
v 7.5141 0.4647 2.7694
v 7.4469 0.4637 2.7288
v 7.4001 0.4650 2.6655
v 7.3772 0.4685 2.5882
v 7.3365 0.4679 2.5267
v 7.2876 0.4654 2.4654
v 7.2740 0.4661 2.3900
v 7.2790 0.4679 2.3138
v 7.2949 0.4697 2.2408
v 7.3088 0.4703 2.1704
v 7.3536 0.4735 2.1105
v 7.3630 0.4714 2.0399
v 7.3651 0.4667 1.9572
v 7.4064 0.4660 1.8936
v 7.4676 0.4674 1.8483
v 7.5287 0.4678 1.8058
v 7.5895 0.4669 1.7620
v 7.6556 0.4657 1.7237
v 7.7263 0.4638 1.6882
v 7.8060 0.4671 1.7062
v 7.8803 0.4680 1.7133
v 7.9465 0.4722 1.7585
v 8.0123 0.4726 1.7791
v 8.0810 0.4712 1.7950
v 8.1438 0.4708 1.8271
v 8.2175 0.4676 1.8502
v 8.2796 0.4661 1.8942
v 8.3297 0.4656 1.9519
v 8.3752 0.4646 2.0146
v 8.4172 0.4631 2.0820
v 8.4178 0.4655 2.1626
v 8.3898 0.4700 2.2410
v 8.3755 0.4717 2.3117
v 8.3760 0.4705 2.3828
v 8.3751 0.4683 2.4574
v 8.3486 0.4681 2.5260
v 8.3259 0.4661 2.5993
v 8.2656 0.4683 2.6472
v 8.2207 0.4671 2.7072
v 8.1560 0.4682 2.7447
v 8.0892 0.4020 2.7755
v 8.0306 0.3957 2.8285
v 7.9550 0.3980 2.8385
v 7.8799 0.4012 2.8351
v 7.8090 0.4094 2.8007
v 7.7447 0.4140 2.7727
v 7.6777 0.4117 2.7648
v 7.5944 0.4004 2.7815
v 7.5286 0.3995 2.7478
v 7.4684 0.3990 2.7043
v 7.4108 0.3974 2.6561
v 7.3852 0.4032 2.5829
v 7.3448 0.4020 2.5226
v 7.2971 0.3970 2.4622
v 7.2720 0.3957 2.3904
v 7.2872 0.4017 2.3132
v 7.2947 0.4035 2.2408
v 7.3118 0.4053 2.1710
v 7.3334 0.4062 2.1037
v 7.3758 0.4103 2.0462
v 7.3827 0.4025 1.9690
v 7.4165 0.3992 1.9024
v 7.4697 0.3994 1.8507
v 7.5247 0.3978 1.7998
v 7.5894 0.3977 1.7618
v 7.6602 0.3987 1.7373
v 7.7328 0.3994 1.7209
v 7.8061 0.3987 1.7083
v 7.8791 0.4044 1.7320
v 7.9498 0.4045 1.7416
v 8.0121 0.4094 1.7798
v 8.0735 0.4105 1.8101
v 8.1396 0.4075 1.8336
v 8.2155 0.4000 1.8525
v 8.2716 0.3988 1.9013
v 8.3180 0.3985 1.9597
v 8.3613 0.3969 2.0214
v 8.3991 0.3946 2.0882
v 8.3951 0.4004 2.1671
v 8.3807 0.4062 2.2416
v 8.3904 0.4039 2.3127
v 8.3632 0.4082 2.3803
v 8.3597 0.4045 2.4521
v 8.3464 0.4008 2.5249
v 8.3040 0.4025 2.5846
v 8.2502 0.4055 2.6336
v 8.2010 0.4052 2.6847
v 8.1510 0.4025 2.7373
v 8.0843 0.3356 2.7655
v 8.0154 0.3391 2.7836
v 7.9479 0.3387 2.8026
v 7.8779 0.3416 2.8041
v 7.8104 0.3508 2.7788
v 7.7418 0.3446 2.7869
v 7.6750 0.3433 2.7726
v 7.6016 0.3349 2.7670
v 7.5322 0.3300 2.7425
v 7.4792 0.3328 2.6920
v 7.4294 0.3335 2.6398
v 7.3967 0.3384 2.5752
v 7.3643 0.3395 2.5130
v 7.3284 0.3359 2.4516
v 7.3147 0.3377 2.3819
v 7.3079 0.3386 2.3119
v 7.3205 0.3432 2.2425
v 7.3329 0.3445 2.1753
v 7.3461 0.3428 2.1080
v 7.3798 0.3458 2.0482
v 7.4086 0.3436 1.9863
v 7.4394 0.3383 1.9226
v 7.4767 0.3314 1.8587
v 7.5329 0.3304 1.8121
v 7.6001 0.3337 1.7835
v 7.6706 0.3383 1.7679
v 7.7373 0.3359 1.7433
v 7.8088 0.3413 1.7488
v 7.8778 0.3422 1.7515
v 7.9481 0.3385 1.7503
v 8.0111 0.3440 1.7827
v 8.0685 0.3487 1.8204
v 8.1393 0.3400 1.8339
v 8.1956 0.3394 1.8752
v 8.2436 0.3401 1.9258
v 8.2993 0.3343 1.9722
v 8.3456 0.3300 2.0292
v 8.3723 0.3305 2.0973
v 8.3742 0.3369 2.1713
v 8.3710 0.3414 2.2423
v 8.3719 0.3411 2.3115
v 8.3675 0.3393 2.3811
v 8.3536 0.3377 2.4501
v 8.3132 0.3432 2.5086
v 8.2834 0.3413 2.5709
v 8.2376 0.3430 2.6226
v 8.1884 0.3434 2.6704
v 8.1366 0.3417 2.7158
v 8.0756 0.2707 2.7478
v 8.0047 0.2822 2.7523
v 7.9391 0.2877 2.7585
v 7.8759 0.2842 2.7738
v 7.8113 0.2884 2.7656
v 7.7459 0.2837 2.7665
v 7.6755 0.2722 2.7712
v 7.6167 0.2771 2.7363
v 7.5518 0.2709 2.7130
v 7.5080 0.2790 2.6591
v 7.4486 0.2707 2.6230
v 7.4008 0.2671 2.5725
v 7.3828 0.2765 2.5039
v 7.3712 0.2840 2.4370
v 7.3376 0.2754 2.3774
v 7.3339 0.2780 2.3102
v 7.3374 0.2798 2.2436
v 7.3333 0.2732 2.1753
v 7.3621 0.2792 2.1134
v 7.3948 0.2832 2.0556
v 7.4208 0.2792 1.9945
v 7.4550 0.2749 1.9362
v 7.4984 0.2716 1.8834
v 7.5551 0.2738 1.8453
v 7.6114 0.2709 1.8063
v 7.6801 0.2793 1.7959
v 7.7433 0.2768 1.7737
v 7.8096 0.2750 1.7614
v 7.8774 0.2734 1.7583
v 7.9403 0.2848 1.7894
v 8.0073 0.2783 1.7939
v 8.0661 0.2815 1.8251
v 8.1323 0.2732 1.8444
v 8.1855 0.2738 1.8867
v 8.2345 0.2731 1.9339
v 8.2840 0.2682 1.9824
v 8.3156 0.2700 2.0440
v 8.3227 0.2801 2.1141
v 8.3535 0.2732 2.1754
v 8.3577 0.2755 2.2431
v 8.3682 0.2702 2.3112
v 8.3357 0.2823 2.3748
v 8.3149 0.2843 2.4369
v 8.3031 0.2769 2.5036
v 8.2533 0.2867 2.5508
v 8.2173 0.2846 2.6048
v 8.1803 0.2777 2.6611
v 8.1346 0.2711 2.7128
v 8.0664 0.2039 2.7292
v 7.9934 0.2285 2.7189
v 7.9357 0.2241 2.7413
v 7.8735 0.2316 2.7380
v 7.8120 0.2202 2.7552
v 7.7488 0.2171 2.7517
v 7.6873 0.2164 2.7364
v 7.6248 0.2106 2.7200
v 7.5812 0.2252 2.6691
v 7.5357 0.2287 2.6276
v 7.4857 0.2227 2.5905
v 7.4365 0.2138 2.5486
v 7.4083 0.2166 2.4913
v 7.3875 0.2190 2.4315
v 7.3792 0.2243 2.3691
v 7.3637 0.2194 2.3082
v 7.3640 0.2196 2.2454
v 7.3466 0.2026 2.1780
v 7.3786 0.2128 2.1190
v 7.4138 0.2206 2.0649
v 7.4522 0.2262 2.0155
v 7.4956 0.2313 1.9718
v 7.5325 0.2255 1.9223
v 7.5709 0.2131 1.8691
v 7.6290 0.2168 1.8421
v 7.6924 0.2266 1.8320
v 7.7502 0.2214 1.8083
v 7.8116 0.2165 1.7927
v 7.8748 0.2195 1.7972
v 7.9392 0.2125 1.7949
v 7.9978 0.2195 1.8218
v 8.0530 0.2239 1.8518
v 8.1175 0.2110 1.8665
v 8.1636 0.2161 1.9117
v 8.2137 0.2116 1.9520
v 8.2362 0.2248 2.0143
v 8.2784 0.2166 2.0623
v 8.2843 0.2293 2.1272
v 8.3127 0.2208 2.1835
v 8.3345 0.2119 2.2447
v 8.3383 0.2094 2.3093
v 8.3326 0.2075 2.3742
v 8.3102 0.2113 2.4353
v 8.2749 0.2191 2.4897
v 8.2256 0.2331 2.5323
v 8.1999 0.2236 2.5896
v 8.1597 0.2200 2.6376
v 8.1117 0.2178 2.6785
v 8.0453 0.1546 2.6864
v 7.9836 0.1716 2.6900
v 7.9263 0.1809 2.6938
v 7.8722 0.1671 2.7176
v 7.8139 0.1604 2.7256
v 7.7521 0.1455 2.7354
v 7.6934 0.1464 2.7186
v 7.6479 0.1669 2.6731
v 7.5951 0.1628 2.6483
v 7.5490 0.1632 2.6124
v 7.5179 0.1744 2.5622
v 7.4740 0.1650 2.5236
v 7.4395 0.1600 2.4759
v 7.4248 0.1669 2.4189
v 7.4302 0.1841 2.3590
v 7.4048 0.1690 2.3055
v 7.3874 0.1544 2.2469
v 7.3910 0.1509 2.1868
v 7.4087 0.1527 2.1292
v 7.4325 0.1534 2.0742
v 7.4681 0.1591 2.0260
v 7.5146 0.1708 1.9885
v 7.5468 0.1603 1.9386
v 7.5963 0.1646 1.9070
v 7.6497 0.1703 1.8841
v 7.7005 0.1647 1.8558
v 7.7603 0.1803 1.8592
v 7.8142 0.1637 1.8320
v 7.8728 0.1608 1.8285
v 7.9334 0.1507 1.8243
v 7.9926 0.1484 1.8373
v 8.0475 0.1506 1.8629
v 8.0902 0.1649 1.9074
v 8.1373 0.1636 1.9416
v 8.1762 0.1663 1.9850
v 8.2018 0.1759 2.0373
v 8.2370 0.1694 2.0827
v 8.2518 0.1757 2.1382
v 8.2668 0.1754 2.1926
v 8.3014 0.1526 2.2468
v 8.2910 0.1613 2.3062
v 8.3006 0.1467 2.3678
v 8.2779 0.1528 2.4244
v 8.2325 0.1735 2.4688
v 8.1956 0.1821 2.5122
v 8.1709 0.1720 2.5641
v 8.1337 0.1681 2.6080
v 8.0912 0.1633 2.6478
v 8.0209 0.1157 2.6370
v 7.9678 0.1306 2.6435
v 7.9181 0.1348 2.6527
v 7.8692 0.1211 2.6723
v 7.8157 0.0945 2.6978
v 7.7593 0.0852 2.6993
v 7.7084 0.0967 2.6743
v 7.6577 0.0968 2.6532
v 7.6246 0.1239 2.6041
v 7.5897 0.1333 2.5660
v 7.5487 0.1258 2.5351
v 7.5187 0.1273 2.4937
v 7.4793 0.1112 2.4563
v 7.4740 0.1277 2.4022
v 7.4637 0.1307 2.3523
v 7.4595 0.1333 2.3019
v 7.4436 0.1167 2.2506
v 7.4374 0.1029 2.1960
v 7.4457 0.0965 2.1418
v 7.4677 0.0976 2.0915
v 7.5119 0.1187 2.0553
v 7.5473 0.1238 2.0172
v 7.5830 0.1227 1.9800
v 7.6207 0.1165 1.9436
v 7.6709 0.1279 1.9272
v 7.7169 0.1240 1.9041
v 7.7689 0.1362 1.9022
v 7.8179 0.1280 1.8879
v 7.8703 0.1047 1.8656
v 7.9235 0.1061 1.8739
v 7.9752 0.1067 1.8884
v 8.0247 0.1070 1.9092
v 8.0762 0.0975 1.9284
v 8.1065 0.1183 1.9768
v 8.1447 0.1165 2.0126
v 8.1663 0.1294 2.0610
v 8.1857 0.1363 2.1080
v 8.2039 0.1373 2.1544
v 8.2416 0.1110 2.1976
v 8.2535 0.1058 2.2500
v 8.2575 0.1017 2.3040
v 8.2443 0.1081 2.3566
v 8.2375 0.1004 2.4106
v 8.1969 0.1234 2.4512
v 8.1764 0.1167 2.4994
v 8.1372 0.1268 2.5346
v 8.1043 0.1217 2.5744
v 8.0667 0.1151 2.6112
v 7.9974 0.0788 2.5893
v 7.9557 0.0775 2.6077
v 7.9107 0.0829 2.6155
v 7.8671 0.0583 2.6401
v 7.8190 0.0478 2.6482
v 7.7722 0.0579 2.6343
v 7.7238 0.0481 2.6290
v 7.6833 0.0612 2.6014
v 7.6491 0.0773 2.5675
v 7.6182 0.0879 2.5335
v 7.5821 0.0800 2.5059
v 7.5612 0.0908 2.4653
v 7.5251 0.0704 2.4338
v 7.5056 0.0681 2.3914
v 7.4995 0.0760 2.3452
v 7.4894 0.0706 2.3000
v 7.4939 0.0766 2.2539
v 7.4932 0.0676 2.2071
v 7.4989 0.0587 2.1599
v 7.5087 0.0465 2.1118
v 7.5428 0.0618 2.0760
v 7.5746 0.0669 2.0411
v 7.6194 0.0903 2.0214
v 7.6555 0.0923 1.9956
v 7.6928 0.0893 1.9715
v 7.7339 0.0891 1.9543
v 7.7747 0.0740 1.9314
v 7.8208 0.0825 1.9319
v 7.8673 0.0557 1.9115
v 7.9138 0.0626 1.9229
v 7.9639 0.0441 1.9218
v 8.0085 0.0464 1.9421
v 8.0444 0.0612 1.9759
v 8.0806 0.0640 2.0063
v 8.1000 0.0881 2.0518
v 8.1186 0.1016 2.0929
v 8.1474 0.0912 2.1269
v 8.1688 0.0851 2.1664
v 8.1897 0.0726 2.2079
v 8.1967 0.0714 2.2537
v 8.2010 0.0657 2.3003
v 8.2080 0.0482 2.3494
v 8.1933 0.0511 2.3956
v 8.1680 0.0611 2.4369
v 8.1453 0.0596 2.4786
v 8.1038 0.0814 2.5053
v 8.0740 0.0770 2.5399
v 8.0360 0.0811 2.5651
v 7.9712 0.0546 2.5361
v 7.9402 0.0342 2.5622
v 7.9029 0.0300 2.5765
v 7.8642 0.0300 2.5952
v 7.8232 0.0300 2.5833
v 7.7829 0.0300 2.5804
v 7.7453 0.0300 2.5656
v 7.7044 0.0300 2.5585
v 7.6730 0.0300 2.5318
v 7.6402 0.0300 2.5085
v 7.6219 0.0457 2.4710
v 7.5994 0.0475 2.4398
v 7.5807 0.0484 2.4063
v 7.5608 0.0392 2.3727
v 7.5503 0.0385 2.3351
v 7.5422 0.0336 2.2965
v 7.5458 0.0395 2.2573
v 7.5381 0.0300 2.2161
v 7.5560 0.0308 2.1793
v 7.5624 0.0300 2.1383
v 7.5781 0.0300 2.0995
v 7.6125 0.0300 2.0743
v 7.6517 0.0519 2.0582
v 7.6824 0.0537 2.0360
v 7.7162 0.0571 2.0188
v 7.7500 0.0524 2.0018
v 7.7860 0.0466 1.9885
v 7.8231 0.0300 1.9674
v 7.8635 0.0300 1.9695
v 7.9055 0.0300 1.9646
v 7.9436 0.0300 1.9815
v 7.9837 0.0300 1.9923
v 8.0216 0.0300 2.0101
v 8.0474 0.0300 2.0441
v 8.0631 0.0495 2.0842
v 8.0862 0.0498 2.1146
v 8.1082 0.0444 2.1462
v 8.1160 0.0566 2.1843
v 8.1384 0.0352 2.2181
v 8.1412 0.0391 2.2573
v 8.1529 0.0300 2.2971
v 8.1459 0.0300 2.3370
v 8.1346 0.0300 2.3757
v 8.1243 0.0300 2.4154
v 8.0994 0.0300 2.4479
v 8.0682 0.0381 2.4740
v 8.0435 0.0306 2.5051
v 8.0086 0.0409 2.5241
v 7.9460 0.0318 2.4850
v 7.9213 0.0300 2.5066
v 7.8943 0.0300 2.5331
v 7.8603 0.0300 2.5352
v 7.8266 0.0300 2.5318
v 7.7931 0.0300 2.5294
v 7.7628 0.0300 2.5141
v 7.7335 0.0300 2.4995
v 7.7024 0.0300 2.4877
v 7.6771 0.0300 2.4664
v 7.6659 0.0300 2.4324
v 7.6466 0.0300 2.4083
v 7.6309 0.0300 2.3816
v 7.6079 0.0300 2.3567
v 7.5971 0.0300 2.3258
v 7.5937 0.0300 2.2932
v 7.5988 0.0300 2.2608
v 7.5998 0.0300 2.2284
v 7.6072 0.0300 2.1966
v 7.6144 0.0300 2.1639
v 7.6325 0.0300 2.1359
v 7.6557 0.0300 2.1122
v 7.6788 0.0300 2.0891
v 7.7141 0.0306 2.0833
v 7.7427 0.0415 2.0726
v 7.7664 0.0300 2.0502
v 7.7952 0.0300 2.0349
v 7.8274 0.0300 2.0330
v 7.8595 0.0300 2.0312
v 7.8930 0.0300 2.0273
v 7.9259 0.0300 2.0338
v 7.9584 0.0300 2.0436
v 7.9829 0.0300 2.0681
v 8.0102 0.0300 2.0866
v 8.0206 0.0300 2.1214
v 8.0441 0.0300 2.1427
v 8.0543 0.0300 2.1728
v 8.0701 0.0300 2.1999
v 8.0837 0.0300 2.2290
v 8.0936 0.0300 2.2604
v 8.0935 0.0300 2.2932
v 8.0902 0.0300 2.3259
v 8.0794 0.0300 2.3570
v 8.0792 0.0300 2.3931
v 8.0611 0.0300 2.4223
v 8.0322 0.0300 2.4425
v 8.0070 0.0300 2.4634
v 7.9774 0.0300 2.4774
v 7.9210 0.0300 2.4343
v 7.9022 0.0300 2.4502
v 7.8820 0.0300 2.4713
v 7.8564 0.0300 2.4767
v 7.8303 0.0300 2.4759
v 7.8054 0.0300 2.4677
v 7.7810 0.0300 2.4606
v 7.7575 0.0300 2.4509
v 7.7387 0.0300 2.4334
v 7.7179 0.0300 2.4199
v 7.7034 0.0300 2.3995
v 7.6984 0.0300 2.3736
v 7.6824 0.0300 2.3562
v 7.6688 0.0300 2.3361
v 7.6603 0.0300 2.3132
v 7.6501 0.0300 2.2895
v 7.6525 0.0300 2.2643
v 7.6606 0.0300 2.2405
v 7.6603 0.0300 2.2147
v 7.6682 0.0300 2.1904
v 7.6835 0.0300 2.1700
v 7.7000 0.0300 2.1511
v 7.7225 0.0300 2.1390
v 7.7421 0.0300 2.1252
v 7.7628 0.0300 2.1135
v 7.7868 0.0300 2.1103
v 7.8070 0.0300 2.0940
v 7.8310 0.0300 2.0875
v 7.8558 0.0300 2.0867
v 7.8817 0.0300 2.0842
v 7.9070 0.0300 2.0895
v 7.9304 0.0300 2.1002
v 7.9475 0.0300 2.1209
v 7.9700 0.0300 2.1324
v 7.9836 0.0300 2.1538
v 7.9928 0.0300 2.1769
v 8.0085 0.0300 2.1954
v 8.0183 0.0300 2.2174
v 8.0242 0.0300 2.2409
v 8.0276 0.0300 2.2647
v 8.0299 0.0300 2.2891
v 8.0323 0.0300 2.3144
v 8.0276 0.0300 2.3394
v 8.0207 0.0300 2.3643
v 8.0047 0.0300 2.3846
v 7.9848 0.0300 2.4008
v 7.9642 0.0300 2.4146
v 7.9435 0.0300 2.4268
v 7.8985 0.0300 2.3887
v 7.8843 0.0300 2.3974
v 7.8680 0.0300 2.4010
v 7.8519 0.0300 2.4079
v 7.8348 0.0300 2.4066
v 7.8175 0.0300 2.4065
v 7.8026 0.0300 2.3968
v 7.7859 0.0300 2.3933
v 7.7721 0.0300 2.3834
v 7.7615 0.0300 2.3701
v 7.7494 0.0300 2.3592
v 7.7437 0.0300 2.3434
v 7.7326 0.0300 2.3314
v 7.7236 0.0300 2.3175
v 7.7175 0.0300 2.3018
v 7.7146 0.0300 2.2852
v 7.7141 0.0300 2.2683
v 7.7150 0.0300 2.2513
v 7.7249 0.0300 2.2366
v 7.7270 0.0300 2.2194
v 7.7383 0.0300 2.2066
v 7.7472 0.0300 2.1925
v 7.7601 0.0300 2.1819
v 7.7729 0.0300 2.1713
v 7.7904 0.0300 2.1694
v 7.8039 0.0300 2.1606
v 7.8195 0.0300 2.1571
v 7.8351 0.0300 2.1503
v 7.8517 0.0300 2.1497
v 7.8689 0.0300 2.1486
v 7.8857 0.0300 2.1520
v 7.8986 0.0300 2.1647
v 7.9139 0.0300 2.1712
v 7.9270 0.0300 2.1814
v 7.9371 0.0300 2.1946
v 7.9510 0.0300 2.2049
v 7.9589 0.0300 2.2198
v 7.9590 0.0300 2.2376
v 7.9654 0.0300 2.2525
v 7.9673 0.0300 2.2687
v 7.9644 0.0300 2.2848
v 7.9688 0.0300 2.3018
v 7.9647 0.0300 2.3180
v 7.9599 0.0300 2.3343
v 7.9530 0.0300 2.3501
v 7.9400 0.0300 2.3616
v 7.9285 0.0300 2.3740
v 7.9104 0.0300 2.3771
v 7.8715 0.0300 2.3339
v 7.8641 0.0300 2.3381
v 7.8558 0.0300 2.3396
v 7.8476 0.0300 2.3421
v 7.8391 0.0300 2.3413
v 7.8303 0.0300 2.3425
v 7.8221 0.0300 2.3393
v 7.8158 0.0300 2.3326
v 7.8089 0.0300 2.3284
v 7.8020 0.0300 2.3239
v 7.7951 0.0300 2.3191
v 7.7903 0.0300 2.3123
v 7.7869 0.0300 2.3046
v 7.7834 0.0300 2.2971
v 7.7831 0.0300 2.2888
v 7.7786 0.0300 2.2811
v 7.7767 0.0300 2.2724
v 7.7805 0.0300 2.2643
v 7.7813 0.0300 2.2558
v 7.7865 0.0300 2.2488
v 7.7903 0.0300 2.2413
v 7.7959 0.0300 2.2352
v 7.8012 0.0300 2.2288
v 7.8080 0.0300 2.2240
v 7.8155 0.0300 2.2203
v 7.8228 0.0300 2.2163
v 7.8308 0.0300 2.2138
v 7.8393 0.0300 2.2142
v 7.8475 0.0300 2.2140
v 7.8559 0.0300 2.2139
v 7.8645 0.0300 2.2145
v 7.8716 0.0300 2.2195
v 7.8776 0.0300 2.2255
v 7.8854 0.0300 2.2289
v 7.8908 0.0300 2.2352
v 7.8978 0.0300 2.2404
v 7.9023 0.0300 2.2478
v 7.9036 0.0300 2.2564
v 7.9049 0.0300 2.2646
v 7.9062 0.0300 2.2727
v 7.9051 0.0300 2.2809
v 7.9062 0.0300 2.2893
v 7.9039 0.0300 2.2974
v 7.9019 0.0300 2.3057
v 7.8984 0.0300 2.3136
v 7.8925 0.0300 2.3199
v 7.8863 0.0300 2.3258
v 7.8780 0.0300 2.3287
v 7.8433 0.0300 2.2768
v 7.8433 0.0300 2.2768
v 7.8433 0.0300 2.2768
v 7.8433 0.0300 2.2768
v 7.8433 0.0300 2.2768
v 7.8433 0.0300 2.2768
v 7.8433 0.0300 2.2768
v 7.8433 0.0300 2.2768
v 7.8433 0.0300 2.2768
v 7.8433 0.0300 2.2768
v 7.8433 0.0300 2.2768
v 7.8433 0.0300 2.2768
v 7.8433 0.0300 2.2768
v 7.8433 0.0300 2.2768
v 7.8433 0.0300 2.2768
v 7.8433 0.0300 2.2768
v 7.8433 0.0300 2.2768
v 7.8433 0.0300 2.2768
v 7.8433 0.0300 2.2768
v 7.8433 0.0300 2.2768
v 7.8433 0.0300 2.2768
v 7.8433 0.0300 2.2768
v 7.8433 0.0300 2.2768
v 7.8433 0.0300 2.2768
v 7.8433 0.0300 2.2768
v 7.8433 0.0300 2.2768
v 7.8433 0.0300 2.2768
v 7.8433 0.0300 2.2768
v 7.8433 0.0300 2.2768
v 7.8433 0.0300 2.2768
v 7.8433 0.0300 2.2768
v 7.8433 0.0300 2.2768
v 7.8433 0.0300 2.2768
v 7.8433 0.0300 2.2768
v 7.8433 0.0300 2.2768
v 7.8433 0.0300 2.2768
v 7.8433 0.0300 2.2768
v 7.8433 0.0300 2.2768
v 7.8433 0.0300 2.2768
v 7.8433 0.0300 2.2768
v 7.8433 0.0300 2.2768
v 7.8433 0.0300 2.2768
v 7.8433 0.0300 2.2768
v 7.8433 0.0300 2.2768
v 7.8433 0.0300 2.2768
v 7.8433 0.0300 2.2768
v 7.8433 0.0300 2.2768
v 7.8433 0.0300 2.2768
v 7.8559 0.1276 2.3023
v 7.8559 0.0300 2.3023
v 7.8342 0.1276 2.3038
v 7.8342 0.0300 2.3038
v 7.8178 0.1276 2.2894
v 7.8178 0.0300 2.2894
v 7.8164 0.1276 2.2677
v 7.8164 0.0300 2.2677
v 7.8308 0.1276 2.2513
v 7.8308 0.0300 2.2513
v 7.8525 0.1276 2.2499
v 7.8525 0.0300 2.2499
v 7.8689 0.1276 2.2642
v 7.8689 0.0300 2.2642
v 7.8703 0.1276 2.2860
v 7.8703 0.0300 2.2860
v 7.8433 0.1276 2.2768
v 7.8433 0.0300 2.2768
vn 0.8211 -0.4641 -0.3322
usemtl leaf_5
f 2215//1975 2263//1975 2264//1975 2216//1975
vn 0.8965 -0.3529 -0.2677
usemtl leaf_4
f 2216//1976 2264//1976 2265//1976 2217//1976
vn -0.9503 -0.3114 0.0061
usemtl leaf_5
f 2217//1977 2265//1977 2266//1977 2218//1977
vn 0.5389 -0.8219 -0.1846
usemtl leaf_4
f 2218//1978 2266//1978 2267//1978 2219//1978
vn -0.8865 -0.4590 -0.0587
usemtl leaf_5
f 2219//1979 2267//1979 2268//1979 2220//1979
vn 0.5582 -0.7935 0.2422
f 2220//1980 2268//1980 2269//1980 2221//1980
vn -0.0613 -0.9948 0.0815
f 2221//1981 2269//1981 2270//1981 2222//1981
vn 0.8287 -0.3529 0.4345
f 2222//1982 2270//1982 2271//1982 2223//1982
vn 0.7404 -0.5443 0.3944
f 2223//1983 2271//1983 2272//1983 2224//1983
vn -0.6673 -0.1528 -0.7290
f 2224//1984 2272//1984 2273//1984 2225//1984
vn -0.2872 -0.6569 -0.6972
f 2225//1985 2273//1985 2274//1985 2226//1985
vn 0.5133 -0.5152 0.6864
usemtl leaf_4
f 2226//1986 2274//1986 2275//1986 2227//1986
vn 0.3614 -0.6409 0.6772
usemtl leaf_5
f 2227//1987 2275//1987 2276//1987 2228//1987
vn 0.2809 -0.1970 0.9393
f 2228//1988 2276//1988 2277//1988 2229//1988
vn -0.0852 -0.2053 -0.9750
usemtl leaf_4
f 2229//1989 2277//1989 2278//1989 2230//1989
vn -0.0455 -0.5469 0.8360
usemtl leaf_5
f 2230//1990 2278//1990 2279//1990 2231//1990
vn -0.1138 -0.5513 -0.8265
f 2231//1991 2279//1991 2280//1991 2232//1991
vn -0.0462 -0.5443 -0.8376
usemtl leaf_4
f 2232//1992 2280//1992 2281//1992 2233//1992
vn 0.2847 -0.5105 -0.8113
usemtl leaf_5
f 2233//1993 2281//1993 2282//1993 2234//1993
vn -0.2184 -0.8004 0.5582
f 2234//1994 2282//1994 2283//1994 2235//1994
vn -0.5799 -0.2207 0.7842
f 2235//1995 2283//1995 2284//1995 2236//1995
vn 0.0882 -0.9947 -0.0534
f 2236//1996 2284//1996 2285//1996 2237//1996
vn 0.3908 -0.8741 -0.2885
usemtl leaf_4
f 2237//1997 2285//1997 2286//1997 2238//1997
vn 0.8752 -0.2848 -0.3910
usemtl leaf_5
f 2238//1998 2286//1998 2287//1998 2239//1998
vn -0.8023 -0.3684 0.4697
f 2239//1999 2287//1999 2288//1999 2240//1999
vn 0.9390 -0.2575 -0.2280
usemtl leaf_4
f 2240//2000 2288//2000 2289//2000 2241//2000
vn -0.9650 -0.2133 0.1525
usemtl leaf_5
f 2241//2001 2289//2001 2290//2001 2242//2001
vn -0.9209 -0.3897 0.0054
usemtl leaf_4
f 2242//2002 2290//2002 2291//2002 2243//2002
vn 0.9670 -0.2419 0.0797
f 2243//2003 2291//2003 2292//2003 2244//2003
vn -0.6992 -0.6084 -0.3756
usemtl leaf_5
f 2244//2004 2292//2004 2293//2004 2245//2004
vn -0.1643 -0.9666 -0.1965
f 2245//2005 2293//2005 2294//2005 2246//2005
vn 0.8081 -0.2731 0.5219
f 2246//2006 2294//2006 2295//2006 2247//2006
vn -0.5775 -0.7866 -0.2186
f 2247//2007 2295//2007 2296//2007 2248//2007
vn -0.3935 -0.8694 -0.2988
f 2248//2008 2296//2008 2297//2008 2249//2008
vn 0.5559 -0.3474 0.7552
f 2249//2009 2297//2009 2298//2009 2250//2009
vn -0.5289 -0.2103 -0.8222
f 2250//2010 2298//2010 2299//2010 2251//2010
vn 0.3093 -0.2260 0.9237
f 2251//2011 2299//2011 2300//2011 2252//2011
vn -0.3622 -0.2838 -0.8878
f 2252//2012 2300//2012 2301//2012 2253//2012
vn -0.2405 -0.6413 -0.7286
f 2253//2013 2301//2013 2302//2013 2254//2013
vn 0.1381 -0.8899 -0.4347
f 2254//2014 2302//2014 2303//2014 2255//2014
vn 0.2100 -0.9726 0.0993
f 2255//2015 2303//2015 2304//2015 2256//2015
vn 0.3678 -0.7559 -0.5416
usemtl leaf_4
f 2256//2016 2304//2016 2305//2016 2257//2016
vn 0.3712 -0.5775 -0.7271
usemtl leaf_5
f 2257//2017 2305//2017 2306//2017 2258//2017
vn -0.5217 -0.2459 0.8169
usemtl leaf_4
f 2258//2018 2306//2018 2307//2018 2259//2018
vn -0.3957 -0.7985 0.4537
usemtl leaf_5
f 2259//2019 2307//2019 2308//2019 2260//2019
vn -0.6960 -0.1823 0.6945
f 2260//2020 2308//2020 2309//2020 2261//2020
vn 0.7797 -0.2153 -0.5879
f 2261//2021 2309//2021 2310//2021 2262//2021
vn 0.6253 -0.7087 -0.3266
f 2262//2022 2310//2022 2263//2022 2215//2022
vn 0.6887 -0.6394 -0.3419
f 2263//2023 2311//2023 2312//2023 2264//2023
vn 0.8345 -0.4050 -0.3736
f 2264//2024 2312//2024 2313//2024 2265//2024
vn -0.8409 -0.5411 0.0077
f 2265//2025 2313//2025 2314//2025 2266//2025
vn -0.4751 -0.8772 -0.0698
f 2266//2026 2314//2026 2315//2026 2267//2026
vn -0.7561 -0.6210 -0.2065
f 2267//2027 2315//2027 2316//2027 2268//2027
vn -0.1016 -0.9948 -0.0007
f 2268//2028 2316//2028 2317//2028 2269//2028
vn -0.1228 -0.9894 0.0778
f 2269//2029 2317//2029 2318//2029 2270//2029
vn 0.8108 -0.3553 0.4651
f 2270//2030 2318//2030 2319//2030 2271//2030
vn -0.4285 -0.8467 -0.3155
usemtl leaf_4
f 2271//2031 2319//2031 2320//2031 2272//2031
vn -0.4995 -0.7296 -0.4671
usemtl leaf_5
f 2272//2032 2320//2032 2321//2032 2273//2032
vn -0.4006 -0.7128 -0.5757
f 2273//2033 2321//2033 2322//2033 2274//2033
vn 0.2989 -0.8429 0.4475
usemtl leaf_4
f 2274//2034 2322//2034 2323//2034 2275//2034
vn 0.4675 -0.6121 0.6379
f 2275//2035 2323//2035 2324//2035 2276//2035
vn 0.3768 -0.7168 0.5866
f 2276//2036 2324//2036 2325//2036 2277//2036
vn 0.1348 -0.8067 -0.5753
f 2277//2037 2325//2037 2326//2037 2278//2037
vn 0.1714 -0.5251 -0.8336
f 2278//2038 2326//2038 2327//2038 2279//2038
vn 0.1660 -0.6289 -0.7595
usemtl leaf_5
f 2279//2039 2327//2039 2328//2039 2280//2039
vn 0.1521 -0.7369 -0.6587
f 2280//2040 2328//2040 2329//2040 2281//2040
vn -0.3693 -0.5675 0.7359
f 2281//2041 2329//2041 2330//2041 2282//2041
vn 0.0417 -0.9991 -0.0057
f 2282//2042 2330//2042 2331//2042 2283//2042
vn -0.5002 -0.3636 0.7859
usemtl leaf_4
f 2283//2043 2331//2043 2332//2043 2284//2043
vn 0.5560 -0.8233 -0.1142
usemtl leaf_5
f 2284//2044 2332//2044 2333//2044 2285//2044
vn 0.3626 -0.9313 0.0357
usemtl leaf_4
f 2285//2045 2333//2045 2334//2045 2286//2045
vn 0.3980 -0.8956 -0.1987
usemtl leaf_5
f 2286//2046 2334//2046 2335//2046 2287//2046
vn -0.0523 -0.9984 0.0208
f 2287//2047 2335//2047 2336//2047 2288//2047
vn 0.1903 -0.9422 0.2758
f 2288//2048 2336//2048 2337//2048 2289//2048
vn 0.0816 -0.9764 0.1998
usemtl leaf_4
f 2289//2049 2337//2049 2338//2049 2290//2049
vn -0.1238 -0.9854 -0.1171
usemtl leaf_5
f 2290//2050 2338//2050 2339//2050 2291//2050
vn 0.7529 -0.6508 0.0981
f 2291//2051 2339//2051 2340//2051 2292//2051
vn -0.2838 -0.9585 0.0276
f 2292//2052 2340//2052 2341//2052 2293//2052
vn -0.8285 -0.5096 -0.2321
f 2293//2053 2341//2053 2342//2053 2294//2053
vn 0.1444 -0.8760 0.4601
f 2294//2054 2342//2054 2343//2054 2295//2054
vn 0.4656 -0.6939 0.5493
f 2295//2055 2343//2055 2344//2055 2296//2055
vn 0.2798 -0.9183 0.2801
f 2296//2056 2344//2056 2345//2056 2297//2056
vn -0.3076 -0.9350 -0.1764
f 2297//2057 2345//2057 2346//2057 2298//2057
vn -0.5185 -0.5471 -0.6571
f 2298//2058 2346//2058 2347//2058 2299//2058
vn -0.1502 -0.8876 0.4354
usemtl leaf_4
f 2299//2059 2347//2059 2348//2059 2300//2059
vn -0.3465 -0.8896 -0.2974
f 2300//2060 2348//2060 2349//2060 2301//2060
vn 0.0021 -0.7661 0.6428
usemtl leaf_5
f 2301//2061 2349//2061 2350//2061 2302//2061
vn -0.2460 -0.9475 -0.2043
f 2302//2062 2350//2062 2351//2062 2303//2062
vn -0.2532 -0.8299 0.4971
usemtl leaf_4
f 2303//2063 2351//2063 2352//2063 2304//2063
vn -0.1173 -0.9737 0.1955
usemtl leaf_5
f 2304//2064 2352//2064 2353//2064 2305//2064
vn 0.3295 -0.6430 -0.6913
f 2305//2065 2353//2065 2354//2065 2306//2065
vn -0.2331 -0.7934 0.5623
f 2306//2066 2354//2066 2355//2066 2307//2066
vn -0.3837 -0.7875 0.4823
f 2307//2067 2355//2067 2356//2067 2308//2067
vn -0.5243 -0.7738 0.3553
f 2308//2068 2356//2068 2357//2068 2309//2068
vn 0.5409 -0.4920 -0.6822
f 2309//2069 2357//2069 2358//2069 2310//2069
vn -0.6098 -0.7766 0.1586
f 2310//2070 2358//2070 2311//2070 2263//2070
vn 0.5708 -0.6768 -0.4648
usemtl leaf_4
f 2311//2071 2359//2071 2360//2071 2312//2071
vn 0.7622 -0.5700 -0.3069
f 2312//2072 2360//2072 2361//2072 2313//2072
vn -0.8351 -0.5501 0.0037
f 2313//2073 2361//2073 2362//2073 2314//2073
vn -0.2268 -0.9646 -0.1348
usemtl leaf_5
f 2314//2074 2362//2074 2363//2074 2315//2074
vn -0.6881 -0.7196 -0.0930
f 2315//2075 2363//2075 2364//2075 2316//2075
vn 0.0765 -0.9892 -0.1251
f 2316//2076 2364//2076 2365//2076 2317//2076
vn 0.3536 -0.9061 -0.2324
f 2317//2077 2365//2077 2366//2077 2318//2077
vn 0.7323 -0.6251 0.2703
f 2318//2078 2366//2078 2367//2078 2319//2078
vn 0.0209 -0.9777 -0.2089
f 2319//2079 2367//2079 2368//2079 2320//2079
vn -0.0200 -0.8782 -0.4780
f 2320//2080 2368//2080 2369//2080 2321//2080
vn 0.3644 -0.8703 -0.3313
f 2321//2081 2369//2081 2370//2081 2322//2081
vn 0.7676 -0.6208 0.1593
usemtl leaf_4
f 2322//2082 2370//2082 2371//2082 2323//2082
vn 0.6201 -0.7451 0.2458
usemtl leaf_5
f 2323//2083 2371//2083 2372//2083 2324//2083
vn 0.4333 -0.8980 0.0760
usemtl leaf_4
f 2324//2084 2372//2084 2373//2084 2325//2084
vn 0.2648 -0.8768 -0.4013
usemtl leaf_3
f 2325//2085 2373//2085 2374//2085 2326//2085
vn 0.0810 -0.5823 -0.8089
usemtl leaf_4
f 2326//2086 2374//2086 2375//2086 2327//2086
vn 0.2365 -0.7930 -0.5615
usemtl leaf_5
f 2327//2087 2375//2087 2376//2087 2328//2087
vn 0.3530 -0.7427 -0.5690
f 2328//2088 2376//2088 2377//2088 2329//2088
vn -0.0912 -0.7036 0.7047
f 2329//2089 2377//2089 2378//2089 2330//2089
vn -0.0016 -0.8571 0.5151
f 2330//2090 2378//2090 2379//2090 2331//2090
vn -0.3641 -0.7073 0.6059
f 2331//2091 2379//2091 2380//2091 2332//2091
vn -0.2980 -0.8563 0.4218
usemtl leaf_4
f 2332//2092 2380//2092 2381//2092 2333//2092
vn 0.5719 -0.8201 -0.0179
usemtl leaf_5
f 2333//2093 2381//2093 2382//2093 2334//2093
vn 0.5218 -0.8320 0.1884
f 2334//2094 2382//2094 2383//2094 2335//2094
vn 0.2014 -0.8991 0.3887
f 2335//2095 2383//2095 2384//2095 2336//2095
vn -0.5631 -0.6844 0.4633
usemtl leaf_4
f 2336//2096 2384//2096 2385//2096 2337//2096
vn 0.7834 -0.5876 0.2026
f 2337//2097 2385//2097 2386//2097 2338//2097
vn 0.3379 -0.8964 0.2869
usemtl leaf_5
f 2338//2098 2386//2098 2387//2098 2339//2098
vn 0.2752 -0.9392 0.2054
f 2339//2099 2387//2099 2388//2099 2340//2099
vn -0.0889 -0.9860 0.1410
f 2340//2100 2388//2100 2389//2100 2341//2100
vn -0.6526 -0.7180 -0.2422
f 2341//2101 2389//2101 2390//2101 2342//2101
vn -0.0645 -0.9963 -0.0570
f 2342//2102 2390//2102 2391//2102 2343//2102
vn -0.0242 -0.9193 0.3929
f 2343//2103 2391//2103 2392//2103 2344//2103
vn -0.0813 -0.7552 0.6504
f 2344//2104 2392//2104 2393//2104 2345//2104
vn -0.2770 -0.9420 0.1894
f 2345//2105 2393//2105 2394//2105 2346//2105
vn -0.5364 -0.6369 -0.5537
f 2346//2106 2394//2106 2395//2106 2347//2106
vn -0.2006 -0.9548 0.2192
f 2347//2107 2395//2107 2396//2107 2348//2107
vn -0.4971 -0.7862 -0.3671
usemtl leaf_4
f 2348//2108 2396//2108 2397//2108 2349//2108
vn -0.3960 -0.6534 0.6452
usemtl leaf_5
f 2349//2109 2397//2109 2398//2109 2350//2109
vn -0.2212 -0.9014 0.3723
f 2350//2110 2398//2110 2399//2110 2351//2110
vn -0.1255 -0.9098 0.3956
f 2351//2111 2399//2111 2400//2111 2352//2111
vn -0.2345 -0.9717 0.0289
f 2352//2112 2400//2112 2401//2112 2353//2112
vn -0.0749 -0.8912 -0.4475
f 2353//2113 2401//2113 2402//2113 2354//2113
vn -0.2830 -0.9296 -0.2361
f 2354//2114 2402//2114 2403//2114 2355//2114
vn -0.4647 -0.8514 -0.2430
f 2355//2115 2403//2115 2404//2115 2356//2115
vn -0.4831 -0.7974 -0.3618
f 2356//2116 2404//2116 2405//2116 2357//2116
vn 0.2851 -0.6845 -0.6709
f 2357//2117 2405//2117 2406//2117 2358//2117
vn -0.7971 -0.5652 0.2128
f 2358//2118 2406//2118 2359//2118 2311//2118
vn -0.0465 -0.6502 -0.7583
f 2359//2119 2407//2119 2408//2119 2360//2119
vn -0.0014 -0.9166 -0.3999
usemtl leaf_4
f 2360//2120 2408//2120 2409//2120 2361//2120
vn -0.5055 -0.8560 -0.1087
f 2361//2121 2409//2121 2410//2121 2362//2121
vn -0.4091 -0.8583 -0.3098
usemtl leaf_5
f 2362//2122 2410//2122 2411//2122 2363//2122
vn -0.2512 -0.8165 -0.5198
f 2363//2123 2411//2123 2412//2123 2364//2123
vn 0.0231 -0.8722 -0.4886
f 2364//2124 2412//2124 2413//2124 2365//2124
vn 0.3553 -0.9261 -0.1267
f 2365//2125 2413//2125 2414//2125 2366//2125
vn 0.5095 -0.8603 -0.0195
f 2366//2126 2414//2126 2415//2126 2367//2126
vn 0.2544 -0.9599 -0.1179
f 2367//2127 2415//2127 2416//2127 2368//2127
vn 0.1736 -0.9601 -0.2193
usemtl leaf_4
f 2368//2128 2416//2128 2417//2128 2369//2128
vn 0.7139 -0.6665 0.2148
usemtl leaf_5
f 2369//2129 2417//2129 2418//2129 2370//2129
vn 0.6214 -0.7833 0.0189
usemtl leaf_4
f 2370//2130 2418//2130 2419//2130 2371//2130
vn 0.3314 -0.8680 -0.3699
usemtl leaf_5
f 2371//2131 2419//2131 2420//2131 2372//2131
vn 0.2836 -0.9554 -0.0825
usemtl leaf_3
f 2372//2132 2420//2132 2421//2132 2373//2132
vn -0.0429 -0.7651 -0.6424
usemtl leaf_5
f 2373//2133 2421//2133 2422//2133 2374//2133
vn 0.1214 -0.8383 -0.5315
f 2374//2134 2422//2134 2423//2134 2375//2134
vn 0.2533 -0.8555 -0.4516
f 2375//2135 2423//2135 2424//2135 2376//2135
vn 0.4055 -0.8835 0.2343
f 2376//2136 2424//2136 2425//2136 2377//2136
vn 0.3740 -0.6892 0.6206
f 2377//2137 2425//2137 2426//2137 2378//2137
vn 0.2739 -0.7425 0.6113
f 2378//2138 2426//2138 2427//2138 2379//2138
vn 0.4103 -0.8698 0.2742
f 2379//2139 2427//2139 2428//2139 2380//2139
vn -0.1779 -0.8673 0.4648
f 2380//2140 2428//2140 2429//2140 2381//2140
vn -0.1237 -0.8691 0.4790
usemtl leaf_3
f 2381//2141 2429//2141 2430//2141 2382//2141
vn 0.2792 -0.7317 0.6219
usemtl leaf_4
f 2382//2142 2430//2142 2431//2142 2383//2142
vn 0.4813 -0.6701 0.5651
usemtl leaf_5
f 2383//2143 2431//2143 2432//2143 2384//2143
vn -0.0630 -0.8157 0.5750
usemtl leaf_4
f 2384//2144 2432//2144 2433//2144 2385//2144
vn 0.5683 -0.7724 0.2837
f 2385//2145 2433//2145 2434//2145 2386//2145
vn 0.5608 -0.7245 0.4008
usemtl leaf_5
f 2386//2146 2434//2146 2435//2146 2387//2146
vn 0.2381 -0.8751 0.4213
f 2387//2147 2435//2147 2436//2147 2388//2147
vn -0.1017 -0.9269 0.3612
f 2388//2148 2436//2148 2437//2148 2389//2148
vn -0.5035 -0.8499 0.1554
f 2389//2149 2437//2149 2438//2149 2390//2149
vn -0.5109 -0.8417 0.1748
usemtl leaf_4
f 2390//2150 2438//2150 2439//2150 2391//2150
vn -0.2814 -0.9373 0.2055
f 2391//2151 2439//2151 2440//2151 2392//2151
vn -0.2674 -0.9382 0.2197
usemtl leaf_5
f 2392//2152 2440//2152 2441//2152 2393//2152
vn -0.3408 -0.7671 0.5435
f 2393//2153 2441//2153 2442//2153 2394//2153
vn -0.6123 -0.7615 -0.2127
usemtl leaf_4
f 2394//2154 2442//2154 2443//2154 2395//2154
vn -0.3896 -0.9034 0.1792
f 2395//2155 2443//2155 2444//2155 2396//2155
vn -0.5080 -0.6893 -0.5166
f 2396//2156 2444//2156 2445//2156 2397//2156
vn -0.2589 -0.7551 0.6023
f 2397//2157 2445//2157 2446//2157 2398//2157
vn -0.4307 -0.6825 0.5905
f 2398//2158 2446//2158 2447//2158 2399//2158
vn -0.4861 -0.8189 0.3052
usemtl leaf_5
f 2399//2159 2447//2159 2448//2159 2400//2159
vn -0.3006 -0.9483 0.1019
f 2400//2160 2448//2160 2449//2160 2401//2160
vn -0.0499 -0.8996 -0.4339
f 2401//2161 2449//2161 2450//2161 2402//2161
vn -0.1283 -0.9824 -0.1358
f 2402//2162 2450//2162 2451//2162 2403//2162
vn 0.0180 -0.9729 -0.2306
f 2403//2163 2451//2163 2452//2163 2404//2163
vn -0.0139 -0.9307 -0.3656
f 2404//2164 2452//2164 2453//2164 2405//2164
vn -0.0034 -0.8312 -0.5560
usemtl leaf_4
f 2405//2165 2453//2165 2454//2165 2406//2165
vn -0.6147 -0.6944 -0.3742
usemtl leaf_5
f 2406//2166 2454//2166 2407//2166 2359//2166
vn -0.5083 -0.8064 -0.3023
usemtl leaf_4
f 2407//2167 2455//2167 2456//2167 2408//2167
vn -0.3728 -0.8629 -0.3412
f 2408//2168 2456//2168 2457//2168 2409//2168
vn -0.4885 -0.8153 -0.3109
usemtl leaf_5
f 2409//2169 2457//2169 2458//2169 2410//2169
vn -0.0182 -0.9043 -0.4264
usemtl leaf_4
f 2410//2170 2458//2170 2459//2170 2411//2170
vn 0.2786 -0.7488 -0.6014
f 2411//2171 2459//2171 2460//2171 2412//2171
vn -0.2534 -0.6515 -0.7151
usemtl leaf_5
f 2412//2172 2460//2172 2461//2172 2413//2172
vn 0.0525 -0.8385 -0.5423
f 2413//2173 2461//2173 2462//2173 2414//2173
vn 0.4083 -0.9103 -0.0686
f 2414//2174 2462//2174 2463//2174 2415//2174
vn 0.1569 -0.9667 -0.2023
f 2415//2175 2463//2175 2464//2175 2416//2175
vn 0.7435 -0.6611 0.1009
usemtl leaf_4
f 2416//2176 2464//2176 2465//2176 2417//2176
vn 0.8454 -0.5176 0.1317
usemtl leaf_3
f 2417//2177 2465//2177 2466//2177 2418//2177
vn 0.6952 -0.6516 -0.3036
f 2418//2178 2466//2178 2467//2178 2419//2178
vn 0.3659 -0.6842 -0.6309
f 2419//2179 2467//2179 2468//2179 2420//2179
vn 0.1420 -0.7974 -0.5865
usemtl leaf_4
f 2420//2180 2468//2180 2469//2180 2421//2180
vn 0.2107 -0.8247 -0.5248
usemtl leaf_5
f 2421//2181 2469//2181 2470//2181 2422//2181
vn 0.5421 -0.8403 -0.0116
f 2422//2182 2470//2182 2471//2182 2423//2182
vn 0.6398 -0.6699 -0.3768
f 2423//2183 2471//2183 2472//2183 2424//2183
vn 0.3962 -0.8236 0.4058
f 2424//2184 2472//2184 2473//2184 2425//2184
vn 0.2031 -0.8687 0.4518
f 2425//2185 2473//2185 2474//2185 2426//2185
vn 0.2025 -0.8869 0.4153
f 2426//2186 2474//2186 2475//2186 2427//2186
vn 0.3794 -0.8795 0.2873
usemtl leaf_4
f 2427//2187 2475//2187 2476//2187 2428//2187
vn 0.2327 -0.6890 0.6864
usemtl leaf_5
f 2428//2188 2476//2188 2477//2188 2429//2188
vn 0.0399 -0.7169 0.6960
f 2429//2189 2477//2189 2478//2189 2430//2189
vn 0.0761 -0.9392 0.3349
usemtl leaf_4
f 2430//2190 2478//2190 2479//2190 2431//2190
vn 0.2515 -0.9401 0.2301
f 2431//2191 2479//2191 2480//2191 2432//2191
vn 0.2015 -0.8964 0.3949
usemtl leaf_5
f 2432//2192 2480//2192 2481//2192 2433//2192
vn 0.4773 -0.8075 0.3467
usemtl leaf_4
f 2433//2193 2481//2193 2482//2193 2434//2193
vn 0.4480 -0.8163 0.3647
usemtl leaf_5
f 2434//2194 2482//2194 2483//2194 2435//2194
vn 0.1753 -0.8406 0.5126
f 2435//2195 2483//2195 2484//2195 2436//2195
vn -0.0651 -0.8699 0.4889
f 2436//2196 2484//2196 2485//2196 2437//2196
vn -0.3201 -0.9059 0.2772
f 2437//2197 2485//2197 2486//2197 2438//2197
vn -0.5379 -0.8419 0.0432
f 2438//2198 2486//2198 2487//2198 2439//2198
vn -0.3862 -0.8415 0.3778
f 2439//2199 2487//2199 2488//2199 2440//2199
vn -0.5832 -0.7657 0.2714
usemtl leaf_4
f 2440//2200 2488//2200 2489//2200 2441//2200
vn -0.2306 -0.8789 0.4175
usemtl leaf_5
f 2441//2201 2489//2201 2490//2201 2442//2201
vn -0.6628 -0.7440 -0.0846
f 2442//2202 2490//2202 2491//2202 2443//2202
vn -0.5579 -0.7839 0.2724
usemtl leaf_4
f 2443//2203 2491//2203 2492//2203 2444//2203
vn -0.2954 -0.9551 0.0233
f 2444//2204 2492//2204 2493//2204 2445//2204
vn -0.2595 -0.9579 0.1227
usemtl leaf_5
f 2445//2205 2493//2205 2494//2205 2446//2205
vn -0.4550 -0.8231 0.3398
usemtl leaf_3
f 2446//2206 2494//2206 2495//2206 2447//2206
vn -0.5756 -0.7427 0.3422
usemtl leaf_5
f 2447//2207 2495//2207 2496//2207 2448//2207
vn -0.6294 -0.7581 0.1703
f 2448//2208 2496//2208 2497//2208 2449//2208
vn -0.3458 -0.9219 -0.1747
f 2449//2209 2497//2209 2498//2209 2450//2209
vn -0.2191 -0.9514 -0.2166
f 2450//2210 2498//2210 2499//2210 2451//2210
vn -0.1502 -0.8459 -0.5117
f 2451//2211 2499//2211 2500//2211 2452//2211
vn -0.0308 -0.7526 -0.6578
usemtl leaf_4
f 2452//2212 2500//2212 2501//2212 2453//2212
vn -0.0665 -0.8165 -0.5736
usemtl leaf_5
f 2453//2213 2501//2213 2502//2213 2454//2213
vn -0.0381 -0.7686 -0.6386
f 2454//2214 2502//2214 2455//2214 2407//2214
vn -0.6973 -0.6762 -0.2377
usemtl leaf_4
f 2455//2215 2503//2215 2504//2215 2456//2215
vn -0.4242 -0.8744 -0.2356
usemtl leaf_5
f 2456//2216 2504//2216 2505//2216 2457//2216
vn -0.2628 -0.8898 -0.3731
f 2457//2217 2505//2217 2506//2217 2458//2217
vn 0.0560 -0.8310 -0.5535
f 2458//2218 2506//2218 2507//2218 2459//2218
vn 0.4790 -0.7661 -0.4286
f 2459//2219 2507//2219 2508//2219 2460//2219
vn -0.2908 -0.7201 -0.6300
f 2460//2220 2508//2220 2509//2220 2461//2220
vn 0.0565 -0.7231 -0.6884
f 2461//2221 2509//2221 2510//2221 2462//2221
vn 0.1141 -0.7914 -0.6005
f 2462//2222 2510//2222 2511//2222 2463//2222
vn 0.6255 -0.7591 -0.1804
f 2463//2223 2511//2223 2512//2223 2464//2223
vn 0.8173 -0.5635 0.1207
f 2464//2224 2512//2224 2513//2224 2465//2224
vn 0.6629 -0.7392 0.1191
usemtl leaf_4
f 2465//2225 2513//2225 2514//2225 2466//2225
vn 0.2869 -0.9301 -0.2294
f 2466//2226 2514//2226 2515//2226 2467//2226
vn 0.2609 -0.8313 -0.4907
usemtl leaf_3
f 2467//2227 2515//2227 2516//2227 2468//2227
vn 0.2969 -0.6099 -0.7348
usemtl leaf_4
f 2468//2228 2516//2228 2517//2228 2469//2228
vn 0.3956 -0.7965 -0.4572
usemtl leaf_5
f 2469//2229 2517//2229 2518//2229 2470//2229
vn 0.4988 -0.7817 0.3744
f 2470//2230 2518//2230 2519//2230 2471//2230
vn 0.7419 -0.6588 -0.1248
f 2471//2231 2519//2231 2520//2231 2472//2231
vn 0.7776 -0.6244 0.0744
f 2472//2232 2520//2232 2521//2232 2473//2232
vn 0.5126 -0.6815 0.5224
f 2473//2233 2521//2233 2522//2233 2474//2233
vn 0.4934 -0.7575 0.4275
f 2474//2234 2522//2234 2523//2234 2475//2234
vn 0.3936 -0.8046 0.4448
f 2475//2235 2523//2235 2524//2235 2476//2235
vn 0.1108 -0.8934 0.4354
usemtl leaf_4
f 2476//2236 2524//2236 2525//2236 2477//2236
vn -0.0207 -0.8380 0.5452
usemtl leaf_5
f 2477//2237 2525//2237 2526//2237 2478//2237
vn 0.3217 -0.7121 0.6240
usemtl leaf_3
f 2478//2238 2526//2238 2527//2238 2479//2238
vn 0.3774 -0.7195 0.5830
usemtl leaf_4
f 2479//2239 2527//2239 2528//2239 2480//2239
vn 0.1390 -0.7688 0.6242
f 2480//2240 2528//2240 2529//2240 2481//2240
vn 0.4856 -0.6921 0.5340
usemtl leaf_5
f 2481//2241 2529//2241 2530//2241 2482//2241
vn 0.3674 -0.6952 0.6179
usemtl leaf_4
f 2482//2242 2530//2242 2531//2242 2483//2242
vn 0.1996 -0.8013 0.5640
usemtl leaf_5
f 2483//2243 2531//2243 2532//2243 2484//2243
vn 0.0238 -0.8757 0.4823
f 2484//2244 2532//2244 2533//2244 2485//2244
vn -0.4348 -0.8028 0.4080
f 2485//2245 2533//2245 2534//2245 2486//2245
vn -0.4687 -0.8115 0.3490
f 2486//2246 2534//2246 2535//2246 2487//2246
vn -0.5485 -0.8286 0.1118
usemtl leaf_4
f 2487//2247 2535//2247 2536//2247 2488//2247
vn -0.4618 -0.8437 0.2739
f 2488//2248 2536//2248 2537//2248 2489//2248
vn -0.6311 -0.6526 0.4193
usemtl leaf_5
f 2489//2249 2537//2249 2538//2249 2490//2249
vn -0.7353 -0.6702 0.1011
f 2490//2250 2538//2250 2539//2250 2491//2250
vn -0.4203 -0.8165 0.3958
f 2491//2251 2539//2251 2540//2251 2492//2251
vn -0.3959 -0.7927 0.4635
f 2492//2252 2540//2252 2541//2252 2493//2252
vn -0.5476 -0.8043 -0.2308
f 2493//2253 2541//2253 2542//2253 2494//2253
vn -0.5725 -0.7826 0.2445
f 2494//2254 2542//2254 2543//2254 2495//2254
vn -0.6287 -0.7681 0.1215
usemtl leaf_4
f 2495//2255 2543//2255 2544//2255 2496//2255
vn -0.6869 -0.7092 0.1585
f 2496//2256 2544//2256 2545//2256 2497//2256
vn -0.6747 -0.7356 0.0603
usemtl leaf_5
f 2497//2257 2545//2257 2546//2257 2498//2257
vn -0.3911 -0.7407 -0.5462
f 2498//2258 2546//2258 2547//2258 2499//2258
vn -0.2677 -0.6483 -0.7127
f 2499//2259 2547//2259 2548//2259 2500//2259
vn -0.2106 -0.6630 -0.7183
f 2500//2260 2548//2260 2549//2260 2501//2260
vn -0.2842 -0.7441 -0.6046
f 2501//2261 2549//2261 2550//2261 2502//2261
vn 0.0398 -0.7404 -0.6710
usemtl leaf_3
f 2502//2262 2550//2262 2503//2262 2455//2262
vn -0.7295 -0.6438 -0.2308
f 2503//2263 2551//2263 2552//2263 2504//2263
vn -0.4684 -0.6614 -0.5857
usemtl leaf_4
f 2504//2264 2552//2264 2553//2264 2505//2264
vn -0.1374 -0.6451 -0.7517
usemtl leaf_5
f 2505//2265 2553//2265 2554//2265 2506//2265
vn -0.1361 -0.7685 -0.6252
usemtl leaf_4
f 2506//2266 2554//2266 2555//2266 2507//2266
vn 0.5867 -0.6433 -0.4918
usemtl leaf_5
f 2507//2267 2555//2267 2556//2267 2508//2267
vn -0.2922 -0.6572 -0.6947
f 2508//2268 2556//2268 2557//2268 2509//2268
vn 0.3159 -0.7284 -0.6081
f 2509//2269 2557//2269 2558//2269 2510//2269
vn 0.1702 -0.5488 -0.8185
f 2510//2270 2558//2270 2559//2270 2511//2270
vn 0.7269 -0.5672 -0.3872
f 2511//2271 2559//2271 2560//2271 2512//2271
vn 0.8320 -0.5545 0.0149
usemtl leaf_4
f 2512//2272 2560//2272 2561//2272 2513//2272
vn 0.6172 -0.7450 -0.2530
f 2513//2273 2561//2273 2562//2273 2514//2273
vn 0.5069 -0.7925 -0.3392
f 2514//2274 2562//2274 2563//2274 2515//2274
vn 0.5225 -0.7627 -0.3812
f 2515//2275 2563//2275 2564//2275 2516//2275
vn 0.2823 -0.6586 -0.6976
usemtl leaf_5
f 2516//2276 2564//2276 2565//2276 2517//2276
vn 0.7273 -0.6352 -0.2600
f 2517//2277 2565//2277 2566//2277 2518//2277
vn 0.7572 -0.6161 0.2169
f 2518//2278 2566//2278 2567//2278 2519//2278
vn 0.6626 -0.7286 0.1733
f 2519//2279 2567//2279 2568//2279 2520//2279
vn 0.7491 -0.6621 -0.0209
f 2520//2280 2568//2280 2569//2280 2521//2280
vn 0.5732 -0.7747 0.2670
f 2521//2281 2569//2281 2570//2281 2522//2281
vn 0.4205 -0.8465 0.3265
f 2522//2282 2570//2282 2571//2282 2523//2282
vn 0.3910 -0.8228 0.4124
f 2523//2283 2571//2283 2572//2283 2524//2283
vn 0.3549 -0.6681 0.6540
usemtl leaf_4
f 2524//2284 2572//2284 2573//2284 2525//2284
vn 0.0825 -0.5638 0.8218
f 2525//2285 2573//2285 2574//2285 2526//2285
vn 0.2817 -0.7409 0.6097
usemtl leaf_5
f 2526//2286 2574//2286 2575//2286 2527//2286
vn 0.3962 -0.7267 0.5612
usemtl leaf_4
f 2527//2287 2575//2287 2576//2287 2528//2287
vn 0.1947 -0.7344 0.6502
usemtl leaf_3
f 2528//2288 2576//2288 2577//2288 2529//2288
vn 0.4529 -0.7165 0.5306
usemtl leaf_4
f 2529//2289 2577//2289 2578//2289 2530//2289
vn 0.1550 -0.6920 0.7051
usemtl leaf_5
f 2530//2290 2578//2290 2579//2290 2531//2290
vn 0.1901 -0.5120 0.8377
usemtl leaf_4
f 2531//2291 2579//2291 2580//2291 2532//2291
vn -0.0032 -0.5489 0.8359
usemtl leaf_5
f 2532//2292 2580//2292 2581//2292 2533//2292
vn -0.4429 -0.6974 0.5635
f 2533//2293 2581//2293 2582//2293 2534//2293
vn -0.3852 -0.7743 0.5020
usemtl leaf_4
f 2534//2294 2582//2294 2583//2294 2535//2294
vn -0.6062 -0.7403 0.2907
usemtl leaf_5
f 2535//2295 2583//2295 2584//2295 2536//2295
vn -0.7402 -0.6407 0.2042
usemtl leaf_3
f 2536//2296 2584//2296 2585//2296 2537//2296
vn -0.6648 -0.6801 0.3089
usemtl leaf_5
f 2537//2297 2585//2297 2586//2297 2538//2297
vn -0.4880 -0.7712 0.4087
usemtl leaf_4
f 2538//2298 2586//2298 2587//2298 2539//2298
vn -0.5146 -0.7842 0.3466
f 2539//2299 2587//2299 2588//2299 2540//2299
vn -0.6881 -0.6484 0.3259
usemtl leaf_3
f 2540//2300 2588//2300 2589//2300 2541//2300
vn -0.7217 -0.6895 0.0612
usemtl leaf_5
f 2541//2301 2589//2301 2590//2301 2542//2301
vn -0.6338 -0.7714 0.0561
usemtl leaf_4
f 2542//2302 2590//2302 2591//2302 2543//2302
vn -0.6961 -0.7106 0.1021
f 2543//2303 2591//2303 2592//2303 2544//2303
vn -0.7312 -0.6813 -0.0359
usemtl leaf_5
f 2544//2304 2592//2304 2593//2304 2545//2304
vn -0.8099 -0.5859 0.0271
f 2545//2305 2593//2305 2594//2305 2546//2305
vn -0.5080 -0.6674 -0.5445
f 2546//2306 2594//2306 2595//2306 2547//2306
vn -0.2503 -0.6823 -0.6869
usemtl leaf_4
f 2547//2307 2595//2307 2596//2307 2548//2307
vn -0.2175 -0.6374 -0.7392
f 2548//2308 2596//2308 2597//2308 2549//2308
vn -0.4656 -0.6974 -0.5448
f 2549//2309 2597//2309 2598//2309 2550//2309
vn -0.0407 -0.6969 -0.7161
usemtl leaf_3
f 2550//2310 2598//2310 2551//2310 2503//2310
vn -0.7326 -0.4722 -0.4902
usemtl leaf_5
f 2551//2311 2599//2311 2600//2311 2552//2311
vn -0.4783 -0.6038 -0.6377
usemtl leaf_4
f 2552//2312 2600//2312 2601//2312 2553//2312
vn -0.2485 -0.7675 -0.5909
usemtl leaf_5
f 2553//2313 2601//2313 2602//2313 2554//2313
vn -0.0015 -0.6622 -0.7494
f 2554//2314 2602//2314 2603//2314 2555//2314
vn 0.5139 -0.5896 -0.6231
usemtl leaf_4
f 2555//2315 2603//2315 2604//2315 2556//2315
vn -0.1908 -0.6218 -0.7596
f 2556//2316 2604//2316 2605//2316 2557//2316
vn 0.5249 -0.5158 -0.6771
usemtl leaf_5
f 2557//2317 2605//2317 2606//2317 2558//2317
vn 0.2479 -0.5326 -0.8093
usemtl leaf_4
f 2558//2318 2606//2318 2607//2318 2559//2318
vn 0.5402 -0.6307 -0.5571
usemtl leaf_5
f 2559//2319 2607//2319 2608//2319 2560//2319
vn 0.6889 -0.7204 -0.0805
f 2560//2320 2608//2320 2609//2320 2561//2320
vn 0.6134 -0.7704 -0.1740
usemtl leaf_4
f 2561//2321 2609//2321 2610//2321 2562//2321
vn 0.5255 -0.7408 -0.4183
f 2562//2322 2610//2322 2611//2322 2563//2322
vn 0.4483 -0.8098 -0.3784
usemtl leaf_3
f 2563//2323 2611//2323 2612//2323 2564//2323
vn 0.5292 -0.6176 -0.5818
usemtl leaf_4
f 2564//2324 2612//2324 2613//2324 2565//2324
vn 0.7144 -0.6864 -0.1363
usemtl leaf_5
f 2565//2325 2613//2325 2614//2325 2566//2325
vn 0.6727 -0.7395 0.0246
f 2566//2326 2614//2326 2615//2326 2567//2326
vn 0.6927 -0.6607 0.2891
f 2567//2327 2615//2327 2616//2327 2568//2327
vn 0.7764 -0.6297 0.0266
f 2568//2328 2616//2328 2617//2328 2569//2328
vn 0.7713 -0.6041 0.2005
f 2569//2329 2617//2329 2618//2329 2570//2329
vn 0.6619 -0.6139 0.4301
usemtl leaf_4
f 2570//2330 2618//2330 2619//2330 2571//2330
vn 0.5338 -0.6268 0.5676
f 2571//2331 2619//2331 2620//2331 2572//2331
vn 0.3098 -0.7271 0.6127
usemtl leaf_5
f 2572//2332 2620//2332 2621//2332 2573//2332
vn 0.1156 -0.8441 0.5236
usemtl leaf_4
f 2573//2333 2621//2333 2622//2333 2574//2333
vn 0.2280 -0.8870 0.4016
f 2574//2334 2622//2334 2623//2334 2575//2334
vn 0.1884 -0.8549 0.4833
usemtl leaf_3
f 2575//2335 2623//2335 2624//2335 2576//2335
vn 0.2489 -0.8289 0.5010
usemtl leaf_4
f 2576//2336 2624//2336 2625//2336 2577//2336
vn 0.2619 -0.7440 0.6147
usemtl leaf_5
f 2577//2337 2625//2337 2626//2337 2578//2337
vn 0.0464 -0.6688 0.7420
usemtl leaf_4
f 2578//2338 2626//2338 2627//2338 2579//2338
vn 0.0006 -0.6483 0.7613
f 2579//2339 2627//2339 2628//2339 2580//2339
vn 0.0408 -0.5279 0.8484
usemtl leaf_5
f 2580//2340 2628//2340 2629//2340 2581//2340
vn -0.2940 -0.5708 0.7667
f 2581//2341 2629//2341 2630//2341 2582//2341
vn -0.3155 -0.7015 0.6391
f 2582//2342 2630//2342 2631//2342 2583//2342
vn -0.7653 -0.5819 0.2752
f 2583//2343 2631//2343 2632//2343 2584//2343
vn -0.6578 -0.6747 0.3348
f 2584//2344 2632//2344 2633//2344 2585//2344
vn -0.7293 -0.6544 0.1997
usemtl leaf_3
f 2585//2345 2633//2345 2634//2345 2586//2345
vn -0.7417 -0.4520 0.4955
f 2586//2346 2634//2346 2635//2346 2587//2346
vn -0.7729 -0.4277 0.4687
f 2587//2347 2635//2347 2636//2347 2588//2347
vn -0.5690 -0.6927 0.4431
usemtl leaf_5
f 2588//2348 2636//2348 2637//2348 2589//2348
vn -0.5774 -0.8104 0.0994
f 2589//2349 2637//2349 2638//2349 2590//2349
vn -0.6489 -0.7598 0.0403
usemtl leaf_4
f 2590//2350 2638//2350 2639//2350 2591//2350
vn -0.6381 -0.7689 0.0400
usemtl leaf_5
f 2591//2351 2639//2351 2640//2351 2592//2351
vn -0.6978 -0.6833 -0.2148
f 2592//2352 2640//2352 2641//2352 2593//2352
vn -0.8083 -0.5854 -0.0637
usemtl leaf_4
f 2593//2353 2641//2353 2642//2353 2594//2353
vn -0.6413 -0.4791 -0.5994
usemtl leaf_5
f 2594//2354 2642//2354 2643//2354 2595//2354
vn -0.5126 -0.4724 -0.7170
usemtl leaf_4
f 2595//2355 2643//2355 2644//2355 2596//2355
vn -0.2880 -0.5987 -0.7474
f 2596//2356 2644//2356 2645//2356 2597//2356
vn -0.5807 -0.7435 -0.3317
f 2597//2357 2645//2357 2646//2357 2598//2357
vn 0.0829 -0.6920 -0.7171
usemtl leaf_3
f 2598//2358 2646//2358 2599//2358 2551//2358
vn -0.3534 -0.7080 -0.6114
usemtl leaf_4
f 2599//2359 2647//2359 2648//2359 2600//2359
vn -0.6336 -0.4207 -0.6492
f 2600//2360 2648//2360 2649//2360 2601//2360
vn -0.1282 -0.3427 -0.9306
usemtl leaf_5
f 2601//2361 2649//2361 2650//2361 2602//2361
vn -0.1094 -0.4527 -0.8849
usemtl leaf_4
f 2602//2362 2650//2362 2651//2362 2603//2362
vn 0.3573 -0.6416 -0.6787
f 2603//2363 2651//2363 2652//2363 2604//2363
vn 0.1446 -0.5370 -0.8311
f 2604//2364 2652//2364 2653//2364 2605//2364
vn 0.5585 -0.4132 -0.7192
usemtl leaf_5
f 2605//2365 2653//2365 2654//2365 2606//2365
vn 0.2799 -0.3941 -0.8754
f 2606//2366 2654//2366 2655//2366 2607//2366
vn 0.6231 -0.3352 -0.7067
f 2607//2367 2655//2367 2656//2367 2608//2367
vn 0.7029 -0.4185 -0.5751
f 2608//2368 2656//2368 2657//2368 2609//2368
vn 0.6971 -0.6697 -0.2562
f 2609//2369 2657//2369 2658//2369 2610//2369
vn 0.3899 -0.7920 -0.4699
usemtl leaf_4
f 2610//2370 2658//2370 2659//2370 2611//2370
vn 0.6705 -0.6980 -0.2514
usemtl leaf_5
f 2611//2371 2659//2371 2660//2371 2612//2371
vn 0.8564 -0.4398 -0.2704
f 2612//2372 2660//2372 2661//2372 2613//2372
vn 0.9351 -0.2258 -0.2732
usemtl leaf_4
f 2613//2373 2661//2373 2662//2373 2614//2373
vn 0.9411 -0.3321 -0.0636
f 2614//2374 2662//2374 2663//2374 2615//2374
vn 0.8357 -0.4425 0.3252
usemtl leaf_5
f 2615//2375 2663//2375 2664//2375 2616//2375
vn 0.8838 -0.4640 0.0598
f 2616//2376 2664//2376 2665//2376 2617//2376
vn 0.8311 -0.4235 0.3604
usemtl leaf_4
f 2617//2377 2665//2377 2666//2377 2618//2377
vn 0.8234 -0.4150 0.3871
f 2618//2378 2666//2378 2667//2378 2619//2378
vn 0.6180 -0.4874 0.6168
f 2619//2379 2667//2379 2668//2379 2620//2379
vn 0.5313 -0.3785 0.7580
usemtl leaf_5
f 2620//2380 2668//2380 2669//2380 2621//2380
vn 0.5836 -0.4392 0.6831
usemtl leaf_4
f 2621//2381 2669//2381 2670//2381 2622//2381
vn 0.4330 -0.6601 0.6138
usemtl leaf_5
f 2622//2382 2670//2382 2671//2382 2623//2382
vn 0.0982 -0.6072 0.7884
usemtl leaf_4
f 2623//2383 2671//2383 2672//2383 2624//2383
vn 0.3450 -0.5160 0.7841
usemtl leaf_3
f 2624//2384 2672//2384 2673//2384 2625//2384
vn 0.1902 -0.5864 0.7874
usemtl leaf_4
f 2625//2385 2673//2385 2674//2385 2626//2385
vn -0.0304 -0.5732 0.8188
f 2626//2386 2674//2386 2675//2386 2627//2386
vn -0.0228 -0.5328 0.8459
usemtl leaf_3
f 2627//2387 2675//2387 2676//2387 2628//2387
vn -0.1954 -0.4758 0.8576
f 2628//2388 2676//2388 2677//2388 2629//2388
vn -0.2299 -0.3696 0.9003
usemtl leaf_5
f 2629//2389 2677//2389 2678//2389 2630//2389
vn -0.3721 -0.3700 0.8512
f 2630//2390 2678//2390 2679//2390 2631//2390
vn -0.7723 -0.4902 0.4042
f 2631//2391 2679//2391 2680//2391 2632//2391
vn -0.7578 -0.4855 0.4359
usemtl leaf_4
f 2632//2392 2680//2392 2681//2392 2633//2392
vn -0.6615 -0.6330 0.4022
f 2633//2393 2681//2393 2682//2393 2634//2393
vn -0.4364 -0.8692 0.2322
usemtl leaf_3
f 2634//2394 2682//2394 2683//2394 2635//2394
vn -0.4773 -0.8296 0.2897
f 2635//2395 2683//2395 2684//2395 2636//2395
vn -0.6378 -0.5820 0.5045
f 2636//2396 2684//2396 2685//2396 2637//2396
vn -0.8070 -0.5718 0.1477
usemtl leaf_5
f 2637//2397 2685//2397 2686//2397 2638//2397
vn -0.6782 -0.7197 0.1486
f 2638//2398 2686//2398 2687//2398 2639//2398
vn -0.7582 -0.6006 -0.2537
f 2639//2399 2687//2399 2688//2399 2640//2399
vn -0.8294 -0.4729 -0.2976
usemtl leaf_4
f 2640//2400 2688//2400 2689//2400 2641//2400
vn -0.8735 -0.3575 -0.3305
f 2641//2401 2689//2401 2690//2401 2642//2401
vn -0.7401 -0.3646 -0.5651
f 2642//2402 2690//2402 2691//2402 2643//2402
vn -0.6341 -0.6549 -0.4111
usemtl leaf_5
f 2643//2403 2691//2403 2692//2403 2644//2403
vn -0.2892 -0.7863 -0.5460
usemtl leaf_4
f 2644//2404 2692//2404 2693//2404 2645//2404
vn -0.5551 -0.6924 -0.4609
f 2645//2405 2693//2405 2694//2405 2646//2405
vn -0.0555 -0.6757 -0.7351
usemtl leaf_3
f 2646//2406 2694//2406 2647//2406 2599//2406
vn -0.1234 -0.5911 -0.7971
usemtl leaf_5
f 2647//2407 2695//2407 2696//2407 2648//2407
vn -0.4837 -0.4526 -0.7492
f 2648//2408 2696//2408 2697//2408 2649//2408
vn -0.1834 -0.4971 -0.8481
f 2649//2409 2697//2409 2698//2409 2650//2409
vn -0.2445 -0.5520 -0.7972
f 2650//2410 2698//2410 2699//2410 2651//2410
vn 0.2950 -0.5241 -0.7989
f 2651//2411 2699//2411 2700//2411 2652//2411
vn 0.3913 -0.5032 -0.7705
f 2652//2412 2700//2412 2701//2412 2653//2412
vn 0.5491 -0.3973 -0.7353
usemtl leaf_3
f 2653//2413 2701//2413 2702//2413 2654//2413
vn 0.4675 -0.2775 -0.8393
usemtl leaf_4
f 2654//2414 2702//2414 2703//2414 2655//2414
vn 0.4919 -0.3347 -0.8037
usemtl leaf_3
f 2655//2415 2703//2415 2704//2415 2656//2415
vn 0.4744 -0.5793 -0.6628
usemtl leaf_4
f 2656//2416 2704//2416 2705//2416 2657//2416
vn 0.5333 -0.6999 -0.4751
usemtl leaf_5
f 2657//2417 2705//2417 2706//2417 2658//2417
vn 0.4584 -0.7336 -0.5017
f 2658//2418 2706//2418 2707//2418 2659//2418
vn 0.7077 -0.7055 -0.0378
f 2659//2419 2707//2419 2708//2419 2660//2419
vn 0.7902 -0.6127 -0.0112
usemtl leaf_4
f 2660//2420 2708//2420 2709//2420 2661//2420
vn 0.9007 -0.4334 -0.0306
usemtl leaf_3
f 2661//2421 2709//2421 2710//2421 2662//2421
vn 0.9091 -0.3078 -0.2808
f 2662//2422 2710//2422 2711//2422 2663//2422
vn 0.8245 -0.5435 0.1575
usemtl leaf_5
f 2663//2423 2711//2423 2712//2423 2664//2423
vn 0.8274 -0.5090 0.2372
usemtl leaf_3
f 2664//2424 2712//2424 2713//2424 2665//2424
vn 0.8399 -0.4491 0.3048
usemtl leaf_4
f 2665//2425 2713//2425 2714//2425 2666//2425
vn 0.7763 -0.4325 0.4587
f 2666//2426 2714//2426 2715//2426 2667//2426
vn 0.7425 -0.4015 0.5361
usemtl leaf_5
f 2667//2427 2715//2427 2716//2427 2668//2427
vn 0.4539 -0.6391 0.6209
usemtl leaf_3
f 2668//2428 2716//2428 2717//2428 2669//2428
vn 0.5220 -0.6400 0.5639
usemtl leaf_5
f 2669//2429 2717//2429 2718//2429 2670//2429
vn 0.5282 -0.4776 0.7021
usemtl leaf_3
f 2670//2430 2718//2430 2719//2430 2671//2430
vn 0.0844 -0.4937 0.8655
f 2671//2431 2719//2431 2720//2431 2672//2431
vn 0.2580 -0.4872 0.8343
f 2672//2432 2720//2432 2721//2432 2673//2432
vn 0.1292 -0.2665 0.9551
usemtl leaf_4
f 2673//2433 2721//2433 2722//2433 2674//2433
vn 0.0497 -0.2855 0.9571
f 2674//2434 2722//2434 2723//2434 2675//2434
vn -0.0533 -0.3858 0.9211
f 2675//2435 2723//2435 2724//2435 2676//2435
vn -0.2112 -0.4290 0.8783
usemtl leaf_5
f 2676//2436 2724//2436 2725//2436 2677//2436
vn -0.1731 -0.5429 0.8217
f 2677//2437 2725//2437 2726//2437 2678//2437
vn -0.4637 -0.4685 0.7520
usemtl leaf_4
f 2678//2438 2726//2438 2727//2438 2679//2438
vn -0.7470 -0.2984 0.5941
f 2679//2439 2727//2439 2728//2439 2680//2439
vn -0.7638 -0.4427 0.4697
f 2680//2440 2728//2440 2729//2440 2681//2440
vn -0.5192 -0.5475 0.6562
usemtl leaf_5
f 2681//2441 2729//2441 2730//2441 2682//2441
vn -0.7811 -0.4621 0.4199
usemtl leaf_3
f 2682//2442 2730//2442 2731//2442 2683//2442
vn -0.8039 -0.4733 0.3601
usemtl leaf_5
f 2683//2443 2731//2443 2732//2443 2684//2443
vn -0.8713 -0.4349 0.2274
usemtl leaf_3
f 2684//2444 2732//2444 2733//2444 2685//2444
vn -0.8780 -0.3481 0.3285
usemtl leaf_4
f 2685//2445 2733//2445 2734//2445 2686//2445
vn -0.9639 -0.2595 0.0600
usemtl leaf_5
f 2686//2446 2734//2446 2735//2446 2687//2446
vn -0.9075 -0.3158 -0.2770
usemtl leaf_4
f 2687//2447 2735//2447 2736//2447 2688//2447
vn -0.8468 -0.4185 -0.3284
usemtl leaf_3
f 2688//2448 2736//2448 2737//2448 2689//2448
vn -0.8075 -0.4309 -0.4028
f 2689//2449 2737//2449 2738//2449 2690//2449
vn -0.7641 -0.3800 -0.5213
f 2690//2450 2738//2450 2739//2450 2691//2450
vn -0.8838 -0.2795 -0.3753
usemtl leaf_4
f 2691//2451 2739//2451 2740//2451 2692//2451
vn -0.6649 -0.4916 -0.5623
usemtl leaf_5
f 2692//2452 2740//2452 2741//2452 2693//2452
vn -0.4126 -0.6451 -0.6431
usemtl leaf_3
f 2693//2453 2741//2453 2742//2453 2694//2453
vn -0.3065 -0.6394 -0.7052
f 2694//2454 2742//2454 2695//2454 2647//2454
vn -0.0547 -0.4677 -0.8822
usemtl leaf_4
f 2695//2455 2743//2455 2744//2455 2696//2455
vn -0.2394 -0.2533 -0.9373
usemtl leaf_3
f 2696//2456 2744//2456 2745//2456 2697//2456
vn -0.3188 -0.0875 -0.9438
usemtl leaf_4
f 2697//2457 2745//2457 2746//2457 2698//2457
vn -0.2643 -0.1792 -0.9477
f 2698//2458 2746//2458 2747//2458 2699//2458
vn 0.2149 -0.3501 -0.9117
usemtl leaf_5
f 2699//2459 2747//2459 2748//2459 2700//2459
vn 0.3996 -0.4409 -0.8037
usemtl leaf_3
f 2700//2460 2748//2460 2749//2460 2701//2460
vn 0.5890 -0.4481 -0.6725
usemtl leaf_4
f 2701//2461 2749//2461 2750//2461 2702//2461
vn 0.5167 -0.4330 -0.7386
usemtl leaf_3
f 2702//2462 2750//2462 2751//2462 2703//2462
vn 0.4612 -0.3243 -0.8259
f 2703//2463 2751//2463 2752//2463 2704//2463
vn 0.3969 -0.3061 -0.8653
f 2704//2464 2752//2464 2753//2464 2705//2464
vn 0.6523 -0.4361 -0.6199
usemtl leaf_5
f 2705//2465 2753//2465 2754//2465 2706//2465
vn 0.7270 -0.3498 -0.5909
usemtl leaf_4
f 2706//2466 2754//2466 2755//2466 2707//2466
vn 0.9383 -0.3191 -0.1336
usemtl leaf_5
f 2707//2467 2755//2467 2756//2467 2708//2467
vn 0.8939 -0.4459 -0.0451
usemtl leaf_4
f 2708//2468 2756//2468 2757//2468 2709//2468
vn 0.8341 -0.5478 0.0653
usemtl leaf_3
f 2709//2469 2757//2469 2758//2469 2710//2469
vn 0.9328 -0.3582 -0.0408
usemtl leaf_4
f 2710//2470 2758//2470 2759//2470 2711//2470
vn 0.9881 -0.1368 -0.0705
usemtl leaf_5
f 2711//2471 2759//2471 2760//2471 2712//2471
vn 0.8765 -0.3289 0.3515
usemtl leaf_4
f 2712//2472 2760//2472 2761//2472 2713//2472
vn 0.8913 -0.2547 0.3750
f 2713//2473 2761//2473 2762//2473 2714//2473
vn 0.8393 -0.2328 0.4914
usemtl leaf_3
f 2714//2474 2762//2474 2763//2474 2715//2474
vn 0.7974 -0.3202 0.5115
f 2715//2475 2763//2475 2764//2475 2716//2475
vn 0.7360 -0.3092 0.6023
usemtl leaf_5
f 2716//2476 2764//2476 2765//2476 2717//2476
vn 0.5616 -0.4808 0.6734
usemtl leaf_3
f 2717//2477 2765//2477 2766//2477 2718//2477
vn 0.4558 -0.5766 0.6780
f 2718//2478 2766//2478 2767//2478 2719//2478
vn 0.1698 -0.5857 0.7925
usemtl leaf_4
f 2719//2479 2767//2479 2768//2479 2720//2479
vn 0.1354 -0.6013 0.7875
usemtl leaf_5
f 2720//2480 2768//2480 2769//2480 2721//2480
vn 0.0229 -0.6330 0.7738
usemtl leaf_4
f 2721//2481 2769//2481 2770//2481 2722//2481
vn -0.0089 -0.5020 0.8648
f 2722//2482 2770//2482 2771//2482 2723//2482
vn -0.1084 -0.3027 0.9469
f 2723//2483 2771//2483 2772//2483 2724//2483
vn -0.0797 -0.3488 0.9338
usemtl leaf_3
f 2724//2484 2772//2484 2773//2484 2725//2484
vn -0.4731 -0.1165 0.8732
usemtl leaf_4
f 2725//2485 2773//2485 2774//2485 2726//2485
vn -0.4951 0.0064 0.8688
f 2726//2486 2774//2486 2775//2486 2727//2486
vn -0.6246 -0.3379 0.7041
usemtl leaf_3
f 2727//2487 2775//2487 2776//2487 2728//2487
vn -0.5575 -0.5636 0.6096
usemtl leaf_4
f 2728//2488 2776//2488 2777//2488 2729//2488
vn -0.5512 -0.6004 0.5795
f 2729//2489 2777//2489 2778//2489 2730//2489
vn -0.8175 -0.5062 0.2747
f 2730//2490 2778//2490 2779//2490 2731//2490
vn -0.8604 -0.3519 0.3687
f 2731//2491 2779//2491 2780//2491 2732//2491
vn -0.8351 -0.4579 0.3047
f 2732//2492 2780//2492 2781//2492 2733//2492
vn -0.8562 -0.4842 0.1805
f 2733//2493 2781//2493 2782//2493 2734//2493
vn -0.8709 -0.4823 0.0945
usemtl leaf_3
f 2734//2494 2782//2494 2783//2494 2735//2494
vn -0.8565 -0.4221 -0.2970
usemtl leaf_5
f 2735//2495 2783//2495 2784//2495 2736//2495
vn -0.8956 -0.3061 -0.3228
usemtl leaf_3
f 2736//2496 2784//2496 2785//2496 2737//2496
vn -0.8531 -0.2961 -0.4296
usemtl leaf_4
f 2737//2497 2785//2497 2786//2497 2738//2497
vn -0.7511 -0.2440 -0.6134
usemtl leaf_2
f 2738//2498 2786//2498 2787//2498 2739//2498
vn -0.8906 -0.2577 -0.3747
f 2739//2499 2787//2499 2788//2499 2740//2499
vn -0.8487 -0.2790 -0.4493
usemtl leaf_4
f 2740//2500 2788//2500 2789//2500 2741//2500
vn -0.5354 -0.3560 -0.7659
usemtl leaf_5
f 2741//2501 2789//2501 2790//2501 2742//2501
vn -0.4482 -0.4667 -0.7624
f 2742//2502 2790//2502 2743//2502 2695//2502
vn -0.1721 -0.3069 -0.9361
f 2743//2503 2791//2503 2792//2503 2744//2503
vn -0.0544 -0.4509 -0.8909
usemtl leaf_3
f 2744//2504 2792//2504 2793//2504 2745//2504
vn -0.2657 -0.4003 -0.8770
usemtl leaf_2
f 2745//2505 2793//2505 2794//2505 2746//2505
vn -0.2382 -0.2284 -0.9440
usemtl leaf_4
f 2746//2506 2794//2506 2795//2506 2747//2506
vn 0.1938 -0.0672 -0.9787
f 2747//2507 2795//2507 2796//2507 2748//2507
vn 0.4539 0.0556 -0.8893
usemtl leaf_3
f 2748//2508 2796//2508 2797//2508 2749//2508
vn 0.4368 -0.0940 -0.8946
usemtl leaf_4
f 2749//2509 2797//2509 2798//2509 2750//2509
vn 0.6520 -0.2234 -0.7246
usemtl leaf_2
f 2750//2510 2798//2510 2799//2510 2751//2510
vn 0.5019 -0.1849 -0.8449
usemtl leaf_3
f 2751//2511 2799//2511 2800//2511 2752//2511
vn 0.4830 -0.1160 -0.8679
f 2752//2512 2800//2512 2801//2512 2753//2512
vn 0.5756 -0.1606 -0.8018
usemtl leaf_4
f 2753//2513 2801//2513 2802//2513 2754//2513
vn 0.8600 -0.2677 -0.4343
usemtl leaf_5
f 2754//2514 2802//2514 2803//2514 2755//2514
vn 0.9512 -0.1852 -0.2469
usemtl leaf_3
f 2755//2515 2803//2515 2804//2515 2756//2515
vn 0.9871 -0.1432 -0.0715
usemtl leaf_4
f 2756//2516 2804//2516 2805//2516 2757//2516
vn 0.9892 -0.1313 -0.0645
usemtl leaf_3
f 2757//2517 2805//2517 2806//2517 2758//2517
vn 0.9517 -0.2775 0.1311
usemtl leaf_4
f 2758//2518 2806//2518 2807//2518 2759//2518
vn 0.9586 -0.2824 -0.0370
f 2759//2519 2807//2519 2808//2519 2760//2519
vn 0.9292 -0.0419 0.3671
usemtl leaf_2
f 2760//2520 2808//2520 2809//2520 2761//2520
vn 0.9055 -0.0722 0.4181
usemtl leaf_4
f 2761//2521 2809//2521 2810//2521 2762//2521
vn 0.8589 -0.0513 0.5096
usemtl leaf_2
f 2762//2522 2810//2522 2811//2522 2763//2522
vn 0.9140 -0.1476 0.3779
usemtl leaf_4
f 2763//2523 2811//2523 2812//2523 2764//2523
vn 0.6919 -0.2905 0.6610
usemtl leaf_3
f 2764//2524 2812//2524 2813//2524 2765//2524
vn 0.7709 -0.2759 0.5741
usemtl leaf_4
f 2765//2525 2813//2525 2814//2525 2766//2525
vn 0.4320 -0.3126 0.8460
f 2766//2526 2814//2526 2815//2526 2767//2526
vn 0.2581 -0.2084 0.9434
usemtl leaf_5
f 2767//2527 2815//2527 2816//2527 2768//2527
vn 0.1721 -0.2065 0.9632
f 2768//2528 2816//2528 2817//2528 2769//2528
vn 0.1595 -0.2707 0.9494
usemtl leaf_4
f 2769//2529 2817//2529 2818//2529 2770//2529
vn -0.2181 -0.3179 0.9227
usemtl leaf_3
f 2770//2530 2818//2530 2819//2530 2771//2530
vn -0.1548 -0.2662 0.9514
f 2771//2531 2819//2531 2820//2531 2772//2531
vn -0.2762 0.0155 0.9610
usemtl leaf_2
f 2772//2532 2820//2532 2821//2532 2773//2532
vn -0.4474 -0.0677 0.8918
f 2773//2533 2821//2533 2822//2533 2774//2533
vn -0.3834 -0.3292 0.8629
usemtl leaf_3
f 2774//2534 2822//2534 2823//2534 2775//2534
vn -0.5551 -0.1891 0.8100
f 2775//2535 2823//2535 2824//2535 2776//2535
vn -0.6266 -0.1332 0.7679
usemtl leaf_4
f 2776//2536 2824//2536 2825//2536 2777//2536
vn -0.7064 -0.1477 0.6922
f 2777//2537 2825//2537 2826//2537 2778//2537
vn -0.8540 -0.3393 0.3944
f 2778//2538 2826//2538 2827//2538 2779//2538
vn -0.7607 -0.5643 0.3209
usemtl leaf_3
f 2779//2539 2827//2539 2828//2539 2780//2539
vn -0.8466 -0.4489 0.2858
usemtl leaf_4
f 2780//2540 2828//2540 2829//2540 2781//2540
vn -0.9784 -0.2069 -0.0008
usemtl leaf_3
f 2781//2541 2829//2541 2830//2541 2782//2541
vn -0.9904 -0.0505 0.1284
usemtl leaf_4
f 2782//2542 2830//2542 2831//2542 2783//2542
vn -0.9440 -0.1705 -0.2825
f 2783//2543 2831//2543 2832//2543 2784//2543
vn -0.8930 -0.3264 -0.3099
f 2784//2544 2832//2544 2833//2544 2785//2544
vn -0.8347 -0.3117 -0.4540
usemtl leaf_3
f 2785//2545 2833//2545 2834//2545 2786//2545
vn -0.7530 -0.4130 -0.5123
f 2786//2546 2834//2546 2835//2546 2787//2546
vn -0.8086 -0.3566 -0.4680
usemtl leaf_4
f 2787//2547 2835//2547 2836//2547 2788//2547
vn -0.8590 -0.2033 -0.4699
f 2788//2548 2836//2548 2837//2548 2789//2548
vn -0.6106 -0.2100 -0.7636
f 2789//2549 2837//2549 2838//2549 2790//2549
vn -0.5333 -0.2017 -0.8215
f 2790//2550 2838//2550 2791//2550 2743//2550
vn -0.4692 -0.2747 -0.8393
f 2791//2551 2839//2551 2840//2551 2792//2551
vn 0.0084 -0.3491 -0.9371
usemtl leaf_3
f 2792//2552 2840//2552 2841//2552 2793//2552
vn -0.0976 -0.1398 -0.9854
usemtl leaf_2
f 2793//2553 2841//2553 2842//2553 2794//2553
vn -0.1202 0.0043 -0.9927
f 2794//2554 2842//2554 2843//2554 2795//2554
vn 0.3551 0.1500 -0.9227
usemtl leaf_4
f 2795//2555 2843//2555 2844//2555 2796//2555
vn 0.3152 0.0592 -0.9472
usemtl leaf_3
f 2796//2556 2844//2556 2845//2556 2797//2556
vn 0.3503 -0.0547 -0.9351
usemtl leaf_2
f 2797//2557 2845//2557 2846//2557 2798//2557
vn 0.5628 -0.1526 -0.8124
f 2798//2558 2846//2558 2847//2558 2799//2558
vn 0.4320 -0.3672 -0.8237
usemtl leaf_3
f 2799//2559 2847//2559 2848//2559 2800//2559
vn 0.5689 -0.3334 -0.7518
usemtl leaf_4
f 2800//2560 2848//2560 2849//2560 2801//2560
vn 0.5646 -0.1509 -0.8115
usemtl leaf_3
f 2801//2561 2849//2561 2850//2561 2802//2561
vn 0.8258 -0.1893 -0.5313
usemtl leaf_5
f 2802//2562 2850//2562 2851//2562 2803//2562
vn 0.9167 -0.3402 -0.2095
usemtl leaf_4
f 2803//2563 2851//2563 2852//2563 2804//2563
vn 0.9277 -0.3651 -0.0774
f 2804//2564 2852//2564 2853//2564 2805//2564
vn 0.9180 -0.3929 -0.0535
usemtl leaf_3
f 2805//2565 2853//2565 2854//2565 2806//2565
vn 0.9643 -0.1230 0.2346
f 2806//2566 2854//2566 2855//2566 2807//2566
vn 0.9865 0.1319 0.0972
usemtl leaf_2
f 2807//2567 2855//2567 2856//2567 2808//2567
vn 0.9576 -0.0760 0.2779
usemtl leaf_3
f 2808//2568 2856//2568 2857//2568 2809//2568
vn 0.9156 -0.2858 0.2827
usemtl leaf_2
f 2809//2569 2857//2569 2858//2569 2810//2569
vn 0.7722 -0.4192 0.4775
f 2810//2570 2858//2570 2859//2570 2811//2570
vn 0.8822 -0.2937 0.3681
usemtl leaf_4
f 2811//2571 2859//2571 2860//2571 2812//2571
vn 0.7180 -0.1698 0.6751
f 2812//2572 2860//2572 2861//2572 2813//2572
vn 0.7167 -0.0572 0.6951
usemtl leaf_3
f 2813//2573 2861//2573 2862//2573 2814//2573
vn 0.5879 -0.0720 0.8057
f 2814//2574 2862//2574 2863//2574 2815//2574
vn 0.2475 -0.3373 0.9083
usemtl leaf_4
f 2815//2575 2863//2575 2864//2575 2816//2575
vn 0.1107 -0.2757 0.9549
f 2816//2576 2864//2576 2865//2576 2817//2576
vn 0.2055 -0.1980 0.9584
f 2817//2577 2865//2577 2866//2577 2818//2577
vn -0.2028 -0.1986 0.9589
f 2818//2578 2866//2578 2867//2578 2819//2578
vn -0.3636 -0.0349 0.9309
usemtl leaf_3
f 2819//2579 2867//2579 2868//2579 2820//2579
vn -0.3167 -0.0398 0.9477
f 2820//2580 2868//2580 2869//2580 2821//2580
vn -0.2895 -0.0897 0.9530
f 2821//2581 2869//2581 2870//2581 2822//2581
vn -0.4803 0.0723 0.8741
usemtl leaf_2
f 2822//2582 2870//2582 2871//2582 2823//2582
vn -0.4585 -0.1197 0.8806
f 2823//2583 2871//2583 2872//2583 2824//2583
vn -0.5309 -0.3737 0.7606
usemtl leaf_3
f 2824//2584 2872//2584 2873//2584 2825//2584
vn -0.6703 -0.4032 0.6230
usemtl leaf_4
f 2825//2585 2873//2585 2874//2585 2826//2585
vn -0.7679 -0.3577 0.5313
usemtl leaf_5
f 2826//2586 2874//2586 2875//2586 2827//2586
vn -0.8786 -0.2907 0.3788
usemtl leaf_3
f 2827//2587 2875//2587 2876//2587 2828//2587
vn -0.9794 -0.1845 0.0822
f 2828//2588 2876//2588 2877//2588 2829//2588
vn -0.9902 -0.1333 -0.0425
usemtl leaf_4
f 2829//2589 2877//2589 2878//2589 2830//2589
vn -0.9920 -0.1246 0.0195
f 2830//2590 2878//2590 2879//2590 2831//2590
vn -0.9910 -0.0637 -0.1173
usemtl leaf_3
f 2831//2591 2879//2591 2880//2591 2832//2591
vn -0.8975 0.0519 -0.4379
usemtl leaf_2
f 2832//2592 2880//2592 2881//2592 2833//2592
vn -0.9582 -0.0366 -0.2838
f 2833//2593 2881//2593 2882//2593 2834//2593
vn -0.8030 -0.1062 -0.5865
f 2834//2594 2882//2594 2883//2594 2835//2594
vn -0.8844 -0.2241 -0.4093
usemtl leaf_3
f 2835//2595 2883//2595 2884//2595 2836//2595
vn -0.7676 -0.3658 -0.5263
f 2836//2596 2884//2596 2885//2596 2837//2596
vn -0.6032 -0.2714 -0.7500
f 2837//2597 2885//2597 2886//2597 2838//2597
vn -0.4432 -0.1683 -0.8805
usemtl leaf_4
f 2838//2598 2886//2598 2839//2598 2791//2598
vn -0.5636 -0.1932 -0.8032
usemtl leaf_3
f 2839//2599 2887//2599 2888//2599 2840//2599
vn 0.0546 -0.1487 -0.9874
usemtl leaf_4
f 2840//2600 2888//2600 2889//2600 2841//2600
vn 0.0164 -0.1821 -0.9832
usemtl leaf_3
f 2841//2601 2889//2601 2890//2601 2842//2601
vn 0.0148 -0.0508 -0.9986
usemtl leaf_2
f 2842//2602 2890//2602 2891//2602 2843//2602
vn 0.4224 0.0149 -0.9063
f 2843//2603 2891//2603 2892//2603 2844//2603
vn 0.1333 -0.0161 -0.9909
usemtl leaf_1
f 2844//2604 2892//2604 2893//2604 2845//2604
vn 0.4588 0.0224 -0.8882
usemtl leaf_2
f 2845//2605 2893//2605 2894//2605 2846//2605
vn 0.2312 -0.1549 -0.9605
f 2846//2606 2894//2606 2895//2606 2847//2606
vn 0.4258 -0.3483 -0.8351
f 2847//2607 2895//2607 2896//2607 2848//2607
vn 0.6720 -0.2868 -0.6827
usemtl leaf_3
f 2848//2608 2896//2608 2897//2608 2849//2608
vn 0.7895 -0.0043 -0.6137
f 2849//2609 2897//2609 2898//2609 2850//2609
vn 0.6972 0.1012 -0.7097
usemtl leaf_5
f 2850//2610 2898//2610 2899//2610 2851//2610
vn 0.9782 0.0429 -0.2034
usemtl leaf_3
f 2851//2611 2899//2611 2900//2611 2852//2611
vn 0.9831 0.0063 -0.1827
usemtl leaf_5
f 2852//2612 2900//2612 2901//2612 2853//2612
vn 0.9811 -0.1435 -0.1297
usemtl leaf_4
f 2853//2613 2901//2613 2902//2613 2854//2613
vn 0.8831 -0.2306 0.4086
usemtl leaf_2
f 2854//2614 2902//2614 2903//2614 2855//2614
vn 0.9525 -0.0482 0.3008
usemtl leaf_3
f 2855//2615 2903//2615 2904//2615 2856//2615
vn 0.9731 0.2017 0.1110
f 2856//2616 2904//2616 2905//2616 2857//2616
vn 0.9363 0.2104 0.2813
usemtl leaf_2
f 2857//2617 2905//2617 2906//2617 2858//2617
vn 0.9058 0.1758 0.3856
f 2858//2618 2906//2618 2907//2618 2859//2618
vn 0.8177 0.1073 0.5656
usemtl leaf_4
f 2859//2619 2907//2619 2908//2619 2860//2619
vn 0.8163 0.0363 0.5765
usemtl leaf_3
f 2860//2620 2908//2620 2909//2620 2861//2620
vn 0.6211 -0.0936 0.7781
f 2861//2621 2909//2621 2910//2621 2862//2621
vn 0.6720 -0.0607 0.7381
usemtl leaf_5
f 2862//2622 2910//2622 2911//2622 2863//2622
vn 0.2900 0.0640 0.9549
usemtl leaf_3
f 2863//2623 2911//2623 2912//2623 2864//2623
vn 0.1890 -0.1020 0.9767
usemtl leaf_4
f 2864//2624 2912//2624 2913//2624 2865//2624
vn 0.0924 -0.1339 0.9867
f 2865//2625 2913//2625 2914//2625 2866//2625
vn -0.2231 0.0257 0.9745
f 2866//2626 2914//2626 2915//2626 2867//2626
vn -0.4296 -0.0246 0.9027
usemtl leaf_2
f 2867//2627 2915//2627 2916//2627 2868//2627
vn -0.1580 -0.1141 0.9808
f 2868//2628 2916//2628 2917//2628 2869//2628
vn -0.4872 -0.0070 0.8733
usemtl leaf_1
f 2869//2629 2917//2629 2918//2629 2870//2629
vn -0.4181 -0.0152 0.9083
usemtl leaf_2
f 2870//2630 2918//2630 2919//2630 2871//2630
vn -0.2617 -0.1422 0.9546
usemtl leaf_3
f 2871//2631 2919//2631 2920//2631 2872//2631
vn -0.5676 -0.1498 0.8096
f 2872//2632 2920//2632 2921//2632 2873//2632
vn -0.8025 -0.0172 0.5964
usemtl leaf_4
f 2873//2633 2921//2633 2922//2633 2874//2633
vn -0.7643 -0.0638 0.6417
f 2874//2634 2922//2634 2923//2634 2875//2634
vn -0.9192 -0.1931 0.3433
f 2875//2635 2923//2635 2924//2635 2876//2635
vn -0.9808 -0.1905 0.0424
usemtl leaf_3
f 2876//2636 2924//2636 2925//2636 2877//2636
vn -0.9853 -0.0496 -0.1632
usemtl leaf_4
f 2877//2637 2925//2637 2926//2637 2878//2637
vn -0.9951 0.0985 0.0052
usemtl leaf_2
f 2878//2638 2926//2638 2927//2638 2879//2638
vn -0.9481 0.2004 -0.2469
f 2879//2639 2927//2639 2928//2639 2880//2639
vn -0.9452 0.0901 -0.3139
usemtl leaf_3
f 2880//2640 2928//2640 2929//2640 2881//2640
vn -0.9657 0.0013 -0.2597
usemtl leaf_2
f 2881//2641 2929//2641 2930//2641 2882//2641
vn -0.8965 -0.1853 -0.4024
f 2882//2642 2930//2642 2931//2642 2883//2642
vn -0.8429 -0.1742 -0.5092
usemtl leaf_3
f 2883//2643 2931//2643 2932//2643 2884//2643
vn -0.7104 0.2363 -0.6629
f 2884//2644 2932//2644 2933//2644 2885//2644
vn -0.6359 0.2398 -0.7336
usemtl leaf_4
f 2885//2645 2933//2645 2934//2645 2886//2645
vn -0.5633 -0.0433 -0.8251
f 2886//2646 2934//2646 2887//2646 2839//2646
vn -0.4774 0.3175 -0.8193
usemtl leaf_3
f 2887//2647 2935//2647 2936//2647 2888//2647
vn -0.2043 0.0850 -0.9752
f 2888//2648 2936//2648 2937//2648 2889//2648
vn 0.2071 0.0392 -0.9775
f 2889//2649 2937//2649 2938//2649 2890//2649
vn 0.1582 0.2910 -0.9435
f 2890//2650 2938//2650 2939//2650 2891//2650
vn 0.3386 0.2936 -0.8940
usemtl leaf_2
f 2891//2651 2939//2651 2940//2651 2892//2651
vn 0.0976 0.2068 -0.9735
f 2892//2652 2940//2652 2941//2652 2893//2652
vn 0.3580 0.0127 -0.9337
usemtl leaf_1
f 2893//2653 2941//2653 2942//2653 2894//2653
vn 0.0445 -0.1598 -0.9862
usemtl leaf_2
f 2894//2654 2942//2654 2943//2654 2895//2654
vn 0.4724 -0.1970 -0.8591
usemtl leaf_3
f 2895//2655 2943//2655 2944//2655 2896//2655
vn 0.7766 -0.1149 -0.6194
f 2896//2656 2944//2656 2945//2656 2897//2656
vn 0.9266 0.0418 -0.3738
usemtl leaf_2
f 2897//2657 2945//2657 2946//2657 2898//2657
vn 0.7064 0.3098 -0.6364
f 2898//2658 2946//2658 2947//2658 2899//2658
vn 0.8880 0.2108 -0.4087
usemtl leaf_3
f 2899//2659 2947//2659 2948//2659 2900//2659
vn 0.9779 -0.0311 -0.2066
usemtl leaf_2
f 2900//2660 2948//2660 2949//2660 2901//2660
vn 0.9851 0.1566 -0.0709
usemtl leaf_4
f 2901//2661 2949//2661 2950//2661 2902//2661
vn 0.9339 0.1816 0.3080
usemtl leaf_2
f 2902//2662 2950//2662 2951//2662 2903//2662
vn 0.9342 -0.1031 0.3414
usemtl leaf_3
f 2903//2663 2951//2663 2952//2663 2904//2663
vn 0.9218 0.0079 0.3875
usemtl leaf_2
f 2904//2664 2952//2664 2953//2664 2905//2664
vn 0.9576 0.2133 0.1937
usemtl leaf_3
f 2905//2665 2953//2665 2954//2665 2906//2665
vn 0.9776 -0.0823 0.1939
usemtl leaf_2
f 2906//2666 2954//2666 2955//2666 2907//2666
vn 0.8087 -0.2833 0.5155
usemtl leaf_4
f 2907//2667 2955//2667 2956//2667 2908//2667
vn 0.7167 -0.1015 0.6900
f 2908//2668 2956//2668 2957//2668 2909//2668
vn 0.6280 0.1774 0.7577
usemtl leaf_3
f 2909//2669 2957//2669 2958//2669 2910//2669
vn 0.5608 0.2578 0.7868
f 2910//2670 2958//2670 2959//2670 2911//2670
vn 0.4021 0.1363 0.9054
f 2911//2671 2959//2671 2960//2671 2912//2671
vn 0.3848 -0.0624 0.9209
f 2912//2672 2960//2672 2961//2672 2913//2672
vn -0.1187 -0.0168 0.9928
usemtl leaf_5
f 2913//2673 2961//2673 2962//2673 2914//2673
vn -0.1796 0.0127 0.9837
usemtl leaf_2
f 2914//2674 2962//2674 2963//2674 2915//2674
vn -0.4678 0.0624 0.8816
usemtl leaf_3
f 2915//2675 2963//2675 2964//2675 2916//2675
vn -0.2224 0.2846 0.9325
usemtl leaf_1
f 2916//2676 2964//2676 2965//2676 2917//2676
vn -0.3964 0.1595 0.9041
usemtl leaf_2
f 2917//2677 2965//2677 2966//2677 2918//2677
vn -0.3925 0.0295 0.9193
usemtl leaf_1
f 2918//2678 2966//2678 2967//2678 2919//2678
vn -0.2667 0.1324 0.9547
usemtl leaf_2
f 2919//2679 2967//2679 2968//2679 2920//2679
vn -0.5789 0.1624 0.7991
f 2920//2680 2968//2680 2969//2680 2921//2680
vn -0.8066 0.0574 0.5883
usemtl leaf_3
f 2921//2681 2969//2681 2970//2681 2922//2681
vn -0.7428 0.0767 0.6651
usemtl leaf_4
f 2922//2682 2970//2682 2971//2682 2923//2682
vn -0.8988 0.0709 0.4327
f 2923//2683 2971//2683 2972//2683 2924//2683
vn -0.9992 -0.0168 0.0366
usemtl leaf_5
f 2924//2684 2972//2684 2973//2684 2925//2684
vn -0.9482 0.0447 -0.3145
usemtl leaf_3
f 2925//2685 2973//2685 2974//2685 2926//2685
vn -0.9749 0.2035 -0.0900
f 2926//2686 2974//2686 2975//2686 2927//2686
vn -0.9765 0.1201 -0.1792
usemtl leaf_2
f 2927//2687 2975//2687 2976//2687 2928//2687
vn -0.9887 -0.1378 -0.0585
usemtl leaf_1
f 2928//2688 2976//2688 2977//2688 2929//2688
vn -0.9070 -0.2071 -0.3666
usemtl leaf_3
f 2929//2689 2977//2689 2978//2689 2930//2689
vn -0.9688 -0.1226 -0.2152
usemtl leaf_2
f 2930//2690 2978//2690 2979//2690 2931//2690
vn -0.6379 -0.0055 -0.7701
usemtl leaf_3
f 2931//2691 2979//2691 2980//2691 2932//2691
vn -0.7447 -0.0765 -0.6630
f 2932//2692 2980//2692 2981//2692 2933//2692
vn -0.6044 -0.0341 -0.7960
usemtl leaf_2
f 2933//2693 2981//2693 2982//2693 2934//2693
vn -0.6412 0.2005 -0.7408
f 2934//2694 2982//2694 2935//2694 2887//2694
vn -0.5839 0.0725 -0.8086
usemtl leaf_4
f 2935//2695 2983//2695 2984//2695 2936//2695
vn -0.2846 0.1155 -0.9517
f 2936//2696 2984//2696 2985//2696 2937//2696
vn 0.2233 0.0777 -0.9717
usemtl leaf_3
f 2937//2697 2985//2697 2986//2697 2938//2697
vn 0.3241 0.0324 -0.9455
usemtl leaf_1
f 2938//2698 2986//2698 2987//2698 2939//2698
vn 0.3635 0.2314 -0.9024
usemtl leaf_2
f 2939//2699 2987//2699 2988//2699 2940//2699
vn 0.0642 0.3179 -0.9459
f 2940//2700 2988//2700 2989//2700 2941//2700
vn 0.0017 0.0723 -0.9974
f 2941//2701 2989//2701 2990//2701 2942//2701
vn 0.2092 0.0783 -0.9747
f 2942//2702 2990//2702 2991//2702 2943//2702
vn 0.4985 0.4100 -0.7638
usemtl leaf_4
f 2943//2703 2991//2703 2992//2703 2944//2703
vn 0.6879 0.3327 -0.6450
usemtl leaf_2
f 2944//2704 2992//2704 2993//2704 2945//2704
vn 0.9419 0.1646 -0.2927
usemtl leaf_3
f 2945//2705 2993//2705 2994//2705 2946//2705
vn 0.8227 0.1418 -0.5504
f 2946//2706 2994//2706 2995//2706 2947//2706
vn 0.7721 0.1359 -0.6208
f 2947//2707 2995//2707 2996//2707 2948//2707
vn 0.9656 0.0566 -0.2538
f 2948//2708 2996//2708 2997//2708 2949//2708
vn 0.9902 0.0449 0.1323
usemtl leaf_4
f 2949//2709 2997//2709 2998//2709 2950//2709
vn 0.9853 0.0595 0.1601
usemtl leaf_3
f 2950//2710 2998//2710 2999//2710 2951//2710
vn 0.9761 0.0224 0.2160
usemtl leaf_2
f 2951//2711 2999//2711 3000//2711 2952//2711
vn 0.8800 -0.1358 0.4552
f 2952//2712 3000//2712 3001//2712 2953//2712
vn 0.9260 -0.0550 0.3735
usemtl leaf_1
f 2953//2713 3001//2713 3002//2713 2954//2713
vn 0.9701 0.2399 0.0355
usemtl leaf_2
f 2954//2714 3002//2714 3003//2714 2955//2714
vn 0.8412 0.2523 0.4783
f 2955//2715 3003//2715 3004//2715 2956//2715
vn 0.6414 0.1205 0.7577
usemtl leaf_3
f 2956//2716 3004//2716 3005//2716 2957//2716
vn 0.6260 -0.0296 0.7792
usemtl leaf_2
f 2957//2717 3005//2717 3006//2717 2958//2717
vn 0.5455 -0.0534 0.8364
usemtl leaf_3
f 2958//2718 3006//2718 3007//2718 2959//2718
vn 0.4139 0.1026 0.9045
f 2959//2719 3007//2719 3008//2719 2960//2719
vn 0.3238 0.3388 0.8834
usemtl leaf_4
f 2960//2720 3008//2720 3009//2720 2961//2720
vn -0.0388 0.2515 0.9671
usemtl leaf_2
f 2961//2721 3009//2721 3010//2721 2962//2721
vn -0.2088 0.1532 0.9659
f 2962//2722 3010//2722 3011//2722 2963//2722
vn -0.3720 0.0060 0.9282
f 2963//2723 3011//2723 3012//2723 2964//2723
vn -0.4092 -0.1220 0.9042
usemtl leaf_1
f 2964//2724 3012//2724 3013//2724 2965//2724
vn -0.3318 0.1393 0.9330
usemtl leaf_2
f 2965//2725 3013//2725 3014//2725 2966//2725
vn -0.3841 0.1929 0.9029
f 2966//2726 3014//2726 3015//2726 2967//2726
vn -0.2643 0.0763 0.9614
usemtl leaf_3
f 2967//2727 3015//2727 3016//2727 2968//2727
vn -0.6129 0.0992 0.7839
usemtl leaf_2
f 2968//2728 3016//2728 3017//2728 2969//2728
vn -0.7565 0.1803 0.6287
f 2969//2729 3017//2729 3018//2729 2970//2729
vn -0.7926 0.2125 0.5715
usemtl leaf_3
f 2970//2730 3018//2730 3019//2730 2971//2730
vn -0.8310 0.2428 0.5005
usemtl leaf_4
f 2971//2731 3019//2731 3020//2731 2972//2731
vn -0.9565 0.2895 -0.0351
f 2972//2732 3020//2732 3021//2732 2973//2732
vn -0.9359 0.2207 -0.2746
usemtl leaf_2
f 2973//2733 3021//2733 3022//2733 2974//2733
vn -0.9985 -0.0433 -0.0325
usemtl leaf_3
f 2974//2734 3022//2734 3023//2734 2975//2734
vn -0.9819 -0.0136 -0.1887
usemtl leaf_2
f 2975//2735 3023//2735 3024//2735 2976//2735
vn -0.9756 0.2188 -0.0205
usemtl leaf_1
f 2976//2736 3024//2736 3025//2736 2977//2736
vn -0.9538 0.1411 -0.2652
usemtl leaf_3
f 2977//2737 3025//2737 3026//2737 2978//2737
vn -0.8777 0.2134 -0.4290
usemtl leaf_2
f 2978//2738 3026//2738 3027//2738 2979//2738
vn -0.6000 0.3385 -0.7249
usemtl leaf_4
f 2979//2739 3027//2739 3028//2739 2980//2739
vn -0.7110 0.3724 -0.5965
usemtl leaf_2
f 2980//2740 3028//2740 3029//2740 2981//2740
vn -0.5933 0.2905 -0.7507
usemtl leaf_3
f 2981//2741 3029//2741 3030//2741 2982//2741
vn -0.5483 0.1720 -0.8184
usemtl leaf_2
f 2982//2742 3030//2742 2983//2742 2935//2742
vn -0.4481 0.4249 -0.7866
f 2983//2743 3031//2743 3032//2743 2984//2743
vn -0.1532 0.5848 -0.7965
usemtl leaf_3
f 2984//2744 3032//2744 3033//2744 2985//2744
vn 0.0322 0.4882 -0.8722
f 2985//2745 3033//2745 3034//2745 2986//2745
vn 0.4068 0.3713 -0.8346
usemtl leaf_1
f 2986//2746 3034//2746 3035//2746 2987//2746
vn 0.1468 0.0567 -0.9875
usemtl leaf_2
f 2987//2747 3035//2747 3036//2747 2988//2747
vn 0.1661 -0.1624 -0.9726
f 2988//2748 3036//2748 3037//2748 2989//2748
vn -0.0773 0.0472 -0.9959
f 2989//2749 3037//2749 3038//2749 2990//2749
vn 0.3849 0.1633 -0.9084
usemtl leaf_3
f 2990//2750 3038//2750 3039//2750 2991//2750
vn 0.6315 0.1645 -0.7577
f 2991//2751 3039//2751 3040//2751 2992//2751
vn 0.6501 0.3007 -0.6978
f 2992//2752 3040//2752 3041//2752 2993//2752
vn 0.8928 0.2758 -0.3560
usemtl leaf_2
f 2993//2753 3041//2753 3042//2753 2994//2753
vn 0.8280 0.2688 -0.4921
f 2994//2754 3042//2754 3043//2754 2995//2754
vn 0.7443 0.3946 -0.5388
f 2995//2755 3043//2755 3044//2755 2996//2755
vn 0.8120 0.5404 -0.2206
usemtl leaf_3
f 2996//2756 3044//2756 3045//2756 2997//2756
vn 0.8859 0.4582 0.0719
f 2997//2757 3045//2757 3046//2757 2998//2757
vn 0.9255 0.3491 0.1470
usemtl leaf_2
f 2998//2758 3046//2758 3047//2758 2999//2758
vn 0.9096 0.3620 0.2037
usemtl leaf_1
f 2999//2759 3047//2759 3048//2759 3000//2759
vn 0.9325 0.2702 0.2395
f 3000//2760 3048//2760 3049//2760 3001//2760
vn 0.8274 0.1350 0.5451
usemtl leaf_0
f 3001//2761 3049//2761 3050//2761 3002//2761
vn 0.9391 0.2628 0.2215
usemtl leaf_3
f 3002//2762 3050//2762 3051//2762 3003//2762
vn 0.8119 0.4483 0.3740
usemtl leaf_2
f 3003//2763 3051//2763 3052//2763 3004//2763
vn 0.7595 0.3021 0.5761
usemtl leaf_4
f 3004//2764 3052//2764 3053//2764 3005//2764
vn 0.6502 0.1832 0.7374
usemtl leaf_3
f 3005//2765 3053//2765 3054//2765 3006//2765
vn 0.4267 0.2837 0.8587
f 3006//2766 3054//2766 3055//2766 3007//2766
vn 0.2336 0.4103 0.8815
f 3007//2767 3055//2767 3056//2767 3008//2767
vn 0.2633 0.4053 0.8754
usemtl leaf_2
f 3008//2768 3056//2768 3057//2768 3009//2768
vn 0.0282 0.4623 0.8863
f 3009//2769 3057//2769 3058//2769 3010//2769
vn -0.1837 0.4392 0.8794
usemtl leaf_3
f 3010//2770 3058//2770 3059//2770 3011//2770
vn -0.0531 0.2159 0.9750
usemtl leaf_2
f 3011//2771 3059//2771 3060//2771 3012//2771
vn -0.4942 0.0869 0.8650
usemtl leaf_3
f 3012//2772 3060//2772 3061//2772 3013//2772
vn -0.4981 0.1131 0.8597
usemtl leaf_1
f 3013//2773 3061//2773 3062//2773 3014//2773
vn -0.2525 0.0896 0.9634
f 3014//2774 3062//2774 3063//2774 3015//2774
vn -0.3926 0.2225 0.8924
usemtl leaf_3
f 3015//2775 3063//2775 3064//2775 3016//2775
vn -0.6000 0.4917 0.6311
usemtl leaf_2
f 3016//2776 3064//2776 3065//2776 3017//2776
vn -0.6328 0.4335 0.6415
usemtl leaf_3
f 3017//2777 3065//2777 3066//2777 3018//2777
vn -0.7570 0.2888 0.5862
f 3018//2778 3066//2778 3067//2778 3019//2778
vn -0.8503 0.3290 0.4108
usemtl leaf_4
f 3019//2779 3067//2779 3068//2779 3020//2779
vn -0.9373 0.3461 -0.0404
usemtl leaf_3
f 3020//2780 3068//2780 3069//2780 3021//2780
vn -0.9652 0.2250 -0.1332
f 3021//2781 3069//2781 3070//2781 3022//2781
vn -0.9737 0.2139 0.0781
f 3022//2782 3070//2782 3071//2782 3023//2782
vn -0.9687 0.1048 -0.2249
usemtl leaf_2
f 3023//2783 3071//2783 3072//2783 3024//2783
vn -0.9924 0.0146 -0.1221
f 3024//2784 3072//2784 3073//2784 3025//2784
vn -0.8724 0.3286 -0.3618
usemtl leaf_1
f 3025//2785 3073//2785 3074//2785 3026//2785
vn -0.7645 0.4602 -0.4514
usemtl leaf_3
f 3026//2786 3074//2786 3075//2786 3027//2786
vn -0.6677 0.3145 -0.6748
usemtl leaf_2
f 3027//2787 3075//2787 3076//2787 3028//2787
vn -0.6813 0.2764 -0.6778
usemtl leaf_3
f 3028//2788 3076//2788 3077//2788 3029//2788
vn -0.6592 0.3412 -0.6701
usemtl leaf_2
f 3029//2789 3077//2789 3078//2789 3030//2789
vn -0.5966 0.2775 -0.7530
usemtl leaf_3
f 3030//2790 3078//2790 3031//2790 2983//2790
vn -0.1066 0.3856 -0.9165
usemtl leaf_2
f 3031//2791 3079//2791 3080//2791 3032//2791
vn -0.1294 0.5839 -0.8015
f 3032//2792 3080//2792 3081//2792 3033//2792
vn -0.1051 0.5697 -0.8151
f 3033//2793 3081//2793 3082//2793 3034//2793
vn 0.2635 0.3268 -0.9076
usemtl leaf_1
f 3034//2794 3082//2794 3083//2794 3035//2794
vn -0.0862 0.2594 -0.9619
f 3035//2795 3083//2795 3084//2795 3036//2795
vn 0.0539 0.1646 -0.9849
usemtl leaf_3
f 3036//2796 3084//2796 3085//2796 3037//2796
vn 0.2756 0.2635 -0.9244
usemtl leaf_2
f 3037//2797 3085//2797 3086//2797 3038//2797
vn 0.2533 0.5015 -0.8272
usemtl leaf_3
f 3038//2798 3086//2798 3087//2798 3039//2798
vn 0.6336 0.5646 -0.5289
usemtl leaf_2
f 3039//2799 3087//2799 3088//2799 3040//2799
vn 0.5207 0.5074 -0.6866
usemtl leaf_3
f 3040//2800 3088//2800 3089//2800 3041//2800
vn 0.8004 0.2199 -0.5577
f 3041//2801 3089//2801 3090//2801 3042//2801
vn 0.9220 0.1842 -0.3405
usemtl leaf_2
f 3042//2802 3090//2802 3091//2802 3043//2802
vn 0.8194 0.4959 -0.2876
usemtl leaf_1
f 3043//2803 3091//2803 3092//2803 3044//2803
vn 0.7976 0.5118 -0.3192
usemtl leaf_3
f 3044//2804 3092//2804 3093//2804 3045//2804
vn 0.9267 0.3706 -0.0617
usemtl leaf_2
f 3045//2805 3093//2805 3094//2805 3046//2805
vn 0.9377 0.3234 0.1270
f 3046//2806 3094//2806 3095//2806 3047//2806
vn 0.9902 0.1281 0.0555
usemtl leaf_1
f 3047//2807 3095//2807 3096//2807 3048//2807
vn 0.9419 0.1277 0.3106
usemtl leaf_2
f 3048//2808 3096//2808 3097//2808 3049//2808
vn 0.8353 0.2552 0.4870
usemtl leaf_1
f 3049//2809 3097//2809 3098//2809 3050//2809
vn 0.8917 0.2386 0.3846
usemtl leaf_3
f 3050//2810 3098//2810 3099//2810 3051//2810
vn 0.8602 0.2614 0.4379
f 3051//2811 3099//2811 3100//2811 3052//2811
vn 0.7729 0.3900 0.5006
f 3052//2812 3100//2812 3101//2812 3053//2812
vn 0.5055 0.5302 0.6807
f 3053//2813 3101//2813 3102//2813 3054//2813
vn 0.4199 0.4794 0.7706
f 3054//2814 3102//2814 3103//2814 3055//2814
vn 0.1326 0.4007 0.9066
usemtl leaf_2
f 3055//2815 3103//2815 3104//2815 3056//2815
vn 0.3176 0.4535 0.8328
usemtl leaf_3
f 3056//2816 3104//2816 3105//2816 3057//2816
vn 0.0378 0.3260 0.9446
usemtl leaf_1
f 3057//2817 3105//2817 3106//2817 3058//2817
vn 0.0034 0.1425 0.9898
f 3058//2818 3106//2818 3107//2818 3059//2818
vn -0.2243 0.3556 0.9073
usemtl leaf_2
f 3059//2819 3107//2819 3108//2819 3060//2819
vn -0.2474 0.3967 0.8840
f 3060//2820 3108//2820 3109//2820 3061//2820
vn -0.5125 0.1254 0.8495
usemtl leaf_1
f 3061//2821 3109//2821 3110//2821 3062//2821
vn -0.2159 0.1245 0.9684
usemtl leaf_2
f 3062//2822 3110//2822 3111//2822 3063//2822
vn -0.5940 0.2050 0.7779
f 3063//2823 3111//2823 3112//2823 3064//2823
vn -0.6958 0.2019 0.6892
f 3064//2824 3112//2824 3113//2824 3065//2824
vn -0.6407 0.2185 0.7360
f 3065//2825 3113//2825 3114//2825 3066//2825
vn -0.7702 0.3784 0.5135
usemtl leaf_3
f 3066//2826 3114//2826 3115//2826 3067//2826
vn -0.7826 0.6054 0.1449
usemtl leaf_2
f 3067//2827 3115//2827 3116//2827 3068//2827
vn -0.8173 0.5406 0.1994
f 3068//2828 3116//2828 3117//2828 3069//2828
vn -0.9672 0.2540 -0.0055
usemtl leaf_3
f 3069//2829 3117//2829 3118//2829 3070//2829
vn -0.9885 0.1236 0.0877
usemtl leaf_2
f 3070//2830 3118//2830 3119//2830 3071//2830
vn -0.9219 0.2706 -0.2771
f 3071//2831 3119//2831 3120//2831 3072//2831
vn -0.8059 0.5519 -0.2144
usemtl leaf_3
f 3072//2832 3120//2832 3121//2832 3073//2832
vn -0.8488 0.3981 -0.3479
usemtl leaf_2
f 3073//2833 3121//2833 3122//2833 3074//2833
vn -0.7408 0.3630 -0.5652
usemtl leaf_1
f 3074//2834 3122//2834 3123//2834 3075//2834
vn -0.6922 0.4866 -0.5330
f 3075//2835 3123//2835 3124//2835 3076//2835
vn -0.7437 0.3001 -0.5974
usemtl leaf_2
f 3076//2836 3124//2836 3125//2836 3077//2836
vn -0.7056 0.1152 -0.6992
f 3077//2837 3125//2837 3126//2837 3078//2837
vn -0.6035 0.1665 -0.7798
usemtl leaf_3
f 3078//2838 3126//2838 3079//2838 3031//2838
vn 0.1314 0.3737 -0.9182
usemtl leaf_2
f 3079//2839 3127//2839 3128//2839 3080//2839
vn -0.2024 0.4096 -0.8895
usemtl leaf_1
f 3080//2840 3128//2840 3129//2840 3081//2840
vn -0.0740 0.4173 -0.9057
usemtl leaf_2
f 3081//2841 3129//2841 3130//2841 3082//2841
vn -0.0864 0.3566 -0.9302
usemtl leaf_0
f 3082//2842 3130//2842 3131//2842 3083//2842
vn 0.0088 0.1832 -0.9830
usemtl leaf_1
f 3083//2843 3131//2843 3132//2843 3084//2843
vn 0.0389 0.3788 -0.9246
usemtl leaf_2
f 3084//2844 3132//2844 3133//2844 3085//2844
vn 0.3537 0.4092 -0.8411
f 3085//2845 3133//2845 3134//2845 3086//2845
vn 0.5052 0.5333 -0.6785
f 3086//2846 3134//2846 3135//2846 3087//2846
vn 0.5681 0.6903 -0.4481
f 3087//2847 3135//2847 3136//2847 3088//2847
vn 0.3545 0.6631 -0.6592
f 3088//2848 3136//2848 3137//2848 3089//2848
vn 0.4700 0.6627 -0.5830
usemtl leaf_3
f 3089//2849 3137//2849 3138//2849 3090//2849
vn 0.8154 0.5224 -0.2492
f 3090//2850 3138//2850 3139//2850 3091//2850
vn 0.9181 0.3373 -0.2082
usemtl leaf_1
f 3091//2851 3139//2851 3140//2851 3092//2851
vn 0.8390 0.4536 -0.3007
f 3092//2852 3140//2852 3141//2852 3093//2852
vn 0.8246 0.5497 -0.1337
usemtl leaf_3
f 3093//2853 3141//2853 3142//2853 3094//2853
vn 0.9029 0.4286 0.0341
usemtl leaf_1
f 3094//2854 3142//2854 3143//2854 3095//2854
vn 0.9396 0.2796 -0.1973
usemtl leaf_2
f 3095//2855 3143//2855 3144//2855 3096//2855
vn 0.8606 0.2149 0.4616
usemtl leaf_1
f 3096//2856 3144//2856 3145//2856 3097//2856
vn 0.8071 0.2816 0.5190
usemtl leaf_2
f 3097//2857 3145//2857 3146//2857 3098//2857
vn 0.7676 0.4530 0.4535
f 3098//2858 3146//2858 3147//2858 3099//2858
vn 0.5740 0.6885 0.4433
f 3099//2859 3147//2859 3148//2859 3100//2859
vn 0.5464 0.7555 0.3615
usemtl leaf_3
f 3100//2860 3148//2860 3149//2860 3101//2860
vn 0.5892 0.5954 0.5462
f 3101//2861 3149//2861 3150//2861 3102//2861
vn 0.4261 0.5114 0.7463
usemtl leaf_1
f 3102//2862 3150//2862 3151//2862 3103//2862
vn 0.0507 0.5675 0.8218
usemtl leaf_2
f 3103//2863 3151//2863 3152//2863 3104//2863
vn 0.3254 0.5571 0.7640
usemtl leaf_3
f 3104//2864 3152//2864 3153//2864 3105//2864
vn 0.2086 0.5025 0.8390
usemtl leaf_2
f 3105//2865 3153//2865 3154//2865 3106//2865
vn -0.0147 0.5299 0.8479
usemtl leaf_3
f 3106//2866 3154//2866 3155//2866 3107//2866
vn -0.2192 0.3291 0.9185
usemtl leaf_2
f 3107//2867 3155//2867 3156//2867 3108//2867
vn -0.2350 0.2578 0.9372
usemtl leaf_1
f 3108//2868 3156//2868 3157//2868 3109//2868
vn -0.4453 0.4498 0.7742
usemtl leaf_2
f 3109//2869 3157//2869 3158//2869 3110//2869
vn -0.1678 0.4055 0.8986
f 3110//2870 3158//2870 3159//2870 3111//2870
vn -0.6062 0.4454 0.6589
f 3111//2871 3159//2871 3160//2871 3112//2871
vn -0.5772 0.4530 0.6794
f 3112//2872 3160//2872 3161//2872 3113//2872
vn -0.6736 0.6270 0.3913
f 3113//2873 3161//2873 3162//2873 3114//2873
vn -0.5621 0.7125 0.4200
f 3114//2874 3162//2874 3163//2874 3115//2874
vn -0.8119 0.5834 -0.0199
f 3115//2875 3163//2875 3164//2875 3116//2875
vn -0.6769 0.6050 0.4193
f 3116//2876 3164//2876 3165//2876 3117//2876
vn -0.8516 0.4860 0.1966
usemtl leaf_3
f 3117//2877 3165//2877 3166//2877 3118//2877
vn -0.9130 0.3892 0.1218
usemtl leaf_2
f 3118//2878 3166//2878 3167//2878 3119//2878
vn -0.9274 0.2307 -0.2943
usemtl leaf_3
f 3119//2879 3167//2879 3168//2879 3120//2879
vn -0.9417 0.0542 -0.3319
usemtl leaf_1
f 3120//2880 3168//2880 3169//2880 3121//2880
vn -0.8974 0.2678 -0.3506
usemtl leaf_3
f 3121//2881 3169//2881 3170//2881 3122//2881
vn -0.5273 0.4711 -0.7071
usemtl leaf_2
f 3122//2882 3170//2882 3171//2882 3123//2882
vn -0.8059 0.4359 -0.4007
usemtl leaf_1
f 3123//2883 3171//2883 3172//2883 3124//2883
vn -0.7522 0.4098 -0.5159
usemtl leaf_2
f 3124//2884 3172//2884 3173//2884 3125//2884
vn -0.6169 0.5399 -0.5727
f 3125//2885 3173//2885 3174//2885 3126//2885
vn -0.6032 0.4505 -0.6582
usemtl leaf_3
f 3126//2886 3174//2886 3127//2886 3079//2886
vn 0.1987 0.5084 -0.8379
usemtl leaf_2
f 3127//2887 3175//2887 3176//2887 3128//2887
vn -0.1487 0.6177 -0.7722
usemtl leaf_1
f 3128//2888 3176//2888 3177//2888 3129//2888
vn -0.1756 0.5376 -0.8247
f 3129//2889 3177//2889 3178//2889 3130//2889
vn -0.2438 0.3611 -0.9001
f 3130//2890 3178//2890 3179//2890 3131//2890
vn -0.0944 0.3251 -0.9410
f 3131//2891 3179//2891 3180//2891 3132//2891
vn 0.2507 0.2425 -0.9372
usemtl leaf_3
f 3132//2892 3180//2892 3181//2892 3133//2892
vn 0.4767 0.5239 -0.7059
usemtl leaf_2
f 3133//2893 3181//2893 3182//2893 3134//2893
vn 0.5422 0.5776 -0.6103
usemtl leaf_1
f 3134//2894 3182//2894 3183//2894 3135//2894
vn 0.6174 0.3316 -0.7133
f 3135//2895 3183//2895 3184//2895 3136//2895
vn 0.6552 0.4839 -0.5802
usemtl leaf_2
f 3136//2896 3184//2896 3185//2896 3137//2896
vn 0.4203 0.6491 -0.6340
f 3137//2897 3185//2897 3186//2897 3138//2897
vn 0.6797 0.6022 -0.4188
f 3138//2898 3186//2898 3187//2898 3139//2898
vn 0.8046 0.5590 -0.2001
usemtl leaf_1
f 3139//2899 3187//2899 3188//2899 3140//2899
vn 0.7313 0.6737 0.1065
f 3140//2900 3188//2900 3189//2900 3141//2900
vn 0.6327 0.6922 -0.3472
usemtl leaf_0
f 3141//2901 3189//2901 3190//2901 3142//2901
vn 0.8586 0.4808 -0.1779
usemtl leaf_2
f 3142//2902 3190//2902 3191//2902 3143//2902
vn 0.8590 0.4829 -0.1701
f 3143//2903 3191//2903 3192//2903 3144//2903
vn 0.7412 0.5576 0.3736
f 3144//2904 3192//2904 3193//2904 3145//2904
vn 0.8022 0.3782 0.4621
usemtl leaf_1
f 3145//2905 3193//2905 3194//2905 3146//2905
vn 0.7485 0.2812 0.6005
f 3146//2906 3194//2906 3195//2906 3147//2906
vn 0.6005 0.3204 0.7327
usemtl leaf_2
f 3147//2907 3195//2907 3196//2907 3148//2907
vn 0.7976 0.3414 0.4973
usemtl leaf_1
f 3148//2908 3196//2908 3197//2908 3149//2908
vn 0.6237 0.5031 0.5983
f 3149//2909 3197//2909 3198//2909 3150//2909
vn 0.2455 0.6909 0.6800
usemtl leaf_2
f 3150//2910 3198//2910 3199//2910 3151//2910
vn 0.2484 0.5501 0.7973
usemtl leaf_1
f 3151//2911 3199//2911 3200//2911 3152//2911
vn 0.0850 0.5960 0.7985
f 3152//2912 3200//2912 3201//2912 3153//2912
vn 0.3643 0.6706 0.6462
f 3153//2913 3201//2913 3202//2913 3154//2913
vn -0.0068 0.5346 0.8451
f 3154//2914 3202//2914 3203//2914 3155//2914
vn 0.1067 0.4415 0.8909
usemtl leaf_3
f 3155//2915 3203//2915 3204//2915 3156//2915
vn -0.3150 0.3269 0.8910
usemtl leaf_2
f 3156//2916 3204//2916 3205//2916 3157//2916
vn -0.4517 0.1944 0.8708
usemtl leaf_1
f 3157//2917 3205//2917 3206//2917 3158//2917
vn -0.4338 0.4577 0.7761
usemtl leaf_2
f 3158//2918 3206//2918 3207//2918 3159//2918
vn -0.4987 0.6678 0.5526
f 3159//2919 3207//2919 3208//2919 3160//2919
vn -0.4981 0.6748 0.5446
f 3160//2920 3208//2920 3209//2920 3161//2920
vn -0.7299 0.6608 0.1751
usemtl leaf_1
f 3161//2921 3209//2921 3210//2921 3162//2921
vn -0.5262 0.6580 0.5387
usemtl leaf_2
f 3162//2922 3210//2922 3211//2922 3163//2922
vn -0.7989 0.6000 0.0431
usemtl leaf_1
f 3163//2923 3211//2923 3212//2923 3164//2923
vn -0.7070 0.6269 0.3273
f 3164//2924 3212//2924 3213//2924 3165//2924
vn -0.6737 0.5595 0.4828
f 3165//2925 3213//2925 3214//2925 3166//2925
vn -0.7982 0.5981 -0.0722
f 3166//2926 3214//2926 3215//2926 3167//2926
vn -0.8081 0.5803 0.1008
usemtl leaf_2
f 3167//2927 3215//2927 3216//2927 3168//2927
vn -0.8030 0.4837 -0.3482
f 3168//2928 3216//2928 3217//2928 3169//2928
vn -0.5429 0.5765 -0.6107
usemtl leaf_1
f 3169//2929 3217//2929 3218//2929 3170//2929
vn -0.4686 0.6181 -0.6311
usemtl leaf_0
f 3170//2930 3218//2930 3219//2930 3171//2930
vn -0.7831 0.5649 -0.2600
usemtl leaf_2
f 3171//2931 3219//2931 3220//2931 3172//2931
vn -0.6365 0.5975 -0.4877
usemtl leaf_1
f 3172//2932 3220//2932 3221//2932 3173//2932
vn -0.5673 0.5796 -0.5850
f 3173//2933 3221//2933 3222//2933 3174//2933
vn -0.6301 0.6013 -0.4913
usemtl leaf_3
f 3174//2934 3222//2934 3175//2934 3127//2934
vn 0.1434 0.7302 -0.6681
usemtl leaf_0
f 3175//2935 3223//2935 3224//2935 3176//2935
vn 0.0042 0.7086 -0.7056
f 3176//2936 3224//2936 3225//2936 3177//2936
vn -0.4377 0.6427 -0.6288
f 3177//2937 3225//2937 3226//2937 3178//2937
vn -0.3823 0.5081 -0.7718
f 3178//2938 3226//2938 3227//2938 3179//2938
vn -0.1734 0.4355 -0.8833
f 3179//2939 3227//2939 3228//2939 3180//2939
vn 0.3431 0.5983 -0.7241
usemtl leaf_1
f 3180//2940 3228//2940 3229//2940 3181//2940
vn 0.5677 0.4773 -0.6708
usemtl leaf_0
f 3181//2941 3229//2941 3230//2941 3182//2941
vn 0.6236 0.5513 -0.5542
f 3182//2942 3230//2942 3231//2942 3183//2942
vn 0.4065 0.8513 -0.3318
f 3183//2943 3231//2943 3232//2943 3184//2943
vn 0.4741 0.7920 -0.3848
f 3184//2944 3232//2944 3233//2944 3185//2944
vn 0.4609 0.7336 -0.4995
f 3185//2945 3233//2945 3234//2945 3186//2945
vn 0.4212 0.7248 -0.5452
f 3186//2946 3234//2946 3235//2946 3187//2946
vn 0.7069 0.7069 0.0220
f 3187//2947 3235//2947 3236//2947 3188//2947
vn 0.7535 0.6519 0.0853
f 3188//2948 3236//2948 3237//2948 3189//2948
vn 0.6676 0.6925 -0.2734
f 3189//2949 3237//2949 3238//2949 3190//2949
vn 0.5117 0.7734 -0.3741
f 3190//2950 3238//2950 3239//2950 3191//2950
vn 0.6451 0.7533 -0.1283
f 3191//2951 3239//2951 3240//2951 3192//2951
vn 0.7564 0.6367 0.1499
f 3192//2952 3240//2952 3241//2952 3193//2952
vn 0.7489 0.5721 0.3345
usemtl leaf_1
f 3193//2953 3241//2953 3242//2953 3194//2953
vn 0.4341 0.6554 0.6181
usemtl leaf_0
f 3194//2954 3242//2954 3243//2954 3195//2954
vn 0.3848 0.7195 0.5781
f 3195//2955 3243//2955 3244//2955 3196//2955
vn 0.5689 0.7474 0.3433
f 3196//2956 3244//2956 3245//2956 3197//2956
vn 0.4130 0.7552 0.5090
f 3197//2957 3245//2957 3246//2957 3198//2957
vn 0.1523 0.6952 0.7025
f 3198//2958 3246//2958 3247//2958 3199//2958
vn 0.3612 0.7592 0.5415
f 3199//2959 3247//2959 3248//2959 3200//2959
vn -0.1817 0.6949 0.6957
f 3200//2960 3248//2960 3249//2960 3201//2960
vn 0.3978 0.7373 0.5461
f 3201//2961 3249//2961 3250//2961 3202//2961
vn 0.3146 0.6781 0.6643
f 3202//2962 3250//2962 3251//2962 3203//2962
vn 0.0229 0.6511 0.7587
usemtl leaf_1
f 3203//2963 3251//2963 3252//2963 3204//2963
vn -0.1428 0.7705 0.6212
usemtl leaf_0
f 3204//2964 3252//2964 3253//2964 3205//2964
vn -0.2714 0.7766 0.5685
f 3205//2965 3253//2965 3254//2965 3206//2965
vn -0.4809 0.5656 0.6700
f 3206//2966 3254//2966 3255//2966 3207//2966
vn -0.6792 0.5257 0.5122
f 3207//2967 3255//2967 3256//2967 3208//2967
vn -0.5285 0.6812 0.5065
f 3208//2968 3256//2968 3257//2968 3209//2968
vn -0.7463 0.6317 0.2096
f 3209//2969 3257//2969 3258//2969 3210//2969
vn -0.5393 0.7812 0.3144
f 3210//2970 3258//2970 3259//2970 3211//2970
vn -0.5483 0.8279 0.1181
f 3211//2971 3259//2971 3260//2971 3212//2971
vn -0.6501 0.5670 0.5058
f 3212//2972 3260//2972 3261//2972 3213//2972
vn -0.7288 0.5131 0.4534
f 3213//2973 3261//2973 3262//2973 3214//2973
vn -0.7926 0.6057 -0.0697
f 3214//2974 3262//2974 3263//2974 3215//2974
vn -0.7398 0.6723 0.0256
f 3215//2975 3263//2975 3264//2975 3216//2975
vn -0.6534 0.7391 -0.1638
f 3216//2976 3264//2976 3265//2976 3217//2976
vn -0.4348 0.5420 -0.7192
f 3217//2977 3265//2977 3266//2977 3218//2977
vn -0.7411 0.4762 -0.4732
f 3218//2978 3266//2978 3267//2978 3219//2978
vn -0.6874 0.5222 -0.5047
f 3219//2979 3267//2979 3268//2979 3220//2979
vn -0.5877 0.6927 -0.4182
f 3220//2980 3268//2980 3269//2980 3221//2980
vn -0.5577 0.6755 -0.4824
f 3221//2981 3269//2981 3270//2981 3222//2981
vn -0.4256 0.7454 -0.5131
f 3222//2982 3270//2982 3223//2982 3175//2982
vn -0.0881 0.6955 -0.7131
f 3223//2983 3271//2983 3272//2983 3224//2983
vn -0.0867 0.5788 -0.8108
f 3224//2984 3272//2984 3273//2984 3225//2984
vn -0.5319 0.4699 -0.7045
f 3225//2985 3273//2985 3274//2985 3226//2985
vn -0.4343 0.5363 -0.7237
f 3226//2986 3274//2986 3275//2986 3227//2986
vn 0.0708 0.8423 -0.5344
f 3227//2987 3275//2987 3276//2987 3228//2987
vn 0.1747 0.8317 -0.5269
usemtl leaf_1
f 3228//2988 3276//2988 3277//2988 3229//2988
vn 0.3830 0.7719 -0.5075
usemtl leaf_0
f 3229//2989 3277//2989 3278//2989 3230//2989
vn 0.7069 0.6707 -0.2245
f 3230//2990 3278//2990 3279//2990 3231//2990
vn 0.6356 0.6629 -0.3957
f 3231//2991 3279//2991 3280//2991 3232//2991
vn 0.3546 0.6766 -0.6453
f 3232//2992 3280//2992 3281//2992 3233//2992
vn 0.6090 0.7472 -0.2660
f 3233//2993 3281//2993 3282//2993 3234//2993
vn 0.2501 0.7152 -0.6526
f 3234//2994 3282//2994 3283//2994 3235//2994
vn 0.7710 0.6282 -0.1047
f 3235//2995 3283//2995 3284//2995 3236//2995
vn 0.8519 0.5162 -0.0882
f 3236//2996 3284//2996 3285//2996 3237//2996
vn 0.8589 0.4920 -0.1421
f 3237//2997 3285//2997 3286//2997 3238//2997
vn 0.7796 0.6062 -0.1571
f 3238//2998 3286//2998 3287//2998 3239//2998
vn 0.5850 0.7817 -0.2160
f 3239//2999 3287//2999 3288//2999 3240//2999
vn 0.5649 0.8239 -0.0459
f 3240//3000 3288//3000 3289//3000 3241//3000
vn 0.6530 0.7467 0.1267
f 3241//3001 3289//3001 3290//3001 3242//3001
vn 0.4127 0.5504 0.7258
usemtl leaf_1
f 3242//3002 3290//3002 3291//3002 3243//3002
vn 0.5814 0.5369 0.6113
usemtl leaf_0
f 3243//3003 3291//3003 3292//3003 3244//3003
vn 0.2810 0.6893 0.6677
f 3244//3004 3292//3004 3293//3004 3245//3004
vn 0.3109 0.8991 0.3080
f 3245//3005 3293//3005 3294//3005 3246//3005
vn 0.1408 0.8649 0.4818
f 3246//3006 3294//3006 3295//3006 3247//3006
vn 0.2762 0.8101 0.5171
f 3247//3007 3295//3007 3296//3007 3248//3007
vn 0.2162 0.6479 0.7304
f 3248//3008 3296//3008 3297//3008 3249//3008
vn 0.1162 0.5647 0.8171
f 3249//3009 3297//3009 3298//3009 3250//3009
vn 0.5516 0.5743 0.6049
f 3250//3010 3298//3010 3299//3010 3251//3010
vn -0.1919 0.7155 0.6718
f 3251//3011 3299//3011 3300//3011 3252//3011
vn 0.0034 0.6127 0.7903
usemtl leaf_1
f 3252//3012 3300//3012 3301//3012 3253//3012
vn -0.3570 0.5026 0.7874
usemtl leaf_0
f 3253//3013 3301//3013 3302//3013 3254//3013
vn -0.4040 0.6941 0.5958
f 3254//3014 3302//3014 3303//3014 3255//3014
vn -0.6404 0.6917 0.3340
f 3255//3015 3303//3015 3304//3015 3256//3015
vn -0.6296 0.7381 0.2425
f 3256//3016 3304//3016 3305//3016 3257//3016
vn -0.5269 0.8498 -0.0136
f 3257//3017 3305//3017 3306//3017 3258//3017
vn -0.4904 0.8076 0.3275
f 3258//3018 3306//3018 3307//3018 3259//3018
vn -0.6887 0.6321 0.3552
f 3259//3019 3307//3019 3308//3019 3260//3019
vn -0.4862 0.6178 0.6180
f 3260//3020 3308//3020 3309//3020 3261//3020
vn -0.5358 0.8294 0.1585
f 3261//3021 3309//3021 3310//3021 3262//3021
vn -0.5236 0.8428 0.1247
f 3262//3022 3310//3022 3311//3022 3263//3022
vn -0.7199 0.6934 0.0325
f 3263//3023 3311//3023 3312//3023 3264//3023
vn -0.7831 0.6060 -0.1397
f 3264//3024 3312//3024 3313//3024 3265//3024
vn -0.5454 0.5277 -0.6512
usemtl leaf_1
f 3265//3025 3313//3025 3314//3025 3266//3025
vn -0.7972 0.5001 -0.3381
usemtl leaf_0
f 3266//3026 3314//3026 3315//3026 3267//3026
vn -0.3406 0.5776 -0.7419
f 3267//3027 3315//3027 3316//3027 3268//3027
vn -0.5866 0.7015 -0.4048
f 3268//3028 3316//3028 3317//3028 3269//3028
vn -0.4059 0.7881 -0.4627
f 3269//3029 3317//3029 3318//3029 3270//3029
vn -0.2913 0.8363 -0.4645
f 3270//3030 3318//3030 3271//3030 3223//3030
vn -0.4614 0.8110 -0.3597
f 3271//3031 3319//3031 3320//3031 3272//3031
vn -0.1826 0.6739 -0.7159
f 3272//3032 3320//3032 3321//3032 3273//3032
vn -0.4952 0.6554 -0.5703
f 3273//3033 3321//3033 3322//3033 3274//3033
vn -0.0918 0.9178 -0.3864
f 3274//3034 3322//3034 3323//3034 3275//3034
vn 0.1715 0.9266 -0.3346
f 3275//3035 3323//3035 3324//3035 3276//3035
vn -0.0184 0.9290 -0.3697
f 3276//3036 3324//3036 3325//3036 3277//3036
vn 0.2777 0.9092 -0.3103
f 3277//3037 3325//3037 3326//3037 3278//3037
vn 0.5540 0.7263 -0.4070
f 3278//3038 3326//3038 3327//3038 3279//3038
vn 0.5960 0.5806 -0.5547
f 3279//3039 3327//3039 3328//3039 3280//3039
vn 0.6018 0.6779 -0.4223
f 3280//3040 3328//3040 3329//3040 3281//3040
vn 0.5953 0.7718 -0.2234
f 3281//3041 3329//3041 3330//3041 3282//3041
vn 0.2921 0.8193 -0.4934
f 3282//3042 3330//3042 3331//3042 3283//3042
vn 0.2973 0.9095 -0.2907
f 3283//3043 3331//3043 3332//3043 3284//3043
vn 0.5249 0.8506 -0.0314
f 3284//3044 3332//3044 3333//3044 3285//3044
vn 0.5511 0.8055 -0.2176
f 3285//3045 3333//3045 3334//3045 3286//3045
vn 0.5701 0.8048 0.1651
f 3286//3046 3334//3046 3335//3046 3287//3046
vn 0.6139 0.7588 -0.2177
f 3287//3047 3335//3047 3336//3047 3288//3047
vn 0.5260 0.8479 0.0663
f 3288//3048 3336//3048 3337//3048 3289//3048
vn 0.3935 0.9172 -0.0622
f 3289//3049 3337//3049 3338//3049 3290//3049
vn 0.2767 0.8885 0.3661
f 3290//3050 3338//3050 3339//3050 3291//3050
vn 0.3731 0.7941 0.4797
f 3291//3051 3339//3051 3340//3051 3292//3051
vn -0.0377 0.6615 0.7490
f 3292//3052 3340//3052 3341//3052 3293//3052
vn 0.3337 0.7829 0.5251
f 3293//3053 3341//3053 3342//3053 3294//3053
vn 0.2846 0.8195 0.4975
f 3294//3054 3342//3054 3343//3054 3295//3054
vn 0.2756 0.8289 0.4868
f 3295//3055 3343//3055 3344//3055 3296//3055
vn 0.4106 0.8215 0.3956
f 3296//3056 3344//3056 3345//3056 3297//3056
vn 0.2263 0.7535 0.6173
f 3297//3057 3345//3057 3346//3057 3298//3057
vn 0.3479 0.7161 0.6051
f 3298//3058 3346//3058 3347//3058 3299//3058
vn -0.1034 0.8638 0.4931
f 3299//3059 3347//3059 3348//3059 3300//3059
vn 0.1073 0.8911 0.4410
f 3300//3060 3348//3060 3349//3060 3301//3060
vn -0.1077 0.9685 0.2244
usemtl leaf_1
f 3301//3061 3349//3061 3350//3061 3302//3061
vn -0.3764 0.8816 0.2847
usemtl leaf_0
f 3302//3062 3350//3062 3351//3062 3303//3062
vn -0.4406 0.8087 0.3896
f 3303//3063 3351//3063 3352//3063 3304//3063
vn -0.7382 0.6733 -0.0409
f 3304//3064 3352//3064 3353//3064 3305//3064
vn -0.6824 0.6812 0.2653
f 3305//3065 3353//3065 3354//3065 3306//3065
vn -0.5366 0.6252 0.5667
f 3306//3066 3354//3066 3355//3066 3307//3066
vn -0.5855 0.7952 0.1578
f 3307//3067 3355//3067 3356//3067 3308//3067
vn -0.3399 0.7696 0.5406
f 3308//3068 3356//3068 3357//3068 3309//3068
vn -0.5420 0.8396 0.0364
f 3309//3069 3357//3069 3358//3069 3310//3069
vn -0.5318 0.8128 0.2376
f 3310//3070 3358//3070 3359//3070 3311//3070
vn -0.4525 0.8749 0.1725
f 3311//3071 3359//3071 3360//3071 3312//3071
vn -0.2789 0.9530 -0.1183
f 3312//3072 3360//3072 3361//3072 3313//3072
vn -0.3507 0.8984 -0.2643
f 3313//3073 3361//3073 3362//3073 3314//3073
vn -0.4327 0.8630 -0.2606
f 3314//3074 3362//3074 3363//3074 3315//3074
vn -0.1676 0.7403 -0.6511
f 3315//3075 3363//3075 3364//3075 3316//3075
vn -0.5981 0.7124 -0.3672
f 3316//3076 3364//3076 3365//3076 3317//3076
vn -0.2468 0.7268 -0.6410
f 3317//3077 3365//3077 3366//3077 3318//3077
vn -0.1171 0.8495 -0.5144
f 3318//3078 3366//3078 3319//3078 3271//3078
vn -0.4127 0.9089 -0.0596
f 3319//3079 3367//3079 3368//3079 3320//3079
vn -0.0788 0.9967 -0.0208
f 3320//3080 3368//3080 3369//3080 3321//3080
vn 0.0000 1.0000 0.0000
f 3321//3081 3369//3081 3370//3081 3322//3081
vn 0.0000 1.0000 0.0000
usemtl leaf_1
f 3322//3082 3370//3082 3371//3082 3323//3082
vn 0.0000 1.0000 -0.0000
usemtl leaf_0
f 3323//3083 3371//3083 3372//3083 3324//3083
vn 0.0000 1.0000 0.0000
f 3324//3084 3372//3084 3373//3084 3325//3084
vn 0.0000 1.0000 0.0000
f 3325//3085 3373//3085 3374//3085 3326//3085
vn 0.0000 1.0000 0.0000
f 3326//3086 3374//3086 3375//3086 3327//3086
vn 0.0000 1.0000 0.0000
f 3327//3087 3375//3087 3376//3087 3328//3087
vn 0.2789 0.9557 0.0944
f 3328//3088 3376//3088 3377//3088 3329//3088
vn 0.2365 0.9605 -0.1466
f 3329//3089 3377//3089 3378//3089 3330//3089
vn 0.2694 0.9527 -0.1409
f 3330//3090 3378//3090 3379//3090 3331//3090
vn 0.1582 0.9512 -0.2650
f 3331//3091 3379//3091 3380//3091 3332//3091
vn 0.1685 0.9837 -0.0624
f 3332//3092 3380//3092 3381//3092 3333//3092
vn 0.1110 0.9901 -0.0857
f 3333//3093 3381//3093 3382//3093 3334//3093
vn 0.1238 0.9877 0.0960
f 3334//3094 3382//3094 3383//3094 3335//3094
vn 0.1002 0.9856 -0.1362
f 3335//3095 3383//3095 3384//3095 3336//3095
vn 0.0038 0.9999 0.0137
f 3336//3096 3384//3096 3385//3096 3337//3096
vn 0.0120 0.9999 -0.0092
f 3337//3097 3385//3097 3386//3097 3338//3097
vn 0.0000 1.0000 -0.0000
f 3338//3098 3386//3098 3387//3098 3339//3098
vn 0.0000 1.0000 0.0000
f 3339//3099 3387//3099 3388//3099 3340//3099
vn -0.0849 0.9210 0.3803
f 3340//3100 3388//3100 3389//3100 3341//3100
vn 0.1426 0.9004 0.4111
f 3341//3101 3389//3101 3390//3101 3342//3101
vn -0.0432 0.9244 0.3790
f 3342//3102 3390//3102 3391//3102 3343//3102
vn 0.3777 0.9084 0.1794
f 3343//3103 3391//3103 3392//3103 3344//3103
vn 0.2237 0.9211 0.3186
f 3344//3104 3392//3104 3393//3104 3345//3104
vn 0.2661 0.9577 0.1098
f 3345//3105 3393//3105 3394//3105 3346//3105
vn 0.0000 1.0000 0.0000
f 3346//3106 3394//3106 3395//3106 3347//3106
vn 0.0000 1.0000 0.0000
f 3347//3107 3395//3107 3396//3107 3348//3107
vn 0.0000 1.0000 0.0000
f 3348//3108 3396//3108 3397//3108 3349//3108
vn 0.0000 1.0000 0.0000
f 3349//3109 3397//3109 3398//3109 3350//3109
vn 0.0000 1.0000 0.0000
f 3350//3110 3398//3110 3399//3110 3351//3110
vn 0.0000 1.0000 -0.0000
f 3351//3111 3399//3111 3400//3111 3352//3111
vn -0.3478 0.9297 -0.1208
f 3352//3112 3400//3112 3401//3112 3353//3112
vn -0.2594 0.9384 0.2282
f 3353//3113 3401//3113 3402//3113 3354//3113
vn -0.2257 0.9533 0.2005
f 3354//3114 3402//3114 3403//3114 3355//3114
vn -0.3916 0.9196 -0.0309
f 3355//3115 3403//3115 3404//3115 3356//3115
vn -0.1775 0.8965 0.4060
f 3356//3116 3404//3116 3405//3116 3357//3116
vn -0.1430 0.9893 -0.0287
f 3357//3117 3405//3117 3406//3117 3358//3117
vn -0.0852 0.9868 0.1377
f 3358//3118 3406//3118 3407//3118 3359//3118
vn 0.0000 1.0000 -0.0000
f 3359//3119 3407//3119 3408//3119 3360//3119
vn 0.0000 1.0000 0.0000
f 3360//3120 3408//3120 3409//3120 3361//3120
vn 0.0000 1.0000 0.0000
f 3361//3121 3409//3121 3410//3121 3362//3121
vn 0.0000 1.0000 -0.0000
f 3362//3122 3410//3122 3411//3122 3363//3122
vn 0.0128 0.9875 -0.1571
f 3363//3123 3411//3123 3412//3123 3364//3123
vn -0.1341 0.9909 0.0139
f 3364//3124 3412//3124 3413//3124 3365//3124
vn 0.0646 0.9820 -0.1774
f 3365//3125 3413//3125 3414//3125 3366//3125
vn 0.1010 0.9215 -0.3750
f 3366//3126 3414//3126 3367//3126 3319//3126
vn -0.0413 0.9991 0.0002
f 3367//3127 3415//3127 3416//3127 3368//3127
vn 0.0000 1.0000 0.0000
f 3368//3128 3416//3128 3417//3128 3369//3128
vn 0.0000 1.0000 0.0000
f 3369//3129 3417//3129 3418//3129 3370//3129
vn 0.0000 1.0000 0.0000
f 3370//3130 3418//3130 3419//3130 3371//3130
vn 0.0000 1.0000 0.0000
f 3371//3131 3419//3131 3420//3131 3372//3131
vn 0.0000 1.0000 0.0000
f 3372//3132 3420//3132 3421//3132 3373//3132
vn 0.0000 1.0000 0.0000
f 3373//3133 3421//3133 3422//3133 3374//3133
vn 0.0000 1.0000 0.0000
f 3374//3134 3422//3134 3423//3134 3375//3134
vn 0.0000 1.0000 0.0000
f 3375//3135 3423//3135 3424//3135 3376//3135
vn 0.0000 1.0000 -0.0000
f 3376//3136 3424//3136 3425//3136 3377//3136
vn 0.0000 1.0000 0.0000
f 3377//3137 3425//3137 3426//3137 3378//3137
vn 0.0000 1.0000 0.0000
f 3378//3138 3426//3138 3427//3138 3379//3138
vn 0.0000 1.0000 0.0000
f 3379//3139 3427//3139 3428//3139 3380//3139
vn 0.0000 1.0000 -0.0000
f 3380//3140 3428//3140 3429//3140 3381//3140
vn 0.0000 1.0000 0.0000
f 3381//3141 3429//3141 3430//3141 3382//3141
vn 0.0000 1.0000 -0.0000
f 3382//3142 3430//3142 3431//3142 3383//3142
vn 0.0000 1.0000 -0.0000
f 3383//3143 3431//3143 3432//3143 3384//3143
vn 0.0000 1.0000 0.0000
f 3384//3144 3432//3144 3433//3144 3385//3144
vn 0.0000 1.0000 0.0000
f 3385//3145 3433//3145 3434//3145 3386//3145
vn 0.0000 1.0000 -0.0000
f 3386//3146 3434//3146 3435//3146 3387//3146
vn 0.0000 1.0000 0.0000
f 3387//3147 3435//3147 3436//3147 3388//3147
vn 0.0000 1.0000 0.0000
f 3388//3148 3436//3148 3437//3148 3389//3148
vn -0.0065 0.9999 0.0114
f 3389//3149 3437//3149 3438//3149 3390//3149
vn -0.1189 0.9703 0.2106
f 3390//3150 3438//3150 3439//3150 3391//3150
vn 0.2407 0.9705 0.0138
f 3391//3151 3439//3151 3440//3151 3392//3151
vn 0.0000 1.0000 0.0000
f 3392//3152 3440//3152 3441//3152 3393//3152
vn 0.0000 1.0000 0.0000
f 3393//3153 3441//3153 3442//3153 3394//3153
vn 0.0000 1.0000 0.0000
f 3394//3154 3442//3154 3443//3154 3395//3154
vn 0.0000 1.0000 0.0000
f 3395//3155 3443//3155 3444//3155 3396//3155
vn 0.0000 1.0000 0.0000
f 3396//3156 3444//3156 3445//3156 3397//3156
vn 0.0000 1.0000 0.0000
f 3397//3157 3445//3157 3446//3157 3398//3157
vn 0.0000 1.0000 0.0000
f 3398//3158 3446//3158 3447//3158 3399//3158
vn 0.0000 1.0000 0.0000
f 3399//3159 3447//3159 3448//3159 3400//3159
vn 0.0000 1.0000 -0.0000
f 3400//3160 3448//3160 3449//3160 3401//3160
vn 0.0000 1.0000 0.0000
f 3401//3161 3449//3161 3450//3161 3402//3161
vn 0.0000 1.0000 0.0000
f 3402//3162 3450//3162 3451//3162 3403//3162
vn 0.0000 1.0000 0.0000
f 3403//3163 3451//3163 3452//3163 3404//3163
vn 0.0000 1.0000 -0.0000
f 3404//3164 3452//3164 3453//3164 3405//3164
vn 0.0000 1.0000 0.0000
f 3405//3165 3453//3165 3454//3165 3406//3165
vn 0.0000 1.0000 -0.0000
f 3406//3166 3454//3166 3455//3166 3407//3166
vn 0.0000 1.0000 0.0000
f 3407//3167 3455//3167 3456//3167 3408//3167
vn 0.0000 1.0000 -0.0000
f 3408//3168 3456//3168 3457//3168 3409//3168
vn 0.0000 1.0000 0.0000
f 3409//3169 3457//3169 3458//3169 3410//3169
vn 0.0000 1.0000 0.0000
f 3410//3170 3458//3170 3459//3170 3411//3170
vn 0.0000 1.0000 0.0000
f 3411//3171 3459//3171 3460//3171 3412//3171
vn 0.0000 1.0000 0.0000
f 3412//3172 3460//3172 3461//3172 3413//3172
vn 0.0000 1.0000 -0.0000
f 3413//3173 3461//3173 3462//3173 3414//3173
vn 0.0245 0.9992 -0.0320
f 3414//3174 3462//3174 3415//3174 3367//3174
vn 0.0000 1.0000 0.0000
f 3415//3175 3463//3175 3464//3175 3416//3175
vn 0.0000 1.0000 0.0000
f 3416//3176 3464//3176 3465//3176 3417//3176
vn 0.0000 1.0000 0.0000
usemtl leaf_1
f 3417//3177 3465//3177 3466//3177 3418//3177
vn 0.0000 1.0000 -0.0000
usemtl leaf_0
f 3418//3178 3466//3178 3467//3178 3419//3178
vn 0.0000 1.0000 0.0000
f 3419//3179 3467//3179 3468//3179 3420//3179
vn 0.0000 1.0000 0.0000
f 3420//3180 3468//3180 3469//3180 3421//3180
vn 0.0000 1.0000 0.0000
f 3421//3181 3469//3181 3470//3181 3422//3181
vn 0.0000 1.0000 0.0000
f 3422//3182 3470//3182 3471//3182 3423//3182
vn 0.0000 1.0000 0.0000
f 3423//3183 3471//3183 3472//3183 3424//3183
vn 0.0000 1.0000 -0.0000
f 3424//3184 3472//3184 3473//3184 3425//3184
vn 0.0000 1.0000 0.0000
f 3425//3185 3473//3185 3474//3185 3426//3185
vn 0.0000 1.0000 0.0000
f 3426//3186 3474//3186 3475//3186 3427//3186
vn 0.0000 1.0000 -0.0000
f 3427//3187 3475//3187 3476//3187 3428//3187
vn 0.0000 1.0000 -0.0000
f 3428//3188 3476//3188 3477//3188 3429//3188
vn 0.0000 1.0000 0.0000
f 3429//3189 3477//3189 3478//3189 3430//3189
vn 0.0000 1.0000 0.0000
f 3430//3190 3478//3190 3479//3190 3431//3190
vn 0.0000 1.0000 0.0000
f 3431//3191 3479//3191 3480//3191 3432//3191
vn 0.0000 1.0000 0.0000
f 3432//3192 3480//3192 3481//3192 3433//3192
vn 0.0000 1.0000 -0.0000
f 3433//3193 3481//3193 3482//3193 3434//3193
vn 0.0000 1.0000 0.0000
f 3434//3194 3482//3194 3483//3194 3435//3194
vn 0.0000 1.0000 0.0000
f 3435//3195 3483//3195 3484//3195 3436//3195
vn 0.0000 1.0000 -0.0000
f 3436//3196 3484//3196 3485//3196 3437//3196
vn 0.0000 1.0000 0.0000
f 3437//3197 3485//3197 3486//3197 3438//3197
vn 0.0000 1.0000 -0.0000
f 3438//3198 3486//3198 3487//3198 3439//3198
vn 0.0000 1.0000 0.0000
f 3439//3199 3487//3199 3488//3199 3440//3199
vn 0.0000 1.0000 -0.0000
f 3440//3200 3488//3200 3489//3200 3441//3200
vn 0.0000 1.0000 0.0000
f 3441//3201 3489//3201 3490//3201 3442//3201
vn 0.0000 1.0000 0.0000
f 3442//3202 3490//3202 3491//3202 3443//3202
vn 0.0000 1.0000 0.0000
f 3443//3203 3491//3203 3492//3203 3444//3203
vn 0.0000 1.0000 0.0000
f 3444//3204 3492//3204 3493//3204 3445//3204
vn 0.0000 1.0000 -0.0000
f 3445//3205 3493//3205 3494//3205 3446//3205
vn 0.0000 1.0000 0.0000
f 3446//3206 3494//3206 3495//3206 3447//3206
vn 0.0000 1.0000 0.0000
f 3447//3207 3495//3207 3496//3207 3448//3207
vn 0.0000 1.0000 0.0000
f 3448//3208 3496//3208 3497//3208 3449//3208
vn 0.0000 1.0000 -0.0000
f 3449//3209 3497//3209 3498//3209 3450//3209
vn 0.0000 1.0000 0.0000
f 3450//3210 3498//3210 3499//3210 3451//3210
vn 0.0000 1.0000 -0.0000
f 3451//3211 3499//3211 3500//3211 3452//3211
vn 0.0000 1.0000 0.0000
f 3452//3212 3500//3212 3501//3212 3453//3212
vn 0.0000 1.0000 -0.0000
f 3453//3213 3501//3213 3502//3213 3454//3213
vn 0.0000 1.0000 0.0000
f 3454//3214 3502//3214 3503//3214 3455//3214
vn 0.0000 1.0000 -0.0000
f 3455//3215 3503//3215 3504//3215 3456//3215
vn 0.0000 1.0000 -0.0000
f 3456//3216 3504//3216 3505//3216 3457//3216
vn 0.0000 1.0000 -0.0000
f 3457//3217 3505//3217 3506//3217 3458//3217
vn 0.0000 1.0000 0.0000
f 3458//3218 3506//3218 3507//3218 3459//3218
vn 0.0000 1.0000 0.0000
f 3459//3219 3507//3219 3508//3219 3460//3219
vn 0.0000 1.0000 -0.0000
f 3460//3220 3508//3220 3509//3220 3461//3220
vn 0.0000 1.0000 0.0000
f 3461//3221 3509//3221 3510//3221 3462//3221
vn 0.0000 1.0000 0.0000
f 3462//3222 3510//3222 3463//3222 3415//3222
vn 0.0000 1.0000 -0.0000
f 3463//3223 3511//3223 3512//3223 3464//3223
vn 0.0000 1.0000 0.0000
f 3464//3224 3512//3224 3513//3224 3465//3224
vn 0.0000 1.0000 0.0000
f 3465//3225 3513//3225 3514//3225 3466//3225
vn 0.0000 1.0000 0.0000
f 3466//3226 3514//3226 3515//3226 3467//3226
vn 0.0000 1.0000 0.0000
f 3467//3227 3515//3227 3516//3227 3468//3227
vn 0.0000 1.0000 -0.0000
f 3468//3228 3516//3228 3517//3228 3469//3228
vn 0.0000 1.0000 0.0000
f 3469//3229 3517//3229 3518//3229 3470//3229
vn 0.0000 1.0000 -0.0000
f 3470//3230 3518//3230 3519//3230 3471//3230
vn 0.0000 1.0000 0.0000
f 3471//3231 3519//3231 3520//3231 3472//3231
vn 0.0000 1.0000 0.0000
f 3472//3232 3520//3232 3521//3232 3473//3232
vn 0.0000 1.0000 0.0000
f 3473//3233 3521//3233 3522//3233 3474//3233
vn 0.0000 1.0000 0.0000
f 3474//3234 3522//3234 3523//3234 3475//3234
vn 0.0000 1.0000 -0.0000
f 3475//3235 3523//3235 3524//3235 3476//3235
vn 0.0000 1.0000 0.0000
f 3476//3236 3524//3236 3525//3236 3477//3236
vn 0.0000 1.0000 0.0000
f 3477//3237 3525//3237 3526//3237 3478//3237
vn 0.0000 1.0000 -0.0000
f 3478//3238 3526//3238 3527//3238 3479//3238
vn 0.0000 1.0000 0.0000
f 3479//3239 3527//3239 3528//3239 3480//3239
vn 0.0000 1.0000 0.0000
f 3480//3240 3528//3240 3529//3240 3481//3240
vn 0.0000 1.0000 -0.0000
f 3481//3241 3529//3241 3530//3241 3482//3241
vn 0.0000 1.0000 0.0000
f 3482//3242 3530//3242 3531//3242 3483//3242
vn 0.0000 1.0000 -0.0000
f 3483//3243 3531//3243 3532//3243 3484//3243
vn 0.0000 1.0000 0.0000
f 3484//3244 3532//3244 3533//3244 3485//3244
vn 0.0000 1.0000 -0.0000
f 3485//3245 3533//3245 3534//3245 3486//3245
vn 0.0000 1.0000 0.0000
f 3486//3246 3534//3246 3535//3246 3487//3246
vn 0.0000 1.0000 -0.0000
f 3487//3247 3535//3247 3536//3247 3488//3247
vn 0.0000 1.0000 0.0000
f 3488//3248 3536//3248 3537//3248 3489//3248
vn 0.0000 1.0000 -0.0000
f 3489//3249 3537//3249 3538//3249 3490//3249
vn 0.0000 1.0000 0.0000
f 3490//3250 3538//3250 3539//3250 3491//3250
vn 0.0000 1.0000 0.0000
f 3491//3251 3539//3251 3540//3251 3492//3251
vn 0.0000 1.0000 0.0000
f 3492//3252 3540//3252 3541//3252 3493//3252
vn 0.0000 1.0000 0.0000
f 3493//3253 3541//3253 3542//3253 3494//3253
vn 0.0000 1.0000 -0.0000
f 3494//3254 3542//3254 3543//3254 3495//3254
vn 0.0000 1.0000 -0.0000
f 3495//3255 3543//3255 3544//3255 3496//3255
vn 0.0000 1.0000 0.0000
f 3496//3256 3544//3256 3545//3256 3497//3256
vn 0.0000 1.0000 0.0000
f 3497//3257 3545//3257 3546//3257 3498//3257
vn 0.0000 1.0000 0.0000
f 3498//3258 3546//3258 3547//3258 3499//3258
vn 0.0000 1.0000 -0.0000
f 3499//3259 3547//3259 3548//3259 3500//3259
vn 0.0000 1.0000 -0.0000
f 3500//3260 3548//3260 3549//3260 3501//3260
vn 0.0000 1.0000 0.0000
f 3501//3261 3549//3261 3550//3261 3502//3261
vn 0.0000 1.0000 0.0000
f 3502//3262 3550//3262 3551//3262 3503//3262
vn 0.0000 1.0000 -0.0000
f 3503//3263 3551//3263 3552//3263 3504//3263
vn 0.0000 1.0000 0.0000
f 3504//3264 3552//3264 3553//3264 3505//3264
vn 0.0000 1.0000 0.0000
f 3505//3265 3553//3265 3554//3265 3506//3265
vn 0.0000 1.0000 0.0000
f 3506//3266 3554//3266 3555//3266 3507//3266
vn 0.0000 1.0000 0.0000
f 3507//3267 3555//3267 3556//3267 3508//3267
vn 0.0000 1.0000 0.0000
f 3508//3268 3556//3268 3557//3268 3509//3268
vn 0.0000 1.0000 0.0000
f 3509//3269 3557//3269 3558//3269 3510//3269
vn 0.0000 1.0000 0.0000
f 3510//3270 3558//3270 3511//3270 3463//3270
vn 0.0000 1.0000 -0.0000
f 3511//3271 3559//3271 3560//3271 3512//3271
vn 0.0000 1.0000 0.0000
f 3512//3272 3560//3272 3561//3272 3513//3272
vn 0.0000 1.0000 -0.0000
f 3513//3273 3561//3273 3562//3273 3514//3273
vn 0.0000 1.0000 -0.0000
f 3514//3274 3562//3274 3563//3274 3515//3274
vn 0.0000 1.0000 0.0000
f 3515//3275 3563//3275 3564//3275 3516//3275
vn 0.0000 1.0000 0.0000
f 3516//3276 3564//3276 3565//3276 3517//3276
vn 0.0000 1.0000 0.0000
f 3517//3277 3565//3277 3566//3277 3518//3277
vn 0.0000 1.0000 -0.0000
f 3518//3278 3566//3278 3567//3278 3519//3278
vn 0.0000 1.0000 -0.0000
f 3519//3279 3567//3279 3568//3279 3520//3279
vn 0.0000 1.0000 0.0000
f 3520//3280 3568//3280 3569//3280 3521//3280
vn 0.0000 1.0000 -0.0000
f 3521//3281 3569//3281 3570//3281 3522//3281
vn 0.0000 1.0000 0.0000
f 3522//3282 3570//3282 3571//3282 3523//3282
vn 0.0000 1.0000 0.0000
f 3523//3283 3571//3283 3572//3283 3524//3283
vn 0.0000 1.0000 0.0000
f 3524//3284 3572//3284 3573//3284 3525//3284
vn 0.0000 1.0000 0.0000
f 3525//3285 3573//3285 3574//3285 3526//3285
vn 0.0000 1.0000 -0.0000
f 3526//3286 3574//3286 3575//3286 3527//3286
vn 0.0000 1.0000 0.0000
f 3527//3287 3575//3287 3576//3287 3528//3287
vn 0.0000 1.0000 0.0000
f 3528//3288 3576//3288 3577//3288 3529//3288
vn 0.0000 1.0000 0.0000
f 3529//3289 3577//3289 3578//3289 3530//3289
vn 0.0000 1.0000 -0.0000
f 3530//3290 3578//3290 3579//3290 3531//3290
vn 0.0000 1.0000 -0.0000
f 3531//3291 3579//3291 3580//3291 3532//3291
vn 0.0000 1.0000 0.0000
f 3532//3292 3580//3292 3581//3292 3533//3292
vn 0.0000 1.0000 -0.0000
f 3533//3293 3581//3293 3582//3293 3534//3293
vn 0.0000 1.0000 0.0000
f 3534//3294 3582//3294 3583//3294 3535//3294
vn 0.0000 1.0000 0.0000
f 3535//3295 3583//3295 3584//3295 3536//3295
vn 0.0000 1.0000 0.0000
f 3536//3296 3584//3296 3585//3296 3537//3296
vn 0.0000 1.0000 -0.0000
f 3537//3297 3585//3297 3586//3297 3538//3297
vn 0.0000 1.0000 0.0000
f 3538//3298 3586//3298 3587//3298 3539//3298
vn 0.0000 1.0000 0.0000
f 3539//3299 3587//3299 3588//3299 3540//3299
vn 0.0000 1.0000 0.0000
f 3540//3300 3588//3300 3589//3300 3541//3300
vn 0.0000 1.0000 -0.0000
f 3541//3301 3589//3301 3590//3301 3542//3301
vn 0.0000 1.0000 0.0000
f 3542//3302 3590//3302 3591//3302 3543//3302
vn 0.0000 1.0000 0.0000
f 3543//3303 3591//3303 3592//3303 3544//3303
vn 0.0000 1.0000 0.0000
f 3544//3304 3592//3304 3593//3304 3545//3304
vn 0.0000 1.0000 -0.0000
f 3545//3305 3593//3305 3594//3305 3546//3305
vn 0.0000 1.0000 -0.0000
f 3546//3306 3594//3306 3595//3306 3547//3306
vn 0.0000 1.0000 0.0000
f 3547//3307 3595//3307 3596//3307 3548//3307
vn 0.0000 1.0000 -0.0000
f 3548//3308 3596//3308 3597//3308 3549//3308
vn 0.0000 1.0000 -0.0000
f 3549//3309 3597//3309 3598//3309 3550//3309
vn 0.0000 1.0000 -0.0000
f 3550//3310 3598//3310 3599//3310 3551//3310
vn 0.0000 1.0000 0.0000
f 3551//3311 3599//3311 3600//3311 3552//3311
vn 0.0000 1.0000 0.0000
f 3552//3312 3600//3312 3601//3312 3553//3312
vn 0.0000 1.0000 -0.0000
f 3553//3313 3601//3313 3602//3313 3554//3313
vn 0.0000 1.0000 0.0000
f 3554//3314 3602//3314 3603//3314 3555//3314
vn 0.0000 1.0000 0.0000
f 3555//3315 3603//3315 3604//3315 3556//3315
vn 0.0000 1.0000 -0.0000
f 3556//3316 3604//3316 3605//3316 3557//3316
vn 0.0000 1.0000 0.0000
f 3557//3317 3605//3317 3606//3317 3558//3317
vn 0.0000 1.0000 0.0000
f 3558//3318 3606//3318 3559//3318 3511//3318
vn 0.0653 0.0000 0.9979
usemtl trunk
f 3607//3319 3609//3319 3610//3319 3608//3319
vn -0.6594 0.0000 0.7518
f 3609//3320 3611//3320 3612//3320 3610//3320
vn -0.9979 0.0000 0.0653
f 3611//3321 3613//3321 3614//3321 3612//3321
vn -0.7518 0.0000 -0.6594
f 3613//3322 3615//3322 3616//3322 3614//3322
vn -0.0653 0.0000 -0.9979
f 3615//3323 3617//3323 3618//3323 3616//3323
vn 0.6594 0.0000 -0.7518
f 3617//3324 3619//3324 3620//3324 3618//3324
vn 0.9979 0.0000 -0.0653
f 3619//3325 3621//3325 3622//3325 3620//3325
vn 0.7518 0.0000 0.6594
f 3621//3326 3607//3326 3608//3326 3622//3326
vn 0.0000 1.0000 0.0000
f 3623//3327 3609//3327 3607//3327
vn 0.0000 -1.0000 0.0000
f 3624//3328 3608//3328 3610//3328
vn 0.0000 1.0000 0.0000
f 3623//3329 3611//3329 3609//3329
vn 0.0000 -1.0000 -0.0000
f 3624//3330 3610//3330 3612//3330
vn 0.0000 1.0000 0.0000
f 3623//3331 3613//3331 3611//3331
vn 0.0000 -1.0000 0.0000
f 3624//3332 3612//3332 3614//3332
vn 0.0000 1.0000 -0.0000
f 3623//3333 3615//3333 3613//3333
vn 0.0000 -1.0000 -0.0000
f 3624//3334 3614//3334 3616//3334
vn 0.0000 1.0000 0.0000
f 3623//3335 3617//3335 3615//3335
vn 0.0000 -1.0000 0.0000
f 3624//3336 3616//3336 3618//3336
vn 0.0000 1.0000 0.0000
f 3623//3337 3619//3337 3617//3337
vn 0.0000 -1.0000 0.0000
f 3624//3338 3618//3338 3620//3338
vn 0.0000 1.0000 0.0000
f 3623//3339 3621//3339 3619//3339
vn 0.0000 -1.0000 0.0000
f 3624//3340 3620//3340 3622//3340
vn 0.0000 1.0000 0.0000
f 3623//3341 3607//3341 3621//3341
vn 0.0000 -1.0000 0.0000
f 3624//3342 3622//3342 3608//3342
o front_bush_loose_1
v -4.2871 0.6636 5.9000
v -4.2871 0.6874 5.9000
v -4.2871 0.6806 5.9000
v -4.2871 0.6806 5.9000
v -4.2871 0.6626 5.9000
v -4.2871 0.6950 5.9000
v -4.2871 0.7023 5.9000
v -4.2871 0.6848 5.9000
v -4.2871 0.6889 5.9000
v -4.2871 0.6469 5.9000
v -4.2871 0.6589 5.9000
v -4.2871 0.6764 5.9000
v -4.2871 0.6650 5.9000
v -4.2871 0.6858 5.9000
v -4.2871 0.6750 5.9000
v -4.2871 0.6462 5.9000
v -4.2871 0.6701 5.9000
v -4.2871 0.6896 5.9000
v -4.2871 0.6654 5.9000
v -4.2871 0.6543 5.9000
v -4.2871 0.6690 5.9000
v -4.2871 0.6901 5.9000
v -4.2871 0.6858 5.9000
v -4.2871 0.6907 5.9000
v -4.2871 0.6639 5.9000
v -4.2871 0.6841 5.9000
v -4.2871 0.6524 5.9000
v -4.2871 0.6510 5.9000
v -4.2871 0.6731 5.9000
v -4.2871 0.6539 5.9000
v -4.2871 0.6737 5.9000
v -4.2871 0.6678 5.9000
v -4.2871 0.6906 5.9000
v -4.2871 0.6726 5.9000
v -4.2871 0.6914 5.9000
v -4.2871 0.6691 5.9000
v -4.2871 0.6831 5.9000
v -4.2871 0.6559 5.9000
v -4.2871 0.6670 5.9000
v -4.2871 0.7066 5.9000
v -4.2871 0.6914 5.9000
v -4.2871 0.6822 5.9000
v -4.2871 0.6616 5.9000
v -4.2871 0.6576 5.9000
v -4.2871 0.6287 5.9000
v -4.2871 0.6597 5.9000
v -4.2871 0.6626 5.9000
v -4.2871 0.6965 5.9000
v -4.2446 0.6853 5.8962
v -4.2465 0.6675 5.9017
v -4.2457 0.6797 5.9073
v -4.2461 0.6879 5.9129
v -4.2485 0.6849 5.9180
v -4.2523 0.6728 5.9221
v -4.2555 0.6732 5.9265
v -4.2585 0.6830 5.9312
v -4.2657 0.6386 5.9306
v -4.2685 0.6650 5.9358
v -4.2725 0.6852 5.9401
v -4.2779 0.6832 5.9414
v -4.2833 0.6931 5.9434
v -4.2889 0.6740 5.9413
v -4.2942 0.6687 5.9402
v -4.2985 0.6433 5.9361
v -4.3047 0.6762 5.9377
v -4.3097 0.6806 5.9355
v -4.3124 0.6566 5.9302
v -4.3166 0.6627 5.9271
v -4.3229 0.6946 5.9251
v -4.3256 0.6915 5.9200
v -4.3258 0.6725 5.9141
v -4.3277 0.6759 5.9090
v -4.3304 0.6924 5.9038
v -4.3292 0.6806 5.8982
v -4.3273 0.6694 5.8929
v -4.3260 0.6684 5.8878
v -4.3239 0.6669 5.8829
v -4.3207 0.6602 5.8786
v -4.3161 0.6432 5.8757
v -4.3145 0.6664 5.8702
v -4.3093 0.6503 5.8683
v -4.3071 0.6908 5.8616
v -4.3026 0.7087 5.8574
v -4.2960 0.6705 5.8600
v -4.2908 0.6809 5.8580
v -4.2854 0.6557 5.8608
v -4.2806 0.6422 5.8628
v -4.2742 0.6899 5.8588
v -4.2682 0.7045 5.8594
v -4.2637 0.6934 5.8632
v -4.2581 0.7079 5.8653
v -4.2578 0.6603 5.8731
v -4.2545 0.6601 5.8772
v -4.2522 0.6561 5.8818
v -4.2499 0.6588 5.8864
v -4.2466 0.6754 5.8910
v -4.2109 0.6422 5.8933
v -4.2063 0.6613 5.9035
v -4.2048 0.6731 5.9145
v -4.2080 0.6704 5.9249
v -4.2084 0.6870 5.9366
v -4.2121 0.6961 5.9477
v -4.2234 0.6709 5.9534
v -4.2377 0.6276 5.9539
v -4.2441 0.6355 5.9613
v -4.2515 0.6446 5.9683
v -4.2596 0.6588 5.9754
v -4.2676 0.6994 5.9875
v -4.2797 0.6746 5.9836
v -4.2906 0.6619 5.9809
v -4.3002 0.6388 5.9745
v -4.3113 0.6610 5.9771
v -4.3200 0.6488 5.9707
v -4.3308 0.6638 5.9687
v -4.3385 0.6575 5.9613
v -4.3497 0.6791 5.9574
v -4.3549 0.6699 5.9476
v -4.3615 0.6745 5.9388
v -4.3655 0.6725 5.9286
v -4.3702 0.6798 5.9185
v -4.3700 0.6714 5.9073
v -4.3711 0.6751 5.8964
v -4.3662 0.6588 5.8861
v -4.3640 0.6600 5.8758
v -4.3590 0.6546 5.8665
v -4.3580 0.6751 5.8549
v -4.3465 0.6467 5.8502
v -4.3424 0.6653 5.8397
v -4.3315 0.6458 5.8367
v -4.3260 0.6757 5.8254
v -4.3161 0.6779 5.8204
v -4.3048 0.6634 5.8206
v -4.2945 0.6760 5.8161
v -4.2838 0.6496 5.8219
v -4.2737 0.6468 5.8236
v -4.2632 0.6569 5.8238
v -4.2541 0.6502 5.8290
v -4.2409 0.6841 5.8273
v -4.2291 0.7025 5.8307
v -4.2279 0.6589 5.8457
v -4.2183 0.6749 5.8518
v -4.2175 0.6510 5.8637
v -4.2124 0.6555 5.8727
v -4.2092 0.6566 5.8827
v -4.1662 0.6541 5.8893
v -4.1670 0.6507 5.9052
v -4.1666 0.6567 5.9212
v -4.1613 0.6836 5.9396
v -4.1641 0.6944 5.9572
v -4.1845 0.6547 5.9653
v -4.1939 0.6545 5.9781
v -4.2130 0.6205 5.9807
v -4.2239 0.6219 5.9901
v -4.2342 0.6344 6.0015
v -4.2422 0.6809 6.0230
v -4.2593 0.6727 6.0249
v -4.2758 0.6736 6.0278
v -4.2923 0.6539 6.0213
v -4.3072 0.6384 6.0142
v -4.3227 0.6466 6.0133
v -4.3385 0.6552 6.0105
v -4.3508 0.6462 6.0001
v -4.3663 0.6595 5.9945
v -4.3733 0.6414 5.9791
v -4.3895 0.6642 5.9718
v -4.4007 0.6730 5.9592
v -4.4064 0.6698 5.9435
v -4.3998 0.6371 5.9251
v -4.4068 0.6505 5.9106
v -4.4063 0.6479 5.8949
v -4.4096 0.6623 5.8785
v -4.3982 0.6399 5.8651
v -4.4011 0.6662 5.8470
v -4.3883 0.6497 5.8357
v -4.3803 0.6544 5.8219
v -4.3681 0.6494 5.8117
v -4.3537 0.6384 5.8051
v -4.3444 0.6608 5.7902
v -4.3280 0.6481 5.7879
v -4.3150 0.6742 5.7745
v -4.2985 0.6785 5.7704
v -4.2817 0.6687 5.7735
v -4.2667 0.6446 5.7837
v -4.2529 0.6327 5.7914
v -4.2359 0.6538 5.7900
v -4.2222 0.6529 5.7979
v -4.2012 0.6892 5.7974
v -4.1888 0.6880 5.8098
v -4.1847 0.6643 5.8282
v -4.1851 0.6360 5.8468
v -4.1792 0.6355 5.8606
v -4.1784 0.6254 5.8758
v -4.1437 0.6064 5.8873
v -4.1340 0.6255 5.9066
v -4.1084 0.6835 5.9314
v -4.1190 0.6729 5.9529
v -4.1300 0.6669 5.9731
v -4.1540 0.6348 5.9847
v -4.1715 0.6206 5.9969
v -4.1904 0.6045 6.0054
v -4.1971 0.6329 6.0284
v -4.2132 0.6393 6.0418
v -4.2289 0.6599 6.0597
v -4.2507 0.6553 6.0637
v -4.2733 0.6345 6.0570
v -4.2945 0.6654 6.0725
v -4.3162 0.6559 6.0655
v -4.3351 0.6397 6.0527
v -4.3499 0.6162 6.0348
v -4.3676 0.6189 6.0266
v -4.3881 0.6338 6.0205
v -4.4117 0.6581 6.0143
v -4.4203 0.6451 5.9934
v -4.4290 0.6395 5.9740
v -4.4422 0.6498 5.9566
v -4.4456 0.6444 5.9353
v -4.4515 0.6497 5.9145
v -4.4495 0.6446 5.8930
v -4.4553 0.6617 5.8705
v -4.4368 0.6331 5.8529
v -4.4265 0.6265 5.8351
v -4.4206 0.6358 5.8151
v -4.4042 0.6246 5.8019
v -4.3994 0.6520 5.7776
v -4.3757 0.6276 5.7737
v -4.3597 0.6333 5.7608
v -4.3390 0.6215 5.7579
v -4.3214 0.6350 5.7459
v -4.3023 0.6662 5.7277
v -4.2798 0.6634 5.7285
v -4.2600 0.6330 5.7455
v -4.2442 0.6043 5.7636
v -4.2273 0.6020 5.7714
v -4.2035 0.6309 5.7685
v -4.1804 0.6521 5.7726
v -4.1540 0.6819 5.7778
v -4.1464 0.6639 5.8013
v -4.1412 0.6489 5.8239
v -4.1396 0.6332 5.8462
v -4.1414 0.6173 5.8676
v -4.0996 0.6070 5.8834
v -4.0787 0.6391 5.9089
v -4.0728 0.6534 5.9376
v -4.0876 0.6400 5.9627
v -4.0958 0.6429 5.9890
v -4.1355 0.5935 5.9964
v -4.1487 0.5949 6.0159
v -4.1626 0.6005 6.0356
v -4.1772 0.6120 6.0567
v -4.1996 0.6085 6.0677
v -4.2203 0.6177 6.0832
v -4.2438 0.6243 6.0944
v -4.2703 0.6109 6.0900
v -4.2961 0.6414 6.1098
v -4.3206 0.6155 6.0907
v -4.3448 0.6134 6.0834
v -4.3695 0.6182 6.0771
v -4.3897 0.6115 6.0612
v -4.4105 0.6132 6.0473
v -4.4253 0.6059 6.0268
v -4.4528 0.6293 6.0162
v -4.4602 0.6181 5.9903
v -4.4564 0.5943 5.9618
v -4.4784 0.6192 5.9426
v -4.4883 0.6288 5.9178
v -4.4899 0.6303 5.8913
v -4.4844 0.6260 5.8654
v -4.4759 0.6222 5.8406
v -4.4691 0.6268 5.8153
v -4.4577 0.6291 5.7915
v -4.4323 0.6090 5.7783
v -4.4261 0.6345 5.7485
v -4.3979 0.6144 5.7421
v -4.3807 0.6294 5.7205
v -4.3509 0.6039 5.7251
v -4.3317 0.6342 5.6995
v -4.3043 0.6192 5.7048
v -4.2790 0.6105 5.7097
v -4.2535 0.6172 5.7082
v -4.2324 0.5980 5.7259
v -4.2101 0.5981 5.7345
v -4.1894 0.5973 5.7464
v -4.1655 0.6089 5.7548
v -4.1374 0.6306 5.7626
v -4.1106 0.6501 5.7762
v -4.0991 0.6445 5.8020
v -4.0995 0.6252 5.8315
v -4.1183 0.5829 5.8624
v -4.0711 0.5796 5.8809
v -4.0475 0.6082 5.9103
v -4.0375 0.6251 5.9438
v -4.0623 0.6030 5.9707
v -4.0827 0.5903 5.9951
v -4.1005 0.5850 6.0187
v -4.1162 0.5873 6.0432
v -4.1304 0.5982 6.0708
v -4.1493 0.6083 6.0965
v -4.1776 0.6046 6.1101
v -4.2129 0.5791 6.1033
v -4.2370 0.5967 6.1250
v -4.2657 0.6133 6.1430
v -4.2971 0.5997 6.1328
v -4.3300 0.6187 6.1446
v -4.3579 0.6035 6.1252
v -4.3891 0.6104 6.1191
v -4.4100 0.5947 6.0932
v -4.4278 0.5823 6.0679
v -4.4578 0.5981 6.0566
v -4.4689 0.5860 6.0275
v -4.4820 0.5833 6.0017
v -4.4915 0.5805 5.9746
v -4.4994 0.5805 5.9472
v -4.5052 0.5822 5.9192
v -4.5231 0.6037 5.8899
v -4.5254 0.6109 5.8582
v -4.5149 0.6069 5.8284
v -4.5019 0.6046 5.8000
v -4.4830 0.5986 5.7754
v -4.4681 0.6036 5.7483
v -4.4475 0.6049 5.7253
v -4.4199 0.5975 5.7107
v -4.3970 0.6055 5.6893
v -4.3626 0.5839 5.6931
v -4.3346 0.5818 5.6866
v -4.3065 0.5847 5.6799
v -4.2770 0.6033 5.6643
v -4.2462 0.6040 5.6671
v -4.2197 0.5894 5.6856
v -4.2014 0.5625 5.7159
v -4.1751 0.5696 5.7239
v -4.1431 0.5889 5.7281
v -4.0994 0.6268 5.7277
v -4.0662 0.6454 5.7451
v -4.0535 0.6375 5.7782
v -4.0619 0.6080 5.8178
v -4.0801 0.5737 5.8539
v -4.0342 0.5618 5.8777
v -4.0257 0.5694 5.9112
v -4.0253 0.5736 5.9460
v -4.0395 0.5674 5.9778
v -4.0461 0.5736 6.0121
v -4.0693 0.5660 6.0385
v -4.0876 0.5681 6.0672
v -4.1172 0.5592 6.0852
v -4.1394 0.5650 6.1106
v -4.1719 0.5571 6.1209
v -4.2024 0.5552 6.1323
v -4.2323 0.5605 6.1465
v -4.2641 0.5697 6.1609
v -4.2987 0.5781 6.1701
v -4.3333 0.5749 6.1631
v -4.3707 0.5862 6.1657
v -4.4036 0.5838 6.1503
v -4.4293 0.5727 6.1235
v -4.4620 0.5800 6.1087
v -4.4765 0.5649 6.0738
v -4.4939 0.5604 6.0450
v -4.5109 0.5603 6.0167
v -4.5234 0.5594 5.9862
v -4.5462 0.5732 5.9576
v -4.5352 0.5570 5.9219
v -4.5405 0.5615 5.8891
v -4.5322 0.5568 5.8570
v -4.5414 0.5743 5.8200
v -4.5189 0.5636 5.7921
v -4.5142 0.5768 5.7556
v -4.4830 0.5634 5.7359
v -4.4753 0.5859 5.6950
v -4.4349 0.5652 5.6893
v -4.4038 0.5603 5.6762
v -4.3742 0.5620 5.6613
v -4.3419 0.5599 5.6540
v -4.3093 0.5597 5.6492
v -4.2760 0.5664 5.6417
v -4.2397 0.5818 5.6300
v -4.2087 0.5693 5.6505
v -4.1852 0.5496 5.6809
v -4.1483 0.5665 5.6817
v -4.1293 0.5536 5.7117
v -4.0872 0.5791 5.7165
v -4.0571 0.5886 5.7386
v -4.0333 0.5938 5.7676
v -4.0305 0.5808 5.8064
v -4.0309 0.5703 5.8430
v -3.9940 0.5427 5.8741
v -4.0134 0.5266 5.9117
v -4.0204 0.5242 5.9468
v -4.0134 0.5369 5.9861
v -4.0293 0.5349 6.0200
v -4.0422 0.5396 6.0558
v -4.0574 0.5470 6.0924
v -4.0966 0.5329 6.1076
v -4.1165 0.5449 6.1432
v -4.1575 0.5316 6.1484
v -4.1913 0.5310 6.1626
v -4.2268 0.5297 6.1711
v -4.2621 0.5351 6.1835
v -4.2993 0.5355 6.1849
v -4.3389 0.5471 6.1953
v -4.3786 0.5511 6.1908
v -4.4106 0.5414 6.1653
v -4.4477 0.5466 6.1525
v -4.4770 0.5439 6.1267
v -4.4847 0.5221 6.0813
v -4.5199 0.5349 6.0633
v -4.5205 0.5182 6.0217
v -4.5623 0.5416 6.0004
v -4.5595 0.5307 5.9606
v -4.5764 0.5397 5.9255
v -4.5571 0.5238 5.8884
v -4.5809 0.5459 5.8484
v -4.5697 0.5442 5.8112
v -4.5465 0.5363 5.7793
v -4.5431 0.5499 5.7372
v -4.5186 0.5488 5.7061
v -4.4811 0.5369 5.6886
v -4.4603 0.5485 5.6530
v -4.4275 0.5501 5.6308
v -4.3905 0.5485 5.6167
v -4.3482 0.5325 5.6254
v -4.3103 0.5183 5.6377
v -4.2756 0.5225 5.6315
v -4.2368 0.5402 5.6133
v -4.1982 0.5444 5.6172
v -4.1641 0.5406 5.6357
v -4.1343 0.5351 5.6598
v -4.1048 0.5345 5.6824
v -4.0841 0.5280 5.7137
v -4.0576 0.5317 5.7390
v -4.0345 0.5353 5.7683
v -3.9901 0.5600 5.7916
v -3.9992 0.5433 5.8359
v -3.9470 0.5228 5.8700
v -3.9724 0.5063 5.9135
v -4.0005 0.4914 5.9503
v -4.0028 0.4957 5.9894
v -4.0139 0.4978 6.0271
v -4.0075 0.5165 6.0779
v -4.0242 0.5237 6.1202
v -4.0662 0.5136 6.1407
v -4.1032 0.5096 6.1622
v -4.1383 0.5105 6.1853
v -4.1846 0.4964 6.1810
v -4.2185 0.5070 6.2085
v -4.2596 0.5048 6.2113
v -4.3003 0.5016 6.2072
v -4.3428 0.5107 6.2172
v -4.3884 0.5205 6.2223
v -4.4282 0.5184 6.2032
v -4.4573 0.5076 6.1676
v -4.4880 0.5049 6.1398
v -4.5036 0.4931 6.0987
v -4.5165 0.4846 6.0609
v -4.5591 0.5012 6.0419
v -4.5794 0.5039 6.0066
v -4.5914 0.5043 5.9677
v -4.5770 0.4914 5.9256
v -4.6001 0.5053 5.8866
v -4.5835 0.4976 5.8480
v -4.5932 0.5100 5.8037
v -4.5723 0.5060 5.7673
v -4.5598 0.5114 5.7266
v -4.5280 0.5059 5.6982
v -4.5128 0.5180 5.6541
v -4.4713 0.5099 5.6373
v -4.4286 0.5007 5.6287
v -4.3989 0.5133 5.5935
v -4.3499 0.4903 5.6176
v -4.3145 0.5040 5.5899
v -4.2746 0.4923 5.6078
v -4.2374 0.4893 5.6167
v -4.1981 0.4950 5.6168
v -4.1548 0.5054 5.6157
v -4.1089 0.5169 5.6198
v -4.0915 0.4998 5.6665
v -4.0765 0.4881 5.7067
v -4.0509 0.4898 5.7344
v -4.0247 0.4945 5.7631
v -3.9890 0.5078 5.7912
v -3.9398 0.5317 5.8227
v -3.9466 0.4733 5.8699
v -3.9694 0.4619 5.9136
v -3.9847 0.4567 5.9531
v -4.0072 0.4502 5.9880
v -4.0126 0.4546 6.0277
v -3.9912 0.4776 6.0882
v -4.0307 0.4698 6.1148
v -4.0523 0.4759 6.1558
v -4.0844 0.4786 6.1890
v -4.1329 0.4694 6.1957
v -4.1705 0.4725 6.2196
v -4.2199 0.4578 6.2019
v -4.2591 0.4622 6.2173
v -4.3014 0.4694 6.2333
v -4.3448 0.4694 6.2286
v -4.3935 0.4794 6.2383
v -4.4333 0.4755 6.2141
v -4.4750 0.4772 6.1954
v -4.4900 0.4609 6.1421
v -4.5351 0.4708 6.1276
v -4.5588 0.4685 6.0905
v -4.5629 0.4586 6.0438
v -4.5873 0.4626 6.0095
v -4.5997 0.4630 5.9695
v -4.6194 0.4694 5.9293
v -4.6315 0.4747 5.8852
v -4.6074 0.4654 5.8438
v -4.6008 0.4671 5.8014
v -4.5864 0.4677 5.7607
v -4.5798 0.4757 5.7138
v -4.5385 0.4666 5.6894
v -4.5226 0.4764 5.6434
v -4.4762 0.4673 5.6305
v -4.4366 0.4645 5.6133
v -4.4021 0.4703 5.5847
v -4.3569 0.4635 5.5863
v -4.3150 0.4615 5.5841
v -4.2744 0.4520 5.6030
v -4.2309 0.4654 5.5796
v -4.1848 0.4730 5.5746
v -4.1359 0.4812 5.5751
v -4.0983 0.4781 5.6032
v -4.0772 0.4662 5.6494
v -4.0527 0.4620 5.6848
v -4.0452 0.4512 5.7303
v -4.0160 0.4561 5.7586
v -3.9740 0.4692 5.7858
v -3.9192 0.4900 5.8181
v -3.9217 0.4374 5.8677
v -3.9738 0.4189 5.9134
v -3.9630 0.4243 5.9569
v -4.0010 0.4142 5.9900
v -3.9815 0.4270 6.0422
v -3.9887 0.4328 6.0898
v -4.0278 0.4275 6.1173
v -4.0415 0.4361 6.1676
v -4.0785 0.4362 6.1975
v -4.1315 0.4269 6.1984
v -4.1727 0.4259 6.2136
v -4.2157 0.4242 6.2209
v -4.2571 0.4284 6.2396
v -4.3026 0.4354 6.2609
v -4.3505 0.4374 6.2613
v -4.4005 0.4413 6.2606
v -4.4323 0.4295 6.2121
v -4.4817 0.4359 6.2060
v -4.5096 0.4303 6.1655
v -4.5540 0.4358 6.1450
v -4.5682 0.4292 6.0971
v -4.5861 0.4271 6.0559
v -4.5951 0.4239 6.0124
v -4.6194 0.4282 5.9739
v -4.6271 0.4285 5.9300
v -4.6336 0.4304 5.8851
v -4.6310 0.4312 5.8396
v -4.6229 0.4322 5.7944
v -4.6194 0.4373 5.7454
v -4.5815 0.4311 5.7128
v -4.5609 0.4340 5.6706
v -4.5277 0.4335 5.6379
v -4.4838 0.4290 5.6195
v -4.4383 0.4235 5.6102
v -4.4098 0.4342 5.5638
v -4.3601 0.4267 5.5718
v -4.3158 0.4234 5.5747
v -4.2730 0.4244 5.5709
v -4.2285 0.4278 5.5660
v -4.1888 0.4238 5.5874
v -4.1401 0.4310 5.5841
v -4.0789 0.4447 5.5726
v -4.0584 0.4337 5.6269
v -4.0304 0.4310 5.6644
v -4.0310 0.4186 5.7204
v -4.0039 0.4209 5.7523
v -3.9278 0.4428 5.7689
v -3.8973 0.4487 5.8133
v -3.9306 0.3911 5.8685
v -3.9516 0.3861 5.9144
v -3.9673 0.3836 5.9561
v -3.9772 0.3837 5.9975
v -3.9677 0.3899 6.0487
v -3.9915 0.3894 6.0880
v -4.0117 0.3914 6.1307
v -4.0512 0.3891 6.1571
v -4.0729 0.3946 6.2055
v -4.1207 0.3916 6.2191
v -4.1564 0.3964 6.2582
v -4.2062 0.3944 6.2636
v -4.2549 0.3930 6.2649
v -4.3018 0.3876 6.2420
v -4.3496 0.3920 6.2561
v -4.3994 0.3949 6.2572
v -4.4364 0.3902 6.2208
v -4.4709 0.3876 6.1890
v -4.5148 0.3903 6.1717
v -4.5548 0.3924 6.1457
v -4.5869 0.3930 6.1103
v -4.6109 0.3928 6.0688
v -4.6183 0.3899 6.0208
v -4.6368 0.3912 5.9778
v -4.6515 0.3929 5.9322
v -4.6313 0.3881 5.8852
v -4.6277 0.3884 5.8402
v -4.6423 0.3944 5.7883
v -4.6339 0.3967 5.7386
v -4.5942 0.3925 5.7047
v -4.5834 0.3976 5.6518
v -4.5299 0.3914 5.6354
v -4.4890 0.3897 5.6122
v -4.4433 0.3866 5.6006
v -4.4106 0.3916 5.5616
v -4.3609 0.3871 5.5682
v -4.3167 0.3862 5.5650
v -4.2719 0.3902 5.5463
v -4.2287 0.3866 5.5672
v -4.1807 0.3904 5.5615
v -4.1332 0.3927 5.5693
v -4.0846 0.3955 5.5815
v -4.0639 0.3888 5.6335
v -4.0274 0.3899 5.6617
v -4.0042 0.3883 5.7016
v -3.9726 0.3904 5.7360
v -3.9206 0.3984 5.7663
v -3.9275 0.3935 5.8200
v -3.9416 0.3489 5.8695
v -3.9315 0.3499 5.9153
v -3.9223 0.3515 5.9640
v -3.9405 0.3507 6.0090
v -3.9635 0.3500 6.0506
v -4.0009 0.3480 6.0820
v -4.0140 0.3500 6.1288
v -4.0393 0.3511 6.1700
v -4.0774 0.3509 6.1989
v -4.1194 0.3507 6.2216
v -4.1589 0.3519 6.2513
v -4.2034 0.3532 6.2764
v -4.2553 0.3506 6.2603
v -4.3031 0.3518 6.2727
v -4.3542 0.3535 6.2821
v -4.3918 0.3491 6.2330
v -4.4356 0.3495 6.2190
v -4.4747 0.3492 6.1949
v -4.5126 0.3494 6.1691
v -4.5570 0.3511 6.1477
v -4.5951 0.3522 6.1160
v -4.6064 0.3504 6.0665
v -4.6136 0.3490 6.0191
v -4.6100 0.3471 5.9718
v -4.6362 0.3493 5.9308
v -4.6500 0.3507 5.8844
v -4.6555 0.3519 5.8353
v -4.6361 0.3510 5.7903
v -4.6358 0.3531 5.7377
v -4.5983 0.3513 5.7021
v -4.5822 0.3532 5.6528
v -4.5373 0.3515 5.6274
v -4.5055 0.3526 5.5886
v -4.4586 0.3516 5.5711
v -4.4045 0.3484 5.5782
v -4.3598 0.3475 5.5733
v -4.3166 0.3477 5.5654
v -4.2715 0.3507 5.5371
v -4.2246 0.3505 5.5438
v -4.1707 0.3535 5.5298
v -4.1376 0.3497 5.5787
v -4.0829 0.3527 5.5789
v -4.0590 0.3498 5.6278
v -4.0164 0.3512 5.6516
v -3.9915 0.3505 5.6926
v -3.9457 0.3532 5.7219
v -3.9296 0.3527 5.7696
v -3.9293 0.3511 5.8204
v -3.9149 0.3102 5.8671
v -3.8916 0.3102 5.9170
v -3.8958 0.3102 5.9687
v -3.9092 0.3102 6.0188
v -3.9736 0.3102 6.0459
v -4.0087 0.3102 6.0771
v -4.0096 0.3102 6.1325
v -4.0382 0.3102 6.1712
v -4.0781 0.3102 6.1980
v -4.1180 0.3102 6.2242
v -4.1562 0.3102 6.2587
v -4.2059 0.3102 6.2648
v -4.2546 0.3102 6.2682
v -4.3027 0.3102 6.2638
v -4.3484 0.3102 6.2492
v -4.3944 0.3102 6.2413
v -4.4351 0.3102 6.2180
v -4.4803 0.3102 6.2038
v -4.5316 0.3102 6.1919
v -4.5744 0.3102 6.1637
v -4.5827 0.3102 6.1073
v -4.6044 0.3102 6.0655
v -4.6415 0.3102 6.0293
v -4.6183 0.3102 5.9737
v -4.6333 0.3102 5.9306
v -4.6731 0.3102 5.8834
v -4.6440 0.3102 5.8374
v -4.6455 0.3102 5.7873
v -4.6309 0.3102 5.7400
v -4.5933 0.3102 5.7053
v -4.5808 0.3102 5.6539
v -4.5517 0.3102 5.6117
v -4.5041 0.3102 5.5906
v -4.4620 0.3102 5.5647
v -4.4104 0.3102 5.5620
v -4.3688 0.3102 5.5328
v -4.3202 0.3102 5.5251
v -4.2717 0.3102 5.5412
v -4.2247 0.3102 5.5444
v -4.1792 0.3102 5.5570
v -4.1321 0.3102 5.5669
v -4.1097 0.3102 5.6210
v -4.0619 0.3102 5.6312
v -4.0201 0.3102 5.6549
v -3.9547 0.3102 5.6669
v -3.9481 0.3102 5.7232
v -3.9661 0.3102 5.7829
v -3.9673 0.3102 5.8288
v -3.9448 0.2718 5.8698
v -3.8989 0.2668 5.9167
v -3.8999 0.2663 5.9680
v -3.9053 0.2655 6.0201
v -3.9730 0.2715 6.0462
v -3.9900 0.2709 6.0890
v -4.0363 0.2736 6.1101
v -4.0372 0.2689 6.1724
v -4.0724 0.2684 6.2061
v -4.1123 0.2680 6.2351
v -4.1599 0.2687 6.2486
v -4.2075 0.2692 6.2579
v -4.2540 0.2681 6.2754
v -4.3022 0.2708 6.2525
v -4.3487 0.2704 6.2507
v -4.3876 0.2728 6.2195
v -4.4335 0.2714 6.2146
v -4.4745 0.2712 6.1946
v -4.5179 0.2700 6.1755
v -4.5514 0.2701 6.1426
v -4.6032 0.2671 6.1217
v -4.6126 0.2692 6.0698
v -4.6384 0.2684 6.0282
v -4.6450 0.2692 5.9796
v -4.6639 0.2679 5.9333
v -4.6581 0.2687 5.8841
v -4.6623 0.2676 5.8342
v -4.6266 0.2704 5.7932
v -4.6093 0.2705 5.7501
v -4.5912 0.2699 5.7066
v -4.5703 0.2689 5.6628
v -4.5281 0.2704 5.6374
v -4.4914 0.2704 5.6087
v -4.4593 0.2686 5.5698
v -4.4080 0.2708 5.5685
v -4.3654 0.2699 5.5481
v -4.3209 0.2673 5.5177
v -4.2713 0.2689 5.5303
v -4.2197 0.2667 5.5162
v -4.1721 0.2674 5.5343
v -4.1472 0.2731 5.5993
v -4.1069 0.2727 5.6166
v -4.0692 0.2723 5.6399
v -4.0029 0.2671 5.6392
v -3.9717 0.2672 5.6788
v -3.9432 0.2669 5.7206
v -3.9714 0.2726 5.7848
v -3.9852 0.2756 5.8328
v -3.9494 0.2335 5.8702
v -3.9266 0.2286 5.9155
v -3.8998 0.2212 5.9680
v -3.9217 0.2235 6.0149
v -3.9716 0.2315 6.0468
v -4.0015 0.2336 6.0817
v -4.0148 0.2298 6.1282
v -4.0620 0.2349 6.1453
v -4.0824 0.2295 6.1918
v -4.1119 0.2245 6.2360
v -4.1634 0.2285 6.2392
v -4.2000 0.2194 6.2916
v -4.2554 0.2286 6.2591
v -4.3023 0.2299 6.2544
v -4.3481 0.2304 6.2474
v -4.3861 0.2356 6.2147
v -4.4308 0.2332 6.2087
v -4.4743 0.2313 6.1944
v -4.5264 0.2259 6.1856
v -4.5493 0.2297 6.1406
v -4.5986 0.2241 6.1184
v -4.6243 0.2242 6.0759
v -4.6413 0.2249 6.0292
v -4.6389 0.2286 5.9783
v -4.6248 0.2335 5.9298
v -4.6403 0.2302 5.8849
v -4.6545 0.2258 5.8355
v -4.6455 0.2252 5.7873
v -4.6015 0.2317 5.7537
v -4.5753 0.2329 5.7167
v -4.5720 0.2261 5.6613
v -4.5208 0.2320 5.6454
v -4.4819 0.2334 5.6223
v -4.4600 0.2256 5.5685
v -4.4161 0.2251 5.5465
v -4.3635 0.2306 5.5567
v -4.3191 0.2279 5.5378
v -4.2707 0.2238 5.5183
v -4.2253 0.2293 5.5478
v -4.1860 0.2339 5.5784
v -4.1509 0.2372 5.6074
v -4.1030 0.2326 5.6106
v -4.0673 0.2327 5.6376
v -3.9916 0.2194 5.6288
v -3.9519 0.2176 5.6649
v -3.9510 0.2244 5.7247
v -3.9767 0.2354 5.7867
v -3.9975 0.2431 5.8356
v -3.9451 0.1911 5.8698
v -3.9232 0.1839 5.9156
v -3.9258 0.1829 5.9634
v -3.9533 0.1888 6.0050
v -3.9627 0.1861 6.0510
v -4.0085 0.1957 6.0772
v -4.0272 0.1926 6.1177
v -4.0538 0.1905 6.1542
v -4.1068 0.2013 6.1571
v -4.1299 0.1923 6.2014
v -4.1687 0.1903 6.2246
v -4.2083 0.1844 6.2540
v -4.2546 0.1818 6.2689
v -4.3026 0.1851 6.2604
v -4.3464 0.1913 6.2376
v -4.3866 0.1951 6.2164
v -4.4233 0.1982 6.1927
v -4.4613 0.1976 6.1739
v -4.5044 0.1928 6.1594
v -4.5280 0.1968 6.1211
v -4.5657 0.1922 6.0954
v -4.6137 0.1825 6.0703
v -4.6424 0.1790 6.0296
v -4.6472 0.1823 5.9801
v -4.6528 0.1829 5.9323
v -4.6400 0.1877 5.8849
v -4.6162 0.1943 5.8422
v -4.5974 0.1974 5.8024
v -4.6060 0.1882 5.7516
v -4.5748 0.1920 5.7171
v -4.5614 0.1861 5.6702
v -4.5194 0.1910 5.6469
v -4.4727 0.1981 5.6354
v -4.4386 0.1966 5.6096
v -4.4113 0.1846 5.5597
v -4.3630 0.1890 5.5588
v -4.3199 0.1807 5.5281
v -4.2717 0.1854 5.5405
v -4.2259 0.1874 5.5513
v -4.1825 0.1893 5.5674
v -4.1435 0.1922 5.5915
v -4.0935 0.1851 5.5956
v -4.0642 0.1898 5.6339
v -4.0286 0.1885 5.6627
v -3.9973 0.1874 5.6967
v -3.9708 0.1865 5.7350
v -3.9816 0.1974 5.7885
v -3.9770 0.2000 5.8310
v -3.9682 0.1574 5.8718
v -3.9551 0.1516 5.9142
v -3.9410 0.1425 5.9607
v -3.9555 0.1443 6.0043
v -3.9626 0.1394 6.0510
v -3.9902 0.1423 6.0888
v -4.0288 0.1493 6.1164
v -4.0854 0.1678 6.1198
v -4.1045 0.1584 6.1603
v -4.1332 0.1513 6.1951
v -4.1756 0.1549 6.2057
v -4.2096 0.1399 6.2484
v -4.2567 0.1452 6.2444
v -4.3014 0.1515 6.2321
v -4.3468 0.1454 6.2400
v -4.3879 0.1498 6.2206
v -4.4288 0.1499 6.2044
v -4.4559 0.1601 6.1654
v -4.4969 0.1543 6.1504
v -4.5346 0.1498 6.1272
v -4.5622 0.1498 6.0929
v -4.5837 0.1505 6.0547
v -4.6004 0.1510 6.0143
v -4.6179 0.1484 5.9736
v -4.6237 0.1489 5.9297
v -4.6251 0.1487 5.8855
v -4.5978 0.1596 5.8455
v -4.6002 0.1535 5.8015
v -4.5912 0.1501 5.7585
v -4.5654 0.1528 5.7230
v -4.5366 0.1549 5.6910
v -4.5073 0.1547 5.6601
v -4.4697 0.1584 5.6396
v -4.4421 0.1502 5.6028
v -4.4001 0.1529 5.5905
v -4.3628 0.1439 5.5598
v -4.3182 0.1417 5.5483
v -4.2727 0.1496 5.5638
v -4.2343 0.1644 5.5991
v -4.1965 0.1660 5.6118
v -4.1542 0.1598 5.6143
v -4.1036 0.1470 5.6115
v -4.0722 0.1504 5.6434
v -4.0272 0.1418 5.6615
v -4.0228 0.1561 5.7146
v -4.0200 0.1664 5.7607
v -3.9890 0.1587 5.7913
v -3.9629 0.1517 5.8279
v -3.9731 0.1139 5.8723
v -3.9851 0.1219 5.9130
v -3.9984 0.1277 5.9507
v -3.9898 0.1161 5.9935
v -3.9885 0.1050 6.0390
v -4.0157 0.1099 6.0726
v -4.0492 0.1169 6.0993
v -4.0710 0.1111 6.1355
v -4.1184 0.1273 6.1405
v -4.1465 0.1209 6.1695
v -4.1748 0.1061 6.2079
v -4.2196 0.1167 6.2033
v -4.2596 0.1154 6.2116
v -4.3003 0.1190 6.2067
v -4.3443 0.1042 6.2259
v -4.3857 0.1056 6.2134
v -4.4138 0.1232 6.1722
v -4.4427 0.1296 6.1447
v -4.4784 0.1247 6.1284
v -4.5041 0.1268 6.0991
v -4.5542 0.1071 6.0873
v -4.5831 0.1023 6.0544
v -4.5825 0.1144 6.0078
v -4.6218 0.0967 5.9745
v -4.6199 0.1021 5.9294
v -4.6072 0.1107 5.8863
v -4.5944 0.1159 5.8461
v -4.5738 0.1230 5.8098
v -4.5645 0.1197 5.7709
v -4.5512 0.1153 5.7321
v -4.5277 0.1148 5.6985
v -4.4956 0.1182 5.6728
v -4.4706 0.1112 5.6385
v -4.4311 0.1163 5.6240
v -4.3977 0.1093 5.5969
v -4.3629 0.0930 5.5596
v -4.3152 0.1113 5.5819
v -4.2737 0.1155 5.5877
v -4.2366 0.1283 5.6124
v -4.1977 0.1245 5.6155
v -4.1581 0.1198 5.6229
v -4.1037 0.0973 5.6116
v -4.0688 0.0985 5.6394
v -4.0616 0.1196 5.6930
v -4.0463 0.1270 5.7311
v -4.0419 0.1380 5.7721
v -4.0062 0.1240 5.7975
v -3.9588 0.1007 5.8269
v -4.0057 0.0869 5.8752
v -4.0116 0.0922 5.9118
v -4.0042 0.0832 5.9497
v -4.0252 0.0932 5.9824
v -4.0301 0.0862 6.0196
v -4.0354 0.0744 6.0601
v -4.0670 0.0833 6.0844
v -4.0793 0.0673 6.1264
v -4.1317 0.0963 6.1216
v -4.1602 0.0933 6.1434
v -4.1916 0.0900 6.1617
v -4.2242 0.0811 6.1829
v -4.2609 0.0747 6.1968
v -4.2995 0.0812 6.1894
v -4.3369 0.0826 6.1836
v -4.3703 0.0909 6.1647
v -4.4128 0.0747 6.1701
v -4.4417 0.0826 6.1430
v -4.4615 0.0956 6.1082
v -4.5055 0.0759 6.1005
v -4.5237 0.0818 6.0660
v -4.5527 0.0734 6.0385
v -4.5705 0.0718 6.0034
v -4.5693 0.0817 5.9628
v -4.5941 0.0666 5.9271
v -4.5740 0.0832 5.8877
v -4.5781 0.0767 5.8489
v -4.5523 0.0905 5.8166
v -4.5263 0.1017 5.7887
v -4.5284 0.0842 5.7465
v -4.5068 0.0837 5.7160
v -4.4751 0.0904 5.6952
v -4.4458 0.0918 5.6738
v -4.4278 0.0697 5.6302
v -4.3896 0.0738 5.6191
v -4.3537 0.0680 5.6009
v -4.3121 0.0860 5.6174
v -4.2753 0.0931 5.6256
v -4.2413 0.1005 5.6388
v -4.2015 0.0846 5.6277
v -4.1626 0.0770 5.6325
v -4.1143 0.0556 5.6282
v -4.1031 0.0837 5.6803
v -4.0798 0.0878 5.7098
v -4.0828 0.1129 5.7567
v -4.0496 0.0985 5.7761
v -4.0177 0.0835 5.8017
v -3.9900 0.0696 5.8339
v -4.0387 0.0630 5.8781
v -4.0180 0.0433 5.9115
v -4.0428 0.0644 5.9429
v -4.0558 0.0699 5.9727
v -4.0494 0.0503 6.0106
v -4.0480 0.0293 6.0521
v -4.0705 0.0301 6.0815
v -4.1090 0.0491 6.0941
v -4.1322 0.0428 6.1209
v -4.1724 0.0644 6.1199
v -4.1997 0.0574 6.1397
v -4.2344 0.0695 6.1370
v -4.2638 0.0478 6.1637
v -4.2984 0.0489 6.1634
v -4.3348 0.0366 6.1719
v -4.3678 0.0436 6.1566
v -4.3943 0.0585 6.1303
v -4.4179 0.0686 6.1057
v -4.4508 0.0576 6.0953
v -4.4679 0.0670 6.0659
v -4.4931 0.0608 6.0445
v -4.5097 0.0614 6.0161
v -4.5269 0.0572 5.9875
v -4.5595 0.0336 5.9606
v -4.5483 0.0503 5.9231
v -4.5640 0.0355 5.8881
v -4.5401 0.0557 5.8556
v -4.5380 0.0495 5.8211
v -4.5157 0.0603 5.7936
v -4.4944 0.0667 5.7682
v -4.4781 0.0632 5.7400
v -4.4519 0.0686 5.7204
v -4.4338 0.0569 5.6908
v -4.4151 0.0358 5.6545
v -4.3819 0.0360 5.6401
v -4.3458 0.0422 5.6360
v -4.3095 0.0577 5.6462
v -4.2766 0.0676 5.6554
v -4.2413 0.0473 5.6388
v -4.2022 0.0297 5.6301
v -4.1691 0.0329 5.6464
v -4.1420 0.0423 5.6719
v -4.1281 0.0647 5.7102
v -4.1073 0.0683 5.7350
v -4.0875 0.0685 5.7600
v -4.0589 0.0551 5.7810
v -4.0350 0.0442 5.8080
v -3.9983 0.0170 5.8357
v -4.0585 0.0250 5.8798
v -4.0569 0.0239 5.9099
v -4.0676 0.0333 5.9385
v -4.0707 0.0282 5.9681
v -4.0887 0.0382 5.9923
v -4.0774 0.0013 6.0334
v -4.0931 0.0000 6.0626
v -4.1210 0.0048 6.0810
v -4.1523 0.0184 6.0922
v -4.1804 0.0235 6.1045
v -4.2112 0.0349 6.1081
v -4.2437 0.0620 6.0949
v -4.2678 0.0374 6.1187
v -4.2966 0.0350 6.1213
v -4.3290 0.0088 6.1389
v -4.3550 0.0290 6.1158
v -4.3803 0.0356 6.1003
v -4.4121 0.0208 6.0965
v -4.4289 0.0357 6.0693
v -4.4490 0.0371 6.0486
v -4.4804 0.0168 6.0355
v -4.4952 0.0186 6.0085
v -4.5150 0.0087 5.9831
v -4.5198 0.0140 5.9518
v -4.5144 0.0266 5.9201
v -4.5172 0.0240 5.8901
v -4.5102 0.0288 5.8608
v -4.5080 0.0224 5.8305
v -4.4932 0.0276 5.8041
v -4.4736 0.0356 5.7814
v -4.4493 0.0472 5.7641
v -4.4478 0.0148 5.7249
v -4.4205 0.0215 5.7098
v -4.3967 0.0157 5.6899
v -4.3638 0.0321 5.6898
v -4.3363 0.0287 5.6789
v -4.3058 0.0464 5.6885
v -4.2770 0.0171 5.6644
v -4.2462 0.0163 5.6671
v -4.2138 0.0064 5.6668
v -4.1849 0.0090 5.6803
v -4.1706 0.0404 5.7168
v -4.1552 0.0549 5.7425
v -4.1404 0.0627 5.7654
v -4.1013 0.0281 5.7697
v -4.0750 0.0129 5.7894
v -4.0506 0.0000 5.8137
v -4.0565 0.0166 5.8487
v -4.0999 0.0138 5.8835
v -4.0785 0.0000 5.9089
v -4.0980 0.0073 5.9332
v -4.0976 0.0000 5.9596
v -4.1205 0.0203 5.9775
v -4.1171 0.0000 6.0081
v -4.1256 0.0000 6.0353
v -4.1463 0.0000 6.0534
v -4.1686 0.0000 6.0689
v -4.1976 0.0049 6.0716
v -4.2266 0.0315 6.0660
v -4.2482 0.0278 6.0748
v -4.2715 0.0309 6.0764
v -4.2951 0.0163 6.0862
v -4.3197 0.0126 6.0859
v -4.3475 0.0000 6.0919
v -4.3728 0.0000 6.0841
v -4.3907 0.0056 6.0630
v -4.4103 0.0077 6.0470
v -4.4287 0.0070 6.0300
v -4.4441 0.0077 6.0101
v -4.4659 0.0000 5.9933
v -4.4622 0.0163 5.9639
v -4.4859 0.0000 5.9442
v -4.4947 0.0000 5.9183
v -4.4803 0.0052 5.8917
v -4.4827 0.0000 5.8657
v -4.4753 0.0000 5.8408
v -4.4633 0.0036 5.8180
v -4.4396 0.0252 5.8030
v -4.4320 0.0120 5.7786
v -4.4203 0.0000 5.7549
v -4.4076 0.0000 5.7282
v -4.3808 0.0000 5.7204
v -4.3529 0.0075 5.7197
v -4.3301 0.0000 5.7070
v -4.3042 0.0028 5.7059
v -4.2789 0.0068 5.7078
v -4.2514 0.0000 5.6964
v -4.2240 0.0000 5.6993
v -4.1991 0.0000 5.7108
v -4.1869 0.0158 5.7425
v -4.1709 0.0248 5.7613
v -4.1508 0.0183 5.7749
v -4.1297 0.0070 5.7896
v -4.1000 0.0000 5.8024
v -4.1020 0.0000 5.8325
v -4.0963 0.0018 5.8575
v -4.1368 0.0000 5.8867
v -4.1190 0.0000 5.9072
v -4.1367 0.0000 5.9264
v -4.1402 0.0000 5.9462
v -4.1374 0.0000 5.9697
v -4.1453 0.0000 5.9902
v -4.1615 0.0000 6.0052
v -4.1741 0.0000 6.0231
v -4.1897 0.0000 6.0389
v -4.2092 0.0000 6.0494
v -4.2350 0.0000 6.0427
v -4.2527 0.0000 6.0544
v -4.2745 0.0155 6.0427
v -4.2937 0.0000 6.0534
v -4.3148 0.0000 6.0575
v -4.3360 0.0000 6.0555
v -4.3584 0.0000 6.0531
v -4.3803 0.0000 6.0465
v -4.3952 0.0000 6.0290
v -4.4115 0.0000 6.0142
v -4.4156 0.0000 5.9901
v -4.4287 0.0000 5.9738
v -4.4437 0.0000 5.9571
v -4.4464 0.0000 5.9354
v -4.4552 0.0000 5.9148
v -4.4439 0.0000 5.8933
v -4.4459 0.0000 5.8721
v -4.4337 0.0000 5.8539
v -4.4256 0.0000 5.8356
v -4.4209 0.0000 5.8149
v -4.4056 0.0000 5.8007
v -4.4012 0.0000 5.7757
v -4.3816 0.0000 5.7653
v -4.3614 0.0000 5.7575
v -4.3424 0.0000 5.7485
v -4.3204 0.0000 5.7504
v -4.3015 0.0000 5.7371
v -4.2801 0.0000 5.7374
v -4.2576 0.0000 5.7316
v -4.2350 0.0000 5.7344
v -4.2195 0.0000 5.7547
v -4.2103 0.0157 5.7793
v -4.1929 0.0083 5.7875
v -4.1727 0.0000 5.7950
v -4.1481 0.0000 5.8025
v -4.1406 0.0000 5.8236
v -4.1291 0.0000 5.8424
v -4.1410 0.0022 5.8675
v -4.1754 0.0000 5.8901
v -4.1668 0.0000 5.9052
v -4.1668 0.0000 5.9211
v -4.1668 0.0000 5.9378
v -4.1782 0.0000 5.9507
v -4.1803 0.0000 5.9679
v -4.1945 0.0000 5.9776
v -4.2039 0.0000 5.9907
v -4.2165 0.0000 6.0007
v -4.2286 0.0000 6.0121
v -4.2445 0.0000 6.0168
v -4.2601 0.0000 6.0214
v -4.2774 0.0000 6.0097
v -4.2917 0.0080 6.0066
v -4.3076 0.0000 6.0165
v -4.3212 0.0000 6.0084
v -4.3383 0.0000 6.0101
v -4.3591 0.0000 6.0133
v -4.3690 0.0000 5.9978
v -4.3817 0.0000 5.9868
v -4.3927 0.0000 5.9741
v -4.3887 0.0000 5.9530
v -4.3973 0.0000 5.9402
v -4.3982 0.0000 5.9247
v -4.4070 0.0000 5.9106
v -4.4063 0.0000 5.8949
v -4.4128 0.0000 5.8779
v -4.4034 0.0000 5.8634
v -4.4009 0.0000 5.8471
v -4.3865 0.0000 5.8368
v -4.3825 0.0000 5.8201
v -4.3746 0.0000 5.8047
v -4.3561 0.0000 5.8016
v -4.3417 0.0000 5.7953
v -4.3264 0.0000 5.7924
v -4.3134 0.0000 5.7817
v -4.2987 0.0000 5.7691
v -4.2814 0.0000 5.7671
v -4.2645 0.0000 5.7712
v -4.2483 0.0000 5.7766
v -4.2371 0.0000 5.7926
v -4.2247 0.0000 5.8019
v -4.2090 0.0000 5.8068
v -4.1968 0.0000 5.8172
v -4.1802 0.0000 5.8250
v -4.1711 0.0000 5.8395
v -4.1735 0.0000 5.8585
v -4.1723 0.0000 5.8744
v -4.2085 0.0000 5.8931
v -4.2097 0.0000 5.9033
v -4.2094 0.0000 5.9136
v -4.2102 0.0000 5.9242
v -4.2141 0.0000 5.9340
v -4.2153 0.0000 5.9457
v -4.2252 0.0000 5.9519
v -4.2348 0.0000 5.9570
v -4.2403 0.0000 5.9667
v -4.2478 0.0000 5.9754
v -4.2570 0.0000 5.9825
v -4.2697 0.0000 5.9782
v -4.2806 0.0000 5.9739
v -4.2904 0.0000 5.9769
v -4.3003 0.0000 5.9752
v -4.3116 0.0000 5.9779
v -4.3241 0.0000 5.9794
v -4.3329 0.0000 5.9720
v -4.3396 0.0000 5.9627
v -4.3474 0.0000 5.9554
v -4.3539 0.0000 5.9468
v -4.3632 0.0000 5.9397
v -4.3621 0.0000 5.9273
v -4.3635 0.0000 5.9170
v -4.3656 0.0000 5.9069
v -4.3679 0.0000 5.8965
v -4.3685 0.0000 5.8857
v -4.3655 0.0000 5.8753
v -4.3636 0.0000 5.8644
v -4.3613 0.0000 5.8528
v -4.3553 0.0000 5.8429
v -4.3425 0.0000 5.8397
v -4.3339 0.0000 5.8333
v -4.3208 0.0000 5.8354
v -4.3131 0.0000 5.8288
v -4.3051 0.0000 5.8192
v -4.2946 0.0000 5.8149
v -4.2834 0.0000 5.8144
v -4.2728 0.0000 5.8184
v -4.2631 0.0000 5.8236
v -4.2547 0.0000 5.8304
v -4.2457 0.0000 5.8349
v -4.2299 0.0000 5.8318
v -4.2190 0.0000 5.8375
v -4.2137 0.0000 5.8485
v -4.2148 0.0000 5.8623
v -4.2111 0.0000 5.8723
v -4.2146 0.0000 5.8839
v -4.2497 0.0000 5.8967
v -4.2475 0.0000 5.9017
v -4.2484 0.0000 5.9068
v -4.2465 0.0000 5.9128
v -4.2484 0.0000 5.9180
v -4.2507 0.0000 5.9232
v -4.2563 0.0000 5.9258
v -4.2604 0.0000 5.9291
v -4.2634 0.0000 5.9338
v -4.2672 0.0000 5.9381
v -4.2716 0.0000 5.9426
v -4.2776 0.0000 5.9427
v -4.2834 0.0000 5.9424
v -4.2887 0.0000 5.9371
v -4.2942 0.0000 5.9404
v -4.2997 0.0000 5.9399
v -4.3037 0.0000 5.9357
v -4.3109 0.0000 5.9374
v -4.3143 0.0000 5.9324
v -4.3205 0.0000 5.9306
v -4.3222 0.0000 5.9246
v -4.3233 0.0000 5.9188
v -4.3243 0.0000 5.9136
v -4.3275 0.0000 5.9090
v -4.3278 0.0000 5.9036
v -4.3264 0.0000 5.8983
v -4.3286 0.0000 5.8927
v -4.3257 0.0000 5.8879
v -4.3273 0.0000 5.8813
v -4.3245 0.0000 5.8762
v -4.3202 0.0000 5.8722
v -4.3164 0.0000 5.8681
v -4.3102 0.0000 5.8671
v -4.3050 0.0000 5.8657
v -4.3010 0.0000 5.8619
v -4.2968 0.0000 5.8566
v -4.2910 0.0000 5.8555
v -4.2853 0.0000 5.8579
v -4.2805 0.0000 5.8624
v -4.2755 0.0000 5.8631
v -4.2707 0.0000 5.8647
v -4.2648 0.0000 5.8649
v -4.2571 0.0000 5.8642
v -4.2544 0.0000 5.8699
v -4.2536 0.0000 5.8765
v -4.2517 0.0000 5.8815
v -4.2510 0.0000 5.8868
v -4.2466 0.0000 5.8910
v -4.2871 0.0000 5.9000
v -4.2871 0.0000 5.9000
v -4.2871 0.0000 5.9000
v -4.2871 0.0000 5.9000
v -4.2871 0.0000 5.9000
v -4.2871 0.0000 5.9000
v -4.2871 0.0000 5.9000
v -4.2871 0.0000 5.9000
v -4.2871 0.0000 5.9000
v -4.2871 0.0000 5.9000
v -4.2871 0.0000 5.9000
v -4.2871 0.0000 5.9000
v -4.2871 0.0000 5.9000
v -4.2871 0.0000 5.9000
v -4.2871 0.0000 5.9000
v -4.2871 0.0000 5.9000
v -4.2871 0.0000 5.9000
v -4.2871 0.0000 5.9000
v -4.2871 0.0000 5.9000
v -4.2871 0.0000 5.9000
v -4.2871 0.0000 5.9000
v -4.2871 0.0000 5.9000
v -4.2871 0.0000 5.9000
v -4.2871 0.0000 5.9000
v -4.2871 0.0000 5.9000
v -4.2871 0.0000 5.9000
v -4.2871 0.0000 5.9000
v -4.2871 0.0000 5.9000
v -4.2871 0.0000 5.9000
v -4.2871 0.0000 5.9000
v -4.2871 0.0000 5.9000
v -4.2871 0.0000 5.9000
v -4.2871 0.0000 5.9000
v -4.2871 0.0000 5.9000
v -4.2871 0.0000 5.9000
v -4.2871 0.0000 5.9000
v -4.2871 0.0000 5.9000
v -4.2871 0.0000 5.9000
v -4.2871 0.0000 5.9000
v -4.2871 0.0000 5.9000
v -4.2871 0.0000 5.9000
v -4.2871 0.0000 5.9000
v -4.2871 0.0000 5.9000
v -4.2871 0.0000 5.9000
v -4.2871 0.0000 5.9000
v -4.2871 0.0000 5.9000
v -4.2871 0.0000 5.9000
v -4.2871 0.0000 5.9000
v -4.2657 0.0736 5.8981
v -4.2657 0.0000 5.8981
v -4.2706 0.0736 5.9138
v -4.2706 0.0000 5.9138
v -4.2852 0.0736 5.9214
v -4.2852 0.0000 5.9214
v -4.3009 0.0736 5.9165
v -4.3009 0.0000 5.9165
v -4.3085 0.0736 5.9019
v -4.3085 0.0000 5.9019
v -4.3036 0.0736 5.8862
v -4.3036 0.0000 5.8862
v -4.2890 0.0736 5.8786
v -4.2890 0.0000 5.8786
v -4.2733 0.0736 5.8835
v -4.2733 0.0000 5.8835
v -4.2871 0.0736 5.9000
v -4.2871 0.0000 5.9000
vn 0.0324 -0.6697 0.7420
usemtl leaf_5
f 3625//3343 3673//3343 3674//3343 3626//3343
vn -0.2469 -0.6684 0.7016
f 3626//3344 3674//3344 3675//3344 3627//3344
vn -0.1543 -0.5667 0.8093
usemtl leaf_4
f 3627//3345 3675//3345 3676//3345 3628//3345
vn 0.4313 -0.2582 -0.8645
usemtl leaf_5
f 3628//3346 3676//3346 3677//3346 3629//3346
vn -0.4624 -0.2611 0.8474
f 3629//3347 3677//3347 3678//3347 3630//3347
vn -0.7270 -0.5412 0.4225
f 3630//3348 3678//3348 3679//3348 3631//3348
vn 0.3845 -0.5850 -0.7141
f 3631//3349 3679//3349 3680//3349 3632//3349
vn 0.7204 -0.1180 -0.6835
f 3632//3350 3680//3350 3681//3350 3633//3350
vn 0.7291 -0.3287 -0.6003
f 3633//3351 3681//3351 3682//3351 3634//3351
vn -0.8615 -0.1710 0.4781
usemtl leaf_4
f 3634//3352 3682//3352 3683//3352 3635//3352
vn -0.8591 -0.3348 0.3871
usemtl leaf_5
f 3635//3353 3683//3353 3684//3353 3636//3353
vn 0.3549 -0.8826 0.3084
f 3636//3354 3684//3354 3685//3354 3637//3354
vn -0.3436 -0.9207 0.1851
f 3637//3355 3685//3355 3686//3355 3638//3355
vn 0.9491 -0.3132 0.0330
f 3638//3356 3686//3356 3687//3356 3639//3356
vn 0.9703 -0.0937 0.2229
usemtl leaf_4
f 3639//3357 3687//3357 3688//3357 3640//3357
vn -0.9286 -0.0911 -0.3597
usemtl leaf_5
f 3640//3358 3688//3358 3689//3358 3641//3358
vn -0.8509 -0.2235 -0.4754
f 3641//3359 3689//3359 3690//3359 3642//3359
vn 0.8172 -0.1085 0.5660
f 3642//3360 3690//3360 3691//3360 3643//3360
vn 0.5082 -0.7145 0.4808
usemtl leaf_4
f 3643//3361 3691//3361 3692//3361 3644//3361
vn -0.6572 -0.1201 -0.7441
usemtl leaf_5
f 3644//3362 3692//3362 3693//3362 3645//3362
vn -0.5729 -0.2986 -0.7633
f 3645//3363 3693//3363 3694//3363 3646//3363
vn 0.4233 -0.2286 0.8767
f 3646//3364 3694//3364 3695//3364 3647//3364
vn -0.0598 -0.5296 -0.8461
f 3647//3365 3695//3365 3696//3365 3648//3365
vn 0.0610 -0.4583 0.8867
f 3648//3366 3696//3366 3697//3366 3649//3366
vn -0.1738 -0.5257 -0.8327
f 3649//3367 3697//3367 3698//3367 3650//3367
vn -0.1268 -0.1258 0.9839
f 3650//3368 3698//3368 3699//3368 3651//3368
vn -0.4385 -0.8591 0.2641
f 3651//3369 3699//3369 3700//3369 3652//3369
vn 0.3177 -0.2502 -0.9146
f 3652//3370 3700//3370 3701//3370 3653//3370
vn -0.4704 -0.1990 0.8597
usemtl leaf_4
f 3653//3371 3701//3371 3702//3371 3654//3371
vn 0.4442 -0.8845 -0.1423
usemtl leaf_5
f 3654//3372 3702//3372 3703//3372 3655//3372
vn 0.7415 -0.2657 -0.6162
f 3655//3373 3703//3373 3704//3373 3656//3373
vn 0.7504 -0.6383 -0.1717
f 3656//3374 3704//3374 3705//3374 3657//3374
vn 0.8647 -0.2189 -0.4520
f 3657//3375 3705//3375 3706//3375 3658//3375
vn 0.8765 -0.1587 -0.4545
f 3658//3376 3706//3376 3707//3376 3659//3376
vn -0.9602 -0.0940 0.2629
f 3659//3377 3707//3377 3708//3377 3660//3377
vn 0.9652 -0.2169 -0.1461
f 3660//3378 3708//3378 3709//3378 3661//3378
vn -0.9945 -0.1006 0.0278
f 3661//3379 3709//3379 3710//3379 3662//3379
vn -0.5007 -0.8370 0.2207
f 3662//3380 3710//3380 3711//3380 3663//3380
vn 0.9611 -0.0584 0.2698
f 3663//3381 3711//3381 3712//3381 3664//3381
vn -0.0980 -0.9952 0.0049
f 3664//3382 3712//3382 3713//3382 3665//3382
vn -0.8034 -0.2782 -0.5265
f 3665//3383 3713//3383 3714//3383 3666//3383
vn -0.3558 -0.5829 -0.7305
f 3666//3384 3714//3384 3715//3384 3667//3384
vn -0.6745 -0.1133 -0.7295
f 3667//3385 3715//3385 3716//3385 3668//3385
vn -0.5565 -0.1751 -0.8122
f 3668//3386 3716//3386 3717//3386 3669//3386
vn 0.5656 -0.1866 0.8033
usemtl leaf_4
f 3669//3387 3717//3387 3718//3387 3670//3387
vn 0.2424 -0.6667 0.7048
f 3670//3388 3718//3388 3719//3388 3671//3388
vn 0.2469 -0.1036 0.9635
usemtl leaf_5
f 3671//3389 3719//3389 3720//3389 3672//3389
vn -0.1462 -0.2331 -0.9614
f 3672//3390 3720//3390 3673//3390 3625//3390
vn -0.5455 -0.8224 0.1614
f 3673//3391 3721//3391 3722//3391 3674//3391
vn -0.1757 -0.5448 0.8200
f 3674//3392 3722//3392 3723//3392 3675//3392
vn -0.3342 -0.9132 0.2333
f 3675//3393 3723//3393 3724//3393 3676//3393
vn -0.3639 -0.7528 0.5485
f 3676//3394 3724//3394 3725//3394 3677//3394
vn 0.3154 -0.9485 -0.0287
f 3677//3395 3725//3395 3726//3395 3678//3395
vn 0.5841 -0.5731 -0.5748
f 3678//3396 3726//3396 3727//3396 3679//3396
vn 0.4140 -0.3440 -0.8428
f 3679//3397 3727//3397 3728//3397 3680//3397
vn 0.5190 -0.3403 -0.7841
usemtl leaf_3
f 3680//3398 3728//3398 3729//3398 3681//3398
vn -0.8474 -0.3726 0.3781
usemtl leaf_4
f 3681//3399 3729//3399 3730//3399 3682//3399
vn -0.9166 -0.3715 0.1474
f 3682//3400 3730//3400 3731//3400 3683//3400
vn -0.8988 -0.3863 0.2072
usemtl leaf_5
f 3683//3401 3731//3401 3732//3401 3684//3401
vn 0.6503 -0.7495 -0.1239
f 3684//3402 3732//3402 3733//3402 3685//3402
vn 0.8839 -0.4297 -0.1848
f 3685//3403 3733//3403 3734//3403 3686//3403
vn 0.8916 -0.4277 -0.1490
f 3686//3404 3734//3404 3735//3404 3687//3404
vn 0.2160 -0.9709 -0.1033
f 3687//3405 3735//3405 3736//3405 3688//3405
vn -0.7202 -0.5971 -0.3534
f 3688//3406 3736//3406 3737//3406 3689//3406
vn -0.5102 -0.5583 -0.6542
f 3689//3407 3737//3407 3738//3407 3690//3407
vn 0.7683 -0.4537 0.4515
f 3690//3408 3738//3408 3739//3408 3691//3408
vn -0.6859 -0.5141 -0.5150
f 3691//3409 3739//3409 3740//3409 3692//3409
vn -0.4655 -0.5835 -0.6655
usemtl leaf_4
f 3692//3410 3740//3410 3741//3410 3693//3410
vn 0.3404 -0.8809 -0.3289
usemtl leaf_5
f 3693//3411 3741//3411 3742//3411 3694//3411
vn 0.4308 -0.6031 0.6713
f 3694//3412 3742//3412 3743//3412 3695//3412
vn -0.1878 -0.8387 -0.5112
usemtl leaf_4
f 3695//3413 3743//3413 3744//3413 3696//3413
vn 0.1128 -0.8855 -0.4507
usemtl leaf_5
f 3696//3414 3744//3414 3745//3414 3697//3414
vn 0.2884 -0.8599 0.4211
f 3697//3415 3745//3415 3746//3415 3698//3415
vn 0.0054 -0.4900 0.8717
f 3698//3416 3746//3416 3747//3416 3699//3416
vn 0.2324 -0.9719 0.0376
usemtl leaf_4
f 3699//3417 3747//3417 3748//3417 3700//3417
vn 0.0708 -0.8831 0.4638
usemtl leaf_5
f 3700//3418 3748//3418 3749//3418 3701//3418
vn 0.2946 -0.7584 -0.5814
f 3701//3419 3749//3419 3750//3419 3702//3419
vn -0.6115 -0.3370 0.7159
f 3702//3420 3750//3420 3751//3420 3703//3420
vn 0.6407 -0.3498 -0.6835
f 3703//3421 3751//3421 3752//3421 3704//3421
vn -0.6971 -0.3952 0.5983
f 3704//3422 3752//3422 3753//3422 3705//3422
vn 0.8619 -0.2118 -0.4607
f 3705//3423 3753//3423 3754//3423 3706//3423
vn 0.8146 -0.5800 0.0037
f 3706//3424 3754//3424 3755//3424 3707//3424
vn -0.8760 -0.2787 0.3937
f 3707//3425 3755//3425 3756//3425 3708//3425
vn 0.8237 -0.5654 -0.0427
f 3708//3426 3756//3426 3757//3426 3709//3426
vn -0.9554 -0.2885 0.0633
f 3709//3427 3757//3427 3758//3427 3710//3427
vn -0.7296 -0.6805 -0.0677
usemtl leaf_4
f 3710//3428 3758//3428 3759//3428 3711//3428
vn 0.9159 -0.2479 0.3155
f 3711//3429 3759//3429 3760//3429 3712//3429
vn 0.0091 -0.5978 0.8016
usemtl leaf_5
f 3712//3430 3760//3430 3761//3430 3713//3430
vn 0.5074 -0.4626 0.7270
f 3713//3431 3761//3431 3762//3431 3714//3431
vn 0.6698 -0.4543 0.5873
f 3714//3432 3762//3432 3763//3432 3715//3432
vn -0.7235 -0.1775 -0.6671
f 3715//3433 3763//3433 3764//3433 3716//3433
vn 0.5165 -0.7207 0.4624
f 3716//3434 3764//3434 3765//3434 3717//3434
vn -0.4017 -0.5006 -0.7668
usemtl leaf_4
f 3717//3435 3765//3435 3766//3435 3718//3435
vn 0.0862 -0.8967 0.4343
usemtl leaf_5
f 3718//3436 3766//3436 3767//3436 3719//3436
vn 0.0354 -0.6428 0.7652
f 3719//3437 3767//3437 3768//3437 3720//3437
vn -0.6611 -0.7244 -0.1953
f 3720//3438 3768//3438 3721//3438 3673//3438
vn 0.0265 -0.8578 0.5134
f 3721//3439 3769//3439 3770//3439 3722//3439
vn -0.3291 -0.7759 0.5382
f 3722//3440 3770//3440 3771//3440 3723//3440
vn -0.1891 -0.7456 0.6390
f 3723//3441 3771//3441 3772//3441 3724//3441
vn -0.0935 -0.7343 0.6723
f 3724//3442 3772//3442 3773//3442 3725//3442
vn 0.1353 -0.6005 -0.7881
f 3725//3443 3773//3443 3774//3443 3726//3443
vn 0.0031 -0.5880 -0.8088
f 3726//3444 3774//3444 3775//3444 3727//3444
vn 0.5925 -0.2865 -0.7529
f 3727//3445 3775//3445 3776//3445 3728//3445
vn -0.4496 -0.8927 0.0304
usemtl leaf_3
f 3728//3446 3776//3446 3777//3446 3729//3446
vn -0.6975 -0.7000 0.1530
usemtl leaf_4
f 3729//3447 3777//3447 3778//3447 3730//3447
vn -0.8147 -0.4103 0.4098
usemtl leaf_5
f 3730//3448 3778//3448 3779//3448 3731//3448
vn -0.7356 -0.6512 0.1865
f 3731//3449 3779//3449 3780//3449 3732//3449
vn 0.6108 -0.7174 -0.3351
f 3732//3450 3780//3450 3781//3450 3733//3450
vn 0.7727 -0.6288 -0.0869
f 3733//3451 3781//3451 3782//3451 3734//3451
vn 0.8391 -0.5429 0.0342
usemtl leaf_4
f 3734//3452 3782//3452 3783//3452 3735//3452
vn -0.7241 -0.6228 -0.2963
f 3735//3453 3783//3453 3784//3453 3736//3453
vn 0.1583 -0.9865 -0.0412
usemtl leaf_5
f 3736//3454 3784//3454 3785//3454 3737//3454
vn -0.1295 -0.9664 -0.2221
f 3737//3455 3785//3455 3786//3455 3738//3455
vn -0.1126 -0.9433 -0.3122
f 3738//3456 3786//3456 3787//3456 3739//3456
vn 0.2262 -0.8994 -0.3741
usemtl leaf_4
f 3739//3457 3787//3457 3788//3457 3740//3457
vn 0.0463 -0.7543 -0.6549
usemtl leaf_5
f 3740//3458 3788//3458 3789//3458 3741//3458
vn -0.1682 -0.8909 -0.4218
f 3741//3459 3789//3459 3790//3459 3742//3459
vn 0.1193 -0.9810 0.1529
f 3742//3460 3790//3460 3791//3460 3743//3460
vn 0.5607 -0.6004 0.5702
f 3743//3461 3791//3461 3792//3461 3744//3461
vn 0.6354 -0.7094 -0.3049
f 3744//3462 3792//3462 3793//3462 3745//3462
vn 0.5541 -0.8311 -0.0471
f 3745//3463 3793//3463 3794//3463 3746//3463
vn 0.2769 -0.9570 0.0859
f 3746//3464 3794//3464 3795//3464 3747//3464
vn 0.0006 -0.7460 0.6660
f 3747//3465 3795//3465 3796//3465 3748//3465
vn 0.3085 -0.7668 -0.5629
f 3748//3466 3796//3466 3797//3466 3749//3466
vn 0.2083 -0.9772 -0.0404
f 3749//3467 3797//3467 3798//3467 3750//3467
vn -0.2727 -0.7213 0.6366
f 3750//3468 3798//3468 3799//3468 3751//3468
vn 0.3841 -0.8808 -0.2770
usemtl leaf_4
f 3751//3469 3799//3469 3800//3469 3752//3469
vn -0.4889 -0.6044 0.6290
f 3752//3470 3800//3470 3801//3470 3753//3470
vn 0.8318 -0.4179 -0.3652
usemtl leaf_5
f 3753//3471 3801//3471 3802//3471 3754//3471
vn -0.1550 -0.7912 0.5915
f 3754//3472 3802//3472 3803//3472 3755//3472
vn 0.4664 -0.8807 0.0821
usemtl leaf_4
f 3755//3473 3803//3473 3804//3473 3756//3473
vn 0.4777 -0.8558 -0.1986
usemtl leaf_5
f 3756//3474 3804//3474 3805//3474 3757//3474
vn -0.7727 -0.6220 -0.1271
f 3757//3475 3805//3475 3806//3475 3758//3475
vn -0.6697 -0.7136 -0.2057
usemtl leaf_4
f 3758//3476 3806//3476 3807//3476 3759//3476
vn -0.1671 -0.9386 0.3018
usemtl leaf_5
f 3759//3477 3807//3477 3808//3477 3760//3477
vn 0.3981 -0.8273 0.3963
usemtl leaf_4
f 3760//3478 3808//3478 3809//3478 3761//3478
vn 0.5903 -0.5866 0.5545
f 3761//3479 3809//3479 3810//3479 3762//3479
vn 0.5854 -0.3894 0.7111
usemtl leaf_5
f 3762//3480 3810//3480 3811//3480 3763//3480
vn -0.5327 -0.5520 -0.6415
f 3763//3481 3811//3481 3812//3481 3764//3481
vn -0.0022 -0.9543 -0.2988
f 3764//3482 3812//3482 3813//3482 3765//3482
vn -0.5868 -0.4122 -0.6969
f 3765//3483 3813//3483 3814//3483 3766//3483
vn -0.3310 -0.8877 0.3201
usemtl leaf_4
f 3766//3484 3814//3484 3815//3484 3767//3484
vn -0.6454 -0.7453 -0.1670
usemtl leaf_5
f 3767//3485 3815//3485 3816//3485 3768//3485
vn -0.1337 -0.8272 0.5458
usemtl leaf_4
f 3768//3486 3816//3486 3769//3486 3721//3486
vn -0.7172 -0.5490 0.4291
usemtl leaf_5
f 3769//3487 3817//3487 3818//3487 3770//3487
vn -0.1003 -0.5058 0.8568
f 3770//3488 3818//3488 3819//3488 3771//3488
vn 0.0567 -0.9212 0.3849
f 3771//3489 3819//3489 3820//3489 3772//3489
vn -0.4339 -0.8999 -0.0442
f 3772//3490 3820//3490 3821//3490 3773//3490
vn 0.2140 -0.3780 -0.9007
f 3773//3491 3821//3491 3822//3491 3774//3491
vn -0.2375 -0.7064 -0.6667
usemtl leaf_4
f 3774//3492 3822//3492 3823//3492 3775//3492
vn 0.3264 -0.4359 -0.8387
f 3775//3493 3823//3493 3824//3493 3776//3493
vn -0.5557 -0.7405 0.3781
usemtl leaf_3
f 3776//3494 3824//3494 3825//3494 3777//3494
vn -0.2965 -0.8850 0.3591
usemtl leaf_5
f 3777//3495 3825//3495 3826//3495 3778//3495
vn -0.8416 -0.4620 0.2797
f 3778//3496 3826//3496 3827//3496 3779//3496
vn 0.2037 -0.8474 -0.4903
f 3779//3497 3827//3497 3828//3497 3780//3497
vn 0.4021 -0.6700 -0.6240
f 3780//3498 3828//3498 3829//3498 3781//3498
vn -0.3381 -0.8904 -0.3047
f 3781//3499 3829//3499 3830//3499 3782//3499
vn 0.4637 -0.8381 0.2872
f 3782//3500 3830//3500 3831//3500 3783//3500
vn 0.1677 -0.9739 0.1527
usemtl leaf_4
f 3783//3501 3831//3501 3832//3501 3784//3501
vn 0.5828 -0.7466 -0.3208
usemtl leaf_5
f 3784//3502 3832//3502 3833//3502 3785//3502
vn 0.4934 -0.6517 -0.5761
usemtl leaf_4
f 3785//3503 3833//3503 3834//3503 3786//3503
vn -0.2213 -0.6003 -0.7686
usemtl leaf_5
f 3786//3504 3834//3504 3835//3504 3787//3504
vn -0.0596 -0.9777 -0.2013
usemtl leaf_4
f 3787//3505 3835//3505 3836//3505 3788//3505
vn -0.1397 -0.9676 -0.2103
usemtl leaf_5
f 3788//3506 3836//3506 3837//3506 3789//3506
vn 0.4759 -0.7952 -0.3757
usemtl leaf_4
f 3789//3507 3837//3507 3838//3507 3790//3507
vn 0.4617 -0.7759 -0.4299
usemtl leaf_5
f 3790//3508 3838//3508 3839//3508 3791//3508
vn 0.2976 -0.6772 0.6729
f 3791//3509 3839//3509 3840//3509 3792//3509
vn -0.1311 -0.8947 -0.4270
f 3792//3510 3840//3510 3841//3510 3793//3510
vn 0.0500 -0.9778 0.2037
f 3793//3511 3841//3511 3842//3511 3794//3511
vn 0.1053 -0.7618 -0.6392
f 3794//3512 3842//3512 3843//3512 3795//3512
vn -0.1417 -0.5735 0.8068
f 3795//3513 3843//3513 3844//3513 3796//3513
vn 0.6305 -0.7275 -0.2706
f 3796//3514 3844//3514 3845//3514 3797//3514
vn 0.4572 -0.7662 0.4515
usemtl leaf_4
f 3797//3515 3845//3515 3846//3515 3798//3515
vn 0.3016 -0.8278 0.4731
f 3798//3516 3846//3516 3847//3516 3799//3516
vn 0.5930 -0.7763 -0.2137
usemtl leaf_5
f 3799//3517 3847//3517 3848//3517 3800//3517
vn -0.5095 -0.6983 0.5027
f 3800//3518 3848//3518 3849//3518 3801//3518
vn 0.7329 -0.6799 -0.0215
usemtl leaf_4
f 3801//3519 3849//3519 3850//3519 3802//3519
vn -0.3144 -0.6292 0.7108
usemtl leaf_5
f 3802//3520 3850//3520 3851//3520 3803//3520
vn 0.8382 -0.4694 0.2777
f 3803//3521 3851//3521 3852//3521 3804//3521
vn 0.7619 -0.5717 0.3044
f 3804//3522 3852//3522 3853//3522 3805//3522
vn -0.3152 -0.9289 0.1944
f 3805//3523 3853//3523 3854//3523 3806//3523
vn -0.8474 -0.5305 0.0205
usemtl leaf_4
f 3806//3524 3854//3524 3855//3524 3807//3524
vn -0.8387 -0.5299 0.1256
f 3807//3525 3855//3525 3856//3525 3808//3525
vn 0.1014 -0.4808 0.8709
f 3808//3526 3856//3526 3857//3526 3809//3526
vn 0.2344 -0.4670 0.8526
usemtl leaf_5
f 3809//3527 3857//3527 3858//3527 3810//3527
vn 0.4670 -0.4074 0.7848
f 3810//3528 3858//3528 3859//3528 3811//3528
vn 0.1861 -0.6858 0.7035
f 3811//3529 3859//3529 3860//3529 3812//3529
vn -0.4945 -0.6810 -0.5401
f 3812//3530 3860//3530 3861//3530 3813//3530
vn -0.3053 -0.6736 -0.6731
f 3813//3531 3861//3531 3862//3531 3814//3531
vn -0.0613 -0.9162 -0.3959
usemtl leaf_4
f 3814//3532 3862//3532 3863//3532 3815//3532
vn -0.2728 -0.7808 -0.5622
usemtl leaf_5
f 3815//3533 3863//3533 3864//3533 3816//3533
vn -0.5377 -0.6675 0.5150
usemtl leaf_4
f 3816//3534 3864//3534 3817//3534 3769//3534
vn 0.1100 -0.6899 0.7155
f 3817//3535 3865//3535 3866//3535 3818//3535
vn -0.1756 -0.5354 0.8261
usemtl leaf_5
f 3818//3536 3866//3536 3867//3536 3819//3536
vn -0.4717 -0.6529 -0.5926
f 3819//3537 3867//3537 3868//3537 3820//3537
vn -0.5632 -0.7761 -0.2837
f 3820//3538 3868//3538 3869//3538 3821//3538
vn 0.1134 -0.3084 -0.9445
f 3821//3539 3869//3539 3870//3539 3822//3539
vn -0.4487 -0.5864 -0.6744
usemtl leaf_4
f 3822//3540 3870//3540 3871//3540 3823//3540
vn -0.0966 -0.8931 -0.4393
usemtl leaf_5
f 3823//3541 3871//3541 3872//3541 3824//3541
vn -0.6883 -0.6715 0.2745
f 3824//3542 3872//3542 3873//3542 3825//3542
vn -0.3789 -0.7755 -0.5049
usemtl leaf_4
f 3825//3543 3873//3543 3874//3543 3826//3543
vn -0.7712 -0.5002 -0.3937
f 3826//3544 3874//3544 3875//3544 3827//3544
vn -0.2774 -0.6093 -0.7428
usemtl leaf_5
f 3827//3545 3875//3545 3876//3545 3828//3545
vn 0.5479 -0.5926 -0.5905
f 3828//3546 3876//3546 3877//3546 3829//3546
vn -0.8328 -0.4656 -0.2996
f 3829//3547 3877//3547 3878//3547 3830//3547
vn 0.6881 -0.5377 -0.4873
f 3830//3548 3878//3548 3879//3548 3831//3548
vn 0.5318 -0.6073 -0.5903
f 3831//3549 3879//3549 3880//3549 3832//3549
vn 0.4760 -0.8738 -0.0997
f 3832//3550 3880//3550 3881//3550 3833//3550
vn 0.1086 -0.9940 -0.0103
usemtl leaf_4
f 3833//3551 3881//3551 3882//3551 3834//3551
vn -0.1166 -0.8699 -0.4792
usemtl leaf_5
f 3834//3552 3882//3552 3883//3552 3835//3552
vn 0.2907 -0.5612 -0.7749
f 3835//3553 3883//3553 3884//3553 3836//3553
vn 0.4049 -0.6214 -0.6707
f 3836//3554 3884//3554 3885//3554 3837//3554
vn 0.5498 -0.8278 0.1116
usemtl leaf_4
f 3837//3555 3885//3555 3886//3555 3838//3555
vn 0.8574 -0.5142 -0.0227
usemtl leaf_5
f 3838//3556 3886//3556 3887//3556 3839//3556
vn 0.6319 -0.4643 -0.6205
usemtl leaf_4
f 3839//3557 3887//3557 3888//3557 3840//3557
vn 0.4573 -0.7858 -0.4164
usemtl leaf_5
f 3840//3558 3888//3558 3889//3558 3841//3558
vn 0.4149 -0.9071 0.0707
usemtl leaf_4
f 3841//3559 3889//3559 3890//3559 3842//3559
vn 0.5844 -0.7841 -0.2090
usemtl leaf_5
f 3842//3560 3890//3560 3891//3560 3843//3560
vn 0.2798 -0.6678 0.6897
f 3843//3561 3891//3561 3892//3561 3844//3561
vn 0.0955 -0.9919 0.0836
usemtl leaf_4
f 3844//3562 3892//3562 3893//3562 3845//3562
vn 0.1788 -0.9666 -0.1838
usemtl leaf_5
f 3845//3563 3893//3563 3894//3563 3846//3563
vn -0.1844 -0.7652 0.6169
usemtl leaf_4
f 3846//3564 3894//3564 3895//3564 3847//3564
vn 0.7240 -0.5608 -0.4016
f 3847//3565 3895//3565 3896//3565 3848//3565
vn -0.4130 -0.6351 0.6528
usemtl leaf_5
f 3848//3566 3896//3566 3897//3566 3849//3566
vn 0.4702 -0.8794 -0.0743
usemtl leaf_4
f 3849//3567 3897//3567 3898//3567 3850//3567
vn -0.5381 -0.7110 0.4526
usemtl leaf_5
f 3850//3568 3898//3568 3899//3568 3851//3568
vn 0.7418 -0.6686 -0.0524
f 3851//3569 3899//3569 3900//3569 3852//3569
vn 0.4028 -0.7850 0.4706
f 3852//3570 3900//3570 3901//3570 3853//3570
vn -0.1971 -0.3751 0.9058
f 3853//3571 3901//3571 3902//3571 3854//3571
vn -0.5173 -0.5738 0.6349
f 3854//3572 3902//3572 3903//3572 3855//3572
vn -0.7886 -0.6148 -0.0119
usemtl leaf_3
f 3855//3573 3903//3573 3904//3573 3856//3573
vn -0.0952 -0.9905 0.0992
usemtl leaf_4
f 3856//3574 3904//3574 3905//3574 3857//3574
vn 0.3220 -0.7127 0.6232
f 3857//3575 3905//3575 3906//3575 3858//3575
vn 0.0692 -0.4392 0.8957
f 3858//3576 3906//3576 3907//3576 3859//3576
vn 0.0660 -0.3097 0.9485
usemtl leaf_5
f 3859//3577 3907//3577 3908//3577 3860//3577
vn -0.5022 -0.7097 0.4940
f 3860//3578 3908//3578 3909//3578 3861//3578
vn -0.3640 -0.8953 -0.2567
f 3861//3579 3909//3579 3910//3579 3862//3579
vn -0.3487 -0.7806 -0.5187
f 3862//3580 3910//3580 3911//3580 3863//3580
vn -0.5298 -0.4558 -0.7153
f 3863//3581 3911//3581 3912//3581 3864//3581
vn -0.3631 -0.8343 0.4148
f 3864//3582 3912//3582 3865//3582 3817//3582
vn -0.4056 -0.4308 0.8062
f 3865//3583 3913//3583 3914//3583 3866//3583
vn -0.6155 -0.6306 0.4728
f 3866//3584 3914//3584 3915//3584 3867//3584
vn -0.4333 -0.5557 -0.7095
f 3867//3585 3915//3585 3916//3585 3868//3585
vn -0.7604 -0.4059 -0.5069
f 3868//3586 3916//3586 3917//3586 3869//3586
vn -0.0495 -0.4528 -0.8902
f 3869//3587 3917//3587 3918//3587 3870//3587
vn -0.1965 -0.9793 -0.0493
usemtl leaf_3
f 3870//3588 3918//3588 3919//3588 3871//3588
vn -0.2940 -0.9429 0.1566
usemtl leaf_4
f 3871//3589 3919//3589 3920//3589 3872//3589
vn -0.3293 -0.9247 0.1909
f 3872//3590 3920//3590 3921//3590 3873//3590
vn 0.0754 -0.9876 -0.1374
usemtl leaf_5
f 3873//3591 3921//3591 3922//3591 3874//3591
vn 0.1362 -0.7876 -0.6010
usemtl leaf_4
f 3874//3592 3922//3592 3923//3592 3875//3592
vn -0.6467 -0.5456 -0.5330
f 3875//3593 3923//3593 3924//3593 3876//3593
vn -0.1219 -0.9544 -0.2726
usemtl leaf_5
f 3876//3594 3924//3594 3925//3594 3877//3594
vn -0.3213 -0.8472 -0.4230
f 3877//3595 3925//3595 3926//3595 3878//3595
vn 0.1600 -0.8912 -0.4244
f 3878//3596 3926//3596 3927//3596 3879//3596
vn 0.3131 -0.9497 0.0073
f 3879//3597 3927//3597 3928//3597 3880//3597
vn -0.1438 -0.9556 -0.2571
f 3880//3598 3928//3598 3929//3598 3881//3598
vn 0.4955 -0.8683 -0.0215
f 3881//3599 3929//3599 3930//3599 3882//3599
vn 0.5400 -0.7780 -0.3211
f 3882//3600 3930//3600 3931//3600 3883//3600
vn 0.1806 -0.8583 -0.4804
usemtl leaf_4
f 3883//3601 3931//3601 3932//3601 3884//3601
vn 0.3390 -0.7639 -0.5491
usemtl leaf_5
f 3884//3602 3932//3602 3933//3602 3885//3602
vn 0.8538 -0.4753 -0.2125
usemtl leaf_4
f 3885//3603 3933//3603 3934//3603 3886//3603
vn 0.6890 -0.6780 0.2561
usemtl leaf_3
f 3886//3604 3934//3604 3935//3604 3887//3604
vn 0.4225 -0.6577 -0.6237
usemtl leaf_5
f 3887//3605 3935//3605 3936//3605 3888//3605
vn 0.8504 -0.4020 -0.3395
usemtl leaf_4
f 3888//3606 3936//3606 3937//3606 3889//3606
vn 0.7320 -0.5005 -0.4623
usemtl leaf_5
f 3889//3607 3937//3607 3938//3607 3890//3607
vn 0.4917 -0.8706 -0.0152
f 3890//3608 3938//3608 3939//3608 3891//3608
vn 0.2955 -0.9265 0.2329
f 3891//3609 3939//3609 3940//3609 3892//3609
vn 0.4231 -0.8982 0.1193
f 3892//3610 3940//3610 3941//3610 3893//3610
vn 0.5036 -0.7784 0.3748
f 3893//3611 3941//3611 3942//3611 3894//3611
vn 0.1503 -0.8673 0.4745
f 3894//3612 3942//3612 3943//3612 3895//3612
vn 0.5887 -0.8015 -0.1052
f 3895//3613 3943//3613 3944//3613 3896//3613
vn -0.0933 -0.7200 0.6877
usemtl leaf_4
f 3896//3614 3944//3614 3945//3614 3897//3614
vn 0.6019 -0.7855 0.1440
usemtl leaf_5
f 3897//3615 3945//3615 3946//3615 3898//3615
vn -0.5100 -0.5844 0.6313
usemtl leaf_4
f 3898//3616 3946//3616 3947//3616 3899//3616
vn 0.6704 -0.4837 0.5627
usemtl leaf_5
f 3899//3617 3947//3617 3948//3617 3900//3617
vn -0.0648 -0.3950 0.9164
usemtl leaf_4
f 3900//3618 3948//3618 3949//3618 3901//3618
vn 0.2479 -0.8336 0.4936
usemtl leaf_5
f 3901//3619 3949//3619 3950//3619 3902//3619
vn 0.1207 -0.9630 0.2410
f 3902//3620 3950//3620 3951//3620 3903//3620
vn -0.6093 -0.7905 0.0628
f 3903//3621 3951//3621 3952//3621 3904//3621
vn -0.6905 -0.6763 0.2567
f 3904//3622 3952//3622 3953//3622 3905//3622
vn -0.2487 -0.5898 0.7683
usemtl leaf_3
f 3905//3623 3953//3623 3954//3623 3906//3623
vn 0.1828 -0.6349 0.7507
usemtl leaf_5
f 3906//3624 3954//3624 3955//3624 3907//3624
vn 0.4365 -0.6082 0.6630
usemtl leaf_4
f 3907//3625 3955//3625 3956//3625 3908//3625
vn 0.2886 -0.8351 0.4682
usemtl leaf_5
f 3908//3626 3956//3626 3957//3626 3909//3626
vn -0.2089 -0.9684 -0.1361
f 3909//3627 3957//3627 3958//3627 3910//3627
vn -0.4520 -0.7010 -0.5516
f 3910//3628 3958//3628 3959//3628 3911//3628
vn -0.3974 -0.4880 -0.7771
usemtl leaf_4
f 3911//3629 3959//3629 3960//3629 3912//3629
vn -0.2955 -0.7245 0.6227
usemtl leaf_3
f 3912//3630 3960//3630 3913//3630 3865//3630
vn -0.5367 -0.5833 0.6097
usemtl leaf_4
f 3913//3631 3961//3631 3962//3631 3914//3631
vn -0.9103 -0.3354 0.2427
usemtl leaf_5
f 3914//3632 3962//3632 3963//3632 3915//3632
vn -0.6951 -0.3471 -0.6296
f 3915//3633 3963//3633 3964//3633 3916//3633
vn -0.5433 -0.7700 -0.3346
f 3916//3634 3964//3634 3965//3634 3917//3634
vn -0.2358 -0.8767 -0.4193
f 3917//3635 3965//3635 3966//3635 3918//3635
vn -0.4227 -0.8846 -0.1968
f 3918//3636 3966//3636 3967//3636 3919//3636
vn -0.5324 -0.6974 -0.4797
usemtl leaf_4
f 3919//3637 3967//3637 3968//3637 3920//3637
vn -0.7721 -0.3899 -0.5019
usemtl leaf_5
f 3920//3638 3968//3638 3969//3638 3921//3638
vn -0.3000 -0.3007 -0.9053
f 3921//3639 3969//3639 3970//3639 3922//3639
vn 0.1305 -0.4615 -0.8775
usemtl leaf_4
f 3922//3640 3970//3640 3971//3640 3923//3640
vn -0.6038 -0.5982 -0.5268
f 3923//3641 3971//3641 3972//3641 3924//3641
vn -0.5592 -0.4030 -0.7245
usemtl leaf_5
f 3924//3642 3972//3642 3973//3642 3925//3642
vn 0.0621 -0.6456 -0.7612
f 3925//3643 3973//3643 3974//3643 3926//3643
vn -0.2011 -0.6279 -0.7519
f 3926//3644 3974//3644 3975//3644 3927//3644
vn 0.2161 -0.7080 -0.6724
f 3927//3645 3975//3645 3976//3645 3928//3645
vn 0.1032 -0.8654 -0.4903
f 3928//3646 3976//3646 3977//3646 3929//3646
vn 0.6571 -0.7236 -0.2113
f 3929//3647 3977//3647 3978//3647 3930//3647
vn 0.2228 -0.9614 -0.1615
usemtl leaf_4
f 3930//3648 3978//3648 3979//3648 3931//3648
vn 0.2895 -0.9114 -0.2926
usemtl leaf_5
f 3931//3649 3979//3649 3980//3649 3932//3649
vn 0.7374 -0.6525 -0.1748
usemtl leaf_4
f 3932//3650 3980//3650 3981//3650 3933//3650
vn 0.5527 -0.7895 -0.2668
f 3933//3651 3981//3651 3982//3651 3934//3651
vn 0.5365 -0.8303 -0.1508
f 3934//3652 3982//3652 3983//3652 3935//3652
vn 0.2292 -0.9085 -0.3494
usemtl leaf_5
f 3935//3653 3983//3653 3984//3653 3936//3653
vn 0.4126 -0.8806 0.2333
usemtl leaf_4
f 3936//3654 3984//3654 3985//3654 3937//3654
vn 0.7115 -0.5132 -0.4799
usemtl leaf_5
f 3937//3655 3985//3655 3986//3655 3938//3655
vn 0.9666 -0.2435 0.0804
usemtl leaf_4
f 3938//3656 3986//3656 3987//3656 3939//3656
vn 0.9344 -0.3521 -0.0544
usemtl leaf_5
f 3939//3657 3987//3657 3988//3657 3940//3657
vn 0.6667 -0.5130 0.5407
f 3940//3658 3988//3658 3989//3658 3941//3658
vn 0.7306 -0.6510 0.2058
f 3941//3659 3989//3659 3990//3659 3942//3659
vn 0.4755 -0.6564 0.5857
usemtl leaf_4
f 3942//3660 3990//3660 3991//3660 3943//3660
vn 0.7686 -0.6307 0.1070
usemtl leaf_5
f 3943//3661 3991//3661 3992//3661 3944//3661
vn -0.0639 -0.6810 0.7295
f 3944//3662 3992//3662 3993//3662 3945//3662
vn 0.4956 -0.4652 0.7335
f 3945//3663 3993//3663 3994//3663 3946//3663
vn -0.0252 -0.5516 0.8337
f 3946//3664 3994//3664 3995//3664 3947//3664
vn 0.0671 -0.8345 0.5469
usemtl leaf_4
f 3947//3665 3995//3665 3996//3665 3948//3665
vn 0.1436 -0.8067 0.5733
f 3948//3666 3996//3666 3997//3666 3949//3666
vn 0.4770 -0.5822 0.6584
usemtl leaf_3
f 3949//3667 3997//3667 3998//3667 3950//3667
vn 0.2533 -0.6723 0.6956
usemtl leaf_5
f 3950//3668 3998//3668 3999//3668 3951//3668
vn -0.5673 -0.7636 0.3085
f 3951//3669 3999//3669 4000//3669 3952//3669
vn -0.7546 -0.6561 0.0153
usemtl leaf_4
f 3952//3670 4000//3670 4001//3670 3953//3670
vn 0.2896 -0.8920 0.3470
usemtl leaf_3
f 3953//3671 4001//3671 4002//3671 3954//3671
vn -0.1867 -0.8760 0.4448
f 3954//3672 4002//3672 4003//3672 3955//3672
vn 0.1489 -0.2693 0.9515
usemtl leaf_5
f 3955//3673 4003//3673 4004//3673 3956//3673
vn -0.4371 -0.2357 0.8680
f 3956//3674 4004//3674 4005//3674 3957//3674
vn -0.8228 -0.3202 0.4696
f 3957//3675 4005//3675 4006//3675 3958//3675
vn -0.8099 -0.4894 -0.3233
f 3958//3676 4006//3676 4007//3676 3959//3676
vn -0.4258 -0.7175 -0.5513
f 3959//3677 4007//3677 4008//3677 3960//3677
vn -0.2416 -0.9702 -0.0185
usemtl leaf_4
f 3960//3678 4008//3678 3961//3678 3913//3678
vn -0.7541 -0.6285 -0.1907
f 3961//3679 4009//3679 4010//3679 3962//3679
vn -0.9792 -0.1835 -0.0861
f 3962//3680 4010//3680 4011//3680 3963//3680
vn -0.9280 -0.3675 -0.0619
usemtl leaf_5
f 3963//3681 4011//3681 4012//3681 3964//3681
vn -0.8014 -0.5516 -0.2312
f 3964//3682 4012//3682 4013//3682 3965//3682
vn -0.6706 -0.6138 -0.4167
usemtl leaf_4
f 3965//3683 4013//3683 4014//3683 3966//3683
vn -0.5537 -0.8160 -0.1658
usemtl leaf_5
f 3966//3684 4014//3684 4015//3684 3967//3684
vn -0.0723 -0.7443 -0.6640
f 3967//3685 4015//3685 4016//3685 3968//3685
vn -0.5977 -0.7800 -0.1855
usemtl leaf_4
f 3968//3686 4016//3686 4017//3686 3969//3686
vn 0.0866 -0.7673 -0.6354
f 3969//3687 4017//3687 4018//3687 3970//3687
vn -0.2027 -0.7845 -0.5861
usemtl leaf_5
f 3970//3688 4018//3688 4019//3688 3971//3688
vn -0.2657 -0.7192 -0.6420
usemtl leaf_4
f 3971//3689 4019//3689 4020//3689 3972//3689
vn -0.4097 -0.5639 -0.7170
f 3972//3690 4020//3690 4021//3690 3973//3690
vn -0.1829 -0.4317 -0.8833
usemtl leaf_5
f 3973//3691 4021//3691 4022//3691 3974//3691
vn -0.1005 -0.5460 -0.8317
f 3974//3692 4022//3692 4023//3692 3975//3692
vn -0.1112 -0.6554 -0.7471
f 3975//3693 4023//3693 4024//3693 3976//3693
vn 0.5316 -0.4672 -0.7065
f 3976//3694 4024//3694 4025//3694 3977//3694
vn 0.4690 -0.5942 -0.6535
f 3977//3695 4025//3695 4026//3695 3978//3695
vn 0.3666 -0.6779 -0.6372
usemtl leaf_4
f 3978//3696 4026//3696 4027//3696 3979//3696
vn 0.9421 -0.3144 -0.1169
f 3979//3697 4027//3697 4028//3697 3980//3697
vn 0.5237 -0.5169 -0.6771
usemtl leaf_5
f 3980//3698 4028//3698 4029//3698 3981//3698
vn 0.8649 -0.4917 -0.1007
usemtl leaf_4
f 3981//3699 4029//3699 4030//3699 3982//3699
vn 0.4293 -0.5728 -0.6982
f 3982//3700 4030//3700 4031//3700 3983//3700
vn 0.7008 -0.6741 -0.2335
usemtl leaf_5
f 3983//3701 4031//3701 4032//3701 3984//3701
vn 0.7383 -0.6745 0.0065
usemtl leaf_4
f 3984//3702 4032//3702 4033//3702 3985//3702
vn 0.6731 -0.6961 0.2498
f 3985//3703 4033//3703 4034//3703 3986//3703
vn 0.5945 -0.7428 -0.3079
usemtl leaf_3
f 3986//3704 4034//3704 4035//3704 3987//3704
vn 0.4921 -0.8539 -0.1695
usemtl leaf_5
f 3987//3705 4035//3705 4036//3705 3988//3705
vn 0.4703 -0.6734 0.5704
f 3988//3706 4036//3706 4037//3706 3989//3706
vn 0.7268 -0.6695 -0.1533
f 3989//3707 4037//3707 4038//3707 3990//3707
vn 0.2028 -0.8605 0.4674
f 3990//3708 4038//3708 4039//3708 3991//3708
vn 0.6543 -0.6489 0.3883
usemtl leaf_4
f 3991//3709 4039//3709 4040//3709 3992//3709
vn 0.3700 -0.6241 0.6882
f 3992//3710 4040//3710 4041//3710 3993//3710
vn 0.0935 -0.9612 0.2597
f 3993//3711 4041//3711 4042//3711 3994//3711
vn 0.0954 -0.9720 0.2146
usemtl leaf_5
f 3994//3712 4042//3712 4043//3712 3995//3712
vn -0.2092 -0.8239 0.5267
f 3995//3713 4043//3713 4044//3713 3996//3713
vn -0.1884 -0.4788 0.8575
f 3996//3714 4044//3714 4045//3714 3997//3714
vn 0.2278 -0.2409 0.9434
usemtl leaf_4
f 3997//3715 4045//3715 4046//3715 3998//3715
vn 0.4517 -0.2512 0.8561
f 3998//3716 4046//3716 4047//3716 3999//3716
vn -0.3264 -0.6091 0.7228
f 3999//3717 4047//3717 4048//3717 4000//3717
vn -0.4940 -0.8526 0.1703
f 4000//3718 4048//3718 4049//3718 4001//3718
vn -0.0377 -0.8650 0.5003
usemtl leaf_5
f 4001//3719 4049//3719 4050//3719 4002//3719
vn -0.5629 -0.7600 0.3250
usemtl leaf_4
f 4002//3720 4050//3720 4051//3720 4003//3720
vn -0.3166 -0.4956 0.8088
usemtl leaf_5
f 4003//3721 4051//3721 4052//3721 4004//3721
vn -0.6376 -0.0330 0.7696
f 4004//3722 4052//3722 4053//3722 4005//3722
vn -0.7804 0.0172 0.6251
f 4005//3723 4053//3723 4054//3723 4006//3723
vn -0.6735 -0.4391 0.5947
f 4006//3724 4054//3724 4055//3724 4007//3724
vn -0.5884 -0.7428 -0.3194
f 4007//3725 4055//3725 4056//3725 4008//3725
vn -0.5475 -0.8320 -0.0896
f 4008//3726 4056//3726 4009//3726 3961//3726
vn -0.3682 -0.7751 -0.5134
f 4009//3727 4057//3727 4058//3727 4010//3727
vn -0.5667 -0.6943 -0.4437
usemtl leaf_3
f 4010//3728 4058//3728 4059//3728 4011//3728
vn -0.9204 -0.3671 0.1345
usemtl leaf_4
f 4011//3729 4059//3729 4060//3729 4012//3729
vn -0.8807 -0.3370 -0.3329
usemtl leaf_5
f 4012//3730 4060//3730 4061//3730 4013//3730
vn -0.7888 -0.6054 0.1063
f 4013//3731 4061//3731 4062//3731 4014//3731
vn -0.5316 -0.8448 -0.0600
f 4014//3732 4062//3732 4063//3732 4015//3732
vn -0.0050 -0.8228 -0.5682
f 4015//3733 4063//3733 4064//3733 4016//3733
vn -0.4994 -0.7730 -0.3913
f 4016//3734 4064//3734 4065//3734 4017//3734
vn -0.1293 -0.7339 -0.6668
usemtl leaf_3
f 4017//3735 4065//3735 4066//3735 4018//3735
vn 0.0391 -0.6947 -0.7183
f 4018//3736 4066//3736 4067//3736 4019//3736
vn -0.4033 -0.6910 -0.5999
usemtl leaf_4
f 4019//3737 4067//3737 4068//3737 4020//3737
vn -0.1539 -0.7790 -0.6079
usemtl leaf_5
f 4020//3738 4068//3738 4069//3738 4021//3738
vn 0.0495 -0.6130 -0.7886
usemtl leaf_4
f 4021//3739 4069//3739 4070//3739 4022//3739
vn -0.3243 -0.4870 -0.8109
usemtl leaf_3
f 4022//3740 4070//3740 4071//3740 4023//3740
vn -0.1033 -0.6067 -0.7882
usemtl leaf_4
f 4023//3741 4071//3741 4072//3741 4024//3741
vn 0.4093 -0.7935 -0.4504
f 4024//3742 4072//3742 4073//3742 4025//3742
vn 0.4677 -0.6840 -0.5598
f 4025//3743 4073//3743 4074//3743 4026//3743
vn 0.6293 -0.4059 -0.6628
f 4026//3744 4074//3744 4075//3744 4027//3744
vn 0.8999 -0.4295 -0.0759
f 4027//3745 4075//3745 4076//3745 4028//3745
vn 0.7210 -0.2624 -0.6413
f 4028//3746 4076//3746 4077//3746 4029//3746
vn 0.7049 -0.5007 -0.5024
usemtl leaf_5
f 4029//3747 4077//3747 4078//3747 4030//3747
vn 0.3337 -0.6618 -0.6714
usemtl leaf_4
f 4030//3748 4078//3748 4079//3748 4031//3748
vn 0.7936 -0.6084 -0.0122
usemtl leaf_5
f 4031//3749 4079//3749 4080//3749 4032//3749
vn 0.9172 -0.3982 -0.0094
usemtl leaf_4
f 4032//3750 4080//3750 4081//3750 4033//3750
vn 0.8380 -0.5450 -0.0275
usemtl leaf_5
f 4033//3751 4081//3751 4082//3751 4034//3751
vn 0.8160 -0.5506 -0.1763
usemtl leaf_3
f 4034//3752 4082//3752 4083//3752 4035//3752
vn 0.9537 -0.2999 -0.0209
usemtl leaf_4
f 4035//3753 4083//3753 4084//3753 4036//3753
vn 0.6086 -0.6158 0.5004
f 4036//3754 4084//3754 4085//3754 4037//3754
vn 0.8441 -0.5347 0.0393
usemtl leaf_5
f 4037//3755 4085//3755 4086//3755 4038//3755
vn 0.6577 -0.3612 0.6610
usemtl leaf_4
f 4038//3756 4086//3756 4087//3756 4039//3756
vn 0.5519 -0.6891 0.4696
usemtl leaf_5
f 4039//3757 4087//3757 4088//3757 4040//3757
vn 0.4470 -0.7535 0.4821
f 4040//3758 4088//3758 4089//3758 4041//3758
vn 0.3468 -0.2317 0.9089
f 4041//3759 4089//3759 4090//3759 4042//3759
vn 0.5999 -0.2910 0.7453
usemtl leaf_4
f 4042//3760 4090//3760 4091//3760 4043//3760
vn -0.4301 -0.2865 0.8561
f 4043//3761 4091//3761 4092//3761 4044//3761
vn 0.1425 -0.7018 0.6979
f 4044//3762 4092//3762 4093//3762 4045//3762
vn -0.1676 -0.8333 0.5267
f 4045//3763 4093//3763 4094//3763 4046//3763
vn 0.1639 -0.2380 0.9573
f 4046//3764 4094//3764 4095//3764 4047//3764
vn -0.0553 0.0301 0.9980
usemtl leaf_5
f 4047//3765 4095//3765 4096//3765 4048//3765
vn -0.1915 -0.2511 0.9488
usemtl leaf_4
f 4048//3766 4096//3766 4097//3766 4049//3766
vn -0.1626 -0.7818 0.6019
f 4049//3767 4097//3767 4098//3767 4050//3767
vn -0.6394 -0.7278 0.2480
usemtl leaf_3
f 4050//3768 4098//3768 4099//3768 4051//3768
vn -0.8713 -0.3486 0.3455
usemtl leaf_4
f 4051//3769 4099//3769 4100//3769 4052//3769
vn -0.6849 -0.2174 0.6955
f 4052//3770 4100//3770 4101//3770 4053//3770
vn -0.7265 -0.2220 0.6503
usemtl leaf_5
f 4053//3771 4101//3771 4102//3771 4054//3771
vn -0.5000 -0.1100 0.8590
f 4054//3772 4102//3772 4103//3772 4055//3772
vn -0.6237 -0.6750 0.3943
f 4055//3773 4103//3773 4104//3773 4056//3773
vn -0.2990 -0.9474 -0.1138
f 4056//3774 4104//3774 4057//3774 4009//3774
vn -0.8706 -0.0324 -0.4909
usemtl leaf_4
f 4057//3775 4105//3775 4106//3775 4058//3775
vn -0.8233 -0.2144 -0.5255
usemtl leaf_3
f 4058//3776 4106//3776 4107//3776 4059//3776
vn -0.9380 -0.1386 -0.3177
f 4059//3777 4107//3777 4108//3777 4060//3777
vn -0.9765 0.0353 -0.2125
usemtl leaf_4
f 4060//3778 4108//3778 4109//3778 4061//3778
vn -0.9409 -0.1621 0.2972
f 4061//3779 4109//3779 4110//3779 4062//3779
vn -0.7694 -0.1153 -0.6283
f 4062//3780 4110//3780 4111//3780 4063//3780
vn -0.6845 -0.1309 -0.7172
usemtl leaf_5
f 4063//3781 4111//3781 4112//3781 4064//3781
vn -0.4835 -0.6119 -0.6260
usemtl leaf_4
f 4064//3782 4112//3782 4113//3782 4065//3782
vn -0.2440 -0.5092 -0.8254
usemtl leaf_5
f 4065//3783 4113//3783 4114//3783 4066//3783
vn -0.1010 -0.6177 -0.7799
usemtl leaf_3
f 4066//3784 4114//3784 4115//3784 4067//3784
vn -0.0868 -0.4114 -0.9073
usemtl leaf_4
f 4067//3785 4115//3785 4116//3785 4068//3785
vn -0.2208 0.0085 -0.9753
f 4068//3786 4116//3786 4117//3786 4069//3786
vn -0.1479 -0.3892 -0.9092
usemtl leaf_3
f 4069//3787 4117//3787 4118//3787 4070//3787
vn -0.1024 -0.4477 -0.8883
usemtl leaf_5
f 4070//3788 4118//3788 4119//3788 4071//3788
vn -0.2080 -0.2924 -0.9334
f 4071//3789 4119//3789 4120//3789 4072//3789
vn 0.4706 -0.3205 -0.8221
f 4072//3790 4120//3790 4121//3790 4073//3790
vn 0.5626 -0.5159 -0.6460
usemtl leaf_4
f 4073//3791 4121//3791 4122//3791 4074//3791
vn 0.8415 -0.3787 -0.3853
usemtl leaf_5
f 4074//3792 4122//3792 4123//3792 4075//3792
vn 0.5663 -0.5673 -0.5979
usemtl leaf_4
f 4075//3793 4123//3793 4124//3793 4076//3793
vn 0.4153 -0.9067 -0.0730
f 4076//3794 4124//3794 4125//3794 4077//3794
vn 0.5575 -0.6876 -0.4652
f 4077//3795 4125//3795 4126//3795 4078//3795
vn 0.8258 -0.1463 -0.5447
f 4078//3796 4126//3796 4127//3796 4079//3796
vn 0.9356 -0.1992 -0.2914
usemtl leaf_3
f 4079//3797 4127//3797 4128//3797 4080//3797
vn 0.7809 -0.6246 -0.0006
f 4080//3798 4128//3798 4129//3798 4081//3798
vn 0.5239 -0.7535 -0.3972
f 4081//3799 4129//3799 4130//3799 4082//3799
vn 0.6465 -0.6098 0.4585
usemtl leaf_4
f 4082//3800 4130//3800 4131//3800 4083//3800
vn 0.9213 -0.3773 -0.0939
f 4083//3801 4131//3801 4132//3801 4084//3801
vn 0.8690 -0.2772 0.4098
usemtl leaf_3
f 4084//3802 4132//3802 4133//3802 4085//3802
vn 0.8879 -0.4425 0.1258
usemtl leaf_5
f 4085//3803 4133//3803 4134//3803 4086//3803
vn 0.4767 -0.4155 0.7747
usemtl leaf_4
f 4086//3804 4134//3804 4135//3804 4087//3804
vn 0.9243 -0.2898 0.2483
f 4087//3805 4135//3805 4136//3805 4088//3805
vn 0.2681 -0.2399 0.9330
f 4088//3806 4136//3806 4137//3806 4089//3806
vn 0.2444 -0.3005 0.9220
usemtl leaf_5
f 4089//3807 4137//3807 4138//3807 4090//3807
vn 0.7154 -0.2951 0.6334
usemtl leaf_3
f 4090//3808 4138//3808 4139//3808 4091//3808
vn -0.3608 -0.4242 0.8306
f 4091//3809 4139//3809 4140//3809 4092//3809
vn 0.3798 -0.4680 0.7980
usemtl leaf_4
f 4092//3810 4140//3810 4141//3810 4093//3810
vn -0.4379 -0.1129 0.8919
usemtl leaf_3
f 4093//3811 4141//3811 4142//3811 4094//3811
vn 0.2147 -0.5186 0.8276
f 4094//3812 4142//3812 4143//3812 4095//3812
vn 0.1613 -0.8359 0.5246
usemtl leaf_4
f 4095//3813 4143//3813 4144//3813 4096//3813
vn 0.1713 -0.8299 0.5310
usemtl leaf_5
f 4096//3814 4144//3814 4145//3814 4097//3814
vn -0.1923 -0.7072 0.6804
f 4097//3815 4145//3815 4146//3815 4098//3815
vn -0.8794 -0.4132 0.2365
usemtl leaf_4
f 4098//3816 4146//3816 4147//3816 4099//3816
vn -0.7331 -0.6325 0.2500
f 4099//3817 4147//3817 4148//3817 4100//3817
vn -0.8130 -0.4954 0.3060
usemtl leaf_2
f 4100//3818 4148//3818 4149//3818 4101//3818
vn -0.6834 -0.2068 0.7001
f 4101//3819 4149//3819 4150//3819 4102//3819
vn -0.4995 -0.2613 0.8259
usemtl leaf_5
f 4102//3820 4150//3820 4151//3820 4103//3820
vn -0.4074 -0.2893 0.8662
f 4103//3821 4151//3821 4152//3821 4104//3821
vn -0.9099 -0.1914 -0.3680
f 4104//3822 4152//3822 4105//3822 4057//3822
vn -0.7274 -0.1682 -0.6653
usemtl leaf_4
f 4105//3823 4153//3823 4154//3823 4106//3823
vn -0.9727 -0.2259 -0.0527
f 4106//3824 4154//3824 4155//3824 4107//3824
vn -0.6652 -0.3275 -0.6710
f 4107//3825 4155//3825 4156//3825 4108//3825
vn -0.8659 -0.4508 0.2167
usemtl leaf_3
f 4108//3826 4156//3826 4157//3826 4109//3826
vn -0.9029 -0.3705 0.2178
usemtl leaf_4
f 4109//3827 4157//3827 4158//3827 4110//3827
vn -0.5575 -0.0721 -0.8270
f 4110//3828 4158//3828 4159//3828 4111//3828
vn -0.9225 -0.2109 -0.3233
usemtl leaf_3
f 4111//3829 4159//3829 4160//3829 4112//3829
vn -0.6490 -0.3051 -0.6969
f 4112//3830 4160//3830 4161//3830 4113//3830
vn -0.0497 -0.1341 -0.9897
f 4113//3831 4161//3831 4162//3831 4114//3831
vn -0.4419 0.0378 -0.8963
f 4114//3832 4162//3832 4163//3832 4115//3832
vn 0.1366 -0.1553 -0.9784
f 4115//3833 4163//3833 4164//3833 4116//3833
vn -0.3810 -0.5080 -0.7725
usemtl leaf_2
f 4116//3834 4164//3834 4165//3834 4117//3834
vn -0.4008 -0.5465 -0.7353
usemtl leaf_3
f 4117//3835 4165//3835 4166//3835 4118//3835
vn 0.0201 -0.6772 -0.7356
usemtl leaf_4
f 4118//3836 4166//3836 4167//3836 4119//3836
vn -0.1560 -0.5929 -0.7900
usemtl leaf_5
f 4119//3837 4167//3837 4168//3837 4120//3837
vn 0.7186 -0.2118 -0.6623
usemtl leaf_3
f 4120//3838 4168//3838 4169//3838 4121//3838
vn 0.2526 -0.1108 -0.9612
usemtl leaf_5
f 4121//3839 4169//3839 4170//3839 4122//3839
vn 0.8492 -0.4450 -0.2842
usemtl leaf_4
f 4122//3840 4170//3840 4171//3840 4123//3840
vn 0.2008 -0.5997 -0.7746
usemtl leaf_3
f 4123//3841 4171//3841 4172//3841 4124//3841
vn 0.8412 -0.4282 -0.3303
usemtl leaf_4
f 4124//3842 4172//3842 4173//3842 4125//3842
vn 0.8797 -0.4480 -0.1596
f 4125//3843 4173//3843 4174//3843 4126//3843
vn 0.8232 -0.4410 -0.3575
usemtl leaf_2
f 4126//3844 4174//3844 4175//3844 4127//3844
vn 0.8378 -0.3563 -0.4136
usemtl leaf_4
f 4127//3845 4175//3845 4176//3845 4128//3845
vn 0.8846 -0.3436 -0.3153
usemtl leaf_3
f 4128//3846 4176//3846 4177//3846 4129//3846
vn 0.9707 -0.1129 -0.2122
usemtl leaf_4
f 4129//3847 4177//3847 4178//3847 4130//3847
vn 0.8999 -0.3106 0.3063
usemtl leaf_3
f 4130//3848 4178//3848 4179//3848 4131//3848
vn 0.8185 -0.5616 0.1210
usemtl leaf_4
f 4131//3849 4179//3849 4180//3849 4132//3849
vn 0.7423 -0.6617 0.1058
f 4132//3850 4180//3850 4181//3850 4133//3850
vn 0.7818 -0.4541 0.4274
usemtl leaf_5
f 4133//3851 4181//3851 4182//3851 4134//3851
vn 0.6617 -0.3739 0.6499
usemtl leaf_4
f 4134//3852 4182//3852 4183//3852 4135//3852
vn 0.7877 -0.4297 0.4414
f 4135//3853 4183//3853 4184//3853 4136//3853
vn 0.2875 -0.2338 0.9288
f 4136//3854 4184//3854 4185//3854 4137//3854
vn 0.2731 -0.1990 0.9412
usemtl leaf_3
f 4137//3855 4185//3855 4186//3855 4138//3855
vn 0.7654 -0.2732 0.5827
usemtl leaf_4
f 4138//3856 4186//3856 4187//3856 4139//3856
vn -0.1531 -0.4129 0.8978
usemtl leaf_3
f 4139//3857 4187//3857 4188//3857 4140//3857
vn -0.0252 -0.3027 0.9527
f 4140//3858 4188//3858 4189//3858 4141//3858
vn -0.2040 -0.5234 0.8273
usemtl leaf_2
f 4141//3859 4189//3859 4190//3859 4142//3859
vn 0.3496 -0.5238 0.7768
usemtl leaf_4
f 4142//3860 4190//3860 4191//3860 4143//3860
vn -0.1875 -0.0059 0.9822
usemtl leaf_3
f 4143//3861 4191//3861 4192//3861 4144//3861
vn -0.0056 0.2148 0.9766
usemtl leaf_4
f 4144//3862 4192//3862 4193//3862 4145//3862
vn -0.1307 -0.2710 0.9537
usemtl leaf_3
f 4145//3863 4193//3863 4194//3863 4146//3863
vn -0.7774 -0.6012 0.1852
usemtl leaf_5
f 4146//3864 4194//3864 4195//3864 4147//3864
vn -0.6311 -0.6705 0.3902
usemtl leaf_4
f 4147//3865 4195//3865 4196//3865 4148//3865
vn -0.8769 -0.4782 -0.0491
f 4148//3866 4196//3866 4197//3866 4149//3866
vn -0.6427 -0.4049 0.6504
usemtl leaf_3
f 4149//3867 4197//3867 4198//3867 4150//3867
vn -0.1738 -0.4863 0.8563
f 4150//3868 4198//3868 4199//3868 4151//3868
vn -0.4066 -0.6226 0.6686
usemtl leaf_5
f 4151//3869 4199//3869 4200//3869 4152//3869
vn -0.7671 -0.4198 -0.4851
f 4152//3870 4200//3870 4153//3870 4105//3870
vn -0.7554 -0.1423 -0.6396
usemtl leaf_3
f 4153//3871 4201//3871 4202//3871 4154//3871
vn -0.9704 -0.2369 -0.0478
f 4154//3872 4202//3872 4203//3872 4155//3872
vn -0.7927 -0.2691 -0.5470
usemtl leaf_2
f 4155//3873 4203//3873 4204//3873 4156//3873
vn -0.8551 -0.4113 0.3156
usemtl leaf_3
f 4156//3874 4204//3874 4205//3874 4157//3874
vn -0.9345 -0.1479 -0.3239
f 4157//3875 4205//3875 4206//3875 4158//3875
vn -0.7404 -0.2180 -0.6358
usemtl leaf_4
f 4158//3876 4206//3876 4207//3876 4159//3876
vn -0.8222 -0.0829 -0.5631
f 4159//3877 4207//3877 4208//3877 4160//3877
vn -0.7971 0.0544 -0.6014
f 4160//3878 4208//3878 4209//3878 4161//3878
vn -0.0888 -0.3645 -0.9270
usemtl leaf_3
f 4161//3879 4209//3879 4210//3879 4162//3879
vn -0.4209 -0.7253 -0.5448
f 4162//3880 4210//3880 4211//3880 4163//3880
vn -0.0425 -0.8325 -0.5524
usemtl leaf_4
f 4163//3881 4211//3881 4212//3881 4164//3881
vn -0.1702 -0.7262 -0.6661
usemtl leaf_3
f 4164//3882 4212//3882 4213//3882 4165//3882
vn 0.0151 -0.0767 -0.9969
usemtl leaf_4
f 4165//3883 4213//3883 4214//3883 4166//3883
vn -0.1293 0.2459 -0.9606
f 4166//3884 4214//3884 4215//3884 4167//3884
vn 0.0023 0.0935 -0.9956
f 4167//3885 4215//3885 4216//3885 4168//3885
vn 0.7817 -0.0662 -0.6201
f 4168//3886 4216//3886 4217//3886 4169//3886
vn 0.4141 0.1167 -0.9027
usemtl leaf_3
f 4169//3887 4217//3887 4218//3887 4170//3887
vn 0.6179 0.1340 -0.7748
usemtl leaf_5
f 4170//3888 4218//3888 4219//3888 4171//3888
vn 0.4723 -0.1071 -0.8749
usemtl leaf_4
f 4171//3889 4219//3889 4220//3889 4172//3889
vn 0.8462 -0.2865 -0.4494
f 4172//3890 4220//3890 4221//3890 4173//3890
vn 0.7319 -0.5821 -0.3543
f 4173//3891 4221//3891 4222//3891 4174//3891
vn 0.7989 -0.5924 -0.1040
usemtl leaf_3
f 4174//3892 4222//3892 4223//3892 4175//3892
vn 0.7509 -0.5020 -0.4291
usemtl leaf_4
f 4175//3893 4223//3893 4224//3893 4176//3893
vn 0.8382 -0.4986 -0.2208
f 4176//3894 4224//3894 4225//3894 4177//3894
vn 0.9523 -0.2652 0.1510
usemtl leaf_2
f 4177//3895 4225//3895 4226//3895 4178//3895
vn 0.9955 0.0657 0.0680
usemtl leaf_3
f 4178//3896 4226//3896 4227//3896 4179//3896
vn 0.9787 -0.1900 -0.0782
f 4179//3897 4227//3897 4228//3897 4180//3897
vn 0.9102 -0.4065 0.0794
usemtl leaf_4
f 4180//3898 4228//3898 4229//3898 4181//3898
vn 0.5860 -0.3396 0.7357
f 4181//3899 4229//3899 4230//3899 4182//3899
vn 0.8435 -0.4813 0.2384
f 4182//3900 4230//3900 4231//3900 4183//3900
vn 0.4382 -0.3610 0.8232
f 4183//3901 4231//3901 4232//3901 4184//3901
vn 0.4276 -0.1467 0.8920
usemtl leaf_3
f 4184//3902 4232//3902 4233//3902 4185//3902
vn 0.1954 -0.2382 0.9514
usemtl leaf_4
f 4185//3903 4233//3903 4234//3903 4186//3903
vn 0.8165 -0.1436 0.5592
f 4186//3904 4234//3904 4235//3904 4187//3904
vn -0.1530 -0.0675 0.9859
usemtl leaf_3
f 4187//3905 4235//3905 4236//3905 4188//3905
vn -0.0037 -0.1710 0.9853
usemtl leaf_4
f 4188//3906 4236//3906 4237//3906 4189//3906
vn 0.2471 -0.4198 0.8733
usemtl leaf_3
f 4189//3907 4237//3907 4238//3907 4190//3907
vn -0.1719 -0.2939 0.9403
f 4190//3908 4238//3908 4239//3908 4191//3908
vn -0.1671 -0.3259 0.9305
f 4191//3909 4239//3909 4240//3909 4192//3909
vn 0.0080 -0.4924 0.8703
usemtl leaf_4
f 4192//3910 4240//3910 4241//3910 4193//3910
vn 0.0035 -0.0660 0.9978
usemtl leaf_5
f 4193//3911 4241//3911 4242//3911 4194//3911
vn -0.9087 0.1711 0.3808
usemtl leaf_4
f 4194//3912 4242//3912 4243//3912 4195//3912
vn -0.7128 0.0518 0.6994
f 4195//3913 4243//3913 4244//3913 4196//3913
vn -0.8951 -0.4193 0.1513
usemtl leaf_3
f 4196//3914 4244//3914 4245//3914 4197//3914
vn -0.4823 -0.7354 0.4760
usemtl leaf_2
f 4197//3915 4245//3915 4246//3915 4198//3915
vn -0.2475 -0.3553 0.9014
usemtl leaf_3
f 4198//3916 4246//3916 4247//3916 4199//3916
vn -0.9471 0.2281 0.2258
usemtl leaf_5
f 4199//3917 4247//3917 4248//3917 4200//3917
vn -0.9191 0.3391 -0.2006
usemtl leaf_3
f 4200//3918 4248//3918 4201//3918 4153//3918
vn -0.9855 -0.1172 -0.1227
f 4201//3919 4249//3919 4250//3919 4202//3919
vn -0.7188 -0.6927 -0.0589
usemtl leaf_2
f 4202//3920 4250//3920 4251//3920 4203//3920
vn -0.5816 -0.7894 -0.1963
usemtl leaf_4
f 4203//3921 4251//3921 4252//3921 4204//3921
vn -0.8606 -0.5003 -0.0953
usemtl leaf_2
f 4204//3922 4252//3922 4253//3922 4205//3922
vn -0.7555 0.0816 -0.6501
usemtl leaf_3
f 4205//3923 4253//3923 4254//3923 4206//3923
vn -0.9222 0.1636 -0.3504
f 4206//3924 4254//3924 4255//3924 4207//3924
vn -0.7080 -0.1801 -0.6829
usemtl leaf_2
f 4207//3925 4255//3925 4256//3925 4208//3925
vn -0.7894 -0.1174 -0.6026
usemtl leaf_3
f 4208//3926 4256//3926 4257//3926 4209//3926
vn -0.3757 0.0589 -0.9249
f 4209//3927 4257//3927 4258//3927 4210//3927
vn -0.6719 0.0477 -0.7391
usemtl leaf_4
f 4210//3928 4258//3928 4259//3928 4211//3928
vn -0.3069 -0.0670 -0.9494
usemtl leaf_3
f 4211//3929 4259//3929 4260//3929 4212//3929
vn 0.1485 -0.0926 -0.9846
f 4212//3930 4260//3930 4261//3930 4213//3930
vn 0.1181 -0.3161 -0.9414
f 4213//3931 4261//3931 4262//3931 4214//3931
vn -0.2211 -0.5800 -0.7840
f 4214//3932 4262//3932 4263//3932 4215//3932
vn 0.4808 0.0001 -0.8768
f 4215//3933 4263//3933 4264//3933 4216//3933
vn 0.4944 0.2949 -0.8177
f 4216//3934 4264//3934 4265//3934 4217//3934
vn 0.6057 -0.0638 -0.7932
f 4217//3935 4265//3935 4266//3935 4218//3935
vn 0.4642 -0.0465 -0.8845
usemtl leaf_4
f 4218//3936 4266//3936 4267//3936 4219//3936
vn 0.4899 0.0072 -0.8717
f 4219//3937 4267//3937 4268//3937 4220//3937
vn 0.6804 -0.1529 -0.7167
usemtl leaf_3
f 4220//3938 4268//3938 4269//3938 4221//3938
vn 0.9314 -0.0572 -0.3595
f 4221//3939 4269//3939 4270//3939 4222//3939
vn 0.9812 0.1142 -0.1553
usemtl leaf_4
f 4222//3940 4270//3940 4271//3940 4223//3940
vn 0.9222 0.3549 -0.1535
usemtl leaf_3
f 4223//3941 4271//3941 4272//3941 4224//3941
vn 0.8250 0.4265 -0.3707
usemtl leaf_4
f 4224//3942 4272//3942 4273//3942 4225//3942
vn 0.9966 -0.0449 0.0695
usemtl leaf_3
f 4225//3943 4273//3943 4274//3943 4226//3943
vn 0.8465 -0.5318 -0.0256
f 4226//3944 4274//3944 4275//3944 4227//3944
vn 0.9644 -0.2622 0.0347
usemtl leaf_4
f 4227//3945 4275//3945 4276//3945 4228//3945
vn 0.9950 0.0498 0.0866
usemtl leaf_3
f 4228//3946 4276//3946 4277//3946 4229//3946
vn 0.6645 -0.0777 0.7432
f 4229//3947 4277//3947 4278//3947 4230//3947
vn 0.9669 -0.0376 0.2525
f 4230//3948 4278//3948 4279//3948 4231//3948
vn 0.3812 -0.1045 0.9186
usemtl leaf_4
f 4231//3949 4279//3949 4280//3949 4232//3949
vn 0.5760 -0.4571 0.6777
usemtl leaf_3
f 4232//3950 4280//3950 4281//3950 4233//3950
vn 0.2041 -0.6375 0.7429
usemtl leaf_4
f 4233//3951 4281//3951 4282//3951 4234//3951
vn 0.3419 -0.1916 0.9200
f 4234//3952 4282//3952 4283//3952 4235//3952
vn -0.0022 0.2533 0.9674
usemtl leaf_2
f 4235//3953 4283//3953 4284//3953 4236//3953
vn 0.1261 0.0717 0.9894
usemtl leaf_3
f 4236//3954 4284//3954 4285//3954 4237//3954
vn 0.4674 -0.0967 0.8787
f 4237//3955 4285//3955 4286//3955 4238//3955
vn -0.2848 -0.3947 0.8736
f 4238//3956 4286//3956 4287//3956 4239//3956
vn 0.1933 -0.5676 0.8003
f 4239//3957 4287//3957 4288//3957 4240//3957
vn -0.5599 -0.2592 0.7870
usemtl leaf_4
f 4240//3958 4288//3958 4289//3958 4241//3958
vn -0.1228 0.0814 0.9891
f 4241//3959 4289//3959 4290//3959 4242//3959
vn -0.9128 -0.1132 0.3924
usemtl leaf_3
f 4242//3960 4290//3960 4291//3960 4243//3960
vn -0.5227 -0.2721 0.8079
f 4243//3961 4291//3961 4292//3961 4244//3961
vn -0.8041 -0.3664 0.4682
f 4244//3962 4292//3962 4293//3962 4245//3962
vn -0.5352 -0.4917 0.6869
f 4245//3963 4293//3963 4294//3963 4246//3963
vn -0.7197 -0.2385 0.6520
f 4246//3964 4294//3964 4295//3964 4247//3964
vn -0.9913 0.1195 -0.0550
usemtl leaf_4
f 4247//3965 4295//3965 4296//3965 4248//3965
vn -0.9784 0.1454 -0.1469
f 4248//3966 4296//3966 4249//3966 4201//3966
vn -0.7348 -0.6248 0.2638
usemtl leaf_2
f 4249//3967 4297//3967 4298//3967 4250//3967
vn -0.7750 -0.6301 0.0480
usemtl leaf_3
f 4250//3968 4298//3968 4299//3968 4251//3968
vn -0.7671 -0.5867 -0.2595
f 4251//3969 4299//3969 4300//3969 4252//3969
vn -0.6032 -0.2086 -0.7698
f 4252//3970 4300//3970 4301//3970 4253//3970
vn -0.6383 0.2384 -0.7319
f 4253//3971 4301//3971 4302//3971 4254//3971
vn -0.9896 0.0465 -0.1359
usemtl leaf_2
f 4254//3972 4302//3972 4303//3972 4255//3972
vn -0.8260 -0.0897 -0.5564
usemtl leaf_3
f 4255//3973 4303//3973 4304//3973 4256//3973
vn -0.5807 -0.0055 -0.8141
usemtl leaf_4
f 4256//3974 4304//3974 4305//3974 4257//3974
vn -0.5122 -0.0211 -0.8586
usemtl leaf_2
f 4257//3975 4305//3975 4306//3975 4258//3975
vn -0.6336 -0.1241 -0.7636
usemtl leaf_4
f 4258//3976 4306//3976 4307//3976 4259//3976
vn -0.3134 0.0467 -0.9485
f 4259//3977 4307//3977 4308//3977 4260//3977
vn 0.1241 0.0419 -0.9914
f 4260//3978 4308//3978 4309//3978 4261//3978
vn -0.0828 0.0115 -0.9965
usemtl leaf_3
f 4261//3979 4309//3979 4310//3979 4262//3979
vn 0.0561 0.4441 -0.8942
usemtl leaf_4
f 4262//3980 4310//3980 4311//3980 4263//3980
vn 0.5341 0.2610 -0.8041
usemtl leaf_3
f 4263//3981 4311//3981 4312//3981 4264//3981
vn 0.4020 -0.0949 -0.9107
usemtl leaf_4
f 4264//3982 4312//3982 4313//3982 4265//3982
vn 0.4106 -0.1171 -0.9043
usemtl leaf_3
f 4265//3983 4313//3983 4314//3983 4266//3983
vn 0.3482 -0.4439 -0.8257
usemtl leaf_4
f 4266//3984 4314//3984 4315//3984 4267//3984
vn 0.4081 -0.5416 -0.7349
usemtl leaf_3
f 4267//3985 4315//3985 4316//3985 4268//3985
vn 0.8801 -0.0935 -0.4655
f 4268//3986 4316//3986 4317//3986 4269//3986
vn 0.9197 0.2024 -0.3363
usemtl leaf_2
f 4269//3987 4317//3987 4318//3987 4270//3987
vn 0.8379 -0.3244 -0.4390
f 4270//3988 4318//3988 4319//3988 4271//3988
vn 0.8902 -0.3873 0.2401
usemtl leaf_3
f 4271//3989 4319//3989 4320//3989 4272//3989
vn 0.8945 -0.0729 -0.4411
usemtl leaf_2
f 4272//3990 4320//3990 4321//3990 4273//3990
vn 0.8473 -0.2070 -0.4890
usemtl leaf_3
f 4273//3991 4321//3991 4322//3991 4274//3991
vn 0.9624 -0.1319 0.2375
usemtl leaf_4
f 4274//3992 4322//3992 4323//3992 4275//3992
vn 0.9824 0.0235 0.1851
usemtl leaf_3
f 4275//3993 4323//3993 4324//3993 4276//3993
vn 0.9879 -0.0544 0.1453
f 4276//3994 4324//3994 4325//3994 4277//3994
vn 0.6797 0.1265 0.7225
usemtl leaf_2
f 4277//3995 4325//3995 4326//3995 4278//3995
vn 0.9581 0.0863 0.2733
usemtl leaf_4
f 4278//3996 4326//3996 4327//3996 4279//3996
vn 0.6537 -0.2267 0.7220
usemtl leaf_3
f 4279//3997 4327//3997 4328//3997 4280//3997
vn 0.5905 -0.2195 0.7766
usemtl leaf_2
f 4280//3998 4328//3998 4329//3998 4281//3998
vn 0.4362 -0.0580 0.8980
usemtl leaf_3
f 4281//3999 4329//3999 4330//3999 4282//3999
vn -0.0479 -0.2687 0.9620
usemtl leaf_4
f 4282//4000 4330//4000 4331//4000 4283//4000
vn 0.2854 -0.6103 0.7390
usemtl leaf_3
f 4283//4001 4331//4001 4332//4001 4284//4001
vn 0.1146 -0.7373 0.6657
usemtl leaf_2
f 4284//4002 4332//4002 4333//4002 4285//4002
vn 0.1304 -0.4218 0.8972
usemtl leaf_3
f 4285//4003 4333//4003 4334//4003 4286//4003
vn -0.1044 0.0586 0.9928
usemtl leaf_2
f 4286//4004 4334//4004 4335//4004 4287//4004
vn 0.0047 0.3145 0.9492
usemtl leaf_4
f 4287//4005 4335//4005 4336//4005 4288//4005
vn -0.5781 0.1695 0.7982
f 4288//4006 4336//4006 4337//4006 4289//4006
vn -0.5345 0.4116 0.7382
usemtl leaf_3
f 4289//4007 4337//4007 4338//4007 4290//4007
vn -0.5182 0.5501 0.6549
f 4290//4008 4338//4008 4339//4008 4291//4008
vn -0.4889 0.1120 0.8651
usemtl leaf_2
f 4291//4009 4339//4009 4340//4009 4292//4009
vn -0.4653 -0.4061 0.7865
usemtl leaf_3
f 4292//4010 4340//4010 4341//4010 4293//4010
vn -0.7552 -0.4513 0.4754
usemtl leaf_4
f 4293//4011 4341//4011 4342//4011 4294//4011
vn -0.9109 0.4124 -0.0139
usemtl leaf_2
f 4294//4012 4342//4012 4343//4012 4295//4012
vn -0.7452 0.6668 0.0043
f 4295//4013 4343//4013 4344//4013 4296//4013
vn -0.8958 0.1601 0.4146
usemtl leaf_3
f 4296//4014 4344//4014 4297//4014 4249//4014
vn -0.7506 0.3564 0.5564
usemtl leaf_4
f 4297//4015 4345//4015 4346//4015 4298//4015
vn -0.9904 0.1289 -0.0503
usemtl leaf_2
f 4298//4016 4346//4016 4347//4016 4299//4016
vn -0.9835 0.0008 -0.1808
usemtl leaf_3
f 4299//4017 4347//4017 4348//4017 4300//4017
vn -0.3746 -0.0366 -0.9264
usemtl leaf_4
f 4300//4018 4348//4018 4349//4018 4301//4018
vn -0.7835 -0.2808 -0.5544
usemtl leaf_3
f 4301//4019 4349//4019 4350//4019 4302//4019
vn -0.8378 0.1599 -0.5220
usemtl leaf_2
f 4302//4020 4350//4020 4351//4020 4303//4020
vn -0.8988 0.3634 -0.2452
f 4303//4021 4351//4021 4352//4021 4304//4021
vn -0.6202 -0.1361 -0.7726
f 4304//4022 4352//4022 4353//4022 4305//4022
vn -0.5492 -0.2550 -0.7958
usemtl leaf_3
f 4305//4023 4353//4023 4354//4023 4306//4023
vn -0.4894 -0.0207 -0.8718
usemtl leaf_4
f 4306//4024 4354//4024 4355//4024 4307//4024
vn -0.1509 0.2087 -0.9663
usemtl leaf_3
f 4307//4025 4355//4025 4356//4025 4308//4025
vn -0.2147 -0.0015 -0.9767
usemtl leaf_2
f 4308//4026 4356//4026 4357//4026 4309//4026
vn 0.2737 0.0519 -0.9604
usemtl leaf_4
f 4309//4027 4357//4027 4358//4027 4310//4027
vn 0.1738 0.1214 -0.9773
usemtl leaf_2
f 4310//4028 4358//4028 4359//4028 4311//4028
vn 0.4095 0.2650 -0.8730
usemtl leaf_3
f 4311//4029 4359//4029 4360//4029 4312//4029
vn 0.2877 0.3296 -0.8992
usemtl leaf_2
f 4312//4030 4360//4030 4361//4030 4313//4030
vn 0.3613 0.1819 -0.9145
usemtl leaf_3
f 4313//4031 4361//4031 4362//4031 4314//4031
vn 0.2868 0.3578 -0.8887
f 4314//4032 4362//4032 4363//4032 4315//4032
vn 0.5246 0.5457 -0.6534
f 4315//4033 4363//4033 4364//4033 4316//4033
vn 0.7856 0.0723 -0.6145
f 4316//4034 4364//4034 4365//4034 4317//4034
vn 0.8799 -0.3685 -0.3001
usemtl leaf_2
f 4317//4035 4365//4035 4366//4035 4318//4035
vn 0.7756 -0.0728 -0.6270
usemtl leaf_3
f 4318//4036 4366//4036 4367//4036 4319//4036
vn 0.9527 -0.2641 0.1504
usemtl leaf_2
f 4319//4037 4367//4037 4368//4037 4320//4037
vn 0.7746 -0.5642 -0.2859
f 4320//4038 4368//4038 4369//4038 4321//4038
vn 0.9262 -0.1860 -0.3280
f 4321//4039 4369//4039 4370//4039 4322//4039
vn 0.9666 -0.0454 0.2521
usemtl leaf_4
f 4322//4040 4370//4040 4371//4040 4323//4040
vn 0.9358 0.0183 0.3521
usemtl leaf_3
f 4323//4041 4371//4041 4372//4041 4324//4041
vn 0.8271 0.4806 0.2914
f 4324//4042 4372//4042 4373//4042 4325//4042
vn 0.7759 0.3087 0.5501
usemtl leaf_2
f 4325//4043 4373//4043 4374//4043 4326//4043
vn 0.9279 0.1845 0.3239
f 4326//4044 4374//4044 4375//4044 4327//4044
vn 0.5844 0.5144 0.6275
usemtl leaf_4
f 4327//4045 4375//4045 4376//4045 4328//4045
vn 0.4151 0.5776 0.7029
usemtl leaf_2
f 4328//4046 4376//4046 4377//4046 4329//4046
vn 0.6269 0.3223 0.7093
f 4329//4047 4377//4047 4378//4047 4330//4047
vn 0.0354 0.1455 0.9887
usemtl leaf_4
f 4330//4048 4378//4048 4379//4048 4331//4048
vn 0.4907 0.2636 0.8305
usemtl leaf_2
f 4331//4049 4379//4049 4380//4049 4332//4049
vn 0.3798 0.1006 0.9196
usemtl leaf_3
f 4332//4050 4380//4050 4381//4050 4333//4050
vn -0.2727 -0.2034 0.9404
f 4333//4051 4381//4051 4382//4051 4334//4051
vn 0.0919 -0.4120 0.9065
f 4334//4052 4382//4052 4383//4052 4335//4052
vn -0.2643 -0.5169 0.8142
f 4335//4053 4383//4053 4384//4053 4336//4053
vn -0.7179 0.1534 0.6790
usemtl leaf_4
f 4336//4054 4384//4054 4385//4054 4337//4054
vn -0.7035 0.3481 0.6196
usemtl leaf_2
f 4337//4055 4385//4055 4386//4055 4338//4055
vn -0.3632 0.0757 0.9286
f 4338//4056 4386//4056 4387//4056 4339//4056
vn -0.2118 -0.1097 0.9711
usemtl leaf_4
f 4339//4057 4387//4057 4388//4057 4340//4057
vn -0.4708 -0.0401 0.8813
f 4340//4058 4388//4058 4389//4058 4341//4058
vn -0.9285 0.1660 0.3320
usemtl leaf_3
f 4341//4059 4389//4059 4390//4059 4342//4059
vn -0.9369 0.0071 -0.3496
usemtl leaf_2
f 4342//4060 4390//4060 4391//4060 4343//4060
vn -0.9433 0.2910 -0.1597
f 4343//4061 4391//4061 4392//4061 4344//4061
vn -0.5579 0.4299 0.7099
f 4344//4062 4392//4062 4345//4062 4297//4062
vn -0.7461 0.3099 0.5894
usemtl leaf_3
f 4345//4063 4393//4063 4394//4063 4346//4063
vn -0.9194 0.3023 0.2515
usemtl leaf_2
f 4346//4064 4394//4064 4395//4064 4347//4064
vn -0.9448 0.1930 -0.2646
f 4347//4065 4395//4065 4396//4065 4348//4065
vn -0.4269 0.1277 -0.8952
usemtl leaf_3
f 4348//4066 4396//4066 4397//4066 4349//4066
vn -0.8447 0.1546 -0.5124
usemtl leaf_1
f 4349//4067 4397//4067 4398//4067 4350//4067
vn -0.7370 -0.1775 -0.6522
usemtl leaf_3
f 4350//4068 4398//4068 4399//4068 4351//4068
vn -0.8511 0.0964 -0.5161
f 4351//4069 4399//4069 4400//4069 4352//4069
vn -0.6896 0.5774 -0.4371
usemtl leaf_2
f 4352//4070 4400//4070 4401//4070 4353//4070
vn -0.7200 0.1912 -0.6671
f 4353//4071 4401//4071 4402//4071 4354//4071
vn -0.1607 0.1058 -0.9813
usemtl leaf_3
f 4354//4072 4402//4072 4403//4072 4355//4072
vn -0.5576 -0.2390 -0.7950
usemtl leaf_2
f 4355//4073 4403//4073 4404//4073 4356//4073
vn 0.1292 -0.1807 -0.9750
usemtl leaf_3
f 4356//4074 4404//4074 4405//4074 4357//4074
vn 0.2805 0.1642 -0.9457
usemtl leaf_2
f 4357//4075 4405//4075 4406//4075 4358//4075
vn 0.0952 0.0163 -0.9953
usemtl leaf_3
f 4358//4076 4406//4076 4407//4076 4359//4076
vn 0.6426 0.0962 -0.7602
usemtl leaf_2
f 4359//4077 4407//4077 4408//4077 4360//4077
vn 0.1119 0.1459 -0.9830
usemtl leaf_3
f 4360//4078 4408//4078 4409//4078 4361//4078
vn 0.3719 0.0869 -0.9242
usemtl leaf_2
f 4361//4079 4409//4079 4410//4079 4362//4079
vn 0.2862 -0.1396 -0.9480
f 4362//4080 4410//4080 4411//4080 4363//4080
vn 0.8023 -0.1165 -0.5855
usemtl leaf_1
f 4363//4081 4411//4081 4412//4081 4364//4081
vn 0.3830 0.0893 -0.9194
usemtl leaf_3
f 4364//4082 4412//4082 4413//4082 4365//4082
vn 0.9334 -0.0851 -0.3487
f 4365//4083 4413//4083 4414//4083 4366//4083
vn 0.8851 -0.1796 -0.4293
f 4366//4084 4414//4084 4415//4084 4367//4084
vn 0.9984 0.0388 -0.0403
usemtl leaf_4
f 4367//4085 4415//4085 4416//4085 4368//4085
vn 0.8554 0.5174 -0.0243
usemtl leaf_3
f 4368//4086 4416//4086 4417//4086 4369//4086
vn 0.7829 0.6146 -0.0964
f 4369//4087 4417//4087 4418//4087 4370//4087
vn 0.9371 0.2931 -0.1894
usemtl leaf_2
f 4370//4088 4418//4088 4419//4088 4371//4088
vn 0.8871 -0.1372 0.4407
usemtl leaf_3
f 4371//4089 4419//4089 4420//4089 4372//4089
vn 0.7804 -0.1203 0.6136
f 4372//4090 4420//4090 4421//4090 4373//4090
vn 0.8230 0.3403 0.4547
usemtl leaf_2
f 4373//4091 4421//4091 4422//4091 4374//4091
vn 0.9562 0.1941 0.2190
f 4374//4092 4422//4092 4423//4092 4375//4092
vn 0.3963 0.1006 0.9126
usemtl leaf_3
f 4375//4093 4423//4093 4424//4093 4376//4093
vn 0.5272 0.3395 0.7790
usemtl leaf_2
f 4376//4094 4424//4094 4425//4094 4377//4094
vn 0.8592 0.1680 0.4832
usemtl leaf_1
f 4377//4095 4425//4095 4426//4095 4378//4095
vn 0.2327 -0.2689 0.9346
usemtl leaf_3
f 4378//4096 4426//4096 4427//4096 4379//4096
vn 0.1139 -0.1633 0.9800
usemtl leaf_2
f 4379//4097 4427//4097 4428//4097 4380//4097
vn 0.4730 0.3208 0.8206
usemtl leaf_3
f 4380//4098 4428//4098 4429//4098 4381//4098
vn 0.0725 0.0976 0.9926
f 4381//4099 4429//4099 4430//4099 4382//4099
vn -0.1597 0.2380 0.9580
usemtl leaf_2
f 4382//4100 4430//4100 4431//4100 4383//4100
vn -0.3703 0.7242 0.5817
usemtl leaf_3
f 4383//4101 4431//4101 4432//4101 4384//4101
vn -0.7454 0.5115 0.4275
usemtl leaf_2
f 4384//4102 4432//4102 4433//4102 4385//4102
vn -0.2256 0.0260 0.9739
usemtl leaf_1
f 4385//4103 4433//4103 4434//4103 4386//4103
vn -0.5610 -0.1271 0.8180
f 4386//4104 4434//4104 4435//4104 4387//4104
vn 0.0488 -0.1370 0.9894
usemtl leaf_3
f 4387//4105 4435//4105 4436//4105 4388//4105
vn -0.6814 -0.3752 0.6284
usemtl leaf_2
f 4388//4106 4436//4106 4437//4106 4389//4106
vn -0.9467 -0.1537 0.2832
usemtl leaf_3
f 4389//4107 4437//4107 4438//4107 4390//4107
vn -0.9076 0.1185 -0.4028
f 4390//4108 4438//4108 4439//4108 4391//4108
vn -0.9137 0.2065 -0.3500
usemtl leaf_2
f 4391//4109 4439//4109 4440//4109 4392//4109
vn -0.6018 0.1784 0.7785
usemtl leaf_1
f 4392//4110 4440//4110 4393//4110 4345//4110
vn -0.8993 -0.0808 0.4298
usemtl leaf_2
f 4393//4111 4441//4111 4442//4111 4394//4111
vn -0.9382 0.2419 0.2474
usemtl leaf_4
f 4394//4112 4442//4112 4443//4112 4395//4112
vn -0.6660 0.6100 -0.4293
usemtl leaf_2
f 4395//4113 4443//4113 4444//4113 4396//4113
vn -0.7607 0.2577 -0.5957
usemtl leaf_3
f 4396//4114 4444//4114 4445//4114 4397//4114
vn -0.6293 -0.0117 -0.7771
f 4397//4115 4445//4115 4446//4115 4398//4115
vn -0.9036 0.2957 -0.3098
usemtl leaf_2
f 4398//4116 4446//4116 4447//4116 4399//4116
vn -0.5857 0.0460 -0.8092
usemtl leaf_1
f 4399//4117 4447//4117 4448//4117 4400//4117
vn -0.4948 0.3875 -0.7778
f 4400//4118 4448//4118 4449//4118 4401//4118
vn -0.6286 0.7345 -0.2556
usemtl leaf_2
f 4401//4119 4449//4119 4450//4119 4402//4119
vn -0.2103 0.6057 -0.7674
f 4402//4120 4450//4120 4451//4120 4403//4120
vn -0.6743 0.5078 -0.5362
usemtl leaf_4
f 4403//4121 4451//4121 4452//4121 4404//4121
vn 0.1820 0.3006 -0.9362
usemtl leaf_3
f 4404//4122 4452//4122 4453//4122 4405//4122
vn 0.1265 -0.1675 -0.9777
usemtl leaf_2
f 4405//4123 4453//4123 4454//4123 4406//4123
vn 0.3183 0.0487 -0.9467
usemtl leaf_1
f 4406//4124 4454//4124 4455//4124 4407//4124
vn 0.5730 0.0907 -0.8145
usemtl leaf_3
f 4407//4125 4455//4125 4456//4125 4408//4125
vn 0.3370 0.2034 -0.9193
usemtl leaf_2
f 4408//4126 4456//4126 4457//4126 4409//4126
vn 0.3089 0.5163 -0.7988
usemtl leaf_3
f 4409//4127 4457//4127 4458//4127 4410//4127
vn 0.1253 0.6130 -0.7801
usemtl leaf_2
f 4410//4128 4458//4128 4459//4128 4411//4128
vn 0.6776 0.6642 -0.3157
usemtl leaf_3
f 4411//4129 4459//4129 4460//4129 4412//4129
vn 0.2889 0.6824 -0.6715
usemtl leaf_2
f 4412//4130 4460//4130 4461//4130 4413//4130
vn 0.5201 0.5583 -0.6464
usemtl leaf_3
f 4413//4131 4461//4131 4462//4131 4414//4131
vn 0.8776 0.1230 -0.4633
usemtl leaf_4
f 4414//4132 4462//4132 4463//4132 4415//4132
vn 0.9943 -0.1016 -0.0310
f 4415//4133 4463//4133 4464//4133 4416//4133
vn 0.9358 -0.3470 0.0627
usemtl leaf_3
f 4416//4134 4464//4134 4465//4134 4417//4134
vn 0.9578 -0.2855 -0.0324
f 4417//4135 4465//4135 4466//4135 4418//4135
vn 0.8779 0.4677 0.1031
usemtl leaf_1
f 4418//4136 4466//4136 4467//4136 4419//4136
vn 0.5230 0.8315 0.1874
usemtl leaf_2
f 4419//4137 4467//4137 4468//4137 4420//4137
vn 0.7843 0.5357 0.3130
usemtl leaf_1
f 4420//4138 4468//4138 4469//4138 4421//4138
vn 0.7805 -0.0499 0.6232
f 4421//4139 4469//4139 4470//4139 4422//4139
vn 0.9786 0.1502 0.1409
usemtl leaf_2
f 4422//4140 4470//4140 4471//4140 4423//4140
vn 0.3657 0.1710 0.9149
f 4423//4141 4471//4141 4472//4141 4424//4141
vn 0.3468 0.2228 0.9111
f 4424//4142 4472//4142 4473//4142 4425//4142
vn 0.6602 0.6422 0.3897
usemtl leaf_1
f 4425//4143 4473//4143 4474//4143 4426//4143
vn 0.6096 0.6177 0.4968
usemtl leaf_3
f 4426//4144 4474//4144 4475//4144 4427//4144
vn -0.1073 0.1757 0.9786
usemtl leaf_4
f 4427//4145 4475//4145 4476//4145 4428//4145
vn 0.4844 -0.0766 0.8715
usemtl leaf_3
f 4428//4146 4476//4146 4477//4146 4429//4146
vn 0.0713 0.1411 0.9874
usemtl leaf_2
f 4429//4147 4477//4147 4478//4147 4430//4147
vn -0.4067 0.2853 0.8678
usemtl leaf_3
f 4430//4148 4478//4148 4479//4148 4431//4148
vn -0.4840 -0.0921 0.8702
f 4431//4149 4479//4149 4480//4149 4432//4149
vn -0.5386 -0.3015 0.7868
usemtl leaf_2
f 4432//4150 4480//4150 4481//4150 4433//4150
vn -0.1099 -0.3318 0.9369
f 4433//4151 4481//4151 4482//4151 4434//4151
vn -0.6787 -0.2372 0.6950
usemtl leaf_1
f 4434//4152 4482//4152 4483//4152 4435//4152
vn -0.1072 0.4184 0.9019
usemtl leaf_3
f 4435//4153 4483//4153 4484//4153 4436//4153
vn -0.3377 0.8621 0.3778
f 4436//4154 4484//4154 4485//4154 4437//4154
vn -0.6697 0.7288 0.1428
f 4437//4155 4485//4155 4486//4155 4438//4155
vn -0.9111 0.2426 -0.3331
f 4438//4156 4486//4156 4487//4156 4439//4156
vn -0.9713 -0.1816 -0.1534
usemtl leaf_1
f 4439//4157 4487//4157 4488//4157 4440//4157
vn -0.6856 -0.2389 0.6876
f 4440//4158 4488//4158 4441//4158 4393//4158
vn -0.7121 0.5962 0.3707
f 4441//4159 4489//4159 4490//4159 4442//4159
vn -0.8328 0.5305 0.1579
usemtl leaf_3
f 4442//4160 4490//4160 4491//4160 4443//4160
vn -0.8718 0.1972 -0.4485
usemtl leaf_2
f 4443//4161 4491//4161 4492//4161 4444//4161
vn -0.9845 0.0246 -0.1734
usemtl leaf_3
f 4444//4162 4492//4162 4493//4162 4445//4162
vn -0.6632 -0.2051 -0.7198
usemtl leaf_2
f 4445//4163 4493//4163 4494//4163 4446//4163
vn -0.7559 -0.1978 -0.6241
f 4446//4164 4494//4164 4495//4164 4447//4164
vn -0.2657 0.5581 -0.7861
f 4447//4165 4495//4165 4496//4165 4448//4165
vn -0.4274 0.5367 -0.7275
usemtl leaf_3
f 4448//4166 4496//4166 4497//4166 4449//4166
vn -0.8396 0.0304 -0.5424
f 4449//4167 4497//4167 4498//4167 4450//4167
vn -0.3563 0.3366 -0.8717
usemtl leaf_2
f 4450//4168 4498//4168 4499//4168 4451//4168
vn -0.7112 0.2723 -0.6481
f 4451//4169 4499//4169 4500//4169 4452//4169
vn -0.0989 0.3501 -0.9315
usemtl leaf_3
f 4452//4170 4500//4170 4501//4170 4453//4170
vn 0.2349 0.5824 -0.7782
usemtl leaf_2
f 4453//4171 4501//4171 4502//4171 4454//4171
vn 0.1570 0.3079 -0.9384
usemtl leaf_1
f 4454//4172 4502//4172 4503//4172 4455//4172
vn 0.4398 -0.0723 -0.8952
usemtl leaf_2
f 4455//4173 4503//4173 4504//4173 4456//4173
vn 0.4439 -0.1803 -0.8778
usemtl leaf_1
f 4456//4174 4504//4174 4505//4174 4457//4174
vn 0.6621 -0.0278 -0.7489
f 4457//4175 4505//4175 4506//4175 4458//4175
vn 0.2900 0.2604 -0.9209
f 4458//4176 4506//4176 4507//4176 4459//4176
vn 0.7079 0.0304 -0.7057
usemtl leaf_3
f 4459//4177 4507//4177 4508//4177 4460//4177
vn 0.6774 -0.0536 -0.7336
usemtl leaf_1
f 4460//4178 4508//4178 4509//4178 4461//4178
vn 0.5771 0.4299 -0.6944
usemtl leaf_2
f 4461//4179 4509//4179 4510//4179 4462//4179
vn 0.5208 0.7913 -0.3204
usemtl leaf_3
f 4462//4180 4510//4180 4511//4180 4463//4180
vn 0.6214 0.7693 -0.1483
f 4463//4181 4511//4181 4512//4181 4464//4181
vn 0.7491 0.6569 -0.0858
usemtl leaf_2
f 4464//4182 4512//4182 4513//4182 4465//4182
vn 0.8505 0.5092 0.1318
f 4465//4183 4513//4183 4514//4183 4466//4183
vn 0.7536 0.3687 0.5442
usemtl leaf_1
f 4466//4184 4514//4184 4515//4184 4467//4184
vn 0.9636 0.1967 0.1809
usemtl leaf_2
f 4467//4185 4515//4185 4516//4185 4468//4185
vn 0.9894 0.1447 -0.0149
usemtl leaf_1
f 4468//4186 4516//4186 4517//4186 4469//4186
vn 0.7175 0.3273 0.6149
usemtl leaf_3
f 4469//4187 4517//4187 4518//4187 4470//4187
vn 0.7645 0.5180 0.3837
usemtl leaf_2
f 4470//4188 4518//4188 4519//4188 4471//4188
vn 0.4642 0.5880 0.6624
f 4471//4189 4519//4189 4520//4189 4472//4189
vn 0.3112 0.2711 0.9109
usemtl leaf_3
f 4472//4190 4520//4190 4521//4190 4473//4190
vn 0.7098 -0.0247 0.7040
usemtl leaf_1
f 4473//4191 4521//4191 4522//4191 4474//4191
vn 0.6617 0.2793 0.6958
f 4474//4192 4522//4192 4523//4192 4475//4192
vn 0.3355 0.4023 0.8518
usemtl leaf_2
f 4475//4193 4523//4193 4524//4193 4476//4193
vn 0.4451 0.2288 0.8658
usemtl leaf_3
f 4476//4194 4524//4194 4525//4194 4477//4194
vn -0.3099 0.4757 0.8232
f 4477//4195 4525//4195 4526//4195 4478//4195
vn -0.4383 0.7200 0.5381
f 4478//4196 4526//4196 4527//4196 4479//4196
vn -0.1822 0.8958 0.4054
usemtl leaf_2
f 4479//4197 4527//4197 4528//4197 4480//4197
vn -0.1622 0.7887 0.5930
usemtl leaf_3
f 4480//4198 4528//4198 4529//4198 4481//4198
vn 0.0798 0.4609 0.8839
f 4481//4199 4529//4199 4530//4199 4482//4199
vn -0.7253 0.3606 0.5865
usemtl leaf_2
f 4482//4200 4530//4200 4531//4200 4483//4200
vn -0.4883 0.1214 0.8642
usemtl leaf_3
f 4483//4201 4531//4201 4532//4201 4484//4201
vn -0.8867 0.3423 0.3110
f 4484//4202 4532//4202 4533//4202 4485//4202
vn -0.5275 0.8448 0.0898
f 4485//4203 4533//4203 4534//4203 4486//4203
vn -0.6789 0.7217 0.1351
usemtl leaf_1
f 4486//4204 4534//4204 4535//4204 4487//4204
vn -0.9311 -0.0730 0.3573
usemtl leaf_2
f 4487//4205 4535//4205 4536//4205 4488//4205
vn -0.9462 0.0991 0.3081
f 4488//4206 4536//4206 4489//4206 4441//4206
vn -0.9026 0.4305 0.0004
usemtl leaf_1
f 4489//4207 4537//4207 4538//4207 4490//4207
vn -0.4570 0.8886 0.0390
usemtl leaf_2
f 4490//4208 4538//4208 4539//4208 4491//4208
vn -0.4367 0.8968 0.0717
usemtl leaf_1
f 4491//4209 4539//4209 4540//4209 4492//4209
vn -0.7318 0.6778 0.0716
usemtl leaf_3
f 4492//4210 4540//4210 4541//4210 4493//4210
vn -0.5671 0.6503 -0.5055
usemtl leaf_1
f 4493//4211 4541//4211 4542//4211 4494//4211
vn -0.3884 0.6247 -0.6775
f 4494//4212 4542//4212 4543//4212 4495//4212
vn -0.4437 0.0444 -0.8951
f 4495//4213 4543//4213 4544//4213 4496//4213
vn -0.5617 0.0351 -0.8266
usemtl leaf_0
f 4496//4214 4544//4214 4545//4214 4497//4214
vn -0.6492 0.6156 -0.4469
usemtl leaf_2
f 4497//4215 4545//4215 4546//4215 4498//4215
vn -0.5744 0.3128 -0.7565
f 4498//4216 4546//4216 4547//4216 4499//4216
vn -0.3976 0.5059 -0.7655
usemtl leaf_3
f 4499//4217 4547//4217 4548//4217 4500//4217
vn 0.0093 0.8258 -0.5639
f 4500//4218 4548//4218 4549//4218 4501//4218
vn 0.2218 0.6616 -0.7163
usemtl leaf_2
f 4501//4219 4549//4219 4550//4219 4502//4219
vn -0.3517 0.4287 -0.8322
usemtl leaf_3
f 4502//4220 4550//4220 4551//4220 4503//4220
vn 0.3648 0.2445 -0.8984
usemtl leaf_1
f 4503//4221 4551//4221 4552//4221 4504//4221
vn 0.6286 0.4884 -0.6052
usemtl leaf_2
f 4504//4222 4552//4222 4553//4222 4505//4222
vn 0.6445 0.6650 -0.3773
f 4505//4223 4553//4223 4554//4223 4506//4223
vn 0.2126 0.6380 -0.7401
f 4506//4224 4554//4224 4555//4224 4507//4224
vn 0.3674 0.7978 -0.4781
usemtl leaf_1
f 4507//4225 4555//4225 4556//4225 4508//4225
vn 0.3068 0.5703 -0.7620
f 4508//4226 4556//4226 4557//4226 4509//4226
vn 0.8075 0.1142 -0.5787
usemtl leaf_3
f 4509//4227 4557//4227 4558//4227 4510//4227
vn 0.9640 0.2218 -0.1466
usemtl leaf_2
f 4510//4228 4558//4228 4559//4228 4511//4228
vn 0.7613 0.1609 -0.6281
usemtl leaf_3
f 4511//4229 4559//4229 4560//4229 4512//4229
vn 0.9990 -0.0010 -0.0449
usemtl leaf_2
f 4512//4230 4560//4230 4561//4230 4513//4230
vn 0.9581 0.2456 0.1475
usemtl leaf_3
f 4513//4231 4561//4231 4562//4231 4514//4231
vn 0.8514 0.2293 0.4717
usemtl leaf_2
f 4514//4232 4562//4232 4563//4232 4515//4232
vn 0.8988 0.3855 0.2089
usemtl leaf_1
f 4515//4233 4563//4233 4564//4233 4516//4233
vn 0.7310 0.6737 0.1084
usemtl leaf_2
f 4516//4234 4564//4234 4565//4234 4517//4234
vn 0.7371 0.5626 0.3744
f 4517//4235 4565//4235 4566//4235 4518//4235
vn 0.7303 0.3428 0.5909
usemtl leaf_3
f 4518//4236 4566//4236 4567//4236 4519//4236
vn 0.6249 0.3512 0.6972
usemtl leaf_1
f 4519//4237 4567//4237 4568//4237 4520//4237
vn 0.6523 0.1861 0.7347
usemtl leaf_2
f 4520//4238 4568//4238 4569//4238 4521//4238
vn 0.5933 0.2629 0.7608
f 4521//4239 4569//4239 4570//4239 4522//4239
vn 0.4478 0.3681 0.8149
usemtl leaf_3
f 4522//4240 4570//4240 4571//4240 4523//4240
vn 0.6963 0.0638 0.7149
usemtl leaf_2
f 4523//4241 4571//4241 4572//4241 4524//4241
vn -0.1706 0.3690 0.9137
usemtl leaf_3
f 4524//4242 4572//4242 4573//4242 4525//4242
vn -0.2670 0.6371 0.7230
usemtl leaf_1
f 4525//4243 4573//4243 4574//4243 4526//4243
vn -0.6566 0.3779 0.6528
f 4526//4244 4574//4244 4575//4244 4527//4244
vn -0.1912 0.2181 0.9570
f 4527//4245 4575//4245 4576//4245 4528//4245
vn -0.0979 0.1538 0.9832
f 4528//4246 4576//4246 4577//4246 4529//4246
vn 0.1620 0.0876 0.9829
usemtl leaf_2
f 4529//4247 4577//4247 4578//4247 4530//4247
vn -0.6666 -0.0505 0.7437
f 4530//4248 4578//4248 4579//4248 4531//4248
vn -0.7469 0.4812 0.4590
usemtl leaf_3
f 4531//4249 4579//4249 4580//4249 4532//4249
vn -0.6775 0.7349 -0.0289
usemtl leaf_1
f 4532//4250 4580//4250 4581//4250 4533//4250
vn -0.8012 0.5931 -0.0788
f 4533//4251 4581//4251 4582//4251 4534//4251
vn -0.4606 0.4917 0.7390
usemtl leaf_2
f 4534//4252 4582//4252 4583//4252 4535//4252
vn -0.6273 0.1436 0.7654
usemtl leaf_1
f 4535//4253 4583//4253 4584//4253 4536//4253
vn -0.9763 0.0091 -0.2162
usemtl leaf_2
f 4536//4254 4584//4254 4537//4254 4489//4254
vn -0.6696 0.6903 -0.2740
usemtl leaf_1
f 4537//4255 4585//4255 4586//4255 4538//4255
vn -0.9152 0.3993 -0.0548
usemtl leaf_2
f 4538//4256 4586//4256 4587//4256 4539//4256
vn -0.8365 0.5332 -0.1264
f 4539//4257 4587//4257 4588//4257 4540//4257
vn -0.5191 0.8394 0.1610
f 4540//4258 4588//4258 4589//4258 4541//4258
vn -0.5948 0.7816 -0.1878
usemtl leaf_1
f 4541//4259 4589//4259 4590//4259 4542//4259
vn -0.4399 0.5271 -0.7271
f 4542//4260 4590//4260 4591//4260 4543//4260
vn -0.8813 0.3829 -0.2769
usemtl leaf_2
f 4543//4261 4591//4261 4592//4261 4544//4261
vn 0.1391 0.3112 -0.9401
f 4544//4262 4592//4262 4593//4262 4545//4262
vn -0.5649 0.6502 -0.5081
f 4545//4263 4593//4263 4594//4263 4546//4263
vn -0.5095 0.8147 -0.2768
f 4546//4264 4594//4264 4595//4264 4547//4264
vn -0.1073 0.8025 -0.5869
usemtl leaf_1
f 4547//4265 4595//4265 4596//4265 4548//4265
vn -0.2919 0.4201 -0.8593
usemtl leaf_3
f 4548//4266 4596//4266 4597//4266 4549//4266
vn 0.1889 0.3716 -0.9090
usemtl leaf_1
f 4549//4267 4597//4267 4598//4267 4550//4267
vn -0.2263 0.6751 -0.7021
usemtl leaf_2
f 4550//4268 4598//4268 4599//4268 4551//4268
vn 0.2473 0.9200 -0.3041
usemtl leaf_1
f 4551//4269 4599//4269 4600//4269 4552//4269
vn 0.3570 0.6403 -0.6802
usemtl leaf_2
f 4552//4270 4600//4270 4601//4270 4553//4270
vn 0.6917 0.0436 -0.7208
f 4553//4271 4601//4271 4602//4271 4554//4271
vn 0.6626 0.3470 -0.6638
f 4554//4272 4602//4272 4603//4272 4555//4272
vn 0.3935 0.2819 -0.8750
usemtl leaf_1
f 4555//4273 4603//4273 4604//4273 4556//4273
vn 0.4629 0.3849 -0.7984
usemtl leaf_2
f 4556//4274 4604//4274 4605//4274 4557//4274
vn 0.3685 0.7700 -0.5209
usemtl leaf_3
f 4557//4275 4605//4275 4606//4275 4558//4275
vn 0.8414 0.5294 -0.1087
f 4558//4276 4606//4276 4607//4276 4559//4276
vn 0.5659 0.7373 -0.3690
usemtl leaf_1
f 4559//4277 4607//4277 4608//4277 4560//4277
vn 0.4954 0.8344 -0.2414
usemtl leaf_2
f 4560//4278 4608//4278 4609//4278 4561//4278
vn 0.6557 0.6087 0.4466
usemtl leaf_3
f 4561//4279 4609//4279 4610//4279 4562//4279
vn 0.7974 0.5984 0.0783
usemtl leaf_2
f 4562//4280 4610//4280 4611//4280 4563//4280
vn 0.6767 0.4375 0.5921
usemtl leaf_1
f 4563//4281 4611//4281 4612//4281 4564//4281
vn 0.5101 0.7804 0.3617
usemtl leaf_2
f 4564//4282 4612//4282 4613//4282 4565//4282
vn 0.6585 0.7443 -0.1113
usemtl leaf_1
f 4565//4283 4613//4283 4614//4283 4566//4283
vn 0.6215 0.6563 0.4277
f 4566//4284 4614//4284 4615//4284 4567//4284
vn 0.3562 0.6834 0.6373
f 4567//4285 4615//4285 4616//4285 4568//4285
vn 0.4340 0.8340 0.3408
usemtl leaf_2
f 4568//4286 4616//4286 4617//4286 4569//4286
vn 0.6572 0.5808 0.4804
f 4569//4287 4617//4287 4618//4287 4570//4287
vn 0.4531 0.3467 0.8213
usemtl leaf_1
f 4570//4288 4618//4288 4619//4288 4571//4288
vn 0.5793 0.6632 0.4740
usemtl leaf_2
f 4571//4289 4619//4289 4620//4289 4572//4289
vn -0.5066 0.6815 0.5281
usemtl leaf_3
f 4572//4290 4620//4290 4621//4290 4573//4290
vn -0.2153 0.8167 0.5354
usemtl leaf_1
f 4573//4291 4621//4291 4622//4291 4574//4291
vn -0.4755 0.7151 0.5124
usemtl leaf_2
f 4574//4292 4622//4292 4623//4292 4575//4292
vn 0.2035 0.4658 0.8612
f 4575//4293 4623//4293 4624//4293 4576//4293
vn -0.1073 0.2647 0.9583
f 4576//4294 4624//4294 4625//4294 4577//4294
vn 0.2478 0.2476 0.9366
f 4577//4295 4625//4295 4626//4295 4578//4295
vn -0.6968 0.7024 0.1453
f 4578//4296 4626//4296 4627//4296 4579//4296
vn -0.6557 0.7550 0.0107
f 4579//4297 4627//4297 4628//4297 4580//4297
vn -0.7040 0.6914 -0.1620
f 4580//4298 4628//4298 4629//4298 4581//4298
vn -0.5848 0.7043 0.4025
usemtl leaf_0
f 4581//4299 4629//4299 4630//4299 4582//4299
vn -0.5292 0.2114 0.8217
usemtl leaf_1
f 4582//4300 4630//4300 4631//4300 4583//4300
vn -0.4565 0.3967 0.7964
usemtl leaf_2
f 4583//4301 4631//4301 4632//4301 4584//4301
vn -0.6394 0.6289 -0.4423
usemtl leaf_1
f 4584//4302 4632//4302 4585//4302 4537//4302
vn -0.8420 0.4654 0.2729
usemtl leaf_0
f 4585//4303 4633//4303 4634//4303 4586//4303
vn -0.7812 0.5512 -0.2930
f 4586//4304 4634//4304 4635//4304 4587//4304
vn -0.3975 0.8169 -0.4180
f 4587//4305 4635//4305 4636//4305 4588//4305
vn -0.7790 0.5862 0.2225
f 4588//4306 4636//4306 4637//4306 4589//4306
vn -0.9330 0.3471 0.0951
f 4589//4307 4637//4307 4638//4307 4590//4307
vn -0.6738 0.1893 -0.7142
usemtl leaf_1
f 4590//4308 4638//4308 4639//4308 4591//4308
vn -0.5915 0.5605 -0.5797
usemtl leaf_0
f 4591//4309 4639//4309 4640//4309 4592//4309
vn -0.1195 0.4560 -0.8819
f 4592//4310 4640//4310 4641//4310 4593//4310
vn -0.1983 0.3044 -0.9317
f 4593//4311 4641//4311 4642//4311 4594//4311
vn -0.5029 0.6158 -0.6066
f 4594//4312 4642//4312 4643//4312 4595//4312
vn -0.1024 0.8458 -0.5236
f 4595//4313 4643//4313 4644//4313 4596//4313
vn -0.5242 0.7965 -0.3014
f 4596//4314 4644//4314 4645//4314 4597//4314
vn 0.1467 0.6960 -0.7029
f 4597//4315 4645//4315 4646//4315 4598//4315
vn -0.0948 0.4287 -0.8985
f 4598//4316 4646//4316 4647//4316 4599//4316
vn 0.4844 0.2041 -0.8507
f 4599//4317 4647//4317 4648//4317 4600//4317
vn 0.2136 0.6315 -0.7453
f 4600//4318 4648//4318 4649//4318 4601//4318
vn 0.4243 0.8976 -0.1195
f 4601//4319 4649//4319 4650//4319 4602//4319
vn 0.4419 0.7576 -0.4804
f 4602//4320 4650//4320 4651//4320 4603//4320
vn 0.2117 0.7943 -0.5695
f 4603//4321 4651//4321 4652//4321 4604//4321
vn 0.2506 0.9474 -0.1988
f 4604//4322 4652//4322 4653//4322 4605//4322
vn 0.2254 0.9227 -0.3127
f 4605//4323 4653//4323 4654//4323 4606//4323
vn 0.2053 0.9580 -0.2001
f 4606//4324 4654//4324 4655//4324 4607//4324
vn 0.6260 0.6543 -0.4242
f 4607//4325 4655//4325 4656//4325 4608//4325
vn 0.7450 0.6553 -0.1242
f 4608//4326 4656//4326 4657//4326 4609//4326
vn 0.7540 0.6541 0.0607
f 4609//4327 4657//4327 4658//4327 4610//4327
vn 0.7612 0.5641 0.3199
f 4610//4328 4658//4328 4659//4328 4611//4328
vn 0.6814 0.6384 0.3579
f 4611//4329 4659//4329 4660//4329 4612//4329
vn 0.6663 0.2791 0.6915
f 4612//4330 4660//4330 4661//4330 4613//4330
vn 0.7669 0.6317 0.1129
f 4613//4331 4661//4331 4662//4331 4614//4331
vn 0.3986 0.8957 0.1972
f 4614//4332 4662//4332 4663//4332 4615//4332
vn 0.1879 0.8337 0.5193
f 4615//4333 4663//4333 4664//4333 4616//4333
vn 0.5986 0.6825 0.4193
f 4616//4334 4664//4334 4665//4334 4617//4334
vn 0.8879 0.4243 0.1778
f 4617//4335 4665//4335 4666//4335 4618//4335
vn 0.2464 0.5670 0.7860
f 4618//4336 4666//4336 4667//4336 4619//4336
vn 0.2158 0.6756 0.7050
f 4619//4337 4667//4337 4668//4337 4620//4337
vn -0.4798 0.6301 0.6106
f 4620//4338 4668//4338 4669//4338 4621//4338
vn -0.3302 0.6913 0.6427
f 4621//4339 4669//4339 4670//4339 4622//4339
vn 0.1114 0.3502 0.9300
f 4622//4340 4670//4340 4671//4340 4623//4340
vn 0.2505 0.0192 0.9679
f 4623//4341 4671//4341 4672//4341 4624//4341
vn -0.2671 0.1741 0.9478
f 4624//4342 4672//4342 4673//4342 4625//4342
vn -0.0754 0.7272 0.6823
f 4625//4343 4673//4343 4674//4343 4626//4343
vn -0.6948 0.6926 -0.1939
f 4626//4344 4674//4344 4675//4344 4627//4344
vn -0.4208 0.8813 0.2150
f 4627//4345 4675//4345 4676//4345 4628//4345
vn -0.8840 0.4653 0.0450
usemtl leaf_1
f 4628//4346 4676//4346 4677//4346 4629//4346
vn -0.4909 0.1578 0.8568
usemtl leaf_0
f 4629//4347 4677//4347 4678//4347 4630//4347
vn -0.5822 0.2892 0.7599
f 4630//4348 4678//4348 4679//4348 4631//4348
vn -0.5801 0.2306 0.7812
f 4631//4349 4679//4349 4680//4349 4632//4349
vn -0.6614 0.3142 -0.6810
f 4632//4350 4680//4350 4633//4350 4585//4350
vn -0.6307 0.6450 0.4316
f 4633//4351 4681//4351 4682//4351 4634//4351
vn -0.4599 0.6512 -0.6037
f 4634//4352 4682//4352 4683//4352 4635//4352
vn -0.8424 0.4874 -0.2297
f 4635//4353 4683//4353 4684//4353 4636//4353
vn -0.7002 0.7136 -0.0209
f 4636//4354 4684//4354 4685//4354 4637//4354
vn -0.6223 0.5923 0.5117
f 4637//4355 4685//4355 4686//4355 4638//4355
vn -0.5655 0.7403 -0.3636
f 4638//4356 4686//4356 4687//4356 4639//4356
vn -0.2298 0.4725 -0.8509
f 4639//4357 4687//4357 4688//4357 4640//4357
vn -0.3980 0.6057 -0.6890
f 4640//4358 4688//4358 4689//4358 4641//4358
vn 0.0708 0.5365 -0.8409
f 4641//4359 4689//4359 4690//4359 4642//4359
vn -0.2506 0.6246 -0.7396
f 4642//4360 4690//4360 4691//4360 4643//4360
vn 0.5274 0.7245 -0.4437
f 4643//4361 4691//4361 4692//4361 4644//4361
vn -0.6791 0.7326 -0.0467
f 4644//4362 4692//4362 4693//4362 4645//4362
vn -0.0296 0.9630 -0.2679
f 4645//4363 4693//4363 4694//4363 4646//4363
vn -0.5591 0.6991 -0.4457
f 4646//4364 4694//4364 4695//4364 4647//4364
vn 0.5556 0.7733 -0.3054
f 4647//4365 4695//4365 4696//4365 4648//4365
vn 0.5265 0.8174 -0.2339
f 4648//4366 4696//4366 4697//4366 4649//4366
vn 0.3523 0.5267 -0.7736
f 4649//4367 4697//4367 4698//4367 4650//4367
vn 0.5349 0.5406 -0.6493
f 4650//4368 4698//4368 4699//4368 4651//4368
vn 0.6126 0.7320 -0.2983
f 4651//4369 4699//4369 4700//4369 4652//4369
vn 0.3127 0.4340 -0.8449
f 4652//4370 4700//4370 4701//4370 4653//4370
vn 0.8233 0.3437 -0.4517
f 4653//4371 4701//4371 4702//4371 4654//4371
vn 0.7503 0.2942 -0.5920
f 4654//4372 4702//4372 4703//4372 4655//4372
vn 0.6014 0.5659 -0.5639
f 4655//4373 4703//4373 4704//4373 4656//4373
vn 0.5069 0.7432 0.4366
f 4656//4374 4704//4374 4705//4374 4657//4374
vn 0.3721 0.8642 -0.3386
f 4657//4375 4705//4375 4706//4375 4658//4375
vn 0.3504 0.7948 0.4955
f 4658//4376 4706//4376 4707//4376 4659//4376
vn 0.6792 0.7277 -0.0956
f 4659//4377 4707//4377 4708//4377 4660//4377
vn 0.5261 0.6464 0.5527
f 4660//4378 4708//4378 4709//4378 4661//4378
vn 0.5224 0.5854 0.6200
f 4661//4379 4709//4379 4710//4379 4662//4379
vn 0.3836 0.7876 0.4823
f 4662//4380 4710//4380 4711//4380 4663//4380
vn 0.8580 0.4799 0.1828
f 4663//4381 4711//4381 4712//4381 4664//4381
vn 0.6838 0.3080 0.6615
f 4664//4382 4712//4382 4713//4382 4665//4382
vn 0.7239 0.6477 0.2376
f 4665//4383 4713//4383 4714//4383 4666//4383
vn -0.1608 0.9297 0.3314
f 4666//4384 4714//4384 4715//4384 4667//4384
vn 0.0001 0.9829 0.1841
f 4667//4385 4715//4385 4716//4385 4668//4385
vn -0.4942 0.8113 0.3122
f 4668//4386 4716//4386 4717//4386 4669//4386
vn 0.3625 0.6073 0.7069
f 4669//4387 4717//4387 4718//4387 4670//4387
vn 0.3048 0.3794 0.8736
f 4670//4388 4718//4388 4719//4388 4671//4388
vn 0.3419 0.6764 0.6524
f 4671//4389 4719//4389 4720//4389 4672//4389
vn -0.2943 0.8429 0.4504
f 4672//4390 4720//4390 4721//4390 4673//4390
vn -0.6223 0.7769 -0.0961
f 4673//4391 4721//4391 4722//4391 4674//4391
vn -0.5097 0.8256 -0.2421
f 4674//4392 4722//4392 4723//4392 4675//4392
vn -0.2749 0.9611 -0.0265
f 4675//4393 4723//4393 4724//4393 4676//4393
vn 0.0056 0.6534 0.7570
f 4676//4394 4724//4394 4725//4394 4677//4394
vn -0.4391 0.3410 0.8312
f 4677//4395 4725//4395 4726//4395 4678//4395
vn -0.6018 0.3386 0.7233
f 4678//4396 4726//4396 4727//4396 4679//4396
vn -0.4193 0.8389 0.3470
f 4679//4397 4727//4397 4728//4397 4680//4397
vn -0.4221 0.5955 -0.6835
f 4680//4398 4728//4398 4681//4398 4633//4398
vn -0.4321 0.8099 0.3966
f 4681//4399 4729//4399 4730//4399 4682//4399
vn -0.5574 0.6461 -0.5214
f 4682//4400 4730//4400 4731//4400 4683//4400
vn -0.6977 0.7057 0.1231
f 4683//4401 4731//4401 4732//4401 4684//4401
vn -0.2403 0.6636 -0.7084
f 4684//4402 4732//4402 4733//4402 4685//4402
vn -0.5026 0.6224 0.6000
f 4685//4403 4733//4403 4734//4403 4686//4403
vn -0.0256 0.9996 0.0113
f 4686//4404 4734//4404 4735//4404 4687//4404
vn 0.0183 0.9942 -0.1061
f 4687//4405 4735//4405 4736//4405 4688//4405
vn 0.0175 0.9042 -0.4269
f 4688//4406 4736//4406 4737//4406 4689//4406
vn 0.0005 0.8348 -0.5505
f 4689//4407 4737//4407 4738//4407 4690//4407
vn 0.4946 0.7521 -0.4355
f 4690//4408 4738//4408 4739//4408 4691//4408
vn 0.3649 0.7403 -0.5647
f 4691//4409 4739//4409 4740//4409 4692//4409
vn -0.5490 0.7313 -0.4047
f 4692//4410 4740//4410 4741//4410 4693//4410
vn -0.3562 0.8916 -0.2797
f 4693//4411 4741//4411 4742//4411 4694//4411
vn -0.5025 0.8403 -0.2036
f 4694//4412 4742//4412 4743//4412 4695//4412
vn 0.2175 0.9407 -0.2604
f 4695//4413 4743//4413 4744//4413 4696//4413
vn 0.4067 0.5494 -0.7299
f 4696//4414 4744//4414 4745//4414 4697//4414
vn 0.1869 0.7404 -0.6457
f 4697//4415 4745//4415 4746//4415 4698//4415
vn 0.5898 0.7861 -0.1850
f 4698//4416 4746//4416 4747//4416 4699//4416
vn 0.5077 0.6974 -0.5059
f 4699//4417 4747//4417 4748//4417 4700//4417
vn 0.0859 0.7963 -0.5988
f 4700//4418 4748//4418 4749//4418 4701//4418
vn 0.2085 0.9311 -0.2993
f 4701//4419 4749//4419 4750//4419 4702//4419
vn 0.1609 0.9846 0.0689
f 4702//4420 4750//4420 4751//4420 4703//4420
vn 0.0061 0.9767 -0.2143
f 4703//4421 4751//4421 4752//4421 4704//4421
vn 0.6137 0.7782 0.1334
f 4704//4422 4752//4422 4753//4422 4705//4422
vn 0.6191 0.7683 0.1624
f 4705//4423 4753//4423 4754//4423 4706//4423
vn 0.5915 0.8051 0.0431
f 4706//4424 4754//4424 4755//4424 4707//4424
vn 0.6439 0.7647 0.0242
f 4707//4425 4755//4425 4756//4425 4708//4425
vn 0.4481 0.8059 0.3870
f 4708//4426 4756//4426 4757//4426 4709//4426
vn 0.0476 0.7586 0.6498
f 4709//4427 4757//4427 4758//4427 4710//4427
vn 0.4812 0.8087 0.3383
f 4710//4428 4758//4428 4759//4428 4711//4428
vn 0.8137 0.5413 -0.2121
f 4711//4429 4759//4429 4760//4429 4712//4429
vn 0.2847 0.8656 0.4119
f 4712//4430 4760//4430 4761//4430 4713//4430
vn 0.3350 0.8338 0.4387
f 4713//4431 4761//4431 4762//4431 4714//4431
vn -0.2806 0.7356 0.6165
f 4714//4432 4762//4432 4763//4432 4715//4432
vn 0.4129 0.7275 0.5480
f 4715//4433 4763//4433 4764//4433 4716//4433
vn -0.2991 0.4838 0.8225
f 4716//4434 4764//4434 4765//4434 4717//4434
vn 0.5285 0.6334 0.5653
f 4717//4435 4765//4435 4766//4435 4718//4435
vn 0.1720 0.9197 0.3531
f 4718//4436 4766//4436 4767//4436 4719//4436
vn 0.1358 0.9187 0.3710
f 4719//4437 4767//4437 4768//4437 4720//4437
vn -0.1333 0.9735 0.1860
f 4720//4438 4768//4438 4769//4438 4721//4438
vn -0.8078 0.5824 -0.0905
f 4721//4439 4769//4439 4770//4439 4722//4439
vn -0.7586 0.6165 0.2109
f 4722//4440 4770//4440 4771//4440 4723//4440
vn -0.6502 0.4588 0.6056
f 4723//4441 4771//4441 4772//4441 4724//4441
vn 0.0171 0.4020 0.9155
f 4724//4442 4772//4442 4773//4442 4725//4442
vn -0.0781 0.7551 0.6509
f 4725//4443 4773//4443 4774//4443 4726//4443
vn -0.0577 0.9658 0.2529
f 4726//4444 4774//4444 4775//4444 4727//4444
vn -0.2372 0.9284 -0.2860
f 4727//4445 4775//4445 4776//4445 4728//4445
vn -0.3331 0.8774 -0.3454
f 4728//4446 4776//4446 4729//4446 4681//4446
vn -0.1536 0.9023 0.4027
f 4729//4447 4777//4447 4778//4447 4730//4447
vn -0.0659 0.9734 -0.2196
f 4730//4448 4778//4448 4779//4448 4731//4448
vn -0.1242 0.9814 0.1464
f 4731//4449 4779//4449 4780//4449 4732//4449
vn -0.1224 0.8666 -0.4837
f 4732//4450 4780//4450 4781//4450 4733//4450
vn -0.5211 0.8081 0.2745
f 4733//4451 4781//4451 4782//4451 4734//4451
vn 0.0000 1.0000 -0.0000
f 4734//4452 4782//4452 4783//4452 4735//4452
vn 0.0000 1.0000 0.0000
f 4735//4453 4783//4453 4784//4453 4736//4453
vn 0.0000 1.0000 -0.0000
f 4736//4454 4784//4454 4785//4454 4737//4454
vn 0.0638 0.9891 -0.1324
f 4737//4455 4785//4455 4786//4455 4738//4455
vn 0.4401 0.5963 -0.6714
f 4738//4456 4786//4456 4787//4456 4739//4456
vn -0.4138 0.5964 -0.6879
f 4739//4457 4787//4457 4788//4457 4740//4457
vn 0.4168 0.6809 -0.6022
f 4740//4458 4788//4458 4789//4458 4741//4458
vn -0.6432 0.6970 -0.3169
f 4741//4459 4789//4459 4790//4459 4742//4459
vn -0.1090 0.8948 -0.4330
f 4742//4460 4790//4460 4791//4460 4743//4460
vn -0.2599 0.9335 -0.2469
f 4743//4461 4791//4461 4792//4461 4744//4461
vn 0.0000 1.0000 0.0000
f 4744//4462 4792//4462 4793//4462 4745//4462
vn 0.1607 0.9865 -0.0321
f 4745//4463 4793//4463 4794//4463 4746//4463
vn 0.2423 0.9517 -0.1886
f 4746//4464 4794//4464 4795//4464 4747//4464
vn 0.1938 0.9532 -0.2320
f 4747//4465 4795//4465 4796//4465 4748//4465
vn 0.2385 0.9667 -0.0926
f 4748//4466 4796//4466 4797//4466 4749//4466
vn -0.0132 0.9772 -0.2119
f 4749//4467 4797//4467 4798//4467 4750//4467
vn 0.3705 0.9005 0.2277
f 4750//4468 4798//4468 4799//4468 4751//4468
vn 0.1338 0.8899 -0.4362
f 4751//4469 4799//4469 4800//4469 4752//4469
vn 0.0000 1.0000 0.0000
f 4752//4470 4800//4470 4801//4470 4753//4470
vn 0.0709 0.9871 0.1438
f 4753//4471 4801//4471 4802//4471 4754//4471
vn 0.0827 0.9898 -0.1160
f 4754//4472 4802//4472 4803//4472 4755//4472
vn 0.0000 1.0000 0.0000
f 4755//4473 4803//4473 4804//4473 4756//4473
vn 0.0098 0.9957 0.0925
f 4756//4474 4804//4474 4805//4474 4757//4474
vn 0.1115 0.8087 0.5776
f 4757//4475 4805//4475 4806//4475 4758//4475
vn 0.5966 0.7983 0.0830
f 4758//4476 4806//4476 4807//4476 4759//4476
vn 0.3523 0.9290 -0.1130
f 4759//4477 4807//4477 4808//4477 4760//4477
vn 0.0000 1.0000 -0.0000
f 4760//4478 4808//4478 4809//4478 4761//4478
vn 0.0000 1.0000 0.0000
f 4761//4479 4809//4479 4810//4479 4762//4479
vn -0.1214 0.9786 0.1659
f 4762//4480 4810//4480 4811//4480 4763//4480
vn 0.1763 0.9829 0.0524
f 4763//4481 4811//4481 4812//4481 4764//4481
vn -0.0477 0.9978 0.0453
f 4764//4482 4812//4482 4813//4482 4765//4482
vn -0.0910 0.9835 0.1566
f 4765//4483 4813//4483 4814//4483 4766//4483
vn 0.1735 0.9773 0.1217
f 4766//4484 4814//4484 4815//4484 4767//4484
vn 0.0000 1.0000 0.0000
f 4767//4485 4815//4485 4816//4485 4768//4485
vn 0.0000 1.0000 0.0000
f 4768//4486 4816//4486 4817//4486 4769//4486
vn -0.5000 0.8226 -0.2709
f 4769//4487 4817//4487 4818//4487 4770//4487
vn -0.1618 0.9766 0.1414
f 4770//4488 4818//4488 4819//4488 4771//4488
vn -0.0145 0.8054 0.5925
f 4771//4489 4819//4489 4820//4489 4772//4489
vn -0.0655 0.8284 0.5563
f 4772//4490 4820//4490 4821//4490 4773//4490
vn 0.0003 0.9793 0.2025
f 4773//4491 4821//4491 4822//4491 4774//4491
vn 0.0000 1.0000 0.0000
f 4774//4492 4822//4492 4823//4492 4775//4492
vn -0.0175 0.9965 -0.0823
f 4775//4493 4823//4493 4824//4493 4776//4493
vn -0.1915 0.9597 -0.2055
f 4776//4494 4824//4494 4777//4494 4729//4494
vn 0.0000 1.0000 0.0000
f 4777//4495 4825//4495 4826//4495 4778//4495
vn 0.0000 1.0000 -0.0000
f 4778//4496 4826//4496 4827//4496 4779//4496
vn 0.0000 1.0000 -0.0000
f 4779//4497 4827//4497 4828//4497 4780//4497
vn 0.0000 1.0000 0.0000
f 4780//4498 4828//4498 4829//4498 4781//4498
vn 0.0000 1.0000 -0.0000
f 4781//4499 4829//4499 4830//4499 4782//4499
vn 0.0000 1.0000 0.0000
f 4782//4500 4830//4500 4831//4500 4783//4500
vn 0.0000 1.0000 -0.0000
f 4783//4501 4831//4501 4832//4501 4784//4501
vn 0.0000 1.0000 0.0000
f 4784//4502 4832//4502 4833//4502 4785//4502
vn 0.0000 1.0000 0.0000
f 4785//4503 4833//4503 4834//4503 4786//4503
vn 0.0000 1.0000 0.0000
f 4786//4504 4834//4504 4835//4504 4787//4504
vn 0.0000 1.0000 0.0000
f 4787//4505 4835//4505 4836//4505 4788//4505
vn 0.4908 0.8282 -0.2705
f 4788//4506 4836//4506 4837//4506 4789//4506
vn -0.2361 0.9678 -0.0878
f 4789//4507 4837//4507 4838//4507 4790//4507
vn -0.1863 0.9800 0.0700
f 4790//4508 4838//4508 4839//4508 4791//4508
vn 0.0000 1.0000 0.0000
f 4791//4509 4839//4509 4840//4509 4792//4509
vn 0.0000 1.0000 0.0000
f 4792//4510 4840//4510 4841//4510 4793//4510
vn 0.0000 1.0000 0.0000
f 4793//4511 4841//4511 4842//4511 4794//4511
vn 0.0000 1.0000 -0.0000
f 4794//4512 4842//4512 4843//4512 4795//4512
vn 0.0000 1.0000 0.0000
f 4795//4513 4843//4513 4844//4513 4796//4513
vn 0.0000 1.0000 0.0000
f 4796//4514 4844//4514 4845//4514 4797//4514
vn 0.0000 1.0000 0.0000
f 4797//4515 4845//4515 4846//4515 4798//4515
vn 0.0000 1.0000 0.0000
f 4798//4516 4846//4516 4847//4516 4799//4516
vn 0.0000 1.0000 0.0000
f 4799//4517 4847//4517 4848//4517 4800//4517
vn 0.0000 1.0000 -0.0000
f 4800//4518 4848//4518 4849//4518 4801//4518
vn 0.0000 1.0000 0.0000
f 4801//4519 4849//4519 4850//4519 4802//4519
vn 0.0000 1.0000 0.0000
f 4802//4520 4850//4520 4851//4520 4803//4520
vn 0.0000 1.0000 -0.0000
f 4803//4521 4851//4521 4852//4521 4804//4521
vn 0.0000 1.0000 0.0000
f 4804//4522 4852//4522 4853//4522 4805//4522
vn 0.0000 1.0000 -0.0000
f 4805//4523 4853//4523 4854//4523 4806//4523
vn 0.0000 1.0000 0.0000
f 4806//4524 4854//4524 4855//4524 4807//4524
vn 0.0000 1.0000 0.0000
f 4807//4525 4855//4525 4856//4525 4808//4525
vn 0.0000 1.0000 0.0000
f 4808//4526 4856//4526 4857//4526 4809//4526
vn 0.0000 1.0000 -0.0000
f 4809//4527 4857//4527 4858//4527 4810//4527
vn 0.0000 1.0000 0.0000
f 4810//4528 4858//4528 4859//4528 4811//4528
vn 0.0000 1.0000 0.0000
f 4811//4529 4859//4529 4860//4529 4812//4529
vn 0.0000 1.0000 0.0000
f 4812//4530 4860//4530 4861//4530 4813//4530
vn 0.0000 1.0000 0.0000
f 4813//4531 4861//4531 4862//4531 4814//4531
vn 0.0000 1.0000 0.0000
f 4814//4532 4862//4532 4863//4532 4815//4532
vn 0.0000 1.0000 0.0000
usemtl leaf_1
f 4815//4533 4863//4533 4864//4533 4816//4533
vn 0.0000 1.0000 0.0000
usemtl leaf_0
f 4816//4534 4864//4534 4865//4534 4817//4534
vn -0.5256 0.8487 -0.0580
f 4817//4535 4865//4535 4866//4535 4818//4535
vn -0.0027 0.8689 0.4950
f 4818//4536 4866//4536 4867//4536 4819//4536
vn 0.0906 0.9561 0.2787
f 4819//4537 4867//4537 4868//4537 4820//4537
vn 0.0000 1.0000 0.0000
f 4820//4538 4868//4538 4869//4538 4821//4538
vn 0.0000 1.0000 0.0000
f 4821//4539 4869//4539 4870//4539 4822//4539
vn 0.0000 1.0000 0.0000
f 4822//4540 4870//4540 4871//4540 4823//4540
vn -0.0495 0.9966 -0.0665
f 4823//4541 4871//4541 4872//4541 4824//4541
vn -0.0221 0.9977 0.0638
f 4824//4542 4872//4542 4825//4542 4777//4542
vn 0.0000 1.0000 -0.0000
f 4825//4543 4873//4543 4874//4543 4826//4543
vn 0.0000 1.0000 0.0000
f 4826//4544 4874//4544 4875//4544 4827//4544
vn 0.0000 1.0000 0.0000
f 4827//4545 4875//4545 4876//4545 4828//4545
vn 0.0000 1.0000 0.0000
f 4828//4546 4876//4546 4877//4546 4829//4546
vn 0.0000 1.0000 0.0000
f 4829//4547 4877//4547 4878//4547 4830//4547
vn 0.0000 1.0000 0.0000
f 4830//4548 4878//4548 4879//4548 4831//4548
vn 0.0000 1.0000 -0.0000
f 4831//4549 4879//4549 4880//4549 4832//4549
vn 0.0000 1.0000 -0.0000
f 4832//4550 4880//4550 4881//4550 4833//4550
vn 0.0000 1.0000 0.0000
f 4833//4551 4881//4551 4882//4551 4834//4551
vn 0.0000 1.0000 -0.0000
f 4834//4552 4882//4552 4883//4552 4835//4552
vn 0.0000 1.0000 -0.0000
f 4835//4553 4883//4553 4884//4553 4836//4553
vn 0.0000 1.0000 0.0000
f 4836//4554 4884//4554 4885//4554 4837//4554
vn 0.3143 0.9411 -0.1244
f 4837//4555 4885//4555 4886//4555 4838//4555
vn -0.3359 0.9306 -0.1455
f 4838//4556 4886//4556 4887//4556 4839//4556
vn 0.0000 1.0000 -0.0000
f 4839//4557 4887//4557 4888//4557 4840//4557
vn 0.0000 1.0000 0.0000
f 4840//4558 4888//4558 4889//4558 4841//4558
vn 0.0000 1.0000 0.0000
f 4841//4559 4889//4559 4890//4559 4842//4559
vn 0.0000 1.0000 0.0000
f 4842//4560 4890//4560 4891//4560 4843//4560
vn 0.0000 1.0000 0.0000
f 4843//4561 4891//4561 4892//4561 4844//4561
vn 0.0000 1.0000 0.0000
f 4844//4562 4892//4562 4893//4562 4845//4562
vn 0.0000 1.0000 -0.0000
f 4845//4563 4893//4563 4894//4563 4846//4563
vn 0.0000 1.0000 0.0000
f 4846//4564 4894//4564 4895//4564 4847//4564
vn 0.0000 1.0000 -0.0000
f 4847//4565 4895//4565 4896//4565 4848//4565
vn 0.0000 1.0000 -0.0000
f 4848//4566 4896//4566 4897//4566 4849//4566
vn 0.0000 1.0000 0.0000
f 4849//4567 4897//4567 4898//4567 4850//4567
vn 0.0000 1.0000 0.0000
f 4850//4568 4898//4568 4899//4568 4851//4568
vn 0.0000 1.0000 0.0000
f 4851//4569 4899//4569 4900//4569 4852//4569
vn 0.0000 1.0000 -0.0000
f 4852//4570 4900//4570 4901//4570 4853//4570
vn 0.0000 1.0000 -0.0000
f 4853//4571 4901//4571 4902//4571 4854//4571
vn 0.0000 1.0000 0.0000
f 4854//4572 4902//4572 4903//4572 4855//4572
vn 0.0000 1.0000 0.0000
f 4855//4573 4903//4573 4904//4573 4856//4573
vn 0.0000 1.0000 -0.0000
f 4856//4574 4904//4574 4905//4574 4857//4574
vn 0.0000 1.0000 -0.0000
f 4857//4575 4905//4575 4906//4575 4858//4575
vn 0.0000 1.0000 0.0000
f 4858//4576 4906//4576 4907//4576 4859//4576
vn 0.0000 1.0000 -0.0000
f 4859//4577 4907//4577 4908//4577 4860//4577
vn 0.0000 1.0000 0.0000
f 4860//4578 4908//4578 4909//4578 4861//4578
vn 0.0000 1.0000 0.0000
f 4861//4579 4909//4579 4910//4579 4862//4579
vn 0.0000 1.0000 0.0000
f 4862//4580 4910//4580 4911//4580 4863//4580
vn 0.0000 1.0000 0.0000
f 4863//4581 4911//4581 4912//4581 4864//4581
vn 0.0000 1.0000 0.0000
f 4864//4582 4912//4582 4913//4582 4865//4582
vn 0.0000 1.0000 0.0000
f 4865//4583 4913//4583 4914//4583 4866//4583
vn 0.0000 1.0000 0.0000
f 4866//4584 4914//4584 4915//4584 4867//4584
vn 0.0000 1.0000 -0.0000
f 4867//4585 4915//4585 4916//4585 4868//4585
vn 0.0000 1.0000 0.0000
f 4868//4586 4916//4586 4917//4586 4869//4586
vn 0.0000 1.0000 0.0000
f 4869//4587 4917//4587 4918//4587 4870//4587
vn 0.0000 1.0000 0.0000
f 4870//4588 4918//4588 4919//4588 4871//4588
vn 0.0000 1.0000 0.0000
f 4871//4589 4919//4589 4920//4589 4872//4589
vn 0.0000 1.0000 0.0000
f 4872//4590 4920//4590 4873//4590 4825//4590
vn 0.0000 1.0000 -0.0000
f 4873//4591 4921//4591 4922//4591 4874//4591
vn 0.0000 1.0000 0.0000
f 4874//4592 4922//4592 4923//4592 4875//4592
vn 0.0000 1.0000 -0.0000
f 4875//4593 4923//4593 4924//4593 4876//4593
vn 0.0000 1.0000 0.0000
f 4876//4594 4924//4594 4925//4594 4877//4594
vn 0.0000 1.0000 -0.0000
f 4877//4595 4925//4595 4926//4595 4878//4595
vn 0.0000 1.0000 0.0000
f 4878//4596 4926//4596 4927//4596 4879//4596
vn 0.0000 1.0000 0.0000
f 4879//4597 4927//4597 4928//4597 4880//4597
vn 0.0000 1.0000 0.0000
f 4880//4598 4928//4598 4929//4598 4881//4598
vn 0.0000 1.0000 -0.0000
f 4881//4599 4929//4599 4930//4599 4882//4599
vn 0.0000 1.0000 0.0000
f 4882//4600 4930//4600 4931//4600 4883//4600
vn 0.0000 1.0000 0.0000
f 4883//4601 4931//4601 4932//4601 4884//4601
vn 0.0000 1.0000 0.0000
f 4884//4602 4932//4602 4933//4602 4885//4602
vn 0.0000 1.0000 0.0000
f 4885//4603 4933//4603 4934//4603 4886//4603
vn 0.0000 1.0000 0.0000
f 4886//4604 4934//4604 4935//4604 4887//4604
vn 0.0000 1.0000 0.0000
f 4887//4605 4935//4605 4936//4605 4888//4605
vn 0.0000 1.0000 0.0000
f 4888//4606 4936//4606 4937//4606 4889//4606
vn 0.0000 1.0000 -0.0000
f 4889//4607 4937//4607 4938//4607 4890//4607
vn 0.0000 1.0000 0.0000
f 4890//4608 4938//4608 4939//4608 4891//4608
vn 0.0000 1.0000 -0.0000
f 4891//4609 4939//4609 4940//4609 4892//4609
vn 0.0000 1.0000 0.0000
f 4892//4610 4940//4610 4941//4610 4893//4610
vn 0.0000 1.0000 -0.0000
f 4893//4611 4941//4611 4942//4611 4894//4611
vn 0.0000 1.0000 0.0000
f 4894//4612 4942//4612 4943//4612 4895//4612
vn 0.0000 1.0000 0.0000
f 4895//4613 4943//4613 4944//4613 4896//4613
vn 0.0000 1.0000 -0.0000
f 4896//4614 4944//4614 4945//4614 4897//4614
vn 0.0000 1.0000 0.0000
f 4897//4615 4945//4615 4946//4615 4898//4615
vn 0.0000 1.0000 -0.0000
f 4898//4616 4946//4616 4947//4616 4899//4616
vn 0.0000 1.0000 -0.0000
f 4899//4617 4947//4617 4948//4617 4900//4617
vn 0.0000 1.0000 0.0000
f 4900//4618 4948//4618 4949//4618 4901//4618
vn 0.0000 1.0000 0.0000
f 4901//4619 4949//4619 4950//4619 4902//4619
vn 0.0000 1.0000 0.0000
f 4902//4620 4950//4620 4951//4620 4903//4620
vn 0.0000 1.0000 0.0000
f 4903//4621 4951//4621 4952//4621 4904//4621
vn 0.0000 1.0000 -0.0000
f 4904//4622 4952//4622 4953//4622 4905//4622
vn 0.0000 1.0000 0.0000
f 4905//4623 4953//4623 4954//4623 4906//4623
vn 0.0000 1.0000 0.0000
f 4906//4624 4954//4624 4955//4624 4907//4624
vn 0.0000 1.0000 0.0000
f 4907//4625 4955//4625 4956//4625 4908//4625
vn 0.0000 1.0000 0.0000
f 4908//4626 4956//4626 4957//4626 4909//4626
vn 0.0000 1.0000 0.0000
f 4909//4627 4957//4627 4958//4627 4910//4627
vn 0.0000 1.0000 0.0000
f 4910//4628 4958//4628 4959//4628 4911//4628
vn 0.0000 1.0000 0.0000
f 4911//4629 4959//4629 4960//4629 4912//4629
vn 0.0000 1.0000 0.0000
f 4912//4630 4960//4630 4961//4630 4913//4630
vn 0.0000 1.0000 -0.0000
f 4913//4631 4961//4631 4962//4631 4914//4631
vn 0.0000 1.0000 0.0000
f 4914//4632 4962//4632 4963//4632 4915//4632
vn 0.0000 1.0000 -0.0000
usemtl leaf_1
f 4915//4633 4963//4633 4964//4633 4916//4633
vn 0.0000 1.0000 0.0000
usemtl leaf_0
f 4916//4634 4964//4634 4965//4634 4917//4634
vn 0.0000 1.0000 -0.0000
f 4917//4635 4965//4635 4966//4635 4918//4635
vn 0.0000 1.0000 0.0000
f 4918//4636 4966//4636 4967//4636 4919//4636
vn 0.0000 1.0000 0.0000
f 4919//4637 4967//4637 4968//4637 4920//4637
vn 0.0000 1.0000 0.0000
f 4920//4638 4968//4638 4921//4638 4873//4638
vn 0.0000 1.0000 -0.0000
f 4921//4639 4969//4639 4970//4639 4922//4639
vn 0.0000 1.0000 0.0000
f 4922//4640 4970//4640 4971//4640 4923//4640
vn 0.0000 1.0000 -0.0000
f 4923//4641 4971//4641 4972//4641 4924//4641
vn 0.0000 1.0000 0.0000
f 4924//4642 4972//4642 4973//4642 4925//4642
vn 0.0000 1.0000 -0.0000
f 4925//4643 4973//4643 4974//4643 4926//4643
vn 0.0000 1.0000 0.0000
f 4926//4644 4974//4644 4975//4644 4927//4644
vn 0.0000 1.0000 0.0000
f 4927//4645 4975//4645 4976//4645 4928//4645
vn 0.0000 1.0000 -0.0000
f 4928//4646 4976//4646 4977//4646 4929//4646
vn 0.0000 1.0000 -0.0000
f 4929//4647 4977//4647 4978//4647 4930//4647
vn 0.0000 1.0000 -0.0000
f 4930//4648 4978//4648 4979//4648 4931//4648
vn 0.0000 1.0000 -0.0000
f 4931//4649 4979//4649 4980//4649 4932//4649
vn 0.0000 1.0000 0.0000
f 4932//4650 4980//4650 4981//4650 4933//4650
vn 0.0000 1.0000 0.0000
f 4933//4651 4981//4651 4982//4651 4934//4651
vn 0.0000 1.0000 0.0000
f 4934//4652 4982//4652 4983//4652 4935//4652
vn 0.0000 1.0000 0.0000
f 4935//4653 4983//4653 4984//4653 4936//4653
vn 0.0000 1.0000 -0.0000
f 4936//4654 4984//4654 4985//4654 4937//4654
vn 0.0000 1.0000 -0.0000
f 4937//4655 4985//4655 4986//4655 4938//4655
vn 0.0000 1.0000 0.0000
f 4938//4656 4986//4656 4987//4656 4939//4656
vn 0.0000 1.0000 -0.0000
f 4939//4657 4987//4657 4988//4657 4940//4657
vn 0.0000 1.0000 0.0000
f 4940//4658 4988//4658 4989//4658 4941//4658
vn 0.0000 1.0000 0.0000
f 4941//4659 4989//4659 4990//4659 4942//4659
vn 0.0000 1.0000 -0.0000
f 4942//4660 4990//4660 4991//4660 4943//4660
vn 0.0000 1.0000 -0.0000
f 4943//4661 4991//4661 4992//4661 4944//4661
vn 0.0000 1.0000 0.0000
f 4944//4662 4992//4662 4993//4662 4945//4662
vn 0.0000 1.0000 0.0000
f 4945//4663 4993//4663 4994//4663 4946//4663
vn 0.0000 1.0000 -0.0000
f 4946//4664 4994//4664 4995//4664 4947//4664
vn 0.0000 1.0000 -0.0000
f 4947//4665 4995//4665 4996//4665 4948//4665
vn 0.0000 1.0000 0.0000
f 4948//4666 4996//4666 4997//4666 4949//4666
vn 0.0000 1.0000 -0.0000
f 4949//4667 4997//4667 4998//4667 4950//4667
vn 0.0000 1.0000 -0.0000
f 4950//4668 4998//4668 4999//4668 4951//4668
vn 0.0000 1.0000 0.0000
f 4951//4669 4999//4669 5000//4669 4952//4669
vn 0.0000 1.0000 0.0000
f 4952//4670 5000//4670 5001//4670 4953//4670
vn 0.0000 1.0000 -0.0000
f 4953//4671 5001//4671 5002//4671 4954//4671
vn 0.0000 1.0000 0.0000
f 4954//4672 5002//4672 5003//4672 4955//4672
vn 0.0000 1.0000 0.0000
f 4955//4673 5003//4673 5004//4673 4956//4673
vn 0.0000 1.0000 0.0000
f 4956//4674 5004//4674 5005//4674 4957//4674
vn 0.0000 1.0000 0.0000
f 4957//4675 5005//4675 5006//4675 4958//4675
vn 0.0000 1.0000 -0.0000
f 4958//4676 5006//4676 5007//4676 4959//4676
vn 0.0000 1.0000 -0.0000
f 4959//4677 5007//4677 5008//4677 4960//4677
vn 0.0000 1.0000 0.0000
f 4960//4678 5008//4678 5009//4678 4961//4678
vn 0.0000 1.0000 0.0000
f 4961//4679 5009//4679 5010//4679 4962//4679
vn 0.0000 1.0000 -0.0000
f 4962//4680 5010//4680 5011//4680 4963//4680
vn 0.0000 1.0000 -0.0000
f 4963//4681 5011//4681 5012//4681 4964//4681
vn 0.0000 1.0000 0.0000
f 4964//4682 5012//4682 5013//4682 4965//4682
vn 0.0000 1.0000 -0.0000
f 4965//4683 5013//4683 5014//4683 4966//4683
vn 0.0000 1.0000 -0.0000
f 4966//4684 5014//4684 5015//4684 4967//4684
vn 0.0000 1.0000 0.0000
f 4967//4685 5015//4685 5016//4685 4968//4685
vn 0.0000 1.0000 0.0000
f 4968//4686 5016//4686 4969//4686 4921//4686
vn 0.9539 0.0000 0.3000
usemtl trunk
f 5017//4687 5019//4687 5020//4687 5018//4687
vn 0.4624 0.0000 0.8867
f 5019//4688 5021//4688 5022//4688 5020//4688
vn -0.3000 0.0000 0.9539
f 5021//4689 5023//4689 5024//4689 5022//4689
vn -0.8867 0.0000 0.4624
f 5023//4690 5025//4690 5026//4690 5024//4690
vn -0.9539 0.0000 -0.3000
f 5025//4691 5027//4691 5028//4691 5026//4691
vn -0.4624 0.0000 -0.8867
f 5027//4692 5029//4692 5030//4692 5028//4692
vn 0.3000 0.0000 -0.9539
f 5029//4693 5031//4693 5032//4693 5030//4693
vn 0.8867 0.0000 -0.4624
f 5031//4694 5017//4694 5018//4694 5032//4694
vn 0.0000 1.0000 0.0000
f 5033//4695 5019//4695 5017//4695
vn 0.0000 -1.0000 0.0000
f 5034//4696 5018//4696 5020//4696
vn 0.0000 1.0000 0.0000
f 5033//4697 5021//4697 5019//4697
vn 0.0000 -1.0000 0.0000
f 5034//4698 5020//4698 5022//4698
vn 0.0000 1.0000 0.0000
f 5033//4699 5023//4699 5021//4699
vn 0.0000 -1.0000 0.0000
f 5034//4700 5022//4700 5024//4700
vn 0.0000 1.0000 0.0000
f 5033//4701 5025//4701 5023//4701
vn 0.0000 -1.0000 0.0000
f 5034//4702 5024//4702 5026//4702
vn 0.0000 1.0000 0.0000
f 5033//4703 5027//4703 5025//4703
vn 0.0000 -1.0000 0.0000
f 5034//4704 5026//4704 5028//4704
vn 0.0000 1.0000 0.0000
f 5033//4705 5029//4705 5027//4705
vn 0.0000 -1.0000 0.0000
f 5034//4706 5028//4706 5030//4706
vn 0.0000 1.0000 -0.0000
f 5033//4707 5031//4707 5029//4707
vn 0.0000 -1.0000 0.0000
f 5034//4708 5030//4708 5032//4708
vn 0.0000 1.0000 -0.0000
f 5033//4709 5017//4709 5031//4709
vn 0.0000 -1.0000 0.0000
f 5034//4710 5032//4710 5018//4710
o front_bush_boxwood_2
v -4.8380 0.6854 5.9000
v -4.8380 0.6820 5.9000
v -4.8380 0.6820 5.9000
v -4.8380 0.6862 5.9000
v -4.8380 0.6838 5.9000
v -4.8380 0.6747 5.9000
v -4.8380 0.6810 5.9000
v -4.8380 0.6761 5.9000
v -4.8380 0.6878 5.9000
v -4.8380 0.6828 5.9000
v -4.8380 0.6801 5.9000
v -4.8380 0.6832 5.9000
v -4.8380 0.6728 5.9000
v -4.8380 0.6739 5.9000
v -4.8380 0.6714 5.9000
v -4.8380 0.6826 5.9000
v -4.8380 0.6822 5.9000
v -4.8380 0.6873 5.9000
v -4.8380 0.6831 5.9000
v -4.8380 0.6739 5.9000
v -4.8380 0.6729 5.9000
v -4.8380 0.6777 5.9000
v -4.8380 0.6872 5.9000
v -4.8380 0.6847 5.9000
v -4.8380 0.6861 5.9000
v -4.8380 0.6845 5.9000
v -4.8380 0.6815 5.9000
v -4.8380 0.6760 5.9000
v -4.8380 0.6768 5.9000
v -4.8380 0.6787 5.9000
v -4.8380 0.6769 5.9000
v -4.8380 0.6817 5.9000
v -4.8380 0.6797 5.9000
v -4.8380 0.6783 5.9000
v -4.8380 0.6859 5.9000
v -4.8380 0.6821 5.9000
v -4.8380 0.6835 5.9000
v -4.8380 0.6818 5.9000
v -4.8380 0.6791 5.9000
v -4.8380 0.6812 5.9000
v -4.8380 0.6777 5.9000
v -4.8380 0.6855 5.9000
v -4.8380 0.6768 5.9000
v -4.8380 0.6715 5.9000
v -4.8380 0.6750 5.9000
v -4.8380 0.6828 5.9000
v -4.8380 0.6802 5.9000
v -4.8380 0.6878 5.9000
v -4.8765 0.6774 5.9164
v -4.8787 0.6810 5.9113
v -4.8797 0.6798 5.9059
v -4.8809 0.6875 5.9004
v -4.8798 0.6798 5.8949
v -4.8788 0.6799 5.8895
v -4.8767 0.6757 5.8844
v -4.8743 0.6761 5.8795
v -4.8722 0.6865 5.8743
v -4.8683 0.6836 5.8702
v -4.8644 0.6876 5.8662
v -4.8595 0.6814 5.8636
v -4.8542 0.6728 5.8619
v -4.8490 0.6705 5.8604
v -4.8437 0.6656 5.8598
v -4.8384 0.6818 5.8577
v -4.8328 0.6910 5.8571
v -4.8273 0.6878 5.8585
v -4.8219 0.6887 5.8601
v -4.8174 0.6779 5.8635
v -4.8128 0.6786 5.8665
v -4.8088 0.6765 5.8702
v -4.8044 0.6853 5.8737
v -4.8010 0.6888 5.8782
v -4.7990 0.6832 5.8834
v -4.7967 0.6872 5.8885
v -4.7961 0.6819 5.8941
v -4.7970 0.6695 5.8996
v -4.7967 0.6756 5.9051
v -4.7979 0.6729 5.9104
v -4.7989 0.6806 5.9158
v -4.8015 0.6783 5.9206
v -4.8039 0.6864 5.9257
v -4.8074 0.6872 5.9300
v -4.8116 0.6872 5.9338
v -4.8163 0.6871 5.9369
v -4.8216 0.6790 5.9387
v -4.8266 0.6845 5.9410
v -4.8322 0.6778 5.9415
v -4.8376 0.6762 5.9417
v -4.8431 0.6799 5.9418
v -4.8484 0.6736 5.9401
v -4.8538 0.6802 5.9391
v -4.8586 0.6778 5.9365
v -4.8633 0.6784 5.9335
v -4.8673 0.6773 5.9298
v -4.8715 0.6841 5.9262
v -4.8745 0.6827 5.9215
v -4.9160 0.6771 5.9331
v -4.9210 0.6839 5.9230
v -4.9234 0.6844 5.9120
v -4.9241 0.6835 5.9008
v -4.9234 0.6832 5.8895
v -4.9204 0.6790 5.8787
v -4.9160 0.6740 5.8685
v -4.9116 0.6760 5.8584
v -4.9071 0.6855 5.8480
v -4.8996 0.6851 5.8395
v -4.8916 0.6882 5.8314
v -4.8815 0.6813 5.8263
v -4.8712 0.6779 5.8219
v -4.8603 0.6700 5.8198
v -4.8497 0.6721 5.8171
v -4.8388 0.6817 5.8143
v -4.8275 0.6861 5.8141
v -4.8159 0.6955 5.8143
v -4.8054 0.6883 5.8193
v -4.7953 0.6874 5.8244
v -4.7876 0.6729 5.8330
v -4.7785 0.6779 5.8394
v -4.7704 0.6826 5.8471
v -4.7629 0.6891 5.8557
v -4.7583 0.6862 5.8661
v -4.7551 0.6838 5.8770
v -4.7536 0.6799 5.8881
v -4.7542 0.6728 5.8993
v -4.7546 0.6740 5.9102
v -4.7572 0.6712 5.9209
v -4.7598 0.6752 5.9316
v -4.7641 0.6780 5.9418
v -4.7702 0.6783 5.9511
v -4.7763 0.6859 5.9606
v -4.7848 0.6856 5.9681
v -4.7939 0.6880 5.9749
v -4.8039 0.6891 5.9803
v -4.8149 0.6857 5.9833
v -4.8262 0.6790 5.9843
v -4.8373 0.6814 5.9856
v -4.8483 0.6768 5.9840
v -4.8589 0.6715 5.9809
v -4.8696 0.6759 5.9783
v -4.8803 0.6825 5.9747
v -4.8898 0.6839 5.9688
v -4.8988 0.6868 5.9619
v -4.9064 0.6873 5.9535
v -4.9130 0.6885 5.9442
v -4.9581 0.6789 5.9510
v -4.9637 0.6790 5.9349
v -4.9674 0.6797 5.9182
v -4.9719 0.6899 5.9012
v -4.9681 0.6810 5.8841
v -4.9639 0.6776 5.8675
v -4.9604 0.6839 5.8506
v -4.9521 0.6807 5.8355
v -4.9446 0.6884 5.8197
v -4.9334 0.6892 5.8063
v -4.9202 0.6882 5.7949
v -4.9046 0.6812 5.7870
v -4.8879 0.6703 5.7824
v -4.8720 0.6687 5.7774
v -4.8561 0.6758 5.7718
v -4.8392 0.6742 5.7711
v -4.8219 0.6860 5.7683
v -4.8046 0.6887 5.7707
v -4.7884 0.6853 5.7772
v -4.7728 0.6855 5.7846
v -4.7586 0.6838 5.7946
v -4.7464 0.6799 5.8067
v -4.7351 0.6796 5.8195
v -4.7260 0.6776 5.8340
v -4.7171 0.6817 5.8487
v -4.7117 0.6810 5.8649
v -4.7094 0.6773 5.8819
v -4.7067 0.6816 5.8988
v -4.7099 0.6745 5.9157
v -4.7144 0.6701 5.9319
v -4.7184 0.6744 5.9483
v -4.7250 0.6770 5.9639
v -4.7322 0.6853 5.9797
v -4.7447 0.6800 5.9917
v -4.7570 0.6825 6.0037
v -4.7700 0.6897 6.0153
v -4.7862 0.6856 6.0220
v -4.8024 0.6879 6.0284
v -4.8199 0.6782 6.0289
v -4.8369 0.6790 6.0305
v -4.8538 0.6758 6.0285
v -4.8704 0.6757 6.0253
v -4.8868 0.6782 6.0207
v -4.9017 0.6758 6.0127
v -4.9182 0.6880 6.0065
v -4.9308 0.6852 5.9945
v -4.9414 0.6813 5.9808
v -4.9505 0.6793 5.9663
v -5.0008 0.6728 5.9691
v -5.0125 0.6825 5.9484
v -5.0185 0.6852 5.9254
v -5.0176 0.6789 5.9016
v -5.0192 0.6857 5.8778
v -5.0133 0.6823 5.8547
v -5.0051 0.6805 5.8325
v -4.9958 0.6830 5.8108
v -4.9819 0.6802 5.7916
v -4.9653 0.6765 5.7749
v -4.9481 0.6770 5.7592
v -4.9285 0.6759 5.7465
v -4.9077 0.6759 5.7360
v -4.8855 0.6746 5.7288
v -4.8629 0.6765 5.7233
v -4.8396 0.6768 5.7214
v -4.8162 0.6782 5.7221
v -4.7927 0.6826 5.7246
v -4.7691 0.6891 5.7294
v -4.7466 0.6933 5.7383
v -4.7287 0.6840 5.7548
v -4.7107 0.6840 5.7704
v -4.6958 0.6813 5.7888
v -4.6861 0.6715 5.8105
v -4.6734 0.6773 5.8301
v -4.6662 0.6761 5.8523
v -4.6592 0.6813 5.8748
v -4.6587 0.6784 5.8984
v -4.6636 0.6703 5.9214
v -4.6663 0.6740 5.9444
v -4.6747 0.6711 5.9659
v -4.6806 0.6820 5.9890
v -4.6939 0.6809 6.0085
v -4.7069 0.6886 6.0288
v -4.7249 0.6884 6.0447
v -4.7458 0.6839 6.0566
v -4.7676 0.6805 6.0659
v -4.7898 0.6810 6.0738
v -4.8129 0.6806 6.0785
v -4.8364 0.6803 6.0801
v -4.8597 0.6758 6.0768
v -4.8825 0.6748 6.0721
v -4.9048 0.6762 6.0654
v -4.9275 0.6840 6.0582
v -4.9480 0.6862 6.0460
v -4.9648 0.6821 6.0291
v -4.9806 0.6823 6.0115
v -4.9900 0.6717 5.9896
v -5.0465 0.6654 5.9885
v -5.0611 0.6741 5.9619
v -5.0690 0.6773 5.9325
v -5.0744 0.6827 5.9021
v -5.0721 0.6816 5.8713
v -5.0677 0.6842 5.8406
v -5.0571 0.6824 5.8116
v -5.0425 0.6802 5.7843
v -5.0256 0.6800 5.7587
v -5.0046 0.6775 5.7364
v -4.9789 0.6693 5.7197
v -4.9551 0.6724 5.7014
v -4.9282 0.6726 5.6877
v -4.8994 0.6708 5.6787
v -4.8699 0.6694 5.6734
v -4.8401 0.6696 5.6711
v -4.8099 0.6734 5.6706
v -4.7799 0.6758 5.6749
v -4.7499 0.6810 5.6817
v -4.7199 0.6891 5.6911
v -4.6950 0.6851 5.7101
v -4.6707 0.6868 5.7297
v -4.6559 0.6734 5.7577
v -4.6423 0.6666 5.7846
v -4.6290 0.6664 5.8112
v -4.6156 0.6729 5.8383
v -4.6057 0.6796 5.8673
v -4.6029 0.6805 5.8979
v -4.6048 0.6802 5.9286
v -4.6134 0.6750 5.9580
v -4.6230 0.6748 5.9868
v -4.6333 0.6806 6.0158
v -4.6492 0.6826 6.0422
v -4.6713 0.6780 6.0638
v -4.6931 0.6808 6.0854
v -4.7179 0.6832 6.1039
v -4.7471 0.6762 6.1142
v -4.7762 0.6732 6.1226
v -4.8060 0.6705 6.1272
v -4.8359 0.6756 6.1324
v -4.8659 0.6697 6.1273
v -4.8955 0.6713 6.1226
v -4.9257 0.6786 6.1170
v -4.9548 0.6841 6.1065
v -4.9809 0.6845 6.0897
v -5.0010 0.6760 6.0659
v -5.0191 0.6711 6.0415
v -5.0364 0.6719 6.0169
v -5.0936 0.6518 6.0085
v -5.1087 0.6563 5.9751
v -5.1193 0.6606 5.9396
v -5.1277 0.6684 5.9026
v -5.1297 0.6741 5.8643
v -5.1255 0.6785 5.8257
v -5.1144 0.6800 5.7884
v -5.0998 0.6837 5.7519
v -5.0695 0.6685 5.7257
v -5.0417 0.6627 5.6999
v -5.0104 0.6550 5.6794
v -4.9810 0.6571 5.6575
v -4.9502 0.6645 5.6360
v -4.9146 0.6639 5.6240
v -4.8785 0.6699 5.6121
v -4.8406 0.6672 5.6112
v -4.8035 0.6599 5.6186
v -4.7664 0.6635 5.6230
v -4.7279 0.6745 5.6273
v -4.6908 0.6813 5.6397
v -4.6580 0.6816 5.6610
v -4.6325 0.6733 5.6908
v -4.6126 0.6635 5.7238
v -4.5973 0.6542 5.7581
v -4.5837 0.6500 5.7920
v -4.5673 0.6563 5.8249
v -4.5574 0.6597 5.8605
v -4.5485 0.6681 5.8974
v -4.5517 0.6667 5.9351
v -4.5551 0.6718 5.9731
v -4.5712 0.6657 6.0077
v -4.5826 0.6735 6.0444
v -4.6068 0.6681 6.0742
v -4.6322 0.6668 6.1022
v -4.6600 0.6675 6.1277
v -4.6925 0.6641 6.1469
v -4.7270 0.6605 6.1614
v -4.7609 0.6666 6.1778
v -4.7980 0.6645 6.1841
v -4.8354 0.6655 6.1876
v -4.8728 0.6631 6.1837
v -4.9114 0.6733 6.1839
v -4.9490 0.6777 6.1749
v -4.9827 0.6742 6.1558
v -5.0154 0.6756 6.1355
v -5.0418 0.6699 6.1074
v -5.0652 0.6665 6.0775
v -5.0802 0.6566 6.0428
v -5.1377 0.6269 6.0273
v -5.1534 0.6288 5.9875
v -5.1606 0.6271 5.9454
v -5.1800 0.6450 5.9031
v -5.1838 0.6520 5.8576
v -5.1829 0.6607 5.8109
v -5.1781 0.6723 5.7627
v -5.1523 0.6659 5.7223
v -5.1153 0.6507 5.6911
v -5.0749 0.6341 5.6673
v -5.0382 0.6262 5.6439
v -5.0033 0.6268 5.6195
v -4.9669 0.6315 5.5965
v -4.9272 0.6357 5.5786
v -4.8851 0.6403 5.5656
v -4.8411 0.6458 5.5572
v -4.7965 0.6441 5.5613
v -4.7502 0.6551 5.5600
v -4.7047 0.6606 5.5698
v -4.6643 0.6570 5.5928
v -4.6257 0.6571 5.6181
v -4.5945 0.6511 5.6521
v -4.5701 0.6428 5.6906
v -4.5538 0.6317 5.7325
v -4.5376 0.6277 5.7724
v -4.5274 0.6233 5.8138
v -4.5073 0.6361 5.8534
v -4.4933 0.6480 5.8969
v -4.4878 0.6570 5.9429
v -4.4972 0.6561 5.9881
v -4.5063 0.6623 6.0339
v -4.5366 0.6497 6.0705
v -4.5612 0.6501 6.1085
v -4.5926 0.6472 6.1411
v -4.6287 0.6427 6.1678
v -4.6669 0.6394 6.1903
v -4.7090 0.6319 6.2038
v -4.7489 0.6352 6.2210
v -4.7913 0.6373 6.2318
v -4.8350 0.6394 6.2370
v -4.8805 0.6529 6.2466
v -4.9266 0.6585 6.2430
v -4.9730 0.6654 6.2343
v -5.0110 0.6553 6.2059
v -5.0463 0.6496 6.1765
v -5.0744 0.6398 6.1406
v -5.1027 0.6382 6.1068
v -5.1255 0.6358 6.0694
v -5.1685 0.5836 6.0403
v -5.1774 0.5776 5.9942
v -5.1983 0.5879 5.9507
v -5.2118 0.5966 5.9033
v -5.2262 0.6118 5.8524
v -5.2366 0.6299 5.7970
v -5.2280 0.6377 5.7425
v -5.1907 0.6242 5.7006
v -5.1507 0.6121 5.6645
v -5.1039 0.5956 5.6389
v -5.0575 0.5813 5.6192
v -5.0171 0.5781 5.5961
v -4.9764 0.5791 5.5742
v -4.9349 0.5865 5.5509
v -4.8894 0.5920 5.5350
v -4.8414 0.5969 5.5259
v -4.7913 0.6054 5.5191
v -4.7384 0.6182 5.5143
v -4.6846 0.6282 5.5201
v -4.6388 0.6237 5.5478
v -4.5982 0.6185 5.5816
v -4.5686 0.6059 5.6257
v -4.5475 0.5922 5.6729
v -4.5280 0.5843 5.7173
v -4.5154 0.5761 5.7630
v -4.4948 0.5811 5.8047
v -4.4832 0.5830 5.8501
v -4.4648 0.5961 5.8967
v -4.4421 0.6186 5.9485
v -4.4452 0.6247 6.0015
v -4.4585 0.6278 6.0533
v -4.4903 0.6192 6.0966
v -4.5268 0.6105 6.1344
v -4.5704 0.5977 6.1628
v -4.6143 0.5873 6.1862
v -4.6524 0.5893 6.2149
v -4.6969 0.5853 6.2322
v -4.7432 0.5796 6.2416
v -4.7874 0.5874 6.2598
v -4.8347 0.5984 6.2759
v -4.8859 0.6138 6.2905
v -4.9399 0.6261 6.2944
v -4.9918 0.6292 6.2810
v -5.0377 0.6245 6.2530
v -5.0711 0.6086 6.2095
v -5.0994 0.5958 6.1660
v -5.1242 0.5873 6.1237
v -5.1517 0.5881 6.0849
v -5.1793 0.5248 6.0449
v -5.1891 0.5204 5.9974
v -5.2152 0.5319 5.9531
v -5.2265 0.5371 5.9035
v -5.2547 0.5588 5.8489
v -5.2593 0.5694 5.7911
v -5.2531 0.5780 5.7324
v -5.2172 0.5697 5.6856
v -5.1670 0.5533 5.6522
v -5.1145 0.5365 5.6284
v -5.0725 0.5318 5.6000
v -5.0249 0.5229 5.5830
v -4.9807 0.5208 5.5642
v -4.9367 0.5235 5.5445
v -4.8916 0.5342 5.5195
v -4.8416 0.5443 5.5011
v -4.7869 0.5588 5.4832
v -4.7301 0.5667 5.4825
v -4.6727 0.5738 5.4906
v -4.6241 0.5690 5.5217
v -4.5886 0.5552 5.5688
v -4.5579 0.5449 5.6148
v -4.5350 0.5344 5.6631
v -4.5120 0.5301 5.7079
v -4.4973 0.5244 5.7553
v -4.4835 0.5229 5.8016
v -4.4720 0.5241 5.8485
v -4.4478 0.5383 5.8965
v -4.4192 0.5602 5.9513
v -4.4094 0.5746 6.0108
v -4.4223 0.5785 6.0679
v -4.4551 0.5727 6.1166
v -4.5070 0.5550 6.1493
v -4.5586 0.5393 6.1744
v -4.6054 0.5297 6.1976
v -4.6485 0.5265 6.2215
v -4.6948 0.5217 6.2371
v -4.7382 0.5265 6.2596
v -4.7856 0.5283 6.2721
v -4.8345 0.5445 6.2992
v -4.8889 0.5577 6.3151
v -4.9494 0.5765 6.3312
v -5.0074 0.5813 6.3194
v -5.0514 0.5682 6.2773
v -5.0840 0.5512 6.2266
v -5.1125 0.5393 6.1794
v -5.1392 0.5328 6.1354
v -5.1579 0.5252 6.0885
v -5.1848 0.4681 6.0473
v -5.2011 0.4681 6.0008
v -5.2189 0.4722 5.9536
v -5.2380 0.4804 5.9036
v -5.2611 0.4943 5.8481
v -5.2731 0.5066 5.7876
v -5.2653 0.5127 5.7275
v -5.2272 0.5054 5.6799
v -5.1797 0.4951 5.6426
v -5.1272 0.4832 5.6160
v -5.0765 0.4737 5.5948
v -5.0311 0.4699 5.5724
v -4.9843 0.4667 5.5556
v -4.9381 0.4668 5.5393
v -4.8919 0.4734 5.5169
v -4.8417 0.4843 5.4927
v -4.7865 0.4929 5.4797
v -4.7261 0.5055 5.4669
v -4.6682 0.5087 5.4795
v -4.6194 0.5038 5.5135
v -4.5883 0.4884 5.5684
v -4.5588 0.4795 5.6158
v -4.5300 0.4756 5.6592
v -4.5065 0.4723 5.7046
v -4.4922 0.4675 5.7531
v -4.4742 0.4685 5.7990
v -4.4582 0.4717 5.8465
v -4.4397 0.4795 5.8964
v -4.4131 0.4953 5.9521
v -4.3952 0.5108 6.0144
v -4.4036 0.5167 6.0754
v -4.4391 0.5113 6.1256
v -4.4999 0.4928 6.1547
v -4.5518 0.4810 6.1812
v -4.6015 0.4719 6.2026
v -4.6486 0.4661 6.2214
v -4.6933 0.4645 6.2407
v -4.7372 0.4682 6.2633
v -4.7848 0.4708 6.2781
v -4.8344 0.4809 6.3009
v -4.8901 0.4953 6.3249
v -4.9512 0.5081 6.3379
v -5.0083 0.5095 6.3218
v -5.0590 0.5064 6.2908
v -5.0900 0.4904 6.2345
v -5.1142 0.4772 6.1811
v -5.1416 0.4726 6.1373
v -5.1617 0.4675 6.0907
v -5.1863 0.4140 6.0479
v -5.2003 0.4131 6.0005
v -5.2236 0.4183 5.9543
v -5.2405 0.4233 5.9036
v -5.2572 0.4310 5.8486
v -5.2692 0.4398 5.7886
v -5.2572 0.4424 5.7308
v -5.2228 0.4386 5.6824
v -5.1752 0.4309 5.6460
v -5.1260 0.4238 5.6171
v -5.0814 0.4205 5.5887
v -5.0305 0.4143 5.5735
v -4.9859 0.4140 5.5519
v -4.9385 0.4130 5.5380
v -4.8914 0.4157 5.5210
v -4.8417 0.4265 5.4892
v -4.7851 0.4360 5.4679
v -4.7242 0.4435 5.4596
v -4.6638 0.4476 5.4685
v -4.6165 0.4417 5.5082
v -4.5888 0.4278 5.5692
v -4.5607 0.4207 5.6177
v -4.5339 0.4170 5.6623
v -4.5076 0.4160 5.7053
v -4.4875 0.4150 5.7511
v -4.4755 0.4132 5.7994
v -4.4570 0.4165 5.8464
v -4.4379 0.4224 5.8964
v -4.4184 0.4311 5.9514
v -4.4033 0.4412 6.0123
v -4.3986 0.4508 6.0774
v -4.4360 0.4462 6.1273
v -4.4967 0.4329 6.1571
v -4.5511 0.4232 6.1818
v -4.6021 0.4159 6.2019
v -4.6485 0.4121 6.2216
v -4.6936 0.4105 6.2400
v -4.7385 0.4116 6.2587
v -4.7835 0.4190 6.2875
v -4.8344 0.4247 6.3061
v -4.8906 0.4347 6.3287
v -4.9513 0.4427 6.3382
v -5.0114 0.4467 6.3295
v -5.0595 0.4416 6.2916
v -5.0952 0.4330 6.2415
v -5.1239 0.4254 6.1910
v -5.1461 0.4189 6.1408
v -5.1618 0.4130 6.0908
v -5.1829 0.3624 6.0465
v -5.2074 0.3645 6.0025
v -5.2269 0.3669 5.9547
v -5.2474 0.3711 5.9037
v -5.2556 0.3739 5.8488
v -5.2645 0.3789 5.7898
v -5.2539 0.3809 5.7321
v -5.2245 0.3798 5.6815
v -5.1804 0.3759 5.6421
v -5.1316 0.3716 5.6116
v -5.0778 0.3661 5.5932
v -5.0320 0.3642 5.5708
v -4.9840 0.3621 5.5562
v -4.9379 0.3620 5.5402
v -4.8920 0.3655 5.5167
v -4.8417 0.3714 5.4895
v -4.7851 0.3775 5.4685
v -4.7232 0.3835 5.4557
v -4.6633 0.3855 5.4673
v -4.6193 0.3799 5.5132
v -4.5892 0.3721 5.5697
v -4.5608 0.3676 5.6178
v -4.5390 0.3636 5.6663
v -4.5098 0.3639 5.7066
v -4.4855 0.3645 5.7503
v -4.4653 0.3654 5.7966
v -4.4540 0.3657 5.8459
v -4.4377 0.3688 5.8964
v -4.4174 0.3747 5.9516
v -4.4055 0.3805 6.0118
v -4.3990 0.3872 6.0773
v -4.4408 0.3829 6.1246
v -4.4947 0.3762 6.1586
v -4.5498 0.3697 6.1831
v -4.6063 0.3628 6.1964
v -4.6508 0.3609 6.2177
v -4.6959 0.3595 6.2345
v -4.7371 0.3631 6.2637
v -4.7838 0.3660 6.2854
v -4.8344 0.3704 6.3066
v -4.8902 0.3759 6.3255
v -4.9510 0.3817 6.3371
v -5.0136 0.3861 6.3349
v -5.0625 0.3828 6.2970
v -5.0956 0.3758 6.2419
v -5.1236 0.3706 6.1907
v -5.1434 0.3656 6.1387
v -5.1582 0.3616 6.0887
v -5.1871 0.3152 6.0483
v -5.2058 0.3155 6.0021
v -5.2225 0.3163 5.9541
v -5.2387 0.3179 5.9036
v -5.2574 0.3206 5.8486
v -5.2672 0.3232 5.7891
v -5.2569 0.3242 5.7309
v -5.2238 0.3231 5.6819
v -5.1810 0.3214 5.6417
v -5.1305 0.3190 5.6127
v -5.0807 0.3171 5.5895
v -5.0340 0.3161 5.5674
v -4.9842 0.3146 5.5558
v -4.9381 0.3146 5.5394
v -4.8915 0.3157 5.5203
v -4.8417 0.3188 5.4919
v -4.7857 0.3215 5.4735
v -4.7240 0.3247 5.4586
v -4.6618 0.3266 5.4635
v -4.6177 0.3237 5.5105
v -4.5881 0.3197 5.5682
v -4.5593 0.3175 5.6163
v -4.5366 0.3156 5.6644
v -4.5163 0.3145 5.7104
v -4.4889 0.3152 5.7517
v -4.4702 0.3155 5.7979
v -4.4439 0.3175 5.8445
v -4.4335 0.3183 5.8964
v -4.4125 0.3214 5.9522
v -4.3973 0.3246 6.0139
v -4.4093 0.3255 6.0731
v -4.4358 0.3255 6.1275
v -4.4913 0.3220 6.1612
v -4.5471 0.3188 6.1858
v -4.6022 0.3157 6.2017
v -4.6486 0.3144 6.2214
v -4.6942 0.3138 6.2385
v -4.7384 0.3144 6.2589
v -4.7835 0.3167 6.2877
v -4.8344 0.3186 6.3063
v -4.8909 0.3220 6.3310
v -4.9507 0.3240 6.3359
v -5.0135 0.3263 6.3345
v -5.0624 0.3247 6.2968
v -5.0990 0.3220 6.2465
v -5.1214 0.3183 6.1885
v -5.1446 0.3164 6.1396
v -5.1613 0.3147 6.0905
v -5.1859 0.2681 6.0477
v -5.2069 0.2681 6.0024
v -5.2280 0.2681 5.9549
v -5.2437 0.2681 5.9036
v -5.2596 0.2681 5.8483
v -5.2614 0.2681 5.7906
v -5.2634 0.2681 5.7282
v -5.2239 0.2681 5.6818
v -5.1793 0.2681 5.6429
v -5.1305 0.2681 5.6127
v -5.0825 0.2681 5.5873
v -5.0341 0.2681 5.5673
v -4.9844 0.2681 5.5554
v -4.9398 0.2681 5.5332
v -4.8925 0.2681 5.5127
v -4.8416 0.2681 5.4983
v -4.7863 0.2681 5.4777
v -4.7232 0.2681 5.4556
v -4.6621 0.2681 5.4643
v -4.6163 0.2681 5.5079
v -4.5849 0.2681 5.5640
v -4.5592 0.2681 5.6161
v -4.5359 0.2681 5.6639
v -4.5152 0.2681 5.7098
v -4.4901 0.2681 5.7522
v -4.4651 0.2681 5.7965
v -4.4494 0.2681 5.8453
v -4.4317 0.2681 5.8964
v -4.4175 0.2681 5.9515
v -4.4060 0.2681 6.0116
v -4.4062 0.2681 6.0744
v -4.4415 0.2681 6.1242
v -4.4941 0.2681 6.1591
v -4.5524 0.2681 6.1805
v -4.6028 0.2681 6.2010
v -4.6511 0.2681 6.2172
v -4.6932 0.2681 6.2411
v -4.7370 0.2681 6.2638
v -4.7838 0.2681 6.2849
v -4.8344 0.2681 6.3032
v -4.8899 0.2681 6.3230
v -4.9507 0.2681 6.3360
v -5.0128 0.2681 6.3329
v -5.0657 0.2681 6.3026
v -5.1010 0.2681 6.2491
v -5.1221 0.2681 6.1892
v -5.1400 0.2681 6.1360
v -5.1544 0.2681 6.0864
v -5.1902 0.2206 6.0496
v -5.2004 0.2214 6.0006
v -5.2214 0.2201 5.9540
v -5.2405 0.2182 5.9036
v -5.2617 0.2151 5.8481
v -5.2675 0.2130 5.7890
v -5.2667 0.2107 5.7269
v -5.2255 0.2129 5.6809
v -5.1828 0.2145 5.6403
v -5.1281 0.2176 5.6150
v -5.0768 0.2200 5.5945
v -5.0340 0.2202 5.5674
v -4.9876 0.2206 5.5478
v -4.9414 0.2201 5.5276
v -4.8931 0.2191 5.5087
v -4.8417 0.2177 5.4937
v -4.7864 0.2154 5.4787
v -4.7251 0.2121 5.4631
v -4.6639 0.2104 5.4688
v -4.6161 0.2121 5.5075
v -4.5809 0.2151 5.5586
v -4.5585 0.2186 5.6154
v -4.5350 0.2204 5.6631
v -4.5164 0.2218 5.7105
v -4.4909 0.2213 5.7525
v -4.4701 0.2207 5.7979
v -4.4442 0.2187 5.8446
v -4.4246 0.2168 5.8963
v -4.4038 0.2138 5.9532
v -4.4041 0.2125 6.0121
v -4.4070 0.2104 6.0740
v -4.4515 0.2130 6.1185
v -4.4976 0.2152 6.1564
v -4.5532 0.2186 6.1798
v -4.5970 0.2195 6.2083
v -4.6451 0.2210 6.2273
v -4.6904 0.2212 6.2476
v -4.7375 0.2215 6.2620
v -4.7837 0.2197 6.2861
v -4.8344 0.2176 6.3068
v -4.8905 0.2145 6.3284
v -4.9510 0.2120 6.3374
v -5.0135 0.2099 6.3346
v -5.0664 0.2105 6.3039
v -5.1021 0.2136 6.2507
v -5.1260 0.2171 6.1932
v -5.1412 0.2204 6.1369
v -5.1561 0.2223 6.0875
v -5.1869 0.1728 6.0482
v -5.2014 0.1733 6.0009
v -5.2230 0.1704 5.9542
v -5.2382 0.1675 5.9036
v -5.2611 0.1609 5.8481
v -5.2693 0.1561 5.7886
v -5.2665 0.1519 5.7270
v -5.2290 0.1552 5.6789
v -5.1750 0.1620 5.6462
v -5.1265 0.1664 5.6167
v -5.0769 0.1706 5.5944
v -5.0331 0.1715 5.5691
v -4.9860 0.1729 5.5517
v -4.9394 0.1727 5.5346
v -4.8931 0.1688 5.5088
v -4.8416 0.1662 5.4949
v -4.7864 0.1614 5.4788
v -4.7253 0.1548 5.4638
v -4.6634 0.1508 5.4674
v -4.6162 0.1548 5.5077
v -4.5824 0.1613 5.5607
v -4.5530 0.1658 5.6098
v -4.5402 0.1731 5.6672
v -4.5183 0.1748 5.7116
v -4.5002 0.1758 5.7565
v -4.4725 0.1727 5.7986
v -4.4431 0.1678 5.8444
v -4.4229 0.1637 5.8963
v -4.4026 0.1578 5.9534
v -4.4027 0.1550 6.0125
v -4.4135 0.1530 6.0714
v -4.4558 0.1577 6.1161
v -4.5061 0.1636 6.1500
v -4.5510 0.1669 6.1819
v -4.5964 0.1695 6.2091
v -4.6435 0.1718 6.2300
v -4.6892 0.1724 6.2503
v -4.7364 0.1725 6.2662
v -4.7843 0.1711 6.2818
v -4.8345 0.1677 6.2992
v -4.8894 0.1620 6.3190
v -4.9521 0.1534 6.3415
v -5.0142 0.1498 6.3363
v -5.0624 0.1535 6.2967
v -5.1008 0.1583 6.2489
v -5.1196 0.1671 6.1866
v -5.1420 0.1711 6.1376
v -5.1601 0.1741 6.0898
v -5.1853 0.1226 6.0475
v -5.1984 0.1239 6.0000
v -5.2149 0.1214 5.9531
v -5.2398 0.1132 5.9036
v -5.2619 0.1035 5.8481
v -5.2783 0.0928 5.7862
v -5.2730 0.0872 5.7244
v -5.2333 0.0930 5.6765
v -5.1744 0.1057 5.6466
v -5.1217 0.1148 5.6214
v -5.0767 0.1187 5.5946
v -5.0316 0.1211 5.5716
v -4.9854 0.1227 5.5529
v -4.9395 0.1219 5.5345
v -4.8923 0.1179 5.5142
v -4.8417 0.1114 5.4935
v -4.7857 0.1025 5.4735
v -4.7256 0.0949 5.4649
v -4.6641 0.0890 5.4693
v -4.6180 0.0958 5.5109
v -4.5828 0.1046 5.5612
v -4.5561 0.1130 5.6130
v -4.5338 0.1193 5.6622
v -4.5170 0.1244 5.7108
v -4.4972 0.1253 5.7552
v -4.4721 0.1217 5.7984
v -4.4522 0.1179 5.8457
v -4.4275 0.1098 5.8963
v -4.3984 0.0973 5.9539
v -4.3975 0.0927 6.0138
v -4.4150 0.0922 6.0708
v -4.4501 0.0963 6.1194
v -4.5065 0.1081 6.1497
v -4.5514 0.1132 6.1815
v -4.5990 0.1184 6.2058
v -4.6424 0.1195 6.2320
v -4.6887 0.1208 6.2516
v -4.7366 0.1219 6.2654
v -4.7850 0.1214 6.2769
v -4.8345 0.1153 6.2963
v -4.8898 0.1039 6.3228
v -4.9523 0.0920 6.3423
v -5.0158 0.0851 6.3402
v -5.0628 0.0920 6.2975
v -5.0975 0.1018 6.2445
v -5.1226 0.1116 6.1897
v -5.1372 0.1217 6.1339
v -5.1587 0.1246 6.0890
v -5.1862 0.0674 6.0479
v -5.1949 0.0716 5.9991
v -5.2130 0.0672 5.9528
v -5.2362 0.0568 5.9036
v -5.2639 0.0404 5.8478
v -5.2756 0.0283 5.7869
v -5.2620 0.0255 5.7288
v -5.2276 0.0306 5.6797
v -5.1699 0.0476 5.6500
v -5.1182 0.0597 5.6248
v -5.0725 0.0661 5.6000
v -5.0275 0.0701 5.5786
v -4.9866 0.0664 5.5501
v -4.9399 0.0660 5.5330
v -4.8929 0.0592 5.5102
v -4.8416 0.0547 5.4978
v -4.7863 0.0425 5.4779
v -4.7266 0.0317 5.4687
v -4.6679 0.0270 5.4786
v -4.6185 0.0315 5.5118
v -4.5803 0.0408 5.5579
v -4.5535 0.0527 5.6103
v -4.5295 0.0604 5.6589
v -4.5189 0.0715 5.7119
v -4.5003 0.0734 5.7566
v -4.4829 0.0725 5.8014
v -4.4527 0.0616 5.8458
v -4.4300 0.0516 5.8964
v -4.4086 0.0385 5.9526
v -4.4026 0.0295 6.0125
v -4.4167 0.0270 6.0701
v -4.4602 0.0378 6.1137
v -4.5044 0.0465 6.1513
v -4.5539 0.0568 6.1791
v -4.6000 0.0630 6.2046
v -4.6412 0.0624 6.2340
v -4.6896 0.0667 6.2493
v -4.7382 0.0700 6.2598
v -4.7847 0.0653 6.2786
v -4.8345 0.0563 6.2992
v -4.8895 0.0434 6.3204
v -4.9511 0.0283 6.3376
v -5.0122 0.0212 6.3314
v -5.0623 0.0263 6.2966
v -5.0925 0.0437 6.2378
v -5.1187 0.0555 6.1858
v -5.1409 0.0641 6.1368
v -5.1656 0.0663 6.0931
v -5.1761 0.0138 6.0436
v -5.1898 0.0154 5.9976
v -5.2128 0.0061 5.9528
v -5.2282 0.0000 5.9035
v -5.2553 0.0000 5.8489
v -5.2679 0.0000 5.7889
v -5.2525 0.0000 5.7327
v -5.2209 0.0000 5.6835
v -5.1661 0.0000 5.6528
v -5.1155 0.0000 5.6274
v -5.0728 0.0042 5.5996
v -5.0244 0.0140 5.5838
v -4.9834 0.0107 5.5578
v -4.9387 0.0074 5.5372
v -4.8917 0.0014 5.5185
v -4.8415 0.0000 5.5052
v -4.7875 0.0000 5.4880
v -4.7300 0.0000 5.4821
v -4.6743 0.0000 5.4946
v -4.6269 0.0000 5.5266
v -4.5878 0.0000 5.5678
v -4.5598 0.0000 5.6167
v -4.5327 0.0000 5.6614
v -4.5190 0.0117 5.7120
v -4.5004 0.0141 5.7566
v -4.4800 0.0108 5.8006
v -4.4646 0.0070 5.8474
v -4.4446 0.0000 5.8965
v -4.4191 0.0000 5.9513
v -4.4156 0.0000 6.0091
v -4.4259 0.0000 6.0664
v -4.4654 0.0000 6.1107
v -4.5127 0.0000 6.1450
v -4.5565 0.0000 6.1765
v -4.6019 0.0027 6.2020
v -4.6456 0.0057 6.2265
v -4.6913 0.0082 6.2455
v -4.7395 0.0132 6.2548
v -4.7860 0.0099 6.2693
v -4.8345 0.0000 6.2893
v -4.8882 0.0000 6.3096
v -4.9485 0.0000 6.3278
v -5.0043 0.0000 6.3119
v -5.0508 0.0000 6.2763
v -5.0857 0.0000 6.2289
v -5.1147 0.0000 6.1817
v -5.1403 0.0025 6.1363
v -5.1589 0.0102 6.0891
v -5.1632 0.0000 6.0381
v -5.1868 0.0000 5.9968
v -5.1990 0.0000 5.9508
v -5.2130 0.0000 5.9034
v -5.2243 0.0000 5.8527
v -5.2319 0.0000 5.7982
v -5.2205 0.0000 5.7456
v -5.1919 0.0000 5.6999
v -5.1483 0.0000 5.6663
v -5.1042 0.0000 5.6385
v -5.0633 0.0000 5.6117
v -5.0204 0.0000 5.5906
v -4.9784 0.0000 5.5694
v -4.9351 0.0000 5.5501
v -4.8895 0.0000 5.5342
v -4.8414 0.0000 5.5167
v -4.7907 0.0000 5.5142
v -4.7359 0.0000 5.5049
v -4.6843 0.0000 5.5194
v -4.6394 0.0000 5.5487
v -4.6005 0.0000 5.5847
v -4.5743 0.0000 5.6315
v -4.5457 0.0000 5.6715
v -4.5296 0.0000 5.7183
v -4.5132 0.0000 5.7620
v -4.4950 0.0000 5.8048
v -4.4820 0.0000 5.8499
v -4.4648 0.0000 5.8967
v -4.4462 0.0000 5.9480
v -4.4406 0.0000 6.0027
v -4.4535 0.0000 6.0552
v -4.4875 0.0000 6.0982
v -4.5277 0.0000 6.1337
v -4.5690 0.0000 6.1642
v -4.6118 0.0000 6.1895
v -4.6564 0.0000 6.2081
v -4.6986 0.0000 6.2283
v -4.7421 0.0000 6.2455
v -4.7868 0.0000 6.2639
v -4.8346 0.0000 6.2809
v -4.8853 0.0000 6.2855
v -4.9377 0.0000 6.2859
v -4.9899 0.0000 6.2761
v -5.0333 0.0000 6.2454
v -5.0750 0.0000 6.2147
v -5.1010 0.0000 6.1678
v -5.1285 0.0000 6.1271
v -5.1478 0.0000 6.0826
v -5.1379 0.0000 6.0274
v -5.1533 0.0000 5.9875
v -5.1721 0.0000 5.9470
v -5.1765 0.0000 5.9030
v -5.1854 0.0000 5.8574
v -5.1793 0.0000 5.8118
v -5.1716 0.0000 5.7653
v -5.1484 0.0000 5.7245
v -5.1176 0.0000 5.6894
v -5.0830 0.0000 5.6593
v -5.0403 0.0000 5.6412
v -5.0033 0.0000 5.6196
v -4.9654 0.0000 5.6000
v -4.9247 0.0000 5.5876
v -4.8842 0.0000 5.5721
v -4.8411 0.0000 5.5603
v -4.7957 0.0000 5.5549
v -4.7485 0.0000 5.5537
v -4.7068 0.0000 5.5750
v -4.6635 0.0000 5.5914
v -4.6285 0.0000 5.6218
v -4.6012 0.0000 5.6589
v -4.5720 0.0000 5.6921
v -4.5495 0.0000 5.7300
v -4.5361 0.0000 5.7718
v -4.5221 0.0000 5.8123
v -4.5078 0.0000 5.8535
v -4.5012 0.0000 5.8970
v -4.5019 0.0000 5.9412
v -4.4938 0.0000 5.9889
v -4.5050 0.0000 6.0345
v -4.5238 0.0000 6.0777
v -4.5549 0.0000 6.1132
v -4.5925 0.0000 6.1411
v -4.6337 0.0000 6.1615
v -4.6711 0.0000 6.1833
v -4.7094 0.0000 6.2028
v -4.7489 0.0000 6.2211
v -4.7911 0.0000 6.2335
v -4.8350 0.0000 6.2403
v -4.8807 0.0000 6.2484
v -4.9260 0.0000 6.2405
v -4.9688 0.0000 6.2240
v -5.0088 0.0000 6.2021
v -5.0484 0.0000 6.1793
v -5.0809 0.0000 6.1472
v -5.1028 0.0000 6.1070
v -5.1244 0.0000 6.0688
v -5.0950 0.0000 6.0092
v -5.1147 0.0000 5.9768
v -5.1242 0.0000 5.9403
v -5.1296 0.0000 5.9026
v -5.1319 0.0000 5.8640
v -5.1191 0.0000 5.8274
v -5.1096 0.0000 5.7903
v -5.0945 0.0000 5.7550
v -5.0746 0.0000 5.7218
v -5.0427 0.0000 5.6989
v -5.0122 0.0000 5.6772
v -4.9809 0.0000 5.6576
v -4.9487 0.0000 5.6393
v -4.9137 0.0000 5.6273
v -4.8780 0.0000 5.6162
v -4.8406 0.0000 5.6139
v -4.8028 0.0000 5.6129
v -4.7643 0.0000 5.6147
v -4.7280 0.0000 5.6275
v -4.6922 0.0000 5.6421
v -4.6615 0.0000 5.6657
v -4.6361 0.0000 5.6944
v -4.6103 0.0000 5.7220
v -4.5911 0.0000 5.7545
v -4.5748 0.0000 5.7882
v -4.5614 0.0000 5.8232
v -4.5563 0.0000 5.8603
v -4.5593 0.0000 5.8975
v -4.5550 0.0000 5.9347
v -4.5581 0.0000 5.9723
v -4.5662 0.0000 6.0098
v -4.5783 0.0000 6.0469
v -4.5978 0.0000 6.0809
v -4.6292 0.0000 6.1051
v -4.6656 0.0000 6.1206
v -4.6970 0.0000 6.1394
v -4.7272 0.0000 6.1610
v -4.7618 0.0000 6.1747
v -4.7976 0.0000 6.1875
v -4.8354 0.0000 6.1898
v -4.8736 0.0000 6.1899
v -4.9098 0.0000 6.1776
v -4.9452 0.0000 6.1655
v -4.9808 0.0000 6.1524
v -5.0120 0.0000 6.1310
v -5.0423 0.0000 6.1079
v -5.0642 0.0000 6.0768
v -5.0883 0.0000 6.0475
v -5.0473 0.0000 5.9889
v -5.0602 0.0000 5.9617
v -5.0731 0.0000 5.9331
v -5.0734 0.0000 5.9021
v -5.0689 0.0000 5.8717
v -5.0671 0.0000 5.8408
v -5.0536 0.0000 5.8130
v -5.0415 0.0000 5.7849
v -5.0274 0.0000 5.7574
v -5.0047 0.0000 5.7363
v -4.9797 0.0000 5.7187
v -4.9549 0.0000 5.7017
v -4.9275 0.0000 5.6893
v -4.8983 0.0000 5.6829
v -4.8699 0.0000 5.6737
v -4.8401 0.0000 5.6657
v -4.8096 0.0000 5.6680
v -4.7794 0.0000 5.6730
v -4.7506 0.0000 5.6834
v -4.7217 0.0000 5.6943
v -4.6985 0.0000 5.7148
v -4.6755 0.0000 5.7346
v -4.6525 0.0000 5.7550
v -4.6375 0.0000 5.7818
v -4.6228 0.0000 5.8086
v -4.6158 0.0000 5.8383
v -4.6113 0.0000 5.8681
v -4.6118 0.0000 5.8980
v -4.6106 0.0000 5.9279
v -4.6167 0.0000 5.9572
v -4.6205 0.0000 5.9878
v -4.6317 0.0000 6.0167
v -4.6463 0.0000 6.0444
v -4.6700 0.0000 6.0650
v -4.6959 0.0000 6.0818
v -4.7223 0.0000 6.0964
v -4.7484 0.0000 6.1111
v -4.7763 0.0000 6.1225
v -4.8054 0.0000 6.1317
v -4.8359 0.0000 6.1381
v -4.8666 0.0000 6.1333
v -4.8958 0.0000 6.1236
v -4.9237 0.0000 6.1123
v -4.9524 0.0000 6.1023
v -4.9796 0.0000 6.0879
v -5.0020 0.0000 6.0669
v -5.0242 0.0000 6.0456
v -5.0403 0.0000 6.0192
v -5.0010 0.0000 5.9692
v -5.0116 0.0000 5.9482
v -5.0197 0.0000 5.9256
v -5.0229 0.0000 5.9017
v -5.0193 0.0000 5.8778
v -5.0150 0.0000 5.8543
v -5.0053 0.0000 5.8324
v -4.9971 0.0000 5.8100
v -4.9847 0.0000 5.7896
v -4.9669 0.0000 5.7734
v -4.9478 0.0000 5.7596
v -4.9287 0.0000 5.7461
v -4.9064 0.0000 5.7391
v -4.8846 0.0000 5.7323
v -4.8625 0.0000 5.7258
v -4.8396 0.0000 5.7220
v -4.8159 0.0000 5.7193
v -4.7930 0.0000 5.7257
v -4.7695 0.0000 5.7302
v -4.7488 0.0000 5.7422
v -4.7288 0.0000 5.7550
v -4.7106 0.0000 5.7703
v -4.6955 0.0000 5.7886
v -4.6818 0.0000 5.8079
v -4.6714 0.0000 5.8292
v -4.6625 0.0000 5.8513
v -4.6620 0.0000 5.8752
v -4.6631 0.0000 5.8984
v -4.6625 0.0000 5.9215
v -4.6674 0.0000 5.9441
v -4.6725 0.0000 5.9668
v -4.6803 0.0000 5.9892
v -4.6921 0.0000 6.0099
v -4.7076 0.0000 6.0281
v -4.7262 0.0000 6.0431
v -4.7482 0.0000 6.0524
v -4.7691 0.0000 6.0622
v -4.7898 0.0000 6.0738
v -4.8125 0.0000 6.0813
v -4.8364 0.0000 6.0829
v -4.8599 0.0000 6.0787
v -4.8825 0.0000 6.0721
v -4.9052 0.0000 6.0664
v -4.9254 0.0000 6.0546
v -4.9461 0.0000 6.0434
v -4.9633 0.0000 6.0276
v -4.9811 0.0000 6.0119
v -4.9947 0.0000 5.9924
v -4.9552 0.0000 5.9498
v -4.9647 0.0000 5.9352
v -4.9671 0.0000 5.9182
v -4.9719 0.0000 5.9012
v -4.9687 0.0000 5.8840
v -4.9650 0.0000 5.8672
v -4.9593 0.0000 5.8510
v -4.9531 0.0000 5.8349
v -4.9436 0.0000 5.8204
v -4.9326 0.0000 5.8071
v -4.9178 0.0000 5.7979
v -4.9035 0.0000 5.7889
v -4.8888 0.0000 5.7804
v -4.8724 0.0000 5.7761
v -4.8557 0.0000 5.7741
v -4.8392 0.0000 5.7693
v -4.8222 0.0000 5.7711
v -4.8051 0.0000 5.7724
v -4.7880 0.0000 5.7760
v -4.7725 0.0000 5.7842
v -4.7575 0.0000 5.7931
v -4.7460 0.0000 5.8063
v -4.7353 0.0000 5.8197
v -4.7259 0.0000 5.8339
v -4.7181 0.0000 5.8491
v -4.7115 0.0000 5.8649
v -4.7109 0.0000 5.8821
v -4.7073 0.0000 5.8988
v -4.7109 0.0000 5.9156
v -4.7129 0.0000 5.9323
v -4.7182 0.0000 5.9484
v -4.7228 0.0000 5.9652
v -4.7312 0.0000 5.9805
v -4.7435 0.0000 5.9929
v -4.7561 0.0000 6.0048
v -4.7707 0.0000 6.0143
v -4.7867 0.0000 6.0208
v -4.8028 0.0000 6.0271
v -4.8199 0.0000 6.0284
v -4.8369 0.0000 6.0301
v -4.8539 0.0000 6.0299
v -4.8708 0.0000 6.0267
v -4.8873 0.0000 6.0219
v -4.9018 0.0000 6.0127
v -4.9173 0.0000 6.0052
v -4.9303 0.0000 5.9939
v -4.9415 0.0000 5.9809
v -4.9527 0.0000 5.9676
v -4.9162 0.0000 5.9332
v -4.9186 0.0000 5.9224
v -4.9220 0.0000 5.9118
v -4.9241 0.0000 5.9008
v -4.9246 0.0000 5.8894
v -4.9216 0.0000 5.8784
v -4.9193 0.0000 5.8672
v -4.9134 0.0000 5.8574
v -4.9055 0.0000 5.8492
v -4.8990 0.0000 5.8401
v -4.8903 0.0000 5.8331
v -4.8816 0.0000 5.8261
v -4.8708 0.0000 5.8227
v -4.8604 0.0000 5.8193
v -4.8496 0.0000 5.8179
v -4.8388 0.0000 5.8161
v -4.8277 0.0000 5.8158
v -4.8164 0.0000 5.8165
v -4.8057 0.0000 5.8200
v -4.7950 0.0000 5.8239
v -4.7863 0.0000 5.8314
v -4.7778 0.0000 5.8387
v -4.7702 0.0000 5.8470
v -4.7645 0.0000 5.8567
v -4.7606 0.0000 5.8671
v -4.7565 0.0000 5.8774
v -4.7535 0.0000 5.8881
v -4.7538 0.0000 5.8992
v -4.7529 0.0000 5.9104
v -4.7558 0.0000 5.9212
v -4.7598 0.0000 5.9316
v -4.7643 0.0000 5.9417
v -4.7702 0.0000 5.9511
v -4.7767 0.0000 5.9602
v -4.7847 0.0000 5.9682
v -4.7943 0.0000 5.9742
v -4.8041 0.0000 5.9798
v -4.8154 0.0000 5.9816
v -4.8264 0.0000 5.9826
v -4.8373 0.0000 5.9847
v -4.8485 0.0000 5.9853
v -4.8595 0.0000 5.9831
v -4.8700 0.0000 5.9793
v -4.8800 0.0000 5.9742
v -4.8888 0.0000 5.9674
v -4.8969 0.0000 5.9599
v -4.9057 0.0000 5.9529
v -4.9126 0.0000 5.9440
v -4.8766 0.0000 5.9164
v -4.8782 0.0000 5.9112
v -4.8791 0.0000 5.9058
v -4.8796 0.0000 5.9004
v -4.8803 0.0000 5.8948
v -4.8797 0.0000 5.8892
v -4.8778 0.0000 5.8839
v -4.8753 0.0000 5.8789
v -4.8719 0.0000 5.8745
v -4.8680 0.0000 5.8706
v -4.8639 0.0000 5.8669
v -4.8592 0.0000 5.8641
v -4.8544 0.0000 5.8615
v -4.8491 0.0000 5.8600
v -4.8438 0.0000 5.8588
v -4.8384 0.0000 5.8579
v -4.8329 0.0000 5.8585
v -4.8275 0.0000 5.8594
v -4.8222 0.0000 5.8608
v -4.8169 0.0000 5.8626
v -4.8121 0.0000 5.8656
v -4.8080 0.0000 5.8694
v -4.8044 0.0000 5.8737
v -4.8022 0.0000 5.8789
v -4.7999 0.0000 5.8838
v -4.7984 0.0000 5.8890
v -4.7966 0.0000 5.8942
v -4.7954 0.0000 5.8996
v -4.7958 0.0000 5.9052
v -4.7972 0.0000 5.9105
v -4.7990 0.0000 5.9158
v -4.8024 0.0000 5.9202
v -4.8050 0.0000 5.9249
v -4.8075 0.0000 5.9300
v -4.8113 0.0000 5.9342
v -4.8162 0.0000 5.9370
v -4.8212 0.0000 5.9395
v -4.8268 0.0000 5.9405
v -4.8322 0.0000 5.9411
v -4.8377 0.0000 5.9412
v -4.8432 0.0000 5.9419
v -4.8488 0.0000 5.9417
v -4.8541 0.0000 5.9399
v -4.8589 0.0000 5.9369
v -4.8631 0.0000 5.9332
v -4.8670 0.0000 5.9295
v -4.8709 0.0000 5.9257
v -4.8746 0.0000 5.9216
v -4.8380 0.0000 5.9000
v -4.8380 0.0000 5.9000
v -4.8380 0.0000 5.9000
v -4.8380 0.0000 5.9000
v -4.8380 0.0000 5.9000
v -4.8380 0.0000 5.9000
v -4.8380 0.0000 5.9000
v -4.8380 0.0000 5.9000
v -4.8380 0.0000 5.9000
v -4.8380 0.0000 5.9000
v -4.8380 0.0000 5.9000
v -4.8380 0.0000 5.9000
v -4.8380 0.0000 5.9000
v -4.8380 0.0000 5.9000
v -4.8380 0.0000 5.9000
v -4.8380 0.0000 5.9000
v -4.8380 0.0000 5.9000
v -4.8380 0.0000 5.9000
v -4.8380 0.0000 5.9000
v -4.8380 0.0000 5.9000
v -4.8380 0.0000 5.9000
v -4.8380 0.0000 5.9000
v -4.8380 0.0000 5.9000
v -4.8380 0.0000 5.9000
v -4.8380 0.0000 5.9000
v -4.8380 0.0000 5.9000
v -4.8380 0.0000 5.9000
v -4.8380 0.0000 5.9000
v -4.8380 0.0000 5.9000
v -4.8380 0.0000 5.9000
v -4.8380 0.0000 5.9000
v -4.8380 0.0000 5.9000
v -4.8380 0.0000 5.9000
v -4.8380 0.0000 5.9000
v -4.8380 0.0000 5.9000
v -4.8380 0.0000 5.9000
v -4.8380 0.0000 5.9000
v -4.8380 0.0000 5.9000
v -4.8380 0.0000 5.9000
v -4.8380 0.0000 5.9000
v -4.8380 0.0000 5.9000
v -4.8380 0.0000 5.9000
v -4.8380 0.0000 5.9000
v -4.8380 0.0000 5.9000
v -4.8380 0.0000 5.9000
v -4.8380 0.0000 5.9000
v -4.8380 0.0000 5.9000
v -4.8380 0.0000 5.9000
v -4.8599 0.0817 5.9093
v -4.8599 0.0000 5.9093
v -4.8601 0.0817 5.8911
v -4.8601 0.0000 5.8911
v -4.8473 0.0817 5.8781
v -4.8473 0.0000 5.8781
v -4.8291 0.0817 5.8779
v -4.8291 0.0000 5.8779
v -4.8161 0.0817 5.8907
v -4.8161 0.0000 5.8907
v -4.8159 0.0817 5.9089
v -4.8159 0.0000 5.9089
v -4.8287 0.0817 5.9219
v -4.8287 0.0000 5.9219
v -4.8469 0.0817 5.9221
v -4.8469 0.0000 5.9221
v -4.8380 0.0817 5.9000
v -4.8380 0.0000 5.9000
vn 0.0794 -0.9923 -0.0945
usemtl leaf_5
f 5035//4711 5083//4711 5084//4711 5036//4711
vn 0.0809 -0.9750 0.2070
f 5036//4712 5084//4712 5085//4712 5037//4712
vn -0.0625 -0.4220 -0.9044
f 5037//4713 5085//4713 5086//4713 5038//4713
vn -0.0341 -0.4766 0.8784
f 5038//4714 5086//4714 5087//4714 5039//4714
vn -0.1656 -0.5248 0.8350
f 5039//4715 5087//4715 5088//4715 5040//4715
vn 0.1111 -0.9357 -0.3349
f 5040//4716 5088//4716 5089//4716 5041//4716
vn -0.2294 -0.7763 0.5871
usemtl leaf_4
f 5041//4717 5089//4717 5090//4717 5042//4717
vn 0.5352 -0.2438 -0.8087
usemtl leaf_5
f 5042//4718 5090//4718 5091//4718 5043//4718
vn -0.5293 -0.5799 0.6193
f 5043//4719 5091//4719 5092//4719 5044//4719
vn 0.0936 -0.9731 -0.2107
f 5044//4720 5092//4720 5093//4720 5045//4720
vn -0.4210 -0.8810 0.2158
usemtl leaf_4
f 5045//4721 5093//4721 5094//4721 5046//4721
vn -0.8555 -0.2749 0.4388
usemtl leaf_5
f 5046//4722 5094//4722 5095//4722 5047//4722
vn -0.1927 -0.9750 0.1103
f 5047//4723 5095//4723 5096//4723 5048//4723
vn -0.7776 -0.5854 0.2296
f 5048//4724 5096//4724 5097//4724 5049//4724
vn 0.9796 -0.1930 -0.0565
usemtl leaf_4
f 5049//4725 5097//4725 5098//4725 5050//4725
vn 0.8406 -0.5417 -0.0027
usemtl leaf_5
f 5050//4726 5098//4726 5099//4726 5051//4726
vn 0.3319 -0.9424 -0.0403
f 5051//4727 5099//4727 5100//4727 5052//4727
vn -0.4637 -0.8590 -0.2170
f 5052//4728 5100//4728 5101//4728 5053//4728
vn -0.8540 -0.2701 -0.4446
f 5053//4729 5101//4729 5102//4729 5054//4729
vn 0.0186 -0.9920 -0.1246
usemtl leaf_4
f 5054//4730 5102//4730 5103//4730 5055//4730
vn 0.3655 -0.8963 0.2510
usemtl leaf_5
f 5055//4731 5103//4731 5104//4731 5056//4731
vn 0.6294 -0.2883 0.7216
f 5056//4732 5104//4732 5105//4732 5057//4732
vn 0.1202 -0.9840 0.1315
f 5057//4733 5105//4733 5106//4733 5058//4733
vn -0.2661 -0.7908 -0.5512
f 5058//4734 5106//4734 5107//4734 5059//4734
vn 0.1287 -0.9183 0.3744
f 5059//4735 5107//4735 5108//4735 5060//4735
vn -0.1490 -0.5598 -0.8151
f 5060//4736 5108//4736 5109//4736 5061//4736
vn -0.0933 -0.2904 -0.9524
f 5061//4737 5109//4737 5110//4737 5062//4737
vn -0.1017 -0.6114 0.7848
usemtl leaf_4
f 5062//4738 5110//4738 5111//4738 5063//4738
vn -0.0532 -0.9845 -0.1669
usemtl leaf_5
f 5063//4739 5111//4739 5112//4739 5064//4739
vn -0.2468 -0.6774 0.6930
usemtl leaf_4
f 5064//4740 5112//4740 5113//4740 5065//4740
vn -0.1753 -0.9107 0.3740
usemtl leaf_5
f 5065//4741 5113//4741 5114//4741 5066//4741
vn -0.3818 -0.6758 0.6305
f 5066//4742 5114//4742 5115//4742 5067//4742
vn 0.1945 -0.9797 0.0478
f 5067//4743 5115//4743 5116//4743 5068//4743
vn -0.5478 -0.5985 0.5846
f 5068//4744 5116//4744 5117//4744 5069//4744
vn 0.5028 -0.8211 -0.2703
f 5069//4745 5117//4745 5118//4745 5070//4745
vn 0.6879 -0.6390 -0.3443
f 5070//4746 5118//4746 5119//4746 5071//4746
vn -0.5398 -0.8245 0.1698
f 5071//4747 5119//4747 5120//4747 5072//4747
vn 0.8457 -0.5066 -0.1680
f 5072//4748 5120//4748 5121//4748 5073//4748
vn -0.0941 -0.9931 -0.0696
f 5073//4749 5121//4749 5122//4749 5074//4749
vn -0.0509 -0.9980 -0.0374
f 5074//4750 5122//4750 5123//4750 5075//4750
vn -0.2185 -0.9633 -0.1560
usemtl leaf_4
f 5075//4751 5123//4751 5124//4751 5076//4751
vn 0.3604 -0.9326 0.0182
usemtl leaf_5
f 5076//4752 5124//4752 5125//4752 5077//4752
vn 0.7029 -0.5794 0.4125
f 5077//4753 5125//4753 5126//4753 5078//4753
vn -0.5564 -0.7906 -0.2556
usemtl leaf_4
f 5078//4754 5126//4754 5127//4754 5079//4754
vn -0.5744 -0.6356 -0.5159
f 5079//4755 5127//4755 5128//4755 5080//4755
vn -0.3887 -0.7991 -0.4587
usemtl leaf_5
f 5080//4756 5128//4756 5129//4756 5081//4756
vn -0.4104 -0.6695 -0.6192
f 5081//4757 5129//4757 5130//4757 5082//4757
vn 0.4459 -0.5775 0.6838
f 5082//4758 5130//4758 5083//4758 5035//4758
vn -0.1977 -0.8492 -0.4897
f 5083//4759 5131//4759 5132//4759 5084//4759
vn -0.0733 -0.9955 0.0600
f 5084//4760 5132//4760 5133//4760 5085//4760
vn -0.0335 -0.9263 -0.3752
f 5085//4761 5133//4761 5134//4761 5086//4761
vn -0.0182 -0.9013 0.4329
f 5086//4762 5134//4762 5135//4762 5087//4762
vn -0.0719 -0.9710 0.2279
usemtl leaf_4
f 5087//4763 5135//4763 5136//4763 5088//4763
vn -0.1260 -0.8739 0.4695
usemtl leaf_5
f 5088//4764 5136//4764 5137//4764 5089//4764
vn 0.0832 -0.9891 -0.1212
usemtl leaf_4
f 5089//4765 5137//4765 5138//4765 5090//4765
vn 0.4272 -0.6434 -0.6353
usemtl leaf_5
f 5090//4766 5138//4766 5139//4766 5091//4766
vn -0.1282 -0.9817 0.1407
f 5091//4767 5139//4767 5140//4767 5092//4767
vn 0.2723 -0.9227 -0.2730
f 5092//4768 5140//4768 5141//4768 5093//4768
vn -0.5088 -0.7904 0.3412
f 5093//4769 5141//4769 5142//4769 5094//4769
vn -0.5412 -0.8116 0.2201
f 5094//4770 5142//4770 5143//4770 5095//4770
vn -0.5122 -0.8489 0.1303
usemtl leaf_4
f 5095//4771 5143//4771 5144//4771 5096//4771
vn -0.1731 -0.9843 -0.0354
usemtl leaf_3
f 5096//4772 5144//4772 5145//4772 5097//4772
vn 0.8338 -0.5426 -0.1019
usemtl leaf_4
f 5097//4773 5145//4773 5146//4773 5098//4773
vn 0.6256 -0.7759 0.0807
usemtl leaf_5
f 5098//4774 5146//4774 5147//4774 5099//4774
vn 0.3398 -0.9399 0.0338
f 5099//4775 5147//4775 5148//4775 5100//4775
vn -0.2996 -0.9369 -0.1800
f 5100//4776 5148//4776 5149//4776 5101//4776
vn -0.4689 -0.8231 -0.3204
f 5101//4777 5149//4777 5150//4777 5102//4777
vn -0.5136 -0.7719 -0.3746
f 5102//4778 5150//4778 5151//4778 5103//4778
vn 0.1031 -0.9824 0.1555
f 5103//4779 5151//4779 5152//4779 5104//4779
vn 0.4101 -0.7772 0.4772
usemtl leaf_4
f 5104//4780 5152//4780 5153//4780 5105//4780
vn 0.2667 -0.8600 0.4350
usemtl leaf_5
f 5105//4781 5153//4781 5154//4781 5106//4781
vn -0.1725 -0.8927 -0.4163
f 5106//4782 5154//4782 5155//4782 5107//4782
vn 0.0281 -0.9953 0.0927
f 5107//4783 5155//4783 5156//4783 5108//4783
vn -0.1515 -0.8743 -0.4612
usemtl leaf_4
f 5108//4784 5156//4784 5157//4784 5109//4784
vn -0.0469 -0.6467 -0.7613
usemtl leaf_5
f 5109//4785 5157//4785 5158//4785 5110//4785
vn -0.0050 -0.9123 0.4094
f 5110//4786 5158//4786 5159//4786 5111//4786
vn 0.0241 -0.9450 -0.3260
usemtl leaf_4
f 5111//4787 5159//4787 5160//4787 5112//4787
vn -0.2482 -0.8072 0.5355
usemtl leaf_5
f 5112//4788 5160//4788 5161//4788 5113//4788
vn -0.0730 -0.9973 -0.0051
usemtl leaf_4
f 5113//4789 5161//4789 5162//4789 5114//4789
vn -0.3211 -0.8882 0.3287
usemtl leaf_5
f 5114//4790 5162//4790 5163//4790 5115//4790
vn -0.3722 -0.8841 0.2824
f 5115//4791 5163//4791 5164//4791 5116//4791
vn -0.0027 -0.9991 -0.0426
f 5116//4792 5164//4792 5165//4792 5117//4792
vn -0.1195 -0.9902 0.0728
f 5117//4793 5165//4793 5166//4793 5118//4793
vn 0.3882 -0.9192 -0.0667
f 5118//4794 5166//4794 5167//4794 5119//4794
vn -0.0760 -0.9843 0.1593
f 5119//4795 5167//4795 5168//4795 5120//4795
vn 0.6158 -0.7806 -0.1065
f 5120//4796 5168//4796 5169//4796 5121//4796
vn -0.0389 -0.9963 0.0770
f 5121//4797 5169//4797 5170//4797 5122//4797
vn 0.0472 -0.9985 0.0268
f 5122//4798 5170//4798 5171//4798 5123//4798
vn 0.5786 -0.8135 0.0583
usemtl leaf_4
f 5123//4799 5171//4799 5172//4799 5124//4799
vn -0.5102 -0.8274 -0.2346
f 5124//4800 5172//4800 5173//4800 5125//4800
vn -0.2213 -0.9699 -0.1019
f 5125//4801 5173//4801 5174//4801 5126//4801
vn -0.1642 -0.9860 0.0289
usemtl leaf_5
f 5126//4802 5174//4802 5175//4802 5127//4802
vn -0.1828 -0.9813 0.0607
f 5127//4803 5175//4803 5176//4803 5128//4803
vn -0.3567 -0.9118 -0.2032
f 5128//4804 5176//4804 5177//4804 5129//4804
vn -0.0767 -0.9947 0.0691
f 5129//4805 5177//4805 5178//4805 5130//4805
vn 0.2755 -0.7120 0.6458
f 5130//4806 5178//4806 5131//4806 5083//4806
vn -0.0469 -0.9709 -0.2350
f 5131//4807 5179//4807 5180//4807 5132//4807
vn 0.0964 -0.9934 -0.0628
f 5132//4808 5180//4808 5181//4808 5133//4808
vn -0.0395 -0.9514 -0.3054
f 5133//4809 5181//4809 5182//4809 5134//4809
vn -0.0589 -0.9523 0.2996
f 5134//4810 5182//4810 5183//4810 5135//4810
vn -0.0104 -0.9645 0.2640
f 5135//4811 5183//4811 5184//4811 5136//4811
vn -0.0732 -0.9950 -0.0683
f 5136//4812 5184//4812 5185//4812 5137//4812
vn -0.1541 -0.9875 -0.0316
f 5137//4813 5185//4813 5186//4813 5138//4813
vn 0.2205 -0.8579 -0.4642
f 5138//4814 5186//4814 5187//4814 5139//4814
vn -0.0487 -0.9971 -0.0585
f 5139//4815 5187//4815 5188//4815 5140//4815
vn 0.0244 -0.9965 -0.0799
f 5140//4816 5188//4816 5189//4816 5141//4816
vn -0.3605 -0.8992 0.2479
f 5141//4817 5189//4817 5190//4817 5142//4817
vn -0.3750 -0.8848 0.2765
f 5142//4818 5190//4818 5191//4818 5143//4818
vn -0.2816 -0.9386 0.1995
f 5143//4819 5191//4819 5192//4819 5144//4819
vn 0.3009 -0.9496 -0.0883
usemtl leaf_4
f 5144//4820 5192//4820 5193//4820 5145//4820
vn 0.2778 -0.9604 0.0205
usemtl leaf_5
f 5145//4821 5193//4821 5194//4821 5146//4821
vn 0.4999 -0.8600 0.1027
f 5146//4822 5194//4822 5195//4822 5147//4822
vn 0.3717 -0.9175 0.1418
f 5147//4823 5195//4823 5196//4823 5148//4823
vn -0.3648 -0.9310 -0.0132
f 5148//4824 5196//4824 5197//4824 5149//4824
vn -0.0480 -0.9982 0.0371
f 5149//4825 5197//4825 5198//4825 5150//4825
vn -0.3601 -0.8701 -0.3365
f 5150//4826 5198//4826 5199//4826 5151//4826
vn 0.1198 -0.9899 -0.0753
usemtl leaf_4
f 5151//4827 5199//4827 5200//4827 5152//4827
vn 0.0946 -0.9878 0.1235
usemtl leaf_5
f 5152//4828 5200//4828 5201//4828 5153//4828
vn -0.0440 -0.9741 0.2217
f 5153//4829 5201//4829 5202//4829 5154//4829
vn -0.1411 -0.9827 0.1201
f 5154//4830 5202//4830 5203//4830 5155//4830
vn -0.1127 -0.9907 -0.0762
f 5155//4831 5203//4831 5204//4831 5156//4831
vn -0.1111 -0.9634 -0.2442
f 5156//4832 5204//4832 5205//4832 5157//4832
vn 0.0594 -0.9928 -0.1040
usemtl leaf_4
f 5157//4833 5205//4833 5206//4833 5158//4833
vn 0.1088 -0.9755 -0.1913
f 5158//4834 5206//4834 5207//4834 5159//4834
vn 0.0406 -0.9676 -0.2494
usemtl leaf_3
f 5159//4835 5207//4835 5208//4835 5160//4835
vn -0.1100 -0.9574 0.2670
usemtl leaf_5
f 5160//4836 5208//4836 5209//4836 5161//4836
vn -0.0998 -0.9821 0.1599
usemtl leaf_4
f 5161//4837 5209//4837 5210//4837 5162//4837
vn -0.1055 -0.9561 0.2734
usemtl leaf_5
f 5162//4838 5210//4838 5211//4838 5163//4838
vn -0.0451 -0.9965 0.0705
f 5163//4839 5211//4839 5212//4839 5164//4839
vn -0.1235 -0.9921 -0.0242
f 5164//4840 5212//4840 5213//4840 5165//4840
vn -0.2753 -0.9463 0.1697
f 5165//4841 5213//4841 5214//4841 5166//4841
vn 0.0870 -0.9940 -0.0667
f 5166//4842 5214//4842 5215//4842 5167//4842
vn 0.0330 -0.9991 -0.0275
f 5167//4843 5215//4843 5216//4843 5168//4843
vn 0.4889 -0.8678 -0.0894
usemtl leaf_4
f 5168//4844 5216//4844 5217//4844 5169//4844
vn -0.1140 -0.9931 -0.0271
usemtl leaf_5
f 5169//4845 5217//4845 5218//4845 5170//4845
vn 0.2692 -0.9628 -0.0213
f 5170//4846 5218//4846 5219//4846 5171//4846
vn 0.1796 -0.9813 0.0693
usemtl leaf_4
f 5171//4847 5219//4847 5220//4847 5172//4847
vn -0.2452 -0.9694 -0.0082
usemtl leaf_5
f 5172//4848 5220//4848 5221//4848 5173//4848
vn -0.1136 -0.9876 -0.1081
usemtl leaf_4
f 5173//4849 5221//4849 5222//4849 5174//4849
vn -0.3492 -0.9000 -0.2608
usemtl leaf_5
f 5174//4850 5222//4850 5223//4850 5175//4850
vn -0.0197 -0.9996 0.0181
f 5175//4851 5223//4851 5224//4851 5176//4851
vn 0.1420 -0.9893 0.0324
f 5176//4852 5224//4852 5225//4852 5177//4852
vn 0.1594 -0.9846 -0.0712
f 5177//4853 5225//4853 5226//4853 5178//4853
vn 0.2429 -0.9185 0.3120
f 5178//4854 5226//4854 5179//4854 5131//4854
vn -0.0520 -0.9713 -0.2321
usemtl leaf_4
f 5179//4855 5227//4855 5228//4855 5180//4855
vn -0.1012 -0.9930 -0.0604
usemtl leaf_5
f 5180//4856 5228//4856 5229//4856 5181//4856
vn 0.0483 -0.9938 -0.0999
f 5181//4857 5229//4857 5230//4857 5182//4857
vn 0.0602 -0.9967 0.0544
f 5182//4858 5230//4858 5231//4858 5183//4858
vn -0.1188 -0.9830 0.1397
f 5183//4859 5231//4859 5232//4859 5184//4859
vn 0.0218 -0.9938 -0.1091
f 5184//4860 5232//4860 5233//4860 5185//4860
vn 0.0018 -0.9998 0.0209
f 5185//4861 5233//4861 5234//4861 5186//4861
vn 0.1179 -0.9905 -0.0704
f 5186//4862 5234//4862 5235//4862 5187//4862
vn 0.1180 -0.9716 0.2049
f 5187//4863 5235//4863 5236//4863 5188//4863
vn 0.1605 -0.9662 0.2015
f 5188//4864 5236//4864 5237//4864 5189//4864
vn -0.0694 -0.9644 0.2551
f 5189//4865 5237//4865 5238//4865 5190//4865
vn -0.2350 -0.9652 0.1146
f 5190//4866 5238//4866 5239//4866 5191//4866
vn -0.1012 -0.9913 -0.0840
f 5191//4867 5239//4867 5240//4867 5192//4867
vn 0.1947 -0.9750 -0.1075
usemtl leaf_4
f 5192//4868 5240//4868 5241//4868 5193//4868
vn -0.0355 -0.9989 -0.0315
usemtl leaf_5
f 5193//4869 5241//4869 5242//4869 5194//4869
vn 0.3121 -0.9476 0.0684
f 5194//4870 5242//4870 5243//4870 5195//4870
vn 0.1484 -0.9735 0.1742
f 5195//4871 5243//4871 5244//4871 5196//4871
vn 0.0639 -0.9969 0.0456
f 5196//4872 5244//4872 5245//4872 5197//4872
vn 0.1372 -0.9890 -0.0555
f 5197//4873 5245//4873 5246//4873 5198//4873
vn -0.1654 -0.9659 -0.1991
f 5198//4874 5246//4874 5247//4874 5199//4874
vn -0.0443 -0.9944 -0.0955
f 5199//4875 5247//4875 5248//4875 5200//4875
vn -0.0035 -0.9960 -0.0897
f 5200//4876 5248//4876 5249//4876 5201//4876
vn -0.1975 -0.9575 -0.2102
usemtl leaf_4
f 5201//4877 5249//4877 5250//4877 5202//4877
vn 0.0134 -0.9634 0.2676
usemtl leaf_5
f 5202//4878 5250//4878 5251//4878 5203//4878
vn -0.1073 -0.9942 -0.0119
f 5203//4879 5251//4879 5252//4879 5204//4879
vn -0.0009 -0.9993 0.0378
f 5204//4880 5252//4880 5253//4880 5205//4880
vn 0.0105 -0.9994 0.0334
f 5205//4881 5253//4881 5254//4881 5206//4881
vn -0.0531 -0.9295 -0.3650
f 5206//4882 5254//4882 5255//4882 5207//4882
vn -0.0006 -0.9998 -0.0180
f 5207//4883 5255//4883 5256//4883 5208//4883
vn -0.0051 -0.9993 0.0358
f 5208//4884 5256//4884 5257//4884 5209//4884
vn -0.1217 -0.9493 0.2900
f 5209//4885 5257//4885 5258//4885 5210//4885
vn -0.0904 -0.9844 0.1506
f 5210//4886 5258//4886 5259//4886 5211//4886
vn -0.0052 -0.9975 0.0709
f 5211//4887 5259//4887 5260//4887 5212//4887
vn 0.0528 -0.9891 0.1373
f 5212//4888 5260//4888 5261//4888 5213//4888
vn -0.0546 -0.9977 0.0391
f 5213//4889 5261//4889 5262//4889 5214//4889
vn 0.1172 -0.9761 -0.1833
f 5214//4890 5262//4890 5263//4890 5215//4890
vn -0.1052 -0.9899 -0.0952
f 5215//4891 5263//4891 5264//4891 5216//4891
vn 0.2276 -0.9693 -0.0926
f 5216//4892 5264//4892 5265//4892 5217//4892
vn -0.0086 -0.9992 0.0382
usemtl leaf_4
f 5217//4893 5265//4893 5266//4893 5218//4893
vn 0.1849 -0.9825 0.0232
f 5218//4894 5266//4894 5267//4894 5219//4894
vn 0.0280 -0.9996 -0.0039
usemtl leaf_5
f 5219//4895 5267//4895 5268//4895 5220//4895
vn -0.0822 -0.9949 -0.0585
f 5220//4896 5268//4896 5269//4896 5221//4896
vn -0.1440 -0.9896 -0.0018
f 5221//4897 5269//4897 5270//4897 5222//4897
vn -0.3041 -0.9442 -0.1266
f 5222//4898 5270//4898 5271//4898 5223//4898
vn 0.1596 -0.9845 0.0732
f 5223//4899 5271//4899 5272//4899 5224//4899
vn 0.0753 -0.9957 0.0533
f 5224//4900 5272//4900 5273//4900 5225//4900
vn 0.2261 -0.9501 0.2148
f 5225//4901 5273//4901 5274//4901 5226//4901
vn 0.1223 -0.9890 -0.0838
f 5226//4902 5274//4902 5227//4902 5179//4902
vn 0.0255 -0.9271 -0.3738
f 5227//4903 5275//4903 5276//4903 5228//4903
vn 0.1311 -0.9807 -0.1451
f 5228//4904 5276//4904 5277//4904 5229//4904
vn 0.0390 -0.9992 0.0106
f 5229//4905 5277//4905 5278//4905 5230//4905
vn 0.0086 -0.9946 -0.1032
f 5230//4906 5278//4906 5279//4906 5231//4906
vn 0.0165 -0.9997 0.0200
f 5231//4907 5279//4907 5280//4907 5232//4907
vn -0.0520 -0.9974 0.0499
f 5232//4908 5280//4908 5281//4908 5233//4908
vn 0.0098 -1.0000 -0.0004
f 5233//4909 5281//4909 5282//4909 5234//4909
vn -0.0062 -0.9981 0.0614
f 5234//4910 5282//4910 5283//4910 5235//4910
vn -0.0793 -0.9935 0.0814
f 5235//4911 5283//4911 5284//4911 5236//4911
vn -0.0681 -0.9872 0.1444
f 5236//4912 5284//4912 5285//4912 5237//4912
vn 0.0947 -0.9933 0.0666
f 5237//4913 5285//4913 5286//4913 5238//4913
vn 0.0314 -0.9979 0.0567
usemtl leaf_4
f 5238//4914 5286//4914 5287//4914 5239//4914
vn -0.0332 -0.9960 0.0834
f 5239//4915 5287//4915 5288//4915 5240//4915
vn 0.0303 -0.9942 0.1028
usemtl leaf_5
f 5240//4916 5288//4916 5289//4916 5241//4916
vn 0.0198 -0.9899 0.1401
f 5241//4917 5289//4917 5290//4917 5242//4917
vn 0.0954 -0.9879 0.1220
f 5242//4918 5290//4918 5291//4918 5243//4918
vn 0.1100 -0.9849 0.1340
f 5243//4919 5291//4919 5292//4919 5244//4919
vn 0.1642 -0.9656 0.2017
f 5244//4920 5292//4920 5293//4920 5245//4920
vn 0.1573 -0.9667 0.2019
f 5245//4921 5293//4921 5294//4921 5246//4921
vn -0.2132 -0.9712 -0.1059
f 5246//4922 5294//4922 5295//4922 5247//4922
vn 0.0444 -0.9990 -0.0067
f 5247//4923 5295//4923 5296//4923 5248//4923
vn -0.2271 -0.9561 -0.1852
f 5248//4924 5296//4924 5297//4924 5249//4924
vn -0.2732 -0.9429 -0.1903
f 5249//4925 5297//4925 5298//4925 5250//4925
vn -0.0907 -0.9817 0.1674
f 5250//4926 5298//4926 5299//4926 5251//4926
vn -0.0945 -0.9843 0.1488
usemtl leaf_4
f 5251//4927 5299//4927 5300//4927 5252//4927
vn 0.0010 -0.9746 0.2240
usemtl leaf_5
f 5252//4928 5300//4928 5301//4928 5253//4928
vn 0.0016 -0.9993 -0.0379
f 5253//4929 5301//4929 5302//4929 5254//4929
vn 0.1117 -0.9838 -0.1401
f 5254//4930 5302//4930 5303//4930 5255//4930
vn 0.0988 -0.9951 -0.0083
usemtl leaf_4
f 5255//4931 5303//4931 5304//4931 5256//4931
vn 0.0572 -0.9976 -0.0384
f 5256//4932 5304//4932 5305//4932 5257//4932
vn -0.1084 -0.9563 0.2716
usemtl leaf_5
f 5257//4933 5305//4933 5306//4933 5258//4933
vn -0.0076 -0.9998 0.0165
f 5258//4934 5306//4934 5307//4934 5259//4934
vn -0.1013 -0.9948 -0.0113
f 5259//4935 5307//4935 5308//4935 5260//4935
vn -0.1566 -0.9829 -0.0970
f 5260//4936 5308//4936 5309//4936 5261//4936
vn -0.0107 -0.9961 -0.0871
f 5261//4937 5309//4937 5310//4937 5262//4937
vn 0.1500 -0.9803 -0.1286
f 5262//4938 5310//4938 5311//4938 5263//4938
vn 0.0085 -0.9919 -0.1265
f 5263//4939 5311//4939 5312//4939 5264//4939
vn 0.0257 -0.9824 -0.1852
usemtl leaf_4
f 5264//4940 5312//4940 5313//4940 5265//4940
vn -0.1068 -0.9849 -0.1362
usemtl leaf_5
f 5265//4941 5313//4941 5314//4941 5266//4941
vn 0.2063 -0.9743 -0.0904
f 5266//4942 5314//4942 5315//4942 5267//4942
vn 0.0037 -0.9956 -0.0941
usemtl leaf_4
f 5267//4943 5315//4943 5316//4943 5268//4943
vn -0.1490 -0.9870 -0.0595
usemtl leaf_5
f 5268//4944 5316//4944 5317//4944 5269//4944
vn -0.2224 -0.9715 -0.0826
f 5269//4945 5317//4945 5318//4945 5270//4945
vn -0.0323 -0.9987 -0.0388
f 5270//4946 5318//4946 5319//4946 5271//4946
vn 0.2243 -0.9695 0.0983
f 5271//4947 5319//4947 5320//4947 5272//4947
vn 0.1892 -0.9810 -0.0435
f 5272//4948 5320//4948 5321//4948 5273//4948
vn 0.1912 -0.9769 0.0955
f 5273//4949 5321//4949 5322//4949 5274//4949
vn 0.1107 -0.9918 0.0642
usemtl leaf_4
f 5274//4950 5322//4950 5275//4950 5227//4950
vn 0.2017 -0.9308 -0.3049
f 5275//4951 5323//4951 5324//4951 5276//4951
vn 0.2904 -0.9375 -0.1916
usemtl leaf_5
f 5276//4952 5324//4952 5325//4952 5277//4952
vn 0.2622 -0.9351 -0.2383
f 5277//4953 5325//4953 5326//4953 5278//4953
vn 0.1960 -0.9785 -0.0638
f 5278//4954 5326//4954 5327//4954 5279//4954
vn 0.1288 -0.9882 -0.0827
f 5279//4955 5327//4955 5328//4955 5280//4955
vn 0.0622 -0.9978 0.0249
f 5280//4956 5328//4956 5329//4956 5281//4956
vn 0.0014 -0.9997 -0.0235
f 5281//4957 5329//4957 5330//4957 5282//4957
vn -0.0697 -0.9718 0.2252
f 5282//4958 5330//4958 5331//4958 5283//4958
vn 0.0912 -0.9621 0.2571
f 5283//4959 5331//4959 5332//4959 5284//4959
vn -0.0187 -0.9290 0.3695
f 5284//4960 5332//4960 5333//4960 5285//4960
vn 0.2301 -0.9564 0.1798
usemtl leaf_4
f 5285//4961 5333//4961 5334//4961 5286//4961
vn 0.2079 -0.9691 0.1329
f 5286//4962 5334//4962 5335//4962 5287//4962
vn 0.0072 -0.9905 0.1375
usemtl leaf_5
f 5287//4963 5335//4963 5336//4963 5288//4963
vn 0.0799 -0.9960 0.0388
f 5288//4964 5336//4964 5337//4964 5289//4964
vn -0.0353 -0.9992 0.0181
usemtl leaf_4
f 5289//4965 5337//4965 5338//4965 5290//4965
vn -0.0659 -0.9885 0.1364
usemtl leaf_5
f 5290//4966 5338//4966 5339//4966 5291//4966
vn 0.0540 -0.9666 0.2506
usemtl leaf_4
f 5291//4967 5339//4967 5340//4967 5292//4967
vn 0.1876 -0.9545 0.2317
usemtl leaf_5
f 5292//4968 5340//4968 5341//4968 5293//4968
vn 0.1494 -0.9679 0.2022
f 5293//4969 5341//4969 5342//4969 5294//4969
vn -0.0964 -0.9942 0.0474
f 5294//4970 5342//4970 5343//4970 5295//4970
vn -0.1720 -0.9842 0.0420
f 5295//4971 5343//4971 5344//4971 5296//4971
vn -0.3796 -0.9157 -0.1317
f 5296//4972 5344//4972 5345//4972 5297//4972
vn -0.3091 -0.9455 -0.1027
f 5297//4973 5345//4973 5346//4973 5298//4973
vn -0.2792 -0.9588 0.0529
usemtl leaf_4
f 5298//4974 5346//4974 5347//4974 5299//4974
vn -0.2188 -0.9258 0.3083
f 5299//4975 5347//4975 5348//4975 5300//4975
vn -0.3009 -0.9239 0.2361
usemtl leaf_5
f 5300//4976 5348//4976 5349//4976 5301//4976
vn -0.2845 -0.9418 0.1791
f 5301//4977 5349//4977 5350//4977 5302//4977
vn -0.2319 -0.9718 -0.0419
f 5302//4978 5350//4978 5351//4978 5303//4978
vn -0.1423 -0.9895 -0.0269
f 5303//4979 5351//4979 5352//4979 5304//4979
vn -0.0688 -0.9896 -0.1262
f 5304//4980 5352//4980 5353//4980 5305//4980
vn -0.2158 -0.9679 0.1291
f 5305//4981 5353//4981 5354//4981 5306//4981
vn -0.1291 -0.9801 -0.1506
f 5306//4982 5354//4982 5355//4982 5307//4982
vn -0.1124 -0.9684 -0.2224
f 5307//4983 5355//4983 5356//4983 5308//4983
vn -0.1888 -0.9738 -0.1267
f 5308//4984 5356//4984 5357//4984 5309//4984
vn -0.1520 -0.9539 -0.2587
f 5309//4985 5357//4985 5358//4985 5310//4985
vn 0.0126 -0.9309 -0.3651
f 5310//4986 5358//4986 5359//4986 5311//4986
vn -0.1167 -0.9779 -0.1732
f 5311//4987 5359//4987 5360//4987 5312//4987
vn 0.0516 -0.9911 -0.1227
usemtl leaf_4
f 5312//4988 5360//4988 5361//4988 5313//4988
vn -0.1076 -0.9852 -0.1336
usemtl leaf_5
f 5313//4989 5361//4989 5362//4989 5314//4989
vn 0.1412 -0.9802 -0.1389
f 5314//4990 5362//4990 5363//4990 5315//4990
vn -0.1659 -0.9836 -0.0709
usemtl leaf_4
f 5315//4991 5363//4991 5364//4991 5316//4991
vn -0.1621 -0.9858 -0.0445
f 5316//4992 5364//4992 5365//4992 5317//4992
vn 0.0140 -0.9955 -0.0937
usemtl leaf_5
f 5317//4993 5365//4993 5366//4993 5318//4993
vn 0.0649 -0.9861 -0.1530
f 5318//4994 5366//4994 5367//4994 5319//4994
vn 0.2466 -0.9680 0.0458
f 5319//4995 5367//4995 5368//4995 5320//4995
vn 0.1525 -0.9877 0.0341
f 5320//4996 5368//4996 5369//4996 5321//4996
vn 0.2307 -0.9728 0.0218
usemtl leaf_4
f 5321//4997 5369//4997 5370//4997 5322//4997
vn 0.3258 -0.9441 0.0509
f 5322//4998 5370//4998 5323//4998 5275//4998
vn 0.4223 -0.8701 -0.2542
f 5323//4999 5371//4999 5372//4999 5324//4999
vn 0.5496 -0.8214 -0.1528
usemtl leaf_5
f 5324//5000 5372//5000 5373//5000 5325//5000
vn 0.4526 -0.7893 -0.4149
f 5325//5001 5373//5001 5374//5001 5326//5001
vn 0.3965 -0.9032 -0.1642
f 5326//5002 5374//5002 5375//5002 5327//5002
vn 0.3554 -0.9270 -0.1203
f 5327//5003 5375//5003 5376//5003 5328//5003
vn 0.2381 -0.9656 -0.1043
f 5328//5004 5376//5004 5377//5004 5329//5004
vn 0.1589 -0.9803 0.1171
f 5329//5005 5377//5005 5378//5005 5330//5005
vn 0.0079 -0.8793 0.4762
f 5330//5006 5378//5006 5379//5006 5331//5006
vn 0.0818 -0.8618 0.5007
usemtl leaf_4
f 5331//5007 5379//5007 5380//5007 5332//5007
vn 0.1637 -0.8216 0.5461
usemtl leaf_3
f 5332//5008 5380//5008 5381//5008 5333//5008
vn 0.3474 -0.8320 0.4326
usemtl leaf_4
f 5333//5009 5381//5009 5382//5009 5334//5009
vn 0.4288 -0.7932 0.4325
usemtl leaf_5
f 5334//5010 5382//5010 5383//5010 5335//5010
vn 0.2419 -0.8250 0.5107
f 5335//5011 5383//5011 5384//5011 5336//5011
vn 0.2649 -0.8405 0.4727
f 5336//5012 5384//5012 5385//5012 5337//5012
vn 0.0814 -0.8911 0.4464
f 5337//5013 5385//5013 5386//5013 5338//5013
vn -0.1468 -0.9407 0.3059
f 5338//5014 5386//5014 5387//5014 5339//5014
vn 0.1595 -0.9615 0.2236
f 5339//5015 5387//5015 5388//5015 5340//5015
vn 0.1505 -0.9622 0.2269
f 5340//5016 5388//5016 5389//5016 5341//5016
vn -0.0989 -0.9485 0.3008
f 5341//5017 5389//5017 5390//5017 5342//5017
vn -0.2223 -0.9099 0.3503
f 5342//5018 5390//5018 5391//5018 5343//5018
vn -0.4090 -0.8980 0.1624
f 5343//5019 5391//5019 5392//5019 5344//5019
vn -0.4385 -0.8976 0.0450
f 5344//5020 5392//5020 5393//5020 5345//5020
vn -0.4713 -0.8810 -0.0415
f 5345//5021 5393//5021 5394//5021 5346//5021
vn -0.4181 -0.9058 0.0686
usemtl leaf_4
f 5346//5022 5394//5022 5395//5022 5347//5022
vn -0.4808 -0.8551 0.1940
f 5347//5023 5395//5023 5396//5023 5348//5023
vn -0.4453 -0.8223 0.3544
usemtl leaf_5
f 5348//5024 5396//5024 5397//5024 5349//5024
vn -0.3424 -0.8829 0.3212
usemtl leaf_4
f 5349//5025 5397//5025 5398//5025 5350//5025
vn -0.2471 -0.9645 0.0933
usemtl leaf_5
f 5350//5026 5398//5026 5399//5026 5351//5026
vn -0.2081 -0.9779 0.0179
f 5351//5027 5399//5027 5400//5027 5352//5027
vn -0.1398 -0.9893 -0.0425
usemtl leaf_4
f 5352//5028 5400//5028 5401//5028 5353//5028
vn -0.1640 -0.9738 -0.1574
usemtl leaf_5
f 5353//5029 5401//5029 5402//5029 5354//5029
vn -0.2581 -0.9321 -0.2542
f 5354//5030 5402//5030 5403//5030 5355//5030
vn -0.2011 -0.9463 -0.2533
f 5355//5031 5403//5031 5404//5031 5356//5031
vn -0.2122 -0.9207 -0.3274
f 5356//5032 5404//5032 5405//5032 5357//5032
vn -0.1620 -0.8937 -0.4185
f 5357//5033 5405//5033 5406//5033 5358//5033
vn -0.0591 -0.8615 -0.5042
usemtl leaf_4
f 5358//5034 5406//5034 5407//5034 5359//5034
vn -0.3171 -0.8253 -0.4672
usemtl leaf_5
f 5359//5035 5407//5035 5408//5035 5360//5035
vn -0.1128 -0.8457 -0.5215
f 5360//5036 5408//5036 5409//5036 5361//5036
vn -0.0843 -0.8765 -0.4740
f 5361//5037 5409//5037 5410//5037 5362//5037
vn -0.1466 -0.9386 -0.3123
usemtl leaf_4
f 5362//5038 5410//5038 5411//5038 5363//5038
vn -0.1689 -0.9589 -0.2281
f 5363//5039 5411//5039 5412//5039 5364//5039
vn -0.0787 -0.9656 -0.2477
usemtl leaf_5
f 5364//5040 5412//5040 5413//5040 5365//5040
vn 0.2741 -0.9514 -0.1407
f 5365//5041 5413//5041 5414//5041 5366//5041
vn 0.2640 -0.9221 -0.2828
f 5366//5042 5414//5042 5415//5042 5367//5042
vn 0.4928 -0.8431 -0.2151
f 5367//5043 5415//5043 5416//5043 5368//5043
vn 0.4430 -0.8473 -0.2929
f 5368//5044 5416//5044 5417//5044 5369//5044
vn 0.4616 -0.8823 -0.0918
f 5369//5045 5417//5045 5418//5045 5370//5045
vn 0.4576 -0.8891 0.0063
f 5370//5046 5418//5046 5371//5046 5323//5046
vn 0.8260 -0.5222 -0.2122
usemtl leaf_4
f 5371//5047 5419//5047 5420//5047 5372//5047
vn 0.7665 -0.5639 -0.3073
usemtl leaf_5
f 5372//5048 5420//5048 5421//5048 5373//5048
vn 0.6953 -0.5788 -0.4262
usemtl leaf_4
f 5373//5049 5421//5049 5422//5049 5374//5049
vn 0.7439 -0.6067 -0.2802
f 5374//5050 5422//5050 5423//5050 5375//5050
vn 0.6067 -0.7531 -0.2544
usemtl leaf_5
f 5375//5051 5423//5051 5424//5051 5376//5051
vn 0.5514 -0.8299 -0.0856
f 5376//5052 5424//5052 5425//5052 5377//5052
vn 0.4164 -0.7576 0.5027
f 5377//5053 5425//5053 5426//5053 5378//5053
vn 0.3228 -0.6885 0.6494
f 5378//5054 5426//5054 5427//5054 5379//5054
vn 0.1642 -0.6609 0.7323
f 5379//5055 5427//5055 5428//5055 5380//5055
vn 0.2280 -0.6138 0.7558
usemtl leaf_3
f 5380//5056 5428//5056 5429//5056 5381//5056
vn 0.4395 -0.5292 0.7258
usemtl leaf_4
f 5381//5057 5429//5057 5430//5057 5382//5057
vn 0.4739 -0.4509 0.7563
usemtl leaf_5
f 5382//5058 5430//5058 5431//5058 5383//5058
vn 0.4550 -0.4539 0.7661
f 5383//5059 5431//5059 5432//5059 5384//5059
vn 0.3209 -0.5149 0.7949
f 5384//5060 5432//5060 5433//5060 5385//5060
vn 0.2149 -0.5315 0.8194
f 5385//5061 5433//5061 5434//5061 5386//5061
vn 0.0683 -0.6388 0.7663
usemtl leaf_4
f 5386//5062 5434//5062 5435//5062 5387//5062
vn 0.2129 -0.7194 0.6611
f 5387//5063 5435//5063 5436//5063 5388//5063
vn 0.0317 -0.8030 0.5951
f 5388//5064 5436//5064 5437//5064 5389//5064
vn -0.3299 -0.8428 0.4252
usemtl leaf_5
f 5389//5065 5437//5065 5438//5065 5390//5065
vn -0.3893 -0.8018 0.4533
usemtl leaf_4
f 5390//5066 5438//5066 5439//5066 5391//5066
vn -0.6513 -0.6750 0.3467
usemtl leaf_5
f 5391//5067 5439//5067 5440//5067 5392//5067
vn -0.7956 -0.5342 0.2856
f 5392//5068 5440//5068 5441//5068 5393//5068
vn -0.8367 -0.4933 0.2378
f 5393//5069 5441//5069 5442//5069 5394//5069
vn -0.8551 -0.4693 0.2204
f 5394//5070 5442//5070 5443//5070 5395//5070
vn -0.7970 -0.5247 0.2990
usemtl leaf_3
f 5395//5071 5443//5071 5444//5071 5396//5071
vn -0.7737 -0.5092 0.3769
usemtl leaf_4
f 5396//5072 5444//5072 5445//5072 5397//5072
vn -0.8103 -0.4196 0.4091
f 5397//5073 5445//5073 5446//5073 5398//5073
vn -0.7224 -0.5704 0.3908
usemtl leaf_5
f 5398//5074 5446//5074 5447//5074 5399//5074
vn -0.5770 -0.8161 -0.0306
f 5399//5075 5447//5075 5448//5075 5400//5075
vn -0.5408 -0.8400 -0.0430
f 5400//5076 5448//5076 5449//5076 5401//5076
vn -0.3328 -0.8144 -0.4754
f 5401//5077 5449//5077 5450//5077 5402//5077
vn -0.4204 -0.8007 -0.4267
usemtl leaf_4
f 5402//5078 5450//5078 5451//5078 5403//5078
vn -0.4133 -0.6193 -0.6675
usemtl leaf_5
f 5403//5079 5451//5079 5452//5079 5404//5079
vn -0.4133 -0.4472 -0.7932
usemtl leaf_4
f 5404//5080 5452//5080 5453//5080 5405//5080
vn -0.4951 -0.4400 -0.7491
usemtl leaf_5
f 5405//5081 5453//5081 5454//5081 5406//5081
vn -0.2256 -0.5145 -0.8273
f 5406//5082 5454//5082 5455//5082 5407//5082
vn -0.2511 -0.4535 -0.8552
f 5407//5083 5455//5083 5456//5083 5408//5083
vn -0.3312 -0.4197 -0.8451
usemtl leaf_4
f 5408//5084 5456//5084 5457//5084 5409//5084
vn -0.2638 -0.5794 -0.7712
usemtl leaf_5
f 5409//5085 5457//5085 5458//5085 5410//5085
vn -0.3619 -0.6588 -0.6596
f 5410//5086 5458//5086 5459//5086 5411//5086
vn -0.1405 -0.7788 -0.6113
f 5411//5087 5459//5087 5460//5087 5412//5087
vn 0.0429 -0.8256 -0.5626
f 5412//5088 5460//5088 5461//5088 5413//5088
vn 0.4073 -0.8253 -0.3910
f 5413//5089 5461//5089 5462//5089 5414//5089
vn 0.5712 -0.7588 -0.3130
usemtl leaf_4
f 5414//5090 5462//5090 5463//5090 5415//5090
vn 0.7046 -0.6328 -0.3212
f 5415//5091 5463//5091 5464//5091 5416//5091
vn 0.7200 -0.5445 -0.4302
usemtl leaf_5
f 5416//5092 5464//5092 5465//5092 5417//5092
vn 0.7260 -0.5049 -0.4670
f 5417//5093 5465//5093 5466//5093 5418//5093
vn 0.8063 -0.5621 -0.1840
f 5418//5094 5466//5094 5419//5094 5371//5094
vn 0.9650 -0.1986 -0.1712
usemtl leaf_3
f 5419//5095 5467//5095 5468//5095 5420//5095
vn 0.8315 -0.2346 -0.5035
f 5420//5096 5468//5096 5469//5096 5421//5096
vn 0.9261 -0.2597 -0.2738
usemtl leaf_5
f 5421//5097 5469//5097 5470//5097 5422//5097
vn 0.8389 -0.3100 -0.4474
f 5422//5098 5470//5098 5471//5098 5423//5098
vn 0.8962 -0.3869 -0.2170
f 5423//5099 5471//5099 5472//5099 5424//5099
vn 0.9243 -0.3759 0.0664
f 5424//5100 5472//5100 5473//5100 5425//5100
vn 0.6420 -0.4294 0.6351
f 5425//5101 5473//5101 5474//5101 5426//5101
vn 0.4889 -0.3737 0.7882
f 5426//5102 5474//5102 5475//5102 5427//5102
vn 0.3608 -0.2553 0.8970
f 5427//5103 5475//5103 5476//5103 5428//5103
vn 0.3962 -0.3279 0.8576
f 5428//5104 5476//5104 5477//5104 5429//5104
vn 0.3495 -0.3448 0.8712
usemtl leaf_3
f 5429//5105 5477//5105 5478//5105 5430//5105
vn 0.4186 -0.2243 0.8801
usemtl leaf_4
f 5430//5106 5478//5106 5479//5106 5431//5106
vn 0.4585 -0.1413 0.8774
usemtl leaf_5
f 5431//5107 5479//5107 5480//5107 5432//5107
vn 0.4302 -0.1736 0.8859
f 5432//5108 5480//5108 5481//5108 5433//5108
vn 0.3015 -0.3324 0.8937
f 5433//5109 5481//5109 5482//5109 5434//5109
vn 0.3011 -0.4884 0.8190
usemtl leaf_4
f 5434//5110 5482//5110 5483//5110 5435//5110
vn 0.1441 -0.5495 0.8229
f 5435//5111 5483//5111 5484//5111 5436//5111
vn -0.0299 -0.5049 0.8627
f 5436//5112 5484//5112 5485//5112 5437//5112
vn -0.4958 -0.4867 0.7193
f 5437//5113 5485//5113 5486//5113 5438//5113
vn -0.7220 -0.3461 0.5991
usemtl leaf_5
f 5438//5114 5486//5114 5487//5114 5439//5114
vn -0.8348 -0.2322 0.4992
f 5439//5115 5487//5115 5488//5115 5440//5115
vn -0.9034 -0.2388 0.3561
f 5440//5116 5488//5116 5489//5116 5441//5116
vn -0.8795 -0.2884 0.3785
f 5441//5117 5489//5117 5490//5117 5442//5117
vn -0.9175 -0.3312 0.2201
usemtl leaf_4
f 5442//5118 5490//5118 5491//5118 5443//5118
vn -0.8918 -0.2747 0.3594
usemtl leaf_5
f 5443//5119 5491//5119 5492//5119 5444//5119
vn -0.9502 -0.1932 0.2444
f 5444//5120 5492//5120 5493//5120 5445//5120
vn -0.8653 -0.2160 0.4524
usemtl leaf_3
f 5445//5121 5493//5121 5494//5121 5446//5121
vn -0.8196 -0.2696 0.5056
usemtl leaf_4
f 5446//5122 5494//5122 5495//5122 5447//5122
vn -0.8775 -0.4598 0.1363
usemtl leaf_5
f 5447//5123 5495//5123 5496//5123 5448//5123
vn -0.7833 -0.6035 -0.1492
f 5448//5124 5496//5124 5497//5124 5449//5124
vn -0.5902 -0.6244 -0.5117
f 5449//5125 5497//5125 5498//5125 5450//5125
vn -0.4462 -0.4952 -0.7455
f 5450//5126 5498//5126 5499//5126 5451//5126
vn -0.3939 -0.3104 -0.8652
usemtl leaf_4
f 5451//5127 5499//5127 5500//5127 5452//5127
vn -0.3985 -0.2464 -0.8835
f 5452//5128 5500//5128 5501//5128 5453//5128
vn -0.5334 -0.1809 -0.8263
f 5453//5129 5501//5129 5502//5129 5454//5129
vn -0.3299 -0.1020 -0.9385
f 5454//5130 5502//5130 5503//5130 5455//5130
vn -0.3261 -0.2015 -0.9236
f 5455//5131 5503//5131 5504//5131 5456//5131
vn -0.3317 -0.2648 -0.9055
usemtl leaf_5
f 5456//5132 5504//5132 5505//5132 5457//5132
vn -0.4574 -0.2750 -0.8457
usemtl leaf_4
f 5457//5133 5505//5133 5506//5133 5458//5133
vn -0.3480 -0.3667 -0.8628
usemtl leaf_5
f 5458//5134 5506//5134 5507//5134 5459//5134
vn -0.2729 -0.4587 -0.8456
f 5459//5135 5507//5135 5508//5135 5460//5135
vn 0.1314 -0.6269 -0.7679
f 5460//5136 5508//5136 5509//5136 5461//5136
vn 0.5833 -0.5328 -0.6131
f 5461//5137 5509//5137 5510//5137 5462//5137
vn 0.8195 -0.3553 -0.4497
usemtl leaf_4
f 5462//5138 5510//5138 5511//5138 5463//5138
vn 0.8411 -0.3107 -0.4427
usemtl leaf_5
f 5463//5139 5511//5139 5512//5139 5464//5139
vn 0.8388 -0.3125 -0.4459
f 5464//5140 5512//5140 5513//5140 5465//5140
vn 0.8665 -0.2151 -0.4505
usemtl leaf_4
f 5465//5141 5513//5141 5514//5141 5466//5141
vn 0.9100 -0.1536 -0.3852
f 5466//5142 5514//5142 5467//5142 5419//5142
vn 0.9519 -0.1668 -0.2572
f 5467//5143 5515//5143 5516//5143 5468//5143
vn 0.8835 -0.1394 -0.4471
usemtl leaf_3
f 5468//5144 5516//5144 5517//5144 5469//5144
vn 0.9442 -0.1241 -0.3051
f 5469//5145 5517//5145 5518//5145 5470//5145
vn 0.8825 -0.1268 -0.4529
usemtl leaf_5
f 5470//5146 5518//5146 5519//5146 5471//5146
vn 0.9749 -0.1487 -0.1655
f 5471//5147 5519//5147 5520//5147 5472//5147
vn 0.9748 -0.2043 0.0896
usemtl leaf_4
f 5472//5148 5520//5148 5521//5148 5473//5148
vn 0.7591 -0.1820 0.6251
f 5473//5149 5521//5149 5522//5149 5474//5149
vn 0.5366 -0.2019 0.8193
usemtl leaf_5
f 5474//5150 5522//5150 5523//5150 5475//5150
vn 0.3606 -0.2590 0.8960
f 5475//5151 5523//5151 5524//5151 5476//5151
vn 0.4369 -0.2039 0.8761
usemtl leaf_4
f 5476//5152 5524//5152 5525//5152 5477//5152
vn 0.3655 -0.1630 0.9164
f 5477//5153 5525//5153 5526//5153 5478//5153
vn 0.3479 -0.1951 0.9170
usemtl leaf_5
f 5478//5154 5526//5154 5527//5154 5479//5154
vn 0.3703 -0.1310 0.9196
f 5479//5155 5527//5155 5528//5155 5480//5155
vn 0.4699 -0.0659 0.8803
usemtl leaf_3
f 5480//5156 5528//5156 5529//5156 5481//5156
vn 0.4052 -0.0851 0.9103
usemtl leaf_4
f 5481//5157 5529//5157 5530//5157 5482//5157
vn 0.2873 -0.0904 0.9536
usemtl leaf_5
f 5482//5158 5530//5158 5531//5158 5483//5158
vn 0.1379 -0.1432 0.9800
f 5483//5159 5531//5159 5532//5159 5484//5159
vn -0.1547 -0.2147 0.9644
usemtl leaf_3
f 5484//5160 5532//5160 5533//5160 5485//5160
vn -0.5590 -0.1603 0.8136
usemtl leaf_4
f 5485//5161 5533//5161 5534//5161 5486//5161
vn -0.8436 -0.0667 0.5328
usemtl leaf_5
f 5486//5162 5534//5162 5535//5162 5487//5162
vn -0.8400 0.0068 0.5425
usemtl leaf_4
f 5487//5163 5535//5163 5536//5163 5488//5163
vn -0.8731 -0.0398 0.4860
usemtl leaf_5
f 5488//5164 5536//5164 5537//5164 5489//5164
vn -0.8875 -0.1081 0.4480
f 5489//5165 5537//5165 5538//5165 5490//5165
vn -0.9554 -0.1013 0.2774
usemtl leaf_4
f 5490//5166 5538//5166 5539//5166 5491//5166
vn -0.9370 -0.1338 0.3227
f 5491//5167 5539//5167 5540//5167 5492//5167
vn -0.9352 -0.2133 0.2826
usemtl leaf_3
f 5492//5168 5540//5168 5541//5168 5493//5168
vn -0.8855 -0.1821 0.4275
f 5493//5169 5541//5169 5542//5169 5494//5169
vn -0.8764 -0.0988 0.4713
usemtl leaf_4
f 5494//5170 5542//5170 5543//5170 5495//5170
vn -0.9569 -0.1429 0.2529
f 5495//5171 5543//5171 5544//5171 5496//5171
vn -0.9530 -0.2630 -0.1504
usemtl leaf_5
f 5496//5172 5544//5172 5545//5172 5497//5172
vn -0.7712 -0.2932 -0.5651
f 5497//5173 5545//5173 5546//5173 5498//5173
vn -0.4266 -0.1833 -0.8857
usemtl leaf_4
f 5498//5174 5546//5174 5547//5174 5499//5174
vn -0.4124 -0.1385 -0.9004
f 5499//5175 5547//5175 5548//5175 5500//5175
vn -0.3950 -0.1282 -0.9097
usemtl leaf_3
f 5500//5176 5548//5176 5549//5176 5501//5176
vn -0.4243 -0.0508 -0.9041
f 5501//5177 5549//5177 5550//5177 5502//5177
vn -0.3553 -0.0316 -0.9342
usemtl leaf_4
f 5502//5178 5550//5178 5551//5178 5503//5178
vn -0.4628 -0.0657 -0.8840
usemtl leaf_3
f 5503//5179 5551//5179 5552//5179 5504//5179
vn -0.2795 -0.0846 -0.9564
usemtl leaf_4
f 5504//5180 5552//5180 5553//5180 5505//5180
vn -0.4633 -0.0595 -0.8842
usemtl leaf_5
f 5505//5181 5553//5181 5554//5181 5506//5181
vn -0.3577 -0.0822 -0.9302
f 5506//5182 5554//5182 5555//5182 5507//5182
vn -0.2594 -0.1153 -0.9589
f 5507//5183 5555//5183 5556//5183 5508//5183
vn 0.2316 -0.0666 -0.9705
usemtl leaf_4
f 5508//5184 5556//5184 5557//5184 5509//5184
vn 0.6199 -0.1314 -0.7736
usemtl leaf_5
f 5509//5185 5557//5185 5558//5185 5510//5185
vn 0.8690 -0.1774 -0.4620
usemtl leaf_4
f 5510//5186 5558//5186 5559//5186 5511//5186
vn 0.8913 -0.0907 -0.4443
usemtl leaf_3
f 5511//5187 5559//5187 5560//5187 5512//5187
vn 0.8531 -0.0444 -0.5198
usemtl leaf_5
f 5512//5188 5560//5188 5561//5188 5513//5188
vn 0.9246 -0.0619 -0.3759
usemtl leaf_4
f 5513//5189 5561//5189 5562//5189 5514//5189
vn 0.8869 -0.0898 -0.4531
usemtl leaf_5
f 5514//5190 5562//5190 5515//5190 5467//5190
vn 0.9516 -0.0064 -0.3073
f 5515//5191 5563//5191 5564//5191 5516//5191
vn 0.9137 -0.0337 -0.4049
usemtl leaf_4
f 5516//5192 5564//5192 5565//5192 5517//5192
vn 0.9370 -0.0634 -0.3435
f 5517//5193 5565//5193 5566//5193 5518//5193
vn 0.9413 0.0092 -0.3375
usemtl leaf_3
f 5518//5194 5566//5194 5567//5194 5519//5194
vn 0.9810 0.0567 -0.1857
f 5519//5195 5567//5195 5568//5195 5520//5195
vn 0.9809 0.0920 0.1716
f 5520//5196 5568//5196 5569//5196 5521//5196
vn 0.7996 0.0986 0.5924
f 5521//5197 5569//5197 5570//5197 5522//5197
vn 0.6194 0.0768 0.7813
usemtl leaf_4
f 5522//5198 5570//5198 5571//5198 5523//5198
vn 0.4866 0.0537 0.8720
usemtl leaf_3
f 5523//5199 5571//5199 5572//5199 5524//5199
vn 0.4549 -0.0545 0.8889
usemtl leaf_4
f 5524//5200 5572//5200 5573//5200 5525//5200
vn 0.3573 -0.0580 0.9322
f 5525//5201 5573//5201 5574//5201 5526//5201
vn 0.3868 -0.0268 0.9218
f 5526//5202 5574//5202 5575//5202 5527//5202
vn 0.3056 -0.0507 0.9508
usemtl leaf_3
f 5527//5203 5575//5203 5576//5203 5528//5203
vn 0.3872 0.0239 0.9217
usemtl leaf_4
f 5528//5204 5576//5204 5577//5204 5529//5204
vn 0.4882 0.0071 0.8727
f 5529//5205 5577//5205 5578//5205 5530//5205
vn 0.3088 -0.1215 0.9433
f 5530//5206 5578//5206 5579//5206 5531//5206
vn 0.1931 -0.1495 0.9697
f 5531//5207 5579//5207 5580//5207 5532//5207
vn -0.1675 -0.1532 0.9739
f 5532//5208 5580//5208 5581//5208 5533//5208
vn -0.6122 -0.1397 0.7782
usemtl leaf_3
f 5533//5209 5581//5209 5582//5209 5534//5209
vn -0.8946 -0.0337 0.4456
f 5534//5210 5582//5210 5583//5210 5535//5210
vn -0.8551 0.0294 0.5176
f 5535//5211 5583//5211 5584//5211 5536//5211
vn -0.8403 0.0643 0.5382
usemtl leaf_4
f 5536//5212 5584//5212 5585//5212 5537//5212
vn -0.8694 0.0541 0.4912
f 5537//5213 5585//5213 5586//5213 5538//5213
vn -0.9398 -0.0349 0.3398
f 5538//5214 5586//5214 5587//5214 5539//5214
vn -0.9520 -0.0357 0.3040
f 5539//5215 5587//5215 5588//5215 5540//5215
vn -0.9395 0.0008 0.3426
f 5540//5216 5588//5216 5589//5216 5541//5216
vn -0.9343 -0.0252 0.3556
f 5541//5217 5589//5217 5590//5217 5542//5217
vn -0.9249 0.0253 0.3794
usemtl leaf_3
f 5542//5218 5590//5218 5591//5218 5543//5218
vn -0.9665 0.0926 0.2395
usemtl leaf_4
f 5543//5219 5591//5219 5592//5219 5544//5219
vn -0.9992 0.0230 -0.0325
usemtl leaf_5
f 5544//5220 5592//5220 5593//5220 5545//5220
vn -0.8036 -0.0664 -0.5914
usemtl leaf_4
f 5545//5221 5593//5221 5594//5221 5546//5221
vn -0.4244 -0.0511 -0.9040
usemtl leaf_5
f 5546//5222 5594//5222 5595//5222 5547//5222
vn -0.4276 -0.0374 -0.9032
usemtl leaf_4
f 5547//5223 5595//5223 5596//5223 5548//5223
vn -0.3805 -0.0000 -0.9248
f 5548//5224 5596//5224 5597//5224 5549//5224
vn -0.3826 0.0057 -0.9239
usemtl leaf_3
f 5549//5225 5597//5225 5598//5225 5550//5225
vn -0.3860 0.0049 -0.9225
usemtl leaf_4
f 5550//5226 5598//5226 5599//5226 5551//5226
vn -0.4193 0.0498 -0.9065
usemtl leaf_3
f 5551//5227 5599//5227 5600//5227 5552//5227
vn -0.4296 -0.0397 -0.9021
usemtl leaf_4
f 5552//5228 5600//5228 5601//5228 5553//5228
vn -0.3944 -0.1278 -0.9100
f 5553//5229 5601//5229 5602//5229 5554//5229
vn -0.3972 -0.0691 -0.9151
f 5554//5230 5602//5230 5603//5230 5555//5230
vn -0.1864 -0.0319 -0.9820
usemtl leaf_3
f 5555//5231 5603//5231 5604//5231 5556//5231
vn 0.2038 -0.0668 -0.9767
usemtl leaf_4
f 5556//5232 5604//5232 5605//5232 5557//5232
vn 0.5743 -0.0711 -0.8155
f 5557//5233 5605//5233 5606//5233 5558//5233
vn 0.8524 -0.0733 -0.5178
usemtl leaf_3
f 5558//5234 5606//5234 5607//5234 5559//5234
vn 0.8905 -0.1859 -0.4154
usemtl leaf_4
f 5559//5235 5607//5235 5608//5235 5560//5235
vn 0.8790 -0.1743 -0.4438
f 5560//5236 5608//5236 5609//5236 5561//5236
vn 0.9384 -0.0514 -0.3418
usemtl leaf_3
f 5561//5237 5609//5237 5610//5237 5562//5237
vn 0.8757 -0.0163 -0.4827
usemtl leaf_4
f 5562//5238 5610//5238 5563//5238 5515//5238
vn 0.9210 -0.0368 -0.3878
usemtl leaf_3
f 5563//5239 5611//5239 5612//5239 5564//5239
vn 0.9018 -0.1042 -0.4193
usemtl leaf_4
f 5564//5240 5612//5240 5613//5240 5565//5240
vn 0.9317 -0.0932 -0.3511
f 5565//5241 5613//5241 5614//5241 5566//5241
vn 0.9731 -0.0476 -0.2252
usemtl leaf_3
f 5566//5242 5614//5242 5615//5242 5567//5242
vn 0.9846 0.0503 -0.1674
usemtl leaf_4
f 5567//5243 5615//5243 5616//5243 5568//5243
vn 0.9785 0.0675 0.1948
usemtl leaf_2
f 5568//5244 5616//5244 5617//5244 5569//5244
vn 0.8408 0.0132 0.5412
usemtl leaf_3
f 5569//5245 5617//5245 5618//5245 5570//5245
vn 0.6306 -0.0707 0.7729
f 5570//5246 5618//5246 5619//5246 5571//5246
vn 0.5032 -0.1257 0.8550
usemtl leaf_4
f 5571//5247 5619//5247 5620//5247 5572//5247
vn 0.4282 -0.0161 0.9035
usemtl leaf_5
f 5572//5248 5620//5248 5621//5248 5573//5248
vn 0.3639 0.0241 0.9311
usemtl leaf_4
f 5573//5249 5621//5249 5622//5249 5574//5249
vn 0.3647 0.0167 0.9310
f 5574//5250 5622//5250 5623//5250 5575//5250
vn 0.3036 0.0679 0.9504
f 5575//5251 5623//5251 5624//5251 5576//5251
vn 0.4010 -0.0195 0.9158
usemtl leaf_3
f 5576//5252 5624//5252 5625//5252 5577//5252
vn 0.5126 -0.0362 0.8579
usemtl leaf_5
f 5577//5253 5625//5253 5626//5253 5578//5253
vn 0.3486 0.0072 0.9372
usemtl leaf_3
f 5578//5254 5626//5254 5627//5254 5579//5254
vn 0.1720 -0.0262 0.9847
usemtl leaf_5
f 5579//5255 5627//5255 5628//5255 5580//5255
vn -0.1649 -0.0437 0.9853
usemtl leaf_3
f 5580//5256 5628//5256 5629//5256 5581//5256
vn -0.6817 0.0353 0.7308
usemtl leaf_4
f 5581//5257 5629//5257 5630//5257 5582//5257
vn -0.8930 0.0453 0.4478
usemtl leaf_2
f 5582//5258 5630//5258 5631//5258 5583//5258
vn -0.8631 0.0059 0.5051
usemtl leaf_3
f 5583//5259 5631//5259 5632//5259 5584//5259
vn -0.8824 0.0612 0.4665
usemtl leaf_2
f 5584//5260 5632//5260 5633//5260 5585//5260
vn -0.8292 0.0855 0.5524
usemtl leaf_4
f 5585//5261 5633//5261 5634//5261 5586//5261
vn -0.8959 0.0030 0.4443
usemtl leaf_5
f 5586//5262 5634//5262 5635//5262 5587//5262
vn -0.9390 -0.1279 0.3192
usemtl leaf_4
f 5587//5263 5635//5263 5636//5263 5588//5263
vn -0.9452 -0.1356 0.2968
usemtl leaf_3
f 5588//5264 5636//5264 5637//5264 5589//5264
vn -0.9418 -0.0303 0.3348
f 5589//5265 5637//5265 5638//5265 5590//5265
vn -0.9401 -0.0103 0.3409
usemtl leaf_4
f 5590//5266 5638//5266 5639//5266 5591//5266
vn -0.9762 0.0084 0.2167
usemtl leaf_3
f 5591//5267 5639//5267 5640//5267 5592//5267
vn -0.9964 0.0199 0.0827
f 5592//5268 5640//5268 5641//5268 5593//5268
vn -0.7767 0.0458 -0.6282
usemtl leaf_4
f 5593//5269 5641//5269 5642//5269 5594//5269
vn -0.4889 0.0196 -0.8721
usemtl leaf_3
f 5594//5270 5642//5270 5643//5270 5595//5270
vn -0.4052 -0.0363 -0.9135
usemtl leaf_4
f 5595//5271 5643//5271 5644//5271 5596//5271
vn -0.3015 0.0449 -0.9524
usemtl leaf_3
f 5596//5272 5644//5272 5645//5272 5597//5272
vn -0.4145 0.1072 -0.9037
usemtl leaf_2
f 5597//5273 5645//5273 5646//5273 5598//5273
vn -0.3641 0.1016 -0.9258
f 5598//5274 5646//5274 5647//5274 5599//5274
vn -0.4861 0.0078 -0.8739
usemtl leaf_3
f 5599//5275 5647//5275 5648//5275 5600//5275
vn -0.4846 -0.0304 -0.8742
f 5600//5276 5648//5276 5649//5276 5601//5276
vn -0.3638 0.0150 -0.9314
f 5601//5277 5649//5277 5650//5277 5602//5277
vn -0.3453 0.0214 -0.9382
usemtl leaf_5
f 5602//5278 5650//5278 5651//5278 5603//5278
vn -0.1670 0.0354 -0.9853
usemtl leaf_4
f 5603//5279 5651//5279 5652//5279 5604//5279
vn 0.0864 -0.0359 -0.9956
f 5604//5280 5652//5280 5653//5280 5605//5280
vn 0.6179 -0.0967 -0.7803
usemtl leaf_3
f 5605//5281 5653//5281 5654//5281 5606//5281
vn 0.8391 -0.0510 -0.5416
usemtl leaf_4
f 5606//5282 5654//5282 5655//5282 5607//5282
vn 0.8738 -0.0011 -0.4863
f 5607//5283 5655//5283 5656//5283 5608//5283
vn 0.9229 0.0337 -0.3834
usemtl leaf_3
f 5608//5284 5656//5284 5657//5284 5609//5284
vn 0.9522 0.0689 -0.2977
usemtl leaf_4
f 5609//5285 5657//5285 5658//5285 5610//5285
vn 0.8642 0.0751 -0.4975
f 5610//5286 5658//5286 5611//5286 5563//5286
vn 0.9017 -0.0304 -0.4312
usemtl leaf_3
f 5611//5287 5659//5287 5660//5287 5612//5287
vn 0.9342 0.0603 -0.3516
f 5612//5288 5660//5288 5661//5288 5613//5288
vn 0.9358 0.1203 -0.3315
f 5613//5289 5661//5289 5662//5289 5614//5289
vn 0.9700 0.0633 -0.2346
usemtl leaf_2
f 5614//5290 5662//5290 5663//5290 5615//5290
vn 0.9866 -0.0389 -0.1583
f 5615//5291 5663//5291 5664//5291 5616//5291
vn 0.9830 -0.0527 0.1757
f 5616//5292 5664//5292 5665//5292 5617//5292
vn 0.8463 -0.0216 0.5323
usemtl leaf_3
f 5617//5293 5665//5293 5666//5293 5618//5293
vn 0.6757 0.0006 0.7372
usemtl leaf_2
f 5618//5294 5666//5294 5667//5294 5619//5294
vn 0.5145 0.0076 0.8575
f 5619//5295 5667//5295 5668//5295 5620//5295
vn 0.3698 -0.0309 0.9286
usemtl leaf_5
f 5620//5296 5668//5296 5669//5296 5621//5296
vn 0.4294 -0.0871 0.8989
usemtl leaf_3
f 5621//5297 5669//5297 5670//5297 5622//5297
vn 0.2578 -0.0444 0.9652
f 5622//5298 5670//5298 5671//5298 5623//5298
vn 0.3311 -0.0146 0.9435
usemtl leaf_4
f 5623//5299 5671//5299 5672//5299 5624//5299
vn 0.4174 0.0269 0.9083
usemtl leaf_3
f 5624//5300 5672//5300 5673//5300 5625//5300
vn 0.4807 0.0548 0.8752
f 5625//5301 5673//5301 5674//5301 5626//5301
vn 0.3257 0.0628 0.9434
usemtl leaf_5
f 5626//5302 5674//5302 5675//5302 5627//5302
vn 0.2137 0.0638 0.9748
usemtl leaf_4
f 5627//5303 5675//5303 5676//5303 5628//5303
vn -0.1333 -0.0089 0.9910
usemtl leaf_3
f 5628//5304 5676//5304 5677//5304 5629//5304
vn -0.7277 -0.0587 0.6834
f 5629//5305 5677//5305 5678//5305 5630//5305
vn -0.8871 -0.0393 0.4599
f 5630//5306 5678//5306 5679//5306 5631//5306
vn -0.8601 -0.0355 0.5089
f 5631//5307 5679//5307 5680//5307 5632//5307
vn -0.9084 -0.0499 0.4152
usemtl leaf_1
f 5632//5308 5680//5308 5681//5308 5633//5308
vn -0.8662 0.0469 0.4975
usemtl leaf_2
f 5633//5309 5681//5309 5682//5309 5634//5309
vn -0.8496 0.1134 0.5151
usemtl leaf_4
f 5634//5310 5682//5310 5683//5310 5635//5310
vn -0.9186 0.0876 0.3853
usemtl leaf_5
f 5635//5311 5683//5311 5684//5311 5636//5311
vn -0.9297 -0.0496 0.3650
usemtl leaf_3
f 5636//5312 5684//5312 5685//5312 5637//5312
vn -0.9563 -0.1420 0.2554
f 5637//5313 5685//5313 5686//5313 5638//5313
vn -0.9318 -0.0798 0.3541
usemtl leaf_4
f 5638//5314 5686//5314 5687//5314 5639//5314
vn -0.9686 -0.1105 0.2229
usemtl leaf_2
f 5639//5315 5687//5315 5688//5315 5640//5315
vn -0.9988 0.0186 -0.0449
usemtl leaf_3
f 5640//5316 5688//5316 5689//5316 5641//5316
vn -0.8303 0.0423 -0.5558
usemtl leaf_4
f 5641//5317 5689//5317 5690//5317 5642//5317
vn -0.5193 -0.0803 -0.8508
usemtl leaf_3
f 5642//5318 5690//5318 5691//5318 5643//5318
vn -0.3989 -0.0683 -0.9144
usemtl leaf_2
f 5643//5319 5691//5319 5692//5319 5644//5319
vn -0.2442 -0.0952 -0.9650
usemtl leaf_3
f 5644//5320 5692//5320 5693//5320 5645//5320
vn -0.4047 -0.1150 -0.9072
f 5645//5321 5693//5321 5694//5321 5646//5321
vn -0.3468 -0.0930 -0.9333
f 5646//5322 5694//5322 5695//5322 5647//5322
vn -0.5020 0.0060 -0.8648
usemtl leaf_2
f 5647//5323 5695//5323 5696//5323 5648//5323
vn -0.4803 0.0276 -0.8767
usemtl leaf_4
f 5648//5324 5696//5324 5697//5324 5649//5324
vn -0.3668 -0.0200 -0.9301
f 5649//5325 5697//5325 5698//5325 5650//5325
vn -0.3648 -0.0441 -0.9300
f 5650//5326 5698//5326 5699//5326 5651//5326
vn -0.1376 -0.0386 -0.9897
usemtl leaf_3
f 5651//5327 5699//5327 5700//5327 5652//5327
vn 0.0297 0.0130 -0.9995
f 5652//5328 5700//5328 5701//5328 5653//5328
vn 0.6111 0.0047 -0.7915
f 5653//5329 5701//5329 5702//5329 5654//5329
vn 0.8354 -0.0460 -0.5477
f 5654//5330 5702//5330 5703//5330 5655//5330
vn 0.9083 -0.0190 -0.4178
f 5655//5331 5703//5331 5704//5331 5656//5331
vn 0.9194 0.0148 -0.3929
usemtl leaf_2
f 5656//5332 5704//5332 5705//5332 5657//5332
vn 0.9523 -0.0509 -0.3010
f 5657//5333 5705//5333 5706//5333 5658//5333
vn 0.8547 -0.0863 -0.5120
f 5658//5334 5706//5334 5659//5334 5611//5334
vn 0.9178 0.0023 -0.3970
usemtl leaf_4
f 5659//5335 5707//5335 5708//5335 5660//5335
vn 0.9270 -0.0692 -0.3686
usemtl leaf_2
f 5660//5336 5708//5336 5709//5336 5661//5336
vn 0.9487 -0.1045 -0.2983
usemtl leaf_3
f 5661//5337 5709//5337 5710//5337 5662//5337
vn 0.9515 -0.0659 -0.3005
f 5662//5338 5710//5338 5711//5338 5663//5338
vn 0.9947 0.0320 -0.0978
f 5663//5339 5711//5339 5712//5339 5664//5339
vn 0.9977 -0.0073 0.0680
usemtl leaf_2
f 5664//5340 5712//5340 5713//5340 5665//5340
vn 0.7936 -0.0620 0.6052
usemtl leaf_1
f 5665//5341 5713//5341 5714//5341 5666//5341
vn 0.6712 0.0174 0.7411
usemtl leaf_3
f 5666//5342 5714//5342 5715//5342 5667//5342
vn 0.5120 0.0195 0.8587
usemtl leaf_2
f 5667//5343 5715//5343 5716//5343 5668//5343
vn 0.4444 -0.0266 0.8955
usemtl leaf_4
f 5668//5344 5716//5344 5717//5344 5669//5344
vn 0.4041 -0.0302 0.9142
usemtl leaf_3
f 5669//5345 5717//5345 5718//5345 5670//5345
vn 0.2301 -0.0057 0.9732
f 5670//5346 5718//5346 5719//5346 5671//5346
vn 0.3912 -0.0723 0.9174
usemtl leaf_4
f 5671//5347 5719//5347 5720//5347 5672//5347
vn 0.3856 -0.1448 0.9112
usemtl leaf_2
f 5672//5348 5720//5348 5721//5348 5673//5348
vn 0.3910 -0.0158 0.9202
f 5673//5349 5721//5349 5722//5349 5674//5349
vn 0.3280 0.0937 0.9400
f 5674//5350 5722//5350 5723//5350 5675//5350
vn 0.2835 0.0115 0.9589
f 5675//5351 5723//5351 5724//5351 5676//5351
vn -0.1090 -0.0186 0.9939
usemtl leaf_4
f 5676//5352 5724//5352 5725//5352 5677//5352
vn -0.7107 -0.0173 0.7033
usemtl leaf_3
f 5677//5353 5725//5353 5726//5353 5678//5353
vn -0.8804 -0.0677 0.4694
usemtl leaf_1
f 5678//5354 5726//5354 5727//5354 5679//5354
vn -0.8778 -0.0500 0.4765
usemtl leaf_2
f 5679//5355 5727//5355 5728//5355 5680//5355
vn -0.9016 -0.0111 0.4323
f 5680//5356 5728//5356 5729//5356 5681//5356
vn -0.9131 -0.0229 0.4072
f 5681//5357 5729//5357 5730//5357 5682//5357
vn -0.8474 -0.0000 0.5309
usemtl leaf_4
f 5682//5358 5730//5358 5731//5358 5683//5358
vn -0.8991 -0.0415 0.4358
usemtl leaf_3
f 5683//5359 5731//5359 5732//5359 5684//5359
vn -0.9157 0.0003 0.4020
usemtl leaf_4
f 5684//5360 5732//5360 5733//5360 5685//5360
vn -0.9639 0.0368 0.2636
usemtl leaf_2
f 5685//5361 5733//5361 5734//5361 5686//5361
vn -0.9529 0.0274 0.3019
usemtl leaf_4
f 5686//5362 5734//5362 5735//5362 5687//5362
vn -0.9710 0.1162 0.2088
usemtl leaf_2
f 5687//5363 5735//5363 5736//5363 5688//5363
vn -0.9939 0.0498 -0.0986
usemtl leaf_3
f 5688//5364 5736//5364 5737//5364 5689//5364
vn -0.8596 0.0286 -0.5101
usemtl leaf_2
f 5689//5365 5737//5365 5738//5365 5690//5365
vn -0.5356 0.0814 -0.8405
usemtl leaf_4
f 5690//5366 5738//5366 5739//5366 5691//5366
vn -0.3750 0.0941 -0.9222
usemtl leaf_3
f 5691//5367 5739//5367 5740//5367 5692//5367
vn -0.3269 0.0777 -0.9419
usemtl leaf_2
f 5692//5368 5740//5368 5741//5368 5693//5368
vn -0.3550 0.0614 -0.9328
f 5693//5369 5741//5369 5742//5369 5694//5369
vn -0.4229 0.0231 -0.9059
f 5694//5370 5742//5370 5743//5370 5695//5370
vn -0.4384 -0.0843 -0.8948
usemtl leaf_1
f 5695//5371 5743//5371 5744//5371 5696//5371
vn -0.4778 -0.0248 -0.8781
usemtl leaf_3
f 5696//5372 5744//5372 5745//5372 5697//5372
vn -0.3402 0.0578 -0.9386
usemtl leaf_2
f 5697//5373 5745//5373 5746//5373 5698//5373
vn -0.3659 0.0959 -0.9257
f 5698//5374 5746//5374 5747//5374 5699//5374
vn -0.1448 0.0702 -0.9870
usemtl leaf_3
f 5699//5375 5747//5375 5748//5375 5700//5375
vn 0.0366 0.0139 -0.9992
f 5700//5376 5748//5376 5749//5376 5701//5376
vn 0.5553 -0.0425 -0.8306
f 5701//5377 5749//5377 5750//5377 5702//5377
vn 0.8205 -0.0820 -0.5657
usemtl leaf_2
f 5702//5378 5750//5378 5751//5378 5703//5378
vn 0.9377 -0.0361 -0.3455
usemtl leaf_3
f 5703//5379 5751//5379 5752//5379 5704//5379
vn 0.9266 0.0470 -0.3731
usemtl leaf_4
f 5704//5380 5752//5380 5753//5380 5705//5380
vn 0.9434 0.1395 -0.3009
usemtl leaf_3
f 5705//5381 5753//5381 5754//5381 5706//5381
vn 0.8125 0.0998 -0.5743
f 5706//5382 5754//5382 5707//5382 5659//5382
vn 0.9492 0.0215 -0.3140
f 5707//5383 5755//5383 5756//5383 5708//5383
vn 0.9033 0.1364 -0.4068
f 5708//5384 5756//5384 5757//5384 5709//5384
vn 0.9415 0.0974 -0.3227
usemtl leaf_4
f 5709//5385 5757//5385 5758//5385 5710//5385
vn 0.9480 0.0113 -0.3179
usemtl leaf_3
f 5710//5386 5758//5386 5759//5386 5711//5386
vn 0.9952 -0.0742 -0.0643
usemtl leaf_2
f 5711//5387 5759//5387 5760//5387 5712//5387
vn 0.9965 -0.0831 -0.0082
usemtl leaf_3
f 5712//5388 5760//5388 5761//5388 5713//5388
vn 0.7527 -0.0453 0.6568
usemtl leaf_2
f 5713//5389 5761//5389 5762//5389 5714//5389
vn 0.6729 -0.0544 0.7377
usemtl leaf_3
f 5714//5390 5762//5390 5763//5390 5715//5390
vn 0.4722 -0.0075 0.8815
usemtl leaf_4
f 5715//5391 5763//5391 5764//5391 5716//5391
vn 0.4152 0.1202 0.9017
f 5716//5392 5764//5392 5765//5392 5717//5392
vn 0.4567 0.0940 0.8846
usemtl leaf_3
f 5717//5393 5765//5393 5766//5393 5718//5393
vn 0.3103 -0.0855 0.9468
usemtl leaf_4
f 5718//5394 5766//5394 5767//5394 5719//5394
vn 0.4185 -0.1458 0.8964
f 5719//5395 5767//5395 5768//5395 5720//5395
vn 0.3776 -0.0992 0.9207
usemtl leaf_3
f 5720//5396 5768//5396 5769//5396 5721//5396
vn 0.2746 -0.0843 0.9579
f 5721//5397 5769//5397 5770//5397 5722//5397
vn 0.3057 -0.0337 0.9515
usemtl leaf_1
f 5722//5398 5770//5398 5771//5398 5723//5398
vn 0.2903 0.0694 0.9544
usemtl leaf_3
f 5723//5399 5771//5399 5772//5399 5724//5399
vn -0.1142 0.1084 0.9875
usemtl leaf_4
f 5724//5400 5772//5400 5773//5400 5725//5400
vn -0.6606 0.0366 0.7498
usemtl leaf_2
f 5725//5401 5773//5401 5774//5401 5726//5401
vn -0.8471 -0.0608 0.5279
f 5726//5402 5774//5402 5775//5402 5727//5402
vn -0.9116 -0.0665 0.4056
usemtl leaf_1
f 5727//5403 5775//5403 5776//5403 5728//5403
vn -0.8977 -0.0225 0.4400
usemtl leaf_3
f 5728//5404 5776//5404 5777//5404 5729//5404
vn -0.9216 0.0021 0.3881
usemtl leaf_2
f 5729//5405 5777//5405 5778//5405 5730//5405
vn -0.8576 0.0233 0.5138
usemtl leaf_3
f 5730//5406 5778//5406 5779//5406 5731//5406
vn -0.8882 0.0621 0.4553
f 5731//5407 5779//5407 5780//5407 5732//5407
vn -0.9169 0.0004 0.3991
f 5732//5408 5780//5408 5781//5408 5733//5408
vn -0.9342 -0.1170 0.3369
usemtl leaf_2
f 5733//5409 5781//5409 5782//5409 5734//5409
vn -0.9404 -0.1804 0.2884
f 5734//5410 5782//5410 5783//5410 5735//5410
vn -0.9863 -0.1381 0.0906
usemtl leaf_3
f 5735//5411 5783//5411 5784//5411 5736//5411
vn -0.9997 -0.0094 -0.0241
usemtl leaf_2
f 5736//5412 5784//5412 5785//5412 5737//5412
vn -0.7574 0.1075 -0.6441
usemtl leaf_3
f 5737//5413 5785//5413 5786//5413 5738//5413
vn -0.5860 0.1353 -0.7989
usemtl leaf_2
f 5738//5414 5786//5414 5787//5414 5739//5414
vn -0.3643 0.0465 -0.9301
usemtl leaf_3
f 5739//5415 5787//5415 5788//5415 5740//5415
vn -0.4605 -0.0827 -0.8838
usemtl leaf_2
f 5740//5416 5788//5416 5789//5416 5741//5416
vn -0.3384 -0.2086 -0.9176
f 5741//5417 5789//5417 5790//5417 5742//5417
vn -0.4429 -0.1956 -0.8750
f 5742//5418 5790//5418 5791//5418 5743//5418
vn -0.3772 -0.0559 -0.9244
usemtl leaf_3
f 5743//5419 5791//5419 5792//5419 5744//5419
vn -0.4376 0.0074 -0.8991
usemtl leaf_2
f 5744//5420 5792//5420 5793//5420 5745//5420
vn -0.3575 -0.0459 -0.9328
f 5745//5421 5793//5421 5794//5421 5746//5421
vn -0.3459 -0.0788 -0.9349
usemtl leaf_3
f 5746//5422 5794//5422 5795//5422 5747//5422
vn -0.1766 -0.0596 -0.9825
usemtl leaf_2
f 5747//5423 5795//5423 5796//5423 5748//5423
vn 0.0485 -0.0278 -0.9984
usemtl leaf_3
f 5748//5424 5796//5424 5797//5424 5749//5424
vn 0.4993 -0.0283 -0.8660
usemtl leaf_2
f 5749//5425 5797//5425 5798//5425 5750//5425
vn 0.8316 -0.0282 -0.5547
usemtl leaf_3
f 5750//5426 5798//5426 5799//5426 5751//5426
vn 0.9313 -0.0628 -0.3589
usemtl leaf_4
f 5751//5427 5799//5427 5800//5427 5752//5427
vn 0.9549 -0.0631 -0.2900
usemtl leaf_2
f 5752//5428 5800//5428 5801//5428 5753//5428
vn 0.9578 -0.0365 -0.2850
f 5753//5429 5801//5429 5802//5429 5754//5429
vn 0.7588 -0.0693 -0.6477
usemtl leaf_3
f 5754//5430 5802//5430 5755//5430 5707//5430
vn 0.9683 0.0259 -0.2484
usemtl leaf_2
f 5755//5431 5803//5431 5804//5431 5756//5431
vn 0.9100 -0.0256 -0.4138
f 5756//5432 5804//5432 5805//5432 5757//5432
vn 0.9467 0.0059 -0.3222
f 5757//5433 5805//5433 5806//5433 5758//5433
vn 0.9285 0.0246 -0.3705
usemtl leaf_3
f 5758//5434 5806//5434 5807//5434 5759//5434
vn 0.9930 -0.0103 -0.1175
f 5759//5435 5807//5435 5808//5435 5760//5435
vn 0.9995 -0.0135 0.0299
usemtl leaf_2
f 5760//5436 5808//5436 5809//5436 5761//5436
vn 0.7671 -0.0317 0.6408
usemtl leaf_3
f 5761//5437 5809//5437 5810//5437 5762//5437
vn 0.6010 0.0512 0.7976
f 5762//5438 5810//5438 5811//5438 5763//5438
vn 0.4602 0.1051 0.8816
usemtl leaf_2
f 5763//5439 5811//5439 5812//5439 5764//5439
vn 0.3891 0.0209 0.9210
f 5764//5440 5812//5440 5813//5440 5765//5440
vn 0.5181 0.0194 0.8551
usemtl leaf_3
f 5765//5441 5813//5441 5814//5441 5766//5441
vn 0.3657 0.0640 0.9285
usemtl leaf_4
f 5766//5442 5814//5442 5815//5442 5767//5442
vn 0.3714 0.1201 0.9207
usemtl leaf_2
f 5767//5443 5815//5443 5816//5443 5768//5443
vn 0.4283 0.0740 0.9006
f 5768//5444 5816//5444 5817//5444 5769//5444
vn 0.2711 0.0129 0.9625
f 5769//5445 5817//5445 5818//5445 5770//5445
vn 0.2721 0.0124 0.9622
f 5770//5446 5818//5446 5819//5446 5771//5446
vn 0.2426 0.0058 0.9701
f 5771//5447 5819//5447 5820//5447 5772//5447
vn -0.0758 -0.0069 0.9971
usemtl leaf_1
f 5772//5448 5820//5448 5821//5448 5773//5448
vn -0.6392 -0.0106 0.7690
usemtl leaf_2
f 5773//5449 5821//5449 5822//5449 5774//5449
vn -0.8344 0.0234 0.5506
usemtl leaf_1
f 5774//5450 5822//5450 5823//5450 5775//5450
vn -0.8953 -0.0479 0.4430
usemtl leaf_2
f 5775//5451 5823//5451 5824//5451 5776//5451
vn -0.9453 -0.0071 0.3262
usemtl leaf_1
f 5776//5452 5824//5452 5825//5452 5777//5452
vn -0.9121 0.0909 0.3997
f 5777//5453 5825//5453 5826//5453 5778//5453
vn -0.8864 0.1315 0.4439
f 5778//5454 5826//5454 5827//5454 5779//5454
vn -0.8644 0.1331 0.4849
usemtl leaf_3
f 5779//5455 5827//5455 5828//5455 5780//5455
vn -0.8575 0.0146 0.5142
usemtl leaf_4
f 5780//5456 5828//5456 5829//5456 5781//5456
vn -0.9338 -0.0258 0.3569
f 5781//5457 5829//5457 5830//5457 5782//5457
vn -0.9413 -0.0245 0.3367
usemtl leaf_3
f 5782//5458 5830//5458 5831//5458 5783//5458
vn -0.9997 -0.0232 -0.0039
usemtl leaf_2
f 5783//5459 5831//5459 5832//5459 5784//5459
vn -0.9928 0.0458 -0.1111
usemtl leaf_1
f 5784//5460 5832//5460 5833//5460 5785//5460
vn -0.7090 0.0991 -0.6982
f 5785//5461 5833//5461 5834//5461 5786//5461
vn -0.5844 0.1360 -0.8000
usemtl leaf_2
f 5786//5462 5834//5462 5835//5462 5787//5462
vn -0.4775 0.0650 -0.8762
usemtl leaf_1
f 5787//5463 5835//5463 5836//5463 5788//5463
vn -0.5303 -0.0393 -0.8469
usemtl leaf_2
f 5788//5464 5836//5464 5837//5464 5789//5464
vn -0.3876 -0.0413 -0.9209
f 5789//5465 5837//5465 5838//5465 5790//5465
vn -0.4070 -0.0621 -0.9113
usemtl leaf_3
f 5790//5466 5838//5466 5839//5466 5791//5466
vn -0.3053 -0.0742 -0.9493
f 5791//5467 5839//5467 5840//5467 5792//5467
vn -0.3892 -0.0016 -0.9211
f 5792//5468 5840//5468 5841//5468 5793//5468
vn -0.3557 0.1142 -0.9276
usemtl leaf_1
f 5793//5469 5841//5469 5842//5469 5794//5469
vn -0.3564 0.1498 -0.9223
f 5794//5470 5842//5470 5843//5470 5795//5470
vn -0.2516 0.0465 -0.9667
usemtl leaf_3
f 5795//5471 5843//5471 5844//5471 5796//5471
vn 0.0673 -0.0498 -0.9965
f 5796//5472 5844//5472 5845//5472 5797//5472
vn 0.5715 0.0541 -0.8188
f 5797//5473 5845//5473 5846//5473 5798//5473
vn 0.8060 0.0846 -0.5858
f 5798//5474 5846//5474 5847//5474 5799//5474
vn 0.9411 0.0944 -0.3246
usemtl leaf_4
f 5799//5475 5847//5475 5848//5475 5800//5475
vn 0.9405 0.0720 -0.3320
usemtl leaf_2
f 5800//5476 5848//5476 5849//5476 5801//5476
vn 0.9445 -0.0568 -0.3235
f 5801//5477 5849//5477 5850//5477 5802//5477
vn 0.7943 -0.0115 -0.6074
usemtl leaf_3
f 5802//5478 5850//5478 5803//5478 5755//5478
vn 0.9592 0.0485 -0.2787
f 5803//5479 5851//5479 5852//5479 5804//5479
vn 0.9186 0.1104 -0.3795
f 5804//5480 5852//5480 5853//5480 5805//5480
vn 0.9238 0.0618 -0.3777
usemtl leaf_2
f 5805//5481 5853//5481 5854//5481 5806//5481
vn 0.9279 -0.0192 -0.3724
usemtl leaf_1
f 5806//5482 5854//5482 5855//5482 5807//5482
vn 0.9791 -0.0752 -0.1892
usemtl leaf_2
f 5807//5483 5855//5483 5856//5483 5808//5483
vn 0.9897 -0.1226 0.0743
usemtl leaf_1
f 5808//5484 5856//5484 5857//5484 5809//5484
vn 0.7796 -0.0913 0.6196
f 5809//5485 5857//5485 5858//5485 5810//5485
vn 0.4896 -0.0300 0.8714
f 5810//5486 5858//5486 5859//5486 5811//5486
vn 0.4675 0.0654 0.8816
usemtl leaf_2
f 5811//5487 5859//5487 5860//5487 5812//5487
vn 0.4549 0.0631 0.8883
usemtl leaf_1
f 5812//5488 5860//5488 5861//5488 5813//5488
vn 0.4764 0.0308 0.8787
f 5813//5489 5861//5489 5862//5489 5814//5489
vn 0.3591 0.0424 0.9324
usemtl leaf_3
f 5814//5490 5862//5490 5863//5490 5815//5490
vn 0.3585 0.0128 0.9334
usemtl leaf_2
f 5815//5491 5863//5491 5864//5491 5816//5491
vn 0.4451 0.0504 0.8941
usemtl leaf_3
f 5816//5492 5864//5492 5865//5492 5817//5492
vn 0.3233 0.0380 0.9455
f 5817//5493 5865//5493 5866//5493 5818//5493
vn 0.3030 -0.0539 0.9515
usemtl leaf_2
f 5818//5494 5866//5494 5867//5494 5819//5494
vn 0.1872 -0.0330 0.9818
usemtl leaf_1
f 5819//5495 5867//5495 5868//5495 5820//5495
vn -0.0628 0.0257 0.9977
f 5820//5496 5868//5496 5869//5496 5821//5496
vn -0.6622 0.0458 0.7479
usemtl leaf_3
f 5821//5497 5869//5497 5870//5497 5822//5497
vn -0.8336 0.0336 0.5514
usemtl leaf_1
f 5822//5498 5870//5498 5871//5498 5823//5498
vn -0.8753 0.0451 0.4815
usemtl leaf_2
f 5823//5499 5871//5499 5872//5499 5824//5499
vn -0.9482 -0.0338 0.3160
usemtl leaf_1
f 5824//5500 5872//5500 5873//5500 5825//5500
vn -0.9168 -0.0893 0.3893
usemtl leaf_0
f 5825//5501 5873//5501 5874//5501 5826//5501
vn -0.9192 -0.0473 0.3910
f 5826//5502 5874//5502 5875//5502 5827//5502
vn -0.8513 -0.0361 0.5235
usemtl leaf_1
f 5827//5503 5875//5503 5876//5503 5828//5503
vn -0.8775 0.0817 0.4725
usemtl leaf_2
f 5828//5504 5876//5504 5877//5504 5829//5504
vn -0.9030 0.1252 0.4111
f 5829//5505 5877//5505 5878//5505 5830//5505
vn -0.9183 0.0046 0.3959
usemtl leaf_3
f 5830//5506 5878//5506 5879//5506 5831//5506
vn -0.9970 -0.0769 0.0024
f 5831//5507 5879//5507 5880//5507 5832//5507
vn -0.9708 -0.0311 -0.2379
usemtl leaf_2
f 5832//5508 5880//5508 5881//5508 5833//5508
vn -0.7706 -0.0410 -0.6360
usemtl leaf_0
f 5833//5509 5881//5509 5882//5509 5834//5509
vn -0.5207 -0.0454 -0.8525
f 5834//5510 5882//5510 5883//5510 5835//5510
vn -0.5783 0.0093 -0.8157
usemtl leaf_2
f 5835//5511 5883//5511 5884//5511 5836//5511
vn -0.4809 0.0439 -0.8757
usemtl leaf_1
f 5836//5512 5884//5512 5885//5512 5837//5512
vn -0.4611 0.0171 -0.8872
usemtl leaf_2
f 5837//5513 5885//5513 5886//5513 5838//5513
vn -0.3981 -0.0359 -0.9166
f 5838//5514 5886//5514 5887//5514 5839//5514
vn -0.2980 -0.0062 -0.9545
usemtl leaf_3
f 5839//5515 5887//5515 5888//5515 5840//5515
vn -0.2720 0.0570 -0.9606
usemtl leaf_2
f 5840//5516 5888//5516 5889//5516 5841//5516
vn -0.3510 0.0734 -0.9335
usemtl leaf_1
f 5841//5517 5889//5517 5890//5517 5842//5517
vn -0.3864 -0.0067 -0.9223
usemtl leaf_2
f 5842//5518 5890//5518 5891//5518 5843//5518
vn -0.3126 -0.0349 -0.9492
usemtl leaf_1
f 5843//5519 5891//5519 5892//5519 5844//5519
vn 0.0612 -0.0377 -0.9974
usemtl leaf_2
f 5844//5520 5892//5520 5893//5520 5845//5520
vn 0.6506 -0.0388 -0.7584
f 5845//5521 5893//5521 5894//5521 5846//5521
vn 0.8114 0.0379 -0.5832
usemtl leaf_1
f 5846//5522 5894//5522 5895//5522 5847//5522
vn 0.9370 0.0073 -0.3491
usemtl leaf_3
f 5847//5523 5895//5523 5896//5523 5848//5523
vn 0.9431 0.0186 -0.3321
f 5848//5524 5896//5524 5897//5524 5849//5524
vn 0.9191 0.0757 -0.3867
usemtl leaf_2
f 5849//5525 5897//5525 5898//5525 5850//5525
vn 0.8401 0.0335 -0.5414
f 5850//5526 5898//5526 5851//5526 5803//5526
vn 0.9752 0.0245 -0.2199
usemtl leaf_3
f 5851//5527 5899//5527 5900//5527 5852//5527
vn 0.9353 0.0518 -0.3501
usemtl leaf_1
f 5852//5528 5900//5528 5901//5528 5853//5528
vn 0.8945 0.0464 -0.4447
f 5853//5529 5901//5529 5902//5529 5854//5529
vn 0.9118 0.0131 -0.4105
usemtl leaf_0
f 5854//5530 5902//5530 5903//5530 5855//5530
vn 0.9745 0.0039 -0.2245
f 5855//5531 5903//5531 5904//5531 5856//5531
vn 0.9829 0.1118 0.1465
f 5856//5532 5904//5532 5905//5532 5857//5532
vn 0.7783 0.1418 0.6117
f 5857//5533 5905//5533 5906//5533 5858//5533
vn 0.4363 0.0860 0.8957
f 5858//5534 5906//5534 5907//5534 5859//5534
vn 0.4189 0.0848 0.9041
f 5859//5535 5907//5535 5908//5535 5860//5535
vn 0.4831 0.1066 0.8691
f 5860//5536 5908//5536 5909//5536 5861//5536
vn 0.4291 0.1410 0.8922
usemtl leaf_1
f 5861//5537 5909//5537 5910//5537 5862//5537
vn 0.4764 0.0469 0.8780
usemtl leaf_2
f 5862//5538 5910//5538 5911//5538 5863//5538
vn 0.3572 -0.0411 0.9331
usemtl leaf_1
f 5863//5539 5911//5539 5912//5539 5864//5539
vn 0.4119 -0.0481 0.9100
usemtl leaf_2
f 5864//5540 5912//5540 5913//5540 5865//5540
vn 0.3087 0.0000 0.9512
f 5865//5541 5913//5541 5914//5541 5866//5541
vn 0.3478 0.0675 0.9351
usemtl leaf_0
f 5866//5542 5914//5542 5915//5542 5867//5542
vn 0.1560 0.0633 0.9857
f 5867//5543 5915//5543 5916//5543 5868//5543
vn -0.1081 0.1074 0.9883
f 5868//5544 5916//5544 5917//5544 5869//5544
vn -0.6206 0.0838 0.7796
f 5869//5545 5917//5545 5918//5545 5870//5545
vn -0.7932 -0.0242 0.6085
f 5870//5546 5918//5546 5919//5546 5871//5546
vn -0.8834 -0.0593 0.4649
f 5871//5547 5919//5547 5920//5547 5872//5547
vn -0.8972 -0.0742 0.4354
usemtl leaf_3
f 5872//5548 5920//5548 5921//5548 5873//5548
vn -0.9638 -0.0262 0.2653
usemtl leaf_1
f 5873//5549 5921//5549 5922//5549 5874//5549
vn -0.9177 0.0529 0.3937
usemtl leaf_0
f 5874//5550 5922//5550 5923//5550 5875//5550
vn -0.8889 0.1410 0.4358
usemtl leaf_1
f 5875//5551 5923//5551 5924//5551 5876//5551
vn -0.8652 0.1062 0.4900
usemtl leaf_2
f 5876//5552 5924//5552 5925//5552 5877//5552
vn -0.9035 0.0237 0.4279
f 5877//5553 5925//5553 5926//5553 5878//5553
vn -0.9020 0.0936 0.4214
usemtl leaf_1
f 5878//5554 5926//5554 5927//5554 5879//5554
vn -0.9899 0.1232 0.0704
f 5879//5555 5927//5555 5928//5555 5880//5555
vn -0.9629 0.0565 -0.2640
usemtl leaf_0
f 5880//5556 5928//5556 5929//5556 5881//5556
vn -0.7479 0.1062 -0.6552
f 5881//5557 5929//5557 5930//5557 5882//5557
vn -0.5492 0.0657 -0.8331
f 5882//5558 5930//5558 5931//5558 5883//5558
vn -0.5335 0.0081 -0.8458
f 5883//5559 5931//5559 5932//5559 5884//5559
vn -0.4644 0.0439 -0.8845
usemtl leaf_2
f 5884//5560 5932//5560 5933//5560 5885//5560
vn -0.5496 -0.0065 -0.8354
usemtl leaf_1
f 5885//5561 5933//5561 5934//5561 5886//5561
vn -0.3456 0.0015 -0.9384
usemtl leaf_2
f 5886//5562 5934//5562 5935//5562 5887//5562
vn -0.2399 0.0777 -0.9677
f 5887//5563 5935//5563 5936//5563 5888//5563
vn -0.3053 0.0384 -0.9515
usemtl leaf_0
f 5888//5564 5936//5564 5937//5564 5889//5564
vn -0.3690 -0.0375 -0.9287
usemtl leaf_2
f 5889//5565 5937//5565 5938//5565 5890//5565
vn -0.3955 -0.0042 -0.9184
usemtl leaf_0
f 5890//5566 5938//5566 5939//5566 5891//5566
vn -0.2937 0.0511 -0.9545
f 5891//5567 5939//5567 5940//5567 5892//5567
vn 0.0543 0.1064 -0.9928
f 5892//5568 5940//5568 5941//5568 5893//5568
vn 0.6276 0.0778 -0.7746
usemtl leaf_1
f 5893//5569 5941//5569 5942//5569 5894//5569
vn 0.8700 0.0687 -0.4882
usemtl leaf_0
f 5894//5570 5942//5570 5943//5570 5895//5570
vn 0.9045 0.1079 -0.4125
f 5895//5571 5943//5571 5944//5571 5896//5571
vn 0.9434 0.0037 -0.3315
usemtl leaf_2
f 5896//5572 5944//5572 5945//5572 5897//5572
vn 0.8793 -0.1085 -0.4638
f 5897//5573 5945//5573 5946//5573 5898//5573
vn 0.8756 -0.0790 -0.4765
f 5898//5574 5946//5574 5899//5574 5851//5574
vn 0.9647 0.1461 -0.2192
usemtl leaf_0
f 5899//5575 5947//5575 5948//5575 5900//5575
vn 0.9082 0.0468 -0.4159
f 5900//5576 5948//5576 5949//5576 5901//5576
vn 0.9253 0.0647 -0.3736
f 5901//5577 5949//5577 5950//5577 5902//5577
vn 0.8775 0.1454 -0.4570
f 5902//5578 5950//5578 5951//5578 5903//5578
vn 0.9524 0.2171 -0.2142
f 5903//5579 5951//5579 5952//5579 5904//5579
vn 0.9198 0.3210 0.2255
f 5904//5580 5952//5580 5953//5580 5905//5580
vn 0.7838 0.3020 0.5426
f 5905//5581 5953//5581 5954//5581 5906//5581
vn 0.4526 0.1354 0.8814
f 5906//5582 5954//5582 5955//5582 5907//5582
vn 0.4349 0.0715 0.8976
f 5907//5583 5955//5583 5956//5583 5908//5583
vn 0.5091 0.0258 0.8603
f 5908//5584 5956//5584 5957//5584 5909//5584
vn 0.3646 0.0470 0.9300
f 5909//5585 5957//5585 5958//5585 5910//5585
vn 0.5565 0.1258 0.8212
f 5910//5586 5958//5586 5959//5586 5911//5586
vn 0.3828 0.1098 0.9173
f 5911//5587 5959//5587 5960//5587 5912//5587
vn 0.4139 0.1063 0.9041
usemtl leaf_1
f 5912//5588 5960//5588 5961//5588 5913//5588
vn 0.2514 0.1374 0.9581
usemtl leaf_0
f 5913//5589 5961//5589 5962//5589 5914//5589
vn 0.3325 0.1635 0.9288
f 5914//5590 5962//5590 5963//5590 5915//5590
vn 0.1484 0.2903 0.9453
f 5915//5591 5963//5591 5964//5591 5916//5591
vn -0.1517 0.4626 0.8735
f 5916//5592 5964//5592 5965//5592 5917//5592
vn -0.4997 0.4989 0.7081
f 5917//5593 5965//5593 5966//5593 5918//5593
vn -0.7174 0.3611 0.5957
f 5918//5594 5966//5594 5967//5594 5919//5594
vn -0.8704 0.2064 0.4471
f 5919//5595 5967//5595 5968//5595 5920//5595
vn -0.8756 0.1103 0.4702
f 5920//5596 5968//5596 5969//5596 5921//5596
vn -0.9744 0.0319 0.2224
f 5921//5597 5969//5597 5970//5597 5922//5597
vn -0.9232 0.0025 0.3843
f 5922//5598 5970//5598 5971//5598 5923//5598
vn -0.9202 -0.0240 0.3908
f 5923//5599 5971//5599 5972//5599 5924//5599
vn -0.8875 0.0719 0.4552
f 5924//5600 5972//5600 5973//5600 5925//5600
vn -0.8806 0.2271 0.4160
f 5925//5601 5973//5601 5974//5601 5926//5601
vn -0.8834 0.2417 0.4015
f 5926//5602 5974//5602 5975//5602 5927//5602
vn -0.9424 0.3191 0.1000
f 5927//5603 5975//5603 5976//5603 5928//5603
vn -0.9069 0.3786 -0.1850
f 5928//5604 5976//5604 5977//5604 5929//5604
vn -0.6945 0.2252 -0.6834
f 5929//5605 5977//5605 5978//5605 5930//5605
vn -0.5976 0.1810 -0.7811
f 5930//5606 5978//5606 5979//5606 5931//5606
vn -0.5225 0.1268 -0.8432
f 5931//5607 5979//5607 5980//5607 5932//5607
vn -0.4811 0.0570 -0.8748
f 5932//5608 5980//5608 5981//5608 5933//5608
vn -0.5323 0.1012 -0.8405
f 5933//5609 5981//5609 5982//5609 5934//5609
vn -0.3327 0.1096 -0.9367
f 5934//5610 5982//5610 5983//5610 5935//5610
vn -0.1934 0.0798 -0.9779
f 5935//5611 5983//5611 5984//5611 5936//5611
vn -0.3430 0.1265 -0.9308
f 5936//5612 5984//5612 5985//5612 5937//5612
vn -0.4033 0.1599 -0.9010
f 5937//5613 5985//5613 5986//5613 5938//5613
vn -0.3693 0.1843 -0.9108
f 5938//5614 5986//5614 5987//5614 5939//5614
vn -0.2988 0.2489 -0.9213
f 5939//5615 5987//5615 5988//5615 5940//5615
vn 0.1274 0.5261 -0.8408
f 5940//5616 5988//5616 5989//5616 5941//5616
vn 0.4591 0.6727 -0.5802
f 5941//5617 5989//5617 5990//5617 5942//5617
vn 0.8110 0.3929 -0.4335
f 5942//5618 5990//5618 5991//5618 5943//5618
vn 0.8709 0.1563 -0.4659
f 5943//5619 5991//5619 5992//5619 5944//5619
vn 0.8933 0.0533 -0.4463
f 5944//5620 5992//5620 5993//5620 5945//5620
vn 0.9037 0.0724 -0.4219
f 5945//5621 5993//5621 5994//5621 5946//5621
vn 0.9128 0.1682 -0.3721
f 5946//5622 5994//5622 5947//5622 5899//5622
vn 0.7970 0.5047 -0.3316
f 5947//5623 5995//5623 5996//5623 5948//5623
vn 0.7190 0.6059 -0.3404
f 5948//5624 5996//5624 5997//5624 5949//5624
vn 0.1956 0.9732 -0.1208
f 5949//5625 5997//5625 5998//5625 5950//5625
vn 0.0000 1.0000 0.0000
f 5950//5626 5998//5626 5999//5626 5951//5626
vn 0.0000 1.0000 0.0000
f 5951//5627 5999//5627 6000//5627 5952//5627
vn 0.0000 1.0000 0.0000
f 5952//5628 6000//5628 6001//5628 5953//5628
vn 0.0000 1.0000 0.0000
f 5953//5629 6001//5629 6002//5629 5954//5629
vn 0.0000 1.0000 0.0000
f 5954//5630 6002//5630 6003//5630 5955//5630
vn 0.0000 1.0000 0.0000
f 5955//5631 6003//5631 6004//5631 5956//5631
vn 0.0422 0.9892 0.1404
f 5956//5632 6004//5632 6005//5632 5957//5632
vn 0.1679 0.7682 0.6178
f 5957//5633 6005//5633 6006//5633 5958//5633
vn 0.3998 0.6378 0.6583
f 5958//5634 6006//5634 6007//5634 5959//5634
vn 0.2626 0.8173 0.5129
f 5959//5635 6007//5635 6008//5635 5960//5635
vn 0.1602 0.9515 0.2628
f 5960//5636 6008//5636 6009//5636 5961//5636
vn 0.0298 0.9983 0.0492
f 5961//5637 6009//5637 6010//5637 5962//5637
vn 0.0000 1.0000 0.0000
f 5962//5638 6010//5638 6011//5638 5963//5638
vn 0.0000 1.0000 0.0000
f 5963//5639 6011//5639 6012//5639 5964//5639
vn 0.0000 1.0000 0.0000
f 5964//5640 6012//5640 6013//5640 5965//5640
vn 0.0000 1.0000 0.0000
f 5965//5641 6013//5641 6014//5641 5966//5641
vn 0.0000 1.0000 0.0000
f 5966//5642 6014//5642 6015//5642 5967//5642
vn 0.0000 1.0000 0.0000
f 5967//5643 6015//5643 6016//5643 5968//5643
vn 0.0000 1.0000 0.0000
f 5968//5644 6016//5644 6017//5644 5969//5644
vn -0.4324 0.9014 0.0235
f 5969//5645 6017//5645 6018//5645 5970//5645
vn -0.6623 0.7086 0.2435
f 5970//5646 6018//5646 6019//5646 5971//5646
vn -0.5832 0.7592 0.2888
f 5971//5647 6019//5647 6020//5647 5972//5647
vn -0.4478 0.8769 0.1745
f 5972//5648 6020//5648 6021//5648 5973//5648
vn -0.1726 0.9752 0.1384
f 5973//5649 6021//5649 6022//5649 5974//5649
vn 0.0000 1.0000 0.0000
f 5974//5650 6022//5650 6023//5650 5975//5650
vn 0.0000 1.0000 0.0000
f 5975//5651 6023//5651 6024//5651 5976//5651
vn 0.0000 1.0000 0.0000
f 5976//5652 6024//5652 6025//5652 5977//5652
vn 0.0000 1.0000 0.0000
f 5977//5653 6025//5653 6026//5653 5978//5653
vn 0.0000 1.0000 0.0000
f 5978//5654 6026//5654 6027//5654 5979//5654
vn 0.0000 1.0000 0.0000
f 5979//5655 6027//5655 6028//5655 5980//5655
vn -0.0209 0.9958 -0.0895
f 5980//5656 6028//5656 6029//5656 5981//5656
vn -0.0724 0.9738 -0.2155
f 5981//5657 6029//5657 6030//5657 5982//5657
vn -0.1115 0.9438 -0.3112
f 5982//5658 6030//5658 6031//5658 5983//5658
vn -0.1289 0.7951 -0.5927
f 5983//5659 6031//5659 6032//5659 5984//5659
vn -0.3017 0.5428 -0.7838
f 5984//5660 6032//5660 6033//5660 5985//5660
vn -0.2902 0.7858 -0.5461
f 5985//5661 6033//5661 6034//5661 5986//5661
vn 0.0000 1.0000 0.0000
f 5986//5662 6034//5662 6035//5662 5987//5662
vn 0.0000 1.0000 0.0000
f 5987//5663 6035//5663 6036//5663 5988//5663
vn 0.0000 1.0000 0.0000
f 5988//5664 6036//5664 6037//5664 5989//5664
vn 0.0000 1.0000 0.0000
f 5989//5665 6037//5665 6038//5665 5990//5665
vn 0.0000 1.0000 0.0000
f 5990//5666 6038//5666 6039//5666 5991//5666
vn 0.0000 1.0000 0.0000
f 5991//5667 6039//5667 6040//5667 5992//5667
vn 0.0789 0.9967 -0.0200
f 5992//5668 6040//5668 6041//5668 5993//5668
vn 0.4294 0.8974 -0.1014
f 5993//5669 6041//5669 6042//5669 5994//5669
vn 0.6410 0.7403 -0.2026
f 5994//5670 6042//5670 5995//5670 5947//5670
vn 0.0000 1.0000 0.0000
f 5995//5671 6043//5671 6044//5671 5996//5671
vn 0.0000 1.0000 0.0000
f 5996//5672 6044//5672 6045//5672 5997//5672
vn 0.0000 1.0000 0.0000
f 5997//5673 6045//5673 6046//5673 5998//5673
vn 0.0000 1.0000 0.0000
f 5998//5674 6046//5674 6047//5674 5999//5674
vn 0.0000 1.0000 0.0000
f 5999//5675 6047//5675 6048//5675 6000//5675
vn 0.0000 1.0000 0.0000
f 6000//5676 6048//5676 6049//5676 6001//5676
vn 0.0000 1.0000 0.0000
f 6001//5677 6049//5677 6050//5677 6002//5677
vn 0.0000 1.0000 0.0000
f 6002//5678 6050//5678 6051//5678 6003//5678
vn 0.0000 1.0000 0.0000
f 6003//5679 6051//5679 6052//5679 6004//5679
vn 0.0000 1.0000 0.0000
f 6004//5680 6052//5680 6053//5680 6005//5680
vn 0.0000 1.0000 0.0000
f 6005//5681 6053//5681 6054//5681 6006//5681
vn 0.0000 1.0000 0.0000
f 6006//5682 6054//5682 6055//5682 6007//5682
vn 0.0000 1.0000 0.0000
f 6007//5683 6055//5683 6056//5683 6008//5683
vn 0.0000 1.0000 0.0000
f 6008//5684 6056//5684 6057//5684 6009//5684
vn 0.0000 1.0000 0.0000
f 6009//5685 6057//5685 6058//5685 6010//5685
vn 0.0000 1.0000 0.0000
f 6010//5686 6058//5686 6059//5686 6011//5686
vn 0.0000 1.0000 0.0000
f 6011//5687 6059//5687 6060//5687 6012//5687
vn 0.0000 1.0000 0.0000
f 6012//5688 6060//5688 6061//5688 6013//5688
vn 0.0000 1.0000 0.0000
f 6013//5689 6061//5689 6062//5689 6014//5689
vn 0.0000 1.0000 0.0000
f 6014//5690 6062//5690 6063//5690 6015//5690
vn 0.0000 1.0000 0.0000
f 6015//5691 6063//5691 6064//5691 6016//5691
vn 0.0000 1.0000 0.0000
f 6016//5692 6064//5692 6065//5692 6017//5692
vn 0.0000 1.0000 0.0000
f 6017//5693 6065//5693 6066//5693 6018//5693
vn 0.0000 1.0000 0.0000
f 6018//5694 6066//5694 6067//5694 6019//5694
vn 0.0000 1.0000 0.0000
f 6019//5695 6067//5695 6068//5695 6020//5695
vn 0.0000 1.0000 0.0000
f 6020//5696 6068//5696 6069//5696 6021//5696
vn 0.0000 1.0000 0.0000
f 6021//5697 6069//5697 6070//5697 6022//5697
vn 0.0000 1.0000 0.0000
f 6022//5698 6070//5698 6071//5698 6023//5698
vn 0.0000 1.0000 0.0000
f 6023//5699 6071//5699 6072//5699 6024//5699
vn 0.0000 1.0000 0.0000
f 6024//5700 6072//5700 6073//5700 6025//5700
vn 0.0000 1.0000 0.0000
f 6025//5701 6073//5701 6074//5701 6026//5701
vn 0.0000 1.0000 0.0000
f 6026//5702 6074//5702 6075//5702 6027//5702
vn 0.0000 1.0000 0.0000
f 6027//5703 6075//5703 6076//5703 6028//5703
vn 0.0000 1.0000 0.0000
f 6028//5704 6076//5704 6077//5704 6029//5704
vn 0.0000 1.0000 0.0000
f 6029//5705 6077//5705 6078//5705 6030//5705
vn 0.0000 1.0000 0.0000
f 6030//5706 6078//5706 6079//5706 6031//5706
vn 0.0000 1.0000 0.0000
f 6031//5707 6079//5707 6080//5707 6032//5707
vn 0.0000 1.0000 0.0000
f 6032//5708 6080//5708 6081//5708 6033//5708
vn 0.0000 1.0000 0.0000
f 6033//5709 6081//5709 6082//5709 6034//5709
vn 0.0000 1.0000 0.0000
f 6034//5710 6082//5710 6083//5710 6035//5710
vn 0.0000 1.0000 0.0000
f 6035//5711 6083//5711 6084//5711 6036//5711
vn 0.0000 1.0000 0.0000
f 6036//5712 6084//5712 6085//5712 6037//5712
vn 0.0000 1.0000 0.0000
f 6037//5713 6085//5713 6086//5713 6038//5713
vn 0.0000 1.0000 0.0000
f 6038//5714 6086//5714 6087//5714 6039//5714
vn 0.0000 1.0000 0.0000
f 6039//5715 6087//5715 6088//5715 6040//5715
vn 0.0000 1.0000 0.0000
f 6040//5716 6088//5716 6089//5716 6041//5716
vn 0.0000 1.0000 0.0000
f 6041//5717 6089//5717 6090//5717 6042//5717
vn 0.0000 1.0000 0.0000
f 6042//5718 6090//5718 6043//5718 5995//5718
vn 0.0000 1.0000 0.0000
f 6043//5719 6091//5719 6092//5719 6044//5719
vn 0.0000 1.0000 0.0000
f 6044//5720 6092//5720 6093//5720 6045//5720
vn 0.0000 1.0000 0.0000
f 6045//5721 6093//5721 6094//5721 6046//5721
vn 0.0000 1.0000 0.0000
f 6046//5722 6094//5722 6095//5722 6047//5722
vn 0.0000 1.0000 0.0000
f 6047//5723 6095//5723 6096//5723 6048//5723
vn 0.0000 1.0000 0.0000
f 6048//5724 6096//5724 6097//5724 6049//5724
vn 0.0000 1.0000 0.0000
f 6049//5725 6097//5725 6098//5725 6050//5725
vn 0.0000 1.0000 0.0000
f 6050//5726 6098//5726 6099//5726 6051//5726
vn 0.0000 1.0000 0.0000
f 6051//5727 6099//5727 6100//5727 6052//5727
vn 0.0000 1.0000 0.0000
f 6052//5728 6100//5728 6101//5728 6053//5728
vn 0.0000 1.0000 0.0000
f 6053//5729 6101//5729 6102//5729 6054//5729
vn 0.0000 1.0000 0.0000
f 6054//5730 6102//5730 6103//5730 6055//5730
vn 0.0000 1.0000 0.0000
f 6055//5731 6103//5731 6104//5731 6056//5731
vn 0.0000 1.0000 0.0000
f 6056//5732 6104//5732 6105//5732 6057//5732
vn 0.0000 1.0000 0.0000
f 6057//5733 6105//5733 6106//5733 6058//5733
vn 0.0000 1.0000 0.0000
f 6058//5734 6106//5734 6107//5734 6059//5734
vn 0.0000 1.0000 0.0000
f 6059//5735 6107//5735 6108//5735 6060//5735
vn 0.0000 1.0000 0.0000
f 6060//5736 6108//5736 6109//5736 6061//5736
vn 0.0000 1.0000 0.0000
f 6061//5737 6109//5737 6110//5737 6062//5737
vn 0.0000 1.0000 0.0000
f 6062//5738 6110//5738 6111//5738 6063//5738
vn 0.0000 1.0000 0.0000
f 6063//5739 6111//5739 6112//5739 6064//5739
vn 0.0000 1.0000 0.0000
f 6064//5740 6112//5740 6113//5740 6065//5740
vn 0.0000 1.0000 0.0000
f 6065//5741 6113//5741 6114//5741 6066//5741
vn 0.0000 1.0000 0.0000
f 6066//5742 6114//5742 6115//5742 6067//5742
vn 0.0000 1.0000 0.0000
f 6067//5743 6115//5743 6116//5743 6068//5743
vn 0.0000 1.0000 0.0000
f 6068//5744 6116//5744 6117//5744 6069//5744
vn 0.0000 1.0000 0.0000
f 6069//5745 6117//5745 6118//5745 6070//5745
vn 0.0000 1.0000 0.0000
f 6070//5746 6118//5746 6119//5746 6071//5746
vn 0.0000 1.0000 0.0000
f 6071//5747 6119//5747 6120//5747 6072//5747
vn 0.0000 1.0000 0.0000
f 6072//5748 6120//5748 6121//5748 6073//5748
vn 0.0000 1.0000 0.0000
f 6073//5749 6121//5749 6122//5749 6074//5749
vn 0.0000 1.0000 0.0000
f 6074//5750 6122//5750 6123//5750 6075//5750
vn 0.0000 1.0000 0.0000
f 6075//5751 6123//5751 6124//5751 6076//5751
vn 0.0000 1.0000 0.0000
f 6076//5752 6124//5752 6125//5752 6077//5752
vn 0.0000 1.0000 0.0000
f 6077//5753 6125//5753 6126//5753 6078//5753
vn 0.0000 1.0000 0.0000
f 6078//5754 6126//5754 6127//5754 6079//5754
vn 0.0000 1.0000 0.0000
f 6079//5755 6127//5755 6128//5755 6080//5755
vn 0.0000 1.0000 0.0000
f 6080//5756 6128//5756 6129//5756 6081//5756
vn 0.0000 1.0000 0.0000
f 6081//5757 6129//5757 6130//5757 6082//5757
vn 0.0000 1.0000 0.0000
f 6082//5758 6130//5758 6131//5758 6083//5758
vn 0.0000 1.0000 0.0000
f 6083//5759 6131//5759 6132//5759 6084//5759
vn 0.0000 1.0000 0.0000
f 6084//5760 6132//5760 6133//5760 6085//5760
vn 0.0000 1.0000 0.0000
f 6085//5761 6133//5761 6134//5761 6086//5761
vn 0.0000 1.0000 0.0000
f 6086//5762 6134//5762 6135//5762 6087//5762
vn 0.0000 1.0000 0.0000
f 6087//5763 6135//5763 6136//5763 6088//5763
vn 0.0000 1.0000 0.0000
f 6088//5764 6136//5764 6137//5764 6089//5764
vn 0.0000 1.0000 0.0000
f 6089//5765 6137//5765 6138//5765 6090//5765
vn 0.0000 1.0000 0.0000
f 6090//5766 6138//5766 6091//5766 6043//5766
vn 0.0000 1.0000 0.0000
f 6091//5767 6139//5767 6140//5767 6092//5767
vn 0.0000 1.0000 0.0000
f 6092//5768 6140//5768 6141//5768 6093//5768
vn 0.0000 1.0000 0.0000
f 6093//5769 6141//5769 6142//5769 6094//5769
vn 0.0000 1.0000 0.0000
f 6094//5770 6142//5770 6143//5770 6095//5770
vn 0.0000 1.0000 0.0000
f 6095//5771 6143//5771 6144//5771 6096//5771
vn 0.0000 1.0000 0.0000
f 6096//5772 6144//5772 6145//5772 6097//5772
vn 0.0000 1.0000 0.0000
f 6097//5773 6145//5773 6146//5773 6098//5773
vn 0.0000 1.0000 0.0000
f 6098//5774 6146//5774 6147//5774 6099//5774
vn 0.0000 1.0000 0.0000
f 6099//5775 6147//5775 6148//5775 6100//5775
vn 0.0000 1.0000 0.0000
f 6100//5776 6148//5776 6149//5776 6101//5776
vn 0.0000 1.0000 0.0000
f 6101//5777 6149//5777 6150//5777 6102//5777
vn 0.0000 1.0000 0.0000
f 6102//5778 6150//5778 6151//5778 6103//5778
vn 0.0000 1.0000 0.0000
f 6103//5779 6151//5779 6152//5779 6104//5779
vn 0.0000 1.0000 0.0000
f 6104//5780 6152//5780 6153//5780 6105//5780
vn 0.0000 1.0000 0.0000
f 6105//5781 6153//5781 6154//5781 6106//5781
vn 0.0000 1.0000 0.0000
f 6106//5782 6154//5782 6155//5782 6107//5782
vn 0.0000 1.0000 0.0000
f 6107//5783 6155//5783 6156//5783 6108//5783
vn 0.0000 1.0000 0.0000
f 6108//5784 6156//5784 6157//5784 6109//5784
vn 0.0000 1.0000 0.0000
f 6109//5785 6157//5785 6158//5785 6110//5785
vn 0.0000 1.0000 0.0000
f 6110//5786 6158//5786 6159//5786 6111//5786
vn 0.0000 1.0000 0.0000
f 6111//5787 6159//5787 6160//5787 6112//5787
vn 0.0000 1.0000 0.0000
f 6112//5788 6160//5788 6161//5788 6113//5788
vn 0.0000 1.0000 0.0000
f 6113//5789 6161//5789 6162//5789 6114//5789
vn 0.0000 1.0000 0.0000
f 6114//5790 6162//5790 6163//5790 6115//5790
vn 0.0000 1.0000 0.0000
f 6115//5791 6163//5791 6164//5791 6116//5791
vn 0.0000 1.0000 0.0000
f 6116//5792 6164//5792 6165//5792 6117//5792
vn 0.0000 1.0000 0.0000
f 6117//5793 6165//5793 6166//5793 6118//5793
vn 0.0000 1.0000 0.0000
f 6118//5794 6166//5794 6167//5794 6119//5794
vn 0.0000 1.0000 0.0000
f 6119//5795 6167//5795 6168//5795 6120//5795
vn 0.0000 1.0000 0.0000
f 6120//5796 6168//5796 6169//5796 6121//5796
vn 0.0000 1.0000 0.0000
f 6121//5797 6169//5797 6170//5797 6122//5797
vn 0.0000 1.0000 0.0000
f 6122//5798 6170//5798 6171//5798 6123//5798
vn 0.0000 1.0000 0.0000
f 6123//5799 6171//5799 6172//5799 6124//5799
vn 0.0000 1.0000 0.0000
f 6124//5800 6172//5800 6173//5800 6125//5800
vn 0.0000 1.0000 0.0000
f 6125//5801 6173//5801 6174//5801 6126//5801
vn 0.0000 1.0000 0.0000
f 6126//5802 6174//5802 6175//5802 6127//5802
vn 0.0000 1.0000 0.0000
f 6127//5803 6175//5803 6176//5803 6128//5803
vn 0.0000 1.0000 0.0000
f 6128//5804 6176//5804 6177//5804 6129//5804
vn 0.0000 1.0000 0.0000
f 6129//5805 6177//5805 6178//5805 6130//5805
vn 0.0000 1.0000 0.0000
f 6130//5806 6178//5806 6179//5806 6131//5806
vn 0.0000 1.0000 0.0000
f 6131//5807 6179//5807 6180//5807 6132//5807
vn 0.0000 1.0000 0.0000
f 6132//5808 6180//5808 6181//5808 6133//5808
vn 0.0000 1.0000 0.0000
f 6133//5809 6181//5809 6182//5809 6134//5809
vn 0.0000 1.0000 0.0000
f 6134//5810 6182//5810 6183//5810 6135//5810
vn 0.0000 1.0000 0.0000
f 6135//5811 6183//5811 6184//5811 6136//5811
vn 0.0000 1.0000 0.0000
f 6136//5812 6184//5812 6185//5812 6137//5812
vn 0.0000 1.0000 0.0000
f 6137//5813 6185//5813 6186//5813 6138//5813
vn 0.0000 1.0000 0.0000
f 6138//5814 6186//5814 6139//5814 6091//5814
vn 0.0000 1.0000 0.0000
f 6139//5815 6187//5815 6188//5815 6140//5815
vn 0.0000 1.0000 0.0000
f 6140//5816 6188//5816 6189//5816 6141//5816
vn 0.0000 1.0000 0.0000
usemtl leaf_1
f 6141//5817 6189//5817 6190//5817 6142//5817
vn 0.0000 1.0000 0.0000
usemtl leaf_0
f 6142//5818 6190//5818 6191//5818 6143//5818
vn 0.0000 1.0000 0.0000
f 6143//5819 6191//5819 6192//5819 6144//5819
vn 0.0000 1.0000 0.0000
f 6144//5820 6192//5820 6193//5820 6145//5820
vn 0.0000 1.0000 0.0000
f 6145//5821 6193//5821 6194//5821 6146//5821
vn 0.0000 1.0000 0.0000
f 6146//5822 6194//5822 6195//5822 6147//5822
vn 0.0000 1.0000 0.0000
f 6147//5823 6195//5823 6196//5823 6148//5823
vn 0.0000 1.0000 0.0000
f 6148//5824 6196//5824 6197//5824 6149//5824
vn 0.0000 1.0000 0.0000
f 6149//5825 6197//5825 6198//5825 6150//5825
vn 0.0000 1.0000 0.0000
f 6150//5826 6198//5826 6199//5826 6151//5826
vn 0.0000 1.0000 0.0000
f 6151//5827 6199//5827 6200//5827 6152//5827
vn 0.0000 1.0000 0.0000
f 6152//5828 6200//5828 6201//5828 6153//5828
vn 0.0000 1.0000 0.0000
f 6153//5829 6201//5829 6202//5829 6154//5829
vn 0.0000 1.0000 0.0000
f 6154//5830 6202//5830 6203//5830 6155//5830
vn 0.0000 1.0000 0.0000
f 6155//5831 6203//5831 6204//5831 6156//5831
vn 0.0000 1.0000 0.0000
f 6156//5832 6204//5832 6205//5832 6157//5832
vn 0.0000 1.0000 0.0000
f 6157//5833 6205//5833 6206//5833 6158//5833
vn 0.0000 1.0000 0.0000
f 6158//5834 6206//5834 6207//5834 6159//5834
vn 0.0000 1.0000 0.0000
f 6159//5835 6207//5835 6208//5835 6160//5835
vn 0.0000 1.0000 0.0000
f 6160//5836 6208//5836 6209//5836 6161//5836
vn 0.0000 1.0000 0.0000
f 6161//5837 6209//5837 6210//5837 6162//5837
vn 0.0000 1.0000 0.0000
f 6162//5838 6210//5838 6211//5838 6163//5838
vn 0.0000 1.0000 0.0000
f 6163//5839 6211//5839 6212//5839 6164//5839
vn 0.0000 1.0000 0.0000
f 6164//5840 6212//5840 6213//5840 6165//5840
vn 0.0000 1.0000 0.0000
f 6165//5841 6213//5841 6214//5841 6166//5841
vn 0.0000 1.0000 0.0000
f 6166//5842 6214//5842 6215//5842 6167//5842
vn 0.0000 1.0000 0.0000
f 6167//5843 6215//5843 6216//5843 6168//5843
vn 0.0000 1.0000 0.0000
f 6168//5844 6216//5844 6217//5844 6169//5844
vn 0.0000 1.0000 0.0000
f 6169//5845 6217//5845 6218//5845 6170//5845
vn 0.0000 1.0000 0.0000
f 6170//5846 6218//5846 6219//5846 6171//5846
vn 0.0000 1.0000 0.0000
f 6171//5847 6219//5847 6220//5847 6172//5847
vn 0.0000 1.0000 0.0000
f 6172//5848 6220//5848 6221//5848 6173//5848
vn 0.0000 1.0000 0.0000
f 6173//5849 6221//5849 6222//5849 6174//5849
vn 0.0000 1.0000 0.0000
f 6174//5850 6222//5850 6223//5850 6175//5850
vn 0.0000 1.0000 0.0000
f 6175//5851 6223//5851 6224//5851 6176//5851
vn 0.0000 1.0000 0.0000
f 6176//5852 6224//5852 6225//5852 6177//5852
vn 0.0000 1.0000 0.0000
f 6177//5853 6225//5853 6226//5853 6178//5853
vn 0.0000 1.0000 0.0000
f 6178//5854 6226//5854 6227//5854 6179//5854
vn 0.0000 1.0000 0.0000
f 6179//5855 6227//5855 6228//5855 6180//5855
vn 0.0000 1.0000 0.0000
f 6180//5856 6228//5856 6229//5856 6181//5856
vn 0.0000 1.0000 0.0000
f 6181//5857 6229//5857 6230//5857 6182//5857
vn 0.0000 1.0000 0.0000
f 6182//5858 6230//5858 6231//5858 6183//5858
vn 0.0000 1.0000 0.0000
f 6183//5859 6231//5859 6232//5859 6184//5859
vn 0.0000 1.0000 0.0000
f 6184//5860 6232//5860 6233//5860 6185//5860
vn 0.0000 1.0000 0.0000
f 6185//5861 6233//5861 6234//5861 6186//5861
vn 0.0000 1.0000 0.0000
f 6186//5862 6234//5862 6187//5862 6139//5862
vn 0.0000 1.0000 0.0000
f 6187//5863 6235//5863 6236//5863 6188//5863
vn 0.0000 1.0000 0.0000
f 6188//5864 6236//5864 6237//5864 6189//5864
vn 0.0000 1.0000 0.0000
f 6189//5865 6237//5865 6238//5865 6190//5865
vn 0.0000 1.0000 0.0000
f 6190//5866 6238//5866 6239//5866 6191//5866
vn 0.0000 1.0000 0.0000
f 6191//5867 6239//5867 6240//5867 6192//5867
vn 0.0000 1.0000 0.0000
f 6192//5868 6240//5868 6241//5868 6193//5868
vn 0.0000 1.0000 0.0000
f 6193//5869 6241//5869 6242//5869 6194//5869
vn 0.0000 1.0000 0.0000
f 6194//5870 6242//5870 6243//5870 6195//5870
vn 0.0000 1.0000 0.0000
f 6195//5871 6243//5871 6244//5871 6196//5871
vn 0.0000 1.0000 0.0000
f 6196//5872 6244//5872 6245//5872 6197//5872
vn 0.0000 1.0000 0.0000
f 6197//5873 6245//5873 6246//5873 6198//5873
vn 0.0000 1.0000 0.0000
f 6198//5874 6246//5874 6247//5874 6199//5874
vn 0.0000 1.0000 0.0000
f 6199//5875 6247//5875 6248//5875 6200//5875
vn 0.0000 1.0000 0.0000
f 6200//5876 6248//5876 6249//5876 6201//5876
vn 0.0000 1.0000 0.0000
f 6201//5877 6249//5877 6250//5877 6202//5877
vn 0.0000 1.0000 0.0000
f 6202//5878 6250//5878 6251//5878 6203//5878
vn 0.0000 1.0000 0.0000
f 6203//5879 6251//5879 6252//5879 6204//5879
vn 0.0000 1.0000 0.0000
f 6204//5880 6252//5880 6253//5880 6205//5880
vn 0.0000 1.0000 0.0000
f 6205//5881 6253//5881 6254//5881 6206//5881
vn 0.0000 1.0000 0.0000
f 6206//5882 6254//5882 6255//5882 6207//5882
vn 0.0000 1.0000 0.0000
f 6207//5883 6255//5883 6256//5883 6208//5883
vn 0.0000 1.0000 0.0000
f 6208//5884 6256//5884 6257//5884 6209//5884
vn 0.0000 1.0000 0.0000
f 6209//5885 6257//5885 6258//5885 6210//5885
vn 0.0000 1.0000 0.0000
f 6210//5886 6258//5886 6259//5886 6211//5886
vn 0.0000 1.0000 0.0000
f 6211//5887 6259//5887 6260//5887 6212//5887
vn 0.0000 1.0000 0.0000
f 6212//5888 6260//5888 6261//5888 6213//5888
vn 0.0000 1.0000 0.0000
f 6213//5889 6261//5889 6262//5889 6214//5889
vn 0.0000 1.0000 0.0000
f 6214//5890 6262//5890 6263//5890 6215//5890
vn 0.0000 1.0000 0.0000
f 6215//5891 6263//5891 6264//5891 6216//5891
vn 0.0000 1.0000 0.0000
f 6216//5892 6264//5892 6265//5892 6217//5892
vn 0.0000 1.0000 0.0000
f 6217//5893 6265//5893 6266//5893 6218//5893
vn 0.0000 1.0000 0.0000
f 6218//5894 6266//5894 6267//5894 6219//5894
vn 0.0000 1.0000 0.0000
f 6219//5895 6267//5895 6268//5895 6220//5895
vn 0.0000 1.0000 0.0000
f 6220//5896 6268//5896 6269//5896 6221//5896
vn 0.0000 1.0000 0.0000
f 6221//5897 6269//5897 6270//5897 6222//5897
vn 0.0000 1.0000 0.0000
f 6222//5898 6270//5898 6271//5898 6223//5898
vn 0.0000 1.0000 0.0000
f 6223//5899 6271//5899 6272//5899 6224//5899
vn 0.0000 1.0000 0.0000
f 6224//5900 6272//5900 6273//5900 6225//5900
vn 0.0000 1.0000 0.0000
f 6225//5901 6273//5901 6274//5901 6226//5901
vn 0.0000 1.0000 0.0000
f 6226//5902 6274//5902 6275//5902 6227//5902
vn 0.0000 1.0000 0.0000
f 6227//5903 6275//5903 6276//5903 6228//5903
vn 0.0000 1.0000 0.0000
f 6228//5904 6276//5904 6277//5904 6229//5904
vn 0.0000 1.0000 0.0000
f 6229//5905 6277//5905 6278//5905 6230//5905
vn 0.0000 1.0000 0.0000
f 6230//5906 6278//5906 6279//5906 6231//5906
vn 0.0000 1.0000 0.0000
f 6231//5907 6279//5907 6280//5907 6232//5907
vn 0.0000 1.0000 0.0000
f 6232//5908 6280//5908 6281//5908 6233//5908
vn 0.0000 1.0000 0.0000
f 6233//5909 6281//5909 6282//5909 6234//5909
vn 0.0000 1.0000 0.0000
f 6234//5910 6282//5910 6235//5910 6187//5910
vn 0.0000 1.0000 0.0000
f 6235//5911 6283//5911 6284//5911 6236//5911
vn 0.0000 1.0000 0.0000
f 6236//5912 6284//5912 6285//5912 6237//5912
vn 0.0000 1.0000 0.0000
f 6237//5913 6285//5913 6286//5913 6238//5913
vn 0.0000 1.0000 0.0000
f 6238//5914 6286//5914 6287//5914 6239//5914
vn 0.0000 1.0000 0.0000
f 6239//5915 6287//5915 6288//5915 6240//5915
vn 0.0000 1.0000 0.0000
f 6240//5916 6288//5916 6289//5916 6241//5916
vn 0.0000 1.0000 0.0000
f 6241//5917 6289//5917 6290//5917 6242//5917
vn 0.0000 1.0000 0.0000
f 6242//5918 6290//5918 6291//5918 6243//5918
vn 0.0000 1.0000 0.0000
f 6243//5919 6291//5919 6292//5919 6244//5919
vn 0.0000 1.0000 0.0000
f 6244//5920 6292//5920 6293//5920 6245//5920
vn 0.0000 1.0000 0.0000
f 6245//5921 6293//5921 6294//5921 6246//5921
vn 0.0000 1.0000 0.0000
f 6246//5922 6294//5922 6295//5922 6247//5922
vn 0.0000 1.0000 0.0000
f 6247//5923 6295//5923 6296//5923 6248//5923
vn 0.0000 1.0000 0.0000
f 6248//5924 6296//5924 6297//5924 6249//5924
vn 0.0000 1.0000 0.0000
f 6249//5925 6297//5925 6298//5925 6250//5925
vn 0.0000 1.0000 0.0000
f 6250//5926 6298//5926 6299//5926 6251//5926
vn 0.0000 1.0000 0.0000
f 6251//5927 6299//5927 6300//5927 6252//5927
vn 0.0000 1.0000 0.0000
f 6252//5928 6300//5928 6301//5928 6253//5928
vn 0.0000 1.0000 0.0000
usemtl leaf_1
f 6253//5929 6301//5929 6302//5929 6254//5929
vn 0.0000 1.0000 0.0000
usemtl leaf_0
f 6254//5930 6302//5930 6303//5930 6255//5930
vn 0.0000 1.0000 0.0000
f 6255//5931 6303//5931 6304//5931 6256//5931
vn 0.0000 1.0000 0.0000
f 6256//5932 6304//5932 6305//5932 6257//5932
vn 0.0000 1.0000 0.0000
f 6257//5933 6305//5933 6306//5933 6258//5933
vn 0.0000 1.0000 0.0000
f 6258//5934 6306//5934 6307//5934 6259//5934
vn 0.0000 1.0000 0.0000
f 6259//5935 6307//5935 6308//5935 6260//5935
vn 0.0000 1.0000 0.0000
f 6260//5936 6308//5936 6309//5936 6261//5936
vn 0.0000 1.0000 0.0000
f 6261//5937 6309//5937 6310//5937 6262//5937
vn 0.0000 1.0000 0.0000
f 6262//5938 6310//5938 6311//5938 6263//5938
vn 0.0000 1.0000 0.0000
f 6263//5939 6311//5939 6312//5939 6264//5939
vn 0.0000 1.0000 0.0000
f 6264//5940 6312//5940 6313//5940 6265//5940
vn 0.0000 1.0000 0.0000
f 6265//5941 6313//5941 6314//5941 6266//5941
vn 0.0000 1.0000 0.0000
f 6266//5942 6314//5942 6315//5942 6267//5942
vn 0.0000 1.0000 0.0000
f 6267//5943 6315//5943 6316//5943 6268//5943
vn 0.0000 1.0000 0.0000
f 6268//5944 6316//5944 6317//5944 6269//5944
vn 0.0000 1.0000 0.0000
f 6269//5945 6317//5945 6318//5945 6270//5945
vn 0.0000 1.0000 0.0000
f 6270//5946 6318//5946 6319//5946 6271//5946
vn 0.0000 1.0000 0.0000
f 6271//5947 6319//5947 6320//5947 6272//5947
vn 0.0000 1.0000 0.0000
f 6272//5948 6320//5948 6321//5948 6273//5948
vn 0.0000 1.0000 0.0000
f 6273//5949 6321//5949 6322//5949 6274//5949
vn 0.0000 1.0000 0.0000
f 6274//5950 6322//5950 6323//5950 6275//5950
vn 0.0000 1.0000 0.0000
f 6275//5951 6323//5951 6324//5951 6276//5951
vn 0.0000 1.0000 0.0000
f 6276//5952 6324//5952 6325//5952 6277//5952
vn 0.0000 1.0000 0.0000
f 6277//5953 6325//5953 6326//5953 6278//5953
vn 0.0000 1.0000 0.0000
f 6278//5954 6326//5954 6327//5954 6279//5954
vn 0.0000 1.0000 0.0000
f 6279//5955 6327//5955 6328//5955 6280//5955
vn 0.0000 1.0000 0.0000
f 6280//5956 6328//5956 6329//5956 6281//5956
vn 0.0000 1.0000 0.0000
f 6281//5957 6329//5957 6330//5957 6282//5957
vn 0.0000 1.0000 0.0000
f 6282//5958 6330//5958 6283//5958 6235//5958
vn 0.0000 1.0000 0.0000
f 6283//5959 6331//5959 6332//5959 6284//5959
vn 0.0000 1.0000 0.0000
f 6284//5960 6332//5960 6333//5960 6285//5960
vn 0.0000 1.0000 0.0000
f 6285//5961 6333//5961 6334//5961 6286//5961
vn 0.0000 1.0000 0.0000
f 6286//5962 6334//5962 6335//5962 6287//5962
vn 0.0000 1.0000 0.0000
f 6287//5963 6335//5963 6336//5963 6288//5963
vn 0.0000 1.0000 0.0000
f 6288//5964 6336//5964 6337//5964 6289//5964
vn 0.0000 1.0000 0.0000
f 6289//5965 6337//5965 6338//5965 6290//5965
vn 0.0000 1.0000 0.0000
f 6290//5966 6338//5966 6339//5966 6291//5966
vn 0.0000 1.0000 0.0000
f 6291//5967 6339//5967 6340//5967 6292//5967
vn 0.0000 1.0000 0.0000
f 6292//5968 6340//5968 6341//5968 6293//5968
vn 0.0000 1.0000 0.0000
f 6293//5969 6341//5969 6342//5969 6294//5969
vn 0.0000 1.0000 0.0000
f 6294//5970 6342//5970 6343//5970 6295//5970
vn 0.0000 1.0000 0.0000
f 6295//5971 6343//5971 6344//5971 6296//5971
vn 0.0000 1.0000 0.0000
f 6296//5972 6344//5972 6345//5972 6297//5972
vn 0.0000 1.0000 0.0000
f 6297//5973 6345//5973 6346//5973 6298//5973
vn 0.0000 1.0000 0.0000
f 6298//5974 6346//5974 6347//5974 6299//5974
vn 0.0000 1.0000 0.0000
f 6299//5975 6347//5975 6348//5975 6300//5975
vn 0.0000 1.0000 0.0000
f 6300//5976 6348//5976 6349//5976 6301//5976
vn 0.0000 1.0000 0.0000
f 6301//5977 6349//5977 6350//5977 6302//5977
vn 0.0000 1.0000 0.0000
f 6302//5978 6350//5978 6351//5978 6303//5978
vn 0.0000 1.0000 0.0000
f 6303//5979 6351//5979 6352//5979 6304//5979
vn 0.0000 1.0000 0.0000
f 6304//5980 6352//5980 6353//5980 6305//5980
vn 0.0000 1.0000 0.0000
f 6305//5981 6353//5981 6354//5981 6306//5981
vn 0.0000 1.0000 0.0000
f 6306//5982 6354//5982 6355//5982 6307//5982
vn 0.0000 1.0000 0.0000
f 6307//5983 6355//5983 6356//5983 6308//5983
vn 0.0000 1.0000 0.0000
f 6308//5984 6356//5984 6357//5984 6309//5984
vn 0.0000 1.0000 0.0000
f 6309//5985 6357//5985 6358//5985 6310//5985
vn 0.0000 1.0000 0.0000
f 6310//5986 6358//5986 6359//5986 6311//5986
vn 0.0000 1.0000 0.0000
f 6311//5987 6359//5987 6360//5987 6312//5987
vn 0.0000 1.0000 0.0000
f 6312//5988 6360//5988 6361//5988 6313//5988
vn 0.0000 1.0000 0.0000
f 6313//5989 6361//5989 6362//5989 6314//5989
vn 0.0000 1.0000 0.0000
f 6314//5990 6362//5990 6363//5990 6315//5990
vn 0.0000 1.0000 0.0000
f 6315//5991 6363//5991 6364//5991 6316//5991
vn 0.0000 1.0000 0.0000
f 6316//5992 6364//5992 6365//5992 6317//5992
vn 0.0000 1.0000 0.0000
f 6317//5993 6365//5993 6366//5993 6318//5993
vn 0.0000 1.0000 0.0000
f 6318//5994 6366//5994 6367//5994 6319//5994
vn 0.0000 1.0000 0.0000
f 6319//5995 6367//5995 6368//5995 6320//5995
vn 0.0000 1.0000 0.0000
f 6320//5996 6368//5996 6369//5996 6321//5996
vn 0.0000 1.0000 0.0000
f 6321//5997 6369//5997 6370//5997 6322//5997
vn 0.0000 1.0000 0.0000
f 6322//5998 6370//5998 6371//5998 6323//5998
vn 0.0000 1.0000 0.0000
f 6323//5999 6371//5999 6372//5999 6324//5999
vn 0.0000 1.0000 0.0000
f 6324//6000 6372//6000 6373//6000 6325//6000
vn 0.0000 1.0000 0.0000
f 6325//6001 6373//6001 6374//6001 6326//6001
vn 0.0000 1.0000 0.0000
f 6326//6002 6374//6002 6375//6002 6327//6002
vn 0.0000 1.0000 0.0000
f 6327//6003 6375//6003 6376//6003 6328//6003
vn 0.0000 1.0000 0.0000
f 6328//6004 6376//6004 6377//6004 6329//6004
vn 0.0000 1.0000 0.0000
f 6329//6005 6377//6005 6378//6005 6330//6005
vn 0.0000 1.0000 0.0000
f 6330//6006 6378//6006 6331//6006 6283//6006
vn 0.0000 1.0000 0.0000
f 6331//6007 6379//6007 6380//6007 6332//6007
vn 0.0000 1.0000 0.0000
f 6332//6008 6380//6008 6381//6008 6333//6008
vn 0.0000 1.0000 0.0000
f 6333//6009 6381//6009 6382//6009 6334//6009
vn 0.0000 1.0000 0.0000
f 6334//6010 6382//6010 6383//6010 6335//6010
vn 0.0000 1.0000 0.0000
f 6335//6011 6383//6011 6384//6011 6336//6011
vn 0.0000 1.0000 0.0000
f 6336//6012 6384//6012 6385//6012 6337//6012
vn 0.0000 1.0000 0.0000
usemtl leaf_1
f 6337//6013 6385//6013 6386//6013 6338//6013
vn 0.0000 1.0000 0.0000
usemtl leaf_0
f 6338//6014 6386//6014 6387//6014 6339//6014
vn 0.0000 1.0000 0.0000
f 6339//6015 6387//6015 6388//6015 6340//6015
vn 0.0000 1.0000 0.0000
f 6340//6016 6388//6016 6389//6016 6341//6016
vn 0.0000 1.0000 0.0000
f 6341//6017 6389//6017 6390//6017 6342//6017
vn 0.0000 1.0000 0.0000
f 6342//6018 6390//6018 6391//6018 6343//6018
vn 0.0000 1.0000 0.0000
f 6343//6019 6391//6019 6392//6019 6344//6019
vn 0.0000 1.0000 0.0000
f 6344//6020 6392//6020 6393//6020 6345//6020
vn 0.0000 1.0000 0.0000
f 6345//6021 6393//6021 6394//6021 6346//6021
vn 0.0000 1.0000 0.0000
f 6346//6022 6394//6022 6395//6022 6347//6022
vn 0.0000 1.0000 0.0000
f 6347//6023 6395//6023 6396//6023 6348//6023
vn 0.0000 1.0000 0.0000
f 6348//6024 6396//6024 6397//6024 6349//6024
vn 0.0000 1.0000 0.0000
f 6349//6025 6397//6025 6398//6025 6350//6025
vn 0.0000 1.0000 0.0000
f 6350//6026 6398//6026 6399//6026 6351//6026
vn 0.0000 1.0000 0.0000
f 6351//6027 6399//6027 6400//6027 6352//6027
vn 0.0000 1.0000 0.0000
f 6352//6028 6400//6028 6401//6028 6353//6028
vn 0.0000 1.0000 0.0000
f 6353//6029 6401//6029 6402//6029 6354//6029
vn 0.0000 1.0000 0.0000
f 6354//6030 6402//6030 6403//6030 6355//6030
vn 0.0000 1.0000 0.0000
f 6355//6031 6403//6031 6404//6031 6356//6031
vn 0.0000 1.0000 0.0000
f 6356//6032 6404//6032 6405//6032 6357//6032
vn 0.0000 1.0000 0.0000
f 6357//6033 6405//6033 6406//6033 6358//6033
vn 0.0000 1.0000 0.0000
f 6358//6034 6406//6034 6407//6034 6359//6034
vn 0.0000 1.0000 0.0000
f 6359//6035 6407//6035 6408//6035 6360//6035
vn 0.0000 1.0000 0.0000
f 6360//6036 6408//6036 6409//6036 6361//6036
vn 0.0000 1.0000 0.0000
f 6361//6037 6409//6037 6410//6037 6362//6037
vn 0.0000 1.0000 0.0000
f 6362//6038 6410//6038 6411//6038 6363//6038
vn 0.0000 1.0000 0.0000
f 6363//6039 6411//6039 6412//6039 6364//6039
vn 0.0000 1.0000 0.0000
f 6364//6040 6412//6040 6413//6040 6365//6040
vn 0.0000 1.0000 0.0000
f 6365//6041 6413//6041 6414//6041 6366//6041
vn 0.0000 1.0000 0.0000
f 6366//6042 6414//6042 6415//6042 6367//6042
vn 0.0000 1.0000 0.0000
f 6367//6043 6415//6043 6416//6043 6368//6043
vn 0.0000 1.0000 0.0000
f 6368//6044 6416//6044 6417//6044 6369//6044
vn 0.0000 1.0000 0.0000
f 6369//6045 6417//6045 6418//6045 6370//6045
vn 0.0000 1.0000 0.0000
f 6370//6046 6418//6046 6419//6046 6371//6046
vn 0.0000 1.0000 0.0000
f 6371//6047 6419//6047 6420//6047 6372//6047
vn 0.0000 1.0000 0.0000
f 6372//6048 6420//6048 6421//6048 6373//6048
vn 0.0000 1.0000 0.0000
f 6373//6049 6421//6049 6422//6049 6374//6049
vn 0.0000 1.0000 0.0000
f 6374//6050 6422//6050 6423//6050 6375//6050
vn 0.0000 1.0000 0.0000
f 6375//6051 6423//6051 6424//6051 6376//6051
vn 0.0000 1.0000 0.0000
f 6376//6052 6424//6052 6425//6052 6377//6052
vn 0.0000 1.0000 0.0000
f 6377//6053 6425//6053 6426//6053 6378//6053
vn 0.0000 1.0000 0.0000
f 6378//6054 6426//6054 6379//6054 6331//6054
vn -1.0000 0.0000 0.0089
usemtl trunk
f 6427//6055 6429//6055 6430//6055 6428//6055
vn -0.7134 0.0000 -0.7008
f 6429//6056 6431//6056 6432//6056 6430//6056
vn -0.0089 0.0000 -1.0000
f 6431//6057 6433//6057 6434//6057 6432//6057
vn 0.7008 0.0000 -0.7134
f 6433//6058 6435//6058 6436//6058 6434//6058
vn 1.0000 0.0000 -0.0089
f 6435//6059 6437//6059 6438//6059 6436//6059
vn 0.7134 0.0000 0.7008
f 6437//6060 6439//6060 6440//6060 6438//6060
vn 0.0089 0.0000 1.0000
f 6439//6061 6441//6061 6442//6061 6440//6061
vn -0.7008 0.0000 0.7134
f 6441//6062 6427//6062 6428//6062 6442//6062
vn 0.0000 1.0000 0.0000
f 6443//6063 6429//6063 6427//6063
vn 0.0000 -1.0000 0.0000
f 6444//6064 6428//6064 6430//6064
vn 0.0000 1.0000 -0.0000
f 6443//6065 6431//6065 6429//6065
vn 0.0000 -1.0000 0.0000
f 6444//6066 6430//6066 6432//6066
vn 0.0000 1.0000 0.0000
f 6443//6067 6433//6067 6431//6067
vn 0.0000 -1.0000 0.0000
f 6444//6068 6432//6068 6434//6068
vn 0.0000 1.0000 0.0000
f 6443//6069 6435//6069 6433//6069
vn 0.0000 -1.0000 0.0000
f 6444//6070 6434//6070 6436//6070
vn 0.0000 1.0000 -0.0000
f 6443//6071 6437//6071 6435//6071
vn 0.0000 -1.0000 0.0000
f 6444//6072 6436//6072 6438//6072
vn 0.0000 1.0000 0.0000
f 6443//6073 6439//6073 6437//6073
vn 0.0000 -1.0000 0.0000
f 6444//6074 6438//6074 6440//6074
vn 0.0000 1.0000 0.0000
f 6443//6075 6441//6075 6439//6075
vn 0.0000 -1.0000 0.0000
f 6444//6076 6440//6076 6442//6076
vn 0.0000 1.0000 -0.0000
f 6443//6077 6427//6077 6441//6077
vn 0.0000 -1.0000 0.0000
f 6444//6078 6442//6078 6428//6078
o tree_1
v 10.0110 3.7844 -8.5000
v 10.0110 0.0000 -8.5000
v 9.9843 3.7844 -8.4177
v 9.9843 0.0000 -8.4177
v 9.9143 3.7844 -8.3669
v 9.9143 0.0000 -8.3669
v 9.8278 3.7844 -8.3669
v 9.8278 0.0000 -8.3669
v 9.7578 3.7844 -8.4177
v 9.7578 0.0000 -8.4177
v 9.7310 3.7844 -8.5000
v 9.7310 0.0000 -8.5000
v 9.7578 3.7844 -8.5823
v 9.7578 0.0000 -8.5823
v 9.8278 3.7844 -8.6331
v 9.8278 0.0000 -8.6331
v 9.9143 3.7844 -8.6331
v 9.9143 0.0000 -8.6331
v 9.9843 3.7844 -8.5823
v 9.9843 0.0000 -8.5823
v 9.8710 3.7844 -8.5000
v 9.8710 0.0000 -8.5000
v 9.8710 6.3379 -8.5000
v 9.8710 6.3122 -8.5000
v 9.8710 6.2756 -8.5000
v 9.8710 6.1979 -8.5000
v 9.8710 6.2509 -8.5000
v 9.8710 6.3714 -8.5000
v 9.8710 6.2914 -8.5000
v 9.8710 6.2946 -8.5000
v 9.8710 6.2777 -8.5000
v 9.8710 6.3036 -8.5000
v 9.8710 6.2612 -8.5000
v 9.8710 6.2930 -8.5000
v 9.8710 6.2593 -8.5000
v 9.8710 6.3301 -8.5000
v 9.8710 6.3943 -8.5000
v 9.8710 6.3713 -8.5000
v 9.8710 6.2548 -8.5000
v 9.8710 6.2560 -8.5000
v 9.8710 6.2580 -8.5000
v 9.8710 6.3333 -8.5000
v 9.8710 6.3304 -8.5000
v 9.8710 6.3045 -8.5000
v 9.8710 6.2887 -8.5000
v 9.8710 6.2325 -8.5000
v 9.8710 6.3108 -8.5000
v 9.8710 6.3846 -8.5000
v 9.8710 6.2704 -8.5000
v 9.8710 6.2874 -8.5000
v 9.8710 6.1943 -8.5000
v 9.8710 6.2430 -8.5000
v 9.8710 6.3262 -8.5000
v 9.8710 6.3387 -8.5000
v 9.8710 6.4380 -8.5000
v 9.8710 6.3365 -8.5000
v 9.8710 6.3046 -8.5000
v 9.8710 6.2446 -8.5000
v 9.8710 6.2695 -8.5000
v 9.8710 6.2370 -8.5000
v 9.8710 6.3211 -8.5000
v 9.8710 6.3478 -8.5000
v 9.8710 6.3461 -8.5000
v 9.8710 6.2645 -8.5000
v 9.8710 6.3172 -8.5000
v 9.8710 6.3387 -8.5000
v 9.8710 6.3152 -8.5000
v 9.8710 6.3949 -8.5000
v 9.8710 6.4581 -8.5000
v 9.8710 6.4351 -8.5000
v 10.2669 6.3312 -8.5000
v 10.2476 6.2545 -8.4504
v 10.2505 6.3170 -8.3983
v 10.2254 6.2724 -8.3532
v 10.1970 6.2379 -8.3118
v 10.1740 6.2642 -8.2675
v 10.1412 6.2652 -8.2298
v 10.1083 6.3021 -8.1908
v 10.0733 6.3730 -8.1497
v 10.0217 6.3208 -8.1363
v 9.9687 6.2427 -8.1355
v 9.9219 6.3028 -8.1134
v 9.8710 6.3281 -8.1048
v 9.8202 6.2995 -8.1141
v 9.7690 6.3240 -8.1191
v 9.7159 6.3774 -8.1254
v 9.6790 6.2744 -8.1675
v 9.6287 6.3421 -8.1842
v 9.5933 6.3166 -8.2223
v 9.5690 6.2588 -8.2682
v 9.5305 6.3188 -8.3034
v 9.5117 6.2979 -8.3512
v 9.5060 6.2453 -8.4022
v 9.4790 6.3292 -8.4484
v 9.4737 6.3386 -8.5000
v 9.4879 6.2863 -8.5504
v 9.4956 6.2969 -8.6006
v 9.5150 6.2809 -8.6475
v 9.5499 6.2114 -8.6854
v 9.5814 6.1838 -8.7223
v 9.6010 6.2645 -8.7701
v 9.6323 6.3133 -8.8111
v 9.6639 6.4201 -8.8588
v 9.7176 6.3558 -8.8704
v 9.7677 6.3477 -8.8857
v 9.8205 6.2884 -8.8836
v 9.8710 6.1963 -8.8677
v 9.9203 6.2411 -8.8738
v 9.9685 6.2384 -8.8637
v 10.0154 6.2416 -8.8484
v 10.0623 6.2676 -8.8313
v 10.1026 6.2572 -8.8018
v 10.1336 6.2138 -8.7626
v 10.1641 6.2042 -8.7249
v 10.2005 6.2572 -8.6902
v 10.2408 6.3525 -8.6532
v 10.2603 6.3657 -8.6043
v 10.2780 6.4012 -8.5536
v 10.6271 6.2228 -8.5000
v 10.6269 6.2378 -8.4005
v 10.6350 6.3052 -8.2953
v 10.5948 6.2874 -8.2002
v 10.5284 6.2297 -8.1205
v 10.4756 6.2368 -8.0361
v 10.4006 6.2058 -7.9704
v 10.3503 6.2967 -7.8754
v 10.2566 6.2584 -7.8322
v 10.1774 6.3282 -7.7603
v 10.0738 6.2877 -7.7432
v 9.9686 6.2020 -7.7591
v 9.8710 6.1833 -7.7606
v 9.7692 6.2798 -7.7265
v 9.6743 6.2325 -7.7657
v 9.5762 6.2569 -7.7882
v 9.4752 6.3073 -7.8143
v 9.3772 6.3532 -7.8565
v 9.3420 6.2042 -7.9709
v 9.2611 6.2529 -8.0320
v 9.1886 6.2983 -8.1060
v 9.1749 6.2168 -8.2116
v 9.1320 6.2441 -8.3020
v 9.0960 6.2834 -8.3980
v 9.0844 6.2952 -8.5000
v 9.0805 6.3207 -8.6041
v 9.0963 6.3318 -8.7076
v 9.1706 6.2276 -8.7901
v 9.2372 6.1654 -8.8659
v 9.2958 6.1493 -8.9414
v 9.3512 6.1732 -9.0198
v 9.4050 6.2452 -9.1074
v 9.4736 6.3147 -9.1884
v 9.5566 6.3780 -9.2591
v 9.6627 6.3386 -9.2776
v 9.7720 6.2292 -9.2523
v 9.8710 6.1844 -9.2399
v 9.9675 6.1820 -9.2325
v 10.0643 6.2002 -9.2211
v 10.1646 6.2492 -9.2088
v 10.2565 6.2578 -9.1676
v 10.3286 6.2122 -9.0963
v 10.4114 6.2421 -9.0404
v 10.4655 6.2066 -8.9561
v 10.5575 6.3094 -8.8963
v 10.6243 6.3631 -8.8120
v 10.6343 6.3036 -8.7045
v 10.6618 6.3212 -8.6041
v 10.9867 6.1556 -8.5000
v 11.0278 6.2345 -8.3477
v 11.0194 6.2687 -8.1923
v 11.0017 6.3227 -8.0317
v 10.8494 6.1773 -7.9352
v 10.7968 6.2349 -7.7896
v 10.6781 6.1954 -7.6929
v 10.5755 6.2198 -7.5819
v 10.4559 6.2390 -7.4871
v 10.3066 6.1905 -7.4484
v 10.1663 6.1947 -7.3979
v 10.0138 6.1218 -7.4156
v 9.8710 6.1658 -7.3778
v 9.7248 6.1633 -7.3890
v 9.5697 6.2311 -7.3752
v 9.4182 6.2602 -7.4068
v 9.2785 6.2630 -7.4736
v 9.1439 6.2773 -7.5524
v 9.0234 6.2841 -7.6523
v 8.9699 6.1868 -7.8086
v 8.9098 6.1468 -7.9450
v 8.8020 6.2198 -8.0572
v 8.8073 6.1334 -8.2150
v 8.7377 6.1981 -8.3508
v 8.7368 6.1843 -8.5000
v 8.7373 6.1986 -8.6493
v 8.7790 6.1786 -8.7926
v 8.8212 6.1876 -8.9349
v 8.8811 6.1979 -9.0715
v 9.0040 6.1205 -9.1653
v 9.0576 6.2093 -9.3134
v 9.2007 6.1333 -9.3736
v 9.2918 6.2217 -9.5032
v 9.4066 6.3072 -9.6214
v 9.5684 6.2386 -9.6295
v 9.7195 6.2257 -9.6511
v 9.8710 6.2778 -9.6948
v 10.0181 6.1723 -9.6168
v 10.1556 6.1308 -9.5621
v 10.3009 6.1673 -9.5377
v 10.4299 6.1588 -9.4680
v 10.5663 6.1966 -9.4061
v 10.6710 6.1797 -9.2999
v 10.7844 6.2106 -9.2008
v 10.8342 6.1502 -9.0561
v 10.9126 6.1738 -8.9314
v 11.0228 6.2741 -8.8086
v 11.0356 6.2467 -8.6533
v 11.3055 6.0423 -8.5000
v 11.3717 6.1311 -8.3024
v 11.4273 6.2406 -8.0830
v 11.3037 6.1727 -7.9066
v 11.1732 6.1199 -7.7482
v 11.0836 6.1478 -7.5696
v 10.8822 6.0372 -7.4889
v 10.7540 6.0602 -7.3493
v 10.6031 6.0755 -7.2321
v 10.4594 6.1580 -7.0795
v 10.2667 6.1481 -7.0234
v 10.0645 6.0959 -7.0304
v 9.8710 6.0816 -7.0305
v 9.6834 6.0454 -7.0751
v 9.4937 6.0687 -7.0917
v 9.2887 6.1403 -7.0940
v 9.1036 6.1550 -7.1707
v 8.8906 6.2399 -7.2223
v 8.8165 6.1062 -7.4454
v 8.6945 6.0968 -7.5972
v 8.6103 6.0663 -7.7721
v 8.4757 6.1275 -7.9220
v 8.4609 6.0708 -8.1222
v 8.3288 6.1782 -8.2970
v 8.3340 6.1574 -8.5000
v 8.3688 6.1330 -8.6978
v 8.4106 6.1293 -8.8913
v 8.5007 6.0971 -9.0676
v 8.5591 6.1325 -9.2574
v 8.7104 6.0743 -9.3906
v 8.8469 6.0579 -9.5241
v 9.0113 6.0174 -9.6204
v 9.1198 6.1187 -9.8012
v 9.3033 6.0974 -9.8706
v 9.4744 6.1526 -9.9805
v 9.6630 6.2215 -10.0805
v 9.8710 6.1786 -10.0559
v 10.0691 6.1352 -10.0042
v 10.2490 6.0713 -9.9105
v 10.4380 6.0951 -9.8687
v 10.6127 6.0972 -9.7847
v 10.8083 6.1603 -9.7214
v 10.9419 6.1321 -9.5709
v 11.0891 6.1555 -9.4347
v 11.1853 6.1356 -9.2588
v 11.2753 6.1383 -9.0817
v 11.2733 6.0616 -8.8757
v 11.3188 6.0713 -8.6906
v 11.6886 5.9958 -8.5000
v 11.7226 6.0388 -8.2562
v 11.7587 6.1134 -7.9942
v 11.6788 6.1155 -7.7512
v 11.5700 6.1199 -7.5191
v 11.3636 6.0506 -7.3547
v 11.1187 5.9501 -7.2523
v 10.9490 5.9555 -7.0951
v 10.8085 6.0451 -6.8763
v 10.5957 6.0612 -6.7505
v 10.3350 5.9742 -6.7686
v 10.1059 5.9801 -6.7160
v 9.8710 5.9429 -6.7440
v 9.6419 5.9424 -6.7595
v 9.4234 5.9201 -6.8293
v 9.1520 6.0487 -6.7640
v 8.9402 6.0337 -6.8878
v 8.6816 6.1131 -6.9499
v 8.5422 6.0488 -7.1712
v 8.4501 5.9729 -7.4097
v 8.2573 6.0352 -7.5683
v 8.2132 5.9759 -7.8133
v 8.0553 6.0493 -8.0135
v 8.0498 6.0125 -8.2602
v 8.0600 5.9902 -8.5000
v 8.0585 6.0049 -8.7386
v 8.1611 5.9551 -8.9582
v 8.2044 5.9841 -9.1903
v 8.2381 6.0543 -9.4428
v 8.4166 6.0094 -9.6161
v 8.5808 6.0019 -9.7903
v 8.7808 5.9729 -9.9208
v 8.9674 5.9869 -10.0651
v 9.1756 5.9955 -10.1789
v 9.3872 6.0404 -10.3057
v 9.6100 6.1527 -10.4829
v 9.8710 6.0839 -10.4200
v 10.1243 6.1016 -10.4240
v 10.3324 5.9658 -10.2220
v 10.5570 5.9743 -10.1561
v 10.7563 5.9553 -10.0333
v 11.0141 6.0474 -9.9896
v 11.1652 6.0066 -9.7941
v 11.3756 6.0636 -9.6545
v 11.5007 6.0510 -9.4409
v 11.5566 6.0017 -9.1982
v 11.5515 5.9288 -8.9503
v 11.6624 5.9866 -8.7358
v 12.0215 5.8898 -8.5000
v 12.0781 5.9411 -8.2094
v 11.9589 5.8973 -7.9406
v 11.9851 5.9832 -7.6243
v 11.8352 5.9695 -7.3660
v 11.6192 5.9258 -7.1586
v 11.3783 5.8770 -6.9927
v 11.2012 5.9132 -6.7665
v 10.9775 5.9322 -6.5835
v 10.7084 5.9153 -6.4784
v 10.4406 5.9238 -6.3744
v 10.1536 5.8996 -6.3536
v 9.8710 5.8694 -6.3796
v 9.5933 5.8747 -6.3901
v 9.3272 5.8565 -6.4703
v 9.0703 5.8505 -6.5668
v 8.7591 5.9396 -6.5740
v 8.5648 5.8866 -6.7977
v 8.3177 5.9212 -6.9467
v 8.1643 5.8904 -7.1904
v 8.0326 5.8711 -7.4386
v 7.8781 5.8943 -7.6745
v 7.6974 5.9575 -7.9176
v 7.7727 5.8668 -8.2237
v 7.7855 5.8458 -8.5000
v 7.7683 5.8698 -8.7768
v 7.7559 5.9164 -9.0667
v 7.8605 5.9073 -9.3328
v 7.9236 5.9564 -9.6244
v 8.0769 5.9650 -9.8767
v 8.3521 5.8882 -10.0189
v 8.5940 5.8541 -10.1643
v 8.8286 5.8454 -10.3056
v 9.0440 5.8971 -10.4966
v 9.2960 5.9382 -10.6461
v 9.5814 5.9363 -10.7001
v 9.8710 5.9969 -10.8084
v 10.1641 5.9542 -10.7262
v 10.4272 5.8887 -10.5756
v 10.6592 5.8282 -10.4028
v 10.9493 5.8939 -10.3675
v 11.1857 5.8960 -10.2133
v 11.3929 5.8910 -10.0218
v 11.6265 5.9320 -9.8470
v 11.7570 5.9083 -9.5888
v 11.8145 5.8580 -9.3050
v 11.8266 5.8045 -9.0240
v 11.9576 5.8587 -8.7747
v 12.3152 5.7534 -8.5000
v 12.3196 5.7671 -8.1776
v 12.3057 5.7946 -7.8476
v 12.1535 5.7676 -7.5546
v 12.0741 5.8072 -7.2281
v 11.9263 5.8325 -6.9230
v 11.6304 5.7771 -6.7406
v 11.3529 5.7480 -6.5688
v 11.0910 5.7511 -6.3869
v 10.7812 5.7179 -6.3026
v 10.4801 5.7041 -6.2271
v 10.1865 5.7384 -6.1041
v 9.8710 5.7976 -5.9740
v 9.5481 5.7697 -6.0469
v 9.2322 5.7664 -6.1158
v 8.9716 5.7027 -6.3285
v 8.6967 5.7018 -6.4660
v 8.3410 5.7908 -6.5060
v 8.0815 5.8002 -6.7104
v 7.8013 5.8424 -6.9118
v 7.7116 5.7800 -7.2533
v 7.5330 5.8001 -7.5315
v 7.4881 5.7657 -7.8615
v 7.4756 5.7382 -8.1846
v 7.4462 5.7429 -8.5000
v 7.5695 5.6870 -8.8030
v 7.4901 5.7646 -9.1380
v 7.6555 5.7285 -9.4177
v 7.7769 5.7393 -9.7091
v 7.8481 5.8105 -10.0523
v 8.1299 5.7632 -10.2411
v 8.3990 5.7393 -10.4184
v 8.6735 5.7268 -10.5742
v 8.9286 5.7634 -10.7752
v 9.2230 5.7856 -10.9184
v 9.5363 5.8183 -11.0423
v 9.8710 5.8409 -11.1061
v 10.1984 5.7878 -10.9863
v 10.5196 5.7866 -10.9203
v 10.7859 5.7244 -10.7087
v 11.1185 5.7808 -10.6607
v 11.3163 5.7155 -10.3836
v 11.5812 5.7395 -10.2102
v 11.8362 5.7711 -10.0079
v 11.9851 5.7517 -9.7206
v 12.0646 5.7156 -9.4086
v 12.1737 5.7208 -9.1170
v 12.1698 5.6855 -8.8026
v 12.5764 5.5984 -8.5000
v 12.4908 5.5712 -8.1551
v 12.3926 5.5575 -7.8243
v 12.3103 5.5703 -7.4896
v 12.2336 5.6082 -7.1360
v 12.1127 5.6502 -6.7799
v 11.8371 5.6308 -6.5339
v 11.5490 5.6203 -6.3133
v 11.2469 5.6184 -6.1170
v 10.8583 5.5443 -6.1166
v 10.5546 5.5706 -5.9490
v 10.2262 5.6050 -5.8026
v 9.8710 5.6034 -5.7830
v 9.5171 5.6012 -5.8113
v 9.1581 5.6197 -5.8391
v 8.8573 5.5741 -6.0527
v 8.5444 5.5760 -6.2022
v 8.2023 5.6138 -6.3253
v 7.9887 5.5797 -6.6177
v 7.6820 5.6216 -6.8203
v 7.4726 5.6260 -7.1153
v 7.2294 5.6648 -7.4058
v 7.1518 5.6457 -7.7714
v 7.2083 5.5899 -8.1494
v 7.3051 5.5383 -8.5000
v 7.2189 5.5853 -8.8492
v 7.3185 5.5713 -9.1840
v 7.2957 5.6338 -9.5667
v 7.4383 5.6431 -9.9046
v 7.6443 5.6421 -10.2087
v 7.9239 5.6192 -10.4471
v 8.2646 5.5697 -10.5936
v 8.5587 5.5636 -10.7730
v 8.8562 5.5753 -10.9499
v 9.1761 5.5896 -11.0935
v 9.5217 5.5859 -11.1536
v 9.8710 5.6277 -11.2734
v 10.2408 5.6534 -11.3087
v 10.5977 5.6425 -11.2121
v 10.9199 5.6137 -11.0323
v 11.1870 5.5667 -10.7793
v 11.4819 5.5729 -10.5993
v 11.8023 5.6095 -10.4313
v 11.9131 5.5418 -10.0670
v 12.0471 5.5153 -9.7563
v 12.2368 5.5360 -9.4799
v 12.4121 5.5662 -9.1809
v 12.5243 5.5858 -8.8493
v 12.8286 5.4367 -8.5000
v 12.6774 5.3936 -8.1305
v 12.5697 5.3811 -7.7769
v 12.5438 5.4148 -7.3929
v 12.4050 5.4260 -7.0370
v 12.2798 5.4634 -6.6517
v 12.0029 5.4562 -6.3681
v 11.6479 5.4236 -6.1843
v 11.2844 5.3923 -6.0519
v 10.9754 5.4123 -5.8340
v 10.5898 5.3755 -5.8174
v 10.2592 5.4422 -5.5518
v 9.8710 5.4455 -5.5167
v 9.4682 5.4804 -5.4402
v 9.0818 5.4679 -5.5546
v 8.7301 5.4449 -5.7454
v 8.4388 5.4051 -6.0193
v 8.1317 5.4026 -6.2332
v 7.8331 5.4111 -6.4621
v 7.3995 5.4903 -6.6035
v 7.1699 5.4915 -6.9405
v 7.0406 5.4727 -7.3276
v 7.1092 5.4033 -7.7600
v 7.0488 5.3990 -8.1284
v 7.0875 5.3776 -8.5000
v 7.0922 5.3842 -8.8658
v 6.9977 5.4425 -9.2699
v 7.1402 5.4361 -9.6312
v 7.3178 5.4335 -9.9741
v 7.5411 5.4297 -10.2878
v 7.8375 5.4090 -10.5336
v 8.0765 5.4334 -10.8387
v 8.3680 5.4532 -11.1033
v 8.7852 5.3959 -11.1215
v 9.1019 5.4415 -11.3705
v 9.4855 5.4354 -11.4285
v 9.8710 5.4323 -11.4446
v 10.2778 5.4907 -11.5899
v 10.6439 5.4464 -11.3843
v 11.0567 5.4845 -11.3624
v 11.3773 5.4554 -11.1088
v 11.6624 5.4316 -10.8345
v 11.9145 5.4137 -10.5435
v 12.0963 5.3849 -10.2075
v 12.3610 5.4087 -9.9376
v 12.3973 5.3609 -9.5464
v 12.6232 5.3999 -9.2374
v 12.8642 5.4576 -8.8941
v 13.1386 5.2828 -8.5000
v 12.9617 5.2437 -8.0931
v 12.8928 5.2465 -7.6903
v 12.6413 5.2127 -7.3525
v 12.5646 5.2418 -6.9449
v 12.4502 5.2784 -6.5210
v 12.1012 5.2532 -6.2698
v 11.8590 5.2823 -5.9092
v 11.4765 5.2680 -5.7193
v 11.0584 5.2399 -5.6335
v 10.6772 5.2430 -5.4914
v 10.2728 5.2334 -5.4484
v 9.8710 5.2337 -5.4211
v 9.4501 5.2718 -5.3023
v 9.0662 5.2416 -5.4964
v 8.6861 5.2382 -5.6393
v 8.3840 5.2064 -5.9243
v 8.0821 5.1972 -6.1686
v 7.6600 5.2461 -6.2890
v 7.4024 5.2422 -6.6058
v 7.0628 5.2763 -6.8786
v 6.8275 5.2897 -7.2393
v 6.8402 5.2490 -7.6879
v 6.8348 5.2294 -8.1003
v 6.8357 5.2223 -8.5000
v 6.8128 5.2352 -8.9026
v 6.8466 5.2473 -9.3104
v 7.0792 5.2188 -9.6564
v 7.1950 5.2366 -10.0450
v 7.3902 5.2462 -10.4036
v 7.6285 5.2578 -10.7426
v 7.8949 5.2772 -11.0753
v 8.2499 5.2762 -11.3078
v 8.7013 5.2279 -11.3239
v 9.0634 5.2445 -11.5141
v 9.4771 5.2179 -11.4926
v 9.8710 5.2498 -11.6409
v 10.2754 5.2387 -11.5715
v 10.7471 5.3133 -11.7695
v 11.1332 5.2907 -11.5471
v 11.4736 5.2665 -11.2758
v 11.8493 5.2781 -11.0781
v 12.0523 5.2352 -10.6812
v 12.2003 5.1964 -10.2873
v 12.3217 5.1688 -9.9149
v 12.5801 5.1955 -9.6221
v 12.9094 5.2510 -9.3141
v 12.9510 5.2409 -8.9055
v 13.3020 5.0811 -8.5000
v 13.1982 5.0669 -8.0620
v 12.9323 5.0316 -7.6797
v 12.7651 5.0247 -7.3013
v 12.6835 5.0465 -6.8762
v 12.5232 5.0645 -6.4650
v 12.1572 5.0437 -6.2139
v 11.9638 5.0824 -5.7727
v 11.4904 5.0448 -5.6952
v 11.1059 5.0425 -5.5188
v 10.7134 5.0478 -5.3563
v 10.2808 5.0260 -5.3872
v 9.8710 5.0371 -5.3016
v 9.4370 5.0611 -5.2032
v 9.0223 5.0524 -5.3325
v 8.6203 5.0504 -5.4805
v 8.2047 5.0626 -5.6138
v 7.8493 5.0604 -5.8652
v 7.6295 5.0318 -6.2585
v 7.1990 5.0692 -6.4497
v 6.9309 5.0743 -6.8025
v 6.7705 5.0670 -7.2157
v 6.7295 5.0474 -7.6582
v 6.6251 5.0514 -8.0727
v 6.6846 5.0349 -8.5000
v 6.6949 5.0381 -8.9182
v 6.6824 5.0566 -9.3544
v 6.9208 5.0362 -9.7221
v 6.9899 5.0615 -10.1635
v 7.2648 5.0535 -10.4998
v 7.5438 5.0547 -10.8273
v 7.9154 5.0398 -11.0486
v 8.2112 5.0601 -11.3749
v 8.6401 5.0406 -11.4719
v 9.0630 5.0227 -11.5157
v 9.4612 5.0261 -11.6129
v 9.8710 5.0401 -11.7140
v 10.2981 5.0510 -11.7439
v 10.7556 5.0786 -11.8013
v 11.2307 5.1042 -11.7825
v 11.6496 5.1050 -11.5806
v 11.8174 5.0369 -11.0365
v 12.0402 5.0124 -10.6692
v 12.2445 4.9981 -10.3212
v 12.5553 5.0184 -10.0498
v 12.8914 5.0505 -9.7511
v 13.1593 5.0761 -9.3811
v 13.0847 5.0453 -8.9231
v 13.3710 4.8640 -8.5000
v 13.2833 4.8568 -8.0508
v 13.2027 4.8577 -7.6073
v 12.8655 4.8321 -7.2597
v 12.8200 4.8523 -6.7974
v 12.5621 4.8507 -6.4351
v 12.2694 4.8507 -6.1016
v 11.9263 4.8487 -5.8216
v 11.5977 4.8582 -5.5094
v 11.2128 4.8648 -5.2607
v 10.7337 4.8434 -5.2805
v 10.3002 4.8379 -5.2399
v 9.8710 4.8585 -5.0448
v 9.4185 4.8599 -5.0629
v 9.0059 4.8446 -5.2712
v 8.5608 4.8546 -5.3368
v 8.2082 4.8425 -5.6199
v 7.8730 4.8371 -5.8961
v 7.5434 4.8383 -6.1723
v 7.1270 4.8589 -6.3945
v 7.0271 4.8374 -6.8580
v 6.6568 4.8614 -7.1686
v 6.5803 4.8525 -7.6183
v 6.5288 4.8481 -8.0600
v 6.4193 4.8581 -8.5000
v 6.5176 4.8495 -8.9415
v 6.6258 4.8467 -9.3696
v 6.7774 4.8453 -9.7814
v 7.0886 4.8286 -10.1064
v 7.2542 4.8391 -10.5079
v 7.5169 4.8429 -10.8541
v 7.7821 4.8555 -11.2223
v 8.1154 4.8654 -11.5409
v 8.5601 4.8548 -11.6648
v 9.0010 4.8469 -11.7469
v 9.4289 4.8501 -11.8586
v 9.8710 4.8295 -11.7205
v 10.3089 4.8461 -11.8262
v 10.7851 4.8679 -11.9113
v 11.2107 4.8641 -11.7341
v 11.6559 4.8726 -11.5915
v 11.9420 4.8519 -11.1989
v 12.2458 4.8465 -10.8748
v 12.3981 4.8252 -10.4391
v 12.6273 4.8249 -10.0913
v 12.9464 4.8429 -9.7739
v 13.3014 4.8703 -9.4191
v 13.1754 4.8434 -8.9350
v 13.2615 4.6387 -8.5000
v 13.2895 4.6422 -8.0500
v 13.3094 4.6490 -7.5787
v 13.0277 4.6403 -7.1925
v 12.7184 4.6324 -6.8561
v 12.5611 4.6387 -6.4359
v 12.2415 4.6364 -6.1295
v 11.9262 4.6378 -5.8216
v 11.5768 4.6400 -5.5455
v 11.1928 4.6426 -5.3090
v 10.7809 4.6463 -5.1045
v 10.3222 4.6427 -5.0733
v 9.8710 4.6449 -5.0082
v 9.4438 4.6316 -5.2548
v 9.0204 4.6324 -5.3255
v 8.5577 4.6412 -5.3292
v 8.0881 4.6494 -5.4119
v 7.7772 4.6417 -5.7712
v 7.3857 4.6463 -6.0147
v 7.2206 4.6357 -6.4663
v 6.9788 4.6356 -6.8301
v 6.7035 4.6410 -7.1880
v 6.5536 4.6414 -7.6111
v 6.3953 4.6457 -8.0424
v 6.2774 4.6511 -8.5000
v 6.5598 4.6356 -8.9359
v 6.5539 4.6414 -9.3888
v 6.6763 4.6428 -9.8233
v 7.0169 4.6329 -10.1479
v 7.0777 4.6466 -10.6434
v 7.3738 4.6473 -10.9972
v 7.7824 4.6412 -11.2219
v 8.0727 4.6513 -11.6148
v 8.5808 4.6375 -11.6149
v 8.9477 4.6495 -11.9459
v 9.4141 4.6454 -11.9706
v 9.8710 4.6421 -11.9457
v 10.3147 4.6392 -11.8699
v 10.7515 4.6394 -11.7858
v 11.1923 4.6425 -11.6898
v 11.6005 4.6429 -11.4955
v 12.0001 4.6452 -11.2746
v 12.2644 4.6383 -10.8934
v 12.6192 4.6432 -10.6087
v 12.7807 4.6368 -10.1799
v 13.0834 4.6440 -9.8306
v 13.2699 4.6465 -9.4107
v 13.3784 4.6477 -8.9618
v 13.3568 4.4322 -8.5000
v 13.4509 4.4322 -8.0287
v 13.4118 4.4322 -7.5513
v 13.0568 4.4322 -7.1804
v 12.7668 4.4322 -6.8281
v 12.5648 4.4322 -6.4330
v 12.2755 4.4322 -6.0955
v 11.9369 4.4322 -5.8077
v 11.6487 4.4322 -5.4210
v 11.2807 4.4322 -5.0968
v 10.7788 4.4322 -5.1122
v 10.3151 4.4322 -5.1271
v 9.8710 4.4322 -4.9660
v 9.4449 4.4322 -5.2629
v 9.0128 4.4322 -5.2968
v 8.5434 4.4322 -5.2948
v 8.1122 4.4322 -5.4536
v 7.6730 4.4322 -5.6355
v 7.4814 4.4322 -6.1103
v 7.1319 4.4322 -6.3982
v 7.0154 4.4322 -6.8513
v 6.7971 4.4322 -7.2267
v 6.4044 4.4322 -7.5711
v 6.2026 4.4322 -8.0170
v 6.2128 4.4322 -8.5000
v 6.3491 4.4322 -8.9637
v 6.6719 4.4322 -9.3572
v 6.8584 4.4322 -9.7479
v 7.0086 4.4322 -10.1527
v 7.0929 4.4322 -10.6317
v 7.3641 4.4322 -11.0070
v 7.7572 4.4322 -11.2548
v 8.1048 4.4322 -11.5593
v 8.5486 4.4322 -11.6928
v 8.9815 4.4322 -11.8197
v 9.4174 4.4322 -11.9456
v 9.8710 4.4322 -11.9941
v 10.3262 4.4322 -11.9570
v 10.7343 4.4322 -11.7218
v 11.1305 4.4322 -11.5407
v 11.5883 4.4322 -11.4744
v 12.0313 4.4322 -11.3153
v 12.3667 4.4322 -10.9957
v 12.7509 4.4322 -10.7098
v 12.8535 4.4322 -10.2219
v 13.0734 4.4322 -9.8265
v 13.2681 4.4322 -9.4102
v 13.3017 4.4322 -8.9517
v 13.3399 4.2209 -8.5000
v 13.2773 4.2230 -8.0516
v 13.3200 4.2147 -7.5758
v 13.0739 4.2211 -7.1734
v 12.8597 4.2220 -6.7745
v 12.4632 4.2332 -6.5110
v 12.1722 4.2340 -6.1988
v 11.8663 4.2326 -5.8998
v 11.6423 4.2164 -5.4321
v 11.2455 4.2135 -5.1819
v 10.8313 4.2062 -4.9162
v 10.3247 4.2205 -5.0538
v 9.8710 4.2229 -5.0640
v 9.4407 4.2314 -5.2311
v 8.9651 4.2190 -5.1190
v 8.5405 4.2204 -5.2878
v 8.0577 4.2113 -5.3592
v 7.7450 4.2195 -5.7293
v 7.4547 4.2241 -6.0836
v 7.1667 4.2246 -6.4248
v 7.0424 4.2333 -6.8669
v 6.7597 4.2271 -7.2112
v 6.4725 4.2179 -7.5894
v 6.4481 4.2219 -8.0494
v 6.3166 4.2157 -8.5000
v 6.4081 4.2195 -8.9559
v 6.6079 4.2264 -9.3744
v 6.6659 4.2209 -9.8276
v 6.8781 4.2217 -10.2280
v 7.1818 4.2257 -10.5635
v 7.3784 4.2175 -10.9926
v 7.7704 4.2220 -11.2376
v 8.0960 4.2160 -11.5744
v 8.5575 4.2232 -11.6711
v 8.9915 4.2252 -11.7824
v 9.4161 4.2199 -11.9556
v 9.8710 4.2247 -11.9061
v 10.3103 4.2272 -11.8365
v 10.7368 4.2285 -11.7309
v 11.1279 4.2322 -11.5342
v 11.5530 4.2273 -11.4132
v 12.0397 4.2152 -11.3262
v 12.4606 4.2092 -11.0895
v 12.7575 4.2106 -10.7148
v 13.0659 4.2075 -10.3445
v 13.0844 4.2204 -9.8310
v 13.1887 4.2230 -9.3890
v 13.2893 4.2222 -8.9500
v 13.1967 4.0219 -8.5000
v 13.2319 4.0140 -8.0575
v 13.1606 4.0120 -7.6186
v 12.9598 4.0197 -7.2206
v 12.7361 4.0240 -6.8458
v 12.4164 4.0364 -6.5469
v 12.2657 4.0144 -6.1054
v 11.8471 4.0317 -5.9248
v 11.5803 4.0104 -5.5395
v 11.1519 4.0193 -5.4077
v 10.7698 4.0038 -5.1458
v 10.3290 3.9993 -5.0211
v 9.8710 4.0068 -5.0518
v 9.4323 4.0175 -5.1671
v 9.0019 4.0179 -5.2562
v 8.5743 4.0141 -5.3694
v 8.2120 4.0228 -5.6265
v 7.7760 4.0076 -5.7697
v 7.4925 4.0172 -6.1215
v 7.2409 4.0232 -6.4819
v 6.9498 4.0160 -6.8134
v 6.8523 4.0291 -7.2496
v 6.6971 4.0268 -7.6495
v 6.4553 4.0071 -8.0503
v 6.4090 4.0051 -8.5000
v 6.4913 4.0116 -8.9449
v 6.5695 4.0105 -9.3846
v 6.8268 4.0257 -9.7610
v 6.8826 4.0065 -10.2254
v 7.2617 4.0264 -10.5022
v 7.4162 4.0039 -10.9548
v 7.7670 4.0058 -11.2421
v 8.1806 4.0151 -11.4279
v 8.5390 4.0027 -11.7159
v 8.9785 4.0067 -11.8311
v 9.4062 3.9928 -12.0311
v 9.8710 4.0013 -11.9929
v 10.3016 4.0252 -11.7705
v 10.6977 4.0381 -11.5852
v 11.0851 4.0408 -11.4310
v 11.4273 4.0482 -11.1955
v 11.8992 4.0212 -11.1432
v 12.3415 4.0012 -10.9704
v 12.8047 3.9760 -10.7511
v 13.0172 3.9840 -10.3165
v 12.9478 4.0213 -9.7744
v 13.1079 4.0188 -9.3673
v 13.1156 4.0284 -8.9272
v 13.0924 3.8229 -8.5000
v 12.9770 3.8397 -8.0911
v 13.0882 3.8022 -7.6380
v 12.8499 3.8224 -7.2661
v 12.7338 3.8070 -6.8472
v 12.4539 3.8164 -6.5181
v 12.0944 3.8375 -6.2767
v 11.8517 3.8168 -5.9188
v 11.4722 3.8265 -5.7267
v 11.1410 3.8045 -5.4341
v 10.7553 3.7860 -5.1999
v 10.3003 3.8101 -5.2393
v 9.8710 3.8136 -5.2296
v 9.4228 3.7826 -5.0952
v 9.0023 3.7973 -5.2578
v 8.6496 3.8285 -5.5512
v 8.2888 3.8337 -5.7596
v 7.9605 3.8386 -6.0101
v 7.5586 3.8136 -6.1875
v 7.3737 3.8368 -6.5837
v 7.0823 3.8231 -6.8899
v 6.8672 3.8172 -7.2558
v 6.8320 3.8371 -7.6857
v 6.6665 3.8209 -8.0781
v 6.5855 3.8108 -8.5000
v 6.5407 3.7968 -8.9385
v 6.5944 3.7906 -9.3780
v 6.6962 3.7822 -9.8151
v 7.0405 3.8140 -10.1342
v 7.3548 3.8323 -10.4308
v 7.5357 3.8075 -10.8354
v 7.8540 3.8055 -11.1286
v 8.2697 3.8264 -11.2735
v 8.6427 3.8251 -11.4655
v 9.0297 3.8173 -11.6400
v 9.4367 3.8028 -11.7994
v 9.8710 3.7837 -11.9287
v 10.2839 3.8340 -11.6356
v 10.6895 3.8340 -11.5547
v 10.9879 3.8802 -11.1963
v 11.4679 3.8281 -11.2658
v 11.7974 3.8337 -11.0105
v 12.3070 3.7806 -10.9359
v 12.7136 3.7545 -10.6812
v 12.7936 3.7939 -10.1874
v 13.0230 3.7869 -9.8056
v 12.9047 3.8382 -9.3129
v 13.0736 3.8212 -8.9216
v 13.0218 3.6120 -8.5000
v 12.9883 3.6137 -8.0896
v 12.7141 3.6660 -7.7382
v 12.6728 3.6428 -7.3395
v 12.5010 3.6417 -6.9816
v 12.4705 3.5793 -6.5053
v 12.1820 3.5815 -6.1891
v 11.8063 3.6047 -5.9779
v 11.3947 3.6389 -5.8609
v 11.0499 3.6303 -5.6539
v 10.6567 3.6420 -5.5678
v 10.2946 3.5874 -5.2824
v 9.8710 3.5860 -5.2495
v 9.4604 3.6133 -5.3810
v 9.0592 3.6157 -5.4703
v 8.6430 3.5968 -5.5352
v 8.3170 3.6232 -5.8084
v 7.9726 3.6204 -6.0260
v 7.7446 3.6494 -6.3736
v 7.3556 3.6068 -6.5698
v 7.1394 3.6111 -6.9229
v 7.0907 3.6488 -7.3483
v 6.8809 3.6264 -7.6988
v 6.9831 3.6739 -8.1198
v 6.8255 3.6394 -8.5000
v 6.6184 3.5782 -8.9282
v 6.7125 3.5810 -9.3463
v 6.9286 3.6031 -9.7188
v 7.1768 3.6224 -10.0555
v 7.3690 3.6112 -10.4199
v 7.7257 3.6424 -10.6453
v 7.9965 3.6306 -10.9430
v 8.3126 3.6209 -11.1993
v 8.6825 3.6237 -11.3695
v 9.0221 3.5783 -11.6684
v 9.4469 3.5863 -11.7218
v 9.8710 3.6122 -11.6500
v 10.2712 3.6342 -11.5395
v 10.6549 3.6439 -11.4252
v 10.9783 3.6790 -11.1731
v 11.3432 3.6658 -11.0498
v 11.7153 3.6436 -10.9035
v 12.1136 3.6066 -10.7425
v 12.4991 3.5699 -10.5166
v 12.7486 3.5673 -10.1613
v 12.9489 3.5650 -9.7749
v 12.9973 3.5897 -9.3377
v 13.0459 3.5986 -8.9180
v 12.7605 3.4508 -8.5000
v 12.6466 3.4814 -8.1346
v 12.5228 3.4998 -7.7895
v 12.5156 3.4600 -7.4046
v 12.4490 3.4212 -7.0116
v 12.2310 3.4219 -6.6891
v 12.0048 3.4073 -6.3663
v 11.6304 3.4506 -6.2072
v 11.3501 3.4275 -5.9382
v 10.9536 3.4714 -5.8865
v 10.6203 3.4489 -5.7037
v 10.2667 3.4027 -5.4947
v 9.8710 3.4205 -5.5214
v 9.4710 3.3913 -5.4617
v 9.1068 3.4293 -5.6477
v 8.7210 3.4115 -5.7236
v 8.4880 3.4927 -6.1045
v 8.1954 3.4973 -6.3162
v 7.8220 3.4480 -6.4510
v 7.4460 3.3940 -6.6392
v 7.2444 3.4021 -6.9835
v 7.2512 3.4691 -7.4148
v 7.1825 3.4868 -7.7796
v 7.1177 3.4890 -8.1375
v 6.9138 3.4278 -8.5000
v 6.9659 3.4370 -8.8825
v 7.0311 3.4336 -9.2610
v 6.9922 3.3739 -9.6925
v 7.2301 3.3965 -10.0247
v 7.4904 3.4130 -10.3267
v 7.8677 3.4699 -10.5033
v 8.1407 3.4668 -10.7550
v 8.3626 3.4075 -11.1128
v 8.7339 3.4229 -11.2453
v 9.0791 3.3929 -11.4556
v 9.4907 3.4426 -11.3887
v 9.8710 3.4233 -11.4705
v 10.2293 3.5000 -11.2212
v 10.6130 3.4585 -11.2690
v 10.9445 3.4795 -11.0916
v 11.2915 3.4673 -10.9603
v 11.6344 3.4484 -10.7980
v 11.9707 3.4237 -10.5996
v 12.3237 3.3822 -10.3820
v 12.5368 3.3867 -10.0391
v 12.6566 3.4081 -9.6538
v 12.8874 3.3716 -9.3082
v 12.7775 3.4365 -8.8826
v 12.5692 3.2691 -8.5000
v 12.4378 3.3162 -8.1621
v 12.3320 3.3340 -7.8406
v 12.2170 3.3376 -7.5283
v 12.1652 3.2903 -7.1755
v 12.1225 3.2088 -6.7724
v 11.8918 3.2003 -6.4793
v 11.5772 3.2241 -6.2765
v 11.1705 3.3119 -6.2493
v 10.8463 3.3336 -6.1455
v 10.5688 3.2701 -5.8960
v 10.2159 3.2934 -5.8807
v 9.8710 3.2520 -5.7622
v 9.4898 3.1732 -5.6044
v 9.1288 3.1959 -5.7298
v 8.8296 3.2591 -5.9858
v 8.5276 3.2740 -6.1731
v 8.3011 3.3205 -6.4540
v 7.9263 3.2467 -6.5553
v 7.7065 3.2561 -6.8391
v 7.5705 3.2871 -7.1718
v 7.4209 3.2890 -7.4851
v 7.2677 3.2704 -7.8024
v 7.3313 3.3280 -8.1656
v 7.2741 3.3128 -8.5000
v 7.2753 3.3036 -8.8417
v 7.2025 3.2413 -9.2150
v 7.3496 3.2557 -9.5444
v 7.4874 3.2457 -9.8762
v 7.7401 3.2743 -10.1351
v 7.9881 3.2843 -10.3829
v 8.1979 3.2474 -10.6805
v 8.5067 3.2559 -10.8632
v 8.7876 3.2118 -11.1156
v 9.1643 3.2552 -11.1375
v 9.5302 3.3066 -11.0889
v 9.8710 3.2918 -11.1456
v 10.2097 3.3136 -11.0727
v 10.5400 3.3181 -10.9964
v 10.9434 3.2243 -11.0888
v 11.2818 3.2159 -10.9435
v 11.5213 3.2636 -10.6507
v 11.7863 3.2646 -10.4153
v 11.9964 3.2774 -10.1308
v 12.2811 3.2326 -9.8915
v 12.4749 3.2173 -9.5785
v 12.6559 3.1894 -9.2462
v 12.6094 3.2416 -8.8605
v 12.2882 3.1256 -8.5000
v 12.1979 3.1636 -8.1937
v 12.1806 3.1398 -7.8812
v 12.0063 3.1829 -7.6155
v 11.9249 3.1503 -7.3142
v 11.8216 3.1032 -7.0033
v 11.6176 3.0971 -6.7535
v 11.4082 3.0673 -6.4968
v 11.0772 3.1283 -6.4109
v 10.7696 3.1630 -6.3307
v 10.4936 3.1319 -6.1765
v 10.1908 3.1080 -6.0713
v 9.8710 3.1064 -6.0473
v 9.5301 3.0201 -5.9100
v 9.2276 3.0883 -6.0986
v 8.9126 3.0784 -6.1862
v 8.6229 3.0828 -6.3381
v 8.3826 3.1106 -6.5603
v 8.2160 3.1670 -6.8450
v 7.9075 3.0943 -6.9933
v 7.8064 3.1435 -7.3080
v 7.6841 3.1527 -7.5941
v 7.4961 3.1031 -7.8636
v 7.4622 3.1189 -8.1829
v 7.4523 3.1247 -8.5000
v 7.4084 3.0895 -8.8242
v 7.5735 3.1465 -9.1156
v 7.5857 3.0951 -9.4466
v 7.7214 3.0905 -9.7411
v 7.8613 3.0629 -10.0421
v 8.1049 3.0821 -10.2661
v 8.3571 3.0879 -10.4731
v 8.6639 3.1272 -10.5908
v 8.9225 3.0925 -10.7899
v 9.2622 3.1607 -10.7721
v 9.5689 3.1808 -10.7953
v 9.8710 3.1444 -10.8824
v 10.1817 3.1455 -10.8600
v 10.5277 3.0608 -10.9506
v 10.8186 3.0938 -10.7875
v 11.1776 3.0197 -10.7631
v 11.3228 3.1431 -10.3920
v 11.5492 3.1493 -10.1782
v 11.6990 3.1868 -9.9026
v 11.9257 3.1498 -9.6863
v 12.2209 3.0573 -9.4733
v 12.4217 3.0048 -9.1834
v 12.4724 3.0140 -8.8425
v 12.0602 2.9484 -8.5000
v 11.9527 3.0090 -8.2259
v 11.9516 2.9722 -7.9425
v 11.8910 2.9502 -7.6633
v 11.6826 3.0144 -7.4541
v 11.5351 3.0105 -7.2232
v 11.3823 2.9836 -6.9888
v 11.2145 2.9364 -6.7492
v 10.9277 2.9997 -6.6698
v 10.7166 2.9346 -6.4587
v 10.4444 2.9306 -6.3601
v 10.1575 2.9445 -6.3239
v 9.8710 2.9658 -6.3367
v 9.5806 2.9238 -6.2936
v 9.3134 2.9719 -6.4189
v 9.0030 2.8948 -6.4044
v 8.8095 2.9932 -6.6614
v 8.5736 2.9875 -6.8091
v 8.3931 3.0155 -7.0220
v 8.2195 3.0212 -7.2327
v 8.0049 2.9716 -7.4226
v 7.8444 2.9453 -7.6605
v 7.8045 2.9821 -7.9463
v 7.6812 2.9350 -8.2117
v 7.7768 3.0127 -8.5000
v 7.7627 2.9908 -8.7776
v 7.7921 2.9733 -9.0571
v 7.8931 2.9810 -9.3193
v 7.9862 2.9570 -9.5882
v 8.0539 2.8797 -9.8943
v 8.3315 2.9564 -10.0396
v 8.5077 2.9142 -10.2768
v 8.7543 2.9182 -10.4343
v 9.0600 2.9957 -10.4579
v 9.3242 3.0000 -10.5409
v 9.5934 2.9907 -10.6085
v 9.8710 2.9874 -10.6316
v 10.1402 3.0343 -10.5447
v 10.4336 2.9590 -10.5993
v 10.7586 2.8601 -10.6428
v 10.9955 2.9078 -10.4477
v 11.1967 2.9562 -10.2276
v 11.3216 3.0417 -9.9506
v 11.5424 3.0042 -9.7825
v 11.7199 2.9852 -9.5674
v 11.8870 2.9532 -9.3350
v 12.0899 2.8752 -9.0945
v 12.0840 2.9193 -8.7913
v 11.7080 2.8519 -8.5000
v 11.6871 2.8564 -8.2609
v 11.6154 2.8786 -8.0326
v 11.5365 2.8814 -7.8102
v 11.5159 2.8383 -7.5503
v 11.2791 2.9054 -7.4196
v 11.1229 2.9092 -7.2482
v 11.0019 2.8383 -7.0262
v 10.7871 2.8561 -6.9133
v 10.6027 2.8383 -6.7335
v 10.3524 2.8383 -6.7035
v 10.1091 2.8635 -6.6921
v 9.8710 2.9281 -6.7516
v 9.6419 2.9219 -6.7593
v 9.3771 2.8383 -6.6566
v 9.1724 2.8617 -6.8133
v 8.8866 2.8383 -6.7949
v 8.7454 2.8416 -7.0331
v 8.5710 2.8506 -7.2000
v 8.4180 2.8566 -7.3850
v 8.3338 2.9052 -7.6125
v 8.2285 2.9028 -7.8196
v 8.0589 2.8383 -8.0144
v 7.9805 2.8383 -8.2511
v 7.9917 2.8383 -8.5000
v 8.0485 2.8508 -8.7399
v 8.1603 2.9086 -8.9584
v 8.1544 2.8383 -9.2111
v 8.2736 2.8454 -9.4223
v 8.3385 2.8383 -9.6760
v 8.4744 2.8383 -9.8966
v 8.6708 2.8383 -10.0642
v 8.9323 2.8383 -10.1260
v 9.1923 2.9064 -10.1386
v 9.4325 2.9747 -10.1365
v 9.6429 2.9285 -10.2330
v 9.8710 2.9312 -10.2448
v 10.1186 2.8383 -10.3806
v 10.3705 2.8383 -10.3639
v 10.6192 2.8383 -10.3062
v 10.8162 2.8383 -10.1370
v 11.0332 2.8383 -10.0146
v 11.1701 2.8518 -9.7990
v 11.3330 2.8469 -9.6218
v 11.4391 2.8745 -9.4053
v 11.6185 2.8383 -9.2238
v 11.7597 2.8383 -9.0061
v 11.8189 2.8383 -8.7564
v 11.3701 2.8383 -8.5000
v 11.3171 2.8383 -8.3096
v 11.3582 2.8383 -8.1015
v 11.2509 2.8383 -7.9285
v 11.1534 2.8383 -7.7596
v 11.0214 2.8383 -7.6173
v 10.8821 2.8383 -7.4889
v 10.7723 2.8383 -7.3254
v 10.6358 2.8383 -7.1754
v 10.4709 2.8383 -7.0519
v 10.2792 2.8383 -6.9766
v 10.0709 2.8383 -6.9823
v 9.8710 2.8383 -7.0697
v 9.6767 2.8383 -7.0239
v 9.4795 2.8383 -7.0386
v 9.2817 2.8383 -7.0772
v 9.0624 2.8383 -7.0993
v 8.9171 2.8383 -7.2568
v 8.8187 2.8383 -7.4477
v 8.7023 2.8383 -7.6032
v 8.5782 2.8383 -7.7536
v 8.4823 2.8383 -7.9248
v 8.4143 2.8383 -8.1097
v 8.3663 2.8383 -8.3019
v 8.3676 2.8383 -8.5000
v 8.3974 2.8383 -8.6940
v 8.4947 2.8383 -8.8688
v 8.5231 2.8383 -9.0583
v 8.5640 2.8383 -9.2546
v 8.6511 2.8383 -9.4361
v 8.7265 2.8383 -9.6445
v 8.9197 2.8383 -9.7398
v 9.1318 2.8383 -9.7805
v 9.2983 2.8383 -9.8828
v 9.5081 2.8584 -9.8543
v 9.6824 2.8383 -9.9326
v 9.8710 2.8383 -9.9624
v 10.0660 2.8383 -9.9810
v 10.2830 2.8383 -10.0374
v 10.4601 2.8383 -9.9222
v 10.6522 2.8383 -9.8530
v 10.8135 2.8383 -9.7282
v 10.9546 2.8383 -9.5836
v 11.0278 2.8383 -9.3876
v 11.1710 2.8383 -9.2505
v 11.1962 2.8383 -9.0489
v 11.3015 2.8383 -8.8833
v 11.3508 2.8383 -8.6948
v 11.0313 2.8383 -8.5000
v 11.0423 2.8383 -8.3458
v 11.0328 2.8383 -8.1887
v 10.9799 2.8383 -8.0407
v 10.8657 2.8383 -7.9257
v 10.7490 2.8383 -7.8263
v 10.6420 2.8383 -7.7291
v 10.5801 2.8383 -7.5759
v 10.4543 2.8383 -7.4898
v 10.3163 2.8383 -7.4250
v 10.1836 2.8383 -7.3335
v 10.0257 2.8383 -7.3253
v 9.8710 2.8383 -7.3720
v 9.7279 2.8383 -7.4127
v 9.5775 2.8383 -7.4043
v 9.4169 2.8383 -7.4037
v 9.2870 2.8383 -7.4883
v 9.1641 2.8383 -7.5787
v 9.0668 2.8383 -7.6957
v 8.9960 2.8383 -7.8286
v 8.9307 2.8383 -7.9571
v 8.8099 2.8383 -8.0605
v 8.7284 2.8383 -8.1938
v 8.7227 2.8383 -8.3488
v 8.7148 2.8383 -8.5000
v 8.7279 2.8383 -8.6505
v 8.7931 2.8383 -8.7888
v 8.8207 2.8383 -8.9350
v 8.8712 2.8383 -9.0773
v 8.9304 2.8383 -9.2218
v 9.0024 2.8383 -9.3687
v 9.1611 2.8383 -9.4253
v 9.2954 2.8383 -9.4971
v 9.4352 2.8383 -9.5523
v 9.5849 2.8383 -9.5677
v 9.7254 2.8383 -9.6066
v 9.8710 2.8383 -9.6395
v 10.0245 2.8383 -9.6654
v 10.1839 2.8383 -9.6677
v 10.3269 2.8383 -9.6006
v 10.4422 2.8383 -9.4893
v 10.5853 2.8383 -9.4308
v 10.7101 2.8383 -9.3391
v 10.7795 2.8383 -9.1971
v 10.8791 2.8383 -9.0820
v 10.8745 2.8383 -8.9157
v 10.9294 2.8383 -8.7836
v 10.9745 2.8383 -8.6453
v 10.6566 2.8383 -8.5000
v 10.6576 2.8383 -8.3965
v 10.6199 2.8383 -8.2993
v 10.6063 2.8383 -8.1955
v 10.5611 2.8383 -8.1016
v 10.4610 2.8383 -8.0473
v 10.4152 2.8383 -7.9558
v 10.3478 2.8383 -7.8786
v 10.2654 2.8383 -7.8169
v 10.1670 2.8383 -7.7856
v 10.0691 2.8383 -7.7609
v 9.9753 2.8383 -7.7079
v 9.8710 2.8383 -7.7416
v 9.7774 2.8383 -7.7885
v 9.6792 2.8383 -7.7839
v 9.5695 2.8383 -7.7720
v 9.4706 2.8383 -7.8065
v 9.3784 2.8383 -7.8580
v 9.3323 2.8383 -7.9612
v 9.2658 2.8383 -8.0356
v 9.2228 2.8383 -8.1257
v 9.1703 2.8383 -8.2097
v 9.1210 2.8383 -8.2990
v 9.0861 2.8383 -8.3967
v 9.0886 2.8383 -8.5000
v 9.1121 2.8383 -8.5999
v 9.1099 2.8383 -8.7040
v 9.1810 2.8383 -8.7858
v 9.2234 2.8383 -8.8739
v 9.2758 2.8383 -8.9567
v 9.3232 2.8383 -9.0478
v 9.3921 2.8383 -9.1242
v 9.4894 2.8383 -9.1611
v 9.5829 2.8383 -9.1956
v 9.6689 2.8383 -9.2542
v 9.7710 2.8383 -9.2600
v 9.8710 2.8383 -9.2888
v 9.9710 2.8383 -9.2594
v 10.0712 2.8383 -9.2471
v 10.1584 2.8383 -9.1936
v 10.2615 2.8383 -9.1763
v 10.3363 2.8383 -9.1064
v 10.4212 2.8383 -9.0502
v 10.5115 2.8383 -8.9915
v 10.5434 2.8383 -8.8882
v 10.5437 2.8383 -8.7786
v 10.6059 2.8383 -8.6969
v 10.6092 2.8383 -8.5972
v 10.2572 2.8383 -8.5000
v 10.2602 2.8383 -8.4488
v 10.2392 2.8383 -8.4013
v 10.2250 2.8383 -8.3534
v 10.2004 2.8383 -8.3099
v 10.1678 2.8383 -8.2723
v 10.1405 2.8383 -8.2305
v 10.1079 2.8383 -8.1913
v 10.0709 2.8383 -8.1539
v 10.0215 2.8383 -8.1369
v 9.9745 2.8383 -8.1138
v 9.9232 2.8383 -8.1040
v 9.8710 2.8383 -8.1034
v 9.8216 2.8383 -8.1243
v 9.7744 2.8383 -8.1392
v 9.7207 2.8383 -8.1370
v 9.6758 2.8383 -8.1619
v 9.6315 2.8383 -8.1878
v 9.5899 2.8383 -8.2189
v 9.5614 2.8383 -8.2624
v 9.5385 2.8383 -8.3080
v 9.5192 2.8383 -8.3543
v 9.4974 2.8383 -8.3999
v 9.4803 2.8383 -8.4486
v 9.4728 2.8383 -8.5000
v 9.4923 2.8383 -8.5499
v 9.4963 2.8383 -8.6004
v 9.4987 2.8383 -8.6542
v 9.5382 2.8383 -8.6922
v 9.5773 2.8383 -8.7254
v 9.5938 2.8383 -8.7772
v 9.6441 2.8383 -8.7958
v 9.6767 2.8383 -8.8366
v 9.7172 2.8383 -8.8713
v 9.7688 2.8383 -8.8818
v 9.8182 2.8383 -8.9011
v 9.8710 2.8383 -8.8865
v 9.9216 2.8383 -8.8840
v 9.9722 2.8383 -8.8776
v 10.0220 2.8383 -8.8645
v 10.0590 2.8383 -8.8255
v 10.1163 2.8383 -8.8196
v 10.1601 2.8383 -8.7890
v 10.1812 2.8383 -8.7380
v 10.2154 2.8383 -8.6988
v 10.2258 2.8383 -8.6469
v 10.2181 2.8383 -8.5930
v 10.2436 2.8383 -8.5491
v 9.8710 2.8383 -8.5000
v 9.8710 2.8383 -8.5000
v 9.8710 2.8383 -8.5000
v 9.8710 2.8383 -8.5000
v 9.8710 2.8383 -8.5000
v 9.8710 2.8383 -8.5000
v 9.8710 2.8383 -8.5000
v 9.8710 2.8383 -8.5000
v 9.8710 2.8383 -8.5000
v 9.8710 2.8383 -8.5000
v 9.8710 2.8383 -8.5000
v 9.8710 2.8383 -8.5000
v 9.8710 2.8383 -8.5000
v 9.8710 2.8383 -8.5000
v 9.8710 2.8383 -8.5000
v 9.8710 2.8383 -8.5000
v 9.8710 2.8383 -8.5000
v 9.8710 2.8383 -8.5000
v 9.8710 2.8383 -8.5000
v 9.8710 2.8383 -8.5000
v 9.8710 2.8383 -8.5000
v 9.8710 2.8383 -8.5000
v 9.8710 2.8383 -8.5000
v 9.8710 2.8383 -8.5000
v 9.8710 2.8383 -8.5000
v 9.8710 2.8383 -8.5000
v 9.8710 2.8383 -8.5000
v 9.8710 2.8383 -8.5000
v 9.8710 2.8383 -8.5000
v 9.8710 2.8383 -8.5000
v 9.8710 2.8383 -8.5000
v 9.8710 2.8383 -8.5000
v 9.8710 2.8383 -8.5000
v 9.8710 2.8383 -8.5000
v 9.8710 2.8383 -8.5000
v 9.8710 2.8383 -8.5000
v 9.8710 2.8383 -8.5000
v 9.8710 2.8383 -8.5000
v 9.8710 2.8383 -8.5000
v 9.8710 2.8383 -8.5000
v 9.8710 2.8383 -8.5000
v 9.8710 2.8383 -8.5000
v 9.8710 2.8383 -8.5000
v 9.8710 2.8383 -8.5000
v 9.8710 2.8383 -8.5000
v 9.8710 2.8383 -8.5000
v 9.8710 2.8383 -8.5000
v 9.8710 2.8383 -8.5000
v 9.9925 3.2546 -8.5000
v 9.9925 2.8383 -8.5000
v 9.9569 3.2546 -8.4141
v 9.9569 2.8383 -8.4141
v 9.8710 3.2546 -8.3786
v 9.8710 2.8383 -8.3786
v 9.7852 3.2546 -8.4141
v 9.7852 2.8383 -8.4141
v 9.7496 3.2546 -8.5000
v 9.7496 2.8383 -8.5000
v 9.7852 3.2546 -8.5859
v 9.7852 2.8383 -8.5859
v 9.8710 3.2546 -8.6214
v 9.8710 2.8383 -8.6214
v 9.9569 3.2546 -8.5859
v 9.9569 2.8383 -8.5859
v 9.8710 3.2546 -8.5000
v 9.8710 2.8383 -8.5000
vn 0.9511 0.0000 0.3090
usemtl trunk
f 6445//6079 6447//6079 6448//6079 6446//6079
vn 0.5878 0.0000 0.8090
f 6447//6080 6449//6080 6450//6080 6448//6080
vn 0.0000 0.0000 1.0000
f 6449//6081 6451//6081 6452//6081 6450//6081
vn -0.5878 0.0000 0.8090
f 6451//6082 6453//6082 6454//6082 6452//6082
vn -0.9511 0.0000 0.3090
f 6453//6083 6455//6083 6456//6083 6454//6083
vn -0.9511 0.0000 -0.3090
f 6455//6084 6457//6084 6458//6084 6456//6084
vn -0.5878 0.0000 -0.8090
f 6457//6085 6459//6085 6460//6085 6458//6085
vn 0.0000 0.0000 -1.0000
f 6459//6086 6461//6086 6462//6086 6460//6086
vn 0.5878 0.0000 -0.8090
f 6461//6087 6463//6087 6464//6087 6462//6087
vn 0.9511 0.0000 -0.3090
f 6463//6088 6445//6088 6446//6088 6464//6088
vn 0.0000 1.0000 0.0000
f 6465//6089 6447//6089 6445//6089
vn 0.0000 -1.0000 0.0000
f 6466//6090 6446//6090 6448//6090
vn 0.0000 1.0000 -0.0000
f 6465//6091 6449//6091 6447//6091
vn 0.0000 -1.0000 0.0000
f 6466//6092 6448//6092 6450//6092
vn 0.0000 1.0000 0.0000
f 6465//6093 6451//6093 6449//6093
vn 0.0000 -1.0000 0.0000
f 6466//6094 6450//6094 6452//6094
vn 0.0000 1.0000 -0.0000
f 6465//6095 6453//6095 6451//6095
vn 0.0000 -1.0000 0.0000
f 6466//6096 6452//6096 6454//6096
vn 0.0000 1.0000 0.0000
f 6465//6097 6455//6097 6453//6097
vn 0.0000 -1.0000 0.0000
f 6466//6098 6454//6098 6456//6098
vn 0.0000 1.0000 0.0000
f 6465//6099 6457//6099 6455//6099
vn 0.0000 -1.0000 0.0000
f 6466//6100 6456//6100 6458//6100
vn 0.0000 1.0000 0.0000
f 6465//6101 6459//6101 6457//6101
vn 0.0000 -1.0000 0.0000
f 6466//6102 6458//6102 6460//6102
vn 0.0000 1.0000 0.0000
f 6465//6103 6461//6103 6459//6103
vn 0.0000 -1.0000 0.0000
f 6466//6104 6460//6104 6462//6104
vn 0.0000 1.0000 0.0000
f 6465//6105 6463//6105 6461//6105
vn 0.0000 -1.0000 0.0000
f 6466//6106 6462//6106 6464//6106
vn 0.0000 1.0000 -0.0000
f 6465//6107 6445//6107 6463//6107
vn 0.0000 -1.0000 0.0000
f 6466//6108 6464//6108 6446//6108
vn 0.0210 -0.4390 -0.8983
usemtl leaf_5
f 6467//6109 6515//6109 6516//6109 6468//6109
vn -0.1086 -0.8882 0.4465
f 6468//6110 6516//6110 6517//6110 6469//6110
vn 0.3500 -0.3866 -0.8533
f 6469//6111 6517//6111 6518//6111 6470//6111
vn -0.0900 -0.9310 0.3538
f 6470//6112 6518//6112 6519//6112 6471//6112
vn -0.5684 -0.3180 0.7589
f 6471//6113 6519//6113 6520//6113 6472//6113
vn 0.4847 -0.5325 -0.6939
f 6472//6114 6520//6114 6521//6114 6473//6114
vn -0.4818 -0.7813 0.3969
f 6473//6115 6521//6115 6522//6115 6474//6115
vn -0.5362 -0.7032 0.4669
f 6474//6116 6522//6116 6523//6116 6475//6116
vn 0.4377 -0.8960 -0.0752
f 6475//6117 6523//6117 6524//6117 6476//6117
vn 0.8729 -0.3861 -0.2983
usemtl leaf_4
f 6476//6118 6524//6118 6525//6118 6477//6118
vn -0.8621 -0.4791 0.1650
usemtl leaf_5
f 6477//6119 6525//6119 6526//6119 6478//6119
vn 0.1754 -0.9806 0.0873
f 6478//6120 6526//6120 6527//6120 6479//6120
vn -0.6384 -0.7697 -0.0037
f 6479//6121 6527//6121 6528//6121 6480//6121
vn -0.8364 -0.4966 -0.2320
f 6480//6122 6528//6122 6529//6122 6481//6122
vn -0.4637 -0.8555 -0.2305
f 6481//6123 6529//6123 6530//6123 6482//6123
vn 0.8704 -0.2294 0.4356
f 6482//6124 6530//6124 6531//6124 6483//6124
vn -0.7039 -0.6045 -0.3730
f 6483//6125 6531//6125 6532//6125 6484//6125
vn 0.1875 -0.9039 0.3845
f 6484//6126 6532//6126 6533//6126 6485//6126
vn -0.1983 -0.9463 -0.2552
f 6485//6127 6533//6127 6534//6127 6486//6127
vn -0.3583 -0.6518 -0.6684
f 6486//6128 6534//6128 6535//6128 6487//6128
vn 0.3146 -0.7366 0.5987
usemtl leaf_4
f 6487//6129 6535//6129 6536//6129 6488//6129
vn 0.2969 -0.5866 0.7535
usemtl leaf_5
f 6488//6130 6536//6130 6537//6130 6489//6130
vn -0.1497 -0.8840 -0.4429
f 6489//6131 6537//6131 6538//6131 6490//6131
vn -0.1358 -0.5084 -0.8503
f 6490//6132 6538//6132 6539//6132 6491//6132
vn 0.1071 -0.9256 -0.3632
f 6491//6133 6539//6133 6540//6133 6492//6133
vn -0.1351 -0.4399 0.8878
f 6492//6134 6540//6134 6541//6134 6493//6134
vn -0.0179 -0.9995 -0.0277
f 6493//6135 6541//6135 6542//6135 6494//6135
vn -0.4257 -0.2912 0.8567
f 6494//6136 6542//6136 6543//6136 6495//6136
vn 0.2637 -0.9166 -0.3004
f 6495//6137 6543//6137 6544//6137 6496//6137
vn 0.6674 -0.2808 -0.6898
f 6496//6138 6544//6138 6545//6138 6497//6138
vn 0.6296 -0.6283 -0.4570
f 6497//6139 6545//6139 6546//6139 6498//6139
vn 0.8141 -0.2464 -0.5259
f 6498//6140 6546//6140 6547//6140 6499//6140
vn -0.8536 -0.3060 0.4215
f 6499//6141 6547//6141 6548//6141 6500//6141
vn -0.5921 -0.7944 0.1355
f 6500//6142 6548//6142 6549//6142 6501//6142
vn -0.9067 -0.3992 0.1362
usemtl leaf_4
f 6501//6143 6549//6143 6550//6143 6502//6143
vn -0.8060 -0.5868 0.0772
usemtl leaf_5
f 6502//6144 6550//6144 6551//6144 6503//6144
vn 0.2559 -0.9608 0.1065
usemtl leaf_4
f 6503//6145 6551//6145 6552//6145 6504//6145
vn 0.8269 -0.5176 0.2196
f 6504//6146 6552//6146 6553//6146 6505//6146
vn 0.4147 -0.8347 0.3623
f 6505//6147 6553//6147 6554//6147 6506//6147
vn 0.3082 -0.8685 0.3882
f 6506//6148 6554//6148 6555//6148 6507//6148
vn -0.7601 -0.4752 -0.4432
usemtl leaf_5
f 6507//6149 6555//6149 6556//6149 6508//6149
vn 0.0237 -0.9769 0.2125
f 6508//6150 6556//6150 6557//6150 6509//6150
vn -0.0833 -0.9297 0.3588
f 6509//6151 6557//6151 6558//6151 6510//6151
vn 0.1238 -0.8163 0.5642
f 6510//6152 6558//6152 6559//6152 6511//6152
vn 0.3914 -0.2759 0.8779
f 6511//6153 6559//6153 6560//6153 6512//6153
vn 0.1745 -0.5618 0.8087
f 6512//6154 6560//6154 6561//6154 6513//6154
vn -0.0984 -0.9577 0.2705
f 6513//6155 6561//6155 6562//6155 6514//6155
vn -0.0786 -0.2995 -0.9508
f 6514//6156 6562//6156 6515//6156 6467//6156
vn -0.1274 -0.9105 -0.3934
f 6515//6157 6563//6157 6564//6157 6516//6157
vn -0.1555 -0.7564 0.6353
f 6516//6158 6564//6158 6565//6158 6517//6158
vn 0.1242 -0.9269 -0.3543
f 6517//6159 6565//6159 6566//6159 6518//6159
vn 0.2365 -0.8534 -0.4644
f 6518//6160 6566//6160 6567//6160 6519//6160
vn -0.1602 -0.9744 0.1579
usemtl leaf_4
f 6519//6161 6567//6161 6568//6161 6520//6161
vn 0.0499 -0.9722 -0.2290
usemtl leaf_5
f 6520//6162 6568//6162 6569//6162 6521//6162
vn -0.5366 -0.7517 0.3834
f 6521//6163 6569//6163 6570//6163 6522//6163
vn -0.2533 -0.9673 -0.0132
f 6522//6164 6570//6164 6571//6164 6523//6164
vn -0.1753 -0.9823 -0.0661
f 6523//6165 6571//6165 6572//6165 6524//6165
vn 0.5867 -0.7967 -0.1449
f 6524//6166 6572//6166 6573//6166 6525//6166
vn 0.1613 -0.9812 -0.1062
f 6525//6167 6573//6167 6574//6167 6526//6167
vn -0.0582 -0.9430 -0.3277
f 6526//6168 6574//6168 6575//6168 6527//6168
vn -0.4264 -0.8757 -0.2266
f 6527//6169 6575//6169 6576//6169 6528//6169
vn 0.1862 -0.9763 -0.1100
f 6528//6170 6576//6170 6577//6170 6529//6170
vn -0.3638 -0.8486 -0.3841
f 6529//6171 6577//6171 6578//6171 6530//6171
vn 0.3354 -0.9409 0.0475
f 6530//6172 6578//6172 6579//6172 6531//6172
vn -0.5082 -0.8119 -0.2873
f 6531//6173 6579//6173 6580//6173 6532//6173
vn 0.6327 -0.6388 0.4378
f 6532//6174 6580//6174 6581//6174 6533//6174
vn 0.1519 -0.9863 -0.0649
usemtl leaf_4
f 6533//6175 6581//6175 6582//6175 6534//6175
vn -0.2948 -0.8193 -0.4917
usemtl leaf_5
f 6534//6176 6582//6176 6583//6176 6535//6176
vn 0.3530 -0.8111 0.4664
f 6535//6177 6583//6177 6584//6177 6536//6177
vn 0.1547 -0.9804 0.1222
usemtl leaf_4
f 6536//6178 6584//6178 6585//6178 6537//6178
vn -0.0782 -0.7704 -0.6328
usemtl leaf_5
f 6537//6179 6585//6179 6586//6179 6538//6179
vn 0.1040 -0.9836 -0.1471
f 6538//6180 6586//6180 6587//6180 6539//6180
vn -0.0003 -0.9852 0.1712
usemtl leaf_4
f 6539//6181 6587//6181 6588//6181 6540//6181
vn -0.0554 -0.9875 -0.1478
usemtl leaf_5
f 6540//6182 6588//6182 6589//6182 6541//6182
vn -0.1807 -0.7826 0.5957
f 6541//6183 6589//6183 6590//6183 6542//6183
vn -0.2115 -0.7270 0.6533
f 6542//6184 6590//6184 6591//6184 6543//6184
vn -0.0775 -0.9486 0.3068
f 6543//6185 6591//6185 6592//6185 6544//6185
vn 0.4989 -0.7893 -0.3579
usemtl leaf_4
f 6544//6186 6592//6186 6593//6186 6545//6186
vn 0.5960 -0.7433 -0.3038
usemtl leaf_5
f 6545//6187 6593//6187 6594//6187 6546//6187
vn 0.7161 -0.6285 -0.3037
f 6546//6188 6594//6188 6595//6188 6547//6188
vn 0.0477 -0.9946 0.0917
f 6547//6189 6595//6189 6596//6189 6548//6189
vn -0.2747 -0.9584 0.0775
f 6548//6190 6596//6190 6597//6190 6549//6190
vn -0.7220 -0.6608 0.2050
f 6549//6191 6597//6191 6598//6191 6550//6191
vn -0.6825 -0.7219 0.1139
f 6550//6192 6598//6192 6599//6192 6551//6192
vn 0.2769 -0.9545 0.1106
usemtl leaf_4
f 6551//6193 6599//6193 6600//6193 6552//6193
vn 0.0829 -0.9851 0.1505
usemtl leaf_5
f 6552//6194 6600//6194 6601//6194 6553//6194
vn 0.3062 -0.9409 0.1446
f 6553//6195 6601//6195 6602//6195 6554//6195
vn 0.2004 -0.9744 0.1019
usemtl leaf_4
f 6554//6196 6602//6196 6603//6196 6555//6196
vn -0.3356 -0.9311 -0.1426
usemtl leaf_5
f 6555//6197 6603//6197 6604//6197 6556//6197
vn -0.0820 -0.9957 -0.0433
f 6556//6198 6604//6198 6605//6198 6557//6198
vn -0.1617 -0.9568 -0.2418
f 6557//6199 6605//6199 6606//6199 6558//6199
vn 0.4341 -0.7010 0.5658
usemtl leaf_4
f 6558//6200 6606//6200 6607//6200 6559//6200
vn 0.3511 -0.7300 0.5864
usemtl leaf_5
f 6559//6201 6607//6201 6608//6201 6560//6201
vn -0.1517 -0.9552 -0.2541
f 6560//6202 6608//6202 6609//6202 6561//6202
vn -0.1031 -0.9286 0.3565
f 6561//6203 6609//6203 6610//6203 6562//6203
vn -0.2116 -0.6369 -0.7413
f 6562//6204 6610//6204 6563//6204 6515//6204
vn -0.1109 -0.9252 0.3629
f 6563//6205 6611//6205 6612//6205 6564//6205
vn -0.1183 -0.9252 0.3605
f 6564//6206 6612//6206 6613//6206 6565//6206
vn -0.0460 -0.9905 0.1299
f 6565//6207 6613//6207 6614//6207 6566//6207
vn 0.2602 -0.7773 -0.5728
f 6566//6208 6614//6208 6615//6208 6567//6208
vn -0.2014 -0.9632 0.1783
f 6567//6209 6615//6209 6616//6209 6568//6209
vn 0.1688 -0.9618 -0.2156
f 6568//6210 6616//6210 6617//6210 6569//6210
vn -0.3932 -0.8954 0.2091
f 6569//6211 6617//6211 6618//6211 6570//6211
vn -0.0056 -0.9893 -0.1455
f 6570//6212 6618//6212 6619//6212 6571//6212
vn -0.1640 -0.9748 -0.1512
f 6571//6213 6619//6213 6620//6213 6572//6213
vn 0.0440 -0.9379 -0.3441
f 6572//6214 6620//6214 6621//6214 6573//6214
vn 0.5277 -0.7929 -0.3048
usemtl leaf_4
f 6573//6215 6621//6215 6622//6215 6574//6215
vn -0.1227 -0.9846 -0.1248
usemtl leaf_5
f 6574//6216 6622//6216 6623//6216 6575//6216
vn -0.3631 -0.9117 -0.1921
f 6575//6217 6623//6217 6624//6217 6576//6217
vn -0.0628 -0.9831 -0.1721
usemtl leaf_4
f 6576//6218 6624//6218 6625//6218 6577//6218
vn -0.1959 -0.9785 -0.0643
usemtl leaf_5
f 6577//6219 6625//6219 6626//6219 6578//6219
vn -0.1637 -0.9771 -0.1360
f 6578//6220 6626//6220 6627//6220 6579//6220
vn -0.1155 -0.9597 -0.2560
f 6579//6221 6627//6221 6628//6221 6580//6221
vn 0.3572 -0.8767 0.3221
f 6580//6222 6628//6222 6629//6222 6581//6222
vn 0.1119 -0.9822 0.1507
f 6581//6223 6629//6223 6630//6223 6582//6223
vn 0.2437 -0.9533 -0.1782
f 6582//6224 6630//6224 6631//6224 6583//6224
vn 0.1903 -0.9794 -0.0679
f 6583//6225 6631//6225 6632//6225 6584//6225
vn 0.2152 -0.9569 0.1949
f 6584//6226 6632//6226 6633//6226 6585//6226
vn 0.1591 -0.8717 -0.4635
f 6585//6227 6633//6227 6634//6227 6586//6227
vn 0.2675 -0.9636 -0.0054
f 6586//6228 6634//6228 6635//6228 6587//6228
vn 0.3248 -0.9336 -0.1511
f 6587//6229 6635//6229 6636//6229 6588//6229
vn 0.3622 -0.9246 0.1178
f 6588//6230 6636//6230 6637//6230 6589//6230
vn 0.1091 -0.8939 0.4348
f 6589//6231 6637//6231 6638//6231 6590//6231
vn -0.0837 -0.9783 0.1893
usemtl leaf_4
f 6590//6232 6638//6232 6639//6232 6591//6232
vn -0.2029 -0.9327 0.2981
f 6591//6233 6639//6233 6640//6233 6592//6233
vn 0.2720 -0.9074 -0.3203
f 6592//6234 6640//6234 6641//6234 6593//6234
vn 0.0487 -0.9946 0.0915
usemtl leaf_5
f 6593//6235 6641//6235 6642//6235 6594//6235
vn 0.6077 -0.7839 -0.1272
f 6594//6236 6642//6236 6643//6236 6595//6236
vn 0.5550 -0.8288 -0.0715
f 6595//6237 6643//6237 6644//6237 6596//6237
vn -0.3259 -0.8882 0.3240
f 6596//6238 6644//6238 6645//6238 6597//6238
vn -0.4185 -0.8850 0.2039
f 6597//6239 6645//6239 6646//6239 6598//6239
vn 0.0160 -0.9943 -0.1056
f 6598//6240 6646//6240 6647//6240 6599//6240
vn -0.3691 -0.9223 -0.1143
f 6599//6241 6647//6241 6648//6241 6600//6241
vn -0.1218 -0.9890 0.0840
usemtl leaf_4
f 6600//6242 6648//6242 6649//6242 6601//6242
vn 0.2732 -0.9142 0.2993
usemtl leaf_5
f 6601//6243 6649//6243 6650//6243 6602//6243
vn -0.1115 -0.9683 0.2234
usemtl leaf_4
f 6602//6244 6650//6244 6651//6244 6603//6244
vn -0.1085 -0.9877 0.1123
f 6603//6245 6651//6245 6652//6245 6604//6245
vn -0.0278 -0.9933 0.1119
f 6604//6246 6652//6246 6653//6246 6605//6246
vn -0.0685 -0.9970 0.0370
usemtl leaf_5
f 6605//6247 6653//6247 6654//6247 6606//6247
vn -0.0786 -0.9639 0.2544
f 6606//6248 6654//6248 6655//6248 6607//6248
vn -0.2677 -0.8281 0.4926
f 6607//6249 6655//6249 6656//6249 6608//6249
vn -0.2118 -0.9373 0.2768
f 6608//6250 6656//6250 6657//6250 6609//6250
vn -0.1383 -0.9903 -0.0163
f 6609//6251 6657//6251 6658//6251 6610//6251
vn -0.1886 -0.7607 -0.6211
f 6610//6252 6658//6252 6611//6252 6563//6252
vn -0.3015 -0.8204 0.4858
f 6611//6253 6659//6253 6660//6253 6612//6253
vn -0.2338 -0.8976 0.3736
f 6612//6254 6660//6254 6661//6254 6613//6254
vn -0.2024 -0.9713 -0.1250
f 6613//6255 6661//6255 6662//6255 6614//6255
vn 0.0292 -0.8044 -0.5934
f 6614//6256 6662//6256 6663//6256 6615//6256
vn -0.3020 -0.9461 0.1171
f 6615//6257 6663//6257 6664//6257 6616//6257
vn 0.0744 -0.8236 -0.5623
f 6616//6258 6664//6258 6665//6258 6617//6258
vn -0.4409 -0.8642 -0.2426
usemtl leaf_4
f 6617//6259 6665//6259 6666//6259 6618//6259
vn -0.3689 -0.8691 -0.3294
usemtl leaf_5
f 6618//6260 6666//6260 6667//6260 6619//6260
vn -0.2331 -0.9542 -0.1876
usemtl leaf_4
f 6619//6261 6667//6261 6668//6261 6620//6261
vn -0.0154 -0.9948 -0.1007
usemtl leaf_5
f 6620//6262 6668//6262 6669//6262 6621//6262
vn 0.3382 -0.9281 -0.1559
f 6621//6263 6669//6263 6670//6263 6622//6263
vn -0.1027 -0.9847 -0.1409
f 6622//6264 6670//6264 6671//6264 6623//6264
vn 0.1565 -0.9473 -0.2797
usemtl leaf_4
f 6623//6265 6671//6265 6672//6265 6624//6265
vn -0.2246 -0.8645 -0.4496
f 6624//6266 6672//6266 6673//6266 6625//6266
vn -0.1974 -0.8580 -0.4741
usemtl leaf_5
f 6625//6267 6673//6267 6674//6267 6626//6267
vn 0.0852 -0.9474 -0.3084
f 6626//6268 6674//6268 6675//6268 6627//6268
vn -0.1488 -0.9370 -0.3159
f 6627//6269 6675//6269 6676//6269 6628//6269
vn 0.4770 -0.8770 0.0571
f 6628//6270 6676//6270 6677//6270 6629//6270
vn 0.4968 -0.8677 0.0174
f 6629//6271 6677//6271 6678//6271 6630//6271
vn 0.3229 -0.9442 0.0643
usemtl leaf_4
f 6630//6272 6678//6272 6679//6272 6631//6272
vn 0.0147 -0.8845 -0.4664
usemtl leaf_5
f 6631//6273 6679//6273 6680//6273 6632//6273
vn 0.3199 -0.8827 0.3441
usemtl leaf_4
f 6632//6274 6680//6274 6681//6274 6633//6274
vn 0.0013 -0.8744 -0.4852
usemtl leaf_5
f 6633//6275 6681//6275 6682//6275 6634//6275
vn 0.0638 -0.9931 0.0985
usemtl leaf_4
f 6634//6276 6682//6276 6683//6276 6635//6276
vn 0.1165 -0.9924 0.0407
usemtl leaf_5
f 6635//6277 6683//6277 6684//6277 6636//6277
vn 0.1333 -0.9858 0.1023
usemtl leaf_4
f 6636//6278 6684//6278 6685//6278 6637//6278
vn 0.1534 -0.9789 0.1349
f 6637//6279 6685//6279 6686//6279 6638//6279
vn 0.2556 -0.9659 -0.0426
f 6638//6280 6686//6280 6687//6280 6639//6280
vn -0.1094 -0.9057 0.4095
usemtl leaf_5
f 6639//6281 6687//6281 6688//6281 6640//6281
vn 0.3615 -0.9324 0.0044
f 6640//6282 6688//6282 6689//6282 6641//6282
vn -0.0476 -0.8437 0.5347
f 6641//6283 6689//6283 6690//6283 6642//6283
vn 0.6105 -0.7870 -0.0887
usemtl leaf_4
f 6642//6284 6690//6284 6691//6284 6643//6284
vn 0.3807 -0.8722 0.3071
f 6643//6285 6691//6285 6692//6285 6644//6285
vn 0.1089 -0.9054 0.4104
usemtl leaf_5
f 6644//6286 6692//6286 6693//6286 6645//6286
vn 0.1890 -0.9790 0.0767
f 6645//6287 6693//6287 6694//6287 6646//6287
vn 0.0323 -0.9913 0.1273
f 6646//6288 6694//6288 6695//6288 6647//6288
vn -0.4345 -0.8909 0.1326
f 6647//6289 6695//6289 6696//6289 6648//6289
vn -0.3383 -0.9393 0.0570
f 6648//6290 6696//6290 6697//6290 6649//6290
vn 0.1281 -0.9646 0.2304
f 6649//6291 6697//6291 6698//6291 6650//6291
vn -0.0985 -0.9831 0.1544
f 6650//6292 6698//6292 6699//6292 6651//6292
vn 0.1850 -0.9447 0.2707
f 6651//6293 6699//6293 6700//6293 6652//6293
vn -0.1741 -0.9847 -0.0114
usemtl leaf_4
f 6652//6294 6700//6294 6701//6294 6653//6294
vn 0.0118 -0.9772 0.2122
f 6653//6295 6701//6295 6702//6295 6654//6295
vn -0.2027 -0.9676 -0.1503
f 6654//6296 6702//6296 6703//6296 6655//6296
vn -0.0211 -0.9949 0.0985
usemtl leaf_5
f 6655//6297 6703//6297 6704//6297 6656//6297
vn -0.3165 -0.9330 0.1714
f 6656//6298 6704//6298 6705//6298 6657//6298
vn -0.5796 -0.8129 0.0572
f 6657//6299 6705//6299 6706//6299 6658//6299
vn -0.4208 -0.8300 -0.3661
f 6658//6300 6706//6300 6659//6300 6611//6300
vn -0.1955 -0.9267 0.3210
f 6659//6301 6707//6301 6708//6301 6660//6301
vn -0.3513 -0.8502 0.3921
f 6660//6302 6708//6302 6709//6302 6661//6302
vn -0.1697 -0.9577 -0.2325
f 6661//6303 6709//6303 6710//6303 6662//6303
vn -0.0093 -0.9916 -0.1289
f 6662//6304 6710//6304 6711//6304 6663//6304
vn -0.0406 -0.9872 -0.1540
f 6663//6305 6711//6305 6712//6305 6664//6305
vn 0.1720 -0.8274 -0.5346
f 6664//6306 6712//6306 6713//6306 6665//6306
vn -0.2472 -0.9563 -0.1564
f 6665//6307 6713//6307 6714//6307 6666//6307
vn -0.3304 -0.9438 0.0080
f 6666//6308 6714//6308 6715//6308 6667//6308
vn -0.2901 -0.9564 -0.0327
f 6667//6309 6715//6309 6716//6309 6668//6309
vn 0.1490 -0.8762 -0.4584
f 6668//6310 6716//6310 6717//6310 6669//6310
vn 0.0463 -0.8866 -0.4602
f 6669//6311 6717//6311 6718//6311 6670//6311
vn 0.1353 -0.9090 -0.3943
f 6670//6312 6718//6312 6719//6312 6671//6312
vn 0.1331 -0.9229 -0.3613
usemtl leaf_4
f 6671//6313 6719//6313 6720//6313 6672//6313
vn 0.0794 -0.9196 -0.3849
f 6672//6314 6720//6314 6721//6314 6673//6314
vn -0.3949 -0.7950 -0.4604
usemtl leaf_5
f 6673//6315 6721//6315 6722//6315 6674//6315
vn 0.1349 -0.9546 -0.2656
f 6674//6316 6722//6316 6723//6316 6675//6316
vn -0.1758 -0.8495 -0.4974
f 6675//6317 6723//6317 6724//6317 6676//6317
vn 0.4921 -0.8583 0.1458
f 6676//6318 6724//6318 6725//6318 6677//6318
vn 0.3432 -0.9391 0.0167
f 6677//6319 6725//6319 6726//6319 6678//6319
vn 0.1242 -0.9728 -0.1956
f 6678//6320 6726//6320 6727//6320 6679//6320
vn 0.2314 -0.9667 -0.1092
f 6679//6321 6727//6321 6728//6321 6680//6321
vn 0.2087 -0.9692 -0.1306
f 6680//6322 6728//6322 6729//6322 6681//6322
vn 0.2116 -0.9503 -0.2282
usemtl leaf_4
f 6681//6323 6729//6323 6730//6323 6682//6323
vn 0.5181 -0.8494 0.1007
usemtl leaf_5
f 6682//6324 6730//6324 6731//6324 6683//6324
vn 0.4473 -0.8927 0.0539
usemtl leaf_4
f 6683//6325 6731//6325 6732//6325 6684//6325
vn 0.4198 -0.8698 0.2594
usemtl leaf_5
f 6684//6326 6732//6326 6733//6326 6685//6326
vn 0.4211 -0.8954 0.1446
usemtl leaf_4
f 6685//6327 6733//6327 6734//6327 6686//6327
vn 0.3584 -0.9222 -0.1455
f 6686//6328 6734//6328 6735//6328 6687//6328
vn 0.0044 -0.9463 0.3232
f 6687//6329 6735//6329 6736//6329 6688//6329
vn 0.0783 -0.9851 0.1530
usemtl leaf_5
f 6688//6330 6736//6330 6737//6330 6689//6330
vn -0.0507 -0.9748 0.2173
f 6689//6331 6737//6331 6738//6331 6690//6331
vn 0.3876 -0.9215 0.0250
usemtl leaf_4
f 6690//6332 6738//6332 6739//6332 6691//6332
vn 0.1212 -0.9382 0.3241
f 6691//6333 6739//6333 6740//6333 6692//6333
vn 0.3561 -0.9152 0.1886
usemtl leaf_5
f 6692//6334 6740//6334 6741//6334 6693//6334
vn 0.4703 -0.8734 0.1267
f 6693//6335 6741//6335 6742//6335 6694//6335
vn -0.2645 -0.9393 0.2186
f 6694//6336 6742//6336 6743//6336 6695//6336
vn -0.0727 -0.9851 0.1560
f 6695//6337 6743//6337 6744//6337 6696//6337
vn -0.4980 -0.8644 0.0699
f 6696//6338 6744//6338 6745//6338 6697//6338
vn -0.0176 -0.9373 0.3482
f 6697//6339 6745//6339 6746//6339 6698//6339
vn -0.2271 -0.9139 0.3365
f 6698//6340 6746//6340 6747//6340 6699//6340
vn 0.1631 -0.8368 0.5227
f 6699//6341 6747//6341 6748//6341 6700//6341
vn -0.3715 -0.9204 0.1221
f 6700//6342 6748//6342 6749//6342 6701//6342
vn -0.0754 -0.9268 0.3679
f 6701//6343 6749//6343 6750//6343 6702//6343
vn -0.2449 -0.9678 0.0582
usemtl leaf_4
f 6702//6344 6750//6344 6751//6344 6703//6344
vn -0.3410 -0.9399 0.0143
usemtl leaf_5
f 6703//6345 6751//6345 6752//6345 6704//6345
vn -0.4923 -0.8244 -0.2795
f 6704//6346 6752//6346 6753//6346 6705//6346
vn -0.2731 -0.9253 0.2631
f 6705//6347 6753//6347 6754//6347 6706//6347
vn -0.1799 -0.9829 -0.0401
f 6706//6348 6754//6348 6707//6348 6659//6348
vn -0.2905 -0.9327 0.2138
f 6707//6349 6755//6349 6756//6349 6708//6349
vn -0.4879 -0.8725 -0.0257
f 6708//6350 6756//6350 6757//6350 6709//6350
vn -0.5825 -0.8097 0.0716
f 6709//6351 6757//6351 6758//6351 6710//6351
vn -0.3524 -0.9135 -0.2034
f 6710//6352 6758//6352 6759//6352 6711//6352
vn -0.1619 -0.8780 -0.4505
f 6711//6353 6759//6353 6760//6353 6712//6353
vn 0.0375 -0.9005 -0.4333
usemtl leaf_4
f 6712//6354 6760//6354 6761//6354 6713//6354
vn -0.1691 -0.9845 -0.0460
usemtl leaf_5
f 6713//6355 6761//6355 6762//6355 6714//6355
vn -0.3119 -0.9498 -0.0259
usemtl leaf_4
f 6714//6356 6762//6356 6763//6356 6715//6356
vn -0.1627 -0.9252 -0.3428
usemtl leaf_5
f 6715//6357 6763//6357 6764//6357 6716//6357
vn 0.0908 -0.9468 -0.3087
f 6716//6358 6764//6358 6765//6358 6717//6358
vn 0.0101 -0.9850 -0.1724
f 6717//6359 6765//6359 6766//6359 6718//6359
vn 0.1483 -0.9655 -0.2142
f 6718//6360 6766//6360 6767//6360 6719//6360
vn 0.0002 -0.9820 -0.1889
usemtl leaf_4
f 6719//6361 6767//6361 6768//6361 6720//6361
vn 0.1287 -0.9801 -0.1511
f 6720//6362 6768//6362 6769//6362 6721//6362
vn -0.1741 -0.8684 -0.4643
f 6721//6363 6769//6363 6770//6363 6722//6363
vn 0.0012 -0.8683 -0.4960
usemtl leaf_5
f 6722//6364 6770//6364 6771//6364 6723//6364
vn 0.2316 -0.8643 -0.4465
f 6723//6365 6771//6365 6772//6365 6724//6365
vn 0.4285 -0.8190 -0.3816
f 6724//6366 6772//6366 6773//6366 6725//6366
vn 0.3863 -0.9224 0.0074
usemtl leaf_4
f 6725//6367 6773//6367 6774//6367 6726//6367
vn 0.2456 -0.9238 -0.2937
usemtl leaf_5
f 6726//6368 6774//6368 6775//6368 6727//6368
vn 0.3673 -0.9265 -0.0820
usemtl leaf_4
f 6727//6369 6775//6369 6776//6369 6728//6369
vn 0.1069 -0.9242 -0.3666
f 6728//6370 6776//6370 6777//6370 6729//6370
vn 0.3847 -0.8876 0.2534
usemtl leaf_5
f 6729//6371 6777//6371 6778//6371 6730//6371
vn 0.4682 -0.8785 0.0944
f 6730//6372 6778//6372 6779//6372 6731//6372
vn 0.4467 -0.8908 -0.0830
f 6731//6373 6779//6373 6780//6373 6732//6373
vn 0.2329 -0.9714 0.0472
usemtl leaf_4
f 6732//6374 6780//6374 6781//6374 6733//6374
vn 0.1506 -0.9886 0.0053
usemtl leaf_5
f 6733//6375 6781//6375 6782//6375 6734//6375
vn 0.3210 -0.9354 -0.1480
f 6734//6376 6782//6376 6783//6376 6735//6376
vn 0.1027 -0.9812 0.1637
f 6735//6377 6783//6377 6784//6377 6736//6377
vn 0.0213 -0.9583 0.2849
f 6736//6378 6784//6378 6785//6378 6737//6378
vn 0.0983 -0.9244 0.3686
f 6737//6379 6785//6379 6786//6379 6738//6379
vn 0.2363 -0.9132 0.3320
usemtl leaf_4
f 6738//6380 6786//6380 6787//6380 6739//6380
vn 0.3077 -0.9192 0.2459
usemtl leaf_5
f 6739//6381 6787//6381 6788//6381 6740//6381
vn 0.2870 -0.9391 0.1891
f 6740//6382 6788//6382 6789//6382 6741//6382
vn 0.3653 -0.8399 0.4014
f 6741//6383 6789//6383 6790//6383 6742//6383
vn 0.0234 -0.8943 0.4469
f 6742//6384 6790//6384 6791//6384 6743//6384
vn -0.0884 -0.9447 0.3157
f 6743//6385 6791//6385 6792//6385 6744//6385
vn -0.5008 -0.8452 0.1867
f 6744//6386 6792//6386 6793//6386 6745//6386
vn -0.2453 -0.9322 0.2661
f 6745//6387 6793//6387 6794//6387 6746//6387
vn -0.0162 -0.9441 0.3292
f 6746//6388 6794//6388 6795//6388 6747//6388
vn 0.0277 -0.9277 0.3722
f 6747//6389 6795//6389 6796//6389 6748//6389
vn -0.3559 -0.9077 0.2222
usemtl leaf_4
f 6748//6390 6796//6390 6797//6390 6749//6390
vn -0.0980 -0.9025 0.4194
usemtl leaf_5
f 6749//6391 6797//6391 6798//6391 6750//6391
vn -0.3944 -0.9076 0.1439
f 6750//6392 6798//6392 6799//6392 6751//6392
vn -0.5062 -0.8607 -0.0536
f 6751//6393 6799//6393 6800//6393 6752//6393
vn -0.4928 -0.8478 -0.1962
usemtl leaf_4
f 6752//6394 6800//6394 6801//6394 6753//6394
vn -0.3123 -0.8734 0.3738
usemtl leaf_5
f 6753//6395 6801//6395 6802//6395 6754//6395
vn -0.3386 -0.9314 0.1334
usemtl leaf_4
f 6754//6396 6802//6396 6755//6396 6707//6396
vn -0.5029 -0.8528 0.1406
usemtl leaf_5
f 6755//6397 6803//6397 6804//6397 6756//6397
vn -0.4028 -0.9081 -0.1142
usemtl leaf_4
f 6756//6398 6804//6398 6805//6398 6757//6398
vn -0.5196 -0.8540 -0.0249
usemtl leaf_5
f 6757//6399 6805//6399 6806//6399 6758//6399
vn -0.6077 -0.7675 -0.2043
f 6758//6400 6806//6400 6807//6400 6759//6400
vn -0.2783 -0.9323 -0.2310
f 6759//6401 6807//6401 6808//6401 6760//6401
vn -0.0340 -0.9419 -0.3342
f 6760//6402 6808//6402 6809//6402 6761//6402
vn -0.2725 -0.9157 -0.2952
f 6761//6403 6809//6403 6810//6403 6762//6403
vn -0.3782 -0.8066 -0.4543
usemtl leaf_4
f 6762//6404 6810//6404 6811//6404 6763//6404
vn -0.1545 -0.7304 -0.6653
usemtl leaf_5
f 6763//6405 6811//6405 6812//6405 6764//6405
vn -0.2273 -0.6340 -0.7392
f 6764//6406 6812//6406 6813//6406 6765//6406
vn -0.1773 -0.7260 -0.6645
f 6765//6407 6813//6407 6814//6407 6766//6407
vn -0.1027 -0.9388 -0.3288
f 6766//6408 6814//6408 6815//6408 6767//6408
vn 0.0679 -0.9719 -0.2254
f 6767//6409 6815//6409 6816//6409 6768//6409
vn 0.0993 -0.9633 -0.2494
f 6768//6410 6816//6410 6817//6410 6769//6410
vn 0.2876 -0.9176 -0.2743
f 6769//6411 6817//6411 6818//6411 6770//6411
vn 0.0764 -0.6836 -0.7259
f 6770//6412 6818//6412 6819//6412 6771//6412
vn 0.2041 -0.8184 -0.5372
f 6771//6413 6819//6413 6820//6413 6772//6413
vn 0.1180 -0.9505 -0.2876
f 6772//6414 6820//6414 6821//6414 6773//6414
vn 0.1384 -0.9774 -0.1598
f 6773//6415 6821//6415 6822//6415 6774//6415
vn 0.2303 -0.9719 0.0481
f 6774//6416 6822//6416 6823//6416 6775//6416
vn 0.1732 -0.9657 -0.1936
f 6775//6417 6823//6417 6824//6417 6776//6417
vn 0.3917 -0.8982 -0.1994
f 6776//6418 6824//6418 6825//6418 6777//6418
vn 0.5506 -0.8087 0.2070
f 6777//6419 6825//6419 6826//6419 6778//6419
vn 0.3426 -0.9393 0.0161
usemtl leaf_3
f 6778//6420 6826//6420 6827//6420 6779//6420
vn 0.4597 -0.8782 0.1325
usemtl leaf_4
f 6779//6421 6827//6421 6828//6421 6780//6421
vn 0.5998 -0.7633 -0.2400
f 6780//6422 6828//6422 6829//6422 6781//6422
vn 0.4777 -0.8240 0.3047
usemtl leaf_5
f 6781//6423 6829//6423 6830//6423 6782//6423
vn 0.7056 -0.6920 0.1522
f 6782//6424 6830//6424 6831//6424 6783//6424
vn 0.6446 -0.7512 0.1423
f 6783//6425 6831//6425 6832//6425 6784//6425
vn 0.1005 -0.8641 0.4932
f 6784//6426 6832//6426 6833//6426 6785//6426
vn 0.1219 -0.9253 0.3591
f 6785//6427 6833//6427 6834//6427 6786//6427
vn 0.1473 -0.9361 0.3194
f 6786//6428 6834//6428 6835//6428 6787//6428
vn 0.3648 -0.9009 0.2351
usemtl leaf_4
f 6787//6429 6835//6429 6836//6429 6788//6429
vn 0.2951 -0.8854 0.3592
f 6788//6430 6836//6430 6837//6430 6789//6430
vn 0.1578 -0.9145 0.3724
usemtl leaf_5
f 6789//6431 6837//6431 6838//6431 6790//6431
vn 0.2223 -0.9018 0.3705
f 6790//6432 6838//6432 6839//6432 6791//6432
vn -0.2816 -0.8382 0.4671
f 6791//6433 6839//6433 6840//6433 6792//6433
vn -0.2342 -0.9058 0.3531
f 6792//6434 6840//6434 6841//6434 6793//6434
vn -0.3574 -0.9183 0.1702
usemtl leaf_4
f 6793//6435 6841//6435 6842//6435 6794//6435
vn 0.1262 -0.9112 0.3921
usemtl leaf_5
f 6794//6436 6842//6436 6843//6436 6795//6436
vn -0.4088 -0.8671 0.2845
f 6795//6437 6843//6437 6844//6437 6796//6437
vn -0.3283 -0.8207 0.4676
usemtl leaf_3
f 6796//6438 6844//6438 6845//6438 6797//6438
vn -0.2433 -0.8442 0.4776
usemtl leaf_5
f 6797//6439 6845//6439 6846//6439 6798//6439
vn -0.4926 -0.8503 0.1851
f 6798//6440 6846//6440 6847//6440 6799//6440
vn -0.5304 -0.8477 -0.0010
f 6799//6441 6847//6441 6848//6441 6800//6441
vn -0.3552 -0.9348 -0.0037
usemtl leaf_3
f 6800//6442 6848//6442 6849//6442 6801//6442
vn -0.3930 -0.9117 0.1193
usemtl leaf_4
f 6801//6443 6849//6443 6850//6443 6802//6443
vn -0.4826 -0.8172 0.3150
f 6802//6444 6850//6444 6803//6444 6755//6444
vn -0.6247 -0.7755 -0.0916
f 6803//6445 6851//6445 6852//6445 6804//6445
vn -0.8451 -0.5179 -0.1324
f 6804//6446 6852//6446 6853//6446 6805//6446
vn -0.8006 -0.5123 -0.3108
f 6805//6447 6853//6447 6854//6447 6806//6447
vn -0.7579 -0.6445 -0.1005
usemtl leaf_5
f 6806//6448 6854//6448 6855//6448 6807//6448
vn -0.6632 -0.7223 -0.1961
f 6807//6449 6855//6449 6856//6449 6808//6449
vn -0.2590 -0.8320 -0.4907
f 6808//6450 6856//6450 6857//6450 6809//6450
vn -0.1932 -0.9087 -0.3702
usemtl leaf_4
f 6809//6451 6857//6451 6858//6451 6810//6451
vn -0.2133 -0.9247 -0.3152
usemtl leaf_5
f 6810//6452 6858//6452 6859//6452 6811//6452
vn 0.0554 -0.8154 -0.5762
f 6811//6453 6859//6453 6860//6453 6812//6453
vn -0.2144 -0.8453 -0.4894
usemtl leaf_3
f 6812//6454 6860//6454 6861//6454 6813//6454
vn -0.2557 -0.8963 -0.3624
usemtl leaf_4
f 6813//6455 6861//6455 6862//6455 6814//6455
vn -0.1899 -0.8244 -0.5332
usemtl leaf_5
f 6814//6456 6862//6456 6863//6456 6815//6456
vn 0.1291 -0.7600 -0.6369
usemtl leaf_4
f 6815//6457 6863//6457 6864//6457 6816//6457
vn 0.0544 -0.8553 -0.5152
f 6816//6458 6864//6458 6865//6458 6817//6458
vn 0.3956 -0.8687 -0.2981
usemtl leaf_3
f 6817//6459 6865//6459 6866//6459 6818//6459
vn 0.1696 -0.9211 -0.3505
usemtl leaf_4
f 6818//6460 6866//6460 6867//6460 6819//6460
vn -0.0161 -0.8216 -0.5699
usemtl leaf_5
f 6819//6461 6867//6461 6868//6461 6820//6461
vn 0.5564 -0.6660 -0.4968
f 6820//6462 6868//6462 6869//6462 6821//6462
vn 0.4340 -0.5168 -0.7380
usemtl leaf_4
f 6821//6463 6869//6463 6870//6463 6822//6463
vn 0.6300 -0.7422 -0.2284
usemtl leaf_5
f 6822//6464 6870//6464 6871//6464 6823//6464
vn 0.3162 -0.8907 -0.3267
usemtl leaf_4
f 6823//6465 6871//6465 6872//6465 6824//6465
vn 0.3723 -0.9281 0.0058
f 6824//6466 6872//6466 6873//6466 6825//6466
vn 0.4255 -0.8951 0.1331
usemtl leaf_3
f 6825//6467 6873//6467 6874//6467 6826//6467
vn 0.6550 -0.7462 0.1189
usemtl leaf_4
f 6826//6468 6874//6468 6875//6468 6827//6468
vn 0.5255 -0.8498 0.0413
f 6827//6469 6875//6469 6876//6469 6828//6469
vn 0.4996 -0.8637 -0.0670
f 6828//6470 6876//6470 6877//6470 6829//6470
vn 0.4574 -0.8870 0.0633
f 6829//6471 6877//6471 6878//6471 6830//6471
vn 0.2324 -0.9704 0.0664
usemtl leaf_5
f 6830//6472 6878//6472 6879//6472 6831//6472
vn 0.3993 -0.9140 0.0718
f 6831//6473 6879//6473 6880//6473 6832//6473
vn 0.2436 -0.8537 0.4603
f 6832//6474 6880//6474 6881//6474 6833//6474
vn 0.1786 -0.8322 0.5250
usemtl leaf_4
f 6833//6475 6881//6475 6882//6475 6834//6475
vn 0.2833 -0.8025 0.5251
usemtl leaf_3
f 6834//6476 6882//6476 6883//6476 6835//6476
vn 0.4121 -0.7578 0.5059
usemtl leaf_4
f 6835//6477 6883//6477 6884//6477 6836//6477
vn 0.3399 -0.6888 0.6403
f 6836//6478 6884//6478 6885//6478 6837//6478
vn 0.2452 -0.5629 0.7893
f 6837//6479 6885//6479 6886//6479 6838//6479
vn 0.2670 -0.5171 0.8132
usemtl leaf_5
f 6838//6480 6886//6480 6887//6480 6839//6480
vn -0.1013 -0.8154 0.5700
f 6839//6481 6887//6481 6888//6481 6840//6481
vn -0.1103 -0.9131 0.3925
f 6840//6482 6888//6482 6889//6482 6841//6482
vn -0.3182 -0.9096 0.2670
usemtl leaf_4
f 6841//6483 6889//6483 6890//6483 6842//6483
vn -0.2387 -0.8315 0.5016
usemtl leaf_5
f 6842//6484 6890//6484 6891//6484 6843//6484
vn -0.5005 -0.7437 0.4433
usemtl leaf_4
f 6843//6485 6891//6485 6892//6485 6844//6485
vn -0.1535 -0.8936 0.4219
usemtl leaf_5
f 6844//6486 6892//6486 6893//6486 6845//6486
vn -0.5842 -0.7416 0.3298
f 6845//6487 6893//6487 6894//6487 6846//6487
vn -0.8615 -0.3346 0.3819
usemtl leaf_4
f 6846//6488 6894//6488 6895//6488 6847//6488
vn -0.7784 -0.5263 0.3423
usemtl leaf_3
f 6847//6489 6895//6489 6896//6489 6848//6489
vn -0.5381 -0.7853 0.3062
f 6848//6490 6896//6490 6897//6490 6849//6490
vn -0.3871 -0.9211 0.0426
f 6849//6491 6897//6491 6898//6491 6850//6491
vn -0.3586 -0.9071 0.2205
usemtl leaf_5
f 6850//6492 6898//6492 6851//6492 6803//6492
vn -0.5799 -0.7694 -0.2678
f 6851//6493 6899//6493 6900//6493 6852//6493
vn -0.6565 -0.7200 -0.2250
usemtl leaf_3
f 6852//6494 6900//6494 6901//6494 6853//6494
vn -0.6190 -0.7842 -0.0426
usemtl leaf_4
f 6853//6495 6901//6495 6902//6495 6854//6495
vn -0.5983 -0.7911 -0.1271
f 6854//6496 6902//6496 6903//6496 6855//6496
vn -0.6811 -0.7169 -0.1492
f 6855//6497 6903//6497 6904//6497 6856//6497
vn -0.4190 -0.7733 -0.4759
usemtl leaf_5
f 6856//6498 6904//6498 6905//6498 6857//6498
vn -0.3339 -0.7205 -0.6078
f 6857//6499 6905//6499 6906//6499 6858//6499
vn -0.3682 -0.4833 -0.7943
f 6858//6500 6906//6500 6907//6500 6859//6500
vn -0.1551 -0.7219 -0.6744
f 6859//6501 6907//6501 6908//6501 6860//6501
vn -0.1429 -0.8016 -0.5805
usemtl leaf_4
f 6860//6502 6908//6502 6909//6502 6861//6502
vn -0.4574 -0.6884 -0.5629
f 6861//6503 6909//6503 6910//6503 6862//6503
vn -0.0406 -0.8503 -0.5248
f 6862//6504 6910//6504 6911//6504 6863//6504
vn -0.0652 -0.9124 -0.4040
usemtl leaf_5
f 6863//6505 6911//6505 6912//6505 6864//6505
vn 0.0637 -0.9257 -0.3728
usemtl leaf_4
f 6864//6506 6912//6506 6913//6506 6865//6506
vn 0.2959 -0.8983 -0.3249
f 6865//6507 6913//6507 6914//6507 6866//6507
vn 0.3203 -0.8681 -0.3794
usemtl leaf_3
f 6866//6508 6914//6508 6915//6508 6867//6508
vn 0.3235 -0.6463 -0.6911
usemtl leaf_4
f 6867//6509 6915//6509 6916//6509 6868//6509
vn 0.5516 -0.6605 -0.5094
usemtl leaf_3
f 6868//6510 6916//6510 6917//6510 6869//6510
vn 0.1138 -0.8348 -0.5387
usemtl leaf_4
f 6869//6511 6917//6511 6918//6511 6870//6511
vn 0.2862 -0.9355 -0.2072
f 6870//6512 6918//6512 6919//6512 6871//6512
vn 0.4353 -0.8605 -0.2647
usemtl leaf_5
f 6871//6513 6919//6513 6920//6513 6872//6513
vn 0.8854 -0.4630 0.0414
usemtl leaf_4
f 6872//6514 6920//6514 6921//6514 6873//6514
vn 0.9067 -0.4207 0.0291
f 6873//6515 6921//6515 6922//6515 6874//6515
vn 0.6742 -0.7114 0.1985
f 6874//6516 6922//6516 6923//6516 6875//6516
vn 0.7211 -0.6799 -0.1332
usemtl leaf_3
f 6875//6517 6923//6517 6924//6517 6876//6517
vn 0.5996 -0.7991 -0.0439
f 6876//6518 6924//6518 6925//6518 6877//6518
vn 0.5593 -0.8285 0.0275
usemtl leaf_5
f 6877//6519 6925//6519 6926//6519 6878//6519
vn 0.7251 -0.6016 0.3352
f 6878//6520 6926//6520 6927//6520 6879//6520
vn 0.6909 -0.5368 0.4842
f 6879//6521 6927//6521 6928//6521 6880//6521
vn 0.5327 -0.5050 0.6791
f 6880//6522 6928//6522 6929//6522 6881//6522
vn 0.3647 -0.7782 0.5113
f 6881//6523 6929//6523 6930//6523 6882//6523
vn 0.2186 -0.9407 0.2595
usemtl leaf_3
f 6882//6524 6930//6524 6931//6524 6883//6524
vn 0.0723 -0.8796 0.4702
f 6883//6525 6931//6525 6932//6525 6884//6525
vn 0.3649 -0.8043 0.4689
usemtl leaf_4
f 6884//6526 6932//6526 6933//6526 6885//6526
vn 0.0634 -0.8830 0.4651
f 6885//6527 6933//6527 6934//6527 6886//6527
vn 0.1520 -0.7869 0.5980
usemtl leaf_5
f 6886//6528 6934//6528 6935//6528 6887//6528
vn 0.2250 -0.7549 0.6160
f 6887//6529 6935//6529 6936//6529 6888//6529
vn -0.2932 -0.7752 0.5596
f 6888//6530 6936//6530 6937//6530 6889//6530
vn -0.1279 -0.8531 0.5059
usemtl leaf_4
f 6889//6531 6937//6531 6938//6531 6890//6531
vn -0.2912 -0.9362 0.1970
f 6890//6532 6938//6532 6939//6532 6891//6532
vn -0.2351 -0.9354 0.2641
f 6891//6533 6939//6533 6940//6533 6892//6533
vn -0.3569 -0.8026 0.4779
usemtl leaf_5
f 6892//6534 6940//6534 6941//6534 6893//6534
vn -0.6826 -0.7063 0.1877
f 6893//6535 6941//6535 6942//6535 6894//6535
vn -0.3371 -0.9136 0.2274
usemtl leaf_4
f 6894//6536 6942//6536 6943//6536 6895//6536
vn -0.4597 -0.8799 0.1200
usemtl leaf_3
f 6895//6537 6943//6537 6944//6537 6896//6537
vn -0.5284 -0.7310 0.4318
f 6896//6538 6944//6538 6945//6538 6897//6538
vn -0.4033 -0.8611 0.3096
f 6897//6539 6945//6539 6946//6539 6898//6539
vn -0.4397 -0.8981 -0.0004
usemtl leaf_5
f 6898//6540 6946//6540 6899//6540 6851//6540
vn -0.4246 -0.8639 -0.2709
usemtl leaf_4
f 6899//6541 6947//6541 6948//6541 6900//6541
vn -0.4040 -0.9086 -0.1058
f 6900//6542 6948//6542 6949//6542 6901//6542
vn -0.5686 -0.7930 -0.2187
usemtl leaf_5
f 6901//6543 6949//6543 6950//6543 6902//6543
vn -0.7857 -0.5885 -0.1908
usemtl leaf_4
f 6902//6544 6950//6544 6951//6544 6903//6544
vn -0.6943 -0.7057 -0.1409
usemtl leaf_5
f 6903//6545 6951//6545 6952//6545 6904//6545
vn -0.4642 -0.6660 -0.5839
f 6904//6546 6952//6546 6953//6546 6905//6546
vn -0.3876 -0.8151 -0.4305
usemtl leaf_4
f 6905//6547 6953//6547 6954//6547 6906//6547
vn -0.0927 -0.9335 -0.3464
usemtl leaf_3
f 6906//6548 6954//6548 6955//6548 6907//6548
vn -0.1630 -0.8954 -0.4143
f 6907//6549 6955//6549 6956//6549 6908//6549
vn -0.0620 -0.8723 -0.4851
usemtl leaf_4
f 6908//6550 6956//6550 6957//6550 6909//6550
vn -0.2925 -0.7810 -0.5518
f 6909//6551 6957//6551 6958//6551 6910//6551
vn -0.0730 -0.4286 -0.9005
f 6910//6552 6958//6552 6959//6552 6911//6552
vn -0.2431 -0.4630 -0.8524
f 6911//6553 6959//6553 6960//6553 6912//6553
vn 0.3590 -0.4066 -0.8401
usemtl leaf_3
f 6912//6554 6960//6554 6961//6554 6913//6554
vn 0.3961 -0.3729 -0.8391
usemtl leaf_4
f 6913//6555 6961//6555 6962//6555 6914//6555
vn 0.6371 -0.4615 -0.6173
usemtl leaf_3
f 6914//6556 6962//6556 6963//6556 6915//6556
vn 0.5491 -0.4260 -0.7191
usemtl leaf_4
f 6915//6557 6963//6557 6964//6557 6916//6557
vn 0.2952 -0.6355 -0.7134
f 6916//6558 6964//6558 6965//6558 6917//6558
vn 0.4430 -0.4926 -0.7491
f 6917//6559 6965//6559 6966//6559 6918//6559
vn 0.7018 -0.2441 -0.6693
usemtl leaf_5
f 6918//6560 6966//6560 6967//6560 6919//6560
vn 0.6739 -0.6641 -0.3238
f 6919//6561 6967//6561 6968//6561 6920//6561
vn 0.6003 -0.7849 0.1536
usemtl leaf_4
f 6920//6562 6968//6562 6969//6562 6921//6562
vn 0.5539 -0.8323 -0.0212
usemtl leaf_3
f 6921//6563 6969//6563 6970//6563 6922//6563
vn 0.5736 -0.8170 0.0595
usemtl leaf_4
f 6922//6564 6970//6564 6971//6564 6923//6564
vn 0.4985 -0.8663 -0.0336
usemtl leaf_3
f 6923//6565 6971//6565 6972//6565 6924//6565
vn 0.6327 -0.7660 -0.1138
usemtl leaf_5
f 6924//6566 6972//6566 6973//6566 6925//6566
vn 0.7720 -0.4659 0.4324
usemtl leaf_4
f 6925//6567 6973//6567 6974//6567 6926//6567
vn 0.8341 -0.4455 0.3253
f 6926//6568 6974//6568 6975//6568 6927//6568
vn 0.6431 -0.6563 0.3946
f 6927//6569 6975//6569 6976//6569 6928//6569
vn 0.4129 -0.8228 0.3904
f 6928//6570 6976//6570 6977//6570 6929//6570
vn 0.4001 -0.8799 0.2565
usemtl leaf_5
f 6929//6571 6977//6571 6978//6571 6930//6571
vn 0.3392 -0.8469 0.4094
usemtl leaf_4
f 6930//6572 6978//6572 6979//6572 6931//6572
vn -0.0643 -0.7451 0.6638
f 6931//6573 6979//6573 6980//6573 6932//6573
vn 0.4359 -0.6916 0.5758
f 6932//6574 6980//6574 6981//6574 6933//6574
vn 0.0224 -0.4500 0.8928
usemtl leaf_3
f 6933//6575 6981//6575 6982//6575 6934//6575
vn 0.1928 -0.5383 0.8204
usemtl leaf_5
f 6934//6576 6982//6576 6983//6576 6935//6576
vn 0.1082 -0.3772 0.9198
f 6935//6577 6983//6577 6984//6577 6936//6577
vn 0.0182 -0.6871 0.7263
usemtl leaf_4
f 6936//6578 6984//6578 6985//6578 6937//6578
vn -0.1247 -0.8771 0.4637
usemtl leaf_5
f 6937//6579 6985//6579 6986//6579 6938//6579
vn -0.4769 -0.7018 0.5292
f 6938//6580 6986//6580 6987//6580 6939//6580
vn -0.3390 -0.8243 0.4534
usemtl leaf_4
f 6939//6581 6987//6581 6988//6581 6940//6581
vn -0.5157 -0.8134 0.2692
usemtl leaf_5
f 6940//6582 6988//6582 6989//6582 6941//6582
vn -0.7239 -0.6357 0.2681
usemtl leaf_4
f 6941//6583 6989//6583 6990//6583 6942//6583
vn -0.8413 -0.1941 0.5045
f 6942//6584 6990//6584 6991//6584 6943//6584
vn -0.8633 -0.3526 0.3612
f 6943//6585 6991//6585 6992//6585 6944//6585
vn -0.3828 -0.7973 0.4667
usemtl leaf_3
f 6944//6586 6992//6586 6993//6586 6945//6586
vn -0.6361 -0.7173 0.2843
f 6945//6587 6993//6587 6994//6587 6946//6587
vn -0.6730 -0.7249 0.1469
usemtl leaf_4
f 6946//6588 6994//6588 6947//6588 6899//6588
vn -0.6524 -0.7113 -0.2616
usemtl leaf_5
f 6947//6589 6995//6589 6996//6589 6948//6589
vn -0.7501 -0.5652 -0.3433
usemtl leaf_3
f 6948//6590 6996//6590 6997//6590 6949//6590
vn -0.7845 -0.3915 -0.4809
f 6949//6591 6997//6591 6998//6591 6950//6591
vn -0.8209 -0.5579 -0.1219
usemtl leaf_4
f 6950//6592 6998//6592 6999//6592 6951//6592
vn -0.8460 -0.4722 -0.2475
f 6951//6593 6999//6593 7000//6593 6952//6593
vn -0.5199 -0.3629 -0.7733
usemtl leaf_5
f 6952//6594 7000//6594 7001//6594 6953//6594
vn -0.7834 -0.4884 -0.3844
f 6953//6595 7001//6595 7002//6595 6954//6595
vn -0.2504 -0.4041 -0.8798
usemtl leaf_3
f 6954//6596 7002//6596 7003//6596 6955//6596
vn -0.2808 -0.3372 -0.8986
usemtl leaf_4
f 6955//6597 7003//6597 7004//6597 6956//6597
vn -0.3096 -0.5565 -0.7710
f 6956//6598 7004//6598 7005//6598 6957//6598
vn 0.0033 -0.4378 -0.8990
f 6957//6599 7005//6599 7006//6599 6958//6599
vn -0.1314 -0.4068 -0.9040
usemtl leaf_3
f 6958//6600 7006//6600 7007//6600 6959//6600
vn -0.2503 -0.4516 -0.8564
usemtl leaf_4
f 6959//6601 7007//6601 7008//6601 6960//6601
vn 0.3362 -0.5505 -0.7641
usemtl leaf_3
f 6960//6602 7008//6602 7009//6602 6961//6602
vn 0.2628 -0.6704 -0.6939
usemtl leaf_4
f 6961//6603 7009//6603 7010//6603 6962//6603
vn 0.2850 -0.8466 -0.4494
usemtl leaf_3
f 6962//6604 7010//6604 7011//6604 6963//6604
vn 0.2246 -0.9344 -0.2763
usemtl leaf_4
f 6963//6605 7011//6605 7012//6605 6964//6605
vn 0.3829 -0.7709 -0.5090
usemtl leaf_3
f 6964//6606 7012//6606 7013//6606 6965//6606
vn 0.4584 -0.5949 -0.6603
f 6965//6607 7013//6607 7014//6607 6966//6607
vn 0.4681 -0.7284 -0.5003
usemtl leaf_5
f 6966//6608 7014//6608 7015//6608 6967//6608
vn 0.7941 -0.4492 -0.4095
usemtl leaf_4
f 6967//6609 7015//6609 7016//6609 6968//6609
vn 0.9298 -0.3680 -0.0045
f 6968//6610 7016//6610 7017//6610 6969//6610
vn 0.7545 -0.6503 -0.0880
f 6969//6611 7017//6611 7018//6611 6970//6611
vn 0.7124 -0.6981 0.0719
f 6970//6612 7018//6612 7019//6612 6971//6612
vn 0.8196 -0.5725 -0.0238
f 6971//6613 7019//6613 7020//6613 6972//6613
vn 0.8088 -0.5881 -0.0008
usemtl leaf_3
f 6972//6614 7020//6614 7021//6614 6973//6614
vn 0.6081 -0.6565 0.4463
f 6973//6615 7021//6615 7022//6615 6974//6615
vn 0.6680 -0.7359 0.1107
f 6974//6616 7022//6616 7023//6616 6975//6616
vn 0.5660 -0.7311 0.3811
usemtl leaf_4
f 6975//6617 7023//6617 7024//6617 6976//6617
vn 0.6527 -0.5730 0.4956
f 6976//6618 7024//6618 7025//6618 6977//6618
vn 0.6443 -0.1914 0.7404
f 6977//6619 7025//6619 7026//6619 6978//6619
vn 0.6501 -0.0932 0.7541
usemtl leaf_3
f 6978//6620 7026//6620 7027//6620 6979//6620
vn 0.0749 -0.4835 0.8722
usemtl leaf_5
f 6979//6621 7027//6621 7028//6621 6980//6621
vn 0.2653 -0.3662 0.8919
usemtl leaf_4
f 6980//6622 7028//6622 7029//6622 6981//6622
vn 0.0810 -0.2847 0.9552
usemtl leaf_3
f 6981//6623 7029//6623 7030//6623 6982//6623
vn 0.2903 -0.4245 0.8576
f 6982//6624 7030//6624 7031//6624 6983//6624
vn -0.0404 -0.5268 0.8490
usemtl leaf_5
f 6983//6625 7031//6625 7032//6625 6984//6625
vn 0.2836 -0.4003 0.8714
f 6984//6626 7032//6626 7033//6626 6985//6626
vn -0.2214 -0.5616 0.7973
f 6985//6627 7033//6627 7034//6627 6986//6627
vn -0.2843 -0.8650 0.4134
f 6986//6628 7034//6628 7035//6628 6987//6628
vn -0.6924 -0.5516 0.4652
f 6987//6629 7035//6629 7036//6629 6988//6629
vn -0.8599 0.1385 0.4914
usemtl leaf_3
f 6988//6630 7036//6630 7037//6630 6989//6630
vn -0.9021 -0.0909 0.4218
f 6989//6631 7037//6631 7038//6631 6990//6631
vn -0.6110 -0.6817 0.4024
usemtl leaf_2
f 6990//6632 7038//6632 7039//6632 6991//6632
vn -0.2916 -0.8777 0.3803
usemtl leaf_4
f 6991//6633 7039//6633 7040//6633 6992//6633
vn -0.3427 -0.8484 0.4035
f 6992//6634 7040//6634 7041//6634 6993//6634
vn -0.7003 -0.7113 -0.0604
f 6993//6635 7041//6635 7042//6635 6994//6635
vn -0.7231 -0.5590 0.4059
usemtl leaf_3
f 6994//6636 7042//6636 6995//6636 6947//6636
vn -0.9187 -0.3367 -0.2064
f 6995//6637 7043//6637 7044//6637 6996//6637
vn -0.6640 -0.6818 -0.3071
usemtl leaf_4
f 6996//6638 7044//6638 7045//6638 6997//6638
vn -0.5666 -0.7058 -0.4253
f 6997//6639 7045//6639 7046//6639 6998//6639
vn -0.8357 -0.5411 -0.0939
f 6998//6640 7046//6640 7047//6640 6999//6640
vn -0.7893 -0.4505 -0.4172
usemtl leaf_3
f 6999//6641 7047//6641 7048//6641 7000//6641
vn -0.5839 -0.4524 -0.6741
f 7000//6642 7048//6642 7049//6642 7001//6642
vn -0.7875 -0.2232 -0.5745
f 7001//6643 7049//6643 7050//6643 7002//6643
vn -0.4007 -0.3435 -0.8494
usemtl leaf_4
f 7002//6644 7050//6644 7051//6644 7003//6644
vn -0.2912 -0.8037 -0.5189
f 7003//6645 7051//6645 7052//6645 7004//6645
vn -0.1072 -0.6744 -0.7306
usemtl leaf_3
f 7004//6646 7052//6646 7053//6646 7005//6646
vn 0.0058 -0.4939 -0.8695
usemtl leaf_2
f 7005//6647 7053//6647 7054//6647 7006//6647
vn -0.2433 -0.7241 -0.6454
usemtl leaf_3
f 7006//6648 7054//6648 7055//6648 7007//6648
vn -0.0831 -0.7182 -0.6909
usemtl leaf_5
f 7007//6649 7055//6649 7056//6649 7008//6649
vn 0.3505 -0.4379 -0.8279
usemtl leaf_4
f 7008//6650 7056//6650 7057//6650 7009//6650
vn 0.2111 -0.4741 -0.8548
usemtl leaf_3
f 7009//6651 7057//6651 7058//6651 7010//6651
vn 0.4489 -0.3348 -0.8285
usemtl leaf_5
f 7010//6652 7058//6652 7059//6652 7011//6652
vn 0.6032 0.1031 -0.7909
usemtl leaf_4
f 7011//6653 7059//6653 7060//6653 7012//6653
vn 0.7620 -0.1961 -0.6172
f 7012//6654 7060//6654 7061//6654 7013//6654
vn 0.3712 -0.4331 -0.8214
usemtl leaf_3
f 7013//6655 7061//6655 7062//6655 7014//6655
vn 0.9101 0.0495 -0.4113
usemtl leaf_5
f 7014//6656 7062//6656 7063//6656 7015//6656
vn 0.8060 -0.0207 -0.5915
usemtl leaf_3
f 7015//6657 7063//6657 7064//6657 7016//6657
vn 0.8233 -0.5603 -0.0904
usemtl leaf_4
f 7016//6658 7064//6658 7065//6658 7017//6658
vn 0.8323 -0.5332 -0.1514
usemtl leaf_2
f 7017//6659 7065//6659 7066//6659 7018//6659
vn 0.7235 -0.6894 -0.0365
usemtl leaf_3
f 7018//6660 7066//6660 7067//6660 7019//6660
vn 0.6318 -0.7705 0.0846
f 7019//6661 7067//6661 7068//6661 7020//6661
vn 0.8556 -0.5105 0.0855
f 7020//6662 7068//6662 7069//6662 7021//6662
vn 0.7853 -0.4676 0.4058
usemtl leaf_4
f 7021//6663 7069//6663 7070//6663 7022//6663
vn 0.8920 -0.0964 0.4416
f 7022//6664 7070//6664 7071//6664 7023//6664
vn 0.8372 0.2198 0.5007
f 7023//6665 7071//6665 7072//6665 7024//6665
vn 0.7743 -0.1191 0.6216
usemtl leaf_3
f 7024//6666 7072//6666 7073//6666 7025//6666
vn 0.5694 -0.5428 0.6173
usemtl leaf_4
f 7025//6667 7073//6667 7074//6667 7026//6667
vn 0.5101 -0.7243 0.4638
f 7026//6668 7074//6668 7075//6668 7027//6668
vn 0.1484 -0.7141 0.6841
usemtl leaf_3
f 7027//6669 7075//6669 7076//6669 7028//6669
vn 0.0694 -0.7705 0.6337
usemtl leaf_4
f 7028//6670 7076//6670 7077//6670 7029//6670
vn 0.1500 -0.8096 0.5675
usemtl leaf_3
f 7029//6671 7077//6671 7078//6671 7030//6671
vn -0.0407 -0.5435 0.8384
usemtl leaf_2
f 7030//6672 7078//6672 7079//6672 7031//6672
vn 0.1580 -0.2024 0.9665
usemtl leaf_4
f 7031//6673 7079//6673 7080//6673 7032//6673
vn 0.1589 -0.4017 0.9019
f 7032//6674 7080//6674 7081//6674 7033//6674
vn -0.2074 -0.1367 0.9687
usemtl leaf_5
f 7033//6675 7081//6675 7082//6675 7034//6675
vn -0.3699 0.0842 0.9253
f 7034//6676 7082//6676 7083//6676 7035//6676
vn -0.8343 -0.4132 0.3651
usemtl leaf_4
f 7035//6677 7083//6677 7084//6677 7036//6677
vn -0.4853 -0.8077 0.3348
f 7036//6678 7084//6678 7085//6678 7037//6678
vn -0.5587 -0.8002 0.2178
usemtl leaf_2
f 7037//6679 7085//6679 7086//6679 7038//6679
vn -0.5937 -0.5991 0.5371
f 7038//6680 7086//6680 7087//6680 7039//6680
vn -0.6374 -0.3147 0.7033
f 7039//6681 7087//6681 7088//6681 7040//6681
vn -0.6758 -0.4121 0.6111
usemtl leaf_4
f 7040//6682 7088//6682 7089//6682 7041//6682
vn -0.8597 -0.4650 -0.2115
usemtl leaf_3
f 7041//6683 7089//6683 7090//6683 7042//6683
vn -0.8410 -0.3328 0.4266
f 7042//6684 7090//6684 7043//6684 6995//6684
vn -0.9716 0.2281 -0.0636
usemtl leaf_4
f 7043//6685 7091//6685 7092//6685 7044//6685
vn -0.9634 -0.2610 -0.0617
f 7044//6686 7092//6686 7093//6686 7045//6686
vn -0.6247 -0.5515 -0.5528
f 7045//6687 7093//6687 7094//6687 7046//6687
vn -0.9055 -0.1416 -0.4000
usemtl leaf_2
f 7046//6688 7094//6688 7095//6688 7047//6688
vn -0.8512 0.2647 -0.4532
usemtl leaf_4
f 7047//6689 7095//6689 7096//6689 7048//6689
vn -0.7194 0.0950 -0.6881
f 7048//6690 7096//6690 7097//6690 7049//6690
vn -0.6633 0.0923 -0.7427
f 7049//6691 7097//6691 7098//6691 7050//6691
vn -0.6514 0.0952 -0.7527
usemtl leaf_3
f 7050//6692 7098//6692 7099//6692 7051//6692
vn -0.5203 0.2072 -0.8284
usemtl leaf_4
f 7051//6693 7099//6693 7100//6693 7052//6693
vn -0.1882 -0.2970 -0.9361
f 7052//6694 7100//6694 7101//6694 7053//6694
vn -0.0534 -0.6620 -0.7476
usemtl leaf_3
f 7053//6695 7101//6695 7102//6695 7054//6695
vn -0.2649 -0.4405 -0.8578
f 7054//6696 7102//6696 7103//6696 7055//6696
vn 0.2676 0.3329 -0.9042
usemtl leaf_4
f 7055//6697 7103//6697 7104//6697 7056//6697
vn 0.2686 0.4881 -0.8304
usemtl leaf_3
f 7056//6698 7104//6698 7105//6698 7057//6698
vn 0.0779 0.1108 -0.9908
usemtl leaf_4
f 7057//6699 7105//6699 7106//6699 7058//6699
vn 0.3495 -0.5193 -0.7799
f 7058//6700 7106//6700 7107//6700 7059//6700
vn 0.5037 -0.7061 -0.4977
usemtl leaf_2
f 7059//6701 7107//6701 7108//6701 7060//6701
vn 0.4153 -0.6975 -0.5840
usemtl leaf_3
f 7060//6702 7108//6702 7109//6702 7061//6702
vn 0.7324 -0.2443 -0.6356
f 7061//6703 7109//6703 7110//6703 7062//6703
vn 0.9143 0.1368 -0.3813
f 7062//6704 7110//6704 7111//6704 7063//6704
vn 0.7188 -0.0167 -0.6950
usemtl leaf_4
f 7063//6705 7111//6705 7112//6705 7064//6705
vn 0.9665 0.0519 -0.2512
usemtl leaf_3
f 7064//6706 7112//6706 7113//6706 7065//6706
vn 0.9056 -0.3640 -0.2176
usemtl leaf_4
f 7065//6707 7113//6707 7114//6707 7066//6707
vn 0.8063 -0.5516 -0.2137
usemtl leaf_3
f 7066//6708 7114//6708 7115//6708 7067//6708
vn 0.8954 -0.2069 0.3943
f 7067//6709 7115//6709 7116//6709 7068//6709
vn 0.9907 -0.0739 0.1147
usemtl leaf_2
f 7068//6710 7116//6710 7117//6710 7069//6710
vn 0.8678 -0.4100 0.2809
usemtl leaf_4
f 7069//6711 7117//6711 7118//6711 7070//6711
vn 0.6347 -0.4121 0.6537
usemtl leaf_3
f 7070//6712 7118//6712 7119//6712 7071//6712
vn 0.7882 -0.5876 0.1831
f 7071//6713 7119//6713 7120//6713 7072//6713
vn 0.5304 -0.7372 0.4187
f 7072//6714 7120//6714 7121//6714 7073//6714
vn 0.5952 -0.4410 0.6717
usemtl leaf_4
f 7073//6715 7121//6715 7122//6715 7074//6715
vn 0.7418 -0.1840 0.6448
usemtl leaf_3
f 7074//6716 7122//6716 7123//6716 7075//6716
vn 0.1271 -0.0615 0.9900
f 7075//6717 7123//6717 7124//6717 7076//6717
vn 0.4304 -0.3352 0.8381
f 7076//6718 7124//6718 7125//6718 7077//6718
vn 0.1177 -0.6198 0.7759
f 7077//6719 7125//6719 7126//6719 7078//6719
vn -0.1534 -0.6409 0.7522
f 7078//6720 7126//6720 7127//6720 7079//6720
vn 0.0368 -0.5626 0.8259
usemtl leaf_2
f 7079//6721 7127//6721 7128//6721 7080//6721
vn -0.0033 0.1847 0.9828
usemtl leaf_4
f 7080//6722 7128//6722 7129//6722 7081//6722
vn -0.2795 0.3670 0.8872
usemtl leaf_3
f 7081//6723 7129//6723 7130//6723 7082//6723
vn -0.3497 0.3299 0.8769
usemtl leaf_4
f 7082//6724 7130//6724 7131//6724 7083//6724
vn -0.6660 0.0306 0.7453
f 7083//6725 7131//6725 7132//6725 7084//6725
vn -0.7510 -0.2752 0.6002
usemtl leaf_2
f 7084//6726 7132//6726 7133//6726 7085//6726
vn -0.6516 -0.6147 0.4445
usemtl leaf_4
f 7085//6727 7133//6727 7134//6727 7086//6727
vn -0.5701 -0.7723 0.2802
usemtl leaf_3
f 7086//6728 7134//6728 7135//6728 7087//6728
vn -0.5593 -0.6245 0.5452
f 7087//6729 7135//6729 7136//6729 7088//6729
vn -0.7865 -0.2604 0.5600
usemtl leaf_4
f 7088//6730 7136//6730 7137//6730 7089//6730
vn -0.9257 -0.3773 -0.0277
usemtl leaf_3
f 7089//6731 7137//6731 7138//6731 7090//6731
vn -0.9712 -0.2213 0.0881
usemtl leaf_4
f 7090//6732 7138//6732 7091//6732 7043//6732
vn -0.8484 -0.5169 0.1144
usemtl leaf_3
f 7091//6733 7139//6733 7140//6733 7092//6733
vn -0.8499 -0.5268 -0.0135
usemtl leaf_4
f 7092//6734 7140//6734 7141//6734 7093//6734
vn -0.7322 -0.2842 -0.6190
usemtl leaf_3
f 7093//6735 7141//6735 7142//6735 7094//6735
vn -0.7375 -0.2032 -0.6441
f 7094//6736 7142//6736 7143//6736 7095//6736
vn -0.9057 -0.1462 -0.3980
usemtl leaf_2
f 7095//6737 7143//6737 7144//6737 7096//6737
vn -0.7204 -0.1273 -0.6817
f 7096//6738 7144//6738 7145//6738 7097//6738
vn -0.6652 -0.1577 -0.7298
usemtl leaf_3
f 7097//6739 7145//6739 7146//6739 7098//6739
vn -0.6751 -0.3519 -0.6483
f 7098//6740 7146//6740 7147//6740 7099//6740
vn -0.4516 -0.6580 -0.6026
f 7099//6741 7147//6741 7148//6741 7100//6741
vn -0.1820 -0.4565 -0.8709
f 7100//6742 7148//6742 7149//6742 7101//6742
vn -0.0181 0.1437 -0.9895
usemtl leaf_2
f 7101//6743 7149//6743 7150//6743 7102//6743
vn -0.2448 0.0307 -0.9691
usemtl leaf_3
f 7102//6744 7150//6744 7151//6744 7103//6744
vn 0.5367 -0.0680 -0.8410
f 7103//6745 7151//6745 7152//6745 7104//6745
vn 0.1211 -0.0529 -0.9912
usemtl leaf_2
f 7104//6746 7152//6746 7153//6746 7105//6746
vn 0.0004 -0.1523 -0.9883
usemtl leaf_3
f 7105//6747 7153//6747 7154//6747 7106//6747
vn 0.2592 0.0225 -0.9656
f 7106//6748 7154//6748 7155//6748 7107//6748
vn 0.5639 -0.2773 -0.7779
f 7107//6749 7155//6749 7156//6749 7108//6749
vn 0.7740 -0.0750 -0.6288
usemtl leaf_4
f 7108//6750 7156//6750 7157//6750 7109//6750
vn 0.8195 0.0514 -0.5708
usemtl leaf_3
f 7109//6751 7157//6751 7158//6751 7110//6751
vn 0.9037 -0.1615 -0.3965
usemtl leaf_2
f 7110//6752 7158//6752 7159//6752 7111//6752
vn 0.7858 0.3246 -0.5265
f 7111//6753 7159//6753 7160//6753 7112//6753
vn 0.8116 -0.1096 -0.5738
usemtl leaf_4
f 7112//6754 7160//6754 7161//6754 7113//6754
vn 0.7191 -0.6277 -0.2983
usemtl leaf_3
f 7113//6755 7161//6755 7162//6755 7114//6755
vn 0.8524 -0.5131 -0.1005
f 7114//6756 7162//6756 7163//6756 7115//6756
vn 0.7682 -0.5249 0.3665
usemtl leaf_4
f 7115//6757 7163//6757 7164//6757 7116//6757
vn 0.9175 -0.2029 0.3421
usemtl leaf_2
f 7116//6758 7164//6758 7165//6758 7117//6758
vn 0.7456 0.6046 0.2802
usemtl leaf_3
f 7117//6759 7165//6759 7166//6759 7118//6759
vn 0.7601 0.4079 0.5059
usemtl leaf_2
f 7118//6760 7166//6760 7167//6760 7119//6760
vn 0.9889 0.0189 0.1475
usemtl leaf_3
f 7119//6761 7167//6761 7168//6761 7120//6761
vn 0.7891 0.0128 0.6141
f 7120//6762 7168//6762 7169//6762 7121//6762
vn 0.5029 -0.1275 0.8549
f 7121//6763 7169//6763 7170//6763 7122//6763
vn 0.7367 0.0475 0.6745
usemtl leaf_4
f 7122//6764 7170//6764 7171//6764 7123//6764
vn 0.1380 -0.0522 0.9891
f 7123//6765 7171//6765 7172//6765 7124//6765
vn 0.4932 0.1006 0.8641
f 7124//6766 7172//6766 7173//6766 7125//6766
vn 0.1563 0.3393 0.9276
usemtl leaf_3
f 7125//6767 7173//6767 7174//6767 7126//6767
vn 0.0257 -0.0552 0.9981
f 7126//6768 7174//6768 7175//6768 7127//6768
vn -0.1195 -0.3100 0.9432
usemtl leaf_2
f 7127//6769 7175//6769 7176//6769 7128//6769
vn -0.3531 -0.0472 0.9344
usemtl leaf_4
f 7128//6770 7176//6770 7177//6770 7129//6770
vn -0.2777 0.4779 0.8333
usemtl leaf_3
f 7129//6771 7177//6771 7178//6771 7130//6771
vn -0.2641 0.4010 0.8772
usemtl leaf_4
f 7130//6772 7178//6772 7179//6772 7131//6772
vn -0.4102 -0.0607 0.9100
f 7131//6773 7179//6773 7180//6773 7132//6773
vn -0.6913 -0.4207 0.5875
f 7132//6774 7180//6774 7181//6774 7133//6774
vn -0.4916 -0.5887 0.6417
f 7133//6775 7181//6775 7182//6775 7134//6775
vn -0.8366 -0.4936 0.2376
usemtl leaf_2
f 7134//6776 7182//6776 7183//6776 7135//6776
vn -0.8055 -0.1730 0.5668
f 7135//6777 7183//6777 7184//6777 7136//6777
vn -0.9095 0.0298 0.4146
usemtl leaf_4
f 7136//6778 7184//6778 7185//6778 7137//6778
vn -0.9716 0.1814 0.1519
usemtl leaf_3
f 7137//6779 7185//6779 7186//6779 7138//6779
vn -0.9967 -0.0453 -0.0679
f 7138//6780 7186//6780 7139//6780 7091//6780
vn -0.9111 0.4110 0.0303
f 7139//6781 7187//6781 7188//6781 7140//6781
vn -0.8496 0.5274 0.0077
usemtl leaf_2
f 7140//6782 7188//6782 7189//6782 7141//6782
vn -0.7787 0.1606 -0.6065
usemtl leaf_4
f 7141//6783 7189//6783 7190//6783 7142//6783
vn -0.7961 -0.2845 -0.5341
usemtl leaf_2
f 7142//6784 7190//6784 7191//6784 7143//6784
vn -0.7385 0.0559 -0.6720
f 7143//6785 7191//6785 7192//6785 7144//6785
vn -0.6138 0.5673 -0.5490
usemtl leaf_3
f 7144//6786 7192//6786 7193//6786 7145//6786
vn -0.5632 0.5493 -0.6172
usemtl leaf_2
f 7145//6787 7193//6787 7194//6787 7146//6787
vn -0.8269 0.2751 -0.4905
usemtl leaf_3
f 7146//6788 7194//6788 7195//6788 7147//6788
vn -0.5852 0.2283 -0.7781
usemtl leaf_4
f 7147//6789 7195//6789 7196//6789 7148//6789
vn -0.2538 -0.2435 -0.9361
f 7148//6790 7196//6790 7197//6790 7149//6790
vn 0.1266 -0.5069 -0.8527
usemtl leaf_3
f 7149//6791 7197//6791 7198//6791 7150//6791
vn -0.1653 0.0540 -0.9848
usemtl leaf_4
f 7150//6792 7198//6792 7199//6792 7151//6792
vn 0.4730 0.1355 -0.8706
usemtl leaf_2
f 7151//6793 7199//6793 7200//6793 7152//6793
vn -0.0710 -0.4437 -0.8934
usemtl leaf_3
f 7152//6794 7200//6794 7201//6794 7153//6794
vn 0.1667 -0.4099 -0.8968
f 7153//6795 7201//6795 7202//6795 7154//6795
vn 0.2388 -0.2514 -0.9380
usemtl leaf_4
f 7154//6796 7202//6796 7203//6796 7155//6796
vn 0.5917 0.0228 -0.8058
usemtl leaf_3
f 7155//6797 7203//6797 7204//6797 7156//6797
vn 0.8523 0.1706 -0.4944
f 7156//6798 7204//6798 7205//6798 7157//6798
vn 0.7024 0.0135 -0.7117
f 7157//6799 7205//6799 7206//6799 7158//6799
vn 0.9518 0.1710 -0.2544
f 7158//6800 7206//6800 7207//6800 7159//6800
vn 0.8207 -0.0209 -0.5710
usemtl leaf_2
f 7159//6801 7207//6801 7208//6801 7160//6801
vn 0.7267 0.0575 -0.6845
usemtl leaf_3
f 7160//6802 7208//6802 7209//6802 7161//6802
vn 0.7784 0.5977 -0.1917
f 7161//6803 7209//6803 7210//6803 7162//6803
vn 0.7658 0.6346 -0.1037
usemtl leaf_4
f 7162//6804 7210//6804 7211//6804 7163//6804
vn 0.9093 0.3490 0.2266
usemtl leaf_3
f 7163//6805 7211//6805 7212//6805 7164//6805
vn 0.8407 -0.0222 0.5410
usemtl leaf_2
f 7164//6806 7212//6806 7213//6806 7165//6806
vn 0.8023 -0.5483 0.2359
usemtl leaf_3
f 7165//6807 7213//6807 7214//6807 7166//6807
vn 0.6953 -0.6473 0.3124
usemtl leaf_1
f 7166//6808 7214//6808 7215//6808 7167//6808
vn 0.8988 -0.0968 0.4276
usemtl leaf_3
f 7167//6809 7215//6809 7216//6809 7168//6809
vn 0.8269 0.2963 0.4779
usemtl leaf_2
f 7168//6810 7216//6810 7217//6810 7169//6810
vn 0.5287 0.0969 0.8433
usemtl leaf_4
f 7169//6811 7217//6811 7218//6811 7170//6811
vn 0.6898 0.0107 0.7239
f 7170//6812 7218//6812 7219//6812 7171//6812
vn 0.2462 0.0151 0.9691
usemtl leaf_2
f 7171//6813 7219//6813 7220//6813 7172//6813
vn 0.2617 0.1473 0.9538
usemtl leaf_4
f 7172//6814 7220//6814 7221//6814 7173//6814
vn 0.3280 0.0682 0.9422
usemtl leaf_3
f 7173//6815 7221//6815 7222//6815 7174//6815
vn -0.0020 0.1827 0.9832
f 7174//6816 7222//6816 7223//6816 7175//6816
vn -0.1069 0.4517 0.8857
usemtl leaf_2
f 7175//6817 7223//6817 7224//6817 7176//6817
vn -0.3659 0.2558 0.8948
usemtl leaf_3
f 7176//6818 7224//6818 7225//6818 7177//6818
vn -0.4326 -0.0057 0.9016
f 7177//6819 7225//6819 7226//6819 7178//6819
vn -0.2031 0.1798 0.9625
f 7178//6820 7226//6820 7227//6820 7179//6820
vn -0.2522 0.1303 0.9589
f 7179//6821 7227//6821 7228//6821 7180//6821
vn -0.5644 -0.3130 0.7639
f 7180//6822 7228//6822 7229//6822 7181//6822
vn -0.6634 -0.3021 0.6846
f 7181//6823 7229//6823 7230//6823 7182//6823
vn -0.7856 -0.4925 0.3745
usemtl leaf_4
f 7182//6824 7230//6824 7231//6824 7183//6824
vn -0.8385 -0.4953 0.2270
usemtl leaf_2
f 7183//6825 7231//6825 7232//6825 7184//6825
vn -0.9317 0.1642 0.3240
usemtl leaf_3
f 7184//6826 7232//6826 7233//6826 7185//6826
vn -0.9649 0.2192 0.1445
f 7185//6827 7233//6827 7234//6827 7186//6827
vn -0.9908 0.0692 0.1163
usemtl leaf_2
f 7186//6828 7234//6828 7187//6828 7139//6828
vn -0.9073 0.4198 -0.0251
usemtl leaf_3
f 7187//6829 7235//6829 7236//6829 7188//6829
vn -0.8940 0.4475 -0.0230
usemtl leaf_2
f 7188//6830 7236//6830 7237//6830 7189//6830
vn -0.7117 0.5724 -0.4073
usemtl leaf_3
f 7189//6831 7237//6831 7238//6831 7190//6831
vn -0.7234 0.5530 -0.4133
usemtl leaf_2
f 7190//6832 7238//6832 7239//6832 7191//6832
vn -0.5486 0.4310 -0.7164
usemtl leaf_1
f 7191//6833 7239//6833 7240//6833 7192//6833
vn -0.8489 -0.1647 -0.5022
f 7192//6834 7240//6834 7241//6834 7193//6834
vn -0.5411 -0.2273 -0.8097
usemtl leaf_2
f 7193//6835 7241//6835 7242//6835 7194//6835
vn -0.8283 0.3160 -0.4627
f 7194//6836 7242//6836 7243//6836 7195//6836
vn -0.3054 0.6766 -0.6700
usemtl leaf_3
f 7195//6837 7243//6837 7244//6837 7196//6837
vn -0.3749 0.7585 -0.5330
usemtl leaf_2
f 7196//6838 7244//6838 7245//6838 7197//6838
vn 0.0168 0.4195 -0.9076
usemtl leaf_4
f 7197//6839 7245//6839 7246//6839 7198//6839
vn 0.0435 -0.1016 -0.9939
usemtl leaf_2
f 7198//6840 7246//6840 7247//6840 7199//6840
vn 0.3010 -0.1719 -0.9380
f 7199//6841 7247//6841 7248//6841 7200//6841
vn -0.0273 0.1720 -0.9847
usemtl leaf_3
f 7200//6842 7248//6842 7249//6842 7201//6842
vn 0.2725 0.4914 -0.8272
f 7201//6843 7249//6843 7250//6843 7202//6843
vn 0.2564 0.7057 -0.6605
usemtl leaf_2
f 7202//6844 7250//6844 7251//6844 7203//6844
vn 0.4168 0.6673 -0.6173
usemtl leaf_3
f 7203//6845 7251//6845 7252//6845 7204//6845
vn 0.7561 0.2382 -0.6096
usemtl leaf_2
f 7204//6846 7252//6846 7253//6846 7205//6846
vn 0.7475 0.3381 -0.5718
usemtl leaf_3
f 7205//6847 7253//6847 7254//6847 7206//6847
vn 0.8805 -0.0345 -0.4728
usemtl leaf_2
f 7206//6848 7254//6848 7255//6848 7207//6848
vn 0.8988 -0.0158 -0.4380
usemtl leaf_3
f 7207//6849 7255//6849 7256//6849 7208//6849
vn 0.6642 0.6395 -0.3872
usemtl leaf_2
f 7208//6850 7256//6850 7257//6850 7209//6850
vn 0.8203 0.5080 -0.2628
usemtl leaf_4
f 7209//6851 7257//6851 7258//6851 7210//6851
vn 0.9557 0.2242 -0.1908
usemtl leaf_3
f 7210//6852 7258//6852 7259//6852 7211//6852
vn 0.9055 0.3847 0.1791
usemtl leaf_2
f 7211//6853 7259//6853 7260//6853 7212//6853
vn 0.9463 0.1005 0.3072
usemtl leaf_3
f 7212//6854 7260//6854 7261//6854 7213//6854
vn 0.8872 0.3111 0.3408
usemtl leaf_2
f 7213//6855 7261//6855 7262//6855 7214//6855
vn 0.8784 0.3985 0.2638
usemtl leaf_3
f 7214//6856 7262//6856 7263//6856 7215//6856
vn 0.6430 0.2429 0.7263
usemtl leaf_4
f 7215//6857 7263//6857 7264//6857 7216//6857
vn 0.8802 0.3323 0.3389
usemtl leaf_3
f 7216//6858 7264//6858 7265//6858 7217//6858
vn 0.5784 0.1089 0.8085
usemtl leaf_2
f 7217//6859 7265//6859 7266//6859 7218//6859
vn 0.5367 0.3636 0.7614
usemtl leaf_3
f 7218//6860 7266//6860 7267//6860 7219//6860
vn 0.4098 0.2741 0.8700
usemtl leaf_2
f 7219//6861 7267//6861 7268//6861 7220//6861
vn 0.2463 -0.2191 0.9441
f 7220//6862 7268//6862 7269//6862 7221//6862
vn 0.3816 -0.2665 0.8851
f 7221//6863 7269//6863 7270//6863 7222//6863
vn -0.0846 -0.3359 0.9381
f 7222//6864 7270//6864 7271//6864 7223//6864
vn -0.3168 -0.0396 0.9477
f 7223//6865 7271//6865 7272//6865 7224//6865
vn -0.2997 0.4811 0.8238
f 7224//6866 7272//6866 7273//6866 7225//6866
vn -0.3433 0.5636 0.7513
f 7225//6867 7273//6867 7274//6867 7226//6867
vn -0.3032 0.6990 0.6477
usemtl leaf_1
f 7226//6868 7274//6868 7275//6868 7227//6868
vn -0.0648 0.7514 0.6566
usemtl leaf_3
f 7227//6869 7275//6869 7276//6869 7228//6869
vn -0.2939 0.6882 0.6633
usemtl leaf_2
f 7228//6870 7276//6870 7277//6870 7229//6870
vn -0.5931 0.2400 0.7686
usemtl leaf_4
f 7229//6871 7277//6871 7278//6871 7230//6871
vn -0.8395 -0.0073 0.5433
f 7230//6872 7278//6872 7279//6872 7231//6872
vn -0.9186 0.3901 -0.0628
usemtl leaf_2
f 7231//6873 7279//6873 7280//6873 7232//6873
vn -0.8287 0.4967 0.2579
usemtl leaf_1
f 7232//6874 7280//6874 7281//6874 7233//6874
vn -0.8336 0.5438 0.0972
usemtl leaf_2
f 7233//6875 7281//6875 7282//6875 7234//6875
vn -0.7690 0.6276 0.1211
usemtl leaf_1
f 7234//6876 7282//6876 7235//6876 7187//6876
vn -0.7152 0.6949 -0.0746
usemtl leaf_2
f 7235//6877 7283//6877 7284//6877 7236//6877
vn -0.7638 0.6424 0.0625
usemtl leaf_1
f 7236//6878 7284//6878 7285//6878 7237//6878
vn -0.7804 0.4230 -0.4604
usemtl leaf_3
f 7237//6879 7285//6879 7286//6879 7238//6879
vn -0.8835 0.2817 -0.3742
usemtl leaf_2
f 7238//6880 7286//6880 7287//6880 7239//6880
vn -0.7213 -0.1010 -0.6852
f 7239//6881 7287//6881 7288//6881 7240//6881
vn -0.7210 0.4365 -0.5382
f 7240//6882 7288//6882 7289//6882 7241//6882
vn -0.5440 0.5119 -0.6649
f 7241//6883 7289//6883 7290//6883 7242//6883
vn -0.5978 0.4550 -0.6600
f 7242//6884 7290//6884 7291//6884 7243//6884
vn -0.4227 0.5228 -0.7403
usemtl leaf_3
f 7243//6885 7291//6885 7292//6885 7244//6885
vn -0.5392 0.1846 -0.8217
usemtl leaf_2
f 7244//6886 7292//6886 7293//6886 7245//6886
vn -0.0663 0.5598 -0.8259
usemtl leaf_3
f 7245//6887 7293//6887 7294//6887 7246//6887
vn 0.0254 0.7183 -0.6953
f 7246//6888 7294//6888 7295//6888 7247//6888
vn -0.0264 0.2404 -0.9703
usemtl leaf_2
f 7247//6889 7295//6889 7296//6889 7248//6889
vn 0.2778 -0.1522 -0.9485
f 7248//6890 7296//6890 7297//6890 7249//6890
vn 0.4278 0.4370 -0.7912
usemtl leaf_1
f 7249//6891 7297//6891 7298//6891 7250//6891
vn 0.4066 0.6788 -0.6115
usemtl leaf_2
f 7250//6892 7298//6892 7299//6892 7251//6892
vn 0.2765 0.7829 -0.5573
usemtl leaf_3
f 7251//6893 7299//6893 7300//6893 7252//6893
vn 0.4088 0.7279 -0.5506
f 7252//6894 7300//6894 7301//6894 7253//6894
vn 0.7338 0.5475 -0.4022
usemtl leaf_2
f 7253//6895 7301//6895 7302//6895 7254//6895
vn 0.5574 0.6391 -0.5300
f 7254//6896 7302//6896 7303//6896 7255//6896
vn 0.8622 0.3820 -0.3326
usemtl leaf_1
f 7255//6897 7303//6897 7304//6897 7256//6897
vn 0.9105 0.3612 -0.2013
f 7256//6898 7304//6898 7305//6898 7257//6898
vn 0.6530 0.6635 -0.3653
f 7257//6899 7305//6899 7306//6899 7258//6899
vn 0.6921 0.7132 -0.1111
usemtl leaf_3
f 7258//6900 7306//6900 7307//6900 7259//6900
vn 0.8748 0.4833 0.0331
usemtl leaf_2
f 7259//6901 7307//6901 7308//6901 7260//6901
vn 0.9746 0.1709 0.1449
f 7260//6902 7308//6902 7309//6902 7261//6902
vn 0.8883 -0.2425 0.3900
usemtl leaf_3
f 7261//6903 7309//6903 7310//6903 7262//6903
vn 0.8860 0.0939 0.4540
f 7262//6904 7310//6904 7311//6904 7263//6904
vn 0.4951 0.5897 0.6380
usemtl leaf_2
f 7263//6905 7311//6905 7312//6905 7264//6905
vn 0.7816 0.5598 0.2749
usemtl leaf_3
f 7264//6906 7312//6906 7313//6906 7265//6906
vn 0.5156 0.6174 0.5941
usemtl leaf_2
f 7265//6907 7313//6907 7314//6907 7266//6907
vn 0.2690 0.6261 0.7319
usemtl leaf_3
f 7266//6908 7314//6908 7315//6908 7267//6908
vn 0.3597 0.7707 0.5260
usemtl leaf_2
f 7267//6909 7315//6909 7316//6909 7268//6909
vn 0.2073 0.7868 0.5814
f 7268//6910 7316//6910 7317//6910 7269//6910
vn 0.2872 0.7398 0.6084
f 7269//6911 7317//6911 7318//6911 7270//6911
vn 0.0882 0.5895 0.8029
usemtl leaf_3
f 7270//6912 7318//6912 7319//6912 7271//6912
vn -0.5040 0.3958 0.7677
f 7271//6913 7319//6913 7320//6913 7272//6913
vn -0.2965 0.3851 0.8739
usemtl leaf_2
f 7272//6914 7320//6914 7321//6914 7273//6914
vn -0.5068 0.5979 0.6210
f 7273//6915 7321//6915 7322//6915 7274//6915
vn -0.1589 0.4111 0.8976
usemtl leaf_1
f 7274//6916 7322//6916 7323//6916 7275//6916
vn -0.3472 0.1927 0.9178
usemtl leaf_2
f 7275//6917 7323//6917 7324//6917 7276//6917
vn -0.1965 0.4273 0.8825
usemtl leaf_3
f 7276//6918 7324//6918 7325//6918 7277//6918
vn -0.4381 0.3227 0.8390
f 7277//6919 7325//6919 7326//6919 7278//6919
vn -0.7306 0.6538 0.1968
f 7278//6920 7326//6920 7327//6920 7279//6920
vn -0.9224 0.3567 0.1480
usemtl leaf_4
f 7279//6921 7327//6921 7328//6921 7280//6921
vn -0.9548 0.2960 0.0284
usemtl leaf_1
f 7280//6922 7328//6922 7329//6922 7281//6922
vn -0.8190 0.5454 0.1786
usemtl leaf_3
f 7281//6923 7329//6923 7330//6923 7282//6923
vn -0.9345 0.3380 0.1120
f 7282//6924 7330//6924 7283//6924 7235//6924
vn -0.9748 0.1318 -0.1803
usemtl leaf_2
f 7283//6925 7331//6925 7332//6925 7284//6925
vn -0.6776 0.7198 -0.1505
f 7284//6926 7332//6926 7333//6926 7285//6926
vn -0.4521 0.8774 -0.1606
f 7285//6927 7333//6927 7334//6927 7286//6927
vn -0.5717 0.7970 -0.1948
f 7286//6928 7334//6928 7335//6928 7287//6928
vn -0.8088 0.5184 -0.2777
f 7287//6929 7335//6929 7336//6929 7288//6929
vn -0.6318 -0.2806 -0.7225
f 7288//6930 7336//6930 7337//6930 7289//6930
vn -0.6736 -0.1052 -0.7315
f 7289//6931 7337//6931 7338//6931 7290//6931
vn -0.2941 0.4879 -0.8219
usemtl leaf_1
f 7290//6932 7338//6932 7339//6932 7291//6932
vn -0.4298 0.7258 -0.5371
usemtl leaf_3
f 7291//6933 7339//6933 7340//6933 7292//6933
vn -0.1814 0.8881 -0.4222
usemtl leaf_2
f 7292//6934 7340//6934 7341//6934 7293//6934
vn -0.2146 0.7552 -0.6193
f 7293//6935 7341//6935 7342//6935 7294//6935
vn -0.0492 0.1390 -0.9891
usemtl leaf_3
f 7294//6936 7342//6936 7343//6936 7295//6936
vn -0.0054 0.6098 -0.7925
f 7295//6937 7343//6937 7344//6937 7296//6937
vn 0.1834 0.8198 -0.5425
f 7296//6938 7344//6938 7345//6938 7297//6938
vn 0.3862 0.4341 -0.8139
f 7297//6939 7345//6939 7346//6939 7298//6939
vn 0.5746 0.0884 -0.8136
usemtl leaf_1
f 7298//6940 7346//6940 7347//6940 7299//6940
vn 0.5628 0.1749 -0.8079
usemtl leaf_2
f 7299//6941 7347//6941 7348//6941 7300//6941
vn 0.5175 0.5936 -0.6164
f 7300//6942 7348//6942 7349//6942 7301//6942
vn 0.6046 0.5206 -0.6028
usemtl leaf_3
f 7301//6943 7349//6943 7350//6943 7302//6943
vn 0.7881 0.0956 -0.6081
usemtl leaf_2
f 7302//6944 7350//6944 7351//6944 7303//6944
vn 0.7476 0.6252 -0.2241
f 7303//6945 7351//6945 7352//6945 7304//6945
vn 0.7558 0.6095 -0.2392
f 7304//6946 7352//6946 7353//6946 7305//6946
vn 0.6972 0.7164 -0.0267
f 7305//6947 7353//6947 7354//6947 7306//6947
vn 0.4767 0.8584 -0.1897
usemtl leaf_1
f 7306//6948 7354//6948 7355//6948 7307//6948
vn 0.7499 0.6039 -0.2703
usemtl leaf_3
f 7307//6949 7355//6949 7356//6949 7308//6949
vn 0.8931 0.4232 0.1523
f 7308//6950 7356//6950 7357//6950 7309//6950
vn 0.6677 0.6922 0.2739
f 7309//6951 7357//6951 7358//6951 7310//6951
vn 0.4871 0.7188 0.4960
usemtl leaf_2
f 7310//6952 7358//6952 7359//6952 7311//6952
vn 0.7294 0.3885 0.5631
usemtl leaf_1
f 7311//6953 7359//6953 7360//6953 7312//6953
vn 0.6084 0.5951 0.5251
usemtl leaf_2
f 7312//6954 7360//6954 7361//6954 7313//6954
vn 0.4079 0.8268 0.3873
usemtl leaf_3
f 7313//6955 7361//6955 7362//6955 7314//6955
vn 0.3620 0.6395 0.6782
usemtl leaf_2
f 7314//6956 7362//6956 7363//6956 7315//6956
vn 0.3968 0.4217 0.8153
f 7315//6957 7363//6957 7364//6957 7316//6957
vn 0.5468 0.1660 0.8207
f 7316//6958 7364//6958 7365//6958 7317//6958
vn 0.2473 0.1055 0.9632
f 7317//6959 7365//6959 7366//6959 7318//6959
vn 0.0437 0.6764 0.7352
usemtl leaf_1
f 7318//6960 7366//6960 7367//6960 7319//6960
vn -0.3790 0.6638 0.6447
usemtl leaf_3
f 7319//6961 7367//6961 7368//6961 7320//6961
vn -0.2126 0.5085 0.8344
usemtl leaf_1
f 7320//6962 7368//6962 7369//6962 7321//6962
vn -0.6827 0.3314 0.6512
usemtl leaf_2
f 7321//6963 7369//6963 7370//6963 7322//6963
vn -0.0104 0.5524 0.8335
f 7322//6964 7370//6964 7371//6964 7323//6964
vn -0.3234 0.7353 0.5956
usemtl leaf_1
f 7323//6965 7371//6965 7372//6965 7324//6965
vn -0.1190 0.6838 0.7199
usemtl leaf_3
f 7324//6966 7372//6966 7373//6966 7325//6966
vn -0.2538 0.8126 0.5246
usemtl leaf_2
f 7325//6967 7373//6967 7374//6967 7326//6967
vn -0.7544 0.5998 0.2667
usemtl leaf_3
f 7326//6968 7374//6968 7375//6968 7327//6968
vn -0.8360 0.2816 0.4710
usemtl leaf_4
f 7327//6969 7375//6969 7376//6969 7328//6969
vn -0.9966 -0.0400 -0.0716
usemtl leaf_3
f 7328//6970 7376//6970 7377//6970 7329//6970
vn -0.9563 -0.1432 0.2550
usemtl leaf_1
f 7329//6971 7377//6971 7378//6971 7330//6971
vn -0.9752 0.2211 -0.0101
usemtl leaf_2
f 7330//6972 7378//6972 7331//6972 7283//6972
vn -0.4275 0.8962 -0.1185
f 7331//6973 7379//6973 7380//6973 7332//6973
vn -0.4170 0.8490 -0.3244
usemtl leaf_1
f 7332//6974 7380//6974 7381//6974 7333//6974
vn -0.7097 0.7043 0.0127
usemtl leaf_2
f 7333//6975 7381//6975 7382//6975 7334//6975
vn -0.8376 0.4909 -0.2398
f 7334//6976 7382//6976 7383//6976 7335//6976
vn -0.7289 0.6617 -0.1756
usemtl leaf_1
f 7335//6977 7383//6977 7384//6977 7336//6977
vn -0.4098 0.8566 -0.3136
f 7336//6978 7384//6978 7385//6978 7337//6978
vn -0.1814 0.8361 -0.5177
usemtl leaf_2
f 7337//6979 7385//6979 7386//6979 7338//6979
vn -0.3315 0.7156 -0.6148
usemtl leaf_3
f 7338//6980 7386//6980 7387//6980 7339//6980
vn -0.2146 0.6736 -0.7073
usemtl leaf_1
f 7339//6981 7387//6981 7388//6981 7340//6981
vn -0.2418 0.7437 -0.6233
usemtl leaf_2
f 7340//6982 7388//6982 7389//6982 7341//6982
vn -0.4989 0.6317 -0.5934
usemtl leaf_1
f 7341//6983 7389//6983 7390//6983 7342//6983
vn 0.0119 0.8099 -0.5865
usemtl leaf_2
f 7342//6984 7390//6984 7391//6984 7343//6984
vn 0.0636 0.6728 -0.7371
usemtl leaf_3
f 7343//6985 7391//6985 7392//6985 7344//6985
vn 0.3101 0.5390 -0.7831
usemtl leaf_2
f 7344//6986 7392//6986 7393//6986 7345//6986
vn 0.0894 0.7137 -0.6948
usemtl leaf_3
f 7345//6987 7393//6987 7394//6987 7346//6987
vn 0.4910 0.8235 -0.2842
usemtl leaf_1
f 7346//6988 7394//6988 7395//6988 7347//6988
vn 0.1907 0.9412 -0.2790
usemtl leaf_2
f 7347//6989 7395//6989 7396//6989 7348//6989
vn 0.3362 0.8252 -0.4540
usemtl leaf_1
f 7348//6990 7396//6990 7397//6990 7349//6990
vn 0.3590 0.4376 -0.8244
usemtl leaf_3
f 7349//6991 7397//6991 7398//6991 7350//6991
vn 0.7537 0.4856 -0.4429
usemtl leaf_2
f 7350//6992 7398//6992 7399//6992 7351//6992
vn 0.8297 0.5576 0.0275
f 7351//6993 7399//6993 7400//6993 7352//6993
vn 0.5115 0.8346 -0.2046
usemtl leaf_1
f 7352//6994 7400//6994 7401//6994 7353//6994
vn 0.6066 0.7910 0.0795
f 7353//6995 7401//6995 7402//6995 7354//6995
vn 0.7759 0.4556 -0.4364
usemtl leaf_2
f 7354//6996 7402//6996 7403//6996 7355//6996
vn 0.6308 0.7573 -0.1691
usemtl leaf_1
f 7355//6997 7403//6997 7404//6997 7356//6997
vn 0.3838 0.9203 0.0760
f 7356//6998 7404//6998 7405//6998 7357//6998
vn 0.6798 0.7241 0.1160
usemtl leaf_2
f 7357//6999 7405//6999 7406//6999 7358//6999
vn 0.7707 0.2703 0.5770
usemtl leaf_3
f 7358//7000 7406//7000 7407//7000 7359//7000
vn 0.7369 0.4506 0.5040
usemtl leaf_1
f 7359//7001 7407//7001 7408//7001 7360//7001
vn 0.3015 0.6542 0.6937
usemtl leaf_3
f 7360//7002 7408//7002 7409//7002 7361//7002
vn 0.4455 0.7909 0.4195
usemtl leaf_2
f 7361//7003 7409//7003 7410//7003 7362//7003
vn 0.6078 0.6475 0.4597
usemtl leaf_1
f 7362//7004 7410//7004 7411//7004 7363//7004
vn 0.3191 0.4907 0.8108
f 7363//7005 7411//7005 7412//7005 7364//7005
vn 0.5005 0.6447 0.5777
f 7364//7006 7412//7006 7413//7006 7365//7006
vn -0.0669 0.8490 0.5242
usemtl leaf_3
f 7365//7007 7413//7007 7414//7007 7366//7007
vn -0.0002 0.8388 0.5444
usemtl leaf_1
f 7366//7008 7414//7008 7415//7008 7367//7008
vn -0.3379 0.8021 0.4923
usemtl leaf_2
f 7367//7009 7415//7009 7416//7009 7368//7009
vn -0.0139 0.8305 0.5568
usemtl leaf_1
f 7368//7010 7416//7010 7417//7010 7369//7010
vn -0.4980 0.5243 0.6907
usemtl leaf_2
f 7369//7011 7417//7011 7418//7011 7370//7011
vn -0.2905 0.4296 0.8550
usemtl leaf_1
f 7370//7012 7418//7012 7419//7012 7371//7012
vn -0.3173 0.5047 0.8029
usemtl leaf_2
f 7371//7013 7419//7013 7420//7013 7372//7013
vn -0.2937 0.6402 0.7099
usemtl leaf_3
f 7372//7014 7420//7014 7421//7014 7373//7014
vn -0.2980 0.7227 0.6237
usemtl leaf_2
f 7373//7015 7421//7015 7422//7015 7374//7015
vn -0.5189 0.7837 0.3416
f 7374//7016 7422//7016 7423//7016 7375//7016
vn -0.4856 0.8554 0.1802
usemtl leaf_3
f 7375//7017 7423//7017 7424//7017 7376//7017
vn -0.6159 0.7532 0.2311
f 7376//7018 7424//7018 7425//7018 7377//7018
vn -0.7140 0.6911 -0.1122
usemtl leaf_2
f 7377//7019 7425//7019 7426//7019 7378//7019
vn -0.5229 0.8506 -0.0563
usemtl leaf_1
f 7378//7020 7426//7020 7379//7020 7331//7020
vn -0.6143 0.7319 -0.2950
usemtl leaf_0
f 7379//7021 7427//7021 7428//7021 7380//7021
vn -0.5895 0.7697 -0.2449
f 7380//7022 7428//7022 7429//7022 7381//7022
vn -0.4958 0.8674 -0.0419
f 7381//7023 7429//7023 7430//7023 7382//7023
vn -0.4146 0.9092 0.0392
usemtl leaf_1
f 7382//7024 7430//7024 7431//7024 7383//7024
vn -0.6059 0.7848 -0.1304
usemtl leaf_2
f 7383//7025 7431//7025 7432//7025 7384//7025
vn -0.6679 0.5737 -0.4741
usemtl leaf_3
f 7384//7026 7432//7026 7433//7026 7385//7026
vn -0.3717 0.4775 -0.7961
usemtl leaf_1
f 7385//7027 7433//7027 7434//7027 7386//7027
vn -0.1820 0.7840 -0.5934
usemtl leaf_2
f 7386//7028 7434//7028 7435//7028 7387//7028
vn -0.0039 0.9146 -0.4044
f 7387//7029 7435//7029 7436//7029 7388//7029
vn -0.4122 0.8077 -0.4215
usemtl leaf_1
f 7388//7030 7436//7030 7437//7030 7389//7030
vn -0.1615 0.8944 -0.4170
f 7389//7031 7437//7031 7438//7031 7390//7031
vn -0.0783 0.9137 -0.3987
usemtl leaf_3
f 7390//7032 7438//7032 7439//7032 7391//7032
vn -0.2839 0.6682 -0.6877
usemtl leaf_2
f 7391//7033 7439//7033 7440//7033 7392//7033
vn 0.3852 0.4390 -0.8117
f 7392//7034 7440//7034 7441//7034 7393//7034
vn 0.3535 0.6867 -0.6352
f 7393//7035 7441//7035 7442//7035 7394//7035
vn 0.6046 0.6507 -0.4593
usemtl leaf_1
f 7394//7036 7442//7036 7443//7036 7395//7036
vn 0.6102 0.5309 -0.5880
f 7395//7037 7443//7037 7444//7037 7396//7037
vn 0.1524 0.5916 -0.7917
usemtl leaf_2
f 7396//7038 7444//7038 7445//7038 7397//7038
vn 0.3327 0.8022 -0.4958
f 7397//7039 7445//7039 7446//7039 7398//7039
vn 0.3307 0.9372 -0.1109
f 7398//7040 7446//7040 7447//7040 7399//7040
vn 0.5048 0.8631 -0.0169
f 7399//7041 7447//7041 7448//7041 7400//7041
vn 0.7847 0.5645 -0.2561
usemtl leaf_1
f 7400//7042 7448//7042 7449//7042 7401//7042
vn 0.7863 0.6158 0.0498
f 7401//7043 7449//7043 7450//7043 7402//7043
vn 0.4097 0.8774 -0.2497
f 7402//7044 7450//7044 7451//7044 7403//7044
vn 0.3463 0.9378 0.0256
usemtl leaf_2
f 7403//7045 7451//7045 7452//7045 7404//7045
vn 0.5687 0.8189 -0.0774
usemtl leaf_1
f 7404//7046 7452//7046 7453//7046 7405//7046
vn 0.5007 0.8654 0.0198
usemtl leaf_3
f 7405//7047 7453//7047 7454//7047 7406//7047
vn 0.3128 0.9297 0.1945
usemtl leaf_2
f 7406//7048 7454//7048 7455//7048 7407//7048
vn 0.2874 0.8973 0.3351
usemtl leaf_3
f 7407//7049 7455//7049 7456//7049 7408//7049
vn 0.2682 0.8091 0.5228
usemtl leaf_1
f 7408//7050 7456//7050 7457//7050 7409//7050
vn 0.6506 0.5415 0.5325
f 7409//7051 7457//7051 7458//7051 7410//7051
vn 0.5412 0.7003 0.4654
usemtl leaf_2
f 7410//7052 7458//7052 7459//7052 7411//7052
vn 0.3540 0.7612 0.5433
f 7411//7053 7459//7053 7460//7053 7412//7053
vn 0.1693 0.8022 0.5725
usemtl leaf_3
f 7412//7054 7460//7054 7461//7054 7413//7054
vn -0.1787 0.8857 0.4285
usemtl leaf_2
f 7413//7055 7461//7055 7462//7055 7414//7055
vn 0.1171 0.9156 0.3847
f 7414//7056 7462//7056 7463//7056 7415//7056
vn -0.3480 0.7850 0.5126
usemtl leaf_0
f 7415//7057 7463//7057 7464//7057 7416//7057
vn 0.0163 0.7882 0.6152
usemtl leaf_2
f 7416//7058 7464//7058 7465//7058 7417//7058
vn -0.0374 0.5756 0.8169
usemtl leaf_0
f 7417//7059 7465//7059 7466//7059 7418//7059
vn -0.3728 0.0437 0.9269
usemtl leaf_3
f 7418//7060 7466//7060 7467//7060 7419//7060
vn -0.5702 0.4249 0.7031
usemtl leaf_1
f 7419//7061 7467//7061 7468//7061 7420//7061
vn -0.3392 0.7884 0.5132
usemtl leaf_3
f 7420//7062 7468//7062 7469//7062 7421//7062
vn -0.2215 0.9274 0.3015
usemtl leaf_1
f 7421//7063 7469//7063 7470//7063 7422//7063
vn -0.2342 0.9354 0.2649
f 7422//7064 7470//7064 7471//7064 7423//7064
vn -0.5278 0.8177 0.2299
usemtl leaf_3
f 7423//7065 7471//7065 7472//7065 7424//7065
vn -0.5384 0.7429 0.3978
f 7424//7066 7472//7066 7473//7066 7425//7066
vn -0.6930 0.6825 -0.2322
f 7425//7067 7473//7067 7474//7067 7426//7067
vn -0.7230 0.6844 -0.0943
f 7426//7068 7474//7068 7427//7068 7379//7068
vn -0.4634 0.8438 -0.2707
usemtl leaf_0
f 7427//7069 7475//7069 7476//7069 7428//7069
vn -0.6463 0.7538 -0.1185
f 7428//7070 7476//7070 7477//7070 7429//7070
vn -0.5826 0.7331 -0.3509
f 7429//7071 7477//7071 7478//7071 7430//7071
vn -0.5441 0.8390 -0.0082
f 7430//7072 7478//7072 7479//7072 7431//7072
vn -0.4505 0.8902 0.0681
f 7431//7073 7479//7073 7480//7073 7432//7073
vn -0.2190 0.9642 -0.1494
f 7432//7074 7480//7074 7481//7074 7433//7074
vn -0.2464 0.9311 -0.2688
f 7433//7075 7481//7075 7482//7075 7434//7075
vn 0.0430 0.7309 -0.6811
f 7434//7076 7482//7076 7483//7076 7435//7076
vn -0.1322 0.7250 -0.6760
f 7435//7077 7483//7077 7484//7077 7436//7077
vn -0.4288 0.8110 -0.3980
f 7436//7078 7484//7078 7485//7078 7437//7078
vn -0.1016 0.8301 -0.5483
f 7437//7079 7485//7079 7486//7079 7438//7079
vn -0.1719 0.8129 -0.5565
f 7438//7080 7486//7080 7487//7080 7439//7080
vn -0.3670 0.8198 -0.4396
f 7439//7081 7487//7081 7488//7081 7440//7081
vn 0.2671 0.9161 -0.2991
f 7440//7082 7488//7082 7489//7082 7441//7082
vn 0.2794 0.8896 -0.3613
f 7441//7083 7489//7083 7490//7083 7442//7083
vn 0.3543 0.7363 -0.5764
f 7442//7084 7490//7084 7491//7084 7443//7084
vn 0.6251 0.6073 -0.4904
f 7443//7085 7491//7085 7492//7085 7444//7085
vn 0.2578 0.8790 -0.4011
f 7444//7086 7492//7086 7493//7086 7445//7086
vn 0.1587 0.9304 -0.3304
f 7445//7087 7493//7087 7494//7087 7446//7087
vn 0.5299 0.8433 -0.0896
f 7446//7088 7494//7088 7495//7088 7447//7088
vn 0.4161 0.8928 -0.1722
f 7447//7089 7495//7089 7496//7089 7448//7089
vn 0.4080 0.8490 -0.3358
f 7448//7090 7496//7090 7497//7090 7449//7090
vn 0.7301 0.6753 0.1045
f 7449//7091 7497//7091 7498//7091 7450//7091
vn 0.7841 0.6141 -0.0897
f 7450//7092 7498//7092 7499//7092 7451//7092
vn 0.7895 0.6070 -0.0911
f 7451//7093 7499//7093 7500//7093 7452//7093
vn 0.5105 0.8575 0.0640
f 7452//7094 7500//7094 7501//7094 7453//7094
vn 0.3767 0.9255 0.0391
f 7453//7095 7501//7095 7502//7095 7454//7095
vn 0.4810 0.8559 0.1901
f 7454//7096 7502//7096 7503//7096 7455//7096
vn 0.5365 0.7548 0.3776
f 7455//7097 7503//7097 7504//7097 7456//7097
vn 0.5317 0.6061 0.5915
f 7456//7098 7504//7098 7505//7098 7457//7098
vn 0.5044 0.7570 0.4153
f 7457//7099 7505//7099 7506//7099 7458//7099
vn 0.1447 0.8874 0.4377
f 7458//7100 7506//7100 7507//7100 7459//7100
vn 0.3220 0.9198 0.2242
f 7459//7101 7507//7101 7508//7101 7460//7101
vn -0.1431 0.9309 0.3362
f 7460//7102 7508//7102 7509//7102 7461//7102
vn -0.1121 0.9352 0.3358
f 7461//7103 7509//7103 7510//7103 7462//7103
vn 0.1658 0.8899 0.4250
f 7462//7104 7510//7104 7511//7104 7463//7104
vn -0.1094 0.8314 0.5448
f 7463//7105 7511//7105 7512//7105 7464//7105
vn 0.0789 0.5122 0.8552
f 7464//7106 7512//7106 7513//7106 7465//7106
vn -0.0168 0.6702 0.7420
f 7465//7107 7513//7107 7514//7107 7466//7107
vn -0.0350 0.8348 0.5495
f 7466//7108 7514//7108 7515//7108 7467//7108
vn -0.6041 0.7830 0.1483
f 7467//7109 7515//7109 7516//7109 7468//7109
vn -0.2346 0.9416 0.2416
f 7468//7110 7516//7110 7517//7110 7469//7110
vn -0.2836 0.9541 0.0965
f 7469//7111 7517//7111 7518//7111 7470//7111
vn -0.0807 0.9614 0.2632
f 7470//7112 7518//7112 7519//7112 7471//7112
vn -0.1827 0.9158 0.3575
f 7471//7113 7519//7113 7520//7113 7472//7113
vn -0.4437 0.8129 0.3773
f 7472//7114 7520//7114 7521//7114 7473//7114
vn -0.7470 0.6629 -0.0517
f 7473//7115 7521//7115 7522//7115 7474//7115
vn -0.6326 0.6960 -0.3397
f 7474//7116 7522//7116 7475//7116 7427//7116
vn -0.5304 0.7872 -0.3145
f 7475//7117 7523//7117 7524//7117 7476//7117
vn -0.5695 0.8194 0.0657
f 7476//7118 7524//7118 7525//7118 7477//7118
vn -0.6748 0.6666 -0.3167
f 7477//7119 7525//7119 7526//7119 7478//7119
vn -0.5671 0.7371 -0.3675
f 7478//7120 7526//7120 7527//7120 7479//7120
vn -0.3521 0.9329 -0.0754
f 7479//7121 7527//7121 7528//7121 7480//7121
vn -0.2646 0.9556 -0.1297
f 7480//7122 7528//7122 7529//7122 7481//7122
vn -0.3682 0.9196 -0.1372
f 7481//7123 7529//7123 7530//7123 7482//7123
vn 0.0486 0.8771 -0.4779
f 7482//7124 7530//7124 7531//7124 7483//7124
vn -0.3445 0.7729 -0.5329
f 7483//7125 7531//7125 7532//7125 7484//7125
vn -0.3658 0.6019 -0.7099
f 7484//7126 7532//7126 7533//7126 7485//7126
vn -0.1606 0.7719 -0.6152
f 7485//7127 7533//7127 7534//7127 7486//7127
vn 0.0192 0.8715 -0.4901
f 7486//7128 7534//7128 7535//7128 7487//7128
vn -0.2791 0.8990 -0.3374
f 7487//7129 7535//7129 7536//7129 7488//7129
vn 0.3099 0.9251 -0.2196
f 7488//7130 7536//7130 7537//7130 7489//7130
vn -0.0615 0.8632 -0.5012
f 7489//7131 7537//7131 7538//7131 7490//7131
vn 0.3954 0.8854 -0.2446
f 7490//7132 7538//7132 7539//7132 7491//7132
vn 0.2112 0.9535 -0.2150
f 7491//7133 7539//7133 7540//7133 7492//7133
vn 0.4557 0.8738 -0.1697
f 7492//7134 7540//7134 7541//7134 7493//7134
vn 0.1302 0.9284 -0.3481
f 7493//7135 7541//7135 7542//7135 7494//7135
vn 0.3110 0.9301 -0.1953
f 7494//7136 7542//7136 7543//7136 7495//7136
vn 0.5943 0.7268 -0.3444
f 7495//7137 7543//7137 7544//7137 7496//7137
vn 0.5090 0.8300 -0.2280
f 7496//7138 7544//7138 7545//7138 7497//7138
vn 0.4657 0.8682 -0.1717
f 7497//7139 7545//7139 7546//7139 7498//7139
vn 0.4774 0.8588 0.1860
f 7498//7140 7546//7140 7547//7140 7499//7140
vn 0.3018 0.9459 -0.1188
f 7499//7141 7547//7141 7548//7141 7500//7141
vn 0.3909 0.8995 0.1953
f 7500//7142 7548//7142 7549//7142 7501//7142
vn 0.4722 0.8811 0.0252
f 7501//7143 7549//7143 7550//7143 7502//7143
vn 0.3549 0.9299 0.0969
f 7502//7144 7550//7144 7551//7144 7503//7144
vn 0.5492 0.8345 0.0437
f 7503//7145 7551//7145 7552//7145 7504//7145
vn 0.1901 0.8510 0.4895
f 7504//7146 7552//7146 7553//7146 7505//7146
vn 0.3749 0.8808 0.2893
f 7505//7147 7553//7147 7554//7147 7506//7147
vn 0.2538 0.7371 0.6263
f 7506//7148 7554//7148 7555//7148 7507//7148
vn 0.1252 0.8662 0.4837
f 7507//7149 7555//7149 7556//7149 7508//7149
vn -0.0614 0.8994 0.4328
f 7508//7150 7556//7150 7557//7150 7509//7150
vn 0.0851 0.7718 0.6301
f 7509//7151 7557//7151 7558//7151 7510//7151
vn 0.1685 0.7767 0.6069
f 7510//7152 7558//7152 7559//7152 7511//7152
vn -0.1524 0.8974 0.4142
f 7511//7153 7559//7153 7560//7153 7512//7153
vn 0.3009 0.8889 0.3453
f 7512//7154 7560//7154 7561//7154 7513//7154
vn -0.0192 0.8309 0.5561
f 7513//7155 7561//7155 7562//7155 7514//7155
vn -0.1611 0.8280 0.5371
f 7514//7156 7562//7156 7563//7156 7515//7156
vn -0.5928 0.7970 0.1157
f 7515//7157 7563//7157 7564//7157 7516//7157
vn -0.4921 0.8487 0.1937
f 7516//7158 7564//7158 7565//7158 7517//7158
vn -0.3752 0.8723 0.3134
f 7517//7159 7565//7159 7566//7159 7518//7159
vn -0.4143 0.7683 0.4879
f 7518//7160 7566//7160 7567//7160 7519//7160
vn -0.2106 0.8627 0.4597
f 7519//7161 7567//7161 7568//7161 7520//7161
vn -0.1928 0.9087 0.3703
usemtl leaf_1
f 7520//7162 7568//7162 7569//7162 7521//7162
vn -0.3071 0.9500 -0.0571
usemtl leaf_0
f 7521//7163 7569//7163 7570//7163 7522//7163
vn -0.4043 0.8558 -0.3228
f 7522//7164 7570//7164 7523//7164 7475//7164
vn -0.3560 0.9117 -0.2049
f 7523//7165 7571//7165 7572//7165 7524//7165
vn -0.3737 0.9272 -0.0267
f 7524//7166 7572//7166 7573//7166 7525//7166
vn -0.2209 0.9750 -0.0240
f 7525//7167 7573//7167 7574//7167 7526//7167
vn -0.3360 0.9192 -0.2053
f 7526//7168 7574//7168 7575//7168 7527//7168
vn -0.2692 0.8586 -0.4362
f 7527//7169 7575//7169 7576//7169 7528//7169
vn -0.2301 0.9657 -0.1201
f 7528//7170 7576//7170 7577//7170 7529//7170
vn -0.3580 0.9336 0.0149
f 7529//7171 7577//7171 7578//7171 7530//7171
vn -0.0118 0.9100 -0.4145
f 7530//7172 7578//7172 7579//7172 7531//7172
vn -0.3999 0.8907 -0.2160
f 7531//7173 7579//7173 7580//7173 7532//7173
vn -0.0735 0.9605 -0.2685
f 7532//7174 7580//7174 7581//7174 7533//7174
vn 0.0494 0.9681 -0.2455
f 7533//7175 7581//7175 7582//7175 7534//7175
vn 0.1808 0.9707 -0.1583
f 7534//7176 7582//7176 7583//7176 7535//7176
vn -0.0960 0.9941 -0.0514
f 7535//7177 7583//7177 7584//7177 7536//7177
vn -0.0568 0.9784 -0.1985
f 7536//7178 7584//7178 7585//7178 7537//7178
vn -0.0292 0.9654 -0.2593
f 7537//7179 7585//7179 7586//7179 7538//7179
vn 0.2534 0.9438 -0.2120
f 7538//7180 7586//7180 7587//7180 7539//7180
vn 0.4085 0.8183 -0.4043
f 7539//7181 7587//7181 7588//7181 7540//7181
vn 0.4140 0.8582 -0.3035
f 7540//7182 7588//7182 7589//7182 7541//7182
vn 0.4364 0.8348 -0.3356
f 7541//7183 7589//7183 7590//7183 7542//7183
vn 0.2798 0.9385 -0.2024
f 7542//7184 7590//7184 7591//7184 7543//7184
vn 0.0928 0.9885 -0.1191
f 7543//7185 7591//7185 7592//7185 7544//7185
vn 0.2259 0.9619 -0.1539
f 7544//7186 7592//7186 7593//7186 7545//7186
vn 0.3507 0.9088 -0.2261
f 7545//7187 7593//7187 7594//7187 7546//7187
vn 0.4682 0.8566 0.2169
f 7546//7188 7594//7188 7595//7188 7547//7188
vn 0.5300 0.8475 0.0285
f 7547//7189 7595//7189 7596//7189 7548//7189
vn 0.2661 0.9518 0.1525
f 7548//7190 7596//7190 7597//7190 7549//7190
vn 0.3285 0.9430 -0.0540
f 7549//7191 7597//7191 7598//7191 7550//7191
vn 0.3636 0.9227 0.1282
f 7550//7192 7598//7192 7599//7192 7551//7192
vn 0.3023 0.9505 -0.0716
f 7551//7193 7599//7193 7600//7193 7552//7193
vn 0.0949 0.9473 0.3059
usemtl leaf_1
f 7552//7194 7600//7194 7601//7194 7553//7194
vn 0.3349 0.9180 0.2125
usemtl leaf_0
f 7553//7195 7601//7195 7602//7195 7554//7195
vn 0.0915 0.9689 0.2299
f 7554//7196 7602//7196 7603//7196 7555//7196
vn -0.2123 0.9121 0.3508
f 7555//7197 7603//7197 7604//7197 7556//7197
vn -0.1098 0.9754 0.1910
f 7556//7198 7604//7198 7605//7198 7557//7198
vn 0.1425 0.9864 0.0818
f 7557//7199 7605//7199 7606//7199 7558//7199
vn 0.0116 0.9882 0.1526
f 7558//7200 7606//7200 7607//7200 7559//7200
vn 0.1197 0.9010 0.4170
f 7559//7201 7607//7201 7608//7201 7560//7201
vn 0.1488 0.7594 0.6334
f 7560//7202 7608//7202 7609//7202 7561//7202
vn 0.1555 0.9442 0.2903
f 7561//7203 7609//7203 7610//7203 7562//7203
vn -0.1592 0.9854 0.0606
f 7562//7204 7610//7204 7611//7204 7563//7204
vn -0.2531 0.9515 0.1747
f 7563//7205 7611//7205 7612//7205 7564//7205
vn -0.5921 0.7906 0.1558
f 7564//7206 7612//7206 7613//7206 7565//7206
vn -0.3495 0.8008 0.4864
f 7565//7207 7613//7207 7614//7207 7566//7207
vn -0.3553 0.9096 0.2154
f 7566//7208 7614//7208 7615//7208 7567//7208
vn -0.2133 0.9195 0.3302
f 7567//7209 7615//7209 7616//7209 7568//7209
vn -0.1494 0.9501 0.2739
f 7568//7210 7616//7210 7617//7210 7569//7210
vn -0.2054 0.9770 -0.0581
usemtl leaf_1
f 7569//7211 7617//7211 7618//7211 7570//7211
vn -0.2808 0.9490 -0.1431
usemtl leaf_0
f 7570//7212 7618//7212 7571//7212 7523//7212
vn -0.0435 0.9989 -0.0180
f 7571//7213 7619//7213 7620//7213 7572//7213
vn -0.0821 0.9950 -0.0564
f 7572//7214 7620//7214 7621//7214 7573//7214
vn -0.1288 0.9894 -0.0676
f 7573//7215 7621//7215 7622//7215 7574//7215
vn -0.1022 0.9922 0.0717
f 7574//7216 7622//7216 7623//7216 7575//7216
vn 0.0275 0.9787 -0.2032
f 7575//7217 7623//7217 7624//7217 7576//7217
vn -0.1392 0.9789 -0.1497
f 7576//7218 7624//7218 7625//7218 7577//7218
vn -0.2094 0.9763 0.0542
f 7577//7219 7625//7219 7626//7219 7578//7219
vn 0.0178 0.9989 -0.0436
f 7578//7220 7626//7220 7627//7220 7579//7220
vn -0.0542 0.9985 -0.0041
f 7579//7221 7627//7221 7628//7221 7580//7221
vn 0.0000 1.0000 0.0000
f 7580//7222 7628//7222 7629//7222 7581//7222
vn 0.0549 0.9969 -0.0555
f 7581//7223 7629//7223 7630//7223 7582//7223
vn 0.2066 0.9589 -0.1943
f 7582//7224 7630//7224 7631//7224 7583//7224
vn -0.0399 0.9571 -0.2871
f 7583//7225 7631//7225 7632//7225 7584//7225
vn -0.2064 0.9639 -0.1683
f 7584//7226 7632//7226 7633//7226 7585//7226
vn 0.0650 0.9978 -0.0148
f 7585//7227 7633//7227 7634//7227 7586//7227
vn -0.0456 0.9969 -0.0638
f 7586//7228 7634//7228 7635//7228 7587//7228
vn 0.0104 0.9999 0.0007
f 7587//7229 7635//7229 7636//7229 7588//7229
vn 0.0351 0.9994 -0.0017
f 7588//7230 7636//7230 7637//7230 7589//7230
vn 0.0429 0.9989 -0.0164
f 7589//7231 7637//7231 7638//7231 7590//7231
vn 0.1777 0.9837 0.0286
f 7590//7232 7638//7232 7639//7232 7591//7232
vn 0.2007 0.9731 -0.1129
f 7591//7233 7639//7233 7640//7233 7592//7233
vn 0.0406 0.9806 -0.1919
f 7592//7234 7640//7234 7641//7234 7593//7234
vn 0.0000 1.0000 0.0000
f 7593//7235 7641//7235 7642//7235 7594//7235
vn 0.0000 1.0000 0.0000
f 7594//7236 7642//7236 7643//7236 7595//7236
vn 0.0152 0.9994 0.0319
f 7595//7237 7643//7237 7644//7237 7596//7237
vn 0.0815 0.9789 0.1872
f 7596//7238 7644//7238 7645//7238 7597//7238
vn 0.1487 0.9778 -0.1479
f 7597//7239 7645//7239 7646//7239 7598//7239
vn 0.0019 0.9998 0.0181
f 7598//7240 7646//7240 7647//7240 7599//7240
vn 0.0184 0.9998 -0.0098
f 7599//7241 7647//7241 7648//7241 7600//7241
vn 0.0000 1.0000 0.0000
usemtl leaf_1
f 7600//7242 7648//7242 7649//7242 7601//7242
vn 0.0000 1.0000 0.0000
usemtl leaf_0
f 7601//7243 7649//7243 7650//7243 7602//7243
vn 0.0000 1.0000 0.0000
f 7602//7244 7650//7244 7651//7244 7603//7244
vn -0.1113 0.9796 0.1675
f 7603//7245 7651//7245 7652//7245 7604//7245
vn -0.2030 0.9032 0.3782
f 7604//7246 7652//7246 7653//7246 7605//7246
vn 0.2818 0.9205 0.2706
f 7605//7247 7653//7247 7654//7247 7606//7247
vn 0.0234 0.9542 0.2981
f 7606//7248 7654//7248 7655//7248 7607//7248
vn 0.2529 0.9558 0.1497
f 7607//7249 7655//7249 7656//7249 7608//7249
vn 0.0000 1.0000 0.0000
f 7608//7250 7656//7250 7657//7250 7609//7250
vn 0.0000 1.0000 0.0000
f 7609//7251 7657//7251 7658//7251 7610//7251
vn 0.0000 1.0000 -0.0000
f 7610//7252 7658//7252 7659//7252 7611//7252
vn 0.0000 1.0000 0.0000
f 7611//7253 7659//7253 7660//7253 7612//7253
vn -0.0392 0.9992 -0.0071
f 7612//7254 7660//7254 7661//7254 7613//7254
vn -0.0202 0.9995 0.0258
f 7613//7255 7661//7255 7662//7255 7614//7255
vn -0.0884 0.9960 -0.0155
f 7614//7256 7662//7256 7663//7256 7615//7256
vn -0.0058 0.9952 0.0972
f 7615//7257 7663//7257 7664//7257 7616//7257
vn 0.0000 1.0000 -0.0000
f 7616//7258 7664//7258 7665//7258 7617//7258
vn 0.0000 1.0000 0.0000
f 7617//7259 7665//7259 7666//7259 7618//7259
vn -0.0194 0.9992 -0.0340
f 7618//7260 7666//7260 7619//7260 7571//7260
vn 0.0000 1.0000 0.0000
f 7619//7261 7667//7261 7668//7261 7620//7261
vn 0.0000 1.0000 -0.0000
f 7620//7262 7668//7262 7669//7262 7621//7262
vn 0.0000 1.0000 -0.0000
f 7621//7263 7669//7263 7670//7263 7622//7263
vn 0.0000 1.0000 -0.0000
f 7622//7264 7670//7264 7671//7264 7623//7264
vn 0.0000 1.0000 0.0000
f 7623//7265 7671//7265 7672//7265 7624//7265
vn 0.0000 1.0000 -0.0000
f 7624//7266 7672//7266 7673//7266 7625//7266
vn 0.0000 1.0000 0.0000
f 7625//7267 7673//7267 7674//7267 7626//7267
vn 0.0000 1.0000 0.0000
f 7626//7268 7674//7268 7675//7268 7627//7268
vn 0.0000 1.0000 0.0000
f 7627//7269 7675//7269 7676//7269 7628//7269
vn 0.0000 1.0000 0.0000
f 7628//7270 7676//7270 7677//7270 7629//7270
vn 0.0000 1.0000 0.0000
f 7629//7271 7677//7271 7678//7271 7630//7271
vn 0.0000 1.0000 0.0000
f 7630//7272 7678//7272 7679//7272 7631//7272
vn 0.0000 1.0000 0.0000
f 7631//7273 7679//7273 7680//7273 7632//7273
vn 0.0000 1.0000 0.0000
f 7632//7274 7680//7274 7681//7274 7633//7274
vn 0.0000 1.0000 0.0000
f 7633//7275 7681//7275 7682//7275 7634//7275
vn 0.0000 1.0000 0.0000
f 7634//7276 7682//7276 7683//7276 7635//7276
vn 0.0000 1.0000 -0.0000
f 7635//7277 7683//7277 7684//7277 7636//7277
vn 0.0000 1.0000 0.0000
f 7636//7278 7684//7278 7685//7278 7637//7278
vn 0.0000 1.0000 0.0000
f 7637//7279 7685//7279 7686//7279 7638//7279
vn 0.0000 1.0000 0.0000
f 7638//7280 7686//7280 7687//7280 7639//7280
vn 0.0000 1.0000 -0.0000
f 7639//7281 7687//7281 7688//7281 7640//7281
vn 0.0000 1.0000 0.0000
f 7640//7282 7688//7282 7689//7282 7641//7282
vn 0.0000 1.0000 0.0000
f 7641//7283 7689//7283 7690//7283 7642//7283
vn 0.0000 1.0000 -0.0000
f 7642//7284 7690//7284 7691//7284 7643//7284
vn 0.0000 1.0000 -0.0000
f 7643//7285 7691//7285 7692//7285 7644//7285
vn 0.0000 1.0000 0.0000
f 7644//7286 7692//7286 7693//7286 7645//7286
vn 0.0000 1.0000 0.0000
f 7645//7287 7693//7287 7694//7287 7646//7287
vn 0.0000 1.0000 -0.0000
f 7646//7288 7694//7288 7695//7288 7647//7288
vn 0.0000 1.0000 0.0000
f 7647//7289 7695//7289 7696//7289 7648//7289
vn 0.0000 1.0000 0.0000
f 7648//7290 7696//7290 7697//7290 7649//7290
vn 0.0000 1.0000 0.0000
f 7649//7291 7697//7291 7698//7291 7650//7291
vn 0.0000 1.0000 -0.0000
f 7650//7292 7698//7292 7699//7292 7651//7292
vn 0.0000 1.0000 -0.0000
f 7651//7293 7699//7293 7700//7293 7652//7293
vn -0.0576 0.9970 0.0524
f 7652//7294 7700//7294 7701//7294 7653//7294
vn 0.0707 0.9973 0.0189
f 7653//7295 7701//7295 7702//7295 7654//7295
vn 0.0000 1.0000 0.0000
f 7654//7296 7702//7296 7703//7296 7655//7296
vn 0.0000 1.0000 0.0000
f 7655//7297 7703//7297 7704//7297 7656//7297
vn 0.0000 1.0000 0.0000
f 7656//7298 7704//7298 7705//7298 7657//7298
vn 0.0000 1.0000 0.0000
f 7657//7299 7705//7299 7706//7299 7658//7299
vn 0.0000 1.0000 0.0000
f 7658//7300 7706//7300 7707//7300 7659//7300
vn 0.0000 1.0000 0.0000
f 7659//7301 7707//7301 7708//7301 7660//7301
vn 0.0000 1.0000 -0.0000
f 7660//7302 7708//7302 7709//7302 7661//7302
vn 0.0000 1.0000 0.0000
f 7661//7303 7709//7303 7710//7303 7662//7303
vn 0.0000 1.0000 0.0000
f 7662//7304 7710//7304 7711//7304 7663//7304
vn 0.0000 1.0000 -0.0000
f 7663//7305 7711//7305 7712//7305 7664//7305
vn 0.0000 1.0000 0.0000
f 7664//7306 7712//7306 7713//7306 7665//7306
vn 0.0000 1.0000 -0.0000
f 7665//7307 7713//7307 7714//7307 7666//7307
vn 0.0000 1.0000 0.0000
f 7666//7308 7714//7308 7667//7308 7619//7308
vn 0.0000 1.0000 -0.0000
f 7667//7309 7715//7309 7716//7309 7668//7309
vn 0.0000 1.0000 0.0000
f 7668//7310 7716//7310 7717//7310 7669//7310
vn 0.0000 1.0000 -0.0000
f 7669//7311 7717//7311 7718//7311 7670//7311
vn 0.0000 1.0000 0.0000
f 7670//7312 7718//7312 7719//7312 7671//7312
vn 0.0000 1.0000 -0.0000
f 7671//7313 7719//7313 7720//7313 7672//7313
vn 0.0000 1.0000 0.0000
f 7672//7314 7720//7314 7721//7314 7673//7314
vn 0.0000 1.0000 0.0000
f 7673//7315 7721//7315 7722//7315 7674//7315
vn 0.0000 1.0000 0.0000
f 7674//7316 7722//7316 7723//7316 7675//7316
vn 0.0000 1.0000 -0.0000
f 7675//7317 7723//7317 7724//7317 7676//7317
vn 0.0000 1.0000 0.0000
f 7676//7318 7724//7318 7725//7318 7677//7318
vn 0.0000 1.0000 -0.0000
f 7677//7319 7725//7319 7726//7319 7678//7319
vn 0.0000 1.0000 0.0000
f 7678//7320 7726//7320 7727//7320 7679//7320
vn 0.0000 1.0000 0.0000
f 7679//7321 7727//7321 7728//7321 7680//7321
vn 0.0000 1.0000 -0.0000
f 7680//7322 7728//7322 7729//7322 7681//7322
vn 0.0000 1.0000 0.0000
f 7681//7323 7729//7323 7730//7323 7682//7323
vn 0.0000 1.0000 0.0000
f 7682//7324 7730//7324 7731//7324 7683//7324
vn 0.0000 1.0000 -0.0000
f 7683//7325 7731//7325 7732//7325 7684//7325
vn 0.0000 1.0000 0.0000
f 7684//7326 7732//7326 7733//7326 7685//7326
vn 0.0000 1.0000 -0.0000
f 7685//7327 7733//7327 7734//7327 7686//7327
vn 0.0000 1.0000 0.0000
f 7686//7328 7734//7328 7735//7328 7687//7328
vn 0.0000 1.0000 -0.0000
f 7687//7329 7735//7329 7736//7329 7688//7329
vn 0.0000 1.0000 -0.0000
f 7688//7330 7736//7330 7737//7330 7689//7330
vn 0.0000 1.0000 -0.0000
f 7689//7331 7737//7331 7738//7331 7690//7331
vn 0.0000 1.0000 0.0000
f 7690//7332 7738//7332 7739//7332 7691//7332
vn 0.0000 1.0000 0.0000
f 7691//7333 7739//7333 7740//7333 7692//7333
vn 0.0000 1.0000 -0.0000
f 7692//7334 7740//7334 7741//7334 7693//7334
vn 0.0000 1.0000 0.0000
f 7693//7335 7741//7335 7742//7335 7694//7335
vn 0.0000 1.0000 0.0000
f 7694//7336 7742//7336 7743//7336 7695//7336
vn 0.0000 1.0000 -0.0000
f 7695//7337 7743//7337 7744//7337 7696//7337
vn 0.0000 1.0000 0.0000
f 7696//7338 7744//7338 7745//7338 7697//7338
vn 0.0000 1.0000 -0.0000
f 7697//7339 7745//7339 7746//7339 7698//7339
vn 0.0000 1.0000 0.0000
f 7698//7340 7746//7340 7747//7340 7699//7340
vn 0.0000 1.0000 -0.0000
f 7699//7341 7747//7341 7748//7341 7700//7341
vn 0.0000 1.0000 0.0000
f 7700//7342 7748//7342 7749//7342 7701//7342
vn 0.0000 1.0000 0.0000
f 7701//7343 7749//7343 7750//7343 7702//7343
vn 0.0000 1.0000 -0.0000
f 7702//7344 7750//7344 7751//7344 7703//7344
vn 0.0000 1.0000 -0.0000
f 7703//7345 7751//7345 7752//7345 7704//7345
vn 0.0000 1.0000 -0.0000
f 7704//7346 7752//7346 7753//7346 7705//7346
vn 0.0000 1.0000 0.0000
f 7705//7347 7753//7347 7754//7347 7706//7347
vn 0.0000 1.0000 0.0000
f 7706//7348 7754//7348 7755//7348 7707//7348
vn 0.0000 1.0000 -0.0000
f 7707//7349 7755//7349 7756//7349 7708//7349
vn 0.0000 1.0000 0.0000
f 7708//7350 7756//7350 7757//7350 7709//7350
vn 0.0000 1.0000 0.0000
f 7709//7351 7757//7351 7758//7351 7710//7351
vn 0.0000 1.0000 0.0000
f 7710//7352 7758//7352 7759//7352 7711//7352
vn 0.0000 1.0000 -0.0000
f 7711//7353 7759//7353 7760//7353 7712//7353
vn 0.0000 1.0000 0.0000
f 7712//7354 7760//7354 7761//7354 7713//7354
vn 0.0000 1.0000 -0.0000
f 7713//7355 7761//7355 7762//7355 7714//7355
vn 0.0000 1.0000 -0.0000
f 7714//7356 7762//7356 7715//7356 7667//7356
vn 0.0000 1.0000 0.0000
f 7715//7357 7763//7357 7764//7357 7716//7357
vn 0.0000 1.0000 0.0000
f 7716//7358 7764//7358 7765//7358 7717//7358
vn 0.0000 1.0000 -0.0000
f 7717//7359 7765//7359 7766//7359 7718//7359
vn 0.0000 1.0000 0.0000
f 7718//7360 7766//7360 7767//7360 7719//7360
vn 0.0000 1.0000 -0.0000
f 7719//7361 7767//7361 7768//7361 7720//7361
vn 0.0000 1.0000 0.0000
f 7720//7362 7768//7362 7769//7362 7721//7362
vn 0.0000 1.0000 0.0000
f 7721//7363 7769//7363 7770//7363 7722//7363
vn 0.0000 1.0000 -0.0000
f 7722//7364 7770//7364 7771//7364 7723//7364
vn 0.0000 1.0000 -0.0000
f 7723//7365 7771//7365 7772//7365 7724//7365
vn 0.0000 1.0000 0.0000
f 7724//7366 7772//7366 7773//7366 7725//7366
vn 0.0000 1.0000 -0.0000
f 7725//7367 7773//7367 7774//7367 7726//7367
vn 0.0000 1.0000 0.0000
f 7726//7368 7774//7368 7775//7368 7727//7368
vn 0.0000 1.0000 0.0000
f 7727//7369 7775//7369 7776//7369 7728//7369
vn 0.0000 1.0000 0.0000
f 7728//7370 7776//7370 7777//7370 7729//7370
vn 0.0000 1.0000 0.0000
f 7729//7371 7777//7371 7778//7371 7730//7371
vn 0.0000 1.0000 0.0000
f 7730//7372 7778//7372 7779//7372 7731//7372
vn 0.0000 1.0000 0.0000
f 7731//7373 7779//7373 7780//7373 7732//7373
vn 0.0000 1.0000 -0.0000
f 7732//7374 7780//7374 7781//7374 7733//7374
vn 0.0000 1.0000 -0.0000
f 7733//7375 7781//7375 7782//7375 7734//7375
vn 0.0000 1.0000 0.0000
f 7734//7376 7782//7376 7783//7376 7735//7376
vn 0.0000 1.0000 -0.0000
f 7735//7377 7783//7377 7784//7377 7736//7377
vn 0.0000 1.0000 0.0000
f 7736//7378 7784//7378 7785//7378 7737//7378
vn 0.0000 1.0000 0.0000
f 7737//7379 7785//7379 7786//7379 7738//7379
vn 0.0000 1.0000 0.0000
f 7738//7380 7786//7380 7787//7380 7739//7380
vn 0.0000 1.0000 0.0000
f 7739//7381 7787//7381 7788//7381 7740//7381
vn 0.0000 1.0000 -0.0000
f 7740//7382 7788//7382 7789//7382 7741//7382
vn 0.0000 1.0000 -0.0000
f 7741//7383 7789//7383 7790//7383 7742//7383
vn 0.0000 1.0000 0.0000
f 7742//7384 7790//7384 7791//7384 7743//7384
vn 0.0000 1.0000 -0.0000
f 7743//7385 7791//7385 7792//7385 7744//7385
vn 0.0000 1.0000 0.0000
f 7744//7386 7792//7386 7793//7386 7745//7386
vn 0.0000 1.0000 0.0000
f 7745//7387 7793//7387 7794//7387 7746//7387
vn 0.0000 1.0000 0.0000
f 7746//7388 7794//7388 7795//7388 7747//7388
vn 0.0000 1.0000 0.0000
f 7747//7389 7795//7389 7796//7389 7748//7389
vn 0.0000 1.0000 -0.0000
f 7748//7390 7796//7390 7797//7390 7749//7390
vn 0.0000 1.0000 -0.0000
f 7749//7391 7797//7391 7798//7391 7750//7391
vn 0.0000 1.0000 0.0000
f 7750//7392 7798//7392 7799//7392 7751//7392
vn 0.0000 1.0000 0.0000
f 7751//7393 7799//7393 7800//7393 7752//7393
vn 0.0000 1.0000 0.0000
f 7752//7394 7800//7394 7801//7394 7753//7394
vn 0.0000 1.0000 0.0000
f 7753//7395 7801//7395 7802//7395 7754//7395
vn 0.0000 1.0000 -0.0000
f 7754//7396 7802//7396 7803//7396 7755//7396
vn 0.0000 1.0000 0.0000
f 7755//7397 7803//7397 7804//7397 7756//7397
vn 0.0000 1.0000 0.0000
f 7756//7398 7804//7398 7805//7398 7757//7398
vn 0.0000 1.0000 -0.0000
f 7757//7399 7805//7399 7806//7399 7758//7399
vn 0.0000 1.0000 0.0000
f 7758//7400 7806//7400 7807//7400 7759//7400
vn 0.0000 1.0000 0.0000
f 7759//7401 7807//7401 7808//7401 7760//7401
vn 0.0000 1.0000 0.0000
f 7760//7402 7808//7402 7809//7402 7761//7402
vn 0.0000 1.0000 -0.0000
f 7761//7403 7809//7403 7810//7403 7762//7403
vn 0.0000 1.0000 0.0000
f 7762//7404 7810//7404 7763//7404 7715//7404
vn 0.0000 1.0000 0.0000
f 7763//7405 7811//7405 7812//7405 7764//7405
vn 0.0000 1.0000 -0.0000
f 7764//7406 7812//7406 7813//7406 7765//7406
vn 0.0000 1.0000 0.0000
f 7765//7407 7813//7407 7814//7407 7766//7407
vn 0.0000 1.0000 -0.0000
f 7766//7408 7814//7408 7815//7408 7767//7408
vn 0.0000 1.0000 -0.0000
f 7767//7409 7815//7409 7816//7409 7768//7409
vn 0.0000 1.0000 0.0000
f 7768//7410 7816//7410 7817//7410 7769//7410
vn 0.0000 1.0000 0.0000
f 7769//7411 7817//7411 7818//7411 7770//7411
vn 0.0000 1.0000 -0.0000
f 7770//7412 7818//7412 7819//7412 7771//7412
vn 0.0000 1.0000 0.0000
f 7771//7413 7819//7413 7820//7413 7772//7413
vn 0.0000 1.0000 0.0000
f 7772//7414 7820//7414 7821//7414 7773//7414
vn 0.0000 1.0000 0.0000
f 7773//7415 7821//7415 7822//7415 7774//7415
vn 0.0000 1.0000 0.0000
f 7774//7416 7822//7416 7823//7416 7775//7416
vn 0.0000 1.0000 0.0000
f 7775//7417 7823//7417 7824//7417 7776//7417
vn 0.0000 1.0000 0.0000
f 7776//7418 7824//7418 7825//7418 7777//7418
vn 0.0000 1.0000 0.0000
f 7777//7419 7825//7419 7826//7419 7778//7419
vn 0.0000 1.0000 0.0000
f 7778//7420 7826//7420 7827//7420 7779//7420
vn 0.0000 1.0000 -0.0000
f 7779//7421 7827//7421 7828//7421 7780//7421
vn 0.0000 1.0000 -0.0000
f 7780//7422 7828//7422 7829//7422 7781//7422
vn 0.0000 1.0000 0.0000
f 7781//7423 7829//7423 7830//7423 7782//7423
vn 0.0000 1.0000 -0.0000
f 7782//7424 7830//7424 7831//7424 7783//7424
vn 0.0000 1.0000 0.0000
f 7783//7425 7831//7425 7832//7425 7784//7425
vn 0.0000 1.0000 -0.0000
f 7784//7426 7832//7426 7833//7426 7785//7426
vn 0.0000 1.0000 -0.0000
f 7785//7427 7833//7427 7834//7427 7786//7427
vn 0.0000 1.0000 -0.0000
f 7786//7428 7834//7428 7835//7428 7787//7428
vn 0.0000 1.0000 0.0000
f 7787//7429 7835//7429 7836//7429 7788//7429
vn 0.0000 1.0000 0.0000
f 7788//7430 7836//7430 7837//7430 7789//7430
vn 0.0000 1.0000 -0.0000
f 7789//7431 7837//7431 7838//7431 7790//7431
vn 0.0000 1.0000 0.0000
f 7790//7432 7838//7432 7839//7432 7791//7432
vn 0.0000 1.0000 0.0000
f 7791//7433 7839//7433 7840//7433 7792//7433
vn 0.0000 1.0000 -0.0000
f 7792//7434 7840//7434 7841//7434 7793//7434
vn 0.0000 1.0000 0.0000
f 7793//7435 7841//7435 7842//7435 7794//7435
vn 0.0000 1.0000 -0.0000
f 7794//7436 7842//7436 7843//7436 7795//7436
vn 0.0000 1.0000 0.0000
f 7795//7437 7843//7437 7844//7437 7796//7437
vn 0.0000 1.0000 -0.0000
f 7796//7438 7844//7438 7845//7438 7797//7438
vn 0.0000 1.0000 0.0000
f 7797//7439 7845//7439 7846//7439 7798//7439
vn 0.0000 1.0000 0.0000
f 7798//7440 7846//7440 7847//7440 7799//7440
vn 0.0000 1.0000 0.0000
f 7799//7441 7847//7441 7848//7441 7800//7441
vn 0.0000 1.0000 -0.0000
f 7800//7442 7848//7442 7849//7442 7801//7442
vn 0.0000 1.0000 0.0000
f 7801//7443 7849//7443 7850//7443 7802//7443
vn 0.0000 1.0000 -0.0000
f 7802//7444 7850//7444 7851//7444 7803//7444
vn 0.0000 1.0000 0.0000
f 7803//7445 7851//7445 7852//7445 7804//7445
vn 0.0000 1.0000 0.0000
f 7804//7446 7852//7446 7853//7446 7805//7446
vn 0.0000 1.0000 -0.0000
f 7805//7447 7853//7447 7854//7447 7806//7447
vn 0.0000 1.0000 -0.0000
f 7806//7448 7854//7448 7855//7448 7807//7448
vn 0.0000 1.0000 0.0000
f 7807//7449 7855//7449 7856//7449 7808//7449
vn 0.0000 1.0000 0.0000
f 7808//7450 7856//7450 7857//7450 7809//7450
vn 0.0000 1.0000 -0.0000
f 7809//7451 7857//7451 7858//7451 7810//7451
vn 0.0000 1.0000 0.0000
f 7810//7452 7858//7452 7811//7452 7763//7452
vn 0.9239 0.0000 0.3827
usemtl trunk
f 7859//7453 7861//7453 7862//7453 7860//7453
vn 0.3827 0.0000 0.9239
f 7861//7454 7863//7454 7864//7454 7862//7454
vn -0.3827 0.0000 0.9239
f 7863//7455 7865//7455 7866//7455 7864//7455
vn -0.9239 0.0000 0.3827
f 7865//7456 7867//7456 7868//7456 7866//7456
vn -0.9239 0.0000 -0.3827
f 7867//7457 7869//7457 7870//7457 7868//7457
vn -0.3827 0.0000 -0.9239
f 7869//7458 7871//7458 7872//7458 7870//7458
vn 0.3827 0.0000 -0.9239
f 7871//7459 7873//7459 7874//7459 7872//7459
vn 0.9239 0.0000 -0.3827
f 7873//7460 7859//7460 7860//7460 7874//7460
vn 0.0000 1.0000 0.0000
f 7875//7461 7861//7461 7859//7461
vn 0.0000 -1.0000 0.0000
f 7876//7462 7860//7462 7862//7462
vn 0.0000 1.0000 0.0000
f 7875//7463 7863//7463 7861//7463
vn 0.0000 -1.0000 0.0000
f 7876//7464 7862//7464 7864//7464
vn 0.0000 1.0000 0.0000
f 7875//7465 7865//7465 7863//7465
vn 0.0000 -1.0000 0.0000
f 7876//7466 7864//7466 7866//7466
vn 0.0000 1.0000 0.0000
f 7875//7467 7867//7467 7865//7467
vn 0.0000 -1.0000 0.0000
f 7876//7468 7866//7468 7868//7468
vn 0.0000 1.0000 0.0000
f 7875//7469 7869//7469 7867//7469
vn 0.0000 -1.0000 -0.0000
f 7876//7470 7868//7470 7870//7470
vn 0.0000 1.0000 0.0000
f 7875//7471 7871//7471 7869//7471
vn 0.0000 -1.0000 0.0000
f 7876//7472 7870//7472 7872//7472
vn 0.0000 1.0000 0.0000
f 7875//7473 7873//7473 7871//7473
vn 0.0000 -1.0000 0.0000
f 7876//7474 7872//7474 7874//7474
vn 0.0000 1.0000 0.0000
f 7875//7475 7859//7475 7873//7475
vn 0.0000 -1.0000 0.0000
f 7876//7476 7874//7476 7860//7476
o tree_2
v -7.1320 4.1757 11.0000
v -7.1320 0.0000 11.0000
v -7.1587 4.1757 11.0823
v -7.1587 0.0000 11.0823
v -7.2287 4.1757 11.1331
v -7.2287 0.0000 11.1331
v -7.3152 4.1757 11.1331
v -7.3152 0.0000 11.1331
v -7.3852 4.1757 11.0823
v -7.3852 0.0000 11.0823
v -7.4120 4.1757 11.0000
v -7.4120 0.0000 11.0000
v -7.3852 4.1757 10.9177
v -7.3852 0.0000 10.9177
v -7.3152 4.1757 10.8669
v -7.3152 0.0000 10.8669
v -7.2287 4.1757 10.8669
v -7.2287 0.0000 10.8669
v -7.1587 4.1757 10.9177
v -7.1587 0.0000 10.9177
v -7.2720 4.1757 11.0000
v -7.2720 0.0000 11.0000
v -7.2720 6.9763 11.0000
v -7.2720 6.9421 11.0000
v -7.2720 6.9979 11.0000
v -7.2720 7.0219 11.0000
v -7.2720 6.9689 11.0000
v -7.2720 6.8838 11.0000
v -7.2720 6.8988 11.0000
v -7.2720 7.0268 11.0000
v -7.2720 7.0686 11.0000
v -7.2720 7.0505 11.0000
v -7.2720 6.9614 11.0000
v -7.2720 6.8720 11.0000
v -7.2720 6.8999 11.0000
v -7.2720 6.8348 11.0000
v -7.2720 6.8620 11.0000
v -7.2720 6.9583 11.0000
v -7.2720 6.9627 11.0000
v -7.2720 7.0292 11.0000
v -7.2720 6.9531 11.0000
v -7.2720 6.9279 11.0000
v -7.2720 6.9291 11.0000
v -7.2720 6.9631 11.0000
v -7.2720 7.0237 11.0000
v -7.2720 7.0370 11.0000
v -7.2720 7.0220 11.0000
v -7.2720 7.0870 11.0000
v -7.2720 6.9096 11.0000
v -7.2720 6.9182 11.0000
v -7.2720 6.9299 11.0000
v -7.2720 6.8788 11.0000
v -7.2720 6.8222 11.0000
v -7.2720 6.8743 11.0000
v -7.2720 6.8871 11.0000
v -7.2720 6.9022 11.0000
v -7.2720 7.0067 11.0000
v -7.2720 7.0897 11.0000
v -7.2720 7.0742 11.0000
v -7.2720 6.9875 11.0000
v -7.2720 6.8670 11.0000
v -7.2720 6.9693 11.0000
v -7.2720 7.0504 11.0000
v -7.2720 7.0249 11.0000
v -7.2720 6.9941 11.0000
v -7.2720 6.9752 11.0000
v -7.2720 6.8562 11.0000
v -7.2720 6.8037 11.0000
v -7.2720 6.8894 11.0000
v -7.2720 6.9863 11.0000
v -6.8517 6.9070 11.0000
v -6.8635 6.8668 11.0538
v -6.8789 6.8426 11.1053
v -6.8786 6.9333 11.1630
v -6.9061 6.9173 11.2112
v -6.9309 6.9532 11.2617
v -6.9659 6.9672 11.3061
v -7.0117 6.9415 11.3392
v -7.0495 7.0255 11.3854
v -7.1010 7.0342 11.4128
v -7.1600 6.9665 11.4180
v -7.2186 6.8541 11.4058
v -7.2720 6.8605 11.4106
v -7.3252 6.8474 11.4044
v -7.3759 6.8158 11.3877
v -7.4416 7.0170 11.4095
v -7.5033 7.1095 11.4006
v -7.5377 6.9842 11.3462
v -7.5805 6.9833 11.3085
v -7.5871 6.7958 11.2418
v -7.6291 6.8686 11.2062
v -7.6717 6.9662 11.1656
v -7.7003 7.0176 11.1148
v -7.7207 7.0619 11.0591
v -7.7173 7.0268 11.0000
v -7.7191 7.0538 10.9411
v -7.6872 6.9525 10.8888
v -7.6576 6.8927 10.8403
v -7.6226 6.8325 10.7976
v -7.6095 6.9314 10.7410
v -7.5595 6.8409 10.7125
v -7.5272 6.9014 10.6675
v -7.4930 7.0115 10.6171
v -7.4349 6.9331 10.6066
v -7.3858 7.0003 10.5752
v -7.3300 7.0237 10.5591
v -7.2720 6.9201 10.5769
v -7.2174 6.8953 10.5857
v -7.1597 6.9715 10.5810
v -7.1068 6.9607 10.6013
v -7.0587 6.9369 10.6306
v -7.0086 6.9657 10.6568
v -6.9620 6.9936 10.6900
v -6.9364 6.9200 10.7425
v -6.9080 6.9068 10.7899
v -6.8993 6.8256 10.8456
v -6.8926 6.7747 10.8983
v -6.8757 6.8079 10.9478
v -6.3915 6.9756 11.0000
v -6.4507 6.8523 11.1081
v -6.4860 6.8175 11.2106
v -6.4967 6.8779 11.3212
v -6.5435 6.8827 11.4206
v -6.5887 6.9303 11.5243
v -6.6428 6.9978 11.6292
v -6.7547 6.9030 11.6742
v -6.8277 6.9949 11.7695
v -6.9237 7.0460 11.8409
v -7.0427 6.9889 11.8559
v -7.1617 6.8923 11.8380
v -7.2720 6.7657 11.7918
v -7.3729 6.7221 11.7668
v -7.4886 6.8725 11.8084
v -7.6066 6.9615 11.8079
v -7.7014 6.9244 11.7438
v -7.8103 6.9848 11.7016
v -7.8596 6.8584 11.5876
v -7.9327 6.8628 11.5070
v -8.0101 6.9090 11.4262
v -8.0716 6.9402 11.3312
v -8.1166 6.9613 11.2263
v -8.1420 6.9687 11.1145
v -8.1617 6.9975 11.0000
v -8.1484 6.9840 10.8846
v -8.0811 6.8742 10.7832
v -8.0441 6.8698 10.6802
v -7.9705 6.8007 10.5967
v -7.9334 6.8648 10.4925
v -7.8388 6.7889 10.4332
v -7.7949 6.9247 10.3186
v -7.7055 6.9439 10.2491
v -7.5996 6.9181 10.2090
v -7.5020 6.9948 10.1417
v -7.3870 6.9767 10.1266
v -7.2720 6.8982 10.1522
v -7.1583 6.9536 10.1363
v -7.0414 7.0000 10.1396
v -6.9467 6.9034 10.2147
v -6.8432 6.9216 10.2573
v -6.7498 6.9217 10.3195
v -6.6688 6.9108 10.3968
v -6.5652 7.0004 10.4576
v -6.5112 6.9710 10.5607
v -6.5280 6.7976 10.6918
v -6.5011 6.7806 10.7934
v -6.4818 6.7780 10.8960
v -5.9897 6.8714 11.0000
v -6.0059 6.8632 11.1667
v -6.0320 6.8735 11.3322
v -6.1621 6.7462 11.4597
v -6.1798 6.8387 11.6306
v -6.2831 6.8159 11.7588
v -6.3324 6.9430 11.9396
v -6.4747 6.9137 12.0391
v -6.6082 6.9413 12.1497
v -6.7747 6.8980 12.2006
v -6.9474 6.8276 12.2113
v -7.1116 6.7883 12.2181
v -7.2720 6.8125 12.2442
v -7.4255 6.7068 12.1657
v -7.5955 6.8215 12.2075
v -7.7672 6.8897 12.1957
v -7.9025 6.8383 12.0920
v -8.0250 6.8013 11.9814
v -8.1351 6.7761 11.8631
v -8.2897 6.8720 11.7809
v -8.3338 6.7845 11.6131
v -8.4341 6.8336 11.4814
v -8.5483 6.9316 11.3420
v -8.5829 6.9330 11.1726
v -8.5452 6.8573 11.0000
v -8.4825 6.7765 10.8406
v -8.4841 6.8289 10.6752
v -8.4368 6.8381 10.5175
v -8.2958 6.7166 10.4089
v -8.2459 6.7868 10.2527
v -8.1676 6.8471 10.1044
v -8.0435 6.8483 9.9945
v -7.9169 6.8831 9.8829
v -7.7701 6.9013 9.7974
v -7.6117 6.9180 9.7322
v -7.4390 6.8666 9.7317
v -7.2720 6.7960 9.7664
v -7.1027 6.8941 9.7141
v -6.9337 6.9098 9.7373
v -6.7793 6.8793 9.8105
v -6.6342 6.8610 9.8953
v -6.5233 6.7904 10.0242
v -6.3398 6.9269 10.0678
v -6.2225 6.9340 10.1947
v -6.1851 6.8291 10.3725
v -6.1315 6.7974 10.5276
v -6.0966 6.7702 10.6851
v -6.1385 6.6566 10.8508
v -5.6250 6.7391 11.0000
v -5.6016 6.7816 11.2199
v -5.6993 6.7180 11.4214
v -5.7577 6.7302 11.6272
v -5.8940 6.6765 11.7956
v -5.9319 6.7865 12.0283
v -6.0366 6.8515 12.2354
v -6.1845 6.8956 12.4173
v -6.4474 6.7415 12.4282
v -6.6427 6.7361 12.5192
v -6.8394 6.7666 12.6145
v -7.0634 6.6844 12.5846
v -7.2720 6.7892 12.6916
v -7.4910 6.7739 12.6636
v -7.6925 6.7142 12.5694
v -7.8716 6.6492 12.4476
v -8.0784 6.7009 12.3968
v -8.2994 6.7849 12.3390
v -8.4682 6.7894 12.1963
v -8.6491 6.8387 12.0567
v -8.7789 6.8436 11.8700
v -8.7985 6.7450 11.6323
v -8.9305 6.8177 11.4444
v -8.9663 6.8086 11.2231
v -8.9753 6.8024 11.0000
v -8.9198 6.7560 10.7831
v -8.8382 6.7104 10.5803
v -8.7424 6.6770 10.3909
v -8.6959 6.7359 10.1779
v -8.5242 6.6621 10.0391
v -8.4257 6.7219 9.8463
v -8.3189 6.8209 9.6356
v -8.1161 6.7854 9.5380
v -7.9235 6.8014 9.4271
v -7.6928 6.7155 9.4295
v -7.4898 6.7635 9.3455
v -7.2720 6.7388 9.3532
v -7.0522 6.7807 9.3304
v -6.8261 6.8244 9.3358
v -6.6140 6.8202 9.4116
v -6.4278 6.7857 9.5377
v -6.2604 6.7555 9.6817
v -6.1054 6.7422 9.8335
v -5.9424 6.7716 9.9798
v -5.8398 6.7467 10.1731
v -5.7582 6.7296 10.3730
v -5.7010 6.7160 10.5791
v -5.6694 6.7048 10.7890
v -5.3302 6.5609 11.0000
v -5.2646 6.6323 11.2643
v -5.3364 6.6143 11.5186
v -5.4837 6.5556 11.7407
v -5.5454 6.6056 11.9969
v -5.6360 6.6645 12.2554
v -5.8138 6.6644 12.4581
v -5.9904 6.7015 12.6701
v -6.2387 6.6683 12.7897
v -6.5234 6.5732 12.8072
v -6.7707 6.5565 12.8706
v -7.0022 6.6686 13.0493
v -7.2720 6.6334 13.0261
v -7.5462 6.6977 13.0828
v -7.8127 6.6879 13.0182
v -8.0281 6.5902 12.8255
v -8.2181 6.5183 12.6388
v -8.4346 6.5333 12.5151
v -8.7758 6.7200 12.5038
v -8.9822 6.7449 12.3123
v -9.0876 6.6940 12.0483
v -9.1650 6.6531 11.7841
v -9.2999 6.6966 11.5434
v -9.2185 6.5794 11.2563
v -9.3376 6.6674 11.0000
v -9.2744 6.6279 10.7364
v -9.1833 6.5927 10.4879
v -9.1345 6.6247 10.2285
v -9.0323 6.6391 9.9837
v -8.8926 6.6478 9.7564
v -8.7366 6.6723 9.5354
v -8.5079 6.6369 9.3894
v -8.2893 6.6407 9.2380
v -8.0686 6.6813 9.0768
v -7.7809 6.5819 9.1009
v -7.5411 6.6639 8.9562
v -7.2720 6.5893 9.0252
v -7.0025 6.6668 8.9528
v -6.7362 6.6712 9.0005
v -6.5068 6.6105 9.1527
v -6.2638 6.6251 9.2537
v -6.0270 6.6498 9.3775
v -5.8163 6.6614 9.5443
v -5.6465 6.6530 9.7527
v -5.4979 6.6528 9.9757
v -5.3670 6.6643 10.2109
v -5.2800 6.6646 10.4662
v -5.3375 6.5690 10.7453
v -4.8794 6.5122 11.0000
v -4.9206 6.4980 11.3096
v -4.9935 6.4893 11.6105
v -5.0775 6.5005 11.9090
v -5.2310 6.4879 12.1784
v -5.3634 6.5211 12.4645
v -5.5625 6.5292 12.7095
v -5.7768 6.5553 12.9486
v -6.0985 6.4813 13.0326
v -6.3823 6.4663 13.1479
v -6.6526 6.5125 13.3115
v -6.9530 6.5471 13.4231
v -7.2720 6.5206 13.4050
v -7.6046 6.6176 13.5263
v -7.8727 6.4637 13.2420
v -8.1243 6.4002 13.0578
v -8.3688 6.3774 12.8998
v -8.6686 6.4455 12.8202
v -8.9992 6.5462 12.7273
v -9.2432 6.5746 12.5125
v -9.5237 6.6528 12.3000
v -9.5275 6.5452 11.9343
v -9.5721 6.5045 11.6163
v -9.6233 6.4980 11.3096
v -9.5541 6.4373 11.0000
v -9.6339 6.5052 10.6891
v -9.5258 6.4720 10.3961
v -9.3954 6.4483 10.1205
v -9.3131 6.4880 9.8216
v -9.1686 6.5109 9.5447
v -9.0002 6.5471 9.2718
v -8.7733 6.5621 9.0434
v -8.4856 6.5357 8.8979
v -8.2013 6.5364 8.7565
v -7.8675 6.4500 8.7776
v -7.5767 6.4727 8.6856
v -7.2720 6.5313 8.5792
v -6.9625 6.4977 8.6490
v -6.6736 6.4577 8.7666
v -6.3360 6.5483 8.7403
v -6.0478 6.5500 8.8797
v -5.8359 6.4895 9.1285
v -5.6237 6.4705 9.3517
v -5.4366 6.4586 9.5916
v -5.1985 6.5134 9.8028
v -5.0272 6.5374 10.0702
v -4.9652 6.5092 10.3819
v -4.8487 6.5472 10.6810
v -4.7201 6.2699 11.0000
v -4.6316 6.3300 11.3476
v -4.6046 6.3832 11.7147
v -4.7364 6.3740 12.0503
v -4.9342 6.3496 12.3497
v -5.0543 6.4014 12.7017
v -5.3332 6.3726 12.9388
v -5.6331 6.3457 13.1359
v -5.9206 6.3514 13.3407
v -6.2555 6.3262 13.4539
v -6.5901 6.3146 13.5450
v -6.9068 6.4028 13.7739
v -7.2720 6.3845 13.7640
v -7.6451 6.4358 13.8344
v -7.9725 6.3535 13.6143
v -8.2546 6.2785 13.3724
v -8.5050 6.2234 13.1356
v -8.9030 6.3387 13.1256
v -9.1992 6.3637 12.9272
v -9.5583 6.4482 12.7543
v -9.7163 6.4161 12.4112
v -9.8556 6.4021 12.0702
v -9.7632 6.2845 11.6675
v -9.8238 6.2817 11.3359
v -9.9203 6.3220 11.0000
v -9.9512 6.3512 10.6473
v -9.7611 6.2834 10.3330
v -9.7770 6.3561 9.9624
v -9.7020 6.4072 9.5970
v -9.5048 6.4118 9.2867
v -9.3042 6.4440 8.9678
v -8.8946 6.3313 8.8853
v -8.5811 6.3057 8.7326
v -8.2603 6.2864 8.6141
v -7.9482 6.3028 8.4762
v -7.6186 6.3259 8.3671
v -7.2720 6.3955 8.2157
v -6.9257 6.3247 8.3694
v -6.5951 6.3042 8.4737
v -6.2208 6.3753 8.4621
v -5.9193 6.3528 8.6572
v -5.5824 6.3907 8.7981
v -5.3178 6.3843 9.0458
v -5.1810 6.3151 9.3956
v -5.0071 6.3041 9.6923
v -4.6587 6.4194 9.9176
v -4.5322 6.4237 10.2659
v -4.4106 6.4505 10.6233
v -4.2519 6.1923 11.0000
v -4.4256 6.1280 11.3747
v -4.3449 6.1967 11.7843
v -4.4325 6.2153 12.1761
v -4.5743 6.2332 12.5575
v -4.7958 6.2359 12.9000
v -5.1751 6.1687 13.0969
v -5.5600 6.1027 13.2311
v -5.8305 6.1332 13.4966
v -6.1524 6.1516 13.7029
v -6.5068 6.1648 13.8555
v -6.8747 6.2025 14.0177
v -7.2720 6.1814 13.9948
v -7.6835 6.2496 14.1260
v -8.0488 6.1842 13.8991
v -8.3899 6.1497 13.6989
v -8.7268 6.1447 13.5199
v -9.1155 6.1958 13.4025
v -9.3505 6.1576 13.0786
v -9.6552 6.1854 12.8287
v -10.0552 6.2758 12.6069
v -10.0102 6.1681 12.1342
v -10.0541 6.1321 11.7455
v -10.2249 6.1744 11.3888
v -10.1053 6.1118 11.0000
v -10.0632 6.1040 10.6325
v -10.1672 6.1825 10.2242
v -9.9937 6.1603 9.8726
v -9.8852 6.1912 9.4912
v -9.7947 6.2612 9.0642
v -9.4186 6.1991 8.8534
v -9.0835 6.1732 8.6391
v -8.7574 6.1711 8.4272
v -8.3651 6.1217 8.3611
v -8.0691 6.2181 8.0252
v -7.6564 6.1602 8.0797
v -7.2720 6.1687 8.0347
v -6.8988 6.1228 8.1656
v -6.5306 6.1252 8.2331
v -6.1509 6.1533 8.2935
v -5.7610 6.1931 8.3829
v -5.3751 6.2336 8.5280
v -5.1976 6.1551 8.9256
v -4.9846 6.1333 9.2448
v -4.7881 6.1268 9.5659
v -4.3831 6.2384 9.8034
v -4.2188 6.2530 10.1819
v -4.1608 6.2431 10.5904
v -3.9437 6.0209 11.0000
v -4.0323 6.0003 11.4265
v -4.0602 6.0198 11.8606
v -4.1492 6.0385 12.2935
v -4.3985 6.0174 12.6590
v -4.6366 6.0187 13.0222
v -5.0842 5.9413 13.1878
v -5.4530 5.9053 13.3706
v -5.7340 5.9352 13.6639
v -6.0193 6.0023 14.0243
v -6.4376 5.9854 14.1138
v -6.8387 6.0179 14.2910
v -7.2720 6.0217 14.3307
v -7.6938 5.9880 14.2039
v -8.0894 5.9631 14.0505
v -8.5480 6.0230 14.0807
v -8.8882 5.9883 13.7993
v -9.2941 6.0187 13.6353
v -9.5685 5.9935 13.2965
v -9.8954 6.0136 13.0130
v -10.1833 6.0323 12.6809
v -10.2037 5.9682 12.2144
v -10.4303 6.0010 11.8463
v -10.3179 5.9339 11.4010
v -10.2983 5.9183 11.0000
v -10.3802 5.9553 10.5908
v -10.3222 5.9630 10.1827
v -10.3472 6.0210 9.7262
v -10.2366 6.0531 9.2884
v -9.9336 6.0299 8.9577
v -9.6001 6.0087 8.6719
v -9.2604 5.9999 8.4086
v -8.9220 6.0113 8.1421
v -8.4827 5.9650 8.0770
v -8.0783 5.9485 7.9910
v -7.7039 6.0143 7.7193
v -7.2720 5.9857 7.7753
v -6.8560 5.9729 7.8403
v -6.4340 5.9901 7.8727
v -6.0288 5.9938 7.9987
v -5.6439 5.9964 8.1801
v -5.3113 5.9844 8.4447
v -4.9468 6.0073 8.6748
v -4.7640 5.9641 9.0756
v -4.5254 5.9676 9.4142
v -4.1472 6.0392 9.7057
v -3.9638 6.0537 10.1136
v -3.9856 6.0163 10.5673
v -3.6260 5.8395 11.0000
v -3.8670 5.7845 11.4483
v -3.9313 5.7908 11.8951
v -4.0807 5.7896 12.3219
v -4.3006 5.7836 12.7155
v -4.6050 5.7655 13.0465
v -4.8502 5.7820 13.4218
v -5.3388 5.7171 13.5194
v -5.5744 5.7743 13.9403
v -5.9297 5.8035 14.2405
v -6.3683 5.7994 14.3728
v -6.8000 5.8318 14.5852
v -7.2720 5.7592 14.3372
v -7.7112 5.7665 14.3365
v -8.1405 5.7640 14.2415
v -8.6533 5.8301 14.3348
v -9.0342 5.8079 14.0523
v -9.4135 5.8062 13.7909
v -9.6278 5.7577 13.3558
v -9.8936 5.7506 13.0116
v -10.2616 5.7891 12.7260
v -10.3632 5.7614 12.2804
v -10.6077 5.7894 11.8938
v -10.6704 5.7827 11.4474
v -10.7295 5.7905 11.0000
v -10.5126 5.7413 10.5734
v -10.7056 5.8158 10.0800
v -10.5998 5.8281 9.6216
v -10.4420 5.8433 9.1698
v -10.1339 5.8295 8.8040
v -9.6959 5.7828 8.5761
v -9.3459 5.7773 8.2973
v -8.9885 5.7841 8.0269
v -8.5856 5.7840 7.8286
v -8.1660 5.7896 7.6635
v -7.7071 5.7582 7.6952
v -7.2720 5.7617 7.6529
v -6.8187 5.7944 7.5570
v -6.3500 5.8177 7.5592
v -5.9391 5.7971 7.7821
v -5.5387 5.7928 7.9978
v -5.1978 5.7774 8.2968
v -4.8788 5.7715 8.6068
v -4.4604 5.8130 8.8426
v -4.2341 5.8036 9.2461
v -3.9942 5.8140 9.6423
v -3.8231 5.8199 10.0759
v -3.7283 5.8209 10.5335
v -3.5731 5.5901 11.0000
v -3.5477 5.6010 11.4903
v -3.7451 5.5811 11.9450
v -3.9563 5.5693 12.3734
v -4.0899 5.5854 12.8372
v -4.5427 5.5411 13.0943
v -4.8352 5.5423 13.4368
v -5.1600 5.5466 13.7524
v -5.4363 5.5849 14.1795
v -5.9170 5.5602 14.2712
v -6.3376 5.5733 14.4873
v -6.7847 5.5965 14.7010
v -7.2720 5.5714 14.6003
v -7.7216 5.5419 14.4148
v -8.2348 5.5941 14.5934
v -8.6784 5.5856 14.3955
v -9.2243 5.6290 14.3815
v -9.4919 5.5802 13.8930
v -9.7610 5.5562 13.4890
v -9.9345 5.5252 13.0431
v -10.2027 5.5305 12.6921
v -10.3929 5.5294 12.2927
v -10.6899 5.5597 11.9158
v -10.9064 5.5838 11.4785
v -10.9065 5.5779 11.0000
v -10.7540 5.5547 10.5416
v -10.6769 5.5572 10.0876
v -10.6250 5.5769 9.6111
v -10.5193 5.5997 9.1252
v -10.1068 5.5663 8.8248
v -9.8218 5.5725 8.4502
v -9.4389 5.5637 8.1760
v -9.0641 5.5684 7.8960
v -8.6473 5.5702 7.6797
v -8.2064 5.5733 7.5129
v -7.7291 5.5528 7.5281
v -7.2720 5.5391 7.5705
v -6.8171 5.5496 7.5448
v -6.3106 5.5931 7.4119
v -5.8645 5.5861 7.6021
v -5.4785 5.5689 7.8936
v -5.1962 5.5354 8.2948
v -4.7425 5.5671 8.4705
v -4.3668 5.5831 8.7708
v -4.0352 5.5974 9.1313
v -3.7507 5.6114 9.5415
v -3.8022 5.5699 10.0703
v -3.7830 5.5561 10.5407
v -3.3732 5.3715 11.0000
v -3.2864 5.3864 11.5247
v -3.5973 5.3598 11.9846
v -3.8754 5.3440 12.4069
v -4.2162 5.3258 12.7642
v -4.4861 5.3237 13.1377
v -4.6667 5.3450 13.6053
v -5.0271 5.3454 13.9256
v -5.3948 5.3536 14.2513
v -5.8209 5.3583 14.5032
v -6.3292 5.3399 14.5185
v -6.7981 5.3384 14.5998
v -7.2720 5.3399 14.6432
v -7.7659 5.3573 14.7517
v -8.2904 5.3759 14.8007
v -8.7736 5.3746 14.6251
v -9.2990 5.3906 14.5109
v -9.6612 5.3747 14.1137
v -9.8677 5.3434 13.5957
v -10.1797 5.3426 13.2311
v -10.3157 5.3241 12.7573
v -10.4235 5.3113 12.3054
v -10.8727 5.3504 11.9648
v -10.9594 5.3493 11.4855
v -10.9392 5.3429 11.0000
v -10.9211 5.3445 10.5196
v -10.9680 5.3625 10.0097
v -10.7725 5.3579 9.5500
v -10.4296 5.3403 9.1769
v -10.1869 5.3438 8.7633
v -9.9652 5.3604 8.3068
v -9.6096 5.3642 7.9536
v -9.1844 5.3623 7.6876
v -8.7372 5.3628 7.4627
v -8.2614 5.3621 7.3074
v -7.7421 5.3348 7.4290
v -7.2720 5.3358 7.3905
v -6.7696 5.3654 7.1837
v -6.3257 5.3415 7.4685
v -5.9172 5.3272 7.7293
v -5.4704 5.3350 7.8795
v -5.0814 5.3344 8.1452
v -4.5387 5.3674 8.2667
v -4.1933 5.3692 8.6377
v -3.9327 5.3662 9.0721
v -3.8539 5.3469 9.5842
v -3.6450 5.3537 10.0282
v -3.4781 5.3626 10.5005
v -3.3295 5.1306 11.0000
v -3.2593 5.1370 11.5283
v -3.3222 5.1395 12.0583
v -3.7771 5.1208 12.4476
v -4.2095 5.1058 12.7681
v -4.3930 5.1115 13.2091
v -4.7189 5.1104 13.5531
v -4.9484 5.1229 14.0282
v -5.3062 5.1299 14.4049
v -5.8558 5.1158 14.4189
v -6.3215 5.1141 14.5471
v -6.8071 5.1074 14.5312
v -7.2720 5.1209 14.7841
v -7.7777 5.1264 14.8409
v -8.2950 5.1312 14.8179
v -8.8234 5.1374 14.7456
v -9.3075 5.1384 14.5257
v -9.7004 5.1334 14.1648
v -9.9671 5.1226 13.6952
v -10.1432 5.1109 13.2032
v -10.2653 5.1010 12.7282
v -10.4703 5.1013 12.3248
v -10.8608 5.1167 11.9616
v -11.0401 5.1219 11.4961
v -11.1569 5.1271 11.0000
v -11.1036 5.1258 10.4956
v -10.9571 5.1228 10.0126
v -10.7930 5.1226 9.5415
v -10.5579 5.1215 9.1029
v -10.2940 5.1225 8.6811
v -9.9474 5.1209 8.3246
v -9.5965 5.1230 7.9707
v -9.1955 5.1248 7.6684
v -8.7127 5.1197 7.5219
v -8.2396 5.1182 7.3888
v -7.7509 5.1139 7.3621
v -7.2720 5.1213 7.2095
v -6.7718 5.1238 7.2007
v -6.3106 5.1167 7.4119
v -5.8713 5.1134 7.6184
v -5.3683 5.1223 7.7026
v -4.9944 5.1183 8.0318
v -4.5526 5.1247 8.2806
v -4.1266 5.1319 8.5865
v -3.7748 5.1364 8.9809
v -3.7005 5.1259 9.5206
v -3.4997 5.1283 9.9892
v -3.6089 5.1155 10.5177
v -3.2811 4.8905 11.0000
v -3.3138 4.8905 11.5211
v -3.4612 4.8905 12.0211
v -3.7080 4.8905 12.4763
v -3.9878 4.8905 12.8961
v -4.2845 4.8905 13.2924
v -4.5936 4.8905 13.6784
v -4.8196 4.8905 14.1961
v -5.3251 4.8905 14.3721
v -5.7824 4.8905 14.5963
v -6.3538 4.8905 14.4267
v -6.8078 4.8905 14.5261
v -7.2720 4.8905 14.7741
v -7.7939 4.8905 14.9644
v -8.3195 4.8905 14.9094
v -8.7737 4.8905 14.6254
v -9.2159 4.8905 14.3669
v -9.6938 4.8905 14.1562
v -10.0865 4.8905 13.8145
v -10.3396 4.8905 13.3539
v -10.4350 4.8905 12.8261
v -10.5897 4.8905 12.3743
v -10.7585 4.8905 11.9342
v -10.9331 4.8905 11.4820
v -11.2200 4.8905 11.0000
v -11.2579 4.8905 10.4752
v -11.0759 4.8905 9.9808
v -10.7079 4.8905 9.5768
v -10.4189 4.8905 9.1831
v -10.2578 4.8905 8.7089
v -9.9681 4.8905 8.3039
v -9.7222 4.8905 7.8069
v -9.1827 4.8905 7.6905
v -8.7333 4.8905 7.4720
v -8.2787 4.8905 7.2430
v -7.7580 4.8905 7.3083
v -7.2720 4.8905 7.2167
v -6.7697 4.8905 7.1850
v -6.2802 4.8905 7.2987
v -5.8836 4.8905 7.6482
v -5.3289 4.8905 7.6345
v -4.8825 4.8905 7.8860
v -4.4534 4.8905 8.1814
v -4.2024 4.8905 8.6447
v -3.9076 4.8905 9.0576
v -3.5971 4.8905 9.4778
v -3.6360 4.8905 10.0257
v -3.5484 4.8905 10.5098
v -3.4601 4.6583 11.0000
v -3.5646 4.6627 11.4881
v -3.5745 4.6573 11.9907
v -3.8973 4.6680 12.3979
v -4.1201 4.6688 12.8197
v -4.3592 4.6669 13.2350
v -4.5793 4.6585 13.6927
v -4.9340 4.6566 14.0469
v -5.3401 4.6551 14.3461
v -5.8667 4.6668 14.3927
v -6.3109 4.6643 14.5868
v -6.7782 4.6601 14.7505
v -7.2720 4.6642 14.7155
v -7.7762 4.6552 14.8301
v -8.3115 4.6458 14.8796
v -8.8040 4.6466 14.6986
v -9.1313 4.6640 14.2205
v -9.6492 4.6526 14.0980
v -9.9682 4.6582 13.6962
v -10.3433 4.6547 13.3567
v -10.4239 4.6688 12.8198
v -10.5901 4.6717 12.3744
v -10.6466 4.6777 11.9042
v -11.1342 4.6532 11.5085
v -11.2613 4.6475 11.0000
v -11.1879 4.6499 10.4845
v -11.1598 4.6453 9.9583
v -10.8281 4.6560 9.5270
v -10.4382 4.6678 9.1720
v -10.2699 4.6603 8.6996
v -10.0385 4.6522 8.2334
v -9.6295 4.6546 7.9276
v -9.1377 4.6632 7.7685
v -8.7214 4.6598 7.5008
v -8.2897 4.6510 7.2020
v -7.7773 4.6547 7.1617
v -7.2720 4.6554 7.1408
v -6.7828 4.6622 7.2844
v -6.3195 4.6663 7.4452
v -5.9024 4.6725 7.6935
v -5.3503 4.6564 7.6716
v -4.8921 4.6524 7.8984
v -4.4442 4.6469 8.1722
v -4.3121 4.6632 8.7288
v -4.0863 4.6664 9.1608
v -3.7609 4.6590 9.5456
v -3.5273 4.6543 9.9966
v -3.3408 4.6490 10.4824
v -3.6502 4.4436 11.0000
v -3.7941 4.4577 11.4579
v -3.8602 4.4547 11.9142
v -3.7824 4.4245 12.4454
v -3.9994 4.4242 12.8894
v -4.2773 4.4247 13.2979
v -4.6804 4.4383 13.5916
v -4.9529 4.4205 14.0223
v -5.4254 4.4348 14.1984
v -5.9221 4.4553 14.2589
v -6.3008 4.4275 14.6247
v -6.7895 4.4344 14.6648
v -7.2720 4.4311 14.7235
v -7.7667 4.4229 14.7576
v -8.2942 4.4032 14.8150
v -8.6978 4.4308 14.4422
v -9.1250 4.4332 14.2094
v -9.5845 4.4218 14.0137
v -9.8339 4.4435 13.5619
v -10.1652 4.4405 13.2200
v -10.3866 4.4467 12.7982
v -10.5763 4.4492 12.3687
v -10.7942 4.4406 11.9438
v -10.8669 4.4431 11.4733
v -11.1603 4.4107 11.0000
v -11.0634 4.4187 10.5009
v -10.9227 4.4242 10.0218
v -10.6723 4.4364 9.5916
v -10.5199 4.4278 9.1248
v -10.2230 4.4316 8.7356
v -9.8642 4.4382 8.4078
v -9.5685 4.4250 8.0071
v -9.1474 4.4277 7.7518
v -8.7439 4.4159 7.4464
v -8.2536 4.4225 7.3364
v -7.7486 4.4400 7.3799
v -7.2720 4.4461 7.3979
v -6.7930 4.4377 7.3617
v -6.3420 4.4471 7.5291
v -5.8460 4.4307 7.5573
v -5.4330 4.4367 7.8148
v -4.9749 4.4249 8.0064
v -4.6267 4.4289 8.3547
v -4.4315 4.4487 8.8204
v -4.1364 4.4438 9.1897
v -3.7894 4.4254 9.5575
v -3.4868 4.4070 9.9858
v -3.5249 4.4242 10.5067
v -3.6736 4.2099 11.0000
v -3.7807 4.2244 11.4596
v -3.9185 4.2338 11.8986
v -3.9803 4.2166 12.3635
v -3.9480 4.1645 12.9191
v -4.2490 4.1698 13.3196
v -4.6834 4.1980 13.5886
v -5.1021 4.2163 13.8279
v -5.5504 4.2392 13.9819
v -5.9546 4.2393 14.1805
v -6.3092 4.1868 14.5933
v -6.7922 4.1952 14.6444
v -7.2720 4.1980 14.6612
v -7.7544 4.1914 14.6643
v -8.2448 4.1795 14.6307
v -8.6271 4.2207 14.2716
v -9.0364 4.2230 14.0560
v -9.4042 4.2280 13.7787
v -9.7780 4.2201 13.5060
v -10.0846 4.2199 13.1582
v -10.4745 4.1910 12.8490
v -10.5987 4.2094 12.3780
v -10.7929 4.2010 11.9434
v -10.6975 4.2369 11.4510
v -10.9218 4.2001 11.0000
v -10.9462 4.1895 10.5163
v -10.8727 4.1854 10.0352
v -10.7087 4.1869 9.5765
v -10.3481 4.2186 9.2240
v -10.1524 4.2037 8.7898
v -9.7225 4.2350 8.5495
v -9.4123 4.2255 8.2107
v -9.1160 4.1929 7.8061
v -8.6814 4.1938 7.5974
v -8.2297 4.1906 7.4259
v -7.7366 4.2171 7.4706
v -7.2720 4.2170 7.4395
v -6.8248 4.2425 7.6035
v -6.3442 4.2125 7.5376
v -5.8599 4.1925 7.5909
v -5.4306 4.1939 7.8106
v -5.0528 4.2009 8.1079
v -4.7165 4.2069 8.4445
v -4.5207 4.2345 8.8889
v -4.2443 4.2292 9.2520
v -3.9918 4.2189 9.6413
v -3.6548 4.1822 10.0308
v -3.6165 4.1931 10.5187
v -3.8538 4.0007 11.0000
v -4.0412 4.0422 11.4253
v -4.1048 4.0369 11.8486
v -4.0861 3.9928 12.3196
v -4.0843 3.9323 12.8404
v -4.3650 3.9366 13.2306
v -4.8153 3.9861 13.4567
v -5.2014 4.0051 13.6984
v -5.6157 4.0282 13.8688
v -5.9606 3.9984 14.1659
v -6.3409 3.9540 14.4750
v -6.8001 3.9494 14.5844
v -7.2720 3.9834 14.4847
v -7.7396 3.9578 14.5521
v -8.1282 4.0293 14.1954
v -8.6035 3.9848 14.2145
v -8.9616 4.0108 13.9265
v -9.2910 4.0271 13.6312
v -9.6846 4.0023 13.4126
v -9.9720 4.0045 13.0718
v -10.4260 3.9424 12.8210
v -10.6955 3.9259 12.4180
v -10.6286 3.9859 11.8994
v -10.7215 3.9848 11.4541
v -10.4876 4.0534 11.0000
v -10.6529 4.0028 10.5549
v -10.6726 3.9740 10.0888
v -10.4858 3.9849 9.6688
v -10.3123 3.9766 9.2447
v -10.0307 3.9853 8.8832
v -9.5905 4.0369 8.6815
v -9.3846 3.9871 8.2467
v -9.0155 3.9827 7.9801
v -8.6217 3.9724 7.7416
v -8.2023 3.9548 7.5280
v -7.7101 4.0168 7.6724
v -7.2720 4.0385 7.7272
v -6.8197 3.9885 7.5647
v -6.3862 3.9996 7.6943
v -5.9345 3.9807 7.7710
v -5.5586 3.9984 8.0323
v -5.1245 3.9722 8.2013
v -4.7914 3.9773 8.5194
v -4.4968 3.9799 8.8705
v -4.2245 3.9744 9.2405
v -4.0406 3.9800 9.6615
v -3.8599 3.9709 10.0857
v -3.8041 3.9800 10.5434
v -4.0936 3.8109 11.0000
v -4.2395 3.8516 11.3992
v -4.3432 3.8606 11.7848
v -4.3477 3.8154 12.2113
v -4.4647 3.7895 12.6208
v -4.5665 3.7322 13.0760
v -4.9371 3.7690 13.3349
v -5.3752 3.8322 13.4720
v -5.6469 3.7865 13.8148
v -6.0242 3.7830 14.0124
v -6.4139 3.7645 14.2023
v -6.8340 3.7508 14.3267
v -7.2720 3.7463 14.3687
v -7.6938 3.7928 14.2041
v -8.1019 3.8014 14.0972
v -8.4355 3.8578 13.8090
v -8.7939 3.8567 13.6360
v -9.2354 3.7950 13.5588
v -9.5288 3.8064 13.2568
v -9.8058 3.8057 12.9442
v -10.1197 3.7736 12.6441
v -10.4504 3.7220 12.3165
v -10.5500 3.7378 11.8783
v -10.5957 3.7518 11.4376
v -10.4023 3.8272 11.0000
v -10.2411 3.8733 10.6091
v -10.3761 3.7990 10.1683
v -10.2289 3.8034 9.7752
v -10.1816 3.7493 9.3201
v -9.9118 3.7603 8.9744
v -9.5491 3.7967 8.7228
v -9.2263 3.8001 8.4531
v -8.8301 3.8320 8.3013
v -8.4844 3.8144 8.0729
v -8.1005 3.8033 7.9081
v -7.6929 3.7951 7.8025
v -7.2720 3.8229 7.8570
v -6.8536 3.8017 7.8219
v -6.4261 3.7804 7.8431
v -5.9660 3.7314 7.8471
v -5.6646 3.7986 8.2160
v -5.2665 3.7716 8.3864
v -4.9482 3.7743 8.6762
v -4.6986 3.7888 9.0254
v -4.4490 3.7833 9.3702
v -4.3988 3.8342 9.8099
v -4.1665 3.7985 10.1679
v -4.1413 3.8180 10.5878
v -4.4573 3.6771 11.0000
v -4.4174 3.6493 11.3758
v -4.4647 3.6376 11.7522
v -4.5253 3.6089 12.1377
v -4.5992 3.5600 12.5432
v -4.9602 3.6344 12.7739
v -5.1153 3.5757 13.1567
v -5.4322 3.5877 13.3976
v -5.7839 3.6076 13.5774
v -6.0851 3.5535 13.8654
v -6.4659 3.5478 14.0085
v -6.8557 3.5156 14.1622
v -7.2720 3.5739 14.0541
v -7.6698 3.5766 14.0218
v -8.0134 3.6557 13.7669
v -8.3725 3.6508 13.6569
v -8.7276 3.6355 13.5212
v -9.0146 3.6565 13.2710
v -9.3982 3.5943 13.1262
v -9.7201 3.5603 12.8785
v -9.8760 3.5943 12.5034
v -10.1040 3.5691 12.1731
v -10.3647 3.5103 11.8287
v -10.3220 3.5643 11.4015
v -10.2305 3.6151 11.0000
v -10.0910 3.6648 10.6289
v -9.9913 3.6769 10.2714
v -10.1061 3.5681 9.8261
v -9.8961 3.5843 9.4850
v -9.7505 3.5438 9.0982
v -9.3784 3.6064 8.8936
v -9.0755 3.6134 8.6496
v -8.7179 3.6439 8.4957
v -8.4282 3.5881 8.2088
v -8.0511 3.5929 8.0924
v -7.6634 3.5976 8.0266
v -7.2720 3.6098 8.0292
v -6.8829 3.6055 8.0447
v -6.4876 3.5840 8.0725
v -6.0903 3.5593 8.1471
v -5.7947 3.6169 8.4413
v -5.4946 3.6319 8.6837
v -5.1519 3.5980 8.8800
v -4.9485 3.6280 9.2171
v -4.6978 3.6091 9.5138
v -4.4978 3.5961 9.8509
v -4.4413 3.6272 10.2415
v -4.3775 3.6320 10.6189
v -4.6906 3.4951 11.0000
v -4.5803 3.4230 11.3544
v -4.6535 3.4251 11.7016
v -4.7458 3.4124 12.0464
v -5.0404 3.4976 12.2884
v -5.2137 3.4881 12.5794
v -5.3789 3.4433 12.8931
v -5.5726 3.3815 13.2146
v -5.8770 3.3823 13.4162
v -6.2238 3.4099 13.5305
v -6.5715 3.4274 13.6144
v -6.9059 3.3742 13.7810
v -7.2720 3.4437 13.6765
v -7.6131 3.4780 13.5907
v -7.9402 3.4950 13.4937
v -8.2910 3.4511 13.4602
v -8.6011 3.4535 13.3022
v -8.9313 3.4171 13.1625
v -9.2433 3.3835 12.9713
v -9.4652 3.3962 12.6829
v -9.7391 3.3506 12.4244
v -9.8929 3.3570 12.0856
v -9.9037 3.4177 11.7052
v -9.9382 3.4368 11.3510
v -9.9144 3.4621 11.0000
v -9.9177 3.4480 10.6517
v -9.7273 3.5164 10.3421
v -9.7233 3.4562 9.9846
v -9.5882 3.4448 9.6628
v -9.4642 3.3968 9.3179
v -9.2912 3.3469 8.9808
v -8.9523 3.3984 8.8101
v -8.5850 3.4710 8.7258
v -8.2436 3.5180 8.6542
v -7.9361 3.5035 8.5215
v -7.6288 3.4130 8.2901
v -7.2720 3.4325 8.3029
v -6.8944 3.3267 8.1318
v -6.5543 3.3915 8.3214
v -6.2501 3.4470 8.5329
v -5.9305 3.4402 8.6764
v -5.6362 3.4380 8.8682
v -5.3608 3.4295 9.0888
v -5.1484 3.4436 9.3705
v -4.9604 3.4477 9.6654
v -4.9381 3.5250 10.0333
v -4.7158 3.4600 10.3151
v -4.6930 3.4844 10.6605
v -4.8402 3.2421 11.0000
v -4.8818 3.2564 11.3147
v -4.8963 3.2234 11.6366
v -5.0051 3.2273 11.9390
v -5.3380 3.3768 12.1166
v -5.4735 3.3539 12.3800
v -5.5932 3.2812 12.6788
v -5.7475 3.1931 12.9867
v -6.0047 3.1724 13.1950
v -6.3036 3.1752 13.3380
v -6.6619 3.2928 13.2768
v -6.9665 3.3039 13.3206
v -7.2720 3.3543 13.2664
v -7.5694 3.3459 13.2592
v -7.8934 3.2630 13.3192
v -8.1652 3.3084 13.1564
v -8.4314 3.3188 13.0081
v -8.7418 3.2539 12.9155
v -8.9314 3.2998 12.6594
v -9.1837 3.2571 12.4669
v -9.4450 3.1897 12.2546
v -9.5493 3.2197 11.9433
v -9.6368 3.2310 11.6337
v -9.6571 3.2598 11.3140
v -9.7140 3.2352 11.0000
v -9.5838 3.3099 10.6956
v -9.5696 3.2781 10.3844
v -9.2933 3.4075 10.1627
v -9.3282 3.2811 9.8128
v -9.2073 3.2370 9.5150
v -9.0153 3.2194 9.2567
v -8.8017 3.1872 9.0064
v -8.4225 3.3308 9.0072
v -8.1712 3.2978 8.8292
v -7.8809 3.2958 8.7276
v -7.5901 3.2385 8.5837
v -7.2720 3.1873 8.4873
v -6.9452 3.1937 8.5181
v -6.6566 3.2790 8.7035
v -6.3224 3.2085 8.7075
v -6.0478 3.2310 8.8797
v -5.8066 3.2588 9.0903
v -5.5486 3.2384 9.2766
v -5.4306 3.3172 9.5870
v -5.3094 3.3544 9.8669
v -5.1073 3.3023 10.1034
v -4.9864 3.2866 10.3876
v -4.9250 3.2859 10.6910
v -5.3077 3.2007 11.0000
v -5.2684 3.1520 11.2638
v -5.2702 3.1318 11.5364
v -5.4284 3.1738 11.7636
v -5.5464 3.1764 11.9962
v -5.6948 3.1803 12.2102
v -5.8061 3.1318 12.4658
v -5.9659 3.1318 12.7021
v -6.1717 3.1318 12.9058
v -6.4536 3.1318 12.9758
v -6.7545 3.1704 12.9313
v -7.0033 3.1318 13.0410
v -7.2720 3.2413 12.9170
v -7.5330 3.1703 12.9825
v -7.8008 3.1328 12.9735
v -8.0208 3.2071 12.8079
v -8.2395 3.2257 12.6759
v -8.5114 3.1390 12.6152
v -8.7752 3.1318 12.5032
v -8.9760 3.1318 12.3075
v -9.1377 3.1318 12.0772
v -9.2057 3.1318 11.8010
v -9.3083 3.1318 11.5456
v -9.3297 3.1318 11.2709
v -9.3313 3.1318 11.0000
v -9.3491 3.1318 10.7265
v -9.1854 3.1863 10.4873
v -9.0516 3.2334 10.2629
v -8.9108 3.2626 10.0539
v -8.8508 3.1785 9.7885
v -8.7330 3.1318 9.5390
v -8.5470 3.1318 9.3383
v -8.2626 3.1860 9.2842
v -8.0075 3.2369 9.2242
v -7.7825 3.1934 9.0946
v -7.5475 3.1318 8.9069
v -7.2720 3.1318 8.8722
v -7.0067 3.1422 8.9852
v -6.7368 3.1318 9.0026
v -6.4692 3.1318 9.0619
v -6.2311 3.1318 9.1972
v -6.0075 3.1318 9.3521
v -5.8571 3.1691 9.5851
v -5.6435 3.1318 9.7504
v -5.6065 3.2361 10.0385
v -5.5219 3.2609 10.2751
v -5.3045 3.1382 10.4728
v -5.3056 3.1842 10.7411
v -5.6378 3.1318 11.0000
v -5.5824 3.1318 11.2224
v -5.6808 3.1318 11.4264
v -5.8032 3.1318 11.6084
v -5.8596 3.1318 11.8154
v -5.9738 3.1318 11.9961
v -6.0601 3.1318 12.2119
v -6.1910 3.1318 12.4088
v -6.4189 3.1318 12.4776
v -6.5889 3.1318 12.6491
v -6.8337 3.1318 12.6357
v -7.0660 3.1318 12.5645
v -7.2720 3.1352 12.5638
v -7.4768 3.1318 12.5560
v -7.6937 3.1318 12.5737
v -7.9038 3.1318 12.5252
v -8.1026 3.1318 12.4387
v -8.3037 3.1318 12.3446
v -8.4916 3.1318 12.2196
v -8.6271 3.1318 12.0398
v -8.6952 3.1318 11.8217
v -8.8088 3.1318 11.6366
v -8.9256 3.1318 11.4431
v -8.9048 3.1318 11.2150
v -8.9864 3.1318 11.0000
v -8.9875 3.1318 10.7741
v -8.8285 3.1318 10.5829
v -8.7349 3.1318 10.3940
v -8.7020 3.1318 10.1744
v -8.5588 3.1318 10.0126
v -8.4427 3.1318 9.8293
v -8.2904 3.1318 9.6728
v -8.0736 3.1318 9.6116
v -7.8959 3.1318 9.4938
v -7.7148 3.1318 9.3474
v -7.4909 3.1318 9.3368
v -7.2720 3.1318 9.3110
v -7.0493 3.1318 9.3084
v -6.8340 3.1318 9.3655
v -6.6108 3.1318 9.4038
v -6.4111 3.1318 9.5088
v -6.2106 3.1318 9.6168
v -6.1194 3.1318 9.8475
v -5.9726 3.1318 10.0029
v -5.8804 3.1318 10.1966
v -5.8098 3.1318 10.3943
v -5.6336 3.1318 10.5610
v -5.6552 3.1318 10.7871
v -6.0055 3.1318 11.0000
v -6.0277 3.1318 11.1638
v -6.0512 3.1318 11.3271
v -6.1661 3.1318 11.4581
v -6.1870 3.1318 11.6264
v -6.2667 3.1318 11.7714
v -6.3509 3.1318 11.9211
v -6.5117 3.1318 11.9908
v -6.6029 3.1318 12.1589
v -6.7822 3.1318 12.1823
v -6.9457 3.1318 12.2178
v -7.1133 3.1318 12.2051
v -7.2720 3.1318 12.1986
v -7.4323 3.1318 12.2178
v -7.5880 3.1318 12.1793
v -7.7416 3.1318 12.1339
v -7.9194 3.1318 12.1214
v -8.0447 3.1318 12.0071
v -8.1784 3.1318 11.9064
v -8.2947 3.1318 11.7848
v -8.3807 3.1318 11.6401
v -8.4493 3.1318 11.4877
v -8.4638 3.1318 11.3193
v -8.5738 3.1318 11.1714
v -8.5770 3.1318 11.0000
v -8.5714 3.1318 10.8289
v -8.4908 3.1318 10.6734
v -8.3948 3.1318 10.5349
v -8.3487 3.1318 10.3784
v -8.2425 3.1318 10.2553
v -8.1054 3.1318 10.1666
v -8.0296 3.1318 10.0127
v -7.9173 3.1318 9.8823
v -7.7674 3.1318 9.8041
v -7.6186 3.1318 9.7066
v -7.4440 3.1318 9.6937
v -7.2720 3.1318 9.7396
v -7.1134 3.1318 9.7952
v -6.9321 3.1318 9.7317
v -6.7746 3.1318 9.7993
v -6.6333 3.1318 9.8937
v -6.5076 3.1318 10.0038
v -6.3817 3.1318 10.1097
v -6.3051 3.1318 10.2581
v -6.2376 3.1318 10.4028
v -6.0892 3.1318 10.5101
v -6.0764 3.1318 10.6796
v -6.0071 3.1318 10.8335
v -6.4155 3.1318 11.0000
v -6.4647 3.1318 11.1063
v -6.4658 3.1318 11.2160
v -6.5255 3.1318 11.3092
v -6.5155 3.1318 11.4368
v -6.5876 3.1318 11.5251
v -6.6428 3.1318 11.6292
v -6.7566 3.1318 11.6717
v -6.8540 3.1318 11.7240
v -6.9504 3.1318 11.7764
v -7.0424 3.1318 11.8566
v -7.1593 3.1318 11.8561
v -7.2720 3.1318 11.8021
v -7.3773 3.1318 11.8000
v -7.4906 3.1318 11.8160
v -7.5889 3.1318 11.7651
v -7.7249 3.1318 11.7845
v -7.8147 3.1318 11.7072
v -7.8972 3.1318 11.6252
v -7.9606 3.1318 11.5284
v -7.9925 3.1318 11.4160
v -8.0415 3.1318 11.3187
v -8.0767 3.1318 11.2156
v -8.1001 3.1318 11.1090
v -8.0995 3.1318 11.0000
v -8.1043 3.1318 10.8904
v -8.1241 3.1318 10.7717
v -8.0753 3.1318 10.6672
v -7.9849 3.1318 10.5884
v -7.9120 3.1318 10.5089
v -7.8207 3.1318 10.4513
v -7.7875 3.1318 10.3281
v -7.7068 3.1318 10.2468
v -7.6120 3.1318 10.1792
v -7.5056 3.1318 10.1283
v -7.3841 3.1318 10.1483
v -7.2720 3.1318 10.1402
v -7.1622 3.1318 10.1663
v -7.0454 3.1318 10.1545
v -6.9310 3.1318 10.1768
v -6.8455 3.1318 10.2614
v -6.7464 3.1318 10.3151
v -6.6801 3.1318 10.4081
v -6.6011 3.1318 10.4852
v -6.5373 3.1318 10.5758
v -6.4896 3.1318 10.6759
v -6.4528 3.1318 10.7805
v -6.4397 3.1318 10.8904
v -6.8395 3.1318 11.0000
v -6.8479 3.1318 11.0558
v -6.8843 3.1318 11.1039
v -6.8712 3.1318 11.1660
v -6.8864 3.1318 11.2226
v -6.9181 3.1318 11.2715
v -6.9593 3.1318 11.3127
v -7.0188 3.1318 11.3300
v -7.0630 3.1318 11.3619
v -7.1153 3.1318 11.3784
v -7.1592 3.1318 11.4209
v -7.2162 3.1318 11.4241
v -7.2720 3.1318 11.4401
v -7.3264 3.1318 11.4132
v -7.3824 3.1318 11.4122
v -7.4395 3.1318 11.4045
v -7.4883 3.1318 11.3746
v -7.5429 3.1318 11.3531
v -7.5664 3.1318 11.2944
v -7.6131 3.1318 11.2618
v -7.6401 3.1318 11.2125
v -7.6631 3.1318 11.1620
v -7.6874 3.1318 11.1113
v -7.7097 3.1318 11.0576
v -7.7083 3.1318 11.0000
v -7.6926 3.1318 10.9446
v -7.6881 3.1318 10.8885
v -7.6686 3.1318 10.8357
v -7.6367 3.1318 10.7894
v -7.5938 3.1318 10.7531
v -7.5533 3.1318 10.7187
v -7.5200 3.1318 10.6768
v -7.4956 3.1318 10.6127
v -7.4390 3.1318 10.5967
v -7.3850 3.1318 10.5781
v -7.3299 3.1318 10.5601
v -7.2720 3.1318 10.5758
v -7.2151 3.1318 10.5678
v -7.1567 3.1318 10.5699
v -7.1046 3.1318 10.5958
v -7.0585 3.1318 10.6302
v -7.0119 3.1318 10.6610
v -6.9832 3.1318 10.7112
v -6.9234 3.1318 10.7325
v -6.9002 3.1318 10.7854
v -6.8783 3.1318 10.8369
v -6.8698 3.1318 10.8922
v -6.8617 3.1318 10.9460
v -7.2720 3.1318 11.0000
v -7.2720 3.1318 11.0000
v -7.2720 3.1318 11.0000
v -7.2720 3.1318 11.0000
v -7.2720 3.1318 11.0000
v -7.2720 3.1318 11.0000
v -7.2720 3.1318 11.0000
v -7.2720 3.1318 11.0000
v -7.2720 3.1318 11.0000
v -7.2720 3.1318 11.0000
v -7.2720 3.1318 11.0000
v -7.2720 3.1318 11.0000
v -7.2720 3.1318 11.0000
v -7.2720 3.1318 11.0000
v -7.2720 3.1318 11.0000
v -7.2720 3.1318 11.0000
v -7.2720 3.1318 11.0000
v -7.2720 3.1318 11.0000
v -7.2720 3.1318 11.0000
v -7.2720 3.1318 11.0000
v -7.2720 3.1318 11.0000
v -7.2720 3.1318 11.0000
v -7.2720 3.1318 11.0000
v -7.2720 3.1318 11.0000
v -7.2720 3.1318 11.0000
v -7.2720 3.1318 11.0000
v -7.2720 3.1318 11.0000
v -7.2720 3.1318 11.0000
v -7.2720 3.1318 11.0000
v -7.2720 3.1318 11.0000
v -7.2720 3.1318 11.0000
v -7.2720 3.1318 11.0000
v -7.2720 3.1318 11.0000
v -7.2720 3.1318 11.0000
v -7.2720 3.1318 11.0000
v -7.2720 3.1318 11.0000
v -7.2720 3.1318 11.0000
v -7.2720 3.1318 11.0000
v -7.2720 3.1318 11.0000
v -7.2720 3.1318 11.0000
v -7.2720 3.1318 11.0000
v -7.2720 3.1318 11.0000
v -7.2720 3.1318 11.0000
v -7.2720 3.1318 11.0000
v -7.2720 3.1318 11.0000
v -7.2720 3.1318 11.0000
v -7.2720 3.1318 11.0000
v -7.2720 3.1318 11.0000
v -7.1380 3.5911 11.0000
v -7.1380 3.1318 11.0000
v -7.1773 3.5911 11.0947
v -7.1773 3.1318 11.0947
v -7.2720 3.5911 11.1340
v -7.2720 3.1318 11.1340
v -7.3667 3.5911 11.0947
v -7.3667 3.1318 11.0947
v -7.4060 3.5911 11.0000
v -7.4060 3.1318 11.0000
v -7.3667 3.5911 10.9053
v -7.3667 3.1318 10.9053
v -7.2720 3.5911 10.8660
v -7.2720 3.1318 10.8660
v -7.1773 3.5911 10.9053
v -7.1773 3.1318 10.9053
v -7.2720 3.5911 11.0000
v -7.2720 3.1318 11.0000
vn 0.9511 0.0000 0.3090
usemtl trunk
f 7877//7477 7879//7477 7880//7477 7878//7477
vn 0.5878 0.0000 0.8090
f 7879//7478 7881//7478 7882//7478 7880//7478
vn 0.0000 0.0000 1.0000
f 7881//7479 7883//7479 7884//7479 7882//7479
vn -0.5878 0.0000 0.8090
f 7883//7480 7885//7480 7886//7480 7884//7480
vn -0.9511 0.0000 0.3090
f 7885//7481 7887//7481 7888//7481 7886//7481
vn -0.9511 0.0000 -0.3090
f 7887//7482 7889//7482 7890//7482 7888//7482
vn -0.5878 0.0000 -0.8090
f 7889//7483 7891//7483 7892//7483 7890//7483
vn 0.0000 0.0000 -1.0000
f 7891//7484 7893//7484 7894//7484 7892//7484
vn 0.5878 0.0000 -0.8090
f 7893//7485 7895//7485 7896//7485 7894//7485
vn 0.9511 0.0000 -0.3090
f 7895//7486 7877//7486 7878//7486 7896//7486
vn 0.0000 1.0000 0.0000
f 7897//7487 7879//7487 7877//7487
vn 0.0000 -1.0000 0.0000
f 7898//7488 7878//7488 7880//7488
vn 0.0000 1.0000 0.0000
f 7897//7489 7881//7489 7879//7489
vn 0.0000 -1.0000 0.0000
f 7898//7490 7880//7490 7882//7490
vn 0.0000 1.0000 0.0000
f 7897//7491 7883//7491 7881//7491
vn 0.0000 -1.0000 0.0000
f 7898//7492 7882//7492 7884//7492
vn 0.0000 1.0000 0.0000
f 7897//7493 7885//7493 7883//7493
vn 0.0000 -1.0000 0.0000
f 7898//7494 7884//7494 7886//7494
vn 0.0000 1.0000 0.0000
f 7897//7495 7887//7495 7885//7495
vn 0.0000 -1.0000 0.0000
f 7898//7496 7886//7496 7888//7496
vn 0.0000 1.0000 0.0000
f 7897//7497 7889//7497 7887//7497
vn 0.0000 -1.0000 0.0000
f 7898//7498 7888//7498 7890//7498
vn 0.0000 1.0000 0.0000
f 7897//7499 7891//7499 7889//7499
vn 0.0000 -1.0000 0.0000
f 7898//7500 7890//7500 7892//7500
vn 0.0000 1.0000 0.0000
f 7897//7501 7893//7501 7891//7501
vn 0.0000 -1.0000 0.0000
f 7898//7502 7892//7502 7894//7502
vn 0.0000 1.0000 0.0000
f 7897//7503 7895//7503 7893//7503
vn 0.0000 -1.0000 0.0000
f 7898//7504 7894//7504 7896//7504
vn 0.0000 1.0000 0.0000
f 7897//7505 7877//7505 7895//7505
vn 0.0000 -1.0000 0.0000
f 7898//7506 7896//7506 7878//7506
vn -0.0486 -0.5805 -0.8128
usemtl leaf_5
f 7899//7507 7947//7507 7948//7507 7900//7507
vn -0.3270 -0.8465 0.4201
f 7900//7508 7948//7508 7949//7508 7901//7508
vn -0.4057 -0.4091 0.8174
f 7901//7509 7949//7509 7950//7509 7902//7509
vn 0.2516 -0.6204 -0.7429
f 7902//7510 7950//7510 7951//7510 7903//7510
vn 0.3818 -0.7482 -0.5426
usemtl leaf_4
f 7903//7511 7951//7511 7952//7511 7904//7511
vn -0.1879 -0.8837 0.4287
f 7904//7512 7952//7512 7953//7512 7905//7512
vn -0.6645 -0.4824 0.5707
usemtl leaf_5
f 7905//7513 7953//7513 7954//7513 7906//7513
vn -0.7923 -0.4052 0.4561
f 7906//7514 7954//7514 7955//7514 7907//7514
vn 0.1116 -0.9854 -0.1284
f 7907//7515 7955//7515 7956//7515 7908//7515
vn 0.8874 -0.3441 -0.3069
f 7908//7516 7956//7516 7957//7516 7909//7516
vn 0.9452 -0.2626 -0.1939
f 7909//7517 7957//7517 7958//7517 7910//7517
vn -0.5422 -0.8399 -0.0236
f 7910//7518 7958//7518 7959//7518 7911//7518
vn 0.8246 -0.5646 0.0352
usemtl leaf_4
f 7911//7519 7959//7519 7960//7519 7912//7519
vn 0.0947 -0.9952 -0.0235
usemtl leaf_5
f 7912//7520 7960//7520 7961//7520 7913//7520
vn -0.9309 -0.1825 -0.3165
f 7913//7521 7961//7521 7962//7521 7914//7521
vn -0.8033 -0.5350 -0.2618
f 7914//7522 7962//7522 7963//7522 7915//7522
vn 0.5262 -0.7224 0.4486
f 7915//7523 7963//7523 7964//7523 7916//7523
vn 0.6107 -0.5955 0.5220
f 7916//7524 7964//7524 7965//7524 7917//7524
vn 0.6639 -0.2424 0.7074
usemtl leaf_4
f 7917//7525 7965//7525 7966//7525 7918//7525
vn -0.3434 -0.5582 -0.7553
f 7918//7526 7966//7526 7967//7526 7919//7526
vn -0.3835 -0.3834 -0.8402
usemtl leaf_5
f 7919//7527 7967//7527 7968//7527 7920//7527
vn -0.2840 -0.4554 -0.8438
f 7920//7528 7968//7528 7969//7528 7921//7528
vn -0.1508 -0.7144 -0.6833
f 7921//7529 7969//7529 7970//7529 7922//7529
vn 0.0174 -0.7623 0.6469
f 7922//7530 7970//7530 7971//7530 7923//7530
vn 0.0725 -0.5363 -0.8409
f 7923//7531 7971//7531 7972//7531 7924//7531
vn -0.1917 -0.2025 0.9603
f 7924//7532 7972//7532 7973//7532 7925//7532
vn -0.2312 -0.7364 0.6358
usemtl leaf_4
f 7925//7533 7973//7533 7974//7533 7926//7533
vn -0.2028 -0.7250 0.6582
f 7926//7534 7974//7534 7975//7534 7927//7534
vn 0.4057 -0.7425 -0.5330
usemtl leaf_5
f 7927//7535 7975//7535 7976//7535 7928//7535
vn -0.6389 -0.3501 0.6850
usemtl leaf_4
f 7928//7536 7976//7536 7977//7536 7929//7536
vn 0.6615 -0.4347 -0.6111
f 7929//7537 7977//7537 7978//7537 7930//7537
vn 0.7085 -0.4267 -0.5621
usemtl leaf_5
f 7930//7538 7978//7538 7979//7538 7931//7538
vn -0.7023 -0.6798 0.2112
f 7931//7539 7979//7539 7980//7539 7932//7539
vn 0.8965 -0.3138 -0.3127
f 7932//7540 7980//7540 7981//7540 7933//7540
vn 0.8696 -0.4755 -0.1329
f 7933//7541 7981//7541 7982//7541 7934//7541
vn -0.8961 -0.4120 0.1651
f 7934//7542 7982//7542 7983//7542 7935//7542
vn -0.8983 -0.4340 0.0691
f 7935//7543 7983//7543 7984//7543 7936//7543
vn -0.6101 -0.7810 -0.1335
f 7936//7544 7984//7544 7985//7544 7937//7544
vn 0.8232 -0.5243 0.2178
f 7937//7545 7985//7545 7986//7545 7938//7545
vn 0.5895 -0.7007 0.4019
f 7938//7546 7986//7546 7987//7546 7939//7546
vn -0.0435 -0.9772 0.2077
f 7939//7547 7987//7547 7988//7547 7940//7547
vn -0.0784 -0.9967 0.0222
f 7940//7548 7988//7548 7989//7548 7941//7548
vn -0.5903 -0.5158 -0.6209
f 7941//7549 7989//7549 7990//7549 7942//7549
vn -0.5147 -0.3849 -0.7661
f 7942//7550 7990//7550 7991//7550 7943//7550
vn -0.3807 -0.3771 -0.8443
usemtl leaf_4
f 7943//7551 7991//7551 7992//7551 7944//7551
vn 0.0812 -0.8366 0.5418
usemtl leaf_5
f 7944//7552 7992//7552 7993//7552 7945//7552
vn 0.0485 -0.3605 0.9315
usemtl leaf_4
f 7945//7553 7993//7553 7994//7553 7946//7553
vn -0.0915 -0.4850 0.8697
f 7946//7554 7994//7554 7947//7554 7899//7554
vn 0.0875 -0.7201 -0.6883
usemtl leaf_5
f 7947//7555 7995//7555 7996//7555 7948//7555
vn 0.0237 -0.9360 -0.3511
f 7948//7556 7996//7556 7997//7556 7949//7556
vn -0.2891 -0.7207 0.6301
usemtl leaf_4
f 7949//7557 7997//7557 7998//7557 7950//7557
vn -0.0662 -0.9919 -0.1087
f 7950//7558 7998//7558 7999//7558 7951//7558
vn -0.3026 -0.8890 0.3436
usemtl leaf_5
f 7951//7559 7999//7559 8000//7559 7952//7559
vn -0.2779 -0.9030 0.3276
f 7952//7560 8000//7560 8001//7560 7953//7560
vn 0.4300 -0.8148 -0.3889
f 7953//7561 8001//7561 8002//7561 7954//7561
vn -0.6341 -0.6863 0.3563
f 7954//7562 8002//7562 8003//7562 7955//7562
vn -0.2997 -0.9457 0.1254
f 7955//7563 8003//7563 8004//7563 7956//7563
vn 0.5550 -0.8169 -0.1566
f 7956//7564 8004//7564 8005//7564 7957//7564
vn 0.7653 -0.6343 -0.1091
f 7957//7565 8005//7565 8006//7565 7958//7565
vn 0.6047 -0.7905 -0.0973
usemtl leaf_4
f 7958//7566 8006//7566 8007//7566 7959//7566
vn 0.3772 -0.8944 -0.2405
usemtl leaf_5
f 7959//7567 8007//7567 8008//7567 7960//7567
vn -0.5892 -0.7854 -0.1896
usemtl leaf_4
f 7960//7568 8008//7568 8009//7568 7961//7568
vn -0.8208 -0.4993 -0.2776
usemtl leaf_5
f 7961//7569 8009//7569 8010//7569 7962//7569
vn -0.1511 -0.9162 -0.3711
f 7962//7570 8010//7570 8011//7570 7963//7570
vn 0.3978 -0.9171 0.0259
f 7963//7571 8011//7571 8012//7571 7964//7571
vn 0.5437 -0.7755 0.3209
f 7964//7572 8012//7572 8013//7572 7965//7572
vn 0.5274 -0.6600 0.5351
usemtl leaf_4
f 7965//7573 8013//7573 8014//7573 7966//7573
vn -0.4011 -0.8139 -0.4205
f 7966//7574 8014//7574 8015//7574 7967//7574
vn -0.2809 -0.7941 -0.5390
f 7967//7575 8015//7575 8016//7575 7968//7575
vn -0.0450 -0.9137 -0.4038
usemtl leaf_5
f 7968//7576 8016//7576 8017//7576 7969//7576
vn 0.1043 -0.9417 -0.3198
f 7969//7577 8017//7577 8018//7577 7970//7577
vn 0.1415 -0.9897 0.0231
f 7970//7578 8018//7578 8019//7578 7971//7578
vn 0.1169 -0.9907 -0.0694
f 7971//7579 8019//7579 8020//7579 7972//7579
vn -0.0483 -0.6030 0.7963
f 7972//7580 8020//7580 8021//7580 7973//7580
vn -0.0116 -0.9225 0.3857
f 7973//7581 8021//7581 8022//7581 7974//7581
vn -0.2329 -0.7722 0.5911
usemtl leaf_4
f 7974//7582 8022//7582 8023//7582 7975//7582
vn 0.4700 -0.6890 -0.5518
f 7975//7583 8023//7583 8024//7583 7976//7583
vn -0.4052 -0.6764 0.6150
usemtl leaf_3
f 7976//7584 8024//7584 8025//7584 7977//7584
vn 0.5982 -0.6325 -0.4920
usemtl leaf_4
f 7977//7585 8025//7585 8026//7585 7978//7585
vn 0.5306 -0.7902 -0.3065
f 7978//7586 8026//7586 8027//7586 7979//7586
vn -0.4406 -0.8432 0.3081
usemtl leaf_5
f 7979//7587 8027//7587 8028//7587 7980//7587
vn 0.6187 -0.7622 -0.1903
f 7980//7588 8028//7588 8029//7588 7981//7588
vn 0.0411 -0.9978 0.0522
f 7981//7589 8029//7589 8030//7589 7982//7589
vn -0.7333 -0.6721 0.1028
f 7982//7590 8030//7590 8031//7590 7983//7590
vn 0.1774 -0.9837 -0.0289
f 7983//7591 8031//7591 8032//7591 7984//7591
vn 0.5748 -0.8176 0.0348
f 7984//7592 8032//7592 8033//7592 7985//7592
vn -0.5190 -0.8423 -0.1453
f 7985//7593 8033//7593 8034//7593 7986//7593
vn -0.0667 -0.9958 0.0621
f 7986//7594 8034//7594 8035//7594 7987//7594
vn 0.1051 -0.9828 0.1522
usemtl leaf_4
f 7987//7595 8035//7595 8036//7595 7988//7595
vn -0.0233 -0.9838 0.1775
usemtl leaf_5
f 7988//7596 8036//7596 8037//7596 7989//7596
vn 0.0597 -0.9956 0.0728
f 7989//7597 8037//7597 8038//7597 7990//7597
vn -0.0007 -0.9623 -0.2720
f 7990//7598 8038//7598 8039//7598 7991//7598
vn -0.3529 -0.5463 -0.7596
usemtl leaf_4
f 7991//7599 8039//7599 8040//7599 7992//7599
vn -0.1521 -0.9164 -0.3702
f 7992//7600 8040//7600 8041//7600 7993//7600
vn 0.0090 -0.9807 0.1952
usemtl leaf_3
f 7993//7601 8041//7601 8042//7601 7994//7601
vn 0.0749 -0.4870 0.8702
usemtl leaf_4
f 7994//7602 8042//7602 7995//7602 7947//7602
vn -0.0676 -0.8928 -0.4453
usemtl leaf_5
f 7995//7603 8043//7603 8044//7603 7996//7603
vn 0.0881 -0.9936 -0.0708
f 7996//7604 8044//7604 8045//7604 7997//7604
vn -0.0027 -0.9623 -0.2719
f 7997//7605 8045//7605 8046//7605 7998//7605
vn -0.3488 -0.9053 0.2424
f 7998//7606 8046//7606 8047//7606 7999//7606
vn -0.2109 -0.9770 -0.0306
f 7999//7607 8047//7607 8048//7607 8000//7607
vn -0.5195 -0.7818 0.3447
f 8000//7608 8048//7608 8049//7608 8001//7608
vn 0.2754 -0.9132 -0.3004
f 8001//7609 8049//7609 8050//7609 8002//7609
vn -0.3502 -0.9189 0.1817
f 8002//7610 8050//7610 8051//7610 8003//7610
vn -0.1236 -0.9713 -0.2032
f 8003//7611 8051//7611 8052//7611 8004//7611
vn 0.3195 -0.8251 -0.4660
f 8004//7612 8052//7612 8053//7612 8005//7612
vn 0.4123 -0.8280 -0.3801
f 8005//7613 8053//7613 8054//7613 8006//7613
vn 0.3579 -0.9299 -0.0853
usemtl leaf_4
f 8006//7614 8054//7614 8055//7614 8007//7614
vn 0.4862 -0.8716 0.0623
usemtl leaf_3
f 8007//7615 8055//7615 8056//7615 8008//7615
vn -0.6970 -0.6896 -0.1965
usemtl leaf_5
f 8008//7616 8056//7616 8057//7616 8009//7616
vn -0.4478 -0.8476 -0.2846
f 8009//7617 8057//7617 8058//7617 8010//7617
vn 0.3700 -0.9289 -0.0176
f 8010//7618 8058//7618 8059//7618 8011//7618
vn 0.1191 -0.9385 -0.3240
f 8011//7619 8059//7619 8060//7619 8012//7619
vn 0.5801 -0.8045 0.1272
f 8012//7620 8060//7620 8061//7620 8013//7620
vn -0.1759 -0.9289 -0.3259
usemtl leaf_4
f 8013//7621 8061//7621 8062//7621 8014//7621
vn 0.2066 -0.9765 0.0609
usemtl leaf_5
f 8014//7622 8062//7622 8063//7622 8015//7622
vn 0.1098 -0.9097 -0.4004
f 8015//7623 8063//7623 8064//7623 8016//7623
vn 0.0062 -0.8972 -0.4415
f 8016//7624 8064//7624 8065//7624 8017//7624
vn 0.0657 -0.9968 -0.0453
f 8017//7625 8065//7625 8066//7625 8018//7625
vn 0.2171 -0.9611 0.1708
f 8018//7626 8066//7626 8067//7626 8019//7626
vn 0.3813 -0.8370 0.3926
f 8019//7627 8067//7627 8068//7627 8020//7627
vn 0.2635 -0.9276 0.2647
f 8020//7628 8068//7628 8069//7628 8021//7628
vn 0.0925 -0.9956 0.0116
f 8021//7629 8069//7629 8070//7629 8022//7629
vn -0.1642 -0.7859 0.5962
f 8022//7630 8070//7630 8071//7630 8023//7630
vn 0.4197 -0.8561 -0.3015
usemtl leaf_4
f 8023//7631 8071//7631 8072//7631 8024//7631
vn -0.0209 -0.9981 0.0584
usemtl leaf_5
f 8024//7632 8072//7632 8073//7632 8025//7632
vn 0.3491 -0.8931 -0.2839
f 8025//7633 8073//7633 8074//7633 8026//7633
vn 0.2582 -0.9659 0.0199
f 8026//7634 8074//7634 8075//7634 8027//7634
vn 0.0157 -0.9957 0.0917
f 8027//7635 8075//7635 8076//7635 8028//7635
vn 0.3388 -0.9408 -0.0083
f 8028//7636 8076//7636 8077//7636 8029//7636
vn -0.2131 -0.9413 0.2616
f 8029//7637 8077//7637 8078//7637 8030//7637
vn -0.4942 -0.8300 0.2586
usemtl leaf_4
f 8030//7638 8078//7638 8079//7638 8031//7638
vn 0.5042 -0.8395 0.2027
usemtl leaf_5
f 8031//7639 8079//7639 8080//7639 8032//7639
vn 0.1890 -0.9589 0.2116
f 8032//7640 8080//7640 8081//7640 8033//7640
vn -0.4429 -0.8963 -0.0241
f 8033//7641 8081//7641 8082//7641 8034//7641
vn -0.0459 -0.9951 0.0875
usemtl leaf_4
f 8034//7642 8082//7642 8083//7642 8035//7642
vn -0.3561 -0.9337 0.0367
usemtl leaf_5
f 8035//7643 8083//7643 8084//7643 8036//7643
vn 0.2468 -0.8898 0.3839
f 8036//7644 8084//7644 8085//7644 8037//7644
vn 0.1759 -0.9438 0.2797
f 8037//7645 8085//7645 8086//7645 8038//7645
vn -0.4449 -0.8557 -0.2644
f 8038//7646 8086//7646 8087//7646 8039//7646
vn -0.3958 -0.7696 -0.5011
f 8039//7647 8087//7647 8088//7647 8040//7647
vn -0.0650 -0.9862 -0.1524
usemtl leaf_3
f 8040//7648 8088//7648 8089//7648 8041//7648
vn -0.2386 -0.8835 -0.4030
usemtl leaf_4
f 8041//7649 8089//7649 8090//7649 8042//7649
vn -0.0929 -0.4814 0.8716
usemtl leaf_5
f 8042//7650 8090//7650 8043//7650 7995//7650
vn -0.2727 -0.9579 0.0900
f 8043//7651 8091//7651 8092//7651 8044//7651
vn -0.2591 -0.9396 -0.2238
f 8044//7652 8092//7652 8093//7652 8045//7652
vn -0.0869 -0.9255 -0.3687
f 8045//7653 8093//7653 8094//7653 8046//7653
vn -0.2489 -0.9685 -0.0024
f 8046//7654 8094//7654 8095//7654 8047//7654
vn -0.3435 -0.9347 0.0915
f 8047//7655 8095//7655 8096//7655 8048//7655
vn -0.4021 -0.8739 0.2731
f 8048//7656 8096//7656 8097//7656 8049//7656
vn -0.1123 -0.9916 -0.0636
f 8049//7657 8097//7657 8098//7657 8050//7657
vn 0.1615 -0.8982 -0.4088
f 8050//7658 8098//7658 8099//7658 8051//7658
vn -0.0751 -0.8688 -0.4894
f 8051//7659 8099//7659 8100//7659 8052//7659
vn 0.0169 -0.9538 -0.3001
f 8052//7660 8100//7660 8101//7660 8053//7660
vn 0.3025 -0.9175 -0.2581
f 8053//7661 8101//7661 8102//7661 8054//7661
vn -0.3667 -0.9222 -0.1225
f 8054//7662 8102//7662 8103//7662 8055//7662
vn 0.2917 -0.9544 0.0644
usemtl leaf_4
f 8055//7663 8103//7663 8104//7663 8056//7663
vn -0.1361 -0.9881 -0.0719
f 8056//7664 8104//7664 8105//7664 8057//7664
vn 0.1620 -0.8804 -0.4456
f 8057//7665 8105//7665 8106//7665 8058//7665
vn 0.2127 -0.8549 -0.4732
usemtl leaf_5
f 8058//7666 8106//7666 8107//7666 8059//7666
vn -0.0166 -0.9714 -0.2370
usemtl leaf_4
f 8059//7667 8107//7667 8108//7667 8060//7667
vn 0.0431 -0.9985 0.0332
usemtl leaf_5
f 8060//7668 8108//7668 8109//7668 8061//7668
vn -0.2194 -0.9345 -0.2803
f 8061//7669 8109//7669 8110//7669 8062//7669
vn 0.0904 -0.9788 0.1838
f 8062//7670 8110//7670 8111//7670 8063//7670
vn 0.0885 -0.9906 0.1041
f 8063//7671 8111//7671 8112//7671 8064//7671
vn 0.0648 -0.8639 -0.4995
f 8064//7672 8112//7672 8113//7672 8065//7672
vn 0.2909 -0.9562 -0.0335
f 8065//7673 8113//7673 8114//7673 8066//7673
vn 0.2229 -0.9513 0.2131
f 8066//7674 8114//7674 8115//7674 8067//7674
vn 0.0595 -0.9399 0.3363
usemtl leaf_4
f 8067//7675 8115//7675 8116//7675 8068//7675
vn 0.1694 -0.9854 0.0187
usemtl leaf_5
f 8068//7676 8116//7676 8117//7676 8069//7676
vn 0.3251 -0.9246 0.1987
f 8069//7677 8117//7677 8118//7677 8070//7677
vn 0.0766 -0.9694 0.2331
usemtl leaf_4
f 8070//7678 8118//7678 8119//7678 8071//7678
vn 0.0980 -0.9915 0.0855
f 8071//7679 8119//7679 8120//7679 8072//7679
vn 0.4689 -0.8808 -0.0666
usemtl leaf_5
f 8072//7680 8120//7680 8121//7680 8073//7680
vn 0.3326 -0.9415 -0.0548
f 8073//7681 8121//7681 8122//7681 8074//7681
vn 0.0767 -0.9893 0.1241
f 8074//7682 8122//7682 8123//7682 8075//7682
vn 0.1958 -0.9658 0.1702
usemtl leaf_4
f 8075//7683 8123//7683 8124//7683 8076//7683
vn -0.0894 -0.8965 0.4339
usemtl leaf_5
f 8076//7684 8124//7684 8125//7684 8077//7684
vn 0.0796 -0.9168 0.3914
f 8077//7685 8125//7685 8126//7685 8078//7685
vn -0.2563 -0.9445 0.2056
f 8078//7686 8126//7686 8127//7686 8079//7686
vn 0.3671 -0.9045 0.2168
f 8079//7687 8127//7687 8128//7687 8080//7687
vn 0.1244 -0.9557 0.2669
usemtl leaf_4
f 8080//7688 8128//7688 8129//7688 8081//7688
vn -0.1447 -0.9812 0.1278
usemtl leaf_5
f 8081//7689 8129//7689 8130//7689 8082//7689
vn -0.2030 -0.9764 0.0737
f 8082//7690 8130//7690 8131//7690 8083//7690
vn -0.2970 -0.9536 -0.0490
f 8083//7691 8131//7691 8132//7691 8084//7691
vn 0.0870 -0.9038 0.4190
f 8084//7692 8132//7692 8133//7692 8085//7692
vn -0.2603 -0.8851 0.3858
f 8085//7693 8133//7693 8134//7693 8086//7693
vn -0.4416 -0.8857 -0.1432
f 8086//7694 8134//7694 8135//7694 8087//7694
vn -0.2268 -0.9728 -0.0477
f 8087//7695 8135//7695 8136//7695 8088//7695
vn -0.1778 -0.9819 -0.0651
usemtl leaf_4
f 8088//7696 8136//7696 8137//7696 8089//7696
vn -0.0679 -0.9462 -0.3163
usemtl leaf_5
f 8089//7697 8137//7697 8138//7697 8090//7697
vn -0.0387 -0.8119 0.5824
f 8090//7698 8138//7698 8091//7698 8043//7698
vn -0.4571 -0.8434 0.2824
f 8091//7699 8139//7699 8140//7699 8092//7699
vn -0.2789 -0.9220 -0.2686
f 8092//7700 8140//7700 8141//7700 8093//7700
vn -0.3165 -0.9147 -0.2515
usemtl leaf_4
f 8093//7701 8141//7701 8142//7701 8094//7701
vn -0.2976 -0.9433 -0.1470
usemtl leaf_3
f 8094//7702 8142//7702 8143//7702 8095//7702
vn -0.4016 -0.8933 0.2020
usemtl leaf_4
f 8095//7703 8143//7703 8144//7703 8096//7703
vn -0.4128 -0.8997 -0.1421
usemtl leaf_5
f 8096//7704 8144//7704 8145//7704 8097//7704
vn -0.4956 -0.8360 -0.2358
f 8097//7705 8145//7705 8146//7705 8098//7705
vn 0.1860 -0.8504 -0.4921
f 8098//7706 8146//7706 8147//7706 8099//7706
vn 0.1046 -0.9165 -0.3860
usemtl leaf_4
f 8099//7707 8147//7707 8148//7707 8100//7707
vn -0.2062 -0.8388 -0.5039
usemtl leaf_5
f 8100//7708 8148//7708 8149//7708 8101//7708
vn -0.1510 -0.9508 -0.2707
usemtl leaf_4
f 8101//7709 8149//7709 8150//7709 8102//7709
vn -0.1744 -0.9654 -0.1939
f 8102//7710 8150//7710 8151//7710 8103//7710
vn -0.1116 -0.9474 -0.2998
f 8103//7711 8151//7711 8152//7711 8104//7711
vn 0.1734 -0.9815 -0.0810
f 8104//7712 8152//7712 8153//7712 8105//7712
vn 0.3636 -0.9312 0.0256
f 8105//7713 8153//7713 8154//7713 8106//7713
vn 0.2078 -0.9409 -0.2673
f 8106//7714 8154//7714 8155//7714 8107//7714
vn 0.1168 -0.7263 -0.6774
f 8107//7715 8155//7715 8156//7715 8108//7715
vn -0.1067 -0.7807 -0.6157
usemtl leaf_5
f 8108//7716 8156//7716 8157//7716 8109//7716
vn 0.0274 -0.9680 -0.2494
f 8109//7717 8157//7717 8158//7717 8110//7717
vn 0.3138 -0.9471 -0.0671
f 8110//7718 8158//7718 8159//7718 8111//7718
vn 0.4050 -0.8981 0.1714
f 8111//7719 8159//7719 8160//7719 8112//7719
vn 0.1507 -0.9265 -0.3449
f 8112//7720 8160//7720 8161//7720 8113//7720
vn 0.5152 -0.8199 0.2499
f 8113//7721 8161//7721 8162//7721 8114//7721
vn 0.4800 -0.8345 -0.2707
f 8114//7722 8162//7722 8163//7722 8115//7722
vn 0.3202 -0.9158 0.2427
f 8115//7723 8163//7723 8164//7723 8116//7723
vn 0.2711 -0.9241 0.2692
usemtl leaf_4
f 8116//7724 8164//7724 8165//7724 8117//7724
vn 0.2017 -0.9771 0.0682
usemtl leaf_5
f 8117//7725 8165//7725 8166//7725 8118//7725
vn 0.2365 -0.9685 -0.0783
usemtl leaf_4
f 8118//7726 8166//7726 8167//7726 8119//7726
vn 0.0233 -0.9807 0.1942
usemtl leaf_5
f 8119//7727 8167//7727 8168//7727 8120//7727
vn 0.1734 -0.9805 -0.0928
f 8120//7728 8168//7728 8169//7728 8121//7728
vn 0.3070 -0.9441 0.1203
f 8121//7729 8169//7729 8170//7729 8122//7729
vn 0.1795 -0.8910 0.4170
f 8122//7730 8170//7730 8171//7730 8123//7730
vn 0.2843 -0.9285 0.2389
f 8123//7731 8171//7731 8172//7731 8124//7731
vn -0.3237 -0.8445 0.4268
f 8124//7732 8172//7732 8173//7732 8125//7732
vn 0.3774 -0.8998 0.2191
f 8125//7733 8173//7733 8174//7733 8126//7733
vn -0.2386 -0.9119 0.3338
f 8126//7734 8174//7734 8175//7734 8127//7734
vn 0.2860 -0.8909 0.3529
f 8127//7735 8175//7735 8176//7735 8128//7735
vn 0.0522 -0.9317 0.3594
f 8128//7736 8176//7736 8177//7736 8129//7736
vn -0.3353 -0.8494 0.4076
f 8129//7737 8177//7737 8178//7737 8130//7737
vn -0.2747 -0.8527 0.4443
usemtl leaf_4
f 8130//7738 8178//7738 8179//7738 8131//7738
vn -0.2026 -0.9363 0.2869
usemtl leaf_5
f 8131//7739 8179//7739 8180//7739 8132//7739
vn -0.1534 -0.9733 0.1708
f 8132//7740 8180//7740 8181//7740 8133//7740
vn -0.1527 -0.9677 0.2007
f 8133//7741 8181//7741 8182//7741 8134//7741
vn -0.2563 -0.9618 0.0965
f 8134//7742 8182//7742 8183//7742 8135//7742
vn -0.1770 -0.9814 0.0737
f 8135//7743 8183//7743 8184//7743 8136//7743
vn -0.1375 -0.9904 0.0144
f 8136//7744 8184//7744 8185//7744 8137//7744
vn -0.2781 -0.9352 -0.2190
f 8137//7745 8185//7745 8186//7745 8138//7745
vn -0.4403 -0.8924 0.0992
f 8138//7746 8186//7746 8139//7746 8091//7746
vn -0.2288 -0.9677 0.1063
f 8139//7747 8187//7747 8188//7747 8140//7747
vn -0.3272 -0.9359 -0.1302
f 8140//7748 8188//7748 8189//7748 8141//7748
vn -0.1755 -0.9703 -0.1665
usemtl leaf_4
f 8141//7749 8189//7749 8190//7749 8142//7749
vn -0.2231 -0.9746 -0.0220
f 8142//7750 8190//7750 8191//7750 8143//7750
vn -0.4012 -0.9160 -0.0095
usemtl leaf_5
f 8143//7751 8191//7751 8192//7751 8144//7751
vn -0.2923 -0.9284 -0.2293
f 8144//7752 8192//7752 8193//7752 8145//7752
vn -0.3534 -0.9184 -0.1777
f 8145//7753 8193//7753 8194//7753 8146//7753
vn -0.0276 -0.8507 -0.5250
usemtl leaf_4
f 8146//7754 8194//7754 8195//7754 8147//7754
vn 0.0600 -0.8796 -0.4719
usemtl leaf_5
f 8147//7755 8195//7755 8196//7755 8148//7755
vn -0.1212 -0.9813 -0.1492
f 8148//7756 8196//7756 8197//7756 8149//7756
vn -0.3261 -0.9372 -0.1235
f 8149//7757 8197//7757 8198//7757 8150//7757
vn 0.1203 -0.9456 -0.3023
f 8150//7758 8198//7758 8199//7758 8151//7758
vn -0.3141 -0.9191 -0.2379
usemtl leaf_4
f 8151//7759 8199//7759 8200//7759 8152//7759
vn 0.4538 -0.8385 -0.3018
usemtl leaf_5
f 8152//7760 8200//7760 8201//7760 8153//7760
vn 0.5834 -0.6906 -0.4274
f 8153//7761 8201//7761 8202//7761 8154//7761
vn 0.4460 -0.8304 -0.3340
f 8154//7762 8202//7762 8203//7762 8155//7762
vn -0.0015 -0.9268 -0.3755
usemtl leaf_3
f 8155//7763 8203//7763 8204//7763 8156//7763
vn -0.2388 -0.7721 -0.5889
usemtl leaf_4
f 8156//7764 8204//7764 8205//7764 8157//7764
vn 0.2643 -0.8740 -0.4077
usemtl leaf_5
f 8157//7765 8205//7765 8206//7765 8158//7765
vn 0.1688 -0.9667 -0.1922
f 8158//7766 8206//7766 8207//7766 8159//7766
vn 0.2707 -0.9442 0.1877
f 8159//7767 8207//7767 8208//7767 8160//7767
vn 0.3864 -0.9133 -0.1286
f 8160//7768 8208//7768 8209//7768 8161//7768
vn 0.3994 -0.8932 0.2064
f 8161//7769 8209//7769 8210//7769 8162//7769
vn 0.4410 -0.8937 -0.0822
usemtl leaf_4
f 8162//7770 8210//7770 8211//7770 8163//7770
vn 0.5249 -0.8492 -0.0571
usemtl leaf_5
f 8163//7771 8211//7771 8212//7771 8164//7771
vn 0.2801 -0.9342 0.2210
usemtl leaf_4
f 8164//7772 8212//7772 8213//7772 8165//7772
vn 0.4057 -0.9058 0.1220
usemtl leaf_5
f 8165//7773 8213//7773 8214//7773 8166//7773
vn 0.4869 -0.8699 0.0786
f 8166//7774 8214//7774 8215//7774 8167//7774
vn 0.3717 -0.9158 0.1521
usemtl leaf_4
f 8167//7775 8215//7775 8216//7775 8168//7775
vn 0.3497 -0.9297 0.1155
f 8168//7776 8216//7776 8217//7776 8169//7776
vn 0.1273 -0.9699 0.2077
f 8169//7777 8217//7777 8218//7777 8170//7777
vn 0.0765 -0.9759 0.2044
usemtl leaf_5
f 8170//7778 8218//7778 8219//7778 8171//7778
vn 0.2240 -0.9432 0.2453
usemtl leaf_4
f 8171//7779 8219//7779 8220//7779 8172//7779
vn -0.2850 -0.8415 0.4589
usemtl leaf_5
f 8172//7780 8220//7780 8221//7780 8173//7780
vn 0.3437 -0.8528 0.3932
usemtl leaf_4
f 8173//7781 8221//7781 8222//7781 8174//7781
vn -0.0050 -0.9445 0.3286
usemtl leaf_5
f 8174//7782 8222//7782 8223//7782 8175//7782
vn 0.0736 -0.9534 0.2926
f 8175//7783 8223//7783 8224//7783 8176//7783
vn -0.2128 -0.8149 0.5391
usemtl leaf_4
f 8176//7784 8224//7784 8225//7784 8177//7784
vn -0.0357 -0.9238 0.3811
usemtl leaf_5
f 8177//7785 8225//7785 8226//7785 8178//7785
vn -0.0391 -0.9874 0.1532
usemtl leaf_4
f 8178//7786 8226//7786 8227//7786 8179//7786
vn -0.2423 -0.9493 0.2005
usemtl leaf_5
f 8179//7787 8227//7787 8228//7787 8180//7787
vn -0.3573 -0.8570 0.3712
f 8180//7788 8228//7788 8229//7788 8181//7788
vn -0.4756 -0.8105 0.3419
f 8181//7789 8229//7789 8230//7789 8182//7789
vn -0.3136 -0.8666 0.3881
usemtl leaf_4
f 8182//7790 8230//7790 8231//7790 8183//7790
vn -0.2752 -0.9331 0.2314
usemtl leaf_5
f 8183//7791 8231//7791 8232//7791 8184//7791
vn -0.3795 -0.9236 0.0543
f 8184//7792 8232//7792 8233//7792 8185//7792
vn -0.2276 -0.9710 -0.0736
f 8185//7793 8233//7793 8234//7793 8186//7793
vn -0.0799 -0.9938 -0.0779
usemtl leaf_4
f 8186//7794 8234//7794 8187//7794 8139//7794
vn -0.6764 -0.7297 0.0997
usemtl leaf_5
f 8187//7795 8235//7795 8236//7795 8188//7795
vn -0.3811 -0.9239 0.0354
f 8188//7796 8236//7796 8237//7796 8189//7796
vn -0.2747 -0.9573 -0.0905
f 8189//7797 8237//7797 8238//7797 8190//7797
vn -0.2747 -0.9335 -0.2304
f 8190//7798 8238//7798 8239//7798 8191//7798
vn -0.3768 -0.9259 -0.0258
f 8191//7799 8239//7799 8240//7799 8192//7799
vn -0.2383 -0.9311 -0.2763
f 8192//7800 8240//7800 8241//7800 8193//7800
vn -0.3537 -0.8365 -0.4186
usemtl leaf_4
f 8193//7801 8241//7801 8242//7801 8194//7801
vn -0.1394 -0.8568 -0.4965
usemtl leaf_5
f 8194//7802 8242//7802 8243//7802 8195//7802
vn -0.0763 -0.9262 -0.3694
f 8195//7803 8243//7803 8244//7803 8196//7803
vn -0.2400 -0.8583 -0.4535
f 8196//7804 8244//7804 8245//7804 8197//7804
vn -0.3902 -0.8244 -0.4101
f 8197//7805 8245//7805 8246//7805 8198//7805
vn 0.0756 -0.9257 -0.3706
f 8198//7806 8246//7806 8247//7806 8199//7806
vn -0.2952 -0.8554 -0.4256
f 8199//7807 8247//7807 8248//7807 8200//7807
vn 0.5273 -0.8148 -0.2410
f 8200//7808 8248//7808 8249//7808 8201//7808
vn 0.3790 -0.9078 -0.1796
usemtl leaf_3
f 8201//7809 8249//7809 8250//7809 8202//7809
vn 0.3585 -0.8926 -0.2734
usemtl leaf_4
f 8202//7810 8250//7810 8251//7810 8203//7810
vn -0.1559 -0.8439 -0.5133
usemtl leaf_5
f 8203//7811 8251//7811 8252//7811 8204//7811
vn 0.0413 -0.8820 -0.4694
usemtl leaf_4
f 8204//7812 8252//7812 8253//7812 8205//7812
vn 0.1316 -0.8780 -0.4603
f 8205//7813 8253//7813 8254//7813 8206//7813
vn 0.3647 -0.8591 -0.3591
usemtl leaf_5
f 8206//7814 8254//7814 8255//7814 8207//7814
vn 0.5948 -0.8037 0.0178
f 8207//7815 8255//7815 8256//7815 8208//7815
vn 0.6099 -0.7646 0.2085
usemtl leaf_4
f 8208//7816 8256//7816 8257//7816 8209//7816
vn 0.7284 -0.6749 -0.1177
f 8209//7817 8257//7817 8258//7817 8210//7817
vn 0.5052 -0.8630 0.0058
f 8210//7818 8258//7818 8259//7818 8211//7818
vn 0.3700 -0.9085 -0.1945
usemtl leaf_5
f 8211//7819 8259//7819 8260//7819 8212//7819
vn 0.4433 -0.8233 0.3545
usemtl leaf_4
f 8212//7820 8260//7820 8261//7820 8213//7820
vn 0.4130 -0.9107 0.0043
f 8213//7821 8261//7821 8262//7821 8214//7821
vn 0.2524 -0.9649 -0.0721
usemtl leaf_5
f 8214//7822 8262//7822 8263//7822 8215//7822
vn 0.1969 -0.9780 0.0687
f 8215//7823 8263//7823 8264//7823 8216//7823
vn 0.2601 -0.9643 0.0508
f 8216//7824 8264//7824 8265//7824 8217//7824
vn 0.1173 -0.8530 0.5085
usemtl leaf_4
f 8217//7825 8265//7825 8266//7825 8218//7825
vn 0.2972 -0.6381 0.7103
f 8218//7826 8266//7826 8267//7826 8219//7826
vn 0.3060 -0.5815 0.7539
f 8219//7827 8267//7827 8268//7827 8220//7827
vn 0.0379 -0.7504 0.6598
f 8220//7828 8268//7828 8269//7828 8221//7828
vn 0.1927 -0.9008 0.3891
f 8221//7829 8269//7829 8270//7829 8222//7829
vn 0.3115 -0.8845 0.3474
f 8222//7830 8270//7830 8271//7830 8223//7830
vn -0.2763 -0.8724 0.4032
f 8223//7831 8271//7831 8272//7831 8224//7831
vn -0.2429 -0.8629 0.4432
usemtl leaf_3
f 8224//7832 8272//7832 8273//7832 8225//7832
vn 0.2139 -0.8150 0.5385
usemtl leaf_4
f 8225//7833 8273//7833 8274//7833 8226//7833
vn -0.2963 -0.8312 0.4705
usemtl leaf_5
f 8226//7834 8274//7834 8275//7834 8227//7834
vn -0.2586 -0.9145 0.3110
f 8227//7835 8275//7835 8276//7835 8228//7835
vn -0.1776 -0.9758 0.1275
usemtl leaf_4
f 8228//7836 8276//7836 8277//7836 8229//7836
vn -0.3356 -0.9404 0.0548
f 8229//7837 8277//7837 8278//7837 8230//7837
vn -0.3911 -0.8340 0.3893
f 8230//7838 8278//7838 8279//7838 8231//7838
vn -0.2505 -0.8297 0.4988
usemtl leaf_5
f 8231//7839 8279//7839 8280//7839 8232//7839
vn -0.2358 -0.9713 0.0322
f 8232//7840 8280//7840 8281//7840 8233//7840
vn -0.1719 -0.9723 0.1582
f 8233//7841 8281//7841 8282//7841 8234//7841
vn -0.4709 -0.7509 -0.4630
usemtl leaf_4
f 8234//7842 8282//7842 8235//7842 8187//7842
vn -0.3808 -0.9233 -0.0503
f 8235//7843 8283//7843 8284//7843 8236//7843
vn -0.6517 -0.7302 0.2050
usemtl leaf_5
f 8236//7844 8284//7844 8285//7844 8237//7844
vn -0.4831 -0.8651 -0.1346
f 8237//7845 8285//7845 8286//7845 8238//7845
vn -0.3071 -0.9378 -0.1621
f 8238//7846 8286//7846 8287//7846 8239//7846
vn -0.3562 -0.9288 -0.1023
usemtl leaf_4
f 8239//7847 8287//7847 8288//7847 8240//7847
vn -0.2433 -0.8015 -0.5463
usemtl leaf_5
f 8240//7848 8288//7848 8289//7848 8241//7848
vn -0.2893 -0.5809 -0.7608
usemtl leaf_4
f 8241//7849 8289//7849 8290//7849 8242//7849
vn -0.5627 -0.5399 -0.6260
usemtl leaf_5
f 8242//7850 8290//7850 8291//7850 8243//7850
vn -0.2818 -0.7523 -0.5955
f 8243//7851 8291//7851 8292//7851 8244//7851
vn -0.1627 -0.8761 -0.4538
f 8244//7852 8292//7852 8293//7852 8245//7852
vn -0.3950 -0.8116 -0.4304
usemtl leaf_4
f 8245//7853 8293//7853 8294//7853 8246//7853
vn 0.0670 -0.7580 -0.6488
f 8246//7854 8294//7854 8295//7854 8247//7854
vn -0.2672 -0.7632 -0.5884
usemtl leaf_5
f 8247//7855 8295//7855 8296//7855 8248//7855
vn 0.4347 -0.8027 -0.4084
f 8248//7856 8296//7856 8297//7856 8249//7856
vn 0.3682 -0.8796 -0.3013
usemtl leaf_3
f 8249//7857 8297//7857 8298//7857 8250//7857
vn 0.2188 -0.9608 -0.1704
usemtl leaf_4
f 8250//7858 8298//7858 8299//7858 8251//7858
vn -0.1295 -0.9115 -0.3905
f 8251//7859 8299//7859 8300//7859 8252//7859
vn 0.3818 -0.8483 -0.3670
usemtl leaf_5
f 8252//7860 8300//7860 8301//7860 8253//7860
vn 0.3775 -0.5562 -0.7404
usemtl leaf_4
f 8253//7861 8301//7861 8302//7861 8254//7861
vn 0.4116 -0.7709 -0.4861
f 8254//7862 8302//7862 8303//7862 8255//7862
vn 0.6187 -0.7843 0.0456
usemtl leaf_5
f 8255//7863 8303//7863 8304//7863 8256//7863
vn 0.6766 -0.7140 0.1800
usemtl leaf_4
f 8256//7864 8304//7864 8305//7864 8257//7864
vn 0.3200 -0.9336 -0.1611
usemtl leaf_5
f 8257//7865 8305//7865 8306//7865 8258//7865
vn 0.4788 -0.8769 0.0422
usemtl leaf_4
f 8258//7866 8306//7866 8307//7866 8259//7866
vn 0.8387 -0.5446 -0.0031
f 8259//7867 8307//7867 8308//7867 8260//7867
vn 0.5482 -0.8347 0.0529
f 8260//7868 8308//7868 8309//7868 8261//7868
vn 0.4224 -0.9059 0.0288
usemtl leaf_5
f 8261//7869 8309//7869 8310//7869 8262//7869
vn 0.6923 -0.7158 0.0915
f 8262//7870 8310//7870 8311//7870 8263//7870
vn 0.5490 -0.8256 0.1307
f 8263//7871 8311//7871 8312//7871 8264//7871
vn 0.3879 -0.7945 0.4673
f 8264//7872 8312//7872 8313//7872 8265//7872
vn 0.1391 -0.7165 0.6836
f 8265//7873 8313//7873 8314//7873 8266//7873
vn 0.1716 -0.9128 0.3706
usemtl leaf_4
f 8266//7874 8314//7874 8315//7874 8267//7874
vn 0.0335 -0.8878 0.4590
usemtl leaf_3
f 8267//7875 8315//7875 8316//7875 8268//7875
vn 0.3382 -0.9160 0.2161
usemtl leaf_4
f 8268//7876 8316//7876 8317//7876 8269//7876
vn -0.0204 -0.9455 0.3251
f 8269//7877 8317//7877 8318//7877 8270//7877
vn 0.2446 -0.7529 0.6111
usemtl leaf_5
f 8270//7878 8318//7878 8319//7878 8271//7878
vn -0.3714 -0.6330 0.6792
usemtl leaf_3
f 8271//7879 8319//7879 8320//7879 8272//7879
vn -0.1722 -0.7651 0.6204
usemtl leaf_4
f 8272//7880 8320//7880 8321//7880 8273//7880
vn 0.0470 -0.7056 0.7070
usemtl leaf_3
f 8273//7881 8321//7881 8322//7881 8274//7881
vn -0.2154 -0.7918 0.5715
usemtl leaf_4
f 8274//7882 8322//7882 8323//7882 8275//7882
vn -0.0851 -0.8850 0.4577
usemtl leaf_5
f 8275//7883 8323//7883 8324//7883 8276//7883
vn -0.5675 -0.7716 0.2874
f 8276//7884 8324//7884 8325//7884 8277//7884
vn -0.6752 -0.6907 0.2589
usemtl leaf_3
f 8277//7885 8325//7885 8326//7885 8278//7885
vn -0.5116 -0.8110 0.2840
f 8278//7886 8326//7886 8327//7886 8279//7886
vn -0.1946 -0.7177 0.6686
usemtl leaf_4
f 8279//7887 8327//7887 8328//7887 8280//7887
vn -0.4507 -0.8693 0.2030
usemtl leaf_5
f 8280//7888 8328//7888 8329//7888 8281//7888
vn -0.5309 -0.8353 0.1429
f 8281//7889 8329//7889 8330//7889 8282//7889
vn -0.3507 -0.8348 -0.4244
usemtl leaf_4
f 8282//7890 8330//7890 8283//7890 8235//7890
vn -0.3694 -0.9036 -0.2167
usemtl leaf_5
f 8283//7891 8331//7891 8332//7891 8284//7891
vn -0.4257 -0.8968 0.1205
f 8284//7892 8332//7892 8333//7892 8285//7892
vn -0.5098 -0.8574 -0.0705
f 8285//7893 8333//7893 8334//7893 8286//7893
vn -0.5402 -0.7914 -0.2862
f 8286//7894 8334//7894 8335//7894 8287//7894
vn -0.6152 -0.6812 -0.3968
usemtl leaf_4
f 8287//7895 8335//7895 8336//7895 8288//7895
vn -0.2600 -0.5323 -0.8056
usemtl leaf_5
f 8288//7896 8336//7896 8337//7896 8289//7896
vn -0.2592 -0.5509 -0.7933
usemtl leaf_3
f 8289//7897 8337//7897 8338//7897 8290//7897
vn -0.5648 -0.6675 -0.4852
f 8290//7898 8338//7898 8339//7898 8291//7898
vn -0.4542 -0.8130 -0.3642
usemtl leaf_4
f 8291//7899 8339//7899 8340//7899 8292//7899
vn -0.1375 -0.8814 -0.4519
f 8292//7900 8340//7900 8341//7900 8293//7900
vn -0.2948 -0.8146 -0.4996
usemtl leaf_5
f 8293//7901 8341//7901 8342//7901 8294//7901
vn 0.0080 -0.8703 -0.4925
usemtl leaf_4
f 8294//7902 8342//7902 8343//7902 8295//7902
vn -0.0326 -0.7000 -0.7134
f 8295//7903 8343//7903 8344//7903 8296//7903
vn 0.4449 -0.4220 -0.7899
f 8296//7904 8344//7904 8345//7904 8297//7904
vn 0.0840 -0.8486 -0.5224
usemtl leaf_5
f 8297//7905 8345//7905 8346//7905 8298//7905
vn 0.2445 -0.9285 -0.2795
usemtl leaf_3
f 8298//7906 8346//7906 8347//7906 8299//7906
vn 0.0893 -0.8607 -0.5012
usemtl leaf_4
f 8299//7907 8347//7907 8348//7907 8300//7907
vn 0.4438 -0.8579 -0.2591
f 8300//7908 8348//7908 8349//7908 8301//7908
vn 0.2789 -0.8692 -0.4083
usemtl leaf_5
f 8301//7909 8349//7909 8350//7909 8302//7909
vn 0.3733 -0.7055 -0.6024
f 8302//7910 8350//7910 8351//7910 8303//7910
vn 0.8232 -0.5543 0.1229
f 8303//7911 8351//7911 8352//7911 8304//7911
vn 0.4575 -0.8748 -0.1597
usemtl leaf_4
f 8304//7912 8352//7912 8353//7912 8305//7912
vn 0.6177 -0.7861 -0.0207
f 8305//7913 8353//7913 8354//7913 8306//7913
vn 0.8211 -0.5355 0.1976
f 8306//7914 8354//7914 8355//7914 8307//7914
vn 0.5595 -0.8267 -0.0597
f 8307//7915 8355//7915 8356//7915 8308//7915
vn 0.6236 -0.7730 -0.1168
f 8308//7916 8356//7916 8357//7916 8309//7916
vn 0.5588 -0.8267 0.0660
f 8309//7917 8357//7917 8358//7917 8310//7917
vn 0.3560 -0.9342 0.0234
f 8310//7918 8358//7918 8359//7918 8311//7918
vn 0.5012 -0.8399 0.2085
usemtl leaf_5
f 8311//7919 8359//7919 8360//7919 8312//7919
vn 0.3550 -0.6961 0.6240
usemtl leaf_4
f 8312//7920 8360//7920 8361//7920 8313//7920
vn 0.2941 -0.8289 0.4758
usemtl leaf_5
f 8313//7921 8361//7921 8362//7921 8314//7921
vn 0.2854 -0.8801 0.3795
f 8314//7922 8362//7922 8363//7922 8315//7922
vn -0.0219 -0.8691 0.4941
usemtl leaf_3
f 8315//7923 8363//7923 8364//7923 8316//7923
vn 0.4570 -0.6154 0.6422
usemtl leaf_4
f 8316//7924 8364//7924 8365//7924 8317//7924
vn 0.1992 -0.6890 0.6968
usemtl leaf_5
f 8317//7925 8365//7925 8366//7925 8318//7925
vn -0.0280 -0.8822 0.4701
usemtl leaf_4
f 8318//7926 8366//7926 8367//7926 8319//7926
vn -0.1823 -0.8602 0.4763
f 8319//7927 8367//7927 8368//7927 8320//7927
vn -0.0250 -0.9249 0.3794
f 8320//7928 8368//7928 8369//7928 8321//7928
vn -0.0563 -0.9175 0.3937
usemtl leaf_3
f 8321//7929 8369//7929 8370//7929 8322//7929
vn -0.1399 -0.8358 0.5309
usemtl leaf_5
f 8322//7930 8370//7930 8371//7930 8323//7930
vn -0.3766 -0.6036 0.7027
usemtl leaf_4
f 8323//7931 8371//7931 8372//7931 8324//7931
vn -0.5312 -0.7510 0.3921
f 8324//7932 8372//7932 8373//7932 8325//7932
vn -0.4447 -0.8803 0.1650
usemtl leaf_3
f 8325//7933 8373//7933 8374//7933 8326//7933
vn -0.4129 -0.8703 0.2685
f 8326//7934 8374//7934 8375//7934 8327//7934
vn -0.2366 -0.7549 0.6117
usemtl leaf_5
f 8327//7935 8375//7935 8376//7935 8328//7935
vn -0.5493 -0.7901 0.2721
f 8328//7936 8376//7936 8377//7936 8329//7936
vn -0.7047 -0.7094 -0.0093
usemtl leaf_4
f 8329//7937 8377//7937 8378//7937 8330//7937
vn -0.6361 -0.7675 -0.0794
f 8330//7938 8378//7938 8331//7938 8283//7938
vn -0.5998 -0.7455 -0.2905
f 8331//7939 8379//7939 8380//7939 8332//7939
vn -0.8279 -0.5565 -0.0702
usemtl leaf_5
f 8332//7940 8380//7940 8381//7940 8333//7940
vn -0.8863 -0.3975 -0.2377
f 8333//7941 8381//7941 8382//7941 8334//7941
vn -0.7880 -0.3595 -0.4999
f 8334//7942 8382//7942 8383//7942 8335//7942
vn -0.7488 -0.2973 -0.5924
f 8335//7943 8383//7943 8384//7943 8336//7943
vn -0.4248 -0.6611 -0.6185
usemtl leaf_4
f 8336//7944 8384//7944 8385//7944 8337//7944
vn -0.1081 -0.7831 -0.6124
f 8337//7945 8385//7945 8386//7945 8338//7945
vn -0.5424 -0.7861 -0.2964
usemtl leaf_3
f 8338//7946 8386//7946 8387//7946 8339//7946
vn -0.4788 -0.8065 -0.3468
f 8339//7947 8387//7947 8388//7947 8340//7947
vn -0.1348 -0.7917 -0.5959
f 8340//7948 8388//7948 8389//7948 8341//7948
vn -0.2944 -0.8187 -0.4931
usemtl leaf_4
f 8341//7949 8389//7949 8390//7949 8342//7949
vn 0.2283 -0.5284 -0.8177
f 8342//7950 8390//7950 8391//7950 8343//7950
vn 0.1491 -0.2780 -0.9489
usemtl leaf_5
f 8343//7951 8391//7951 8392//7951 8344//7951
vn 0.2458 -0.6161 -0.7484
usemtl leaf_4
f 8344//7952 8392//7952 8393//7952 8345//7952
vn -0.1787 -0.7064 -0.6848
f 8345//7953 8393//7953 8394//7953 8346//7953
vn 0.3885 -0.8234 -0.4137
usemtl leaf_3
f 8346//7954 8394//7954 8395//7954 8347//7954
vn 0.2783 -0.7762 -0.5658
usemtl leaf_5
f 8347//7955 8395//7955 8396//7955 8348//7955
vn 0.7513 -0.5038 -0.4264
usemtl leaf_4
f 8348//7956 8396//7956 8397//7956 8349//7956
vn 0.7158 -0.1613 -0.6794
usemtl leaf_3
f 8349//7957 8397//7957 8398//7957 8350//7957
vn 0.6687 -0.1636 -0.7253
usemtl leaf_4
f 8350//7958 8398//7958 8399//7958 8351//7958
vn 0.8750 -0.4793 -0.0689
f 8351//7959 8399//7959 8400//7959 8352//7959
vn 0.6339 -0.6316 -0.4464
f 8352//7960 8400//7960 8401//7960 8353//7960
vn 0.5739 -0.8129 0.0992
usemtl leaf_3
f 8353//7961 8401//7961 8402//7961 8354//7961
vn 0.3350 -0.9422 -0.0069
usemtl leaf_4
f 8354//7962 8402//7962 8403//7962 8355//7962
vn 0.5140 -0.8524 0.0955
f 8355//7963 8403//7963 8404//7963 8356//7963
vn 0.5910 -0.7905 -0.1606
usemtl leaf_3
f 8356//7964 8404//7964 8405//7964 8357//7964
vn 0.4779 -0.8781 -0.0253
usemtl leaf_4
f 8357//7965 8405//7965 8406//7965 8358//7965
vn 0.6131 -0.7768 0.1437
usemtl leaf_5
f 8358//7966 8406//7966 8407//7966 8359//7966
vn 0.4672 -0.7608 0.4504
f 8359//7967 8407//7967 8408//7967 8360//7967
vn 0.3810 -0.6495 0.6580
f 8360//7968 8408//7968 8409//7968 8361//7968
vn 0.5202 -0.5222 0.6757
usemtl leaf_3
f 8361//7969 8409//7969 8410//7969 8362//7969
vn 0.5312 -0.5174 0.6709
usemtl leaf_4
f 8362//7970 8410//7970 8411//7970 8363//7970
vn 0.1796 -0.6949 0.6964
f 8363//7971 8411//7971 8412//7971 8364//7971
vn 0.1320 -0.8722 0.4710
usemtl leaf_3
f 8364//7972 8412//7972 8413//7972 8365//7972
vn 0.2333 -0.6578 0.7161
usemtl leaf_4
f 8365//7973 8413//7973 8414//7973 8366//7973
vn -0.0235 -0.2917 0.9562
usemtl leaf_5
f 8366//7974 8414//7974 8415//7974 8367//7974
vn 0.0412 -0.7075 0.7055
usemtl leaf_4
f 8367//7975 8415//7975 8416//7975 8368//7975
vn 0.0193 -0.8603 0.5095
usemtl leaf_5
f 8368//7976 8416//7976 8417//7976 8369//7976
vn -0.2323 -0.8323 0.5033
usemtl leaf_4
f 8369//7977 8417//7977 8418//7977 8370//7977
vn -0.3035 -0.7427 0.5969
f 8370//7978 8418//7978 8419//7978 8371//7978
vn -0.4804 -0.6907 0.5405
f 8371//7979 8419//7979 8420//7979 8372//7979
vn -0.5148 -0.5369 0.6684
usemtl leaf_5
f 8372//7980 8420//7980 8421//7980 8373//7980
vn -0.4592 -0.7765 0.4315
f 8373//7981 8421//7981 8422//7981 8374//7981
vn -0.3445 -0.9153 0.2085
usemtl leaf_3
f 8374//7982 8422//7982 8423//7982 8375//7982
vn -0.4266 -0.7695 0.4753
usemtl leaf_4
f 8375//7983 8423//7983 8424//7983 8376//7983
vn -0.7591 -0.5591 0.3333
f 8376//7984 8424//7984 8425//7984 8377//7984
vn -0.7303 -0.6824 0.0313
f 8377//7985 8425//7985 8426//7985 8378//7985
vn -0.5404 -0.8345 0.1081
f 8378//7986 8426//7986 8379//7986 8331//7986
vn -0.7335 -0.6499 -0.1991
f 8379//7987 8427//7987 8428//7987 8380//7987
vn -0.5832 -0.7919 -0.1812
usemtl leaf_5
f 8380//7988 8428//7988 8429//7988 8381//7988
vn -0.7317 -0.6031 -0.3176
usemtl leaf_4
f 8381//7989 8429//7989 8430//7989 8382//7989
vn -0.6909 -0.6678 -0.2770
f 8382//7990 8430//7990 8431//7990 8383//7990
vn -0.4724 -0.5736 -0.6692
usemtl leaf_3
f 8383//7991 8431//7991 8432//7991 8384//7991
vn -0.7851 -0.2095 -0.5829
usemtl leaf_2
f 8384//7992 8432//7992 8433//7992 8385//7992
vn -0.3274 -0.5973 -0.7322
usemtl leaf_3
f 8385//7993 8433//7993 8434//7993 8386//7993
vn -0.5490 -0.8002 -0.2413
f 8386//7994 8434//7994 8435//7994 8387//7994
vn -0.3482 -0.5805 -0.7360
usemtl leaf_4
f 8387//7995 8435//7995 8436//7995 8388//7995
vn -0.3604 -0.3059 -0.8812
f 8388//7996 8436//7996 8437//7996 8389//7996
vn -0.4143 -0.4391 -0.7972
usemtl leaf_5
f 8389//7997 8437//7997 8438//7997 8390//7997
vn 0.3221 -0.6251 -0.7109
usemtl leaf_4
f 8390//7998 8438//7998 8439//7998 8391//7998
vn 0.1742 -0.6307 -0.7563
f 8391//7999 8439//7999 8440//7999 8392//7999
vn -0.0989 -0.7214 -0.6854
usemtl leaf_3
f 8392//8000 8440//8000 8441//8000 8393//8000
vn 0.0343 -0.7101 -0.7033
usemtl leaf_4
f 8393//8001 8441//8001 8442//8001 8394//8001
vn 0.1976 -0.7166 -0.6690
usemtl leaf_5
f 8394//8002 8442//8002 8443//8002 8395//8002
vn 0.5157 -0.7611 -0.3934
f 8395//8003 8443//8003 8444//8003 8396//8003
vn 0.7332 -0.5684 -0.3733
usemtl leaf_3
f 8396//8004 8444//8004 8445//8004 8397//8004
vn 0.7783 -0.4757 -0.4099
f 8397//8005 8445//8005 8446//8005 8398//8005
vn 0.7080 0.0298 -0.7056
usemtl leaf_4
f 8398//8006 8446//8006 8447//8006 8399//8006
vn 0.9421 0.0705 -0.3277
f 8399//8007 8447//8007 8448//8007 8400//8007
vn 0.7848 -0.2329 -0.5744
usemtl leaf_3
f 8400//8008 8448//8008 8449//8008 8401//8008
vn 0.7616 -0.5968 -0.2525
usemtl leaf_4
f 8401//8009 8449//8009 8450//8009 8402//8009
vn 0.7033 -0.7093 -0.0463
f 8402//8010 8450//8010 8451//8010 8403//8010
vn 0.6401 -0.6966 0.3241
usemtl leaf_3
f 8403//8011 8451//8011 8452//8011 8404//8011
vn 0.8959 -0.4203 -0.1437
f 8404//8012 8452//8012 8453//8012 8405//8012
vn 0.9860 0.0058 0.1664
usemtl leaf_4
f 8405//8013 8453//8013 8454//8013 8406//8013
vn 0.9407 -0.2233 0.2554
usemtl leaf_5
f 8406//8014 8454//8014 8455//8014 8407//8014
vn 0.6717 -0.1011 0.7339
usemtl leaf_4
f 8407//8015 8455//8015 8456//8015 8408//8015
vn 0.6029 -0.2907 0.7430
f 8408//8016 8456//8016 8457//8016 8409//8016
vn 0.4683 -0.6130 0.6363
usemtl leaf_3
f 8409//8017 8457//8017 8458//8017 8410//8017
vn 0.4967 -0.5764 0.6488
usemtl leaf_4
f 8410//8018 8458//8018 8459//8018 8411//8018
vn 0.3663 -0.5874 0.7217
f 8411//8019 8459//8019 8460//8019 8412//8019
vn 0.2951 -0.5922 0.7498
usemtl leaf_3
f 8412//8020 8460//8020 8461//8020 8413//8020
vn -0.0731 -0.5931 0.8018
usemtl leaf_4
f 8413//8021 8461//8021 8462//8021 8414//8021
vn -0.0058 -0.5032 0.8642
usemtl leaf_2
f 8414//8022 8462//8022 8463//8022 8415//8022
vn 0.1393 -0.1958 0.9707
usemtl leaf_4
f 8415//8023 8463//8023 8464//8023 8416//8023
vn 0.1470 -0.3065 0.9404
f 8416//8024 8464//8024 8465//8024 8417//8024
vn -0.3571 -0.6189 0.6996
usemtl leaf_3
f 8417//8025 8465//8025 8466//8025 8418//8025
vn -0.4521 -0.5817 0.6762
usemtl leaf_4
f 8418//8026 8466//8026 8467//8026 8419//8026
vn -0.7331 -0.2419 0.6356
usemtl leaf_3
f 8419//8027 8467//8027 8468//8027 8420//8027
vn -0.4803 -0.3914 0.7850
usemtl leaf_4
f 8420//8028 8468//8028 8469//8028 8421//8028
vn -0.4329 -0.5656 0.7019
usemtl leaf_3
f 8421//8029 8469//8029 8470//8029 8422//8029
vn -0.6306 -0.6218 0.4644
usemtl leaf_5
f 8422//8030 8470//8030 8471//8030 8423//8030
vn -0.5286 -0.7655 0.3669
usemtl leaf_4
f 8423//8031 8471//8031 8472//8031 8424//8031
vn -0.8513 -0.5174 0.0867
usemtl leaf_5
f 8424//8032 8472//8032 8473//8032 8425//8032
vn -0.9903 0.0656 0.1227
usemtl leaf_4
f 8425//8033 8473//8033 8474//8033 8426//8033
vn -0.9477 0.0078 0.3191
f 8426//8034 8474//8034 8427//8034 8379//8034
vn -0.6853 -0.7222 0.0941
f 8427//8035 8475//8035 8476//8035 8428//8035
vn -0.6380 -0.6649 -0.3884
f 8428//8036 8476//8036 8477//8036 8429//8036
vn -0.7613 -0.4640 -0.4529
usemtl leaf_3
f 8429//8037 8477//8037 8478//8037 8430//8037
vn -0.8597 0.1210 -0.4963
f 8430//8038 8478//8038 8479//8038 8431//8038
vn -0.6560 0.1417 -0.7414
usemtl leaf_2
f 8431//8039 8479//8039 8480//8039 8432//8039
vn -0.7066 -0.5861 -0.3965
f 8432//8040 8480//8040 8481//8040 8433//8040
vn -0.4508 -0.7526 -0.4801
f 8433//8041 8481//8041 8482//8041 8434//8041
vn -0.6482 -0.5561 -0.5201
usemtl leaf_3
f 8434//8042 8482//8042 8483//8042 8435//8042
vn -0.2692 -0.6088 -0.7462
f 8435//8043 8483//8043 8484//8043 8436//8043
vn -0.2003 -0.5417 -0.8164
usemtl leaf_4
f 8436//8044 8484//8044 8485//8044 8437//8044
vn -0.3007 0.1371 -0.9438
usemtl leaf_3
f 8437//8045 8485//8045 8486//8045 8438//8045
vn 0.0563 0.1164 -0.9916
usemtl leaf_4
f 8438//8046 8486//8046 8487//8046 8439//8046
vn 0.0686 -0.6765 -0.7333
usemtl leaf_3
f 8439//8047 8487//8047 8488//8047 8440//8047
vn -0.1858 -0.7731 -0.6065
usemtl leaf_5
f 8440//8048 8488//8048 8489//8048 8441//8048
vn 0.2613 -0.7321 -0.6291
usemtl leaf_4
f 8441//8049 8489//8049 8490//8049 8442//8049
vn 0.0568 -0.6361 -0.7695
f 8442//8050 8490//8050 8491//8050 8443//8050
vn 0.6318 -0.6635 -0.4008
usemtl leaf_5
f 8443//8051 8491//8051 8492//8051 8444//8051
vn 0.6682 -0.6790 -0.3040
usemtl leaf_4
f 8444//8052 8492//8052 8493//8052 8445//8052
vn 0.5786 -0.7514 -0.3172
usemtl leaf_2
f 8445//8053 8493//8053 8494//8053 8446//8053
vn 0.6056 -0.7430 -0.2849
usemtl leaf_3
f 8446//8054 8494//8054 8495//8054 8447//8054
vn 0.8843 -0.3548 -0.3036
f 8447//8055 8495//8055 8496//8055 8448//8055
vn 0.6140 -0.4043 -0.6778
usemtl leaf_2
f 8448//8056 8496//8056 8497//8056 8449//8056
vn 0.8307 -0.4773 -0.2867
usemtl leaf_3
f 8449//8057 8497//8057 8498//8057 8450//8057
vn 0.9836 -0.1791 0.0229
f 8450//8058 8498//8058 8499//8058 8451//8058
vn 0.8955 -0.4104 0.1721
f 8451//8059 8499//8059 8500//8059 8452//8059
vn 0.6616 -0.7499 0.0048
usemtl leaf_4
f 8452//8060 8500//8060 8501//8060 8453//8060
vn 0.6501 -0.7429 0.1598
usemtl leaf_3
f 8453//8061 8501//8061 8502//8061 8454//8061
vn 0.8808 -0.1154 0.4592
usemtl leaf_4
f 8454//8062 8502//8062 8503//8062 8455//8062
vn 0.7367 0.0010 0.6762
usemtl leaf_3
f 8455//8063 8503//8063 8504//8063 8456//8063
vn 0.7121 -0.5635 0.4187
usemtl leaf_4
f 8456//8064 8504//8064 8505//8064 8457//8064
vn 0.4175 -0.7605 0.4973
usemtl leaf_3
f 8457//8065 8505//8065 8506//8065 8458//8065
vn 0.3486 -0.7884 0.5068
f 8458//8066 8506//8066 8507//8066 8459//8066
vn 0.3005 -0.7539 0.5843
f 8459//8067 8507//8067 8508//8067 8460//8067
vn 0.2283 -0.7297 0.6445
f 8460//8068 8508//8068 8509//8068 8461//8068
vn -0.1391 -0.5585 0.8178
usemtl leaf_4
f 8461//8069 8509//8069 8510//8069 8462//8069
vn -0.0111 -0.5521 0.8337
usemtl leaf_3
f 8462//8070 8510//8070 8511//8070 8463//8070
vn 0.1749 -0.7931 0.5835
f 8463//8071 8511//8071 8512//8071 8464//8071
vn -0.1175 -0.5747 0.8099
usemtl leaf_4
f 8464//8072 8512//8072 8513//8072 8465//8072
vn -0.4293 0.3559 0.8301
f 8465//8073 8513//8073 8514//8073 8466//8073
vn -0.4530 0.2381 0.8591
usemtl leaf_3
f 8466//8074 8514//8074 8515//8074 8467//8074
vn -0.6496 -0.4219 0.6324
usemtl leaf_4
f 8467//8075 8515//8075 8516//8075 8468//8075
vn -0.1551 -0.7200 0.6765
f 8468//8076 8516//8076 8517//8076 8469//8076
vn -0.4227 -0.7721 0.4746
usemtl leaf_3
f 8469//8077 8517//8077 8518//8077 8470//8077
vn -0.6359 -0.6026 0.4822
usemtl leaf_4
f 8470//8078 8518//8078 8519//8078 8471//8078
vn -0.9304 -0.0108 0.3664
f 8471//8079 8519//8079 8520//8079 8472//8079
vn -0.9817 -0.1103 0.1549
f 8472//8080 8520//8080 8521//8080 8473//8080
vn -0.6458 -0.7534 0.1236
usemtl leaf_3
f 8473//8081 8521//8081 8522//8081 8474//8081
vn -0.6039 -0.7624 0.2324
usemtl leaf_4
f 8474//8082 8522//8082 8475//8082 8427//8082
vn -0.9788 -0.1404 0.1488
usemtl leaf_5
f 8475//8083 8523//8083 8524//8083 8476//8083
vn -0.7767 -0.5502 -0.3067
usemtl leaf_4
f 8476//8084 8524//8084 8525//8084 8477//8084
vn -0.5695 -0.6191 -0.5407
usemtl leaf_3
f 8477//8085 8525//8085 8526//8085 8478//8085
vn -0.6368 -0.2251 -0.7374
f 8478//8086 8526//8086 8527//8086 8479//8086
vn -0.8405 -0.2754 -0.4666
usemtl leaf_2
f 8479//8087 8527//8087 8528//8087 8480//8087
vn -0.8452 -0.1001 -0.5250
usemtl leaf_3
f 8480//8088 8528//8088 8529//8088 8481//8088
vn -0.7991 -0.1118 -0.5908
f 8481//8089 8529//8089 8530//8089 8482//8089
vn -0.5833 -0.5578 -0.5904
usemtl leaf_4
f 8482//8090 8530//8090 8531//8090 8483//8090
vn -0.2575 -0.1710 -0.9510
f 8483//8091 8531//8091 8532//8091 8484//8091
vn -0.1472 0.1253 -0.9811
usemtl leaf_3
f 8484//8092 8532//8092 8533//8092 8485//8092
vn -0.0688 0.0874 -0.9938
usemtl leaf_2
f 8485//8093 8533//8093 8534//8093 8486//8093
vn -0.2999 -0.1454 -0.9428
usemtl leaf_3
f 8486//8094 8534//8094 8535//8094 8487//8094
vn -0.1559 -0.4468 -0.8810
usemtl leaf_2
f 8487//8095 8535//8095 8536//8095 8488//8095
vn -0.0292 -0.2174 -0.9756
usemtl leaf_4
f 8488//8096 8536//8096 8537//8096 8489//8096
vn 0.2264 -0.2910 -0.9295
f 8489//8097 8537//8097 8538//8097 8490//8097
vn 0.2966 -0.2870 -0.9108
usemtl leaf_5
f 8490//8098 8538//8098 8539//8098 8491//8098
vn 0.7015 -0.1604 -0.6944
usemtl leaf_4
f 8491//8099 8539//8099 8540//8099 8492//8099
vn 0.8410 -0.3782 -0.3869
usemtl leaf_5
f 8492//8100 8540//8100 8541//8100 8493//8100
vn 0.8534 -0.1951 -0.4834
usemtl leaf_4
f 8493//8101 8541//8101 8542//8101 8494//8101
vn 0.9412 0.2127 -0.2624
usemtl leaf_1
f 8494//8102 8542//8102 8543//8102 8495//8102
vn 0.9390 0.0156 -0.3436
usemtl leaf_3
f 8495//8103 8543//8103 8544//8103 8496//8103
vn 0.6374 -0.0781 -0.7666
usemtl leaf_2
f 8496//8104 8544//8104 8545//8104 8497//8104
vn 0.9520 -0.1465 -0.2687
usemtl leaf_4
f 8497//8105 8545//8105 8546//8105 8498//8105
vn 0.8258 -0.5581 -0.0805
usemtl leaf_3
f 8498//8106 8546//8106 8547//8106 8499//8106
vn 0.7331 -0.6781 0.0529
usemtl leaf_4
f 8499//8107 8547//8107 8548//8107 8500//8107
vn 0.9315 -0.3528 0.0881
usemtl leaf_3
f 8500//8108 8548//8108 8549//8108 8501//8108
vn 0.9325 -0.0231 0.3604
usemtl leaf_4
f 8501//8109 8549//8109 8550//8109 8502//8109
vn 0.7597 -0.3488 0.5488
f 8502//8110 8550//8110 8551//8110 8503//8110
vn 0.7208 -0.5401 0.4344
usemtl leaf_3
f 8503//8111 8551//8111 8552//8111 8504//8111
vn 0.7991 -0.2326 0.5543
usemtl leaf_4
f 8504//8112 8552//8112 8553//8112 8505//8112
vn 0.7037 0.0962 0.7039
f 8505//8113 8553//8113 8554//8113 8506//8113
vn 0.5667 -0.0013 0.8240
f 8506//8114 8554//8114 8555//8114 8507//8114
vn 0.3699 0.0874 0.9250
f 8507//8115 8555//8115 8556//8115 8508//8115
vn 0.2789 0.2909 0.9152
usemtl leaf_2
f 8508//8116 8556//8116 8557//8116 8509//8116
vn -0.0928 0.0285 0.9953
usemtl leaf_3
f 8509//8117 8557//8117 8558//8117 8510//8117
vn 0.1762 -0.4898 0.8539
usemtl leaf_2
f 8510//8118 8558//8118 8559//8118 8511//8118
vn 0.2084 -0.3320 0.9200
usemtl leaf_4
f 8511//8119 8559//8119 8560//8119 8512//8119
vn -0.4810 -0.0873 0.8724
usemtl leaf_3
f 8512//8120 8560//8120 8561//8120 8513//8120
vn -0.4540 -0.3722 0.8096
f 8513//8121 8561//8121 8562//8121 8514//8121
vn -0.1832 -0.5928 0.7843
f 8514//8122 8562//8122 8563//8122 8515//8122
vn -0.4814 -0.6270 0.6125
usemtl leaf_4
f 8515//8123 8563//8123 8564//8123 8516//8123
vn -0.3321 -0.2502 0.9094
f 8516//8124 8564//8124 8565//8124 8517//8124
vn -0.6532 -0.1299 0.7460
f 8517//8125 8565//8125 8566//8125 8518//8125
vn -0.6989 -0.4938 0.5173
usemtl leaf_5
f 8518//8126 8566//8126 8567//8126 8519//8126
vn -0.8022 -0.5885 0.1002
usemtl leaf_4
f 8519//8127 8567//8127 8568//8127 8520//8127
vn -0.7438 -0.5757 0.3397
f 8520//8128 8568//8128 8569//8128 8521//8128
vn -0.9978 -0.0332 0.0574
f 8521//8129 8569//8129 8570//8129 8522//8129
vn -0.9181 0.1764 0.3550
f 8522//8130 8570//8130 8523//8130 8475//8130
vn -0.9993 0.0122 0.0356
usemtl leaf_3
f 8523//8131 8571//8131 8572//8131 8524//8131
vn -0.9094 0.3718 -0.1865
usemtl leaf_4
f 8524//8132 8572//8132 8573//8132 8525//8132
vn -0.7646 0.1226 -0.6327
f 8525//8133 8573//8133 8574//8133 8526//8133
vn -0.5812 -0.5798 -0.5709
usemtl leaf_3
f 8526//8134 8574//8134 8575//8134 8527//8134
vn -0.6477 -0.6677 -0.3669
usemtl leaf_2
f 8527//8135 8575//8135 8576//8135 8528//8135
vn -0.6146 -0.5792 -0.5356
usemtl leaf_3
f 8528//8136 8576//8136 8577//8136 8529//8136
vn -0.7205 -0.6137 -0.3228
usemtl leaf_4
f 8529//8137 8577//8137 8578//8137 8530//8137
vn -0.5082 -0.3441 -0.7895
f 8530//8138 8578//8138 8579//8138 8531//8138
vn -0.2146 -0.3128 -0.9253
f 8531//8139 8579//8139 8580//8139 8532//8139
vn 0.0398 -0.1221 -0.9917
usemtl leaf_3
f 8532//8140 8580//8140 8581//8140 8533//8140
vn -0.0870 0.2788 -0.9564
usemtl leaf_2
f 8533//8141 8581//8141 8582//8141 8534//8141
vn -0.4740 0.0303 -0.8800
f 8534//8142 8582//8142 8583//8142 8535//8142
vn -0.2291 -0.2226 -0.9476
f 8535//8143 8583//8143 8584//8143 8536//8143
vn 0.0661 -0.4149 -0.9075
usemtl leaf_3
f 8536//8144 8584//8144 8585//8144 8537//8144
vn 0.3404 0.0727 -0.9375
usemtl leaf_5
f 8537//8145 8585//8145 8586//8145 8538//8145
vn 0.3884 0.5341 -0.7509
usemtl leaf_4
f 8538//8146 8586//8146 8587//8146 8539//8146
vn 0.5090 0.3672 -0.7785
usemtl leaf_3
f 8539//8147 8587//8147 8588//8147 8540//8147
vn 0.7387 -0.3144 -0.5963
usemtl leaf_5
f 8540//8148 8588//8148 8589//8148 8541//8148
vn 0.6879 -0.6601 -0.3018
usemtl leaf_3
f 8541//8149 8589//8149 8590//8149 8542//8149
vn 0.7103 -0.6883 -0.1472
f 8542//8150 8590//8150 8591//8150 8543//8150
vn 0.7309 -0.6091 -0.3077
usemtl leaf_2
f 8543//8151 8591//8151 8592//8151 8544//8151
vn 0.8186 -0.0609 -0.5711
f 8544//8152 8592//8152 8593//8152 8545//8152
vn 0.8486 0.4175 -0.3250
f 8545//8153 8593//8153 8594//8153 8546//8153
vn 0.9201 0.0978 -0.3792
usemtl leaf_4
f 8546//8154 8594//8154 8595//8154 8547//8154
vn 0.9080 -0.4188 0.0141
f 8547//8155 8595//8155 8596//8155 8548//8155
vn 0.8164 -0.5073 0.2759
usemtl leaf_3
f 8548//8156 8596//8156 8597//8156 8549//8156
vn 0.8530 -0.0580 0.5187
usemtl leaf_4
f 8549//8157 8597//8157 8598//8157 8550//8157
vn 0.7441 0.4768 0.4680
usemtl leaf_2
f 8550//8158 8598//8158 8599//8158 8551//8158
vn 0.8261 0.4044 0.3923
usemtl leaf_3
f 8551//8159 8599//8159 8600//8159 8552//8159
vn 0.7669 0.0358 0.6407
usemtl leaf_2
f 8552//8160 8600//8160 8601//8160 8553//8160
vn 0.7364 -0.4382 0.5154
usemtl leaf_4
f 8553//8161 8601//8161 8602//8161 8554//8161
vn 0.3812 -0.3516 0.8550
usemtl leaf_2
f 8554//8162 8602//8162 8603//8162 8555//8162
vn 0.3637 -0.0620 0.9295
usemtl leaf_3
f 8555//8163 8603//8163 8604//8163 8556//8163
vn 0.3313 -0.4077 0.8509
usemtl leaf_4
f 8556//8164 8604//8164 8605//8164 8557//8164
vn -0.0366 -0.4012 0.9153
usemtl leaf_3
f 8557//8165 8605//8165 8606//8165 8558//8165
vn 0.2447 -0.1027 0.9641
usemtl leaf_2
f 8558//8166 8606//8166 8607//8166 8559//8166
vn 0.0404 -0.0182 0.9990
usemtl leaf_3
f 8559//8167 8607//8167 8608//8167 8560//8167
vn -0.3126 -0.2770 0.9086
usemtl leaf_4
f 8560//8168 8608//8168 8609//8168 8561//8168
vn -0.5459 -0.1740 0.8196
usemtl leaf_3
f 8561//8169 8609//8169 8610//8169 8562//8169
vn -0.0655 -0.0876 0.9940
f 8562//8170 8610//8170 8611//8170 8563//8170
vn -0.5037 -0.4951 0.7080
usemtl leaf_4
f 8563//8171 8611//8171 8612//8171 8564//8171
vn -0.4329 -0.5685 0.6996
usemtl leaf_3
f 8564//8172 8612//8172 8613//8172 8565//8172
vn -0.7470 -0.0934 0.6582
usemtl leaf_4
f 8565//8173 8613//8173 8614//8173 8566//8173
vn -0.6973 0.4523 0.5561
usemtl leaf_3
f 8566//8174 8614//8174 8615//8174 8567//8174
vn -0.9247 0.0827 0.3715
f 8567//8175 8615//8175 8616//8175 8568//8175
vn -0.9854 0.0665 0.1568
f 8568//8176 8616//8176 8617//8176 8569//8176
vn -0.9869 0.1604 -0.0190
usemtl leaf_4
f 8569//8177 8617//8177 8618//8177 8570//8177
vn -0.8514 -0.2075 0.4818
usemtl leaf_3
f 8570//8178 8618//8178 8571//8178 8523//8178
vn -0.7232 0.6832 -0.1013
f 8571//8179 8619//8179 8620//8179 8572//8179
vn -0.7713 0.6255 -0.1175
f 8572//8180 8620//8180 8621//8180 8573//8180
vn -0.6853 0.5649 -0.4597
usemtl leaf_2
f 8573//8181 8621//8181 8622//8181 8574//8181
vn -0.6700 0.6249 -0.4008
f 8574//8182 8622//8182 8623//8182 8575//8182
vn -0.7307 0.4844 -0.4811
f 8575//8183 8623//8183 8624//8183 8576//8183
vn -0.8369 0.1604 -0.5233
f 8576//8184 8624//8184 8625//8184 8577//8184
vn -0.7885 0.3213 -0.5245
usemtl leaf_3
f 8577//8185 8625//8185 8626//8185 8578//8185
vn -0.4207 0.4168 -0.8058
usemtl leaf_4
f 8578//8186 8626//8186 8627//8186 8579//8186
vn -0.2283 0.4745 -0.8501
usemtl leaf_2
f 8579//8187 8627//8187 8628//8187 8580//8187
vn -0.0243 0.0986 -0.9948
f 8580//8188 8628//8188 8629//8188 8581//8188
vn -0.2062 -0.6491 -0.7322
usemtl leaf_3
f 8581//8189 8629//8189 8630//8189 8582//8189
vn -0.2051 -0.3454 -0.9158
f 8582//8190 8630//8190 8631//8190 8583//8190
vn -0.2684 0.3628 -0.8924
usemtl leaf_2
f 8583//8191 8631//8191 8632//8191 8584//8191
vn 0.0022 0.3237 -0.9462
f 8584//8192 8632//8192 8633//8192 8585//8192
vn 0.4385 -0.0993 -0.8932
usemtl leaf_3
f 8585//8193 8633//8193 8634//8193 8586//8193
vn 0.6813 0.1888 -0.7072
f 8586//8194 8634//8194 8635//8194 8587//8194
vn 0.2785 0.4512 -0.8479
usemtl leaf_2
f 8587//8195 8635//8195 8636//8195 8588//8195
vn 0.6452 0.4543 -0.6142
usemtl leaf_4
f 8588//8196 8636//8196 8637//8196 8589//8196
vn 0.7427 0.3263 -0.5847
usemtl leaf_3
f 8589//8197 8637//8197 8638//8197 8590//8197
vn 0.9865 0.0170 -0.1628
usemtl leaf_2
f 8590//8198 8638//8198 8639//8198 8591//8198
vn 0.9413 0.0275 -0.3365
usemtl leaf_3
f 8591//8199 8639//8199 8640//8199 8592//8199
vn 0.9381 0.2585 -0.2305
usemtl leaf_2
f 8592//8200 8640//8200 8641//8200 8593//8200
vn 0.7813 -0.1500 -0.6058
usemtl leaf_3
f 8593//8201 8641//8201 8642//8201 8594//8201
vn 0.8303 -0.4380 -0.3446
f 8594//8202 8642//8202 8643//8202 8595//8202
vn 0.9976 0.0598 0.0343
f 8595//8203 8643//8203 8644//8203 8596//8203
vn 0.9789 -0.0335 0.2017
usemtl leaf_4
f 8596//8204 8644//8204 8645//8204 8597//8204
vn 0.7083 -0.3900 0.5883
f 8597//8205 8645//8205 8646//8205 8598//8205
vn 0.7087 -0.3013 0.6379
usemtl leaf_2
f 8598//8206 8646//8206 8647//8206 8599//8206
vn 0.9412 -0.0803 0.3282
usemtl leaf_3
f 8599//8207 8647//8207 8648//8207 8600//8207
vn 0.8338 -0.2323 0.5008
f 8600//8208 8648//8208 8649//8208 8601//8208
vn 0.7706 0.1028 0.6290
f 8601//8209 8649//8209 8650//8209 8602//8209
vn 0.2282 0.4405 0.8683
usemtl leaf_2
f 8602//8210 8650//8210 8651//8210 8603//8210
vn 0.4743 0.2556 0.8425
usemtl leaf_4
f 8603//8211 8651//8211 8652//8211 8604//8211
vn 0.5113 -0.0212 0.8591
usemtl leaf_2
f 8604//8212 8652//8212 8653//8212 8605//8212
vn -0.0212 -0.3659 0.9304
usemtl leaf_3
f 8605//8213 8653//8213 8654//8213 8606//8213
vn 0.1022 -0.4284 0.8978
usemtl leaf_4
f 8606//8214 8654//8214 8655//8214 8607//8214
vn -0.1123 0.0536 0.9922
f 8607//8215 8655//8215 8656//8215 8608//8215
vn -0.2441 0.4849 0.8399
usemtl leaf_3
f 8608//8216 8656//8216 8657//8216 8609//8216
vn -0.5465 0.3926 0.7397
f 8609//8217 8657//8217 8658//8217 8610//8217
vn 0.0343 0.1763 0.9837
usemtl leaf_2
f 8610//8218 8658//8218 8659//8218 8611//8218
vn -0.4635 0.1225 0.8776
usemtl leaf_3
f 8611//8219 8659//8219 8660//8219 8612//8219
vn -0.5444 0.0060 0.8388
f 8612//8220 8660//8220 8661//8220 8613//8220
vn -0.9083 0.2474 0.3373
usemtl leaf_4
f 8613//8221 8661//8221 8662//8221 8614//8221
vn -0.6783 0.6059 0.4157
usemtl leaf_2
f 8614//8222 8662//8222 8663//8222 8615//8222
vn -0.6035 0.6348 0.4825
usemtl leaf_3
f 8615//8223 8663//8223 8664//8223 8616//8223
vn -0.9731 0.1301 0.1903
f 8616//8224 8664//8224 8665//8224 8617//8224
vn -0.8004 -0.5565 0.2231
f 8617//8225 8665//8225 8666//8225 8618//8225
vn -0.9870 -0.0679 0.1455
usemtl leaf_2
f 8618//8226 8666//8226 8619//8226 8571//8226
vn -0.6868 0.7005 -0.1940
usemtl leaf_1
f 8619//8227 8667//8227 8668//8227 8620//8227
vn -0.6146 0.7877 -0.0418
usemtl leaf_3
f 8620//8228 8668//8228 8669//8228 8621//8228
vn -0.9041 0.3611 -0.2285
usemtl leaf_2
f 8621//8229 8669//8229 8670//8229 8622//8229
vn -0.7849 -0.4746 -0.3984
usemtl leaf_3
f 8622//8230 8670//8230 8671//8230 8623//8230
vn -0.7579 -0.4456 -0.4764
usemtl leaf_2
f 8623//8231 8671//8231 8672//8231 8624//8231
vn -0.7667 0.0844 -0.6364
f 8624//8232 8672//8232 8673//8232 8625//8232
vn -0.7353 0.3526 -0.5788
usemtl leaf_3
f 8625//8233 8673//8233 8674//8233 8626//8233
vn -0.4308 0.4032 -0.8074
usemtl leaf_4
f 8626//8234 8674//8234 8675//8234 8627//8234
vn -0.0688 0.5605 -0.8253
usemtl leaf_2
f 8627//8235 8675//8235 8676//8235 8628//8235
vn -0.5535 0.2272 -0.8013
usemtl leaf_3
f 8628//8236 8676//8236 8677//8236 8629//8236
vn -0.2072 0.1008 -0.9731
f 8629//8237 8677//8237 8678//8237 8630//8237
vn -0.0237 0.1673 -0.9856
usemtl leaf_2
f 8630//8238 8678//8238 8679//8238 8631//8238
vn -0.1483 0.1328 -0.9800
usemtl leaf_3
f 8631//8239 8679//8239 8680//8239 8632//8239
vn -0.1036 0.2704 -0.9572
usemtl leaf_4
f 8632//8240 8680//8240 8681//8240 8633//8240
vn 0.4372 0.5919 -0.6771
usemtl leaf_3
f 8633//8241 8681//8241 8682//8241 8634//8241
vn 0.5936 0.5183 -0.6156
usemtl leaf_2
f 8634//8242 8682//8242 8683//8242 8635//8242
vn 0.2957 0.2367 -0.9255
usemtl leaf_3
f 8635//8243 8683//8243 8684//8243 8636//8243
vn 0.7087 0.5395 -0.4546
f 8636//8244 8684//8244 8685//8244 8637//8244
vn 0.4975 0.6925 -0.5225
f 8637//8245 8685//8245 8686//8245 8638//8245
vn 0.8288 0.5003 -0.2505
usemtl leaf_2
f 8638//8246 8686//8246 8687//8246 8639//8246
vn 0.9189 0.1283 -0.3729
f 8639//8247 8687//8247 8688//8247 8640//8247
vn 0.9160 -0.2874 -0.2799
f 8640//8248 8688//8248 8689//8248 8641//8248
vn 0.8178 0.2137 -0.5343
f 8641//8249 8689//8249 8690//8249 8642//8249
vn 0.7154 0.6157 -0.3303
f 8642//8250 8690//8250 8691//8250 8643//8250
vn 0.8880 0.4334 0.1535
f 8643//8251 8691//8251 8692//8251 8644//8251
vn 0.7634 0.6329 0.1287
f 8644//8252 8692//8252 8693//8252 8645//8252
vn 0.6088 0.6673 0.4291
usemtl leaf_4
f 8645//8253 8693//8253 8694//8253 8646//8253
vn 0.8245 0.1537 0.5446
usemtl leaf_3
f 8646//8254 8694//8254 8695//8254 8647//8254
vn 0.8772 -0.0762 0.4740
f 8647//8255 8695//8255 8696//8255 8648//8255
vn 0.6629 0.5648 0.4915
f 8648//8256 8696//8256 8697//8256 8649//8256
vn 0.5630 0.6147 0.5524
usemtl leaf_2
f 8649//8257 8697//8257 8698//8257 8650//8257
vn 0.4059 0.1660 0.8987
usemtl leaf_3
f 8650//8258 8698//8258 8699//8258 8651//8258
vn 0.5638 -0.1582 0.8106
f 8651//8259 8699//8259 8700//8259 8652//8259
vn 0.4002 0.1643 0.9016
usemtl leaf_4
f 8652//8260 8700//8260 8701//8260 8653//8260
vn -0.0154 0.6212 0.7835
usemtl leaf_2
f 8653//8261 8701//8261 8702//8261 8654//8261
vn -0.0032 0.7461 0.6658
usemtl leaf_3
f 8654//8262 8702//8262 8703//8262 8655//8262
vn -0.0864 0.6094 0.7881
usemtl leaf_1
f 8655//8263 8703//8263 8704//8263 8656//8263
vn -0.3217 0.3442 0.8821
usemtl leaf_3
f 8656//8264 8704//8264 8705//8264 8657//8264
vn -0.2887 -0.1289 0.9487
f 8657//8265 8705//8265 8706//8265 8658//8265
vn -0.2369 0.0282 0.9711
usemtl leaf_2
f 8658//8266 8706//8266 8707//8266 8659//8266
vn -0.3381 0.5531 0.7614
usemtl leaf_4
f 8659//8267 8707//8267 8708//8267 8660//8267
vn -0.4613 0.6609 0.5920
usemtl leaf_2
f 8660//8268 8708//8268 8709//8268 8661//8268
vn -0.7332 0.6461 0.2119
usemtl leaf_3
f 8661//8269 8709//8269 8710//8269 8662//8269
vn -0.7568 0.4293 0.4929
f 8662//8270 8710//8270 8711//8270 8663//8270
vn -0.7298 0.1845 0.6583
usemtl leaf_2
f 8663//8271 8711//8271 8712//8271 8664//8271
vn -0.8538 -0.0201 0.5202
usemtl leaf_4
f 8664//8272 8712//8272 8713//8272 8665//8272
vn -0.9468 0.2918 0.1361
usemtl leaf_2
f 8665//8273 8713//8273 8714//8273 8666//8273
vn -0.7514 0.6288 -0.1998
f 8666//8274 8714//8274 8667//8274 8619//8274
vn -0.9642 0.0195 -0.2643
usemtl leaf_1
f 8667//8275 8715//8275 8716//8275 8668//8275
vn -0.9697 0.1025 -0.2216
usemtl leaf_2
f 8668//8276 8716//8276 8717//8276 8669//8276
vn -0.8616 0.5061 0.0379
usemtl leaf_1
f 8669//8277 8717//8277 8718//8277 8670//8277
vn -0.9373 0.3112 -0.1569
usemtl leaf_4
f 8670//8278 8718//8278 8719//8278 8671//8278
vn -0.8004 -0.1809 -0.5715
usemtl leaf_3
f 8671//8279 8719//8279 8720//8279 8672//8279
vn -0.5588 -0.0598 -0.8272
usemtl leaf_2
f 8672//8280 8720//8280 8721//8280 8673//8280
vn -0.6078 0.4868 -0.6274
usemtl leaf_1
f 8673//8281 8721//8281 8722//8281 8674//8281
vn -0.1900 0.7640 -0.6166
usemtl leaf_3
f 8674//8282 8722//8282 8723//8282 8675//8282
vn -0.2037 0.6204 -0.7574
usemtl leaf_1
f 8675//8283 8723//8283 8724//8283 8676//8283
vn -0.7211 0.2223 -0.6562
usemtl leaf_3
f 8676//8284 8724//8284 8725//8284 8677//8284
vn -0.0913 0.1090 -0.9898
f 8677//8285 8725//8285 8726//8285 8678//8285
vn -0.0771 0.1723 -0.9820
usemtl leaf_2
f 8678//8286 8726//8286 8727//8286 8679//8286
vn -0.0409 0.3162 -0.9478
f 8679//8287 8727//8287 8728//8287 8680//8287
vn -0.0361 0.5167 -0.8554
f 8680//8288 8728//8288 8729//8288 8681//8288
vn 0.5683 0.6094 -0.5529
usemtl leaf_3
f 8681//8289 8729//8289 8730//8289 8682//8289
vn 0.3614 0.6513 -0.6673
f 8682//8290 8730//8290 8731//8290 8683//8290
vn 0.3189 0.7585 -0.5683
usemtl leaf_2
f 8683//8291 8731//8291 8732//8291 8684//8291
vn 0.5748 0.6614 -0.4818
usemtl leaf_3
f 8684//8292 8732//8292 8733//8292 8685//8292
vn 0.6794 0.3760 -0.6301
f 8685//8293 8733//8293 8734//8293 8686//8293
vn 0.7670 0.0033 -0.6416
usemtl leaf_2
f 8686//8294 8734//8294 8735//8294 8687//8294
vn 0.9143 -0.2427 -0.3244
usemtl leaf_1
f 8687//8295 8735//8295 8736//8295 8688//8295
vn 0.9011 -0.0478 -0.4310
usemtl leaf_2
f 8688//8296 8736//8296 8737//8296 8689//8296
vn 0.9339 0.3557 0.0362
f 8689//8297 8737//8297 8738//8297 8690//8297
vn 0.6416 0.6496 -0.4079
f 8690//8298 8738//8298 8739//8298 8691//8298
vn 0.7754 0.6290 0.0554
f 8691//8299 8739//8299 8740//8299 8692//8299
vn 0.9176 0.3403 0.2052
usemtl leaf_3
f 8692//8300 8740//8300 8741//8300 8693//8300
vn 0.9060 0.0235 0.4227
f 8693//8301 8741//8301 8742//8301 8694//8301
vn 0.7964 0.3281 0.5080
f 8694//8302 8742//8302 8743//8302 8695//8302
vn 0.7207 0.5486 0.4238
usemtl leaf_2
f 8695//8303 8743//8303 8744//8303 8696//8303
vn 0.4719 0.5469 0.6915
usemtl leaf_3
f 8696//8304 8744//8304 8745//8304 8697//8304
vn 0.5286 0.7431 0.4104
usemtl leaf_2
f 8697//8305 8745//8305 8746//8305 8698//8305
vn 0.5606 0.5883 0.5828
f 8698//8306 8746//8306 8747//8306 8699//8306
vn 0.4737 0.4401 0.7628
usemtl leaf_3
f 8699//8307 8747//8307 8748//8307 8700//8307
vn 0.2479 0.4899 0.8358
f 8700//8308 8748//8308 8749//8308 8701//8308
vn -0.0978 0.3599 0.9279
f 8701//8309 8749//8309 8750//8309 8702//8309
vn 0.0116 0.2810 0.9596
usemtl leaf_1
f 8702//8310 8750//8310 8751//8310 8703//8310
vn -0.1236 0.5576 0.8208
usemtl leaf_2
f 8703//8311 8751//8311 8752//8311 8704//8311
vn -0.0823 0.5063 0.8584
usemtl leaf_1
f 8704//8312 8752//8312 8753//8312 8705//8312
vn -0.0791 0.0910 0.9927
usemtl leaf_3
f 8705//8313 8753//8313 8754//8313 8706//8313
vn -0.4924 0.0649 0.8679
f 8706//8314 8754//8314 8755//8314 8707//8314
vn -0.4873 0.2528 0.8358
f 8707//8315 8755//8315 8756//8315 8708//8315
vn -0.6184 0.4945 0.6108
usemtl leaf_2
f 8708//8316 8756//8316 8757//8316 8709//8316
vn -0.8249 0.4585 0.3305
usemtl leaf_3
f 8709//8317 8757//8317 8758//8317 8710//8317
vn -0.6875 0.4819 0.5432
f 8710//8318 8758//8318 8759//8318 8711//8318
vn -0.6040 0.6193 0.5017
usemtl leaf_1
f 8711//8319 8759//8319 8760//8319 8712//8319
vn -0.5795 0.6460 0.4969
usemtl leaf_3
f 8712//8320 8760//8320 8761//8320 8713//8320
vn -0.8696 0.4935 -0.0136
usemtl leaf_2
f 8713//8321 8761//8321 8762//8321 8714//8321
vn -0.9547 0.2313 -0.1874
usemtl leaf_3
f 8714//8322 8762//8322 8715//8322 8667//8322
vn -0.6307 0.7325 -0.2562
usemtl leaf_2
f 8715//8323 8763//8323 8764//8323 8716//8323
vn -0.6232 0.7677 -0.1493
usemtl leaf_1
f 8716//8324 8764//8324 8765//8324 8717//8324
vn -0.8212 0.5706 -0.0004
f 8717//8325 8765//8325 8766//8325 8718//8325
vn -0.8888 0.4520 0.0754
usemtl leaf_3
f 8718//8326 8766//8326 8767//8326 8719//8326
vn -0.6721 0.5452 -0.5010
f 8719//8327 8767//8327 8768//8327 8720//8327
vn -0.3631 0.5687 -0.7381
usemtl leaf_2
f 8720//8328 8768//8328 8769//8328 8721//8328
vn -0.3779 0.6273 -0.6809
usemtl leaf_1
f 8721//8329 8769//8329 8770//8329 8722//8329
vn -0.2663 0.5563 -0.7872
f 8722//8330 8770//8330 8771//8330 8723//8330
vn -0.5336 0.3071 -0.7880
usemtl leaf_2
f 8723//8331 8771//8331 8772//8331 8724//8331
vn -0.6957 0.2449 -0.6753
usemtl leaf_3
f 8724//8332 8772//8332 8773//8332 8725//8332
vn -0.1555 0.3561 -0.9214
usemtl leaf_2
f 8725//8333 8773//8333 8774//8333 8726//8333
vn 0.0947 0.4537 -0.8861
f 8726//8334 8774//8334 8775//8334 8727//8334
vn -0.0805 0.5380 -0.8391
usemtl leaf_1
f 8727//8335 8775//8335 8776//8335 8728//8335
vn 0.2797 0.8165 -0.5052
usemtl leaf_3
f 8728//8336 8776//8336 8777//8336 8729//8336
vn 0.2198 0.7972 -0.5623
f 8729//8337 8777//8337 8778//8337 8730//8337
vn 0.5078 0.4238 -0.7500
usemtl leaf_2
f 8730//8338 8778//8338 8779//8338 8731//8338
vn 0.5056 0.6272 -0.5924
f 8731//8339 8779//8339 8780//8339 8732//8339
vn 0.4137 0.5988 -0.6858
f 8732//8340 8780//8340 8781//8340 8733//8340
vn 0.6411 0.5338 -0.5514
usemtl leaf_1
f 8733//8341 8781//8341 8782//8341 8734//8341
vn 0.4872 0.3649 -0.7934
usemtl leaf_2
f 8734//8342 8782//8342 8783//8342 8735//8342
vn 0.9078 -0.0915 -0.4092
f 8735//8343 8783//8343 8784//8343 8736//8343
vn 0.9832 0.1342 -0.1241
usemtl leaf_3
f 8736//8344 8784//8344 8785//8344 8737//8344
vn 0.9580 0.2864 0.0132
usemtl leaf_2
f 8737//8345 8785//8345 8786//8345 8738//8345
vn 0.6967 0.7166 0.0326
f 8738//8346 8786//8346 8787//8346 8739//8346
vn 0.4186 0.8966 -0.1446
f 8739//8347 8787//8347 8788//8347 8740//8347
vn 0.6269 0.7791 0.0085
usemtl leaf_3
f 8740//8348 8788//8348 8789//8348 8741//8348
vn 0.6272 0.7340 0.2607
f 8741//8349 8789//8349 8790//8349 8742//8349
vn 0.6920 0.5284 0.4920
usemtl leaf_2
f 8742//8350 8790//8350 8791//8350 8743//8350
vn 0.7918 0.3877 0.4720
f 8743//8351 8791//8351 8792//8351 8744//8351
vn 0.3188 0.5938 0.7388
f 8744//8352 8792//8352 8793//8352 8745//8352
vn 0.7558 0.4568 0.4692
usemtl leaf_1
f 8745//8353 8793//8353 8794//8353 8746//8353
vn 0.6404 0.4680 0.6091
f 8746//8354 8794//8354 8795//8354 8747//8354
vn 0.3721 0.6363 0.6758
usemtl leaf_2
f 8747//8355 8795//8355 8796//8355 8748//8355
vn 0.3612 0.4945 0.7906
usemtl leaf_3
f 8748//8356 8796//8356 8797//8356 8749//8356
vn -0.2051 0.5422 0.8148
usemtl leaf_1
f 8749//8357 8797//8357 8798//8357 8750//8357
vn -0.0350 0.7895 0.6128
usemtl leaf_2
f 8750//8358 8798//8358 8799//8358 8751//8358
vn 0.0122 0.4988 0.8666
f 8751//8359 8799//8359 8800//8359 8752//8359
vn -0.0621 0.2488 0.9666
usemtl leaf_3
f 8752//8360 8800//8360 8801//8360 8753//8360
vn -0.0807 0.6328 0.7701
f 8753//8361 8801//8361 8802//8361 8754//8361
vn -0.3580 0.7399 0.5696
usemtl leaf_2
f 8754//8362 8802//8362 8803//8362 8755//8362
vn -0.3624 0.6597 0.6583
usemtl leaf_3
f 8755//8363 8803//8363 8804//8363 8756//8363
vn -0.6326 0.4370 0.6394
usemtl leaf_1
f 8756//8364 8804//8364 8805//8364 8757//8364
vn -0.8443 0.1489 0.5148
usemtl leaf_2
f 8757//8365 8805//8365 8806//8365 8758//8365
vn -0.7970 -0.1033 0.5951
f 8758//8366 8806//8366 8807//8366 8759//8366
vn -0.8787 0.0599 0.4736
f 8759//8367 8807//8367 8808//8367 8760//8367
vn -0.7230 0.4894 0.4876
usemtl leaf_3
f 8760//8368 8808//8368 8809//8368 8761//8368
vn -0.7272 0.6840 0.0579
usemtl leaf_1
f 8761//8369 8809//8369 8810//8369 8762//8369
vn -0.7526 0.6490 -0.1117
f 8762//8370 8810//8370 8763//8370 8715//8370
vn -0.6104 0.7250 -0.3189
f 8763//8371 8811//8371 8812//8371 8764//8371
vn -0.6215 0.7722 -0.1323
usemtl leaf_0
f 8764//8372 8812//8372 8813//8372 8765//8372
vn -0.5955 0.7984 0.0889
usemtl leaf_2
f 8765//8373 8813//8373 8814//8373 8766//8373
vn -0.4569 0.8891 0.0260
f 8766//8374 8814//8374 8815//8374 8767//8374
vn -0.4380 0.8876 -0.1426
usemtl leaf_4
f 8767//8375 8815//8375 8816//8375 8768//8375
vn -0.3195 0.6787 -0.6613
usemtl leaf_3
f 8768//8376 8816//8376 8817//8376 8769//8376
vn -0.2201 0.7372 -0.6388
usemtl leaf_2
f 8769//8377 8817//8377 8818//8377 8770//8377
vn -0.4727 0.6420 -0.6036
usemtl leaf_1
f 8770//8378 8818//8378 8819//8378 8771//8378
vn -0.5211 0.4400 -0.7313
usemtl leaf_2
f 8771//8379 8819//8379 8820//8379 8772//8379
vn -0.4169 0.7220 -0.5521
usemtl leaf_3
f 8772//8380 8820//8380 8821//8380 8773//8380
vn -0.1658 0.8116 -0.5603
usemtl leaf_2
f 8773//8381 8821//8381 8822//8381 8774//8381
vn 0.0691 0.6464 -0.7599
usemtl leaf_3
f 8774//8382 8822//8382 8823//8382 8775//8382
vn 0.0885 0.7570 -0.6474
usemtl leaf_2
f 8775//8383 8823//8383 8824//8383 8776//8383
vn 0.4025 0.7183 -0.5674
f 8776//8384 8824//8384 8825//8384 8777//8384
vn 0.1844 0.8356 -0.5175
usemtl leaf_1
f 8777//8385 8825//8385 8826//8385 8778//8385
vn 0.2108 0.9375 -0.2770
f 8778//8386 8826//8386 8827//8386 8779//8386
vn 0.2585 0.7367 -0.6248
f 8779//8387 8827//8387 8828//8387 8780//8387
vn 0.4824 0.5855 -0.6515
usemtl leaf_2
f 8780//8388 8828//8388 8829//8388 8781//8388
vn 0.5134 0.7357 -0.4417
f 8781//8389 8829//8389 8830//8389 8782//8389
vn 0.2817 0.8003 -0.5294
usemtl leaf_1
f 8782//8390 8830//8390 8831//8390 8783//8390
vn 0.3745 0.8428 -0.3864
usemtl leaf_3
f 8783//8391 8831//8391 8832//8391 8784//8391
vn 0.8151 0.5791 0.0180
f 8784//8392 8832//8392 8833//8392 8785//8392
vn 0.9078 0.3967 -0.1363
f 8785//8393 8833//8393 8834//8393 8786//8393
vn 0.8175 0.3598 0.4498
usemtl leaf_2
f 8786//8394 8834//8394 8835//8394 8787//8394
vn 0.5824 0.8129 -0.0072
f 8787//8395 8835//8395 8836//8395 8788//8395
vn 0.4163 0.8927 -0.1725
f 8788//8396 8836//8396 8837//8396 8789//8396
vn 0.4777 0.8525 0.2123
usemtl leaf_1
f 8789//8397 8837//8397 8838//8397 8790//8397
vn 0.6920 0.7113 0.1233
f 8790//8398 8838//8398 8839//8398 8791//8398
vn 0.6504 0.5514 0.5224
usemtl leaf_2
f 8791//8399 8839//8399 8840//8399 8792//8399
vn 0.4228 0.3800 0.8227
usemtl leaf_1
f 8792//8400 8840//8400 8841//8400 8793//8400
vn 0.6687 0.5814 0.4635
usemtl leaf_2
f 8793//8401 8841//8401 8842//8401 8794//8401
vn 0.2035 0.8794 0.4303
usemtl leaf_1
f 8794//8402 8842//8402 8843//8402 8795//8402
vn 0.2355 0.9184 0.3180
f 8795//8403 8843//8403 8844//8403 8796//8403
vn 0.1916 0.9219 0.3367
usemtl leaf_2
f 8796//8404 8844//8404 8845//8404 8797//8404
vn -0.0735 0.7966 0.6000
f 8797//8405 8845//8405 8846//8405 8798//8405
vn -0.1377 0.5019 0.8539
usemtl leaf_1
f 8798//8406 8846//8406 8847//8406 8799//8406
vn 0.2164 0.6673 0.7127
usemtl leaf_2
f 8799//8407 8847//8407 8848//8407 8800//8407
vn -0.1127 0.7129 0.6922
f 8800//8408 8848//8408 8849//8408 8801//8408
vn -0.0469 0.4381 0.8977
f 8801//8409 8849//8409 8850//8409 8802//8409
vn -0.6132 0.5277 0.5878
f 8802//8410 8850//8410 8851//8410 8803//8410
vn -0.2173 0.7306 0.6473
usemtl leaf_1
f 8803//8411 8851//8411 8852//8411 8804//8411
vn -0.4582 0.7472 0.4815
usemtl leaf_2
f 8804//8412 8852//8412 8853//8412 8805//8412
vn -0.5140 0.7687 0.3805
usemtl leaf_3
f 8805//8413 8853//8413 8854//8413 8806//8413
vn -0.4774 0.8012 0.3609
usemtl leaf_1
f 8806//8414 8854//8414 8855//8414 8807//8414
vn -0.4735 0.8779 0.0712
f 8807//8415 8855//8415 8856//8415 8808//8415
vn -0.3512 0.9057 0.2373
usemtl leaf_2
f 8808//8416 8856//8416 8857//8416 8809//8416
vn -0.4588 0.8884 0.0135
usemtl leaf_1
f 8809//8417 8857//8417 8858//8417 8810//8417
vn -0.5213 0.8532 -0.0146
f 8810//8418 8858//8418 8811//8418 8763//8418
vn -0.5227 0.8482 -0.0855
usemtl leaf_0
f 8811//8419 8859//8419 8860//8419 8812//8419
vn -0.7979 0.5822 -0.1562
usemtl leaf_1
f 8812//8420 8860//8420 8861//8420 8813//8420
vn -0.8190 0.5737 -0.0133
f 8813//8421 8861//8421 8862//8421 8814//8421
vn -0.7848 0.6063 -0.1282
f 8814//8422 8862//8422 8863//8422 8815//8422
vn -0.3619 0.8933 -0.2665
usemtl leaf_2
f 8815//8423 8863//8423 8864//8423 8816//8423
vn -0.2966 0.9314 -0.2112
usemtl leaf_1
f 8816//8424 8864//8424 8865//8424 8817//8424
vn -0.3117 0.5950 -0.7408
f 8817//8425 8865//8425 8866//8425 8818//8425
vn -0.5039 0.6499 -0.5690
f 8818//8426 8866//8426 8867//8426 8819//8426
vn -0.4439 0.7187 -0.5352
usemtl leaf_2
f 8819//8427 8867//8427 8868//8427 8820//8427
vn -0.3264 0.6245 -0.7096
f 8820//8428 8868//8428 8869//8428 8821//8428
vn -0.2853 0.6236 -0.7279
f 8821//8429 8869//8429 8870//8429 8822//8429
vn 0.0977 0.7559 -0.6474
usemtl leaf_3
f 8822//8430 8870//8430 8871//8430 8823//8430
vn 0.1905 0.7778 -0.5989
usemtl leaf_2
f 8823//8431 8871//8431 8872//8431 8824//8431
vn 0.3318 0.8034 -0.4944
f 8824//8432 8872//8432 8873//8432 8825//8432
vn 0.3381 0.8071 -0.4840
f 8825//8433 8873//8433 8874//8433 8826//8433
vn 0.3156 0.5686 -0.7596
usemtl leaf_0
f 8826//8434 8874//8434 8875//8434 8827//8434
vn 0.2091 0.7986 -0.5643
usemtl leaf_1
f 8827//8435 8875//8435 8876//8435 8828//8435
vn 0.2570 0.8361 -0.4847
f 8828//8436 8876//8436 8877//8436 8829//8436
vn 0.5601 0.5358 -0.6318
f 8829//8437 8877//8437 8878//8437 8830//8437
vn 0.6068 0.6747 -0.4202
usemtl leaf_3
f 8830//8438 8878//8438 8879//8438 8831//8438
vn 0.3145 0.8745 -0.3693
usemtl leaf_2
f 8831//8439 8879//8439 8880//8439 8832//8439
vn 0.4927 0.8266 -0.2722
usemtl leaf_3
f 8832//8440 8880//8440 8881//8440 8833//8440
vn 0.6754 0.7354 0.0553
f 8833//8441 8881//8441 8882//8441 8834//8441
vn 0.6463 0.6913 0.3233
f 8834//8442 8882//8442 8883//8442 8835//8442
vn 0.7321 0.5773 0.3615
usemtl leaf_1
f 8835//8443 8883//8443 8884//8443 8836//8443
vn 0.5383 0.8380 -0.0890
usemtl leaf_0
f 8836//8444 8884//8444 8885//8444 8837//8444
vn 0.5897 0.8039 -0.0773
usemtl leaf_1
f 8837//8445 8885//8445 8886//8445 8838//8445
vn 0.6419 0.7472 0.1720
usemtl leaf_2
f 8838//8446 8886//8446 8887//8446 8839//8446
vn 0.5224 0.8110 0.2634
f 8839//8447 8887//8447 8888//8447 8840//8447
vn 0.3011 0.7081 0.6387
usemtl leaf_1
f 8840//8448 8888//8448 8889//8448 8841//8448
vn 0.3803 0.7910 0.4792
usemtl leaf_2
f 8841//8449 8889//8449 8890//8449 8842//8449
vn 0.1848 0.7684 0.6127
usemtl leaf_1
f 8842//8450 8890//8450 8891//8450 8843//8450
vn 0.5220 0.6512 0.5509
f 8843//8451 8891//8451 8892//8451 8844//8451
vn 0.2789 0.6108 0.7410
f 8844//8452 8892//8452 8893//8452 8845//8452
vn 0.1505 0.7140 0.6838
usemtl leaf_3
f 8845//8453 8893//8453 8894//8453 8846//8453
vn -0.0846 0.6889 0.7199
usemtl leaf_1
f 8846//8454 8894//8454 8895//8454 8847//8454
vn 0.0393 0.6924 0.7204
usemtl leaf_2
f 8847//8455 8895//8455 8896//8455 8848//8455
vn 0.0004 0.7551 0.6557
f 8848//8456 8896//8456 8897//8456 8849//8456
vn 0.0175 0.8177 0.5753
f 8849//8457 8897//8457 8898//8457 8850//8457
vn -0.5038 0.8096 0.3013
usemtl leaf_3
f 8850//8458 8898//8458 8899//8458 8851//8458
vn -0.2197 0.8910 0.3973
usemtl leaf_1
f 8851//8459 8899//8459 8900//8459 8852//8459
vn -0.2295 0.9003 0.3698
usemtl leaf_2
f 8852//8460 8900//8460 8901//8460 8853//8460
vn -0.4399 0.8669 0.2343
usemtl leaf_1
f 8853//8461 8901//8461 8902//8461 8854//8461
vn -0.3697 0.8718 0.3214
usemtl leaf_2
f 8854//8462 8902//8462 8903//8462 8855//8462
vn -0.7054 0.6818 0.1939
f 8855//8463 8903//8463 8904//8463 8856//8463
vn -0.6742 0.6896 0.2644
usemtl leaf_1
f 8856//8464 8904//8464 8905//8464 8857//8464
vn -0.5674 0.8226 0.0384
f 8857//8465 8905//8465 8906//8465 8858//8465
vn -0.4720 0.8794 -0.0614
f 8858//8466 8906//8466 8859//8466 8811//8466
vn -0.7035 0.6702 0.2364
usemtl leaf_0
f 8859//8467 8907//8467 8908//8467 8860//8467
vn -0.7652 0.6327 -0.1191
f 8860//8468 8908//8468 8909//8468 8861//8468
vn -0.6852 0.7211 -0.1026
f 8861//8469 8909//8469 8910//8469 8862//8469
vn -0.2631 0.9432 -0.2027
f 8862//8470 8910//8470 8911//8470 8863//8470
vn -0.1271 0.9600 -0.2494
f 8863//8471 8911//8471 8912//8471 8864//8471
vn -0.4293 0.9009 -0.0636
f 8864//8472 8912//8472 8913//8472 8865//8472
vn -0.4049 0.8668 -0.2909
f 8865//8473 8913//8473 8914//8473 8866//8473
vn -0.3462 0.6924 -0.6330
f 8866//8474 8914//8474 8915//8474 8867//8474
vn -0.3215 0.8256 -0.4636
f 8867//8475 8915//8475 8916//8475 8868//8475
vn -0.0828 0.9456 -0.3147
f 8868//8476 8916//8476 8917//8476 8869//8476
vn -0.2296 0.9352 -0.2697
f 8869//8477 8917//8477 8918//8477 8870//8477
vn 0.2411 0.9085 -0.3412
f 8870//8478 8918//8478 8919//8478 8871//8478
vn 0.0904 0.9599 -0.2653
f 8871//8479 8919//8479 8920//8479 8872//8479
vn 0.2810 0.9163 -0.2855
f 8872//8480 8920//8480 8921//8480 8873//8480
vn 0.0648 0.8020 -0.5937
f 8873//8481 8921//8481 8922//8481 8874//8481
vn 0.2441 0.7721 -0.5867
f 8874//8482 8922//8482 8923//8482 8875//8482
vn 0.3804 0.6780 -0.6290
f 8875//8483 8923//8483 8924//8483 8876//8483
vn 0.2832 0.5915 -0.7549
f 8876//8484 8924//8484 8925//8484 8877//8484
vn 0.3861 0.8191 -0.4243
f 8877//8485 8925//8485 8926//8485 8878//8485
vn 0.5303 0.7610 -0.3737
usemtl leaf_1
f 8878//8486 8926//8486 8927//8486 8879//8486
vn 0.6563 0.6443 -0.3926
usemtl leaf_0
f 8879//8487 8927//8487 8928//8487 8880//8487
vn 0.3729 0.9177 -0.1372
f 8880//8488 8928//8488 8929//8488 8881//8488
vn 0.2688 0.9587 0.0926
f 8881//8489 8929//8489 8930//8489 8882//8489
vn 0.3771 0.9139 0.1501
f 8882//8490 8930//8490 8931//8490 8883//8490
vn 0.5914 0.7920 0.1512
f 8883//8491 8931//8491 8932//8491 8884//8491
vn 0.5720 0.7469 0.3389
f 8884//8492 8932//8492 8933//8492 8885//8492
vn 0.4484 0.8602 -0.2430
f 8885//8493 8933//8493 8934//8493 8886//8493
vn 0.2733 0.9503 0.1491
f 8886//8494 8934//8494 8935//8494 8887//8494
vn 0.4113 0.9105 0.0413
f 8887//8495 8935//8495 8936//8495 8888//8495
vn 0.4464 0.7632 0.4672
usemtl leaf_1
f 8888//8496 8936//8496 8937//8496 8889//8496
vn 0.4136 0.5589 0.7187
usemtl leaf_0
f 8889//8497 8937//8497 8938//8497 8890//8497
vn 0.1121 0.7410 0.6621
f 8890//8498 8938//8498 8939//8498 8891//8498
vn 0.1637 0.9503 0.2649
f 8891//8499 8939//8499 8940//8499 8892//8499
vn 0.0706 0.9853 0.1555
f 8892//8500 8940//8500 8941//8500 8893//8500
vn 0.2459 0.9183 0.3102
f 8893//8501 8941//8501 8942//8501 8894//8501
vn -0.0466 0.8270 0.5603
f 8894//8502 8942//8502 8943//8502 8895//8502
vn 0.2410 0.5983 0.7642
f 8895//8503 8943//8503 8944//8503 8896//8503
vn -0.2608 0.5887 0.7651
f 8896//8504 8944//8504 8945//8504 8897//8504
vn -0.1905 0.9098 0.3688
f 8897//8505 8945//8505 8946//8505 8898//8505
vn -0.2823 0.9141 0.2910
f 8898//8506 8946//8506 8947//8506 8899//8506
vn -0.3618 0.8044 0.4712
f 8899//8507 8947//8507 8948//8507 8900//8507
vn -0.2823 0.8176 0.5018
f 8900//8508 8948//8508 8949//8508 8901//8508
vn -0.4840 0.8337 0.2659
f 8901//8509 8949//8509 8950//8509 8902//8509
vn -0.4161 0.8474 0.3298
f 8902//8510 8950//8510 8951//8510 8903//8510
vn -0.3095 0.9508 0.0109
f 8903//8511 8951//8511 8952//8511 8904//8511
vn -0.2616 0.9524 0.1565
f 8904//8512 8952//8512 8953//8512 8905//8512
vn -0.4675 0.8838 0.0203
f 8905//8513 8953//8513 8954//8513 8906//8513
vn -0.5177 0.8469 -0.1212
f 8906//8514 8954//8514 8907//8514 8859//8514
vn -0.6812 0.7200 0.1322
f 8907//8515 8955//8515 8956//8515 8908//8515
vn -0.5555 0.8308 -0.0344
f 8908//8516 8956//8516 8957//8516 8909//8516
vn -0.5658 0.8079 -0.1649
f 8909//8517 8957//8517 8958//8517 8910//8517
vn -0.1198 0.7793 -0.6151
f 8910//8518 8958//8518 8959//8518 8911//8518
vn -0.3374 0.9318 -0.1335
f 8911//8519 8959//8519 8960//8519 8912//8519
vn -0.4900 0.8696 -0.0611
f 8912//8520 8960//8520 8961//8520 8913//8520
vn -0.5790 0.8051 -0.1285
f 8913//8521 8961//8521 8962//8521 8914//8521
vn -0.3684 0.8047 -0.4656
f 8914//8522 8962//8522 8963//8522 8915//8522
vn -0.2281 0.7181 -0.6575
f 8915//8523 8963//8523 8964//8523 8916//8523
vn 0.1325 0.7928 -0.5949
f 8916//8524 8964//8524 8965//8524 8917//8524
vn -0.1366 0.9654 -0.2221
f 8917//8525 8965//8525 8966//8525 8918//8525
vn 0.2160 0.9576 -0.1908
f 8918//8526 8966//8526 8967//8526 8919//8526
vn 0.0798 0.9564 -0.2810
f 8919//8527 8967//8527 8968//8527 8920//8527
vn -0.0482 0.8067 -0.5891
f 8920//8528 8968//8528 8969//8528 8921//8528
vn 0.1802 0.8048 -0.5655
f 8921//8529 8969//8529 8970//8529 8922//8529
vn 0.1965 0.9229 -0.3312
f 8922//8530 8970//8530 8971//8530 8923//8530
vn 0.0295 0.8837 -0.4671
f 8923//8531 8971//8531 8972//8531 8924//8531
vn 0.2210 0.9498 -0.2215
f 8924//8532 8972//8532 8973//8532 8925//8532
vn 0.1639 0.9613 -0.2215
f 8925//8533 8973//8533 8974//8533 8926//8533
vn 0.1817 0.8891 -0.4202
f 8926//8534 8974//8534 8975//8534 8927//8534
vn 0.3810 0.9192 -0.0996
f 8927//8535 8975//8535 8976//8535 8928//8535
vn 0.4752 0.8796 0.0240
f 8928//8536 8976//8536 8977//8536 8929//8536
vn 0.5549 0.8318 0.0141
f 8929//8537 8977//8537 8978//8537 8930//8537
vn 0.6409 0.7670 -0.0312
f 8930//8538 8978//8538 8979//8538 8931//8538
vn 0.5444 0.8189 0.1818
f 8931//8539 8979//8539 8980//8539 8932//8539
vn 0.5651 0.7915 0.2329
f 8932//8540 8980//8540 8981//8540 8933//8540
vn 0.3383 0.9011 0.2714
f 8933//8541 8981//8541 8982//8541 8934//8541
vn 0.3508 0.9263 -0.1377
f 8934//8542 8982//8542 8983//8542 8935//8542
vn 0.4974 0.8650 0.0656
f 8935//8543 8983//8543 8984//8543 8936//8543
vn 0.3796 0.9161 0.1290
f 8936//8544 8984//8544 8985//8544 8937//8544
vn 0.2670 0.8809 0.3908
f 8937//8545 8985//8545 8986//8545 8938//8545
vn -0.1447 0.7494 0.6461
f 8938//8546 8986//8546 8987//8546 8939//8546
vn 0.2074 0.8168 0.5383
f 8939//8547 8987//8547 8988//8547 8940//8547
vn 0.2826 0.6837 0.6728
f 8940//8548 8988//8548 8989//8548 8941//8548
vn 0.4799 0.7381 0.4742
f 8941//8549 8989//8549 8990//8549 8942//8549
vn 0.1158 0.7510 0.6500
f 8942//8550 8990//8550 8991//8550 8943//8550
vn 0.2234 0.8032 0.5522
f 8943//8551 8991//8551 8992//8551 8944//8551
vn -0.3493 0.9105 0.2213
f 8944//8552 8992//8552 8993//8552 8945//8552
vn -0.1468 0.8568 0.4943
f 8945//8553 8993//8553 8994//8553 8946//8553
vn -0.3554 0.6861 0.6348
f 8946//8554 8994//8554 8995//8554 8947//8554
vn -0.3875 0.7961 0.4648
f 8947//8555 8995//8555 8996//8555 8948//8555
vn -0.3141 0.8246 0.4705
f 8948//8556 8996//8556 8997//8556 8949//8556
vn -0.4764 0.8697 0.1293
f 8949//8557 8997//8557 8998//8557 8950//8557
vn -0.2790 0.9568 0.0815
f 8950//8558 8998//8558 8999//8558 8951//8558
vn -0.4631 0.8759 0.1353
f 8951//8559 8999//8559 9000//8559 8952//8559
vn -0.5261 0.7370 0.4243
f 8952//8560 9000//8560 9001//8560 8953//8560
vn -0.5880 0.8075 0.0466
f 8953//8561 9001//8561 9002//8561 8954//8561
vn -0.7523 0.6450 0.1342
f 8954//8562 9002//8562 8955//8562 8907//8562
vn -0.1714 0.9835 0.0580
f 8955//8563 9003//8563 9004//8563 8956//8563
vn -0.2634 0.9614 0.0788
f 8956//8564 9004//8564 9005//8564 8957//8564
vn -0.1270 0.9806 -0.1491
f 8957//8565 9005//8565 9006//8565 8958//8565
vn -0.1317 0.8735 -0.4687
f 8958//8566 9006//8566 9007//8566 8959//8566
vn -0.5182 0.8095 -0.2760
f 8959//8567 9007//8567 9008//8567 8960//8567
vn -0.5643 0.8237 -0.0550
f 8960//8568 9008//8568 9009//8568 8961//8568
vn -0.3749 0.9246 -0.0667
f 8961//8569 9009//8569 9010//8569 8962//8569
vn -0.1254 0.9879 -0.0914
f 8962//8570 9010//8570 9011//8570 8963//8570
vn -0.0359 0.9932 -0.1107
f 8963//8571 9011//8571 9012//8571 8964//8571
vn 0.2656 0.9145 -0.3053
f 8964//8572 9012//8572 9013//8572 8965//8572
vn -0.1545 0.9057 -0.3948
f 8965//8573 9013//8573 9014//8573 8966//8573
vn 0.3594 0.8418 -0.4027
f 8966//8574 9014//8574 9015//8574 8967//8574
vn -0.1705 0.8910 -0.4207
f 8967//8575 9015//8575 9016//8575 8968//8575
vn -0.2147 0.8583 -0.4662
f 8968//8576 9016//8576 9017//8576 8969//8576
vn 0.3484 0.9184 -0.1873
f 8969//8577 9017//8577 9018//8577 8970//8577
vn 0.1691 0.9666 -0.1924
f 8970//8578 9018//8578 9019//8578 8971//8578
vn -0.1348 0.9112 -0.3894
f 8971//8579 9019//8579 9020//8579 8972//8579
vn 0.3147 0.9029 -0.2929
f 8972//8580 9020//8580 9021//8580 8973//8580
vn 0.2989 0.8459 -0.4417
f 8973//8581 9021//8581 9022//8581 8974//8581
vn 0.1492 0.9463 -0.2868
f 8974//8582 9022//8582 9023//8582 8975//8582
vn 0.2128 0.9770 -0.0124
f 8975//8583 9023//8583 9024//8583 8976//8583
vn 0.2473 0.9668 -0.0639
f 8976//8584 9024//8584 9025//8584 8977//8584
vn 0.3313 0.9432 0.0225
f 8977//8585 9025//8585 9026//8585 8978//8585
vn 0.3053 0.9496 -0.0705
f 8978//8586 9026//8586 9027//8586 8979//8586
vn 0.3991 0.8963 0.1934
f 8979//8587 9027//8587 9028//8587 8980//8587
vn 0.3663 0.9173 0.1563
f 8980//8588 9028//8588 9029//8588 8981//8588
vn 0.1917 0.8396 0.5083
f 8981//8589 9029//8589 9030//8589 8982//8589
vn 0.3270 0.9396 -0.1014
f 8982//8590 9030//8590 9031//8590 8983//8590
vn 0.1999 0.9673 -0.1560
f 8983//8591 9031//8591 9032//8591 8984//8591
vn 0.2162 0.9763 0.0082
f 8984//8592 9032//8592 9033//8592 8985//8592
vn 0.1698 0.9822 0.0804
f 8985//8593 9033//8593 9034//8593 8986//8593
vn -0.2241 0.8702 0.4388
f 8986//8594 9034//8594 9035//8594 8987//8594
vn 0.0851 0.9635 0.2538
f 8987//8595 9035//8595 9036//8595 8988//8595
vn 0.1559 0.9755 0.1554
f 8988//8596 9036//8596 9037//8596 8989//8596
vn 0.3392 0.9173 0.2087
f 8989//8597 9037//8597 9038//8597 8990//8597
vn 0.1308 0.9680 0.2140
f 8990//8598 9038//8598 9039//8598 8991//8598
vn -0.0574 0.9911 0.1203
f 8991//8599 9039//8599 9040//8599 8992//8599
vn -0.2044 0.9561 0.2101
f 8992//8600 9040//8600 9041//8600 8993//8600
vn 0.0732 0.9354 0.3459
f 8993//8601 9041//8601 9042//8601 8994//8601
vn -0.1508 0.9720 0.1804
f 8994//8602 9042//8602 9043//8602 8995//8602
vn -0.2288 0.9486 0.2187
f 8995//8603 9043//8603 9044//8603 8996//8603
vn -0.1993 0.9676 0.1550
f 8996//8604 9044//8604 9045//8604 8997//8604
vn -0.3250 0.9345 0.1452
f 8997//8605 9045//8605 9046//8605 8998//8605
vn -0.5392 0.8401 -0.0592
f 8998//8606 9046//8606 9047//8606 8999//8606
vn -0.1488 0.9779 0.1466
f 8999//8607 9047//8607 9048//8607 9000//8607
vn -0.1181 0.9293 0.3499
f 9000//8608 9048//8608 9049//8608 9001//8608
vn -0.3433 0.9384 -0.0383
f 9001//8609 9049//8609 9050//8609 9002//8609
vn -0.1619 0.9842 0.0709
f 9002//8610 9050//8610 9003//8610 8955//8610
vn -0.1439 0.9815 0.1264
f 9003//8611 9051//8611 9052//8611 9004//8611
vn -0.0351 0.9988 0.0349
f 9004//8612 9052//8612 9053//8612 9005//8612
vn -0.0152 0.9935 -0.1124
f 9005//8613 9053//8613 9054//8613 9006//8613
vn -0.1024 0.9937 -0.0465
f 9006//8614 9054//8614 9055//8614 9007//8614
vn -0.1035 0.9915 -0.0787
f 9007//8615 9055//8615 9056//8615 9008//8615
vn -0.1313 0.9902 0.0469
f 9008//8616 9056//8616 9057//8616 9009//8616
vn 0.0000 1.0000 0.0000
f 9009//8617 9057//8617 9058//8617 9010//8617
vn 0.0000 1.0000 0.0000
f 9010//8618 9058//8618 9059//8618 9011//8618
vn 0.0000 1.0000 0.0000
f 9011//8619 9059//8619 9060//8619 9012//8619
vn 0.0797 0.9928 -0.0891
f 9012//8620 9060//8620 9061//8620 9013//8620
vn -0.0827 0.9960 -0.0346
f 9013//8621 9061//8621 9062//8621 9014//8621
vn 0.2643 0.9539 -0.1419
f 9014//8622 9062//8622 9063//8622 9015//8622
vn -0.1780 0.9652 -0.1918
f 9015//8623 9063//8623 9064//8623 9016//8623
vn -0.0780 0.9950 -0.0631
f 9016//8624 9064//8624 9065//8624 9017//8624
vn 0.1923 0.9802 -0.0465
f 9017//8625 9065//8625 9066//8625 9018//8625
vn 0.1643 0.9588 -0.2319
f 9018//8626 9066//8626 9067//8626 9019//8626
vn -0.0931 0.9625 -0.2550
f 9019//8627 9067//8627 9068//8627 9020//8627
vn -0.0063 0.9998 -0.0186
f 9020//8628 9068//8628 9069//8628 9021//8628
vn 0.0000 1.0000 0.0000
f 9021//8629 9069//8629 9070//8629 9022//8629
vn 0.0000 1.0000 0.0000
f 9022//8630 9070//8630 9071//8630 9023//8630
vn 0.0000 1.0000 -0.0000
f 9023//8631 9071//8631 9072//8631 9024//8631
vn 0.0000 1.0000 -0.0000
f 9024//8632 9072//8632 9073//8632 9025//8632
vn 0.0000 1.0000 0.0000
f 9025//8633 9073//8633 9074//8633 9026//8633
vn 0.0000 1.0000 0.0000
f 9026//8634 9074//8634 9075//8634 9027//8634
vn 0.0000 1.0000 -0.0000
f 9027//8635 9075//8635 9076//8635 9028//8635
vn 0.0435 0.9865 0.1576
f 9028//8636 9076//8636 9077//8636 9029//8636
vn 0.1580 0.9676 0.1971
f 9029//8637 9077//8637 9078//8637 9030//8637
vn 0.3185 0.9282 0.1923
f 9030//8638 9078//8638 9079//8638 9031//8638
vn 0.3463 0.9379 -0.0200
f 9031//8639 9079//8639 9080//8639 9032//8639
vn 0.1179 0.9921 -0.0434
f 9032//8640 9080//8640 9081//8640 9033//8640
vn 0.0000 1.0000 0.0000
f 9033//8641 9081//8641 9082//8641 9034//8641
vn -0.0765 0.9882 0.1325
f 9034//8642 9082//8642 9083//8642 9035//8642
vn -0.0063 0.9653 0.2610
f 9035//8643 9083//8643 9084//8643 9036//8643
vn 0.2482 0.9443 0.2163
f 9036//8644 9084//8644 9085//8644 9037//8644
vn 0.1585 0.9855 0.0602
f 9037//8645 9085//8645 9086//8645 9038//8645
vn 0.0000 1.0000 0.0000
f 9038//8646 9086//8646 9087//8646 9039//8646
vn -0.0242 0.9996 0.0124
f 9039//8647 9087//8647 9088//8647 9040//8647
vn 0.0186 0.9996 0.0190
f 9040//8648 9088//8648 9089//8648 9041//8648
vn 0.0000 1.0000 0.0000
f 9041//8649 9089//8649 9090//8649 9042//8649
vn 0.0000 1.0000 0.0000
f 9042//8650 9090//8650 9091//8650 9043//8650
vn 0.0000 1.0000 0.0000
f 9043//8651 9091//8651 9092//8651 9044//8651
vn -0.1073 0.9939 -0.0242
f 9044//8652 9092//8652 9093//8652 9045//8652
vn 0.0192 0.9954 0.0944
f 9045//8653 9093//8653 9094//8653 9046//8653
vn -0.2591 0.9560 -0.1376
f 9046//8654 9094//8654 9095//8654 9047//8654
vn -0.3519 0.9332 0.0726
f 9047//8655 9095//8655 9096//8655 9048//8655
vn -0.0718 0.9193 0.3870
f 9048//8656 9096//8656 9097//8656 9049//8656
vn -0.1050 0.9897 -0.0970
f 9049//8657 9097//8657 9098//8657 9050//8657
vn -0.1776 0.9837 -0.0286
f 9050//8658 9098//8658 9051//8658 9003//8658
vn 0.0000 1.0000 0.0000
f 9051//8659 9099//8659 9100//8659 9052//8659
vn 0.0000 1.0000 -0.0000
f 9052//8660 9100//8660 9101//8660 9053//8660
vn 0.0000 1.0000 0.0000
f 9053//8661 9101//8661 9102//8661 9054//8661
vn 0.0000 1.0000 0.0000
f 9054//8662 9102//8662 9103//8662 9055//8662
vn 0.0000 1.0000 0.0000
f 9055//8663 9103//8663 9104//8663 9056//8663
vn 0.0000 1.0000 0.0000
f 9056//8664 9104//8664 9105//8664 9057//8664
vn 0.0000 1.0000 0.0000
f 9057//8665 9105//8665 9106//8665 9058//8665
vn 0.0000 1.0000 0.0000
f 9058//8666 9106//8666 9107//8666 9059//8666
vn 0.0000 1.0000 0.0000
f 9059//8667 9107//8667 9108//8667 9060//8667
vn 0.0000 1.0000 -0.0000
f 9060//8668 9108//8668 9109//8668 9061//8668
vn 0.0000 1.0000 -0.0000
f 9061//8669 9109//8669 9110//8669 9062//8669
vn 0.0096 0.9999 -0.0054
f 9062//8670 9110//8670 9111//8670 9063//8670
vn -0.0096 0.9999 -0.0055
f 9063//8671 9111//8671 9112//8671 9064//8671
vn 0.0000 1.0000 0.0000
f 9064//8672 9112//8672 9113//8672 9065//8672
vn 0.0000 1.0000 0.0000
f 9065//8673 9113//8673 9114//8673 9066//8673
vn 0.0000 1.0000 0.0000
f 9066//8674 9114//8674 9115//8674 9067//8674
vn 0.0000 1.0000 0.0000
f 9067//8675 9115//8675 9116//8675 9068//8675
vn 0.0000 1.0000 0.0000
f 9068//8676 9116//8676 9117//8676 9069//8676
vn 0.0000 1.0000 0.0000
f 9069//8677 9117//8677 9118//8677 9070//8677
vn 0.0000 1.0000 -0.0000
f 9070//8678 9118//8678 9119//8678 9071//8678
vn 0.0000 1.0000 0.0000
f 9071//8679 9119//8679 9120//8679 9072//8679
vn 0.0000 1.0000 0.0000
f 9072//8680 9120//8680 9121//8680 9073//8680
vn 0.0000 1.0000 0.0000
f 9073//8681 9121//8681 9122//8681 9074//8681
vn 0.0000 1.0000 -0.0000
f 9074//8682 9122//8682 9123//8682 9075//8682
vn 0.0000 1.0000 -0.0000
f 9075//8683 9123//8683 9124//8683 9076//8683
vn 0.0000 1.0000 0.0000
f 9076//8684 9124//8684 9125//8684 9077//8684
vn 0.0000 1.0000 -0.0000
f 9077//8685 9125//8685 9126//8685 9078//8685
vn 0.0000 1.0000 0.0000
f 9078//8686 9126//8686 9127//8686 9079//8686
vn 0.0000 1.0000 -0.0000
f 9079//8687 9127//8687 9128//8687 9080//8687
vn 0.0000 1.0000 0.0000
f 9080//8688 9128//8688 9129//8688 9081//8688
vn 0.0000 1.0000 0.0000
f 9081//8689 9129//8689 9130//8689 9082//8689
vn 0.0000 1.0000 0.0000
f 9082//8690 9130//8690 9131//8690 9083//8690
vn 0.0000 1.0000 0.0000
f 9083//8691 9131//8691 9132//8691 9084//8691
vn 0.0000 1.0000 0.0000
f 9084//8692 9132//8692 9133//8692 9085//8692
vn 0.0000 1.0000 0.0000
f 9085//8693 9133//8693 9134//8693 9086//8693
vn 0.0000 1.0000 0.0000
f 9086//8694 9134//8694 9135//8694 9087//8694
vn 0.0000 1.0000 0.0000
f 9087//8695 9135//8695 9136//8695 9088//8695
vn 0.0000 1.0000 -0.0000
f 9088//8696 9136//8696 9137//8696 9089//8696
vn 0.0000 1.0000 0.0000
f 9089//8697 9137//8697 9138//8697 9090//8697
vn 0.0000 1.0000 -0.0000
f 9090//8698 9138//8698 9139//8698 9091//8698
vn 0.0000 1.0000 0.0000
f 9091//8699 9139//8699 9140//8699 9092//8699
vn 0.0000 1.0000 0.0000
f 9092//8700 9140//8700 9141//8700 9093//8700
vn 0.0000 1.0000 0.0000
f 9093//8701 9141//8701 9142//8701 9094//8701
vn 0.0000 1.0000 -0.0000
f 9094//8702 9142//8702 9143//8702 9095//8702
vn 0.0000 1.0000 0.0000
f 9095//8703 9143//8703 9144//8703 9096//8703
vn 0.0000 1.0000 0.0000
f 9096//8704 9144//8704 9145//8704 9097//8704
vn 0.0000 1.0000 0.0000
f 9097//8705 9145//8705 9146//8705 9098//8705
vn 0.0000 1.0000 -0.0000
f 9098//8706 9146//8706 9099//8706 9051//8706
vn 0.0000 1.0000 -0.0000
f 9099//8707 9147//8707 9148//8707 9100//8707
vn 0.0000 1.0000 0.0000
f 9100//8708 9148//8708 9149//8708 9101//8708
vn 0.0000 1.0000 -0.0000
f 9101//8709 9149//8709 9150//8709 9102//8709
vn 0.0000 1.0000 0.0000
f 9102//8710 9150//8710 9151//8710 9103//8710
vn 0.0000 1.0000 0.0000
f 9103//8711 9151//8711 9152//8711 9104//8711
vn 0.0000 1.0000 0.0000
f 9104//8712 9152//8712 9153//8712 9105//8712
vn 0.0000 1.0000 0.0000
f 9105//8713 9153//8713 9154//8713 9106//8713
vn 0.0000 1.0000 0.0000
f 9106//8714 9154//8714 9155//8714 9107//8714
vn 0.0000 1.0000 0.0000
f 9107//8715 9155//8715 9156//8715 9108//8715
vn 0.0000 1.0000 0.0000
f 9108//8716 9156//8716 9157//8716 9109//8716
vn 0.0000 1.0000 0.0000
f 9109//8717 9157//8717 9158//8717 9110//8717
vn 0.0000 1.0000 0.0000
f 9110//8718 9158//8718 9159//8718 9111//8718
vn 0.0000 1.0000 0.0000
f 9111//8719 9159//8719 9160//8719 9112//8719
vn 0.0000 1.0000 0.0000
f 9112//8720 9160//8720 9161//8720 9113//8720
vn 0.0000 1.0000 0.0000
f 9113//8721 9161//8721 9162//8721 9114//8721
vn 0.0000 1.0000 -0.0000
f 9114//8722 9162//8722 9163//8722 9115//8722
vn 0.0000 1.0000 0.0000
f 9115//8723 9163//8723 9164//8723 9116//8723
vn 0.0000 1.0000 0.0000
f 9116//8724 9164//8724 9165//8724 9117//8724
vn 0.0000 1.0000 -0.0000
f 9117//8725 9165//8725 9166//8725 9118//8725
vn 0.0000 1.0000 -0.0000
f 9118//8726 9166//8726 9167//8726 9119//8726
vn 0.0000 1.0000 0.0000
f 9119//8727 9167//8727 9168//8727 9120//8727
vn 0.0000 1.0000 0.0000
f 9120//8728 9168//8728 9169//8728 9121//8728
vn 0.0000 1.0000 -0.0000
f 9121//8729 9169//8729 9170//8729 9122//8729
vn 0.0000 1.0000 -0.0000
f 9122//8730 9170//8730 9171//8730 9123//8730
vn 0.0000 1.0000 -0.0000
f 9123//8731 9171//8731 9172//8731 9124//8731
vn 0.0000 1.0000 -0.0000
f 9124//8732 9172//8732 9173//8732 9125//8732
vn 0.0000 1.0000 -0.0000
f 9125//8733 9173//8733 9174//8733 9126//8733
vn 0.0000 1.0000 0.0000
f 9126//8734 9174//8734 9175//8734 9127//8734
vn 0.0000 1.0000 -0.0000
f 9127//8735 9175//8735 9176//8735 9128//8735
vn 0.0000 1.0000 0.0000
f 9128//8736 9176//8736 9177//8736 9129//8736
vn 0.0000 1.0000 -0.0000
f 9129//8737 9177//8737 9178//8737 9130//8737
vn 0.0000 1.0000 0.0000
f 9130//8738 9178//8738 9179//8738 9131//8738
vn 0.0000 1.0000 0.0000
f 9131//8739 9179//8739 9180//8739 9132//8739
vn 0.0000 1.0000 -0.0000
f 9132//8740 9180//8740 9181//8740 9133//8740
vn 0.0000 1.0000 0.0000
f 9133//8741 9181//8741 9182//8741 9134//8741
vn 0.0000 1.0000 0.0000
f 9134//8742 9182//8742 9183//8742 9135//8742
vn 0.0000 1.0000 0.0000
f 9135//8743 9183//8743 9184//8743 9136//8743
vn 0.0000 1.0000 0.0000
f 9136//8744 9184//8744 9185//8744 9137//8744
vn 0.0000 1.0000 0.0000
f 9137//8745 9185//8745 9186//8745 9138//8745
vn 0.0000 1.0000 -0.0000
f 9138//8746 9186//8746 9187//8746 9139//8746
vn 0.0000 1.0000 0.0000
f 9139//8747 9187//8747 9188//8747 9140//8747
vn 0.0000 1.0000 0.0000
f 9140//8748 9188//8748 9189//8748 9141//8748
vn 0.0000 1.0000 -0.0000
f 9141//8749 9189//8749 9190//8749 9142//8749
vn 0.0000 1.0000 0.0000
f 9142//8750 9190//8750 9191//8750 9143//8750
vn 0.0000 1.0000 0.0000
f 9143//8751 9191//8751 9192//8751 9144//8751
vn 0.0000 1.0000 0.0000
f 9144//8752 9192//8752 9193//8752 9145//8752
vn 0.0000 1.0000 -0.0000
f 9145//8753 9193//8753 9194//8753 9146//8753
vn 0.0000 1.0000 0.0000
f 9146//8754 9194//8754 9147//8754 9099//8754
vn 0.0000 1.0000 0.0000
f 9147//8755 9195//8755 9196//8755 9148//8755
vn 0.0000 1.0000 -0.0000
f 9148//8756 9196//8756 9197//8756 9149//8756
vn 0.0000 1.0000 0.0000
f 9149//8757 9197//8757 9198//8757 9150//8757
vn 0.0000 1.0000 -0.0000
f 9150//8758 9198//8758 9199//8758 9151//8758
vn 0.0000 1.0000 -0.0000
f 9151//8759 9199//8759 9200//8759 9152//8759
vn 0.0000 1.0000 0.0000
f 9152//8760 9200//8760 9201//8760 9153//8760
vn 0.0000 1.0000 0.0000
f 9153//8761 9201//8761 9202//8761 9154//8761
vn 0.0000 1.0000 0.0000
f 9154//8762 9202//8762 9203//8762 9155//8762
vn 0.0000 1.0000 0.0000
f 9155//8763 9203//8763 9204//8763 9156//8763
vn 0.0000 1.0000 0.0000
f 9156//8764 9204//8764 9205//8764 9157//8764
vn 0.0000 1.0000 0.0000
f 9157//8765 9205//8765 9206//8765 9158//8765
vn 0.0000 1.0000 -0.0000
f 9158//8766 9206//8766 9207//8766 9159//8766
vn 0.0000 1.0000 0.0000
f 9159//8767 9207//8767 9208//8767 9160//8767
vn 0.0000 1.0000 0.0000
f 9160//8768 9208//8768 9209//8768 9161//8768
vn 0.0000 1.0000 0.0000
f 9161//8769 9209//8769 9210//8769 9162//8769
vn 0.0000 1.0000 0.0000
f 9162//8770 9210//8770 9211//8770 9163//8770
vn 0.0000 1.0000 0.0000
f 9163//8771 9211//8771 9212//8771 9164//8771
vn 0.0000 1.0000 -0.0000
f 9164//8772 9212//8772 9213//8772 9165//8772
vn 0.0000 1.0000 0.0000
f 9165//8773 9213//8773 9214//8773 9166//8773
vn 0.0000 1.0000 -0.0000
f 9166//8774 9214//8774 9215//8774 9167//8774
vn 0.0000 1.0000 0.0000
f 9167//8775 9215//8775 9216//8775 9168//8775
vn 0.0000 1.0000 -0.0000
f 9168//8776 9216//8776 9217//8776 9169//8776
vn 0.0000 1.0000 -0.0000
f 9169//8777 9217//8777 9218//8777 9170//8777
vn 0.0000 1.0000 0.0000
f 9170//8778 9218//8778 9219//8778 9171//8778
vn 0.0000 1.0000 0.0000
f 9171//8779 9219//8779 9220//8779 9172//8779
vn 0.0000 1.0000 0.0000
f 9172//8780 9220//8780 9221//8780 9173//8780
vn 0.0000 1.0000 -0.0000
f 9173//8781 9221//8781 9222//8781 9174//8781
vn 0.0000 1.0000 0.0000
f 9174//8782 9222//8782 9223//8782 9175//8782
vn 0.0000 1.0000 -0.0000
f 9175//8783 9223//8783 9224//8783 9176//8783
vn 0.0000 1.0000 0.0000
f 9176//8784 9224//8784 9225//8784 9177//8784
vn 0.0000 1.0000 -0.0000
f 9177//8785 9225//8785 9226//8785 9178//8785
vn 0.0000 1.0000 0.0000
f 9178//8786 9226//8786 9227//8786 9179//8786
vn 0.0000 1.0000 -0.0000
f 9179//8787 9227//8787 9228//8787 9180//8787
vn 0.0000 1.0000 0.0000
f 9180//8788 9228//8788 9229//8788 9181//8788
vn 0.0000 1.0000 0.0000
f 9181//8789 9229//8789 9230//8789 9182//8789
vn 0.0000 1.0000 0.0000
f 9182//8790 9230//8790 9231//8790 9183//8790
vn 0.0000 1.0000 0.0000
f 9183//8791 9231//8791 9232//8791 9184//8791
vn 0.0000 1.0000 0.0000
f 9184//8792 9232//8792 9233//8792 9185//8792
vn 0.0000 1.0000 0.0000
f 9185//8793 9233//8793 9234//8793 9186//8793
vn 0.0000 1.0000 0.0000
f 9186//8794 9234//8794 9235//8794 9187//8794
vn 0.0000 1.0000 -0.0000
f 9187//8795 9235//8795 9236//8795 9188//8795
vn 0.0000 1.0000 -0.0000
f 9188//8796 9236//8796 9237//8796 9189//8796
vn 0.0000 1.0000 0.0000
f 9189//8797 9237//8797 9238//8797 9190//8797
vn 0.0000 1.0000 -0.0000
f 9190//8798 9238//8798 9239//8798 9191//8798
vn 0.0000 1.0000 0.0000
f 9191//8799 9239//8799 9240//8799 9192//8799
vn 0.0000 1.0000 -0.0000
f 9192//8800 9240//8800 9241//8800 9193//8800
vn 0.0000 1.0000 0.0000
f 9193//8801 9241//8801 9242//8801 9194//8801
vn 0.0000 1.0000 0.0000
f 9194//8802 9242//8802 9195//8802 9147//8802
vn 0.0000 1.0000 -0.0000
f 9195//8803 9243//8803 9244//8803 9196//8803
vn 0.0000 1.0000 0.0000
f 9196//8804 9244//8804 9245//8804 9197//8804
vn 0.0000 1.0000 0.0000
f 9197//8805 9245//8805 9246//8805 9198//8805
vn 0.0000 1.0000 -0.0000
f 9198//8806 9246//8806 9247//8806 9199//8806
vn 0.0000 1.0000 -0.0000
usemtl leaf_1
f 9199//8807 9247//8807 9248//8807 9200//8807
vn 0.0000 1.0000 0.0000
usemtl leaf_0
f 9200//8808 9248//8808 9249//8808 9201//8808
vn 0.0000 1.0000 -0.0000
f 9201//8809 9249//8809 9250//8809 9202//8809
vn 0.0000 1.0000 0.0000
f 9202//8810 9250//8810 9251//8810 9203//8810
vn 0.0000 1.0000 0.0000
f 9203//8811 9251//8811 9252//8811 9204//8811
vn 0.0000 1.0000 -0.0000
f 9204//8812 9252//8812 9253//8812 9205//8812
vn 0.0000 1.0000 0.0000
f 9205//8813 9253//8813 9254//8813 9206//8813
vn 0.0000 1.0000 0.0000
f 9206//8814 9254//8814 9255//8814 9207//8814
vn 0.0000 1.0000 0.0000
f 9207//8815 9255//8815 9256//8815 9208//8815
vn 0.0000 1.0000 0.0000
f 9208//8816 9256//8816 9257//8816 9209//8816
vn 0.0000 1.0000 0.0000
f 9209//8817 9257//8817 9258//8817 9210//8817
vn 0.0000 1.0000 -0.0000
f 9210//8818 9258//8818 9259//8818 9211//8818
vn 0.0000 1.0000 0.0000
f 9211//8819 9259//8819 9260//8819 9212//8819
vn 0.0000 1.0000 -0.0000
f 9212//8820 9260//8820 9261//8820 9213//8820
vn 0.0000 1.0000 -0.0000
f 9213//8821 9261//8821 9262//8821 9214//8821
vn 0.0000 1.0000 0.0000
f 9214//8822 9262//8822 9263//8822 9215//8822
vn 0.0000 1.0000 -0.0000
f 9215//8823 9263//8823 9264//8823 9216//8823
vn 0.0000 1.0000 0.0000
f 9216//8824 9264//8824 9265//8824 9217//8824
vn 0.0000 1.0000 -0.0000
f 9217//8825 9265//8825 9266//8825 9218//8825
vn 0.0000 1.0000 0.0000
f 9218//8826 9266//8826 9267//8826 9219//8826
vn 0.0000 1.0000 0.0000
f 9219//8827 9267//8827 9268//8827 9220//8827
vn 0.0000 1.0000 0.0000
f 9220//8828 9268//8828 9269//8828 9221//8828
vn 0.0000 1.0000 -0.0000
f 9221//8829 9269//8829 9270//8829 9222//8829
vn 0.0000 1.0000 -0.0000
f 9222//8830 9270//8830 9271//8830 9223//8830
vn 0.0000 1.0000 -0.0000
f 9223//8831 9271//8831 9272//8831 9224//8831
vn 0.0000 1.0000 -0.0000
f 9224//8832 9272//8832 9273//8832 9225//8832
vn 0.0000 1.0000 0.0000
f 9225//8833 9273//8833 9274//8833 9226//8833
vn 0.0000 1.0000 0.0000
f 9226//8834 9274//8834 9275//8834 9227//8834
vn 0.0000 1.0000 -0.0000
f 9227//8835 9275//8835 9276//8835 9228//8835
vn 0.0000 1.0000 0.0000
f 9228//8836 9276//8836 9277//8836 9229//8836
vn 0.0000 1.0000 0.0000
f 9229//8837 9277//8837 9278//8837 9230//8837
vn 0.0000 1.0000 0.0000
f 9230//8838 9278//8838 9279//8838 9231//8838
vn 0.0000 1.0000 0.0000
f 9231//8839 9279//8839 9280//8839 9232//8839
vn 0.0000 1.0000 0.0000
f 9232//8840 9280//8840 9281//8840 9233//8840
vn 0.0000 1.0000 0.0000
f 9233//8841 9281//8841 9282//8841 9234//8841
vn 0.0000 1.0000 -0.0000
f 9234//8842 9282//8842 9283//8842 9235//8842
vn 0.0000 1.0000 -0.0000
f 9235//8843 9283//8843 9284//8843 9236//8843
vn 0.0000 1.0000 0.0000
f 9236//8844 9284//8844 9285//8844 9237//8844
vn 0.0000 1.0000 -0.0000
f 9237//8845 9285//8845 9286//8845 9238//8845
vn 0.0000 1.0000 0.0000
f 9238//8846 9286//8846 9287//8846 9239//8846
vn 0.0000 1.0000 -0.0000
f 9239//8847 9287//8847 9288//8847 9240//8847
vn 0.0000 1.0000 -0.0000
f 9240//8848 9288//8848 9289//8848 9241//8848
vn 0.0000 1.0000 0.0000
f 9241//8849 9289//8849 9290//8849 9242//8849
vn 0.0000 1.0000 0.0000
f 9242//8850 9290//8850 9243//8850 9195//8850
vn 0.9239 0.0000 0.3827
usemtl trunk
f 9291//8851 9293//8851 9294//8851 9292//8851
vn 0.3827 0.0000 0.9239
f 9293//8852 9295//8852 9296//8852 9294//8852
vn -0.3827 0.0000 0.9239
f 9295//8853 9297//8853 9298//8853 9296//8853
vn -0.9239 0.0000 0.3827
f 9297//8854 9299//8854 9300//8854 9298//8854
vn -0.9239 0.0000 -0.3827
f 9299//8855 9301//8855 9302//8855 9300//8855
vn -0.3827 0.0000 -0.9239
f 9301//8856 9303//8856 9304//8856 9302//8856
vn 0.3827 0.0000 -0.9239
f 9303//8857 9305//8857 9306//8857 9304//8857
vn 0.9239 0.0000 -0.3827
f 9305//8858 9291//8858 9292//8858 9306//8858
vn 0.0000 1.0000 -0.0000
f 9307//8859 9293//8859 9291//8859
vn 0.0000 -1.0000 0.0000
f 9308//8860 9292//8860 9294//8860
vn 0.0000 1.0000 0.0000
f 9307//8861 9295//8861 9293//8861
vn 0.0000 -1.0000 0.0000
f 9308//8862 9294//8862 9296//8862
vn 0.0000 1.0000 0.0000
f 9307//8863 9297//8863 9295//8863
vn 0.0000 -1.0000 0.0000
f 9308//8864 9296//8864 9298//8864
vn 0.0000 1.0000 -0.0000
f 9307//8865 9299//8865 9297//8865
vn 0.0000 -1.0000 0.0000
f 9308//8866 9298//8866 9300//8866
vn 0.0000 1.0000 0.0000
f 9307//8867 9301//8867 9299//8867
vn 0.0000 -1.0000 0.0000
f 9308//8868 9300//8868 9302//8868
vn 0.0000 1.0000 0.0000
f 9307//8869 9303//8869 9301//8869
vn 0.0000 -1.0000 0.0000
f 9308//8870 9302//8870 9304//8870
vn 0.0000 1.0000 0.0000
f 9307//8871 9305//8871 9303//8871
vn 0.0000 -1.0000 0.0000
f 9308//8872 9304//8872 9306//8872
vn 0.0000 1.0000 0.0000
f 9307//8873 9291//8873 9305//8873
vn 0.0000 -1.0000 0.0000
f 9308//8874 9306//8874 9292//8874
