# home_07_pre_install.obj  Y-up, meters
mtllib home_07_pre_install.mtl
o house
v -7.1000 0.0000 -5.1000
v 7.1000 0.0000 -5.1000
v 7.1000 0.1600 -5.1000
v -7.1000 0.1600 -5.1000
v -7.1000 0.0000 5.1000
v 7.1000 0.0000 5.1000
v 7.1000 0.1600 5.1000
v -7.1000 0.1600 5.1000
v -7.0000 0.1600 -5.0000
v 7.0000 0.1600 -5.0000
v 7.0000 3.0600 -5.0000
v -7.0000 3.0600 -5.0000
v -7.0000 0.1600 5.0000
v 7.0000 0.1600 5.0000
v 7.0000 3.0600 5.0000
v -7.0000 3.0600 5.0000
v -7.4500 2.8530 5.4500
v 7.4500 2.8530 5.4500
v 7.4500 5.3600 0.0000
v -7.4500 5.3600 0.0000
v -7.4500 2.8530 -5.4500
v -7.4500 5.3600 0.0000
v 7.4500 5.3600 0.0000
v 7.4500 2.8530 -5.4500
v -7.0000 3.0600 5.0000
v -7.0000 3.0600 -5.0000
v -7.0000 5.3400 0.0000
v 7.0000 3.0600 5.0000
v 7.0000 3.0600 -5.0000
v 7.0000 5.3400 0.0000
v -7.4500 2.7330 5.3900
v 7.4500 2.7330 5.3900
v 7.4500 2.8530 5.3900
v -7.4500 2.8530 5.3900
v -7.4500 2.7330 5.5100
v 7.4500 2.7330 5.5100
v 7.4500 2.8530 5.5100
v -7.4500 2.8530 5.5100
v -7.4500 2.7330 -5.5100
v 7.4500 2.7330 -5.5100
v 7.4500 2.8530 -5.5100
v -7.4500 2.8530 -5.5100
v -7.4500 2.7330 -5.3900
v 7.4500 2.7330 -5.3900
v 7.4500 2.8530 -5.3900
v -7.4500 2.8530 -5.3900
v 7.0200 0.0000 4.8600
v 7.1000 0.0000 4.8600
v 7.1000 2.8530 4.8600
v 7.0200 2.8530 4.8600
v 7.0200 0.0000 4.9400
v 7.1000 0.0000 4.9400
v 7.1000 2.8530 4.9400
v 7.0200 2.8530 4.9400
v -1.5250 0.1350 4.9900
v -0.4750 0.1350 4.9900
v -0.4750 2.2850 4.9900
v -1.5250 2.2850 4.9900
v -1.5250 0.1350 5.0700
v -0.4750 0.1350 5.0700
v -0.4750 2.2850 5.0700
v -1.5250 2.2850 5.0700
v -1.4500 0.1550 5.0500
v -0.5500 0.1550 5.0500
v -0.5500 2.2050 5.0500
v -1.4500 2.2050 5.0500
v -1.4500 0.1550 5.0900
v -0.5500 0.1550 5.0900
v -0.5500 2.2050 5.0900
v -1.4500 2.2050 5.0900
v -4.7000 1.0600 4.9950
v -2.9000 1.0600 4.9950
v -2.9000 2.4600 4.9950
v -4.7000 2.4600 4.9950
v -4.7000 1.0600 5.0650
v -2.9000 1.0600 5.0650
v -2.9000 2.4600 5.0650
v -4.7000 2.4600 5.0650
v -4.6000 1.1600 5.0550
v -3.0000 1.1600 5.0550
v -3.0000 2.3600 5.0550
v -4.6000 2.3600 5.0550
v -4.6000 1.1600 5.0850
v -3.0000 1.1600 5.0850
v -3.0000 2.3600 5.0850
v -4.6000 2.3600 5.0850
v 0.9500 0.1350 4.9950
v 6.2500 0.1350 4.9950
v 6.2500 2.4850 4.9950
v 0.9500 2.4850 4.9950
v 0.9500 0.1350 5.0650
v 6.2500 0.1350 5.0650
v 6.2500 2.4850 5.0650
v 0.9500 2.4850 5.0650
v 1.1000 0.1600 5.0450
v 6.1000 0.1600 5.0450
v 6.1000 2.3600 5.0450
v 1.1000 2.3600 5.0450
v 1.1000 0.1600 5.0950
v 6.1000 0.1600 5.0950
v 6.1000 2.3600 5.0950
v 1.1000 2.3600 5.0950
v 1.1000 0.4450 5.0900
v 6.1000 0.4450 5.0900
v 6.1000 0.4750 5.0900
v 1.1000 0.4750 5.0900
v 1.1000 0.4450 5.1100
v 6.1000 0.4450 5.1100
v 6.1000 0.4750 5.1100
v 1.1000 0.4750 5.1100
v 1.1000 0.9950 5.0900
v 6.1000 0.9950 5.0900
v 6.1000 1.0250 5.0900
v 1.1000 1.0250 5.0900
v 1.1000 0.9950 5.1100
v 6.1000 0.9950 5.1100
v 6.1000 1.0250 5.1100
v 1.1000 1.0250 5.1100
v 1.1000 1.5450 5.0900
v 6.1000 1.5450 5.0900
v 6.1000 1.5750 5.0900
v 1.1000 1.5750 5.0900
v 1.1000 1.5450 5.1100
v 6.1000 1.5450 5.1100
v 6.1000 1.5750 5.1100
v 1.1000 1.5750 5.1100
v 1.1000 2.0950 5.0900
v 6.1000 2.0950 5.0900
v 6.1000 2.1250 5.0900
v 1.1000 2.1250 5.0900
v 1.1000 2.0950 5.1100
v 6.1000 2.0950 5.1100
v 6.1000 2.1250 5.1100
v 1.1000 2.1250 5.1100
v -5.3000 1.1100 -5.0650
v -3.7000 1.1100 -5.0650
v -3.7000 2.4100 -5.0650
v -5.3000 2.4100 -5.0650
v -5.3000 1.1100 -4.9950
v -3.7000 1.1100 -4.9950
v -3.7000 2.4100 -4.9950
v -5.3000 2.4100 -4.9950
v -5.2000 1.2100 -5.0850
v -3.8000 1.2100 -5.0850
v -3.8000 2.3100 -5.0850
v -5.2000 2.3100 -5.0850
v -5.2000 1.2100 -5.0550
v -3.8000 1.2100 -5.0550
v -3.8000 2.3100 -5.0550
v -5.2000 2.3100 -5.0550
v -0.8000 1.1100 -5.0650
v 0.8000 1.1100 -5.0650
v 0.8000 2.4100 -5.0650
v -0.8000 2.4100 -5.0650
v -0.8000 1.1100 -4.9950
v 0.8000 1.1100 -4.9950
v 0.8000 2.4100 -4.9950
v -0.8000 2.4100 -4.9950
v -0.7000 1.2100 -5.0850
v 0.7000 1.2100 -5.0850
v 0.7000 2.3100 -5.0850
v -0.7000 2.3100 -5.0850
v -0.7000 1.2100 -5.0550
v 0.7000 1.2100 -5.0550
v 0.7000 2.3100 -5.0550
v -0.7000 2.3100 -5.0550
v 3.7000 1.1100 -5.0650
v 5.3000 1.1100 -5.0650
v 5.3000 2.4100 -5.0650
v 3.7000 2.4100 -5.0650
v 3.7000 1.1100 -4.9950
v 5.3000 1.1100 -4.9950
v 5.3000 2.4100 -4.9950
v 3.7000 2.4100 -4.9950
v 3.8000 1.2100 -5.0850
v 5.2000 1.2100 -5.0850
v 5.2000 2.3100 -5.0850
v 3.8000 2.3100 -5.0850
v 3.8000 1.2100 -5.0550
v 5.2000 1.2100 -5.0550
v 5.2000 2.3100 -5.0550
v 3.8000 2.3100 -5.0550
v -7.0650 1.1100 0.7000
v -6.9950 1.1100 0.7000
v -6.9950 2.4100 0.7000
v -7.0650 2.4100 0.7000
v -7.0650 1.1100 2.3000
v -6.9950 1.1100 2.3000
v -6.9950 2.4100 2.3000
v -7.0650 2.4100 2.3000
v -7.0850 1.2100 0.8000
v -7.0550 1.2100 0.8000
v -7.0550 2.3100 0.8000
v -7.0850 2.3100 0.8000
v -7.0850 1.2100 2.2000
v -7.0550 1.2100 2.2000
v -7.0550 2.3100 2.2000
v -7.0850 2.3100 2.2000
vn 0.0000 0.0000 -1.0000
usemtl slab
f 1//1 4//1 3//1 2//1
vn 0.0000 0.0000 1.0000
f 5//2 6//2 7//2 8//2
vn -1.0000 0.0000 0.0000
f 1//3 5//3 8//3 4//3
vn 1.0000 0.0000 0.0000
f 2//4 3//4 7//4 6//4
vn 0.0000 1.0000 0.0000
f 4//5 8//5 7//5 3//5
vn 0.0000 -1.0000 0.0000
f 1//6 2//6 6//6 5//6
vn 0.0000 0.0000 -1.0000
usemtl brick
f 9//7 12//7 11//7 10//7
vn 0.0000 0.0000 1.0000
f 13//8 14//8 15//8 16//8
vn -1.0000 0.0000 0.0000
f 9//9 13//9 16//9 12//9
vn 1.0000 0.0000 0.0000
f 10//10 11//10 15//10 14//10
vn 0.0000 1.0000 0.0000
f 12//11 16//11 15//11 11//11
vn 0.0000 -1.0000 0.0000
f 9//12 10//12 14//12 13//12
vn 0.0000 0.9085 0.4179
usemtl roof_shingle
f 17//13 18//13 19//13 20//13
vn 0.0000 -0.9085 -0.4179
f 20//14 19//14 18//14 17//14
vn 0.0000 0.9085 -0.4179
f 21//15 22//15 23//15 24//15
vn 0.0000 -0.9085 0.4179
f 24//16 23//16 22//16 21//16
vn 1.0000 0.0000 0.0000
usemtl brick
f 25//17 26//17 27//17
vn -1.0000 0.0000 0.0000
f 27//18 26//18 25//18
vn 1.0000 0.0000 0.0000
f 28//19 29//19 30//19
vn -1.0000 0.0000 0.0000
f 30//20 29//20 28//20
vn 0.0000 0.0000 -1.0000
usemtl gutter
f 31//21 34//21 33//21 32//21
vn 0.0000 0.0000 1.0000
f 35//22 36//22 37//22 38//22
vn -1.0000 0.0000 0.0000
f 31//23 35//23 38//23 34//23
vn 1.0000 0.0000 0.0000
f 32//24 33//24 37//24 36//24
vn 0.0000 1.0000 0.0000
f 34//25 38//25 37//25 33//25
vn 0.0000 -1.0000 0.0000
f 31//26 32//26 36//26 35//26
vn 0.0000 0.0000 -1.0000
f 39//27 42//27 41//27 40//27
vn 0.0000 0.0000 1.0000
f 43//28 44//28 45//28 46//28
vn -1.0000 0.0000 0.0000
f 39//29 43//29 46//29 42//29
vn 1.0000 0.0000 0.0000
f 40//30 41//30 45//30 44//30
vn 0.0000 1.0000 0.0000
f 42//31 46//31 45//31 41//31
vn 0.0000 -1.0000 0.0000
f 39//32 40//32 44//32 43//32
vn 0.0000 0.0000 -1.0000
f 47//33 50//33 49//33 48//33
vn 0.0000 0.0000 1.0000
f 51//34 52//34 53//34 54//34
vn -1.0000 0.0000 0.0000
f 47//35 51//35 54//35 50//35
vn 1.0000 0.0000 0.0000
f 48//36 49//36 53//36 52//36
vn 0.0000 1.0000 0.0000
f 50//37 54//37 53//37 49//37
vn 0.0000 -1.0000 0.0000
f 47//38 48//38 52//38 51//38
vn 0.0000 0.0000 -1.0000
usemtl trim_white
f 55//39 58//39 57//39 56//39
vn 0.0000 0.0000 1.0000
f 59//40 60//40 61//40 62//40
vn -1.0000 0.0000 0.0000
f 55//41 59//41 62//41 58//41
vn 1.0000 0.0000 0.0000
f 56//42 57//42 61//42 60//42
vn 0.0000 1.0000 0.0000
f 58//43 62//43 61//43 57//43
vn 0.0000 -1.0000 0.0000
f 55//44 56//44 60//44 59//44
vn 0.0000 0.0000 -1.0000
usemtl door_red
f 63//45 66//45 65//45 64//45
vn 0.0000 0.0000 1.0000
f 67//46 68//46 69//46 70//46
vn -1.0000 0.0000 0.0000
f 63//47 67//47 70//47 66//47
vn 1.0000 0.0000 0.0000
f 64//48 65//48 69//48 68//48
vn 0.0000 1.0000 0.0000
f 66//49 70//49 69//49 65//49
vn 0.0000 -1.0000 0.0000
f 63//50 64//50 68//50 67//50
vn 0.0000 0.0000 -1.0000
usemtl trim_white
f 71//51 74//51 73//51 72//51
vn 0.0000 0.0000 1.0000
f 75//52 76//52 77//52 78//52
vn -1.0000 0.0000 0.0000
f 71//53 75//53 78//53 74//53
vn 1.0000 0.0000 0.0000
f 72//54 73//54 77//54 76//54
vn 0.0000 1.0000 0.0000
f 74//55 78//55 77//55 73//55
vn 0.0000 -1.0000 0.0000
f 71//56 72//56 76//56 75//56
vn 0.0000 0.0000 -1.0000
usemtl window_glass
f 79//57 82//57 81//57 80//57
vn 0.0000 0.0000 1.0000
f 83//58 84//58 85//58 86//58
vn -1.0000 0.0000 0.0000
f 79//59 83//59 86//59 82//59
vn 1.0000 0.0000 0.0000
f 80//60 81//60 85//60 84//60
vn 0.0000 1.0000 0.0000
f 82//61 86//61 85//61 81//61
vn 0.0000 -1.0000 0.0000
f 79//62 80//62 84//62 83//62
vn 0.0000 0.0000 -1.0000
usemtl trim_white
f 87//63 90//63 89//63 88//63
vn 0.0000 0.0000 1.0000
f 91//64 92//64 93//64 94//64
vn -1.0000 0.0000 0.0000
f 87//65 91//65 94//65 90//65
vn 1.0000 0.0000 0.0000
f 88//66 89//66 93//66 92//66
vn 0.0000 1.0000 0.0000
f 90//67 94//67 93//67 89//67
vn 0.0000 -1.0000 0.0000
f 87//68 88//68 92//68 91//68
vn 0.0000 0.0000 -1.0000
usemtl garage_door
f 95//69 98//69 97//69 96//69
vn 0.0000 0.0000 1.0000
f 99//70 100//70 101//70 102//70
vn -1.0000 0.0000 0.0000
f 95//71 99//71 102//71 98//71
vn 1.0000 0.0000 0.0000
f 96//72 97//72 101//72 100//72
vn 0.0000 1.0000 0.0000
f 98//73 102//73 101//73 97//73
vn 0.0000 -1.0000 0.0000
f 95//74 96//74 100//74 99//74
vn 0.0000 0.0000 -1.0000
usemtl trim_white
f 103//75 106//75 105//75 104//75
vn 0.0000 0.0000 1.0000
f 107//76 108//76 109//76 110//76
vn -1.0000 0.0000 0.0000
f 103//77 107//77 110//77 106//77
vn 1.0000 0.0000 0.0000
f 104//78 105//78 109//78 108//78
vn 0.0000 1.0000 0.0000
f 106//79 110//79 109//79 105//79
vn 0.0000 -1.0000 0.0000
f 103//80 104//80 108//80 107//80
vn 0.0000 0.0000 -1.0000
f 111//81 114//81 113//81 112//81
vn 0.0000 0.0000 1.0000
f 115//82 116//82 117//82 118//82
vn -1.0000 0.0000 0.0000
f 111//83 115//83 118//83 114//83
vn 1.0000 0.0000 0.0000
f 112//84 113//84 117//84 116//84
vn 0.0000 1.0000 0.0000
f 114//85 118//85 117//85 113//85
vn 0.0000 -1.0000 0.0000
f 111//86 112//86 116//86 115//86
vn 0.0000 0.0000 -1.0000
f 119//87 122//87 121//87 120//87
vn 0.0000 0.0000 1.0000
f 123//88 124//88 125//88 126//88
vn -1.0000 0.0000 0.0000
f 119//89 123//89 126//89 122//89
vn 1.0000 0.0000 0.0000
f 120//90 121//90 125//90 124//90
vn 0.0000 1.0000 0.0000
f 122//91 126//91 125//91 121//91
vn 0.0000 -1.0000 0.0000
f 119//92 120//92 124//92 123//92
vn 0.0000 0.0000 -1.0000
f 127//93 130//93 129//93 128//93
vn 0.0000 0.0000 1.0000
f 131//94 132//94 133//94 134//94
vn -1.0000 0.0000 0.0000
f 127//95 131//95 134//95 130//95
vn 1.0000 0.0000 0.0000
f 128//96 129//96 133//96 132//96
vn 0.0000 1.0000 0.0000
f 130//97 134//97 133//97 129//97
vn 0.0000 -1.0000 0.0000
f 127//98 128//98 132//98 131//98
vn 0.0000 0.0000 -1.0000
f 135//99 138//99 137//99 136//99
vn 0.0000 0.0000 1.0000
f 139//100 140//100 141//100 142//100
vn -1.0000 0.0000 0.0000
f 135//101 139//101 142//101 138//101
vn 1.0000 0.0000 0.0000
f 136//102 137//102 141//102 140//102
vn 0.0000 1.0000 0.0000
f 138//103 142//103 141//103 137//103
vn 0.0000 -1.0000 0.0000
f 135//104 136//104 140//104 139//104
vn 0.0000 0.0000 -1.0000
usemtl window_glass
f 143//105 146//105 145//105 144//105
vn 0.0000 0.0000 1.0000
f 147//106 148//106 149//106 150//106
vn -1.0000 0.0000 0.0000
f 143//107 147//107 150//107 146//107
vn 1.0000 0.0000 0.0000
f 144//108 145//108 149//108 148//108
vn 0.0000 1.0000 0.0000
f 146//109 150//109 149//109 145//109
vn 0.0000 -1.0000 0.0000
f 143//110 144//110 148//110 147//110
vn 0.0000 0.0000 -1.0000
usemtl trim_white
f 151//111 154//111 153//111 152//111
vn 0.0000 0.0000 1.0000
f 155//112 156//112 157//112 158//112
vn -1.0000 0.0000 0.0000
f 151//113 155//113 158//113 154//113
vn 1.0000 0.0000 0.0000
f 152//114 153//114 157//114 156//114
vn 0.0000 1.0000 0.0000
f 154//115 158//115 157//115 153//115
vn 0.0000 -1.0000 0.0000
f 151//116 152//116 156//116 155//116
vn 0.0000 0.0000 -1.0000
usemtl window_glass
f 159//117 162//117 161//117 160//117
vn 0.0000 0.0000 1.0000
f 163//118 164//118 165//118 166//118
vn -1.0000 0.0000 0.0000
f 159//119 163//119 166//119 162//119
vn 1.0000 0.0000 0.0000
f 160//120 161//120 165//120 164//120
vn 0.0000 1.0000 0.0000
f 162//121 166//121 165//121 161//121
vn 0.0000 -1.0000 0.0000
f 159//122 160//122 164//122 163//122
vn 0.0000 0.0000 -1.0000
usemtl trim_white
f 167//123 170//123 169//123 168//123
vn 0.0000 0.0000 1.0000
f 171//124 172//124 173//124 174//124
vn -1.0000 0.0000 0.0000
f 167//125 171//125 174//125 170//125
vn 1.0000 0.0000 0.0000
f 168//126 169//126 173//126 172//126
vn 0.0000 1.0000 0.0000
f 170//127 174//127 173//127 169//127
vn 0.0000 -1.0000 0.0000
f 167//128 168//128 172//128 171//128
vn 0.0000 0.0000 -1.0000
usemtl window_glass
f 175//129 178//129 177//129 176//129
vn 0.0000 0.0000 1.0000
f 179//130 180//130 181//130 182//130
vn -1.0000 0.0000 0.0000
f 175//131 179//131 182//131 178//131
vn 1.0000 0.0000 0.0000
f 176//132 177//132 181//132 180//132
vn 0.0000 1.0000 0.0000
f 178//133 182//133 181//133 177//133
vn 0.0000 -1.0000 0.0000
f 175//134 176//134 180//134 179//134
vn 0.0000 0.0000 -1.0000
usemtl trim_white
f 183//135 186//135 185//135 184//135
vn 0.0000 0.0000 1.0000
f 187//136 188//136 189//136 190//136
vn -1.0000 0.0000 0.0000
f 183//137 187//137 190//137 186//137
vn 1.0000 0.0000 0.0000
f 184//138 185//138 189//138 188//138
vn 0.0000 1.0000 0.0000
f 186//139 190//139 189//139 185//139
vn 0.0000 -1.0000 0.0000
f 183//140 184//140 188//140 187//140
vn 0.0000 0.0000 -1.0000
usemtl window_glass
f 191//141 194//141 193//141 192//141
vn 0.0000 0.0000 1.0000
f 195//142 196//142 197//142 198//142
vn -1.0000 0.0000 0.0000
f 191//143 195//143 198//143 194//143
vn 1.0000 0.0000 0.0000
f 192//144 193//144 197//144 196//144
vn 0.0000 1.0000 0.0000
f 194//145 198//145 197//145 193//145
vn 0.0000 -1.0000 0.0000
f 191//146 192//146 196//146 195//146
o yard
v -20.0000 -0.0200 -20.0000
v 20.0000 -0.0200 -20.0000
v 20.0000 0.0000 -20.0000
v -20.0000 0.0000 -20.0000
v -20.0000 -0.0200 20.0000
v 20.0000 -0.0200 20.0000
v 20.0000 0.0000 20.0000
v -20.0000 0.0000 20.0000
v 0.9000 -0.0100 5.0000
v 6.3000 -0.0100 5.0000
v 6.3000 0.0200 5.0000
v 0.9000 0.0200 5.0000
v 0.9000 -0.0100 15.0000
v 6.3000 -0.0100 15.0000
v 6.3000 0.0200 15.0000
v 0.9000 0.0200 15.0000
v -20.0000 -0.0100 13.2500
v 20.0000 -0.0100 13.2500
v 20.0000 0.0200 13.2500
v -20.0000 0.0200 13.2500
v -20.0000 -0.0100 14.7500
v 20.0000 -0.0100 14.7500
v 20.0000 0.0200 14.7500
v -20.0000 0.0200 14.7500
v -1.6000 -0.0100 5.7500
v -0.4000 -0.0100 5.7500
v -0.4000 0.0200 5.7500
v -1.6000 0.0200 5.7500
v -1.6000 -0.0100 12.7500
v -0.4000 -0.0100 12.7500
v -0.4000 0.0200 12.7500
v -1.6000 0.0200 12.7500
v -16.0500 0.0000 -11.0500
v -15.9500 0.0000 -11.0500
v -15.9500 1.8000 -11.0500
v -16.0500 1.8000 -11.0500
v -16.0500 0.0000 -10.9500
v -15.9500 0.0000 -10.9500
v -15.9500 1.8000 -10.9500
v -16.0500 1.8000 -10.9500
v -15.0500 0.0000 -11.0500
v -14.9500 0.0000 -11.0500
v -14.9500 1.8000 -11.0500
v -15.0500 1.8000 -11.0500
v -15.0500 0.0000 -10.9500
v -14.9500 0.0000 -10.9500
v -14.9500 1.8000 -10.9500
v -15.0500 1.8000 -10.9500
v -14.0500 0.0000 -11.0500
v -13.9500 0.0000 -11.0500
v -13.9500 1.8000 -11.0500
v -14.0500 1.8000 -11.0500
v -14.0500 0.0000 -10.9500
v -13.9500 0.0000 -10.9500
v -13.9500 1.8000 -10.9500
v -14.0500 1.8000 -10.9500
v -13.0500 0.0000 -11.0500
v -12.9500 0.0000 -11.0500
v -12.9500 1.8000 -11.0500
v -13.0500 1.8000 -11.0500
v -13.0500 0.0000 -10.9500
v -12.9500 0.0000 -10.9500
v -12.9500 1.8000 -10.9500
v -13.0500 1.8000 -10.9500
v -12.0500 0.0000 -11.0500
v -11.9500 0.0000 -11.0500
v -11.9500 1.8000 -11.0500
v -12.0500 1.8000 -11.0500
v -12.0500 0.0000 -10.9500
v -11.9500 0.0000 -10.9500
v -11.9500 1.8000 -10.9500
v -12.0500 1.8000 -10.9500
v -11.0500 0.0000 -11.0500
v -10.9500 0.0000 -11.0500
v -10.9500 1.8000 -11.0500
v -11.0500 1.8000 -11.0500
v -11.0500 0.0000 -10.9500
v -10.9500 0.0000 -10.9500
v -10.9500 1.8000 -10.9500
v -11.0500 1.8000 -10.9500
v -10.0500 0.0000 -11.0500
v -9.9500 0.0000 -11.0500
v -9.9500 1.8000 -11.0500
v -10.0500 1.8000 -11.0500
v -10.0500 0.0000 -10.9500
v -9.9500 0.0000 -10.9500
v -9.9500 1.8000 -10.9500
v -10.0500 1.8000 -10.9500
v -9.0500 0.0000 -11.0500
v -8.9500 0.0000 -11.0500
v -8.9500 1.8000 -11.0500
v -9.0500 1.8000 -11.0500
v -9.0500 0.0000 -10.9500
v -8.9500 0.0000 -10.9500
v -8.9500 1.8000 -10.9500
v -9.0500 1.8000 -10.9500
v -8.0500 0.0000 -11.0500
v -7.9500 0.0000 -11.0500
v -7.9500 1.8000 -11.0500
v -8.0500 1.8000 -11.0500
v -8.0500 0.0000 -10.9500
v -7.9500 0.0000 -10.9500
v -7.9500 1.8000 -10.9500
v -8.0500 1.8000 -10.9500
v -7.0500 0.0000 -11.0500
v -6.9500 0.0000 -11.0500
v -6.9500 1.8000 -11.0500
v -7.0500 1.8000 -11.0500
v -7.0500 0.0000 -10.9500
v -6.9500 0.0000 -10.9500
v -6.9500 1.8000 -10.9500
v -7.0500 1.8000 -10.9500
v -6.0500 0.0000 -11.0500
v -5.9500 0.0000 -11.0500
v -5.9500 1.8000 -11.0500
v -6.0500 1.8000 -11.0500
v -6.0500 0.0000 -10.9500
v -5.9500 0.0000 -10.9500
v -5.9500 1.8000 -10.9500
v -6.0500 1.8000 -10.9500
v -5.0500 0.0000 -11.0500
v -4.9500 0.0000 -11.0500
v -4.9500 1.8000 -11.0500
v -5.0500 1.8000 -11.0500
v -5.0500 0.0000 -10.9500
v -4.9500 0.0000 -10.9500
v -4.9500 1.8000 -10.9500
v -5.0500 1.8000 -10.9500
v -4.0500 0.0000 -11.0500
v -3.9500 0.0000 -11.0500
v -3.9500 1.8000 -11.0500
v -4.0500 1.8000 -11.0500
v -4.0500 0.0000 -10.9500
v -3.9500 0.0000 -10.9500
v -3.9500 1.8000 -10.9500
v -4.0500 1.8000 -10.9500
v -3.0500 0.0000 -11.0500
v -2.9500 0.0000 -11.0500
v -2.9500 1.8000 -11.0500
v -3.0500 1.8000 -11.0500
v -3.0500 0.0000 -10.9500
v -2.9500 0.0000 -10.9500
v -2.9500 1.8000 -10.9500
v -3.0500 1.8000 -10.9500
v -2.0500 0.0000 -11.0500
v -1.9500 0.0000 -11.0500
v -1.9500 1.8000 -11.0500
v -2.0500 1.8000 -11.0500
v -2.0500 0.0000 -10.9500
v -1.9500 0.0000 -10.9500
v -1.9500 1.8000 -10.9500
v -2.0500 1.8000 -10.9500
v -1.0500 0.0000 -11.0500
v -0.9500 0.0000 -11.0500
v -0.9500 1.8000 -11.0500
v -1.0500 1.8000 -11.0500
v -1.0500 0.0000 -10.9500
v -0.9500 0.0000 -10.9500
v -0.9500 1.8000 -10.9500
v -1.0500 1.8000 -10.9500
v -0.0500 0.0000 -11.0500
v 0.0500 0.0000 -11.0500
v 0.0500 1.8000 -11.0500
v -0.0500 1.8000 -11.0500
v -0.0500 0.0000 -10.9500
v 0.0500 0.0000 -10.9500
v 0.0500 1.8000 -10.9500
v -0.0500 1.8000 -10.9500
v 0.9500 0.0000 -11.0500
v 1.0500 0.0000 -11.0500
v 1.0500 1.8000 -11.0500
v 0.9500 1.8000 -11.0500
v 0.9500 0.0000 -10.9500
v 1.0500 0.0000 -10.9500
v 1.0500 1.8000 -10.9500
v 0.9500 1.8000 -10.9500
v 1.9500 0.0000 -11.0500
v 2.0500 0.0000 -11.0500
v 2.0500 1.8000 -11.0500
v 1.9500 1.8000 -11.0500
v 1.9500 0.0000 -10.9500
v 2.0500 0.0000 -10.9500
v 2.0500 1.8000 -10.9500
v 1.9500 1.8000 -10.9500
v 2.9500 0.0000 -11.0500
v 3.0500 0.0000 -11.0500
v 3.0500 1.8000 -11.0500
v 2.9500 1.8000 -11.0500
v 2.9500 0.0000 -10.9500
v 3.0500 0.0000 -10.9500
v 3.0500 1.8000 -10.9500
v 2.9500 1.8000 -10.9500
v 3.9500 0.0000 -11.0500
v 4.0500 0.0000 -11.0500
v 4.0500 1.8000 -11.0500
v 3.9500 1.8000 -11.0500
v 3.9500 0.0000 -10.9500
v 4.0500 0.0000 -10.9500
v 4.0500 1.8000 -10.9500
v 3.9500 1.8000 -10.9500
v 4.9500 0.0000 -11.0500
v 5.0500 0.0000 -11.0500
v 5.0500 1.8000 -11.0500
v 4.9500 1.8000 -11.0500
v 4.9500 0.0000 -10.9500
v 5.0500 0.0000 -10.9500
v 5.0500 1.8000 -10.9500
v 4.9500 1.8000 -10.9500
v 5.9500 0.0000 -11.0500
v 6.0500 0.0000 -11.0500
v 6.0500 1.8000 -11.0500
v 5.9500 1.8000 -11.0500
v 5.9500 0.0000 -10.9500
v 6.0500 0.0000 -10.9500
v 6.0500 1.8000 -10.9500
v 5.9500 1.8000 -10.9500
v 6.9500 0.0000 -11.0500
v 7.0500 0.0000 -11.0500
v 7.0500 1.8000 -11.0500
v 6.9500 1.8000 -11.0500
v 6.9500 0.0000 -10.9500
v 7.0500 0.0000 -10.9500
v 7.0500 1.8000 -10.9500
v 6.9500 1.8000 -10.9500
v 7.9500 0.0000 -11.0500
v 8.0500 0.0000 -11.0500
v 8.0500 1.8000 -11.0500
v 7.9500 1.8000 -11.0500
v 7.9500 0.0000 -10.9500
v 8.0500 0.0000 -10.9500
v 8.0500 1.8000 -10.9500
v 7.9500 1.8000 -10.9500
v 8.9500 0.0000 -11.0500
v 9.0500 0.0000 -11.0500
v 9.0500 1.8000 -11.0500
v 8.9500 1.8000 -11.0500
v 8.9500 0.0000 -10.9500
v 9.0500 0.0000 -10.9500
v 9.0500 1.8000 -10.9500
v 8.9500 1.8000 -10.9500
v 9.9500 0.0000 -11.0500
v 10.0500 0.0000 -11.0500
v 10.0500 1.8000 -11.0500
v 9.9500 1.8000 -11.0500
v 9.9500 0.0000 -10.9500
v 10.0500 0.0000 -10.9500
v 10.0500 1.8000 -10.9500
v 9.9500 1.8000 -10.9500
v 10.9500 0.0000 -11.0500
v 11.0500 0.0000 -11.0500
v 11.0500 1.8000 -11.0500
v 10.9500 1.8000 -11.0500
v 10.9500 0.0000 -10.9500
v 11.0500 0.0000 -10.9500
v 11.0500 1.8000 -10.9500
v 10.9500 1.8000 -10.9500
v 11.9500 0.0000 -11.0500
v 12.0500 0.0000 -11.0500
v 12.0500 1.8000 -11.0500
v 11.9500 1.8000 -11.0500
v 11.9500 0.0000 -10.9500
v 12.0500 0.0000 -10.9500
v 12.0500 1.8000 -10.9500
v 11.9500 1.8000 -10.9500
v 12.9500 0.0000 -11.0500
v 13.0500 0.0000 -11.0500
v 13.0500 1.8000 -11.0500
v 12.9500 1.8000 -11.0500
v 12.9500 0.0000 -10.9500
v 13.0500 0.0000 -10.9500
v 13.0500 1.8000 -10.9500
v 12.9500 1.8000 -10.9500
v 13.9500 0.0000 -11.0500
v 14.0500 0.0000 -11.0500
v 14.0500 1.8000 -11.0500
v 13.9500 1.8000 -11.0500
v 13.9500 0.0000 -10.9500
v 14.0500 0.0000 -10.9500
v 14.0500 1.8000 -10.9500
v 13.9500 1.8000 -10.9500
v 14.9500 0.0000 -11.0500
v 15.0500 0.0000 -11.0500
v 15.0500 1.8000 -11.0500
v 14.9500 1.8000 -11.0500
v 14.9500 0.0000 -10.9500
v 15.0500 0.0000 -10.9500
v 15.0500 1.8000 -10.9500
v 14.9500 1.8000 -10.9500
v 15.9500 0.0000 -11.0500
v 16.0500 0.0000 -11.0500
v 16.0500 1.8000 -11.0500
v 15.9500 1.8000 -11.0500
v 15.9500 0.0000 -10.9500
v 16.0500 0.0000 -10.9500
v 16.0500 1.8000 -10.9500
v 15.9500 1.8000 -10.9500
v -16.0000 1.4600 -11.0200
v 16.0000 1.4600 -11.0200
v 16.0000 1.5400 -11.0200
v -16.0000 1.5400 -11.0200
v -16.0000 1.4600 -10.9800
v 16.0000 1.4600 -10.9800
v 16.0000 1.5400 -10.9800
v -16.0000 1.5400 -10.9800
v -16.0000 0.3600 -11.0200
v 16.0000 0.3600 -11.0200
v 16.0000 0.4400 -11.0200
v -16.0000 0.4400 -11.0200
v -16.0000 0.3600 -10.9800
v 16.0000 0.3600 -10.9800
v 16.0000 0.4400 -10.9800
v -16.0000 0.4400 -10.9800
v -16.0000 0.1000 -10.9800
v 16.0000 0.1000 -10.9800
v 16.0000 1.8000 -10.9800
v -16.0000 1.8000 -10.9800
v -16.0000 0.1000 -10.9600
v 16.0000 0.1000 -10.9600
v 16.0000 1.8000 -10.9600
v -16.0000 1.8000 -10.9600
vn 0.0000 0.0000 -1.0000
usemtl lawn
f 199//147 202//147 201//147 200//147
vn 0.0000 0.0000 1.0000
f 203//148 204//148 205//148 206//148
vn -1.0000 0.0000 0.0000
f 199//149 203//149 206//149 202//149
vn 1.0000 0.0000 0.0000
f 200//150 201//150 205//150 204//150
vn 0.0000 1.0000 0.0000
f 202//151 206//151 205//151 201//151
vn 0.0000 -1.0000 0.0000
f 199//152 200//152 204//152 203//152
vn 0.0000 0.0000 -1.0000
usemtl concrete
f 207//153 210//153 209//153 208//153
vn 0.0000 0.0000 1.0000
f 211//154 212//154 213//154 214//154
vn -1.0000 0.0000 0.0000
f 207//155 211//155 214//155 210//155
vn 1.0000 0.0000 0.0000
f 208//156 209//156 213//156 212//156
vn 0.0000 1.0000 0.0000
f 210//157 214//157 213//157 209//157
vn 0.0000 -1.0000 0.0000
f 207//158 208//158 212//158 211//158
vn 0.0000 0.0000 -1.0000
f 215//159 218//159 217//159 216//159
vn 0.0000 0.0000 1.0000
f 219//160 220//160 221//160 222//160
vn -1.0000 0.0000 0.0000
f 215//161 219//161 222//161 218//161
vn 1.0000 0.0000 0.0000
f 216//162 217//162 221//162 220//162
vn 0.0000 1.0000 0.0000
f 218//163 222//163 221//163 217//163
vn 0.0000 -1.0000 0.0000
f 215//164 216//164 220//164 219//164
vn 0.0000 0.0000 -1.0000
f 223//165 226//165 225//165 224//165
vn 0.0000 0.0000 1.0000
f 227//166 228//166 229//166 230//166
vn -1.0000 0.0000 0.0000
f 223//167 227//167 230//167 226//167
vn 1.0000 0.0000 0.0000
f 224//168 225//168 229//168 228//168
vn 0.0000 1.0000 0.0000
f 226//169 230//169 229//169 225//169
vn 0.0000 -1.0000 0.0000
f 223//170 224//170 228//170 227//170
vn 0.0000 0.0000 -1.0000
usemtl fence_wood
f 231//171 234//171 233//171 232//171
vn 0.0000 0.0000 1.0000
f 235//172 236//172 237//172 238//172
vn -1.0000 0.0000 0.0000
f 231//173 235//173 238//173 234//173
vn 1.0000 0.0000 0.0000
f 232//174 233//174 237//174 236//174
vn 0.0000 1.0000 0.0000
f 234//175 238//175 237//175 233//175
vn 0.0000 -1.0000 0.0000
f 231//176 232//176 236//176 235//176
vn 0.0000 0.0000 -1.0000
f 239//177 242//177 241//177 240//177
vn 0.0000 0.0000 1.0000
f 243//178 244//178 245//178 246//178
vn -1.0000 0.0000 0.0000
f 239//179 243//179 246//179 242//179
vn 1.0000 0.0000 0.0000
f 240//180 241//180 245//180 244//180
vn 0.0000 1.0000 0.0000
f 242//181 246//181 245//181 241//181
vn 0.0000 -1.0000 0.0000
f 239//182 240//182 244//182 243//182
vn 0.0000 0.0000 -1.0000
f 247//183 250//183 249//183 248//183
vn 0.0000 0.0000 1.0000
f 251//184 252//184 253//184 254//184
vn -1.0000 0.0000 0.0000
f 247//185 251//185 254//185 250//185
vn 1.0000 0.0000 0.0000
f 248//186 249//186 253//186 252//186
vn 0.0000 1.0000 0.0000
f 250//187 254//187 253//187 249//187
vn 0.0000 -1.0000 0.0000
f 247//188 248//188 252//188 251//188
vn 0.0000 0.0000 -1.0000
f 255//189 258//189 257//189 256//189
vn 0.0000 0.0000 1.0000
f 259//190 260//190 261//190 262//190
vn -1.0000 0.0000 0.0000
f 255//191 259//191 262//191 258//191
vn 1.0000 0.0000 0.0000
f 256//192 257//192 261//192 260//192
vn 0.0000 1.0000 0.0000
f 258//193 262//193 261//193 257//193
vn 0.0000 -1.0000 0.0000
f 255//194 256//194 260//194 259//194
vn 0.0000 0.0000 -1.0000
f 263//195 266//195 265//195 264//195
vn 0.0000 0.0000 1.0000
f 267//196 268//196 269//196 270//196
vn -1.0000 0.0000 0.0000
f 263//197 267//197 270//197 266//197
vn 1.0000 0.0000 0.0000
f 264//198 265//198 269//198 268//198
vn 0.0000 1.0000 0.0000
f 266//199 270//199 269//199 265//199
vn 0.0000 -1.0000 0.0000
f 263//200 264//200 268//200 267//200
vn 0.0000 0.0000 -1.0000
f 271//201 274//201 273//201 272//201
vn 0.0000 0.0000 1.0000
f 275//202 276//202 277//202 278//202
vn -1.0000 0.0000 0.0000
f 271//203 275//203 278//203 274//203
vn 1.0000 0.0000 0.0000
f 272//204 273//204 277//204 276//204
vn 0.0000 1.0000 0.0000
f 274//205 278//205 277//205 273//205
vn 0.0000 -1.0000 0.0000
f 271//206 272//206 276//206 275//206
vn 0.0000 0.0000 -1.0000
f 279//207 282//207 281//207 280//207
vn 0.0000 0.0000 1.0000
f 283//208 284//208 285//208 286//208
vn -1.0000 0.0000 0.0000
f 279//209 283//209 286//209 282//209
vn 1.0000 0.0000 0.0000
f 280//210 281//210 285//210 284//210
vn 0.0000 1.0000 0.0000
f 282//211 286//211 285//211 281//211
vn 0.0000 -1.0000 0.0000
f 279//212 280//212 284//212 283//212
vn 0.0000 0.0000 -1.0000
f 287//213 290//213 289//213 288//213
vn 0.0000 0.0000 1.0000
f 291//214 292//214 293//214 294//214
vn -1.0000 0.0000 0.0000
f 287//215 291//215 294//215 290//215
vn 1.0000 0.0000 0.0000
f 288//216 289//216 293//216 292//216
vn 0.0000 1.0000 0.0000
f 290//217 294//217 293//217 289//217
vn 0.0000 -1.0000 0.0000
f 287//218 288//218 292//218 291//218
vn 0.0000 0.0000 -1.0000
f 295//219 298//219 297//219 296//219
vn 0.0000 0.0000 1.0000
f 299//220 300//220 301//220 302//220
vn -1.0000 0.0000 0.0000
f 295//221 299//221 302//221 298//221
vn 1.0000 0.0000 0.0000
f 296//222 297//222 301//222 300//222
vn 0.0000 1.0000 0.0000
f 298//223 302//223 301//223 297//223
vn 0.0000 -1.0000 0.0000
f 295//224 296//224 300//224 299//224
vn 0.0000 0.0000 -1.0000
f 303//225 306//225 305//225 304//225
vn 0.0000 0.0000 1.0000
f 307//226 308//226 309//226 310//226
vn -1.0000 0.0000 0.0000
f 303//227 307//227 310//227 306//227
vn 1.0000 0.0000 0.0000
f 304//228 305//228 309//228 308//228
vn 0.0000 1.0000 0.0000
f 306//229 310//229 309//229 305//229
vn 0.0000 -1.0000 0.0000
f 303//230 304//230 308//230 307//230
vn 0.0000 0.0000 -1.0000
f 311//231 314//231 313//231 312//231
vn 0.0000 0.0000 1.0000
f 315//232 316//232 317//232 318//232
vn -1.0000 0.0000 0.0000
f 311//233 315//233 318//233 314//233
vn 1.0000 0.0000 0.0000
f 312//234 313//234 317//234 316//234
vn 0.0000 1.0000 0.0000
f 314//235 318//235 317//235 313//235
vn 0.0000 -1.0000 0.0000
f 311//236 312//236 316//236 315//236
vn 0.0000 0.0000 -1.0000
f 319//237 322//237 321//237 320//237
vn 0.0000 0.0000 1.0000
f 323//238 324//238 325//238 326//238
vn -1.0000 0.0000 0.0000
f 319//239 323//239 326//239 322//239
vn 1.0000 0.0000 0.0000
f 320//240 321//240 325//240 324//240
vn 0.0000 1.0000 0.0000
f 322//241 326//241 325//241 321//241
vn 0.0000 -1.0000 0.0000
f 319//242 320//242 324//242 323//242
vn 0.0000 0.0000 -1.0000
f 327//243 330//243 329//243 328//243
vn 0.0000 0.0000 1.0000
f 331//244 332//244 333//244 334//244
vn -1.0000 0.0000 0.0000
f 327//245 331//245 334//245 330//245
vn 1.0000 0.0000 0.0000
f 328//246 329//246 333//246 332//246
vn 0.0000 1.0000 0.0000
f 330//247 334//247 333//247 329//247
vn 0.0000 -1.0000 0.0000
f 327//248 328//248 332//248 331//248
vn 0.0000 0.0000 -1.0000
f 335//249 338//249 337//249 336//249
vn 0.0000 0.0000 1.0000
f 339//250 340//250 341//250 342//250
vn -1.0000 0.0000 0.0000
f 335//251 339//251 342//251 338//251
vn 1.0000 0.0000 0.0000
f 336//252 337//252 341//252 340//252
vn 0.0000 1.0000 0.0000
f 338//253 342//253 341//253 337//253
vn 0.0000 -1.0000 0.0000
f 335//254 336//254 340//254 339//254
vn 0.0000 0.0000 -1.0000
f 343//255 346//255 345//255 344//255
vn 0.0000 0.0000 1.0000
f 347//256 348//256 349//256 350//256
vn -1.0000 0.0000 0.0000
f 343//257 347//257 350//257 346//257
vn 1.0000 0.0000 0.0000
f 344//258 345//258 349//258 348//258
vn 0.0000 1.0000 0.0000
f 346//259 350//259 349//259 345//259
vn 0.0000 -1.0000 0.0000
f 343//260 344//260 348//260 347//260
vn 0.0000 0.0000 -1.0000
f 351//261 354//261 353//261 352//261
vn 0.0000 0.0000 1.0000
f 355//262 356//262 357//262 358//262
vn -1.0000 0.0000 0.0000
f 351//263 355//263 358//263 354//263
vn 1.0000 0.0000 0.0000
f 352//264 353//264 357//264 356//264
vn 0.0000 1.0000 0.0000
f 354//265 358//265 357//265 353//265
vn 0.0000 -1.0000 0.0000
f 351//266 352//266 356//266 355//266
vn 0.0000 0.0000 -1.0000
f 359//267 362//267 361//267 360//267
vn 0.0000 0.0000 1.0000
f 363//268 364//268 365//268 366//268
vn -1.0000 0.0000 0.0000
f 359//269 363//269 366//269 362//269
vn 1.0000 0.0000 0.0000
f 360//270 361//270 365//270 364//270
vn 0.0000 1.0000 0.0000
f 362//271 366//271 365//271 361//271
vn 0.0000 -1.0000 0.0000
f 359//272 360//272 364//272 363//272
vn 0.0000 0.0000 -1.0000
f 367//273 370//273 369//273 368//273
vn 0.0000 0.0000 1.0000
f 371//274 372//274 373//274 374//274
vn -1.0000 0.0000 0.0000
f 367//275 371//275 374//275 370//275
vn 1.0000 0.0000 0.0000
f 368//276 369//276 373//276 372//276
vn 0.0000 1.0000 0.0000
f 370//277 374//277 373//277 369//277
vn 0.0000 -1.0000 0.0000
f 367//278 368//278 372//278 371//278
vn 0.0000 0.0000 -1.0000
f 375//279 378//279 377//279 376//279
vn 0.0000 0.0000 1.0000
f 379//280 380//280 381//280 382//280
vn -1.0000 0.0000 0.0000
f 375//281 379//281 382//281 378//281
vn 1.0000 0.0000 0.0000
f 376//282 377//282 381//282 380//282
vn 0.0000 1.0000 0.0000
f 378//283 382//283 381//283 377//283
vn 0.0000 -1.0000 0.0000
f 375//284 376//284 380//284 379//284
vn 0.0000 0.0000 -1.0000
f 383//285 386//285 385//285 384//285
vn 0.0000 0.0000 1.0000
f 387//286 388//286 389//286 390//286
vn -1.0000 0.0000 0.0000
f 383//287 387//287 390//287 386//287
vn 1.0000 0.0000 0.0000
f 384//288 385//288 389//288 388//288
vn 0.0000 1.0000 0.0000
f 386//289 390//289 389//289 385//289
vn 0.0000 -1.0000 0.0000
f 383//290 384//290 388//290 387//290
vn 0.0000 0.0000 -1.0000
f 391//291 394//291 393//291 392//291
vn 0.0000 0.0000 1.0000
f 395//292 396//292 397//292 398//292
vn -1.0000 0.0000 0.0000
f 391//293 395//293 398//293 394//293
vn 1.0000 0.0000 0.0000
f 392//294 393//294 397//294 396//294
vn 0.0000 1.0000 0.0000
f 394//295 398//295 397//295 393//295
vn 0.0000 -1.0000 0.0000
f 391//296 392//296 396//296 395//296
vn 0.0000 0.0000 -1.0000
f 399//297 402//297 401//297 400//297
vn 0.0000 0.0000 1.0000
f 403//298 404//298 405//298 406//298
vn -1.0000 0.0000 0.0000
f 399//299 403//299 406//299 402//299
vn 1.0000 0.0000 0.0000
f 400//300 401//300 405//300 404//300
vn 0.0000 1.0000 0.0000
f 402//301 406//301 405//301 401//301
vn 0.0000 -1.0000 0.0000
f 399//302 400//302 404//302 403//302
vn 0.0000 0.0000 -1.0000
f 407//303 410//303 409//303 408//303
vn 0.0000 0.0000 1.0000
f 411//304 412//304 413//304 414//304
vn -1.0000 0.0000 0.0000
f 407//305 411//305 414//305 410//305
vn 1.0000 0.0000 0.0000
f 408//306 409//306 413//306 412//306
vn 0.0000 1.0000 0.0000
f 410//307 414//307 413//307 409//307
vn 0.0000 -1.0000 0.0000
f 407//308 408//308 412//308 411//308
vn 0.0000 0.0000 -1.0000
f 415//309 418//309 417//309 416//309
vn 0.0000 0.0000 1.0000
f 419//310 420//310 421//310 422//310
vn -1.0000 0.0000 0.0000
f 415//311 419//311 422//311 418//311
vn 1.0000 0.0000 0.0000
f 416//312 417//312 421//312 420//312
vn 0.0000 1.0000 0.0000
f 418//313 422//313 421//313 417//313
vn 0.0000 -1.0000 0.0000
f 415//314 416//314 420//314 419//314
vn 0.0000 0.0000 -1.0000
f 423//315 426//315 425//315 424//315
vn 0.0000 0.0000 1.0000
f 427//316 428//316 429//316 430//316
vn -1.0000 0.0000 0.0000
f 423//317 427//317 430//317 426//317
vn 1.0000 0.0000 0.0000
f 424//318 425//318 429//318 428//318
vn 0.0000 1.0000 0.0000
f 426//319 430//319 429//319 425//319
vn 0.0000 -1.0000 0.0000
f 423//320 424//320 428//320 427//320
vn 0.0000 0.0000 -1.0000
f 431//321 434//321 433//321 432//321
vn 0.0000 0.0000 1.0000
f 435//322 436//322 437//322 438//322
vn -1.0000 0.0000 0.0000
f 431//323 435//323 438//323 434//323
vn 1.0000 0.0000 0.0000
f 432//324 433//324 437//324 436//324
vn 0.0000 1.0000 0.0000
f 434//325 438//325 437//325 433//325
vn 0.0000 -1.0000 0.0000
f 431//326 432//326 436//326 435//326
vn 0.0000 0.0000 -1.0000
f 439//327 442//327 441//327 440//327
vn 0.0000 0.0000 1.0000
f 443//328 444//328 445//328 446//328
vn -1.0000 0.0000 0.0000
f 439//329 443//329 446//329 442//329
vn 1.0000 0.0000 0.0000
f 440//330 441//330 445//330 444//330
vn 0.0000 1.0000 0.0000
f 442//331 446//331 445//331 441//331
vn 0.0000 -1.0000 0.0000
f 439//332 440//332 444//332 443//332
vn 0.0000 0.0000 -1.0000
f 447//333 450//333 449//333 448//333
vn 0.0000 0.0000 1.0000
f 451//334 452//334 453//334 454//334
vn -1.0000 0.0000 0.0000
f 447//335 451//335 454//335 450//335
vn 1.0000 0.0000 0.0000
f 448//336 449//336 453//336 452//336
vn 0.0000 1.0000 0.0000
f 450//337 454//337 453//337 449//337
vn 0.0000 -1.0000 0.0000
f 447//338 448//338 452//338 451//338
vn 0.0000 0.0000 -1.0000
f 455//339 458//339 457//339 456//339
vn 0.0000 0.0000 1.0000
f 459//340 460//340 461//340 462//340
vn -1.0000 0.0000 0.0000
f 455//341 459//341 462//341 458//341
vn 1.0000 0.0000 0.0000
f 456//342 457//342 461//342 460//342
vn 0.0000 1.0000 0.0000
f 458//343 462//343 461//343 457//343
vn 0.0000 -1.0000 0.0000
f 455//344 456//344 460//344 459//344
vn 0.0000 0.0000 -1.0000
f 463//345 466//345 465//345 464//345
vn 0.0000 0.0000 1.0000
f 467//346 468//346 469//346 470//346
vn -1.0000 0.0000 0.0000
f 463//347 467//347 470//347 466//347
vn 1.0000 0.0000 0.0000
f 464//348 465//348 469//348 468//348
vn 0.0000 1.0000 0.0000
f 466//349 470//349 469//349 465//349
vn 0.0000 -1.0000 0.0000
f 463//350 464//350 468//350 467//350
vn 0.0000 0.0000 -1.0000
f 471//351 474//351 473//351 472//351
vn 0.0000 0.0000 1.0000
f 475//352 476//352 477//352 478//352
vn -1.0000 0.0000 0.0000
f 471//353 475//353 478//353 474//353
vn 1.0000 0.0000 0.0000
f 472//354 473//354 477//354 476//354
vn 0.0000 1.0000 0.0000
f 474//355 478//355 477//355 473//355
vn 0.0000 -1.0000 0.0000
f 471//356 472//356 476//356 475//356
vn 0.0000 0.0000 -1.0000
f 479//357 482//357 481//357 480//357
vn 0.0000 0.0000 1.0000
f 483//358 484//358 485//358 486//358
vn -1.0000 0.0000 0.0000
f 479//359 483//359 486//359 482//359
vn 1.0000 0.0000 0.0000
f 480//360 481//360 485//360 484//360
vn 0.0000 1.0000 0.0000
f 482//361 486//361 485//361 481//361
vn 0.0000 -1.0000 0.0000
f 479//362 480//362 484//362 483//362
vn 0.0000 0.0000 -1.0000
f 487//363 490//363 489//363 488//363
vn 0.0000 0.0000 1.0000
f 491//364 492//364 493//364 494//364
vn -1.0000 0.0000 0.0000
f 487//365 491//365 494//365 490//365
vn 1.0000 0.0000 0.0000
f 488//366 489//366 493//366 492//366
vn 0.0000 1.0000 0.0000
f 490//367 494//367 493//367 489//367
vn 0.0000 -1.0000 0.0000
f 487//368 488//368 492//368 491//368
vn 0.0000 0.0000 -1.0000
f 495//369 498//369 497//369 496//369
vn 0.0000 0.0000 1.0000
f 499//370 500//370 501//370 502//370
vn -1.0000 0.0000 0.0000
f 495//371 499//371 502//371 498//371
vn 1.0000 0.0000 0.0000
f 496//372 497//372 501//372 500//372
vn 0.0000 1.0000 0.0000
f 498//373 502//373 501//373 497//373
vn 0.0000 -1.0000 0.0000
f 495//374 496//374 500//374 499//374
vn 0.0000 0.0000 -1.0000
f 503//375 506//375 505//375 504//375
vn 0.0000 0.0000 1.0000
f 507//376 508//376 509//376 510//376
vn -1.0000 0.0000 0.0000
f 503//377 507//377 510//377 506//377
vn 1.0000 0.0000 0.0000
f 504//378 505//378 509//378 508//378
vn 0.0000 1.0000 0.0000
f 506//379 510//379 509//379 505//379
vn 0.0000 -1.0000 0.0000
f 503//380 504//380 508//380 507//380
vn 0.0000 0.0000 -1.0000
f 511//381 514//381 513//381 512//381
vn 0.0000 0.0000 1.0000
f 515//382 516//382 517//382 518//382
vn -1.0000 0.0000 0.0000
f 511//383 515//383 518//383 514//383
vn 1.0000 0.0000 0.0000
f 512//384 513//384 517//384 516//384
vn 0.0000 1.0000 0.0000
f 514//385 518//385 517//385 513//385
vn 0.0000 -1.0000 0.0000
f 511//386 512//386 516//386 515//386
o electric_meter
v 7.0000 1.2500 0.7515
v 7.0000 1.2500 0.4515
v 7.0000 1.7700 0.4515
v 7.0000 1.7700 0.7515
v 7.1100 1.2500 0.7515
v 7.1100 1.2500 0.4515
v 7.1100 1.7700 0.4515
v 7.1100 1.7700 0.7515
v 6.9950 1.7650 0.7565
v 6.9950 1.7650 0.4465
v 6.9950 1.7850 0.4465
v 6.9950 1.7850 0.7565
v 7.1150 1.7650 0.7565
v 7.1150 1.7650 0.4465
v 7.1150 1.7850 0.4465
v 7.1150 1.7850 0.7565
v 7.0400 1.8600 0.5665
v 7.0400 1.7800 0.5665
v 7.0575 1.8600 0.5712
v 7.0575 1.7800 0.5712
v 7.0703 1.8600 0.5840
v 7.0703 1.7800 0.5840
v 7.0750 1.8600 0.6015
v 7.0750 1.7800 0.6015
v 7.0703 1.8600 0.6190
v 7.0703 1.7800 0.6190
v 7.0575 1.8600 0.6318
v 7.0575 1.7800 0.6318
v 7.0400 1.8600 0.6365
v 7.0400 1.7800 0.6365
v 7.0225 1.8600 0.6318
v 7.0225 1.7800 0.6318
v 7.0097 1.8600 0.6190
v 7.0097 1.7800 0.6190
v 7.0050 1.8600 0.6015
v 7.0050 1.7800 0.6015
v 7.0097 1.8600 0.5840
v 7.0097 1.7800 0.5840
v 7.0225 1.8600 0.5712
v 7.0225 1.7800 0.5712
v 7.0400 1.8600 0.6015
v 7.0400 1.7800 0.6015
v 7.1400 1.5800 0.4965
v 7.1100 1.5800 0.4965
v 7.1400 1.6005 0.4985
v 7.1100 1.6005 0.4985
v 7.1400 1.6202 0.5045
v 7.1100 1.6202 0.5045
v 7.1400 1.6383 0.5142
v 7.1100 1.6383 0.5142
v 7.1400 1.6542 0.5273
v 7.1100 1.6542 0.5273
v 7.1400 1.6673 0.5432
v 7.1100 1.6673 0.5432
v 7.1400 1.6770 0.5613
v 7.1100 1.6770 0.5613
v 7.1400 1.6830 0.5810
v 7.1100 1.6830 0.5810
v 7.1400 1.6850 0.6015
v 7.1100 1.6850 0.6015
v 7.1400 1.6830 0.6220
v 7.1100 1.6830 0.6220
v 7.1400 1.6770 0.6417
v 7.1100 1.6770 0.6417
v 7.1400 1.6673 0.6599
v 7.1100 1.6673 0.6599
v 7.1400 1.6542 0.6758
v 7.1100 1.6542 0.6758
v 7.1400 1.6383 0.6888
v 7.1100 1.6383 0.6888
v 7.1400 1.6202 0.6985
v 7.1100 1.6202 0.6985
v 7.1400 1.6005 0.7045
v 7.1100 1.6005 0.7045
v 7.1400 1.5800 0.7065
v 7.1100 1.5800 0.7065
v 7.1400 1.5595 0.7045
v 7.1100 1.5595 0.7045
v 7.1400 1.5398 0.6985
v 7.1100 1.5398 0.6985
v 7.1400 1.5217 0.6888
v 7.1100 1.5217 0.6888
v 7.1400 1.5058 0.6758
v 7.1100 1.5058 0.6758
v 7.1400 1.4927 0.6599
v 7.1100 1.4927 0.6599
v 7.1400 1.4830 0.6417
v 7.1100 1.4830 0.6417
v 7.1400 1.4770 0.6220
v 7.1100 1.4770 0.6220
v 7.1400 1.4750 0.6015
v 7.1100 1.4750 0.6015
v 7.1400 1.4770 0.5810
v 7.1100 1.4770 0.5810
v 7.1400 1.4830 0.5613
v 7.1100 1.4830 0.5613
v 7.1400 1.4927 0.5432
v 7.1100 1.4927 0.5432
v 7.1400 1.5058 0.5273
v 7.1100 1.5058 0.5273
v 7.1400 1.5217 0.5142
v 7.1100 1.5217 0.5142
v 7.1400 1.5398 0.5045
v 7.1100 1.5398 0.5045
v 7.1400 1.5595 0.4985
v 7.1100 1.5595 0.4985
v 7.1400 1.5800 0.6015
v 7.1100 1.5800 0.6015
v 7.2150 1.5800 0.5115
v 7.1350 1.5800 0.5115
v 7.2150 1.5976 0.5133
v 7.1350 1.5976 0.5133
v 7.2150 1.6144 0.5184
v 7.1350 1.6144 0.5184
v 7.2150 1.6300 0.5267
v 7.1350 1.6300 0.5267
v 7.2150 1.6436 0.5379
v 7.1350 1.6436 0.5379
v 7.2150 1.6548 0.5515
v 7.1350 1.6548 0.5515
v 7.2150 1.6631 0.5671
v 7.1350 1.6631 0.5671
v 7.2150 1.6683 0.5840
v 7.1350 1.6683 0.5840
v 7.2150 1.6700 0.6015
v 7.1350 1.6700 0.6015
v 7.2150 1.6683 0.6191
v 7.1350 1.6683 0.6191
v 7.2150 1.6631 0.6360
v 7.1350 1.6631 0.6360
v 7.2150 1.6548 0.6515
v 7.1350 1.6548 0.6515
v 7.2150 1.6436 0.6652
v 7.1350 1.6436 0.6652
v 7.2150 1.6300 0.6764
v 7.1350 1.6300 0.6764
v 7.2150 1.6144 0.6847
v 7.1350 1.6144 0.6847
v 7.2150 1.5976 0.6898
v 7.1350 1.5976 0.6898
v 7.2150 1.5800 0.6915
v 7.1350 1.5800 0.6915
v 7.2150 1.5624 0.6898
v 7.1350 1.5624 0.6898
v 7.2150 1.5456 0.6847
v 7.1350 1.5456 0.6847
v 7.2150 1.5300 0.6764
v 7.1350 1.5300 0.6764
v 7.2150 1.5164 0.6652
v 7.1350 1.5164 0.6652
v 7.2150 1.5052 0.6515
v 7.1350 1.5052 0.6515
v 7.2150 1.4969 0.6360
v 7.1350 1.4969 0.6360
v 7.2150 1.4917 0.6191
v 7.1350 1.4917 0.6191
v 7.2150 1.4900 0.6015
v 7.1350 1.4900 0.6015
v 7.2150 1.4917 0.5840
v 7.1350 1.4917 0.5840
v 7.2150 1.4969 0.5671
v 7.1350 1.4969 0.5671
v 7.2150 1.5052 0.5515
v 7.1350 1.5052 0.5515
v 7.2150 1.5164 0.5379
v 7.1350 1.5164 0.5379
v 7.2150 1.5300 0.5267
v 7.1350 1.5300 0.5267
v 7.2150 1.5456 0.5184
v 7.1350 1.5456 0.5184
v 7.2150 1.5624 0.5133
v 7.1350 1.5624 0.5133
v 7.2150 1.5800 0.6015
v 7.1350 1.5800 0.6015
v 7.2180 1.5800 0.5215
v 7.2140 1.5800 0.5215
v 7.2180 1.5956 0.5231
v 7.2140 1.5956 0.5231
v 7.2180 1.6106 0.5276
v 7.2140 1.6106 0.5276
v 7.2180 1.6244 0.5350
v 7.2140 1.6244 0.5350
v 7.2180 1.6366 0.5450
v 7.2140 1.6366 0.5450
v 7.2180 1.6465 0.5571
v 7.2140 1.6465 0.5571
v 7.2180 1.6539 0.5709
v 7.2140 1.6539 0.5709
v 7.2180 1.6585 0.5859
v 7.2140 1.6585 0.5859
v 7.2180 1.6600 0.6015
v 7.2140 1.6600 0.6015
v 7.2180 1.6585 0.6171
v 7.2140 1.6585 0.6171
v 7.2180 1.6539 0.6321
v 7.2140 1.6539 0.6321
v 7.2180 1.6465 0.6460
v 7.2140 1.6465 0.6460
v 7.2180 1.6366 0.6581
v 7.2140 1.6366 0.6581
v 7.2180 1.6244 0.6680
v 7.2140 1.6244 0.6680
v 7.2180 1.6106 0.6754
v 7.2140 1.6106 0.6754
v 7.2180 1.5956 0.6800
v 7.2140 1.5956 0.6800
v 7.2180 1.5800 0.6815
v 7.2140 1.5800 0.6815
v 7.2180 1.5644 0.6800
v 7.2140 1.5644 0.6800
v 7.2180 1.5494 0.6754
v 7.2140 1.5494 0.6754
v 7.2180 1.5356 0.6680
v 7.2140 1.5356 0.6680
v 7.2180 1.5234 0.6581
v 7.2140 1.5234 0.6581
v 7.2180 1.5135 0.6460
v 7.2140 1.5135 0.6460
v 7.2180 1.5061 0.6321
v 7.2140 1.5061 0.6321
v 7.2180 1.5015 0.6171
v 7.2140 1.5015 0.6171
v 7.2180 1.5000 0.6015
v 7.2140 1.5000 0.6015
v 7.2180 1.5015 0.5859
v 7.2140 1.5015 0.5859
v 7.2180 1.5061 0.5709
v 7.2140 1.5061 0.5709
v 7.2180 1.5135 0.5571
v 7.2140 1.5135 0.5571
v 7.2180 1.5234 0.5450
v 7.2140 1.5234 0.5450
v 7.2180 1.5356 0.5350
v 7.2140 1.5356 0.5350
v 7.2180 1.5494 0.5276
v 7.2140 1.5494 0.5276
v 7.2180 1.5644 0.5231
v 7.2140 1.5644 0.5231
v 7.2180 1.5800 0.6015
v 7.2140 1.5800 0.6015
v 7.2180 1.5990 0.6365
v 7.2180 1.5990 0.5665
v 7.2180 1.6210 0.5665
v 7.2180 1.6210 0.6365
v 7.2220 1.5990 0.6365
v 7.2220 1.5990 0.5665
v 7.2220 1.6210 0.5665
v 7.2220 1.6210 0.6365
v 7.1080 1.2750 0.5215
v 7.1080 1.2750 0.4815
v 7.1080 1.2950 0.4815
v 7.1080 1.2950 0.5215
v 7.1180 1.2750 0.5215
v 7.1180 1.2750 0.4815
v 7.1180 1.2950 0.4815
v 7.1180 1.2950 0.5215
vn -1.0000 0.0000 0.0000
usemtl steel_paint
f 519//387 522//387 521//387 520//387
vn 1.0000 0.0000 0.0000
f 523//388 524//388 525//388 526//388
vn 0.0000 0.0000 1.0000
f 519//389 523//389 526//389 522//389
vn 0.0000 0.0000 -1.0000
f 520//390 521//390 525//390 524//390
vn 0.0000 1.0000 0.0000
f 522//391 526//391 525//391 521//391
vn 0.0000 -1.0000 0.0000
f 519//392 520//392 524//392 523//392
vn -1.0000 0.0000 0.0000
usemtl steel_paint_dark
f 527//393 530//393 529//393 528//393
vn 1.0000 0.0000 0.0000
f 531//394 532//394 533//394 534//394
vn 0.0000 0.0000 1.0000
f 527//395 531//395 534//395 530//395
vn 0.0000 0.0000 -1.0000
f 528//396 529//396 533//396 532//396
vn 0.0000 1.0000 0.0000
f 530//397 534//397 533//397 529//397
vn 0.0000 -1.0000 0.0000
f 527//398 528//398 532//398 531//398
vn 0.2588 0.0000 -0.9659
usemtl galvanized
f 535//399 537//399 538//399 536//399
vn 0.7071 0.0000 -0.7071
f 537//400 539//400 540//400 538//400
vn 0.9659 0.0000 -0.2588
f 539//401 541//401 542//401 540//401
vn 0.9659 0.0000 0.2588
f 541//402 543//402 544//402 542//402
vn 0.7071 0.0000 0.7071
f 543//403 545//403 546//403 544//403
vn 0.2588 0.0000 0.9659
f 545//404 547//404 548//404 546//404
vn -0.2588 0.0000 0.9659
f 547//405 549//405 550//405 548//405
vn -0.7071 0.0000 0.7071
f 549//406 551//406 552//406 550//406
vn -0.9659 0.0000 0.2588
f 551//407 553//407 554//407 552//407
vn -0.9659 0.0000 -0.2588
f 553//408 555//408 556//408 554//408
vn -0.7071 0.0000 -0.7071
f 555//409 557//409 558//409 556//409
vn -0.2588 0.0000 -0.9659
f 557//410 535//410 536//410 558//410
vn 0.0000 1.0000 0.0000
f 559//411 537//411 535//411
vn 0.0000 -1.0000 0.0000
f 560//412 536//412 538//412
vn 0.0000 1.0000 0.0000
f 559//413 539//413 537//413
vn 0.0000 -1.0000 0.0000
f 560//414 538//414 540//414
vn 0.0000 1.0000 0.0000
f 559//415 541//415 539//415
vn 0.0000 -1.0000 0.0000
f 560//416 540//416 542//416
vn 0.0000 1.0000 0.0000
f 559//417 543//417 541//417
vn 0.0000 -1.0000 0.0000
f 560//418 542//418 544//418
vn 0.0000 1.0000 0.0000
f 559//419 545//419 543//419
vn 0.0000 -1.0000 0.0000
f 560//420 544//420 546//420
vn 0.0000 1.0000 0.0000
f 559//421 547//421 545//421
vn 0.0000 -1.0000 0.0000
f 560//422 546//422 548//422
vn 0.0000 1.0000 0.0000
f 559//423 549//423 547//423
vn 0.0000 -1.0000 0.0000
f 560//424 548//424 550//424
vn 0.0000 1.0000 0.0000
f 559//425 551//425 549//425
vn 0.0000 -1.0000 0.0000
f 560//426 550//426 552//426
vn 0.0000 1.0000 0.0000
f 559//427 553//427 551//427
vn 0.0000 -1.0000 0.0000
f 560//428 552//428 554//428
vn 0.0000 1.0000 0.0000
f 559//429 555//429 553//429
vn 0.0000 -1.0000 0.0000
f 560//430 554//430 556//430
vn 0.0000 1.0000 0.0000
f 559//431 557//431 555//431
vn 0.0000 -1.0000 0.0000
f 560//432 556//432 558//432
vn 0.0000 1.0000 0.0000
f 559//433 535//433 557//433
vn 0.0000 -1.0000 0.0000
f 560//434 558//434 536//434
vn 0.0000 -0.0980 0.9952
usemtl meter_ring
f 561//435 563//435 564//435 562//435
vn 0.0000 -0.2903 0.9569
f 563//436 565//436 566//436 564//436
vn 0.0000 -0.4714 0.8819
f 565//437 567//437 568//437 566//437
vn 0.0000 -0.6344 0.7730
f 567//438 569//438 570//438 568//438
vn 0.0000 -0.7730 0.6344
f 569//439 571//439 572//439 570//439
vn 0.0000 -0.8819 0.4714
f 571//440 573//440 574//440 572//440
vn 0.0000 -0.9569 0.2903
f 573//441 575//441 576//441 574//441
vn 0.0000 -0.9952 0.0980
f 575//442 577//442 578//442 576//442
vn 0.0000 -0.9952 -0.0980
f 577//443 579//443 580//443 578//443
vn 0.0000 -0.9569 -0.2903
f 579//444 581//444 582//444 580//444
vn 0.0000 -0.8819 -0.4714
f 581//445 583//445 584//445 582//445
vn 0.0000 -0.7730 -0.6344
f 583//446 585//446 586//446 584//446
vn 0.0000 -0.6344 -0.7730
f 585//447 587//447 588//447 586//447
vn 0.0000 -0.4714 -0.8819
f 587//448 589//448 590//448 588//448
vn 0.0000 -0.2903 -0.9569
f 589//449 591//449 592//449 590//449
vn 0.0000 -0.0980 -0.9952
f 591//450 593//450 594//450 592//450
vn 0.0000 0.0980 -0.9952
f 593//451 595//451 596//451 594//451
vn 0.0000 0.2903 -0.9569
f 595//452 597//452 598//452 596//452
vn 0.0000 0.4714 -0.8819
f 597//453 599//453 600//453 598//453
vn 0.0000 0.6344 -0.7730
f 599//454 601//454 602//454 600//454
vn 0.0000 0.7730 -0.6344
f 601//455 603//455 604//455 602//455
vn 0.0000 0.8819 -0.4714
f 603//456 605//456 606//456 604//456
vn 0.0000 0.9569 -0.2903
f 605//457 607//457 608//457 606//457
vn 0.0000 0.9952 -0.0980
f 607//458 609//458 610//458 608//458
vn 0.0000 0.9952 0.0980
f 609//459 611//459 612//459 610//459
vn 0.0000 0.9569 0.2903
f 611//460 613//460 614//460 612//460
vn 0.0000 0.8819 0.4714
f 613//461 615//461 616//461 614//461
vn 0.0000 0.7730 0.6344
f 615//462 617//462 618//462 616//462
vn 0.0000 0.6344 0.7730
f 617//463 619//463 620//463 618//463
vn 0.0000 0.4714 0.8819
f 619//464 621//464 622//464 620//464
vn 0.0000 0.2903 0.9569
f 621//465 623//465 624//465 622//465
vn 0.0000 0.0980 0.9952
f 623//466 561//466 562//466 624//466
vn -1.0000 0.0000 0.0000
f 625//467 563//467 561//467
vn 1.0000 0.0000 0.0000
f 626//468 562//468 564//468
vn -1.0000 0.0000 0.0000
f 625//469 565//469 563//469
vn 1.0000 0.0000 0.0000
f 626//470 564//470 566//470
vn -1.0000 -0.0000 0.0000
f 625//471 567//471 565//471
vn 1.0000 0.0000 0.0000
f 626//472 566//472 568//472
vn -1.0000 0.0000 0.0000
f 625//473 569//473 567//473
vn 1.0000 -0.0000 0.0000
f 626//474 568//474 570//474
vn -1.0000 0.0000 0.0000
f 625//475 571//475 569//475
vn 1.0000 0.0000 0.0000
f 626//476 570//476 572//476
vn -1.0000 -0.0000 0.0000
f 625//477 573//477 571//477
vn 1.0000 0.0000 0.0000
f 626//478 572//478 574//478
vn -1.0000 0.0000 0.0000
f 625//479 575//479 573//479
vn 1.0000 0.0000 0.0000
f 626//480 574//480 576//480
vn -1.0000 0.0000 0.0000
f 625//481 577//481 575//481
vn 1.0000 0.0000 0.0000
f 626//482 576//482 578//482
vn -1.0000 0.0000 0.0000
f 625//483 579//483 577//483
vn 1.0000 0.0000 0.0000
f 626//484 578//484 580//484
vn -1.0000 0.0000 0.0000
f 625//485 581//485 579//485
vn 1.0000 0.0000 0.0000
f 626//486 580//486 582//486
vn -1.0000 0.0000 0.0000
f 625//487 583//487 581//487
vn 1.0000 0.0000 0.0000
f 626//488 582//488 584//488
vn -1.0000 0.0000 0.0000
f 625//489 585//489 583//489
vn 1.0000 0.0000 0.0000
f 626//490 584//490 586//490
vn -1.0000 0.0000 0.0000
f 625//491 587//491 585//491
vn 1.0000 0.0000 0.0000
f 626//492 586//492 588//492
vn -1.0000 -0.0000 0.0000
f 625//493 589//493 587//493
vn 1.0000 0.0000 0.0000
f 626//494 588//494 590//494
vn -1.0000 0.0000 0.0000
f 625//495 591//495 589//495
vn 1.0000 0.0000 0.0000
f 626//496 590//496 592//496
vn -1.0000 0.0000 0.0000
f 625//497 593//497 591//497
vn 1.0000 0.0000 0.0000
f 626//498 592//498 594//498
vn -1.0000 -0.0000 0.0000
f 625//499 595//499 593//499
vn 1.0000 -0.0000 0.0000
f 626//500 594//500 596//500
vn -1.0000 0.0000 0.0000
f 625//501 597//501 595//501
vn 1.0000 0.0000 0.0000
f 626//502 596//502 598//502
vn -1.0000 0.0000 0.0000
f 625//503 599//503 597//503
vn 1.0000 0.0000 0.0000
f 626//504 598//504 600//504
vn -1.0000 -0.0000 0.0000
f 625//505 601//505 599//505
vn 1.0000 0.0000 0.0000
f 626//506 600//506 602//506
vn -1.0000 0.0000 0.0000
f 625//507 603//507 601//507
vn 1.0000 -0.0000 0.0000
f 626//508 602//508 604//508
vn -1.0000 0.0000 0.0000
f 625//509 605//509 603//509
vn 1.0000 0.0000 0.0000
f 626//510 604//510 606//510
vn -1.0000 0.0000 0.0000
f 625//511 607//511 605//511
vn 1.0000 0.0000 0.0000
f 626//512 606//512 608//512
vn -1.0000 0.0000 0.0000
f 625//513 609//513 607//513
vn 1.0000 0.0000 0.0000
f 626//514 608//514 610//514
vn -1.0000 0.0000 0.0000
f 625//515 611//515 609//515
vn 1.0000 0.0000 0.0000
f 626//516 610//516 612//516
vn -1.0000 -0.0000 0.0000
f 625//517 613//517 611//517
vn 1.0000 0.0000 0.0000
f 626//518 612//518 614//518
vn -1.0000 0.0000 0.0000
f 625//519 615//519 613//519
vn 1.0000 0.0000 0.0000
f 626//520 614//520 616//520
vn -1.0000 0.0000 0.0000
f 625//521 617//521 615//521
vn 1.0000 0.0000 0.0000
f 626//522 616//522 618//522
vn -1.0000 -0.0000 0.0000
f 625//523 619//523 617//523
vn 1.0000 0.0000 0.0000
f 626//524 618//524 620//524
vn -1.0000 0.0000 0.0000
f 625//525 621//525 619//525
vn 1.0000 0.0000 0.0000
f 626//526 620//526 622//526
vn -1.0000 -0.0000 0.0000
f 625//527 623//527 621//527
vn 1.0000 0.0000 0.0000
f 626//528 622//528 624//528
vn -1.0000 0.0000 0.0000
f 625//529 561//529 623//529
vn 1.0000 0.0000 0.0000
f 626//530 624//530 562//530
vn 0.0000 -0.0980 0.9952
usemtl meter_glass
f 627//531 629//531 630//531 628//531
vn 0.0000 -0.2903 0.9569
f 629//532 631//532 632//532 630//532
vn 0.0000 -0.4714 0.8819
f 631//533 633//533 634//533 632//533
vn 0.0000 -0.6344 0.7730
f 633//534 635//534 636//534 634//534
vn 0.0000 -0.7730 0.6344
f 635//535 637//535 638//535 636//535
vn 0.0000 -0.8819 0.4714
f 637//536 639//536 640//536 638//536
vn -0.0000 -0.9569 0.2903
f 639//537 641//537 642//537 640//537
vn 0.0000 -0.9952 0.0980
f 641//538 643//538 644//538 642//538
vn 0.0000 -0.9952 -0.0980
f 643//539 645//539 646//539 644//539
vn 0.0000 -0.9569 -0.2903
f 645//540 647//540 648//540 646//540
vn 0.0000 -0.8819 -0.4714
f 647//541 649//541 650//541 648//541
vn 0.0000 -0.7730 -0.6344
f 649//542 651//542 652//542 650//542
vn 0.0000 -0.6344 -0.7730
f 651//543 653//543 654//543 652//543
vn 0.0000 -0.4714 -0.8819
f 653//544 655//544 656//544 654//544
vn 0.0000 -0.2903 -0.9569
f 655//545 657//545 658//545 656//545
vn 0.0000 -0.0980 -0.9952
f 657//546 659//546 660//546 658//546
vn 0.0000 0.0980 -0.9952
f 659//547 661//547 662//547 660//547
vn 0.0000 0.2903 -0.9569
f 661//548 663//548 664//548 662//548
vn 0.0000 0.4714 -0.8819
f 663//549 665//549 666//549 664//549
vn 0.0000 0.6344 -0.7730
f 665//550 667//550 668//550 666//550
vn 0.0000 0.7730 -0.6344
f 667//551 669//551 670//551 668//551
vn 0.0000 0.8819 -0.4714
f 669//552 671//552 672//552 670//552
vn 0.0000 0.9569 -0.2903
f 671//553 673//553 674//553 672//553
vn 0.0000 0.9952 -0.0980
f 673//554 675//554 676//554 674//554
vn 0.0000 0.9952 0.0980
f 675//555 677//555 678//555 676//555
vn 0.0000 0.9569 0.2903
f 677//556 679//556 680//556 678//556
vn 0.0000 0.8819 0.4714
f 679//557 681//557 682//557 680//557
vn 0.0000 0.7730 0.6344
f 681//558 683//558 684//558 682//558
vn 0.0000 0.6344 0.7730
f 683//559 685//559 686//559 684//559
vn 0.0000 0.4714 0.8819
f 685//560 687//560 688//560 686//560
vn 0.0000 0.2903 0.9569
f 687//561 689//561 690//561 688//561
vn 0.0000 0.0980 0.9952
f 689//562 627//562 628//562 690//562
vn -1.0000 0.0000 0.0000
f 691//563 629//563 627//563
vn 1.0000 0.0000 0.0000
f 692//564 628//564 630//564
vn -1.0000 0.0000 0.0000
f 691//565 631//565 629//565
vn 1.0000 0.0000 0.0000
f 692//566 630//566 632//566
vn -1.0000 0.0000 0.0000
f 691//567 633//567 631//567
vn 1.0000 0.0000 0.0000
f 692//568 632//568 634//568
vn -1.0000 0.0000 0.0000
f 691//569 635//569 633//569
vn 1.0000 0.0000 0.0000
f 692//570 634//570 636//570
vn -1.0000 0.0000 0.0000
f 691//571 637//571 635//571
vn 1.0000 0.0000 0.0000
f 692//572 636//572 638//572
vn -1.0000 0.0000 0.0000
f 691//573 639//573 637//573
vn 1.0000 0.0000 0.0000
f 692//574 638//574 640//574
vn -1.0000 -0.0000 0.0000
f 691//575 641//575 639//575
vn 1.0000 0.0000 0.0000
f 692//576 640//576 642//576
vn -1.0000 0.0000 0.0000
f 691//577 643//577 641//577
vn 1.0000 0.0000 0.0000
f 692//578 642//578 644//578
vn -1.0000 0.0000 0.0000
f 691//579 645//579 643//579
vn 1.0000 0.0000 0.0000
f 692//580 644//580 646//580
vn -1.0000 0.0000 0.0000
f 691//581 647//581 645//581
vn 1.0000 0.0000 0.0000
f 692//582 646//582 648//582
vn -1.0000 0.0000 0.0000
f 691//583 649//583 647//583
vn 1.0000 0.0000 0.0000
f 692//584 648//584 650//584
vn -1.0000 0.0000 0.0000
f 691//585 651//585 649//585
vn 1.0000 0.0000 0.0000
f 692//586 650//586 652//586
vn -1.0000 -0.0000 0.0000
f 691//587 653//587 651//587
vn 1.0000 0.0000 0.0000
f 692//588 652//588 654//588
vn -1.0000 0.0000 0.0000
f 691//589 655//589 653//589
vn 1.0000 0.0000 0.0000
f 692//590 654//590 656//590
vn -1.0000 0.0000 0.0000
f 691//591 657//591 655//591
vn 1.0000 0.0000 0.0000
f 692//592 656//592 658//592
vn -1.0000 0.0000 0.0000
f 691//593 659//593 657//593
vn 1.0000 0.0000 0.0000
f 692//594 658//594 660//594
vn -1.0000 0.0000 0.0000
f 691//595 661//595 659//595
vn 1.0000 0.0000 0.0000
f 692//596 660//596 662//596
vn -1.0000 0.0000 0.0000
f 691//597 663//597 661//597
vn 1.0000 0.0000 0.0000
f 692//598 662//598 664//598
vn -1.0000 0.0000 0.0000
f 691//599 665//599 663//599
vn 1.0000 0.0000 0.0000
f 692//600 664//600 666//600
vn -1.0000 0.0000 0.0000
f 691//601 667//601 665//601
vn 1.0000 -0.0000 0.0000
f 692//602 666//602 668//602
vn -1.0000 0.0000 0.0000
f 691//603 669//603 667//603
vn 1.0000 0.0000 0.0000
f 692//604 668//604 670//604
vn -1.0000 0.0000 0.0000
f 691//605 671//605 669//605
vn 1.0000 -0.0000 0.0000
f 692//606 670//606 672//606
vn -1.0000 0.0000 0.0000
f 691//607 673//607 671//607
vn 1.0000 0.0000 0.0000
f 692//608 672//608 674//608
vn -1.0000 0.0000 0.0000
f 691//609 675//609 673//609
vn 1.0000 0.0000 0.0000
f 692//610 674//610 676//610
vn -1.0000 0.0000 0.0000
f 691//611 677//611 675//611
vn 1.0000 0.0000 0.0000
f 692//612 676//612 678//612
vn -1.0000 0.0000 0.0000
f 691//613 679//613 677//613
vn 1.0000 0.0000 0.0000
f 692//614 678//614 680//614
vn -1.0000 0.0000 0.0000
f 691//615 681//615 679//615
vn 1.0000 0.0000 0.0000
f 692//616 680//616 682//616
vn -1.0000 0.0000 0.0000
f 691//617 683//617 681//617
vn 1.0000 0.0000 0.0000
f 692//618 682//618 684//618
vn -1.0000 0.0000 0.0000
f 691//619 685//619 683//619
vn 1.0000 0.0000 0.0000
f 692//620 684//620 686//620
vn -1.0000 0.0000 0.0000
f 691//621 687//621 685//621
vn 1.0000 0.0000 0.0000
f 692//622 686//622 688//622
vn -1.0000 0.0000 0.0000
f 691//623 689//623 687//623
vn 1.0000 0.0000 0.0000
f 692//624 688//624 690//624
vn -1.0000 0.0000 0.0000
f 691//625 627//625 689//625
vn 1.0000 0.0000 0.0000
f 692//626 690//626 628//626
vn 0.0000 -0.0980 0.9952
usemtl meter_face
f 693//627 695//627 696//627 694//627
vn 0.0000 -0.2903 0.9569
f 695//628 697//628 698//628 696//628
vn 0.0000 -0.4714 0.8819
f 697//629 699//629 700//629 698//629
vn 0.0000 -0.6344 0.7730
f 699//630 701//630 702//630 700//630
vn 0.0000 -0.7730 0.6344
f 701//631 703//631 704//631 702//631
vn 0.0000 -0.8819 0.4714
f 703//632 705//632 706//632 704//632
vn 0.0000 -0.9569 0.2903
f 705//633 707//633 708//633 706//633
vn 0.0000 -0.9952 0.0980
f 707//634 709//634 710//634 708//634
vn 0.0000 -0.9952 -0.0980
f 709//635 711//635 712//635 710//635
vn 0.0000 -0.9569 -0.2903
f 711//636 713//636 714//636 712//636
vn 0.0000 -0.8819 -0.4714
f 713//637 715//637 716//637 714//637
vn 0.0000 -0.7730 -0.6344
f 715//638 717//638 718//638 716//638
vn 0.0000 -0.6344 -0.7730
f 717//639 719//639 720//639 718//639
vn 0.0000 -0.4714 -0.8819
f 719//640 721//640 722//640 720//640
vn 0.0000 -0.2903 -0.9569
f 721//641 723//641 724//641 722//641
vn 0.0000 -0.0980 -0.9952
f 723//642 725//642 726//642 724//642
vn 0.0000 0.0980 -0.9952
f 725//643 727//643 728//643 726//643
vn 0.0000 0.2903 -0.9569
f 727//644 729//644 730//644 728//644
vn 0.0000 0.4714 -0.8819
f 729//645 731//645 732//645 730//645
vn 0.0000 0.6344 -0.7730
f 731//646 733//646 734//646 732//646
vn 0.0000 0.7730 -0.6344
f 733//647 735//647 736//647 734//647
vn 0.0000 0.8819 -0.4714
f 735//648 737//648 738//648 736//648
vn 0.0000 0.9569 -0.2903
f 737//649 739//649 740//649 738//649
vn 0.0000 0.9952 -0.0980
f 739//650 741//650 742//650 740//650
vn 0.0000 0.9952 0.0980
f 741//651 743//651 744//651 742//651
vn 0.0000 0.9569 0.2903
f 743//652 745//652 746//652 744//652
vn 0.0000 0.8819 0.4714
f 745//653 747//653 748//653 746//653
vn 0.0000 0.7730 0.6344
f 747//654 749//654 750//654 748//654
vn 0.0000 0.6344 0.7730
f 749//655 751//655 752//655 750//655
vn 0.0000 0.4714 0.8819
f 751//656 753//656 754//656 752//656
vn 0.0000 0.2903 0.9569
f 753//657 755//657 756//657 754//657
vn 0.0000 0.0980 0.9952
f 755//658 693//658 694//658 756//658
vn -1.0000 -0.0000 0.0000
f 757//659 695//659 693//659
vn 1.0000 0.0000 0.0000
f 758//660 694//660 696//660
vn -1.0000 0.0000 0.0000
f 757//661 697//661 695//661
vn 1.0000 0.0000 0.0000
f 758//662 696//662 698//662
vn -1.0000 0.0000 0.0000
f 757//663 699//663 697//663
vn 1.0000 0.0000 0.0000
f 758//664 698//664 700//664
vn -1.0000 0.0000 0.0000
f 757//665 701//665 699//665
vn 1.0000 0.0000 0.0000
f 758//666 700//666 702//666
vn -1.0000 0.0000 0.0000
f 757//667 703//667 701//667
vn 1.0000 0.0000 0.0000
f 758//668 702//668 704//668
vn -1.0000 0.0000 0.0000
f 757//669 705//669 703//669
vn 1.0000 0.0000 0.0000
f 758//670 704//670 706//670
vn -1.0000 0.0000 0.0000
f 757//671 707//671 705//671
vn 1.0000 0.0000 0.0000
f 758//672 706//672 708//672
vn -1.0000 0.0000 0.0000
f 757//673 709//673 707//673
vn 1.0000 0.0000 0.0000
f 758//674 708//674 710//674
vn -1.0000 0.0000 0.0000
f 757//675 711//675 709//675
vn 1.0000 0.0000 0.0000
f 758//676 710//676 712//676
vn -1.0000 0.0000 0.0000
f 757//677 713//677 711//677
vn 1.0000 0.0000 0.0000
f 758//678 712//678 714//678
vn -1.0000 0.0000 0.0000
f 757//679 715//679 713//679
vn 1.0000 0.0000 0.0000
f 758//680 714//680 716//680
vn -1.0000 0.0000 0.0000
f 757//681 717//681 715//681
vn 1.0000 0.0000 0.0000
f 758//682 716//682 718//682
vn -1.0000 0.0000 0.0000
f 757//683 719//683 717//683
vn 1.0000 0.0000 0.0000
f 758//684 718//684 720//684
vn -1.0000 0.0000 0.0000
f 757//685 721//685 719//685
vn 1.0000 0.0000 0.0000
f 758//686 720//686 722//686
vn -1.0000 0.0000 0.0000
f 757//687 723//687 721//687
vn 1.0000 0.0000 0.0000
f 758//688 722//688 724//688
vn -1.0000 0.0000 0.0000
f 757//689 725//689 723//689
vn 1.0000 0.0000 0.0000
f 758//690 724//690 726//690
vn -1.0000 0.0000 0.0000
f 757//691 727//691 725//691
vn 1.0000 0.0000 0.0000
f 758//692 726//692 728//692
vn -1.0000 -0.0000 0.0000
f 757//693 729//693 727//693
vn 1.0000 0.0000 0.0000
f 758//694 728//694 730//694
vn -1.0000 0.0000 0.0000
f 757//695 731//695 729//695
vn 1.0000 0.0000 0.0000
f 758//696 730//696 732//696
vn -1.0000 0.0000 0.0000
f 757//697 733//697 731//697
vn 1.0000 0.0000 0.0000
f 758//698 732//698 734//698
vn -1.0000 0.0000 0.0000
f 757//699 735//699 733//699
vn 1.0000 0.0000 0.0000
f 758//700 734//700 736//700
vn -1.0000 0.0000 0.0000
f 757//701 737//701 735//701
vn 1.0000 -0.0000 0.0000
f 758//702 736//702 738//702
vn -1.0000 0.0000 0.0000
f 757//703 739//703 737//703
vn 1.0000 0.0000 0.0000
f 758//704 738//704 740//704
vn -1.0000 0.0000 0.0000
f 757//705 741//705 739//705
vn 1.0000 0.0000 0.0000
f 758//706 740//706 742//706
vn -1.0000 0.0000 0.0000
f 757//707 743//707 741//707
vn 1.0000 0.0000 0.0000
f 758//708 742//708 744//708
vn -1.0000 0.0000 0.0000
f 757//709 745//709 743//709
vn 1.0000 0.0000 0.0000
f 758//710 744//710 746//710
vn -1.0000 0.0000 0.0000
f 757//711 747//711 745//711
vn 1.0000 0.0000 0.0000
f 758//712 746//712 748//712
vn -1.0000 0.0000 0.0000
f 757//713 749//713 747//713
vn 1.0000 0.0000 0.0000
f 758//714 748//714 750//714
vn -1.0000 0.0000 0.0000
f 757//715 751//715 749//715
vn 1.0000 -0.0000 0.0000
f 758//716 750//716 752//716
vn -1.0000 0.0000 0.0000
f 757//717 753//717 751//717
vn 1.0000 0.0000 0.0000
f 758//718 752//718 754//718
vn -1.0000 -0.0000 0.0000
f 757//719 755//719 753//719
vn 1.0000 0.0000 0.0000
f 758//720 754//720 756//720
vn -1.0000 0.0000 0.0000
f 757//721 693//721 755//721
vn 1.0000 0.0000 0.0000
f 758//722 756//722 694//722
vn -1.0000 0.0000 0.0000
usemtl meter_lcd
f 759//723 762//723 761//723 760//723
vn 1.0000 0.0000 0.0000
f 763//724 764//724 765//724 766//724
vn 0.0000 0.0000 1.0000
f 759//725 763//725 766//725 762//725
vn 0.0000 0.0000 -1.0000
f 760//726 761//726 765//726 764//726
vn 0.0000 1.0000 0.0000
f 762//727 766//727 765//727 761//727
vn 0.0000 -1.0000 0.0000
f 759//728 760//728 764//728 763//728
vn -1.0000 0.0000 0.0000
usemtl galvanized
f 767//729 770//729 769//729 768//729
vn 1.0000 0.0000 0.0000
f 771//730 772//730 773//730 774//730
vn 0.0000 0.0000 1.0000
f 767//731 771//731 774//731 770//731
vn 0.0000 0.0000 -1.0000
f 768//732 769//732 773//732 772//732
vn 0.0000 1.0000 0.0000
f 770//733 774//733 773//733 769//733
vn 0.0000 -1.0000 0.0000
f 767//734 768//734 772//734 771//734
o service_disconnect
v 7.0000 1.2000 0.3015
v 7.0000 1.2000 0.0015
v 7.0000 1.7000 0.0015
v 7.0000 1.7000 0.3015
v 7.1400 1.2000 0.3015
v 7.1400 1.2000 0.0015
v 7.1400 1.7000 0.0015
v 7.1400 1.7000 0.3015
v 7.0450 1.4100 -0.0035
v 7.0450 1.4100 -0.0335
v 7.0450 1.5500 -0.0335
v 7.0450 1.5500 -0.0035
v 7.0950 1.4100 -0.0035
v 7.0950 1.4100 -0.0335
v 7.0950 1.5500 -0.0335
v 7.0950 1.5500 -0.0035
v 7.1405 1.5950 0.1915
v 7.1405 1.5950 0.1115
v 7.1405 1.6450 0.1115
v 7.1405 1.6450 0.1915
v 7.1435 1.5950 0.1915
v 7.1435 1.5950 0.1115
v 7.1435 1.6450 0.1115
v 7.1435 1.6450 0.1915
vn -1.0000 0.0000 0.0000
usemtl disconnect_gray
f 775//735 778//735 777//735 776//735
vn 1.0000 0.0000 0.0000
f 779//736 780//736 781//736 782//736
vn 0.0000 0.0000 1.0000
f 775//737 779//737 782//737 778//737
vn 0.0000 0.0000 -1.0000
f 776//738 777//738 781//738 780//738
vn 0.0000 1.0000 0.0000
f 778//739 782//739 781//739 777//739
vn 0.0000 -1.0000 0.0000
f 775//740 776//740 780//740 779//740
vn -1.0000 0.0000 0.0000
usemtl handle_black
f 783//741 786//741 785//741 784//741
vn 1.0000 0.0000 0.0000
f 787//742 788//742 789//742 790//742
vn 0.0000 0.0000 1.0000
f 783//743 787//743 790//743 786//743
vn 0.0000 0.0000 -1.0000
f 784//744 785//744 789//744 788//744
vn 0.0000 1.0000 0.0000
f 786//745 790//745 789//745 785//745
vn 0.0000 -1.0000 0.0000
f 783//746 784//746 788//746 787//746
vn -1.0000 0.0000 0.0000
usemtl placard_red
f 791//747 794//747 793//747 792//747
vn 1.0000 0.0000 0.0000
f 795//748 796//748 797//748 798//748
vn 0.0000 0.0000 1.0000
f 791//749 795//749 798//749 794//749
vn 0.0000 0.0000 -1.0000
f 792//750 793//750 797//750 796//750
vn 0.0000 1.0000 0.0000
f 794//751 798//751 797//751 793//751
vn 0.0000 -1.0000 0.0000
f 791//752 792//752 796//752 795//752
o main_panel_1
v 7.0000 0.7500 -0.2185
v 7.0000 0.7500 -0.6785
v 7.0000 1.8500 -0.6785
v 7.0000 1.8500 -0.2185
v 7.1400 0.7500 -0.2185
v 7.1400 0.7500 -0.6785
v 7.1400 1.8500 -0.6785
v 7.1400 1.8500 -0.2185
v 6.9950 1.8500 -0.2035
v 6.9950 1.8500 -0.6935
v 6.9950 1.8800 -0.6935
v 6.9950 1.8800 -0.2035
v 7.1650 1.8500 -0.2035
v 7.1650 1.8500 -0.6935
v 7.1650 1.8800 -0.6935
v 7.1650 1.8800 -0.2035
v 7.1400 1.2980 -0.2335
v 7.1400 1.2980 -0.6635
v 7.1400 1.3020 -0.6635
v 7.1400 1.3020 -0.2335
v 7.1440 1.2980 -0.2335
v 7.1440 1.2980 -0.6635
v 7.1440 1.3020 -0.6635
v 7.1440 1.3020 -0.2335
v 7.1400 0.7700 -0.2285
v 7.1400 0.7700 -0.2325
v 7.1400 1.8300 -0.2325
v 7.1400 1.8300 -0.2285
v 7.1440 0.7700 -0.2285
v 7.1440 0.7700 -0.2325
v 7.1440 1.8300 -0.2325
v 7.1440 1.8300 -0.2285
v 7.1400 0.7700 -0.6645
v 7.1400 0.7700 -0.6685
v 7.1400 1.8300 -0.6685
v 7.1400 1.8300 -0.6645
v 7.1440 0.7700 -0.6645
v 7.1440 0.7700 -0.6685
v 7.1440 1.8300 -0.6685
v 7.1440 1.8300 -0.6645
v 7.1410 1.6280 -0.4135
v 7.1410 1.6280 -0.4835
v 7.1410 1.6980 -0.4835
v 7.1410 1.6980 -0.4135
v 7.1470 1.6280 -0.4135
v 7.1470 1.6280 -0.4835
v 7.1470 1.6980 -0.4835
v 7.1470 1.6980 -0.4135
v 7.1400 1.4570 -0.3385
v 7.1400 1.4570 -0.4185
v 7.1400 1.4950 -0.4185
v 7.1400 1.4950 -0.3385
v 7.1480 1.4570 -0.3385
v 7.1480 1.4570 -0.4185
v 7.1480 1.4950 -0.4185
v 7.1480 1.4950 -0.3385
v 7.1400 1.4120 -0.3385
v 7.1400 1.4120 -0.4185
v 7.1400 1.4500 -0.4185
v 7.1400 1.4500 -0.3385
v 7.1480 1.4120 -0.3385
v 7.1480 1.4120 -0.4185
v 7.1480 1.4500 -0.4185
v 7.1480 1.4500 -0.3385
v 7.1400 1.3670 -0.3385
v 7.1400 1.3670 -0.4185
v 7.1400 1.4050 -0.4185
v 7.1400 1.4050 -0.3385
v 7.1480 1.3670 -0.3385
v 7.1480 1.3670 -0.4185
v 7.1480 1.4050 -0.4185
v 7.1480 1.4050 -0.3385
v 7.1400 1.3220 -0.3385
v 7.1400 1.3220 -0.4185
v 7.1400 1.3600 -0.4185
v 7.1400 1.3600 -0.3385
v 7.1480 1.3220 -0.3385
v 7.1480 1.3220 -0.4185
v 7.1480 1.3600 -0.4185
v 7.1480 1.3600 -0.3385
v 7.1400 1.2770 -0.3385
v 7.1400 1.2770 -0.4185
v 7.1400 1.3150 -0.4185
v 7.1400 1.3150 -0.3385
v 7.1480 1.2770 -0.3385
v 7.1480 1.2770 -0.4185
v 7.1480 1.3150 -0.4185
v 7.1480 1.3150 -0.3385
v 7.1400 1.2320 -0.3385
v 7.1400 1.2320 -0.4185
v 7.1400 1.2700 -0.4185
v 7.1400 1.2700 -0.3385
v 7.1480 1.2320 -0.3385
v 7.1480 1.2320 -0.4185
v 7.1480 1.2700 -0.4185
v 7.1480 1.2700 -0.3385
v 7.1400 1.1870 -0.3385
v 7.1400 1.1870 -0.4185
v 7.1400 1.2250 -0.4185
v 7.1400 1.2250 -0.3385
v 7.1480 1.1870 -0.3385
v 7.1480 1.1870 -0.4185
v 7.1480 1.2250 -0.4185
v 7.1480 1.2250 -0.3385
v 7.1400 1.1420 -0.3385
v 7.1400 1.1420 -0.4185
v 7.1400 1.1800 -0.4185
v 7.1400 1.1800 -0.3385
v 7.1480 1.1420 -0.3385
v 7.1480 1.1420 -0.4185
v 7.1480 1.1800 -0.4185
v 7.1480 1.1800 -0.3385
v 7.1400 1.0970 -0.3385
v 7.1400 1.0970 -0.4185
v 7.1400 1.1350 -0.4185
v 7.1400 1.1350 -0.3385
v 7.1480 1.0970 -0.3385
v 7.1480 1.0970 -0.4185
v 7.1480 1.1350 -0.4185
v 7.1480 1.1350 -0.3385
v 7.1400 1.0520 -0.3385
v 7.1400 1.0520 -0.4185
v 7.1400 1.0900 -0.4185
v 7.1400 1.0900 -0.3385
v 7.1480 1.0520 -0.3385
v 7.1480 1.0520 -0.4185
v 7.1480 1.0900 -0.4185
v 7.1480 1.0900 -0.3385
v 7.1400 1.0070 -0.3385
v 7.1400 1.0070 -0.4185
v 7.1400 1.0450 -0.4185
v 7.1400 1.0450 -0.3385
v 7.1480 1.0070 -0.3385
v 7.1480 1.0070 -0.4185
v 7.1480 1.0450 -0.4185
v 7.1480 1.0450 -0.3385
v 7.1400 0.9620 -0.3385
v 7.1400 0.9620 -0.4185
v 7.1400 1.0000 -0.4185
v 7.1400 1.0000 -0.3385
v 7.1480 0.9620 -0.3385
v 7.1480 0.9620 -0.4185
v 7.1480 1.0000 -0.4185
v 7.1480 1.0000 -0.3385
v 7.1400 1.4570 -0.4785
v 7.1400 1.4570 -0.5585
v 7.1400 1.4950 -0.5585
v 7.1400 1.4950 -0.4785
v 7.1480 1.4570 -0.4785
v 7.1480 1.4570 -0.5585
v 7.1480 1.4950 -0.5585
v 7.1480 1.4950 -0.4785
v 7.1400 1.4120 -0.4785
v 7.1400 1.4120 -0.5585
v 7.1400 1.4500 -0.5585
v 7.1400 1.4500 -0.4785
v 7.1480 1.4120 -0.4785
v 7.1480 1.4120 -0.5585
v 7.1480 1.4500 -0.5585
v 7.1480 1.4500 -0.4785
v 7.1400 1.3670 -0.4785
v 7.1400 1.3670 -0.5585
v 7.1400 1.4050 -0.5585
v 7.1400 1.4050 -0.4785
v 7.1480 1.3670 -0.4785
v 7.1480 1.3670 -0.5585
v 7.1480 1.4050 -0.5585
v 7.1480 1.4050 -0.4785
v 7.1400 1.3220 -0.4785
v 7.1400 1.3220 -0.5585
v 7.1400 1.3600 -0.5585
v 7.1400 1.3600 -0.4785
v 7.1480 1.3220 -0.4785
v 7.1480 1.3220 -0.5585
v 7.1480 1.3600 -0.5585
v 7.1480 1.3600 -0.4785
v 7.1400 1.2770 -0.4785
v 7.1400 1.2770 -0.5585
v 7.1400 1.3150 -0.5585
v 7.1400 1.3150 -0.4785
v 7.1480 1.2770 -0.4785
v 7.1480 1.2770 -0.5585
v 7.1480 1.3150 -0.5585
v 7.1480 1.3150 -0.4785
v 7.1400 1.2320 -0.4785
v 7.1400 1.2320 -0.5585
v 7.1400 1.2700 -0.5585
v 7.1400 1.2700 -0.4785
v 7.1480 1.2320 -0.4785
v 7.1480 1.2320 -0.5585
v 7.1480 1.2700 -0.5585
v 7.1480 1.2700 -0.4785
v 7.1400 1.1870 -0.4785
v 7.1400 1.1870 -0.5585
v 7.1400 1.2250 -0.5585
v 7.1400 1.2250 -0.4785
v 7.1480 1.1870 -0.4785
v 7.1480 1.1870 -0.5585
v 7.1480 1.2250 -0.5585
v 7.1480 1.2250 -0.4785
v 7.1400 1.1420 -0.4785
v 7.1400 1.1420 -0.5585
v 7.1400 1.1800 -0.5585
v 7.1400 1.1800 -0.4785
v 7.1480 1.1420 -0.4785
v 7.1480 1.1420 -0.5585
v 7.1480 1.1800 -0.5585
v 7.1480 1.1800 -0.4785
v 7.1400 1.0970 -0.4785
v 7.1400 1.0970 -0.5585
v 7.1400 1.1350 -0.5585
v 7.1400 1.1350 -0.4785
v 7.1480 1.0970 -0.4785
v 7.1480 1.0970 -0.5585
v 7.1480 1.1350 -0.5585
v 7.1480 1.1350 -0.4785
v 7.1400 1.0520 -0.4785
v 7.1400 1.0520 -0.5585
v 7.1400 1.0900 -0.5585
v 7.1400 1.0900 -0.4785
v 7.1480 1.0520 -0.4785
v 7.1480 1.0520 -0.5585
v 7.1480 1.0900 -0.5585
v 7.1480 1.0900 -0.4785
v 7.1400 1.0070 -0.4785
v 7.1400 1.0070 -0.5585
v 7.1400 1.0450 -0.5585
v 7.1400 1.0450 -0.4785
v 7.1480 1.0070 -0.4785
v 7.1480 1.0070 -0.5585
v 7.1480 1.0450 -0.5585
v 7.1480 1.0450 -0.4785
v 7.1400 0.9620 -0.4785
v 7.1400 0.9620 -0.5585
v 7.1400 1.0000 -0.5585
v 7.1400 1.0000 -0.4785
v 7.1480 0.9620 -0.4785
v 7.1480 0.9620 -0.5585
v 7.1480 1.0000 -0.5585
v 7.1480 1.0000 -0.4785
v 7.0100 0.7500 -0.2285
v 7.0100 0.7500 -0.6685
v 7.0100 0.7900 -0.6685
v 7.0100 0.7900 -0.2285
v 7.1300 0.7500 -0.2285
v 7.1300 0.7500 -0.6685
v 7.1300 0.7900 -0.6685
v 7.1300 0.7900 -0.2285
vn -1.0000 0.0000 0.0000
usemtl panel_paint
f 799//753 802//753 801//753 800//753
vn 1.0000 0.0000 0.0000
f 803//754 804//754 805//754 806//754
vn 0.0000 0.0000 1.0000
f 799//755 803//755 806//755 802//755
vn 0.0000 0.0000 -1.0000
f 800//756 801//756 805//756 804//756
vn 0.0000 1.0000 0.0000
f 802//757 806//757 805//757 801//757
vn 0.0000 -1.0000 0.0000
f 799//758 800//758 804//758 803//758
vn -1.0000 0.0000 0.0000
f 807//759 810//759 809//759 808//759
vn 1.0000 0.0000 0.0000
f 811//760 812//760 813//760 814//760
vn 0.0000 0.0000 1.0000
f 807//761 811//761 814//761 810//761
vn 0.0000 0.0000 -1.0000
f 808//762 809//762 813//762 812//762
vn 0.0000 1.0000 0.0000
f 810//763 814//763 813//763 809//763
vn 0.0000 -1.0000 0.0000
f 807//764 808//764 812//764 811//764
vn -1.0000 0.0000 0.0000
usemtl panel_seam
f 815//765 818//765 817//765 816//765
vn 1.0000 0.0000 0.0000
f 819//766 820//766 821//766 822//766
vn 0.0000 0.0000 1.0000
f 815//767 819//767 822//767 818//767
vn 0.0000 0.0000 -1.0000
f 816//768 817//768 821//768 820//768
vn 0.0000 1.0000 0.0000
f 818//769 822//769 821//769 817//769
vn 0.0000 -1.0000 0.0000
f 815//770 816//770 820//770 819//770
vn -1.0000 0.0000 0.0000
f 823//771 826//771 825//771 824//771
vn 1.0000 0.0000 0.0000
f 827//772 828//772 829//772 830//772
vn 0.0000 0.0000 1.0000
f 823//773 827//773 830//773 826//773
vn 0.0000 0.0000 -1.0000
f 824//774 825//774 829//774 828//774
vn 0.0000 1.0000 0.0000
f 826//775 830//775 829//775 825//775
vn 0.0000 -1.0000 0.0000
f 823//776 824//776 828//776 827//776
vn -1.0000 0.0000 0.0000
f 831//777 834//777 833//777 832//777
vn 1.0000 0.0000 0.0000
f 835//778 836//778 837//778 838//778
vn 0.0000 0.0000 1.0000
f 831//779 835//779 838//779 834//779
vn 0.0000 0.0000 -1.0000
f 832//780 833//780 837//780 836//780
vn 0.0000 1.0000 0.0000
f 834//781 838//781 837//781 833//781
vn 0.0000 -1.0000 0.0000
f 831//782 832//782 836//782 835//782
vn -1.0000 0.0000 0.0000
usemtl breaker_white
f 839//783 842//783 841//783 840//783
vn 1.0000 0.0000 0.0000
f 843//784 844//784 845//784 846//784
vn 0.0000 0.0000 1.0000
f 839//785 843//785 846//785 842//785
vn 0.0000 0.0000 -1.0000
f 840//786 841//786 845//786 844//786
vn 0.0000 1.0000 0.0000
f 842//787 846//787 845//787 841//787
vn 0.0000 -1.0000 0.0000
f 839//788 840//788 844//788 843//788
vn -1.0000 0.0000 0.0000
f 847//789 850//789 849//789 848//789
vn 1.0000 0.0000 0.0000
f 851//790 852//790 853//790 854//790
vn 0.0000 0.0000 1.0000
f 847//791 851//791 854//791 850//791
vn 0.0000 0.0000 -1.0000
f 848//792 849//792 853//792 852//792
vn 0.0000 1.0000 0.0000
f 850//793 854//793 853//793 849//793
vn 0.0000 -1.0000 0.0000
f 847//794 848//794 852//794 851//794
vn -1.0000 0.0000 0.0000
f 855//795 858//795 857//795 856//795
vn 1.0000 0.0000 0.0000
f 859//796 860//796 861//796 862//796
vn 0.0000 0.0000 1.0000
f 855//797 859//797 862//797 858//797
vn 0.0000 0.0000 -1.0000
f 856//798 857//798 861//798 860//798
vn 0.0000 1.0000 0.0000
f 858//799 862//799 861//799 857//799
vn 0.0000 -1.0000 0.0000
f 855//800 856//800 860//800 859//800
vn -1.0000 0.0000 0.0000
f 863//801 866//801 865//801 864//801
vn 1.0000 0.0000 0.0000
f 867//802 868//802 869//802 870//802
vn 0.0000 0.0000 1.0000
f 863//803 867//803 870//803 866//803
vn 0.0000 0.0000 -1.0000
f 864//804 865//804 869//804 868//804
vn 0.0000 1.0000 0.0000
f 866//805 870//805 869//805 865//805
vn 0.0000 -1.0000 0.0000
f 863//806 864//806 868//806 867//806
vn -1.0000 0.0000 0.0000
f 871//807 874//807 873//807 872//807
vn 1.0000 0.0000 0.0000
f 875//808 876//808 877//808 878//808
vn 0.0000 0.0000 1.0000
f 871//809 875//809 878//809 874//809
vn 0.0000 0.0000 -1.0000
f 872//810 873//810 877//810 876//810
vn 0.0000 1.0000 0.0000
f 874//811 878//811 877//811 873//811
vn 0.0000 -1.0000 0.0000
f 871//812 872//812 876//812 875//812
vn -1.0000 0.0000 0.0000
usemtl breaker_slot
f 879//813 882//813 881//813 880//813
vn 1.0000 0.0000 0.0000
f 883//814 884//814 885//814 886//814
vn 0.0000 0.0000 1.0000
f 879//815 883//815 886//815 882//815
vn 0.0000 0.0000 -1.0000
f 880//816 881//816 885//816 884//816
vn 0.0000 1.0000 0.0000
f 882//817 886//817 885//817 881//817
vn 0.0000 -1.0000 0.0000
f 879//818 880//818 884//818 883//818
vn -1.0000 0.0000 0.0000
f 887//819 890//819 889//819 888//819
vn 1.0000 0.0000 0.0000
f 891//820 892//820 893//820 894//820
vn 0.0000 0.0000 1.0000
f 887//821 891//821 894//821 890//821
vn 0.0000 0.0000 -1.0000
f 888//822 889//822 893//822 892//822
vn 0.0000 1.0000 0.0000
f 890//823 894//823 893//823 889//823
vn 0.0000 -1.0000 0.0000
f 887//824 888//824 892//824 891//824
vn -1.0000 0.0000 0.0000
f 895//825 898//825 897//825 896//825
vn 1.0000 0.0000 0.0000
f 899//826 900//826 901//826 902//826
vn 0.0000 0.0000 1.0000
f 895//827 899//827 902//827 898//827
vn 0.0000 0.0000 -1.0000
f 896//828 897//828 901//828 900//828
vn 0.0000 1.0000 0.0000
f 898//829 902//829 901//829 897//829
vn 0.0000 -1.0000 0.0000
f 895//830 896//830 900//830 899//830
vn -1.0000 0.0000 0.0000
f 903//831 906//831 905//831 904//831
vn 1.0000 0.0000 0.0000
f 907//832 908//832 909//832 910//832
vn 0.0000 0.0000 1.0000
f 903//833 907//833 910//833 906//833
vn 0.0000 0.0000 -1.0000
f 904//834 905//834 909//834 908//834
vn 0.0000 1.0000 0.0000
f 906//835 910//835 909//835 905//835
vn 0.0000 -1.0000 0.0000
f 903//836 904//836 908//836 907//836
vn -1.0000 0.0000 0.0000
f 911//837 914//837 913//837 912//837
vn 1.0000 0.0000 0.0000
f 915//838 916//838 917//838 918//838
vn 0.0000 0.0000 1.0000
f 911//839 915//839 918//839 914//839
vn 0.0000 0.0000 -1.0000
f 912//840 913//840 917//840 916//840
vn 0.0000 1.0000 0.0000
f 914//841 918//841 917//841 913//841
vn 0.0000 -1.0000 0.0000
f 911//842 912//842 916//842 915//842
vn -1.0000 0.0000 0.0000
f 919//843 922//843 921//843 920//843
vn 1.0000 0.0000 0.0000
f 923//844 924//844 925//844 926//844
vn 0.0000 0.0000 1.0000
f 919//845 923//845 926//845 922//845
vn 0.0000 0.0000 -1.0000
f 920//846 921//846 925//846 924//846
vn 0.0000 1.0000 0.0000
f 922//847 926//847 925//847 921//847
vn 0.0000 -1.0000 0.0000
f 919//848 920//848 924//848 923//848
vn -1.0000 0.0000 0.0000
f 927//849 930//849 929//849 928//849
vn 1.0000 0.0000 0.0000
f 931//850 932//850 933//850 934//850
vn 0.0000 0.0000 1.0000
f 927//851 931//851 934//851 930//851
vn 0.0000 0.0000 -1.0000
f 928//852 929//852 933//852 932//852
vn 0.0000 1.0000 0.0000
f 930//853 934//853 933//853 929//853
vn 0.0000 -1.0000 0.0000
f 927//854 928//854 932//854 931//854
vn -1.0000 0.0000 0.0000
f 935//855 938//855 937//855 936//855
vn 1.0000 0.0000 0.0000
f 939//856 940//856 941//856 942//856
vn 0.0000 0.0000 1.0000
f 935//857 939//857 942//857 938//857
vn 0.0000 0.0000 -1.0000
f 936//858 937//858 941//858 940//858
vn 0.0000 1.0000 0.0000
f 938//859 942//859 941//859 937//859
vn 0.0000 -1.0000 0.0000
f 935//860 936//860 940//860 939//860
vn -1.0000 0.0000 0.0000
usemtl breaker_white
f 943//861 946//861 945//861 944//861
vn 1.0000 0.0000 0.0000
f 947//862 948//862 949//862 950//862
vn 0.0000 0.0000 1.0000
f 943//863 947//863 950//863 946//863
vn 0.0000 0.0000 -1.0000
f 944//864 945//864 949//864 948//864
vn 0.0000 1.0000 0.0000
f 946//865 950//865 949//865 945//865
vn 0.0000 -1.0000 0.0000
f 943//866 944//866 948//866 947//866
vn -1.0000 0.0000 0.0000
f 951//867 954//867 953//867 952//867
vn 1.0000 0.0000 0.0000
f 955//868 956//868 957//868 958//868
vn 0.0000 0.0000 1.0000
f 951//869 955//869 958//869 954//869
vn 0.0000 0.0000 -1.0000
f 952//870 953//870 957//870 956//870
vn 0.0000 1.0000 0.0000
f 954//871 958//871 957//871 953//871
vn 0.0000 -1.0000 0.0000
f 951//872 952//872 956//872 955//872
vn -1.0000 0.0000 0.0000
f 959//873 962//873 961//873 960//873
vn 1.0000 0.0000 0.0000
f 963//874 964//874 965//874 966//874
vn 0.0000 0.0000 1.0000
f 959//875 963//875 966//875 962//875
vn 0.0000 0.0000 -1.0000
f 960//876 961//876 965//876 964//876
vn 0.0000 1.0000 0.0000
f 962//877 966//877 965//877 961//877
vn 0.0000 -1.0000 0.0000
f 959//878 960//878 964//878 963//878
vn -1.0000 0.0000 0.0000
f 967//879 970//879 969//879 968//879
vn 1.0000 0.0000 0.0000
f 971//880 972//880 973//880 974//880
vn 0.0000 0.0000 1.0000
f 967//881 971//881 974//881 970//881
vn 0.0000 0.0000 -1.0000
f 968//882 969//882 973//882 972//882
vn 0.0000 1.0000 0.0000
f 970//883 974//883 973//883 969//883
vn 0.0000 -1.0000 0.0000
f 967//884 968//884 972//884 971//884
vn -1.0000 0.0000 0.0000
f 975//885 978//885 977//885 976//885
vn 1.0000 0.0000 0.0000
f 979//886 980//886 981//886 982//886
vn 0.0000 0.0000 1.0000
f 975//887 979//887 982//887 978//887
vn 0.0000 0.0000 -1.0000
f 976//888 977//888 981//888 980//888
vn 0.0000 1.0000 0.0000
f 978//889 982//889 981//889 977//889
vn 0.0000 -1.0000 0.0000
f 975//890 976//890 980//890 979//890
vn -1.0000 0.0000 0.0000
f 983//891 986//891 985//891 984//891
vn 1.0000 0.0000 0.0000
f 987//892 988//892 989//892 990//892
vn 0.0000 0.0000 1.0000
f 983//893 987//893 990//893 986//893
vn 0.0000 0.0000 -1.0000
f 984//894 985//894 989//894 988//894
vn 0.0000 1.0000 0.0000
f 986//895 990//895 989//895 985//895
vn 0.0000 -1.0000 0.0000
f 983//896 984//896 988//896 987//896
vn -1.0000 0.0000 0.0000
f 991//897 994//897 993//897 992//897
vn 1.0000 0.0000 0.0000
f 995//898 996//898 997//898 998//898
vn 0.0000 0.0000 1.0000
f 991//899 995//899 998//899 994//899
vn 0.0000 0.0000 -1.0000
f 992//900 993//900 997//900 996//900
vn 0.0000 1.0000 0.0000
f 994//901 998//901 997//901 993//901
vn 0.0000 -1.0000 0.0000
f 991//902 992//902 996//902 995//902
vn -1.0000 0.0000 0.0000
usemtl breaker_slot
f 999//903 1002//903 1001//903 1000//903
vn 1.0000 0.0000 0.0000
f 1003//904 1004//904 1005//904 1006//904
vn 0.0000 0.0000 1.0000
f 999//905 1003//905 1006//905 1002//905
vn 0.0000 0.0000 -1.0000
f 1000//906 1001//906 1005//906 1004//906
vn 0.0000 1.0000 0.0000
f 1002//907 1006//907 1005//907 1001//907
vn 0.0000 -1.0000 0.0000
f 999//908 1000//908 1004//908 1003//908
vn -1.0000 0.0000 0.0000
f 1007//909 1010//909 1009//909 1008//909
vn 1.0000 0.0000 0.0000
f 1011//910 1012//910 1013//910 1014//910
vn 0.0000 0.0000 1.0000
f 1007//911 1011//911 1014//911 1010//911
vn 0.0000 0.0000 -1.0000
f 1008//912 1009//912 1013//912 1012//912
vn 0.0000 1.0000 0.0000
f 1010//913 1014//913 1013//913 1009//913
vn 0.0000 -1.0000 0.0000
f 1007//914 1008//914 1012//914 1011//914
vn -1.0000 0.0000 0.0000
f 1015//915 1018//915 1017//915 1016//915
vn 1.0000 0.0000 0.0000
f 1019//916 1020//916 1021//916 1022//916
vn 0.0000 0.0000 1.0000
f 1015//917 1019//917 1022//917 1018//917
vn 0.0000 0.0000 -1.0000
f 1016//918 1017//918 1021//918 1020//918
vn 0.0000 1.0000 0.0000
f 1018//919 1022//919 1021//919 1017//919
vn 0.0000 -1.0000 0.0000
f 1015//920 1016//920 1020//920 1019//920
vn -1.0000 0.0000 0.0000
f 1023//921 1026//921 1025//921 1024//921
vn 1.0000 0.0000 0.0000
f 1027//922 1028//922 1029//922 1030//922
vn 0.0000 0.0000 1.0000
f 1023//923 1027//923 1030//923 1026//923
vn 0.0000 0.0000 -1.0000
f 1024//924 1025//924 1029//924 1028//924
vn 0.0000 1.0000 0.0000
f 1026//925 1030//925 1029//925 1025//925
vn 0.0000 -1.0000 0.0000
f 1023//926 1024//926 1028//926 1027//926
vn -1.0000 0.0000 0.0000
f 1031//927 1034//927 1033//927 1032//927
vn 1.0000 0.0000 0.0000
f 1035//928 1036//928 1037//928 1038//928
vn 0.0000 0.0000 1.0000
f 1031//929 1035//929 1038//929 1034//929
vn 0.0000 0.0000 -1.0000
f 1032//930 1033//930 1037//930 1036//930
vn 0.0000 1.0000 0.0000
f 1034//931 1038//931 1037//931 1033//931
vn 0.0000 -1.0000 0.0000
f 1031//932 1032//932 1036//932 1035//932
vn -1.0000 0.0000 0.0000
usemtl steel_paint_dark
f 1039//933 1042//933 1041//933 1040//933
vn 1.0000 0.0000 0.0000
f 1043//934 1044//934 1045//934 1046//934
vn 0.0000 0.0000 1.0000
f 1039//935 1043//935 1046//935 1042//935
vn 0.0000 0.0000 -1.0000
f 1040//936 1041//936 1045//936 1044//936
vn 0.0000 1.0000 0.0000
f 1042//937 1046//937 1045//937 1041//937
vn 0.0000 -1.0000 0.0000
f 1039//938 1040//938 1044//938 1043//938
o conduit_nipple
v 7.0500 1.5300 -0.0485
v 7.0500 1.5300 0.2015
v 7.0615 1.5277 -0.0485
v 7.0615 1.5277 0.2015
v 7.0712 1.5212 -0.0485
v 7.0712 1.5212 0.2015
v 7.0777 1.5115 -0.0485
v 7.0777 1.5115 0.2015
v 7.0800 1.5000 -0.0485
v 7.0800 1.5000 0.2015
v 7.0777 1.4885 -0.0485
v 7.0777 1.4885 0.2015
v 7.0712 1.4788 -0.0485
v 7.0712 1.4788 0.2015
v 7.0615 1.4723 -0.0485
v 7.0615 1.4723 0.2015
v 7.0500 1.4700 -0.0485
v 7.0500 1.4700 0.2015
v 7.0385 1.4723 -0.0485
v 7.0385 1.4723 0.2015
v 7.0288 1.4788 -0.0485
v 7.0288 1.4788 0.2015
v 7.0223 1.4885 -0.0485
v 7.0223 1.4885 0.2015
v 7.0200 1.5000 -0.0485
v 7.0200 1.5000 0.2015
v 7.0223 1.5115 -0.0485
v 7.0223 1.5115 0.2015
v 7.0288 1.5212 -0.0485
v 7.0288 1.5212 0.2015
v 7.0385 1.5277 -0.0485
v 7.0385 1.5277 0.2015
v 7.0500 1.5000 -0.0485
v 7.0500 1.5000 0.2015
v 7.0500 1.5380 0.1765
v 7.0500 1.5380 0.1965
v 7.0829 1.5190 0.1765
v 7.0829 1.5190 0.1965
v 7.0829 1.4810 0.1765
v 7.0829 1.4810 0.1965
v 7.0500 1.4620 0.1765
v 7.0500 1.4620 0.1965
v 7.0171 1.4810 0.1765
v 7.0171 1.4810 0.1965
v 7.0171 1.5190 0.1765
v 7.0171 1.5190 0.1965
v 7.0500 1.5000 0.1765
v 7.0500 1.5000 0.1965
v 7.0500 1.5380 -0.0435
v 7.0500 1.5380 -0.0235
v 7.0829 1.5190 -0.0435
v 7.0829 1.5190 -0.0235
v 7.0829 1.4810 -0.0435
v 7.0829 1.4810 -0.0235
v 7.0500 1.4620 -0.0435
v 7.0500 1.4620 -0.0235
v 7.0171 1.4810 -0.0435
v 7.0171 1.4810 -0.0235
v 7.0171 1.5190 -0.0435
v 7.0171 1.5190 -0.0235
v 7.0500 1.5000 -0.0435
v 7.0500 1.5000 -0.0235
vn -0.1951 -0.9808 0.0000
usemtl galvanized
f 1047//939 1049//939 1050//939 1048//939
vn -0.5556 -0.8315 0.0000
f 1049//940 1051//940 1052//940 1050//940
vn -0.8315 -0.5556 0.0000
f 1051//941 1053//941 1054//941 1052//941
vn -0.9808 -0.1951 0.0000
f 1053//942 1055//942 1056//942 1054//942
vn -0.9808 0.1951 0.0000
f 1055//943 1057//943 1058//943 1056//943
vn -0.8315 0.5556 0.0000
f 1057//944 1059//944 1060//944 1058//944
vn -0.5556 0.8315 0.0000
f 1059//945 1061//945 1062//945 1060//945
vn -0.1951 0.9808 0.0000
f 1061//946 1063//946 1064//946 1062//946
vn 0.1951 0.9808 0.0000
f 1063//947 1065//947 1066//947 1064//947
vn 0.5556 0.8315 0.0000
f 1065//948 1067//948 1068//948 1066//948
vn 0.8315 0.5556 0.0000
f 1067//949 1069//949 1070//949 1068//949
vn 0.9808 0.1951 0.0000
f 1069//950 1071//950 1072//950 1070//950
vn 0.9808 -0.1951 0.0000
f 1071//951 1073//951 1074//951 1072//951
vn 0.8315 -0.5556 0.0000
f 1073//952 1075//952 1076//952 1074//952
vn 0.5556 -0.8315 0.0000
f 1075//953 1077//953 1078//953 1076//953
vn 0.1951 -0.9808 0.0000
f 1077//954 1047//954 1048//954 1078//954
vn 0.0000 0.0000 1.0000
f 1079//955 1049//955 1047//955
vn 0.0000 0.0000 -1.0000
f 1080//956 1048//956 1050//956
vn -0.0000 0.0000 1.0000
f 1079//957 1051//957 1049//957
vn 0.0000 0.0000 -1.0000
f 1080//958 1050//958 1052//958
vn 0.0000 0.0000 1.0000
f 1079//959 1053//959 1051//959
vn -0.0000 0.0000 -1.0000
f 1080//960 1052//960 1054//960
vn 0.0000 0.0000 1.0000
f 1079//961 1055//961 1053//961
vn 0.0000 0.0000 -1.0000
f 1080//962 1054//962 1056//962
vn 0.0000 0.0000 1.0000
f 1079//963 1057//963 1055//963
vn 0.0000 0.0000 -1.0000
f 1080//964 1056//964 1058//964
vn 0.0000 0.0000 1.0000
f 1079//965 1059//965 1057//965
vn -0.0000 0.0000 -1.0000
f 1080//966 1058//966 1060//966
vn -0.0000 0.0000 1.0000
f 1079//967 1061//967 1059//967
vn 0.0000 0.0000 -1.0000
f 1080//968 1060//968 1062//968
vn 0.0000 0.0000 1.0000
f 1079//969 1063//969 1061//969
vn 0.0000 0.0000 -1.0000
f 1080//970 1062//970 1064//970
vn 0.0000 0.0000 1.0000
f 1079//971 1065//971 1063//971
vn 0.0000 0.0000 -1.0000
f 1080//972 1064//972 1066//972
vn 0.0000 0.0000 1.0000
f 1079//973 1067//973 1065//973
vn 0.0000 0.0000 -1.0000
f 1080//974 1066//974 1068//974
vn -0.0000 0.0000 1.0000
f 1079//975 1069//975 1067//975
vn 0.0000 0.0000 -1.0000
f 1080//976 1068//976 1070//976
vn 0.0000 0.0000 1.0000
f 1079//977 1071//977 1069//977
vn 0.0000 0.0000 -1.0000
f 1080//978 1070//978 1072//978
vn 0.0000 0.0000 1.0000
f 1079//979 1073//979 1071//979
vn 0.0000 0.0000 -1.0000
f 1080//980 1072//980 1074//980
vn -0.0000 0.0000 1.0000
f 1079//981 1075//981 1073//981
vn 0.0000 0.0000 -1.0000
f 1080//982 1074//982 1076//982
vn 0.0000 0.0000 1.0000
f 1079//983 1077//983 1075//983
vn 0.0000 0.0000 -1.0000
f 1080//984 1076//984 1078//984
vn 0.0000 0.0000 1.0000
f 1079//985 1047//985 1077//985
vn 0.0000 0.0000 -1.0000
f 1080//986 1078//986 1048//986
vn -0.5000 -0.8660 0.0000
f 1081//987 1083//987 1084//987 1082//987
vn -1.0000 0.0000 0.0000
f 1083//988 1085//988 1086//988 1084//988
vn -0.5000 0.8660 0.0000
f 1085//989 1087//989 1088//989 1086//989
vn 0.5000 0.8660 0.0000
f 1087//990 1089//990 1090//990 1088//990
vn 1.0000 0.0000 0.0000
f 1089//991 1091//991 1092//991 1090//991
vn 0.5000 -0.8660 0.0000
f 1091//992 1081//992 1082//992 1092//992
vn 0.0000 0.0000 1.0000
f 1093//993 1083//993 1081//993
vn -0.0000 0.0000 -1.0000
f 1094//994 1082//994 1084//994
vn 0.0000 0.0000 1.0000
f 1093//995 1085//995 1083//995
vn 0.0000 0.0000 -1.0000
f 1094//996 1084//996 1086//996
vn 0.0000 0.0000 1.0000
f 1093//997 1087//997 1085//997
vn 0.0000 0.0000 -1.0000
f 1094//998 1086//998 1088//998
vn 0.0000 0.0000 1.0000
f 1093//999 1089//999 1087//999
vn 0.0000 0.0000 -1.0000
f 1094//1000 1088//1000 1090//1000
vn 0.0000 0.0000 1.0000
f 1093//1001 1091//1001 1089//1001
vn -0.0000 0.0000 -1.0000
f 1094//1002 1090//1002 1092//1002
vn -0.0000 0.0000 1.0000
f 1093//1003 1081//1003 1091//1003
vn 0.0000 0.0000 -1.0000
f 1094//1004 1092//1004 1082//1004
vn -0.5000 -0.8660 0.0000
f 1095//1005 1097//1005 1098//1005 1096//1005
vn -1.0000 0.0000 0.0000
f 1097//1006 1099//1006 1100//1006 1098//1006
vn -0.5000 0.8660 0.0000
f 1099//1007 1101//1007 1102//1007 1100//1007
vn 0.5000 0.8660 0.0000
f 1101//1008 1103//1008 1104//1008 1102//1008
vn 1.0000 0.0000 0.0000
f 1103//1009 1105//1009 1106//1009 1104//1009
vn 0.5000 -0.8660 0.0000
f 1105//1010 1095//1010 1096//1010 1106//1010
vn -0.0000 0.0000 1.0000
f 1107//1011 1097//1011 1095//1011
vn 0.0000 0.0000 -1.0000
f 1108//1012 1096//1012 1098//1012
vn 0.0000 0.0000 1.0000
f 1107//1013 1099//1013 1097//1013
vn 0.0000 0.0000 -1.0000
f 1108//1014 1098//1014 1100//1014
vn -0.0000 0.0000 1.0000
f 1107//1015 1101//1015 1099//1015
vn 0.0000 0.0000 -1.0000
f 1108//1016 1100//1016 1102//1016
vn 0.0000 0.0000 1.0000
f 1107//1017 1103//1017 1101//1017
vn 0.0000 0.0000 -1.0000
f 1108//1018 1102//1018 1104//1018
vn -0.0000 0.0000 1.0000
f 1107//1019 1105//1019 1103//1019
vn 0.0000 0.0000 -1.0000
f 1108//1020 1104//1020 1106//1020
vn 0.0000 0.0000 1.0000
f 1107//1021 1095//1021 1105//1021
vn 0.0000 0.0000 -1.0000
f 1108//1022 1106//1022 1096//1022
o solar_inverter
v 7.0000 1.2000 -0.7985
v 7.0000 1.2000 -1.1985
v 7.0000 1.7000 -1.1985
v 7.0000 1.7000 -0.7985
v 7.1600 1.2000 -0.7985
v 7.1600 1.2000 -1.1985
v 7.1600 1.7000 -1.1985
v 7.1600 1.7000 -0.7985
v 7.1605 1.5950 -0.9585
v 7.1605 1.5950 -1.0385
v 7.1605 1.6450 -1.0385
v 7.1605 1.6450 -0.9585
v 7.1635 1.5950 -0.9585
v 7.1635 1.5950 -1.0385
v 7.1635 1.6450 -1.0385
v 7.1635 1.6450 -0.9585
vn -1.0000 0.0000 0.0000
usemtl inverter_white
f 1109//1023 1112//1023 1111//1023 1110//1023
vn 1.0000 0.0000 0.0000
f 1113//1024 1114//1024 1115//1024 1116//1024
vn 0.0000 0.0000 1.0000
f 1109//1025 1113//1025 1116//1025 1112//1025
vn 0.0000 0.0000 -1.0000
f 1110//1026 1111//1026 1115//1026 1114//1026
vn 0.0000 1.0000 0.0000
f 1112//1027 1116//1027 1115//1027 1111//1027
vn 0.0000 -1.0000 0.0000
f 1109//1028 1110//1028 1114//1028 1113//1028
vn -1.0000 0.0000 0.0000
usemtl placard_yellow
f 1117//1029 1120//1029 1119//1029 1118//1029
vn 1.0000 0.0000 0.0000
f 1121//1030 1122//1030 1123//1030 1124//1030
vn 0.0000 0.0000 1.0000
f 1117//1031 1121//1031 1124//1031 1120//1031
vn 0.0000 0.0000 -1.0000
f 1118//1032 1119//1032 1123//1032 1122//1032
vn 0.0000 1.0000 0.0000
f 1120//1033 1124//1033 1123//1033 1119//1033
vn 0.0000 -1.0000 0.0000
f 1117//1034 1118//1034 1122//1034 1121//1034
o solar_array
v -3.1300 4.9727 -1.0334
v -2.1200 4.9727 -1.0334
v -2.1200 4.2413 -2.6233
v -3.1300 4.2413 -2.6233
v -2.0800 4.9727 -1.0334
v -1.0700 4.9727 -1.0334
v -1.0700 4.2413 -2.6233
v -2.0800 4.2413 -2.6233
v -1.0300 4.9727 -1.0334
v -0.0200 4.9727 -1.0334
v -0.0200 4.2413 -2.6233
v -1.0300 4.2413 -2.6233
v 0.0200 4.9727 -1.0334
v 1.0300 4.9727 -1.0334
v 1.0300 4.2413 -2.6233
v 0.0200 4.2413 -2.6233
v 1.0700 4.9727 -1.0334
v 2.0800 4.9727 -1.0334
v 2.0800 4.2413 -2.6233
v 1.0700 4.2413 -2.6233
v 2.1200 4.9727 -1.0334
v 3.1300 4.9727 -1.0334
v 3.1300 4.2413 -2.6233
v 2.1200 4.2413 -2.6233
v -3.1300 4.2183 -2.6733
v -2.1200 4.2183 -2.6733
v -2.1200 3.4870 -4.2631
v -3.1300 3.4870 -4.2631
v -2.0800 4.2183 -2.6733
v -1.0700 4.2183 -2.6733
v -1.0700 3.4870 -4.2631
v -2.0800 3.4870 -4.2631
v -1.0300 4.2183 -2.6733
v -0.0200 4.2183 -2.6733
v -0.0200 3.4870 -4.2631
v -1.0300 3.4870 -4.2631
v 0.0200 4.2183 -2.6733
v 1.0300 4.2183 -2.6733
v 1.0300 3.4870 -4.2631
v 0.0200 3.4870 -4.2631
v 1.0700 4.2183 -2.6733
v 2.0800 4.2183 -2.6733
v 2.0800 3.4870 -4.2631
v 1.0700 3.4870 -4.2631
v 2.1200 4.2183 -2.6733
v 3.1300 4.2183 -2.6733
v 3.1300 3.4870 -4.2631
v 2.1200 3.4870 -4.2631
v -3.1300 3.4640 -4.3131
v -2.1200 3.4640 -4.3131
v -2.1200 2.7327 -5.9030
v -3.1300 2.7327 -5.9030
v -2.0800 3.4640 -4.3131
v -1.0700 3.4640 -4.3131
v -1.0700 2.7327 -5.9030
v -2.0800 2.7327 -5.9030
v -1.0300 3.4640 -4.3131
v -0.0200 3.4640 -4.3131
v -0.0200 2.7327 -5.9030
v -1.0300 2.7327 -5.9030
v 0.0200 3.4640 -4.3131
v 1.0300 3.4640 -4.3131
v 1.0300 2.7327 -5.9030
v 0.0200 2.7327 -5.9030
v 1.0700 3.4640 -4.3131
v 2.0800 3.4640 -4.3131
v 2.0800 2.7327 -5.9030
v 1.0700 2.7327 -5.9030
v 2.1200 3.4640 -4.3131
v 3.1300 3.4640 -4.3131
v 3.1300 2.7327 -5.9030
v 2.1200 2.7327 -5.9030
vn 0.0000 0.9085 -0.4179
usemtl solar_cell
f 1125//1035 1126//1035 1127//1035 1128//1035
vn 0.0000 -0.9085 0.4179
f 1128//1036 1127//1036 1126//1036 1125//1036
vn 0.0000 0.9085 -0.4179
f 1129//1037 1130//1037 1131//1037 1132//1037
vn 0.0000 -0.9085 0.4179
f 1132//1038 1131//1038 1130//1038 1129//1038
vn 0.0000 0.9085 -0.4179
f 1133//1039 1134//1039 1135//1039 1136//1039
vn 0.0000 -0.9085 0.4179
f 1136//1040 1135//1040 1134//1040 1133//1040
vn 0.0000 0.9085 -0.4179
f 1137//1041 1138//1041 1139//1041 1140//1041
vn 0.0000 -0.9085 0.4179
f 1140//1042 1139//1042 1138//1042 1137//1042
vn 0.0000 0.9085 -0.4179
f 1141//1043 1142//1043 1143//1043 1144//1043
vn 0.0000 -0.9085 0.4179
f 1144//1044 1143//1044 1142//1044 1141//1044
vn 0.0000 0.9085 -0.4179
f 1145//1045 1146//1045 1147//1045 1148//1045
vn 0.0000 -0.9085 0.4179
f 1148//1046 1147//1046 1146//1046 1145//1046
vn 0.0000 0.9085 -0.4179
f 1149//1047 1150//1047 1151//1047 1152//1047
vn 0.0000 -0.9085 0.4179
f 1152//1048 1151//1048 1150//1048 1149//1048
vn 0.0000 0.9085 -0.4179
f 1153//1049 1154//1049 1155//1049 1156//1049
vn 0.0000 -0.9085 0.4179
f 1156//1050 1155//1050 1154//1050 1153//1050
vn 0.0000 0.9085 -0.4179
f 1157//1051 1158//1051 1159//1051 1160//1051
vn 0.0000 -0.9085 0.4179
f 1160//1052 1159//1052 1158//1052 1157//1052
vn 0.0000 0.9085 -0.4179
f 1161//1053 1162//1053 1163//1053 1164//1053
vn 0.0000 -0.9085 0.4179
f 1164//1054 1163//1054 1162//1054 1161//1054
vn 0.0000 0.9085 -0.4179
f 1165//1055 1166//1055 1167//1055 1168//1055
vn 0.0000 -0.9085 0.4179
f 1168//1056 1167//1056 1166//1056 1165//1056
vn 0.0000 0.9085 -0.4179
f 1169//1057 1170//1057 1171//1057 1172//1057
vn 0.0000 -0.9085 0.4179
f 1172//1058 1171//1058 1170//1058 1169//1058
vn 0.0000 0.9085 -0.4179
f 1173//1059 1174//1059 1175//1059 1176//1059
vn 0.0000 -0.9085 0.4179
f 1176//1060 1175//1060 1174//1060 1173//1060
vn 0.0000 0.9085 -0.4179
f 1177//1061 1178//1061 1179//1061 1180//1061
vn 0.0000 -0.9085 0.4179
f 1180//1062 1179//1062 1178//1062 1177//1062
vn 0.0000 0.9085 -0.4179
f 1181//1063 1182//1063 1183//1063 1184//1063
vn 0.0000 -0.9085 0.4179
f 1184//1064 1183//1064 1182//1064 1181//1064
vn 0.0000 0.9085 -0.4179
f 1185//1065 1186//1065 1187//1065 1188//1065
vn 0.0000 -0.9085 0.4179
f 1188//1066 1187//1066 1186//1066 1185//1066
vn 0.0000 0.9085 -0.4179
f 1189//1067 1190//1067 1191//1067 1192//1067
vn 0.0000 -0.9085 0.4179
f 1192//1068 1191//1068 1190//1068 1189//1068
vn 0.0000 0.9085 -0.4179
f 1193//1069 1194//1069 1195//1069 1196//1069
vn 0.0000 -0.9085 0.4179
f 1196//1070 1195//1070 1194//1070 1193//1070
o ac_condenser_1
v 7.3800 0.0000 2.5247
v 7.3800 0.0000 1.6847
v 7.3800 0.1000 1.6847
v 7.3800 0.1000 2.5247
v 8.2200 0.0000 2.5247
v 8.2200 0.0000 1.6847
v 8.2200 0.1000 1.6847
v 8.2200 0.1000 2.5247
v 7.4100 0.1000 2.4947
v 7.4100 0.1000 1.7147
v 7.4100 0.8400 1.7147
v 7.4100 0.8400 2.4947
v 8.1900 0.1000 2.4947
v 8.1900 0.1000 1.7147
v 8.1900 0.8400 1.7147
v 8.1900 0.8400 2.4947
v 7.3800 0.0900 2.5247
v 7.3800 0.0900 2.4647
v 7.3800 0.8500 2.4647
v 7.3800 0.8500 2.5247
v 7.4400 0.0900 2.5247
v 7.4400 0.0900 2.4647
v 7.4400 0.8500 2.4647
v 7.4400 0.8500 2.5247
v 8.1600 0.0900 2.5247
v 8.1600 0.0900 2.4647
v 8.1600 0.8500 2.4647
v 8.1600 0.8500 2.5247
v 8.2200 0.0900 2.5247
v 8.2200 0.0900 2.4647
v 8.2200 0.8500 2.4647
v 8.2200 0.8500 2.5247
v 7.3800 0.0900 1.7447
v 7.3800 0.0900 1.6847
v 7.3800 0.8500 1.6847
v 7.3800 0.8500 1.7447
v 7.4400 0.0900 1.7447
v 7.4400 0.0900 1.6847
v 7.4400 0.8500 1.6847
v 7.4400 0.8500 1.7447
v 8.1600 0.0900 1.7447
v 8.1600 0.0900 1.6847
v 8.1600 0.8500 1.6847
v 8.1600 0.8500 1.7447
v 8.2200 0.0900 1.7447
v 8.2200 0.0900 1.6847
v 8.2200 0.8500 1.6847
v 8.2200 0.8500 1.7447
v 7.3800 0.8350 2.5247
v 7.3800 0.8350 1.6847
v 7.3800 0.8850 1.6847
v 7.3800 0.8850 2.5247
v 8.2200 0.8350 2.5247
v 8.2200 0.8350 1.6847
v 8.2200 0.8850 1.6847
v 8.2200 0.8850 2.5247
v 7.8000 0.9050 1.8047
v 7.8000 0.8850 1.8047
v 7.8585 0.9050 1.8105
v 7.8585 0.8850 1.8105
v 7.9148 0.9050 1.8276
v 7.9148 0.8850 1.8276
v 7.9667 0.9050 1.8553
v 7.9667 0.8850 1.8553
v 8.0121 0.9050 1.8926
v 8.0121 0.8850 1.8926
v 8.0494 0.9050 1.9380
v 8.0494 0.8850 1.9380
v 8.0772 0.9050 1.9899
v 8.0772 0.8850 1.9899
v 8.0942 0.9050 2.0462
v 8.0942 0.8850 2.0462
v 8.1000 0.9050 2.1047
v 8.1000 0.8850 2.1047
v 8.0942 0.9050 2.1632
v 8.0942 0.8850 2.1632
v 8.0772 0.9050 2.2195
v 8.0772 0.8850 2.2195
v 8.0494 0.9050 2.2714
v 8.0494 0.8850 2.2714
v 8.0121 0.9050 2.3169
v 8.0121 0.8850 2.3169
v 7.9667 0.9050 2.3542
v 7.9667 0.8850 2.3542
v 7.9148 0.9050 2.3819
v 7.9148 0.8850 2.3819
v 7.8585 0.9050 2.3990
v 7.8585 0.8850 2.3990
v 7.8000 0.9050 2.4047
v 7.8000 0.8850 2.4047
v 7.7415 0.9050 2.3990
v 7.7415 0.8850 2.3990
v 7.6852 0.9050 2.3819
v 7.6852 0.8850 2.3819
v 7.6333 0.9050 2.3542
v 7.6333 0.8850 2.3542
v 7.5879 0.9050 2.3169
v 7.5879 0.8850 2.3169
v 7.5506 0.9050 2.2714
v 7.5506 0.8850 2.2714
v 7.5228 0.9050 2.2195
v 7.5228 0.8850 2.2195
v 7.5058 0.9050 2.1632
v 7.5058 0.8850 2.1632
v 7.5000 0.9050 2.1047
v 7.5000 0.8850 2.1047
v 7.5058 0.9050 2.0462
v 7.5058 0.8850 2.0462
v 7.5228 0.9050 1.9899
v 7.5228 0.8850 1.9899
v 7.5506 0.9050 1.9380
v 7.5506 0.8850 1.9380
v 7.5879 0.9050 1.8926
v 7.5879 0.8850 1.8926
v 7.6333 0.9050 1.8553
v 7.6333 0.8850 1.8553
v 7.6852 0.9050 1.8276
v 7.6852 0.8850 1.8276
v 7.7415 0.9050 1.8105
v 7.7415 0.8850 1.8105
v 7.8000 0.9050 2.1047
v 7.8000 0.8850 2.1047
v 7.9800 0.3000 1.7047
v 7.8200 0.3000 1.7047
v 7.8200 0.5000 1.7047
v 7.9800 0.5000 1.7047
v 7.9800 0.3000 1.6247
v 7.8200 0.3000 1.6247
v 7.8200 0.5000 1.6247
v 7.9800 0.5000 1.6247
vn -1.0000 0.0000 0.0000
usemtl ac_grille
f 1197//1071 1200//1071 1199//1071 1198//1071
vn 1.0000 0.0000 0.0000
f 1201//1072 1202//1072 1203//1072 1204//1072
vn 0.0000 0.0000 1.0000
f 1197//1073 1201//1073 1204//1073 1200//1073
vn 0.0000 0.0000 -1.0000
f 1198//1074 1199//1074 1203//1074 1202//1074
vn 0.0000 1.0000 0.0000
f 1200//1075 1204//1075 1203//1075 1199//1075
vn 0.0000 -1.0000 0.0000
f 1197//1076 1198//1076 1202//1076 1201//1076
vn -1.0000 0.0000 0.0000
f 1205//1077 1208//1077 1207//1077 1206//1077
vn 1.0000 0.0000 0.0000
f 1209//1078 1210//1078 1211//1078 1212//1078
vn 0.0000 0.0000 1.0000
f 1205//1079 1209//1079 1212//1079 1208//1079
vn 0.0000 0.0000 -1.0000
f 1206//1080 1207//1080 1211//1080 1210//1080
vn 0.0000 1.0000 0.0000
f 1208//1081 1212//1081 1211//1081 1207//1081
vn 0.0000 -1.0000 0.0000
f 1205//1082 1206//1082 1210//1082 1209//1082
vn -1.0000 0.0000 0.0000
usemtl ac_cabinet
f 1213//1083 1216//1083 1215//1083 1214//1083
vn 1.0000 0.0000 0.0000
f 1217//1084 1218//1084 1219//1084 1220//1084
vn 0.0000 0.0000 1.0000
f 1213//1085 1217//1085 1220//1085 1216//1085
vn 0.0000 0.0000 -1.0000
f 1214//1086 1215//1086 1219//1086 1218//1086
vn 0.0000 1.0000 0.0000
f 1216//1087 1220//1087 1219//1087 1215//1087
vn 0.0000 -1.0000 0.0000
f 1213//1088 1214//1088 1218//1088 1217//1088
vn -1.0000 0.0000 0.0000
f 1221//1089 1224//1089 1223//1089 1222//1089
vn 1.0000 0.0000 0.0000
f 1225//1090 1226//1090 1227//1090 1228//1090
vn 0.0000 0.0000 1.0000
f 1221//1091 1225//1091 1228//1091 1224//1091
vn 0.0000 0.0000 -1.0000
f 1222//1092 1223//1092 1227//1092 1226//1092
vn 0.0000 1.0000 0.0000
f 1224//1093 1228//1093 1227//1093 1223//1093
vn 0.0000 -1.0000 0.0000
f 1221//1094 1222//1094 1226//1094 1225//1094
vn -1.0000 0.0000 0.0000
f 1229//1095 1232//1095 1231//1095 1230//1095
vn 1.0000 0.0000 0.0000
f 1233//1096 1234//1096 1235//1096 1236//1096
vn 0.0000 0.0000 1.0000
f 1229//1097 1233//1097 1236//1097 1232//1097
vn 0.0000 0.0000 -1.0000
f 1230//1098 1231//1098 1235//1098 1234//1098
vn 0.0000 1.0000 0.0000
f 1232//1099 1236//1099 1235//1099 1231//1099
vn 0.0000 -1.0000 0.0000
f 1229//1100 1230//1100 1234//1100 1233//1100
vn -1.0000 0.0000 0.0000
f 1237//1101 1240//1101 1239//1101 1238//1101
vn 1.0000 0.0000 0.0000
f 1241//1102 1242//1102 1243//1102 1244//1102
vn 0.0000 0.0000 1.0000
f 1237//1103 1241//1103 1244//1103 1240//1103
vn 0.0000 0.0000 -1.0000
f 1238//1104 1239//1104 1243//1104 1242//1104
vn 0.0000 1.0000 0.0000
f 1240//1105 1244//1105 1243//1105 1239//1105
vn 0.0000 -1.0000 0.0000
f 1237//1106 1238//1106 1242//1106 1241//1106
vn -1.0000 0.0000 0.0000
f 1245//1107 1248//1107 1247//1107 1246//1107
vn 1.0000 0.0000 0.0000
f 1249//1108 1250//1108 1251//1108 1252//1108
vn 0.0000 0.0000 1.0000
f 1245//1109 1249//1109 1252//1109 1248//1109
vn 0.0000 0.0000 -1.0000
f 1246//1110 1247//1110 1251//1110 1250//1110
vn 0.0000 1.0000 0.0000
f 1248//1111 1252//1111 1251//1111 1247//1111
vn 0.0000 -1.0000 0.0000
f 1245//1112 1246//1112 1250//1112 1249//1112
vn 0.0980 0.0000 -0.9952
usemtl ac_fan
f 1253//1113 1255//1113 1256//1113 1254//1113
vn 0.2903 0.0000 -0.9569
f 1255//1114 1257//1114 1258//1114 1256//1114
vn 0.4714 0.0000 -0.8819
f 1257//1115 1259//1115 1260//1115 1258//1115
vn 0.6344 0.0000 -0.7730
f 1259//1116 1261//1116 1262//1116 1260//1116
vn 0.7730 0.0000 -0.6344
f 1261//1117 1263//1117 1264//1117 1262//1117
vn 0.8819 0.0000 -0.4714
f 1263//1118 1265//1118 1266//1118 1264//1118
vn 0.9569 0.0000 -0.2903
f 1265//1119 1267//1119 1268//1119 1266//1119
vn 0.9952 0.0000 -0.0980
f 1267//1120 1269//1120 1270//1120 1268//1120
vn 0.9952 0.0000 0.0980
f 1269//1121 1271//1121 1272//1121 1270//1121
vn 0.9569 0.0000 0.2903
f 1271//1122 1273//1122 1274//1122 1272//1122
vn 0.8819 0.0000 0.4714
f 1273//1123 1275//1123 1276//1123 1274//1123
vn 0.7730 0.0000 0.6344
f 1275//1124 1277//1124 1278//1124 1276//1124
vn 0.6344 0.0000 0.7730
f 1277//1125 1279//1125 1280//1125 1278//1125
vn 0.4714 0.0000 0.8819
f 1279//1126 1281//1126 1282//1126 1280//1126
vn 0.2903 0.0000 0.9569
f 1281//1127 1283//1127 1284//1127 1282//1127
vn 0.0980 0.0000 0.9952
f 1283//1128 1285//1128 1286//1128 1284//1128
vn -0.0980 0.0000 0.9952
f 1285//1129 1287//1129 1288//1129 1286//1129
vn -0.2903 0.0000 0.9569
f 1287//1130 1289//1130 1290//1130 1288//1130
vn -0.4714 0.0000 0.8819
f 1289//1131 1291//1131 1292//1131 1290//1131
vn -0.6344 0.0000 0.7730
f 1291//1132 1293//1132 1294//1132 1292//1132
vn -0.7730 0.0000 0.6344
f 1293//1133 1295//1133 1296//1133 1294//1133
vn -0.8819 0.0000 0.4714
f 1295//1134 1297//1134 1298//1134 1296//1134
vn -0.9569 0.0000 0.2903
f 1297//1135 1299//1135 1300//1135 1298//1135
vn -0.9952 0.0000 0.0980
f 1299//1136 1301//1136 1302//1136 1300//1136
vn -0.9952 0.0000 -0.0980
f 1301//1137 1303//1137 1304//1137 1302//1137
vn -0.9569 0.0000 -0.2903
f 1303//1138 1305//1138 1306//1138 1304//1138
vn -0.8819 0.0000 -0.4714
f 1305//1139 1307//1139 1308//1139 1306//1139
vn -0.7730 0.0000 -0.6344
f 1307//1140 1309//1140 1310//1140 1308//1140
vn -0.6344 0.0000 -0.7730
f 1309//1141 1311//1141 1312//1141 1310//1141
vn -0.4714 0.0000 -0.8819
f 1311//1142 1313//1142 1314//1142 1312//1142
vn -0.2903 0.0000 -0.9569
f 1313//1143 1315//1143 1316//1143 1314//1143
vn -0.0980 0.0000 -0.9952
f 1315//1144 1253//1144 1254//1144 1316//1144
vn 0.0000 1.0000 0.0000
f 1317//1145 1255//1145 1253//1145
vn 0.0000 -1.0000 0.0000
f 1318//1146 1254//1146 1256//1146
vn 0.0000 1.0000 -0.0000
f 1317//1147 1257//1147 1255//1147
vn 0.0000 -1.0000 0.0000
f 1318//1148 1256//1148 1258//1148
vn 0.0000 1.0000 0.0000
f 1317//1149 1259//1149 1257//1149
vn 0.0000 -1.0000 -0.0000
f 1318//1150 1258//1150 1260//1150
vn 0.0000 1.0000 -0.0000
f 1317//1151 1261//1151 1259//1151
vn 0.0000 -1.0000 0.0000
f 1318//1152 1260//1152 1262//1152
vn 0.0000 1.0000 0.0000
f 1317//1153 1263//1153 1261//1153
vn 0.0000 -1.0000 -0.0000
f 1318//1154 1262//1154 1264//1154
vn 0.0000 1.0000 0.0000
f 1317//1155 1265//1155 1263//1155
vn 0.0000 -1.0000 0.0000
f 1318//1156 1264//1156 1266//1156
vn 0.0000 1.0000 0.0000
f 1317//1157 1267//1157 1265//1157
vn 0.0000 -1.0000 0.0000
f 1318//1158 1266//1158 1268//1158
vn 0.0000 1.0000 0.0000
f 1317//1159 1269//1159 1267//1159
vn 0.0000 -1.0000 0.0000
f 1318//1160 1268//1160 1270//1160
vn 0.0000 1.0000 0.0000
f 1317//1161 1271//1161 1269//1161
vn 0.0000 -1.0000 0.0000
f 1318//1162 1270//1162 1272//1162
vn 0.0000 1.0000 0.0000
f 1317//1163 1273//1163 1271//1163
vn 0.0000 -1.0000 -0.0000
f 1318//1164 1272//1164 1274//1164
vn 0.0000 1.0000 0.0000
f 1317//1165 1275//1165 1273//1165
vn 0.0000 -1.0000 0.0000
f 1318//1166 1274//1166 1276//1166
vn 0.0000 1.0000 -0.0000
f 1317//1167 1277//1167 1275//1167
vn 0.0000 -1.0000 0.0000
f 1318//1168 1276//1168 1278//1168
vn 0.0000 1.0000 0.0000
f 1317//1169 1279//1169 1277//1169
vn 0.0000 -1.0000 -0.0000
f 1318//1170 1278//1170 1280//1170
vn 0.0000 1.0000 0.0000
f 1317//1171 1281//1171 1279//1171
vn 0.0000 -1.0000 0.0000
f 1318//1172 1280//1172 1282//1172
vn 0.0000 1.0000 0.0000
f 1317//1173 1283//1173 1281//1173
vn 0.0000 -1.0000 -0.0000
f 1318//1174 1282//1174 1284//1174
vn 0.0000 1.0000 0.0000
f 1317//1175 1285//1175 1283//1175
vn 0.0000 -1.0000 0.0000
f 1318//1176 1284//1176 1286//1176
vn 0.0000 1.0000 0.0000
f 1317//1177 1287//1177 1285//1177
vn 0.0000 -1.0000 0.0000
f 1318//1178 1286//1178 1288//1178
vn 0.0000 1.0000 0.0000
f 1317//1179 1289//1179 1287//1179
vn 0.0000 -1.0000 0.0000
f 1318//1180 1288//1180 1290//1180
vn 0.0000 1.0000 0.0000
f 1317//1181 1291//1181 1289//1181
vn 0.0000 -1.0000 0.0000
f 1318//1182 1290//1182 1292//1182
vn 0.0000 1.0000 0.0000
f 1317//1183 1293//1183 1291//1183
vn 0.0000 -1.0000 0.0000
f 1318//1184 1292//1184 1294//1184
vn 0.0000 1.0000 -0.0000
f 1317//1185 1295//1185 1293//1185
vn 0.0000 -1.0000 0.0000
f 1318//1186 1294//1186 1296//1186
vn 0.0000 1.0000 0.0000
f 1317//1187 1297//1187 1295//1187
vn 0.0000 -1.0000 0.0000
f 1318//1188 1296//1188 1298//1188
vn 0.0000 1.0000 0.0000
f 1317//1189 1299//1189 1297//1189
vn 0.0000 -1.0000 0.0000
f 1318//1190 1298//1190 1300//1190
vn 0.0000 1.0000 0.0000
f 1317//1191 1301//1191 1299//1191
vn 0.0000 -1.0000 -0.0000
f 1318//1192 1300//1192 1302//1192
vn 0.0000 1.0000 -0.0000
f 1317//1193 1303//1193 1301//1193
vn 0.0000 -1.0000 0.0000
f 1318//1194 1302//1194 1304//1194
vn 0.0000 1.0000 0.0000
f 1317//1195 1305//1195 1303//1195
vn 0.0000 -1.0000 -0.0000
f 1318//1196 1304//1196 1306//1196
vn 0.0000 1.0000 0.0000
f 1317//1197 1307//1197 1305//1197
vn 0.0000 -1.0000 0.0000
f 1318//1198 1306//1198 1308//1198
vn 0.0000 1.0000 0.0000
f 1317//1199 1309//1199 1307//1199
vn 0.0000 -1.0000 -0.0000
f 1318//1200 1308//1200 1310//1200
vn 0.0000 1.0000 0.0000
f 1317//1201 1311//1201 1309//1201
vn 0.0000 -1.0000 0.0000
f 1318//1202 1310//1202 1312//1202
vn 0.0000 1.0000 0.0000
f 1317//1203 1313//1203 1311//1203
vn 0.0000 -1.0000 -0.0000
f 1318//1204 1312//1204 1314//1204
vn 0.0000 1.0000 -0.0000
f 1317//1205 1315//1205 1313//1205
vn 0.0000 -1.0000 0.0000
f 1318//1206 1314//1206 1316//1206
vn 0.0000 1.0000 0.0000
f 1317//1207 1253//1207 1315//1207
vn 0.0000 -1.0000 0.0000
f 1318//1208 1316//1208 1254//1208
vn 0.0000 0.0000 1.0000
usemtl disconnect_gray
f 1319//1209 1322//1209 1321//1209 1320//1209
vn 0.0000 0.0000 -1.0000
f 1323//1210 1324//1210 1325//1210 1326//1210
vn 1.0000 0.0000 0.0000
f 1319//1211 1323//1211 1326//1211 1322//1211
vn -1.0000 0.0000 0.0000
f 1320//1212 1321//1212 1325//1212 1324//1212
vn 0.0000 1.0000 0.0000
f 1322//1213 1326//1213 1325//1213 1321//1213
vn 0.0000 -1.0000 0.0000
f 1319//1214 1320//1214 1324//1214 1323//1214
o gas_meter
v 7.0400 0.2400 -1.5278
v 7.0400 0.2400 -1.8278
v 7.0400 0.5600 -1.8278
v 7.0400 0.5600 -1.5278
v 7.2400 0.2400 -1.5278
v 7.2400 0.2400 -1.8278
v 7.2400 0.5600 -1.8278
v 7.2400 0.5600 -1.5278
v 7.2400 0.3900 -1.6078
v 7.2400 0.3900 -1.7478
v 7.2400 0.4900 -1.7478
v 7.2400 0.4900 -1.6078
v 7.2500 0.3900 -1.6078
v 7.2500 0.3900 -1.7478
v 7.2500 0.4900 -1.7478
v 7.2500 0.4900 -1.6078
v 7.1400 0.7200 -1.6058
v 7.1400 0.6000 -1.6058
v 7.1490 0.7200 -1.6034
v 7.1490 0.6000 -1.6034
v 7.1556 0.7200 -1.5968
v 7.1556 0.6000 -1.5968
v 7.1580 0.7200 -1.5878
v 7.1580 0.6000 -1.5878
v 7.1556 0.7200 -1.5788
v 7.1556 0.6000 -1.5788
v 7.1490 0.7200 -1.5722
v 7.1490 0.6000 -1.5722
v 7.1400 0.7200 -1.5698
v 7.1400 0.6000 -1.5698
v 7.1310 0.7200 -1.5722
v 7.1310 0.6000 -1.5722
v 7.1244 0.7200 -1.5788
v 7.1244 0.6000 -1.5788
v 7.1220 0.7200 -1.5878
v 7.1220 0.6000 -1.5878
v 7.1244 0.7200 -1.5968
v 7.1244 0.6000 -1.5968
v 7.1310 0.7200 -1.6034
v 7.1310 0.6000 -1.6034
v 7.1400 0.7200 -1.5878
v 7.1400 0.6000 -1.5878
v 7.1400 0.7200 -1.7858
v 7.1400 0.6000 -1.7858
v 7.1490 0.7200 -1.7834
v 7.1490 0.6000 -1.7834
v 7.1556 0.7200 -1.7768
v 7.1556 0.6000 -1.7768
v 7.1580 0.7200 -1.7678
v 7.1580 0.6000 -1.7678
v 7.1556 0.7200 -1.7588
v 7.1556 0.6000 -1.7588
v 7.1490 0.7200 -1.7522
v 7.1490 0.6000 -1.7522
v 7.1400 0.7200 -1.7498
v 7.1400 0.6000 -1.7498
v 7.1310 0.7200 -1.7522
v 7.1310 0.6000 -1.7522
v 7.1244 0.7200 -1.7588
v 7.1244 0.6000 -1.7588
v 7.1220 0.7200 -1.7678
v 7.1220 0.6000 -1.7678
v 7.1244 0.7200 -1.7768
v 7.1244 0.6000 -1.7768
v 7.1310 0.7200 -1.7834
v 7.1310 0.6000 -1.7834
v 7.1400 0.7200 -1.7678
v 7.1400 0.6000 -1.7678
v 7.0500 0.2800 -1.6058
v 7.0500 0.0000 -1.6058
v 7.0590 0.2800 -1.6034
v 7.0590 0.0000 -1.6034
v 7.0656 0.2800 -1.5968
v 7.0656 0.0000 -1.5968
v 7.0680 0.2800 -1.5878
v 7.0680 0.0000 -1.5878
v 7.0656 0.2800 -1.5788
v 7.0656 0.0000 -1.5788
v 7.0590 0.2800 -1.5722
v 7.0590 0.0000 -1.5722
v 7.0500 0.2800 -1.5698
v 7.0500 0.0000 -1.5698
v 7.0410 0.2800 -1.5722
v 7.0410 0.0000 -1.5722
v 7.0344 0.2800 -1.5788
v 7.0344 0.0000 -1.5788
v 7.0320 0.2800 -1.5878
v 7.0320 0.0000 -1.5878
v 7.0344 0.2800 -1.5968
v 7.0344 0.0000 -1.5968
v 7.0410 0.2800 -1.6034
v 7.0410 0.0000 -1.6034
v 7.0500 0.2800 -1.5878
v 7.0500 0.0000 -1.5878
vn -1.0000 0.0000 0.0000
usemtl gas_meter_body
f 1327//1215 1330//1215 1329//1215 1328//1215
vn 1.0000 0.0000 0.0000
f 1331//1216 1332//1216 1333//1216 1334//1216
vn 0.0000 0.0000 1.0000
f 1327//1217 1331//1217 1334//1217 1330//1217
vn 0.0000 0.0000 -1.0000
f 1328//1218 1329//1218 1333//1218 1332//1218
vn 0.0000 1.0000 0.0000
f 1330//1219 1334//1219 1333//1219 1329//1219
vn 0.0000 -1.0000 0.0000
f 1327//1220 1328//1220 1332//1220 1331//1220
vn -1.0000 0.0000 0.0000
usemtl meter_face
f 1335//1221 1338//1221 1337//1221 1336//1221
vn 1.0000 0.0000 0.0000
f 1339//1222 1340//1222 1341//1222 1342//1222
vn 0.0000 0.0000 1.0000
f 1335//1223 1339//1223 1342//1223 1338//1223
vn 0.0000 0.0000 -1.0000
f 1336//1224 1337//1224 1341//1224 1340//1224
vn 0.0000 1.0000 0.0000
f 1338//1225 1342//1225 1341//1225 1337//1225
vn 0.0000 -1.0000 0.0000
f 1335//1226 1336//1226 1340//1226 1339//1226
vn 0.2588 0.0000 -0.9659
usemtl gas_pipe
f 1343//1227 1345//1227 1346//1227 1344//1227
vn 0.7071 0.0000 -0.7071
f 1345//1228 1347//1228 1348//1228 1346//1228
vn 0.9659 0.0000 -0.2588
f 1347//1229 1349//1229 1350//1229 1348//1229
vn 0.9659 0.0000 0.2588
f 1349//1230 1351//1230 1352//1230 1350//1230
vn 0.7071 0.0000 0.7071
f 1351//1231 1353//1231 1354//1231 1352//1231
vn 0.2588 0.0000 0.9659
f 1353//1232 1355//1232 1356//1232 1354//1232
vn -0.2588 0.0000 0.9659
f 1355//1233 1357//1233 1358//1233 1356//1233
vn -0.7071 0.0000 0.7071
f 1357//1234 1359//1234 1360//1234 1358//1234
vn -0.9659 0.0000 0.2588
f 1359//1235 1361//1235 1362//1235 1360//1235
vn -0.9659 0.0000 -0.2588
f 1361//1236 1363//1236 1364//1236 1362//1236
vn -0.7071 0.0000 -0.7071
f 1363//1237 1365//1237 1366//1237 1364//1237
vn -0.2588 0.0000 -0.9659
f 1365//1238 1343//1238 1344//1238 1366//1238
vn 0.0000 1.0000 0.0000
f 1367//1239 1345//1239 1343//1239
vn 0.0000 -1.0000 0.0000
f 1368//1240 1344//1240 1346//1240
vn 0.0000 1.0000 -0.0000
f 1367//1241 1347//1241 1345//1241
vn 0.0000 -1.0000 -0.0000
f 1368//1242 1346//1242 1348//1242
vn 0.0000 1.0000 0.0000
f 1367//1243 1349//1243 1347//1243
vn 0.0000 -1.0000 0.0000
f 1368//1244 1348//1244 1350//1244
vn 0.0000 1.0000 0.0000
f 1367//1245 1351//1245 1349//1245
vn 0.0000 -1.0000 -0.0000
f 1368//1246 1350//1246 1352//1246
vn 0.0000 1.0000 0.0000
f 1367//1247 1353//1247 1351//1247
vn 0.0000 -1.0000 0.0000
f 1368//1248 1352//1248 1354//1248
vn 0.0000 1.0000 0.0000
f 1367//1249 1355//1249 1353//1249
vn 0.0000 -1.0000 0.0000
f 1368//1250 1354//1250 1356//1250
vn 0.0000 1.0000 0.0000
f 1367//1251 1357//1251 1355//1251
vn 0.0000 -1.0000 0.0000
f 1368//1252 1356//1252 1358//1252
vn 0.0000 1.0000 0.0000
f 1367//1253 1359//1253 1357//1253
vn 0.0000 -1.0000 0.0000
f 1368//1254 1358//1254 1360//1254
vn 0.0000 1.0000 0.0000
f 1367//1255 1361//1255 1359//1255
vn 0.0000 -1.0000 0.0000
f 1368//1256 1360//1256 1362//1256
vn 0.0000 1.0000 -0.0000
f 1367//1257 1363//1257 1361//1257
vn 0.0000 -1.0000 0.0000
f 1368//1258 1362//1258 1364//1258
vn 0.0000 1.0000 0.0000
f 1367//1259 1365//1259 1363//1259
vn 0.0000 -1.0000 0.0000
f 1368//1260 1364//1260 1366//1260
vn 0.0000 1.0000 0.0000
f 1367//1261 1343//1261 1365//1261
vn 0.0000 -1.0000 0.0000
f 1368//1262 1366//1262 1344//1262
vn 0.2588 0.0000 -0.9659
f 1369//1263 1371//1263 1372//1263 1370//1263
vn 0.7071 0.0000 -0.7071
f 1371//1264 1373//1264 1374//1264 1372//1264
vn 0.9659 0.0000 -0.2588
f 1373//1265 1375//1265 1376//1265 1374//1265
vn 0.9659 0.0000 0.2588
f 1375//1266 1377//1266 1378//1266 1376//1266
vn 0.7071 0.0000 0.7071
f 1377//1267 1379//1267 1380//1267 1378//1267
vn 0.2588 0.0000 0.9659
f 1379//1268 1381//1268 1382//1268 1380//1268
vn -0.2588 0.0000 0.9659
f 1381//1269 1383//1269 1384//1269 1382//1269
vn -0.7071 0.0000 0.7071
f 1383//1270 1385//1270 1386//1270 1384//1270
vn -0.9659 0.0000 0.2588
f 1385//1271 1387//1271 1388//1271 1386//1271
vn -0.9659 0.0000 -0.2588
f 1387//1272 1389//1272 1390//1272 1388//1272
vn -0.7071 0.0000 -0.7071
f 1389//1273 1391//1273 1392//1273 1390//1273
vn -0.2588 0.0000 -0.9659
f 1391//1274 1369//1274 1370//1274 1392//1274
vn 0.0000 1.0000 0.0000
f 1393//1275 1371//1275 1369//1275
vn 0.0000 -1.0000 0.0000
f 1394//1276 1370//1276 1372//1276
vn 0.0000 1.0000 -0.0000
f 1393//1277 1373//1277 1371//1277
vn 0.0000 -1.0000 -0.0000
f 1394//1278 1372//1278 1374//1278
vn 0.0000 1.0000 0.0000
f 1393//1279 1375//1279 1373//1279
vn 0.0000 -1.0000 0.0000
f 1394//1280 1374//1280 1376//1280
vn 0.0000 1.0000 0.0000
f 1393//1281 1377//1281 1375//1281
vn 0.0000 -1.0000 -0.0000
f 1394//1282 1376//1282 1378//1282
vn 0.0000 1.0000 0.0000
f 1393//1283 1379//1283 1377//1283
vn 0.0000 -1.0000 0.0000
f 1394//1284 1378//1284 1380//1284
vn 0.0000 1.0000 0.0000
f 1393//1285 1381//1285 1379//1285
vn 0.0000 -1.0000 0.0000
f 1394//1286 1380//1286 1382//1286
vn 0.0000 1.0000 0.0000
f 1393//1287 1383//1287 1381//1287
vn 0.0000 -1.0000 0.0000
f 1394//1288 1382//1288 1384//1288
vn 0.0000 1.0000 0.0000
f 1393//1289 1385//1289 1383//1289
vn 0.0000 -1.0000 0.0000
f 1394//1290 1384//1290 1386//1290
vn 0.0000 1.0000 0.0000
f 1393//1291 1387//1291 1385//1291
vn 0.0000 -1.0000 0.0000
f 1394//1292 1386//1292 1388//1292
vn 0.0000 1.0000 -0.0000
f 1393//1293 1389//1293 1387//1293
vn 0.0000 -1.0000 0.0000
f 1394//1294 1388//1294 1390//1294
vn 0.0000 1.0000 0.0000
f 1393//1295 1391//1295 1389//1295
vn 0.0000 -1.0000 0.0000
f 1394//1296 1390//1296 1392//1296
vn 0.0000 1.0000 0.0000
f 1393//1297 1369//1297 1391//1297
vn 0.0000 -1.0000 0.0000
f 1394//1298 1392//1298 1370//1298
vn 0.2588 0.0000 -0.9659
f 1395//1299 1397//1299 1398//1299 1396//1299
vn 0.7071 0.0000 -0.7071
f 1397//1300 1399//1300 1400//1300 1398//1300
vn 0.9659 0.0000 -0.2588
f 1399//1301 1401//1301 1402//1301 1400//1301
vn 0.9659 0.0000 0.2588
f 1401//1302 1403//1302 1404//1302 1402//1302
vn 0.7071 0.0000 0.7071
f 1403//1303 1405//1303 1406//1303 1404//1303
vn 0.2588 0.0000 0.9659
f 1405//1304 1407//1304 1408//1304 1406//1304
vn -0.2588 0.0000 0.9659
f 1407//1305 1409//1305 1410//1305 1408//1305
vn -0.7071 0.0000 0.7071
f 1409//1306 1411//1306 1412//1306 1410//1306
vn -0.9659 0.0000 0.2588
f 1411//1307 1413//1307 1414//1307 1412//1307
vn -0.9659 0.0000 -0.2588
f 1413//1308 1415//1308 1416//1308 1414//1308
vn -0.7071 0.0000 -0.7071
f 1415//1309 1417//1309 1418//1309 1416//1309
vn -0.2588 0.0000 -0.9659
f 1417//1310 1395//1310 1396//1310 1418//1310
vn 0.0000 1.0000 0.0000
f 1419//1311 1397//1311 1395//1311
vn 0.0000 -1.0000 0.0000
f 1420//1312 1396//1312 1398//1312
vn 0.0000 1.0000 0.0000
f 1419//1313 1399//1313 1397//1313
vn 0.0000 -1.0000 0.0000
f 1420//1314 1398//1314 1400//1314
vn 0.0000 1.0000 0.0000
f 1419//1315 1401//1315 1399//1315
vn 0.0000 -1.0000 0.0000
f 1420//1316 1400//1316 1402//1316
vn 0.0000 1.0000 0.0000
f 1419//1317 1403//1317 1401//1317
vn 0.0000 -1.0000 0.0000
f 1420//1318 1402//1318 1404//1318
vn 0.0000 1.0000 0.0000
f 1419//1319 1405//1319 1403//1319
vn 0.0000 -1.0000 0.0000
f 1420//1320 1404//1320 1406//1320
vn 0.0000 1.0000 0.0000
f 1419//1321 1407//1321 1405//1321
vn 0.0000 -1.0000 0.0000
f 1420//1322 1406//1322 1408//1322
vn 0.0000 1.0000 0.0000
f 1419//1323 1409//1323 1407//1323
vn 0.0000 -1.0000 0.0000
f 1420//1324 1408//1324 1410//1324
vn 0.0000 1.0000 0.0000
f 1419//1325 1411//1325 1409//1325
vn 0.0000 -1.0000 0.0000
f 1420//1326 1410//1326 1412//1326
vn 0.0000 1.0000 0.0000
f 1419//1327 1413//1327 1411//1327
vn 0.0000 -1.0000 0.0000
f 1420//1328 1412//1328 1414//1328
vn 0.0000 1.0000 0.0000
f 1419//1329 1415//1329 1413//1329
vn 0.0000 -1.0000 0.0000
f 1420//1330 1414//1330 1416//1330
vn 0.0000 1.0000 0.0000
f 1419//1331 1417//1331 1415//1331
vn 0.0000 -1.0000 0.0000
f 1420//1332 1416//1332 1418//1332
vn 0.0000 1.0000 0.0000
f 1419//1333 1395//1333 1417//1333
vn 0.0000 -1.0000 0.0000
f 1420//1334 1418//1334 1396//1334
o hose_bib
v 7.1000 0.4500 -3.3337
v 7.0000 0.4500 -3.3337
v 7.1000 0.4588 -3.3308
v 7.0000 0.4588 -3.3308
v 7.1000 0.4643 -3.3233
v 7.0000 0.4643 -3.3233
v 7.1000 0.4643 -3.3140
v 7.0000 0.4643 -3.3140
v 7.1000 0.4588 -3.3065
v 7.0000 0.4588 -3.3065
v 7.1000 0.4500 -3.3037
v 7.0000 0.4500 -3.3037
v 7.1000 0.4412 -3.3065
v 7.0000 0.4412 -3.3065
v 7.1000 0.4357 -3.3140
v 7.0000 0.4357 -3.3140
v 7.1000 0.4357 -3.3233
v 7.0000 0.4357 -3.3233
v 7.1000 0.4412 -3.3308
v 7.0000 0.4412 -3.3308
v 7.1000 0.4500 -3.3187
v 7.0000 0.4500 -3.3187
v 7.1000 0.4875 -3.3537
v 7.1000 0.4725 -3.3537
v 7.1206 0.4875 -3.3470
v 7.1206 0.4725 -3.3470
v 7.1333 0.4875 -3.3295
v 7.1333 0.4725 -3.3295
v 7.1333 0.4875 -3.3079
v 7.1333 0.4725 -3.3079
v 7.1206 0.4875 -3.2904
v 7.1206 0.4725 -3.2904
v 7.1000 0.4875 -3.2837
v 7.1000 0.4725 -3.2837
v 7.0794 0.4875 -3.2904
v 7.0794 0.4725 -3.2904
v 7.0667 0.4875 -3.3079
v 7.0667 0.4725 -3.3079
v 7.0667 0.4875 -3.3295
v 7.0667 0.4725 -3.3295
v 7.0794 0.4875 -3.3470
v 7.0794 0.4725 -3.3470
v 7.1000 0.4875 -3.3187
v 7.1000 0.4725 -3.3187
vn 0.0000 -0.3090 0.9511
usemtl hose_bib
f 1421//1335 1423//1335 1424//1335 1422//1335
vn 0.0000 -0.8090 0.5878
f 1423//1336 1425//1336 1426//1336 1424//1336
vn 0.0000 -1.0000 0.0000
f 1425//1337 1427//1337 1428//1337 1426//1337
vn 0.0000 -0.8090 -0.5878
f 1427//1338 1429//1338 1430//1338 1428//1338
vn 0.0000 -0.3090 -0.9511
f 1429//1339 1431//1339 1432//1339 1430//1339
vn 0.0000 0.3090 -0.9511
f 1431//1340 1433//1340 1434//1340 1432//1340
vn 0.0000 0.8090 -0.5878
f 1433//1341 1435//1341 1436//1341 1434//1341
vn 0.0000 1.0000 0.0000
f 1435//1342 1437//1342 1438//1342 1436//1342
vn 0.0000 0.8090 0.5878
f 1437//1343 1439//1343 1440//1343 1438//1343
vn 0.0000 0.3090 0.9511
f 1439//1344 1421//1344 1422//1344 1440//1344
vn -1.0000 0.0000 0.0000
f 1441//1345 1423//1345 1421//1345
vn 1.0000 0.0000 0.0000
f 1442//1346 1422//1346 1424//1346
vn -1.0000 0.0000 0.0000
f 1441//1347 1425//1347 1423//1347
vn 1.0000 0.0000 0.0000
f 1442//1348 1424//1348 1426//1348
vn -1.0000 0.0000 0.0000
f 1441//1349 1427//1349 1425//1349
vn 1.0000 0.0000 0.0000
f 1442//1350 1426//1350 1428//1350
vn -1.0000 0.0000 0.0000
f 1441//1351 1429//1351 1427//1351
vn 1.0000 0.0000 0.0000
f 1442//1352 1428//1352 1430//1352
vn -1.0000 0.0000 0.0000
f 1441//1353 1431//1353 1429//1353
vn 1.0000 0.0000 0.0000
f 1442//1354 1430//1354 1432//1354
vn -1.0000 0.0000 0.0000
f 1441//1355 1433//1355 1431//1355
vn 1.0000 0.0000 0.0000
f 1442//1356 1432//1356 1434//1356
vn -1.0000 0.0000 0.0000
f 1441//1357 1435//1357 1433//1357
vn 1.0000 0.0000 0.0000
f 1442//1358 1434//1358 1436//1358
vn -1.0000 0.0000 0.0000
f 1441//1359 1437//1359 1435//1359
vn 1.0000 0.0000 0.0000
f 1442//1360 1436//1360 1438//1360
vn -1.0000 0.0000 0.0000
f 1441//1361 1439//1361 1437//1361
vn 1.0000 0.0000 0.0000
f 1442//1362 1438//1362 1440//1362
vn -1.0000 -0.0000 0.0000
f 1441//1363 1421//1363 1439//1363
vn 1.0000 0.0000 0.0000
f 1442//1364 1440//1364 1422//1364
vn 0.3090 0.0000 -0.9511
f 1443//1365 1445//1365 1446//1365 1444//1365
vn 0.8090 0.0000 -0.5878
f 1445//1366 1447//1366 1448//1366 1446//1366
vn 1.0000 0.0000 0.0000
f 1447//1367 1449//1367 1450//1367 1448//1367
vn 0.8090 0.0000 0.5878
f 1449//1368 1451//1368 1452//1368 1450//1368
vn 0.3090 0.0000 0.9511
f 1451//1369 1453//1369 1454//1369 1452//1369
vn -0.3090 0.0000 0.9511
f 1453//1370 1455//1370 1456//1370 1454//1370
vn -0.8090 0.0000 0.5878
f 1455//1371 1457//1371 1458//1371 1456//1371
vn -1.0000 0.0000 0.0000
f 1457//1372 1459//1372 1460//1372 1458//1372
vn -0.8090 0.0000 -0.5878
f 1459//1373 1461//1373 1462//1373 1460//1373
vn -0.3090 0.0000 -0.9511
f 1461//1374 1443//1374 1444//1374 1462//1374
vn 0.0000 1.0000 0.0000
f 1463//1375 1445//1375 1443//1375
vn 0.0000 -1.0000 0.0000
f 1464//1376 1444//1376 1446//1376
vn 0.0000 1.0000 0.0000
f 1463//1377 1447//1377 1445//1377
vn 0.0000 -1.0000 0.0000
f 1464//1378 1446//1378 1448//1378
vn 0.0000 1.0000 0.0000
f 1463//1379 1449//1379 1447//1379
vn 0.0000 -1.0000 0.0000
f 1464//1380 1448//1380 1450//1380
vn 0.0000 1.0000 0.0000
f 1463//1381 1451//1381 1449//1381
vn 0.0000 -1.0000 0.0000
f 1464//1382 1450//1382 1452//1382
vn 0.0000 1.0000 0.0000
f 1463//1383 1453//1383 1451//1383
vn 0.0000 -1.0000 0.0000
f 1464//1384 1452//1384 1454//1384
vn 0.0000 1.0000 0.0000
f 1463//1385 1455//1385 1453//1385
vn 0.0000 -1.0000 0.0000
f 1464//1386 1454//1386 1456//1386
vn 0.0000 1.0000 0.0000
f 1463//1387 1457//1387 1455//1387
vn 0.0000 -1.0000 0.0000
f 1464//1388 1456//1388 1458//1388
vn 0.0000 1.0000 0.0000
f 1463//1389 1459//1389 1457//1389
vn 0.0000 -1.0000 0.0000
f 1464//1390 1458//1390 1460//1390
vn 0.0000 1.0000 0.0000
f 1463//1391 1461//1391 1459//1391
vn 0.0000 -1.0000 0.0000
f 1464//1392 1460//1392 1462//1392
vn 0.0000 1.0000 0.0000
f 1463//1393 1443//1393 1461//1393
vn 0.0000 -1.0000 0.0000
f 1464//1394 1462//1394 1444//1394
o mulch_bed_side
v 7.0000 0.0000 -4.7000
v 8.6000 0.0000 -4.7000
v 8.6000 0.0400 -4.7000
v 7.0000 0.0400 -4.7000
v 7.0000 0.0000 4.7000
v 8.6000 0.0000 4.7000
v 8.6000 0.0400 4.7000
v 7.0000 0.0400 4.7000
vn 0.0000 0.0000 -1.0000
usemtl mulch
f 1465//1395 1468//1395 1467//1395 1466//1395
vn 0.0000 0.0000 1.0000
f 1469//1396 1470//1396 1471//1396 1472//1396
vn -1.0000 0.0000 0.0000
f 1465//1397 1469//1397 1472//1397 1468//1397
vn 1.0000 0.0000 0.0000
f 1466//1398 1467//1398 1471//1398 1470//1398
vn 0.0000 1.0000 0.0000
f 1468//1399 1472//1399 1471//1399 1467//1399
vn 0.0000 -1.0000 0.0000
f 1465//1400 1466//1400 1470//1400 1469//1400
o bush_loose_1
v 7.7820 1.1427 -1.9556
v 7.7820 1.0956 -1.9556
v 7.7820 1.1475 -1.9556
v 7.7820 1.1236 -1.9556
v 7.7820 1.1886 -1.9556
v 7.7820 1.1530 -1.9556
v 7.7820 1.1599 -1.9556
v 7.7820 1.1593 -1.9556
v 7.7820 1.1008 -1.9556
v 7.7820 1.0987 -1.9556
v 7.7820 1.1343 -1.9556
v 7.7820 1.0864 -1.9556
v 7.7820 1.1057 -1.9556
v 7.7820 1.1581 -1.9556
v 7.7820 1.1531 -1.9556
v 7.7820 1.1399 -1.9556
v 7.7820 1.1795 -1.9556
v 7.7820 1.1804 -1.9556
v 7.7820 1.1677 -1.9556
v 7.7820 1.1265 -1.9556
v 7.7820 1.1450 -1.9556
v 7.7820 1.0997 -1.9556
v 7.7820 1.1405 -1.9556
v 7.7820 1.1466 -1.9556
v 7.7820 1.1343 -1.9556
v 7.7820 1.1574 -1.9556
v 7.7820 1.1532 -1.9556
v 7.7820 1.1848 -1.9556
v 7.7820 1.1361 -1.9556
v 7.7820 1.1334 -1.9556
v 7.7820 1.0795 -1.9556
v 7.7820 1.1022 -1.9556
v 7.7820 1.1446 -1.9556
v 7.7820 1.1322 -1.9556
v 7.7820 1.1438 -1.9556
v 7.7820 1.1675 -1.9556
v 7.7820 1.1750 -1.9556
v 7.7820 1.2014 -1.9556
v 7.7820 1.1585 -1.9556
v 7.7820 1.1293 -1.9556
v 7.7820 1.1290 -1.9556
v 7.7820 1.1043 -1.9556
v 7.7820 1.0822 -1.9556
v 7.7820 1.0614 -1.9556
v 7.7820 1.1007 -1.9556
v 7.7820 1.1060 -1.9556
v 7.7820 1.1771 -1.9556
v 7.7820 1.1751 -1.9556
v 7.8508 1.1554 -1.9420
v 7.8453 1.1262 -1.9342
v 7.8454 1.1603 -1.9244
v 7.8402 1.1542 -1.9168
v 7.8347 1.1550 -1.9094
v 7.8304 1.1837 -1.9005
v 7.8212 1.1578 -1.8971
v 7.8133 1.1593 -1.8923
v 7.8030 1.1106 -1.8940
v 7.7939 1.0706 -1.8963
v 7.7864 1.1218 -1.8894
v 7.7777 1.1248 -1.8891
v 7.7694 1.1098 -1.8919
v 7.7602 1.1358 -1.8913
v 7.7518 1.1394 -1.8943
v 7.7436 1.1473 -1.8981
v 7.7367 1.1440 -1.9038
v 7.7297 1.1508 -1.9097
v 7.7260 1.1317 -1.9181
v 7.7231 1.1166 -1.9265
v 7.7224 1.0927 -1.9353
v 7.7190 1.1036 -1.9430
v 7.7137 1.1405 -1.9511
v 7.7086 1.1855 -1.9604
v 7.7131 1.1568 -1.9693
v 7.7190 1.1244 -1.9770
v 7.7217 1.1301 -1.9853
v 7.7267 1.1231 -1.9925
v 7.7296 1.1511 -2.0015
v 7.7392 1.1097 -2.0044
v 7.7436 1.1464 -2.0130
v 7.7524 1.1269 -2.0156
v 7.7606 1.1252 -2.0187
v 7.7694 1.1046 -2.0187
v 7.7775 1.1449 -2.0244
v 7.7865 1.1509 -2.0251
v 7.7960 1.1717 -2.0262
v 7.8054 1.1795 -2.0246
v 7.8116 1.1272 -2.0156
v 7.8178 1.1063 -2.0093
v 7.8270 1.1394 -2.0070
v 7.8320 1.1235 -1.9995
v 7.8363 1.1125 -1.9919
v 7.8412 1.1194 -1.9848
v 7.8418 1.0937 -1.9759
v 7.8439 1.0939 -1.9680
v 7.8507 1.1441 -1.9601
v 7.8522 1.1575 -1.9510
v 7.9143 1.1241 -1.9294
v 7.9135 1.1413 -1.9111
v 7.9021 1.1198 -1.8965
v 7.8958 1.1327 -1.8797
v 7.8844 1.1298 -1.8659
v 7.8715 1.1278 -1.8536
v 7.8568 1.1223 -1.8439
v 7.8425 1.1322 -1.8330
v 7.8248 1.1151 -1.8299
v 7.8057 1.0646 -1.8368
v 7.7904 1.0879 -1.8294
v 7.7737 1.0978 -1.8271
v 7.7550 1.1415 -1.8194
v 7.7378 1.1370 -1.8251
v 7.7247 1.1018 -1.8393
v 7.7061 1.1322 -1.8419
v 7.6854 1.1750 -1.8454
v 7.6716 1.1766 -1.8587
v 7.6671 1.1392 -1.8787
v 7.6608 1.1256 -1.8958
v 7.6580 1.1077 -1.9134
v 7.6543 1.1039 -1.9301
v 7.6376 1.1670 -1.9461
v 7.6413 1.1511 -1.9648
v 7.6437 1.1509 -1.9830
v 7.6616 1.0907 -1.9964
v 7.6731 1.0656 -2.0092
v 7.6722 1.1118 -2.0289
v 7.6782 1.1381 -2.0466
v 7.6953 1.1093 -2.0544
v 7.7103 1.0985 -2.0628
v 7.7223 1.1248 -2.0766
v 7.7422 1.0754 -2.0727
v 7.7557 1.1219 -2.0873
v 7.7724 1.1751 -2.1019
v 7.7917 1.1848 -2.1041
v 7.8108 1.1817 -2.1009
v 7.8245 1.1139 -2.0811
v 7.8403 1.1110 -2.0739
v 7.8529 1.0932 -2.0618
v 7.8715 1.1281 -2.0577
v 7.8879 1.1503 -2.0485
v 7.8916 1.1111 -2.0289
v 7.8917 1.0699 -2.0098
v 7.9031 1.0938 -1.9968
v 7.9053 1.0843 -1.9802
v 7.9150 1.1174 -1.9644
v 7.9113 1.1010 -1.9472
v 7.9775 1.1030 -1.9168
v 7.9787 1.1269 -1.8890
v 7.9753 1.1489 -1.8604
v 7.9624 1.1530 -1.8352
v 7.9393 1.1308 -1.8178
v 7.9199 1.1304 -1.7986
v 7.9009 1.1440 -1.7779
v 7.8683 1.0905 -1.7809
v 7.8448 1.0908 -1.7710
v 7.8166 1.0399 -1.7821
v 7.7949 1.0908 -1.7611
v 7.7698 1.0724 -1.7675
v 7.7445 1.0852 -1.7663
v 7.7194 1.0912 -1.7708
v 7.6914 1.1196 -1.7716
v 7.6732 1.0938 -1.7926
v 7.6534 1.0913 -1.8088
v 7.6293 1.1142 -1.8215
v 7.6071 1.1349 -1.8386
v 7.6161 1.0626 -1.8737
v 7.6006 1.0815 -1.8939
v 7.5906 1.0915 -1.9174
v 7.5722 1.1341 -1.9417
v 7.5624 1.1621 -1.9699
v 7.5664 1.1613 -1.9984
v 7.5988 1.0864 -2.0177
v 7.6160 1.0627 -2.0374
v 7.6390 1.0258 -2.0511
v 7.6342 1.0952 -2.0851
v 7.6528 1.0936 -2.1029
v 7.6670 1.1244 -2.1275
v 7.6988 1.0707 -2.1240
v 7.7178 1.1040 -2.1446
v 7.7419 1.1202 -2.1570
v 7.7680 1.1417 -2.1681
v 7.7957 1.1359 -2.1660
v 7.8222 1.1238 -2.1583
v 7.8457 1.1005 -2.1435
v 7.8704 1.1050 -2.1350
v 7.8935 1.1075 -2.1227
v 7.9230 1.1446 -2.1165
v 7.9403 1.1350 -2.0945
v 7.9526 1.1200 -2.0697
v 7.9589 1.0975 -2.0430
v 7.9541 1.0535 -2.0141
v 7.9597 1.0519 -1.9911
v 7.9611 1.0469 -1.9674
v 7.9692 1.0698 -1.9434
v 8.0333 1.0659 -1.9058
v 8.0399 1.0989 -1.8682
v 8.0305 1.1087 -1.8332
v 8.0043 1.0885 -1.8073
v 7.9980 1.1296 -1.7664
v 7.9622 1.1005 -1.7504
v 7.9314 1.0916 -1.7323
v 7.9003 1.0882 -1.7162
v 7.8633 1.0580 -1.7167
v 7.8322 1.0670 -1.7038
v 7.7979 1.0333 -1.7158
v 7.7661 1.0453 -1.7099
v 7.7310 1.0781 -1.6985
v 7.7020 1.0517 -1.7195
v 7.6610 1.1024 -1.7098
v 7.6395 1.0668 -1.7421
v 7.6066 1.0865 -1.7553
v 7.5766 1.1012 -1.7753
v 7.5668 1.0714 -1.8117
v 7.5448 1.0831 -1.8385
v 7.5407 1.0631 -1.8736
v 7.5183 1.0921 -1.9030
v 7.5036 1.1129 -1.9372
v 7.4872 1.1467 -1.9748
v 7.5095 1.1104 -2.0097
v 7.5280 1.0906 -2.0417
v 7.5567 1.0556 -2.0666
v 7.5894 1.0151 -2.0841
v 7.5961 1.0474 -2.1185
v 7.6063 1.0868 -2.1558
v 7.6330 1.0900 -2.1783
v 7.6616 1.0983 -2.1994
v 7.6931 1.1072 -2.2172
v 7.7295 1.0915 -2.2191
v 7.7638 1.1059 -2.2307
v 7.7989 1.0754 -2.2159
v 7.8302 1.0483 -2.1985
v 7.8652 1.0720 -2.2011
v 7.9006 1.0912 -2.1965
v 7.9314 1.0925 -2.1795
v 7.9621 1.1011 -2.1612
v 7.9912 1.1114 -2.1392
v 8.0017 1.0826 -2.1026
v 8.0094 1.0605 -2.0679
v 8.0157 1.0465 -2.0351
v 8.0101 1.0172 -2.0011
v 8.0200 1.0294 -1.9713
v 8.0277 1.0453 -1.9396
v 8.0895 1.0330 -1.8946
v 8.0924 1.0555 -1.8504
v 8.0935 1.0862 -1.8022
v 8.0570 1.0600 -1.7721
v 8.0430 1.0858 -1.7270
v 7.9919 1.0404 -1.7166
v 7.9640 1.0547 -1.6836
v 7.9146 1.0109 -1.6871
v 7.8787 1.0125 -1.6712
v 7.8465 1.0583 -1.6325
v 7.8033 1.0464 -1.6344
v 7.7619 1.0268 -1.6468
v 7.7228 1.0191 -1.6568
v 7.6726 1.0762 -1.6328
v 7.6344 1.0655 -1.6559
v 7.6076 1.0341 -1.6943
v 7.5634 1.0621 -1.7060
v 7.5548 1.0155 -1.7561
v 7.5161 1.0432 -1.7777
v 7.5109 1.0155 -1.8217
v 7.4778 1.0454 -1.8522
v 7.4426 1.0845 -1.8879
v 7.4415 1.0769 -1.9331
v 7.4526 1.0593 -1.9770
v 7.4783 1.0270 -2.0159
v 7.4781 1.0448 -2.0586
v 7.4980 1.0379 -2.0955
v 7.5363 1.0045 -2.1196
v 7.5660 0.9916 -2.1448
v 7.5716 1.0416 -2.1952
v 7.6098 1.0273 -2.2131
v 7.6333 1.0683 -2.2567
v 7.6767 1.0545 -2.2652
v 7.7153 1.0763 -2.2899
v 7.7605 1.0528 -2.2809
v 7.8017 1.0166 -2.2580
v 7.8399 1.0077 -2.2473
v 7.8817 1.0286 -2.2498
v 7.9259 1.0521 -2.2477
v 7.9543 1.0280 -2.2137
v 7.9915 1.0400 -2.1947
v 8.0322 1.0638 -2.1753
v 8.0704 1.0860 -2.1486
v 8.0804 1.0635 -2.1030
v 8.0777 1.0312 -2.0562
v 8.0841 1.0245 -2.0159
v 8.0647 0.9854 -1.9743
v 8.0683 0.9912 -1.9370
v 8.1646 1.0233 -1.8797
v 8.1465 1.0169 -1.8321
v 8.1435 1.0394 -1.7776
v 8.1142 1.0350 -1.7339
v 8.0836 1.0369 -1.6914
v 8.0266 0.9994 -1.6770
v 7.9770 0.9745 -1.6641
v 7.9436 0.9922 -1.6284
v 7.9011 0.9984 -1.6053
v 7.8570 1.0149 -1.5797
v 7.8073 1.0144 -1.5736
v 7.7589 0.9807 -1.6006
v 7.7129 0.9801 -1.6071
v 7.6579 1.0194 -1.5892
v 7.6052 1.0360 -1.5965
v 7.5676 1.0186 -1.6344
v 7.5552 0.9665 -1.6967
v 7.5133 0.9830 -1.7197
v 7.4875 0.9790 -1.7586
v 7.4300 1.0265 -1.7818
v 7.3926 1.0498 -1.8232
v 7.3723 1.0578 -1.8739
v 7.4042 1.0093 -1.9306
v 7.4257 0.9824 -1.9788
v 7.4034 1.0184 -2.0307
v 7.4219 1.0111 -2.0776
v 7.4424 1.0091 -2.1229
v 7.4859 0.9811 -2.1532
v 7.5288 0.9570 -2.1774
v 7.5503 0.9750 -2.2195
v 7.5839 0.9814 -2.2517
v 7.5983 1.0542 -2.3276
v 7.6466 1.0612 -2.3537
v 7.7018 1.0480 -2.3576
v 7.7583 0.9852 -2.3142
v 7.8047 0.9733 -2.3046
v 7.8498 0.9716 -2.2974
v 7.8991 0.9919 -2.3011
v 7.9595 1.0379 -2.3160
v 7.9860 0.9953 -2.2613
v 8.0367 1.0189 -2.2463
v 8.0853 1.0402 -2.2219
v 8.1265 1.0537 -2.1861
v 8.1204 1.0077 -2.1227
v 8.1611 1.0363 -2.0845
v 8.1381 0.9899 -2.0267
v 8.1264 0.9676 -1.9784
v 8.1335 0.9764 -1.9328
v 8.1962 0.9571 -1.8735
v 8.2015 0.9776 -1.8135
v 8.1960 0.9960 -1.7517
v 8.1371 0.9617 -1.7187
v 8.1004 0.9581 -1.6767
v 8.0580 0.9532 -1.6413
v 8.0226 0.9674 -1.5960
v 7.9613 0.9398 -1.5926
v 7.9286 0.9899 -1.5245
v 7.8704 0.9865 -1.5124
v 7.8114 0.9807 -1.5106
v 7.7548 0.9545 -1.5369
v 7.7021 0.9455 -1.5529
v 7.6426 0.9692 -1.5441
v 7.5905 0.9683 -1.5667
v 7.5443 0.9631 -1.5994
v 7.5205 0.9320 -1.6570
v 7.4702 0.9499 -1.6818
v 7.4258 0.9634 -1.7173
v 7.3920 0.9698 -1.7630
v 7.3423 0.9989 -1.8061
v 7.3427 0.9826 -1.8680
v 7.3560 0.9618 -1.9275
v 7.3960 0.9220 -1.9807
v 7.3685 0.9564 -2.0376
v 7.3606 0.9797 -2.0984
v 7.3712 0.9924 -2.1579
v 7.4179 0.9724 -2.1986
v 7.4849 0.9301 -2.2159
v 7.5190 0.9337 -2.2551
v 7.5464 0.9586 -2.3078
v 7.5867 0.9757 -2.3511
v 7.6342 0.9936 -2.3902
v 7.6981 0.9638 -2.3763
v 7.7530 0.9745 -2.3944
v 7.8090 0.9516 -2.3714
v 7.8611 0.9414 -2.3542
v 7.9103 0.9349 -2.3343
v 7.9816 0.9863 -2.3608
v 8.0355 0.9912 -2.3354
v 8.0633 0.9617 -2.2767
v 8.1131 0.9753 -2.2463
v 8.1318 0.9557 -2.1896
v 8.1875 0.9868 -2.1559
v 8.1800 0.9552 -2.0909
v 8.2165 0.9777 -2.0423
v 8.1850 0.9388 -1.9822
v 8.1640 0.9180 -1.9308
v 8.2899 0.9478 -1.8549
v 8.2458 0.9257 -1.7985
v 8.2011 0.9079 -1.7492
v 8.1618 0.8995 -1.7022
v 8.1291 0.9033 -1.6516
v 8.0892 0.9066 -1.6057
v 8.0403 0.9057 -1.5696
v 7.9939 0.9168 -1.5265
v 7.9307 0.9035 -1.5185
v 7.8760 0.9182 -1.4847
v 7.8120 0.8975 -1.5025
v 7.7515 0.9105 -1.4861
v 7.6866 0.9262 -1.4746
v 7.6289 0.9158 -1.5036
v 7.5809 0.8984 -1.5472
v 7.5257 0.9036 -1.5715
v 7.4963 0.8814 -1.6294
v 7.4328 0.9059 -1.6490
v 7.3763 0.9245 -1.6842
v 7.3167 0.9488 -1.7258
v 7.2983 0.9424 -1.7911
v 7.2739 0.9482 -1.8542
v 7.3134 0.9099 -1.9246
v 7.3257 0.9001 -1.9853
v 7.3314 0.9017 -2.0450
v 7.3488 0.9002 -2.1024
v 7.3589 0.9114 -2.1640
v 7.3678 0.9322 -2.2321
v 7.4228 0.9161 -2.2703
v 7.4840 0.8956 -2.2950
v 7.5255 0.9032 -2.3390
v 7.5625 0.9304 -2.4001
v 7.6289 0.9144 -2.4058
v 7.6916 0.9038 -2.4087
v 7.7513 0.9068 -2.4204
v 7.8118 0.9010 -2.4132
v 7.8653 0.8768 -2.3753
v 7.9290 0.9005 -2.3893
v 7.9941 0.9181 -2.3863
v 8.0435 0.9110 -2.3475
v 8.0938 0.9126 -2.3115
v 8.1583 0.9344 -2.2860
v 8.1969 0.9332 -2.2332
v 8.2324 0.9357 -2.1780
v 8.2714 0.9472 -2.1220
v 8.2742 0.9353 -2.0538
v 8.2474 0.9073 -1.9864
v 8.2235 0.8883 -1.9269
v 8.3287 0.8857 -1.8472
v 8.2570 0.8510 -1.7947
v 8.2270 0.8475 -1.7365
v 8.1724 0.8309 -1.6951
v 8.1609 0.8523 -1.6237
v 8.0981 0.8370 -1.5956
v 8.0784 0.8706 -1.5125
v 8.0199 0.8732 -1.4739
v 7.9558 0.8748 -1.4446
v 7.8833 0.8612 -1.4477
v 7.8174 0.8730 -1.4199
v 7.7484 0.8613 -1.4385
v 7.6778 0.8724 -1.4299
v 7.6186 0.8558 -1.4733
v 7.5764 0.8285 -1.5381
v 7.5163 0.8367 -1.5575
v 7.4697 0.8338 -1.5990
v 7.4055 0.8507 -1.6250
v 7.3531 0.8600 -1.6687
v 7.3041 0.8706 -1.7196
v 7.2924 0.8607 -1.7891
v 7.2742 0.8611 -1.8543
v 7.2878 0.8471 -1.9229
v 7.2745 0.8554 -1.9886
v 7.2937 0.8486 -2.0525
v 7.3129 0.8471 -2.1146
v 7.3289 0.8531 -2.1787
v 7.3661 0.8501 -2.2332
v 7.3985 0.8562 -2.2916
v 7.4547 0.8476 -2.3285
v 7.5011 0.8532 -2.3755
v 7.5515 0.8629 -2.4225
v 7.6242 0.8439 -2.4197
v 7.6783 0.8687 -2.4754
v 7.7495 0.8453 -2.4470
v 7.8153 0.8585 -2.4682
v 7.8816 0.8574 -2.4577
v 7.9396 0.8445 -2.4207
v 8.0037 0.8511 -2.4058
v 8.0825 0.8757 -2.4059
v 8.1421 0.8789 -2.3667
v 8.1652 0.8561 -2.2920
v 8.1993 0.8513 -2.2347
v 8.2501 0.8637 -2.1867
v 8.2840 0.8688 -2.1263
v 8.3427 0.8947 -2.0675
v 8.2974 0.8603 -1.9897
v 8.2593 0.8365 -1.9246
v 8.3053 0.7933 -1.8518
v 8.3129 0.8062 -1.7757
v 8.2579 0.7918 -1.7213
v 8.2108 0.7847 -1.6694
v 8.1762 0.7887 -1.6103
v 8.1552 0.8086 -1.5305
v 8.0894 0.8025 -1.4962
v 8.0355 0.8118 -1.4424
v 7.9523 0.7910 -1.4550
v 7.8916 0.8059 -1.4064
v 7.8202 0.8153 -1.3772
v 7.7434 0.8226 -1.3619
v 7.6680 0.8183 -1.3808
v 7.6205 0.7789 -1.4789
v 7.5724 0.7651 -1.5300
v 7.5169 0.7666 -1.5583
v 7.4335 0.7911 -1.5578
v 7.3550 0.8099 -1.5807
v 7.3035 0.8135 -1.6355
v 7.3003 0.7951 -1.7177
v 7.2815 0.7910 -1.7854
v 7.2736 0.7861 -1.8542
v 7.2161 0.8094 -1.9182
v 7.2567 0.7899 -1.9898
v 7.2205 0.8119 -2.0670
v 7.2663 0.7985 -2.1303
v 7.2909 0.7999 -2.1975
v 7.3158 0.8062 -2.2668
v 7.3522 0.8113 -2.3321
v 7.3963 0.8177 -2.3950
v 7.4869 0.7920 -2.3968
v 7.5416 0.7978 -2.4425
v 7.6120 0.7906 -2.4555
v 7.6762 0.7968 -2.4860
v 7.7474 0.7890 -2.4791
v 7.8197 0.8159 -2.5353
v 7.8904 0.8044 -2.5019
v 7.9613 0.8052 -2.4846
v 8.0219 0.7978 -2.4427
v 8.0809 0.7956 -2.4035
v 8.1283 0.7895 -2.3510
v 8.2178 0.8154 -2.3382
v 8.2431 0.8034 -2.2640
v 8.2952 0.8118 -2.2091
v 8.3243 0.8120 -2.1400
v 8.3594 0.8197 -2.0708
v 8.3631 0.8166 -1.9940
v 8.3300 0.8008 -1.9200
v 8.3277 0.7316 -1.8474
v 8.3482 0.7460 -1.7638
v 8.2702 0.7274 -1.7152
v 8.2353 0.7276 -1.6531
v 8.2053 0.7338 -1.5848
v 8.1592 0.7369 -1.5260
v 8.1096 0.7430 -1.4659
v 8.0546 0.7521 -1.4037
v 7.9653 0.7361 -1.4165
v 7.9014 0.7503 -1.3570
v 7.8230 0.7541 -1.3358
v 7.7417 0.7540 -1.3358
v 7.6685 0.7409 -1.3835
v 7.6079 0.7268 -1.4417
v 7.5638 0.7100 -1.5125
v 7.4979 0.7161 -1.5299
v 7.3987 0.7404 -1.5181
v 7.3090 0.7569 -1.5403
v 7.2513 0.7601 -1.6006
v 7.2532 0.7432 -1.6945
v 7.2914 0.7184 -1.7888
v 7.2496 0.7269 -1.8494
v 7.1992 0.7412 -1.9171
v 7.1711 0.7510 -1.9953
v 7.2235 0.7361 -2.0664
v 7.2380 0.7379 -2.1400
v 7.3100 0.7211 -2.1881
v 7.3139 0.7338 -2.2680
v 7.3451 0.7401 -2.3384
v 7.3620 0.7594 -2.4340
v 7.4365 0.7542 -2.4721
v 7.5362 0.7312 -2.4534
v 7.6227 0.7103 -2.4242
v 7.6767 0.7254 -2.4837
v 7.7456 0.7300 -2.5063
v 7.8195 0.7390 -2.5322
v 7.8999 0.7488 -2.5501
v 7.9685 0.7401 -2.5059
v 8.0355 0.7376 -2.4703
v 8.0919 0.7322 -2.4199
v 8.1763 0.7462 -2.4057
v 8.2349 0.7476 -2.3532
v 8.2479 0.7330 -2.2673
v 8.2957 0.7373 -2.2093
v 8.3567 0.7491 -2.1510
v 8.3465 0.7383 -2.0682
v 8.3844 0.7480 -1.9954
v 8.3166 0.7244 -1.9209
v 8.3612 0.6722 -1.8407
v 8.2900 0.6600 -1.7835
v 8.2883 0.6663 -1.7063
v 8.2519 0.6664 -1.6420
v 8.2199 0.6703 -1.5720
v 8.1738 0.6730 -1.5094
v 8.1136 0.6735 -1.4600
v 8.0352 0.6680 -1.4430
v 7.9816 0.6789 -1.3686
v 7.8992 0.6741 -1.3684
v 7.8227 0.6782 -1.3399
v 7.7439 0.6715 -1.3695
v 7.6663 0.6733 -1.3719
v 7.5943 0.6710 -1.4016
v 7.5447 0.6602 -1.4736
v 7.4550 0.6719 -1.4657
v 7.3833 0.6755 -1.5004
v 7.3240 0.6765 -1.5535
v 7.2643 0.6795 -1.6093
v 7.2595 0.6705 -1.6976
v 7.2695 0.6611 -1.7813
v 7.2239 0.6674 -1.8443
v 7.2019 0.6702 -1.9173
v 7.2021 0.6701 -1.9933
v 7.2027 0.6723 -2.0705
v 7.2541 0.6647 -2.1345
v 7.2810 0.6650 -2.2024
v 7.2633 0.6797 -2.3018
v 7.3153 0.6790 -2.3644
v 7.3458 0.6882 -2.4524
v 7.4428 0.6767 -2.4627
v 7.5261 0.6694 -2.4739
v 7.6078 0.6611 -2.4680
v 7.6811 0.6554 -2.4617
v 7.7425 0.6740 -2.5528
v 7.8207 0.6737 -2.5515
v 7.9057 0.6824 -2.5789
v 7.9694 0.6707 -2.5086
v 8.0509 0.6764 -2.5017
v 8.1016 0.6689 -2.4345
v 8.1587 0.6680 -2.3856
v 8.2351 0.6750 -2.3534
v 8.3038 0.6807 -2.3047
v 8.3526 0.6826 -2.2374
v 8.3664 0.6783 -2.1543
v 8.3835 0.6774 -2.0756
v 8.3885 0.6761 -1.9957
v 8.3945 0.6775 -1.9158
v 8.3411 0.6023 -1.8447
v 8.3028 0.6001 -1.7792
v 8.2773 0.6003 -1.7117
v 8.2608 0.6029 -1.6361
v 8.2484 0.6079 -1.5471
v 8.1844 0.6068 -1.4973
v 8.1069 0.6039 -1.4699
v 8.0407 0.6039 -1.4318
v 7.9794 0.6071 -1.3753
v 7.9076 0.6104 -1.3260
v 7.8241 0.6099 -1.3194
v 7.7442 0.6038 -1.3738
v 7.6744 0.6005 -1.4128
v 7.5996 0.6021 -1.4173
v 7.5116 0.6070 -1.4064
v 7.4580 0.6038 -1.4702
v 7.3920 0.6048 -1.5104
v 7.3410 0.6042 -1.5684
v 7.2622 0.6085 -1.6078
v 7.2327 0.6071 -1.6843
v 7.2104 0.6061 -1.7612
v 7.2255 0.6020 -1.8446
v 7.2168 0.6019 -1.9183
v 7.1819 0.6058 -1.9946
v 7.1825 0.6069 -2.0745
v 7.1889 0.6086 -2.1566
v 7.2479 0.6051 -2.2186
v 7.2598 0.6088 -2.3041
v 7.3228 0.6068 -2.3579
v 7.3791 0.6069 -2.4146
v 7.4563 0.6041 -2.4425
v 7.5349 0.6010 -2.4561
v 7.6022 0.6010 -2.4844
v 7.6754 0.5995 -2.4901
v 7.7433 0.6042 -2.5409
v 7.8196 0.6033 -2.5331
v 7.9061 0.6099 -2.5813
v 7.9845 0.6091 -2.5532
v 8.0565 0.6080 -2.5130
v 8.1214 0.6069 -2.4641
v 8.1488 0.6008 -2.3743
v 8.2275 0.6049 -2.3467
v 8.3009 0.6084 -2.3027
v 8.3592 0.6105 -2.2406
v 8.3393 0.6044 -2.1451
v 8.3940 0.6083 -2.0777
v 8.3788 0.6055 -1.9951
v 8.4055 0.6084 -1.9151
v 8.3590 0.5387 -1.8412
v 8.3052 0.5387 -1.7783
v 8.3132 0.5387 -1.6940
v 8.2993 0.5387 -1.6104
v 8.2221 0.5387 -1.5701
v 8.1738 0.5387 -1.5094
v 8.1014 0.5387 -1.4782
v 8.0576 0.5387 -1.3976
v 7.9804 0.5387 -1.3721
v 7.9117 0.5387 -1.3053
v 7.8221 0.5387 -1.3490
v 7.7452 0.5387 -1.3889
v 7.6685 0.5387 -1.3834
v 7.5809 0.5387 -1.3620
v 7.4979 0.5387 -1.3787
v 7.4079 0.5387 -1.3950
v 7.3500 0.5387 -1.4624
v 7.3390 0.5387 -1.5667
v 7.2954 0.5387 -1.6300
v 7.2390 0.5387 -1.6875
v 7.2438 0.5387 -1.7726
v 7.2013 0.5387 -1.8398
v 7.1733 0.5387 -1.9154
v 7.1958 0.5387 -1.9937
v 7.2020 0.5387 -2.0707
v 7.2117 0.5387 -2.1489
v 7.1894 0.5387 -2.2475
v 7.2529 0.5387 -2.3087
v 7.3335 0.5387 -2.3485
v 7.4075 0.5387 -2.3822
v 7.4645 0.5387 -2.4303
v 7.5238 0.5387 -2.4785
v 7.5920 0.5387 -2.5144
v 7.6679 0.5387 -2.5275
v 7.7437 0.5387 -2.5351
v 7.8213 0.5387 -2.5595
v 7.8960 0.5387 -2.5303
v 7.9840 0.5387 -2.5518
v 8.0599 0.5387 -2.5198
v 8.1125 0.5387 -2.4508
v 8.1740 0.5387 -2.4031
v 8.2463 0.5387 -2.3632
v 8.3183 0.5387 -2.3144
v 8.3498 0.5387 -2.2360
v 8.3615 0.5387 -2.1527
v 8.3515 0.5387 -2.0692
v 8.3964 0.5387 -1.9962
v 8.3743 0.5387 -1.9171
v 8.3085 0.4787 -1.8512
v 8.3337 0.4736 -1.7687
v 8.2843 0.4762 -1.7083
v 8.2733 0.4727 -1.6277
v 8.2166 0.4742 -1.5749
v 8.1931 0.4691 -1.4873
v 8.0947 0.4759 -1.4882
v 8.0614 0.4682 -1.3899
v 7.9769 0.4711 -1.3825
v 7.9091 0.4661 -1.3185
v 7.8227 0.4698 -1.3404
v 7.7436 0.4725 -1.3639
v 7.6635 0.4707 -1.3582
v 7.5923 0.4727 -1.3957
v 7.4989 0.4671 -1.3807
v 7.4245 0.4667 -1.4198
v 7.3581 0.4668 -1.4717
v 7.3710 0.4776 -1.5947
v 7.3397 0.4792 -1.6597
v 7.2626 0.4740 -1.6991
v 7.2008 0.4701 -1.7580
v 7.2105 0.4736 -1.8416
v 7.1805 0.4714 -1.9159
v 7.2093 0.4746 -1.9928
v 7.2220 0.4749 -2.0667
v 7.1850 0.4683 -2.1579
v 7.1845 0.4643 -2.2499
v 7.2769 0.4709 -2.2927
v 7.3283 0.4713 -2.3531
v 7.4095 0.4756 -2.3799
v 7.4643 0.4749 -2.4306
v 7.5064 0.4692 -2.5137
v 7.5871 0.4711 -2.5288
v 7.6664 0.4727 -2.5353
v 7.7436 0.4737 -2.5365
v 7.8173 0.4780 -2.4977
v 7.9013 0.4702 -2.5568
v 7.9750 0.4715 -2.5252
v 8.0494 0.4711 -2.4986
v 8.1345 0.4678 -2.4838
v 8.1839 0.4706 -2.4144
v 8.2373 0.4710 -2.3553
v 8.2758 0.4723 -2.2859
v 8.3009 0.4740 -2.2119
v 8.3203 0.4752 -2.1387
v 8.3739 0.4713 -2.0737
v 8.3614 0.4738 -1.9939
v 8.4137 0.4680 -1.9146
v 8.3647 0.4043 -1.8400
v 8.2896 0.4174 -1.7836
v 8.3121 0.4050 -1.6945
v 8.2443 0.4130 -1.6471
v 8.2214 0.4066 -1.5707
v 8.1544 0.4110 -1.5315
v 8.0984 0.4099 -1.4826
v 8.0575 0.3980 -1.3978
v 7.9717 0.4054 -1.3978
v 7.8964 0.4064 -1.3821
v 7.8206 0.4065 -1.3724
v 7.7466 0.4153 -1.4112
v 7.6727 0.4116 -1.4044
v 7.5909 0.4040 -1.3915
v 7.5123 0.4006 -1.4079
v 7.4435 0.4007 -1.4483
v 7.4119 0.4116 -1.5331
v 7.3549 0.4101 -1.5806
v 7.3385 0.4180 -1.6589
v 7.2649 0.4082 -1.7003
v 7.2533 0.4123 -1.7758
v 7.1828 0.4005 -1.8361
v 7.2316 0.4139 -1.9192
v 7.2297 0.4135 -1.9915
v 7.2120 0.4072 -2.0687
v 7.2059 0.4011 -2.1508
v 7.2437 0.4029 -2.2207
v 7.2902 0.4049 -2.2838
v 7.3246 0.4011 -2.3563
v 7.4135 0.4123 -2.3753
v 7.4815 0.4164 -2.4048
v 7.5281 0.4090 -2.4698
v 7.5889 0.4030 -2.5235
v 7.6610 0.3987 -2.5625
v 7.7433 0.4058 -2.5416
v 7.8195 0.4078 -2.5329
v 7.8864 0.4173 -2.4819
v 7.9791 0.3998 -2.5373
v 8.0361 0.4086 -2.4716
v 8.1364 0.3943 -2.4866
v 8.1646 0.4073 -2.3923
v 8.2444 0.3995 -2.3615
v 8.2617 0.4081 -2.2765
v 8.2818 0.4126 -2.2024
v 8.3283 0.4082 -2.1414
v 8.3741 0.4021 -2.0737
v 8.3666 0.4062 -1.9942
v 8.3608 0.4075 -1.9180
v 8.3346 0.3433 -1.8460
v 8.3110 0.3450 -1.7764
v 8.2957 0.3401 -1.7026
v 8.2181 0.3569 -1.6646
v 8.1976 0.3471 -1.5916
v 8.1658 0.3369 -1.5184
v 8.0924 0.3451 -1.4916
v 8.0519 0.3273 -1.4090
v 7.9547 0.3526 -1.4477
v 7.8919 0.3439 -1.4046
v 7.8197 0.3406 -1.3856
v 7.7448 0.3394 -1.3822
v 7.6682 0.3359 -1.3819
v 7.5740 0.3139 -1.3418
v 7.5031 0.3197 -1.3892
v 7.4652 0.3408 -1.4810
v 7.4119 0.3439 -1.5331
v 7.3611 0.3445 -1.5861
v 7.3487 0.3579 -1.6657
v 7.2824 0.3454 -1.7089
v 7.2462 0.3424 -1.7734
v 7.2477 0.3497 -1.8490
v 7.2041 0.3378 -1.9174
v 7.2348 0.3485 -1.9912
v 7.1776 0.3250 -2.0755
v 7.2060 0.3278 -2.1508
v 7.2655 0.3390 -2.2100
v 7.3088 0.3414 -2.2714
v 7.3705 0.3489 -2.3161
v 7.4052 0.3406 -2.3849
v 7.4834 0.3524 -2.4020
v 7.5214 0.3346 -2.4834
v 7.5974 0.3398 -2.4985
v 7.6623 0.3264 -2.5560
v 7.7431 0.3342 -2.5440
v 7.8166 0.3537 -2.4880
v 7.8854 0.3544 -2.4769
v 7.9510 0.3561 -2.4543
v 8.0434 0.3336 -2.4863
v 8.1128 0.3321 -2.4512
v 8.1591 0.3403 -2.3860
v 8.2082 0.3420 -2.3298
v 8.2543 0.3416 -2.2715
v 8.2752 0.3480 -2.1991
v 8.3167 0.3428 -2.1374
v 8.3417 0.3408 -2.0673
v 8.3369 0.3458 -1.9923
v 8.3493 0.3415 -1.9187
v 8.3498 0.2624 -1.8430
v 8.3213 0.2669 -1.7729
v 8.2888 0.2691 -1.7060
v 8.2218 0.2863 -1.6621
v 8.1588 0.2996 -1.6255
v 8.1544 0.2693 -1.5315
v 8.1072 0.2596 -1.4696
v 8.0280 0.2736 -1.4575
v 7.9563 0.2804 -1.4432
v 7.8812 0.2967 -1.4583
v 7.8168 0.2870 -1.4295
v 7.7460 0.2738 -1.4018
v 7.6684 0.2600 -1.3829
v 7.5879 0.2500 -1.3826
v 7.5320 0.2686 -1.4480
v 7.4895 0.2872 -1.5172
v 7.4158 0.2734 -1.5375
v 7.3695 0.2767 -1.5934
v 7.3622 0.2976 -1.6747
v 7.3098 0.2873 -1.7224
v 7.3178 0.3047 -1.7978
v 7.2777 0.2933 -1.8550
v 7.2525 0.2854 -1.9206
v 7.2428 0.2808 -1.9907
v 7.1951 0.2531 -2.0720
v 7.2786 0.2850 -2.1262
v 7.2897 0.2768 -2.1981
v 7.3255 0.2767 -2.2603
v 7.3799 0.2835 -2.3079
v 7.4394 0.2909 -2.3458
v 7.4698 0.2707 -2.4223
v 7.5380 0.2756 -2.4498
v 7.5987 0.2669 -2.4948
v 7.6692 0.2635 -2.5210
v 7.7451 0.2714 -2.5144
v 7.8176 0.2766 -2.5037
v 7.8824 0.2924 -2.4618
v 7.9474 0.2928 -2.4436
v 8.0171 0.2848 -2.4329
v 8.1011 0.2644 -2.4337
v 8.1465 0.2747 -2.3717
v 8.1842 0.2833 -2.3087
v 8.2184 0.2881 -2.2475
v 8.2212 0.3049 -2.1725
v 8.2645 0.2955 -2.1197
v 8.2898 0.2915 -2.0569
v 8.3617 0.2614 -1.9939
v 8.3179 0.2824 -1.9208
v 8.3348 0.1878 -1.8460
v 8.3190 0.1856 -1.7737
v 8.2349 0.2243 -1.7326
v 8.2027 0.2237 -1.6748
v 8.1687 0.2186 -1.6169
v 8.0984 0.2400 -1.5952
v 8.0554 0.2325 -1.5469
v 7.9984 0.2343 -1.5174
v 7.9352 0.2424 -1.5051
v 7.8755 0.2413 -1.4872
v 7.8167 0.2116 -1.4314
v 7.7485 0.2168 -1.4398
v 7.6768 0.2021 -1.4254
v 7.6003 0.1861 -1.4193
v 7.5582 0.2232 -1.5012
v 7.4929 0.2143 -1.5224
v 7.4585 0.2329 -1.5863
v 7.3775 0.2035 -1.6005
v 7.3687 0.2290 -1.6791
v 7.3473 0.2368 -1.7409
v 7.3024 0.2232 -1.7925
v 7.3081 0.2377 -1.8611
v 7.2882 0.2305 -1.9230
v 7.2442 0.2031 -1.9906
v 7.2282 0.1871 -2.0655
v 7.3230 0.2369 -2.1111
v 7.3427 0.2337 -2.1720
v 7.3577 0.2210 -2.2388
v 7.3819 0.2074 -2.3061
v 7.4426 0.2184 -2.3422
v 7.4786 0.1989 -2.4092
v 7.5567 0.2218 -2.4118
v 7.6258 0.2366 -2.4149
v 7.6840 0.2265 -2.4472
v 7.7457 0.1958 -2.5051
v 7.8162 0.2108 -2.4810
v 7.8813 0.2209 -2.4563
v 7.9468 0.2190 -2.4418
v 8.0080 0.2201 -2.4146
v 8.0550 0.2325 -2.3646
v 8.1402 0.2002 -2.3645
v 8.1662 0.2204 -2.2929
v 8.1956 0.2289 -2.2323
v 8.1930 0.2533 -2.1585
v 8.2417 0.2363 -2.1119
v 8.2964 0.2120 -2.0582
v 8.3085 0.2101 -1.9904
v 8.3142 0.2066 -1.9210
v 8.2722 0.1437 -1.8584
v 8.2751 0.1272 -1.7885
v 8.2222 0.1509 -1.7388
v 8.1958 0.1455 -1.6794
v 8.1430 0.1594 -1.6394
v 8.0800 0.1818 -1.6162
v 8.0405 0.1712 -1.5692
v 7.9783 0.1883 -1.5580
v 7.9190 0.2025 -1.5528
v 7.8727 0.1725 -1.5013
v 7.8119 0.1803 -1.5032
v 7.7485 0.1305 -1.4403
v 7.6788 0.1195 -1.4354
v 7.6213 0.1429 -1.4814
v 7.5813 0.1796 -1.5480
v 7.5185 0.1636 -1.5608
v 7.4722 0.1671 -1.6019
v 7.4272 0.1655 -1.6441
v 7.3723 0.1491 -1.6815
v 7.3894 0.1926 -1.7617
v 7.3649 0.1905 -1.8138
v 7.3360 0.1792 -1.8666
v 7.3245 0.1763 -1.9254
v 7.2785 0.1399 -1.9883
v 7.2979 0.1487 -2.0516
v 7.3540 0.1815 -2.1006
v 7.3790 0.1836 -2.1541
v 7.3901 0.1663 -2.2171
v 7.4230 0.1614 -2.2701
v 7.4765 0.1727 -2.3036
v 7.4993 0.1369 -2.3782
v 7.5797 0.1775 -2.3653
v 7.6328 0.1723 -2.3945
v 7.6922 0.1759 -2.4058
v 7.7505 0.1604 -2.4333
v 7.8123 0.1703 -2.4208
v 7.8795 0.1428 -2.4469
v 7.9281 0.1789 -2.3868
v 7.9910 0.1649 -2.3799
v 8.0355 0.1777 -2.3355
v 8.0765 0.1855 -2.2918
v 8.1455 0.1564 -2.2747
v 8.1658 0.1738 -2.2123
v 8.1786 0.1891 -2.1514
v 8.1990 0.1906 -2.0974
v 8.2225 0.1837 -2.0435
v 8.2583 0.1614 -1.9871
v 8.2693 0.1528 -1.9239
v 8.1877 0.1288 -1.8751
v 8.2059 0.0952 -1.8120
v 8.1774 0.1019 -1.7609
v 8.1419 0.1099 -1.7154
v 8.0946 0.1268 -1.6818
v 8.0495 0.1369 -1.6509
v 7.9893 0.1693 -1.6458
v 7.9561 0.1491 -1.6031
v 7.9113 0.1408 -1.5755
v 7.8698 0.0939 -1.5155
v 7.8124 0.0823 -1.4961
v 7.7541 0.1126 -1.5266
v 7.7017 0.1295 -1.5506
v 7.6463 0.1195 -1.5550
v 7.5983 0.1266 -1.5826
v 7.5539 0.1314 -1.6138
v 7.4969 0.1099 -1.6302
v 7.4667 0.1228 -1.6787
v 7.4168 0.1033 -1.7113
v 7.4020 0.1187 -1.7679
v 7.3819 0.1198 -1.8195
v 7.3811 0.1335 -1.8756
v 7.3707 0.1302 -1.9284
v 7.3685 0.1280 -1.9825
v 7.3479 0.1001 -2.0417
v 7.3923 0.1309 -2.0877
v 7.4200 0.1387 -2.1339
v 7.4225 0.1103 -2.1956
v 7.4566 0.1100 -2.2407
v 7.4802 0.0853 -2.2994
v 7.5248 0.0802 -2.3401
v 7.5789 0.0840 -2.3670
v 7.6384 0.0965 -2.3780
v 7.7027 0.1369 -2.3532
v 7.7553 0.1371 -2.3599
v 7.8113 0.0914 -2.4060
v 7.8682 0.0998 -2.3901
v 7.9237 0.1010 -2.3739
v 7.9619 0.1351 -2.3209
v 7.9942 0.1598 -2.2736
v 8.0366 0.1558 -2.2463
v 8.0913 0.1308 -2.2271
v 8.1312 0.1223 -2.1892
v 8.1784 0.1006 -2.1514
v 8.1756 0.1267 -2.0894
v 8.1732 0.1434 -2.0336
v 8.2220 0.1017 -1.9847
v 8.2064 0.1172 -1.9280
v 8.1579 0.0624 -1.8810
v 8.1376 0.0722 -1.8351
v 8.1472 0.0329 -1.7758
v 8.1156 0.0402 -1.7330
v 8.0713 0.0607 -1.7022
v 8.0243 0.0823 -1.6796
v 7.9744 0.1088 -1.6681
v 7.9339 0.1124 -1.6481
v 7.9042 0.0672 -1.5964
v 7.8559 0.0696 -1.5854
v 7.8091 0.0300 -1.5458
v 7.7578 0.0746 -1.5830
v 7.7135 0.1009 -1.6100
v 7.6704 0.1064 -1.6261
v 7.6231 0.0917 -1.6329
v 7.5708 0.0658 -1.6391
v 7.5238 0.0518 -1.6609
v 7.5014 0.0747 -1.7093
v 7.4758 0.0808 -1.7507
v 7.4468 0.0740 -1.7900
v 7.4208 0.0646 -1.8328
v 7.3888 0.0403 -1.8772
v 7.3888 0.0490 -1.9296
v 7.4358 0.1075 -1.9781
v 7.4103 0.0678 -2.0293
v 7.4194 0.0629 -2.0785
v 7.4491 0.0775 -2.1196
v 7.4619 0.0604 -2.1693
v 7.5078 0.0856 -2.1958
v 7.5399 0.0826 -2.2314
v 7.5590 0.0402 -2.2890
v 7.6044 0.0401 -2.3153
v 7.6568 0.0552 -2.3240
v 7.7090 0.0749 -2.3216
v 7.7560 0.0491 -2.3487
v 7.8079 0.0420 -2.3544
v 7.8627 0.0300 -2.3625
v 7.9136 0.0300 -2.3440
v 7.9537 0.0558 -2.3042
v 7.9766 0.1031 -2.2472
v 7.9952 0.1367 -2.1990
v 8.0520 0.0922 -2.1927
v 8.1057 0.0547 -2.1722
v 8.1402 0.0423 -2.1325
v 8.1418 0.0664 -2.0780
v 8.1411 0.0836 -2.0272
v 8.1424 0.0898 -1.9794
v 8.1915 0.0300 -1.9290
v 8.0798 0.0599 -1.8965
v 8.0869 0.0309 -1.8523
v 8.0712 0.0303 -1.8132
v 8.0589 0.0300 -1.7708
v 8.0298 0.0300 -1.7386
v 7.9815 0.0618 -1.7284
v 7.9438 0.0797 -1.7137
v 7.9095 0.0845 -1.6974
v 7.8870 0.0300 -1.6468
v 7.8499 0.0300 -1.6152
v 7.8056 0.0300 -1.5993
v 7.7605 0.0300 -1.6237
v 7.7262 0.0862 -1.6742
v 7.6810 0.0424 -1.6576
v 7.6373 0.0300 -1.6617
v 7.5967 0.0300 -1.6779
v 7.5783 0.0510 -1.7230
v 7.5406 0.0320 -1.7436
v 7.5150 0.0320 -1.7770
v 7.4941 0.0322 -1.8134
v 7.4513 0.0300 -1.8432
v 7.4447 0.0300 -1.8883
v 7.4455 0.0300 -1.9334
v 7.4840 0.0676 -1.9750
v 7.5024 0.0891 -2.0111
v 7.4901 0.0526 -2.0545
v 7.5037 0.0494 -2.0927
v 7.5151 0.0326 -2.1337
v 7.5458 0.0434 -2.1625
v 7.5751 0.0441 -2.1913
v 7.6099 0.0505 -2.2129
v 7.6332 0.0300 -2.2570
v 7.6706 0.0300 -2.2831
v 7.7200 0.0387 -2.2665
v 7.7605 0.0300 -2.2806
v 7.8041 0.0300 -2.2957
v 7.8469 0.0300 -2.2825
v 7.8864 0.0300 -2.2637
v 7.9299 0.0300 -2.2560
v 7.9546 0.0482 -2.2143
v 7.9807 0.0632 -2.1824
v 8.0163 0.0470 -2.1613
v 8.0625 0.0300 -2.1433
v 8.0953 0.0300 -2.1103
v 8.0998 0.0300 -2.0637
v 8.1109 0.0300 -2.0212
v 8.1158 0.0300 -1.9777
v 8.0991 0.0376 -1.9350
v 8.0511 0.0300 -1.9022
v 8.0210 0.0300 -1.8746
v 8.0184 0.0300 -1.8392
v 8.0138 0.0300 -1.8009
v 7.9823 0.0300 -1.7801
v 7.9536 0.0300 -1.7601
v 7.9244 0.0300 -1.7428
v 7.9004 0.0300 -1.7159
v 7.8640 0.0300 -1.7147
v 7.8340 0.0300 -1.6952
v 7.8000 0.0300 -1.6843
v 7.7661 0.0343 -1.7110
v 7.7316 0.0300 -1.7012
v 7.7019 0.0300 -1.7192
v 7.6675 0.0300 -1.7231
v 7.6419 0.0300 -1.7457
v 7.6158 0.0300 -1.7658
v 7.5879 0.0300 -1.7852
v 7.5676 0.0300 -1.8122
v 7.5250 0.0300 -1.8287
v 7.5168 0.0300 -1.8654
v 7.5148 0.0300 -1.9023
v 7.5330 0.0300 -1.9392
v 7.5379 0.0353 -1.9715
v 7.5325 0.0300 -2.0051
v 7.5569 0.0496 -2.0319
v 7.5397 0.0300 -2.0750
v 7.5633 0.0300 -2.1016
v 7.5900 0.0300 -2.1238
v 7.6090 0.0300 -2.1526
v 7.6302 0.0300 -2.1825
v 7.6690 0.0300 -2.1845
v 7.6911 0.0300 -2.2230
v 7.7295 0.0300 -2.2191
v 7.7643 0.0300 -2.2238
v 7.7985 0.0300 -2.2085
v 7.8321 0.0300 -2.2082
v 7.8645 0.0300 -2.1991
v 7.8965 0.0300 -2.1880
v 7.9137 0.0507 -2.1529
v 7.9505 0.0300 -2.1479
v 7.9689 0.0300 -2.1197
v 8.0032 0.0300 -2.1036
v 8.0165 0.0300 -2.0714
v 8.0421 0.0300 -2.0441
v 8.0420 0.0300 -2.0075
v 8.0692 0.0300 -1.9746
v 8.0538 0.0300 -1.9379
v 7.9909 0.0300 -1.9142
v 7.9690 0.0300 -1.8923
v 7.9655 0.0300 -1.8653
v 7.9412 0.0300 -1.8494
v 7.9305 0.0300 -1.8255
v 7.9073 0.0300 -1.8129
v 7.8937 0.0300 -1.7886
v 7.8767 0.0300 -1.7640
v 7.8447 0.0300 -1.7714
v 7.8188 0.0300 -1.7714
v 7.7952 0.0300 -1.7563
v 7.7696 0.0300 -1.7641
v 7.7446 0.0300 -1.7670
v 7.7212 0.0300 -1.7762
v 7.6984 0.0300 -1.7859
v 7.6694 0.0300 -1.7868
v 7.6569 0.0300 -1.8127
v 7.6270 0.0300 -1.8195
v 7.5995 0.0300 -1.8335
v 7.5950 0.0300 -1.8632
v 7.5778 0.0300 -1.8862
v 7.5747 0.0300 -1.9142
v 7.5815 0.0300 -1.9424
v 7.5922 0.0300 -1.9679
v 7.5937 0.0300 -1.9930
v 7.5905 0.0300 -2.0205
v 7.6096 0.0300 -2.0405
v 7.6088 0.0300 -2.0712
v 7.6253 0.0300 -2.0929
v 7.6506 0.0300 -2.1053
v 7.6689 0.0300 -2.1247
v 7.6936 0.0300 -2.1347
v 7.7162 0.0300 -2.1492
v 7.7396 0.0300 -2.1681
v 7.7684 0.0300 -2.1614
v 7.7952 0.0300 -2.1587
v 7.8205 0.0300 -2.1496
v 7.8462 0.0300 -2.1451
v 7.8670 0.0300 -2.1282
v 7.8872 0.0300 -2.1132
v 7.9154 0.0300 -2.1079
v 7.9225 0.0300 -2.0789
v 7.9411 0.0300 -2.0620
v 7.9608 0.0300 -2.0439
v 7.9715 0.0300 -2.0200
v 7.9951 0.0300 -1.9981
v 7.9896 0.0300 -1.9693
v 7.9719 0.0300 -1.9433
v 7.9154 0.0300 -1.9292
v 7.9088 0.0300 -1.9126
v 7.9056 0.0300 -1.8948
v 7.8875 0.0300 -1.8852
v 7.8847 0.0300 -1.8657
v 7.8686 0.0300 -1.8569
v 7.8652 0.0300 -1.8313
v 7.8445 0.0300 -1.8290
v 7.8262 0.0300 -1.8258
v 7.8066 0.0300 -1.8325
v 7.7907 0.0300 -1.8248
v 7.7735 0.0300 -1.8243
v 7.7575 0.0300 -1.8320
v 7.7375 0.0300 -1.8242
v 7.7245 0.0300 -1.8387
v 7.7061 0.0300 -1.8419
v 7.6946 0.0300 -1.8558
v 7.6746 0.0300 -1.8613
v 7.6596 0.0300 -1.8737
v 7.6590 0.0300 -1.8949
v 7.6580 0.0300 -1.9134
v 7.6485 0.0300 -1.9290
v 7.6462 0.0300 -1.9466
v 7.6486 0.0300 -1.9643
v 7.6601 0.0300 -1.9798
v 7.6615 0.0300 -1.9964
v 7.6647 0.0300 -2.0134
v 7.6685 0.0300 -2.0314
v 7.6806 0.0300 -2.0445
v 7.6967 0.0300 -2.0528
v 7.7052 0.0300 -2.0704
v 7.7250 0.0300 -2.0710
v 7.7393 0.0300 -2.0812
v 7.7540 0.0300 -2.0960
v 7.7725 0.0300 -2.0990
v 7.7906 0.0300 -2.0883
v 7.8064 0.0300 -2.0787
v 7.8210 0.0300 -2.0707
v 7.8384 0.0300 -2.0701
v 7.8544 0.0300 -2.0640
v 7.8760 0.0300 -2.0629
v 7.8783 0.0300 -2.0401
v 7.8953 0.0300 -2.0314
v 7.8980 0.0300 -2.0129
v 7.9196 0.0300 -2.0024
v 7.9315 0.0300 -1.9854
v 7.9276 0.0300 -1.9652
v 7.9167 0.0300 -1.9469
v 7.8516 0.0300 -1.9418
v 7.8498 0.0300 -1.9327
v 7.8394 0.0300 -1.9274
v 7.8345 0.0300 -1.9206
v 7.8295 0.0300 -1.9140
v 7.8303 0.0300 -1.9006
v 7.8223 0.0300 -1.8954
v 7.8141 0.0300 -1.8906
v 7.8034 0.0300 -1.8926
v 7.7942 0.0300 -1.8944
v 7.7859 0.0300 -1.8976
v 7.7777 0.0300 -1.8894
v 7.7687 0.0300 -1.8886
v 7.7594 0.0300 -1.8890
v 7.7529 0.0300 -1.8965
v 7.7440 0.0300 -1.8987
v 7.7361 0.0300 -1.9032
v 7.7296 0.0300 -1.9096
v 7.7240 0.0300 -1.9168
v 7.7167 0.0300 -1.9234
v 7.7194 0.0300 -1.9343
v 7.7145 0.0300 -1.9421
v 7.7127 0.0300 -1.9510
v 7.7153 0.0300 -1.9599
v 7.7183 0.0300 -1.9683
v 7.7191 0.0300 -1.9769
v 7.7226 0.0300 -1.9849
v 7.7251 0.0300 -1.9936
v 7.7324 0.0300 -1.9991
v 7.7376 0.0300 -2.0063
v 7.7436 0.0300 -2.0130
v 7.7513 0.0300 -2.0178
v 7.7613 0.0300 -2.0166
v 7.7686 0.0300 -2.0230
v 7.7772 0.0300 -2.0291
v 7.7866 0.0300 -2.0267
v 7.7949 0.0300 -2.0208
v 7.8032 0.0300 -2.0180
v 7.8102 0.0300 -2.0129
v 7.8203 0.0300 -2.0129
v 7.8304 0.0300 -2.0109
v 7.8346 0.0300 -2.0018
v 7.8350 0.0300 -1.9910
v 7.8423 0.0300 -1.9854
v 7.8508 0.0300 -1.9790
v 7.8558 0.0300 -1.9703
v 7.8535 0.0300 -1.9603
v 7.8482 0.0300 -1.9513
v 7.7820 0.0300 -1.9556
v 7.7820 0.0300 -1.9556
v 7.7820 0.0300 -1.9556
v 7.7820 0.0300 -1.9556
v 7.7820 0.0300 -1.9556
v 7.7820 0.0300 -1.9556
v 7.7820 0.0300 -1.9556
v 7.7820 0.0300 -1.9556
v 7.7820 0.0300 -1.9556
v 7.7820 0.0300 -1.9556
v 7.7820 0.0300 -1.9556
v 7.7820 0.0300 -1.9556
v 7.7820 0.0300 -1.9556
v 7.7820 0.0300 -1.9556
v 7.7820 0.0300 -1.9556
v 7.7820 0.0300 -1.9556
v 7.7820 0.0300 -1.9556
v 7.7820 0.0300 -1.9556
v 7.7820 0.0300 -1.9556
v 7.7820 0.0300 -1.9556
v 7.7820 0.0300 -1.9556
v 7.7820 0.0300 -1.9556
v 7.7820 0.0300 -1.9556
v 7.7820 0.0300 -1.9556
v 7.7820 0.0300 -1.9556
v 7.7820 0.0300 -1.9556
v 7.7820 0.0300 -1.9556
v 7.7820 0.0300 -1.9556
v 7.7820 0.0300 -1.9556
v 7.7820 0.0300 -1.9556
v 7.7820 0.0300 -1.9556
v 7.7820 0.0300 -1.9556
v 7.7820 0.0300 -1.9556
v 7.7820 0.0300 -1.9556
v 7.7820 0.0300 -1.9556
v 7.7820 0.0300 -1.9556
v 7.7820 0.0300 -1.9556
v 7.7820 0.0300 -1.9556
v 7.7820 0.0300 -1.9556
v 7.7820 0.0300 -1.9556
v 7.7820 0.0300 -1.9556
v 7.7820 0.0300 -1.9556
v 7.7820 0.0300 -1.9556
v 7.7820 0.0300 -1.9556
v 7.7820 0.0300 -1.9556
v 7.7820 0.0300 -1.9556
v 7.7820 0.0300 -1.9556
v 7.7820 0.0300 -1.9556
v 7.8166 0.1508 -1.9488
v 7.8166 0.0300 -1.9488
v 7.8016 0.1508 -1.9263
v 7.8016 0.0300 -1.9263
v 7.7752 0.1508 -1.9211
v 7.7752 0.0300 -1.9211
v 7.7527 0.1508 -1.9360
v 7.7527 0.0300 -1.9360
v 7.7475 0.1508 -1.9625
v 7.7475 0.0300 -1.9625
v 7.7624 0.1508 -1.9849
v 7.7624 0.0300 -1.9849
v 7.7889 0.1508 -1.9902
v 7.7889 0.0300 -1.9902
v 7.8113 0.1508 -1.9752
v 7.8113 0.0300 -1.9752
v 7.7820 0.1508 -1.9556
v 7.7820 0.0300 -1.9556
vn 0.2909 -0.1179 -0.9495
usemtl leaf_4
f 1473//1401 1521//1401 1522//1401 1474//1401
vn -0.3507 -0.1053 0.9305
usemtl leaf_5
f 1474//1402 1522//1402 1523//1402 1475//1402
vn 0.5538 -0.2935 -0.7792
f 1475//1403 1523//1403 1524//1403 1476//1403
vn -0.6049 -0.1378 0.7843
f 1476//1404 1524//1404 1525//1404 1477//1404
vn 0.4048 -0.8090 -0.4262
f 1477//1405 1525//1405 1526//1405 1478//1405
vn 0.7583 -0.4516 -0.4701
f 1478//1406 1526//1406 1527//1406 1479//1406
vn -0.0968 -0.9945 0.0390
f 1479//1407 1527//1407 1528//1407 1480//1407
vn 0.9218 -0.0826 -0.3788
usemtl leaf_4
f 1480//1408 1528//1408 1529//1408 1481//1408
vn 0.9403 -0.1883 -0.2834
f 1481//1409 1529//1409 1530//1409 1482//1409
vn -0.9909 -0.0928 0.0979
usemtl leaf_5
f 1482//1410 1530//1410 1531//1410 1483//1410
vn 0.9812 -0.1896 0.0367
usemtl leaf_4
f 1483//1411 1531//1411 1532//1411 1484//1411
vn -0.5005 -0.8401 0.2092
f 1484//1412 1532//1412 1533//1412 1485//1412
vn -0.9559 -0.1094 -0.2726
f 1485//1413 1533//1413 1534//1413 1486//1413
vn 0.2370 -0.9555 -0.1756
usemtl leaf_5
f 1486//1414 1534//1414 1535//1414 1487//1414
vn 0.4581 -0.8615 0.2188
usemtl leaf_4
f 1487//1415 1535//1415 1536//1415 1488//1415
vn -0.7393 -0.2414 -0.6286
usemtl leaf_5
f 1488//1416 1536//1416 1537//1416 1489//1416
vn -0.2104 -0.7034 -0.6790
f 1489//1417 1537//1417 1538//1417 1490//1417
vn 0.6830 -0.2607 0.6823
f 1490//1418 1538//1418 1539//1418 1491//1418
vn 0.5400 -0.1512 0.8280
usemtl leaf_4
f 1491//1419 1539//1419 1540//1419 1492//1419
vn 0.5510 -0.7323 0.4003
usemtl leaf_5
f 1492//1420 1540//1420 1541//1420 1493//1420
vn 0.3376 -0.2372 0.9109
usemtl leaf_4
f 1493//1421 1541//1421 1542//1421 1494//1421
vn -0.1315 -0.1110 -0.9851
f 1494//1422 1542//1422 1543//1422 1495//1422
vn -0.0485 -0.1832 -0.9819
usemtl leaf_5
f 1495//1423 1543//1423 1544//1423 1496//1423
vn -0.2218 -0.2296 0.9477
f 1496//1424 1544//1424 1545//1424 1497//1424
vn -0.1376 -0.6781 0.7219
f 1497//1425 1545//1425 1546//1425 1498//1425
vn 0.4249 -0.9047 -0.0322
usemtl leaf_4
f 1498//1426 1546//1426 1547//1426 1499//1426
vn 0.6422 -0.3335 -0.6902
f 1499//1427 1547//1427 1548//1427 1500//1427
vn -0.4385 -0.4085 0.8005
usemtl leaf_5
f 1500//1428 1548//1428 1549//1428 1501//1428
vn -0.6827 -0.1945 0.7044
f 1501//1429 1549//1429 1550//1429 1502//1429
vn -0.7948 -0.4217 0.4364
f 1502//1430 1550//1430 1551//1430 1503//1430
vn 0.0878 -0.7602 -0.6438
f 1503//1431 1551//1431 1552//1431 1504//1431
vn 0.8999 -0.2097 -0.3824
f 1504//1432 1552//1432 1553//1432 1505//1432
vn -0.9092 -0.2451 0.3365
f 1505//1433 1553//1433 1554//1433 1506//1433
vn 0.9821 -0.1627 -0.0950
f 1506//1434 1554//1434 1555//1434 1507//1434
vn 0.9563 -0.2904 0.0323
f 1507//1435 1555//1435 1556//1435 1508//1435
vn 0.9365 -0.3081 0.1677
f 1508//1436 1556//1436 1557//1436 1509//1436
vn 0.9182 -0.2655 0.2939
f 1509//1437 1557//1437 1558//1437 1510//1437
vn -0.9340 -0.0931 -0.3448
f 1510//1438 1558//1438 1559//1438 1511//1438
vn -0.8870 -0.1655 -0.4311
f 1511//1439 1559//1439 1560//1439 1512//1439
vn 0.7519 -0.2531 0.6088
f 1512//1440 1560//1440 1561//1440 1513//1440
vn -0.6575 -0.2143 -0.7223
usemtl leaf_4
f 1513//1441 1561//1441 1562//1441 1514//1441
vn -0.5109 -0.2542 -0.8212
usemtl leaf_5
f 1514//1442 1562//1442 1563//1442 1515//1442
vn -0.1268 -0.4809 -0.8676
usemtl leaf_4
f 1515//1443 1563//1443 1564//1443 1516//1443
vn 0.5052 -0.4861 0.7131
f 1516//1444 1564//1444 1565//1444 1517//1444
vn 0.0197 -0.8287 0.5593
usemtl leaf_5
f 1517//1445 1565//1445 1566//1445 1518//1445
vn 0.1042 -0.0697 0.9921
f 1518//1446 1566//1446 1567//1446 1519//1446
vn -0.2156 -0.5910 0.7774
f 1519//1447 1567//1447 1568//1447 1520//1447
vn 0.1165 -0.2572 -0.9593
f 1520//1448 1568//1448 1521//1448 1473//1448
vn 0.0007 -0.9096 -0.4155
f 1521//1449 1569//1449 1570//1449 1522//1449
vn -0.3128 -0.8947 0.3189
f 1522//1450 1570//1450 1571//1450 1523//1450
vn -0.4885 -0.8725 0.0104
f 1523//1451 1571//1451 1572//1451 1524//1451
vn -0.2169 -0.9405 -0.2617
f 1524//1452 1572//1452 1573//1452 1525//1452
vn -0.7514 -0.6328 0.1868
f 1525//1453 1573//1453 1574//1453 1526//1453
vn 0.3209 -0.5636 -0.7612
f 1526//1454 1574//1454 1575//1454 1527//1454
vn -0.5358 -0.8303 -0.1533
f 1527//1455 1575//1455 1576//1455 1528//1455
vn 0.8345 -0.3653 -0.4124
f 1528//1456 1576//1456 1577//1456 1529//1456
vn 0.9300 -0.2634 -0.2564
f 1529//1457 1577//1457 1578//1457 1530//1457
vn -0.9544 -0.2973 0.0273
f 1530//1458 1578//1458 1579//1458 1531//1458
vn -0.4460 -0.8006 -0.4001
f 1531//1459 1579//1459 1580//1459 1532//1459
vn -0.7322 -0.6767 -0.0770
usemtl leaf_4
f 1532//1460 1580//1460 1581//1460 1533//1460
vn -0.6350 -0.7724 0.0141
usemtl leaf_5
f 1533//1461 1581//1461 1582//1461 1534//1461
vn 0.7835 -0.6059 0.1379
f 1534//1462 1582//1462 1583//1462 1535//1462
vn -0.6054 -0.5236 -0.5995
f 1535//1463 1583//1463 1584//1463 1536//1463
vn -0.6812 -0.5805 -0.4460
f 1536//1464 1584//1464 1585//1464 1537//1464
vn -0.4182 -0.9068 0.0537
f 1537//1465 1585//1465 1586//1465 1538//1465
vn 0.4616 -0.4514 0.7637
f 1538//1466 1586//1466 1587//1466 1539//1466
vn 0.2930 -0.6852 0.6668
f 1539//1467 1587//1467 1588//1467 1540//1467
vn 0.2365 -0.5343 0.8115
f 1540//1468 1588//1468 1589//1468 1541//1468
vn -0.1754 -0.9568 -0.2318
f 1541//1469 1589//1469 1590//1469 1542//1469
vn -0.1712 -0.2653 -0.9489
f 1542//1470 1590//1470 1591//1470 1543//1470
vn 0.0355 -0.6921 -0.7210
f 1543//1471 1591//1471 1592//1471 1544//1471
vn 0.0998 -0.6686 0.7369
f 1544//1472 1592//1472 1593//1472 1545//1472
vn -0.1680 -0.2595 0.9510
f 1545//1473 1593//1473 1594//1473 1546//1473
vn 0.2659 -0.6147 0.7425
usemtl leaf_4
f 1546//1474 1594//1474 1595//1474 1547//1474
vn 0.6761 -0.4634 -0.5728
f 1547//1475 1595//1475 1596//1475 1548//1475
vn 0.6106 -0.4270 -0.6670
usemtl leaf_5
f 1548//1476 1596//1476 1597//1476 1549//1476
vn -0.6373 -0.3469 0.6881
f 1549//1477 1597//1477 1598//1477 1550//1477
vn 0.7060 -0.6732 -0.2199
usemtl leaf_4
f 1550//1478 1598//1478 1599//1478 1551//1478
vn 0.4176 -0.8937 0.1638
usemtl leaf_5
f 1551//1479 1599//1479 1600//1479 1552//1479
vn -0.7592 -0.4104 0.5052
f 1552//1480 1600//1480 1601//1480 1553//1480
vn 0.7506 -0.6605 -0.0212
usemtl leaf_4
f 1553//1481 1601//1481 1602//1481 1554//1481
vn 0.9319 -0.2922 -0.2149
usemtl leaf_5
f 1554//1482 1602//1482 1603//1482 1555//1482
vn 0.4269 -0.8369 -0.3425
f 1555//1483 1603//1483 1604//1483 1556//1483
vn 0.5262 -0.8332 -0.1696
f 1556//1484 1604//1484 1605//1484 1557//1484
vn -0.9210 -0.3820 -0.0767
f 1557//1485 1605//1485 1606//1485 1558//1485
vn -0.9142 -0.3924 -0.1015
f 1558//1486 1606//1486 1607//1486 1559//1486
vn -0.7868 -0.5327 -0.3118
usemtl leaf_4
f 1559//1487 1607//1487 1608//1487 1560//1487
vn 0.7024 -0.3453 0.6224
usemtl leaf_5
f 1560//1488 1608//1488 1609//1488 1561//1488
vn 0.2274 -0.9706 0.0784
f 1561//1489 1609//1489 1610//1489 1562//1489
vn -0.4668 -0.4782 -0.7439
f 1562//1490 1610//1490 1611//1490 1563//1490
vn -0.6033 -0.5372 -0.5894
f 1563//1491 1611//1491 1612//1491 1564//1491
vn -0.3606 -0.9252 0.1185
usemtl leaf_4
f 1564//1492 1612//1492 1613//1492 1565//1492
vn -0.1597 -0.9324 -0.3241
f 1565//1493 1613//1493 1614//1493 1566//1493
vn 0.0448 -0.2805 0.9588
usemtl leaf_5
f 1566//1494 1614//1494 1615//1494 1567//1494
vn -0.5540 -0.8211 -0.1377
f 1567//1495 1615//1495 1616//1495 1568//1495
vn -0.5381 -0.6507 0.5357
f 1568//1496 1616//1496 1569//1496 1521//1496
vn -0.3598 -0.6950 0.6226
f 1569//1497 1617//1497 1618//1497 1570//1497
vn 0.0885 -0.9952 0.0405
f 1570//1498 1618//1498 1619//1498 1571//1498
vn 0.0866 -0.9092 0.4074
f 1571//1499 1619//1499 1620//1499 1572//1499
vn 0.3756 -0.8802 -0.2902
f 1572//1500 1620//1500 1621//1500 1573//1500
vn 0.0558 -0.9982 -0.0208
usemtl leaf_4
f 1573//1501 1621//1501 1622//1501 1574//1501
vn -0.0346 -0.9743 0.2224
usemtl leaf_5
f 1574//1502 1622//1502 1623//1502 1575//1502
vn 0.5666 -0.6893 -0.4515
f 1575//1503 1623//1503 1624//1503 1576//1503
vn 0.1596 -0.8183 -0.5522
usemtl leaf_4
f 1576//1504 1624//1504 1625//1504 1577//1504
vn 0.8626 -0.3345 -0.3795
f 1577//1505 1625//1505 1626//1505 1578//1505
vn -0.8892 -0.4565 0.0302
f 1578//1506 1626//1506 1627//1506 1579//1506
vn 0.2130 -0.9621 -0.1705
usemtl leaf_5
f 1579//1507 1627//1507 1628//1507 1580//1507
vn -0.7351 -0.5009 -0.4569
f 1580//1508 1628//1508 1629//1508 1581//1508
vn 0.1326 -0.7360 -0.6639
f 1581//1509 1629//1509 1630//1509 1582//1509
vn 0.2100 -0.9686 -0.1334
f 1582//1510 1630//1510 1631//1510 1583//1510
vn -0.0101 -0.9838 -0.1792
f 1583//1511 1631//1511 1632//1511 1584//1511
vn -0.1176 -0.5287 -0.8406
f 1584//1512 1632//1512 1633//1512 1585//1512
vn 0.2223 -0.5267 -0.8205
f 1585//1513 1633//1513 1634//1513 1586//1513
vn 0.5415 -0.8407 -0.0092
f 1586//1514 1634//1514 1635//1514 1587//1514
vn 0.6411 -0.3831 0.6650
f 1587//1515 1635//1515 1636//1515 1588//1515
vn 0.5590 -0.7763 -0.2913
usemtl leaf_4
f 1588//1516 1636//1516 1637//1516 1589//1516
vn 0.2399 -0.9435 -0.2285
f 1589//1517 1637//1517 1638//1517 1590//1517
vn 0.0013 -0.3555 -0.9347
usemtl leaf_5
f 1590//1518 1638//1518 1639//1518 1591//1518
vn 0.1457 -0.9533 -0.2644
f 1591//1519 1639//1519 1640//1519 1592//1519
vn -0.1362 -0.9907 0.0018
f 1592//1520 1640//1520 1641//1520 1593//1520
vn -0.2529 -0.3155 0.9146
f 1593//1521 1641//1521 1642//1521 1594//1521
vn -0.2610 -0.6366 0.7256
usemtl leaf_3
f 1594//1522 1642//1522 1643//1522 1595//1522
vn 0.6258 -0.7525 0.2053
f 1595//1523 1643//1523 1644//1523 1596//1523
vn 0.8325 -0.2711 -0.4831
usemtl leaf_5
f 1596//1524 1644//1524 1645//1524 1597//1524
vn -0.1602 -0.7372 0.6564
f 1597//1525 1645//1525 1646//1525 1598//1525
vn 0.2869 -0.9099 -0.2995
f 1598//1526 1646//1526 1647//1526 1599//1526
vn -0.4006 -0.8035 0.4403
f 1599//1527 1647//1527 1648//1527 1600//1527
vn -0.2522 -0.9207 0.2979
usemtl leaf_4
f 1600//1528 1648//1528 1649//1528 1601//1528
vn 0.7483 -0.5846 -0.3136
usemtl leaf_5
f 1601//1529 1649//1529 1650//1529 1602//1529
vn 0.8694 -0.4939 0.0110
f 1602//1530 1650//1530 1651//1530 1603//1530
vn 0.0725 -0.8391 0.5392
f 1603//1531 1651//1531 1652//1531 1604//1531
vn -0.3797 -0.7131 0.5893
f 1604//1532 1652//1532 1653//1532 1605//1532
vn -0.9227 -0.3848 -0.0212
f 1605//1533 1653//1533 1654//1533 1606//1533
vn -0.0178 -0.9888 0.1479
f 1606//1534 1654//1534 1655//1534 1607//1534
vn -0.2585 -0.9420 -0.2142
f 1607//1535 1655//1535 1656//1535 1608//1535
vn 0.7264 -0.5445 0.4193
f 1608//1536 1656//1536 1657//1536 1609//1536
vn 0.1946 -0.9639 0.1817
f 1609//1537 1657//1537 1658//1537 1610//1537
vn -0.4920 -0.6348 -0.5959
f 1610//1538 1658//1538 1659//1538 1611//1538
vn -0.2774 -0.5795 -0.7663
f 1611//1539 1659//1539 1660//1539 1612//1539
vn -0.2591 -0.8857 -0.3852
usemtl leaf_4
f 1612//1540 1660//1540 1661//1540 1613//1540
vn -0.5832 -0.8048 -0.1101
usemtl leaf_5
f 1613//1541 1661//1541 1662//1541 1614//1541
vn -0.5389 -0.6061 0.5851
usemtl leaf_3
f 1614//1542 1662//1542 1663//1542 1615//1542
vn -0.6879 -0.7022 0.1833
usemtl leaf_5
f 1615//1543 1663//1543 1664//1543 1616//1543
vn -0.3373 -0.5412 0.7702
f 1616//1544 1664//1544 1617//1544 1569//1544
vn -0.5075 -0.6192 0.5992
f 1617//1545 1665//1545 1666//1545 1618//1545
vn -0.5675 -0.7761 0.2748
f 1618//1546 1666//1546 1667//1546 1619//1546
vn -0.4403 -0.7029 -0.5586
f 1619//1547 1667//1547 1668//1547 1620//1547
vn -0.5457 -0.8380 -0.0028
f 1620//1548 1668//1548 1669//1548 1621//1548
vn 0.1777 -0.8736 -0.4531
f 1621//1549 1669//1549 1670//1549 1622//1549
vn -0.3977 -0.8203 -0.4111
f 1622//1550 1670//1550 1671//1550 1623//1550
vn 0.4658 -0.6588 -0.5908
f 1623//1551 1671//1551 1672//1551 1624//1551
vn 0.3564 -0.8445 -0.3998
f 1624//1552 1672//1552 1673//1552 1625//1552
vn 0.5646 -0.8056 -0.1794
f 1625//1553 1673//1553 1674//1553 1626//1553
vn -0.3139 -0.9319 -0.1817
usemtl leaf_4
f 1626//1554 1674//1554 1675//1554 1627//1554
vn 0.0914 -0.7698 -0.6317
usemtl leaf_5
f 1627//1555 1675//1555 1676//1555 1628//1555
vn -0.6147 -0.7357 -0.2843
usemtl leaf_4
f 1628//1556 1676//1556 1677//1556 1629//1556
vn 0.4357 -0.8709 -0.2273
f 1629//1557 1677//1557 1678//1557 1630//1557
vn -0.6632 -0.5184 -0.5399
usemtl leaf_5
f 1630//1558 1678//1558 1679//1558 1631//1558
vn 0.7495 -0.6379 0.1772
f 1631//1559 1679//1559 1680//1559 1632//1559
vn -0.1009 -0.9269 -0.3616
f 1632//1560 1680//1560 1681//1560 1633//1560
vn -0.3056 -0.8365 -0.4547
f 1633//1561 1681//1561 1682//1561 1634//1561
vn 0.5361 -0.8245 -0.1811
f 1634//1562 1682//1562 1683//1562 1635//1562
vn 0.5446 -0.6537 0.5254
usemtl leaf_4
f 1635//1563 1683//1563 1684//1563 1636//1563
vn -0.0061 -0.9997 0.0228
f 1636//1564 1684//1564 1685//1564 1637//1564
vn -0.0419 -0.8163 -0.5761
usemtl leaf_5
f 1637//1565 1685//1565 1686//1565 1638//1565
vn 0.0005 -0.6783 -0.7348
f 1638//1566 1686//1566 1687//1566 1639//1566
vn 0.1751 -0.6811 -0.7109
f 1639//1567 1687//1567 1688//1567 1640//1567
vn 0.3103 -0.7584 0.5733
f 1640//1568 1688//1568 1689//1568 1641//1568
vn -0.0563 -0.4993 0.8646
f 1641//1569 1689//1569 1690//1569 1642//1569
vn -0.2556 -0.7029 0.6638
usemtl leaf_4
f 1642//1570 1690//1570 1691//1570 1643//1570
vn -0.3435 -0.5537 0.7585
f 1643//1571 1691//1571 1692//1571 1644//1571
vn 0.7082 -0.4030 -0.5797
usemtl leaf_5
f 1644//1572 1692//1572 1693//1572 1645//1572
vn 0.6505 -0.7403 -0.1697
f 1645//1573 1693//1573 1694//1573 1646//1573
vn 0.5587 -0.8224 -0.1073
f 1646//1574 1694//1574 1695//1574 1647//1574
vn -0.5051 -0.7983 0.3281
usemtl leaf_4
f 1647//1575 1695//1575 1696//1575 1648//1575
vn 0.4292 -0.8315 -0.3526
f 1648//1576 1696//1576 1697//1576 1649//1576
vn 0.0496 -0.9838 0.1722
usemtl leaf_5
f 1649//1577 1697//1577 1698//1577 1650//1577
vn 0.5681 -0.7595 0.3169
f 1650//1578 1698//1578 1699//1578 1651//1578
vn -0.5217 -0.6461 0.5572
f 1651//1579 1699//1579 1700//1579 1652//1579
vn -0.6020 -0.4750 0.6419
f 1652//1580 1700//1580 1701//1580 1653//1580
vn -0.1411 -0.6981 0.7019
f 1653//1581 1701//1581 1702//1581 1654//1581
vn 0.2542 -0.8729 0.4163
f 1654//1582 1702//1582 1703//1582 1655//1582
vn -0.0465 -0.9765 0.2106
f 1655//1583 1703//1583 1704//1583 1656//1583
vn 0.2878 -0.7189 0.6327
f 1656//1584 1704//1584 1705//1584 1657//1584
vn -0.3136 -0.8836 0.3478
f 1657//1585 1705//1585 1706//1585 1658//1585
vn -0.6454 -0.7146 -0.2698
f 1658//1586 1706//1586 1707//1586 1659//1586
vn -0.6797 -0.6587 -0.3228
f 1659//1587 1707//1587 1708//1587 1660//1587
vn -0.4927 -0.6396 -0.5900
usemtl leaf_4
f 1660//1588 1708//1588 1709//1588 1661//1588
vn -0.4177 -0.7987 -0.4331
usemtl leaf_3
f 1661//1589 1709//1589 1710//1589 1662//1589
vn -0.4004 -0.8927 0.2065
f 1662//1590 1710//1590 1711//1590 1663//1590
vn -0.2689 -0.7531 0.6004
usemtl leaf_4
f 1663//1591 1711//1591 1712//1591 1664//1591
vn -0.4228 -0.6270 0.6543
f 1664//1592 1712//1592 1665//1592 1617//1592
vn -0.5823 -0.6394 0.5021
usemtl leaf_5
f 1665//1593 1713//1593 1714//1593 1666//1593
vn -0.5673 -0.7611 0.3145
f 1666//1594 1714//1594 1715//1594 1667//1594
vn 0.0155 -0.7785 -0.6274
f 1667//1595 1715//1595 1716//1595 1668//1595
vn -0.7094 -0.6276 0.3208
f 1668//1596 1716//1596 1717//1596 1669//1596
vn 0.1590 -0.4897 -0.8573
f 1669//1597 1717//1597 1718//1597 1670//1597
vn -0.4885 -0.7258 -0.4844
f 1670//1598 1718//1598 1719//1598 1671//1598
vn 0.1651 -0.5077 -0.8456
f 1671//1599 1719//1599 1720//1599 1672//1599
vn 0.0206 -0.5150 -0.8570
usemtl leaf_4
f 1672//1600 1720//1600 1721//1600 1673//1600
vn -0.7107 -0.6895 -0.1395
f 1673//1601 1721//1601 1722//1601 1674//1601
vn 0.5115 -0.8583 -0.0408
usemtl leaf_5
f 1674//1602 1722//1602 1723//1602 1675//1602
vn 0.1063 -0.9936 -0.0379
f 1675//1603 1723//1603 1724//1603 1676//1603
vn -0.2681 -0.7591 -0.5931
f 1676//1604 1724//1604 1725//1604 1677//1604
vn -0.3515 -0.8733 -0.3374
usemtl leaf_4
f 1677//1605 1725//1605 1726//1605 1678//1605
vn -0.4051 -0.8826 -0.2386
usemtl leaf_5
f 1678//1606 1726//1606 1727//1606 1679//1606
vn 0.7917 -0.6097 0.0379
f 1679//1607 1727//1607 1728//1607 1680//1607
vn -0.2518 -0.7363 -0.6280
f 1680//1608 1728//1608 1729//1608 1681//1608
vn 0.7967 -0.5788 -0.1742
f 1681//1609 1729//1609 1730//1609 1682//1609
vn 0.6134 -0.6189 -0.4906
f 1682//1610 1730//1610 1731//1610 1683//1610
vn 0.7130 -0.6913 -0.1174
usemtl leaf_4
f 1683//1611 1731//1611 1732//1611 1684//1611
vn 0.5098 -0.7593 -0.4045
usemtl leaf_5
f 1684//1612 1732//1612 1733//1612 1685//1612
vn -0.0533 -0.7138 -0.6983
usemtl leaf_4
f 1685//1613 1733//1613 1734//1613 1686//1613
vn 0.2684 -0.9402 -0.2098
usemtl leaf_5
f 1686//1614 1734//1614 1735//1614 1687//1614
vn 0.7746 -0.6089 -0.1713
f 1687//1615 1735//1615 1736//1615 1688//1615
vn 0.6581 -0.2874 0.6959
f 1688//1616 1736//1616 1737//1616 1689//1616
vn 0.8102 -0.5463 0.2125
f 1689//1617 1737//1617 1738//1617 1690//1617
vn 0.1681 -0.7490 0.6409
f 1690//1618 1738//1618 1739//1618 1691//1618
vn -0.2506 -0.6471 0.7200
usemtl leaf_4
f 1691//1619 1739//1619 1740//1619 1692//1619
vn 0.5796 -0.8099 0.0902
usemtl leaf_5
f 1692//1620 1740//1620 1741//1620 1693//1620
vn 0.8810 -0.4013 -0.2506
usemtl leaf_4
f 1693//1621 1741//1621 1742//1621 1694//1621
vn 0.3196 -0.6474 0.6919
usemtl leaf_5
f 1694//1622 1742//1622 1743//1622 1695//1622
vn 0.7800 -0.6024 0.1697
f 1695//1623 1743//1623 1744//1623 1696//1623
vn 0.1474 -0.8073 0.5714
f 1696//1624 1744//1624 1745//1624 1697//1624
vn 0.2277 -0.8695 0.4384
f 1697//1625 1745//1625 1746//1625 1698//1625
vn -0.0842 -0.8625 0.4990
f 1698//1626 1746//1626 1747//1626 1699//1626
vn -0.6835 -0.4621 0.5650
f 1699//1627 1747//1627 1748//1627 1700//1627
vn -0.5461 -0.6014 0.5831
usemtl leaf_4
f 1700//1628 1748//1628 1749//1628 1701//1628
vn 0.4105 -0.6334 0.6559
usemtl leaf_3
f 1701//1629 1749//1629 1750//1629 1702//1629
vn 0.3019 -0.6691 0.6791
usemtl leaf_4
f 1702//1630 1750//1630 1751//1630 1703//1630
vn -0.6246 -0.6482 0.4356
usemtl leaf_5
f 1703//1631 1751//1631 1752//1631 1704//1631
vn -0.2732 -0.5420 0.7947
usemtl leaf_4
f 1704//1632 1752//1632 1753//1632 1705//1632
vn -0.1646 -0.6052 0.7789
usemtl leaf_5
f 1705//1633 1753//1633 1754//1633 1706//1633
vn -0.2905 -0.9489 0.1229
f 1706//1634 1754//1634 1755//1634 1707//1634
vn -0.2140 -0.8735 -0.4373
f 1707//1635 1755//1635 1756//1635 1708//1635
vn -0.2773 -0.8360 -0.4735
f 1708//1636 1756//1636 1757//1636 1709//1636
vn -0.1656 -0.8877 -0.4296
usemtl leaf_4
f 1709//1637 1757//1637 1758//1637 1710//1637
vn -0.3248 -0.8703 -0.3703
usemtl leaf_3
f 1710//1638 1758//1638 1759//1638 1711//1638
vn -0.7165 -0.6232 0.3136
usemtl leaf_4
f 1711//1639 1759//1639 1760//1639 1712//1639
vn -0.5663 -0.5292 0.6318
usemtl leaf_5
f 1712//1640 1760//1640 1713//1640 1665//1640
vn -0.3711 -0.9231 0.1005
f 1713//1641 1761//1641 1762//1641 1714//1641
vn -0.6766 -0.6590 0.3286
f 1714//1642 1762//1642 1763//1642 1715//1642
vn -0.2276 -0.8113 -0.5385
usemtl leaf_4
f 1715//1643 1763//1643 1764//1643 1716//1643
vn -0.5823 -0.8120 -0.0402
usemtl leaf_5
f 1716//1644 1764//1644 1765//1644 1717//1644
vn 0.2079 -0.5193 -0.8289
f 1717//1645 1765//1645 1766//1645 1718//1645
vn -0.3805 -0.5224 -0.7631
usemtl leaf_4
f 1718//1646 1766//1646 1767//1646 1719//1646
vn -0.0930 -0.6418 -0.7612
f 1719//1647 1767//1647 1768//1647 1720//1647
vn -0.1856 -0.9665 -0.1776
usemtl leaf_5
f 1720//1648 1768//1648 1769//1648 1721//1648
vn -0.6961 -0.7028 -0.1467
usemtl leaf_4
f 1721//1649 1769//1649 1770//1649 1722//1649
vn 0.0837 -0.8253 -0.5584
usemtl leaf_5
f 1722//1650 1770//1650 1771//1650 1723//1650
vn 0.5949 -0.6464 -0.4777
usemtl leaf_4
f 1723//1651 1771//1651 1772//1651 1724//1651
vn 0.1960 -0.7461 -0.6364
f 1724//1652 1772//1652 1773//1652 1725//1652
vn -0.6494 -0.4379 -0.6216
usemtl leaf_5
f 1725//1653 1773//1653 1774//1653 1726//1653
vn 0.1489 -0.7882 -0.5972
f 1726//1654 1774//1654 1775//1654 1727//1654
vn 0.5817 -0.8128 0.0306
f 1727//1655 1775//1655 1776//1655 1728//1655
vn 0.7363 -0.5578 -0.3831
usemtl leaf_4
f 1728//1656 1776//1656 1777//1656 1729//1656
vn 0.8116 -0.4484 -0.3745
usemtl leaf_5
f 1729//1657 1777//1657 1778//1657 1730//1657
vn 0.3774 -0.6517 -0.6579
usemtl leaf_3
f 1730//1658 1778//1658 1779//1658 1731//1658
vn 0.1912 -0.8790 -0.4369
usemtl leaf_4
f 1731//1659 1779//1659 1780//1659 1732//1659
vn -0.2500 -0.8789 -0.4061
f 1732//1660 1780//1660 1781//1660 1733//1660
vn -0.0055 -0.8798 -0.4752
usemtl leaf_5
f 1733//1661 1781//1661 1782//1661 1734//1661
vn 0.6082 -0.6039 0.5152
f 1734//1662 1782//1662 1783//1662 1735//1662
vn 0.8113 -0.3584 0.4618
f 1735//1663 1783//1663 1784//1663 1736//1663
vn 0.6436 -0.7653 -0.0085
f 1736//1664 1784//1664 1785//1664 1737//1664
vn 0.3171 -0.9473 -0.0463
f 1737//1665 1785//1665 1786//1665 1738//1665
vn 0.3761 -0.8831 0.2804
usemtl leaf_4
f 1738//1666 1786//1666 1787//1666 1739//1666
vn -0.0598 -0.7052 0.7065
usemtl leaf_5
f 1739//1667 1787//1667 1788//1667 1740//1667
vn 0.0356 -0.7744 0.6317
usemtl leaf_4
f 1740//1668 1788//1668 1789//1668 1741//1668
vn 0.8822 -0.4636 -0.0824
usemtl leaf_3
f 1741//1669 1789//1669 1790//1669 1742//1669
vn 0.4264 -0.5707 0.7018
f 1742//1670 1790//1670 1791//1670 1743//1670
vn 0.8469 -0.4926 -0.2003
usemtl leaf_5
f 1743//1671 1791//1671 1792//1671 1744//1671
vn -0.0494 -0.9966 0.0664
f 1744//1672 1792//1672 1793//1672 1745//1672
vn 0.1228 -0.9871 0.1024
f 1745//1673 1793//1673 1794//1673 1746//1673
vn -0.6862 -0.4712 0.5543
f 1746//1674 1794//1674 1795//1674 1747//1674
vn -0.5290 -0.4992 0.6863
usemtl leaf_4
f 1747//1675 1795//1675 1796//1675 1748//1675
vn -0.2253 -0.7677 0.5999
usemtl leaf_5
f 1748//1676 1796//1676 1797//1676 1749//1676
vn 0.3612 -0.7088 0.6060
usemtl leaf_4
f 1749//1677 1797//1677 1798//1677 1750//1677
vn 0.5180 -0.6851 0.5122
f 1750//1678 1798//1678 1799//1678 1751//1678
vn -0.6951 -0.7113 -0.1043
usemtl leaf_5
f 1751//1679 1799//1679 1800//1679 1752//1679
vn 0.1248 -0.8287 0.5457
usemtl leaf_4
f 1752//1680 1800//1680 1801//1680 1753//1680
vn 0.1572 -0.8304 0.5345
f 1753//1681 1801//1681 1802//1681 1754//1681
vn -0.0308 -0.8510 0.5242
usemtl leaf_5
f 1754//1682 1802//1682 1803//1682 1755//1682
vn -0.7373 -0.5832 -0.3409
f 1755//1683 1803//1683 1804//1683 1756//1683
vn -0.3401 -0.9337 0.1121
f 1756//1684 1804//1684 1805//1684 1757//1684
vn -0.3141 -0.8117 -0.4924
usemtl leaf_4
f 1757//1685 1805//1685 1806//1685 1758//1685
vn -0.3906 -0.6912 -0.6080
f 1758//1686 1806//1686 1807//1686 1759//1686
vn -0.2442 -0.9492 0.1984
f 1759//1687 1807//1687 1808//1687 1760//1687
vn -0.2130 -0.6544 0.7256
usemtl leaf_5
f 1760//1688 1808//1688 1761//1688 1713//1688
vn -0.7719 -0.6357 -0.0093
f 1761//1689 1809//1689 1810//1689 1762//1689
vn -0.6493 -0.7309 0.2104
f 1762//1690 1810//1690 1811//1690 1763//1690
vn -0.4137 -0.5282 -0.7415
f 1763//1691 1811//1691 1812//1691 1764//1691
vn -0.7403 -0.3099 -0.5966
f 1764//1692 1812//1692 1813//1692 1765//1692
vn -0.2441 -0.4418 -0.8633
f 1765//1693 1813//1693 1814//1693 1766//1693
vn -0.1384 -0.9189 -0.3694
usemtl leaf_3
f 1766//1694 1814//1694 1815//1694 1767//1694
vn -0.0929 -0.8876 -0.4511
f 1767//1695 1815//1695 1816//1695 1768//1695
vn -0.6810 -0.7234 -0.1136
usemtl leaf_4
f 1768//1696 1816//1696 1817//1696 1769//1696
vn -0.1916 -0.9634 -0.1873
usemtl leaf_5
f 1769//1697 1817//1697 1818//1697 1770//1697
vn 0.0207 -0.9012 -0.4330
f 1770//1698 1818//1698 1819//1698 1771//1698
vn 0.5915 -0.7286 -0.3453
usemtl leaf_4
f 1771//1699 1819//1699 1820//1699 1772//1699
vn 0.1840 -0.8827 -0.4324
usemtl leaf_3
f 1772//1700 1820//1700 1821//1700 1773//1700
vn -0.4798 -0.6013 -0.6389
usemtl leaf_4
f 1773//1701 1821//1701 1822//1701 1774//1701
vn 0.1494 -0.5575 -0.8166
usemtl leaf_5
f 1774//1702 1822//1702 1823//1702 1775//1702
vn 0.6321 -0.5052 -0.5875
f 1775//1703 1823//1703 1824//1703 1776//1703
vn 0.8662 -0.4933 0.0800
usemtl leaf_3
f 1776//1704 1824//1704 1825//1704 1777//1704
vn 0.0402 -0.7732 -0.6329
usemtl leaf_4
f 1777//1705 1825//1705 1826//1705 1778//1705
vn 0.1994 -0.9304 -0.3075
usemtl leaf_5
f 1778//1706 1826//1706 1827//1706 1779//1706
vn 0.1009 -0.7147 -0.6921
f 1779//1707 1827//1707 1828//1707 1780//1707
vn 0.3798 -0.5578 -0.7380
usemtl leaf_4
f 1780//1708 1828//1708 1829//1708 1781//1708
vn 0.8309 -0.5462 -0.1066
usemtl leaf_5
f 1781//1709 1829//1709 1830//1709 1782//1709
vn 0.7301 -0.4233 0.5364
usemtl leaf_4
f 1782//1710 1830//1710 1831//1710 1783//1710
vn 0.6137 -0.4349 0.6589
usemtl leaf_5
f 1783//1711 1831//1711 1832//1711 1784//1711
vn 0.7440 -0.3512 -0.5684
usemtl leaf_4
f 1784//1712 1832//1712 1833//1712 1785//1712
vn 0.7017 -0.7115 -0.0364
f 1785//1713 1833//1713 1834//1713 1786//1713
vn 0.3403 -0.9403 0.0044
usemtl leaf_5
f 1786//1714 1834//1714 1835//1714 1787//1714
vn -0.1062 -0.8808 0.4614
f 1787//1715 1835//1715 1836//1715 1788//1715
vn -0.2231 -0.7548 0.6169
f 1788//1716 1836//1716 1837//1716 1789//1716
vn 0.5637 -0.8081 0.1712
usemtl leaf_3
f 1789//1717 1837//1717 1838//1717 1790//1717
vn 0.5834 -0.8027 0.1239
f 1790//1718 1838//1718 1839//1718 1791//1718
vn 0.8821 -0.4682 0.0513
usemtl leaf_5
f 1791//1719 1839//1719 1840//1719 1792//1719
vn 0.5855 -0.3886 0.7115
f 1792//1720 1840//1720 1841//1720 1793//1720
vn -0.1929 -0.3174 0.9285
f 1793//1721 1841//1721 1842//1721 1794//1721
vn -0.4396 -0.6276 0.6425
usemtl leaf_4
f 1794//1722 1842//1722 1843//1722 1795//1722
vn -0.3719 -0.9059 0.2024
usemtl leaf_5
f 1795//1723 1843//1723 1844//1723 1796//1723
vn -0.2012 -0.9120 0.3575
f 1796//1724 1844//1724 1845//1724 1797//1724
vn -0.0131 -0.7199 0.6939
f 1797//1725 1845//1725 1846//1725 1798//1725
vn 0.5236 -0.3851 0.7600
usemtl leaf_4
f 1798//1726 1846//1726 1847//1726 1799//1726
vn -0.5025 -0.8587 0.1008
usemtl leaf_5
f 1799//1727 1847//1727 1848//1727 1800//1727
vn -0.3344 -0.8984 0.2848
usemtl leaf_4
f 1800//1728 1848//1728 1849//1728 1801//1728
vn -0.2829 -0.4939 0.8222
f 1801//1729 1849//1729 1850//1729 1802//1729
vn -0.8197 -0.2535 0.5137
usemtl leaf_5
f 1802//1730 1850//1730 1851//1730 1803//1730
vn -0.7684 -0.5617 0.3068
f 1803//1731 1851//1731 1852//1731 1804//1731
vn -0.7068 -0.6763 0.2075
f 1804//1732 1852//1732 1853//1732 1805//1732
vn -0.6990 -0.7117 -0.0702
f 1805//1733 1853//1733 1854//1733 1806//1733
vn -0.3095 -0.7694 -0.5588
usemtl leaf_4
f 1806//1734 1854//1734 1855//1734 1807//1734
vn -0.6891 -0.7007 -0.1850
usemtl leaf_3
f 1807//1735 1855//1735 1856//1735 1808//1735
vn -0.7021 -0.3075 0.6422
usemtl leaf_4
f 1808//1736 1856//1736 1809//1736 1761//1736
vn -0.3732 -0.9175 -0.1377
f 1809//1737 1857//1737 1858//1737 1810//1737
vn -0.8545 -0.3499 -0.3839
usemtl leaf_5
f 1810//1738 1858//1738 1859//1738 1811//1738
vn -0.5603 -0.2124 -0.8006
f 1811//1739 1859//1739 1860//1739 1812//1739
vn -0.6929 -0.5014 -0.5181
usemtl leaf_4
f 1812//1740 1860//1740 1861//1740 1813//1740
vn -0.5307 -0.6444 -0.5505
usemtl leaf_5
f 1813//1741 1861//1741 1862//1741 1814//1741
vn -0.6104 -0.5831 -0.5362
usemtl leaf_3
f 1814//1742 1862//1742 1863//1742 1815//1742
vn -0.1504 -0.7685 -0.6219
usemtl leaf_4
f 1815//1743 1863//1743 1864//1743 1816//1743
vn -0.6376 -0.5542 -0.5350
usemtl leaf_5
f 1816//1744 1864//1744 1865//1744 1817//1744
vn -0.3859 -0.2143 -0.8973
usemtl leaf_4
f 1817//1745 1865//1745 1866//1745 1818//1745
vn 0.1723 -0.2199 -0.9602
usemtl leaf_5
f 1818//1746 1866//1746 1867//1746 1819//1746
vn 0.1229 -0.4195 -0.8994
usemtl leaf_4
f 1819//1747 1867//1747 1868//1747 1820//1747
vn -0.0344 -0.8957 -0.4433
f 1820//1748 1868//1748 1869//1748 1821//1748
vn -0.0064 -0.8521 -0.5233
usemtl leaf_5
f 1821//1749 1869//1749 1870//1749 1822//1749
vn 0.5490 -0.4465 -0.7066
usemtl leaf_4
f 1822//1750 1870//1750 1871//1750 1823//1750
vn 0.4503 -0.3914 -0.8025
usemtl leaf_5
f 1823//1751 1871//1751 1872//1751 1824//1751
vn 0.8752 -0.4409 -0.1994
f 1824//1752 1872//1752 1873//1752 1825//1752
vn 0.0992 -0.5806 -0.8082
usemtl leaf_4
f 1825//1753 1873//1753 1874//1753 1826//1753
vn 0.2155 -0.7358 -0.6420
usemtl leaf_5
f 1826//1754 1874//1754 1875//1754 1827//1754
vn 0.1536 -0.8695 -0.4694
f 1827//1755 1875//1755 1876//1755 1828//1755
vn 0.3663 -0.8372 -0.4062
f 1828//1756 1876//1756 1877//1756 1829//1756
vn 0.6183 -0.7841 -0.0531
usemtl leaf_4
f 1829//1757 1877//1757 1878//1757 1830//1757
vn 0.5696 -0.6354 0.5213
f 1830//1758 1878//1758 1879//1758 1831//1758
vn 0.4599 -0.7173 0.5234
usemtl leaf_5
f 1831//1759 1879//1759 1880//1759 1832//1759
vn 0.5708 -0.7483 -0.3381
usemtl leaf_4
f 1832//1760 1880//1760 1881//1760 1833//1760
vn 0.9392 -0.3432 0.0117
f 1833//1761 1881//1761 1882//1761 1834//1761
vn 0.9782 -0.1556 0.1377
f 1834//1762 1882//1762 1883//1762 1835//1762
vn 0.7630 -0.5189 0.3855
usemtl leaf_5
f 1835//1763 1883//1763 1884//1763 1836//1763
vn -0.0984 -0.7856 0.6109
f 1836//1764 1884//1764 1885//1764 1837//1764
vn 0.1044 -0.9120 0.3967
f 1837//1765 1885//1765 1886//1765 1838//1765
vn 0.7086 -0.6440 0.2884
f 1838//1766 1886//1766 1887//1766 1839//1766
vn 0.7514 -0.5831 0.3090
f 1839//1767 1887//1767 1888//1767 1840//1767
vn 0.3252 -0.4948 0.8059
f 1840//1768 1888//1768 1889//1768 1841//1768
vn -0.1788 -0.3069 0.9348
usemtl leaf_4
f 1841//1769 1889//1769 1890//1769 1842//1769
vn 0.2750 -0.4148 0.8674
f 1842//1770 1890//1770 1891//1770 1843//1770
vn -0.3283 -0.4719 0.8182
usemtl leaf_5
f 1843//1771 1891//1771 1892//1771 1844//1771
vn -0.5242 -0.4315 0.7342
usemtl leaf_4
f 1844//1772 1892//1772 1893//1772 1845//1772
vn 0.0500 -0.6008 0.7979
f 1845//1773 1893//1773 1894//1773 1846//1773
vn 0.3845 -0.4948 0.7793
f 1846//1774 1894//1774 1895//1774 1847//1774
vn -0.5119 -0.2774 0.8130
usemtl leaf_5
f 1847//1775 1895//1775 1896//1775 1848//1775
vn -0.7589 -0.4102 0.5057
usemtl leaf_4
f 1848//1776 1896//1776 1897//1776 1849//1776
vn -0.1304 -0.6959 0.7062
f 1849//1777 1897//1777 1898//1777 1850//1777
vn -0.4563 -0.8871 0.0696
usemtl leaf_5
f 1850//1778 1898//1778 1899//1778 1851//1778
vn -0.2232 -0.8132 0.5375
f 1851//1779 1899//1779 1900//1779 1852//1779
vn -0.4125 -0.9099 -0.0443
f 1852//1780 1900//1780 1901//1780 1853//1780
vn -0.2700 -0.9465 0.1770
f 1853//1781 1901//1781 1902//1781 1854//1781
vn -0.4836 -0.6644 -0.5699
usemtl leaf_4
f 1854//1782 1902//1782 1903//1782 1855//1782
vn -0.4017 -0.7983 -0.4486
f 1855//1783 1903//1783 1904//1783 1856//1783
vn -0.2701 -0.6555 0.7052
f 1856//1784 1904//1784 1857//1784 1809//1784
vn -0.5831 -0.2773 -0.7636
f 1857//1785 1905//1785 1906//1785 1858//1785
vn -0.7610 -0.2808 -0.5848
f 1858//1786 1906//1786 1907//1786 1859//1786
vn -0.6149 -0.2865 -0.7347
usemtl leaf_3
f 1859//1787 1907//1787 1908//1787 1860//1787
vn -0.8903 -0.3859 -0.2419
usemtl leaf_4
f 1860//1788 1908//1788 1909//1788 1861//1788
vn -0.5009 -0.4091 -0.7627
usemtl leaf_5
f 1861//1789 1909//1789 1910//1789 1862//1789
vn -0.7828 -0.5446 -0.3009
usemtl leaf_4
f 1862//1790 1910//1790 1911//1790 1863//1790
vn -0.3975 -0.8395 -0.3706
f 1863//1791 1911//1791 1912//1791 1864//1791
vn -0.0595 -0.8764 -0.4779
usemtl leaf_5
f 1864//1792 1912//1792 1913//1792 1865//1792
vn -0.1463 -0.8027 -0.5781
f 1865//1793 1913//1793 1914//1793 1866//1793
vn 0.0132 -0.8254 -0.5644
f 1866//1794 1914//1794 1915//1794 1867//1794
vn -0.0016 -0.8701 -0.4929
usemtl leaf_3
f 1867//1795 1915//1795 1916//1795 1868//1795
vn -0.2338 -0.6331 -0.7379
usemtl leaf_4
f 1868//1796 1916//1796 1917//1796 1869//1796
vn 0.5320 -0.5264 -0.6633
f 1869//1797 1917//1797 1918//1797 1870//1797
vn 0.7926 -0.2585 -0.5523
usemtl leaf_5
f 1870//1798 1918//1798 1919//1798 1871//1798
vn 0.3284 -0.1895 -0.9253
usemtl leaf_3
f 1871//1799 1919//1799 1920//1799 1872//1799
vn 0.7671 -0.4262 -0.4794
f 1872//1800 1920//1800 1921//1800 1873//1800
vn 0.1343 -0.5176 -0.8450
f 1873//1801 1921//1801 1922//1801 1874//1801
vn 0.4474 -0.4450 -0.7758
usemtl leaf_4
f 1874//1802 1922//1802 1923//1802 1875//1802
vn 0.5762 -0.2625 -0.7740
usemtl leaf_5
f 1875//1803 1923//1803 1924//1803 1876//1803
vn 0.9714 -0.1232 -0.2028
usemtl leaf_4
f 1876//1804 1924//1804 1925//1804 1877//1804
vn 0.9480 -0.0351 -0.3163
usemtl leaf_5
f 1877//1805 1925//1805 1926//1805 1878//1805
vn 0.9041 -0.1475 0.4010
usemtl leaf_4
f 1878//1806 1926//1806 1927//1806 1879//1806
vn 0.8142 -0.5805 0.0001
usemtl leaf_5
f 1879//1807 1927//1807 1928//1807 1880//1807
vn 0.7195 -0.6726 0.1730
f 1880//1808 1928//1808 1929//1808 1881//1808
vn 0.7732 -0.5824 0.2511
f 1881//1809 1929//1809 1930//1809 1882//1809
vn 0.8447 -0.5251 0.1042
usemtl leaf_4
f 1882//1810 1930//1810 1931//1810 1883//1810
vn 0.9194 -0.2426 0.3097
f 1883//1811 1931//1811 1932//1811 1884//1811
vn 0.7085 -0.2352 0.6653
usemtl leaf_5
f 1884//1812 1932//1812 1933//1812 1885//1812
vn 0.2814 -0.5422 0.7918
usemtl leaf_4
f 1885//1813 1933//1813 1934//1813 1886//1813
vn 0.5870 -0.6583 0.4712
usemtl leaf_3
f 1886//1814 1934//1814 1935//1814 1887//1814
vn 0.7606 -0.4593 0.4588
usemtl leaf_5
f 1887//1815 1935//1815 1936//1815 1888//1815
vn -0.0424 -0.2501 0.9673
usemtl leaf_4
f 1888//1816 1936//1816 1937//1816 1889//1816
vn 0.4170 -0.5959 0.6863
f 1889//1817 1937//1817 1938//1817 1890//1817
vn -0.1958 -0.6653 0.7205
usemtl leaf_3
f 1890//1818 1938//1818 1939//1818 1891//1818
vn 0.1222 -0.6111 0.7821
f 1891//1819 1939//1819 1940//1819 1892//1819
vn -0.3269 -0.8785 0.3484
usemtl leaf_4
f 1892//1820 1940//1820 1941//1820 1893//1820
vn -0.0291 -0.8364 0.5473
usemtl leaf_5
f 1893//1821 1941//1821 1942//1821 1894//1821
vn -0.0538 -0.3893 0.9196
usemtl leaf_4
f 1894//1822 1942//1822 1943//1822 1895//1822
vn -0.1411 -0.6414 0.7541
f 1895//1823 1943//1823 1944//1823 1896//1823
vn -0.2187 -0.8995 0.3782
usemtl leaf_5
f 1896//1824 1944//1824 1945//1824 1897//1824
vn -0.6113 -0.5892 0.5283
f 1897//1825 1945//1825 1946//1825 1898//1825
vn -0.8341 -0.0736 0.5466
f 1898//1826 1946//1826 1947//1826 1899//1826
vn -0.7491 -0.1406 0.6473
usemtl leaf_4
f 1899//1827 1947//1827 1948//1827 1900//1827
vn -0.8150 -0.2104 0.5399
f 1900//1828 1948//1828 1949//1828 1901//1828
vn -0.7232 -0.5548 0.4113
usemtl leaf_5
f 1901//1829 1949//1829 1950//1829 1902//1829
vn -0.5476 -0.6352 -0.5447
f 1902//1830 1950//1830 1951//1830 1903//1830
vn -0.6500 -0.5586 -0.5151
usemtl leaf_4
f 1903//1831 1951//1831 1952//1831 1904//1831
vn -0.5791 -0.3125 0.7530
usemtl leaf_5
f 1904//1832 1952//1832 1905//1832 1857//1832
vn -0.8494 -0.2493 -0.4651
f 1905//1833 1953//1833 1954//1833 1906//1833
vn -0.5520 -0.6524 -0.5194
f 1906//1834 1954//1834 1955//1834 1907//1834
vn -0.4693 -0.5851 -0.6614
usemtl leaf_4
f 1907//1835 1955//1835 1956//1835 1908//1835
vn -0.8485 -0.4881 -0.2044
usemtl leaf_3
f 1908//1836 1956//1836 1957//1836 1909//1836
vn -0.5367 -0.7508 -0.3851
usemtl leaf_4
f 1909//1837 1957//1837 1958//1837 1910//1837
vn -0.6408 -0.7060 -0.3016
usemtl leaf_5
f 1910//1838 1958//1838 1959//1838 1911//1838
vn -0.6104 -0.3813 -0.6942
f 1911//1839 1959//1839 1960//1839 1912//1839
vn -0.0924 -0.1513 -0.9842
f 1912//1840 1960//1840 1961//1840 1913//1840
vn -0.3174 -0.2164 -0.9232
usemtl leaf_4
f 1913//1841 1961//1841 1962//1841 1914//1841
vn -0.3877 -0.5746 -0.7208
usemtl leaf_5
f 1914//1842 1962//1842 1963//1842 1915//1842
vn 0.0372 -0.7774 -0.6279
usemtl leaf_4
f 1915//1843 1963//1843 1964//1843 1916//1843
vn 0.0047 -0.8048 -0.5936
f 1916//1844 1964//1844 1965//1844 1917//1844
vn 0.8186 -0.2244 -0.5287
usemtl leaf_5
f 1917//1845 1965//1845 1966//1845 1918//1845
vn 0.7927 -0.0218 -0.6093
usemtl leaf_2
f 1918//1846 1966//1846 1967//1846 1919//1846
vn 0.3768 -0.0596 -0.9244
usemtl leaf_4
f 1919//1847 1967//1847 1968//1847 1920//1847
vn 0.2174 -0.3890 -0.8952
f 1920//1848 1968//1848 1969//1848 1921//1848
vn 0.0466 -0.7376 -0.6736
f 1921//1849 1969//1849 1970//1849 1922//1849
vn 0.3446 -0.8124 -0.4705
f 1922//1850 1970//1850 1971//1850 1923//1850
vn 0.8386 -0.4539 -0.3013
f 1923//1851 1971//1851 1972//1851 1924//1851
vn 0.9728 -0.1060 -0.2059
f 1924//1852 1972//1852 1973//1852 1925//1852
vn 0.9789 -0.0821 -0.1873
f 1925//1853 1973//1853 1974//1853 1926//1853
vn 0.7967 -0.5243 -0.3007
f 1926//1854 1974//1854 1975//1854 1927//1854
vn 0.7431 -0.6387 0.1997
f 1927//1855 1975//1855 1976//1855 1928//1855
vn 0.7489 -0.6431 -0.1598
f 1928//1856 1976//1856 1977//1856 1929//1856
vn 0.4846 -0.8032 0.3466
usemtl leaf_5
f 1929//1857 1977//1857 1978//1857 1930//1857
vn 0.7238 -0.6643 0.1864
usemtl leaf_4
f 1930//1858 1978//1858 1979//1858 1931//1858
vn 0.6231 -0.7250 0.2934
usemtl leaf_5
f 1931//1859 1979//1859 1980//1859 1932//1859
vn 0.5537 -0.7988 0.2353
usemtl leaf_3
f 1932//1860 1980//1860 1981//1860 1933//1860
vn 0.3053 -0.8944 0.3269
usemtl leaf_4
f 1933//1861 1981//1861 1982//1861 1934//1861
vn 0.1280 -0.7390 0.6614
f 1934//1862 1982//1862 1983//1862 1935//1862
vn 0.6485 -0.3460 0.6781
f 1935//1863 1983//1863 1984//1863 1936//1863
vn -0.0128 -0.4241 0.9055
f 1936//1864 1984//1864 1985//1864 1937//1864
vn 0.6107 -0.3349 0.7175
f 1937//1865 1985//1865 1986//1865 1938//1865
vn -0.2903 -0.2937 0.9107
f 1938//1866 1986//1866 1987//1866 1939//1866
vn 0.5162 -0.6007 0.6106
f 1939//1867 1987//1867 1988//1867 1940//1867
vn -0.2640 -0.7467 0.6105
f 1940//1868 1988//1868 1989//1868 1941//1868
vn -0.3101 -0.7645 0.5651
usemtl leaf_3
f 1941//1869 1989//1869 1990//1869 1942//1869
vn -0.2730 -0.7598 0.5901
usemtl leaf_4
f 1942//1870 1990//1870 1991//1870 1943//1870
vn -0.2222 -0.2704 0.9368
usemtl leaf_5
f 1943//1871 1991//1871 1992//1871 1944//1871
vn -0.6424 0.1384 0.7537
usemtl leaf_4
f 1944//1872 1992//1872 1993//1872 1945//1872
vn -0.5700 -0.3449 0.7458
usemtl leaf_3
f 1945//1873 1993//1873 1994//1873 1946//1873
vn -0.5931 -0.7877 0.1667
usemtl leaf_4
f 1946//1874 1994//1874 1995//1874 1947//1874
vn -0.4377 -0.6892 0.5774
f 1947//1875 1995//1875 1996//1875 1948//1875
vn -0.6739 -0.6483 0.3543
usemtl leaf_5
f 1948//1876 1996//1876 1997//1876 1949//1876
vn -0.6957 -0.3805 0.6093
f 1949//1877 1997//1877 1998//1877 1950//1877
vn -0.7832 -0.5223 -0.3374
usemtl leaf_4
f 1950//1878 1998//1878 1999//1878 1951//1878
vn -0.4486 -0.7724 -0.4496
f 1951//1879 1999//1879 2000//1879 1952//1879
vn -0.8748 -0.3235 0.3606
f 1952//1880 2000//1880 1953//1880 1905//1880
vn -0.8921 -0.3925 0.2238
f 1953//1881 2001//1881 2002//1881 1954//1881
vn -0.5310 -0.3168 -0.7859
f 1954//1882 2002//1882 2003//1882 1955//1882
vn -0.7557 -0.3329 -0.5639
usemtl leaf_3
f 1955//1883 2003//1883 2004//1883 1956//1883
vn -0.7835 -0.5084 -0.3572
usemtl leaf_4
f 1956//1884 2004//1884 2005//1884 1957//1884
vn -0.8735 -0.3163 -0.3699
f 1957//1885 2005//1885 2006//1885 1958//1885
vn -0.6024 -0.3074 -0.7367
f 1958//1886 2006//1886 2007//1886 1959//1886
vn -0.6591 -0.5280 -0.5355
usemtl leaf_3
f 1959//1887 2007//1887 2008//1887 1960//1887
vn 0.2293 -0.4984 -0.8361
usemtl leaf_5
f 1960//1888 2008//1888 2009//1888 1961//1888
vn -0.6116 -0.5661 -0.5527
usemtl leaf_4
f 1961//1889 2009//1889 2010//1889 1962//1889
vn -0.3010 -0.6053 -0.7369
f 1962//1890 2010//1890 2011//1890 1963//1890
vn -0.1062 -0.4600 -0.8815
f 1963//1891 2011//1891 2012//1891 1964//1891
vn 0.4185 -0.1474 -0.8962
usemtl leaf_5
f 1964//1892 2012//1892 2013//1892 1965//1892
vn 0.8360 -0.2131 -0.5057
usemtl leaf_4
f 1965//1893 2013//1893 2014//1893 1966//1893
vn 0.7761 -0.4025 -0.4854
usemtl leaf_3
f 1966//1894 2014//1894 2015//1894 1967//1894
vn 0.2906 -0.4454 -0.8469
usemtl leaf_2
f 1967//1895 2015//1895 2016//1895 1968//1895
vn -0.1860 -0.4793 -0.8577
usemtl leaf_3
f 1968//1896 2016//1896 2017//1896 1969//1896
vn 0.0694 -0.6435 -0.7623
usemtl leaf_4
f 1969//1897 2017//1897 2018//1897 1970//1897
vn 0.4531 -0.7546 -0.4747
usemtl leaf_5
f 1970//1898 2018//1898 2019//1898 1971//1898
vn 0.7551 -0.6438 0.1238
usemtl leaf_4
f 1971//1899 2019//1899 2020//1899 1972//1899
vn 0.9525 -0.2590 0.1604
f 1972//1900 2020//1900 2021//1900 1973//1900
vn 0.9275 -0.1035 -0.3592
usemtl leaf_3
f 1973//1901 2021//1901 2022//1901 1974//1901
vn 0.7096 -0.2585 -0.6555
usemtl leaf_4
f 1974//1902 2022//1902 2023//1902 1975//1902
vn 0.7166 -0.6896 0.1045
f 1975//1903 2023//1903 2024//1903 1976//1903
vn 0.8091 -0.5846 0.0602
f 1976//1904 2024//1904 2025//1904 1977//1904
vn 0.8918 -0.1926 0.4094
f 1977//1905 2025//1905 2026//1905 1978//1905
vn 0.7619 -0.0516 0.6457
usemtl leaf_3
f 1978//1906 2026//1906 2027//1906 1979//1906
vn 0.9716 0.1220 0.2028
usemtl leaf_4
f 1979//1907 2027//1907 2028//1907 1980//1907
vn 0.8949 -0.0790 0.4393
usemtl leaf_5
f 1980//1908 2028//1908 2029//1908 1981//1908
vn 0.8824 -0.3796 0.2781
usemtl leaf_4
f 1981//1909 2029//1909 2030//1909 1982//1909
vn 0.0107 -0.7693 0.6388
f 1982//1910 2030//1910 2031//1910 1983//1910
vn 0.0586 -0.6535 0.7547
f 1983//1911 2031//1911 2032//1911 1984//1911
vn -0.0781 0.1345 0.9878
f 1984//1912 2032//1912 2033//1912 1985//1912
vn 0.5666 0.2177 0.7947
usemtl leaf_3
f 1985//1913 2033//1913 2034//1913 1986//1913
vn 0.1051 -0.1870 0.9767
usemtl leaf_4
f 1986//1914 2034//1914 2035//1914 1987//1914
vn 0.5127 -0.1574 0.8440
f 1987//1915 2035//1915 2036//1915 1988//1915
vn -0.1002 -0.3274 0.9396
f 1988//1916 2036//1916 2037//1916 1989//1916
vn -0.3726 -0.5015 0.7808
usemtl leaf_5
f 1989//1917 2037//1917 2038//1917 1990//1917
vn -0.5007 -0.3854 0.7751
usemtl leaf_4
f 1990//1918 2038//1918 2039//1918 1991//1918
vn -0.5843 -0.3719 0.7213
usemtl leaf_3
f 1991//1919 2039//1919 2040//1919 1992//1919
vn -0.3164 -0.6404 0.6999
f 1992//1920 2040//1920 2041//1920 1993//1920
vn -0.2232 -0.6084 0.7616
usemtl leaf_5
f 1993//1921 2041//1921 2042//1921 1994//1921
vn -0.9630 -0.1795 0.2009
f 1994//1922 2042//1922 2043//1922 1995//1922
vn -0.7462 -0.0430 0.6643
usemtl leaf_3
f 1995//1923 2043//1923 2044//1923 1996//1923
vn -0.7830 -0.2336 0.5765
usemtl leaf_5
f 1996//1924 2044//1924 2045//1924 1997//1924
vn -0.9775 -0.1404 0.1572
f 1997//1925 2045//1925 2046//1925 1998//1925
vn -0.9615 -0.0515 0.2701
usemtl leaf_4
f 1998//1926 2046//1926 2047//1926 1999//1926
vn -0.8222 -0.0356 -0.5681
usemtl leaf_5
f 1999//1927 2047//1927 2048//1927 2000//1927
vn -0.9932 -0.0669 -0.0956
usemtl leaf_3
f 2000//1928 2048//1928 2001//1928 1953//1928
vn -0.9234 0.1871 -0.3352
usemtl leaf_4
f 2001//1929 2049//1929 2050//1929 2002//1929
vn -0.8265 0.2623 -0.4980
f 2002//1930 2050//1930 2051//1930 2003//1930
vn -0.8283 -0.3107 -0.4663
usemtl leaf_3
f 2003//1931 2051//1931 2052//1931 2004//1931
vn -0.8805 -0.2917 -0.3737
f 2004//1932 2052//1932 2053//1932 2005//1932
vn -0.7654 -0.3057 -0.5663
usemtl leaf_4
f 2005//1933 2053//1933 2054//1933 2006//1933
vn -0.6966 -0.2124 -0.6853
usemtl leaf_3
f 2006//1934 2054//1934 2055//1934 2007//1934
vn -0.4914 0.2319 -0.8395
usemtl leaf_4
f 2007//1935 2055//1935 2056//1935 2008//1935
vn -0.3942 -0.0473 -0.9178
f 2008//1936 2056//1936 2057//1936 2009//1936
vn -0.3780 -0.2813 -0.8820
usemtl leaf_5
f 2009//1937 2057//1937 2058//1937 2010//1937
vn -0.2996 0.1014 -0.9487
usemtl leaf_4
f 2010//1938 2058//1938 2059//1938 2011//1938
vn 0.1679 0.2307 -0.9584
usemtl leaf_3
f 2011//1939 2059//1939 2060//1939 2012//1939
vn 0.3028 0.1386 -0.9429
usemtl leaf_4
f 2012//1940 2060//1940 2061//1940 2013//1940
vn 0.5428 -0.3822 -0.7478
usemtl leaf_3
f 2013//1941 2061//1941 2062//1941 2014//1941
vn 0.7539 -0.5266 -0.3929
f 2014//1942 2062//1942 2063//1942 2015//1942
vn -0.0418 -0.7254 -0.6870
usemtl leaf_2
f 2015//1943 2063//1943 2064//1943 2016//1943
vn 0.0088 -0.6032 -0.7975
usemtl leaf_3
f 2016//1944 2064//1944 2065//1944 2017//1944
vn 0.4481 -0.0291 -0.8935
usemtl leaf_4
f 2017//1945 2065//1945 2066//1945 2018//1945
vn 0.6926 0.2141 -0.6888
f 2018//1946 2066//1946 2067//1946 2019//1946
vn 0.9912 0.1278 -0.0340
f 2019//1947 2067//1947 2068//1947 2020//1947
vn 0.9546 -0.1053 0.2788
usemtl leaf_3
f 2020//1948 2068//1948 2069//1948 2021//1948
vn 0.7394 -0.3627 -0.5673
usemtl leaf_2
f 2021//1949 2069//1949 2070//1949 2022//1949
vn 0.8675 -0.1711 -0.4671
usemtl leaf_3
f 2022//1950 2070//1950 2071//1950 2023//1950
vn 0.9641 0.2113 -0.1611
usemtl leaf_4
f 2023//1951 2071//1951 2072//1951 2024//1951
vn 0.9415 0.0611 0.3315
f 2024//1952 2072//1952 2073//1952 2025//1952
vn 0.9010 -0.0262 0.4330
f 2025//1953 2073//1953 2074//1953 2026//1953
vn 0.7472 -0.1190 0.6539
usemtl leaf_3
f 2026//1954 2074//1954 2075//1954 2027//1954
vn 0.8308 -0.5371 -0.1459
usemtl leaf_4
f 2027//1955 2075//1955 2076//1955 2028//1955
vn 0.6533 -0.6542 0.3811
usemtl leaf_3
f 2028//1956 2076//1956 2077//1956 2029//1956
vn 0.9098 -0.3754 0.1769
usemtl leaf_5
f 2029//1957 2077//1957 2078//1957 2030//1957
vn 0.2643 -0.0760 0.9614
usemtl leaf_4
f 2030//1958 2078//1958 2079//1958 2031//1958
vn -0.0545 -0.0779 0.9955
usemtl leaf_3
f 2031//1959 2079//1959 2080//1959 2032//1959
vn -0.2562 -0.4408 0.8603
usemtl leaf_2
f 2032//1960 2080//1960 2081//1960 2033//1960
vn 0.3907 -0.1989 0.8988
f 2033//1961 2081//1961 2082//1961 2034//1961
vn 0.6648 -0.1363 0.7345
f 2034//1962 2082//1962 2083//1962 2035//1962
vn 0.1668 -0.4720 0.8657
usemtl leaf_4
f 2035//1963 2083//1963 2084//1963 2036//1963
vn 0.2836 -0.3157 0.9055
usemtl leaf_5
f 2036//1964 2084//1964 2085//1964 2037//1964
vn -0.6584 -0.2012 0.7253
usemtl leaf_4
f 2037//1965 2085//1965 2086//1965 2038//1965
vn -0.2597 -0.2748 0.9258
usemtl leaf_3
f 2038//1966 2086//1966 2087//1966 2039//1966
vn -0.7074 -0.3669 0.6041
usemtl leaf_5
f 2039//1967 2087//1967 2088//1967 2040//1967
vn -0.4106 0.0572 0.9100
usemtl leaf_4
f 2040//1968 2088//1968 2089//1968 2041//1968
vn -0.5318 0.1701 0.8296
usemtl leaf_3
f 2041//1969 2089//1969 2090//1969 2042//1969
vn -0.7657 -0.4747 0.4339
f 2042//1970 2090//1970 2091//1970 2043//1970
vn -0.4885 -0.7682 0.4139
usemtl leaf_5
f 2043//1971 2091//1971 2092//1971 2044//1971
vn -0.7510 -0.5055 0.4248
usemtl leaf_4
f 2044//1972 2092//1972 2093//1972 2045//1972
vn -0.9417 -0.3360 0.0158
usemtl leaf_3
f 2045//1973 2093//1973 2094//1973 2046//1973
vn -0.9143 -0.2986 0.2735
f 2046//1974 2094//1974 2095//1974 2047//1974
vn -0.7544 -0.5359 -0.3790
usemtl leaf_4
f 2047//1975 2095//1975 2096//1975 2048//1975
vn -0.6821 -0.7254 -0.0928
usemtl leaf_3
f 2048//1976 2096//1976 2049//1976 2001//1976
vn -0.7480 0.0403 -0.6624
f 2049//1977 2097//1977 2098//1977 2050//1977
vn -0.9828 -0.0123 -0.1843
f 2050//1978 2098//1978 2099//1978 2051//1978
vn -0.9353 0.0134 -0.3535
usemtl leaf_4
f 2051//1979 2099//1979 2100//1979 2052//1979
vn -0.9138 -0.3295 -0.2373
f 2052//1980 2100//1980 2101//1980 2053//1980
vn -0.6617 -0.3856 -0.6430
usemtl leaf_3
f 2053//1981 2101//1981 2102//1981 2054//1981
vn -0.4867 -0.0271 -0.8731
usemtl leaf_4
f 2054//1982 2102//1982 2103//1982 2055//1982
vn -0.3562 -0.0058 -0.9344
usemtl leaf_2
f 2055//1983 2103//1983 2104//1983 2056//1983
vn -0.7530 -0.0404 -0.6567
usemtl leaf_3
f 2056//1984 2104//1984 2105//1984 2057//1984
vn -0.2933 -0.2563 -0.9210
usemtl leaf_4
f 2057//1985 2105//1985 2106//1985 2058//1985
vn -0.2027 -0.4332 -0.8782
usemtl leaf_3
f 2058//1986 2106//1986 2107//1986 2059//1986
vn 0.4722 -0.0986 -0.8760
usemtl leaf_4
f 2059//1987 2107//1987 2108//1987 2060//1987
vn 0.2540 0.3097 -0.9163
usemtl leaf_2
f 2060//1988 2108//1988 2109//1988 2061//1988
vn 0.2083 0.3793 -0.9015
usemtl leaf_3
f 2061//1989 2109//1989 2110//1989 2062//1989
vn 0.3814 -0.4326 -0.8169
f 2062//1990 2110//1990 2111//1990 2063//1990
vn 0.2894 -0.4957 -0.8189
usemtl leaf_4
f 2063//1991 2111//1991 2112//1991 2064//1991
vn 0.4772 0.1305 -0.8691
usemtl leaf_2
f 2064//1992 2112//1992 2113//1992 2065//1992
vn 0.6889 0.2425 -0.6831
usemtl leaf_3
f 2065//1993 2113//1993 2114//1993 2066//1993
vn 0.5664 0.1351 -0.8129
f 2066//1994 2114//1994 2115//1994 2067//1994
vn 0.9563 -0.2266 -0.1847
f 2067//1995 2115//1995 2116//1995 2068//1995
vn 0.8057 -0.5919 -0.0236
usemtl leaf_4
f 2068//1996 2116//1996 2117//1996 2069//1996
vn 0.8736 -0.4484 -0.1890
usemtl leaf_2
f 2069//1997 2117//1997 2118//1997 2070//1997
vn 0.9718 0.1228 -0.2012
usemtl leaf_3
f 2070//1998 2118//1998 2119//1998 2071//1998
vn 0.9743 -0.0341 -0.2227
f 2071//1999 2119//1999 2120//1999 2072//1999
vn 0.9548 -0.2972 0.0012
usemtl leaf_4
f 2072//2000 2120//2000 2121//2000 2073//2000
vn 0.7420 -0.5905 0.3174
usemtl leaf_3
f 2073//2001 2121//2001 2122//2001 2074//2001
vn 0.6167 -0.6632 0.4241
usemtl leaf_4
f 2074//2002 2122//2002 2123//2002 2075//2002
vn 0.9637 -0.2611 -0.0563
usemtl leaf_3
f 2075//2003 2123//2003 2124//2003 2076//2003
vn 0.7113 0.0402 0.7017
f 2076//2004 2124//2004 2125//2004 2077//2004
vn 0.7918 0.3538 0.4979
f 2077//2005 2125//2005 2126//2005 2078//2005
vn 0.2280 0.4034 0.8862
usemtl leaf_4
f 2078//2006 2126//2006 2127//2006 2079//2006
vn 0.1619 0.2806 0.9461
usemtl leaf_2
f 2079//2007 2127//2007 2128//2007 2080//2007
vn 0.1498 0.0142 0.9886
usemtl leaf_3
f 2080//2008 2128//2008 2129//2008 2081//2008
vn -0.0213 -0.3592 0.9330
f 2081//2009 2129//2009 2130//2009 2082//2009
vn 0.7433 -0.1154 0.6589
usemtl leaf_2
f 2082//2010 2130//2010 2131//2010 2083//2010
vn -0.0565 0.2110 0.9759
f 2083//2011 2131//2011 2132//2011 2084//2011
vn 0.3946 0.1002 0.9134
usemtl leaf_5
f 2084//2012 2132//2012 2133//2012 2085//2012
vn -0.5568 -0.3310 0.7618
usemtl leaf_4
f 2085//2013 2133//2013 2134//2013 2086//2013
vn -0.2552 -0.4159 0.8729
usemtl leaf_3
f 2086//2014 2134//2014 2135//2014 2087//2014
vn -0.6796 -0.3372 0.6515
f 2087//2015 2135//2015 2136//2015 2088//2015
vn -0.8491 -0.1367 0.5103
usemtl leaf_2
f 2088//2016 2136//2016 2137//2016 2089//2016
vn -0.3653 0.1671 0.9158
f 2089//2017 2137//2017 2138//2017 2090//2017
vn -0.5479 0.0910 0.8316
usemtl leaf_3
f 2090//2018 2138//2018 2139//2018 2091//2018
vn -0.7700 -0.0253 0.6375
usemtl leaf_5
f 2091//2019 2139//2019 2140//2019 2092//2019
vn -0.9900 0.1384 -0.0256
usemtl leaf_3
f 2092//2020 2140//2020 2141//2020 2093//2020
vn -0.8915 0.1259 0.4351
f 2093//2021 2141//2021 2142//2021 2094//2021
vn -0.9980 -0.0051 -0.0629
f 2094//2022 2142//2022 2143//2022 2095//2022
vn -0.9795 -0.0076 0.2012
f 2095//2023 2143//2023 2144//2023 2096//2023
vn -0.8304 0.0670 -0.5530
f 2096//2024 2144//2024 2097//2024 2049//2024
vn -0.8019 -0.1505 -0.5783
f 2097//2025 2145//2025 2146//2025 2098//2025
vn -0.9444 -0.3105 -0.1081
f 2098//2026 2146//2026 2147//2026 2099//2026
vn -0.8280 -0.5406 -0.1489
usemtl leaf_2
f 2099//2027 2147//2027 2148//2027 2100//2027
vn -0.8200 -0.0863 -0.5659
usemtl leaf_4
f 2100//2028 2148//2028 2149//2028 2101//2028
vn -0.6595 0.3473 -0.6667
usemtl leaf_3
f 2101//2029 2149//2029 2150//2029 2102//2029
vn -0.3609 0.1826 -0.9146
f 2102//2030 2150//2030 2151//2030 2103//2030
vn -0.7196 -0.1949 -0.6665
usemtl leaf_4
f 2103//2031 2151//2031 2152//2031 2104//2031
vn -0.4917 -0.2945 -0.8195
f 2104//2032 2152//2032 2153//2032 2105//2032
vn -0.6319 -0.1524 -0.7599
usemtl leaf_3
f 2105//2033 2153//2033 2154//2033 2106//2033
vn 0.2088 0.0646 -0.9758
usemtl leaf_5
f 2106//2034 2154//2034 2155//2034 2107//2034
vn 0.4889 0.2693 -0.8297
usemtl leaf_4
f 2107//2035 2155//2035 2156//2035 2108//2035
vn 0.2233 -0.1176 -0.9676
usemtl leaf_2
f 2108//2036 2156//2036 2157//2036 2109//2036
vn -0.0922 -0.5452 -0.8332
f 2109//2037 2157//2037 2158//2037 2110//2037
vn 0.0134 -0.5349 -0.8448
usemtl leaf_4
f 2110//2038 2158//2038 2159//2038 2111//2038
vn 0.3723 -0.6715 -0.6407
usemtl leaf_3
f 2111//2039 2159//2039 2160//2039 2112//2039
vn 0.4230 -0.7599 -0.4937
f 2112//2040 2160//2040 2161//2040 2113//2040
vn 0.8537 -0.4074 -0.3243
usemtl leaf_2
f 2113//2041 2161//2041 2162//2041 2114//2041
vn 0.6266 0.2560 -0.7361
f 2114//2042 2162//2042 2163//2042 2115//2042
vn 0.7957 0.3217 -0.5132
usemtl leaf_3
f 2115//2043 2163//2043 2164//2043 2116//2043
vn 0.9513 0.2899 -0.1049
f 2116//2044 2164//2044 2165//2044 2117//2044
vn 0.9806 0.0784 -0.1798
usemtl leaf_4
f 2117//2045 2165//2045 2166//2045 2118//2045
vn 0.8566 -0.4711 -0.2107
usemtl leaf_3
f 2118//2046 2166//2046 2167//2046 2119//2046
vn 0.9711 -0.2238 -0.0834
f 2119//2047 2167//2047 2168//2047 2120//2047
vn 0.9697 0.2402 0.0435
usemtl leaf_2
f 2120//2048 2168//2048 2169//2048 2121//2048
vn 0.9491 0.2990 0.0986
f 2121//2049 2169//2049 2170//2049 2122//2049
vn 0.9348 -0.2789 0.2198
usemtl leaf_4
f 2122//2050 2170//2050 2171//2050 2123//2050
vn 0.7879 -0.4740 0.3931
f 2123//2051 2171//2051 2172//2051 2124//2051
vn 0.5457 0.0445 0.8368
usemtl leaf_3
f 2124//2052 2172//2052 2173//2052 2125//2052
vn 0.5262 0.3839 0.7588
usemtl leaf_2
f 2125//2053 2173//2053 2174//2053 2126//2053
vn 0.4597 0.3924 0.7967
usemtl leaf_3
f 2126//2054 2174//2054 2175//2054 2127//2054
vn 0.4059 -0.0819 0.9102
f 2127//2055 2175//2055 2176//2055 2128//2055
vn 0.3903 -0.4132 0.8228
usemtl leaf_2
f 2128//2056 2176//2056 2177//2056 2129//2056
vn 0.1042 -0.4889 0.8661
f 2129//2057 2177//2057 2178//2057 2130//2057
vn 0.3717 -0.2452 0.8954
f 2130//2058 2178//2058 2179//2058 2131//2058
vn 0.1046 -0.1544 0.9825
usemtl leaf_3
f 2131//2059 2179//2059 2180//2059 2132//2059
vn 0.1086 0.1710 0.9793
usemtl leaf_2
f 2132//2060 2180//2060 2181//2060 2133//2060
vn -0.0357 0.3491 0.9364
usemtl leaf_4
f 2133//2061 2181//2061 2182//2061 2134//2061
vn -0.4381 -0.0438 0.8979
usemtl leaf_3
f 2134//2062 2182//2062 2183//2062 2135//2062
vn -0.7068 0.0623 0.7046
usemtl leaf_2
f 2135//2063 2183//2063 2184//2063 2136//2063
vn -0.8314 -0.1670 0.5301
f 2136//2064 2184//2064 2185//2064 2137//2064
vn -0.3614 -0.4181 0.8334
f 2137//2065 2185//2065 2186//2065 2138//2065
vn -0.5076 -0.3018 0.8070
usemtl leaf_3
f 2138//2066 2186//2066 2187//2066 2139//2066
vn -0.8397 -0.0739 0.5380
f 2139//2067 2187//2067 2188//2067 2140//2067
vn -0.9946 -0.0915 -0.0491
usemtl leaf_4
f 2140//2068 2188//2068 2189//2068 2141//2068
vn -0.9497 0.1444 0.2777
usemtl leaf_2
f 2141//2069 2189//2069 2190//2069 2142//2069
vn -0.9644 0.1863 0.1876
usemtl leaf_4
f 2142//2070 2190//2070 2191//2070 2143//2070
vn -0.9947 0.0990 0.0274
usemtl leaf_3
f 2143//2071 2191//2071 2192//2071 2144//2071
vn -0.8765 0.0823 -0.4743
usemtl leaf_2
f 2144//2072 2192//2072 2145//2072 2097//2072
vn -0.9678 0.1710 -0.1848
f 2145//2073 2193//2073 2194//2073 2146//2073
vn -0.9613 0.0135 -0.2752
usemtl leaf_3
f 2146//2074 2194//2074 2195//2074 2147//2074
vn -0.9002 0.4165 -0.1274
f 2147//2075 2195//2075 2196//2075 2148//2075
vn -0.5478 0.2670 -0.7929
usemtl leaf_2
f 2148//2076 2196//2076 2197//2076 2149//2076
vn -0.8884 -0.1476 -0.4346
usemtl leaf_3
f 2149//2077 2197//2077 2198//2077 2150//2077
vn -0.1777 -0.1057 -0.9784
f 2150//2078 2198//2078 2199//2078 2151//2078
vn -0.9184 0.0270 -0.3948
usemtl leaf_2
f 2151//2079 2199//2079 2200//2079 2152//2079
vn -0.1993 0.0183 -0.9798
usemtl leaf_4
f 2152//2080 2200//2080 2201//2080 2153//2080
vn -0.6868 0.1495 -0.7113
usemtl leaf_3
f 2153//2081 2201//2081 2202//2081 2154//2081
vn 0.3494 0.0252 -0.9366
usemtl leaf_4
f 2154//2082 2202//2082 2203//2082 2155//2082
vn 0.3631 -0.2284 -0.9033
usemtl leaf_3
f 2155//2083 2203//2083 2204//2083 2156//2083
vn -0.0630 -0.3470 -0.9358
usemtl leaf_4
f 2156//2084 2204//2084 2205//2084 2157//2084
vn 0.1016 0.0680 -0.9925
usemtl leaf_3
f 2157//2085 2205//2085 2206//2085 2158//2085
vn 0.0013 0.2512 -0.9679
usemtl leaf_2
f 2158//2086 2206//2086 2207//2086 2159//2086
vn 0.3118 0.2116 -0.9263
usemtl leaf_3
f 2159//2087 2207//2087 2208//2087 2160//2087
vn 0.6654 0.2789 -0.6924
usemtl leaf_4
f 2160//2088 2208//2088 2209//2088 2161//2088
vn 0.9588 0.2833 0.0214
f 2161//2089 2209//2089 2210//2089 2162//2089
vn 0.6818 0.6187 -0.3903
usemtl leaf_1
f 2162//2090 2210//2090 2211//2090 2163//2090
vn 0.4937 0.5058 -0.7074
usemtl leaf_3
f 2163//2091 2211//2091 2212//2091 2164//2091
vn 0.9215 -0.1420 -0.3615
usemtl leaf_2
f 2164//2092 2212//2092 2213//2092 2165//2092
vn 0.9428 -0.2583 -0.2105
usemtl leaf_3
f 2165//2093 2213//2093 2214//2093 2166//2093
vn 0.9247 0.1209 -0.3609
f 2166//2094 2214//2094 2215//2094 2167//2094
vn 0.9379 0.1490 0.3131
usemtl leaf_2
f 2167//2095 2215//2095 2216//2095 2168//2095
vn 0.9589 0.2565 0.1209
f 2168//2096 2216//2096 2217//2096 2169//2096
vn 0.9866 -0.0431 -0.1572
usemtl leaf_3
f 2169//2097 2217//2097 2218//2097 2170//2097
vn 0.9727 -0.2031 -0.1122
usemtl leaf_4
f 2170//2098 2218//2098 2219//2098 2171//2098
vn 0.5444 0.1525 0.8248
usemtl leaf_3
f 2171//2099 2219//2099 2220//2099 2172//2099
vn 0.5972 0.1493 0.7881
usemtl leaf_4
f 2172//2100 2220//2100 2221//2100 2173//2100
vn 0.3639 -0.0259 0.9311
usemtl leaf_3
f 2173//2101 2221//2101 2222//2101 2174//2101
vn 0.6621 0.0205 0.7491
f 2174//2102 2222//2102 2223//2102 2175//2102
vn 0.7588 -0.2590 0.5976
usemtl leaf_2
f 2175//2103 2223//2103 2224//2103 2176//2103
vn 0.3060 -0.3668 0.8786
f 2176//2104 2224//2104 2225//2104 2177//2104
vn 0.1252 -0.1683 0.9778
f 2177//2105 2225//2105 2226//2105 2178//2105
vn 0.0579 -0.0704 0.9958
usemtl leaf_3
f 2178//2106 2226//2106 2227//2106 2179//2106
vn -0.0981 0.4336 0.8957
f 2179//2107 2227//2107 2228//2107 2180//2107
vn 0.1905 0.2603 0.9465
usemtl leaf_2
f 2180//2108 2228//2108 2229//2108 2181//2108
vn -0.0616 0.0022 0.9981
f 2181//2109 2229//2109 2230//2109 2182//2109
vn -0.3387 0.3576 0.8703
usemtl leaf_3
f 2182//2110 2230//2110 2231//2110 2183//2110
vn -0.5184 -0.1155 0.8473
usemtl leaf_4
f 2183//2111 2231//2111 2232//2111 2184//2111
vn -0.6730 -0.3603 0.6460
f 2184//2112 2232//2112 2233//2112 2185//2112
vn -0.6187 -0.0235 0.7853
usemtl leaf_2
f 2185//2113 2233//2113 2234//2113 2186//2113
vn -0.6643 0.4224 0.6167
usemtl leaf_4
f 2186//2114 2234//2114 2235//2114 2187//2114
vn -0.7369 0.6211 0.2669
usemtl leaf_3
f 2187//2115 2235//2115 2236//2115 2188//2115
vn -0.7869 0.5983 0.1513
usemtl leaf_2
f 2188//2116 2236//2116 2237//2116 2189//2116
vn -0.9465 0.1568 0.2822
f 2189//2117 2237//2117 2238//2117 2190//2117
vn -0.9746 0.0896 0.2054
usemtl leaf_3
f 2190//2118 2238//2118 2239//2118 2191//2118
vn -0.9821 -0.0253 0.1866
f 2191//2119 2239//2119 2240//2119 2192//2119
vn -0.7485 0.1010 -0.6554
f 2192//2120 2240//2120 2193//2120 2145//2120
vn -0.9398 -0.0775 -0.3328
usemtl leaf_2
f 2193//2121 2241//2121 2242//2121 2194//2121
vn -0.9778 0.1255 -0.1676
f 2194//2122 2242//2122 2243//2122 2195//2122
vn -0.8505 0.0302 -0.5250
f 2195//2123 2243//2123 2244//2123 2196//2123
vn -0.8343 0.2193 -0.5058
f 2196//2124 2244//2124 2245//2124 2197//2124
vn -0.7556 0.3751 -0.5371
usemtl leaf_3
f 2197//2125 2245//2125 2246//2125 2198//2125
vn -0.2658 0.3537 -0.8968
usemtl leaf_2
f 2198//2126 2246//2126 2247//2126 2199//2126
vn -0.9268 0.0072 -0.3754
usemtl leaf_3
f 2199//2127 2247//2127 2248//2127 2200//2127
vn -0.0331 0.1704 -0.9848
f 2200//2128 2248//2128 2249//2128 2201//2128
vn -0.4245 0.5250 -0.7377
usemtl leaf_2
f 2201//2129 2249//2129 2250//2129 2202//2129
vn 0.0729 0.6062 -0.7919
usemtl leaf_3
f 2202//2130 2250//2130 2251//2130 2203//2130
vn 0.3560 0.5157 -0.7793
usemtl leaf_1
f 2203//2131 2251//2131 2252//2131 2204//2131
vn -0.0854 0.6189 -0.7808
usemtl leaf_3
f 2204//2132 2252//2132 2253//2132 2205//2132
vn 0.1393 0.3169 -0.9382
usemtl leaf_2
f 2205//2133 2253//2133 2254//2133 2206//2133
vn -0.0010 0.1677 -0.9858
f 2206//2134 2254//2134 2255//2134 2207//2134
vn 0.4363 0.4367 -0.7867
usemtl leaf_4
f 2207//2135 2255//2135 2256//2135 2208//2135
vn 0.6280 0.6703 -0.3954
f 2208//2136 2256//2136 2257//2136 2209//2136
vn 0.9070 0.3617 -0.2157
usemtl leaf_2
f 2209//2137 2257//2137 2258//2137 2210//2137
vn 0.9330 -0.1626 -0.3210
usemtl leaf_1
f 2210//2138 2258//2138 2259//2138 2211//2138
vn 0.4719 0.0067 -0.8816
usemtl leaf_3
f 2211//2139 2259//2139 2260//2139 2212//2139
vn 0.7966 0.4198 -0.4350
f 2212//2140 2260//2140 2261//2140 2213//2140
vn 0.8972 0.2055 -0.3909
usemtl leaf_2
f 2213//2141 2261//2141 2262//2141 2214//2141
vn 0.9759 0.1763 0.1287
f 2214//2142 2262//2142 2263//2142 2215//2142
vn 0.8461 0.5076 0.1625
usemtl leaf_3
f 2215//2143 2263//2143 2264//2143 2216//2143
vn 0.9961 0.0809 -0.0359
usemtl leaf_2
f 2216//2144 2264//2144 2265//2144 2217//2144
vn 0.9669 0.0692 -0.2457
f 2217//2145 2265//2145 2266//2145 2218//2145
vn 0.8112 0.5564 0.1799
f 2218//2146 2266//2146 2267//2146 2219//2146
vn 0.5063 0.4987 0.7035
usemtl leaf_3
f 2219//2147 2267//2147 2268//2147 2220//2147
vn 0.8382 0.0821 0.5392
usemtl leaf_4
f 2220//2148 2268//2148 2269//2148 2221//2148
vn 0.2594 0.0110 0.9657
usemtl leaf_2
f 2221//2149 2269//2149 2270//2149 2222//2149
vn 0.5177 0.2913 0.8044
f 2222//2150 2270//2150 2271//2150 2223//2150
vn 0.7644 0.4938 0.4146
usemtl leaf_1
f 2223//2151 2271//2151 2272//2151 2224//2151
vn 0.4116 0.3909 0.8233
usemtl leaf_2
f 2224//2152 2272//2152 2273//2152 2225//2152
vn 0.2824 -0.1529 0.9470
usemtl leaf_4
f 2225//2153 2273//2153 2274//2153 2226//2153
vn -0.1086 -0.2166 0.9702
usemtl leaf_3
f 2226//2154 2274//2154 2275//2154 2227//2154
vn -0.2801 -0.2728 0.9204
usemtl leaf_2
f 2227//2155 2275//2155 2276//2155 2228//2155
vn 0.0472 0.3017 0.9522
f 2228//2156 2276//2156 2277//2156 2229//2156
vn 0.1689 0.4319 0.8860
f 2229//2157 2277//2157 2278//2157 2230//2157
vn -0.5756 0.1297 0.8074
f 2230//2158 2278//2158 2279//2158 2231//2158
vn 0.0176 0.1738 0.9846
usemtl leaf_4
f 2231//2159 2279//2159 2280//2159 2232//2159
vn -0.8966 0.1719 0.4082
usemtl leaf_3
f 2232//2160 2280//2160 2281//2160 2233//2160
vn -0.5479 0.1462 0.8237
f 2233//2161 2281//2161 2282//2161 2234//2161
vn -0.9399 0.0565 0.3366
f 2234//2162 2282//2162 2283//2162 2235//2162
vn -0.9203 0.2844 0.2687
usemtl leaf_2
f 2235//2163 2283//2163 2284//2163 2236//2163
vn -0.8923 0.1010 0.4400
usemtl leaf_1
f 2236//2164 2284//2164 2285//2164 2237//2164
vn -0.8009 -0.0604 0.5957
usemtl leaf_3
f 2237//2165 2285//2165 2286//2165 2238//2165
vn -0.9917 -0.0391 -0.1225
f 2238//2166 2286//2166 2287//2166 2239//2166
vn -0.9026 0.3277 0.2792
usemtl leaf_2
f 2239//2167 2287//2167 2288//2167 2240//2167
vn -0.8129 -0.0525 -0.5801
f 2240//2168 2288//2168 2241//2168 2193//2168
vn -0.7842 0.0455 -0.6188
f 2241//2169 2289//2169 2290//2169 2242//2169
vn -0.9985 -0.0360 0.0407
usemtl leaf_1
f 2242//2170 2290//2170 2291//2170 2243//2170
vn -0.4360 0.3300 -0.8373
f 2243//2171 2291//2171 2292//2171 2244//2171
vn -0.8718 0.4448 -0.2054
usemtl leaf_3
f 2244//2172 2292//2172 2293//2172 2245//2172
vn -0.7497 0.1072 -0.6531
usemtl leaf_2
f 2245//2173 2293//2173 2294//2173 2246//2173
vn -0.5067 -0.0453 -0.8609
usemtl leaf_3
f 2246//2174 2294//2174 2295//2174 2247//2174
vn -0.8999 0.1383 -0.4137
usemtl leaf_2
f 2247//2175 2295//2175 2296//2175 2248//2175
vn 0.2566 0.3909 -0.8839
usemtl leaf_3
f 2248//2176 2296//2176 2297//2176 2249//2176
vn -0.3539 0.5436 -0.7611
usemtl leaf_2
f 2249//2177 2297//2177 2298//2177 2250//2177
vn -0.1894 0.2708 -0.9438
usemtl leaf_3
f 2250//2178 2298//2178 2299//2178 2251//2178
vn 0.2249 -0.1117 -0.9680
usemtl leaf_1
f 2251//2179 2299//2179 2300//2179 2252//2179
vn -0.0296 -0.3202 -0.9469
usemtl leaf_3
f 2252//2180 2300//2180 2301//2180 2253//2180
vn -0.2110 -0.3677 -0.9057
f 2253//2181 2301//2181 2302//2181 2254//2181
vn 0.3553 -0.3937 -0.8478
usemtl leaf_4
f 2254//2182 2302//2182 2303//2182 2255//2182
vn 0.7816 0.1307 -0.6099
usemtl leaf_2
f 2255//2183 2303//2183 2304//2183 2256//2183
vn 0.8314 0.2661 -0.4878
f 2256//2184 2304//2184 2305//2184 2257//2184
vn 0.6800 0.0616 -0.7306
f 2257//2185 2305//2185 2306//2185 2258//2185
vn 0.9769 0.1434 -0.1585
f 2258//2186 2306//2186 2307//2186 2259//2186
vn 0.4796 0.2148 -0.8508
f 2259//2187 2307//2187 2308//2187 2260//2187
vn 0.9426 0.0885 -0.3219
f 2260//2188 2308//2188 2309//2188 2261//2188
vn 0.8028 0.4214 -0.4218
f 2261//2189 2309//2189 2310//2189 2262//2189
vn 0.9592 0.2802 0.0364
f 2262//2190 2310//2190 2311//2190 2263//2190
vn 0.9718 -0.1512 0.1812
usemtl leaf_1
f 2263//2191 2311//2191 2312//2191 2264//2191
vn 0.9061 -0.1636 -0.3903
usemtl leaf_2
f 2264//2192 2312//2192 2313//2192 2265//2192
vn 0.9652 -0.2197 0.1415
f 2265//2193 2313//2193 2314//2193 2266//2193
vn 0.7780 0.1715 0.6043
f 2266//2194 2314//2194 2315//2194 2267//2194
vn 0.7571 0.3410 0.5572
usemtl leaf_3
f 2267//2195 2315//2195 2316//2195 2268//2195
vn 0.6187 0.5834 0.5262
usemtl leaf_1
f 2268//2196 2316//2196 2317//2196 2269//2196
vn 0.5366 0.3518 0.7670
usemtl leaf_2
f 2269//2197 2317//2197 2318//2197 2270//2197
vn 0.3097 -0.0618 0.9488
usemtl leaf_1
f 2270//2198 2318//2198 2319//2198 2271//2198
vn 0.8584 -0.0693 0.5083
f 2271//2199 2319//2199 2320//2199 2272//2199
vn 0.4483 0.0794 0.8904
usemtl leaf_2
f 2272//2200 2320//2200 2321//2200 2273//2200
vn 0.5808 0.2235 0.7827
usemtl leaf_3
f 2273//2201 2321//2201 2322//2201 2274//2201
vn -0.1996 0.0264 0.9795
usemtl leaf_2
f 2274//2202 2322//2202 2323//2202 2275//2202
vn -0.4147 0.3008 0.8588
f 2275//2203 2323//2203 2324//2203 2276//2203
vn -0.4092 0.3695 0.8343
usemtl leaf_3
f 2276//2204 2324//2204 2325//2204 2277//2204
vn 0.2200 0.5839 0.7814
usemtl leaf_2
f 2277//2205 2325//2205 2326//2205 2278//2205
vn -0.1443 0.5119 0.8468
usemtl leaf_1
f 2278//2206 2326//2206 2327//2206 2279//2206
vn -0.1013 0.1602 0.9819
usemtl leaf_2
f 2279//2207 2327//2207 2328//2207 2280//2207
vn -0.8752 0.3155 0.3668
usemtl leaf_3
f 2280//2208 2328//2208 2329//2208 2281//2208
vn -0.4991 0.4012 0.7680
usemtl leaf_2
f 2281//2209 2329//2209 2330//2209 2282//2209
vn -0.8461 0.4012 0.3509
f 2282//2210 2330//2210 2331//2210 2283//2210
vn -0.9585 0.1189 0.2591
usemtl leaf_1
f 2283//2211 2331//2211 2332//2211 2284//2211
vn -0.7988 0.1440 0.5841
f 2284//2212 2332//2212 2333//2212 2285//2212
vn -0.8328 0.3257 0.4475
usemtl leaf_2
f 2285//2213 2333//2213 2334//2213 2286//2213
vn -0.8894 0.4467 -0.0969
f 2286//2214 2334//2214 2335//2214 2287//2214
vn -0.9496 0.3099 0.0476
usemtl leaf_1
f 2287//2215 2335//2215 2336//2215 2288//2215
vn -0.9473 0.3135 -0.0654
usemtl leaf_3
f 2288//2216 2336//2216 2289//2216 2241//2216
vn -0.9267 -0.1629 -0.3386
usemtl leaf_2
f 2289//2217 2337//2217 2338//2217 2290//2217
vn -0.9466 -0.0219 -0.3217
usemtl leaf_3
f 2290//2218 2338//2218 2339//2218 2291//2218
vn -0.4904 0.0167 -0.8713
usemtl leaf_1
f 2291//2219 2339//2219 2340//2219 2292//2219
vn -0.7327 0.3699 -0.5712
usemtl leaf_2
f 2292//2220 2340//2220 2341//2220 2293//2220
vn -0.8987 0.4291 -0.0905
f 2293//2221 2341//2221 2342//2221 2294//2221
vn -0.5910 -0.0596 -0.8044
usemtl leaf_3
f 2294//2222 2342//2222 2343//2222 2295//2222
vn -0.6129 0.1867 -0.7678
usemtl leaf_2
f 2295//2223 2343//2223 2344//2223 2296//2223
vn 0.1906 0.2931 -0.9369
f 2296//2224 2344//2224 2345//2224 2297//2224
vn -0.1625 0.3864 -0.9079
f 2297//2225 2345//2225 2346//2225 2298//2225
vn -0.2974 0.6847 -0.6654
usemtl leaf_1
f 2298//2226 2346//2226 2347//2226 2299//2226
vn -0.2288 0.4597 -0.8581
usemtl leaf_2
f 2299//2227 2347//2227 2348//2227 2300//2227
vn -0.1382 0.1404 -0.9804
f 2300//2228 2348//2228 2349//2228 2301//2228
vn -0.2615 0.2524 -0.9316
usemtl leaf_3
f 2301//2229 2349//2229 2350//2229 2302//2229
vn 0.5724 0.6480 -0.5024
usemtl leaf_2
f 2302//2230 2350//2230 2351//2230 2303//2230
vn 0.7644 0.6006 -0.2344
f 2303//2231 2351//2231 2352//2231 2304//2231
vn 0.4372 0.3683 -0.8205
usemtl leaf_3
f 2304//2232 2352//2232 2353//2232 2305//2232
vn 0.7430 0.1219 -0.6581
f 2305//2233 2353//2233 2354//2233 2306//2233
vn 0.9807 0.1776 -0.0822
usemtl leaf_2
f 2306//2234 2354//2234 2355//2234 2307//2234
vn 0.5320 0.3315 -0.7792
usemtl leaf_1
f 2307//2235 2355//2235 2356//2235 2308//2235
vn 0.6816 0.7290 -0.0623
f 2308//2236 2356//2236 2357//2236 2309//2236
vn 0.6307 0.7481 -0.2065
usemtl leaf_2
f 2309//2237 2357//2237 2358//2237 2310//2237
vn 0.7087 0.5482 -0.4442
f 2310//2238 2358//2238 2359//2238 2311//2238
vn 0.8966 0.4173 0.1482
f 2311//2239 2359//2239 2360//2239 2312//2239
vn 0.8180 0.1333 -0.5595
usemtl leaf_3
f 2312//2240 2360//2240 2361//2240 2313//2240
vn 0.5369 0.5738 0.6185
f 2313//2241 2361//2241 2362//2241 2314//2241
vn 0.6242 0.6975 0.3520
usemtl leaf_2
f 2314//2242 2362//2242 2363//2242 2315//2242
vn 0.7874 0.3460 0.5101
f 2315//2243 2363//2243 2364//2243 2316//2243
vn 0.5873 0.2336 0.7750
usemtl leaf_1
f 2316//2244 2364//2244 2365//2244 2317//2244
vn 0.6573 0.4860 0.5760
usemtl leaf_3
f 2317//2245 2365//2245 2366//2245 2318//2245
vn 0.6483 0.2065 0.7329
usemtl leaf_2
f 2318//2246 2366//2246 2367//2246 2319//2246
vn 0.7183 0.0800 0.6911
usemtl leaf_1
f 2319//2247 2367//2247 2368//2247 2320//2247
vn 0.3902 0.2992 0.8708
usemtl leaf_2
f 2320//2248 2368//2248 2369//2248 2321//2248
vn 0.5310 0.2622 0.8058
usemtl leaf_3
f 2321//2249 2369//2249 2370//2249 2322//2249
vn -0.1495 0.4438 0.8836
usemtl leaf_2
f 2322//2250 2370//2250 2371//2250 2323//2250
vn -0.4257 0.0806 0.9013
usemtl leaf_3
f 2323//2251 2371//2251 2372//2251 2324//2251
vn -0.3681 0.0012 0.9298
usemtl leaf_2
f 2324//2252 2372//2252 2373//2252 2325//2252
vn -0.2953 0.2084 0.9324
usemtl leaf_1
f 2325//2253 2373//2253 2374//2253 2326//2253
vn 0.1987 0.4463 0.8726
usemtl leaf_3
f 2326//2254 2374//2254 2375//2254 2327//2254
vn -0.1088 0.5421 0.8332
usemtl leaf_2
f 2327//2255 2375//2255 2376//2255 2328//2255
vn -0.7987 0.2730 0.5362
usemtl leaf_3
f 2328//2256 2376//2256 2377//2256 2329//2256
vn -0.7645 0.3744 0.5248
usemtl leaf_1
f 2329//2257 2377//2257 2378//2257 2330//2257
vn -0.7007 0.5545 0.4490
f 2330//2258 2378//2258 2379//2258 2331//2258
vn -0.7294 0.6840 0.0106
usemtl leaf_3
f 2331//2259 2379//2259 2380//2259 2332//2259
vn -0.4671 0.7652 0.4431
usemtl leaf_1
f 2332//2260 2380//2260 2381//2260 2333//2260
vn -0.6161 0.7411 0.2667
usemtl leaf_2
f 2333//2261 2381//2261 2382//2261 2334//2261
vn -0.8649 0.2055 0.4580
f 2334//2262 2382//2262 2383//2262 2335//2262
vn -0.9753 0.0510 -0.2151
f 2335//2263 2383//2263 2384//2263 2336//2263
vn -0.9852 0.1149 0.1268
usemtl leaf_1
f 2336//2264 2384//2264 2337//2264 2289//2264
vn -0.9482 0.1125 -0.2971
usemtl leaf_2
f 2337//2265 2385//2265 2386//2265 2338//2265
vn -0.5426 0.4017 -0.7377
usemtl leaf_3
f 2338//2266 2386//2266 2387//2266 2339//2266
vn -0.5307 0.5851 -0.6131
usemtl leaf_1
f 2339//2267 2387//2267 2388//2267 2340//2267
vn -0.6930 0.0649 -0.7180
usemtl leaf_2
f 2340//2268 2388//2268 2389//2268 2341//2268
vn -0.7340 0.5228 -0.4334
f 2341//2269 2389//2269 2390//2269 2342//2269
vn -0.3291 0.9362 -0.1231
f 2342//2270 2390//2270 2391//2270 2343//2270
vn -0.0243 0.9056 -0.4234
usemtl leaf_3
f 2343//2271 2391//2271 2392//2271 2344//2271
vn -0.0116 0.8468 -0.5319
usemtl leaf_1
f 2344//2272 2392//2272 2393//2272 2345//2272
vn 0.0627 0.6867 -0.7243
usemtl leaf_0
f 2345//2273 2393//2273 2394//2273 2346//2273
vn -0.5981 0.2092 -0.7736
usemtl leaf_2
f 2346//2274 2394//2274 2395//2274 2347//2274
vn -0.1486 0.2829 -0.9476
f 2347//2275 2395//2275 2396//2275 2348//2275
vn -0.2802 0.5326 -0.7986
f 2348//2276 2396//2276 2397//2276 2349//2276
vn -0.1206 0.5264 -0.8416
usemtl leaf_3
f 2349//2277 2397//2277 2398//2277 2350//2277
vn 0.7820 0.5368 -0.3167
usemtl leaf_2
f 2350//2278 2398//2278 2399//2278 2351//2278
vn 0.5909 0.4709 -0.6550
f 2351//2279 2399//2279 2400//2279 2352//2279
vn 0.5360 0.5305 -0.6568
f 2352//2280 2400//2280 2401//2280 2353//2280
vn 0.3229 0.5291 -0.7847
f 2353//2281 2401//2281 2402//2281 2354//2281
vn 0.9919 0.1070 -0.0688
f 2354//2282 2402//2282 2403//2282 2355//2282
vn 0.7620 0.3824 -0.5227
usemtl leaf_1
f 2355//2283 2403//2283 2404//2283 2356//2283
vn 0.9453 0.1855 -0.2684
usemtl leaf_2
f 2356//2284 2404//2284 2405//2284 2357//2284
vn 0.9596 0.1060 -0.2605
f 2357//2285 2405//2285 2406//2285 2358//2285
vn 0.7955 0.5010 -0.3407
usemtl leaf_1
f 2358//2286 2406//2286 2407//2286 2359//2286
vn 0.8801 0.2528 -0.4020
usemtl leaf_3
f 2359//2287 2407//2287 2408//2287 2360//2287
vn 0.8881 0.1944 -0.4165
usemtl leaf_2
f 2360//2288 2408//2288 2409//2288 2361//2288
vn 0.3141 0.3783 0.8708
usemtl leaf_3
f 2361//2289 2409//2289 2410//2289 2362//2289
vn 0.6603 0.7457 0.0886
usemtl leaf_1
f 2362//2290 2410//2290 2411//2290 2363//2290
vn 0.6901 0.6944 0.2038
f 2363//2291 2411//2291 2412//2291 2364//2291
vn 0.7960 0.2996 0.5260
usemtl leaf_3
f 2364//2292 2412//2292 2413//2292 2365//2292
vn 0.5178 0.0490 0.8541
usemtl leaf_1
f 2365//2293 2413//2293 2414//2293 2366//2293
vn 0.9135 0.1210 0.3885
usemtl leaf_2
f 2366//2294 2414//2294 2415//2294 2367//2294
vn 0.1123 0.3958 0.9114
usemtl leaf_1
f 2367//2295 2415//2295 2416//2295 2368//2295
vn 0.1576 0.8320 0.5319
usemtl leaf_2
f 2368//2296 2416//2296 2417//2296 2369//2296
vn 0.2465 0.9107 0.3315
usemtl leaf_1
f 2369//2297 2417//2297 2418//2297 2370//2297
vn 0.3662 0.5845 0.7240
usemtl leaf_3
f 2370//2298 2418//2298 2419//2298 2371//2298
vn -0.2593 0.2149 0.9416
usemtl leaf_2
f 2371//2299 2419//2299 2420//2299 2372//2299
vn -0.4772 0.1859 0.8589
f 2372//2300 2420//2300 2421//2300 2373//2300
vn -0.2428 0.0521 0.9687
f 2373//2301 2421//2301 2422//2301 2374//2301
vn -0.2664 0.1570 0.9510
f 2374//2302 2422//2302 2423//2302 2375//2302
vn -0.2055 0.7192 0.6637
f 2375//2303 2423//2303 2424//2303 2376//2303
vn -0.2384 0.6410 0.7296
usemtl leaf_3
f 2376//2304 2424//2304 2425//2304 2377//2304
vn -0.8990 0.2225 0.3773
usemtl leaf_2
f 2377//2305 2425//2305 2426//2305 2378//2305
vn -0.8365 0.3801 0.3946
usemtl leaf_1
f 2378//2306 2426//2306 2427//2306 2379//2306
vn -0.9135 0.3926 -0.1072
usemtl leaf_2
f 2379//2307 2427//2307 2428//2307 2380//2307
vn -0.6105 0.4144 0.6750
usemtl leaf_1
f 2380//2308 2428//2308 2429//2308 2381//2308
vn -0.8041 0.1213 0.5820
f 2381//2309 2429//2309 2430//2309 2382//2309
vn -0.7734 0.2850 0.5662
f 2382//2310 2430//2310 2431//2310 2383//2310
vn -0.8784 0.3856 -0.2824
usemtl leaf_2
f 2383//2311 2431//2311 2432//2311 2384//2311
vn -0.9313 0.1082 0.3479
f 2384//2312 2432//2312 2385//2312 2337//2312
vn -0.6972 0.7162 0.0307
usemtl leaf_0
f 2385//2313 2433//2313 2434//2313 2386//2313
vn -0.4197 0.3164 -0.8507
usemtl leaf_2
f 2386//2314 2434//2314 2435//2314 2387//2314
vn -0.8878 0.1464 -0.4364
f 2387//2315 2435//2315 2436//2315 2388//2315
vn -0.7021 0.2944 -0.6484
f 2388//2316 2436//2316 2437//2316 2389//2316
vn -0.1721 0.3983 -0.9010
f 2389//2317 2437//2317 2438//2317 2390//2317
vn -0.7284 0.4036 -0.5536
usemtl leaf_0
f 2390//2318 2438//2318 2439//2318 2391//2318
vn -0.1932 0.5422 -0.8177
usemtl leaf_1
f 2391//2319 2439//2319 2440//2319 2392//2319
vn 0.0289 0.7105 -0.7031
usemtl leaf_0
f 2392//2320 2440//2320 2441//2320 2393//2320
vn -0.5746 0.4781 -0.6642
usemtl leaf_2
f 2393//2321 2441//2321 2442//2321 2394//2321
vn -0.4160 0.6101 -0.6743
f 2394//2322 2442//2322 2443//2322 2395//2322
vn -0.4696 0.4761 -0.7435
usemtl leaf_3
f 2395//2323 2443//2323 2444//2323 2396//2323
vn -0.1458 0.0599 -0.9875
usemtl leaf_2
f 2396//2324 2444//2324 2445//2324 2397//2324
vn 0.2710 0.5157 -0.8128
usemtl leaf_0
f 2397//2325 2445//2325 2446//2325 2398//2325
vn 0.7950 0.5885 -0.1472
usemtl leaf_2
f 2398//2326 2446//2326 2447//2326 2399//2326
vn 0.0591 0.6859 -0.7252
f 2399//2327 2447//2327 2448//2327 2400//2327
vn 0.7447 0.4709 -0.4730
f 2400//2328 2448//2328 2449//2328 2401//2328
vn 0.2100 0.5786 -0.7881
usemtl leaf_1
f 2401//2329 2449//2329 2450//2329 2402//2329
vn 0.7744 0.5015 -0.3858
usemtl leaf_2
f 2402//2330 2450//2330 2451//2330 2403//2330
vn 0.9398 0.3295 0.0906
usemtl leaf_0
f 2403//2331 2451//2331 2452//2331 2404//2331
vn 0.4281 0.8060 -0.4088
f 2404//2332 2452//2332 2453//2332 2405//2332
vn 0.6889 0.7160 -0.1130
usemtl leaf_1
f 2405//2333 2453//2333 2454//2333 2406//2333
vn 0.8313 0.4922 -0.2582
usemtl leaf_2
f 2406//2334 2454//2334 2455//2334 2407//2334
vn 0.6551 0.3950 -0.6440
f 2407//2335 2455//2335 2456//2335 2408//2335
vn 0.7002 0.7137 -0.0199
usemtl leaf_1
f 2408//2336 2456//2336 2457//2336 2409//2336
vn 0.2548 0.4899 0.8337
usemtl leaf_2
f 2409//2337 2457//2337 2458//2337 2410//2337
vn 0.7677 0.5691 0.2946
f 2410//2338 2458//2338 2459//2338 2411//2338
vn 0.8291 0.5578 0.0385
f 2411//2339 2459//2339 2460//2339 2412//2339
vn 0.7149 0.6577 0.2374
usemtl leaf_3
f 2412//2340 2460//2340 2461//2340 2413//2340
vn 0.2488 0.7259 0.6412
usemtl leaf_2
f 2413//2341 2461//2341 2462//2341 2414//2341
vn 0.8410 0.5212 0.1453
usemtl leaf_1
f 2414//2342 2462//2342 2463//2342 2415//2342
vn -0.2539 0.4998 0.8281
usemtl leaf_3
f 2415//2343 2463//2343 2464//2343 2416//2343
vn 0.1729 0.5503 0.8169
usemtl leaf_2
f 2416//2344 2464//2344 2465//2344 2417//2344
vn 0.3283 0.4801 0.8135
usemtl leaf_1
f 2417//2345 2465//2345 2466//2345 2418//2345
vn 0.5808 0.6787 0.4494
f 2418//2346 2466//2346 2467//2346 2419//2346
vn -0.2887 0.8290 0.4789
usemtl leaf_2
f 2419//2347 2467//2347 2468//2347 2420//2347
vn 0.0752 0.5018 0.8617
f 2420//2348 2468//2348 2469//2348 2421//2348
vn -0.5783 0.4652 0.6702
f 2421//2349 2469//2349 2470//2349 2422//2349
vn -0.1187 0.7033 0.7009
usemtl leaf_1
f 2422//2350 2470//2350 2471//2350 2423//2350
vn -0.6776 0.5237 0.5163
usemtl leaf_0
f 2423//2351 2471//2351 2472//2351 2424//2351
vn -0.0273 0.8362 0.5478
usemtl leaf_1
f 2424//2352 2472//2352 2473//2352 2425//2352
vn -0.3225 0.8435 0.4295
usemtl leaf_2
f 2425//2353 2473//2353 2474//2353 2426//2353
vn -0.8587 0.4454 0.2533
usemtl leaf_1
f 2426//2354 2474//2354 2475//2354 2427//2354
vn -0.9395 0.3413 -0.0296
f 2427//2355 2475//2355 2476//2355 2428//2355
vn -0.6934 0.4679 0.5480
usemtl leaf_2
f 2428//2356 2476//2356 2477//2356 2429//2356
vn -0.3723 0.7832 0.4980
usemtl leaf_1
f 2429//2357 2477//2357 2478//2357 2430//2357
vn -0.4604 0.8211 0.3374
usemtl leaf_2
f 2430//2358 2478//2358 2479//2358 2431//2358
vn -0.7242 0.6725 0.1529
usemtl leaf_3
f 2431//2359 2479//2359 2480//2359 2432//2359
vn -0.6710 0.6978 0.2508
usemtl leaf_2
f 2432//2360 2480//2360 2433//2360 2385//2360
vn -0.3596 0.8530 0.3782
usemtl leaf_0
f 2433//2361 2481//2361 2482//2361 2434//2361
vn -0.3481 0.7817 -0.5175
f 2434//2362 2482//2362 2483//2362 2435//2362
vn -0.5030 0.8044 -0.3162
f 2435//2363 2483//2363 2484//2363 2436//2363
vn -0.1408 0.8308 -0.5385
f 2436//2364 2484//2364 2485//2364 2437//2364
vn -0.1006 0.7515 -0.6520
f 2437//2365 2485//2365 2486//2365 2438//2365
vn 0.0002 0.9218 -0.3877
usemtl leaf_1
f 2438//2366 2486//2366 2487//2366 2439//2366
vn -0.1606 0.9605 -0.2271
usemtl leaf_2
f 2439//2367 2487//2367 2488//2367 2440//2367
vn -0.2133 0.5873 -0.7808
f 2440//2368 2488//2368 2489//2368 2441//2368
vn -0.8318 0.1986 -0.5184
usemtl leaf_0
f 2441//2369 2489//2369 2490//2369 2442//2369
vn -0.1481 0.0418 -0.9881
f 2442//2370 2490//2370 2491//2370 2443//2370
vn -0.2961 0.5281 -0.7959
f 2443//2371 2491//2371 2492//2371 2444//2371
vn 0.0524 0.9981 -0.0321
f 2444//2372 2492//2372 2493//2372 2445//2372
vn 0.1344 0.9902 -0.0370
f 2445//2373 2493//2373 2494//2373 2446//2373
vn 0.6400 0.7222 -0.2621
f 2446//2374 2494//2374 2495//2374 2447//2374
vn 0.1794 0.7568 -0.6286
f 2447//2375 2495//2375 2496//2375 2448//2375
vn 0.2275 0.7344 -0.6394
f 2448//2376 2496//2376 2497//2376 2449//2376
vn 0.6148 0.6631 -0.4269
f 2449//2377 2497//2377 2498//2377 2450//2377
vn 0.2153 0.6993 -0.6816
f 2450//2378 2498//2378 2499//2378 2451//2378
vn 0.9080 0.3792 0.1784
f 2451//2379 2499//2379 2500//2379 2452//2379
vn 0.8961 0.2154 -0.3881
f 2452//2380 2500//2380 2501//2380 2453//2380
vn 0.8487 0.4805 -0.2210
f 2453//2381 2501//2381 2502//2381 2454//2381
vn 0.6868 0.7056 -0.1746
f 2454//2382 2502//2382 2503//2382 2455//2382
vn 0.3623 0.8309 -0.4224
f 2455//2383 2503//2383 2504//2383 2456//2383
vn 0.4058 0.9024 -0.1449
f 2456//2384 2504//2384 2505//2384 2457//2384
vn 0.3879 0.5212 0.7601
f 2457//2385 2505//2385 2506//2385 2458//2385
vn 0.6326 0.6637 0.3992
f 2458//2386 2506//2386 2507//2386 2459//2386
vn 0.8256 0.5530 -0.1121
f 2459//2387 2507//2387 2508//2387 2460//2387
vn 0.6682 0.6114 0.4239
f 2460//2388 2508//2388 2509//2388 2461//2388
vn 0.7452 0.3392 0.5741
f 2461//2389 2509//2389 2510//2389 2462//2389
vn 0.8670 0.2932 0.4028
usemtl leaf_1
f 2462//2390 2510//2390 2511//2390 2463//2390
vn 0.0224 0.2388 0.9708
usemtl leaf_0
f 2463//2391 2511//2391 2512//2391 2464//2391
vn 0.3299 0.0919 0.9395
f 2464//2392 2512//2392 2513//2392 2465//2392
vn -0.2599 0.4716 0.8426
f 2465//2393 2513//2393 2514//2393 2466//2393
vn 0.2465 0.8806 0.4048
f 2466//2394 2514//2394 2515//2394 2467//2394
vn 0.3831 0.6117 0.6921
f 2467//2395 2515//2395 2516//2395 2468//2395
vn 0.1462 0.4902 0.8592
f 2468//2396 2516//2396 2517//2396 2469//2396
vn -0.6273 0.4484 0.6367
f 2469//2397 2517//2397 2518//2397 2470//2397
vn -0.4963 0.5838 0.6426
f 2470//2398 2518//2398 2519//2398 2471//2398
vn -0.4915 0.8691 0.0560
f 2471//2399 2519//2399 2520//2399 2472//2399
vn -0.2418 0.9415 0.2349
f 2472//2400 2520//2400 2521//2400 2473//2400
vn 0.1564 0.7713 0.6170
f 2473//2401 2521//2401 2522//2401 2474//2401
vn -0.5206 0.8192 0.2405
f 2474//2402 2522//2402 2523//2402 2475//2402
vn -0.8108 0.2856 0.5109
f 2475//2403 2523//2403 2524//2403 2476//2403
vn -0.9812 0.1577 0.1111
f 2476//2404 2524//2404 2525//2404 2477//2404
vn -0.8072 0.5811 0.1036
f 2477//2405 2525//2405 2526//2405 2478//2405
vn -0.4934 0.5091 0.7053
f 2478//2406 2526//2406 2527//2406 2479//2406
vn -0.6905 0.7202 -0.0672
f 2479//2407 2527//2407 2528//2407 2480//2407
vn -0.3160 0.9467 -0.0621
f 2480//2408 2528//2408 2481//2408 2433//2408
vn -0.6892 0.7107 0.1410
f 2481//2409 2529//2409 2530//2409 2482//2409
vn -0.6983 0.7102 0.0896
f 2482//2410 2530//2410 2531//2410 2483//2410
vn -0.6873 0.4186 -0.5936
f 2483//2411 2531//2411 2532//2411 2484//2411
vn -0.4217 0.3832 -0.8218
f 2484//2412 2532//2412 2533//2412 2485//2412
vn -0.3193 0.4644 -0.8261
f 2485//2413 2533//2413 2534//2413 2486//2413
vn 0.0664 0.3845 -0.9207
f 2486//2414 2534//2414 2535//2414 2487//2414
vn -0.5933 0.5981 -0.5387
f 2487//2415 2535//2415 2536//2415 2488//2415
vn -0.7807 0.4602 -0.4227
f 2488//2416 2536//2416 2537//2416 2489//2416
vn -0.6615 0.5817 -0.4733
f 2489//2417 2537//2417 2538//2417 2490//2417
vn -0.5734 0.7249 -0.3818
f 2490//2418 2538//2418 2539//2418 2491//2418
vn 0.6779 0.5611 -0.4750
f 2491//2419 2539//2419 2540//2419 2492//2419
vn 0.5327 0.7626 -0.3670
f 2492//2420 2540//2420 2541//2420 2493//2420
vn 0.0190 0.9541 -0.2990
f 2493//2421 2541//2421 2542//2421 2494//2421
vn 0.0515 0.9357 -0.3490
f 2494//2422 2542//2422 2543//2422 2495//2422
vn 0.1550 0.6341 -0.7576
f 2495//2423 2543//2423 2544//2423 2496//2423
vn 0.1655 0.4545 -0.8752
f 2496//2424 2544//2424 2545//2424 2497//2424
vn 0.7866 0.5795 -0.2132
f 2497//2425 2545//2425 2546//2425 2498//2425
vn 0.2950 0.8414 -0.4528
f 2498//2426 2546//2426 2547//2426 2499//2426
vn 0.4776 0.8673 -0.1405
f 2499//2427 2547//2427 2548//2427 2500//2427
vn 0.6423 0.6699 -0.3724
f 2500//2428 2548//2428 2549//2428 2501//2428
vn 0.8925 0.3129 -0.3250
f 2501//2429 2549//2429 2550//2429 2502//2429
vn 0.9851 0.1472 -0.0892
f 2502//2430 2550//2430 2551//2430 2503//2430
vn 0.6212 0.5394 0.5684
f 2503//2431 2551//2431 2552//2431 2504//2431
vn 0.3684 0.7165 -0.5925
f 2504//2432 2552//2432 2553//2432 2505//2432
vn 0.5885 0.6326 0.5034
f 2505//2433 2553//2433 2554//2433 2506//2433
vn 0.7093 0.4127 0.5715
f 2506//2434 2554//2434 2555//2434 2507//2434
vn 0.8616 0.5002 -0.0863
f 2507//2435 2555//2435 2556//2435 2508//2435
vn 0.2349 0.8064 0.5428
f 2508//2436 2556//2436 2557//2436 2509//2436
vn 0.3197 0.9434 -0.0882
f 2509//2437 2557//2437 2558//2437 2510//2437
vn 0.5039 0.8592 -0.0890
usemtl leaf_1
f 2510//2438 2558//2438 2559//2438 2511//2438
vn 0.2482 0.8160 0.5220
usemtl leaf_0
f 2511//2439 2559//2439 2560//2439 2512//2439
vn -0.0741 0.7611 0.6444
f 2512//2440 2560//2440 2561//2440 2513//2440
vn -0.4360 0.5099 0.7415
f 2513//2441 2561//2441 2562//2441 2514//2441
vn 0.3715 0.2707 0.8881
f 2514//2442 2562//2442 2563//2442 2515//2442
vn 0.5373 0.3419 0.7710
f 2515//2443 2563//2443 2564//2443 2516//2443
vn -0.0400 0.5544 0.8313
f 2516//2444 2564//2444 2565//2444 2517//2444
vn -0.2901 0.3885 0.8746
f 2517//2445 2565//2445 2566//2445 2518//2445
vn -0.8143 0.2599 0.5190
f 2518//2446 2566//2446 2567//2446 2519//2446
vn -0.9156 0.2685 0.2993
f 2519//2447 2567//2447 2568//2447 2520//2447
vn -0.6432 0.7288 0.2349
f 2520//2448 2568//2448 2569//2448 2521//2448
vn 0.2483 0.6586 0.7103
f 2521//2449 2569//2449 2570//2449 2522//2449
vn -0.2400 0.5379 0.8081
f 2522//2450 2570//2450 2571//2450 2523//2450
vn -0.5017 0.4627 0.7309
f 2523//2451 2571//2451 2572//2451 2524//2451
vn -0.8585 0.4676 -0.2106
f 2524//2452 2572//2452 2573//2452 2525//2452
vn -0.8747 0.4541 -0.1696
f 2525//2453 2573//2453 2574//2453 2526//2453
vn -0.4311 0.7520 0.4985
f 2526//2454 2574//2454 2575//2454 2527//2454
vn -0.6338 0.6240 0.4571
f 2527//2455 2575//2455 2576//2455 2528//2455
vn -0.8070 0.2589 -0.5308
f 2528//2456 2576//2456 2529//2456 2481//2456
vn -0.3511 0.9250 0.1452
f 2529//2457 2577//2457 2578//2457 2530//2457
vn -0.4293 0.8459 0.3165
f 2530//2458 2578//2458 2579//2458 2531//2458
vn -0.0384 0.9940 -0.1022
f 2531//2459 2579//2459 2580//2459 2532//2459
vn -0.0835 0.9153 -0.3941
f 2532//2460 2580//2460 2581//2460 2533//2460
vn 0.1959 0.7422 -0.6408
f 2533//2461 2581//2461 2582//2461 2534//2461
vn 0.2213 0.7818 -0.5829
f 2534//2462 2582//2462 2583//2462 2535//2462
vn -0.1217 0.8809 -0.4575
f 2535//2463 2583//2463 2584//2463 2536//2463
vn -0.8684 0.4943 0.0389
f 2536//2464 2584//2464 2585//2464 2537//2464
vn -0.2879 0.7314 -0.6182
f 2537//2465 2585//2465 2586//2465 2538//2465
vn -0.5324 0.7863 -0.3133
f 2538//2466 2586//2466 2587//2466 2539//2466
vn 0.5703 0.7404 -0.3559
f 2539//2467 2587//2467 2588//2467 2540//2467
vn 0.7974 0.5679 -0.2041
f 2540//2468 2588//2468 2589//2468 2541//2468
vn -0.3061 0.6974 -0.6480
f 2541//2469 2589//2469 2590//2469 2542//2469
vn -0.0206 0.4288 -0.9031
f 2542//2470 2590//2470 2591//2470 2543//2470
vn 0.0352 0.5788 -0.8147
f 2543//2471 2591//2471 2592//2471 2544//2471
vn 0.2517 0.9568 -0.1458
f 2544//2472 2592//2472 2593//2472 2545//2472
vn 0.2609 0.9495 -0.1742
f 2545//2473 2593//2473 2594//2473 2546//2473
vn 0.5892 0.7316 -0.3429
f 2546//2474 2594//2474 2595//2474 2547//2474
vn 0.5331 0.7368 -0.4159
f 2547//2475 2595//2475 2596//2475 2548//2475
vn 0.4552 0.7043 -0.5448
f 2548//2476 2596//2476 2597//2476 2549//2476
vn 0.3493 0.8555 -0.3823
f 2549//2477 2597//2477 2598//2477 2550//2477
vn 0.2616 0.9612 0.0873
f 2550//2478 2598//2478 2599//2478 2551//2478
vn 0.2883 0.5054 0.8133
f 2551//2479 2599//2479 2600//2479 2552//2479
vn 0.1600 0.9636 -0.2142
f 2552//2480 2600//2480 2601//2480 2553//2480
vn 0.0445 0.9112 -0.4095
f 2553//2481 2601//2481 2602//2481 2554//2481
vn 0.1930 0.9506 0.2432
f 2554//2482 2602//2482 2603//2482 2555//2482
vn 0.5295 0.8311 -0.1700
f 2555//2483 2603//2483 2604//2483 2556//2483
vn 0.1032 0.7623 0.6390
f 2556//2484 2604//2484 2605//2484 2557//2484
vn 0.4584 0.7885 0.4099
f 2557//2485 2605//2485 2606//2485 2558//2485
vn 0.4383 0.8923 -0.1083
f 2558//2486 2606//2486 2607//2486 2559//2486
vn 0.1808 0.9775 -0.1084
f 2559//2487 2607//2487 2608//2487 2560//2487
vn -0.0235 0.9386 0.3442
f 2560//2488 2608//2488 2609//2488 2561//2488
vn -0.3188 0.7589 0.5678
f 2561//2489 2609//2489 2610//2489 2562//2489
vn 0.4717 0.8251 0.3109
f 2562//2490 2610//2490 2611//2490 2563//2490
vn 0.1230 0.9640 0.2358
f 2563//2491 2611//2491 2612//2491 2564//2491
vn 0.1163 0.9880 0.1020
f 2564//2492 2612//2492 2613//2492 2565//2492
vn 0.0000 1.0000 0.0000
f 2565//2493 2613//2493 2614//2493 2566//2493
vn -0.3255 0.9436 0.0603
f 2566//2494 2614//2494 2615//2494 2567//2494
vn -0.8444 0.5330 0.0538
f 2567//2495 2615//2495 2616//2495 2568//2495
vn -0.8906 0.3602 0.2776
f 2568//2496 2616//2496 2617//2496 2569//2496
vn -0.0220 0.3825 0.9237
f 2569//2497 2617//2497 2618//2497 2570//2497
vn 0.0405 0.6260 0.7787
f 2570//2498 2618//2498 2619//2498 2571//2498
vn -0.1928 0.9221 0.3356
f 2571//2499 2619//2499 2620//2499 2572//2499
vn -0.5349 0.8286 -0.1652
f 2572//2500 2620//2500 2621//2500 2573//2500
vn -0.7830 0.6215 -0.0270
f 2573//2501 2621//2501 2622//2501 2574//2501
vn -0.8928 0.4494 0.0295
f 2574//2502 2622//2502 2623//2502 2575//2502
vn -0.3524 0.7586 0.5481
f 2575//2503 2623//2503 2624//2503 2576//2503
vn 0.0879 0.8651 -0.4938
f 2576//2504 2624//2504 2577//2504 2529//2504
vn -0.3650 0.8983 0.2448
f 2577//2505 2625//2505 2626//2505 2578//2505
vn -0.0127 0.9999 0.0059
f 2578//2506 2626//2506 2627//2506 2579//2506
vn -0.0042 1.0000 0.0025
f 2579//2507 2627//2507 2628//2507 2580//2507
vn 0.0000 1.0000 0.0000
f 2580//2508 2628//2508 2629//2508 2581//2508
vn 0.1462 0.8441 -0.5158
f 2581//2509 2629//2509 2630//2509 2582//2509
vn -0.1767 0.6531 -0.7364
f 2582//2510 2630//2510 2631//2510 2583//2510
vn -0.5005 0.4694 -0.7274
f 2583//2511 2631//2511 2632//2511 2584//2511
vn -0.7370 0.6607 -0.1424
f 2584//2512 2632//2512 2633//2512 2585//2512
vn 0.0000 1.0000 0.0000
f 2585//2513 2633//2513 2634//2513 2586//2513
vn 0.0000 1.0000 0.0000
f 2586//2514 2634//2514 2635//2514 2587//2514
vn 0.0379 0.9990 0.0248
f 2587//2515 2635//2515 2636//2515 2588//2515
vn 0.6734 0.6952 -0.2513
f 2588//2516 2636//2516 2637//2516 2589//2516
vn -0.3816 0.6721 -0.6346
f 2589//2517 2637//2517 2638//2517 2590//2517
vn -0.1397 0.9777 -0.1570
f 2590//2518 2638//2518 2639//2518 2591//2518
vn 0.0000 1.0000 -0.0000
f 2591//2519 2639//2519 2640//2519 2592//2519
vn 0.3365 0.9389 0.0730
f 2592//2520 2640//2520 2641//2520 2593//2520
vn -0.0727 0.9412 -0.3300
f 2593//2521 2641//2521 2642//2521 2594//2521
vn 0.0255 0.9995 -0.0186
f 2594//2522 2642//2522 2643//2522 2595//2522
vn 0.0305 0.9990 -0.0330
f 2595//2523 2643//2523 2644//2523 2596//2523
vn 0.0077 0.9992 -0.0390
f 2596//2524 2644//2524 2645//2524 2597//2524
vn 0.0000 1.0000 -0.0000
f 2597//2525 2645//2525 2646//2525 2598//2525
vn 0.0000 1.0000 0.0000
f 2598//2526 2646//2526 2647//2526 2599//2526
vn 0.1915 0.7959 0.5744
f 2599//2527 2647//2527 2648//2527 2600//2527
vn 0.6916 0.6641 0.2841
f 2600//2528 2648//2528 2649//2528 2601//2528
vn 0.5579 0.8235 -0.1024
f 2601//2529 2649//2529 2650//2529 2602//2529
vn 0.3047 0.9133 -0.2702
f 2602//2530 2650//2530 2651//2530 2603//2530
vn 0.2975 0.9512 -0.0823
f 2603//2531 2651//2531 2652//2531 2604//2531
vn 0.0056 0.9770 0.2130
f 2604//2532 2652//2532 2653//2532 2605//2532
vn 0.1798 0.9701 0.1633
f 2605//2533 2653//2533 2654//2533 2606//2533
vn 0.1873 0.9293 0.3184
f 2606//2534 2654//2534 2655//2534 2607//2534
vn 0.3220 0.9467 0.0128
f 2607//2535 2655//2535 2656//2535 2608//2535
vn 0.0000 1.0000 0.0000
f 2608//2536 2656//2536 2657//2536 2609//2536
vn -0.1248 0.9855 0.1146
f 2609//2537 2657//2537 2658//2537 2610//2537
vn 0.1309 0.9892 0.0662
f 2610//2538 2658//2538 2659//2538 2611//2538
vn 0.0000 1.0000 0.0000
f 2611//2539 2659//2539 2660//2539 2612//2539
vn 0.0000 1.0000 -0.0000
f 2612//2540 2660//2540 2661//2540 2613//2540
vn 0.0000 1.0000 0.0000
f 2613//2541 2661//2541 2662//2541 2614//2541
vn 0.0000 1.0000 -0.0000
f 2614//2542 2662//2542 2663//2542 2615//2542
vn -0.3870 0.8904 -0.2398
f 2615//2543 2663//2543 2664//2543 2616//2543
vn -0.0648 0.9633 0.2604
f 2616//2544 2664//2544 2665//2544 2617//2544
vn -0.1382 0.8860 0.4427
f 2617//2545 2665//2545 2666//2545 2618//2545
vn 0.0748 0.9521 0.2966
f 2618//2546 2666//2546 2667//2546 2619//2546
vn 0.0000 1.0000 0.0000
f 2619//2547 2667//2547 2668//2547 2620//2547
vn 0.0000 1.0000 0.0000
f 2620//2548 2668//2548 2669//2548 2621//2548
vn 0.0000 1.0000 -0.0000
f 2621//2549 2669//2549 2670//2549 2622//2549
vn 0.0000 1.0000 -0.0000
f 2622//2550 2670//2550 2671//2550 2623//2550
vn -0.0820 0.9884 -0.1280
f 2623//2551 2671//2551 2672//2551 2624//2551
vn -0.3857 0.8461 -0.3680
f 2624//2552 2672//2552 2625//2552 2577//2552
vn 0.0000 1.0000 -0.0000
f 2625//2553 2673//2553 2674//2553 2626//2553
vn 0.0000 1.0000 0.0000
f 2626//2554 2674//2554 2675//2554 2627//2554
vn 0.0000 1.0000 -0.0000
f 2627//2555 2675//2555 2676//2555 2628//2555
vn 0.0000 1.0000 -0.0000
f 2628//2556 2676//2556 2677//2556 2629//2556
vn 0.0000 1.0000 -0.0000
f 2629//2557 2677//2557 2678//2557 2630//2557
vn 0.0000 1.0000 0.0000
f 2630//2558 2678//2558 2679//2558 2631//2558
vn 0.0000 1.0000 0.0000
f 2631//2559 2679//2559 2680//2559 2632//2559
vn 0.0000 1.0000 0.0000
f 2632//2560 2680//2560 2681//2560 2633//2560
vn 0.0000 1.0000 0.0000
f 2633//2561 2681//2561 2682//2561 2634//2561
vn 0.0000 1.0000 0.0000
f 2634//2562 2682//2562 2683//2562 2635//2562
vn 0.0917 0.9952 -0.0349
f 2635//2563 2683//2563 2684//2563 2636//2563
vn -0.0768 0.9960 -0.0464
f 2636//2564 2684//2564 2685//2564 2637//2564
vn 0.0000 1.0000 -0.0000
f 2637//2565 2685//2565 2686//2565 2638//2565
vn 0.0000 1.0000 0.0000
f 2638//2566 2686//2566 2687//2566 2639//2566
vn 0.0000 1.0000 0.0000
f 2639//2567 2687//2567 2688//2567 2640//2567
vn 0.0000 1.0000 0.0000
f 2640//2568 2688//2568 2689//2568 2641//2568
vn 0.0000 1.0000 0.0000
f 2641//2569 2689//2569 2690//2569 2642//2569
vn 0.0000 1.0000 -0.0000
f 2642//2570 2690//2570 2691//2570 2643//2570
vn 0.0000 1.0000 -0.0000
f 2643//2571 2691//2571 2692//2571 2644//2571
vn 0.0000 1.0000 0.0000
f 2644//2572 2692//2572 2693//2572 2645//2572
vn 0.0000 1.0000 0.0000
f 2645//2573 2693//2573 2694//2573 2646//2573
vn 0.0000 1.0000 -0.0000
f 2646//2574 2694//2574 2695//2574 2647//2574
vn 0.0506 0.9933 0.1041
f 2647//2575 2695//2575 2696//2575 2648//2575
vn 0.0580 0.9940 -0.0932
f 2648//2576 2696//2576 2697//2576 2649//2576
vn 0.0989 0.9228 0.3723
f 2649//2577 2697//2577 2698//2577 2650//2577
vn 0.2957 0.9145 -0.2761
f 2650//2578 2698//2578 2699//2578 2651//2578
vn 0.0000 1.0000 0.0000
f 2651//2579 2699//2579 2700//2579 2652//2579
vn 0.0000 1.0000 0.0000
f 2652//2580 2700//2580 2701//2580 2653//2580
vn 0.0000 1.0000 0.0000
f 2653//2581 2701//2581 2702//2581 2654//2581
vn 0.0000 1.0000 -0.0000
f 2654//2582 2702//2582 2703//2582 2655//2582
vn 0.0000 1.0000 0.0000
f 2655//2583 2703//2583 2704//2583 2656//2583
vn 0.0000 1.0000 0.0000
f 2656//2584 2704//2584 2705//2584 2657//2584
vn 0.0000 1.0000 -0.0000
f 2657//2585 2705//2585 2706//2585 2658//2585
vn 0.0000 1.0000 0.0000
f 2658//2586 2706//2586 2707//2586 2659//2586
vn 0.0000 1.0000 -0.0000
f 2659//2587 2707//2587 2708//2587 2660//2587
vn 0.0000 1.0000 0.0000
f 2660//2588 2708//2588 2709//2588 2661//2588
vn 0.0000 1.0000 0.0000
f 2661//2589 2709//2589 2710//2589 2662//2589
vn 0.0000 1.0000 0.0000
f 2662//2590 2710//2590 2711//2590 2663//2590
vn -0.4284 0.9020 -0.0531
f 2663//2591 2711//2591 2712//2591 2664//2591
vn 0.2199 0.8894 0.4009
f 2664//2592 2712//2592 2713//2592 2665//2592
vn 0.0000 1.0000 0.0000
f 2665//2593 2713//2593 2714//2593 2666//2593
vn 0.0000 1.0000 0.0000
f 2666//2594 2714//2594 2715//2594 2667//2594
vn 0.0000 1.0000 -0.0000
f 2667//2595 2715//2595 2716//2595 2668//2595
vn 0.0000 1.0000 0.0000
f 2668//2596 2716//2596 2717//2596 2669//2596
vn 0.0000 1.0000 -0.0000
f 2669//2597 2717//2597 2718//2597 2670//2597
vn 0.0000 1.0000 -0.0000
f 2670//2598 2718//2598 2719//2598 2671//2598
vn 0.0000 1.0000 0.0000
f 2671//2599 2719//2599 2720//2599 2672//2599
vn 0.0000 1.0000 -0.0000
f 2672//2600 2720//2600 2673//2600 2625//2600
vn 0.0000 1.0000 -0.0000
f 2673//2601 2721//2601 2722//2601 2674//2601
vn 0.0000 1.0000 0.0000
f 2674//2602 2722//2602 2723//2602 2675//2602
vn 0.0000 1.0000 -0.0000
f 2675//2603 2723//2603 2724//2603 2676//2603
vn 0.0000 1.0000 0.0000
f 2676//2604 2724//2604 2725//2604 2677//2604
vn 0.0000 1.0000 -0.0000
f 2677//2605 2725//2605 2726//2605 2678//2605
vn 0.0000 1.0000 0.0000
f 2678//2606 2726//2606 2727//2606 2679//2606
vn 0.0000 1.0000 0.0000
f 2679//2607 2727//2607 2728//2607 2680//2607
vn 0.0000 1.0000 -0.0000
f 2680//2608 2728//2608 2729//2608 2681//2608
vn 0.0000 1.0000 -0.0000
f 2681//2609 2729//2609 2730//2609 2682//2609
vn 0.0000 1.0000 0.0000
f 2682//2610 2730//2610 2731//2610 2683//2610
vn 0.0000 1.0000 0.0000
f 2683//2611 2731//2611 2732//2611 2684//2611
vn 0.0000 1.0000 0.0000
f 2684//2612 2732//2612 2733//2612 2685//2612
vn 0.0000 1.0000 0.0000
f 2685//2613 2733//2613 2734//2613 2686//2613
vn 0.0000 1.0000 0.0000
f 2686//2614 2734//2614 2735//2614 2687//2614
vn 0.0000 1.0000 -0.0000
f 2687//2615 2735//2615 2736//2615 2688//2615
vn 0.0000 1.0000 0.0000
f 2688//2616 2736//2616 2737//2616 2689//2616
vn 0.0000 1.0000 -0.0000
f 2689//2617 2737//2617 2738//2617 2690//2617
vn 0.0000 1.0000 0.0000
f 2690//2618 2738//2618 2739//2618 2691//2618
vn 0.0000 1.0000 0.0000
f 2691//2619 2739//2619 2740//2619 2692//2619
vn 0.0000 1.0000 -0.0000
f 2692//2620 2740//2620 2741//2620 2693//2620
vn 0.0000 1.0000 0.0000
f 2693//2621 2741//2621 2742//2621 2694//2621
vn 0.0000 1.0000 0.0000
f 2694//2622 2742//2622 2743//2622 2695//2622
vn 0.0000 1.0000 -0.0000
f 2695//2623 2743//2623 2744//2623 2696//2623
vn 0.0000 1.0000 0.0000
f 2696//2624 2744//2624 2745//2624 2697//2624
vn 0.0000 1.0000 0.0000
f 2697//2625 2745//2625 2746//2625 2698//2625
vn 0.0000 1.0000 0.0000
f 2698//2626 2746//2626 2747//2626 2699//2626
vn 0.0000 1.0000 -0.0000
f 2699//2627 2747//2627 2748//2627 2700//2627
vn 0.0000 1.0000 0.0000
f 2700//2628 2748//2628 2749//2628 2701//2628
vn 0.0000 1.0000 0.0000
f 2701//2629 2749//2629 2750//2629 2702//2629
vn 0.0000 1.0000 -0.0000
f 2702//2630 2750//2630 2751//2630 2703//2630
vn 0.0000 1.0000 0.0000
f 2703//2631 2751//2631 2752//2631 2704//2631
vn 0.0000 1.0000 -0.0000
f 2704//2632 2752//2632 2753//2632 2705//2632
vn 0.0000 1.0000 0.0000
f 2705//2633 2753//2633 2754//2633 2706//2633
vn 0.0000 1.0000 0.0000
f 2706//2634 2754//2634 2755//2634 2707//2634
vn 0.0000 1.0000 0.0000
f 2707//2635 2755//2635 2756//2635 2708//2635
vn 0.0000 1.0000 0.0000
f 2708//2636 2756//2636 2757//2636 2709//2636
vn 0.0000 1.0000 0.0000
f 2709//2637 2757//2637 2758//2637 2710//2637
vn 0.0000 1.0000 0.0000
f 2710//2638 2758//2638 2759//2638 2711//2638
vn 0.0000 1.0000 0.0000
f 2711//2639 2759//2639 2760//2639 2712//2639
vn 0.0000 1.0000 0.0000
f 2712//2640 2760//2640 2761//2640 2713//2640
vn 0.0000 1.0000 0.0000
f 2713//2641 2761//2641 2762//2641 2714//2641
vn 0.0000 1.0000 -0.0000
f 2714//2642 2762//2642 2763//2642 2715//2642
vn 0.0000 1.0000 0.0000
f 2715//2643 2763//2643 2764//2643 2716//2643
vn 0.0000 1.0000 0.0000
f 2716//2644 2764//2644 2765//2644 2717//2644
vn 0.0000 1.0000 0.0000
f 2717//2645 2765//2645 2766//2645 2718//2645
vn 0.0000 1.0000 -0.0000
f 2718//2646 2766//2646 2767//2646 2719//2646
vn 0.0000 1.0000 0.0000
f 2719//2647 2767//2647 2768//2647 2720//2647
vn 0.0000 1.0000 0.0000
f 2720//2648 2768//2648 2721//2648 2673//2648
vn 0.0000 1.0000 0.0000
f 2721//2649 2769//2649 2770//2649 2722//2649
vn 0.0000 1.0000 -0.0000
f 2722//2650 2770//2650 2771//2650 2723//2650
vn 0.0000 1.0000 0.0000
f 2723//2651 2771//2651 2772//2651 2724//2651
vn 0.0000 1.0000 -0.0000
f 2724//2652 2772//2652 2773//2652 2725//2652
vn 0.0000 1.0000 0.0000
f 2725//2653 2773//2653 2774//2653 2726//2653
vn 0.0000 1.0000 0.0000
f 2726//2654 2774//2654 2775//2654 2727//2654
vn 0.0000 1.0000 0.0000
f 2727//2655 2775//2655 2776//2655 2728//2655
vn 0.0000 1.0000 -0.0000
f 2728//2656 2776//2656 2777//2656 2729//2656
vn 0.0000 1.0000 0.0000
f 2729//2657 2777//2657 2778//2657 2730//2657
vn 0.0000 1.0000 0.0000
f 2730//2658 2778//2658 2779//2658 2731//2658
vn 0.0000 1.0000 0.0000
f 2731//2659 2779//2659 2780//2659 2732//2659
vn 0.0000 1.0000 0.0000
f 2732//2660 2780//2660 2781//2660 2733//2660
vn 0.0000 1.0000 -0.0000
f 2733//2661 2781//2661 2782//2661 2734//2661
vn 0.0000 1.0000 -0.0000
f 2734//2662 2782//2662 2783//2662 2735//2662
vn 0.0000 1.0000 0.0000
f 2735//2663 2783//2663 2784//2663 2736//2663
vn 0.0000 1.0000 0.0000
f 2736//2664 2784//2664 2785//2664 2737//2664
vn 0.0000 1.0000 0.0000
f 2737//2665 2785//2665 2786//2665 2738//2665
vn 0.0000 1.0000 0.0000
f 2738//2666 2786//2666 2787//2666 2739//2666
vn 0.0000 1.0000 -0.0000
f 2739//2667 2787//2667 2788//2667 2740//2667
vn 0.0000 1.0000 0.0000
f 2740//2668 2788//2668 2789//2668 2741//2668
vn 0.0000 1.0000 -0.0000
f 2741//2669 2789//2669 2790//2669 2742//2669
vn 0.0000 1.0000 0.0000
f 2742//2670 2790//2670 2791//2670 2743//2670
vn 0.0000 1.0000 -0.0000
f 2743//2671 2791//2671 2792//2671 2744//2671
vn 0.0000 1.0000 0.0000
f 2744//2672 2792//2672 2793//2672 2745//2672
vn 0.0000 1.0000 0.0000
f 2745//2673 2793//2673 2794//2673 2746//2673
vn 0.0000 1.0000 0.0000
f 2746//2674 2794//2674 2795//2674 2747//2674
vn 0.0000 1.0000 0.0000
f 2747//2675 2795//2675 2796//2675 2748//2675
vn 0.0000 1.0000 -0.0000
f 2748//2676 2796//2676 2797//2676 2749//2676
vn 0.0000 1.0000 -0.0000
f 2749//2677 2797//2677 2798//2677 2750//2677
vn 0.0000 1.0000 0.0000
f 2750//2678 2798//2678 2799//2678 2751//2678
vn 0.0000 1.0000 -0.0000
f 2751//2679 2799//2679 2800//2679 2752//2679
vn 0.0000 1.0000 -0.0000
f 2752//2680 2800//2680 2801//2680 2753//2680
vn 0.0000 1.0000 0.0000
f 2753//2681 2801//2681 2802//2681 2754//2681
vn 0.0000 1.0000 0.0000
f 2754//2682 2802//2682 2803//2682 2755//2682
vn 0.0000 1.0000 0.0000
f 2755//2683 2803//2683 2804//2683 2756//2683
vn 0.0000 1.0000 0.0000
f 2756//2684 2804//2684 2805//2684 2757//2684
vn 0.0000 1.0000 0.0000
f 2757//2685 2805//2685 2806//2685 2758//2685
vn 0.0000 1.0000 0.0000
f 2758//2686 2806//2686 2807//2686 2759//2686
vn 0.0000 1.0000 -0.0000
f 2759//2687 2807//2687 2808//2687 2760//2687
vn 0.0000 1.0000 0.0000
f 2760//2688 2808//2688 2809//2688 2761//2688
vn 0.0000 1.0000 -0.0000
f 2761//2689 2809//2689 2810//2689 2762//2689
vn 0.0000 1.0000 0.0000
f 2762//2690 2810//2690 2811//2690 2763//2690
vn 0.0000 1.0000 0.0000
f 2763//2691 2811//2691 2812//2691 2764//2691
vn 0.0000 1.0000 0.0000
f 2764//2692 2812//2692 2813//2692 2765//2692
vn 0.0000 1.0000 -0.0000
usemtl leaf_1
f 2765//2693 2813//2693 2814//2693 2766//2693
vn 0.0000 1.0000 0.0000
usemtl leaf_0
f 2766//2694 2814//2694 2815//2694 2767//2694
vn 0.0000 1.0000 0.0000
f 2767//2695 2815//2695 2816//2695 2768//2695
vn 0.0000 1.0000 -0.0000
f 2768//2696 2816//2696 2769//2696 2721//2696
vn 0.0000 1.0000 -0.0000
f 2769//2697 2817//2697 2818//2697 2770//2697
vn 0.0000 1.0000 0.0000
f 2770//2698 2818//2698 2819//2698 2771//2698
vn 0.0000 1.0000 -0.0000
f 2771//2699 2819//2699 2820//2699 2772//2699
vn 0.0000 1.0000 0.0000
f 2772//2700 2820//2700 2821//2700 2773//2700
vn 0.0000 1.0000 0.0000
f 2773//2701 2821//2701 2822//2701 2774//2701
vn 0.0000 1.0000 0.0000
f 2774//2702 2822//2702 2823//2702 2775//2702
vn 0.0000 1.0000 0.0000
f 2775//2703 2823//2703 2824//2703 2776//2703
vn 0.0000 1.0000 -0.0000
f 2776//2704 2824//2704 2825//2704 2777//2704
vn 0.0000 1.0000 0.0000
f 2777//2705 2825//2705 2826//2705 2778//2705
vn 0.0000 1.0000 0.0000
f 2778//2706 2826//2706 2827//2706 2779//2706
vn 0.0000 1.0000 0.0000
f 2779//2707 2827//2707 2828//2707 2780//2707
vn 0.0000 1.0000 0.0000
f 2780//2708 2828//2708 2829//2708 2781//2708
vn 0.0000 1.0000 0.0000
f 2781//2709 2829//2709 2830//2709 2782//2709
vn 0.0000 1.0000 -0.0000
f 2782//2710 2830//2710 2831//2710 2783//2710
vn 0.0000 1.0000 -0.0000
f 2783//2711 2831//2711 2832//2711 2784//2711
vn 0.0000 1.0000 0.0000
f 2784//2712 2832//2712 2833//2712 2785//2712
vn 0.0000 1.0000 -0.0000
f 2785//2713 2833//2713 2834//2713 2786//2713
vn 0.0000 1.0000 0.0000
f 2786//2714 2834//2714 2835//2714 2787//2714
vn 0.0000 1.0000 -0.0000
f 2787//2715 2835//2715 2836//2715 2788//2715
vn 0.0000 1.0000 0.0000
f 2788//2716 2836//2716 2837//2716 2789//2716
vn 0.0000 1.0000 0.0000
f 2789//2717 2837//2717 2838//2717 2790//2717
vn 0.0000 1.0000 -0.0000
f 2790//2718 2838//2718 2839//2718 2791//2718
vn 0.0000 1.0000 -0.0000
f 2791//2719 2839//2719 2840//2719 2792//2719
vn 0.0000 1.0000 0.0000
f 2792//2720 2840//2720 2841//2720 2793//2720
vn 0.0000 1.0000 -0.0000
f 2793//2721 2841//2721 2842//2721 2794//2721
vn 0.0000 1.0000 0.0000
f 2794//2722 2842//2722 2843//2722 2795//2722
vn 0.0000 1.0000 -0.0000
f 2795//2723 2843//2723 2844//2723 2796//2723
vn 0.0000 1.0000 0.0000
f 2796//2724 2844//2724 2845//2724 2797//2724
vn 0.0000 1.0000 0.0000
f 2797//2725 2845//2725 2846//2725 2798//2725
vn 0.0000 1.0000 0.0000
f 2798//2726 2846//2726 2847//2726 2799//2726
vn 0.0000 1.0000 -0.0000
f 2799//2727 2847//2727 2848//2727 2800//2727
vn 0.0000 1.0000 0.0000
f 2800//2728 2848//2728 2849//2728 2801//2728
vn 0.0000 1.0000 0.0000
f 2801//2729 2849//2729 2850//2729 2802//2729
vn 0.0000 1.0000 0.0000
f 2802//2730 2850//2730 2851//2730 2803//2730
vn 0.0000 1.0000 0.0000
f 2803//2731 2851//2731 2852//2731 2804//2731
vn 0.0000 1.0000 0.0000
f 2804//2732 2852//2732 2853//2732 2805//2732
vn 0.0000 1.0000 0.0000
f 2805//2733 2853//2733 2854//2733 2806//2733
vn 0.0000 1.0000 -0.0000
f 2806//2734 2854//2734 2855//2734 2807//2734
vn 0.0000 1.0000 0.0000
f 2807//2735 2855//2735 2856//2735 2808//2735
vn 0.0000 1.0000 -0.0000
f 2808//2736 2856//2736 2857//2736 2809//2736
vn 0.0000 1.0000 0.0000
f 2809//2737 2857//2737 2858//2737 2810//2737
vn 0.0000 1.0000 -0.0000
f 2810//2738 2858//2738 2859//2738 2811//2738
vn 0.0000 1.0000 0.0000
f 2811//2739 2859//2739 2860//2739 2812//2739
vn 0.0000 1.0000 -0.0000
f 2812//2740 2860//2740 2861//2740 2813//2740
vn 0.0000 1.0000 0.0000
f 2813//2741 2861//2741 2862//2741 2814//2741
vn 0.0000 1.0000 0.0000
f 2814//2742 2862//2742 2863//2742 2815//2742
vn 0.0000 1.0000 -0.0000
f 2815//2743 2863//2743 2864//2743 2816//2743
vn 0.0000 1.0000 0.0000
f 2816//2744 2864//2744 2817//2744 2769//2744
vn 0.8318 0.0000 0.5551
usemtl trunk
f 2865//2745 2867//2745 2868//2745 2866//2745
vn 0.1956 0.0000 0.9807
f 2867//2746 2869//2746 2870//2746 2868//2746
vn -0.5551 0.0000 0.8318
f 2869//2747 2871//2747 2872//2747 2870//2747
vn -0.9807 0.0000 0.1956
f 2871//2748 2873//2748 2874//2748 2872//2748
vn -0.8318 0.0000 -0.5551
f 2873//2749 2875//2749 2876//2749 2874//2749
vn -0.1956 0.0000 -0.9807
f 2875//2750 2877//2750 2878//2750 2876//2750
vn 0.5551 0.0000 -0.8318
f 2877//2751 2879//2751 2880//2751 2878//2751
vn 0.9807 0.0000 -0.1956
f 2879//2752 2865//2752 2866//2752 2880//2752
vn 0.0000 1.0000 -0.0000
f 2881//2753 2867//2753 2865//2753
vn 0.0000 -1.0000 0.0000
f 2882//2754 2866//2754 2868//2754
vn 0.0000 1.0000 -0.0000
f 2881//2755 2869//2755 2867//2755
vn 0.0000 -1.0000 0.0000
f 2882//2756 2868//2756 2870//2756
vn 0.0000 1.0000 -0.0000
f 2881//2757 2871//2757 2869//2757
vn 0.0000 -1.0000 0.0000
f 2882//2758 2870//2758 2872//2758
vn 0.0000 1.0000 0.0000
f 2881//2759 2873//2759 2871//2759
vn 0.0000 -1.0000 0.0000
f 2882//2760 2872//2760 2874//2760
vn 0.0000 1.0000 0.0000
f 2881//2761 2875//2761 2873//2761
vn 0.0000 -1.0000 -0.0000
f 2882//2762 2874//2762 2876//2762
vn 0.0000 1.0000 0.0000
f 2881//2763 2877//2763 2875//2763
vn 0.0000 -1.0000 0.0000
f 2882//2764 2876//2764 2878//2764
vn 0.0000 1.0000 0.0000
f 2881//2765 2879//2765 2877//2765
vn 0.0000 -1.0000 0.0000
f 2882//2766 2878//2766 2880//2766
vn 0.0000 1.0000 0.0000
f 2881//2767 2865//2767 2879//2767
vn 0.0000 -1.0000 0.0000
f 2882//2768 2880//2768 2866//2768
o bush_dome_2
v 7.9262 0.8965 -0.2413
v 7.9262 0.8946 -0.2413
v 7.9262 0.8811 -0.2413
v 7.9262 0.8952 -0.2413
v 7.9262 0.8954 -0.2413
v 7.9262 0.9073 -0.2413
v 7.9262 0.9204 -0.2413
v 7.9262 0.8886 -0.2413
v 7.9262 0.8905 -0.2413
v 7.9262 0.8875 -0.2413
v 7.9262 0.8795 -0.2413
v 7.9262 0.8899 -0.2413
v 7.9262 0.8939 -0.2413
v 7.9262 0.9133 -0.2413
v 7.9262 0.8934 -0.2413
v 7.9262 0.8972 -0.2413
v 7.9262 0.9005 -0.2413
v 7.9262 0.8910 -0.2413
v 7.9262 0.8965 -0.2413
v 7.9262 0.8732 -0.2413
v 7.9262 0.8892 -0.2413
v 7.9262 0.8864 -0.2413
v 7.9262 0.8985 -0.2413
v 7.9262 0.8960 -0.2413
v 7.9262 0.9130 -0.2413
v 7.9262 0.9001 -0.2413
v 7.9262 0.9109 -0.2413
v 7.9262 0.8949 -0.2413
v 7.9262 0.9018 -0.2413
v 7.9262 0.8880 -0.2413
v 7.9262 0.8859 -0.2413
v 7.9262 0.8876 -0.2413
v 7.9262 0.8948 -0.2413
v 7.9262 0.8994 -0.2413
v 7.9262 0.8921 -0.2413
v 7.9262 0.8769 -0.2413
v 7.9262 0.8937 -0.2413
v 7.9262 0.9033 -0.2413
v 7.9262 0.9046 -0.2413
v 7.9262 0.8960 -0.2413
v 7.9262 0.8955 -0.2413
v 7.9262 0.8892 -0.2413
v 7.9262 0.9036 -0.2413
v 7.9262 0.9051 -0.2413
v 7.9262 0.8997 -0.2413
v 7.9262 0.8973 -0.2413
v 7.9262 0.8938 -0.2413
v 7.9262 0.8965 -0.2413
v 7.9487 0.8891 -0.2858
v 7.9534 0.8741 -0.2811
v 7.9592 0.8862 -0.2782
v 7.9650 0.9008 -0.2746
v 7.9697 0.9087 -0.2697
v 7.9716 0.8937 -0.2631
v 7.9740 0.8941 -0.2570
v 7.9741 0.8790 -0.2503
v 7.9748 0.8783 -0.2440
v 7.9758 0.8881 -0.2375
v 7.9762 0.9008 -0.2308
v 7.9740 0.8966 -0.2245
v 7.9701 0.8834 -0.2191
v 7.9670 0.8859 -0.2134
v 7.9640 0.8985 -0.2074
v 7.9598 0.9061 -0.2021
v 7.9539 0.8975 -0.1988
v 7.9477 0.8882 -0.1964
v 7.9415 0.8825 -0.1946
v 7.9353 0.8838 -0.1929
v 7.9289 0.8871 -0.1917
v 7.9224 0.8838 -0.1922
v 7.9158 0.8927 -0.1921
v 7.9096 0.8901 -0.1942
v 7.9029 0.9044 -0.1954
v 7.8968 0.9094 -0.1983
v 7.8910 0.9148 -0.2021
v 7.8880 0.8932 -0.2085
v 7.8830 0.9044 -0.2131
v 7.8827 0.8736 -0.2205
v 7.8791 0.8857 -0.2259
v 7.8767 0.8935 -0.2320
v 7.8753 0.8987 -0.2385
v 7.8745 0.9067 -0.2452
v 7.8773 0.8896 -0.2516
v 7.8793 0.8870 -0.2578
v 7.8831 0.8739 -0.2631
v 7.8859 0.8791 -0.2688
v 7.8895 0.8834 -0.2742
v 7.8921 0.9121 -0.2810
v 7.8978 0.9082 -0.2848
v 7.9043 0.8960 -0.2869
v 7.9102 0.9035 -0.2902
v 7.9171 0.8803 -0.2894
v 7.9235 0.8851 -0.2907
v 7.9300 0.8960 -0.2918
v 7.9363 0.8839 -0.2895
v 7.9430 0.8966 -0.2891
v 7.9697 0.8683 -0.3273
v 7.9818 0.8779 -0.3226
v 7.9937 0.8903 -0.3167
v 8.0025 0.8874 -0.3068
v 8.0099 0.8848 -0.2960
v 8.0159 0.8823 -0.2844
v 8.0180 0.8691 -0.2714
v 8.0238 0.8814 -0.2596
v 8.0248 0.8792 -0.2467
v 8.0286 0.8968 -0.2335
v 8.0233 0.8812 -0.2209
v 8.0209 0.8867 -0.2080
v 8.0136 0.8756 -0.1970
v 8.0068 0.8738 -0.1862
v 8.0004 0.8830 -0.1748
v 7.9919 0.8892 -0.1646
v 7.9820 0.8940 -0.1558
v 7.9707 0.8983 -0.1484
v 7.9568 0.8770 -0.1478
v 7.9447 0.8876 -0.1424
v 7.9317 0.8867 -0.1410
v 7.9188 0.8665 -0.1455
v 7.9062 0.8719 -0.1462
v 7.8935 0.8779 -0.1483
v 7.8802 0.8920 -0.1506
v 7.8694 0.8868 -0.1583
v 7.8557 0.9102 -0.1626
v 7.8466 0.9066 -0.1730
v 7.8413 0.8904 -0.1859
v 7.8373 0.8780 -0.1987
v 7.8348 0.8668 -0.2114
v 7.8317 0.8668 -0.2236
v 7.8245 0.8926 -0.2357
v 7.8266 0.8840 -0.2489
v 7.8267 0.8919 -0.2622
v 7.8317 0.8851 -0.2745
v 7.8375 0.8820 -0.2862
v 7.8473 0.8644 -0.2953
v 7.8526 0.8792 -0.3073
v 7.8595 0.8954 -0.3190
v 7.8692 0.9039 -0.3286
v 7.8825 0.8886 -0.3323
v 7.8954 0.8795 -0.3353
v 7.9080 0.8779 -0.3382
v 7.9210 0.8620 -0.3362
v 7.9336 0.8748 -0.3389
v 7.9464 0.8780 -0.3378
v 7.9595 0.8872 -0.3362
v 7.9937 0.8729 -0.3746
v 8.0082 0.8606 -0.3612
v 8.0288 0.8858 -0.3558
v 8.0402 0.8757 -0.3392
v 8.0509 0.8718 -0.3228
v 8.0527 0.8460 -0.3020
v 8.0636 0.8587 -0.2863
v 8.0689 0.8604 -0.2681
v 8.0783 0.8819 -0.2496
v 8.0832 0.8970 -0.2293
v 8.0751 0.8811 -0.2100
v 8.0645 0.8646 -0.1927
v 8.0551 0.8585 -0.1760
v 8.0448 0.8559 -0.1602
v 8.0344 0.8609 -0.1443
v 8.0238 0.8744 -0.1275
v 8.0092 0.8806 -0.1140
v 7.9897 0.8655 -0.1088
v 7.9735 0.8807 -0.0968
v 7.9539 0.8761 -0.0934
v 7.9344 0.8768 -0.0908
v 7.9148 0.8710 -0.0930
v 7.8968 0.8530 -0.1016
v 7.8786 0.8549 -0.1061
v 7.8608 0.8589 -0.1122
v 7.8399 0.8830 -0.1152
v 7.8224 0.8910 -0.1255
v 7.8109 0.8802 -0.1424
v 7.8003 0.8755 -0.1592
v 7.7963 0.8568 -0.1790
v 7.7861 0.8668 -0.1954
v 7.7811 0.8674 -0.2141
v 7.7756 0.8771 -0.2331
v 7.7733 0.8845 -0.2530
v 7.7795 0.8744 -0.2721
v 7.7842 0.8760 -0.2912
v 7.7924 0.8745 -0.3091
v 7.8074 0.8564 -0.3225
v 7.8176 0.8621 -0.3386
v 7.8286 0.8740 -0.3550
v 7.8441 0.8751 -0.3670
v 7.8601 0.8827 -0.3790
v 7.8791 0.8777 -0.3848
v 7.8992 0.8627 -0.3848
v 7.9184 0.8483 -0.3822
v 7.9374 0.8673 -0.3884
v 7.9577 0.8851 -0.3915
v 7.9771 0.8855 -0.3862
v 8.0134 0.8458 -0.4136
v 8.0365 0.8509 -0.4027
v 8.0567 0.8512 -0.3870
v 8.0734 0.8478 -0.3677
v 8.0851 0.8386 -0.3450
v 8.0895 0.8201 -0.3197
v 8.1078 0.8416 -0.3008
v 8.1142 0.8420 -0.2766
v 8.1308 0.8715 -0.2525
v 8.1294 0.8690 -0.2258
v 8.1221 0.8613 -0.2001
v 8.1054 0.8391 -0.1783
v 8.0936 0.8340 -0.1565
v 8.0836 0.8407 -0.1336
v 8.0689 0.8426 -0.1134
v 8.0512 0.8434 -0.0956
v 8.0325 0.8490 -0.0784
v 8.0107 0.8506 -0.0652
v 7.9869 0.8499 -0.0560
v 7.9626 0.8550 -0.0473
v 7.9371 0.8595 -0.0422
v 7.9118 0.8353 -0.0536
v 7.8879 0.8306 -0.0592
v 7.8625 0.8434 -0.0602
v 7.8402 0.8394 -0.0717
v 7.8154 0.8526 -0.0793
v 7.7953 0.8522 -0.0953
v 7.7711 0.8702 -0.1082
v 7.7579 0.8627 -0.1315
v 7.7488 0.8537 -0.1562
v 7.7442 0.8423 -0.1817
v 7.7348 0.8493 -0.2054
v 7.7382 0.8353 -0.2310
v 7.7339 0.8452 -0.2560
v 7.7315 0.8585 -0.2822
v 7.7411 0.8524 -0.3063
v 7.7530 0.8480 -0.3290
v 7.7649 0.8507 -0.3516
v 7.7832 0.8433 -0.3694
v 7.7994 0.8491 -0.3890
v 7.8179 0.8565 -0.4071
v 7.8391 0.8635 -0.4228
v 7.8639 0.8606 -0.4313
v 7.8900 0.8519 -0.4339
v 7.9156 0.8461 -0.4342
v 7.9411 0.8526 -0.4370
v 7.9666 0.8539 -0.4339
v 7.9924 0.8604 -0.4298
v 8.0372 0.8354 -0.4604
v 8.0664 0.8402 -0.4465
v 8.0913 0.8385 -0.4256
v 8.1094 0.8284 -0.3986
v 8.1242 0.8203 -0.3706
v 8.1341 0.8105 -0.3411
v 8.1512 0.8206 -0.3150
v 8.1616 0.8252 -0.2855
v 8.1763 0.8434 -0.2550
v 8.1694 0.8325 -0.2227
v 8.1651 0.8328 -0.1911
v 8.1518 0.8247 -0.1620
v 8.1421 0.8295 -0.1319
v 8.1234 0.8243 -0.1064
v 8.0960 0.8062 -0.0891
v 8.0763 0.8104 -0.0663
v 8.0560 0.8220 -0.0424
v 8.0310 0.8300 -0.0228
v 8.0033 0.8391 -0.0057
v 7.9716 0.8367 0.0009
v 7.9392 0.8247 -0.0024
v 7.9082 0.8187 -0.0064
v 7.8789 0.8088 -0.0166
v 7.8498 0.8101 -0.0239
v 7.8186 0.8226 -0.0290
v 7.7916 0.8233 -0.0445
v 7.7623 0.8352 -0.0584
v 7.7428 0.8287 -0.0839
v 7.7196 0.8370 -0.1065
v 7.7069 0.8314 -0.1361
v 7.7047 0.8145 -0.1688
v 7.6907 0.8253 -0.1971
v 7.6864 0.8262 -0.2282
v 7.6891 0.8223 -0.2594
v 7.6943 0.8209 -0.2900
v 7.6943 0.8356 -0.3228
v 7.7071 0.8353 -0.3523
v 7.7322 0.8177 -0.3740
v 7.7522 0.8153 -0.3972
v 7.7741 0.8151 -0.4185
v 7.7994 0.8126 -0.4355
v 7.8239 0.8201 -0.4545
v 7.8522 0.8222 -0.4672
v 7.8818 0.8264 -0.4774
v 7.9132 0.8199 -0.4773
v 7.9447 0.8329 -0.4848
v 7.9762 0.8316 -0.4795
v 8.0070 0.8323 -0.4713
v 8.0576 0.8081 -0.5008
v 8.0889 0.8047 -0.4793
v 8.1110 0.7899 -0.4476
v 8.1377 0.7922 -0.4228
v 8.1560 0.7867 -0.3914
v 8.1732 0.7860 -0.3599
v 8.1957 0.7986 -0.3296
v 8.1959 0.7865 -0.2920
v 8.2111 0.8009 -0.2569
v 8.2094 0.7991 -0.2197
v 8.2083 0.8047 -0.1820
v 8.2008 0.8084 -0.1448
v 8.1821 0.8029 -0.1117
v 8.1517 0.7850 -0.0871
v 8.1288 0.7836 -0.0597
v 8.1004 0.7775 -0.0383
v 8.0795 0.7945 -0.0064
v 8.0453 0.7878 0.0070
v 8.0138 0.7958 0.0262
v 7.9778 0.7938 0.0339
v 7.9414 0.7931 0.0377
v 7.9048 0.7952 0.0390
v 7.8685 0.7941 0.0329
v 7.8322 0.7981 0.0259
v 7.7995 0.7942 0.0087
v 7.7730 0.7825 -0.0174
v 7.7417 0.7890 -0.0355
v 7.7187 0.7852 -0.0633
v 7.6902 0.7962 -0.0873
v 7.6680 0.8021 -0.1174
v 7.6548 0.8011 -0.1524
v 7.6513 0.7933 -0.1897
v 7.6449 0.7961 -0.2259
v 7.6463 0.7947 -0.2627
v 7.6505 0.7960 -0.2992
v 7.6602 0.7963 -0.3348
v 7.6775 0.7922 -0.3673
v 7.6900 0.8018 -0.4028
v 7.7196 0.7903 -0.4264
v 7.7434 0.7946 -0.4542
v 7.7798 0.7778 -0.4655
v 7.8049 0.7942 -0.4940
v 7.8397 0.7910 -0.5053
v 7.8731 0.8038 -0.5240
v 7.9101 0.8107 -0.5338
v 7.9474 0.7927 -0.5196
v 7.9834 0.7916 -0.5137
v 8.0171 0.7864 -0.5001
v 8.0733 0.7672 -0.5317
v 8.1066 0.7610 -0.5052
v 8.1414 0.7640 -0.4815
v 8.1557 0.7432 -0.4383
v 8.1895 0.7556 -0.4132
v 8.2172 0.7643 -0.3810
v 8.2341 0.7656 -0.3422
v 8.2355 0.7559 -0.2994
v 8.2371 0.7524 -0.2583
v 8.2370 0.7528 -0.2176
v 8.2399 0.7620 -0.1754
v 8.2363 0.7705 -0.1323
v 8.2199 0.7711 -0.0925
v 8.1838 0.7531 -0.0651
v 8.1541 0.7468 -0.0371
v 8.1307 0.7553 -0.0029
v 8.0991 0.7577 0.0237
v 8.0614 0.7537 0.0405
v 8.0245 0.7571 0.0589
v 7.9851 0.7606 0.0724
v 7.9439 0.7663 0.0829
v 7.9016 0.7639 0.0802
v 7.8602 0.7623 0.0727
v 7.8233 0.7511 0.0513
v 7.7846 0.7543 0.0381
v 7.7540 0.7458 0.0105
v 7.7206 0.7489 -0.0119
v 7.6909 0.7510 -0.0394
v 7.6523 0.7688 -0.0625
v 7.6329 0.7669 -0.1006
v 7.6174 0.7665 -0.1402
v 7.6137 0.7592 -0.1826
v 7.6166 0.7510 -0.2243
v 7.6130 0.7552 -0.2652
v 7.6169 0.7573 -0.3063
v 7.6349 0.7497 -0.3437
v 7.6356 0.7674 -0.3885
v 7.6571 0.7675 -0.4253
v 7.6890 0.7598 -0.4538
v 7.7235 0.7522 -0.4774
v 7.7588 0.7470 -0.4977
v 7.7910 0.7535 -0.5230
v 7.8285 0.7550 -0.5396
v 7.8655 0.7703 -0.5642
v 7.9079 0.7761 -0.5749
v 7.9516 0.7766 -0.5749
v 7.9920 0.7618 -0.5549
v 8.0311 0.7578 -0.5399
v 8.0882 0.7260 -0.5613
v 8.1302 0.7283 -0.5397
v 8.1619 0.7215 -0.5044
v 8.1895 0.7163 -0.4673
v 8.2184 0.7179 -0.4321
v 8.2502 0.7266 -0.3968
v 8.2622 0.7217 -0.3514
v 8.2663 0.7156 -0.3052
v 8.2787 0.7213 -0.2606
v 8.2640 0.7095 -0.2155
v 8.2699 0.7198 -0.1691
v 8.2577 0.7199 -0.1248
v 8.2416 0.7217 -0.0815
v 8.2252 0.7290 -0.0368
v 8.1781 0.7091 -0.0155
v 8.1440 0.7059 0.0125
v 8.1104 0.7080 0.0409
v 8.0754 0.7145 0.0696
v 8.0355 0.7198 0.0925
v 7.9926 0.7272 0.1127
v 7.9453 0.7181 0.1074
v 7.8992 0.7217 0.1112
v 7.8515 0.7296 0.1139
v 7.8090 0.7215 0.0919
v 7.7662 0.7221 0.0745
v 7.7318 0.7141 0.0430
v 7.7048 0.7035 0.0057
v 7.6604 0.7189 -0.0133
v 7.6258 0.7260 -0.0452
v 7.5942 0.7339 -0.0820
v 7.5888 0.7230 -0.1308
v 7.5694 0.7296 -0.1743
v 7.5668 0.7270 -0.2216
v 7.5776 0.7184 -0.2679
v 7.5863 0.7165 -0.3127
v 7.6059 0.7100 -0.3539
v 7.6046 0.7274 -0.4042
v 7.6241 0.7320 -0.4478
v 7.6583 0.7268 -0.4814
v 7.7028 0.7130 -0.5016
v 7.7423 0.7075 -0.5230
v 7.7815 0.7058 -0.5427
v 7.8175 0.7181 -0.5732
v 7.8586 0.7319 -0.6008
v 7.9062 0.7306 -0.6050
v 7.9540 0.7316 -0.6057
v 7.9985 0.7205 -0.5859
v 8.0364 0.7043 -0.5551
v 8.0980 0.6769 -0.5806
v 8.1382 0.6739 -0.5514
v 8.1799 0.6769 -0.5245
v 8.2077 0.6708 -0.4829
v 8.2454 0.6775 -0.4497
v 8.2698 0.6775 -0.4062
v 8.2947 0.6818 -0.3620
v 8.2995 0.6766 -0.3114
v 8.2990 0.6724 -0.2617
v 8.2963 0.6709 -0.2131
v 8.2889 0.6706 -0.1651
v 8.2863 0.6778 -0.1147
v 8.2772 0.6855 -0.0635
v 8.2487 0.6838 -0.0207
v 8.2034 0.6716 0.0071
v 8.1724 0.6755 0.0456
v 8.1331 0.6758 0.0757
v 8.0917 0.6785 0.1037
v 8.0406 0.6687 0.1082
v 7.9974 0.6805 0.1379
v 7.9470 0.6776 0.1395
v 7.8970 0.6787 0.1406
v 7.8443 0.6885 0.1482
v 7.7963 0.6844 0.1282
v 7.7557 0.6749 0.0951
v 7.7138 0.6742 0.0692
v 7.6848 0.6647 0.0280
v 7.6422 0.6729 0.0024
v 7.6155 0.6708 -0.0385
v 7.5800 0.6793 -0.0752
v 7.5453 0.6903 -0.1165
v 7.5413 0.6843 -0.1690
v 7.5325 0.6860 -0.2197
v 7.5463 0.6773 -0.2703
v 7.5635 0.6705 -0.3175
v 7.5760 0.6709 -0.3644
v 7.5874 0.6765 -0.4129
v 7.6079 0.6803 -0.4589
v 7.6319 0.6866 -0.5050
v 7.6827 0.6727 -0.5250
v 7.7253 0.6685 -0.5491
v 7.7690 0.6657 -0.5688
v 7.8084 0.6755 -0.6007
v 7.8550 0.6804 -0.6204
v 7.9050 0.6809 -0.6271
v 7.9563 0.6873 -0.6363
v 8.0039 0.6756 -0.6116
v 8.0510 0.6744 -0.5965
v 8.1067 0.6284 -0.5977
v 8.1496 0.6265 -0.5680
v 8.1854 0.6228 -0.5306
v 8.2363 0.6330 -0.5075
v 8.2686 0.6331 -0.4649
v 8.3090 0.6410 -0.4250
v 8.3162 0.6339 -0.3691
v 8.3158 0.6268 -0.3145
v 8.3195 0.6256 -0.2629
v 8.3242 0.6282 -0.2109
v 8.3067 0.6230 -0.1614
v 8.3036 0.6287 -0.1086
v 8.2886 0.6318 -0.0577
v 8.2627 0.6325 -0.0111
v 8.2372 0.6375 0.0375
v 8.1906 0.6317 0.0669
v 8.1440 0.6279 0.0924
v 8.0978 0.6270 0.1164
v 8.0482 0.6246 0.1312
v 7.9993 0.6268 0.1483
v 7.9490 0.6379 0.1765
v 7.8951 0.6329 0.1661
v 7.8404 0.6373 0.1670
v 7.7875 0.6377 0.1532
v 7.7467 0.6272 0.1130
v 7.7077 0.6221 0.0781
v 7.6620 0.6265 0.0534
v 7.6220 0.6290 0.0197
v 7.5981 0.6245 -0.0272
v 7.5523 0.6360 -0.0619
v 7.5421 0.6307 -0.1155
v 7.5187 0.6359 -0.1648
v 7.5176 0.6332 -0.2189
v 7.5210 0.6318 -0.2722
v 7.5255 0.6334 -0.3255
v 7.5533 0.6262 -0.3723
v 7.5768 0.6244 -0.4183
v 7.5985 0.6271 -0.4654
v 7.6290 0.6281 -0.5076
v 7.6652 0.6290 -0.5454
v 7.7090 0.6273 -0.5740
v 7.7573 0.6238 -0.5933
v 7.8031 0.6263 -0.6171
v 7.8527 0.6275 -0.6323
v 7.9038 0.6331 -0.6496
v 7.9576 0.6351 -0.6531
v 8.0115 0.6362 -0.6475
v 8.0606 0.6314 -0.6239
v 8.1081 0.5747 -0.6005
v 8.1585 0.5779 -0.5810
v 8.2058 0.5807 -0.5534
v 8.2603 0.5884 -0.5281
v 8.2932 0.5877 -0.4809
v 8.3268 0.5899 -0.4336
v 8.3301 0.5829 -0.3736
v 8.3373 0.5804 -0.3185
v 8.3539 0.5841 -0.2647
v 8.3408 0.5795 -0.2097
v 8.3236 0.5759 -0.1578
v 8.3248 0.5819 -0.1012
v 8.2951 0.5787 -0.0544
v 8.2753 0.5821 -0.0025
v 8.2433 0.5831 0.0429
v 8.2066 0.5849 0.0855
v 8.1541 0.5799 0.1079
v 8.1026 0.5766 0.1264
v 8.0527 0.5761 0.1451
v 8.0025 0.5786 0.1650
v 7.9500 0.5866 0.1935
v 7.8933 0.5852 0.1890
v 7.8359 0.5880 0.1884
v 7.7831 0.5852 0.1657
v 7.7395 0.5784 0.1271
v 7.6875 0.5820 0.1077
v 7.6499 0.5788 0.0670
v 7.6194 0.5753 0.0220
v 7.5752 0.5807 -0.0122
v 7.5480 0.5808 -0.0599
v 7.5172 0.5848 -0.1074
v 7.4927 0.5887 -0.1599
v 7.4855 0.5888 -0.2172
v 7.4901 0.5873 -0.2746
v 7.5122 0.5821 -0.3283
v 7.5338 0.5795 -0.3792
v 7.5553 0.5794 -0.4292
v 7.5875 0.5775 -0.4729
v 7.6197 0.5779 -0.5159
v 7.6457 0.5849 -0.5681
v 7.6964 0.5811 -0.5933
v 7.7365 0.5878 -0.6366
v 7.7951 0.5814 -0.6414
v 7.8500 0.5782 -0.6466
v 7.9029 0.5827 -0.6654
v 7.9588 0.5843 -0.6692
v 8.0151 0.5856 -0.6647
v 8.0714 0.5876 -0.6545
v 8.1177 0.5287 -0.6195
v 8.1611 0.5268 -0.5849
v 8.2171 0.5315 -0.5660
v 8.2650 0.5340 -0.5321
v 8.2966 0.5331 -0.4831
v 8.3316 0.5348 -0.4359
v 8.3380 0.5309 -0.3762
v 8.3534 0.5312 -0.3215
v 8.3704 0.5337 -0.2656
v 8.3656 0.5327 -0.2078
v 8.3529 0.5316 -0.1516
v 8.3222 0.5277 -0.1021
v 8.3178 0.5323 -0.0429
v 8.2962 0.5345 0.0117
v 8.2594 0.5343 0.0573
v 8.2147 0.5332 0.0950
v 8.1700 0.5340 0.1323
v 8.1132 0.5307 0.1485
v 8.0604 0.5305 0.1687
v 8.0059 0.5307 0.1836
v 7.9503 0.5329 0.1995
v 7.8931 0.5310 0.1912
v 7.8344 0.5339 0.1953
v 7.7825 0.5309 0.1675
v 7.7263 0.5330 0.1532
v 7.6804 0.5314 0.1182
v 7.6378 0.5306 0.0805
v 7.5938 0.5320 0.0439
v 7.5718 0.5285 -0.0100
v 7.5411 0.5294 -0.0565
v 7.5185 0.5299 -0.1078
v 7.4918 0.5330 -0.1597
v 7.4828 0.5335 -0.2170
v 7.4734 0.5359 -0.2759
v 7.4874 0.5345 -0.3335
v 7.5106 0.5326 -0.3873
v 7.5387 0.5312 -0.4376
v 7.5717 0.5300 -0.4837
v 7.6008 0.5318 -0.5329
v 7.6401 0.5323 -0.5747
v 7.6847 0.5329 -0.6112
v 7.7345 0.5332 -0.6407
v 7.7912 0.5310 -0.6534
v 7.8481 0.5285 -0.6572
v 7.9027 0.5297 -0.6689
v 7.9589 0.5300 -0.6697
v 8.0151 0.5308 -0.6649
v 8.0714 0.5321 -0.6546
v 8.1168 0.4774 -0.6177
v 8.1719 0.4789 -0.6006
v 8.2301 0.4813 -0.5805
v 8.2652 0.4803 -0.5323
v 8.2991 0.4801 -0.4847
v 8.3406 0.4818 -0.4402
v 8.3604 0.4815 -0.3835
v 8.3740 0.4813 -0.3254
v 8.3690 0.4799 -0.2656
v 8.3809 0.4814 -0.2066
v 8.3527 0.4790 -0.1517
v 8.3389 0.4792 -0.0963
v 8.3155 0.4791 -0.0441
v 8.2850 0.4789 0.0041
v 8.2651 0.4813 0.0625
v 8.2243 0.4816 0.1062
v 8.1680 0.4798 0.1292
v 8.1237 0.4814 0.1704
v 8.0635 0.4796 0.1781
v 8.0082 0.4800 0.1957
v 7.9506 0.4803 0.2051
v 7.8930 0.4790 0.1935
v 7.8355 0.4796 0.1903
v 7.7749 0.4814 0.1892
v 7.7238 0.4804 0.1582
v 7.6658 0.4820 0.1395
v 7.6199 0.4817 0.1005
v 7.5829 0.4809 0.0533
v 7.5600 0.4792 -0.0023
v 7.5427 0.4778 -0.0573
v 7.5047 0.4799 -0.1033
v 7.4834 0.4807 -0.1582
v 7.4662 0.4819 -0.2161
v 7.4671 0.4819 -0.2763
v 7.4677 0.4828 -0.3376
v 7.5028 0.4805 -0.3901
v 7.5313 0.4798 -0.4413
v 7.5689 0.4786 -0.4856
v 7.6056 0.4784 -0.5286
v 7.6278 0.4816 -0.5890
v 7.6733 0.4821 -0.6286
v 7.7276 0.4817 -0.6550
v 7.7868 0.4804 -0.6668
v 7.8471 0.4781 -0.6622
v 7.9031 0.4773 -0.6618
v 7.9579 0.4768 -0.6571
v 8.0172 0.4798 -0.6745
v 8.0748 0.4805 -0.6642
v 8.1248 0.4278 -0.6335
v 8.1752 0.4278 -0.6054
v 8.2287 0.4278 -0.5789
v 8.2706 0.4278 -0.5369
v 8.2965 0.4278 -0.4831
v 8.3361 0.4278 -0.4380
v 8.3539 0.4278 -0.3814
v 8.3648 0.4278 -0.3237
v 8.3659 0.4278 -0.2654
v 8.3801 0.4278 -0.2067
v 8.3645 0.4278 -0.1492
v 8.3341 0.4278 -0.0979
v 8.3131 0.4278 -0.0453
v 8.2878 0.4278 0.0060
v 8.2669 0.4278 0.0641
v 8.2226 0.4278 0.1041
v 8.1715 0.4278 0.1345
v 8.1210 0.4278 0.1647
v 8.0692 0.4278 0.1953
v 8.0071 0.4278 0.1899
v 7.9497 0.4278 0.1886
v 7.8919 0.4278 0.2073
v 7.8345 0.4278 0.1950
v 7.7732 0.4278 0.1939
v 7.7182 0.4278 0.1692
v 7.6651 0.4278 0.1404
v 7.6229 0.4278 0.0970
v 7.5822 0.4278 0.0538
v 7.5504 0.4278 0.0040
v 7.5324 0.4278 -0.0524
v 7.5141 0.4278 -0.1064
v 7.4829 0.4278 -0.1581
v 7.4817 0.4278 -0.2170
v 7.4689 0.4278 -0.2762
v 7.4648 0.4278 -0.3382
v 7.4975 0.4278 -0.3920
v 7.5197 0.4278 -0.4472
v 7.5634 0.4278 -0.4894
v 7.5970 0.4278 -0.5363
v 7.6312 0.4278 -0.5850
v 7.6770 0.4278 -0.6230
v 7.7285 0.4278 -0.6533
v 7.7866 0.4278 -0.6674
v 7.8457 0.4278 -0.6699
v 7.9023 0.4278 -0.6777
v 7.9589 0.4278 -0.6697
v 8.0182 0.4278 -0.6793
v 8.0760 0.4278 -0.6675
v 8.1280 0.3753 -0.6398
v 8.1830 0.3744 -0.6168
v 8.2245 0.3753 -0.5742
v 8.2586 0.3764 -0.5266
v 8.2951 0.3760 -0.4822
v 8.3379 0.3742 -0.4389
v 8.3577 0.3745 -0.3827
v 8.3595 0.3760 -0.3227
v 8.3664 0.3760 -0.2654
v 8.3670 0.3759 -0.2077
v 8.3624 0.3754 -0.1497
v 8.3438 0.3758 -0.0945
v 8.3251 0.3753 -0.0392
v 8.2938 0.3755 0.0101
v 8.2543 0.3760 0.0528
v 8.2226 0.3743 0.1042
v 8.1814 0.3730 0.1497
v 8.1258 0.3736 0.1746
v 8.0667 0.3748 0.1878
v 8.0067 0.3766 0.1874
v 7.9498 0.3769 0.1911
v 7.8931 0.3767 0.1924
v 7.8371 0.3769 0.1827
v 7.7793 0.3758 0.1765
v 7.7167 0.3734 0.1722
v 7.6722 0.3750 0.1300
v 7.6186 0.3737 0.1019
v 7.5922 0.3761 0.0453
v 7.5568 0.3760 -0.0002
v 7.5345 0.3768 -0.0534
v 7.5163 0.3771 -0.1071
v 7.5023 0.3771 -0.1617
v 7.4909 0.3766 -0.2175
v 7.4668 0.3737 -0.2764
v 7.4865 0.3750 -0.3337
v 7.5054 0.3754 -0.3892
v 7.5261 0.3751 -0.4440
v 7.5660 0.3766 -0.4876
v 7.5954 0.3756 -0.5377
v 7.6321 0.3748 -0.5840
v 7.6851 0.3760 -0.6107
v 7.7281 0.3740 -0.6540
v 7.7847 0.3744 -0.6732
v 7.8437 0.3753 -0.6805
v 7.9020 0.3758 -0.6830
v 7.9593 0.3766 -0.6758
v 8.0140 0.3776 -0.6594
v 8.0713 0.3764 -0.6542
v 8.1278 0.3216 -0.6394
v 8.1780 0.3216 -0.6096
v 8.2259 0.3209 -0.5758
v 8.2540 0.3250 -0.5227
v 8.2788 0.3276 -0.4715
v 8.3247 0.3226 -0.4326
v 8.3361 0.3252 -0.3756
v 8.3640 0.3218 -0.3235
v 8.3636 0.3236 -0.2653
v 8.3524 0.3261 -0.2088
v 8.3590 0.3226 -0.1504
v 8.3454 0.3221 -0.0939
v 8.3095 0.3256 -0.0471
v 8.2797 0.3259 0.0005
v 8.2456 0.3258 0.0449
v 8.2041 0.3263 0.0825
v 8.1681 0.3225 0.1293
v 8.1261 0.3179 0.1753
v 8.0690 0.3186 0.1948
v 8.0060 0.3249 0.1838
v 7.9494 0.3269 0.1822
v 7.8945 0.3289 0.1730
v 7.8382 0.3260 0.1774
v 7.7780 0.3215 0.1801
v 7.7250 0.3219 0.1558
v 7.6776 0.3230 0.1222
v 7.6259 0.3208 0.0937
v 7.5883 0.3219 0.0486
v 7.5579 0.3232 -0.0009
v 7.5391 0.3257 -0.0556
v 7.5118 0.3241 -0.1056
v 7.4948 0.3234 -0.1603
v 7.4995 0.3261 -0.2179
v 7.4971 0.3254 -0.2741
v 7.4922 0.3223 -0.3325
v 7.5153 0.3242 -0.3857
v 7.5254 0.3209 -0.4443
v 7.5528 0.3202 -0.4966
v 7.5902 0.3205 -0.5424
v 7.6355 0.3216 -0.5800
v 7.6836 0.3222 -0.6129
v 7.7380 0.3244 -0.6333
v 7.7893 0.3232 -0.6592
v 7.8467 0.3253 -0.6647
v 7.9020 0.3226 -0.6830
v 7.9585 0.3267 -0.6648
v 8.0136 0.3266 -0.6577
v 8.0696 0.3249 -0.6495
v 8.1217 0.2700 -0.6273
v 8.1724 0.2687 -0.6014
v 8.2164 0.2692 -0.5652
v 8.2355 0.2791 -0.5067
v 8.2677 0.2790 -0.4642
v 8.3081 0.2733 -0.4246
v 8.3360 0.2705 -0.3755
v 8.3455 0.2721 -0.3201
v 8.3524 0.2721 -0.2647
v 8.3538 0.2714 -0.2087
v 8.3413 0.2731 -0.1541
v 8.3295 0.2719 -0.0996
v 8.3003 0.2748 -0.0518
v 8.2695 0.2761 -0.0065
v 8.2358 0.2761 0.0362
v 8.2040 0.2722 0.0824
v 8.1575 0.2734 0.1131
v 8.1152 0.2684 0.1526
v 8.0622 0.2684 0.1741
v 8.0040 0.2740 0.1730
v 7.9487 0.2776 0.1698
v 7.8944 0.2756 0.1749
v 7.8401 0.2751 0.1685
v 7.7852 0.2727 0.1598
v 7.7378 0.2757 0.1306
v 7.6795 0.2684 0.1194
v 7.6350 0.2687 0.0836
v 7.5991 0.2706 0.0394
v 7.5595 0.2681 -0.0020
v 7.5366 0.2702 -0.0544
v 7.5309 0.2761 -0.1118
v 7.5148 0.2751 -0.1641
v 7.5103 0.2759 -0.2185
v 7.5129 0.2766 -0.2728
v 7.5270 0.2790 -0.3252
v 7.5302 0.2747 -0.3805
v 7.5343 0.2676 -0.4398
v 7.5692 0.2700 -0.4854
v 7.5989 0.2675 -0.5346
v 7.6487 0.2724 -0.5646
v 7.6961 0.2743 -0.5937
v 7.7475 0.2772 -0.6135
v 7.8000 0.2800 -0.6264
v 7.8460 0.2694 -0.6681
v 7.9023 0.2689 -0.6763
v 7.9587 0.2719 -0.6675
v 8.0111 0.2772 -0.6455
v 8.0632 0.2770 -0.6313
v 8.1125 0.2208 -0.6091
v 8.1626 0.2175 -0.5870
v 8.2044 0.2185 -0.5518
v 8.2295 0.2272 -0.5016
v 8.2685 0.2226 -0.4648
v 8.2916 0.2243 -0.4167
v 8.3142 0.2228 -0.3684
v 8.3149 0.2292 -0.3143
v 8.3405 0.2195 -0.2640
v 8.3415 0.2187 -0.2096
v 8.3243 0.2236 -0.1577
v 8.3174 0.2196 -0.1038
v 8.2822 0.2274 -0.0609
v 8.2576 0.2262 -0.0147
v 8.2233 0.2275 0.0250
v 8.1835 0.2294 0.0586
v 8.1481 0.2240 0.0987
v 8.1055 0.2197 0.1324
v 8.0544 0.2210 0.1501
v 8.0014 0.2232 0.1593
v 7.9481 0.2265 0.1591
v 7.8956 0.2262 0.1592
v 7.8453 0.2303 0.1436
v 7.7965 0.2316 0.1275
v 7.7454 0.2270 0.1155
v 7.7003 0.2269 0.0890
v 7.6466 0.2175 0.0707
v 7.6128 0.2205 0.0276
v 7.5750 0.2173 -0.0121
v 7.5606 0.2242 -0.0659
v 7.5387 0.2231 -0.1144
v 7.5320 0.2265 -0.1673
v 7.5377 0.2325 -0.2200
v 7.5472 0.2370 -0.2702
v 7.5488 0.2342 -0.3206
v 7.5414 0.2231 -0.3765
v 7.5559 0.2195 -0.4288
v 7.5804 0.2175 -0.4778
v 7.6203 0.2216 -0.5154
v 7.6565 0.2200 -0.5555
v 7.7154 0.2342 -0.5642
v 7.7555 0.2298 -0.5969
v 7.8032 0.2294 -0.6169
v 7.8495 0.2192 -0.6496
v 7.9036 0.2209 -0.6528
v 7.9575 0.2211 -0.6518
v 8.0095 0.2244 -0.6378
v 8.0608 0.2240 -0.6243
v 8.0983 0.1783 -0.5811
v 8.1429 0.1763 -0.5583
v 8.1888 0.1700 -0.5344
v 8.2218 0.1726 -0.4950
v 8.2488 0.1755 -0.4519
v 8.2649 0.1817 -0.4039
v 8.2829 0.1819 -0.3581
v 8.2939 0.1827 -0.3104
v 8.3091 0.1766 -0.2623
v 8.3149 0.1724 -0.2116
v 8.2978 0.1790 -0.1632
v 8.2915 0.1742 -0.1129
v 8.2606 0.1822 -0.0719
v 8.2404 0.1784 -0.0264
v 8.2117 0.1767 0.0146
v 8.1722 0.1803 0.0454
v 8.1327 0.1802 0.0752
v 8.0882 0.1824 0.0965
v 8.0433 0.1813 0.1163
v 7.9970 0.1762 0.1362
v 7.9473 0.1744 0.1450
v 7.8967 0.1739 0.1452
v 7.8500 0.1852 0.1212
v 7.8014 0.1814 0.1136
v 7.7537 0.1779 0.0990
v 7.7111 0.1783 0.0732
v 7.6650 0.1714 0.0502
v 7.6266 0.1692 0.0158
v 7.5950 0.1688 -0.0251
v 7.5760 0.1734 -0.0732
v 7.5654 0.1792 -0.1231
v 7.5620 0.1851 -0.1729
v 7.5505 0.1814 -0.2207
v 7.5560 0.1846 -0.2696
v 7.5727 0.1912 -0.3156
v 7.5741 0.1834 -0.3650
v 7.5815 0.1748 -0.4159
v 7.6028 0.1712 -0.4624
v 7.6336 0.1705 -0.5034
v 7.6830 0.1832 -0.5247
v 7.7263 0.1883 -0.5474
v 7.7651 0.1839 -0.5770
v 7.8091 0.1815 -0.5986
v 7.8542 0.1723 -0.6247
v 7.9051 0.1753 -0.6262
v 7.9557 0.1732 -0.6289
v 8.0069 0.1704 -0.6258
v 8.0505 0.1821 -0.5951
v 8.0837 0.1379 -0.5524
v 8.1270 0.1319 -0.5351
v 8.1650 0.1303 -0.5078
v 8.2029 0.1246 -0.4788
v 8.2292 0.1270 -0.4391
v 8.2348 0.1432 -0.3894
v 8.2473 0.1468 -0.3465
v 8.2618 0.1439 -0.3043
v 8.2802 0.1330 -0.2607
v 8.2802 0.1326 -0.2143
v 8.2676 0.1377 -0.1696
v 8.2537 0.1391 -0.1262
v 8.2341 0.1408 -0.0853
v 8.2137 0.1382 -0.0447
v 8.1886 0.1349 -0.0062
v 8.1593 0.1302 0.0303
v 8.1177 0.1365 0.0521
v 8.0727 0.1461 0.0642
v 8.0321 0.1448 0.0822
v 7.9901 0.1399 0.0991
v 7.9456 0.1324 0.1135
v 7.8994 0.1353 0.1095
v 7.8547 0.1390 0.0986
v 7.8117 0.1409 0.0843
v 7.7699 0.1403 0.0673
v 7.7342 0.1450 0.0395
v 7.6940 0.1386 0.0178
v 7.6546 0.1303 -0.0082
v 7.6288 0.1326 -0.0472
v 7.5939 0.1214 -0.0818
v 7.5895 0.1333 -0.1310
v 7.5802 0.1352 -0.1763
v 7.5856 0.1442 -0.2226
v 7.5958 0.1524 -0.2665
v 7.5895 0.1418 -0.3120
v 7.6001 0.1405 -0.3559
v 7.6007 0.1245 -0.4062
v 7.6268 0.1263 -0.4460
v 7.6544 0.1244 -0.4848
v 7.6987 0.1374 -0.5064
v 7.7417 0.1473 -0.5239
v 7.7766 0.1405 -0.5529
v 7.8161 0.1338 -0.5774
v 7.8627 0.1421 -0.5791
v 7.9063 0.1265 -0.6032
v 7.9532 0.1329 -0.5950
v 8.0002 0.1286 -0.5935
v 8.0400 0.1423 -0.5653
v 8.0652 0.1070 -0.5159
v 8.0995 0.1077 -0.4948
v 8.1387 0.0958 -0.4785
v 8.1675 0.0963 -0.4484
v 8.1982 0.0891 -0.4189
v 8.2055 0.1048 -0.3754
v 8.2168 0.1089 -0.3365
v 8.2341 0.1012 -0.2991
v 8.2419 0.0981 -0.2586
v 8.2517 0.0875 -0.2165
v 8.2442 0.0890 -0.1745
v 8.2324 0.0894 -0.1337
v 8.2130 0.0926 -0.0960
v 8.1865 0.0991 -0.0633
v 8.1683 0.0889 -0.0244
v 8.1349 0.0937 0.0019
v 8.0992 0.0977 0.0238
v 8.0598 0.1058 0.0372
v 8.0234 0.1020 0.0557
v 7.9860 0.0896 0.0775
v 7.9437 0.0929 0.0795
v 7.9013 0.0867 0.0850
v 7.8604 0.0945 0.0716
v 7.8224 0.1017 0.0538
v 7.7850 0.1021 0.0374
v 7.7493 0.1012 0.0173
v 7.7194 0.1048 -0.0106
v 7.6808 0.0908 -0.0308
v 7.6602 0.0967 -0.0677
v 7.6289 0.0841 -0.0987
v 7.6183 0.0901 -0.1405
v 7.6168 0.0997 -0.1832
v 7.6097 0.0974 -0.2240
v 7.6197 0.1074 -0.2647
v 7.6194 0.1010 -0.3057
v 7.6288 0.0992 -0.3458
v 7.6364 0.0892 -0.3881
v 7.6644 0.0973 -0.4203
v 7.6837 0.0884 -0.4586
v 7.7159 0.0912 -0.4863
v 7.7486 0.0893 -0.5132
v 7.7862 0.0905 -0.5331
v 7.8256 0.0911 -0.5483
v 7.8691 0.1053 -0.5454
v 7.9090 0.0999 -0.5553
v 7.9502 0.0981 -0.5566
v 7.9914 0.0972 -0.5517
v 8.0338 0.0892 -0.5477
v 8.0496 0.0706 -0.4851
v 8.0806 0.0702 -0.4671
v 8.1107 0.0664 -0.4472
v 8.1379 0.0631 -0.4230
v 8.1630 0.0580 -0.3959
v 8.1816 0.0575 -0.3639
v 8.1863 0.0700 -0.3265
v 8.2006 0.0627 -0.2928
v 8.2078 0.0591 -0.2567
v 8.2080 0.0583 -0.2198
v 8.1969 0.0662 -0.1844
v 8.1979 0.0513 -0.1458
v 8.1777 0.0591 -0.1139
v 8.1616 0.0550 -0.0803
v 8.1381 0.0558 -0.0514
v 8.1040 0.0709 -0.0341
v 8.0765 0.0683 -0.0110
v 8.0469 0.0629 0.0104
v 8.0124 0.0654 0.0221
v 7.9787 0.0556 0.0386
v 7.9419 0.0527 0.0452
v 7.9040 0.0481 0.0483
v 7.8669 0.0507 0.0410
v 7.8348 0.0675 0.0187
v 7.8017 0.0677 0.0044
v 7.7711 0.0686 -0.0145
v 7.7465 0.0759 -0.0408
v 7.7176 0.0686 -0.0623
v 7.6903 0.0597 -0.0874
v 7.6737 0.0617 -0.1201
v 7.6541 0.0536 -0.1522
v 7.6536 0.0653 -0.1901
v 7.6451 0.0599 -0.2259
v 7.6409 0.0538 -0.2631
v 7.6580 0.0696 -0.2976
v 7.6683 0.0705 -0.3319
v 7.6766 0.0622 -0.3677
v 7.7020 0.0728 -0.3946
v 7.7236 0.0722 -0.4228
v 7.7440 0.0621 -0.4536
v 7.7709 0.0565 -0.4792
v 7.8050 0.0616 -0.4939
v 7.8387 0.0603 -0.5085
v 7.8737 0.0561 -0.5208
v 7.9112 0.0702 -0.5145
v 7.9476 0.0594 -0.5223
v 7.9852 0.0521 -0.5225
v 8.0186 0.0634 -0.5043
v 8.0354 0.0300 -0.4570
v 8.0576 0.0413 -0.4336
v 8.0806 0.0439 -0.4136
v 8.1074 0.0315 -0.3969
v 8.1286 0.0300 -0.3735
v 8.1448 0.0300 -0.3462
v 8.1580 0.0300 -0.3172
v 8.1643 0.0300 -0.2860
v 8.1555 0.0468 -0.2539
v 8.1568 0.0441 -0.2237
v 8.1598 0.0317 -0.1922
v 8.1509 0.0325 -0.1623
v 8.1489 0.0300 -0.1285
v 8.1249 0.0300 -0.1054
v 8.1014 0.0374 -0.0843
v 8.0782 0.0406 -0.0642
v 8.0528 0.0433 -0.0472
v 8.0261 0.0447 -0.0331
v 7.9995 0.0371 -0.0175
v 7.9704 0.0303 -0.0058
v 7.9391 0.0341 -0.0044
v 7.9081 0.0334 -0.0042
v 7.8767 0.0300 -0.0060
v 7.8455 0.0300 -0.0117
v 7.8178 0.0301 -0.0275
v 7.7920 0.0334 -0.0451
v 7.7730 0.0470 -0.0704
v 7.7443 0.0302 -0.0852
v 7.7254 0.0300 -0.1102
v 7.7114 0.0326 -0.1383
v 7.6949 0.0300 -0.1656
v 7.6894 0.0300 -0.1968
v 7.6865 0.0300 -0.2282
v 7.6863 0.0300 -0.2596
v 7.6894 0.0300 -0.2910
v 7.7078 0.0437 -0.3181
v 7.7154 0.0358 -0.3481
v 7.7378 0.0492 -0.3701
v 7.7507 0.0370 -0.3985
v 7.7725 0.0365 -0.4203
v 7.7943 0.0300 -0.4434
v 7.8211 0.0300 -0.4601
v 7.8498 0.0300 -0.4745
v 7.8812 0.0300 -0.4809
v 7.9134 0.0410 -0.4741
v 7.9445 0.0300 -0.4812
v 7.9738 0.0434 -0.4681
v 8.0057 0.0300 -0.4676
v 8.0153 0.0300 -0.4173
v 8.0336 0.0300 -0.3985
v 8.0548 0.0300 -0.3848
v 8.0709 0.0300 -0.3655
v 8.0914 0.0300 -0.3492
v 8.1073 0.0300 -0.3282
v 8.1107 0.0300 -0.3017
v 8.1232 0.0300 -0.2783
v 8.1155 0.0300 -0.2517
v 8.1120 0.0300 -0.2271
v 8.1127 0.0300 -0.2021
v 8.1109 0.0300 -0.1764
v 8.1014 0.0300 -0.1525
v 8.0900 0.0300 -0.1292
v 8.0714 0.0300 -0.1112
v 8.0530 0.0300 -0.0935
v 8.0294 0.0300 -0.0832
v 8.0088 0.0300 -0.0690
v 7.9860 0.0300 -0.0587
v 7.9622 0.0300 -0.0492
v 7.9365 0.0300 -0.0532
v 7.9111 0.0300 -0.0437
v 7.8862 0.0300 -0.0510
v 7.8589 0.0300 -0.0499
v 7.8384 0.0300 -0.0680
v 7.8143 0.0300 -0.0777
v 7.7947 0.0300 -0.0946
v 7.7844 0.0300 -0.1197
v 7.7690 0.0300 -0.1387
v 7.7552 0.0300 -0.1593
v 7.7435 0.0300 -0.1815
v 7.7313 0.0300 -0.2047
v 7.7287 0.0300 -0.2305
v 7.7250 0.0300 -0.2567
v 7.7287 0.0300 -0.2828
v 7.7465 0.0300 -0.3044
v 7.7589 0.0300 -0.3261
v 7.7767 0.0358 -0.3435
v 7.7821 0.0300 -0.3704
v 7.7978 0.0300 -0.3909
v 7.8136 0.0300 -0.4138
v 7.8388 0.0300 -0.4233
v 7.8631 0.0300 -0.4338
v 7.8895 0.0300 -0.4368
v 7.9154 0.0300 -0.4368
v 7.9402 0.0300 -0.4259
v 7.9649 0.0300 -0.4255
v 7.9912 0.0300 -0.4265
v 7.9929 0.0300 -0.3732
v 8.0109 0.0300 -0.3652
v 8.0244 0.0300 -0.3510
v 8.0336 0.0300 -0.3336
v 8.0477 0.0300 -0.3206
v 8.0598 0.0300 -0.3054
v 8.0735 0.0300 -0.2896
v 8.0726 0.0300 -0.2688
v 8.0752 0.0300 -0.2495
v 8.0699 0.0300 -0.2303
v 8.0700 0.0300 -0.2111
v 8.0692 0.0300 -0.1910
v 8.0632 0.0300 -0.1719
v 8.0473 0.0300 -0.1585
v 8.0377 0.0300 -0.1414
v 8.0197 0.0300 -0.1323
v 8.0066 0.0300 -0.1181
v 7.9903 0.0300 -0.1076
v 7.9718 0.0300 -0.1018
v 7.9530 0.0300 -0.0984
v 7.9342 0.0300 -0.0942
v 7.9153 0.0300 -0.0987
v 7.8960 0.0300 -0.0980
v 7.8751 0.0300 -0.0961
v 7.8588 0.0300 -0.1083
v 7.8418 0.0300 -0.1179
v 7.8275 0.0300 -0.1312
v 7.8174 0.0300 -0.1480
v 7.8037 0.0300 -0.1614
v 7.7934 0.0300 -0.1776
v 7.7822 0.0300 -0.1941
v 7.7771 0.0300 -0.2133
v 7.7682 0.0300 -0.2327
v 7.7735 0.0300 -0.2530
v 7.7770 0.0300 -0.2726
v 7.7881 0.0300 -0.2898
v 7.8027 0.0300 -0.3038
v 7.8122 0.0300 -0.3192
v 7.8216 0.0300 -0.3350
v 7.8300 0.0300 -0.3533
v 7.8449 0.0300 -0.3658
v 7.8607 0.0300 -0.3777
v 7.8780 0.0300 -0.3883
v 7.8982 0.0300 -0.3902
v 7.9180 0.0300 -0.3896
v 7.9369 0.0300 -0.3824
v 7.9564 0.0300 -0.3852
v 7.9745 0.0300 -0.3787
v 7.9717 0.0300 -0.3313
v 7.9822 0.0300 -0.3232
v 7.9909 0.0300 -0.3136
v 7.9994 0.0300 -0.3041
v 8.0067 0.0300 -0.2939
v 8.0147 0.0300 -0.2838
v 8.0246 0.0300 -0.2736
v 8.0253 0.0300 -0.2599
v 8.0269 0.0300 -0.2468
v 8.0260 0.0300 -0.2337
v 8.0244 0.0300 -0.2207
v 8.0208 0.0300 -0.2080
v 8.0170 0.0300 -0.1953
v 8.0098 0.0300 -0.1841
v 8.0014 0.0300 -0.1739
v 7.9917 0.0300 -0.1649
v 7.9821 0.0300 -0.1556
v 7.9707 0.0300 -0.1484
v 7.9575 0.0300 -0.1456
v 7.9444 0.0300 -0.1439
v 7.9316 0.0300 -0.1428
v 7.9187 0.0300 -0.1435
v 7.9058 0.0300 -0.1446
v 7.8923 0.0300 -0.1450
v 7.8799 0.0300 -0.1500
v 7.8683 0.0300 -0.1566
v 7.8607 0.0300 -0.1682
v 7.8512 0.0300 -0.1770
v 7.8471 0.0300 -0.1897
v 7.8388 0.0300 -0.1994
v 7.8315 0.0300 -0.2103
v 7.8263 0.0300 -0.2225
v 7.8215 0.0300 -0.2356
v 7.8237 0.0300 -0.2491
v 7.8284 0.0300 -0.2618
v 7.8356 0.0300 -0.2731
v 7.8414 0.0300 -0.2842
v 7.8457 0.0300 -0.2963
v 7.8517 0.0300 -0.3080
v 7.8616 0.0300 -0.3165
v 7.8718 0.0300 -0.3246
v 7.8812 0.0300 -0.3350
v 7.8934 0.0300 -0.3413
v 7.9072 0.0300 -0.3423
v 7.9207 0.0300 -0.3407
v 7.9337 0.0300 -0.3399
v 7.9463 0.0300 -0.3373
v 7.9589 0.0300 -0.3345
v 7.9493 0.0300 -0.2869
v 7.9547 0.0300 -0.2831
v 7.9593 0.0300 -0.2783
v 7.9643 0.0300 -0.2740
v 7.9668 0.0300 -0.2679
v 7.9721 0.0300 -0.2633
v 7.9733 0.0300 -0.2567
v 7.9765 0.0300 -0.2508
v 7.9782 0.0300 -0.2442
v 7.9760 0.0300 -0.2375
v 7.9743 0.0300 -0.2312
v 7.9737 0.0300 -0.2246
v 7.9709 0.0300 -0.2186
v 7.9679 0.0300 -0.2127
v 7.9630 0.0300 -0.2082
v 7.9594 0.0300 -0.2026
v 7.9535 0.0300 -0.1994
v 7.9481 0.0300 -0.1957
v 7.9415 0.0300 -0.1943
v 7.9356 0.0300 -0.1912
v 7.9289 0.0300 -0.1919
v 7.9225 0.0300 -0.1934
v 7.9157 0.0300 -0.1917
v 7.9094 0.0300 -0.1937
v 7.9027 0.0300 -0.1950
v 7.8976 0.0300 -0.1995
v 7.8920 0.0300 -0.2032
v 7.8879 0.0300 -0.2084
v 7.8858 0.0300 -0.2150
v 7.8818 0.0300 -0.2200
v 7.8772 0.0300 -0.2253
v 7.8753 0.0300 -0.2318
v 7.8744 0.0300 -0.2385
v 7.8742 0.0300 -0.2453
v 7.8773 0.0300 -0.2516
v 7.8805 0.0300 -0.2574
v 7.8818 0.0300 -0.2638
v 7.8847 0.0300 -0.2696
v 7.8900 0.0300 -0.2737
v 7.8940 0.0300 -0.2788
v 7.8994 0.0300 -0.2822
v 7.9044 0.0300 -0.2866
v 7.9103 0.0300 -0.2897
v 7.9167 0.0300 -0.2914
v 7.9233 0.0300 -0.2931
v 7.9299 0.0300 -0.2903
v 7.9365 0.0300 -0.2904
v 7.9425 0.0300 -0.2878
v 7.9262 0.0300 -0.2413
v 7.9262 0.0300 -0.2413
v 7.9262 0.0300 -0.2413
v 7.9262 0.0300 -0.2413
v 7.9262 0.0300 -0.2413
v 7.9262 0.0300 -0.2413
v 7.9262 0.0300 -0.2413
v 7.9262 0.0300 -0.2413
v 7.9262 0.0300 -0.2413
v 7.9262 0.0300 -0.2413
v 7.9262 0.0300 -0.2413
v 7.9262 0.0300 -0.2413
v 7.9262 0.0300 -0.2413
v 7.9262 0.0300 -0.2413
v 7.9262 0.0300 -0.2413
v 7.9262 0.0300 -0.2413
v 7.9262 0.0300 -0.2413
v 7.9262 0.0300 -0.2413
v 7.9262 0.0300 -0.2413
v 7.9262 0.0300 -0.2413
v 7.9262 0.0300 -0.2413
v 7.9262 0.0300 -0.2413
v 7.9262 0.0300 -0.2413
v 7.9262 0.0300 -0.2413
v 7.9262 0.0300 -0.2413
v 7.9262 0.0300 -0.2413
v 7.9262 0.0300 -0.2413
v 7.9262 0.0300 -0.2413
v 7.9262 0.0300 -0.2413
v 7.9262 0.0300 -0.2413
v 7.9262 0.0300 -0.2413
v 7.9262 0.0300 -0.2413
v 7.9262 0.0300 -0.2413
v 7.9262 0.0300 -0.2413
v 7.9262 0.0300 -0.2413
v 7.9262 0.0300 -0.2413
v 7.9262 0.0300 -0.2413
v 7.9262 0.0300 -0.2413
v 7.9262 0.0300 -0.2413
v 7.9262 0.0300 -0.2413
v 7.9262 0.0300 -0.2413
v 7.9262 0.0300 -0.2413
v 7.9262 0.0300 -0.2413
v 7.9262 0.0300 -0.2413
v 7.9262 0.0300 -0.2413
v 7.9262 0.0300 -0.2413
v 7.9262 0.0300 -0.2413
v 7.9262 0.0300 -0.2413
v 7.9363 0.1070 -0.2613
v 7.9363 0.0300 -0.2613
v 7.9475 0.1070 -0.2483
v 7.9475 0.0300 -0.2483
v 7.9462 0.1070 -0.2312
v 7.9462 0.0300 -0.2312
v 7.9331 0.1070 -0.2200
v 7.9331 0.0300 -0.2200
v 7.9160 0.1070 -0.2213
v 7.9160 0.0300 -0.2213
v 7.9048 0.1070 -0.2343
v 7.9048 0.0300 -0.2343
v 7.9061 0.1070 -0.2514
v 7.9061 0.0300 -0.2514
v 7.9192 0.1070 -0.2626
v 7.9192 0.0300 -0.2626
v 7.9262 0.1070 -0.2413
v 7.9262 0.0300 -0.2413
vn -0.8540 -0.3438 -0.3904
usemtl leaf_5
f 2883//2769 2931//2769 2932//2769 2884//2769
vn -0.2360 -0.9717 0.0098
f 2884//2770 2932//2770 2933//2770 2885//2770
vn 0.6978 -0.2245 0.6803
f 2885//2771 2933//2771 2934//2771 2886//2771
vn 0.5466 -0.6473 0.5312
f 2886//2772 2934//2772 2935//2772 2887//2772
vn -0.2047 -0.9118 -0.3559
f 2887//2773 2935//2773 2936//2773 2888//2773
vn 0.1693 -0.4345 0.8846
f 2888//2774 2936//2774 2937//2774 2889//2774
vn -0.2944 -0.1354 -0.9460
f 2889//2775 2937//2775 2938//2775 2890//2775
vn -0.1944 -0.9620 0.1918
f 2890//2776 2938//2776 2939//2776 2891//2776
vn -0.0884 -0.6772 0.7304
f 2891//2777 2939//2777 2940//2777 2892//2777
vn 0.0997 -0.8188 0.5654
usemtl leaf_4
f 2892//2778 2940//2778 2941//2778 2893//2778
vn 0.0076 -0.7111 0.7031
usemtl leaf_5
f 2893//2779 2941//2779 2942//2779 2894//2779
vn 0.2989 -0.5788 -0.7587
f 2894//2780 2942//2780 2943//2780 2895//2780
vn -0.5790 -0.2808 0.7655
usemtl leaf_4
f 2895//2781 2943//2781 2944//2781 2896//2781
vn 0.3253 -0.6779 -0.6593
usemtl leaf_5
f 2896//2782 2944//2782 2945//2782 2897//2782
vn -0.5644 -0.5101 0.6491
f 2897//2783 2945//2783 2946//2783 2898//2783
vn 0.5186 -0.7872 -0.3337
f 2898//2784 2946//2784 2947//2784 2899//2784
vn 0.8131 -0.3288 -0.4805
usemtl leaf_4
f 2899//2785 2947//2785 2948//2785 2900//2785
vn -0.0289 -0.9853 -0.1685
usemtl leaf_5
f 2900//2786 2948//2786 2949//2786 2901//2786
vn 0.9277 -0.2791 -0.2478
usemtl leaf_4
f 2901//2787 2949//2787 2950//2787 2902//2787
vn -0.9379 -0.3172 0.1407
f 2902//2788 2950//2788 2951//2788 2903//2788
vn 0.6883 -0.7250 -0.0267
usemtl leaf_5
f 2903//2789 2951//2789 2952//2789 2904//2789
vn -0.9423 -0.2940 -0.1601
usemtl leaf_4
f 2904//2790 2952//2790 2953//2790 2905//2790
vn 0.6150 -0.7849 0.0763
usemtl leaf_5
f 2905//2791 2953//2791 2954//2791 2906//2791
vn -0.8877 -0.2060 -0.4119
f 2906//2792 2954//2792 2955//2792 2907//2792
vn 0.6521 -0.6489 0.3921
f 2907//2793 2955//2793 2956//2793 2908//2793
vn -0.7542 -0.3887 -0.5293
f 2908//2794 2956//2794 2957//2794 2909//2794
vn 0.6868 -0.1761 0.7052
f 2909//2795 2957//2795 2958//2795 2910//2795
vn -0.5652 -0.3456 -0.7491
f 2910//2796 2958//2796 2959//2796 2911//2796
vn 0.5022 -0.1435 0.8527
f 2911//2797 2959//2797 2960//2797 2912//2797
vn -0.2388 -0.5337 -0.8113
usemtl leaf_4
f 2912//2798 2960//2798 2961//2798 2913//2798
vn -0.2354 -0.5655 -0.7904
usemtl leaf_5
f 2913//2799 2961//2799 2962//2799 2914//2799
vn -0.1508 -0.4737 -0.8677
f 2914//2800 2962//2800 2963//2800 2915//2800
vn -0.0420 -0.4713 -0.8810
f 2915//2801 2963//2801 2964//2801 2916//2801
vn -0.1475 -0.2639 0.9532
f 2916//2802 2964//2802 2965//2802 2917//2802
vn -0.2776 -0.3437 0.8971
usemtl leaf_4
f 2917//2803 2965//2803 2966//2803 2918//2803
vn 0.2686 -0.8732 -0.4067
usemtl leaf_5
f 2918//2804 2966//2804 2967//2804 2919//2804
vn 0.6122 -0.3812 -0.6927
f 2919//2805 2967//2805 2968//2805 2920//2805
vn 0.6493 -0.6982 -0.3016
f 2920//2806 2968//2806 2969//2806 2921//2806
vn 0.6914 -0.3111 -0.6521
f 2921//2807 2969//2807 2970//2807 2922//2807
vn -0.5573 -0.8194 0.1344
f 2922//2808 2970//2808 2971//2808 2923//2808
vn -0.8479 -0.3445 0.4029
f 2923//2809 2971//2809 2972//2809 2924//2809
vn 0.8804 -0.2918 -0.3738
f 2924//2810 2972//2810 2973//2810 2925//2810
vn -0.9094 -0.2807 0.3069
f 2925//2811 2973//2811 2974//2811 2926//2811
vn -0.0128 -0.9264 0.3763
usemtl leaf_4
f 2926//2812 2974//2812 2975//2812 2927//2812
vn 0.7961 -0.5961 0.1041
usemtl leaf_5
f 2927//2813 2975//2813 2976//2813 2928//2813
vn -0.9205 -0.3810 -0.0872
f 2928//2814 2976//2814 2977//2814 2929//2814
vn 0.8766 -0.3874 0.2855
f 2929//2815 2977//2815 2978//2815 2930//2815
vn -0.7076 -0.6613 -0.2491
usemtl leaf_4
f 2930//2816 2978//2816 2931//2816 2883//2816
vn -0.3126 -0.9498 0.0096
usemtl leaf_5
f 2931//2817 2979//2817 2980//2817 2932//2817
vn 0.6411 -0.6269 0.4427
f 2932//2818 2980//2818 2981//2818 2933//2818
vn 0.3035 -0.8542 0.4221
f 2933//2819 2981//2819 2982//2819 2934//2819
vn -0.1327 -0.9064 0.4011
f 2934//2820 2982//2820 2983//2820 2935//2820
vn -0.5460 -0.7104 -0.4442
usemtl leaf_4
f 2935//2821 2983//2821 2984//2821 2936//2821
vn -0.4833 -0.7760 -0.4052
f 2936//2822 2984//2822 2985//2822 2937//2822
vn -0.2506 -0.9658 -0.0670
usemtl leaf_5
f 2937//2823 2985//2823 2986//2823 2938//2823
vn 0.0141 -0.9883 -0.1516
f 2938//2824 2986//2824 2987//2824 2939//2824
vn 0.0450 -0.5861 0.8090
usemtl leaf_4
f 2939//2825 2987//2825 2988//2825 2940//2825
vn -0.0834 -0.9821 -0.1690
usemtl leaf_5
f 2940//2826 2988//2826 2989//2826 2941//2826
vn -0.2965 -0.9550 -0.0104
f 2941//2827 2989//2827 2990//2827 2942//2827
vn 0.2054 -0.6120 -0.7637
f 2942//2828 2990//2828 2991//2828 2943//2828
vn -0.1894 -0.9791 -0.0745
f 2943//2829 2991//2829 2992//2829 2944//2829
vn -0.6048 -0.6381 0.4765
f 2944//2830 2992//2830 2993//2830 2945//2830
vn -0.5873 -0.7807 0.2134
f 2945//2831 2993//2831 2994//2831 2946//2831
vn 0.0270 -0.9641 -0.2642
f 2946//2832 2994//2832 2995//2832 2947//2832
vn 0.2412 -0.9683 -0.0648
f 2947//2833 2995//2833 2996//2833 2948//2833
vn 0.7570 -0.5913 -0.2781
usemtl leaf_4
f 2948//2834 2996//2834 2997//2834 2949//2834
vn -0.5096 -0.8527 0.1152
usemtl leaf_5
f 2949//2835 2997//2835 2998//2835 2950//2835
vn -0.1148 -0.9923 0.0475
f 2950//2836 2998//2836 2999//2836 2951//2836
vn 0.7794 -0.6175 -0.1063
f 2951//2837 2999//2837 3000//2837 2952//2837
vn -0.5410 -0.7476 -0.3851
f 2952//2838 3000//2838 3001//2838 2953//2838
vn -0.0919 -0.9283 -0.3602
usemtl leaf_4
f 2953//2839 3001//2839 3002//2839 2954//2839
vn -0.7031 -0.5499 -0.4508
usemtl leaf_5
f 2954//2840 3002//2840 3003//2840 2955//2840
vn 0.1855 -0.9419 -0.2800
f 2955//2841 3003//2841 3004//2841 2956//2841
vn -0.5534 -0.5504 -0.6252
f 2956//2842 3004//2842 3005//2842 2957//2842
vn 0.5022 -0.6339 0.5882
f 2957//2843 3005//2843 3006//2843 2958//2843
vn 0.1517 -0.9696 0.1918
f 2958//2844 3006//2844 3007//2844 2959//2844
vn 0.4816 -0.4084 0.7755
f 2959//2845 3007//2845 3008//2845 2960//2845
vn 0.1249 -0.9883 -0.0871
usemtl leaf_3
f 2960//2846 3008//2846 3009//2846 2961//2846
vn 0.3097 -0.8356 -0.4536
usemtl leaf_5
f 2961//2847 3009//2847 3010//2847 2962//2847
vn 0.0699 -0.5005 -0.8629
f 2962//2848 3010//2848 3011//2848 2963//2848
vn 0.2793 -0.9590 0.0475
f 2963//2849 3011//2849 3012//2849 2964//2849
vn 0.1220 -0.8915 0.4362
f 2964//2850 3012//2850 3013//2850 2965//2850
vn -0.1193 -0.9028 0.4132
f 2965//2851 3013//2851 3014//2851 2966//2851
vn -0.2945 -0.7683 0.5683
f 2966//2852 3014//2852 3015//2852 2967//2852
vn -0.2299 -0.8339 0.5018
usemtl leaf_4
f 2967//2853 3015//2853 3016//2853 2968//2853
vn 0.5480 -0.6871 -0.4772
f 2968//2854 3016//2854 3017//2854 2969//2854
vn 0.7129 -0.3917 -0.5816
usemtl leaf_5
f 2969//2855 3017//2855 3018//2855 2970//2855
vn 0.3008 -0.9535 0.0206
f 2970//2856 3018//2856 3019//2856 2971//2856
vn -0.6730 -0.5821 0.4564
f 2971//2857 3019//2857 3020//2857 2972//2857
vn 0.0250 -0.9476 0.3185
f 2972//2858 3020//2858 3021//2858 2973//2858
vn -0.7207 -0.5974 0.3518
f 2973//2859 3021//2859 3022//2859 2974//2859
vn -0.4856 -0.8269 0.2835
f 2974//2860 3022//2860 3023//2860 2975//2860
vn 0.7669 -0.5753 0.2843
f 2975//2861 3023//2861 3024//2861 2976//2861
vn -0.4429 -0.8771 0.1857
f 2976//2862 3024//2862 3025//2862 2977//2862
vn 0.6951 -0.6538 0.2990
usemtl leaf_4
f 2977//2863 3025//2863 3026//2863 2978//2863
vn -0.8126 -0.5623 -0.1531
usemtl leaf_5
f 2978//2864 3026//2864 2979//2864 2931//2864
vn -0.1413 -0.9880 0.0622
f 2979//2865 3027//2865 3028//2865 2980//2865
vn 0.5176 -0.6256 0.5838
f 2980//2866 3028//2866 3029//2866 2981//2866
vn -0.3667 -0.9154 -0.1663
f 2981//2867 3029//2867 3030//2867 2982//2867
vn -0.3129 -0.9496 -0.0200
f 2982//2868 3030//2868 3031//2868 2983//2868
vn -0.6438 -0.6452 -0.4113
usemtl leaf_4
f 2983//2869 3031//2869 3032//2869 2984//2869
vn -0.4296 -0.8845 0.1817
usemtl leaf_5
f 2984//2870 3032//2870 3033//2870 2985//2870
vn -0.1779 -0.8655 0.4683
f 2985//2871 3033//2871 3034//2871 2986//2871
vn -0.0915 -0.8341 0.5440
usemtl leaf_4
f 2986//2872 3034//2872 3035//2872 2987//2872
vn 0.0108 -0.7167 0.6973
usemtl leaf_5
f 2987//2873 3035//2873 3036//2873 2988//2873
vn 0.0964 -0.7284 -0.6784
f 2988//2874 3036//2874 3037//2874 2989//2874
vn -0.1083 -0.9176 -0.3825
f 2989//2875 3037//2875 3038//2875 2990//2875
vn -0.1250 -0.8067 -0.5775
usemtl leaf_4
f 2990//2876 3038//2876 3039//2876 2991//2876
vn -0.2301 -0.9254 -0.3013
f 2991//2877 3039//2877 3040//2877 2992//2877
vn -0.5437 -0.8329 0.1030
usemtl leaf_5
f 2992//2878 3040//2878 3041//2878 2993//2878
vn -0.5968 -0.7878 0.1524
usemtl leaf_4
f 2993//2879 3041//2879 3042//2879 2994//2879
vn -0.4180 -0.9084 -0.0109
usemtl leaf_5
f 2994//2880 3042//2880 3043//2880 2995//2880
vn 0.0824 -0.8460 -0.5268
f 2995//2881 3043//2881 3044//2881 2996//2881
vn 0.0568 -0.9439 -0.3252
f 2996//2882 3044//2882 3045//2882 2997//2882
vn -0.1961 -0.9802 -0.0259
f 2997//2883 3045//2883 3046//2883 2998//2883
vn -0.0179 -0.9779 -0.2083
f 2998//2884 3046//2884 3047//2884 2999//2884
vn 0.6309 -0.7752 -0.0327
usemtl leaf_4
f 2999//2885 3047//2885 3048//2885 3000//2885
vn 0.4000 -0.9129 -0.0808
usemtl leaf_5
f 3000//2886 3048//2886 3049//2886 3001//2886
vn -0.1275 -0.8786 -0.4603
f 3001//2887 3049//2887 3050//2887 3002//2887
vn -0.2611 -0.7368 -0.6236
f 3002//2888 3050//2888 3051//2888 3003//2888
vn -0.2936 -0.7924 -0.5346
f 3003//2889 3051//2889 3052//2889 3004//2889
vn -0.4472 -0.7039 -0.5519
f 3004//2890 3052//2890 3053//2890 3005//2890
vn 0.5624 -0.8268 0.0143
f 3005//2891 3053//2891 3054//2891 3006//2891
vn 0.5889 -0.7751 0.2289
f 3006//2892 3054//2892 3055//2892 3007//2892
vn 0.5687 -0.6591 0.4920
f 3007//2893 3055//2893 3056//2893 3008//2893
vn 0.2105 -0.9762 -0.0527
usemtl leaf_4
f 3008//2894 3056//2894 3057//2894 3009//2894
vn -0.0101 -0.9998 -0.0179
f 3009//2895 3057//2895 3058//2895 3010//2895
vn 0.0069 -0.6578 -0.7531
f 3010//2896 3058//2896 3059//2896 3011//2896
vn 0.1450 -0.9887 0.0373
usemtl leaf_5
f 3011//2897 3059//2897 3060//2897 3012//2897
vn 0.1532 -0.9835 0.0963
f 3012//2898 3060//2898 3061//2898 3013//2898
vn 0.2069 -0.9534 0.2194
usemtl leaf_4
f 3013//2899 3061//2899 3062//2899 3014//2899
vn 0.0910 -0.9763 0.1965
usemtl leaf_5
f 3014//2900 3062//2900 3063//2900 3015//2900
vn -0.2961 -0.6478 0.7019
f 3015//2901 3063//2901 3064//2901 3016//2901
vn 0.5090 -0.8048 -0.3052
usemtl leaf_4
f 3016//2902 3064//2902 3065//2902 3017//2902
vn 0.6730 -0.6916 -0.2624
usemtl leaf_5
f 3017//2903 3065//2903 3066//2903 3018//2903
vn 0.4953 -0.8459 0.1978
f 3018//2904 3066//2904 3067//2904 3019//2904
vn -0.0318 -0.9194 0.3920
f 3019//2905 3067//2905 3068//2905 3020//2905
vn -0.3456 -0.9142 0.2117
f 3020//2906 3068//2906 3069//2906 3021//2906
vn -0.4210 -0.8681 0.2630
usemtl leaf_4
f 3021//2907 3069//2907 3070//2907 3022//2907
vn -0.6758 -0.6762 0.2934
usemtl leaf_5
f 3022//2908 3070//2908 3071//2908 3023//2908
vn 0.7220 -0.6735 0.1587
f 3023//2909 3071//2909 3072//2909 3024//2909
vn 0.5367 -0.8398 0.0815
usemtl leaf_4
f 3024//2910 3072//2910 3073//2910 3025//2910
vn 0.2781 -0.9601 0.0281
usemtl leaf_5
f 3025//2911 3073//2911 3074//2911 3026//2911
vn -0.6279 -0.7225 -0.2893
f 3026//2912 3074//2912 3027//2912 2979//2912
vn -0.3220 -0.9190 0.2275
usemtl leaf_4
f 3027//2913 3075//2913 3076//2913 3028//2913
vn 0.1703 -0.7770 0.6060
usemtl leaf_5
f 3028//2914 3076//2914 3077//2914 3029//2914
vn -0.6073 -0.7722 0.1870
f 3029//2915 3077//2915 3078//2915 3030//2915
vn -0.6267 -0.7729 0.0994
usemtl leaf_4
f 3030//2916 3078//2916 3079//2916 3031//2916
vn -0.7078 -0.5543 -0.4379
usemtl leaf_5
f 3031//2917 3079//2917 3080//2917 3032//2917
vn -0.0696 -0.6787 0.7311
usemtl leaf_3
f 3032//2918 3080//2918 3081//2918 3033//2918
vn -0.3341 -0.9324 0.1381
usemtl leaf_5
f 3033//2919 3081//2919 3082//2919 3034//2919
vn -0.0887 -0.6118 0.7860
f 3034//2920 3082//2920 3083//2920 3035//2920
vn -0.3517 -0.8975 0.2660
f 3035//2921 3083//2921 3084//2921 3036//2921
vn -0.3286 -0.7859 -0.5238
f 3036//2922 3084//2922 3085//2922 3037//2922
vn -0.1340 -0.6562 -0.7426
f 3037//2923 3085//2923 3086//2923 3038//2923
vn -0.3423 -0.8351 -0.4306
usemtl leaf_4
f 3038//2924 3086//2924 3087//2924 3039//2924
vn -0.3983 -0.9101 -0.1139
f 3039//2925 3087//2925 3088//2925 3040//2925
vn -0.3656 -0.9278 -0.0745
usemtl leaf_5
f 3040//2926 3088//2926 3089//2926 3041//2926
vn -0.5506 -0.8277 -0.1084
usemtl leaf_4
f 3041//2927 3089//2927 3090//2927 3042//2927
vn -0.5542 -0.7751 -0.3034
f 3042//2928 3090//2928 3091//2928 3043//2928
vn 0.0441 -0.8505 -0.5242
f 3043//2929 3091//2929 3092//2929 3044//2929
vn -0.4524 -0.8484 -0.2749
usemtl leaf_5
f 3044//2930 3092//2930 3093//2930 3045//2930
vn -0.1424 -0.8655 -0.4802
f 3045//2931 3093//2931 3094//2931 3046//2931
vn -0.1676 -0.9203 -0.3535
f 3046//2932 3094//2932 3095//2932 3047//2932
vn 0.5912 -0.6919 -0.4144
f 3047//2933 3095//2933 3096//2933 3048//2933
vn 0.5378 -0.7227 -0.4341
f 3048//2934 3096//2934 3097//2934 3049//2934
vn -0.2472 -0.8798 -0.4061
usemtl leaf_4
f 3049//2935 3097//2935 3098//2935 3050//2935
vn 0.1252 -0.9498 -0.2866
usemtl leaf_5
f 3050//2936 3098//2936 3099//2936 3051//2936
vn -0.3814 -0.6543 -0.6530
f 3051//2937 3099//2937 3100//2937 3052//2937
vn 0.2616 -0.7611 -0.5935
f 3052//2938 3100//2938 3101//2938 3053//2938
vn 0.2000 -0.8703 -0.4501
f 3053//2939 3101//2939 3102//2939 3054//2939
vn 0.3275 -0.9406 0.0898
f 3054//2940 3102//2940 3103//2940 3055//2940
vn 0.3759 -0.8317 0.4086
f 3055//2941 3103//2941 3104//2941 3056//2941
vn 0.2702 -0.9608 -0.0622
f 3056//2942 3104//2942 3105//2942 3057//2942
vn 0.3568 -0.8900 -0.2838
f 3057//2943 3105//2943 3106//2943 3058//2943
vn 0.5845 -0.8099 0.0498
f 3058//2944 3106//2944 3107//2944 3059//2944
vn 0.6832 -0.6431 -0.3460
f 3059//2945 3107//2945 3108//2945 3060//2945
vn 0.5357 -0.8443 -0.0154
usemtl leaf_4
f 3060//2946 3108//2946 3109//2946 3061//2946
vn 0.3401 -0.9175 0.2062
f 3061//2947 3109//2947 3110//2947 3062//2947
vn 0.3888 -0.8640 0.3199
usemtl leaf_5
f 3062//2948 3110//2948 3111//2948 3063//2948
vn 0.0854 -0.8918 0.4443
f 3063//2949 3111//2949 3112//2949 3064//2949
vn 0.1627 -0.9687 0.1873
usemtl leaf_4
f 3064//2950 3112//2950 3113//2950 3065//2950
vn 0.5575 -0.8301 0.0127
usemtl leaf_5
f 3065//2951 3113//2951 3114//2951 3066//2951
vn 0.4122 -0.8859 0.2127
f 3066//2952 3114//2952 3115//2952 3067//2952
vn 0.4526 -0.8802 0.1427
f 3067//2953 3115//2953 3116//2953 3068//2953
vn -0.0403 -0.9211 0.3873
f 3068//2954 3116//2954 3117//2954 3069//2954
vn -0.4133 -0.8402 0.3512
f 3069//2955 3117//2955 3118//2955 3070//2955
vn -0.4112 -0.8967 0.1641
f 3070//2956 3118//2956 3119//2956 3071//2956
vn 0.5136 -0.8453 0.1469
f 3071//2957 3119//2957 3120//2957 3072//2957
vn 0.3415 -0.8190 0.4612
f 3072//2958 3120//2958 3121//2958 3073//2958
vn 0.0132 -0.8348 0.5503
f 3073//2959 3121//2959 3122//2959 3074//2959
vn -0.6598 -0.7295 0.1804
f 3074//2960 3122//2960 3075//2960 3027//2960
vn 0.0580 -0.9638 0.2604
f 3075//2961 3123//2961 3124//2961 3076//2961
vn -0.1566 -0.9753 0.1556
f 3076//2962 3124//2962 3125//2962 3077//2962
vn -0.3916 -0.9197 0.0270
usemtl leaf_4
f 3077//2963 3125//2963 3126//2963 3078//2963
vn -0.4782 -0.8768 -0.0505
usemtl leaf_5
f 3078//2964 3126//2964 3127//2964 3079//2964
vn -0.4539 -0.8346 -0.3120
f 3079//2965 3127//2965 3128//2965 3080//2965
vn -0.0385 -0.8024 0.5955
usemtl leaf_4
f 3080//2966 3128//2966 3129//2966 3081//2966
vn -0.3361 -0.9224 0.1903
usemtl leaf_5
f 3081//2967 3129//2967 3130//2967 3082//2967
vn -0.2334 -0.6625 0.7118
f 3082//2968 3130//2968 3131//2968 3083//2968
vn -0.5813 -0.7718 -0.2578
f 3083//2969 3131//2969 3132//2969 3084//2969
vn -0.5816 -0.7839 -0.2171
f 3084//2970 3132//2970 3133//2970 3085//2970
vn -0.2076 -0.7813 -0.5886
f 3085//2971 3133//2971 3134//2971 3086//2971
vn -0.1654 -0.9835 -0.0728
f 3086//2972 3134//2972 3135//2972 3087//2972
vn -0.1859 -0.9793 -0.0800
usemtl leaf_4
f 3087//2973 3135//2973 3136//2973 3088//2973
vn -0.1966 -0.8014 -0.5649
f 3088//2974 3136//2974 3137//2974 3089//2974
vn -0.5450 -0.7300 -0.4125
f 3089//2975 3137//2975 3138//2975 3090//2975
vn -0.5992 -0.7599 -0.2520
usemtl leaf_5
f 3090//2976 3138//2976 3139//2976 3091//2976
vn -0.3931 -0.8669 -0.3066
f 3091//2977 3139//2977 3140//2977 3092//2977
vn -0.2636 -0.9405 -0.2145
f 3092//2978 3140//2978 3141//2978 3093//2978
vn -0.1148 -0.9601 -0.2549
f 3093//2979 3141//2979 3142//2979 3094//2979
vn 0.0919 -0.8471 -0.5234
f 3094//2980 3142//2980 3143//2980 3095//2980
vn 0.5157 -0.7416 -0.4291
usemtl leaf_4
f 3095//2981 3143//2981 3144//2981 3096//2981
vn 0.3396 -0.8812 -0.3288
usemtl leaf_5
f 3096//2982 3144//2982 3145//2982 3097//2982
vn -0.1160 -0.7983 -0.5910
f 3097//2983 3145//2983 3146//2983 3098//2983
vn 0.0293 -0.8488 -0.5280
f 3098//2984 3146//2984 3147//2984 3099//2984
vn -0.0013 -0.8590 -0.5120
usemtl leaf_4
f 3099//2985 3147//2985 3148//2985 3100//2985
vn 0.0910 -0.8684 -0.4874
usemtl leaf_5
f 3100//2986 3148//2986 3149//2986 3101//2986
vn 0.2493 -0.8127 -0.5267
f 3101//2987 3149//2987 3150//2987 3102//2987
vn 0.4883 -0.7757 -0.3998
f 3102//2988 3150//2988 3151//2988 3103//2988
vn 0.5223 -0.8526 0.0190
f 3103//2989 3151//2989 3152//2989 3104//2989
vn 0.5855 -0.7536 0.2990
f 3104//2990 3152//2990 3153//2990 3105//2990
vn 0.3843 -0.8053 -0.4514
f 3105//2991 3153//2991 3154//2991 3106//2991
vn 0.3407 -0.9172 0.2065
f 3106//2992 3154//2992 3155//2992 3107//2992
vn 0.3131 -0.9437 -0.1069
f 3107//2993 3155//2993 3156//2993 3108//2993
vn 0.5998 -0.7884 -0.1368
f 3108//2994 3156//2994 3157//2994 3109//2994
vn 0.5500 -0.8345 -0.0342
f 3109//2995 3157//2995 3158//2995 3110//2995
vn 0.2212 -0.9560 0.1926
f 3110//2996 3158//2996 3159//2996 3111//2996
vn 0.2215 -0.8536 0.4714
f 3111//2997 3159//2997 3160//2997 3112//2997
vn 0.3470 -0.7850 0.5131
usemtl leaf_4
f 3112//2998 3160//2998 3161//2998 3113//2998
vn 0.5015 -0.7873 0.3588
usemtl leaf_5
f 3113//2999 3161//2999 3162//2999 3114//2999
vn 0.5037 -0.6795 0.5334
usemtl leaf_4
f 3114//3000 3162//3000 3163//3000 3115//3000
vn 0.5971 -0.5983 0.5343
usemtl leaf_5
f 3115//3001 3163//3001 3164//3001 3116//3001
vn 0.2680 -0.6651 0.6970
usemtl leaf_4
f 3116//3002 3164//3002 3165//3002 3117//3002
vn 0.0772 -0.7869 0.6122
usemtl leaf_5
f 3117//3003 3165//3003 3166//3003 3118//3003
vn -0.1776 -0.8357 0.5197
f 3118//3004 3166//3004 3167//3004 3119//3004
vn 0.3591 -0.8314 0.4241
f 3119//3005 3167//3005 3168//3005 3120//3005
vn -0.0589 -0.9138 0.4019
f 3120//3006 3168//3006 3169//3006 3121//3006
vn 0.0020 -0.8655 0.5009
f 3121//3007 3169//3007 3170//3007 3122//3007
vn -0.3360 -0.9080 0.2502
f 3122//3008 3170//3008 3123//3008 3075//3008
vn -0.2866 -0.8040 0.5210
f 3123//3009 3171//3009 3172//3009 3124//3009
vn -0.6761 -0.6094 0.4142
usemtl leaf_4
f 3124//3010 3172//3010 3173//3010 3125//3010
vn -0.6409 -0.6139 0.4608
usemtl leaf_5
f 3125//3011 3173//3011 3174//3011 3126//3011
vn -0.6701 -0.7120 0.2099
usemtl leaf_4
f 3126//3012 3174//3012 3175//3012 3127//3012
vn -0.5864 -0.8006 0.1234
f 3127//3013 3175//3013 3176//3013 3128//3013
vn -0.2532 -0.8223 0.5097
usemtl leaf_5
f 3128//3014 3176//3014 3177//3014 3129//3014
vn -0.6087 -0.7934 0.0068
f 3129//3015 3177//3015 3178//3015 3130//3015
vn -0.6019 -0.5706 0.5586
f 3130//3016 3178//3016 3179//3016 3131//3016
vn -0.6938 -0.6883 -0.2117
f 3131//3017 3179//3017 3180//3017 3132//3017
vn -0.5960 -0.8027 0.0227
f 3132//3018 3180//3018 3181//3018 3133//3018
vn -0.3838 -0.9054 -0.1814
f 3133//3019 3181//3019 3182//3019 3134//3019
vn -0.3660 -0.9139 -0.1756
f 3134//3020 3182//3020 3183//3020 3135//3020
vn -0.3147 -0.7066 -0.6338
f 3135//3021 3183//3021 3184//3021 3136//3021
vn -0.2616 -0.7425 -0.6166
usemtl leaf_4
f 3136//3022 3184//3022 3185//3022 3137//3022
vn -0.3658 -0.8230 -0.4347
usemtl leaf_3
f 3137//3023 3185//3023 3186//3023 3138//3023
vn -0.6929 -0.7051 -0.1507
f 3138//3024 3186//3024 3187//3024 3139//3024
vn -0.3417 -0.7362 -0.5841
usemtl leaf_4
f 3139//3025 3187//3025 3188//3025 3140//3025
vn -0.5391 -0.5898 -0.6012
usemtl leaf_5
f 3140//3026 3188//3026 3189//3026 3141//3026
vn -0.1249 -0.6128 -0.7803
f 3141//3027 3189//3027 3190//3027 3142//3027
vn 0.1218 -0.6886 -0.7149
usemtl leaf_4
f 3142//3028 3190//3028 3191//3028 3143//3028
vn 0.0691 -0.8388 -0.5401
usemtl leaf_5
f 3143//3029 3191//3029 3192//3029 3144//3029
vn 0.2369 -0.9127 -0.3328
f 3144//3030 3192//3030 3193//3030 3145//3030
vn -0.0194 -0.9643 -0.2640
f 3145//3031 3193//3031 3194//3031 3146//3031
vn 0.0203 -0.9114 -0.4110
usemtl leaf_4
f 3146//3032 3194//3032 3195//3032 3147//3032
vn 0.5124 -0.7193 -0.4691
usemtl leaf_5
f 3147//3033 3195//3033 3196//3033 3148//3033
vn 0.2447 -0.5637 -0.7889
usemtl leaf_4
f 3148//3034 3196//3034 3197//3034 3149//3034
vn 0.6960 -0.5628 -0.4459
usemtl leaf_5
f 3149//3035 3197//3035 3198//3035 3150//3035
vn 0.4090 -0.5893 -0.6967
f 3150//3036 3198//3036 3199//3036 3151//3036
vn 0.5748 -0.7441 -0.3404
usemtl leaf_4
f 3151//3037 3199//3037 3200//3037 3152//3037
vn 0.4686 -0.8747 0.1239
usemtl leaf_5
f 3152//3038 3200//3038 3201//3038 3153//3038
vn 0.4153 -0.8969 -0.1521
f 3153//3039 3201//3039 3202//3039 3154//3039
vn 0.5934 -0.7930 -0.1381
f 3154//3040 3202//3040 3203//3040 3155//3040
vn 0.5614 -0.8216 0.0987
f 3155//3041 3203//3041 3204//3041 3156//3041
vn 0.5094 -0.8575 0.0721
f 3156//3042 3204//3042 3205//3042 3157//3042
vn 0.6465 -0.7592 -0.0753
usemtl leaf_4
f 3157//3043 3205//3043 3206//3043 3158//3043
vn 0.6718 -0.6403 0.3724
usemtl leaf_5
f 3158//3044 3206//3044 3207//3044 3159//3044
vn 0.4284 -0.8132 0.3938
f 3159//3045 3207//3045 3208//3045 3160//3045
vn 0.1537 -0.8902 0.4288
f 3160//3046 3208//3046 3209//3046 3161//3046
vn 0.3671 -0.8911 0.2667
usemtl leaf_4
f 3161//3047 3209//3047 3210//3047 3162//3047
vn 0.0414 -0.7801 0.6243
usemtl leaf_3
f 3162//3048 3210//3048 3211//3048 3163//3048
vn 0.6259 -0.7256 0.2859
usemtl leaf_5
f 3163//3049 3211//3049 3212//3049 3164//3049
vn 0.1876 -0.8259 0.5317
f 3164//3050 3212//3050 3213//3050 3165//3050
vn 0.4092 -0.8128 0.4147
f 3165//3051 3213//3051 3214//3051 3166//3051
vn 0.0466 -0.9557 0.2906
f 3166//3052 3214//3052 3215//3052 3167//3052
vn -0.1093 -0.8738 0.4739
f 3167//3053 3215//3053 3216//3053 3168//3053
vn -0.1476 -0.6556 0.7406
usemtl leaf_4
f 3168//3054 3216//3054 3217//3054 3169//3054
vn -0.2921 -0.6026 0.7427
f 3169//3055 3217//3055 3218//3055 3170//3055
vn 0.1220 -0.6539 0.7467
usemtl leaf_5
f 3170//3056 3218//3056 3171//3056 3123//3056
vn -0.5303 -0.6067 0.5922
f 3171//3057 3219//3057 3220//3057 3172//3057
vn -0.5495 -0.7290 0.4082
usemtl leaf_4
f 3172//3058 3220//3058 3221//3058 3173//3058
vn -0.7225 -0.6395 0.2627
f 3173//3059 3221//3059 3222//3059 3174//3059
vn -0.5416 -0.6154 0.5727
f 3174//3060 3222//3060 3223//3060 3175//3060
vn -0.3732 -0.8502 0.3714
f 3175//3061 3223//3061 3224//3061 3176//3061
vn -0.3936 -0.8321 0.3907
usemtl leaf_5
f 3176//3062 3224//3062 3225//3062 3177//3062
vn -0.6493 -0.7374 -0.1862
f 3177//3063 3225//3063 3226//3063 3178//3063
vn -0.7308 -0.6344 0.2520
f 3178//3064 3226//3064 3227//3064 3179//3064
vn -0.8702 -0.4919 -0.0288
f 3179//3065 3227//3065 3228//3065 3180//3065
vn -0.8321 -0.5417 0.1193
f 3180//3066 3228//3066 3229//3066 3181//3066
vn -0.7676 -0.6409 -0.0085
f 3181//3067 3229//3067 3230//3067 3182//3067
vn -0.5727 -0.7515 -0.3274
f 3182//3068 3230//3068 3231//3068 3183//3068
vn -0.1937 -0.6737 -0.7132
usemtl leaf_4
f 3183//3069 3231//3069 3232//3069 3184//3069
vn -0.4511 -0.7197 -0.5278
f 3184//3070 3232//3070 3233//3070 3185//3070
vn -0.4508 -0.8046 -0.3865
usemtl leaf_3
f 3185//3071 3233//3071 3234//3071 3186//3071
vn -0.5761 -0.7750 -0.2596
usemtl leaf_5
f 3186//3072 3234//3072 3235//3072 3187//3072
vn -0.1826 -0.7057 -0.6846
usemtl leaf_4
f 3187//3073 3235//3073 3236//3073 3188//3073
vn -0.4351 -0.6884 -0.5803
usemtl leaf_5
f 3188//3074 3236//3074 3237//3074 3189//3074
vn -0.2026 -0.7143 -0.6699
f 3189//3075 3237//3075 3238//3075 3190//3075
vn -0.1547 -0.8110 -0.5642
f 3190//3076 3238//3076 3239//3076 3191//3076
vn 0.0116 -0.8297 -0.5581
f 3191//3077 3239//3077 3240//3077 3192//3077
vn 0.1331 -0.7907 -0.5975
f 3192//3078 3240//3078 3241//3078 3193//3078
vn 0.3306 -0.6431 -0.6908
f 3193//3079 3241//3079 3242//3079 3194//3079
vn 0.3285 -0.5657 -0.7564
usemtl leaf_4
f 3194//3080 3242//3080 3243//3080 3195//3080
vn 0.6421 -0.6203 -0.4505
usemtl leaf_3
f 3195//3081 3243//3081 3244//3081 3196//3081
vn 0.3369 -0.6397 -0.6909
usemtl leaf_4
f 3196//3082 3244//3082 3245//3082 3197//3082
vn 0.5447 -0.6756 -0.4968
usemtl leaf_5
f 3197//3083 3245//3083 3246//3083 3198//3083
vn 0.1693 -0.7151 -0.6782
usemtl leaf_4
f 3198//3084 3246//3084 3247//3084 3199//3084
vn 0.4892 -0.8008 -0.3456
f 3199//3085 3247//3085 3248//3085 3200//3085
vn 0.6269 -0.7451 -0.2277
usemtl leaf_5
f 3200//3086 3248//3086 3249//3086 3201//3086
vn 0.6845 -0.7250 0.0759
f 3201//3087 3249//3087 3250//3087 3202//3087
vn 0.7689 -0.6393 0.0089
f 3202//3088 3250//3088 3251//3088 3203//3088
vn 0.8078 -0.5878 -0.0436
usemtl leaf_4
f 3203//3089 3251//3089 3252//3089 3204//3089
vn 0.7559 -0.6527 0.0507
usemtl leaf_5
f 3204//3090 3252//3090 3253//3090 3205//3090
vn 0.7433 -0.5764 0.3395
usemtl leaf_4
f 3205//3091 3253//3091 3254//3091 3206//3091
vn 0.7178 -0.6948 0.0450
usemtl leaf_5
f 3206//3092 3254//3092 3255//3092 3207//3092
vn 0.5568 -0.8168 0.1513
usemtl leaf_4
f 3207//3093 3255//3093 3256//3093 3208//3093
vn 0.2814 -0.7430 0.6073
usemtl leaf_5
f 3208//3094 3256//3094 3257//3094 3209//3094
vn 0.4510 -0.6981 0.5561
f 3209//3095 3257//3095 3258//3095 3210//3095
vn 0.1339 -0.6444 0.7529
usemtl leaf_4
f 3210//3096 3258//3096 3259//3096 3211//3096
vn 0.6399 -0.6556 0.4009
f 3211//3097 3259//3097 3260//3097 3212//3097
vn 0.2554 -0.6637 0.7030
usemtl leaf_5
f 3212//3098 3260//3098 3261//3098 3213//3098
vn 0.5632 -0.6702 0.4834
usemtl leaf_4
f 3213//3099 3261//3099 3262//3099 3214//3099
vn 0.2749 -0.7531 0.5978
usemtl leaf_5
f 3214//3100 3262//3100 3263//3100 3215//3100
vn -0.2619 -0.8564 0.4450
f 3215//3101 3263//3101 3264//3101 3216//3101
vn -0.3090 -0.8744 0.3741
f 3216//3102 3264//3102 3265//3102 3217//3102
vn -0.2997 -0.8123 0.5004
f 3217//3103 3265//3103 3266//3103 3218//3103
vn 0.1835 -0.6620 0.7267
f 3218//3104 3266//3104 3219//3104 3171//3104
vn -0.4042 -0.7105 0.5760
f 3219//3105 3267//3105 3268//3105 3220//3105
vn -0.5021 -0.6916 0.5192
f 3220//3106 3268//3106 3269//3106 3221//3106
vn -0.7182 -0.6781 0.1562
usemtl leaf_4
f 3221//3107 3269//3107 3270//3107 3222//3107
vn -0.3597 -0.7547 0.5487
usemtl leaf_3
f 3222//3108 3270//3108 3271//3108 3223//3108
vn -0.4722 -0.6577 0.5870
usemtl leaf_4
f 3223//3109 3271//3109 3272//3109 3224//3109
vn -0.7446 -0.6276 0.2274
usemtl leaf_5
f 3224//3110 3272//3110 3273//3110 3225//3110
vn -0.8225 -0.5666 -0.0486
usemtl leaf_4
f 3225//3111 3273//3111 3274//3111 3226//3111
vn -0.6888 -0.7130 0.1309
f 3226//3112 3274//3112 3275//3112 3227//3112
vn -0.7188 -0.6621 -0.2121
f 3227//3113 3275//3113 3276//3113 3228//3113
vn -0.8250 -0.5294 0.1978
usemtl leaf_3
f 3228//3114 3276//3114 3277//3114 3229//3114
vn -0.8635 -0.4930 -0.1067
usemtl leaf_5
f 3229//3115 3277//3115 3278//3115 3230//3115
vn -0.8475 -0.4237 -0.3197
f 3230//3116 3278//3116 3279//3116 3231//3116
vn -0.5198 -0.7040 -0.4839
usemtl leaf_4
f 3231//3117 3279//3117 3280//3117 3232//3117
vn -0.1800 -0.7254 -0.6644
usemtl leaf_5
f 3232//3118 3280//3118 3281//3118 3233//3118
vn -0.6502 -0.5156 -0.5581
usemtl leaf_4
f 3233//3119 3281//3119 3282//3119 3234//3119
vn -0.6120 -0.3807 -0.6932
usemtl leaf_5
f 3234//3120 3282//3120 3283//3120 3235//3120
vn -0.4686 -0.5099 -0.7214
usemtl leaf_3
f 3235//3121 3283//3121 3284//3121 3236//3121
vn -0.4147 -0.6534 -0.6333
usemtl leaf_4
f 3236//3122 3284//3122 3285//3122 3237//3122
vn -0.3431 -0.7196 -0.6037
f 3237//3123 3285//3123 3286//3123 3238//3123
vn -0.0211 -0.6236 -0.7815
f 3238//3124 3286//3124 3287//3124 3239//3124
vn -0.0191 -0.5239 -0.8516
usemtl leaf_5
f 3239//3125 3287//3125 3288//3125 3240//3125
vn -0.0085 -0.6939 -0.7200
usemtl leaf_4
f 3240//3126 3288//3126 3289//3126 3241//3126
vn 0.4397 -0.7697 -0.4629
f 3241//3127 3289//3127 3290//3127 3242//3127
vn 0.1764 -0.8033 -0.5689
f 3242//3128 3290//3128 3291//3128 3243//3128
vn 0.5366 -0.7531 -0.3808
f 3243//3129 3291//3129 3292//3129 3244//3129
vn 0.5876 -0.6233 -0.5160
f 3244//3130 3292//3130 3293//3130 3245//3130
vn 0.3180 -0.6023 -0.7322
f 3245//3131 3293//3131 3294//3131 3246//3131
vn 0.3088 -0.6420 -0.7017
f 3246//3132 3294//3132 3295//3132 3247//3132
vn 0.5668 -0.6955 -0.4416
f 3247//3133 3295//3133 3296//3133 3248//3133
vn 0.7321 -0.6756 -0.0870
f 3248//3134 3296//3134 3297//3134 3249//3134
vn 0.6749 -0.7166 -0.1762
usemtl leaf_5
f 3249//3135 3297//3135 3298//3135 3250//3135
vn 0.5018 -0.8585 0.1061
usemtl leaf_4
f 3250//3136 3298//3136 3299//3136 3251//3136
vn 0.5789 -0.8106 0.0884
f 3251//3137 3299//3137 3300//3137 3252//3137
vn 0.7504 -0.6519 0.1087
f 3252//3138 3300//3138 3301//3138 3253//3138
vn 0.6795 -0.5932 0.4318
f 3253//3139 3301//3139 3302//3139 3254//3139
vn 0.8128 -0.5449 -0.2063
usemtl leaf_5
f 3254//3140 3302//3140 3303//3140 3255//3140
vn 0.6518 -0.6999 0.2921
f 3255//3141 3303//3141 3304//3141 3256//3141
vn 0.3711 -0.7479 0.5504
f 3256//3142 3304//3142 3305//3142 3257//3142
vn 0.2155 -0.6660 0.7141
f 3257//3143 3305//3143 3306//3143 3258//3143
vn 0.3183 -0.6078 0.7275
usemtl leaf_4
f 3258//3144 3306//3144 3307//3144 3259//3144
vn 0.4831 -0.5104 0.7114
usemtl leaf_5
f 3259//3145 3307//3145 3308//3145 3260//3145
vn 0.5239 -0.5409 0.6580
f 3260//3146 3308//3146 3309//3146 3261//3146
vn 0.5803 -0.6253 0.5218
usemtl leaf_4
f 3261//3147 3309//3147 3310//3147 3262//3147
vn 0.1571 -0.6248 0.7648
usemtl leaf_5
f 3262//3148 3310//3148 3311//3148 3263//3148
vn 0.0163 -0.5575 0.8300
f 3263//3149 3311//3149 3312//3149 3264//3149
vn -0.4861 -0.5407 0.6865
f 3264//3150 3312//3150 3313//3150 3265//3150
vn -0.5430 -0.4209 0.7267
f 3265//3151 3313//3151 3314//3151 3266//3151
vn 0.1143 -0.4036 0.9078
usemtl leaf_4
f 3266//3152 3314//3152 3267//3152 3219//3152
vn -0.4987 -0.3259 0.8032
usemtl leaf_5
f 3267//3153 3315//3153 3316//3153 3268//3153
vn -0.6094 -0.3825 0.6945
f 3268//3154 3316//3154 3317//3154 3269//3154
vn -0.7472 -0.4821 0.4575
f 3269//3155 3317//3155 3318//3155 3270//3155
vn -0.5694 -0.5404 0.6195
usemtl leaf_4
f 3270//3156 3318//3156 3319//3156 3271//3156
vn -0.6713 -0.5116 0.5362
usemtl leaf_5
f 3271//3157 3319//3157 3320//3157 3272//3157
vn -0.7851 -0.5311 0.3188
usemtl leaf_4
f 3272//3158 3320//3158 3321//3158 3273//3158
vn -0.7690 -0.6392 -0.0036
f 3273//3159 3321//3159 3322//3159 3274//3159
vn -0.8444 -0.5232 0.1155
f 3274//3160 3322//3160 3323//3160 3275//3160
vn -0.8332 -0.5043 -0.2268
usemtl leaf_5
f 3275//3161 3323//3161 3324//3161 3276//3161
vn -0.8637 -0.5024 0.0391
usemtl leaf_3
f 3276//3162 3324//3162 3325//3162 3277//3162
vn -0.8756 -0.4726 -0.0997
usemtl leaf_5
f 3277//3163 3325//3163 3326//3163 3278//3163
vn -0.7427 -0.6564 -0.1326
f 3278//3164 3326//3164 3327//3164 3279//3164
vn -0.6986 -0.6410 -0.3179
usemtl leaf_4
f 3279//3165 3327//3165 3328//3165 3280//3165
vn -0.2492 -0.5277 -0.8121
usemtl leaf_5
f 3280//3166 3328//3166 3329//3166 3281//3166
vn -0.4751 -0.7517 -0.4574
usemtl leaf_3
f 3281//3167 3329//3167 3330//3167 3282//3167
vn -0.3880 -0.8044 -0.4499
usemtl leaf_4
f 3282//3168 3330//3168 3331//3168 3283//3168
vn -0.4510 -0.7487 -0.4860
usemtl leaf_3
f 3283//3169 3331//3169 3332//3169 3284//3169
vn -0.2206 -0.5254 -0.8218
usemtl leaf_4
f 3284//3170 3332//3170 3333//3170 3285//3170
vn -0.5263 -0.3733 -0.7639
f 3285//3171 3333//3171 3334//3171 3286//3171
vn 0.0978 -0.5415 -0.8350
f 3286//3172 3334//3172 3335//3172 3287//3172
vn -0.0698 -0.5906 -0.8040
f 3287//3173 3335//3173 3336//3173 3288//3173
vn -0.1835 -0.5798 -0.7938
f 3288//3174 3336//3174 3337//3174 3289//3174
vn 0.3847 -0.6710 -0.6338
usemtl leaf_5
f 3289//3175 3337//3175 3338//3175 3290//3175
vn 0.4663 -0.5794 -0.6685
usemtl leaf_4
f 3290//3176 3338//3176 3339//3176 3291//3176
vn 0.5481 -0.5280 -0.6487
f 3291//3177 3339//3177 3340//3177 3292//3177
vn 0.7268 -0.5793 -0.3690
usemtl leaf_3
f 3292//3178 3340//3178 3341//3178 3293//3178
vn 0.2854 -0.4964 -0.8198
f 3293//3179 3341//3179 3342//3179 3294//3179
vn 0.7081 -0.3376 -0.6202
usemtl leaf_4
f 3294//3180 3342//3180 3343//3180 3295//3180
vn 0.6899 -0.2395 -0.6831
f 3295//3181 3343//3181 3344//3181 3296//3181
vn 0.7466 -0.5756 -0.3336
f 3296//3182 3344//3182 3345//3182 3297//3182
vn 0.7026 -0.6896 -0.1755
usemtl leaf_5
f 3297//3183 3345//3183 3346//3183 3298//3183
vn 0.8037 -0.5887 -0.0872
f 3298//3184 3346//3184 3347//3184 3299//3184
vn 0.7454 -0.5974 0.2959
f 3299//3185 3347//3185 3348//3185 3300//3185
vn 0.8065 -0.5228 0.2761
f 3300//3186 3348//3186 3349//3186 3301//3186
vn 0.7785 -0.5388 0.3218
usemtl leaf_4
f 3301//3187 3349//3187 3350//3187 3302//3187
vn 0.8876 -0.4604 -0.0167
usemtl leaf_5
f 3302//3188 3350//3188 3351//3188 3303//3188
vn 0.8669 -0.3509 0.3541
f 3303//3189 3351//3189 3352//3189 3304//3189
vn 0.6969 -0.5129 0.5014
usemtl leaf_4
f 3304//3190 3352//3190 3353//3190 3305//3190
vn 0.1732 -0.5694 0.8036
usemtl leaf_5
f 3305//3191 3353//3191 3354//3191 3306//3191
vn 0.3295 -0.6062 0.7238
usemtl leaf_3
f 3306//3192 3354//3192 3355//3192 3307//3192
vn 0.3157 -0.6021 0.7333
f 3307//3193 3355//3193 3356//3193 3308//3193
vn 0.6274 -0.5319 0.5687
f 3308//3194 3356//3194 3357//3194 3309//3194
vn 0.4973 -0.4408 0.7472
usemtl leaf_4
f 3309//3195 3357//3195 3358//3195 3310//3195
vn 0.0980 -0.3829 0.9186
usemtl leaf_5
f 3310//3196 3358//3196 3359//3196 3311//3196
vn 0.1239 -0.4849 0.8657
usemtl leaf_4
f 3311//3197 3359//3197 3360//3197 3312//3197
vn -0.4737 -0.4999 0.7251
f 3312//3198 3360//3198 3361//3198 3313//3198
vn -0.4581 -0.6587 0.5969
f 3313//3199 3361//3199 3362//3199 3314//3199
vn 0.0670 -0.5952 0.8007
usemtl leaf_3
f 3314//3200 3362//3200 3315//3200 3267//3200
vn -0.5498 -0.3776 0.7451
f 3315//3201 3363//3201 3364//3201 3316//3201
vn -0.6170 -0.2688 0.7396
f 3316//3202 3364//3202 3365//3202 3317//3202
vn -0.5555 -0.4413 0.7048
usemtl leaf_4
f 3317//3203 3365//3203 3366//3203 3318//3203
vn -0.5494 -0.6178 0.5626
usemtl leaf_3
f 3318//3204 3366//3204 3367//3204 3319//3204
vn -0.5683 -0.6505 0.5039
usemtl leaf_4
f 3319//3205 3367//3205 3368//3205 3320//3205
vn -0.7566 -0.6140 0.2247
f 3320//3206 3368//3206 3369//3206 3321//3206
vn -0.9326 -0.3609 -0.0037
usemtl leaf_5
f 3321//3207 3369//3207 3370//3207 3322//3207
vn -0.9344 -0.3560 0.0112
f 3322//3208 3370//3208 3371//3208 3323//3208
vn -0.8796 -0.4752 0.0225
usemtl leaf_4
f 3323//3209 3371//3209 3372//3209 3324//3209
vn -0.8586 -0.4504 -0.2447
usemtl leaf_3
f 3324//3210 3372//3210 3373//3210 3325//3210
vn -0.9397 -0.3420 -0.0086
usemtl leaf_4
f 3325//3211 3373//3211 3374//3211 3326//3211
vn -0.9391 -0.2852 -0.1918
usemtl leaf_5
f 3326//3212 3374//3212 3375//3212 3327//3212
vn -0.8207 -0.2727 -0.5021
f 3327//3213 3375//3213 3376//3213 3328//3213
vn -0.5652 -0.5876 -0.5791
usemtl leaf_3
f 3328//3214 3376//3214 3377//3214 3329//3214
vn -0.4711 -0.6837 -0.5573
usemtl leaf_4
f 3329//3215 3377//3215 3378//3215 3330//3215
vn -0.4686 -0.4606 -0.7539
usemtl leaf_3
f 3330//3216 3378//3216 3379//3216 3331//3216
vn -0.4887 -0.3227 -0.8106
f 3331//3217 3379//3217 3380//3217 3332//3217
vn -0.1327 -0.3628 -0.9224
usemtl leaf_4
f 3332//3218 3380//3218 3381//3218 3333//3218
vn -0.4673 -0.3264 -0.8216
usemtl leaf_3
f 3333//3219 3381//3219 3382//3219 3334//3219
vn -0.2871 -0.4433 -0.8491
usemtl leaf_4
f 3334//3220 3382//3220 3383//3220 3335//3220
vn 0.0937 -0.5878 -0.8036
f 3335//3221 3383//3221 3384//3221 3336//3221
vn -0.1252 -0.4061 -0.9052
usemtl leaf_5
f 3336//3222 3384//3222 3385//3222 3337//3222
vn 0.3022 -0.4209 -0.8553
f 3337//3223 3385//3223 3386//3223 3338//3223
vn 0.6637 -0.4095 -0.6260
usemtl leaf_3
f 3338//3224 3386//3224 3387//3224 3339//3224
vn 0.5880 -0.2916 -0.7545
f 3339//3225 3387//3225 3388//3225 3340//3225
vn 0.6100 -0.4439 -0.6564
usemtl leaf_4
f 3340//3226 3388//3226 3389//3226 3341//3226
vn 0.4229 -0.5826 -0.6941
f 3341//3227 3389//3227 3390//3227 3342//3227
vn 0.7844 -0.4585 -0.4177
usemtl leaf_5
f 3342//3228 3390//3228 3391//3228 3343//3228
vn 0.5203 -0.4580 -0.7208
usemtl leaf_4
f 3343//3229 3391//3229 3392//3229 3344//3229
vn 0.8515 -0.3125 -0.4211
usemtl leaf_5
f 3344//3230 3392//3230 3393//3230 3345//3230
vn 0.9390 -0.2351 -0.2510
usemtl leaf_4
f 3345//3231 3393//3231 3394//3231 3346//3231
vn 0.9329 -0.3498 -0.0851
usemtl leaf_5
f 3346//3232 3394//3232 3395//3232 3347//3232
vn 0.9082 -0.3741 0.1876
usemtl leaf_4
f 3347//3233 3395//3233 3396//3233 3348//3233
vn 0.7666 -0.6112 0.1969
f 3348//3234 3396//3234 3397//3234 3349//3234
vn 0.7170 -0.6015 0.3523
f 3349//3235 3397//3235 3398//3235 3350//3235
vn 0.8841 -0.3479 0.3120
f 3350//3236 3398//3236 3399//3236 3351//3236
vn 0.8951 -0.2143 0.3909
f 3351//3237 3399//3237 3400//3237 3352//3237
vn 0.8483 -0.1349 0.5121
f 3352//3238 3400//3238 3401//3238 3353//3238
vn 0.5004 -0.2839 0.8179
usemtl leaf_3
f 3353//3239 3401//3239 3402//3239 3354//3239
vn 0.4072 -0.5507 0.7286
f 3354//3240 3402//3240 3403//3240 3355//3240
vn 0.2905 -0.5593 0.7764
usemtl leaf_4
f 3355//3241 3403//3241 3404//3241 3356//3241
vn 0.5377 -0.4277 0.7266
f 3356//3242 3404//3242 3405//3242 3357//3242
vn 0.3428 -0.2752 0.8982
usemtl leaf_5
f 3357//3243 3405//3243 3406//3243 3358//3243
vn 0.2361 -0.3215 0.9170
f 3358//3244 3406//3244 3407//3244 3359//3244
vn 0.1415 -0.3615 0.9216
usemtl leaf_4
f 3359//3245 3407//3245 3408//3245 3360//3245
vn -0.2962 -0.4967 0.8158
f 3360//3246 3408//3246 3409//3246 3361//3246
vn -0.3264 -0.6170 0.7161
usemtl leaf_5
f 3361//3247 3409//3247 3410//3247 3362//3247
vn -0.3670 -0.4653 0.8055
usemtl leaf_4
f 3362//3248 3410//3248 3363//3248 3315//3248
vn -0.4562 -0.1799 0.8715
f 3363//3249 3411//3249 3412//3249 3364//3249
vn -0.5528 -0.4538 0.6989
usemtl leaf_3
f 3364//3250 3412//3250 3413//3250 3365//3250
vn -0.2736 -0.5391 0.7965
usemtl leaf_4
f 3365//3251 3413//3251 3414//3251 3366//3251
vn -0.6723 -0.5603 0.4838
usemtl leaf_3
f 3366//3252 3414//3252 3415//3252 3367//3252
vn -0.6568 -0.4434 0.6099
usemtl leaf_4
f 3367//3253 3415//3253 3416//3253 3368//3253
vn -0.9522 -0.3015 0.0493
f 3368//3254 3416//3254 3417//3254 3369//3254
vn -0.9387 -0.3437 0.0274
f 3369//3255 3417//3255 3418//3255 3370//3255
vn -0.8257 -0.5373 0.1721
f 3370//3256 3418//3256 3419//3256 3371//3256
vn -0.8681 -0.4902 -0.0776
usemtl leaf_3
f 3371//3257 3419//3257 3420//3257 3372//3257
vn -0.8854 -0.3260 -0.3313
f 3372//3258 3420//3258 3421//3258 3373//3258
vn -0.9273 -0.3734 0.0246
usemtl leaf_4
f 3373//3259 3421//3259 3422//3259 3374//3259
vn -0.8717 -0.2845 -0.3991
usemtl leaf_3
f 3374//3260 3422//3260 3423//3260 3375//3260
vn -0.8901 -0.2107 -0.4042
f 3375//3261 3423//3261 3424//3261 3376//3261
vn -0.8387 -0.2163 -0.4998
f 3376//3262 3424//3262 3425//3262 3377//3262
vn -0.6141 -0.3065 -0.7272
usemtl leaf_5
f 3377//3263 3425//3263 3426//3263 3378//3263
vn -0.3690 -0.4031 -0.8375
usemtl leaf_4
f 3378//3264 3426//3264 3427//3264 3379//3264
vn -0.3718 -0.2850 -0.8835
usemtl leaf_3
f 3379//3265 3427//3265 3428//3265 3380//3265
vn -0.3026 -0.2500 -0.9198
usemtl leaf_2
f 3380//3266 3428//3266 3429//3266 3381//3266
vn -0.3464 -0.3072 -0.8864
f 3381//3267 3429//3267 3430//3267 3382//3267
vn -0.5024 -0.2953 -0.8127
usemtl leaf_5
f 3382//3268 3430//3268 3431//3268 3383//3268
vn 0.1437 -0.3709 -0.9175
f 3383//3269 3431//3269 3432//3269 3384//3269
vn -0.0281 -0.4142 -0.9098
f 3384//3270 3432//3270 3433//3270 3385//3270
vn 0.3161 -0.3250 -0.8913
usemtl leaf_4
f 3385//3271 3433//3271 3434//3271 3386//3271
vn 0.6865 -0.2568 -0.6803
usemtl leaf_3
f 3386//3272 3434//3272 3435//3272 3387//3272
vn 0.4492 -0.5020 -0.7391
f 3387//3273 3435//3273 3436//3273 3388//3273
vn 0.5213 -0.5243 -0.6733
usemtl leaf_4
f 3388//3274 3436//3274 3437//3274 3389//3274
vn 0.7299 -0.2086 -0.6510
f 3389//3275 3437//3275 3438//3275 3390//3275
vn 0.7297 -0.2998 -0.6146
usemtl leaf_3
f 3390//3276 3438//3276 3439//3276 3391//3276
vn 0.6915 -0.3027 -0.6559
f 3391//3277 3439//3277 3440//3277 3392//3277
vn 0.8875 -0.2924 -0.3561
usemtl leaf_5
f 3392//3278 3440//3278 3441//3278 3393//3278
vn 0.7755 -0.4816 -0.4083
usemtl leaf_4
f 3393//3279 3441//3279 3442//3279 3394//3279
vn 0.8421 -0.5369 -0.0505
f 3394//3280 3442//3280 3443//3280 3395//3280
vn 0.8136 -0.5768 0.0734
f 3395//3281 3443//3281 3444//3281 3396//3281
vn 0.8781 -0.4181 0.2328
f 3396//3282 3444//3282 3445//3282 3397//3282
vn 0.8314 -0.3221 0.4528
usemtl leaf_3
f 3397//3283 3445//3283 3446//3283 3398//3283
vn 0.8111 -0.4372 0.3886
usemtl leaf_4
f 3398//3284 3446//3284 3447//3284 3399//3284
vn 0.8013 -0.3670 0.4725
f 3399//3285 3447//3285 3448//3285 3400//3285
vn 0.7819 -0.2494 0.5713
usemtl leaf_3
f 3400//3286 3448//3286 3449//3286 3401//3286
vn 0.7706 -0.3988 0.4971
f 3401//3287 3449//3287 3450//3287 3402//3287
vn 0.4060 -0.5008 0.7644
f 3402//3288 3450//3288 3451//3288 3403//3288
vn 0.4548 -0.6495 0.6093
usemtl leaf_4
f 3403//3289 3451//3289 3452//3289 3404//3289
vn 0.1742 -0.6666 0.7248
usemtl leaf_3
f 3404//3290 3452//3290 3453//3290 3405//3290
vn 0.1693 -0.3892 0.9054
usemtl leaf_2
f 3405//3291 3453//3291 3454//3291 3406//3291
vn 0.3381 -0.2830 0.8976
usemtl leaf_4
f 3406//3292 3454//3292 3455//3292 3407//3292
vn 0.0737 -0.2993 0.9513
usemtl leaf_5
f 3407//3293 3455//3293 3456//3293 3408//3293
vn -0.0796 -0.3150 0.9457
usemtl leaf_4
f 3408//3294 3456//3294 3457//3294 3409//3294
vn -0.2818 -0.4678 0.8377
usemtl leaf_5
f 3409//3295 3457//3295 3458//3295 3410//3295
vn -0.6915 -0.3092 0.6528
usemtl leaf_4
f 3410//3296 3458//3296 3411//3296 3363//3296
vn -0.4798 -0.2579 0.8386
usemtl leaf_3
f 3411//3297 3459//3297 3460//3297 3412//3297
vn -0.3897 -0.2020 0.8985
usemtl leaf_2
f 3412//3298 3460//3298 3461//3298 3413//3298
vn -0.4734 -0.2102 0.8554
usemtl leaf_3
f 3413//3299 3461//3299 3462//3299 3414//3299
vn -0.8281 -0.0921 0.5529
f 3414//3300 3462//3300 3463//3300 3415//3300
vn -0.8045 -0.0838 0.5881
usemtl leaf_4
f 3415//3301 3463//3301 3464//3301 3416//3301
vn -0.9904 -0.1198 0.0689
usemtl leaf_3
f 3416//3302 3464//3302 3465//3302 3417//3302
vn -0.9528 -0.2358 0.1915
usemtl leaf_4
f 3417//3303 3465//3303 3466//3303 3418//3303
vn -0.9045 -0.3077 0.2952
f 3418//3304 3466//3304 3467//3304 3419//3304
vn -0.9072 -0.3877 -0.1636
usemtl leaf_3
f 3419//3305 3467//3305 3468//3305 3420//3305
vn -0.8225 -0.5110 -0.2499
usemtl leaf_2
f 3420//3306 3468//3306 3469//3306 3421//3306
vn -0.9302 -0.2661 -0.2527
usemtl leaf_3
f 3421//3307 3469//3307 3470//3307 3422//3307
vn -0.9300 -0.2170 -0.2967
f 3422//3308 3470//3308 3471//3308 3423//3308
vn -0.8322 -0.4670 -0.2989
f 3423//3309 3471//3309 3472//3309 3424//3309
vn -0.7195 -0.4362 -0.5404
f 3424//3310 3472//3310 3473//3310 3425//3310
vn -0.6668 -0.3209 -0.6726
usemtl leaf_4
f 3425//3311 3473//3311 3474//3311 3426//3311
vn -0.4692 -0.3904 -0.7921
f 3426//3312 3474//3312 3475//3312 3427//3312
vn -0.2383 -0.4929 -0.8368
usemtl leaf_3
f 3427//3313 3475//3313 3476//3313 3428//3313
vn -0.3087 -0.4742 -0.8245
f 3428//3314 3476//3314 3477//3314 3429//3314
vn -0.2960 -0.4214 -0.8572
f 3429//3315 3477//3315 3478//3315 3430//3315
vn -0.3883 -0.2304 -0.8923
f 3430//3316 3478//3316 3479//3316 3431//3316
vn 0.1127 -0.0757 -0.9907
usemtl leaf_4
f 3431//3317 3479//3317 3480//3317 3432//3317
vn -0.0333 -0.0826 -0.9960
usemtl leaf_3
f 3432//3318 3480//3318 3481//3318 3433//3318
vn 0.4367 -0.0800 -0.8961
usemtl leaf_5
f 3433//3319 3481//3319 3482//3319 3434//3319
vn 0.4579 -0.2982 -0.8375
usemtl leaf_3
f 3434//3320 3482//3320 3483//3320 3435//3320
vn 0.4387 -0.3991 -0.8052
usemtl leaf_4
f 3435//3321 3483//3321 3484//3321 3436//3321
vn 0.6752 -0.2951 -0.6760
usemtl leaf_2
f 3436//3322 3484//3322 3485//3322 3437//3322
vn 0.6498 -0.4919 -0.5795
f 3437//3323 3485//3323 3486//3323 3438//3323
vn 0.7405 -0.3669 -0.5630
usemtl leaf_4
f 3438//3324 3486//3324 3487//3324 3439//3324
vn 0.8455 -0.1128 -0.5220
usemtl leaf_2
f 3439//3325 3487//3325 3488//3325 3440//3325
vn 0.8768 -0.0606 -0.4771
usemtl leaf_4
f 3440//3326 3488//3326 3489//3326 3441//3326
vn 0.8982 0.0036 -0.4395
usemtl leaf_3
f 3441//3327 3489//3327 3490//3327 3442//3327
vn 0.9896 -0.0329 -0.1399
usemtl leaf_4
f 3442//3328 3490//3328 3491//3328 3443//3328
vn 0.9830 -0.1783 -0.0429
usemtl leaf_5
f 3443//3329 3491//3329 3492//3329 3444//3329
vn 0.8709 -0.3845 0.3059
usemtl leaf_3
f 3444//3330 3492//3330 3493//3330 3445//3330
vn 0.8079 -0.4621 0.3656
usemtl leaf_4
f 3445//3331 3493//3331 3494//3331 3446//3331
vn 0.8144 -0.4123 0.4084
usemtl leaf_3
f 3446//3332 3494//3332 3495//3332 3447//3332
vn 0.7474 -0.3649 0.5553
f 3447//3333 3495//3333 3496//3333 3448//3333
vn 0.7574 -0.4274 0.4937
f 3448//3334 3496//3334 3497//3334 3449//3334
vn 0.7900 -0.3207 0.5225
f 3449//3335 3497//3335 3498//3335 3450//3335
vn 0.5146 -0.2845 0.8089
f 3450//3336 3498//3336 3499//3336 3451//3336
vn 0.6217 -0.2419 0.7450
usemtl leaf_5
f 3451//3337 3499//3337 3500//3337 3452//3337
vn 0.1362 -0.1572 0.9781
usemtl leaf_3
f 3452//3338 3500//3338 3501//3338 3453//3338
vn 0.0671 -0.2228 0.9726
f 3453//3339 3501//3339 3502//3339 3454//3339
vn 0.2772 -0.1367 0.9510
f 3454//3340 3502//3340 3503//3340 3455//3340
vn 0.0412 -0.0383 0.9984
f 3455//3341 3503//3341 3504//3341 3456//3341
vn -0.0815 -0.0060 0.9967
usemtl leaf_4
f 3456//3342 3504//3342 3505//3342 3457//3342
vn -0.1793 -0.0029 0.9838
f 3457//3343 3505//3343 3506//3343 3458//3343
vn -0.7354 -0.1930 0.6496
usemtl leaf_3
f 3458//3344 3506//3344 3459//3344 3411//3344
vn -0.4588 -0.1684 0.8724
usemtl leaf_2
f 3459//3345 3507//3345 3508//3345 3460//3345
vn -0.2838 -0.3444 0.8949
f 3460//3346 3508//3346 3509//3346 3461//3346
vn -0.6895 -0.1868 0.6998
usemtl leaf_3
f 3461//3347 3509//3347 3510//3347 3462//3347
vn -0.8276 -0.0312 0.5604
usemtl leaf_4
f 3462//3348 3510//3348 3511//3348 3463//3348
vn -0.7602 -0.1185 0.6387
f 3463//3349 3511//3349 3512//3349 3464//3349
vn -0.9304 -0.3083 0.1983
usemtl leaf_3
f 3464//3350 3512//3350 3513//3350 3465//3350
vn -0.8835 -0.4093 0.2277
f 3465//3351 3513//3351 3514//3351 3466//3351
vn -0.9774 -0.1846 0.1034
usemtl leaf_5
f 3466//3352 3514//3352 3515//3352 3467//3352
vn -0.9898 -0.1289 0.0602
usemtl leaf_4
f 3467//3353 3515//3353 3516//3353 3468//3353
vn -0.9281 -0.1374 -0.3461
usemtl leaf_3
f 3468//3354 3516//3354 3517//3354 3469//3354
vn -0.9054 -0.1688 -0.3895
f 3469//3355 3517//3355 3518//3355 3470//3355
vn -0.9612 -0.1459 -0.2342
usemtl leaf_2
f 3470//3356 3518//3356 3519//3356 3471//3356
vn -0.8815 0.1456 -0.4493
f 3471//3357 3519//3357 3520//3357 3472//3357
vn -0.8763 0.0544 -0.4788
usemtl leaf_3
f 3472//3358 3520//3358 3521//3358 3473//3358
vn -0.6733 -0.2096 -0.7091
usemtl leaf_4
f 3473//3359 3521//3359 3522//3359 3474//3359
vn -0.5088 -0.1017 -0.8549
f 3474//3360 3522//3360 3523//3360 3475//3360
vn -0.4828 -0.1946 -0.8538
usemtl leaf_3
f 3475//3361 3523//3361 3524//3361 3476//3361
vn -0.2210 -0.3181 -0.9219
usemtl leaf_4
f 3476//3362 3524//3362 3525//3362 3477//3362
vn -0.2784 -0.2133 -0.9365
usemtl leaf_2
f 3477//3363 3525//3363 3526//3363 3478//3363
vn -0.2192 -0.1702 -0.9607
usemtl leaf_3
f 3478//3364 3526//3364 3527//3364 3479//3364
vn 0.1719 -0.0736 -0.9824
usemtl leaf_4
f 3479//3365 3527//3365 3528//3365 3480//3365
vn -0.0060 0.0252 -0.9997
f 3480//3366 3528//3366 3529//3366 3481//3366
vn 0.2466 -0.1691 -0.9543
usemtl leaf_2
f 3481//3367 3529//3367 3530//3367 3482//3367
vn 0.3727 -0.2687 -0.8882
usemtl leaf_3
f 3482//3368 3530//3368 3531//3368 3483//3368
vn 0.4390 -0.2922 -0.8496
f 3483//3369 3531//3369 3532//3369 3484//3369
vn 0.5807 -0.4707 -0.6643
f 3484//3370 3532//3370 3533//3370 3485//3370
vn 0.6642 -0.3803 -0.6436
f 3485//3371 3533//3371 3534//3371 3486//3371
vn 0.8969 -0.2638 -0.3550
f 3486//3372 3534//3372 3535//3372 3487//3372
vn 0.8976 -0.1199 -0.4242
f 3487//3373 3535//3373 3536//3373 3488//3373
vn 0.8410 -0.1194 -0.5277
f 3488//3374 3536//3374 3537//3374 3489//3374
vn 0.8878 -0.2164 -0.4061
usemtl leaf_4
f 3489//3375 3537//3375 3538//3375 3490//3375
vn 0.9476 -0.2330 -0.2188
f 3490//3376 3538//3376 3539//3376 3491//3376
vn 0.9746 -0.2112 -0.0741
usemtl leaf_3
f 3491//3377 3539//3377 3540//3377 3492//3377
vn 0.9629 -0.2423 0.1189
usemtl leaf_4
f 3492//3378 3540//3378 3541//3378 3493//3378
vn 0.8433 -0.2557 0.4728
usemtl leaf_5
f 3493//3379 3541//3379 3542//3379 3494//3379
vn 0.8613 -0.1568 0.4833
usemtl leaf_4
f 3494//3380 3542//3380 3543//3380 3495//3380
vn 0.7816 -0.1107 0.6139
usemtl leaf_2
f 3495//3381 3543//3381 3544//3381 3496//3381
vn 0.8132 0.0293 0.5813
usemtl leaf_4
f 3496//3382 3544//3382 3545//3382 3497//3382
vn 0.8535 -0.1099 0.5094
usemtl leaf_3
f 3497//3383 3545//3383 3546//3383 3498//3383
vn 0.6046 -0.3624 0.7093
f 3498//3384 3546//3384 3547//3384 3499//3384
vn 0.4444 -0.3364 0.8303
usemtl leaf_5
f 3499//3385 3547//3385 3548//3385 3500//3385
vn 0.1909 -0.2769 0.9417
usemtl leaf_3
f 3500//3386 3548//3386 3549//3386 3501//3386
vn -0.0144 -0.1792 0.9837
f 3501//3387 3549//3387 3550//3387 3502//3387
vn 0.1021 0.0201 0.9946
f 3502//3388 3550//3388 3551//3388 3503//3388
vn -0.0348 0.1840 0.9823
usemtl leaf_2
f 3503//3389 3551//3389 3552//3389 3504//3389
vn 0.1080 0.0292 0.9937
usemtl leaf_3
f 3504//3390 3552//3390 3553//3390 3505//3390
vn -0.1711 -0.1906 0.9666
usemtl leaf_4
f 3505//3391 3553//3391 3554//3391 3506//3391
vn -0.6802 -0.0717 0.7295
usemtl leaf_3
f 3506//3392 3554//3392 3507//3392 3459//3392
vn -0.3808 -0.2266 0.8965
f 3507//3393 3555//3393 3556//3393 3508//3393
vn -0.3839 -0.0358 0.9227
usemtl leaf_4
f 3508//3394 3556//3394 3557//3394 3509//3394
vn -0.7599 -0.0475 0.6483
usemtl leaf_3
f 3509//3395 3557//3395 3558//3395 3510//3395
vn -0.8610 -0.0378 0.5072
usemtl leaf_4
f 3510//3396 3558//3396 3559//3396 3511//3396
vn -0.7400 0.0727 0.6687
usemtl leaf_3
f 3511//3397 3559//3397 3560//3397 3512//3397
vn -0.9434 0.1092 0.3132
usemtl leaf_4
f 3512//3398 3560//3398 3561//3398 3513//3398
vn -0.9672 0.1496 0.2051
f 3513//3399 3561//3399 3562//3399 3514//3399
vn -0.9929 0.1145 -0.0316
usemtl leaf_3
f 3514//3400 3562//3400 3563//3400 3515//3400
vn -0.9759 0.0356 0.2153
f 3515//3401 3563//3401 3564//3401 3516//3401
vn -0.9258 -0.1064 -0.3628
f 3516//3402 3564//3402 3565//3402 3517//3402
vn -0.9218 -0.0668 -0.3818
usemtl leaf_2
f 3517//3403 3565//3403 3566//3403 3518//3403
vn -0.9181 0.0753 -0.3892
f 3518//3404 3566//3404 3567//3404 3519//3404
vn -0.8725 -0.0059 -0.4886
f 3519//3405 3567//3405 3568//3405 3520//3405
vn -0.9430 -0.0519 -0.3287
usemtl leaf_4
f 3520//3406 3568//3406 3569//3406 3521//3406
vn -0.7013 0.0025 -0.7128
f 3521//3407 3569//3407 3570//3407 3522//3407
vn -0.4436 -0.0350 -0.8956
f 3522//3408 3570//3408 3571//3408 3523//3408
vn -0.6027 -0.0015 -0.7980
usemtl leaf_3
f 3523//3409 3571//3409 3572//3409 3524//3409
vn -0.3190 -0.1122 -0.9411
usemtl leaf_4
f 3524//3410 3572//3410 3573//3410 3525//3410
vn -0.1031 -0.1132 -0.9882
f 3525//3411 3573//3411 3574//3411 3526//3411
vn -0.0686 0.2088 -0.9756
usemtl leaf_2
f 3526//3412 3574//3412 3575//3412 3527//3412
vn -0.0616 0.0274 -0.9977
f 3527//3413 3575//3413 3576//3413 3528//3413
vn 0.1305 -0.1777 -0.9754
usemtl leaf_4
f 3528//3414 3576//3414 3577//3414 3529//3414
vn 0.0173 -0.0896 -0.9958
usemtl leaf_3
f 3529//3415 3577//3415 3578//3415 3530//3415
vn 0.4602 -0.1605 -0.8732
f 3530//3416 3578//3416 3579//3416 3531//3416
vn 0.3882 -0.1249 -0.9131
f 3531//3417 3579//3417 3580//3417 3532//3417
vn 0.6823 0.0324 -0.7303
f 3532//3418 3580//3418 3581//3418 3533//3418
vn 0.7580 0.0345 -0.6513
usemtl leaf_4
f 3533//3419 3581//3419 3582//3419 3534//3419
vn 0.8824 -0.1163 -0.4560
usemtl leaf_3
f 3534//3420 3582//3420 3583//3420 3535//3420
vn 0.9318 -0.2150 -0.2925
usemtl leaf_2
f 3535//3421 3583//3421 3584//3421 3536//3421
vn 0.8711 -0.0163 -0.4909
f 3536//3422 3584//3422 3585//3422 3537//3422
vn 0.8937 0.0883 -0.4398
usemtl leaf_3
f 3537//3423 3585//3423 3586//3423 3538//3423
vn 0.9787 0.1375 -0.1525
f 3538//3424 3586//3424 3587//3424 3539//3424
vn 0.9826 0.1576 -0.0978
f 3539//3425 3587//3425 3588//3425 3540//3425
vn 0.9995 -0.0094 -0.0290
f 3540//3426 3588//3426 3589//3426 3541//3426
vn 0.8397 -0.0758 0.5378
f 3541//3427 3589//3427 3590//3427 3542//3427
vn 0.8886 -0.1751 0.4240
f 3542//3428 3590//3428 3591//3428 3543//3428
vn 0.7146 -0.1827 0.6752
usemtl leaf_2
f 3543//3429 3591//3429 3592//3429 3544//3429
vn 0.7751 -0.1770 0.6066
usemtl leaf_3
f 3544//3430 3592//3430 3593//3430 3545//3430
vn 0.8873 -0.0610 0.4571
usemtl leaf_2
f 3545//3431 3593//3431 3594//3431 3546//3431
vn 0.6439 0.1094 0.7573
usemtl leaf_3
f 3546//3432 3594//3432 3595//3432 3547//3432
vn 0.4707 0.0789 0.8788
f 3547//3433 3595//3433 3596//3433 3548//3433
vn 0.2166 0.0109 0.9762
usemtl leaf_4
f 3548//3434 3596//3434 3597//3434 3549//3434
vn -0.0194 -0.0810 0.9965
usemtl leaf_3
f 3549//3435 3597//3435 3598//3435 3550//3435
vn 0.0612 -0.2315 0.9709
f 3550//3436 3598//3436 3599//3436 3551//3436
vn -0.1098 -0.2766 0.9547
usemtl leaf_2
f 3551//3437 3599//3437 3600//3437 3552//3437
vn 0.2235 -0.1611 0.9613
f 3552//3438 3600//3438 3601//3438 3553//3438
vn -0.1870 -0.0789 0.9792
f 3553//3439 3601//3439 3602//3439 3554//3439
vn -0.6542 -0.1952 0.7307
f 3554//3440 3602//3440 3555//3440 3507//3440
vn -0.4294 -0.1918 0.8825
usemtl leaf_3
f 3555//3441 3603//3441 3604//3441 3556//3441
vn -0.5859 -0.0709 0.8073
f 3556//3442 3604//3442 3605//3442 3557//3442
vn -0.7475 0.2084 0.6307
usemtl leaf_2
f 3557//3443 3605//3443 3606//3443 3558//3443
vn -0.8318 0.1662 0.5295
f 3558//3444 3606//3444 3607//3444 3559//3444
vn -0.7311 -0.0028 0.6823
f 3559//3445 3607//3445 3608//3445 3560//3445
vn -0.9474 -0.0565 0.3149
f 3560//3446 3608//3446 3609//3446 3561//3446
vn -0.9941 0.0136 0.1075
f 3561//3447 3609//3447 3610//3447 3562//3447
vn -0.9965 0.0473 0.0691
f 3562//3448 3610//3448 3611//3448 3563//3448
vn -0.9851 0.1190 0.1244
f 3563//3449 3611//3449 3612//3449 3564//3449
vn -0.9749 0.1446 -0.1691
f 3564//3450 3612//3450 3613//3450 3565//3450
vn -0.9057 -0.0783 -0.4166
f 3565//3451 3613//3451 3614//3451 3566//3451
vn -0.9145 -0.2213 -0.3386
usemtl leaf_3
f 3566//3452 3614//3452 3615//3452 3567//3452
vn -0.8552 -0.1934 -0.4808
usemtl leaf_2
f 3567//3453 3615//3453 3616//3453 3568//3453
vn -0.8545 0.0901 -0.5115
f 3568//3454 3616//3454 3617//3454 3569//3454
vn -0.7608 0.1586 -0.6294
f 3569//3455 3617//3455 3618//3455 3570//3455
vn -0.6243 -0.1647 -0.7636
f 3570//3456 3618//3456 3619//3456 3571//3456
vn -0.4476 -0.2575 -0.8564
usemtl leaf_3
f 3571//3457 3619//3457 3620//3457 3572//3457
vn -0.3673 -0.0291 -0.9297
usemtl leaf_4
f 3572//3458 3620//3458 3621//3458 3573//3458
vn 0.0490 0.0931 -0.9945
f 3573//3459 3621//3459 3622//3459 3574//3459
vn -0.0207 0.0002 -0.9998
usemtl leaf_2
f 3574//3460 3622//3460 3623//3460 3575//3460
vn -0.1712 0.1169 -0.9783
usemtl leaf_3
f 3575//3461 3623//3461 3624//3461 3576//3461
vn 0.1838 0.2590 -0.9482
f 3576//3462 3624//3462 3625//3462 3577//3462
vn 0.0567 0.2806 -0.9581
f 3577//3463 3625//3463 3626//3463 3578//3463
vn 0.2343 0.1391 -0.9622
usemtl leaf_4
f 3578//3464 3626//3464 3627//3464 3579//3464
vn 0.5871 0.0854 -0.8050
f 3579//3465 3627//3465 3628//3465 3580//3465
vn 0.5965 0.0567 -0.8006
usemtl leaf_3
f 3580//3466 3628//3466 3629//3466 3581//3466
vn 0.8286 0.0630 -0.5562
f 3581//3467 3629//3467 3630//3467 3582//3467
vn 0.8017 0.1951 -0.5650
usemtl leaf_2
f 3582//3468 3630//3468 3631//3468 3583//3468
vn 0.9347 0.0937 -0.3429
f 3583//3469 3631//3469 3632//3469 3584//3469
vn 0.9462 0.0451 -0.3203
usemtl leaf_3
f 3584//3470 3632//3470 3633//3470 3585//3470
vn 0.8999 0.2080 -0.3833
f 3585//3471 3633//3471 3634//3471 3586//3471
vn 0.9562 0.2729 -0.1060
usemtl leaf_2
f 3586//3472 3634//3472 3635//3472 3587//3472
vn 0.9520 0.0658 -0.2988
f 3587//3473 3635//3473 3636//3473 3588//3473
vn 0.9743 0.1839 0.1297
usemtl leaf_4
f 3588//3474 3636//3474 3637//3474 3589//3474
vn 0.8697 0.2734 0.4109
usemtl leaf_2
f 3589//3475 3637//3475 3638//3475 3590//3475
vn 0.9219 0.1459 0.3589
usemtl leaf_4
f 3590//3476 3638//3476 3639//3476 3591//3476
vn 0.7117 0.0955 0.6960
usemtl leaf_2
f 3591//3477 3639//3477 3640//3477 3592//3477
vn 0.8391 0.0098 0.5439
usemtl leaf_3
f 3592//3478 3640//3478 3641//3478 3593//3478
vn 0.8009 -0.0081 0.5987
f 3593//3479 3641//3479 3642//3479 3594//3479
vn 0.5404 0.1515 0.8276
f 3594//3480 3642//3480 3643//3480 3595//3480
vn 0.6106 0.1310 0.7810
usemtl leaf_4
f 3595//3481 3643//3481 3644//3481 3596//3481
vn 0.2788 -0.0628 0.9583
usemtl leaf_3
f 3596//3482 3644//3482 3645//3482 3597//3482
vn 0.0834 -0.1545 0.9845
usemtl leaf_2
f 3597//3483 3645//3483 3646//3483 3598//3483
vn 0.0881 -0.1521 0.9844
usemtl leaf_3
f 3598//3484 3646//3484 3647//3484 3599//3484
vn -0.1301 -0.1101 0.9854
f 3599//3485 3647//3485 3648//3485 3600//3485
vn -0.0610 0.1368 0.9887
f 3600//3486 3648//3486 3649//3486 3601//3486
vn -0.1342 0.3184 0.9384
f 3601//3487 3649//3487 3650//3487 3602//3487
vn -0.4157 0.0670 0.9071
usemtl leaf_2
f 3602//3488 3650//3488 3603//3488 3555//3488
vn -0.4460 0.0851 0.8910
usemtl leaf_3
f 3603//3489 3651//3489 3652//3489 3604//3489
vn -0.6481 0.0609 0.7591
f 3604//3490 3652//3490 3653//3490 3605//3490
vn -0.8517 0.0363 0.5228
f 3605//3491 3653//3491 3654//3491 3606//3491
vn -0.8182 0.2474 0.5190
f 3606//3492 3654//3492 3655//3492 3607//3492
vn -0.6331 0.3082 0.7100
f 3607//3493 3655//3493 3656//3493 3608//3493
vn -0.9071 0.3456 0.2402
usemtl leaf_4
f 3608//3494 3656//3494 3657//3494 3609//3494
vn -0.9513 0.1731 0.2552
usemtl leaf_2
f 3609//3495 3657//3495 3658//3495 3610//3495
vn -0.9982 -0.0165 0.0568
usemtl leaf_3
f 3610//3496 3658//3496 3659//3496 3611//3496
vn -0.9814 0.1667 -0.0949
usemtl leaf_1
f 3611//3497 3659//3497 3660//3497 3612//3497
vn -0.9849 0.1717 0.0229
usemtl leaf_2
f 3612//3498 3660//3498 3661//3498 3613//3498
vn -0.9609 0.0169 -0.2765
usemtl leaf_4
f 3613//3499 3661//3499 3662//3499 3614//3499
vn -0.8694 0.1509 -0.4705
usemtl leaf_2
f 3614//3500 3662//3500 3663//3500 3615//3500
vn -0.7985 0.3270 -0.5054
f 3615//3501 3663//3501 3664//3501 3616//3501
vn -0.7340 0.2755 -0.6208
f 3616//3502 3664//3502 3665//3502 3617//3502
vn -0.7185 0.3748 -0.5859
usemtl leaf_3
f 3617//3503 3665//3503 3666//3503 3618//3503
vn -0.6929 0.4607 -0.5546
usemtl leaf_2
f 3618//3504 3666//3504 3667//3504 3619//3504
vn -0.5797 0.2171 -0.7853
usemtl leaf_3
f 3619//3505 3667//3505 3668//3505 3620//3505
vn -0.2716 -0.0714 -0.9597
usemtl leaf_4
f 3620//3506 3668//3506 3669//3506 3621//3506
vn 0.0902 -0.0295 -0.9955
usemtl leaf_2
f 3621//3507 3669//3507 3670//3507 3622//3507
vn -0.0152 0.1215 -0.9925
usemtl leaf_1
f 3622//3508 3670//3508 3671//3508 3623//3508
vn 0.0721 0.2777 -0.9580
f 3623//3509 3671//3509 3672//3509 3624//3509
vn 0.0395 0.2445 -0.9688
f 3624//3510 3672//3510 3673//3510 3625//3510
vn 0.0286 0.0165 -0.9995
usemtl leaf_3
f 3625//3511 3673//3511 3674//3511 3626//3511
vn 0.2360 0.1323 -0.9627
usemtl leaf_2
f 3626//3512 3674//3512 3675//3512 3627//3512
vn 0.6198 0.2556 -0.7420
usemtl leaf_4
f 3627//3513 3675//3513 3676//3513 3628//3513
vn 0.4605 0.1881 -0.8675
usemtl leaf_2
f 3628//3514 3676//3514 3677//3514 3629//3514
vn 0.8458 0.0522 -0.5309
usemtl leaf_3
f 3629//3515 3677//3515 3678//3515 3630//3515
vn 0.8215 -0.0336 -0.5692
usemtl leaf_2
f 3630//3516 3678//3516 3679//3516 3631//3516
vn 0.9332 0.0617 -0.3539
f 3631//3517 3679//3517 3680//3517 3632//3517
vn 0.9158 0.0033 -0.4016
usemtl leaf_3
f 3632//3518 3680//3518 3681//3518 3633//3518
vn 0.9558 -0.1147 -0.2708
usemtl leaf_1
f 3633//3519 3681//3519 3682//3519 3634//3519
vn 0.9982 0.0095 -0.0587
usemtl leaf_2
f 3634//3520 3682//3520 3683//3520 3635//3520
vn 0.9091 0.3535 -0.2205
f 3635//3521 3683//3521 3684//3521 3636//3521
vn 0.9345 0.3369 0.1152
usemtl leaf_4
f 3636//3522 3684//3522 3685//3522 3637//3522
vn 0.9211 0.1543 0.3575
usemtl leaf_2
f 3637//3523 3685//3523 3686//3523 3638//3523
vn 0.9615 0.0921 0.2589
f 3638//3524 3686//3524 3687//3524 3639//3524
vn 0.8099 -0.1497 0.5671
usemtl leaf_3
f 3639//3525 3687//3525 3688//3525 3640//3525
vn 0.8033 -0.2012 0.5605
usemtl leaf_2
f 3640//3526 3688//3526 3689//3526 3641//3526
vn 0.7150 -0.0162 0.6990
f 3641//3527 3689//3527 3690//3527 3642//3527
vn 0.5073 0.0229 0.8614
f 3642//3528 3690//3528 3691//3528 3643//3528
vn 0.5365 0.1902 0.8222
usemtl leaf_3
f 3643//3529 3691//3529 3692//3529 3644//3529
vn 0.3638 0.3486 0.8638
usemtl leaf_2
f 3644//3530 3692//3530 3693//3530 3645//3530
vn 0.0979 0.2876 0.9527
usemtl leaf_3
f 3645//3531 3693//3531 3694//3531 3646//3531
vn 0.1805 0.1546 0.9714
f 3646//3532 3694//3532 3695//3532 3647//3532
vn -0.2202 0.1059 0.9697
usemtl leaf_2
f 3647//3533 3695//3533 3696//3533 3648//3533
vn -0.2097 0.1247 0.9698
usemtl leaf_3
f 3648//3534 3696//3534 3697//3534 3649//3534
vn -0.1146 0.0647 0.9913
usemtl leaf_2
f 3649//3535 3697//3535 3698//3535 3650//3535
vn -0.2067 0.0515 0.9771
usemtl leaf_3
f 3650//3536 3698//3536 3651//3536 3603//3536
vn -0.4689 0.2191 0.8556
usemtl leaf_2
f 3651//3537 3699//3537 3700//3537 3652//3537
vn -0.5899 0.2251 0.7755
f 3652//3538 3700//3538 3701//3538 3653//3538
vn -0.8801 0.3427 0.3285
usemtl leaf_3
f 3653//3539 3701//3539 3702//3539 3654//3539
vn -0.7990 0.3673 0.4761
usemtl leaf_2
f 3654//3540 3702//3540 3703//3540 3655//3540
vn -0.6242 0.2899 0.7255
usemtl leaf_3
f 3655//3541 3703//3541 3704//3541 3656//3541
vn -0.9232 0.1749 0.3422
f 3656//3542 3704//3542 3705//3542 3657//3542
vn -0.9287 0.1757 0.3265
usemtl leaf_2
f 3657//3543 3705//3543 3706//3543 3658//3543
vn -0.9577 0.2835 0.0502
f 3658//3544 3706//3544 3707//3544 3659//3544
vn -0.9919 0.0923 -0.0878
usemtl leaf_3
f 3659//3545 3707//3545 3708//3545 3660//3545
vn -0.9864 0.1570 -0.0495
f 3660//3546 3708//3546 3709//3546 3661//3546
vn -0.9212 0.3307 -0.2051
f 3661//3547 3709//3547 3710//3547 3662//3547
vn -0.7884 0.2537 -0.5603
usemtl leaf_2
f 3662//3548 3710//3548 3711//3548 3663//3548
vn -0.8158 0.2192 -0.5352
f 3663//3549 3711//3549 3712//3549 3664//3549
vn -0.7646 0.2475 -0.5951
f 3664//3550 3712//3550 3713//3550 3665//3550
vn -0.7489 0.1271 -0.6504
usemtl leaf_3
f 3665//3551 3713//3551 3714//3551 3666//3551
vn -0.6759 0.1831 -0.7139
usemtl leaf_2
f 3666//3552 3714//3552 3715//3552 3667//3552
vn -0.6763 0.3935 -0.6228
usemtl leaf_3
f 3667//3553 3715//3553 3716//3553 3668//3553
vn -0.3136 0.4258 -0.8487
f 3668//3554 3716//3554 3717//3554 3669//3554
vn 0.1222 0.2860 -0.9504
f 3669//3555 3717//3555 3718//3555 3670//3555
vn 0.0534 0.2246 -0.9730
usemtl leaf_2
f 3670//3556 3718//3556 3719//3556 3671//3556
vn 0.0377 0.1020 -0.9941
f 3671//3557 3719//3557 3720//3557 3672//3557
vn 0.0158 0.0675 -0.9976
usemtl leaf_1
f 3672//3558 3720//3558 3721//3558 3673//3558
vn 0.0330 0.2846 -0.9581
f 3673//3559 3721//3559 3722//3559 3674//3559
vn 0.4284 0.4626 -0.7762
usemtl leaf_2
f 3674//3560 3722//3560 3723//3560 3675//3560
vn 0.3576 0.2977 -0.8852
f 3675//3561 3723//3561 3724//3561 3676//3561
vn 0.5473 0.1555 -0.8224
usemtl leaf_3
f 3676//3562 3724//3562 3725//3562 3677//3562
vn 0.7504 0.2573 -0.6088
f 3677//3563 3725//3563 3726//3563 3678//3563
vn 0.7826 0.1486 -0.6046
f 3678//3564 3726//3564 3727//3564 3679//3564
vn 0.9316 -0.0081 -0.3635
f 3679//3565 3727//3565 3728//3565 3680//3565
vn 0.9445 0.1654 -0.2840
usemtl leaf_2
f 3680//3566 3728//3566 3729//3566 3681//3566
vn 0.8796 0.3863 -0.2776
f 3681//3567 3729//3567 3730//3567 3682//3567
vn 0.9542 0.2991 0.0108
f 3682//3568 3730//3568 3731//3568 3683//3568
vn 0.9656 0.2601 0.0017
f 3683//3569 3731//3569 3732//3569 3684//3569
vn 0.8716 0.4853 0.0699
usemtl leaf_3
f 3684//3570 3732//3570 3733//3570 3685//3570
vn 0.8532 0.4836 0.1951
usemtl leaf_2
f 3685//3571 3733//3571 3734//3571 3686//3571
vn 0.9676 0.2333 0.0966
usemtl leaf_3
f 3686//3572 3734//3572 3735//3572 3687//3572
vn 0.8090 0.2763 0.5188
usemtl leaf_4
f 3687//3573 3735//3573 3736//3573 3688//3573
vn 0.7843 0.2915 0.5476
usemtl leaf_3
f 3688//3574 3736//3574 3737//3574 3689//3574
vn 0.5409 0.2954 0.7875
f 3689//3575 3737//3575 3738//3575 3690//3575
vn 0.4899 0.4061 0.7714
usemtl leaf_2
f 3690//3576 3738//3576 3739//3576 3691//3576
vn 0.3047 0.4214 0.8542
f 3691//3577 3739//3577 3740//3577 3692//3577
vn 0.2896 0.5293 0.7975
usemtl leaf_1
f 3692//3578 3740//3578 3741//3578 3693//3578
vn 0.4172 0.2972 0.8588
usemtl leaf_3
f 3693//3579 3741//3579 3742//3579 3694//3579
vn 0.2313 0.0277 0.9725
usemtl leaf_2
f 3694//3580 3742//3580 3743//3580 3695//3580
vn -0.2340 0.0337 0.9717
usemtl leaf_3
f 3695//3581 3743//3581 3744//3581 3696//3581
vn -0.2651 0.0929 0.9597
f 3696//3582 3744//3582 3745//3582 3697//3582
vn -0.1876 0.3082 0.9327
usemtl leaf_2
f 3697//3583 3745//3583 3746//3583 3698//3583
vn -0.0884 0.3004 0.9497
usemtl leaf_3
f 3698//3584 3746//3584 3699//3584 3651//3584
vn -0.3888 0.3506 0.8520
usemtl leaf_2
f 3699//3585 3747//3585 3748//3585 3700//3585
vn -0.6080 0.3283 0.7229
f 3700//3586 3748//3586 3749//3586 3701//3586
vn -0.9160 0.2217 0.3345
usemtl leaf_3
f 3701//3587 3749//3587 3750//3587 3702//3587
vn -0.7404 0.0640 0.6691
f 3702//3588 3750//3588 3751//3588 3703//3588
vn -0.7966 0.1592 0.5831
usemtl leaf_2
f 3703//3589 3751//3589 3752//3589 3704//3589
vn -0.8102 0.3892 0.4382
usemtl leaf_3
f 3704//3590 3752//3590 3753//3590 3705//3590
vn -0.8618 0.5053 0.0432
f 3705//3591 3753//3591 3754//3591 3706//3591
vn -0.8630 0.4049 0.3020
f 3706//3592 3754//3592 3755//3592 3707//3592
vn -0.9743 0.2239 0.0244
usemtl leaf_2
f 3707//3593 3755//3593 3756//3593 3708//3593
vn -0.9213 0.2761 -0.2740
f 3708//3594 3756//3594 3757//3594 3709//3594
vn -0.9477 0.2819 -0.1495
usemtl leaf_3
f 3709//3595 3757//3595 3758//3595 3710//3595
vn -0.7583 0.3066 -0.5752
usemtl leaf_2
f 3710//3596 3758//3596 3759//3596 3711//3596
vn -0.8060 0.3357 -0.4876
usemtl leaf_3
f 3711//3597 3759//3597 3760//3597 3712//3597
vn -0.7323 0.3022 -0.6102
usemtl leaf_1
f 3712//3598 3760//3598 3761//3598 3713//3598
vn -0.6654 0.4639 -0.5848
usemtl leaf_3
f 3713//3599 3761//3599 3762//3599 3714//3599
vn -0.5923 0.4643 -0.6585
f 3714//3600 3762//3600 3763//3600 3715//3600
vn -0.6305 0.3642 -0.6854
f 3715//3601 3763//3601 3764//3601 3716//3601
vn -0.3112 0.4432 -0.8407
usemtl leaf_4
f 3716//3602 3764//3602 3765//3602 3717//3602
vn -0.0436 0.3616 -0.9313
usemtl leaf_2
f 3717//3603 3765//3603 3766//3603 3718//3603
vn 0.0462 0.2308 -0.9719
usemtl leaf_1
f 3718//3604 3766//3604 3767//3604 3719//3604
vn -0.0530 0.2529 -0.9660
usemtl leaf_2
f 3719//3605 3767//3605 3768//3605 3720//3605
vn 0.2018 0.3987 -0.8946
f 3720//3606 3768//3606 3769//3606 3721//3606
vn 0.1863 0.5684 -0.8014
f 3721//3607 3769//3607 3770//3607 3722//3607
vn 0.3284 0.4940 -0.8051
usemtl leaf_3
f 3722//3608 3770//3608 3771//3608 3723//3608
vn 0.2648 0.5008 -0.8240
usemtl leaf_2
f 3723//3609 3771//3609 3772//3609 3724//3609
vn 0.3819 0.4985 -0.7783
usemtl leaf_3
f 3724//3610 3772//3610 3773//3610 3725//3610
vn 0.7475 0.3282 -0.5775
f 3725//3611 3773//3611 3774//3611 3726//3611
vn 0.6685 0.3385 -0.6622
usemtl leaf_2
f 3726//3612 3774//3612 3775//3612 3727//3612
vn 0.8688 0.4149 -0.2704
usemtl leaf_3
f 3727//3613 3775//3613 3776//3613 3728//3613
vn 0.9180 0.3268 -0.2246
usemtl leaf_2
f 3728//3614 3776//3614 3777//3614 3729//3614
vn 0.9488 0.2454 -0.1991
usemtl leaf_3
f 3729//3615 3777//3615 3778//3615 3730//3615
vn 0.8999 0.4345 0.0376
usemtl leaf_1
f 3730//3616 3778//3616 3779//3616 3731//3616
vn 0.7960 0.5932 0.1206
usemtl leaf_2
f 3731//3617 3779//3617 3780//3617 3732//3617
vn 0.8221 0.5557 0.1239
f 3732//3618 3780//3618 3781//3618 3733//3618
vn 0.9453 0.3164 -0.0791
usemtl leaf_1
f 3733//3619 3781//3619 3782//3619 3734//3619
vn 0.9367 0.3273 0.1247
usemtl leaf_3
f 3734//3620 3782//3620 3783//3620 3735//3620
vn 0.7927 0.3505 0.4987
usemtl leaf_2
f 3735//3621 3783//3621 3784//3621 3736//3621
vn 0.7132 0.3944 0.5795
usemtl leaf_3
f 3736//3622 3784//3622 3785//3622 3737//3622
vn 0.5755 0.3792 0.7246
usemtl leaf_2
f 3737//3623 3785//3623 3786//3623 3738//3623
vn 0.2430 0.4324 0.8683
f 3738//3624 3786//3624 3787//3624 3739//3624
vn 0.4314 0.5218 0.7359
f 3739//3625 3787//3625 3788//3625 3740//3625
vn 0.2931 0.2772 0.9150
usemtl leaf_1
f 3740//3626 3788//3626 3789//3626 3741//3626
vn 0.6420 0.2442 0.7268
usemtl leaf_2
f 3741//3627 3789//3627 3790//3627 3742//3627
vn 0.0899 0.3958 0.9139
usemtl leaf_3
f 3742//3628 3790//3628 3791//3628 3743//3628
vn -0.0927 0.3677 0.9253
usemtl leaf_2
f 3743//3629 3791//3629 3792//3629 3744//3629
vn -0.3343 0.2160 0.9174
usemtl leaf_3
f 3744//3630 3792//3630 3793//3630 3745//3630
vn -0.2559 0.1425 0.9562
f 3745//3631 3793//3631 3794//3631 3746//3631
vn -0.1437 0.2527 0.9568
f 3746//3632 3794//3632 3747//3632 3699//3632
vn -0.3096 0.6155 0.7248
usemtl leaf_2
f 3747//3633 3795//3633 3796//3633 3748//3633
vn -0.4473 0.5415 0.7118
f 3748//3634 3796//3634 3797//3634 3749//3634
vn -0.8171 0.2982 0.4934
usemtl leaf_1
f 3749//3635 3797//3635 3798//3635 3750//3635
vn -0.7295 0.3126 0.6084
usemtl leaf_2
f 3750//3636 3798//3636 3799//3636 3751//3636
vn -0.8136 0.5036 0.2906
f 3751//3637 3799//3637 3800//3637 3752//3637
vn -0.7330 0.5981 0.3241
usemtl leaf_1
f 3752//3638 3800//3638 3801//3638 3753//3638
vn -0.8519 0.5202 0.0607
usemtl leaf_3
f 3753//3639 3801//3639 3802//3639 3754//3639
vn -0.7791 0.4819 0.4010
usemtl leaf_1
f 3754//3640 3802//3640 3803//3640 3755//3640
vn -0.8358 0.5432 0.0796
usemtl leaf_3
f 3755//3641 3803//3641 3804//3641 3756//3641
vn -0.8025 0.4967 -0.3306
f 3756//3642 3804//3642 3805//3642 3757//3642
vn -0.8578 0.5099 -0.0652
f 3757//3643 3805//3643 3806//3643 3758//3643
vn -0.6471 0.4715 -0.5990
f 3758//3644 3806//3644 3807//3644 3759//3644
vn -0.8189 0.4332 -0.3766
usemtl leaf_2
f 3759//3645 3807//3645 3808//3645 3760//3645
vn -0.7400 0.3456 -0.5770
usemtl leaf_1
f 3760//3646 3808//3646 3809//3646 3761//3646
vn -0.5869 0.3114 -0.7474
usemtl leaf_2
f 3761//3647 3809//3647 3810//3647 3762//3647
vn -0.6308 0.4352 -0.6425
usemtl leaf_1
f 3762//3648 3810//3648 3811//3648 3763//3648
vn -0.4211 0.6402 -0.6425
f 3763//3649 3811//3649 3812//3649 3764//3649
vn -0.2588 0.6987 -0.6669
f 3764//3650 3812//3650 3813//3650 3765//3650
vn -0.2487 0.5624 -0.7886
usemtl leaf_2
f 3765//3651 3813//3651 3814//3651 3766//3651
vn -0.0718 0.3545 -0.9323
usemtl leaf_1
f 3766//3652 3814//3652 3815//3652 3767//3652
vn -0.0052 0.2605 -0.9655
usemtl leaf_2
f 3767//3653 3815//3653 3816//3653 3768//3653
vn 0.4008 0.3420 -0.8500
f 3768//3654 3816//3654 3817//3654 3769//3654
vn 0.2111 0.3660 -0.9064
usemtl leaf_1
f 3769//3655 3817//3655 3818//3655 3770//3655
vn 0.2238 0.3113 -0.9236
usemtl leaf_2
f 3770//3656 3818//3656 3819//3656 3771//3656
vn 0.4797 0.3575 -0.8013
usemtl leaf_1
f 3771//3657 3819//3657 3820//3657 3772//3657
vn 0.2878 0.4185 -0.8614
f 3772//3658 3820//3658 3821//3658 3773//3658
vn 0.6654 0.4237 -0.6145
usemtl leaf_2
f 3773//3659 3821//3659 3822//3659 3774//3659
vn 0.6905 0.3853 -0.6121
f 3774//3660 3822//3660 3823//3660 3775//3660
vn 0.8941 0.3698 -0.2525
f 3775//3661 3823//3661 3824//3661 3776//3661
vn 0.8641 0.4286 -0.2639
f 3776//3662 3824//3662 3825//3662 3777//3662
vn 0.8300 0.5569 -0.0304
usemtl leaf_1
f 3777//3663 3825//3663 3826//3663 3778//3663
vn 0.9058 0.4215 -0.0433
usemtl leaf_2
f 3778//3664 3826//3664 3827//3664 3779//3664
vn 0.9663 0.2010 0.1610
usemtl leaf_1
f 3779//3665 3827//3665 3828//3665 3780//3665
vn 0.9255 0.3286 0.1887
f 3780//3666 3828//3666 3829//3666 3781//3666
vn 0.8300 0.5392 -0.1430
usemtl leaf_0
f 3781//3667 3829//3667 3830//3667 3782//3667
vn 0.8045 0.5852 0.1016
usemtl leaf_2
f 3782//3668 3830//3668 3831//3668 3783//3668
vn 0.7823 0.5196 0.3436
f 3783//3669 3831//3669 3832//3669 3784//3669
vn 0.6658 0.4176 0.6183
usemtl leaf_1
f 3784//3670 3832//3670 3833//3670 3785//3670
vn 0.4400 0.5468 0.7124
f 3785//3671 3833//3671 3834//3671 3786//3671
vn 0.1513 0.5440 0.8253
f 3786//3672 3834//3672 3835//3672 3787//3672
vn 0.5928 0.4096 0.6934
f 3787//3673 3835//3673 3836//3673 3788//3673
vn 0.3888 0.4017 0.8292
f 3788//3674 3836//3674 3837//3674 3789//3674
vn 0.5548 0.3956 0.7319
usemtl leaf_2
f 3789//3675 3837//3675 3838//3675 3790//3675
vn 0.0173 0.4878 0.8728
f 3790//3676 3838//3676 3839//3676 3791//3676
vn 0.0229 0.4684 0.8832
usemtl leaf_3
f 3791//3677 3839//3677 3840//3677 3792//3677
vn -0.1549 0.3265 0.9324
f 3792//3678 3840//3678 3841//3678 3793//3678
vn -0.4264 0.4043 0.8092
usemtl leaf_2
f 3793//3679 3841//3679 3842//3679 3794//3679
vn -0.1893 0.5871 0.7871
f 3794//3680 3842//3680 3795//3680 3747//3680
vn -0.2965 0.5743 0.7630
f 3795//3681 3843//3681 3844//3681 3796//3681
vn -0.3758 0.5966 0.7091
f 3796//3682 3844//3682 3845//3682 3797//3682
vn -0.5585 0.5677 0.6048
f 3797//3683 3845//3683 3846//3683 3798//3683
vn -0.7657 0.4457 0.4637
f 3798//3684 3846//3684 3847//3684 3799//3684
vn -0.8557 0.5122 0.0737
f 3799//3685 3847//3685 3848//3685 3800//3685
vn -0.6922 0.6913 0.2071
usemtl leaf_0
f 3800//3686 3848//3686 3849//3686 3801//3686
vn -0.6953 0.6863 0.2135
usemtl leaf_2
f 3801//3687 3849//3687 3850//3687 3802//3687
vn -0.7294 0.5729 0.3740
f 3802//3688 3850//3688 3851//3688 3803//3688
vn -0.7938 0.6036 0.0748
f 3803//3689 3851//3689 3852//3689 3804//3689
vn -0.7263 0.6146 -0.3077
f 3804//3690 3852//3690 3853//3690 3805//3690
vn -0.7236 0.6777 -0.1313
f 3805//3691 3853//3691 3854//3691 3806//3691
vn -0.6003 0.6620 -0.4488
usemtl leaf_1
f 3806//3692 3854//3692 3855//3692 3807//3692
vn -0.7397 0.6003 -0.3041
f 3807//3693 3855//3693 3856//3693 3808//3693
vn -0.6745 0.6082 -0.4185
usemtl leaf_2
f 3808//3694 3856//3694 3857//3694 3809//3694
vn -0.6161 0.4835 -0.6218
f 3809//3695 3857//3695 3858//3695 3810//3695
vn -0.4554 0.4480 -0.7693
usemtl leaf_1
f 3810//3696 3858//3696 3859//3696 3811//3696
vn -0.2050 0.6084 -0.7667
f 3811//3697 3859//3697 3860//3697 3812//3697
vn -0.3047 0.7007 -0.6451
usemtl leaf_0
f 3812//3698 3860//3698 3861//3698 3813//3698
vn -0.3416 0.6994 -0.6278
usemtl leaf_2
f 3813//3699 3861//3699 3862//3699 3814//3699
vn -0.2408 0.6545 -0.7167
f 3814//3700 3862//3700 3863//3700 3815//3700
vn 0.0455 0.6396 -0.7674
f 3815//3701 3863//3701 3864//3701 3816//3701
vn 0.3752 0.5470 -0.7484
usemtl leaf_1
f 3816//3702 3864//3702 3865//3702 3817//3702
vn 0.1873 0.5292 -0.8275
f 3817//3703 3865//3703 3866//3703 3818//3703
vn 0.2271 0.6472 -0.7278
usemtl leaf_0
f 3818//3704 3866//3704 3867//3704 3819//3704
vn 0.4179 0.7304 -0.5403
usemtl leaf_1
f 3819//3705 3867//3705 3868//3705 3820//3705
vn 0.1985 0.7672 -0.6099
f 3820//3706 3868//3706 3869//3706 3821//3706
vn 0.3508 0.7349 -0.5804
usemtl leaf_3
f 3821//3707 3869//3707 3870//3707 3822//3707
vn 0.5749 0.7162 -0.3956
usemtl leaf_2
f 3822//3708 3870//3708 3871//3708 3823//3708
vn 0.6710 0.5625 -0.4830
usemtl leaf_3
f 3823//3709 3871//3709 3872//3709 3824//3709
vn 0.9129 0.4030 -0.0655
usemtl leaf_1
f 3824//3710 3872//3710 3873//3710 3825//3710
vn 0.9078 0.4102 -0.0872
f 3825//3711 3873//3711 3874//3711 3826//3711
vn 0.8523 0.5224 -0.0266
usemtl leaf_2
f 3826//3712 3874//3712 3875//3712 3827//3712
vn 0.6637 0.7205 0.2012
usemtl leaf_0
f 3827//3713 3875//3713 3876//3713 3828//3713
vn 0.8170 0.5727 0.0672
usemtl leaf_1
f 3828//3714 3876//3714 3877//3714 3829//3714
vn 0.9010 0.4275 0.0745
f 3829//3715 3877//3715 3878//3715 3830//3715
vn 0.9022 0.4300 -0.0325
f 3830//3716 3878//3716 3879//3716 3831//3716
vn 0.7788 0.4685 0.4171
usemtl leaf_3
f 3831//3717 3879//3717 3880//3717 3832//3717
vn 0.6923 0.5298 0.4899
usemtl leaf_1
f 3832//3718 3880//3718 3881//3718 3833//3718
vn 0.2671 0.4477 0.8533
usemtl leaf_3
f 3833//3719 3881//3719 3882//3719 3834//3719
vn 0.2937 0.4980 0.8159
usemtl leaf_1
f 3834//3720 3882//3720 3883//3720 3835//3720
vn 0.5749 0.5332 0.6206
usemtl leaf_2
f 3835//3721 3883//3721 3884//3721 3836//3721
vn 0.4655 0.4681 0.7511
usemtl leaf_0
f 3836//3722 3884//3722 3885//3722 3837//3722
vn 0.2235 0.6603 0.7170
usemtl leaf_1
f 3837//3723 3885//3723 3886//3723 3838//3723
vn 0.2792 0.6485 0.7082
f 3838//3724 3886//3724 3887//3724 3839//3724
vn -0.0712 0.5362 0.8411
f 3839//3725 3887//3725 3888//3725 3840//3725
vn 0.0091 0.6263 0.7795
f 3840//3726 3888//3726 3889//3726 3841//3726
vn -0.5835 0.5658 0.5826
f 3841//3727 3889//3727 3890//3727 3842//3727
vn -0.1718 0.6150 0.7696
f 3842//3728 3890//3728 3843//3728 3795//3728
vn -0.1881 0.8473 0.4967
usemtl leaf_0
f 3843//3729 3891//3729 3892//3729 3844//3729
vn -0.1704 0.8137 0.5558
f 3844//3730 3892//3730 3893//3730 3845//3730
vn -0.3600 0.8036 0.4739
f 3845//3731 3893//3731 3894//3731 3846//3731
vn -0.4526 0.7816 0.4291
f 3846//3732 3894//3732 3895//3732 3847//3732
vn -0.8011 0.5915 -0.0915
f 3847//3733 3895//3733 3896//3733 3848//3733
vn -0.7523 0.6395 0.1584
f 3848//3734 3896//3734 3897//3734 3849//3734
vn -0.7200 0.5891 0.3670
f 3849//3735 3897//3735 3898//3735 3850//3735
vn -0.7051 0.6305 0.3245
f 3850//3736 3898//3736 3899//3736 3851//3736
vn -0.7578 0.6322 0.1612
f 3851//3737 3899//3737 3900//3737 3852//3737
vn -0.8436 0.4844 -0.2316
f 3852//3738 3900//3738 3901//3738 3853//3738
vn -0.8626 0.4263 -0.2722
f 3853//3739 3901//3739 3902//3739 3854//3739
vn -0.8000 0.4246 -0.4240
f 3854//3740 3902//3740 3903//3740 3855//3740
vn -0.6942 0.5427 -0.4729
f 3855//3741 3903//3741 3904//3741 3856//3741
vn -0.7579 0.5649 -0.3262
f 3856//3742 3904//3742 3905//3742 3857//3742
vn -0.5567 0.6165 -0.5568
f 3857//3743 3905//3743 3906//3743 3858//3743
vn -0.2923 0.6762 -0.6762
f 3858//3744 3906//3744 3907//3744 3859//3744
vn -0.1125 0.5992 -0.7927
f 3859//3745 3907//3745 3908//3745 3860//3745
vn -0.3833 0.5679 -0.7284
f 3860//3746 3908//3746 3909//3746 3861//3746
vn -0.4682 0.4549 -0.7575
f 3861//3747 3909//3747 3910//3747 3862//3747
vn -0.1825 0.5262 -0.8305
f 3862//3748 3910//3748 3911//3748 3863//3748
vn -0.0348 0.5533 -0.8323
f 3863//3749 3911//3749 3912//3749 3864//3749
vn 0.2983 0.4811 -0.8244
f 3864//3750 3912//3750 3913//3750 3865//3750
vn 0.3576 0.5753 -0.7356
f 3865//3751 3913//3751 3914//3751 3866//3751
vn 0.2934 0.6466 -0.7042
f 3866//3752 3914//3752 3915//3752 3867//3752
vn 0.4719 0.5892 -0.6559
f 3867//3753 3915//3753 3916//3753 3868//3753
vn 0.4281 0.6390 -0.6391
f 3868//3754 3916//3754 3917//3754 3869//3754
vn 0.2330 0.6603 -0.7140
f 3869//3755 3917//3755 3918//3755 3870//3755
vn 0.6531 0.6838 -0.3254
usemtl leaf_1
f 3870//3756 3918//3756 3919//3756 3871//3756
vn 0.3861 0.6716 -0.6324
f 3871//3757 3919//3757 3920//3757 3872//3757
vn 0.7824 0.6228 -0.0073
f 3872//3758 3920//3758 3921//3758 3873//3758
vn 0.7681 0.6402 -0.0107
usemtl leaf_0
f 3873//3759 3921//3759 3922//3759 3874//3759
vn 0.8058 0.5914 0.0302
f 3874//3760 3922//3760 3923//3760 3875//3760
vn 0.8455 0.4434 0.2975
f 3875//3761 3923//3761 3924//3761 3876//3761
vn 0.8424 0.5130 -0.1649
f 3876//3762 3924//3762 3925//3762 3877//3762
vn 0.7863 0.5955 0.1645
f 3877//3763 3925//3763 3926//3763 3878//3763
vn 0.7796 0.6176 -0.1040
f 3878//3764 3926//3764 3927//3764 3879//3764
vn 0.4335 0.7893 0.4348
usemtl leaf_1
f 3879//3765 3927//3765 3928//3765 3880//3765
vn 0.5752 0.7822 0.2395
usemtl leaf_0
f 3880//3766 3928//3766 3929//3766 3881//3766
vn 0.3417 0.6006 0.7229
f 3881//3767 3929//3767 3930//3767 3882//3767
vn 0.4466 0.3465 0.8249
f 3882//3768 3930//3768 3931//3768 3883//3768
vn 0.5492 0.3034 0.7787
f 3883//3769 3931//3769 3932//3769 3884//3769
vn 0.4208 0.4897 0.7636
f 3884//3770 3932//3770 3933//3770 3885//3770
vn -0.1576 0.5920 0.7904
f 3885//3771 3933//3771 3934//3771 3886//3771
vn 0.4044 0.7433 0.5330
f 3886//3772 3934//3772 3935//3772 3887//3772
vn -0.0875 0.8125 0.5763
f 3887//3773 3935//3773 3936//3773 3888//3773
vn -0.0009 0.7718 0.6358
f 3888//3774 3936//3774 3937//3774 3889//3774
vn -0.3305 0.5823 0.7428
f 3889//3775 3937//3775 3938//3775 3890//3775
vn -0.4938 0.5691 0.6575
f 3890//3776 3938//3776 3891//3776 3843//3776
vn -0.3804 0.6771 0.6299
f 3891//3777 3939//3777 3940//3777 3892//3777
vn -0.1852 0.7202 0.6686
f 3892//3778 3940//3778 3941//3778 3893//3778
vn -0.4074 0.7899 0.4583
f 3893//3779 3941//3779 3942//3779 3894//3779
vn -0.3657 0.7663 0.5283
f 3894//3780 3942//3780 3943//3780 3895//3780
vn -0.7618 0.6340 0.1330
f 3895//3781 3943//3781 3944//3781 3896//3781
vn -0.8374 0.5436 0.0577
f 3896//3782 3944//3782 3945//3782 3897//3782
vn -0.6523 0.6289 0.4232
f 3897//3783 3945//3783 3946//3783 3898//3783
vn -0.7273 0.6568 0.1993
f 3898//3784 3946//3784 3947//3784 3899//3784
vn -0.6490 0.7369 0.1891
f 3899//3785 3947//3785 3948//3785 3900//3785
vn -0.4612 0.8607 -0.2157
f 3900//3786 3948//3786 3949//3786 3901//3786
vn -0.6073 0.7920 0.0626
f 3901//3787 3949//3787 3950//3787 3902//3787
vn -0.5512 0.7166 -0.4275
f 3902//3788 3950//3788 3951//3788 3903//3788
vn -0.6150 0.6669 -0.4207
f 3903//3789 3951//3789 3952//3789 3904//3789
vn -0.6735 0.6651 -0.3225
f 3904//3790 3952//3790 3953//3790 3905//3790
vn -0.1379 0.8036 -0.5790
f 3905//3791 3953//3791 3954//3791 3906//3791
vn -0.2802 0.8618 -0.4228
f 3906//3792 3954//3792 3955//3792 3907//3792
vn -0.2996 0.7003 -0.6480
f 3907//3793 3955//3793 3956//3793 3908//3793
vn -0.3142 0.6325 -0.7080
f 3908//3794 3956//3794 3957//3794 3909//3794
vn -0.5008 0.6797 -0.5359
f 3909//3795 3957//3795 3958//3795 3910//3795
vn -0.0732 0.7047 -0.7057
f 3910//3796 3958//3796 3959//3796 3911//3796
vn -0.1676 0.6582 -0.7340
f 3911//3797 3959//3797 3960//3797 3912//3797
vn 0.2772 0.6259 -0.7290
f 3912//3798 3960//3798 3961//3798 3913//3798
vn 0.5397 0.6145 -0.5754
f 3913//3799 3961//3799 3962//3799 3914//3799
vn 0.2762 0.7336 -0.6210
f 3914//3800 3962//3800 3963//3800 3915//3800
vn 0.3362 0.7484 -0.5718
f 3915//3801 3963//3801 3964//3801 3916//3801
vn 0.5166 0.7760 -0.3618
f 3916//3802 3964//3802 3965//3802 3917//3802
vn 0.0967 0.8135 -0.5734
f 3917//3803 3965//3803 3966//3803 3918//3803
vn 0.4345 0.8179 -0.3772
f 3918//3804 3966//3804 3967//3804 3919//3804
vn 0.4015 0.8065 -0.4339
f 3919//3805 3967//3805 3968//3805 3920//3805
vn 0.5095 0.8284 -0.2326
f 3920//3806 3968//3806 3969//3806 3921//3806
vn 0.7096 0.6853 0.1638
f 3921//3807 3969//3807 3970//3807 3922//3807
vn 0.6763 0.7065 -0.2087
f 3922//3808 3970//3808 3971//3808 3923//3808
vn 0.8460 0.5258 0.0882
f 3923//3809 3971//3809 3972//3809 3924//3809
vn 0.7794 0.5761 0.2462
f 3924//3810 3972//3810 3973//3810 3925//3810
vn 0.5778 0.8035 0.1431
f 3925//3811 3973//3811 3974//3811 3926//3811
vn 0.5909 0.8037 -0.0692
f 3926//3812 3974//3812 3975//3812 3927//3812
vn 0.2572 0.8300 0.4949
f 3927//3813 3975//3813 3976//3813 3928//3813
vn 0.3915 0.9134 0.1112
f 3928//3814 3976//3814 3977//3814 3929//3814
vn 0.3732 0.9003 0.2240
f 3929//3815 3977//3815 3978//3815 3930//3815
vn 0.4523 0.7980 0.3982
f 3930//3816 3978//3816 3979//3816 3931//3816
vn 0.2007 0.8020 0.5626
f 3931//3817 3979//3817 3980//3817 3932//3817
vn 0.2225 0.8190 0.5289
f 3932//3818 3980//3818 3981//3818 3933//3818
vn 0.0144 0.6290 0.7773
f 3933//3819 3981//3819 3982//3819 3934//3819
vn -0.0362 0.6359 0.7709
f 3934//3820 3982//3820 3983//3820 3935//3820
vn 0.1955 0.7242 0.6613
f 3935//3821 3983//3821 3984//3821 3936//3821
vn 0.0146 0.6025 0.7980
f 3936//3822 3984//3822 3985//3822 3937//3822
vn -0.2217 0.7291 0.6475
f 3937//3823 3985//3823 3986//3823 3938//3823
vn -0.5862 0.7242 0.3633
f 3938//3824 3986//3824 3939//3824 3891//3824
vn -0.5199 0.7052 0.4821
f 3939//3825 3987//3825 3988//3825 3940//3825
vn -0.2966 0.8571 0.4211
f 3940//3826 3988//3826 3989//3826 3941//3826
vn -0.1820 0.8139 0.5517
f 3941//3827 3989//3827 3990//3827 3942//3827
vn -0.3886 0.7979 0.4608
f 3942//3828 3990//3828 3991//3828 3943//3828
vn -0.4821 0.8268 0.2896
f 3943//3829 3991//3829 3992//3829 3944//3829
vn -0.7068 0.7050 0.0584
f 3944//3830 3992//3830 3993//3830 3945//3830
vn -0.6820 0.6702 0.2927
f 3945//3831 3993//3831 3994//3831 3946//3831
vn -0.4617 0.8687 -0.1796
f 3946//3832 3994//3832 3995//3832 3947//3832
vn -0.2480 0.9671 0.0569
f 3947//3833 3995//3833 3996//3833 3948//3833
vn -0.4818 0.8763 0.0008
f 3948//3834 3996//3834 3997//3834 3949//3834
vn -0.5530 0.8264 0.1065
f 3949//3835 3997//3835 3998//3835 3950//3835
vn -0.4527 0.8633 -0.2232
f 3950//3836 3998//3836 3999//3836 3951//3836
vn -0.4974 0.8166 -0.2928
f 3951//3837 3999//3837 4000//3837 3952//3837
vn -0.2377 0.8975 -0.3715
f 3952//3838 4000//3838 4001//3838 3953//3838
vn -0.0941 0.8307 -0.5487
f 3953//3839 4001//3839 4002//3839 3954//3839
vn -0.3346 0.8310 -0.4444
f 3954//3840 4002//3840 4003//3840 3955//3840
vn -0.2764 0.9006 -0.3356
f 3955//3841 4003//3841 4004//3841 3956//3841
vn -0.2494 0.8844 -0.3946
f 3956//3842 4004//3842 4005//3842 3957//3842
vn -0.4037 0.8141 -0.4174
f 3957//3843 4005//3843 4006//3843 3958//3843
vn -0.0366 0.9070 -0.4196
f 3958//3844 4006//3844 4007//3844 3959//3844
vn -0.0886 0.9466 -0.3099
f 3959//3845 4007//3845 4008//3845 3960//3845
vn 0.0345 0.9431 -0.3307
f 3960//3846 4008//3846 4009//3846 3961//3846
vn 0.4144 0.7767 -0.4743
f 3961//3847 4009//3847 4010//3847 3962//3847
vn 0.3334 0.6694 -0.6639
f 3962//3848 4010//3848 4011//3848 3963//3848
vn 0.4217 0.7041 -0.5712
f 3963//3849 4011//3849 4012//3849 3964//3849
vn 0.6471 0.7182 -0.2557
f 3964//3850 4012//3850 4013//3850 3965//3850
vn 0.1631 0.6836 -0.7114
f 3965//3851 4013//3851 4014//3851 3966//3851
vn 0.4232 0.7377 -0.5261
f 3966//3852 4014//3852 4015//3852 3967//3852
vn 0.5401 0.8152 -0.2094
f 3967//3853 4015//3853 4016//3853 3968//3853
vn 0.3992 0.8288 -0.3921
f 3968//3854 4016//3854 4017//3854 3969//3854
vn 0.6213 0.7797 0.0780
f 3969//3855 4017//3855 4018//3855 3970//3855
vn 0.6255 0.7622 -0.1668
f 3970//3856 4018//3856 4019//3856 3971//3856
vn 0.5241 0.8445 -0.1104
f 3971//3857 4019//3857 4020//3857 3972//3857
vn 0.5675 0.7437 0.3533
f 3972//3858 4020//3858 4021//3858 3973//3858
vn 0.5490 0.7178 0.4282
f 3973//3859 4021//3859 4022//3859 3974//3859
vn 0.5785 0.8134 -0.0613
f 3974//3860 4022//3860 4023//3860 3975//3860
vn 0.1906 0.7952 0.5756
f 3975//3861 4023//3861 4024//3861 3976//3861
vn 0.5902 0.7860 0.1839
f 3976//3862 4024//3862 4025//3862 3977//3862
vn 0.5553 0.7804 0.2876
f 3977//3863 4025//3863 4026//3863 3978//3863
vn 0.4790 0.8351 0.2705
f 3978//3864 4026//3864 4027//3864 3979//3864
vn 0.2164 0.8064 0.5503
f 3979//3865 4027//3865 4028//3865 3980//3865
vn 0.2853 0.7620 0.5813
f 3980//3866 4028//3866 4029//3866 3981//3866
vn 0.2098 0.8019 0.5594
f 3981//3867 4029//3867 4030//3867 3982//3867
vn -0.3728 0.7429 0.5560
f 3982//3868 4030//3868 4031//3868 3983//3868
vn 0.3653 0.7543 0.5455
f 3983//3869 4031//3869 4032//3869 3984//3869
vn -0.1513 0.9258 0.3464
f 3984//3870 4032//3870 4033//3870 3985//3870
vn -0.0855 0.9128 0.3993
f 3985//3871 4033//3871 4034//3871 3986//3871
vn -0.3852 0.6839 0.6196
f 3986//3872 4034//3872 3987//3872 3939//3872
vn -0.2614 0.9652 -0.0080
f 3987//3873 4035//3873 4036//3873 3988//3873
vn -0.2155 0.9539 0.2089
f 3988//3874 4036//3874 4037//3874 3989//3874
vn 0.0375 0.9579 0.2847
f 3989//3875 4037//3875 4038//3875 3990//3875
vn 0.0046 0.9994 0.0333
f 3990//3876 4038//3876 4039//3876 3991//3876
vn 0.0000 1.0000 0.0000
f 3991//3877 4039//3877 4040//3877 3992//3877
vn 0.0000 1.0000 -0.0000
f 3992//3878 4040//3878 4041//3878 3993//3878
vn 0.0000 1.0000 0.0000
f 3993//3879 4041//3879 4042//3879 3994//3879
vn -0.2297 0.9168 -0.3268
f 3994//3880 4042//3880 4043//3880 3995//3880
vn -0.3428 0.9388 0.0324
f 3995//3881 4043//3881 4044//3881 3996//3881
vn -0.1969 0.9549 0.2224
f 3996//3882 4044//3882 4045//3882 3997//3882
vn -0.0426 0.9988 -0.0227
f 3997//3883 4045//3883 4046//3883 3998//3883
vn -0.0442 0.9984 0.0351
f 3998//3884 4046//3884 4047//3884 3999//3884
vn 0.0000 1.0000 0.0000
f 3999//3885 4047//3885 4048//3885 4000//3885
vn 0.0181 0.9857 -0.1677
f 4000//3886 4048//3886 4049//3886 4001//3886
vn -0.1106 0.9728 -0.2034
f 4001//3887 4049//3887 4050//3887 4002//3887
vn -0.1009 0.9563 -0.2743
f 4002//3888 4050//3888 4051//3888 4003//3888
vn -0.1437 0.9472 -0.2866
f 4003//3889 4051//3889 4052//3889 4004//3889
vn -0.2376 0.9555 -0.1748
f 4004//3890 4052//3890 4053//3890 4005//3890
vn -0.1470 0.9879 -0.0484
f 4005//3891 4053//3891 4054//3891 4006//3891
vn 0.0693 0.9961 -0.0553
f 4006//3892 4054//3892 4055//3892 4007//3892
vn -0.0272 0.9961 -0.0843
f 4007//3893 4055//3893 4056//3893 4008//3893
vn -0.0521 0.9975 -0.0475
f 4008//3894 4056//3894 4057//3894 4009//3894
vn 0.0000 1.0000 0.0000
f 4009//3895 4057//3895 4058//3895 4010//3895
vn 0.0023 1.0000 -0.0003
f 4010//3896 4058//3896 4059//3896 4011//3896
vn 0.0699 0.9975 -0.0070
f 4011//3897 4059//3897 4060//3897 4012//3897
vn 0.3740 0.9264 -0.0432
f 4012//3898 4060//3898 4061//3898 4013//3898
vn -0.0590 0.9393 -0.3379
f 4013//3899 4061//3899 4062//3899 4014//3899
vn -0.0007 1.0000 -0.0042
f 4014//3900 4062//3900 4063//3900 4015//3900
vn 0.0456 0.9986 0.0278
f 4015//3901 4063//3901 4064//3901 4016//3901
vn 0.0058 0.9984 -0.0561
f 4016//3902 4064//3902 4065//3902 4017//3902
vn 0.0000 1.0000 0.0000
f 4017//3903 4065//3903 4066//3903 4018//3903
vn 0.0000 1.0000 -0.0000
f 4018//3904 4066//3904 4067//3904 4019//3904
vn 0.0000 1.0000 0.0000
f 4019//3905 4067//3905 4068//3905 4020//3905
vn 0.0000 1.0000 -0.0000
f 4020//3906 4068//3906 4069//3906 4021//3906
vn 0.0758 0.9434 0.3228
f 4021//3907 4069//3907 4070//3907 4022//3907
vn 0.2521 0.9664 -0.0505
f 4022//3908 4070//3908 4071//3908 4023//3908
vn -0.0300 0.9108 0.4118
f 4023//3909 4071//3909 4072//3909 4024//3909
vn 0.3919 0.9051 -0.1647
f 4024//3910 4072//3910 4073//3910 4025//3910
vn 0.1307 0.9861 0.1028
f 4025//3911 4073//3911 4074//3911 4026//3911
vn 0.1573 0.9875 -0.0106
f 4026//3912 4074//3912 4075//3912 4027//3912
vn 0.0000 1.0000 -0.0000
f 4027//3913 4075//3913 4076//3913 4028//3913
vn 0.0000 1.0000 -0.0000
f 4028//3914 4076//3914 4077//3914 4029//3914
vn 0.0000 1.0000 0.0000
f 4029//3915 4077//3915 4078//3915 4030//3915
vn -0.2015 0.9669 0.1566
f 4030//3916 4078//3916 4079//3916 4031//3916
vn 0.1846 0.9754 0.1207
f 4031//3917 4079//3917 4080//3917 4032//3917
vn -0.2618 0.9603 0.0958
f 4032//3918 4080//3918 4081//3918 4033//3918
vn 0.2199 0.9519 0.2134
f 4033//3919 4081//3919 4082//3919 4034//3919
vn 0.0000 1.0000 -0.0000
f 4034//3920 4082//3920 4035//3920 3987//3920
vn 0.0000 1.0000 0.0000
f 4035//3921 4083//3921 4084//3921 4036//3921
vn 0.0000 1.0000 0.0000
f 4036//3922 4084//3922 4085//3922 4037//3922
vn 0.0000 1.0000 0.0000
f 4037//3923 4085//3923 4086//3923 4038//3923
vn 0.0000 1.0000 0.0000
f 4038//3924 4086//3924 4087//3924 4039//3924
vn 0.0000 1.0000 0.0000
f 4039//3925 4087//3925 4088//3925 4040//3925
vn 0.0000 1.0000 -0.0000
f 4040//3926 4088//3926 4089//3926 4041//3926
vn 0.0000 1.0000 0.0000
f 4041//3927 4089//3927 4090//3927 4042//3927
vn 0.0000 1.0000 -0.0000
f 4042//3928 4090//3928 4091//3928 4043//3928
vn 0.0000 1.0000 0.0000
f 4043//3929 4091//3929 4092//3929 4044//3929
vn 0.0000 1.0000 0.0000
f 4044//3930 4092//3930 4093//3930 4045//3930
vn 0.0000 1.0000 0.0000
f 4045//3931 4093//3931 4094//3931 4046//3931
vn 0.0000 1.0000 0.0000
f 4046//3932 4094//3932 4095//3932 4047//3932
vn 0.0000 1.0000 0.0000
f 4047//3933 4095//3933 4096//3933 4048//3933
vn 0.0000 1.0000 -0.0000
f 4048//3934 4096//3934 4097//3934 4049//3934
vn 0.0000 1.0000 -0.0000
f 4049//3935 4097//3935 4098//3935 4050//3935
vn 0.0000 1.0000 -0.0000
f 4050//3936 4098//3936 4099//3936 4051//3936
vn 0.0000 1.0000 0.0000
f 4051//3937 4099//3937 4100//3937 4052//3937
vn 0.0000 1.0000 -0.0000
f 4052//3938 4100//3938 4101//3938 4053//3938
vn 0.0000 1.0000 0.0000
f 4053//3939 4101//3939 4102//3939 4054//3939
vn 0.0000 1.0000 -0.0000
f 4054//3940 4102//3940 4103//3940 4055//3940
vn 0.0000 1.0000 0.0000
f 4055//3941 4103//3941 4104//3941 4056//3941
vn 0.0000 1.0000 0.0000
f 4056//3942 4104//3942 4105//3942 4057//3942
vn 0.0000 1.0000 0.0000
f 4057//3943 4105//3943 4106//3943 4058//3943
vn 0.0000 1.0000 0.0000
f 4058//3944 4106//3944 4107//3944 4059//3944
vn 0.0000 1.0000 0.0000
f 4059//3945 4107//3945 4108//3945 4060//3945
vn 0.0000 1.0000 -0.0000
f 4060//3946 4108//3946 4109//3946 4061//3946
vn 0.0000 1.0000 0.0000
f 4061//3947 4109//3947 4110//3947 4062//3947
vn 0.0000 1.0000 0.0000
f 4062//3948 4110//3948 4111//3948 4063//3948
vn 0.0000 1.0000 0.0000
f 4063//3949 4111//3949 4112//3949 4064//3949
vn 0.0000 1.0000 -0.0000
f 4064//3950 4112//3950 4113//3950 4065//3950
vn 0.0000 1.0000 0.0000
f 4065//3951 4113//3951 4114//3951 4066//3951
vn 0.0000 1.0000 0.0000
f 4066//3952 4114//3952 4115//3952 4067//3952
vn 0.0000 1.0000 0.0000
f 4067//3953 4115//3953 4116//3953 4068//3953
vn 0.0000 1.0000 -0.0000
f 4068//3954 4116//3954 4117//3954 4069//3954
vn 0.0000 1.0000 0.0000
f 4069//3955 4117//3955 4118//3955 4070//3955
vn 0.0000 1.0000 -0.0000
f 4070//3956 4118//3956 4119//3956 4071//3956
vn -0.0202 0.9873 0.1576
f 4071//3957 4119//3957 4120//3957 4072//3957
vn 0.1434 0.9860 -0.0845
f 4072//3958 4120//3958 4121//3958 4073//3958
vn 0.0000 1.0000 0.0000
f 4073//3959 4121//3959 4122//3959 4074//3959
vn 0.0000 1.0000 0.0000
f 4074//3960 4122//3960 4123//3960 4075//3960
vn 0.0000 1.0000 -0.0000
f 4075//3961 4123//3961 4124//3961 4076//3961
vn 0.0000 1.0000 0.0000
f 4076//3962 4124//3962 4125//3962 4077//3962
vn 0.0000 1.0000 0.0000
f 4077//3963 4125//3963 4126//3963 4078//3963
vn 0.0000 1.0000 0.0000
f 4078//3964 4126//3964 4127//3964 4079//3964
vn 0.0000 1.0000 0.0000
f 4079//3965 4127//3965 4128//3965 4080//3965
vn 0.0000 1.0000 0.0000
f 4080//3966 4128//3966 4129//3966 4081//3966
vn 0.0000 1.0000 0.0000
f 4081//3967 4129//3967 4130//3967 4082//3967
vn 0.0000 1.0000 0.0000
f 4082//3968 4130//3968 4083//3968 4035//3968
vn 0.0000 1.0000 0.0000
f 4083//3969 4131//3969 4132//3969 4084//3969
vn 0.0000 1.0000 0.0000
f 4084//3970 4132//3970 4133//3970 4085//3970
vn 0.0000 1.0000 -0.0000
f 4085//3971 4133//3971 4134//3971 4086//3971
vn 0.0000 1.0000 0.0000
f 4086//3972 4134//3972 4135//3972 4087//3972
vn 0.0000 1.0000 0.0000
f 4087//3973 4135//3973 4136//3973 4088//3973
vn 0.0000 1.0000 -0.0000
f 4088//3974 4136//3974 4137//3974 4089//3974
vn 0.0000 1.0000 0.0000
f 4089//3975 4137//3975 4138//3975 4090//3975
vn 0.0000 1.0000 -0.0000
f 4090//3976 4138//3976 4139//3976 4091//3976
vn 0.0000 1.0000 0.0000
f 4091//3977 4139//3977 4140//3977 4092//3977
vn 0.0000 1.0000 0.0000
f 4092//3978 4140//3978 4141//3978 4093//3978
vn 0.0000 1.0000 -0.0000
f 4093//3979 4141//3979 4142//3979 4094//3979
vn 0.0000 1.0000 0.0000
f 4094//3980 4142//3980 4143//3980 4095//3980
vn 0.0000 1.0000 -0.0000
f 4095//3981 4143//3981 4144//3981 4096//3981
vn 0.0000 1.0000 -0.0000
f 4096//3982 4144//3982 4145//3982 4097//3982
vn 0.0000 1.0000 0.0000
f 4097//3983 4145//3983 4146//3983 4098//3983
vn 0.0000 1.0000 0.0000
f 4098//3984 4146//3984 4147//3984 4099//3984
vn 0.0000 1.0000 -0.0000
f 4099//3985 4147//3985 4148//3985 4100//3985
vn 0.0000 1.0000 0.0000
f 4100//3986 4148//3986 4149//3986 4101//3986
vn 0.0000 1.0000 0.0000
f 4101//3987 4149//3987 4150//3987 4102//3987
vn 0.0000 1.0000 0.0000
f 4102//3988 4150//3988 4151//3988 4103//3988
vn 0.0000 1.0000 0.0000
f 4103//3989 4151//3989 4152//3989 4104//3989
vn 0.0000 1.0000 0.0000
f 4104//3990 4152//3990 4153//3990 4105//3990
vn 0.0000 1.0000 0.0000
f 4105//3991 4153//3991 4154//3991 4106//3991
vn 0.0000 1.0000 -0.0000
f 4106//3992 4154//3992 4155//3992 4107//3992
vn 0.0000 1.0000 -0.0000
f 4107//3993 4155//3993 4156//3993 4108//3993
vn 0.0000 1.0000 0.0000
f 4108//3994 4156//3994 4157//3994 4109//3994
vn 0.0000 1.0000 0.0000
f 4109//3995 4157//3995 4158//3995 4110//3995
vn 0.0000 1.0000 0.0000
f 4110//3996 4158//3996 4159//3996 4111//3996
vn 0.0000 1.0000 -0.0000
f 4111//3997 4159//3997 4160//3997 4112//3997
vn 0.0000 1.0000 -0.0000
f 4112//3998 4160//3998 4161//3998 4113//3998
vn 0.0000 1.0000 0.0000
f 4113//3999 4161//3999 4162//3999 4114//3999
vn 0.0000 1.0000 0.0000
f 4114//4000 4162//4000 4163//4000 4115//4000
vn 0.0000 1.0000 0.0000
f 4115//4001 4163//4001 4164//4001 4116//4001
vn 0.0000 1.0000 -0.0000
f 4116//4002 4164//4002 4165//4002 4117//4002
vn 0.0000 1.0000 0.0000
f 4117//4003 4165//4003 4166//4003 4118//4003
vn 0.0000 1.0000 0.0000
f 4118//4004 4166//4004 4167//4004 4119//4004
vn 0.0000 1.0000 -0.0000
f 4119//4005 4167//4005 4168//4005 4120//4005
vn 0.0000 1.0000 0.0000
f 4120//4006 4168//4006 4169//4006 4121//4006
vn 0.0000 1.0000 -0.0000
f 4121//4007 4169//4007 4170//4007 4122//4007
vn 0.0000 1.0000 0.0000
f 4122//4008 4170//4008 4171//4008 4123//4008
vn 0.0000 1.0000 0.0000
f 4123//4009 4171//4009 4172//4009 4124//4009
vn 0.0000 1.0000 0.0000
f 4124//4010 4172//4010 4173//4010 4125//4010
vn 0.0000 1.0000 0.0000
usemtl leaf_1
f 4125//4011 4173//4011 4174//4011 4126//4011
vn 0.0000 1.0000 0.0000
usemtl leaf_0
f 4126//4012 4174//4012 4175//4012 4127//4012
vn 0.0000 1.0000 0.0000
f 4127//4013 4175//4013 4176//4013 4128//4013
vn 0.0000 1.0000 0.0000
f 4128//4014 4176//4014 4177//4014 4129//4014
vn 0.0000 1.0000 0.0000
f 4129//4015 4177//4015 4178//4015 4130//4015
vn 0.0000 1.0000 0.0000
f 4130//4016 4178//4016 4131//4016 4083//4016
vn 0.0000 1.0000 0.0000
f 4131//4017 4179//4017 4180//4017 4132//4017
vn 0.0000 1.0000 0.0000
f 4132//4018 4180//4018 4181//4018 4133//4018
vn 0.0000 1.0000 0.0000
f 4133//4019 4181//4019 4182//4019 4134//4019
vn 0.0000 1.0000 0.0000
f 4134//4020 4182//4020 4183//4020 4135//4020
vn 0.0000 1.0000 0.0000
f 4135//4021 4183//4021 4184//4021 4136//4021
vn 0.0000 1.0000 -0.0000
f 4136//4022 4184//4022 4185//4022 4137//4022
vn 0.0000 1.0000 0.0000
f 4137//4023 4185//4023 4186//4023 4138//4023
vn 0.0000 1.0000 -0.0000
f 4138//4024 4186//4024 4187//4024 4139//4024
vn 0.0000 1.0000 -0.0000
f 4139//4025 4187//4025 4188//4025 4140//4025
vn 0.0000 1.0000 0.0000
f 4140//4026 4188//4026 4189//4026 4141//4026
vn 0.0000 1.0000 0.0000
f 4141//4027 4189//4027 4190//4027 4142//4027
vn 0.0000 1.0000 0.0000
f 4142//4028 4190//4028 4191//4028 4143//4028
vn 0.0000 1.0000 -0.0000
f 4143//4029 4191//4029 4192//4029 4144//4029
vn 0.0000 1.0000 -0.0000
f 4144//4030 4192//4030 4193//4030 4145//4030
vn 0.0000 1.0000 -0.0000
f 4145//4031 4193//4031 4194//4031 4146//4031
vn 0.0000 1.0000 0.0000
f 4146//4032 4194//4032 4195//4032 4147//4032
vn 0.0000 1.0000 0.0000
f 4147//4033 4195//4033 4196//4033 4148//4033
vn 0.0000 1.0000 0.0000
f 4148//4034 4196//4034 4197//4034 4149//4034
vn 0.0000 1.0000 -0.0000
f 4149//4035 4197//4035 4198//4035 4150//4035
vn 0.0000 1.0000 0.0000
f 4150//4036 4198//4036 4199//4036 4151//4036
vn 0.0000 1.0000 -0.0000
f 4151//4037 4199//4037 4200//4037 4152//4037
vn 0.0000 1.0000 0.0000
f 4152//4038 4200//4038 4201//4038 4153//4038
vn 0.0000 1.0000 0.0000
f 4153//4039 4201//4039 4202//4039 4154//4039
vn 0.0000 1.0000 0.0000
f 4154//4040 4202//4040 4203//4040 4155//4040
vn 0.0000 1.0000 0.0000
f 4155//4041 4203//4041 4204//4041 4156//4041
vn 0.0000 1.0000 -0.0000
f 4156//4042 4204//4042 4205//4042 4157//4042
vn 0.0000 1.0000 0.0000
f 4157//4043 4205//4043 4206//4043 4158//4043
vn 0.0000 1.0000 0.0000
f 4158//4044 4206//4044 4207//4044 4159//4044
vn 0.0000 1.0000 -0.0000
f 4159//4045 4207//4045 4208//4045 4160//4045
vn 0.0000 1.0000 0.0000
f 4160//4046 4208//4046 4209//4046 4161//4046
vn 0.0000 1.0000 -0.0000
f 4161//4047 4209//4047 4210//4047 4162//4047
vn 0.0000 1.0000 0.0000
f 4162//4048 4210//4048 4211//4048 4163//4048
vn 0.0000 1.0000 0.0000
f 4163//4049 4211//4049 4212//4049 4164//4049
vn 0.0000 1.0000 0.0000
f 4164//4050 4212//4050 4213//4050 4165//4050
vn 0.0000 1.0000 -0.0000
f 4165//4051 4213//4051 4214//4051 4166//4051
vn 0.0000 1.0000 -0.0000
f 4166//4052 4214//4052 4215//4052 4167//4052
vn 0.0000 1.0000 -0.0000
f 4167//4053 4215//4053 4216//4053 4168//4053
vn 0.0000 1.0000 -0.0000
f 4168//4054 4216//4054 4217//4054 4169//4054
vn 0.0000 1.0000 0.0000
f 4169//4055 4217//4055 4218//4055 4170//4055
vn 0.0000 1.0000 0.0000
f 4170//4056 4218//4056 4219//4056 4171//4056
vn 0.0000 1.0000 0.0000
f 4171//4057 4219//4057 4220//4057 4172//4057
vn 0.0000 1.0000 -0.0000
f 4172//4058 4220//4058 4221//4058 4173//4058
vn 0.0000 1.0000 0.0000
f 4173//4059 4221//4059 4222//4059 4174//4059
vn 0.0000 1.0000 0.0000
f 4174//4060 4222//4060 4223//4060 4175//4060
vn 0.0000 1.0000 0.0000
f 4175//4061 4223//4061 4224//4061 4176//4061
vn 0.0000 1.0000 0.0000
f 4176//4062 4224//4062 4225//4062 4177//4062
vn 0.0000 1.0000 0.0000
f 4177//4063 4225//4063 4226//4063 4178//4063
vn 0.0000 1.0000 0.0000
f 4178//4064 4226//4064 4179//4064 4131//4064
vn 0.0000 1.0000 0.0000
f 4179//4065 4227//4065 4228//4065 4180//4065
vn 0.0000 1.0000 0.0000
f 4180//4066 4228//4066 4229//4066 4181//4066
vn 0.0000 1.0000 0.0000
f 4181//4067 4229//4067 4230//4067 4182//4067
vn 0.0000 1.0000 -0.0000
f 4182//4068 4230//4068 4231//4068 4183//4068
vn 0.0000 1.0000 0.0000
f 4183//4069 4231//4069 4232//4069 4184//4069
vn 0.0000 1.0000 0.0000
f 4184//4070 4232//4070 4233//4070 4185//4070
vn 0.0000 1.0000 -0.0000
f 4185//4071 4233//4071 4234//4071 4186//4071
vn 0.0000 1.0000 -0.0000
f 4186//4072 4234//4072 4235//4072 4187//4072
vn 0.0000 1.0000 0.0000
f 4187//4073 4235//4073 4236//4073 4188//4073
vn 0.0000 1.0000 -0.0000
f 4188//4074 4236//4074 4237//4074 4189//4074
vn 0.0000 1.0000 0.0000
f 4189//4075 4237//4075 4238//4075 4190//4075
vn 0.0000 1.0000 -0.0000
f 4190//4076 4238//4076 4239//4076 4191//4076
vn 0.0000 1.0000 0.0000
f 4191//4077 4239//4077 4240//4077 4192//4077
vn 0.0000 1.0000 0.0000
f 4192//4078 4240//4078 4241//4078 4193//4078
vn 0.0000 1.0000 0.0000
f 4193//4079 4241//4079 4242//4079 4194//4079
vn 0.0000 1.0000 -0.0000
f 4194//4080 4242//4080 4243//4080 4195//4080
vn 0.0000 1.0000 -0.0000
f 4195//4081 4243//4081 4244//4081 4196//4081
vn 0.0000 1.0000 0.0000
f 4196//4082 4244//4082 4245//4082 4197//4082
vn 0.0000 1.0000 0.0000
f 4197//4083 4245//4083 4246//4083 4198//4083
vn 0.0000 1.0000 0.0000
f 4198//4084 4246//4084 4247//4084 4199//4084
vn 0.0000 1.0000 0.0000
f 4199//4085 4247//4085 4248//4085 4200//4085
vn 0.0000 1.0000 -0.0000
f 4200//4086 4248//4086 4249//4086 4201//4086
vn 0.0000 1.0000 -0.0000
f 4201//4087 4249//4087 4250//4087 4202//4087
vn 0.0000 1.0000 0.0000
f 4202//4088 4250//4088 4251//4088 4203//4088
vn 0.0000 1.0000 0.0000
f 4203//4089 4251//4089 4252//4089 4204//4089
vn 0.0000 1.0000 -0.0000
f 4204//4090 4252//4090 4253//4090 4205//4090
vn 0.0000 1.0000 0.0000
f 4205//4091 4253//4091 4254//4091 4206//4091
vn 0.0000 1.0000 0.0000
f 4206//4092 4254//4092 4255//4092 4207//4092
vn 0.0000 1.0000 -0.0000
f 4207//4093 4255//4093 4256//4093 4208//4093
vn 0.0000 1.0000 -0.0000
f 4208//4094 4256//4094 4257//4094 4209//4094
vn 0.0000 1.0000 0.0000
f 4209//4095 4257//4095 4258//4095 4210//4095
vn 0.0000 1.0000 -0.0000
f 4210//4096 4258//4096 4259//4096 4211//4096
vn 0.0000 1.0000 0.0000
f 4211//4097 4259//4097 4260//4097 4212//4097
vn 0.0000 1.0000 -0.0000
f 4212//4098 4260//4098 4261//4098 4213//4098
vn 0.0000 1.0000 0.0000
f 4213//4099 4261//4099 4262//4099 4214//4099
vn 0.0000 1.0000 -0.0000
f 4214//4100 4262//4100 4263//4100 4215//4100
vn 0.0000 1.0000 -0.0000
f 4215//4101 4263//4101 4264//4101 4216//4101
vn 0.0000 1.0000 0.0000
f 4216//4102 4264//4102 4265//4102 4217//4102
vn 0.0000 1.0000 -0.0000
f 4217//4103 4265//4103 4266//4103 4218//4103
vn 0.0000 1.0000 0.0000
f 4218//4104 4266//4104 4267//4104 4219//4104
vn 0.0000 1.0000 -0.0000
f 4219//4105 4267//4105 4268//4105 4220//4105
vn 0.0000 1.0000 0.0000
f 4220//4106 4268//4106 4269//4106 4221//4106
vn 0.0000 1.0000 0.0000
f 4221//4107 4269//4107 4270//4107 4222//4107
vn 0.0000 1.0000 0.0000
f 4222//4108 4270//4108 4271//4108 4223//4108
vn 0.0000 1.0000 -0.0000
f 4223//4109 4271//4109 4272//4109 4224//4109
vn 0.0000 1.0000 0.0000
f 4224//4110 4272//4110 4273//4110 4225//4110
vn 0.0000 1.0000 -0.0000
f 4225//4111 4273//4111 4274//4111 4226//4111
vn 0.0000 1.0000 0.0000
f 4226//4112 4274//4112 4227//4112 4179//4112
vn 0.7589 0.0000 -0.6512
usemtl trunk
f 4275//4113 4277//4113 4278//4113 4276//4113
vn 0.9971 0.0000 0.0761
f 4277//4114 4279//4114 4280//4114 4278//4114
vn 0.6512 0.0000 0.7589
f 4279//4115 4281//4115 4282//4115 4280//4115
vn -0.0761 0.0000 0.9971
f 4281//4116 4283//4116 4284//4116 4282//4116
vn -0.7589 0.0000 0.6512
f 4283//4117 4285//4117 4286//4117 4284//4117
vn -0.9971 0.0000 -0.0761
f 4285//4118 4287//4118 4288//4118 4286//4118
vn -0.6512 0.0000 -0.7589
f 4287//4119 4289//4119 4290//4119 4288//4119
vn 0.0761 0.0000 -0.9971
f 4289//4120 4275//4120 4276//4120 4290//4120
vn 0.0000 1.0000 -0.0000
f 4291//4121 4277//4121 4275//4121
vn 0.0000 -1.0000 0.0000
f 4292//4122 4276//4122 4278//4122
vn 0.0000 1.0000 0.0000
f 4291//4123 4279//4123 4277//4123
vn 0.0000 -1.0000 0.0000
f 4292//4124 4278//4124 4280//4124
vn 0.0000 1.0000 0.0000
f 4291//4125 4281//4125 4279//4125
vn 0.0000 -1.0000 -0.0000
f 4292//4126 4280//4126 4282//4126
vn 0.0000 1.0000 -0.0000
f 4291//4127 4283//4127 4281//4127
vn 0.0000 -1.0000 0.0000
f 4292//4128 4282//4128 4284//4128
vn 0.0000 1.0000 0.0000
f 4291//4129 4285//4129 4283//4129
vn 0.0000 -1.0000 -0.0000
f 4292//4130 4284//4130 4286//4130
vn 0.0000 1.0000 -0.0000
f 4291//4131 4287//4131 4285//4131
vn 0.0000 -1.0000 0.0000
f 4292//4132 4286//4132 4288//4132
vn 0.0000 1.0000 0.0000
f 4291//4133 4289//4133 4287//4133
vn 0.0000 -1.0000 0.0000
f 4292//4134 4288//4134 4290//4134
vn 0.0000 1.0000 0.0000
f 4291//4135 4275//4135 4289//4135
vn 0.0000 -1.0000 0.0000
f 4292//4136 4290//4136 4276//4136
o bush_boxwood_3
v 7.4582 0.6421 1.9079
v 7.4582 0.6497 1.9079
v 7.4582 0.6532 1.9079
v 7.4582 0.6578 1.9079
v 7.4582 0.6570 1.9079
v 7.4582 0.6526 1.9079
v 7.4582 0.6546 1.9079
v 7.4582 0.6477 1.9079
v 7.4582 0.6547 1.9079
v 7.4582 0.6493 1.9079
v 7.4582 0.6498 1.9079
v 7.4582 0.6511 1.9079
v 7.4582 0.6476 1.9079
v 7.4582 0.6417 1.9079
v 7.4582 0.6424 1.9079
v 7.4582 0.6502 1.9079
v 7.4582 0.6560 1.9079
v 7.4582 0.6567 1.9079
v 7.4582 0.6627 1.9079
v 7.4582 0.6540 1.9079
v 7.4582 0.6477 1.9079
v 7.4582 0.6496 1.9079
v 7.4582 0.6492 1.9079
v 7.4582 0.6443 1.9079
v 7.4582 0.6497 1.9079
v 7.4582 0.6547 1.9079
v 7.4582 0.6482 1.9079
v 7.4582 0.6528 1.9079
v 7.4582 0.6493 1.9079
v 7.4582 0.6490 1.9079
v 7.4582 0.6573 1.9079
v 7.4582 0.6560 1.9079
v 7.4582 0.6539 1.9079
v 7.4582 0.6525 1.9079
v 7.4582 0.6462 1.9079
v 7.4582 0.6450 1.9079
v 7.4582 0.6550 1.9079
v 7.4582 0.6530 1.9079
v 7.4582 0.6604 1.9079
v 7.4582 0.6534 1.9079
v 7.4582 0.6523 1.9079
v 7.4582 0.6443 1.9079
v 7.4582 0.6388 1.9079
v 7.4582 0.6444 1.9079
v 7.4582 0.6469 1.9079
v 7.4582 0.6518 1.9079
v 7.4582 0.6540 1.9079
v 7.4582 0.6555 1.9079
v 7.4333 0.6476 1.8790
v 7.4372 0.6493 1.8758
v 7.4415 0.6512 1.8732
v 7.4460 0.6565 1.8708
v 7.4510 0.6562 1.8696
v 7.4560 0.6553 1.8690
v 7.4611 0.6540 1.8692
v 7.4660 0.6496 1.8704
v 7.4710 0.6526 1.8715
v 7.4756 0.6531 1.8734
v 7.4798 0.6495 1.8763
v 7.4837 0.6497 1.8793
v 7.4871 0.6479 1.8831
v 7.4903 0.6496 1.8870
v 7.4925 0.6467 1.8914
v 7.4948 0.6519 1.8959
v 7.4963 0.6543 1.9007
v 7.4973 0.6580 1.9058
v 7.4970 0.6553 1.9109
v 7.4961 0.6541 1.9159
v 7.4949 0.6556 1.9208
v 7.4922 0.6476 1.9251
v 7.4898 0.6490 1.9295
v 7.4860 0.6400 1.9328
v 7.4827 0.6438 1.9365
v 7.4789 0.6461 1.9397
v 7.4751 0.6575 1.9432
v 7.4704 0.6580 1.9451
v 7.4653 0.6540 1.9460
v 7.4603 0.6540 1.9466
v 7.4552 0.6525 1.9464
v 7.4501 0.6567 1.9461
v 7.4453 0.6548 1.9446
v 7.4407 0.6521 1.9423
v 7.4368 0.6459 1.9392
v 7.4331 0.6428 1.9359
v 7.4285 0.6567 1.9333
v 7.4252 0.6596 1.9294
v 7.4221 0.6658 1.9252
v 7.4205 0.6625 1.9202
v 7.4201 0.6533 1.9151
v 7.4202 0.6469 1.9100
v 7.4212 0.6372 1.9051
v 7.4208 0.6483 1.9001
v 7.4219 0.6502 1.8952
v 7.4236 0.6541 1.8904
v 7.4260 0.6560 1.8859
v 7.4297 0.6487 1.8824
v 7.4077 0.6486 1.8492
v 7.4156 0.6508 1.8427
v 7.4237 0.6595 1.8361
v 7.4333 0.6606 1.8320
v 7.4437 0.6519 1.8311
v 7.4538 0.6555 1.8292
v 7.4640 0.6481 1.8308
v 7.4744 0.6572 1.8304
v 7.4846 0.6595 1.8327
v 7.4939 0.6565 1.8374
v 7.5015 0.6459 1.8444
v 7.5087 0.6406 1.8515
v 7.5169 0.6487 1.8574
v 7.5234 0.6509 1.8653
v 7.5295 0.6565 1.8737
v 7.5325 0.6524 1.8835
v 7.5349 0.6518 1.8935
v 7.5365 0.6533 1.9036
v 7.5369 0.6559 1.9139
v 7.5366 0.6615 1.9244
v 7.5340 0.6626 1.9345
v 7.5279 0.6521 1.9432
v 7.5224 0.6503 1.9518
v 7.5145 0.6398 1.9584
v 7.5080 0.6443 1.9660
v 7.5003 0.6468 1.9724
v 7.4917 0.6494 1.9778
v 7.4825 0.6518 1.9821
v 7.4728 0.6563 1.9856
v 7.4624 0.6502 1.9855
v 7.4523 0.6506 1.9855
v 7.4421 0.6534 1.9847
v 7.4326 0.6476 1.9808
v 7.4231 0.6495 1.9771
v 7.4152 0.6422 1.9707
v 7.4071 0.6441 1.9649
v 7.3989 0.6516 1.9587
v 7.3906 0.6643 1.9520
v 7.3863 0.6598 1.9424
v 7.3822 0.6605 1.9328
v 7.3826 0.6462 1.9221
v 7.3814 0.6459 1.9121
v 7.3817 0.6449 1.9021
v 7.3832 0.6446 1.8922
v 7.3855 0.6465 1.8824
v 7.3884 0.6524 1.8726
v 7.3929 0.6567 1.8633
v 7.4005 0.6488 1.8562
v 7.3812 0.6467 1.8183
v 7.3930 0.6502 1.8081
v 7.4056 0.6576 1.7983
v 7.4202 0.6590 1.7920
v 7.4359 0.6542 1.7895
v 7.4516 0.6524 1.7882
v 7.4672 0.6506 1.7889
v 7.4829 0.6534 1.7902
v 7.4979 0.6520 1.7949
v 7.5122 0.6513 1.8012
v 7.5240 0.6424 1.8115
v 7.5356 0.6403 1.8215
v 7.5486 0.6501 1.8303
v 7.5580 0.6502 1.8427
v 7.5675 0.6569 1.8554
v 7.5714 0.6502 1.8708
v 7.5767 0.6544 1.8856
v 7.5764 0.6478 1.9014
v 7.5792 0.6570 1.9171
v 7.5778 0.6598 1.9330
v 7.5733 0.6590 1.9483
v 7.5653 0.6530 1.9622
v 7.5576 0.6539 1.9758
v 7.5448 0.6409 1.9855
v 7.5343 0.6427 1.9965
v 7.5226 0.6458 2.0065
v 7.5094 0.6476 2.0146
v 7.4960 0.6575 2.0234
v 7.4807 0.6582 2.0275
v 7.4647 0.6506 2.0271
v 7.4490 0.6563 2.0287
v 7.4338 0.6490 2.0242
v 7.4183 0.6533 2.0213
v 7.4053 0.6431 2.0123
v 7.3907 0.6510 2.0065
v 7.3782 0.6524 1.9972
v 7.3666 0.6546 1.9865
v 7.3552 0.6621 1.9752
v 7.3488 0.6568 1.9604
v 7.3430 0.6563 1.9456
v 7.3418 0.6478 1.9298
v 7.3414 0.6431 1.9143
v 7.3396 0.6493 1.8989
v 7.3425 0.6470 1.8836
v 7.3471 0.6456 1.8689
v 7.3514 0.6516 1.8539
v 7.3599 0.6494 1.8408
v 7.3688 0.6525 1.8279
v 7.3513 0.6501 1.7834
v 7.3683 0.6510 1.7702
v 7.3859 0.6571 1.7573
v 7.4064 0.6548 1.7501
v 7.4276 0.6531 1.7454
v 7.4490 0.6575 1.7409
v 7.4708 0.6565 1.7416
v 7.4920 0.6520 1.7466
v 7.5120 0.6463 1.7547
v 7.5314 0.6458 1.7633
v 7.5487 0.6419 1.7754
v 7.5670 0.6479 1.7864
v 7.5811 0.6456 1.8024
v 7.5952 0.6493 1.8184
v 7.6065 0.6513 1.8367
v 7.6126 0.6467 1.8573
v 7.6193 0.6499 1.8776
v 7.6213 0.6487 1.8989
v 7.6239 0.6552 1.9205
v 7.6221 0.6581 1.9423
v 7.6148 0.6546 1.9629
v 7.6052 0.6520 1.9824
v 7.5941 0.6517 2.0009
v 7.5788 0.6453 2.0160
v 7.5620 0.6395 2.0289
v 7.5453 0.6395 2.0414
v 7.5285 0.6466 2.0544
v 7.5100 0.6554 2.0660
v 7.4890 0.6573 2.0722
v 7.4673 0.6574 2.0749
v 7.4456 0.6536 2.0730
v 7.4247 0.6476 2.0674
v 7.4036 0.6514 2.0632
v 7.3846 0.6473 2.0531
v 7.3659 0.6491 2.0430
v 7.3478 0.6532 2.0311
v 7.3316 0.6565 2.0166
v 7.3192 0.6546 1.9987
v 7.3088 0.6539 1.9796
v 7.3022 0.6503 1.9590
v 7.2963 0.6516 1.9383
v 7.2944 0.6500 1.9169
v 7.2933 0.6532 1.8953
v 7.2974 0.6507 1.8742
v 7.3034 0.6502 1.8535
v 7.3137 0.6454 1.8347
v 7.3229 0.6497 1.8154
v 7.3340 0.6561 1.7967
v 7.3204 0.6456 1.7475
v 7.3412 0.6498 1.7288
v 7.3669 0.6444 1.7179
v 7.3918 0.6486 1.7053
v 7.4188 0.6490 1.6982
v 7.4463 0.6548 1.6915
v 7.4747 0.6563 1.6910
v 7.5026 0.6542 1.6962
v 7.5275 0.6416 1.7105
v 7.5530 0.6428 1.7207
v 7.5752 0.6386 1.7367
v 7.5979 0.6421 1.7519
v 7.6181 0.6444 1.7706
v 7.6376 0.6505 1.7908
v 7.6517 0.6512 1.8150
v 7.6588 0.6451 1.8421
v 7.6653 0.6444 1.8690
v 7.6696 0.6461 1.8963
v 7.6715 0.6499 1.9241
v 7.6703 0.6549 1.9524
v 7.6608 0.6514 1.9791
v 7.6501 0.6521 2.0051
v 7.6351 0.6507 2.0289
v 7.6160 0.6464 2.0493
v 7.5961 0.6461 2.0686
v 7.5718 0.6393 2.0819
v 7.5492 0.6438 2.0976
v 7.5237 0.6440 2.1080
v 7.4982 0.6547 2.1208
v 7.4701 0.6573 2.1257
v 7.4418 0.6517 2.1222
v 7.4148 0.6449 2.1145
v 7.3874 0.6492 2.1093
v 7.3628 0.6450 2.0962
v 7.3373 0.6504 2.0847
v 7.3146 0.6522 2.0682
v 7.2960 0.6496 2.0471
v 7.2837 0.6402 2.0218
v 7.2721 0.6368 1.9972
v 7.2602 0.6400 1.9728
v 7.2509 0.6447 1.9469
v 7.2461 0.6473 1.9196
v 7.2452 0.6494 1.8917
v 7.2515 0.6452 1.8645
v 7.2601 0.6430 1.8383
v 7.2702 0.6443 1.8127
v 7.2818 0.6494 1.7874
v 7.2996 0.6481 1.7659
v 7.2871 0.6377 1.7086
v 7.3173 0.6309 1.6921
v 7.3470 0.6296 1.6764
v 7.3763 0.6382 1.6580
v 7.4084 0.6471 1.6431
v 7.4434 0.6471 1.6388
v 7.4787 0.6480 1.6386
v 7.5126 0.6409 1.6486
v 7.5458 0.6402 1.6584
v 7.5750 0.6320 1.6772
v 7.6041 0.6321 1.6944
v 7.6321 0.6349 1.7138
v 7.6545 0.6323 1.7394
v 7.6767 0.6355 1.7652
v 7.6944 0.6369 1.7945
v 7.7079 0.6380 1.8260
v 7.7188 0.6412 1.8589
v 7.7268 0.6465 1.8931
v 7.7247 0.6441 1.9282
v 7.7199 0.6443 1.9628
v 7.7056 0.6372 1.9948
v 7.6950 0.6416 2.0278
v 7.6771 0.6412 2.0575
v 7.6538 0.6378 2.0832
v 7.6273 0.6335 2.1049
v 7.5975 0.6270 2.1213
v 7.5697 0.6309 2.1402
v 7.5399 0.6374 2.1573
v 7.5068 0.6387 2.1667
v 7.4730 0.6486 2.1780
v 7.4378 0.6458 2.1757
v 7.4034 0.6434 2.1690
v 7.3698 0.6430 2.1593
v 7.3396 0.6374 2.1420
v 7.3080 0.6424 2.1276
v 7.2811 0.6415 2.1056
v 7.2587 0.6381 2.0792
v 7.2431 0.6298 2.0484
v 7.2280 0.6276 2.0184
v 7.2103 0.6352 1.9891
v 7.1948 0.6451 1.9574
v 7.1903 0.6454 1.9226
v 7.1911 0.6449 1.8876
v 7.1986 0.6413 1.8534
v 7.2126 0.6344 1.8216
v 7.2272 0.6325 1.7910
v 7.2435 0.6341 1.7612
v 7.2609 0.6407 1.7312
v 7.2603 0.6096 1.6774
v 7.2956 0.6025 1.6589
v 7.3275 0.6075 1.6357
v 7.3615 0.6167 1.6131
v 7.3994 0.6256 1.5950
v 7.4404 0.6309 1.5852
v 7.4830 0.6349 1.5821
v 7.5239 0.6274 1.5947
v 7.5619 0.6197 1.6126
v 7.5973 0.6141 1.6332
v 7.6319 0.6141 1.6537
v 7.6599 0.6080 1.6827
v 7.6872 0.6074 1.7113
v 7.7081 0.6037 1.7447
v 7.7289 0.6057 1.7779
v 7.7537 0.6175 1.8110
v 7.7712 0.6257 1.8491
v 7.7813 0.6314 1.8901
v 7.7816 0.6323 1.9325
v 7.7693 0.6251 1.9732
v 7.7572 0.6240 2.0129
v 7.7333 0.6146 2.0472
v 7.7124 0.6142 2.0817
v 7.6877 0.6144 2.1135
v 7.6555 0.6086 2.1377
v 7.6235 0.6080 2.1611
v 7.5882 0.6058 2.1787
v 7.5534 0.6117 2.1984
v 7.5168 0.6248 2.2201
v 7.4758 0.6288 2.2287
v 7.4335 0.6334 2.2324
v 7.3926 0.6267 2.2204
v 7.3532 0.6237 2.2067
v 7.3172 0.6186 2.1862
v 7.2835 0.6158 2.1634
v 7.2533 0.6131 2.1366
v 7.2325 0.6025 2.1016
v 7.2106 0.6005 2.0695
v 7.1915 0.6007 2.0359
v 7.1683 0.6109 2.0029
v 7.1443 0.6267 1.9669
v 7.1345 0.6319 1.9257
v 7.1283 0.6393 1.8828
v 7.1417 0.6312 1.8415
v 7.1561 0.6276 1.8018
v 7.1783 0.6204 1.7662
v 7.2047 0.6131 1.7347
v 7.2323 0.6089 1.7056
v 7.2458 0.5613 1.6605
v 7.2774 0.5653 1.6311
v 7.3146 0.5662 1.6090
v 7.3502 0.5793 1.5786
v 7.3916 0.5913 1.5539
v 7.4380 0.5972 1.5416
v 7.4862 0.5994 1.5396
v 7.5334 0.5965 1.5496
v 7.5746 0.5834 1.5765
v 7.6146 0.5791 1.5989
v 7.6499 0.5734 1.6274
v 7.6791 0.5657 1.6613
v 7.7075 0.5635 1.6939
v 7.7348 0.5652 1.7272
v 7.7609 0.5699 1.7626
v 7.7871 0.5789 1.8001
v 7.8113 0.5906 1.8415
v 7.8286 0.6008 1.8875
v 7.8313 0.6036 1.9363
v 7.8119 0.5924 1.9821
v 7.7888 0.5828 2.0241
v 7.7650 0.5770 2.0632
v 7.7355 0.5700 2.0975
v 7.7071 0.5685 2.1309
v 7.6735 0.5653 2.1587
v 7.6381 0.5640 2.1835
v 7.6026 0.5679 2.2087
v 7.5640 0.5734 2.2308
v 7.5235 0.5856 2.2555
v 7.4781 0.5944 2.2710
v 7.4303 0.5977 2.2743
v 7.3819 0.6009 2.2711
v 7.3371 0.5957 2.2525
v 7.2981 0.5861 2.2240
v 7.2668 0.5728 2.1879
v 7.2389 0.5636 2.1527
v 7.2113 0.5607 2.1198
v 7.1904 0.5558 2.0828
v 7.1593 0.5661 2.0514
v 7.1375 0.5713 2.0130
v 7.1090 0.5870 1.9735
v 7.0909 0.5980 1.9281
v 7.0810 0.6072 1.8792
v 7.0898 0.6055 1.8306
v 7.1181 0.5915 1.7885
v 7.1472 0.5810 1.7505
v 7.1842 0.5664 1.7207
v 7.2193 0.5566 1.6939
v 7.2410 0.5056 1.6550
v 7.2748 0.5070 1.6271
v 7.3080 0.5150 1.5951
v 7.3443 0.5280 1.5603
v 7.3890 0.5341 1.5398
v 7.4364 0.5499 1.5111
v 7.4884 0.5501 1.5114
v 7.5392 0.5478 1.5220
v 7.5831 0.5358 1.5522
v 7.6235 0.5281 1.5814
v 7.6577 0.5196 1.6160
v 7.6853 0.5104 1.6544
v 7.7171 0.5111 1.6856
v 7.7429 0.5102 1.7220
v 7.7734 0.5169 1.7566
v 7.7985 0.5228 1.7964
v 7.8332 0.5390 1.8374
v 7.8507 0.5470 1.8863
v 7.8629 0.5558 1.9387
v 7.8389 0.5441 1.9878
v 7.8153 0.5368 2.0333
v 7.7763 0.5217 2.0690
v 7.7486 0.5184 2.1064
v 7.7112 0.5100 2.1346
v 7.6805 0.5111 2.1669
v 7.6452 0.5116 2.1943
v 7.6107 0.5188 2.2256
v 7.5697 0.5227 2.2481
v 7.5254 0.5266 2.2654
v 7.4792 0.5401 2.2905
v 7.4273 0.5564 2.3135
v 7.3762 0.5511 2.2985
v 7.3304 0.5416 2.2715
v 7.2934 0.5273 2.2333
v 7.2592 0.5189 2.1990
v 7.2336 0.5078 2.1586
v 7.2053 0.5056 2.1250
v 7.1783 0.5062 2.0907
v 7.1452 0.5152 2.0582
v 7.1199 0.5212 2.0188
v 7.0858 0.5371 1.9779
v 7.0640 0.5481 1.9296
v 7.0529 0.5562 1.8770
v 7.0667 0.5517 1.8257
v 7.0986 0.5386 1.7816
v 7.1303 0.5292 1.7419
v 7.1701 0.5163 1.7110
v 7.2119 0.5037 1.6873
v 7.2392 0.4532 1.6528
v 7.2680 0.4593 1.6167
v 7.3057 0.4617 1.5903
v 7.3430 0.4711 1.5564
v 7.3881 0.4762 1.5349
v 7.4361 0.4887 1.5054
v 7.4893 0.4922 1.4994
v 7.5411 0.4889 1.5130
v 7.5883 0.4832 1.5374
v 7.6258 0.4718 1.5768
v 7.6570 0.4618 1.6170
v 7.6874 0.4571 1.6520
v 7.7170 0.4558 1.6857
v 7.7486 0.4589 1.7182
v 7.7783 0.4632 1.7542
v 7.8043 0.4681 1.7945
v 7.8402 0.4811 1.8361
v 7.8620 0.4894 1.8857
v 7.8715 0.4948 1.9394
v 7.8595 0.4924 1.9921
v 7.8219 0.4794 2.0357
v 7.7815 0.4671 2.0716
v 7.7475 0.4607 2.1057
v 7.7180 0.4599 2.1407
v 7.6837 0.4585 2.1706
v 7.6516 0.4625 2.2040
v 7.6126 0.4641 2.2296
v 7.5725 0.4696 2.2568
v 7.5279 0.4750 2.2788
v 7.4802 0.4878 2.3088
v 7.4266 0.4951 2.3219
v 7.3728 0.4952 2.3144
v 7.3275 0.4840 2.2798
v 7.2902 0.4721 2.2396
v 7.2605 0.4607 2.1971
v 7.2315 0.4550 2.1609
v 7.2046 0.4521 2.1256
v 7.1699 0.4574 2.0961
v 7.1379 0.4633 2.0617
v 7.1122 0.4680 2.0213
v 7.0789 0.4796 1.9792
v 7.0485 0.4925 1.9304
v 7.0407 0.4970 1.8761
v 7.0480 0.4972 1.8218
v 7.0887 0.4826 1.7781
v 7.1271 0.4717 1.7403
v 7.1676 0.4615 1.7093
v 7.2059 0.4545 1.6819
v 7.2378 0.4053 1.6512
v 7.2680 0.4089 1.6167
v 7.3056 0.4107 1.5901
v 7.3420 0.4186 1.5533
v 7.3880 0.4213 1.5345
v 7.4360 0.4309 1.5036
v 7.4898 0.4355 1.4923
v 7.5433 0.4347 1.5021
v 7.5904 0.4286 1.5314
v 7.6292 0.4208 1.5701
v 7.6592 0.4121 1.6138
v 7.6887 0.4080 1.6505
v 7.7179 0.4068 1.6849
v 7.7488 0.4086 1.7181
v 7.7826 0.4135 1.7522
v 7.8117 0.4182 1.7920
v 7.8398 0.4245 1.8362
v 7.8682 0.4331 1.8854
v 7.8782 0.4372 1.9399
v 7.8593 0.4328 1.9921
v 7.8254 0.4248 2.0369
v 7.7900 0.4182 2.0759
v 7.7484 0.4103 2.1063
v 7.7149 0.4077 2.1379
v 7.6814 0.4069 2.1679
v 7.6523 0.4117 2.2052
v 7.6118 0.4116 2.2278
v 7.5722 0.4159 2.2557
v 7.5280 0.4206 2.2796
v 7.4806 0.4323 2.3158
v 7.4260 0.4380 2.3300
v 7.3726 0.4355 2.3158
v 7.3259 0.4286 2.2844
v 7.2880 0.4200 2.2439
v 7.2611 0.4094 2.1961
v 7.2319 0.4055 2.1604
v 7.2008 0.4056 2.1289
v 7.1695 0.4077 2.0964
v 7.1411 0.4104 2.0601
v 7.1110 0.4156 2.0217
v 7.0764 0.4246 1.9797
v 7.0497 0.4325 1.9304
v 7.0394 0.4367 1.8760
v 7.0468 0.4369 1.8215
v 7.0823 0.4284 1.7759
v 7.1291 0.4170 1.7413
v 7.1644 0.4120 1.7071
v 7.2044 0.4062 1.6805
v 7.2335 0.3615 1.6461
v 7.2668 0.3628 1.6149
v 7.3039 0.3645 1.5865
v 7.3439 0.3670 1.5593
v 7.3868 0.3720 1.5281
v 7.4360 0.3765 1.5041
v 7.4899 0.3798 1.4914
v 7.5423 0.3778 1.5070
v 7.5896 0.3745 1.5337
v 7.6267 0.3686 1.5751
v 7.6606 0.3650 1.6118
v 7.6877 0.3613 1.6517
v 7.7170 0.3606 1.6857
v 7.7458 0.3612 1.7201
v 7.7765 0.3636 1.7551
v 7.8137 0.3689 1.7914
v 7.8364 0.3716 1.8368
v 7.8645 0.3771 1.8856
v 7.8801 0.3812 1.9400
v 7.8631 0.3788 1.9929
v 7.8285 0.3735 2.0380
v 7.7837 0.3665 2.0727
v 7.7516 0.3642 2.1085
v 7.7130 0.3608 2.1362
v 7.6805 0.3606 2.1668
v 7.6482 0.3622 2.1989
v 7.6112 0.3637 2.2267
v 7.5731 0.3676 2.2586
v 7.5302 0.3728 2.2909
v 7.4809 0.3791 2.3219
v 7.4264 0.3800 2.3250
v 7.3725 0.3797 2.3161
v 7.3284 0.3733 2.2774
v 7.2905 0.3681 2.2390
v 7.2576 0.3642 2.2013
v 7.2274 0.3617 2.1655
v 7.1977 0.3611 2.1315
v 7.1703 0.3612 2.0959
v 7.1406 0.3634 2.0604
v 7.1027 0.3689 2.0244
v 7.0733 0.3733 1.9803
v 7.0415 0.3797 1.9308
v 7.0391 0.3805 1.8760
v 7.0505 0.3795 1.8223
v 7.0835 0.3747 1.7763
v 7.1258 0.3685 1.7396
v 7.1676 0.3633 1.7093
v 7.2013 0.3615 1.6778
v 7.2329 0.3177 1.6455
v 7.2673 0.3181 1.6156
v 7.3050 0.3187 1.5889
v 7.3437 0.3204 1.5586
v 7.3879 0.3220 1.5340
v 7.4360 0.3250 1.5038
v 7.4906 0.3278 1.4819
v 7.5429 0.3260 1.5044
v 7.5899 0.3241 1.5329
v 7.6242 0.3204 1.5799
v 7.6575 0.3186 1.6163
v 7.6887 0.3177 1.6506
v 7.7217 0.3179 1.6817
v 7.7468 0.3176 1.7194
v 7.7791 0.3190 1.7538
v 7.8112 0.3209 1.7922
v 7.8399 0.3230 1.8362
v 7.8659 0.3255 1.8855
v 7.8819 0.3275 1.9402
v 7.8571 0.3254 1.9916
v 7.8266 0.3233 2.0373
v 7.7898 0.3209 2.0758
v 7.7472 0.3182 2.1055
v 7.7161 0.3178 2.1389
v 7.6805 0.3172 2.1669
v 7.6445 0.3171 2.1933
v 7.6125 0.3190 2.2293
v 7.5735 0.3208 2.2599
v 7.5312 0.3239 2.2967
v 7.4812 0.3270 2.3278
v 7.4261 0.3271 2.3284
v 7.3737 0.3258 2.3104
v 7.3320 0.3221 2.2671
v 7.2955 0.3195 2.2292
v 7.2616 0.3180 2.1955
v 7.2291 0.3174 2.1636
v 7.1997 0.3171 2.1298
v 7.1715 0.3173 2.0951
v 7.1357 0.3192 2.0627
v 7.1040 0.3210 2.0240
v 7.0721 0.3236 1.9805
v 7.0381 0.3270 1.9310
v 7.0350 0.3275 1.8757
v 7.0547 0.3260 1.8232
v 7.0949 0.3226 1.7803
v 7.1248 0.3212 1.7391
v 7.1658 0.3188 1.7080
v 7.1973 0.3183 1.6742
v 7.2350 0.2748 1.6479
v 7.2714 0.2748 1.6218
v 7.3064 0.2748 1.5917
v 7.3451 0.2748 1.5628
v 7.3859 0.2748 1.5234
v 7.4358 0.2748 1.5006
v 7.4909 0.2748 1.4781
v 7.5442 0.2748 1.4978
v 7.5872 0.2748 1.5406
v 7.6266 0.2748 1.5752
v 7.6611 0.2748 1.6110
v 7.6908 0.2748 1.6482
v 7.7185 0.2748 1.6844
v 7.7456 0.2748 1.7202
v 7.7738 0.2748 1.7564
v 7.8122 0.2748 1.7919
v 7.8423 0.2748 1.8357
v 7.8713 0.2748 1.8852
v 7.8812 0.2748 1.9401
v 7.8642 0.2748 1.9931
v 7.8222 0.2748 2.0358
v 7.7844 0.2748 2.0731
v 7.7485 0.2748 2.1064
v 7.7178 0.2748 2.1405
v 7.6805 0.2748 2.1668
v 7.6433 0.2748 2.1914
v 7.6098 0.2748 2.2238
v 7.5758 0.2748 2.2670
v 7.5330 0.2748 2.3059
v 7.4813 0.2748 2.3287
v 7.4261 0.2748 2.3295
v 7.3738 0.2748 2.3097
v 7.3324 0.2748 2.2661
v 7.2936 0.2748 2.2329
v 7.2607 0.2748 2.1968
v 7.2248 0.2748 2.1684
v 7.1972 0.2748 2.1320
v 7.1660 0.2748 2.0987
v 7.1409 0.2748 2.0602
v 7.1042 0.2748 2.0239
v 7.0673 0.2748 1.9814
v 7.0445 0.2748 1.9306
v 7.0336 0.2748 1.8756
v 7.0581 0.2748 1.8239
v 7.0930 0.2748 1.7796
v 7.1294 0.2748 1.7414
v 7.1604 0.2748 1.7044
v 7.2006 0.2748 1.6771
v 7.2367 0.2326 1.6499
v 7.2692 0.2319 1.6185
v 7.3069 0.2314 1.5929
v 7.3462 0.2301 1.5661
v 7.3865 0.2266 1.5267
v 7.4351 0.2227 1.4889
v 7.4906 0.2217 1.4819
v 7.5441 0.2228 1.4985
v 7.5874 0.2264 1.5399
v 7.6263 0.2286 1.5759
v 7.6570 0.2310 1.6170
v 7.6934 0.2310 1.6453
v 7.7208 0.2318 1.6825
v 7.7450 0.2322 1.7206
v 7.7788 0.2306 1.7540
v 7.8030 0.2297 1.7949
v 7.8424 0.2262 1.8357
v 7.8666 0.2240 1.8855
v 7.8822 0.2220 1.9402
v 7.8604 0.2237 1.9923
v 7.8226 0.2268 2.0359
v 7.7914 0.2284 2.0766
v 7.7538 0.2303 2.1100
v 7.7161 0.2318 2.1389
v 7.6752 0.2334 2.1607
v 7.6415 0.2331 2.1887
v 7.6118 0.2307 2.2280
v 7.5766 0.2276 2.2693
v 7.5327 0.2247 2.3044
v 7.4818 0.2213 2.3379
v 7.4259 0.2221 2.3313
v 7.3748 0.2244 2.3049
v 7.3340 0.2283 2.2613
v 7.2951 0.2300 2.2299
v 7.2599 0.2312 2.1979
v 7.2280 0.2320 2.1648
v 7.1957 0.2318 2.1332
v 7.1666 0.2315 2.0983
v 7.1403 0.2310 2.0605
v 7.1045 0.2286 2.0238
v 7.0735 0.2262 1.9802
v 7.0388 0.2226 1.9309
v 7.0340 0.2220 1.8756
v 7.0575 0.2240 1.8238
v 7.0967 0.2272 1.7809
v 7.1300 0.2291 1.7417
v 7.1633 0.2304 1.7063
v 7.1975 0.2313 1.6744
v 7.2336 0.1881 1.6463
v 7.2716 0.1889 1.6221
v 7.3091 0.1882 1.5975
v 7.3450 0.1834 1.5626
v 7.3861 0.1767 1.5245
v 7.4350 0.1686 1.4863
v 7.4904 0.1679 1.4841
v 7.5432 0.1706 1.5026
v 7.5864 0.1775 1.5429
v 7.6243 0.1823 1.5798
v 7.6559 0.1867 1.6186
v 7.6899 0.1874 1.6492
v 7.7202 0.1879 1.6829
v 7.7478 0.1878 1.7187
v 7.7736 0.1868 1.7565
v 7.8092 0.1819 1.7928
v 7.8434 0.1762 1.8355
v 7.8731 0.1703 1.8851
v 7.8802 0.1683 1.9400
v 7.8623 0.1709 1.9927
v 7.8290 0.1759 2.0382
v 7.7847 0.1827 2.0732
v 7.7471 0.1867 2.1054
v 7.7142 0.1883 2.1373
v 7.6787 0.1896 2.1648
v 7.6423 0.1901 2.1899
v 7.6124 0.1852 2.2291
v 7.5746 0.1807 2.2632
v 7.5324 0.1737 2.3030
v 7.4813 0.1688 2.3285
v 7.4253 0.1660 2.3392
v 7.3738 0.1714 2.3100
v 7.3323 0.1793 2.2662
v 7.2953 0.1841 2.2295
v 7.2604 0.1866 2.1973
v 7.2292 0.1885 2.1634
v 7.1980 0.1885 2.1313
v 7.1684 0.1878 2.0971
v 7.1331 0.1841 2.0640
v 7.0998 0.1799 2.0253
v 7.0713 0.1758 1.9806
v 7.0447 0.1706 1.9306
v 7.0312 0.1671 1.8754
v 7.0586 0.1721 1.8240
v 7.0913 0.1770 1.7790
v 7.1306 0.1824 1.7420
v 7.1666 0.1859 1.7086
v 7.2007 0.1878 1.6773
v 7.2377 0.1442 1.6510
v 7.2722 0.1437 1.6232
v 7.3075 0.1406 1.5941
v 7.3424 0.1314 1.5546
v 7.3864 0.1250 1.5261
v 7.4353 0.1142 1.4920
v 7.4901 0.1129 1.4892
v 7.5422 0.1170 1.5074
v 7.5862 0.1258 1.5434
v 7.6246 0.1327 1.5792
v 7.6553 0.1401 1.6195
v 7.6880 0.1420 1.6514
v 7.7178 0.1429 1.6850
v 7.7446 0.1429 1.7209
v 7.7740 0.1397 1.7563
v 7.8049 0.1341 1.7943
v 7.8446 0.1232 1.8353
v 7.8727 0.1147 1.8851
v 7.8866 0.1091 1.9405
v 7.8651 0.1145 1.9933
v 7.8298 0.1229 2.0385
v 7.7883 0.1321 2.0751
v 7.7439 0.1413 2.1032
v 7.7136 0.1425 2.1368
v 7.6761 0.1458 2.1617
v 7.6460 0.1423 2.1955
v 7.6130 0.1368 2.2305
v 7.5739 0.1314 2.2612
v 7.5318 0.1212 2.2994
v 7.4814 0.1119 2.3298
v 7.4259 0.1109 2.3316
v 7.3742 0.1172 2.3080
v 7.3297 0.1253 2.2738
v 7.2964 0.1367 2.2274
v 7.2620 0.1407 2.1949
v 7.2293 0.1425 2.1634
v 7.1959 0.1415 2.1330
v 7.1672 0.1408 2.0979
v 7.1378 0.1377 2.0617
v 7.1003 0.1296 2.0252
v 7.0745 0.1243 1.9800
v 7.0481 0.1164 1.9304
v 7.0379 0.1123 1.8759
v 7.0573 0.1169 1.8238
v 7.0878 0.1234 1.7778
v 7.1331 0.1343 1.7433
v 7.1650 0.1379 1.7075
v 7.2047 0.1436 1.6809
v 7.2393 0.0965 1.6530
v 7.2719 0.0940 1.6227
v 7.3051 0.0871 1.5891
v 7.3423 0.0773 1.5542
v 7.3855 0.0661 1.5215
v 7.4359 0.0590 1.5018
v 7.4902 0.0508 1.4871
v 7.5422 0.0577 1.5075
v 7.5883 0.0665 1.5376
v 7.6244 0.0795 1.5796
v 7.6550 0.0897 1.6200
v 7.6877 0.0922 1.6517
v 7.7154 0.0949 1.6871
v 7.7460 0.0923 1.7199
v 7.7733 0.0893 1.7566
v 7.8056 0.0808 1.7940
v 7.8411 0.0680 1.8359
v 7.8669 0.0575 1.8854
v 7.8765 0.0522 1.9398
v 7.8611 0.0563 1.9925
v 7.8258 0.0680 2.0370
v 7.7802 0.0832 2.0710
v 7.7435 0.0913 2.1030
v 7.7077 0.0970 2.1314
v 7.6772 0.0963 2.1630
v 7.6490 0.0896 2.2001
v 7.6145 0.0831 2.2335
v 7.5737 0.0779 2.2605
v 7.5294 0.0702 2.2868
v 7.4805 0.0591 2.3138
v 7.4262 0.0510 2.3283
v 7.3737 0.0566 2.3103
v 7.3295 0.0688 2.2742
v 7.2945 0.0826 2.2311
v 7.2634 0.0916 2.1929
v 7.2355 0.0977 2.1565
v 7.2026 0.0961 2.1273
v 7.1709 0.0927 2.0955
v 7.1338 0.0839 2.0636
v 7.1068 0.0786 2.0231
v 7.0726 0.0666 1.9804
v 7.0479 0.0567 1.9304
v 7.0479 0.0564 1.8767
v 7.0626 0.0603 1.8249
v 7.0952 0.0706 1.7804
v 7.1339 0.0819 1.7437
v 7.1688 0.0888 1.7101
v 7.2074 0.0961 1.6832
v 7.2416 0.0445 1.6556
v 7.2724 0.0396 1.6235
v 7.3054 0.0303 1.5896
v 7.3434 0.0300 1.5576
v 7.3879 0.0300 1.5343
v 7.4362 0.0300 1.5086
v 7.4887 0.0300 1.5072
v 7.5405 0.0300 1.5157
v 7.5859 0.0300 1.5443
v 7.6214 0.0300 1.5856
v 7.6520 0.0369 1.6243
v 7.6845 0.0399 1.6553
v 7.7098 0.0452 1.6919
v 7.7395 0.0422 1.7242
v 7.7738 0.0323 1.7564
v 7.8018 0.0300 1.7953
v 7.8310 0.0300 1.8378
v 7.8576 0.0300 1.8860
v 7.8663 0.0300 1.9390
v 7.8532 0.0300 1.9908
v 7.8209 0.0300 2.0353
v 7.7793 0.0300 2.0705
v 7.7428 0.0361 2.1025
v 7.7082 0.0423 2.1319
v 7.6799 0.0391 2.1662
v 7.6477 0.0347 2.1982
v 7.6094 0.0328 2.2230
v 7.5707 0.0300 2.2513
v 7.5282 0.0300 2.2807
v 7.4798 0.0300 2.3007
v 7.4271 0.0300 2.3154
v 7.3759 0.0300 2.2998
v 7.3297 0.0300 2.2738
v 7.2957 0.0300 2.2287
v 7.2648 0.0375 2.1908
v 7.2384 0.0467 2.1533
v 7.2075 0.0461 2.1231
v 7.1720 0.0382 2.0948
v 7.1363 0.0300 2.0624
v 7.1134 0.0300 2.0209
v 7.0899 0.0300 1.9771
v 7.0674 0.0300 1.9294
v 7.0538 0.0300 1.8771
v 7.0729 0.0300 1.8270
v 7.0956 0.0300 1.7806
v 7.1402 0.0300 1.7469
v 7.1724 0.0351 1.7126
v 7.2103 0.0443 1.6858
v 7.2503 0.0300 1.6657
v 7.2777 0.0300 1.6316
v 7.3117 0.0300 1.6028
v 7.3509 0.0300 1.5804
v 7.3922 0.0300 1.5568
v 7.4380 0.0300 1.5416
v 7.4867 0.0300 1.5335
v 7.5348 0.0300 1.5427
v 7.5765 0.0300 1.5710
v 7.6158 0.0300 1.5965
v 7.6461 0.0300 1.6330
v 7.6749 0.0300 1.6660
v 7.7036 0.0300 1.6972
v 7.7320 0.0300 1.7291
v 7.7604 0.0300 1.7628
v 7.7850 0.0300 1.8008
v 7.8085 0.0300 1.8421
v 7.8256 0.0300 1.8877
v 7.8309 0.0300 1.9363
v 7.8233 0.0300 1.9845
v 7.7953 0.0300 2.0263
v 7.7608 0.0300 2.0611
v 7.7330 0.0300 2.0957
v 7.6987 0.0300 2.1234
v 7.6732 0.0300 2.1583
v 7.6412 0.0300 2.1882
v 7.6025 0.0300 2.2086
v 7.5657 0.0300 2.2360
v 7.5226 0.0300 2.2506
v 7.4779 0.0300 2.2674
v 7.4298 0.0300 2.2801
v 7.3818 0.0300 2.2716
v 7.3372 0.0300 2.2523
v 7.3002 0.0300 2.2199
v 7.2728 0.0300 2.1791
v 7.2407 0.0300 2.1506
v 7.2130 0.0300 2.1183
v 7.1866 0.0300 2.0852
v 7.1573 0.0300 2.0524
v 7.1263 0.0300 2.0167
v 7.1113 0.0300 1.9731
v 7.0896 0.0300 1.9282
v 7.0833 0.0300 1.8794
v 7.0975 0.0300 1.8322
v 7.1195 0.0300 1.7889
v 7.1510 0.0300 1.7524
v 7.1850 0.0300 1.7212
v 7.2162 0.0300 1.6911
v 7.2616 0.0300 1.6790
v 7.2926 0.0300 1.6543
v 7.3265 0.0300 1.6336
v 7.3613 0.0300 1.6123
v 7.3992 0.0300 1.5944
v 7.4405 0.0300 1.5855
v 7.4830 0.0300 1.5822
v 7.5244 0.0300 1.5923
v 7.5634 0.0300 1.6085
v 7.5996 0.0300 1.6285
v 7.6302 0.0300 1.6562
v 7.6595 0.0300 1.6832
v 7.6817 0.0300 1.7160
v 7.7121 0.0300 1.7421
v 7.7305 0.0300 1.7772
v 7.7587 0.0300 1.8094
v 7.7703 0.0300 1.8492
v 7.7863 0.0300 1.8899
v 7.7809 0.0300 1.9325
v 7.7696 0.0300 1.9733
v 7.7566 0.0300 2.0127
v 7.7314 0.0300 2.0462
v 7.7118 0.0300 2.0812
v 7.6818 0.0300 2.1083
v 7.6555 0.0300 2.1377
v 7.6239 0.0300 2.1617
v 7.5901 0.0300 2.1828
v 7.5526 0.0300 2.1961
v 7.5154 0.0300 2.2121
v 7.4754 0.0300 2.2210
v 7.4336 0.0300 2.2299
v 7.3912 0.0300 2.2269
v 7.3508 0.0300 2.2136
v 7.3171 0.0300 2.1865
v 7.2837 0.0300 2.1632
v 7.2572 0.0300 2.1322
v 7.2302 0.0300 2.1036
v 7.2071 0.0300 2.0719
v 7.1829 0.0300 2.0401
v 7.1646 0.0300 2.0041
v 7.1432 0.0300 1.9671
v 7.1393 0.0300 1.9254
v 7.1304 0.0300 1.8829
v 7.1411 0.0300 1.8414
v 7.1558 0.0300 1.8017
v 7.1798 0.0300 1.7670
v 7.2104 0.0300 1.7386
v 7.2368 0.0300 1.7096
v 7.2879 0.0300 1.7095
v 7.3153 0.0300 1.6891
v 7.3447 0.0300 1.6715
v 7.3754 0.0300 1.6552
v 7.4097 0.0300 1.6501
v 7.4433 0.0300 1.6377
v 7.4787 0.0300 1.6383
v 7.5132 0.0300 1.6459
v 7.5464 0.0300 1.6567
v 7.5765 0.0300 1.6742
v 7.6039 0.0300 1.6946
v 7.6306 0.0300 1.7154
v 7.6546 0.0300 1.7393
v 7.6723 0.0300 1.7681
v 7.6932 0.0300 1.7950
v 7.7073 0.0300 1.8263
v 7.7205 0.0300 1.8586
v 7.7259 0.0300 1.8932
v 7.7255 0.0300 1.9283
v 7.7184 0.0300 1.9625
v 7.7043 0.0300 1.9944
v 7.6896 0.0300 2.0251
v 7.6775 0.0300 2.0578
v 7.6536 0.0300 2.0829
v 7.6293 0.0300 2.1073
v 7.6007 0.0300 2.1261
v 7.5693 0.0300 2.1394
v 7.5392 0.0300 2.1552
v 7.5061 0.0300 2.1628
v 7.4725 0.0300 2.1686
v 7.4379 0.0300 2.1740
v 7.4034 0.0300 2.1686
v 7.3696 0.0300 2.1602
v 7.3356 0.0300 2.1499
v 7.3089 0.0300 2.1262
v 7.2824 0.0300 2.1041
v 7.2602 0.0300 2.0778
v 7.2441 0.0300 2.0477
v 7.2251 0.0300 2.0198
v 7.2098 0.0300 1.9893
v 7.1993 0.0300 1.9566
v 7.1912 0.0300 1.9226
v 7.1909 0.0300 1.8876
v 7.1969 0.0300 1.8531
v 7.2090 0.0300 1.8204
v 7.2227 0.0300 1.7887
v 7.2419 0.0300 1.7600
v 7.2654 0.0300 1.7352
v 7.3181 0.0300 1.7448
v 7.3404 0.0300 1.7275
v 7.3672 0.0300 1.7184
v 7.3926 0.0300 1.7080
v 7.4186 0.0300 1.6972
v 7.4464 0.0300 1.6939
v 7.4746 0.0300 1.6918
v 7.5022 0.0300 1.6980
v 7.5283 0.0300 1.7084
v 7.5538 0.0300 1.7190
v 7.5784 0.0300 1.7320
v 7.5988 0.0300 1.7510
v 7.6184 0.0300 1.7704
v 7.6356 0.0300 1.7920
v 7.6478 0.0300 1.8169
v 7.6630 0.0300 1.8408
v 7.6717 0.0300 1.8678
v 7.6757 0.0300 1.8960
v 7.6726 0.0300 1.9242
v 7.6626 0.0300 1.9508
v 7.6566 0.0300 1.9776
v 7.6502 0.0300 2.0051
v 7.6355 0.0300 2.0291
v 7.6204 0.0300 2.0533
v 7.5955 0.0300 2.0679
v 7.5717 0.0300 2.0817
v 7.5473 0.0300 2.0936
v 7.5232 0.0300 2.1063
v 7.4974 0.0300 2.1165
v 7.4698 0.0300 2.1203
v 7.4420 0.0300 2.1197
v 7.4146 0.0300 2.1155
v 7.3877 0.0300 2.1086
v 7.3607 0.0300 2.1004
v 7.3342 0.0300 2.0893
v 7.3147 0.0300 2.0681
v 7.2975 0.0300 2.0458
v 7.2830 0.0300 2.0223
v 7.2725 0.0300 1.9971
v 7.2582 0.0300 1.9734
v 7.2463 0.0300 1.9477
v 7.2447 0.0300 1.9196
v 7.2445 0.0300 1.8916
v 7.2519 0.0300 1.8646
v 7.2601 0.0300 1.8383
v 7.2691 0.0300 1.8121
v 7.2847 0.0300 1.7893
v 7.2978 0.0300 1.7643
v 7.3482 0.0300 1.7799
v 7.3675 0.0300 1.7691
v 7.3871 0.0300 1.7598
v 7.4069 0.0300 1.7514
v 7.4276 0.0300 1.7453
v 7.4491 0.0300 1.7425
v 7.4709 0.0300 1.7412
v 7.4918 0.0300 1.7476
v 7.5120 0.0300 1.7546
v 7.5312 0.0300 1.7637
v 7.5509 0.0300 1.7722
v 7.5665 0.0300 1.7870
v 7.5829 0.0300 1.8008
v 7.5959 0.0300 1.8180
v 7.6042 0.0300 1.8378
v 7.6144 0.0300 1.8567
v 7.6187 0.0300 1.8777
v 7.6233 0.0300 1.8988
v 7.6202 0.0300 1.9202
v 7.6168 0.0300 1.9412
v 7.6124 0.0300 1.9621
v 7.6049 0.0300 1.9822
v 7.5959 0.0300 2.0020
v 7.5818 0.0300 2.0186
v 7.5643 0.0300 2.0316
v 7.5467 0.0300 2.0434
v 7.5273 0.0300 2.0518
v 7.5089 0.0300 2.0626
v 7.4882 0.0300 2.0677
v 7.4672 0.0300 2.0728
v 7.4456 0.0300 2.0730
v 7.4247 0.0300 2.0674
v 7.4036 0.0300 2.0631
v 7.3827 0.0300 2.0570
v 7.3633 0.0300 2.0467
v 7.3449 0.0300 2.0343
v 7.3327 0.0300 2.0156
v 7.3216 0.0300 1.9971
v 7.3134 0.0300 1.9774
v 7.3042 0.0300 1.9584
v 7.2962 0.0300 1.9384
v 7.2914 0.0300 1.9171
v 7.2920 0.0300 1.8952
v 7.2954 0.0300 1.8737
v 7.3024 0.0300 1.8532
v 7.3127 0.0300 1.8343
v 7.3225 0.0300 1.8152
v 7.3363 0.0300 1.7987
v 7.3799 0.0300 1.8168
v 7.3922 0.0300 1.8070
v 7.4066 0.0300 1.8005
v 7.4207 0.0300 1.7937
v 7.4363 0.0300 1.7916
v 7.4516 0.0300 1.7887
v 7.4671 0.0300 1.7900
v 7.4825 0.0300 1.7922
v 7.4975 0.0300 1.7959
v 7.5114 0.0300 1.8027
v 7.5255 0.0300 1.8094
v 7.5386 0.0300 1.8181
v 7.5496 0.0300 1.8294
v 7.5589 0.0300 1.8421
v 7.5657 0.0300 1.8563
v 7.5729 0.0300 1.8703
v 7.5760 0.0300 1.8858
v 7.5772 0.0300 1.9014
v 7.5761 0.0300 1.9169
v 7.5743 0.0300 1.9323
v 7.5712 0.0300 1.9476
v 7.5671 0.0300 1.9630
v 7.5598 0.0300 1.9774
v 7.5482 0.0300 1.9886
v 7.5348 0.0300 1.9972
v 7.5223 0.0300 2.0062
v 7.5087 0.0300 2.0131
v 7.4945 0.0300 2.0189
v 7.4804 0.0300 2.0264
v 7.4648 0.0300 2.0278
v 7.4492 0.0300 2.0259
v 7.4337 0.0300 2.0245
v 7.4187 0.0300 2.0202
v 7.4029 0.0300 2.0171
v 7.3900 0.0300 2.0077
v 7.3767 0.0300 1.9988
v 7.3665 0.0300 1.9866
v 7.3588 0.0300 1.9728
v 7.3525 0.0300 1.9586
v 7.3473 0.0300 1.9442
v 7.3430 0.0300 1.9295
v 7.3400 0.0300 1.9144
v 7.3401 0.0300 1.8989
v 7.3415 0.0300 1.8834
v 7.3454 0.0300 1.8683
v 7.3514 0.0300 1.8538
v 7.3592 0.0300 1.8402
v 7.3681 0.0300 1.8272
v 7.4069 0.0300 1.8482
v 7.4151 0.0300 1.8419
v 7.4241 0.0300 1.8370
v 7.4334 0.0300 1.8323
v 7.4439 0.0300 1.8319
v 7.4539 0.0300 1.8307
v 7.4640 0.0300 1.8311
v 7.4743 0.0300 1.8312
v 7.4842 0.0300 1.8338
v 7.4932 0.0300 1.8387
v 7.5020 0.0300 1.8437
v 7.5100 0.0300 1.8501
v 7.5169 0.0300 1.8574
v 7.5238 0.0300 1.8650
v 7.5293 0.0300 1.8738
v 7.5327 0.0300 1.8835
v 7.5330 0.0300 1.8938
v 7.5358 0.0300 1.9036
v 7.5355 0.0300 1.9138
v 7.5351 0.0300 1.9240
v 7.5338 0.0300 1.9345
v 7.5285 0.0300 1.9435
v 7.5228 0.0300 1.9521
v 7.5169 0.0300 1.9605
v 7.5079 0.0300 1.9659
v 7.5003 0.0300 1.9724
v 7.4920 0.0300 1.9783
v 7.4823 0.0300 1.9814
v 7.4727 0.0300 1.9850
v 7.4624 0.0300 1.9852
v 7.4523 0.0300 1.9851
v 7.4423 0.0300 1.9837
v 7.4321 0.0300 1.9822
v 7.4226 0.0300 1.9782
v 7.4140 0.0300 1.9726
v 7.4053 0.0300 1.9669
v 7.3990 0.0300 1.9587
v 7.3918 0.0300 1.9513
v 7.3890 0.0300 1.9411
v 7.3856 0.0300 1.9317
v 7.3829 0.0300 1.9221
v 7.3818 0.0300 1.9121
v 7.3815 0.0300 1.9021
v 7.3811 0.0300 1.8917
v 7.3842 0.0300 1.8819
v 7.3882 0.0300 1.8725
v 7.3930 0.0300 1.8634
v 7.3992 0.0300 1.8551
v 7.4333 0.0300 1.8789
v 7.4370 0.0300 1.8755
v 7.4412 0.0300 1.8725
v 7.4459 0.0300 1.8704
v 7.4511 0.0300 1.8701
v 7.4561 0.0300 1.8699
v 7.4611 0.0300 1.8694
v 7.4660 0.0300 1.8706
v 7.4709 0.0300 1.8716
v 7.4758 0.0300 1.8731
v 7.4801 0.0300 1.8758
v 7.4837 0.0300 1.8794
v 7.4874 0.0300 1.8828
v 7.4905 0.0300 1.8868
v 7.4925 0.0300 1.8914
v 7.4946 0.0300 1.8960
v 7.4952 0.0300 1.9009
v 7.4963 0.0300 1.9058
v 7.4965 0.0300 1.9108
v 7.4967 0.0300 1.9160
v 7.4950 0.0300 1.9209
v 7.4929 0.0300 1.9255
v 7.4902 0.0300 1.9298
v 7.4865 0.0300 1.9333
v 7.4832 0.0300 1.9370
v 7.4793 0.0300 1.9402
v 7.4748 0.0300 1.9425
v 7.4701 0.0300 1.9444
v 7.4652 0.0300 1.9454
v 7.4603 0.0300 1.9464
v 7.4553 0.0300 1.9458
v 7.4502 0.0300 1.9457
v 7.4452 0.0300 1.9449
v 7.4407 0.0300 1.9424
v 7.4364 0.0300 1.9398
v 7.4322 0.0300 1.9369
v 7.4283 0.0300 1.9335
v 7.4253 0.0300 1.9294
v 7.4227 0.0300 1.9249
v 7.4215 0.0300 1.9199
v 7.4213 0.0300 1.9148
v 7.4207 0.0300 1.9100
v 7.4199 0.0300 1.9050
v 7.4203 0.0300 1.8999
v 7.4212 0.0300 1.8949
v 7.4231 0.0300 1.8902
v 7.4265 0.0300 1.8862
v 7.4291 0.0300 1.8818
v 7.4582 0.0300 1.9079
v 7.4582 0.0300 1.9079
v 7.4582 0.0300 1.9079
v 7.4582 0.0300 1.9079
v 7.4582 0.0300 1.9079
v 7.4582 0.0300 1.9079
v 7.4582 0.0300 1.9079
v 7.4582 0.0300 1.9079
v 7.4582 0.0300 1.9079
v 7.4582 0.0300 1.9079
v 7.4582 0.0300 1.9079
v 7.4582 0.0300 1.9079
v 7.4582 0.0300 1.9079
v 7.4582 0.0300 1.9079
v 7.4582 0.0300 1.9079
v 7.4582 0.0300 1.9079
v 7.4582 0.0300 1.9079
v 7.4582 0.0300 1.9079
v 7.4582 0.0300 1.9079
v 7.4582 0.0300 1.9079
v 7.4582 0.0300 1.9079
v 7.4582 0.0300 1.9079
v 7.4582 0.0300 1.9079
v 7.4582 0.0300 1.9079
v 7.4582 0.0300 1.9079
v 7.4582 0.0300 1.9079
v 7.4582 0.0300 1.9079
v 7.4582 0.0300 1.9079
v 7.4582 0.0300 1.9079
v 7.4582 0.0300 1.9079
v 7.4582 0.0300 1.9079
v 7.4582 0.0300 1.9079
v 7.4582 0.0300 1.9079
v 7.4582 0.0300 1.9079
v 7.4582 0.0300 1.9079
v 7.4582 0.0300 1.9079
v 7.4582 0.0300 1.9079
v 7.4582 0.0300 1.9079
v 7.4582 0.0300 1.9079
v 7.4582 0.0300 1.9079
v 7.4582 0.0300 1.9079
v 7.4582 0.0300 1.9079
v 7.4582 0.0300 1.9079
v 7.4582 0.0300 1.9079
v 7.4582 0.0300 1.9079
v 7.4582 0.0300 1.9079
v 7.4582 0.0300 1.9079
v 7.4582 0.0300 1.9079
v 7.4440 0.1046 1.8914
v 7.4440 0.0300 1.8914
v 7.4598 0.1046 1.8862
v 7.4598 0.0300 1.8862
v 7.4747 0.1046 1.8937
v 7.4747 0.0300 1.8937
v 7.4799 0.1046 1.9096
v 7.4799 0.0300 1.9096
v 7.4723 0.1046 1.9244
v 7.4723 0.0300 1.9244
v 7.4565 0.1046 1.9296
v 7.4565 0.0300 1.9296
v 7.4417 0.1046 1.9221
v 7.4417 0.0300 1.9221
v 7.4365 0.1046 1.9063
v 7.4365 0.0300 1.9063
v 7.4582 0.1046 1.9079
v 7.4582 0.0300 1.9079
vn 0.6845 -0.4747 -0.5533
usemtl leaf_4
f 4293//4137 4341//4137 4342//4137 4294//4137
vn 0.6518 -0.6767 -0.3424
usemtl leaf_5
f 4294//4138 4342//4138 4343//4138 4295//4138
vn 0.8328 -0.4568 -0.3127
f 4295//4139 4343//4139 4344//4139 4296//4139
vn -0.1802 -0.9808 0.0743
f 4296//4140 4344//4140 4345//4140 4297//4140
vn -0.7174 -0.6932 0.0695
f 4297//4141 4345//4141 4346//4141 4298//4141
vn 0.1241 -0.9919 -0.0265
f 4298//4142 4346//4142 4347//4142 4299//4142
vn -0.9034 -0.4067 -0.1355
f 4299//4143 4347//4143 4348//4143 4300//4143
vn 0.8610 -0.4473 0.2420
f 4300//4144 4348//4144 4349//4144 4301//4144
vn -0.6339 -0.7177 -0.2882
f 4301//4145 4349//4145 4350//4145 4302//4145
vn -0.4309 -0.8505 -0.3016
f 4302//4146 4350//4146 4351//4146 4303//4146
vn 0.2240 -0.9536 0.2010
usemtl leaf_4
f 4303//4147 4351//4147 4352//4147 4304//4147
vn -0.5218 -0.6772 -0.5189
f 4304//4148 4352//4148 4353//4148 4305//4148
vn -0.3205 -0.7618 -0.5630
f 4305//4149 4353//4149 4354//4149 4306//4149
vn -0.0630 -0.9101 -0.4095
usemtl leaf_3
f 4306//4150 4354//4150 4355//4150 4307//4150
vn 0.3739 -0.3606 0.8545
usemtl leaf_5
f 4307//4151 4355//4151 4356//4151 4308//4151
vn 0.2123 -0.5202 0.8272
f 4308//4152 4356//4152 4357//4152 4309//4152
vn 0.0729 -0.7667 0.6378
f 4309//4153 4357//4153 4358//4153 4310//4153
vn -0.0711 -0.8402 0.5376
f 4310//4154 4358//4154 4359//4154 4311//4154
vn 0.0821 -0.4605 -0.8838
f 4311//4155 4359//4155 4360//4155 4312//4155
vn 0.2562 -0.7210 -0.6438
f 4312//4156 4360//4156 4361//4156 4313//4156
vn 0.3440 -0.6425 -0.6847
f 4313//4157 4361//4157 4362//4157 4314//4157
vn -0.1160 -0.9834 0.1393
f 4314//4158 4362//4158 4363//4158 4315//4158
vn 0.5646 -0.3361 -0.7538
f 4315//4159 4363//4159 4364//4159 4316//4159
vn -0.6752 -0.4663 0.5716
f 4316//4160 4364//4160 4365//4160 4317//4160
vn -0.7201 -0.5632 0.4053
f 4317//4161 4365//4161 4366//4161 4318//4161
vn -0.6030 -0.7184 0.3468
f 4318//4162 4366//4162 4367//4162 4319//4162
vn -0.6052 -0.6978 0.3830
f 4319//4163 4367//4163 4368//4163 4320//4163
vn 0.8142 -0.5647 -0.1353
f 4320//4164 4368//4164 4369//4164 4321//4164
vn 0.0728 -0.9906 0.1162
usemtl leaf_4
f 4321//4165 4369//4165 4370//4165 4322//4165
vn -0.8005 -0.5992 -0.0064
usemtl leaf_5
f 4322//4166 4370//4166 4371//4166 4323//4166
vn -0.4872 -0.8657 -0.1150
f 4323//4167 4371//4167 4372//4167 4324//4167
vn 0.5887 -0.7876 0.1820
f 4324//4168 4372//4168 4373//4168 4325//4168
vn 0.5725 -0.7809 0.2500
f 4325//4169 4373//4169 4374//4169 4326//4169
vn 0.8009 -0.3720 0.4692
usemtl leaf_4
f 4326//4170 4374//4170 4375//4170 4327//4170
vn 0.5360 -0.7495 0.3886
f 4327//4171 4375//4171 4376//4171 4328//4171
vn -0.6828 -0.2058 -0.7010
usemtl leaf_5
f 4328//4172 4376//4172 4377//4172 4329//4172
vn -0.1880 -0.9791 -0.0778
f 4329//4173 4377//4173 4378//4173 4330//4173
vn -0.5044 -0.3580 -0.7858
f 4330//4174 4378//4174 4379//4174 4331//4174
vn 0.2553 -0.4513 0.8550
f 4331//4175 4379//4175 4380//4175 4332//4175
vn 0.1659 -0.4512 0.8769
f 4332//4176 4380//4176 4381//4176 4333//4176
vn 0.0988 -0.3286 0.9393
f 4333//4177 4381//4177 4382//4177 4334//4177
vn -0.0132 -0.3091 0.9509
f 4334//4178 4382//4178 4383//4178 4335//4178
vn 0.1275 -0.2835 -0.9504
f 4335//4179 4383//4179 4384//4179 4336//4179
vn 0.1085 -0.7509 -0.6514
usemtl leaf_4
f 4336//4180 4384//4180 4385//4180 4337//4180
vn 0.3060 -0.5002 -0.8101
usemtl leaf_5
f 4337//4181 4385//4181 4386//4181 4338//4181
vn 0.2794 -0.7802 -0.5597
f 4338//4182 4386//4182 4387//4182 4339//4182
vn -0.4360 -0.6514 0.6210
f 4339//4183 4387//4183 4388//4183 4340//4183
vn -0.6716 -0.3258 0.6655
usemtl leaf_4
f 4340//4184 4388//4184 4341//4184 4293//4184
vn 0.1789 -0.9686 -0.1728
usemtl leaf_5
f 4341//4185 4389//4185 4390//4185 4342//4185
vn 0.4371 -0.8241 -0.3602
f 4342//4186 4390//4186 4391//4186 4343//4186
vn 0.2941 -0.9171 -0.2690
f 4343//4187 4391//4187 4392//4187 4344//4187
vn -0.4852 -0.8652 0.1265
f 4344//4188 4392//4188 4393//4188 4345//4188
vn 0.1790 -0.9834 0.0306
f 4345//4189 4393//4189 4394//4189 4346//4189
vn -0.5011 -0.8634 0.0590
f 4346//4190 4394//4190 4395//4190 4347//4190
vn 0.2946 -0.9554 0.0213
f 4347//4191 4395//4191 4396//4191 4348//4191
vn 0.3449 -0.9355 -0.0769
f 4348//4192 4396//4192 4397//4192 4349//4192
vn -0.0943 -0.9802 -0.1744
f 4349//4193 4397//4193 4398//4193 4350//4193
vn -0.5892 -0.7313 -0.3436
usemtl leaf_4
f 4350//4194 4398//4194 4399//4194 4351//4194
vn -0.3548 -0.9317 -0.0774
usemtl leaf_5
f 4351//4195 4399//4195 4400//4195 4352//4195
vn 0.2030 -0.9146 0.3497
f 4352//4196 4400//4196 4401//4196 4353//4196
vn 0.1700 -0.9687 0.1807
f 4353//4197 4401//4197 4402//4197 4354//4197
vn 0.2009 -0.9763 0.0806
usemtl leaf_4
f 4354//4198 4402//4198 4403//4198 4355//4198
vn 0.1452 -0.9892 0.0199
usemtl leaf_5
f 4355//4199 4403//4199 4404//4199 4356//4199
vn 0.0050 -0.9927 0.1204
f 4356//4200 4404//4200 4405//4200 4357//4200
vn -0.0476 -0.9435 0.3278
f 4357//4201 4405//4201 4406//4201 4358//4201
vn -0.0507 -0.9987 -0.0041
f 4358//4202 4406//4202 4407//4202 4359//4202
vn 0.0557 -0.9591 0.2777
f 4359//4203 4407//4203 4408//4203 4360//4203
vn 0.1215 -0.9728 0.1973
f 4360//4204 4408//4204 4409//4204 4361//4204
vn 0.3811 -0.6455 -0.6619
f 4361//4205 4409//4205 4410//4205 4362//4205
vn 0.0761 -0.9970 0.0130
usemtl leaf_4
f 4362//4206 4410//4206 4411//4206 4363//4206
vn 0.4941 -0.6124 -0.6171
f 4363//4207 4411//4207 4412//4207 4364//4207
vn -0.3453 -0.8739 0.3420
usemtl leaf_5
f 4364//4208 4412//4208 4413//4208 4365//4208
vn -0.2342 -0.9526 0.1939
usemtl leaf_4
f 4365//4209 4413//4209 4414//4209 4366//4209
vn -0.6259 -0.7304 0.2734
usemtl leaf_5
f 4366//4210 4414//4210 4415//4210 4367//4210
vn -0.2448 -0.9649 -0.0949
f 4367//4211 4415//4211 4416//4211 4368//4211
vn -0.0458 -0.9982 -0.0397
f 4368//4212 4416//4212 4417//4212 4369//4212
vn 0.3634 -0.9295 -0.0625
f 4369//4213 4417//4213 4418//4213 4370//4213
vn 0.0770 -0.9944 -0.0726
f 4370//4214 4418//4214 4419//4214 4371//4214
vn -0.4095 -0.9045 -0.1194
f 4371//4215 4419//4215 4420//4215 4372//4215
vn 0.4729 -0.8811 0.0075
f 4372//4216 4420//4216 4421//4216 4373//4216
vn 0.0987 -0.9905 -0.0960
f 4373//4217 4421//4217 4422//4217 4374//4217
vn 0.6077 -0.7404 0.2873
f 4374//4218 4422//4218 4423//4218 4375//4218
vn 0.0836 -0.9962 0.0257
usemtl leaf_3
f 4375//4219 4423//4219 4424//4219 4376//4219
vn -0.5525 -0.5746 -0.6038
usemtl leaf_4
f 4376//4220 4424//4220 4425//4220 4377//4220
vn -0.4218 -0.7056 -0.5694
usemtl leaf_5
f 4377//4221 4425//4221 4426//4221 4378//4221
vn -0.0398 -0.9938 -0.1035
f 4378//4222 4426//4222 4427//4222 4379//4222
vn 0.1534 -0.9810 0.1183
f 4379//4223 4427//4223 4428//4223 4380//4223
vn 0.2709 -0.5401 0.7968
f 4380//4224 4428//4224 4429//4224 4381//4224
vn 0.1435 -0.9076 0.3946
f 4381//4225 4429//4225 4430//4225 4382//4225
vn -0.0759 -0.8140 0.5758
usemtl leaf_4
f 4382//4226 4430//4226 4431//4226 4383//4226
vn 0.0415 -0.8119 -0.5823
usemtl leaf_5
f 4383//4227 4431//4227 4432//4227 4384//4227
vn 0.1577 -0.9638 -0.2148
usemtl leaf_4
f 4384//4228 4432//4228 4433//4228 4385//4228
vn 0.2685 -0.8350 -0.4803
usemtl leaf_5
f 4385//4229 4433//4229 4434//4229 4386//4229
vn 0.1998 -0.9285 -0.3131
f 4386//4230 4434//4230 4435//4230 4387//4230
vn -0.4394 -0.7103 0.5500
f 4387//4231 4435//4231 4436//4231 4388//4231
vn -0.0744 -0.9959 0.0522
f 4388//4232 4436//4232 4389//4232 4341//4232
vn 0.1902 -0.9760 -0.1057
f 4389//4233 4437//4233 4438//4233 4390//4233
vn 0.4740 -0.8478 -0.2378
f 4390//4234 4438//4234 4439//4234 4391//4234
vn 0.1064 -0.9943 0.0020
f 4391//4235 4439//4235 4440//4235 4392//4235
vn -0.4449 -0.8892 0.1066
f 4392//4236 4440//4236 4441//4236 4393//4236
vn 0.0664 -0.9978 0.0016
f 4393//4237 4441//4237 4442//4237 4394//4237
vn -0.3367 -0.9416 0.0034
usemtl leaf_4
f 4394//4238 4442//4238 4443//4238 4395//4238
vn 0.4151 -0.9067 0.0742
usemtl leaf_5
f 4395//4239 4443//4239 4444//4239 4396//4239
vn -0.0052 -0.9897 0.1432
f 4396//4240 4444//4240 4445//4240 4397//4240
vn -0.1933 -0.9775 0.0844
f 4397//4241 4445//4241 4446//4241 4398//4241
vn -0.5720 -0.7844 -0.2401
f 4398//4242 4446//4242 4447//4242 4399//4242
vn -0.2507 -0.9580 -0.1392
f 4399//4243 4447//4243 4448//4243 4400//4243
vn 0.4094 -0.8179 0.4042
f 4400//4244 4448//4244 4449//4244 4401//4244
vn 0.0594 -0.9960 0.0671
f 4401//4245 4449//4245 4450//4245 4402//4245
vn 0.2064 -0.9037 0.3752
f 4402//4246 4450//4246 4451//4246 4403//4246
vn -0.1636 -0.9224 -0.3498
f 4403//4247 4451//4247 4452//4247 4404//4247
vn 0.0392 -0.9902 0.1338
f 4404//4248 4452//4248 4453//4248 4405//4248
vn -0.0581 -0.9795 -0.1931
f 4405//4249 4453//4249 4454//4249 4406//4249
vn -0.0537 -0.9057 0.4206
f 4406//4250 4454//4250 4455//4250 4407//4250
vn -0.0486 -0.9531 0.2987
f 4407//4251 4455//4251 4456//4251 4408//4251
vn -0.0640 -0.9979 -0.0047
f 4408//4252 4456//4252 4457//4252 4409//4252
vn 0.1861 -0.8423 -0.5058
f 4409//4253 4457//4253 4458//4253 4410//4253
vn 0.0631 -0.9980 -0.0004
f 4410//4254 4458//4254 4459//4254 4411//4254
vn 0.4461 -0.7411 -0.5018
f 4411//4255 4459//4255 4460//4255 4412//4255
vn -0.1751 -0.9710 0.1629
usemtl leaf_4
f 4412//4256 4460//4256 4461//4256 4413//4256
vn -0.1943 -0.9752 0.1058
f 4413//4257 4461//4257 4462//4257 4414//4257
vn -0.1653 -0.9847 0.0542
f 4414//4258 4462//4258 4463//4258 4415//4258
vn -0.3769 -0.9052 0.1964
usemtl leaf_5
f 4415//4259 4463//4259 4464//4259 4416//4259
vn -0.1629 -0.9779 0.1307
f 4416//4260 4464//4260 4465//4260 4417//4260
vn 0.4598 -0.8874 -0.0316
f 4417//4261 4465//4261 4466//4261 4418//4261
vn -0.2211 -0.9729 0.0679
f 4418//4262 4466//4262 4467//4262 4419//4262
vn 0.1627 -0.9859 0.0384
f 4419//4263 4467//4263 4468//4263 4420//4263
vn 0.0526 -0.9981 0.0314
f 4420//4264 4468//4264 4469//4264 4421//4264
vn 0.2879 -0.9508 0.1146
usemtl leaf_4
f 4421//4265 4469//4265 4470//4265 4422//4265
vn -0.0358 -0.9993 0.0138
usemtl leaf_5
f 4422//4266 4470//4266 4471//4266 4423//4266
vn -0.2105 -0.9744 0.0787
f 4423//4267 4471//4267 4472//4267 4424//4267
vn -0.3266 -0.9317 -0.1590
f 4424//4268 4472//4268 4473//4268 4425//4268
vn -0.3710 -0.7945 -0.4808
f 4425//4269 4473//4269 4474//4269 4426//4269
vn 0.2237 -0.9338 0.2793
f 4426//4270 4474//4270 4475//4270 4427//4270
vn 0.0776 -0.9962 -0.0399
f 4427//4271 4475//4271 4476//4271 4428//4271
vn 0.1877 -0.7479 0.6367
f 4428//4272 4476//4272 4477//4272 4429//4272
vn 0.0384 -0.9814 0.1883
usemtl leaf_4
f 4429//4273 4477//4273 4478//4273 4430//4273
vn -0.0172 -0.9800 -0.1984
usemtl leaf_5
f 4430//4274 4478//4274 4479//4274 4431//4274
vn -0.0950 -0.9915 0.0884
usemtl leaf_4
f 4431//4275 4479//4275 4480//4275 4432//4275
vn -0.0122 -0.9996 -0.0257
usemtl leaf_5
f 4432//4276 4480//4276 4481//4276 4433//4276
vn 0.1840 -0.9059 -0.3814
usemtl leaf_4
f 4433//4277 4481//4277 4482//4277 4434//4277
vn 0.1261 -0.9918 -0.0189
usemtl leaf_5
f 4434//4278 4482//4278 4483//4278 4435//4278
vn -0.0788 -0.9825 0.1685
usemtl leaf_4
f 4435//4279 4483//4279 4484//4279 4436//4279
vn -0.1773 -0.9735 0.1443
f 4436//4280 4484//4280 4437//4280 4389//4280
vn 0.0641 -0.9923 -0.1057
usemtl leaf_5
f 4437//4281 4485//4281 4486//4281 4438//4281
vn 0.2939 -0.9408 -0.1687
f 4438//4282 4486//4282 4487//4282 4439//4282
vn -0.0018 -0.9983 0.0584
f 4439//4283 4487//4283 4488//4283 4440//4283
vn -0.1529 -0.9831 0.1005
f 4440//4284 4488//4284 4489//4284 4441//4284
vn 0.0608 -0.9969 -0.0509
f 4441//4285 4489//4285 4490//4285 4442//4285
vn -0.0702 -0.9907 -0.1168
f 4442//4286 4490//4286 4491//4286 4443//4286
vn -0.0367 -0.9978 -0.0551
f 4443//4287 4491//4287 4492//4287 4444//4287
vn -0.2082 -0.9778 0.0254
f 4444//4288 4492//4288 4493//4288 4445//4288
vn -0.0811 -0.9908 0.1086
f 4445//4289 4493//4289 4494//4289 4446//4289
vn -0.3237 -0.9391 -0.1158
f 4446//4290 4494//4290 4495//4290 4447//4290
vn 0.1297 -0.9916 0.0017
usemtl leaf_4
f 4447//4291 4495//4291 4496//4291 4448//4291
vn 0.1619 -0.9801 0.1151
usemtl leaf_5
f 4448//4292 4496//4292 4497//4292 4449//4292
vn 0.0146 -0.9924 0.1220
f 4449//4293 4497//4293 4498//4293 4450//4293
vn 0.0519 -0.9698 0.2381
f 4450//4294 4498//4294 4499//4294 4451//4294
vn -0.2049 -0.9484 -0.2420
f 4451//4295 4499//4295 4500//4295 4452//4295
vn -0.0363 -0.9744 0.2217
f 4452//4296 4500//4296 4501//4296 4453//4296
vn -0.0643 -0.9766 -0.2052
f 4453//4297 4501//4297 4502//4297 4454//4297
vn -0.0137 -0.9208 0.3897
f 4454//4298 4502//4298 4503//4298 4455//4298
vn -0.0606 -0.9875 0.1453
f 4455//4299 4503//4299 4504//4299 4456//4299
vn -0.0343 -0.9909 -0.1305
f 4456//4300 4504//4300 4505//4300 4457//4300
vn 0.0359 -0.9715 -0.2345
f 4457//4301 4505//4301 4506//4301 4458//4301
vn -0.0405 -0.9992 -0.0031
f 4458//4302 4506//4302 4507//4302 4459//4302
vn 0.3019 -0.8870 -0.3495
f 4459//4303 4507//4303 4508//4303 4460//4303
vn 0.0887 -0.9938 -0.0672
usemtl leaf_4
f 4460//4304 4508//4304 4509//4304 4461//4304
vn -0.1358 -0.9900 -0.0373
usemtl leaf_5
f 4461//4305 4509//4305 4510//4305 4462//4305
vn -0.2546 -0.9659 0.0475
f 4462//4306 4510//4306 4511//4306 4463//4306
vn -0.4324 -0.8908 0.1397
f 4463//4307 4511//4307 4512//4307 4464//4307
vn -0.0744 -0.9971 -0.0147
f 4464//4308 4512//4308 4513//4308 4465//4308
vn 0.1948 -0.9801 0.0390
f 4465//4309 4513//4309 4514//4309 4466//4309
vn -0.0489 -0.9979 0.0436
f 4466//4310 4514//4310 4515//4310 4467//4310
vn 0.3429 -0.9394 0.0045
f 4467//4311 4515//4311 4516//4311 4468//4311
vn -0.1983 -0.9756 -0.0938
f 4468//4312 4516//4312 4517//4312 4469//4312
vn 0.3201 -0.9334 0.1621
f 4469//4313 4517//4313 4518//4313 4470//4313
vn -0.2291 -0.9675 -0.1073
f 4470//4314 4518//4314 4519//4314 4471//4314
vn -0.1085 -0.9891 -0.1000
f 4471//4315 4519//4315 4520//4315 4472//4315
vn -0.1231 -0.9890 -0.0824
f 4472//4316 4520//4316 4521//4316 4473//4316
vn -0.0406 -0.9868 -0.1566
f 4473//4317 4521//4317 4522//4317 4474//4317
vn 0.1830 -0.9793 0.0871
f 4474//4318 4522//4318 4523//4318 4475//4318
vn 0.1354 -0.9886 0.0659
f 4475//4319 4523//4319 4524//4319 4476//4319
vn 0.0706 -0.9811 0.1804
f 4476//4320 4524//4320 4525//4320 4477//4320
vn -0.0927 -0.9805 0.1733
f 4477//4321 4525//4321 4526//4321 4478//4321
vn -0.1082 -0.9653 -0.2376
f 4478//4322 4526//4322 4527//4322 4479//4322
vn -0.0976 -0.9890 0.1112
f 4479//4323 4527//4323 4528//4323 4480//4323
vn -0.0999 -0.9947 0.0250
f 4480//4324 4528//4324 4529//4324 4481//4324
vn 0.0297 -0.9993 -0.0240
f 4481//4325 4529//4325 4530//4325 4482//4325
vn 0.0883 -0.9960 -0.0165
f 4482//4326 4530//4326 4531//4326 4483//4326
vn 0.1185 -0.9691 -0.2165
usemtl leaf_4
f 4483//4327 4531//4327 4532//4327 4484//4327
vn -0.2605 -0.9530 0.1546
usemtl leaf_5
f 4484//4328 4532//4328 4485//4328 4437//4328
vn 0.1198 -0.9926 -0.0176
f 4485//4329 4533//4329 4534//4329 4486//4329
vn 0.0818 -0.9892 0.1220
f 4486//4330 4534//4330 4535//4330 4487//4330
vn 0.1158 -0.9782 0.1724
f 4487//4331 4535//4331 4536//4331 4488//4331
vn 0.0001 -0.9937 0.1117
f 4488//4332 4536//4332 4537//4332 4489//4332
vn 0.2144 -0.9758 0.0437
f 4489//4333 4537//4333 4538//4333 4490//4333
vn 0.0099 -0.9995 0.0295
f 4490//4334 4538//4334 4539//4334 4491//4334
vn -0.1253 -0.9914 -0.0378
f 4491//4335 4539//4335 4540//4335 4492//4335
vn -0.3459 -0.9355 -0.0719
usemtl leaf_4
f 4492//4336 4540//4336 4541//4336 4493//4336
vn -0.0175 -0.9967 0.0796
usemtl leaf_5
f 4493//4337 4541//4337 4542//4337 4494//4337
vn -0.1804 -0.9831 -0.0300
f 4494//4338 4542//4338 4543//4338 4495//4338
vn 0.0984 -0.9748 0.2001
usemtl leaf_4
f 4495//4339 4543//4339 4544//4339 4496//4339
vn -0.0536 -0.9972 0.0514
usemtl leaf_5
f 4496//4340 4544//4340 4545//4340 4497//4340
vn 0.1187 -0.9804 0.1573
f 4497//4341 4545//4341 4546//4341 4498//4341
vn 0.0364 -0.9985 0.0412
f 4498//4342 4546//4342 4547//4342 4499//4342
vn -0.0958 -0.9765 -0.1932
f 4499//4343 4547//4343 4548//4343 4500//4343
vn -0.0581 -0.9957 0.0716
f 4500//4344 4548//4344 4549//4344 4501//4344
vn -0.0831 -0.9963 0.0207
usemtl leaf_4
f 4501//4345 4549//4345 4550//4345 4502//4345
vn -0.0818 -0.9746 0.2085
usemtl leaf_5
f 4502//4346 4550//4346 4551//4346 4503//4346
vn -0.1084 -0.9828 0.1495
f 4503//4347 4551//4347 4552//4347 4504//4347
vn -0.0240 -0.9877 -0.1543
f 4504//4348 4552//4348 4553//4348 4505//4348
vn -0.0128 -0.9987 -0.0485
f 4505//4349 4553//4349 4554//4349 4506//4349
vn 0.0104 -0.9994 -0.0345
f 4506//4350 4554//4350 4555//4350 4507//4350
vn 0.1306 -0.9774 -0.1661
f 4507//4351 4555//4351 4556//4351 4508//4351
vn 0.1366 -0.9902 -0.0299
f 4508//4352 4556//4352 4557//4352 4509//4352
vn 0.1469 -0.9886 -0.0319
f 4509//4353 4557//4353 4558//4353 4510//4353
vn -0.2206 -0.9712 0.0896
usemtl leaf_4
f 4510//4354 4558//4354 4559//4354 4511//4354
vn -0.2333 -0.9701 -0.0671
usemtl leaf_5
f 4511//4355 4559//4355 4560//4355 4512//4355
vn -0.2886 -0.9546 -0.0741
f 4512//4356 4560//4356 4561//4356 4513//4356
vn -0.0570 -0.9982 -0.0202
f 4513//4357 4561//4357 4562//4357 4514//4357
vn 0.1865 -0.9823 -0.0181
f 4514//4358 4562//4358 4563//4358 4515//4358
vn 0.2591 -0.9658 -0.0092
usemtl leaf_4
f 4515//4359 4563//4359 4564//4359 4516//4359
vn -0.1455 -0.9850 -0.0927
usemtl leaf_5
f 4516//4360 4564//4360 4565//4360 4517//4360
vn 0.1740 -0.9844 0.0241
f 4517//4361 4565//4361 4566//4361 4518//4361
vn -0.1202 -0.9893 -0.0828
f 4518//4362 4566//4362 4567//4362 4519//4362
vn -0.0952 -0.9929 -0.0713
f 4519//4363 4567//4363 4568//4363 4520//4363
vn 0.0495 -0.9965 -0.0677
f 4520//4364 4568//4364 4569//4364 4521//4364
vn 0.3283 -0.9428 0.0586
f 4521//4365 4569//4365 4570//4365 4522//4365
vn 0.3556 -0.9303 -0.0899
f 4522//4366 4570//4366 4571//4366 4523//4366
vn 0.2868 -0.9516 -0.1104
f 4523//4367 4571//4367 4572//4367 4524//4367
vn 0.1471 -0.9739 -0.1729
usemtl leaf_4
f 4524//4368 4572//4368 4573//4368 4525//4368
vn 0.0977 -0.9947 -0.0328
f 4525//4369 4573//4369 4574//4369 4526//4369
vn 0.0675 -0.9917 -0.1091
usemtl leaf_5
f 4526//4370 4574//4370 4575//4370 4527//4370
vn 0.0762 -0.9856 0.1512
f 4527//4371 4575//4371 4576//4371 4528//4371
vn 0.1143 -0.9890 0.0936
f 4528//4372 4576//4372 4577//4372 4529//4372
vn 0.0514 -0.9935 0.1016
usemtl leaf_4
f 4529//4373 4577//4373 4578//4373 4530//4373
vn 0.1089 -0.9818 -0.1556
f 4530//4374 4578//4374 4579//4374 4531//4374
vn 0.1325 -0.9907 -0.0298
usemtl leaf_5
f 4531//4375 4579//4375 4580//4375 4532//4375
vn -0.0355 -0.9754 0.2175
f 4532//4376 4580//4376 4533//4376 4485//4376
vn 0.1229 -0.9605 0.2495
f 4533//4377 4581//4377 4582//4377 4534//4377
vn 0.0641 -0.9284 0.3659
usemtl leaf_4
f 4534//4378 4582//4378 4583//4378 4535//4378
vn 0.3057 -0.9410 0.1453
usemtl leaf_5
f 4535//4379 4583//4379 4584//4379 4536//4379
vn 0.1805 -0.9810 0.0714
f 4536//4380 4584//4380 4585//4380 4537//4380
vn 0.1056 -0.9916 0.0743
f 4537//4381 4585//4381 4586//4381 4538//4381
vn 0.0387 -0.9879 0.1503
f 4538//4382 4586//4382 4587//4382 4539//4382
vn -0.1879 -0.9651 0.1825
f 4539//4383 4587//4383 4588//4383 4540//4383
vn -0.2512 -0.9652 0.0720
f 4540//4384 4588//4384 4589//4384 4541//4384
vn -0.1570 -0.9858 0.0601
usemtl leaf_4
f 4541//4385 4589//4385 4590//4385 4542//4385
vn -0.1505 -0.9827 0.1082
usemtl leaf_5
f 4542//4386 4590//4386 4591//4386 4543//4386
vn 0.0060 -0.9852 0.1714
usemtl leaf_4
f 4543//4387 4591//4387 4592//4387 4544//4387
vn -0.1419 -0.9815 0.1284
f 4544//4388 4592//4388 4593//4388 4545//4388
vn -0.1162 -0.9471 0.2990
f 4545//4389 4593//4389 4594//4389 4546//4389
vn -0.2407 -0.9538 0.1800
usemtl leaf_5
f 4546//4390 4594//4390 4595//4390 4547//4390
vn -0.2281 -0.9736 -0.0028
f 4547//4391 4595//4391 4596//4391 4548//4391
vn -0.0828 -0.9943 0.0671
usemtl leaf_4
f 4548//4392 4596//4392 4597//4392 4549//4392
vn -0.0116 -0.9933 0.1152
usemtl leaf_5
f 4549//4393 4597//4393 4598//4393 4550//4393
vn -0.0491 -0.9986 0.0217
f 4550//4394 4598//4394 4599//4394 4551//4394
vn -0.1658 -0.9840 0.0654
f 4551//4395 4599//4395 4600//4395 4552//4395
vn -0.1820 -0.9522 -0.2452
usemtl leaf_4
f 4552//4396 4600//4396 4601//4396 4553//4396
vn -0.2608 -0.9653 -0.0106
usemtl leaf_5
f 4553//4397 4601//4397 4602//4397 4554//4397
vn -0.1501 -0.9805 -0.1269
f 4554//4398 4602//4398 4603//4398 4555//4398
vn -0.0538 -0.9756 -0.2128
f 4555//4399 4603//4399 4604//4399 4556//4399
vn -0.0885 -0.9743 -0.2070
f 4556//4400 4604//4400 4605//4400 4557//4400
vn 0.0440 -0.9388 -0.3415
usemtl leaf_4
f 4557//4401 4605//4401 4606//4401 4558//4401
vn -0.2590 -0.9547 -0.1466
f 4558//4402 4606//4402 4607//4402 4559//4402
vn -0.1850 -0.9738 -0.1324
f 4559//4403 4607//4403 4608//4403 4560//4403
vn -0.2551 -0.9536 -0.1599
f 4560//4404 4608//4404 4609//4404 4561//4404
vn -0.2454 -0.9465 -0.2094
usemtl leaf_5
f 4561//4405 4609//4405 4610//4405 4562//4405
vn 0.1410 -0.9810 -0.1333
f 4562//4406 4610//4406 4611//4406 4563//4406
vn 0.1587 -0.9863 -0.0449
usemtl leaf_4
f 4563//4407 4611//4407 4612//4407 4564//4407
vn -0.0430 -0.9954 -0.0853
usemtl leaf_5
f 4564//4408 4612//4408 4613//4408 4565//4408
vn 0.2039 -0.9775 -0.0533
f 4565//4409 4613//4409 4614//4409 4566//4409
vn -0.0785 -0.9729 -0.2174
f 4566//4410 4614//4410 4615//4410 4567//4410
vn 0.0997 -0.9835 -0.1509
f 4567//4411 4615//4411 4616//4411 4568//4411
vn 0.2300 -0.9703 -0.0753
f 4568//4412 4616//4412 4617//4412 4569//4412
vn 0.3502 -0.9291 0.1186
f 4569//4413 4617//4413 4618//4413 4570//4413
vn 0.2212 -0.9752 -0.0078
f 4570//4414 4618//4414 4619//4414 4571//4414
vn 0.0539 -0.9724 -0.2270
f 4571//4415 4619//4415 4620//4415 4572//4415
vn -0.0199 -0.9715 -0.2363
f 4572//4416 4620//4416 4621//4416 4573//4416
vn 0.0070 -0.9988 -0.0478
f 4573//4417 4621//4417 4622//4417 4574//4417
vn 0.0580 -0.9980 -0.0245
f 4574//4418 4622//4418 4623//4418 4575//4418
vn 0.0582 -0.9886 0.1386
f 4575//4419 4623//4419 4624//4419 4576//4419
vn 0.0725 -0.9808 0.1810
f 4576//4420 4624//4420 4625//4420 4577//4420
vn 0.1816 -0.9791 0.0914
f 4577//4421 4625//4421 4626//4421 4578//4421
vn 0.2976 -0.9541 0.0347
f 4578//4422 4626//4422 4627//4422 4579//4422
vn 0.2366 -0.9696 0.0623
f 4579//4423 4627//4423 4628//4423 4580//4423
vn 0.0347 -0.9847 0.1710
f 4580//4424 4628//4424 4581//4424 4533//4424
vn 0.1447 -0.7962 0.5875
f 4581//4425 4629//4425 4630//4425 4582//4425
vn 0.3108 -0.8570 0.4111
f 4582//4426 4630//4426 4631//4426 4583//4426
vn 0.4205 -0.8653 0.2728
f 4583//4427 4631//4427 4632//4427 4584//4427
vn 0.3699 -0.8755 0.3110
usemtl leaf_4
f 4584//4428 4632//4428 4633//4428 4585//4428
vn 0.1270 -0.9348 0.3316
usemtl leaf_5
f 4585//4429 4633//4429 4634//4429 4586//4429
vn 0.0705 -0.9637 0.2574
f 4586//4430 4634//4430 4635//4430 4587//4430
vn -0.2438 -0.9501 0.1947
usemtl leaf_4
f 4587//4431 4635//4431 4636//4431 4588//4431
vn -0.2130 -0.9413 0.2618
f 4588//4432 4636//4432 4637//4432 4589//4432
vn -0.3421 -0.9079 0.2422
f 4589//4433 4637//4433 4638//4433 4590//4433
vn -0.1736 -0.9392 0.2962
usemtl leaf_5
f 4590//4434 4638//4434 4639//4434 4591//4434
vn -0.3213 -0.8945 0.3108
f 4591//4435 4639//4435 4640//4435 4592//4435
vn -0.4111 -0.8517 0.3251
f 4592//4436 4640//4436 4641//4436 4593//4436
vn -0.4687 -0.8173 0.3351
f 4593//4437 4641//4437 4642//4437 4594//4437
vn -0.5270 -0.7666 0.3668
f 4594//4438 4642//4438 4643//4438 4595//4438
vn -0.3836 -0.8355 0.3934
f 4595//4439 4643//4439 4644//4439 4596//4439
vn -0.2740 -0.9260 0.2598
f 4596//4440 4644//4440 4645//4440 4597//4440
vn -0.2479 -0.9484 0.1975
f 4597//4441 4645//4441 4646//4441 4598//4441
vn -0.2349 -0.9717 -0.0245
f 4598//4442 4646//4442 4647//4442 4599//4442
vn -0.2585 -0.9548 -0.1469
f 4599//4443 4647//4443 4648//4443 4600//4443
vn -0.2480 -0.9481 -0.1992
usemtl leaf_4
f 4600//4444 4648//4444 4649//4444 4601//4444
vn -0.3160 -0.9203 -0.2307
usemtl leaf_5
f 4601//4445 4649//4445 4650//4445 4602//4445
vn -0.4523 -0.8452 -0.2848
f 4602//4446 4650//4446 4651//4446 4603//4446
vn -0.3583 -0.8667 -0.3472
f 4603//4447 4651//4447 4652//4447 4604//4447
vn -0.2087 -0.8646 -0.4570
f 4604//4448 4652//4448 4653//4448 4605//4448
vn -0.1664 -0.8934 -0.4173
f 4605//4449 4653//4449 4654//4449 4606//4449
vn -0.2381 -0.8973 -0.3717
f 4606//4450 4654//4450 4655//4450 4607//4450
vn -0.3811 -0.8405 -0.3850
usemtl leaf_4
f 4607//4451 4655//4451 4656//4451 4608//4451
vn -0.3194 -0.8995 -0.2981
usemtl leaf_5
f 4608//4452 4656//4452 4657//4452 4609//4452
vn -0.2447 -0.9310 -0.2709
f 4609//4453 4657//4453 4658//4453 4610//4453
vn -0.0283 -0.9575 -0.2872
f 4610//4454 4658//4454 4659//4454 4611//4454
vn 0.1750 -0.9567 -0.2327
f 4611//4455 4659//4455 4660//4455 4612//4455
vn 0.1399 -0.9423 -0.3043
f 4612//4456 4660//4456 4661//4456 4613//4456
vn 0.2964 -0.9199 -0.2569
usemtl leaf_4
f 4613//4457 4661//4457 4662//4457 4614//4457
vn 0.1952 -0.8975 -0.3955
usemtl leaf_5
f 4614//4458 4662//4458 4663//4458 4615//4458
vn 0.3839 -0.8376 -0.3887
f 4615//4459 4663//4459 4664//4459 4616//4459
vn 0.6169 -0.7414 -0.2643
f 4616//4460 4664//4460 4665//4460 4617//4460
vn 0.6269 -0.7368 -0.2534
f 4617//4461 4665//4461 4666//4461 4618//4461
vn 0.5214 -0.8146 -0.2542
usemtl leaf_4
f 4618//4462 4666//4462 4667//4462 4619//4462
vn 0.3478 -0.8154 -0.4628
usemtl leaf_3
f 4619//4463 4667//4463 4668//4463 4620//4463
vn 0.2691 -0.8386 -0.4736
usemtl leaf_4
f 4620//4464 4668//4464 4669//4464 4621//4464
vn 0.2728 -0.9544 -0.1215
usemtl leaf_5
f 4621//4465 4669//4465 4670//4465 4622//4465
vn 0.1593 -0.9825 -0.0970
f 4622//4466 4670//4466 4671//4466 4623//4466
vn 0.1028 -0.9781 0.1807
f 4623//4467 4671//4467 4672//4467 4624//4467
vn 0.0953 -0.9790 0.1804
f 4624//4468 4672//4468 4673//4468 4625//4468
vn 0.0958 -0.9775 0.1878
f 4625//4469 4673//4469 4674//4469 4626//4469
vn 0.2169 -0.9462 0.2401
f 4626//4470 4674//4470 4675//4470 4627//4470
vn 0.4360 -0.8497 0.2964
f 4627//4471 4675//4471 4676//4471 4628//4471
vn 0.3934 -0.7981 0.4565
f 4628//4472 4676//4472 4629//4472 4581//4472
vn 0.4724 -0.5422 0.6949
f 4629//4473 4677//4473 4678//4473 4630//4473
vn 0.4660 -0.6211 0.6301
f 4630//4474 4678//4474 4679//4474 4631//4474
vn 0.5978 -0.5987 0.5331
f 4631//4475 4679//4475 4680//4475 4632//4475
vn 0.4746 -0.6955 0.5394
f 4632//4476 4680//4476 4681//4476 4633//4476
vn 0.2474 -0.7695 0.5888
f 4633//4477 4681//4477 4682//4477 4634//4477
vn 0.0875 -0.7755 0.6252
usemtl leaf_4
f 4634//4478 4682//4478 4683//4478 4635//4478
vn -0.2380 -0.7902 0.5648
usemtl leaf_5
f 4635//4479 4683//4479 4684//4479 4636//4479
vn -0.4678 -0.7390 0.4848
usemtl leaf_4
f 4636//4480 4684//4480 4685//4480 4637//4480
vn -0.4120 -0.7223 0.5555
usemtl leaf_5
f 4637//4481 4685//4481 4686//4481 4638//4481
vn -0.4582 -0.6766 0.5764
f 4638//4482 4686//4482 4687//4482 4639//4482
vn -0.6655 -0.5731 0.4782
f 4639//4483 4687//4483 4688//4483 4640//4483
vn -0.6348 -0.5398 0.5528
f 4640//4484 4688//4484 4689//4484 4641//4484
vn -0.6689 -0.5793 0.4659
f 4641//4485 4689//4485 4690//4485 4642//4485
vn -0.5834 -0.6663 0.4644
f 4642//4486 4690//4486 4691//4486 4643//4486
vn -0.5128 -0.6495 0.5614
usemtl leaf_4
f 4643//4487 4691//4487 4692//4487 4644//4487
vn -0.5648 -0.6804 0.4669
f 4644//4488 4692//4488 4693//4488 4645//4488
vn -0.5470 -0.7760 0.3142
usemtl leaf_5
f 4645//4489 4693//4489 4694//4489 4646//4489
vn -0.5209 -0.8521 0.0516
usemtl leaf_4
f 4646//4490 4694//4490 4695//4490 4647//4490
vn -0.4855 -0.8016 -0.3489
usemtl leaf_5
f 4647//4491 4695//4491 4696//4491 4648//4491
vn -0.6104 -0.7078 -0.3555
usemtl leaf_4
f 4648//4492 4696//4492 4697//4492 4649//4492
vn -0.5780 -0.6384 -0.5083
f 4649//4493 4697//4493 4698//4493 4650//4493
vn -0.6094 -0.6068 -0.5103
usemtl leaf_5
f 4650//4494 4698//4494 4699//4494 4651//4494
vn -0.6598 -0.5136 -0.5486
f 4651//4495 4699//4495 4700//4495 4652//4495
vn -0.4893 -0.5094 -0.7079
f 4652//4496 4700//4496 4701//4496 4653//4496
vn -0.4845 -0.5280 -0.6975
usemtl leaf_4
f 4653//4497 4701//4497 4702//4497 4654//4497
vn -0.4269 -0.5904 -0.6850
usemtl leaf_5
f 4654//4498 4702//4498 4703//4498 4655//4498
vn -0.4500 -0.6498 -0.6125
f 4655//4499 4703//4499 4704//4499 4656//4499
vn -0.5449 -0.6174 -0.5673
f 4656//4500 4704//4500 4705//4500 4657//4500
vn -0.2847 -0.7119 -0.6419
f 4657//4501 4705//4501 4706//4501 4658//4501
vn -0.1163 -0.7622 -0.6368
f 4658//4502 4706//4502 4707//4502 4659//4502
vn 0.1245 -0.8345 -0.5367
f 4659//4503 4707//4503 4708//4503 4660//4503
vn 0.2455 -0.8739 -0.4196
f 4660//4504 4708//4504 4709//4504 4661//4504
vn 0.4244 -0.8091 -0.4066
f 4661//4505 4709//4505 4710//4505 4662//4505
vn 0.5863 -0.6629 -0.4656
f 4662//4506 4710//4506 4711//4506 4663//4506
vn 0.6854 -0.4736 -0.5531
f 4663//4507 4711//4507 4712//4507 4664//4507
vn 0.7623 -0.4660 -0.4492
usemtl leaf_4
f 4664//4508 4712//4508 4713//4508 4665//4508
vn 0.7526 -0.5109 -0.4153
f 4665//4509 4713//4509 4714//4509 4666//4509
vn 0.5906 -0.5897 -0.5508
usemtl leaf_3
f 4666//4510 4714//4510 4715//4510 4667//4510
vn 0.5678 -0.6540 -0.4998
usemtl leaf_4
f 4667//4511 4715//4511 4716//4511 4668//4511
vn 0.5379 -0.5778 -0.6139
usemtl leaf_5
f 4668//4512 4716//4512 4717//4512 4669//4512
vn 0.6215 -0.7084 -0.3344
f 4669//4513 4717//4513 4718//4513 4670//4513
vn 0.5723 -0.7839 -0.2408
f 4670//4514 4718//4514 4719//4514 4671//4514
vn 0.4694 -0.8580 0.2086
f 4671//4515 4719//4515 4720//4515 4672//4515
vn 0.4421 -0.8011 0.4035
f 4672//4516 4720//4516 4721//4516 4673//4516
vn 0.5183 -0.6757 0.5241
f 4673//4517 4721//4517 4722//4517 4674//4517
vn 0.4868 -0.5312 0.6934
f 4674//4518 4722//4518 4723//4518 4675//4518
vn 0.5668 -0.3811 0.7304
usemtl leaf_4
f 4675//4519 4723//4519 4724//4519 4676//4519
vn 0.7129 -0.3644 0.5992
usemtl leaf_5
f 4676//4520 4724//4520 4677//4520 4629//4520
vn 0.6598 -0.1050 0.7441
usemtl leaf_4
f 4677//4521 4725//4521 4726//4521 4678//4521
vn 0.6142 -0.1770 0.7690
usemtl leaf_3
f 4678//4522 4726//4522 4727//4522 4679//4522
vn 0.6989 -0.2907 0.6535
usemtl leaf_4
f 4679//4523 4727//4523 4728//4523 4680//4523
vn 0.4918 -0.2847 0.8228
f 4680//4524 4728//4524 4729//4524 4681//4524
vn 0.4424 -0.3680 0.8179
f 4681//4525 4729//4525 4730//4525 4682//4525
vn 0.0268 -0.5197 0.8539
usemtl leaf_5
f 4682//4526 4730//4526 4731//4526 4683//4526
vn -0.2045 -0.4968 0.8434
usemtl leaf_4
f 4683//4527 4731//4527 4732//4527 4684//4527
vn -0.5843 -0.4509 0.6747
f 4684//4528 4732//4528 4733//4528 4685//4528
vn -0.5355 -0.4084 0.7392
f 4685//4529 4733//4529 4734//4529 4686//4529
vn -0.6740 -0.2938 0.6778
usemtl leaf_5
f 4686//4530 4734//4530 4735//4530 4687//4530
vn -0.7938 -0.1981 0.5750
f 4687//4531 4735//4531 4736//4531 4688//4531
vn -0.7145 -0.1994 0.6706
usemtl leaf_4
f 4688//4532 4736//4532 4737//4532 4689//4532
vn -0.7780 -0.2029 0.5946
usemtl leaf_5
f 4689//4533 4737//4533 4738//4533 4690//4533
vn -0.7434 -0.2075 0.6359
f 4690//4534 4738//4534 4739//4534 4691//4534
vn -0.7915 -0.2246 0.5684
f 4691//4535 4739//4535 4740//4535 4692//4535
vn -0.7367 -0.2732 0.6186
f 4692//4536 4740//4536 4741//4536 4693//4536
vn -0.8461 -0.3722 0.3816
f 4693//4537 4741//4537 4742//4537 4694//4537
vn -0.8706 -0.4577 0.1808
usemtl leaf_4
f 4694//4538 4742//4538 4743//4538 4695//4538
vn -0.7411 -0.4908 -0.4582
usemtl leaf_3
f 4695//4539 4743//4539 4744//4539 4696//4539
vn -0.7267 -0.4894 -0.4821
usemtl leaf_4
f 4696//4540 4744//4540 4745//4540 4697//4540
vn -0.6681 -0.3478 -0.6578
usemtl leaf_5
f 4697//4541 4745//4541 4746//4541 4698//4541
vn -0.7381 -0.2545 -0.6249
usemtl leaf_4
f 4698//4542 4746//4542 4747//4542 4699//4542
vn -0.6560 -0.1858 -0.7316
f 4699//4543 4747//4543 4748//4543 4700//4543
vn -0.6733 -0.1429 -0.7254
usemtl leaf_5
f 4700//4544 4748//4544 4749//4544 4701//4544
vn -0.5783 -0.2162 -0.7867
f 4701//4545 4749//4545 4750//4545 4702//4545
vn -0.6283 -0.2910 -0.7215
usemtl leaf_4
f 4702//4546 4750//4546 4751//4546 4703//4546
vn -0.4893 -0.3431 -0.8018
f 4703//4547 4751//4547 4752//4547 4704//4547
vn -0.4673 -0.2431 -0.8500
usemtl leaf_5
f 4704//4548 4752//4548 4753//4548 4705//4548
vn -0.4417 -0.2360 -0.8656
usemtl leaf_4
f 4705//4549 4753//4549 4754//4549 4706//4549
vn -0.3104 -0.4927 -0.8130
usemtl leaf_3
f 4706//4550 4754//4550 4755//4550 4707//4550
vn 0.1564 -0.5929 -0.7899
usemtl leaf_4
f 4707//4551 4755//4551 4756//4551 4708//4551
vn 0.4623 -0.4079 -0.7874
f 4708//4552 4756//4552 4757//4552 4709//4552
vn 0.6817 -0.2424 -0.6903
usemtl leaf_5
f 4709//4553 4757//4553 4758//4553 4710//4553
vn 0.7476 -0.1964 -0.6344
usemtl leaf_4
f 4710//4554 4758//4554 4759//4554 4711//4554
vn 0.8248 -0.1791 -0.5363
usemtl leaf_5
f 4711//4555 4759//4555 4760//4555 4712//4555
vn 0.7631 -0.1405 -0.6308
usemtl leaf_3
f 4712//4556 4760//4556 4761//4556 4713//4556
vn 0.8176 -0.2093 -0.5364
usemtl leaf_4
f 4713//4557 4761//4557 4762//4557 4714//4557
vn 0.6369 -0.2720 -0.7214
f 4714//4558 4762//4558 4763//4558 4715//4558
vn 0.7913 -0.3139 -0.5246
f 4715//4559 4763//4559 4764//4559 4716//4559
vn 0.6721 -0.3411 -0.6573
f 4716//4560 4764//4560 4765//4560 4717//4560
vn 0.7934 -0.4231 -0.4376
f 4717//4561 4765//4561 4766//4561 4718//4561
vn 0.8503 -0.4611 -0.2539
usemtl leaf_5
f 4718//4562 4766//4562 4767//4562 4719//4562
vn 0.8699 -0.4396 0.2235
usemtl leaf_4
f 4719//4563 4767//4563 4768//4563 4720//4563
vn 0.7123 -0.3507 0.6080
usemtl leaf_5
f 4720//4564 4768//4564 4769//4564 4721//4564
vn 0.6983 -0.3359 0.6321
f 4721//4565 4769//4565 4770//4565 4722//4565
vn 0.5221 -0.3015 0.7978
f 4722//4566 4770//4566 4771//4566 4723//4566
vn 0.4859 -0.2348 0.8419
f 4723//4567 4771//4567 4772//4567 4724//4567
vn 0.7608 -0.1563 0.6299
usemtl leaf_3
f 4724//4568 4772//4568 4725//4568 4677//4568
vn 0.7155 -0.1472 0.6830
usemtl leaf_4
f 4725//4569 4773//4569 4774//4569 4726//4569
vn 0.6419 -0.1710 0.7475
usemtl leaf_3
f 4726//4570 4774//4570 4775//4570 4727//4570
vn 0.6935 -0.0797 0.7161
usemtl leaf_4
f 4727//4571 4775//4571 4776//4571 4728//4571
vn 0.4307 -0.0776 0.8991
usemtl leaf_5
f 4728//4572 4776//4572 4777//4572 4729//4572
vn 0.5357 -0.0800 0.8406
usemtl leaf_4
f 4729//4573 4777//4573 4778//4573 4730//4573
vn 0.0588 -0.1456 0.9876
f 4730//4574 4778//4574 4779//4574 4731//4574
vn -0.2354 -0.1775 0.9555
f 4731//4575 4779//4575 4780//4575 4732//4575
vn -0.5310 -0.2093 0.8211
usemtl leaf_5
f 4732//4576 4780//4576 4781//4576 4733//4576
vn -0.6748 -0.1748 0.7170
f 4733//4577 4781//4577 4782//4577 4734//4577
vn -0.7561 -0.0319 0.6537
f 4734//4578 4782//4578 4783//4578 4735//4578
vn -0.7871 -0.0175 0.6166
usemtl leaf_3
f 4735//4579 4783//4579 4784//4579 4736//4579
vn -0.7257 -0.0276 0.6875
usemtl leaf_4
f 4736//4580 4784//4580 4785//4580 4737//4580
vn -0.7661 -0.0621 0.6397
f 4737//4581 4785//4581 4786//4581 4738//4581
vn -0.7466 -0.1140 0.6555
f 4738//4582 4786//4582 4787//4582 4739//4582
vn -0.8322 -0.1030 0.5448
usemtl leaf_3
f 4739//4583 4787//4583 4788//4583 4740//4583
vn -0.7380 -0.1026 0.6669
usemtl leaf_5
f 4740//4584 4788//4584 4789//4584 4741//4584
vn -0.9094 -0.1510 0.3876
usemtl leaf_4
f 4741//4585 4789//4585 4790//4585 4742//4585
vn -0.9624 -0.1617 0.2184
usemtl leaf_3
f 4742//4586 4790//4586 4791//4586 4743//4586
vn -0.9015 -0.2490 -0.3539
usemtl leaf_5
f 4743//4587 4791//4587 4792//4587 4744//4587
vn -0.7772 -0.2291 -0.5860
usemtl leaf_4
f 4744//4588 4792//4588 4793//4588 4745//4588
vn -0.6470 -0.1009 -0.7558
f 4745//4589 4793//4589 4794//4589 4746//4589
vn -0.7539 -0.0376 -0.6559
f 4746//4590 4794//4590 4795//4590 4747//4590
vn -0.6798 -0.0722 -0.7299
f 4747//4591 4795//4591 4796//4591 4748//4591
vn -0.6847 -0.1351 -0.7162
f 4748//4592 4796//4592 4797//4592 4749//4592
vn -0.6667 -0.1591 -0.7282
f 4749//4593 4797//4593 4798//4593 4750//4593
vn -0.6170 -0.1513 -0.7723
usemtl leaf_5
f 4750//4594 4798//4594 4799//4594 4751//4594
vn -0.5280 -0.1214 -0.8405
f 4751//4595 4799//4595 4800//4595 4752//4595
vn -0.4138 -0.2076 -0.8864
usemtl leaf_4
f 4752//4596 4800//4596 4801//4596 4753//4596
vn -0.5420 -0.2616 -0.7986
usemtl leaf_2
f 4753//4597 4801//4597 4802//4597 4754//4597
vn -0.3588 -0.2146 -0.9084
usemtl leaf_5
f 4754//4598 4802//4598 4803//4598 4755//4598
vn 0.2145 -0.2053 -0.9549
f 4755//4599 4803//4599 4804//4599 4756//4599
vn 0.5794 -0.2000 -0.7902
f 4756//4600 4804//4600 4805//4600 4757//4600
vn 0.7409 -0.1249 -0.6599
usemtl leaf_4
f 4757//4601 4805//4601 4806//4601 4758//4601
vn 0.7725 -0.0379 -0.6339
f 4758//4602 4806//4602 4807//4602 4759//4602
vn 0.8156 -0.0092 -0.5786
usemtl leaf_3
f 4759//4603 4807//4603 4808//4603 4760//4603
vn 0.7812 -0.0372 -0.6232
f 4760//4604 4808//4604 4809//4604 4761//4604
vn 0.7102 -0.1028 -0.6965
f 4761//4605 4809//4605 4810//4605 4762//4605
vn 0.6871 -0.1697 -0.7065
usemtl leaf_4
f 4762//4606 4810//4606 4811//4606 4763//4606
vn 0.8241 -0.1494 -0.5463
f 4763//4607 4811//4607 4812//4607 4764//4607
vn 0.7505 -0.1216 -0.6496
usemtl leaf_3
f 4764//4608 4812//4608 4813//4608 4765//4608
vn 0.8481 -0.1776 -0.4992
usemtl leaf_5
f 4765//4609 4813//4609 4814//4609 4766//4609
vn 0.9531 -0.2302 -0.1965
usemtl leaf_4
f 4766//4610 4814//4610 4815//4610 4767//4610
vn 0.9432 -0.2652 0.1999
usemtl leaf_5
f 4767//4611 4815//4611 4816//4611 4768//4611
vn 0.7136 -0.2295 0.6619
f 4768//4612 4816//4612 4817//4612 4769//4612
vn 0.7216 -0.1144 0.6828
f 4769//4613 4817//4613 4818//4613 4770//4613
vn 0.5995 -0.0543 0.7985
f 4770//4614 4818//4614 4819//4614 4771//4614
vn 0.5186 -0.1002 0.8491
usemtl leaf_3
f 4771//4615 4819//4615 4820//4615 4772//4615
vn 0.6970 -0.1056 0.7093
f 4772//4616 4820//4616 4773//4616 4725//4616
vn 0.7682 -0.0225 0.6398
f 4773//4617 4821//4617 4822//4617 4774//4617
vn 0.5763 -0.0024 0.8172
usemtl leaf_4
f 4774//4618 4822//4618 4823//4618 4775//4618
vn 0.6955 -0.0298 0.7179
usemtl leaf_3
f 4775//4619 4823//4619 4824//4619 4776//4619
vn 0.4071 -0.0328 0.9128
usemtl leaf_4
f 4776//4620 4824//4620 4825//4620 4777//4620
vn 0.5346 -0.0170 0.8449
f 4777//4621 4825//4621 4826//4621 4778//4621
vn 0.1647 -0.0757 0.9834
f 4778//4622 4826//4622 4827//4622 4779//4622
vn -0.2194 -0.1616 0.9622
usemtl leaf_3
f 4779//4623 4827//4623 4828//4623 4780//4623
vn -0.5032 -0.1523 0.8507
usemtl leaf_4
f 4780//4624 4828//4624 4829//4624 4781//4624
vn -0.7243 -0.1191 0.6791
usemtl leaf_5
f 4781//4625 4829//4625 4830//4625 4782//4625
vn -0.8147 -0.1012 0.5710
f 4782//4626 4830//4626 4831//4626 4783//4626
vn -0.7700 -0.0581 0.6354
usemtl leaf_4
f 4783//4627 4831//4627 4832//4627 4784//4627
vn -0.7571 -0.0331 0.6524
usemtl leaf_3
f 4784//4628 4832//4628 4833//4628 4785//4628
vn -0.7236 -0.0149 0.6900
f 4785//4629 4833//4629 4834//4629 4786//4629
vn -0.7370 -0.0479 0.6742
f 4786//4630 4834//4630 4835//4630 4787//4630
vn -0.8111 -0.1217 0.5722
usemtl leaf_5
f 4787//4631 4835//4631 4836//4631 4788//4631
vn -0.7920 -0.0664 0.6069
usemtl leaf_3
f 4788//4632 4836//4632 4837//4632 4789//4632
vn -0.8877 -0.0463 0.4580
f 4789//4633 4837//4633 4838//4633 4790//4633
vn -0.9765 -0.1094 0.1856
usemtl leaf_4
f 4790//4634 4838//4634 4839//4634 4791//4634
vn -0.9568 -0.0542 -0.2856
usemtl leaf_3
f 4791//4635 4839//4635 4840//4635 4792//4635
vn -0.7736 -0.0291 -0.6330
f 4792//4636 4840//4636 4841//4636 4793//4636
vn -0.6832 -0.1181 -0.7206
usemtl leaf_4
f 4793//4637 4841//4637 4842//4637 4794//4637
vn -0.6349 -0.0989 -0.7662
f 4794//4638 4842//4638 4843//4638 4795//4638
vn -0.7269 0.0303 -0.6860
usemtl leaf_5
f 4795//4639 4843//4639 4844//4639 4796//4639
vn -0.6616 0.0745 -0.7461
f 4796//4640 4844//4640 4845//4640 4797//4640
vn -0.7551 0.0210 -0.6553
f 4797//4641 4845//4641 4846//4641 4798//4641
vn -0.5178 0.0047 -0.8555
usemtl leaf_4
f 4798//4642 4846//4642 4847//4642 4799//4642
vn -0.5659 0.0276 -0.8240
usemtl leaf_3
f 4799//4643 4847//4643 4848//4643 4800//4643
vn -0.4590 0.0023 -0.8884
usemtl leaf_2
f 4800//4644 4848//4644 4849//4644 4801//4644
vn -0.5810 -0.0613 -0.8116
usemtl leaf_3
f 4801//4645 4849//4645 4850//4645 4802//4645
vn -0.2568 -0.1284 -0.9579
usemtl leaf_4
f 4802//4646 4850//4646 4851//4646 4803//4646
vn 0.1993 -0.0805 -0.9766
usemtl leaf_5
f 4803//4647 4851//4647 4852//4647 4804//4647
vn 0.5885 -0.0515 -0.8068
f 4804//4648 4852//4648 4853//4648 4805//4648
vn 0.7397 -0.0818 -0.6679
f 4805//4649 4853//4649 4854//4649 4806//4649
vn 0.8496 -0.0295 -0.5265
f 4806//4650 4854//4650 4855//4650 4807//4650
vn 0.7763 0.0179 -0.6302
usemtl leaf_4
f 4807//4651 4855//4651 4856//4651 4808//4651
vn 0.7557 -0.0463 -0.6533
usemtl leaf_2
f 4808//4652 4856//4652 4857//4652 4809//4652
vn 0.6801 -0.0577 -0.7309
usemtl leaf_3
f 4809//4653 4857//4653 4858//4653 4810//4653
vn 0.7610 0.0290 -0.6481
f 4810//4654 4858//4654 4859//4654 4811//4654
vn 0.8178 0.0227 -0.5751
usemtl leaf_4
f 4811//4655 4859//4655 4860//4655 4812//4655
vn 0.7735 -0.0316 -0.6330
f 4812//4656 4860//4656 4861//4656 4813//4656
vn 0.8632 -0.0125 -0.5048
f 4813//4657 4861//4657 4862//4657 4814//4657
vn 0.9864 -0.0006 -0.1643
usemtl leaf_3
f 4814//4658 4862//4658 4863//4658 4815//4658
vn 0.9908 -0.0207 0.1340
usemtl leaf_5
f 4815//4659 4863//4659 4864//4659 4816//4659
vn 0.7514 -0.0645 0.6567
f 4816//4660 4864//4660 4865//4660 4817//4660
vn 0.6415 -0.0349 0.7663
f 4817//4661 4865//4661 4866//4661 4818//4661
vn 0.6503 -0.0170 0.7595
usemtl leaf_4
f 4818//4662 4866//4662 4867//4662 4819//4662
vn 0.5600 -0.0575 0.8265
usemtl leaf_3
f 4819//4663 4867//4663 4868//4663 4820//4663
vn 0.6574 -0.0441 0.7523
usemtl leaf_4
f 4820//4664 4868//4664 4821//4664 4773//4664
vn 0.7184 -0.0958 0.6890
usemtl leaf_3
f 4821//4665 4869//4665 4870//4665 4822//4665
vn 0.5945 -0.0653 0.8014
usemtl leaf_4
f 4822//4666 4870//4666 4871//4666 4823//4666
vn 0.6394 0.0204 0.7686
f 4823//4667 4871//4667 4872//4667 4824//4667
vn 0.4907 0.0006 0.8713
f 4824//4668 4872//4668 4873//4668 4825//4668
vn 0.4971 -0.0547 0.8660
usemtl leaf_3
f 4825//4669 4873//4669 4874//4669 4826//4669
vn 0.2183 -0.0042 0.9759
usemtl leaf_4
f 4826//4670 4874//4670 4875//4670 4827//4670
vn -0.2320 0.0358 0.9720
f 4827//4671 4875//4671 4876//4671 4828//4671
vn -0.5047 0.0642 0.8609
usemtl leaf_5
f 4828//4672 4876//4672 4877//4672 4829//4672
vn -0.7181 0.0706 0.6923
usemtl leaf_3
f 4829//4673 4877//4673 4878//4673 4830//4673
vn -0.7802 0.0284 0.6248
usemtl leaf_4
f 4830//4674 4878//4674 4879//4674 4831//4674
vn -0.8048 -0.0079 0.5935
usemtl leaf_3
f 4831//4675 4879//4675 4880//4675 4832//4675
vn -0.7596 0.0306 0.6497
usemtl leaf_4
f 4832//4676 4880//4676 4881//4676 4833//4676
vn -0.7485 0.0513 0.6611
f 4833//4677 4881//4677 4882//4677 4834//4677
vn -0.7326 0.1017 0.6731
usemtl leaf_3
f 4834//4678 4882//4678 4883//4678 4835//4678
vn -0.7563 0.0457 0.6527
f 4835//4679 4883//4679 4884//4679 4836//4679
vn -0.8704 0.0124 0.4922
f 4836//4680 4884//4680 4885//4680 4837//4680
vn -0.8689 0.0609 0.4913
f 4837//4681 4885//4681 4886//4681 4838//4681
vn -0.9735 0.0159 0.2281
usemtl leaf_4
f 4838//4682 4886//4682 4887//4682 4839//4682
vn -0.9439 -0.0521 -0.3261
f 4839//4683 4887//4683 4888//4683 4840//4683
vn -0.7891 -0.0627 -0.6110
usemtl leaf_3
f 4840//4684 4888//4684 4889//4684 4841//4684
vn -0.6800 0.0362 -0.7323
usemtl leaf_4
f 4841//4685 4889//4685 4890//4685 4842//4685
vn -0.6702 0.0290 -0.7417
usemtl leaf_3
f 4842//4686 4890//4686 4891//4686 4843//4686
vn -0.6343 -0.0136 -0.7730
usemtl leaf_4
f 4843//4687 4891//4687 4892//4687 4844//4687
vn -0.6760 0.0417 -0.7358
usemtl leaf_3
f 4844//4688 4892//4688 4893//4688 4845//4688
vn -0.7425 0.0902 -0.6637
f 4845//4689 4893//4689 4894//4689 4846//4689
vn -0.5410 0.0902 -0.8361
usemtl leaf_4
f 4846//4690 4894//4690 4895//4690 4847//4690
vn -0.6108 -0.0161 -0.7916
usemtl leaf_3
f 4847//4691 4895//4691 4896//4691 4848//4691
vn -0.5481 -0.1389 -0.8248
f 4848//4692 4896//4692 4897//4692 4849//4692
vn -0.5834 -0.1515 -0.7980
f 4849//4693 4897//4693 4898//4693 4850//4693
vn -0.1565 -0.0111 -0.9876
usemtl leaf_4
f 4850//4694 4898//4694 4899//4694 4851//4694
vn 0.2093 0.0401 -0.9770
f 4851//4695 4899//4695 4900//4695 4852//4695
vn 0.6043 0.0605 -0.7945
f 4852//4696 4900//4696 4901//4696 4853//4696
vn 0.7076 0.1103 -0.6980
f 4853//4697 4901//4697 4902//4697 4854//4697
vn 0.8199 -0.0102 -0.5724
usemtl leaf_3
f 4854//4698 4902//4698 4903//4698 4855//4698
vn 0.7680 -0.1410 -0.6248
usemtl leaf_4
f 4855//4699 4903//4699 4904//4699 4856//4699
vn 0.7273 -0.1213 -0.6756
usemtl leaf_3
f 4856//4700 4904//4700 4905//4700 4857//4700
vn 0.7573 -0.0343 -0.6521
usemtl leaf_4
f 4857//4701 4905//4701 4906//4701 4858//4701
vn 0.7767 0.0040 -0.6299
usemtl leaf_2
f 4858//4702 4906//4702 4907//4702 4859//4702
vn 0.7294 -0.0905 -0.6781
usemtl leaf_4
f 4859//4703 4907//4703 4908//4703 4860//4703
vn 0.7886 -0.1121 -0.6047
f 4860//4704 4908//4704 4909//4704 4861//4704
vn 0.8503 -0.0969 -0.5173
usemtl leaf_3
f 4861//4705 4909//4705 4910//4705 4862//4705
vn 0.9899 -0.0779 -0.1185
usemtl leaf_4
f 4862//4706 4910//4706 4911//4706 4863//4706
vn 0.9848 0.0300 0.1709
f 4863//4707 4911//4707 4912//4707 4864//4707
vn 0.8034 0.0421 0.5939
usemtl leaf_5
f 4864//4708 4912//4708 4913//4708 4865//4708
vn 0.6218 -0.0224 0.7829
usemtl leaf_4
f 4865//4709 4913//4709 4914//4709 4866//4709
vn 0.6419 0.0042 0.7668
usemtl leaf_3
f 4866//4710 4914//4710 4915//4710 4867//4710
vn 0.6189 -0.0032 0.7854
usemtl leaf_4
f 4867//4711 4915//4711 4916//4711 4868//4711
vn 0.6754 -0.1205 0.7276
usemtl leaf_3
f 4868//4712 4916//4712 4869//4712 4821//4712
vn 0.6694 -0.0001 0.7429
usemtl leaf_5
f 4869//4713 4917//4713 4918//4713 4870//4713
vn 0.5924 0.0389 0.8047
usemtl leaf_3
f 4870//4714 4918//4714 4919//4714 4871//4714
vn 0.5886 0.0210 0.8081
usemtl leaf_4
f 4871//4715 4919//4715 4920//4715 4872//4715
vn 0.5369 0.0492 0.8422
usemtl leaf_2
f 4872//4716 4920//4716 4921//4716 4873//4716
vn 0.4824 0.0528 0.8744
f 4873//4717 4921//4717 4922//4717 4874//4717
vn 0.3083 -0.0874 0.9473
usemtl leaf_3
f 4874//4718 4922//4718 4923//4718 4875//4718
vn -0.3445 -0.1125 0.9320
f 4875//4719 4923//4719 4924//4719 4876//4719
vn -0.5060 -0.0324 0.8619
f 4876//4720 4924//4720 4925//4720 4877//4720
vn -0.7751 0.0424 0.6304
f 4877//4721 4925//4721 4926//4721 4878//4721
vn -0.7278 0.1097 0.6770
usemtl leaf_4
f 4878//4722 4926//4722 4927//4722 4879//4722
vn -0.7843 0.0421 0.6190
f 4879//4723 4927//4723 4928//4723 4880//4723
vn -0.7205 -0.0888 0.6878
f 4880//4724 4928//4724 4929//4724 4881//4724
vn -0.7966 -0.0854 0.5984
usemtl leaf_3
f 4881//4725 4929//4725 4930//4725 4882//4725
vn -0.7386 -0.0447 0.6726
usemtl leaf_4
f 4882//4726 4930//4726 4931//4726 4883//4726
vn -0.7330 -0.0035 0.6802
usemtl leaf_3
f 4883//4727 4931//4727 4932//4727 4884//4727
vn -0.8670 -0.0075 0.4982
f 4884//4728 4932//4728 4933//4728 4885//4728
vn -0.8729 -0.0466 0.4856
usemtl leaf_2
f 4885//4729 4933//4729 4934//4729 4886//4729
vn -0.9596 -0.0297 0.2799
usemtl leaf_3
f 4886//4730 4934//4730 4935//4730 4887//4730
vn -0.9280 0.0399 -0.3704
f 4887//4731 4935//4731 4936//4731 4888//4731
vn -0.8132 0.0719 -0.5775
f 4888//4732 4936//4732 4937//4732 4889//4732
vn -0.6640 -0.0486 -0.7461
usemtl leaf_2
f 4889//4733 4937//4733 4938//4733 4890//4733
vn -0.6584 -0.0129 -0.7525
usemtl leaf_4
f 4890//4734 4938//4734 4939//4734 4891//4734
vn -0.6597 0.0129 -0.7514
usemtl leaf_3
f 4891//4735 4939//4735 4940//4735 4892//4735
vn -0.6512 -0.0476 -0.7574
usemtl leaf_4
f 4892//4736 4940//4736 4941//4736 4893//4736
vn -0.6479 0.0743 -0.7581
usemtl leaf_2
f 4893//4737 4941//4737 4942//4737 4894//4737
vn -0.6769 0.0427 -0.7349
usemtl leaf_4
f 4894//4738 4942//4738 4943//4738 4895//4738
vn -0.6310 -0.0453 -0.7745
f 4895//4739 4943//4739 4944//4739 4896//4739
vn -0.6323 -0.0668 -0.7718
f 4896//4740 4944//4740 4945//4740 4897//4740
vn -0.5353 -0.1042 -0.8382
usemtl leaf_3
f 4897//4741 4945//4741 4946//4741 4898//4741
vn -0.0345 -0.0885 -0.9955
usemtl leaf_2
f 4898//4742 4946//4742 4947//4742 4899//4742
vn 0.2451 0.0228 -0.9692
usemtl leaf_3
f 4899//4743 4947//4743 4948//4743 4900//4743
vn 0.6750 0.1410 -0.7242
usemtl leaf_2
f 4900//4744 4948//4744 4949//4744 4901//4744
vn 0.6922 0.1988 -0.6938
usemtl leaf_3
f 4901//4745 4949//4745 4950//4745 4902//4745
vn 0.7110 0.1785 -0.6801
f 4902//4746 4950//4746 4951//4746 4903//4746
vn 0.7284 0.1023 -0.6775
f 4903//4747 4951//4747 4952//4747 4904//4747
vn 0.7516 0.0581 -0.6570
usemtl leaf_4
f 4904//4748 4952//4748 4953//4748 4905//4748
vn 0.7841 0.0462 -0.6189
usemtl leaf_3
f 4905//4749 4953//4749 4954//4749 4906//4749
vn 0.7175 -0.0418 -0.6953
usemtl leaf_4
f 4906//4750 4954//4750 4955//4750 4907//4750
vn 0.7294 -0.0417 -0.6828
f 4907//4751 4955//4751 4956//4751 4908//4751
vn 0.8189 0.0022 -0.5740
usemtl leaf_3
f 4908//4752 4956//4752 4957//4752 4909//4752
vn 0.8307 -0.0393 -0.5554
f 4909//4753 4957//4753 4958//4753 4910//4753
vn 0.9962 -0.0699 -0.0513
usemtl leaf_4
f 4910//4754 4958//4754 4959//4754 4911//4754
vn 0.9596 0.0029 0.2814
usemtl leaf_3
f 4911//4755 4959//4755 4960//4755 4912//4755
vn 0.7709 0.1423 0.6208
usemtl leaf_2
f 4912//4756 4960//4756 4961//4756 4913//4756
vn 0.7342 0.1006 0.6715
usemtl leaf_3
f 4913//4757 4961//4757 4962//4757 4914//4757
vn 0.5931 -0.0337 0.8044
f 4914//4758 4962//4758 4963//4758 4915//4758
vn 0.7043 -0.0860 0.7047
usemtl leaf_4
f 4915//4759 4963//4759 4964//4759 4916//4759
vn 0.6627 -0.0708 0.7456
usemtl leaf_3
f 4916//4760 4964//4760 4917//4760 4869//4760
vn 0.6149 0.1212 0.7792
usemtl leaf_2
f 4917//4761 4965//4761 4966//4761 4918//4761
vn 0.6109 0.1179 0.7829
usemtl leaf_4
f 4918//4762 4966//4762 4967//4762 4919//4762
vn 0.6048 0.0795 0.7924
usemtl leaf_3
f 4919//4763 4967//4763 4968//4763 4920//4763
vn 0.6016 -0.0590 0.7966
usemtl leaf_2
f 4920//4764 4968//4764 4969//4764 4921//4764
vn 0.4740 -0.1341 0.8702
usemtl leaf_1
f 4921//4765 4969//4765 4970//4765 4922//4765
vn 0.3759 -0.0621 0.9246
usemtl leaf_3
f 4922//4766 4970//4766 4971//4766 4923//4766
vn -0.3712 -0.0973 0.9234
f 4923//4767 4971//4767 4972//4767 4924//4767
vn -0.6208 0.0171 0.7838
usemtl leaf_4
f 4924//4768 4972//4768 4973//4768 4925//4768
vn -0.7407 0.0239 0.6714
usemtl leaf_3
f 4925//4769 4973//4769 4974//4769 4926//4769
vn -0.7255 -0.1247 0.6768
f 4926//4770 4974//4770 4975//4770 4927//4770
vn -0.7575 -0.1069 0.6440
usemtl leaf_4
f 4927//4771 4975//4771 4976//4771 4928//4771
vn -0.7424 0.0118 0.6698
usemtl leaf_3
f 4928//4772 4976//4772 4977//4772 4929//4772
vn -0.8130 0.0651 0.5786
usemtl leaf_2
f 4929//4773 4977//4773 4978//4773 4930//4773
vn -0.7578 0.0824 0.6472
usemtl leaf_3
f 4930//4774 4978//4774 4979//4774 4931//4774
vn -0.7233 0.0523 0.6885
usemtl leaf_4
f 4931//4775 4979//4775 4980//4775 4932//4775
vn -0.8298 -0.0348 0.5570
usemtl leaf_3
f 4932//4776 4980//4776 4981//4776 4933//4776
vn -0.8707 -0.0723 0.4865
usemtl leaf_2
f 4933//4777 4981//4777 4982//4777 4934//4777
vn -0.9720 -0.0442 0.2308
usemtl leaf_4
f 4934//4778 4982//4778 4983//4778 4935//4778
vn -0.9262 -0.0622 -0.3719
f 4935//4779 4983//4779 4984//4779 4936//4779
vn -0.7722 -0.0197 -0.6350
usemtl leaf_3
f 4936//4780 4984//4780 4985//4780 4937//4780
vn -0.7106 0.1058 -0.6955
usemtl leaf_2
f 4937//4781 4985//4781 4986//4781 4938//4781
vn -0.6259 0.0444 -0.7786
usemtl leaf_3
f 4938//4782 4986//4782 4987//4782 4939//4782
vn -0.7362 -0.0448 -0.6752
f 4939//4783 4987//4783 4988//4783 4940//4783
vn -0.5978 -0.0253 -0.8012
f 4940//4784 4988//4784 4989//4784 4941//4784
vn -0.5716 0.0271 -0.8201
usemtl leaf_2
f 4941//4785 4989//4785 4990//4785 4942//4785
vn -0.7183 0.0904 -0.6899
f 4942//4786 4990//4786 4991//4786 4943//4786
vn -0.7107 -0.0100 -0.7034
usemtl leaf_4
f 4943//4787 4991//4787 4992//4787 4944//4787
vn -0.6594 -0.1545 -0.7357
usemtl leaf_3
f 4944//4788 4992//4788 4993//4788 4945//4788
vn -0.4690 -0.0956 -0.8780
f 4945//4789 4993//4789 4994//4789 4946//4789
vn -0.0126 -0.0180 -0.9998
usemtl leaf_4
f 4946//4790 4994//4790 4995//4790 4947//4790
vn 0.3396 -0.0025 -0.9406
usemtl leaf_2
f 4947//4791 4995//4791 4996//4791 4948//4791
vn 0.7222 0.0166 -0.6915
usemtl leaf_3
f 4948//4792 4996//4792 4997//4792 4949//4792
vn 0.6871 -0.0315 -0.7259
usemtl leaf_2
f 4949//4793 4997//4793 4998//4793 4950//4793
vn 0.7207 -0.0616 -0.6905
f 4950//4794 4998//4794 4999//4794 4951//4794
vn 0.6599 -0.0928 -0.7456
usemtl leaf_4
f 4951//4795 4999//4795 5000//4795 4952//4795
vn 0.7718 -0.1133 -0.6257
usemtl leaf_2
f 4952//4796 5000//4796 5001//4796 4953//4796
vn 0.7479 -0.1151 -0.6537
f 4953//4797 5001//4797 5002//4797 4954//4797
vn 0.7585 -0.0108 -0.6515
f 4954//4798 5002//4798 5003//4798 4955//4798
vn 0.7384 0.0627 -0.6715
usemtl leaf_3
f 4955//4799 5003//4799 5004//4799 4956//4799
vn 0.7794 -0.0425 -0.6251
usemtl leaf_2
f 4956//4800 5004//4800 5005//4800 4957//4800
vn 0.8702 0.0116 -0.4926
usemtl leaf_4
f 4957//4801 5005//4801 5006//4801 4958//4801
vn 0.9909 0.0470 -0.1261
f 4958//4802 5006//4802 5007//4802 4959//4802
vn 0.9202 0.0198 0.3909
usemtl leaf_3
f 4959//4803 5007//4803 5008//4803 4960//4803
vn 0.7579 0.0128 0.6522
f 4960//4804 5008//4804 5009//4804 4961//4804
vn 0.7673 0.0340 0.6404
f 4961//4805 5009//4805 5010//4805 4962//4805
vn 0.6872 -0.0168 0.7262
usemtl leaf_2
f 4962//4806 5010//4806 5011//4806 4963//4806
vn 0.6484 -0.0217 0.7610
usemtl leaf_3
f 4963//4807 5011//4807 5012//4807 4964//4807
vn 0.6354 0.0868 0.7673
f 4964//4808 5012//4808 4965//4808 4917//4808
vn 0.6405 -0.0163 0.7678
f 4965//4809 5013//4809 5014//4809 4966//4809
vn 0.6072 -0.0310 0.7940
f 4966//4810 5014//4810 5015//4810 4967//4810
vn 0.5813 0.0531 0.8119
usemtl leaf_1
f 4967//4811 5015//4811 5016//4811 4968//4811
vn 0.6969 0.0637 0.7143
usemtl leaf_3
f 4968//4812 5016//4812 5017//4812 4969//4812
vn 0.5203 -0.0717 0.8510
usemtl leaf_2
f 4969//4813 5017//4813 5018//4813 4970//4813
vn 0.2554 -0.0749 0.9639
usemtl leaf_3
f 4970//4814 5018//4814 5019//4814 4971//4814
vn -0.3214 0.0416 0.9460
usemtl leaf_2
f 4971//4815 5019//4815 5020//4815 4972//4815
vn -0.6988 -0.0009 0.7154
usemtl leaf_3
f 4972//4816 5020//4816 5021//4816 4973//4816
vn -0.6692 0.0008 0.7431
usemtl leaf_4
f 4973//4817 5021//4817 5022//4817 4974//4817
vn -0.7614 0.0856 0.6426
f 4974//4818 5022//4818 5023//4818 4975//4818
vn -0.7031 0.0359 0.7102
usemtl leaf_2
f 4975//4819 5023//4819 5024//4819 4976//4819
vn -0.7968 -0.0795 0.5991
usemtl leaf_4
f 4976//4820 5024//4820 5025//4820 4977//4820
vn -0.8209 -0.0270 0.5704
usemtl leaf_3
f 4977//4821 5025//4821 5026//4821 4978//4821
vn -0.7465 -0.0541 0.6632
f 4978//4822 5026//4822 5027//4822 4979//4822
vn -0.7727 0.0397 0.6336
f 4979//4823 5027//4823 5028//4823 4980//4823
vn -0.7674 0.0950 0.6341
usemtl leaf_2
f 4980//4824 5028//4824 5029//4824 4981//4824
vn -0.8805 0.0429 0.4722
f 4981//4825 5029//4825 5030//4825 4982//4825
vn -0.9730 0.0357 0.2281
usemtl leaf_3
f 4982//4826 5030//4826 5031//4826 4983//4826
vn -0.9377 0.0272 -0.3465
usemtl leaf_2
f 4983//4827 5031//4827 5032//4827 4984//4827
vn -0.7329 0.0284 -0.6797
f 4984//4828 5032//4828 5033//4828 4985//4828
vn -0.7473 -0.0854 -0.6589
usemtl leaf_3
f 4985//4829 5033//4829 5034//4829 4986//4829
vn -0.6663 -0.1474 -0.7310
usemtl leaf_2
f 4986//4830 5034//4830 5035//4830 4987//4830
vn -0.6773 -0.0452 -0.7343
usemtl leaf_3
f 4987//4831 5035//4831 5036//4831 4988//4831
vn -0.5193 0.1188 -0.8463
f 4988//4832 5036//4832 5037//4832 4989//4832
vn -0.5906 0.1345 -0.7957
f 4989//4833 5037//4833 5038//4833 4990//4833
vn -0.7500 -0.0125 -0.6614
usemtl leaf_1
f 4990//4834 5038//4834 5039//4834 4991//4834
vn -0.7706 -0.0681 -0.6337
usemtl leaf_2
f 4991//4835 5039//4835 5040//4835 4992//4835
vn -0.6487 -0.0102 -0.7610
usemtl leaf_4
f 4992//4836 5040//4836 5041//4836 4993//4836
vn -0.4780 -0.0665 -0.8759
f 4993//4837 5041//4837 5042//4837 4994//4837
vn 0.0514 -0.1026 -0.9934
usemtl leaf_3
f 4994//4838 5042//4838 5043//4838 4995//4838
vn 0.4079 0.0296 -0.9126
usemtl leaf_2
f 4995//4839 5043//4839 5044//4839 4996//4839
vn 0.7267 0.0865 -0.6815
f 4996//4840 5044//4840 5045//4840 4997//4840
vn 0.6385 0.0866 -0.7647
f 4997//4841 5045//4841 5046//4841 4998//4841
vn 0.7060 0.0211 -0.7079
f 4998//4842 5046//4842 5047//4842 4999//4842
vn 0.6722 0.0403 -0.7393
usemtl leaf_3
f 4999//4843 5047//4843 5048//4843 5000//4843
vn 0.7502 0.0333 -0.6603
usemtl leaf_2
f 5000//4844 5048//4844 5049//4844 5001//4844
vn 0.7487 -0.0146 -0.6627
f 5001//4845 5049//4845 5050//4845 5002//4845
vn 0.8292 -0.0010 -0.5589
f 5002//4846 5050//4846 5051//4846 5003//4846
vn 0.7100 -0.0050 -0.7042
usemtl leaf_3
f 5003//4847 5051//4847 5052//4847 5004//4847
vn 0.7832 0.0614 -0.6187
f 5004//4848 5052//4848 5053//4848 5005//4848
vn 0.8666 0.0087 -0.4989
usemtl leaf_4
f 5005//4849 5053//4849 5054//4849 5006//4849
vn 0.9888 -0.0493 -0.1409
usemtl leaf_2
f 5006//4850 5054//4850 5055//4850 5007//4850
vn 0.9069 -0.0014 0.4214
f 5007//4851 5055//4851 5056//4851 5008//4851
vn 0.7606 0.0318 0.6485
f 5008//4852 5056//4852 5057//4852 5009//4852
vn 0.7424 0.0456 0.6684
usemtl leaf_3
f 5009//4853 5057//4853 5058//4853 5010//4853
vn 0.7467 0.0456 0.6636
usemtl leaf_2
f 5010//4854 5058//4854 5059//4854 5011//4854
vn 0.6232 -0.0087 0.7820
usemtl leaf_4
f 5011//4855 5059//4855 5060//4855 5012//4855
vn 0.5896 -0.0173 0.8075
usemtl leaf_2
f 5012//4856 5060//4856 5013//4856 4965//4856
vn 0.6195 -0.0035 0.7850
usemtl leaf_3
f 5013//4857 5061//4857 5062//4857 5014//4857
vn 0.5523 0.1087 0.8265
f 5014//4858 5062//4858 5063//4858 5015//4858
vn 0.6354 0.0168 0.7720
usemtl leaf_0
f 5015//4859 5063//4859 5064//4859 5016//4859
vn 0.6853 -0.0533 0.7263
usemtl leaf_2
f 5016//4860 5064//4860 5065//4860 5017//4860
vn 0.6111 -0.0390 0.7906
usemtl leaf_3
f 5017//4861 5065//4861 5066//4861 5018//4861
vn 0.0820 -0.0039 0.9966
f 5018//4862 5066//4862 5067//4862 5019//4862
vn -0.3144 0.0588 0.9475
f 5019//4863 5067//4863 5068//4863 5020//4863
vn -0.6896 0.0628 0.7215
f 5020//4864 5068//4864 5069//4864 5021//4864
vn -0.6901 0.0732 0.7200
usemtl leaf_2
f 5021//4865 5069//4865 5070//4865 5022//4865
vn -0.7899 0.0639 0.6099
usemtl leaf_1
f 5022//4866 5070//4866 5071//4866 5023//4866
vn -0.6387 0.0819 0.7650
usemtl leaf_3
f 5023//4867 5071//4867 5072//4867 5024//4867
vn -0.7749 0.0674 0.6285
usemtl leaf_2
f 5024//4868 5072//4868 5073//4868 5025//4868
vn -0.8184 -0.0296 0.5739
usemtl leaf_1
f 5025//4869 5073//4869 5074//4869 5026//4869
vn -0.7662 0.0261 0.6421
f 5026//4870 5074//4870 5075//4870 5027//4870
vn -0.7906 -0.0053 0.6123
usemtl leaf_2
f 5027//4871 5075//4871 5076//4871 5028//4871
vn -0.7526 -0.0705 0.6547
usemtl leaf_1
f 5028//4872 5076//4872 5077//4872 5029//4872
vn -0.8792 -0.0670 0.4717
usemtl leaf_3
f 5029//4873 5077//4873 5078//4873 5030//4873
vn -0.9786 -0.0424 0.2014
usemtl leaf_2
f 5030//4874 5078//4874 5079//4874 5031//4874
vn -0.9354 0.0003 -0.3537
f 5031//4875 5079//4875 5080//4875 5032//4875
vn -0.7824 -0.0781 -0.6179
f 5032//4876 5080//4876 5081//4876 5033//4876
vn -0.7076 0.0107 -0.7065
usemtl leaf_1
f 5033//4877 5081//4877 5082//4877 5034//4877
vn -0.6408 0.1623 -0.7504
f 5034//4878 5082//4878 5083//4878 5035//4878
vn -0.6452 0.1169 -0.7550
usemtl leaf_2
f 5035//4879 5083//4879 5084//4879 5036//4879
vn -0.5434 -0.0331 -0.8388
usemtl leaf_3
f 5036//4880 5084//4880 5085//4880 5037//4880
vn -0.6021 -0.0784 -0.7946
usemtl leaf_1
f 5037//4881 5085//4881 5086//4881 5038//4881
vn -0.7940 -0.0281 -0.6072
f 5038//4882 5086//4882 5087//4882 5039//4882
vn -0.7208 0.0488 -0.6914
usemtl leaf_3
f 5039//4883 5087//4883 5088//4883 5040//4883
vn -0.6591 0.0730 -0.7485
usemtl leaf_4
f 5040//4884 5088//4884 5089//4884 5041//4884
vn -0.5040 0.0933 -0.8586
usemtl leaf_3
f 5041//4885 5089//4885 5090//4885 5042//4885
vn -0.0359 0.0137 -0.9993
f 5042//4886 5090//4886 5091//4886 5043//4886
vn 0.4658 -0.1115 -0.8778
f 5043//4887 5091//4887 5092//4887 5044//4887
vn 0.7197 -0.0867 -0.6889
usemtl leaf_2
f 5044//4888 5092//4888 5093//4888 5045//4888
vn 0.6653 -0.0458 -0.7452
usemtl leaf_0
f 5045//4889 5093//4889 5094//4889 5046//4889
vn 0.6749 0.0132 -0.7378
usemtl leaf_2
f 5046//4890 5094//4890 5095//4890 5047//4890
vn 0.7286 0.0296 -0.6843
usemtl leaf_1
f 5047//4891 5095//4891 5096//4891 5048//4891
vn 0.7073 0.0551 -0.7048
usemtl leaf_3
f 5048//4892 5096//4892 5097//4892 5049//4892
vn 0.7602 0.0594 -0.6469
usemtl leaf_4
f 5049//4893 5097//4893 5098//4893 5050//4893
vn 0.7552 -0.0596 -0.6528
f 5050//4894 5098//4894 5099//4894 5051//4894
vn 0.7368 -0.1257 -0.6643
usemtl leaf_3
f 5051//4895 5099//4895 5100//4895 5052//4895
vn 0.8295 -0.0692 -0.5541
f 5052//4896 5100//4896 5101//4896 5053//4896
vn 0.8496 0.0292 -0.5267
usemtl leaf_2
f 5053//4897 5101//4897 5102//4897 5054//4897
vn 0.9860 0.0287 -0.1644
f 5054//4898 5102//4898 5103//4898 5055//4898
vn 0.8970 -0.0146 0.4418
usemtl leaf_1
f 5055//4899 5103//4899 5104//4899 5056//4899
vn 0.7753 -0.0439 0.6301
usemtl leaf_2
f 5056//4900 5104//4900 5105//4900 5057//4900
vn 0.7255 -0.0478 0.6866
f 5057//4901 5105//4901 5106//4901 5058//4901
vn 0.7025 0.0498 0.7099
f 5058//4902 5106//4902 5107//4902 5059//4902
vn 0.6747 0.0928 0.7323
f 5059//4903 5107//4903 5108//4903 5060//4903
vn 0.6094 -0.0044 0.7929
usemtl leaf_3
f 5060//4904 5108//4904 5061//4904 5013//4904
vn 0.5806 0.0833 0.8099
f 5061//4905 5109//4905 5110//4905 5062//4905
vn 0.5926 -0.0263 0.8051
usemtl leaf_1
f 5062//4906 5110//4906 5111//4906 5063//4906
vn 0.7098 -0.1105 0.6956
f 5063//4907 5111//4907 5112//4907 5064//4907
vn 0.6090 -0.0632 0.7907
f 5064//4908 5112//4908 5113//4908 5065//4908
vn 0.6007 0.0580 0.7973
f 5065//4909 5113//4909 5114//4909 5066//4909
vn 0.0470 0.0974 0.9941
usemtl leaf_2
f 5066//4910 5114//4910 5115//4910 5067//4910
vn -0.3335 0.0891 0.9385
usemtl leaf_3
f 5067//4911 5115//4911 5116//4911 5068//4911
vn -0.6628 0.0448 0.7475
usemtl leaf_1
f 5068//4912 5116//4912 5117//4912 5069//4912
vn -0.6902 -0.0010 0.7236
f 5069//4913 5117//4913 5118//4913 5070//4913
vn -0.7863 0.0050 0.6178
usemtl leaf_2
f 5070//4914 5118//4914 5119//4914 5071//4914
vn -0.6829 0.0434 0.7292
f 5071//4915 5119//4915 5120//4915 5072//4915
vn -0.7454 0.0680 0.6631
usemtl leaf_1
f 5072//4916 5120//4916 5121//4916 5073//4916
vn -0.7939 0.0788 0.6030
usemtl leaf_2
f 5073//4917 5121//4917 5122//4917 5074//4917
vn -0.7970 0.0373 0.6028
usemtl leaf_1
f 5074//4918 5122//4918 5123//4918 5075//4918
vn -0.7417 0.0399 0.6695
usemtl leaf_2
f 5075//4919 5123//4919 5124//4919 5076//4919
vn -0.7462 0.0315 0.6650
f 5076//4920 5124//4920 5125//4920 5077//4920
vn -0.8646 -0.0073 0.5025
usemtl leaf_3
f 5077//4921 5125//4921 5126//4921 5078//4921
vn -0.9819 -0.0504 0.1825
usemtl leaf_1
f 5078//4922 5126//4922 5127//4922 5079//4922
vn -0.9360 -0.0769 -0.3435
usemtl leaf_3
f 5079//4923 5127//4923 5128//4923 5080//4923
vn -0.7991 -0.0306 -0.6004
usemtl leaf_2
f 5080//4924 5128//4924 5129//4924 5081//4924
vn -0.6452 -0.0429 -0.7628
usemtl leaf_1
f 5081//4925 5129//4925 5130//4925 5082//4925
vn -0.5921 0.0016 -0.8059
f 5082//4926 5130//4926 5131//4926 5083//4926
vn -0.7175 0.0514 -0.6947
f 5083//4927 5131//4927 5132//4927 5084//4927
vn -0.5805 0.0536 -0.8125
usemtl leaf_2
f 5084//4928 5132//4928 5133//4928 5085//4928
vn -0.6622 -0.0271 -0.7489
f 5085//4929 5133//4929 5134//4929 5086//4929
vn -0.7542 -0.0808 -0.6516
usemtl leaf_3
f 5086//4930 5134//4930 5135//4930 5087//4930
vn -0.6456 0.0049 -0.7636
usemtl leaf_1
f 5087//4931 5135//4931 5136//4931 5088//4931
vn -0.6833 0.0491 -0.7285
usemtl leaf_2
f 5088//4932 5136//4932 5137//4932 5089//4932
vn -0.4847 0.0211 -0.8744
f 5089//4933 5137//4933 5138//4933 5090//4933
vn -0.1126 0.0548 -0.9921
usemtl leaf_3
f 5090//4934 5138//4934 5139//4934 5091//4934
vn 0.4609 0.0814 -0.8837
f 5091//4935 5139//4935 5140//4935 5092//4935
vn 0.6658 -0.0518 -0.7443
usemtl leaf_1
f 5092//4936 5140//4936 5141//4936 5093//4936
vn 0.7583 -0.0468 -0.6503
usemtl leaf_0
f 5093//4937 5141//4937 5142//4937 5094//4937
vn 0.6835 0.0547 -0.7279
usemtl leaf_1
f 5094//4938 5142//4938 5143//4938 5095//4938
vn 0.7166 0.0319 -0.6967
f 5095//4939 5143//4939 5144//4939 5096//4939
vn 0.6949 -0.0274 -0.7186
usemtl leaf_3
f 5096//4940 5144//4940 5145//4940 5097//4940
vn 0.7652 -0.0442 -0.6422
f 5097//4941 5145//4941 5146//4941 5098//4941
vn 0.7285 0.0371 -0.6840
usemtl leaf_2
f 5098//4942 5146//4942 5147//4942 5099//4942
vn 0.7223 0.0557 -0.6893
usemtl leaf_3
f 5099//4943 5147//4943 5148//4943 5100//4943
vn 0.8536 0.0356 -0.5198
usemtl leaf_2
f 5100//4944 5148//4944 5149//4944 5101//4944
vn 0.8781 0.0593 -0.4748
usemtl leaf_1
f 5101//4945 5149//4945 5150//4945 5102//4945
vn 0.9722 0.0901 -0.2160
usemtl leaf_3
f 5102//4946 5150//4946 5151//4946 5103//4946
vn 0.9086 0.0459 0.4152
usemtl leaf_1
f 5103//4947 5151//4947 5152//4947 5104//4947
vn 0.8231 -0.0433 0.5662
usemtl leaf_2
f 5104//4948 5152//4948 5153//4948 5105//4948
vn 0.6461 -0.0056 0.7632
f 5105//4949 5153//4949 5154//4949 5106//4949
vn 0.7139 0.0081 0.7002
f 5106//4950 5154//4950 5155//4950 5107//4950
vn 0.6142 0.0381 0.7882
f 5107//4951 5155//4951 5156//4951 5108//4951
vn 0.6716 0.1306 0.7294
f 5108//4952 5156//4952 5109//4952 5061//4952
vn 0.6546 0.0205 0.7557
f 5109//4953 5157//4953 5158//4953 5110//4953
vn 0.6696 -0.0566 0.7405
usemtl leaf_1
f 5110//4954 5158//4954 5159//4954 5111//4954
vn 0.7114 -0.0512 0.7009
usemtl leaf_2
f 5111//4955 5159//4955 5160//4955 5112//4955
vn 0.5681 -0.0412 0.8220
usemtl leaf_1
f 5112//4956 5160//4956 5161//4956 5113//4956
vn 0.4814 0.0388 0.8756
usemtl leaf_0
f 5113//4957 5161//4957 5162//4957 5114//4957
vn 0.1638 0.0665 0.9842
f 5114//4958 5162//4958 5163//4958 5115//4958
vn -0.3459 -0.0148 0.9382
f 5115//4959 5163//4959 5164//4959 5116//4959
vn -0.5848 -0.0483 0.8098
f 5116//4960 5164//4960 5165//4960 5117//4960
vn -0.7165 -0.0451 0.6962
f 5117//4961 5165//4961 5166//4961 5118//4961
vn -0.7973 0.0092 0.6035
usemtl leaf_1
f 5118//4962 5166//4962 5167//4962 5119//4962
vn -0.6968 0.0102 0.7172
f 5119//4963 5167//4963 5168//4963 5120//4963
vn -0.7691 0.0369 0.6381
usemtl leaf_2
f 5120//4964 5168//4964 5169//4964 5121//4964
vn -0.7663 0.0147 0.6423
usemtl leaf_1
f 5121//4965 5169//4965 5170//4965 5122//4965
vn -0.7866 -0.0100 0.6173
f 5122//4966 5170//4966 5171//4966 5123//4966
vn -0.7667 -0.0001 0.6420
f 5123//4967 5171//4967 5172//4967 5124//4967
vn -0.7374 0.0214 0.6751
usemtl leaf_0
f 5124//4968 5172//4968 5173//4968 5125//4968
vn -0.8698 0.0762 0.4874
f 5125//4969 5173//4969 5174//4969 5126//4969
vn -0.9664 0.1341 0.2191
f 5126//4970 5174//4970 5175//4970 5127//4970
vn -0.9341 0.1187 -0.3366
usemtl leaf_1
f 5127//4971 5175//4971 5176//4971 5128//4971
vn -0.7765 0.0674 -0.6265
usemtl leaf_0
f 5128//4972 5176//4972 5177//4972 5129//4972
vn -0.6061 0.1131 -0.7873
f 5129//4973 5177//4973 5178//4973 5130//4973
vn -0.5816 0.0848 -0.8091
f 5130//4974 5178//4974 5179//4974 5131//4974
vn -0.6771 0.0867 -0.7308
usemtl leaf_2
f 5131//4975 5179//4975 5180//4975 5132//4975
vn -0.6363 0.0649 -0.7687
usemtl leaf_1
f 5132//4976 5180//4976 5181//4976 5133//4976
vn -0.7653 -0.0681 -0.6400
usemtl leaf_2
f 5133//4977 5181//4977 5182//4977 5134//4977
vn -0.7027 -0.0802 -0.7069
f 5134//4978 5182//4978 5183//4978 5135//4978
vn -0.5837 -0.0244 -0.8116
usemtl leaf_3
f 5135//4979 5183//4979 5184//4979 5136//4979
vn -0.6088 0.1150 -0.7849
usemtl leaf_0
f 5136//4980 5184//4980 5185//4980 5137//4980
vn -0.5225 0.2418 -0.8176
f 5137//4981 5185//4981 5186//4981 5138//4981
vn -0.1582 0.1677 -0.9731
usemtl leaf_1
f 5138//4982 5186//4982 5187//4982 5139//4982
vn 0.3715 0.0068 -0.9284
usemtl leaf_0
f 5139//4983 5187//4983 5188//4983 5140//4983
vn 0.6182 -0.0221 -0.7857
f 5140//4984 5188//4984 5189//4984 5141//4984
vn 0.7896 -0.0371 -0.6125
f 5141//4985 5189//4985 5190//4985 5142//4985
vn 0.7314 -0.0144 -0.6818
usemtl leaf_1
f 5142//4986 5190//4986 5191//4986 5143//4986
vn 0.7485 0.1221 -0.6518
usemtl leaf_0
f 5143//4987 5191//4987 5192//4987 5144//4987
vn 0.6509 0.1955 -0.7336
usemtl leaf_2
f 5144//4988 5192//4988 5193//4988 5145//4988
vn 0.7304 0.1393 -0.6686
f 5145//4989 5193//4989 5194//4989 5146//4989
vn 0.7152 0.0016 -0.6989
usemtl leaf_1
f 5146//4990 5194//4990 5195//4990 5147//4990
vn 0.7652 0.0197 -0.6435
usemtl leaf_3
f 5147//4991 5195//4991 5196//4991 5148//4991
vn 0.8212 0.0436 -0.5690
usemtl leaf_0
f 5148//4992 5196//4992 5197//4992 5149//4992
vn 0.8905 -0.0179 -0.4546
f 5149//4993 5197//4993 5198//4993 5150//4993
vn 0.9919 0.0824 -0.0967
f 5150//4994 5198//4994 5199//4994 5151//4994
vn 0.9384 0.1325 0.3192
f 5151//4995 5199//4995 5200//4995 5152//4995
vn 0.8047 0.1130 0.5829
f 5152//4996 5200//4996 5201//4996 5153//4996
vn 0.6340 0.0718 0.7700
f 5153//4997 5201//4997 5202//4997 5154//4997
vn 0.7159 0.0534 0.6961
usemtl leaf_2
f 5154//4998 5202//4998 5203//4998 5155//4998
vn 0.5528 0.0794 0.8295
f 5155//4999 5203//4999 5204//4999 5156//4999
vn 0.6777 0.0640 0.7326
usemtl leaf_0
f 5156//5000 5204//5000 5157//5000 5109//5000
vn 0.7028 0.0406 0.7102
f 5157//5001 5205//5001 5206//5001 5158//5001
vn 0.7155 0.0125 0.6985
f 5158//5002 5206//5002 5207//5002 5159//5002
vn 0.6674 0.0365 0.7438
f 5159//5003 5207//5003 5208//5003 5160//5003
vn 0.5452 0.1825 0.8182
f 5160//5004 5208//5004 5209//5004 5161//5004
vn 0.4180 0.2785 0.8647
f 5161//5005 5209//5005 5210//5005 5162//5005
vn 0.1662 0.4655 0.8693
f 5162//5006 5210//5006 5211//5006 5163//5006
vn -0.2622 0.4986 0.8262
f 5163//5007 5211//5007 5212//5007 5164//5007
vn -0.5418 0.2226 0.8105
f 5164//5008 5212//5008 5213//5008 5165//5008
vn -0.7618 0.1413 0.6322
f 5165//5009 5213//5009 5214//5009 5166//5009
vn -0.7970 0.1058 0.5946
f 5166//5010 5214//5010 5215//5010 5167//5010
vn -0.6944 0.0938 0.7135
f 5167//5011 5215//5011 5216//5011 5168//5011
vn -0.8058 0.1170 0.5805
f 5168//5012 5216//5012 5217//5012 5169//5012
vn -0.7190 0.1492 0.6788
f 5169//5013 5217//5013 5218//5013 5170//5013
vn -0.7370 0.0672 0.6726
f 5170//5014 5218//5014 5219//5014 5171//5014
vn -0.7826 0.0296 0.6218
f 5171//5015 5219//5015 5220//5015 5172//5015
vn -0.7752 0.1432 0.6152
f 5172//5016 5220//5016 5221//5016 5173//5016
vn -0.8369 0.2662 0.4782
f 5173//5017 5221//5017 5222//5017 5174//5017
vn -0.9170 0.3591 0.1738
f 5174//5018 5222//5018 5223//5018 5175//5018
vn -0.9007 0.3494 -0.2583
f 5175//5019 5223//5019 5224//5019 5176//5019
vn -0.7700 0.1860 -0.6103
f 5176//5020 5224//5020 5225//5020 5177//5020
vn -0.6146 0.0577 -0.7867
f 5177//5021 5225//5021 5226//5021 5178//5021
vn -0.6560 0.0166 -0.7546
f 5178//5022 5226//5022 5227//5022 5179//5022
vn -0.6349 0.0017 -0.7726
f 5179//5023 5227//5023 5228//5023 5180//5023
vn -0.7441 -0.0432 -0.6667
f 5180//5024 5228//5024 5229//5024 5181//5024
vn -0.7511 -0.0170 -0.6599
f 5181//5025 5229//5025 5230//5025 5182//5025
vn -0.6286 0.1283 -0.7671
f 5182//5026 5230//5026 5231//5026 5183//5026
vn -0.5726 0.2067 -0.7934
f 5183//5027 5231//5027 5232//5027 5184//5027
vn -0.5428 0.1692 -0.8226
f 5184//5028 5232//5028 5233//5028 5185//5028
vn -0.4442 0.2507 -0.8602
f 5185//5029 5233//5029 5234//5029 5186//5029
vn -0.2667 0.4430 -0.8559
f 5186//5030 5234//5030 5235//5030 5187//5030
vn 0.2979 0.4379 -0.8482
f 5187//5031 5235//5031 5236//5031 5188//5031
vn 0.5738 0.1560 -0.8040
f 5188//5032 5236//5032 5237//5032 5189//5032
vn 0.7900 0.0305 -0.6124
f 5189//5033 5237//5033 5238//5033 5190//5033
vn 0.7784 0.0453 -0.6261
f 5190//5034 5238//5034 5239//5034 5191//5034
vn 0.8108 0.0621 -0.5820
f 5191//5035 5239//5035 5240//5035 5192//5035
vn 0.6761 0.1054 -0.7292
f 5192//5036 5240//5036 5241//5036 5193//5036
vn 0.6577 0.0737 -0.7496
f 5193//5037 5241//5037 5242//5037 5194//5037
vn 0.6563 0.0353 -0.7537
f 5194//5038 5242//5038 5243//5038 5195//5038
vn 0.8482 0.0925 -0.5216
f 5195//5039 5243//5039 5244//5039 5196//5039
vn 0.7871 0.2567 -0.5609
f 5196//5040 5244//5040 5245//5040 5197//5040
vn 0.7712 0.4774 -0.4211
f 5197//5041 5245//5041 5246//5041 5198//5041
vn 0.8948 0.4312 -0.1157
f 5198//5042 5246//5042 5247//5042 5199//5042
vn 0.9093 0.2750 0.3124
f 5199//5043 5247//5043 5248//5043 5200//5043
vn 0.8382 0.1434 0.5262
f 5200//5044 5248//5044 5249//5044 5201//5044
vn 0.6374 0.0736 0.7670
f 5201//5045 5249//5045 5250//5045 5202//5045
vn 0.6992 0.1036 0.7074
f 5202//5046 5250//5046 5251//5046 5203//5046
vn 0.5616 0.0742 0.8241
f 5203//5047 5251//5047 5252//5047 5204//5047
vn 0.6891 0.0699 0.7213
f 5204//5048 5252//5048 5205//5048 5157//5048
vn 0.5755 0.6787 0.4562
f 5205//5049 5253//5049 5254//5049 5206//5049
vn 0.3448 0.9091 0.2339
f 5206//5050 5254//5050 5255//5050 5207//5050
vn 0.0082 0.9999 0.0058
f 5207//5051 5255//5051 5256//5051 5208//5051
vn 0.0000 1.0000 0.0000
f 5208//5052 5256//5052 5257//5052 5209//5052
vn 0.0000 1.0000 0.0000
f 5209//5053 5257//5053 5258//5053 5210//5053
vn 0.0000 1.0000 0.0000
f 5210//5054 5258//5054 5259//5054 5211//5054
vn 0.0000 1.0000 0.0000
f 5211//5055 5259//5055 5260//5055 5212//5055
vn 0.0000 1.0000 0.0000
f 5212//5056 5260//5056 5261//5056 5213//5056
vn 0.0000 1.0000 0.0000
f 5213//5057 5261//5057 5262//5057 5214//5057
vn -0.2993 0.9414 0.1558
f 5214//5058 5262//5058 5263//5058 5215//5058
vn -0.4286 0.8235 0.3718
f 5215//5059 5263//5059 5264//5059 5216//5059
vn -0.6108 0.6617 0.4347
f 5216//5060 5264//5060 5265//5060 5217//5060
vn -0.6168 0.5289 0.5829
f 5217//5061 5265//5061 5266//5061 5218//5061
vn -0.3359 0.8304 0.4445
f 5218//5062 5266//5062 5267//5062 5219//5062
vn -0.0515 0.9965 0.0656
f 5219//5063 5267//5063 5268//5063 5220//5063
vn 0.0000 1.0000 0.0000
f 5220//5064 5268//5064 5269//5064 5221//5064
vn 0.0000 1.0000 0.0000
f 5221//5065 5269//5065 5270//5065 5222//5065
vn 0.0000 1.0000 -0.0000
f 5222//5066 5270//5066 5271//5066 5223//5066
vn 0.0000 1.0000 0.0000
f 5223//5067 5271//5067 5272//5067 5224//5067
vn 0.0000 1.0000 0.0000
f 5224//5068 5272//5068 5273//5068 5225//5068
vn 0.0000 1.0000 0.0000
f 5225//5069 5273//5069 5274//5069 5226//5069
vn -0.1024 0.9768 -0.1883
f 5226//5070 5274//5070 5275//5070 5227//5070
vn -0.3499 0.7870 -0.5081
f 5227//5071 5275//5071 5276//5071 5228//5071
vn -0.5575 0.7277 -0.3995
f 5228//5072 5276//5072 5277//5072 5229//5072
vn -0.4017 0.8433 -0.3572
f 5229//5073 5277//5073 5278//5073 5230//5073
vn -0.1510 0.9648 -0.2152
f 5230//5074 5278//5074 5279//5074 5231//5074
vn -0.0812 0.9949 -0.0606
f 5231//5075 5279//5075 5280//5075 5232//5075
vn 0.0000 1.0000 0.0000
f 5232//5076 5280//5076 5281//5076 5233//5076
vn 0.0000 1.0000 0.0000
f 5233//5077 5281//5077 5282//5077 5234//5077
vn 0.0000 1.0000 0.0000
f 5234//5078 5282//5078 5283//5078 5235//5078
vn 0.0000 1.0000 0.0000
f 5235//5079 5283//5079 5284//5079 5236//5079
vn 0.0000 1.0000 -0.0000
f 5236//5080 5284//5080 5285//5080 5237//5080
vn 0.0000 1.0000 0.0000
f 5237//5081 5285//5081 5286//5081 5238//5081
vn 0.3193 0.9361 -0.1477
f 5238//5082 5286//5082 5287//5082 5239//5082
vn 0.6507 0.5742 -0.4970
f 5239//5083 5287//5083 5288//5083 5240//5083
vn 0.6922 0.3127 -0.6505
f 5240//5084 5288//5084 5289//5084 5241//5084
vn 0.4551 0.7010 -0.5490
f 5241//5085 5289//5085 5290//5085 5242//5085
vn 0.1004 0.9699 -0.2218
f 5242//5086 5290//5086 5291//5086 5243//5086
vn 0.0000 1.0000 0.0000
f 5243//5087 5291//5087 5292//5087 5244//5087
vn 0.0000 1.0000 0.0000
f 5244//5088 5292//5088 5293//5088 5245//5088
vn 0.0000 1.0000 -0.0000
f 5245//5089 5293//5089 5294//5089 5246//5089
vn 0.0000 1.0000 0.0000
f 5246//5090 5294//5090 5295//5090 5247//5090
vn 0.0000 1.0000 0.0000
f 5247//5091 5295//5091 5296//5091 5248//5091
vn 0.0000 1.0000 0.0000
f 5248//5092 5296//5092 5297//5092 5249//5092
vn 0.0000 1.0000 0.0000
f 5249//5093 5297//5093 5298//5093 5250//5093
vn 0.1045 0.9778 0.1819
f 5250//5094 5298//5094 5299//5094 5251//5094
vn 0.3622 0.7448 0.5604
f 5251//5095 5299//5095 5300//5095 5252//5095
vn 0.5211 0.5916 0.6151
f 5252//5096 5300//5096 5253//5096 5205//5096
vn 0.0000 1.0000 0.0000
f 5253//5097 5301//5097 5302//5097 5254//5097
vn 0.0000 1.0000 0.0000
f 5254//5098 5302//5098 5303//5098 5255//5098
vn 0.0000 1.0000 0.0000
f 5255//5099 5303//5099 5304//5099 5256//5099
vn 0.0000 1.0000 0.0000
f 5256//5100 5304//5100 5305//5100 5257//5100
vn 0.0000 1.0000 0.0000
f 5257//5101 5305//5101 5306//5101 5258//5101
vn 0.0000 1.0000 0.0000
f 5258//5102 5306//5102 5307//5102 5259//5102
vn 0.0000 1.0000 0.0000
f 5259//5103 5307//5103 5308//5103 5260//5103
vn 0.0000 1.0000 0.0000
f 5260//5104 5308//5104 5309//5104 5261//5104
vn 0.0000 1.0000 0.0000
f 5261//5105 5309//5105 5310//5105 5262//5105
vn 0.0000 1.0000 0.0000
f 5262//5106 5310//5106 5311//5106 5263//5106
vn 0.0000 1.0000 0.0000
f 5263//5107 5311//5107 5312//5107 5264//5107
vn 0.0000 1.0000 0.0000
f 5264//5108 5312//5108 5313//5108 5265//5108
vn 0.0000 1.0000 -0.0000
f 5265//5109 5313//5109 5314//5109 5266//5109
vn 0.0000 1.0000 0.0000
f 5266//5110 5314//5110 5315//5110 5267//5110
vn 0.0000 1.0000 0.0000
f 5267//5111 5315//5111 5316//5111 5268//5111
vn 0.0000 1.0000 0.0000
f 5268//5112 5316//5112 5317//5112 5269//5112
vn 0.0000 1.0000 -0.0000
f 5269//5113 5317//5113 5318//5113 5270//5113
vn 0.0000 1.0000 0.0000
f 5270//5114 5318//5114 5319//5114 5271//5114
vn 0.0000 1.0000 -0.0000
f 5271//5115 5319//5115 5320//5115 5272//5115
vn 0.0000 1.0000 0.0000
f 5272//5116 5320//5116 5321//5116 5273//5116
vn 0.0000 1.0000 0.0000
f 5273//5117 5321//5117 5322//5117 5274//5117
vn 0.0000 1.0000 0.0000
f 5274//5118 5322//5118 5323//5118 5275//5118
vn 0.0000 1.0000 0.0000
f 5275//5119 5323//5119 5324//5119 5276//5119
vn 0.0000 1.0000 0.0000
f 5276//5120 5324//5120 5325//5120 5277//5120
vn 0.0000 1.0000 0.0000
f 5277//5121 5325//5121 5326//5121 5278//5121
vn 0.0000 1.0000 0.0000
f 5278//5122 5326//5122 5327//5122 5279//5122
vn 0.0000 1.0000 0.0000
f 5279//5123 5327//5123 5328//5123 5280//5123
vn 0.0000 1.0000 0.0000
f 5280//5124 5328//5124 5329//5124 5281//5124
vn 0.0000 1.0000 0.0000
f 5281//5125 5329//5125 5330//5125 5282//5125
vn 0.0000 1.0000 0.0000
f 5282//5126 5330//5126 5331//5126 5283//5126
vn 0.0000 1.0000 -0.0000
f 5283//5127 5331//5127 5332//5127 5284//5127
vn 0.0000 1.0000 0.0000
f 5284//5128 5332//5128 5333//5128 5285//5128
vn 0.0000 1.0000 0.0000
f 5285//5129 5333//5129 5334//5129 5286//5129
vn 0.0000 1.0000 0.0000
f 5286//5130 5334//5130 5335//5130 5287//5130
vn 0.0000 1.0000 0.0000
f 5287//5131 5335//5131 5336//5131 5288//5131
vn 0.0000 1.0000 0.0000
f 5288//5132 5336//5132 5337//5132 5289//5132
vn 0.0000 1.0000 -0.0000
f 5289//5133 5337//5133 5338//5133 5290//5133
vn 0.0000 1.0000 0.0000
f 5290//5134 5338//5134 5339//5134 5291//5134
vn 0.0000 1.0000 -0.0000
f 5291//5135 5339//5135 5340//5135 5292//5135
vn 0.0000 1.0000 0.0000
f 5292//5136 5340//5136 5341//5136 5293//5136
vn 0.0000 1.0000 0.0000
f 5293//5137 5341//5137 5342//5137 5294//5137
vn 0.0000 1.0000 0.0000
f 5294//5138 5342//5138 5343//5138 5295//5138
vn 0.0000 1.0000 0.0000
f 5295//5139 5343//5139 5344//5139 5296//5139
vn 0.0000 1.0000 -0.0000
f 5296//5140 5344//5140 5345//5140 5297//5140
vn 0.0000 1.0000 0.0000
f 5297//5141 5345//5141 5346//5141 5298//5141
vn 0.0000 1.0000 0.0000
f 5298//5142 5346//5142 5347//5142 5299//5142
vn 0.0000 1.0000 0.0000
f 5299//5143 5347//5143 5348//5143 5300//5143
vn 0.0000 1.0000 -0.0000
f 5300//5144 5348//5144 5301//5144 5253//5144
vn 0.0000 1.0000 0.0000
f 5301//5145 5349//5145 5350//5145 5302//5145
vn 0.0000 1.0000 0.0000
f 5302//5146 5350//5146 5351//5146 5303//5146
vn 0.0000 1.0000 0.0000
f 5303//5147 5351//5147 5352//5147 5304//5147
vn 0.0000 1.0000 -0.0000
f 5304//5148 5352//5148 5353//5148 5305//5148
vn 0.0000 1.0000 0.0000
f 5305//5149 5353//5149 5354//5149 5306//5149
vn 0.0000 1.0000 0.0000
f 5306//5150 5354//5150 5355//5150 5307//5150
vn 0.0000 1.0000 0.0000
f 5307//5151 5355//5151 5356//5151 5308//5151
vn 0.0000 1.0000 -0.0000
f 5308//5152 5356//5152 5357//5152 5309//5152
vn 0.0000 1.0000 0.0000
f 5309//5153 5357//5153 5358//5153 5310//5153
vn 0.0000 1.0000 0.0000
f 5310//5154 5358//5154 5359//5154 5311//5154
vn 0.0000 1.0000 0.0000
f 5311//5155 5359//5155 5360//5155 5312//5155
vn 0.0000 1.0000 0.0000
f 5312//5156 5360//5156 5361//5156 5313//5156
vn 0.0000 1.0000 0.0000
f 5313//5157 5361//5157 5362//5157 5314//5157
vn 0.0000 1.0000 0.0000
f 5314//5158 5362//5158 5363//5158 5315//5158
vn 0.0000 1.0000 0.0000
f 5315//5159 5363//5159 5364//5159 5316//5159
vn 0.0000 1.0000 0.0000
f 5316//5160 5364//5160 5365//5160 5317//5160
vn 0.0000 1.0000 -0.0000
f 5317//5161 5365//5161 5366//5161 5318//5161
vn 0.0000 1.0000 0.0000
f 5318//5162 5366//5162 5367//5162 5319//5162
vn 0.0000 1.0000 -0.0000
f 5319//5163 5367//5163 5368//5163 5320//5163
vn 0.0000 1.0000 0.0000
f 5320//5164 5368//5164 5369//5164 5321//5164
vn 0.0000 1.0000 -0.0000
f 5321//5165 5369//5165 5370//5165 5322//5165
vn 0.0000 1.0000 0.0000
f 5322//5166 5370//5166 5371//5166 5323//5166
vn 0.0000 1.0000 -0.0000
f 5323//5167 5371//5167 5372//5167 5324//5167
vn 0.0000 1.0000 0.0000
f 5324//5168 5372//5168 5373//5168 5325//5168
vn 0.0000 1.0000 0.0000
f 5325//5169 5373//5169 5374//5169 5326//5169
vn 0.0000 1.0000 0.0000
f 5326//5170 5374//5170 5375//5170 5327//5170
vn 0.0000 1.0000 0.0000
f 5327//5171 5375//5171 5376//5171 5328//5171
vn 0.0000 1.0000 0.0000
f 5328//5172 5376//5172 5377//5172 5329//5172
vn 0.0000 1.0000 -0.0000
f 5329//5173 5377//5173 5378//5173 5330//5173
vn 0.0000 1.0000 0.0000
f 5330//5174 5378//5174 5379//5174 5331//5174
vn 0.0000 1.0000 0.0000
f 5331//5175 5379//5175 5380//5175 5332//5175
vn 0.0000 1.0000 -0.0000
f 5332//5176 5380//5176 5381//5176 5333//5176
vn 0.0000 1.0000 0.0000
f 5333//5177 5381//5177 5382//5177 5334//5177
vn 0.0000 1.0000 0.0000
f 5334//5178 5382//5178 5383//5178 5335//5178
vn 0.0000 1.0000 0.0000
f 5335//5179 5383//5179 5384//5179 5336//5179
vn 0.0000 1.0000 0.0000
f 5336//5180 5384//5180 5385//5180 5337//5180
vn 0.0000 1.0000 0.0000
f 5337//5181 5385//5181 5386//5181 5338//5181
vn 0.0000 1.0000 -0.0000
f 5338//5182 5386//5182 5387//5182 5339//5182
vn 0.0000 1.0000 0.0000
f 5339//5183 5387//5183 5388//5183 5340//5183
vn 0.0000 1.0000 0.0000
f 5340//5184 5388//5184 5389//5184 5341//5184
vn 0.0000 1.0000 0.0000
f 5341//5185 5389//5185 5390//5185 5342//5185
vn 0.0000 1.0000 0.0000
f 5342//5186 5390//5186 5391//5186 5343//5186
vn 0.0000 1.0000 0.0000
f 5343//5187 5391//5187 5392//5187 5344//5187
vn 0.0000 1.0000 -0.0000
f 5344//5188 5392//5188 5393//5188 5345//5188
vn 0.0000 1.0000 -0.0000
f 5345//5189 5393//5189 5394//5189 5346//5189
vn 0.0000 1.0000 0.0000
f 5346//5190 5394//5190 5395//5190 5347//5190
vn 0.0000 1.0000 0.0000
f 5347//5191 5395//5191 5396//5191 5348//5191
vn 0.0000 1.0000 0.0000
f 5348//5192 5396//5192 5349//5192 5301//5192
vn 0.0000 1.0000 -0.0000
f 5349//5193 5397//5193 5398//5193 5350//5193
vn 0.0000 1.0000 0.0000
f 5350//5194 5398//5194 5399//5194 5351//5194
vn 0.0000 1.0000 -0.0000
f 5351//5195 5399//5195 5400//5195 5352//5195
vn 0.0000 1.0000 0.0000
f 5352//5196 5400//5196 5401//5196 5353//5196
vn 0.0000 1.0000 0.0000
f 5353//5197 5401//5197 5402//5197 5354//5197
vn 0.0000 1.0000 0.0000
f 5354//5198 5402//5198 5403//5198 5355//5198
vn 0.0000 1.0000 0.0000
f 5355//5199 5403//5199 5404//5199 5356//5199
vn 0.0000 1.0000 0.0000
f 5356//5200 5404//5200 5405//5200 5357//5200
vn 0.0000 1.0000 0.0000
f 5357//5201 5405//5201 5406//5201 5358//5201
vn 0.0000 1.0000 0.0000
f 5358//5202 5406//5202 5407//5202 5359//5202
vn 0.0000 1.0000 0.0000
f 5359//5203 5407//5203 5408//5203 5360//5203
vn 0.0000 1.0000 0.0000
f 5360//5204 5408//5204 5409//5204 5361//5204
vn 0.0000 1.0000 0.0000
f 5361//5205 5409//5205 5410//5205 5362//5205
vn 0.0000 1.0000 -0.0000
f 5362//5206 5410//5206 5411//5206 5363//5206
vn 0.0000 1.0000 0.0000
f 5363//5207 5411//5207 5412//5207 5364//5207
vn 0.0000 1.0000 -0.0000
f 5364//5208 5412//5208 5413//5208 5365//5208
vn 0.0000 1.0000 0.0000
f 5365//5209 5413//5209 5414//5209 5366//5209
vn 0.0000 1.0000 -0.0000
f 5366//5210 5414//5210 5415//5210 5367//5210
vn 0.0000 1.0000 0.0000
f 5367//5211 5415//5211 5416//5211 5368//5211
vn 0.0000 1.0000 0.0000
f 5368//5212 5416//5212 5417//5212 5369//5212
vn 0.0000 1.0000 0.0000
f 5369//5213 5417//5213 5418//5213 5370//5213
vn 0.0000 1.0000 -0.0000
f 5370//5214 5418//5214 5419//5214 5371//5214
vn 0.0000 1.0000 0.0000
usemtl leaf_1
f 5371//5215 5419//5215 5420//5215 5372//5215
vn 0.0000 1.0000 -0.0000
usemtl leaf_0
f 5372//5216 5420//5216 5421//5216 5373//5216
vn 0.0000 1.0000 -0.0000
f 5373//5217 5421//5217 5422//5217 5374//5217
vn 0.0000 1.0000 0.0000
f 5374//5218 5422//5218 5423//5218 5375//5218
vn 0.0000 1.0000 0.0000
f 5375//5219 5423//5219 5424//5219 5376//5219
vn 0.0000 1.0000 0.0000
f 5376//5220 5424//5220 5425//5220 5377//5220
vn 0.0000 1.0000 0.0000
f 5377//5221 5425//5221 5426//5221 5378//5221
vn 0.0000 1.0000 0.0000
f 5378//5222 5426//5222 5427//5222 5379//5222
vn 0.0000 1.0000 0.0000
f 5379//5223 5427//5223 5428//5223 5380//5223
vn 0.0000 1.0000 0.0000
f 5380//5224 5428//5224 5429//5224 5381//5224
vn 0.0000 1.0000 0.0000
f 5381//5225 5429//5225 5430//5225 5382//5225
vn 0.0000 1.0000 0.0000
f 5382//5226 5430//5226 5431//5226 5383//5226
vn 0.0000 1.0000 0.0000
f 5383//5227 5431//5227 5432//5227 5384//5227
vn 0.0000 1.0000 0.0000
f 5384//5228 5432//5228 5433//5228 5385//5228
vn 0.0000 1.0000 0.0000
f 5385//5229 5433//5229 5434//5229 5386//5229
vn 0.0000 1.0000 0.0000
f 5386//5230 5434//5230 5435//5230 5387//5230
vn 0.0000 1.0000 0.0000
f 5387//5231 5435//5231 5436//5231 5388//5231
vn 0.0000 1.0000 0.0000
f 5388//5232 5436//5232 5437//5232 5389//5232
vn 0.0000 1.0000 0.0000
f 5389//5233 5437//5233 5438//5233 5390//5233
vn 0.0000 1.0000 0.0000
f 5390//5234 5438//5234 5439//5234 5391//5234
vn 0.0000 1.0000 0.0000
f 5391//5235 5439//5235 5440//5235 5392//5235
vn 0.0000 1.0000 -0.0000
f 5392//5236 5440//5236 5441//5236 5393//5236
vn 0.0000 1.0000 0.0000
f 5393//5237 5441//5237 5442//5237 5394//5237
vn 0.0000 1.0000 0.0000
f 5394//5238 5442//5238 5443//5238 5395//5238
vn 0.0000 1.0000 -0.0000
f 5395//5239 5443//5239 5444//5239 5396//5239
vn 0.0000 1.0000 0.0000
f 5396//5240 5444//5240 5397//5240 5349//5240
vn 0.0000 1.0000 0.0000
f 5397//5241 5445//5241 5446//5241 5398//5241
vn 0.0000 1.0000 -0.0000
f 5398//5242 5446//5242 5447//5242 5399//5242
vn 0.0000 1.0000 0.0000
f 5399//5243 5447//5243 5448//5243 5400//5243
vn 0.0000 1.0000 0.0000
f 5400//5244 5448//5244 5449//5244 5401//5244
vn 0.0000 1.0000 0.0000
f 5401//5245 5449//5245 5450//5245 5402//5245
vn 0.0000 1.0000 0.0000
f 5402//5246 5450//5246 5451//5246 5403//5246
vn 0.0000 1.0000 0.0000
f 5403//5247 5451//5247 5452//5247 5404//5247
vn 0.0000 1.0000 0.0000
f 5404//5248 5452//5248 5453//5248 5405//5248
vn 0.0000 1.0000 0.0000
f 5405//5249 5453//5249 5454//5249 5406//5249
vn 0.0000 1.0000 0.0000
f 5406//5250 5454//5250 5455//5250 5407//5250
vn 0.0000 1.0000 -0.0000
f 5407//5251 5455//5251 5456//5251 5408//5251
vn 0.0000 1.0000 0.0000
f 5408//5252 5456//5252 5457//5252 5409//5252
vn 0.0000 1.0000 0.0000
f 5409//5253 5457//5253 5458//5253 5410//5253
vn 0.0000 1.0000 0.0000
f 5410//5254 5458//5254 5459//5254 5411//5254
vn 0.0000 1.0000 0.0000
f 5411//5255 5459//5255 5460//5255 5412//5255
vn 0.0000 1.0000 -0.0000
f 5412//5256 5460//5256 5461//5256 5413//5256
vn 0.0000 1.0000 0.0000
f 5413//5257 5461//5257 5462//5257 5414//5257
vn 0.0000 1.0000 -0.0000
f 5414//5258 5462//5258 5463//5258 5415//5258
vn 0.0000 1.0000 0.0000
f 5415//5259 5463//5259 5464//5259 5416//5259
vn 0.0000 1.0000 0.0000
f 5416//5260 5464//5260 5465//5260 5417//5260
vn 0.0000 1.0000 -0.0000
f 5417//5261 5465//5261 5466//5261 5418//5261
vn 0.0000 1.0000 0.0000
f 5418//5262 5466//5262 5467//5262 5419//5262
vn 0.0000 1.0000 0.0000
usemtl leaf_1
f 5419//5263 5467//5263 5468//5263 5420//5263
vn 0.0000 1.0000 -0.0000
usemtl leaf_0
f 5420//5264 5468//5264 5469//5264 5421//5264
vn 0.0000 1.0000 0.0000
f 5421//5265 5469//5265 5470//5265 5422//5265
vn 0.0000 1.0000 0.0000
f 5422//5266 5470//5266 5471//5266 5423//5266
vn 0.0000 1.0000 -0.0000
f 5423//5267 5471//5267 5472//5267 5424//5267
vn 0.0000 1.0000 0.0000
f 5424//5268 5472//5268 5473//5268 5425//5268
vn 0.0000 1.0000 0.0000
f 5425//5269 5473//5269 5474//5269 5426//5269
vn 0.0000 1.0000 0.0000
f 5426//5270 5474//5270 5475//5270 5427//5270
vn 0.0000 1.0000 0.0000
f 5427//5271 5475//5271 5476//5271 5428//5271
vn 0.0000 1.0000 0.0000
f 5428//5272 5476//5272 5477//5272 5429//5272
vn 0.0000 1.0000 0.0000
f 5429//5273 5477//5273 5478//5273 5430//5273
vn 0.0000 1.0000 -0.0000
f 5430//5274 5478//5274 5479//5274 5431//5274
vn 0.0000 1.0000 0.0000
f 5431//5275 5479//5275 5480//5275 5432//5275
vn 0.0000 1.0000 0.0000
f 5432//5276 5480//5276 5481//5276 5433//5276
vn 0.0000 1.0000 0.0000
f 5433//5277 5481//5277 5482//5277 5434//5277
vn 0.0000 1.0000 -0.0000
f 5434//5278 5482//5278 5483//5278 5435//5278
vn 0.0000 1.0000 -0.0000
f 5435//5279 5483//5279 5484//5279 5436//5279
vn 0.0000 1.0000 0.0000
f 5436//5280 5484//5280 5485//5280 5437//5280
vn 0.0000 1.0000 0.0000
f 5437//5281 5485//5281 5486//5281 5438//5281
vn 0.0000 1.0000 0.0000
f 5438//5282 5486//5282 5487//5282 5439//5282
vn 0.0000 1.0000 0.0000
f 5439//5283 5487//5283 5488//5283 5440//5283
vn 0.0000 1.0000 -0.0000
f 5440//5284 5488//5284 5489//5284 5441//5284
vn 0.0000 1.0000 -0.0000
f 5441//5285 5489//5285 5490//5285 5442//5285
vn 0.0000 1.0000 0.0000
f 5442//5286 5490//5286 5491//5286 5443//5286
vn 0.0000 1.0000 0.0000
f 5443//5287 5491//5287 5492//5287 5444//5287
vn 0.0000 1.0000 0.0000
f 5444//5288 5492//5288 5445//5288 5397//5288
vn 0.0000 1.0000 0.0000
f 5445//5289 5493//5289 5494//5289 5446//5289
vn 0.0000 1.0000 -0.0000
f 5446//5290 5494//5290 5495//5290 5447//5290
vn 0.0000 1.0000 -0.0000
f 5447//5291 5495//5291 5496//5291 5448//5291
vn 0.0000 1.0000 0.0000
f 5448//5292 5496//5292 5497//5292 5449//5292
vn 0.0000 1.0000 0.0000
f 5449//5293 5497//5293 5498//5293 5450//5293
vn 0.0000 1.0000 0.0000
f 5450//5294 5498//5294 5499//5294 5451//5294
vn 0.0000 1.0000 0.0000
f 5451//5295 5499//5295 5500//5295 5452//5295
vn 0.0000 1.0000 0.0000
f 5452//5296 5500//5296 5501//5296 5453//5296
vn 0.0000 1.0000 0.0000
f 5453//5297 5501//5297 5502//5297 5454//5297
vn 0.0000 1.0000 0.0000
f 5454//5298 5502//5298 5503//5298 5455//5298
vn 0.0000 1.0000 0.0000
f 5455//5299 5503//5299 5504//5299 5456//5299
vn 0.0000 1.0000 0.0000
f 5456//5300 5504//5300 5505//5300 5457//5300
vn 0.0000 1.0000 -0.0000
f 5457//5301 5505//5301 5506//5301 5458//5301
vn 0.0000 1.0000 0.0000
f 5458//5302 5506//5302 5507//5302 5459//5302
vn 0.0000 1.0000 0.0000
f 5459//5303 5507//5303 5508//5303 5460//5303
vn 0.0000 1.0000 -0.0000
f 5460//5304 5508//5304 5509//5304 5461//5304
vn 0.0000 1.0000 -0.0000
f 5461//5305 5509//5305 5510//5305 5462//5305
vn 0.0000 1.0000 0.0000
f 5462//5306 5510//5306 5511//5306 5463//5306
vn 0.0000 1.0000 -0.0000
f 5463//5307 5511//5307 5512//5307 5464//5307
vn 0.0000 1.0000 -0.0000
f 5464//5308 5512//5308 5513//5308 5465//5308
vn 0.0000 1.0000 -0.0000
f 5465//5309 5513//5309 5514//5309 5466//5309
vn 0.0000 1.0000 -0.0000
f 5466//5310 5514//5310 5515//5310 5467//5310
vn 0.0000 1.0000 0.0000
f 5467//5311 5515//5311 5516//5311 5468//5311
vn 0.0000 1.0000 0.0000
f 5468//5312 5516//5312 5517//5312 5469//5312
vn 0.0000 1.0000 -0.0000
f 5469//5313 5517//5313 5518//5313 5470//5313
vn 0.0000 1.0000 -0.0000
f 5470//5314 5518//5314 5519//5314 5471//5314
vn 0.0000 1.0000 0.0000
f 5471//5315 5519//5315 5520//5315 5472//5315
vn 0.0000 1.0000 0.0000
f 5472//5316 5520//5316 5521//5316 5473//5316
vn 0.0000 1.0000 0.0000
f 5473//5317 5521//5317 5522//5317 5474//5317
vn 0.0000 1.0000 0.0000
f 5474//5318 5522//5318 5523//5318 5475//5318
vn 0.0000 1.0000 0.0000
f 5475//5319 5523//5319 5524//5319 5476//5319
vn 0.0000 1.0000 0.0000
f 5476//5320 5524//5320 5525//5320 5477//5320
vn 0.0000 1.0000 -0.0000
f 5477//5321 5525//5321 5526//5321 5478//5321
vn 0.0000 1.0000 0.0000
f 5478//5322 5526//5322 5527//5322 5479//5322
vn 0.0000 1.0000 0.0000
f 5479//5323 5527//5323 5528//5323 5480//5323
vn 0.0000 1.0000 -0.0000
f 5480//5324 5528//5324 5529//5324 5481//5324
vn 0.0000 1.0000 0.0000
f 5481//5325 5529//5325 5530//5325 5482//5325
vn 0.0000 1.0000 -0.0000
f 5482//5326 5530//5326 5531//5326 5483//5326
vn 0.0000 1.0000 0.0000
f 5483//5327 5531//5327 5532//5327 5484//5327
vn 0.0000 1.0000 -0.0000
f 5484//5328 5532//5328 5533//5328 5485//5328
vn 0.0000 1.0000 0.0000
f 5485//5329 5533//5329 5534//5329 5486//5329
vn 0.0000 1.0000 -0.0000
f 5486//5330 5534//5330 5535//5330 5487//5330
vn 0.0000 1.0000 0.0000
f 5487//5331 5535//5331 5536//5331 5488//5331
vn 0.0000 1.0000 0.0000
f 5488//5332 5536//5332 5537//5332 5489//5332
vn 0.0000 1.0000 0.0000
f 5489//5333 5537//5333 5538//5333 5490//5333
vn 0.0000 1.0000 0.0000
f 5490//5334 5538//5334 5539//5334 5491//5334
vn 0.0000 1.0000 0.0000
f 5491//5335 5539//5335 5540//5335 5492//5335
vn 0.0000 1.0000 0.0000
f 5492//5336 5540//5336 5493//5336 5445//5336
vn 0.0000 1.0000 0.0000
f 5493//5337 5541//5337 5542//5337 5494//5337
vn 0.0000 1.0000 0.0000
f 5494//5338 5542//5338 5543//5338 5495//5338
vn 0.0000 1.0000 0.0000
f 5495//5339 5543//5339 5544//5339 5496//5339
vn 0.0000 1.0000 -0.0000
f 5496//5340 5544//5340 5545//5340 5497//5340
vn 0.0000 1.0000 0.0000
f 5497//5341 5545//5341 5546//5341 5498//5341
vn 0.0000 1.0000 0.0000
f 5498//5342 5546//5342 5547//5342 5499//5342
vn 0.0000 1.0000 0.0000
f 5499//5343 5547//5343 5548//5343 5500//5343
vn 0.0000 1.0000 -0.0000
f 5500//5344 5548//5344 5549//5344 5501//5344
vn 0.0000 1.0000 0.0000
f 5501//5345 5549//5345 5550//5345 5502//5345
vn 0.0000 1.0000 -0.0000
f 5502//5346 5550//5346 5551//5346 5503//5346
vn 0.0000 1.0000 0.0000
f 5503//5347 5551//5347 5552//5347 5504//5347
vn 0.0000 1.0000 0.0000
f 5504//5348 5552//5348 5553//5348 5505//5348
vn 0.0000 1.0000 0.0000
f 5505//5349 5553//5349 5554//5349 5506//5349
vn 0.0000 1.0000 -0.0000
f 5506//5350 5554//5350 5555//5350 5507//5350
vn 0.0000 1.0000 0.0000
f 5507//5351 5555//5351 5556//5351 5508//5351
vn 0.0000 1.0000 -0.0000
f 5508//5352 5556//5352 5557//5352 5509//5352
vn 0.0000 1.0000 0.0000
f 5509//5353 5557//5353 5558//5353 5510//5353
vn 0.0000 1.0000 0.0000
f 5510//5354 5558//5354 5559//5354 5511//5354
vn 0.0000 1.0000 -0.0000
f 5511//5355 5559//5355 5560//5355 5512//5355
vn 0.0000 1.0000 -0.0000
f 5512//5356 5560//5356 5561//5356 5513//5356
vn 0.0000 1.0000 -0.0000
f 5513//5357 5561//5357 5562//5357 5514//5357
vn 0.0000 1.0000 0.0000
f 5514//5358 5562//5358 5563//5358 5515//5358
vn 0.0000 1.0000 0.0000
f 5515//5359 5563//5359 5564//5359 5516//5359
vn 0.0000 1.0000 0.0000
f 5516//5360 5564//5360 5565//5360 5517//5360
vn 0.0000 1.0000 0.0000
f 5517//5361 5565//5361 5566//5361 5518//5361
vn 0.0000 1.0000 0.0000
f 5518//5362 5566//5362 5567//5362 5519//5362
vn 0.0000 1.0000 0.0000
f 5519//5363 5567//5363 5568//5363 5520//5363
vn 0.0000 1.0000 -0.0000
f 5520//5364 5568//5364 5569//5364 5521//5364
vn 0.0000 1.0000 0.0000
f 5521//5365 5569//5365 5570//5365 5522//5365
vn 0.0000 1.0000 0.0000
f 5522//5366 5570//5366 5571//5366 5523//5366
vn 0.0000 1.0000 -0.0000
f 5523//5367 5571//5367 5572//5367 5524//5367
vn 0.0000 1.0000 0.0000
f 5524//5368 5572//5368 5573//5368 5525//5368
vn 0.0000 1.0000 0.0000
f 5525//5369 5573//5369 5574//5369 5526//5369
vn 0.0000 1.0000 0.0000
f 5526//5370 5574//5370 5575//5370 5527//5370
vn 0.0000 1.0000 0.0000
f 5527//5371 5575//5371 5576//5371 5528//5371
vn 0.0000 1.0000 -0.0000
f 5528//5372 5576//5372 5577//5372 5529//5372
vn 0.0000 1.0000 -0.0000
f 5529//5373 5577//5373 5578//5373 5530//5373
vn 0.0000 1.0000 -0.0000
f 5530//5374 5578//5374 5579//5374 5531//5374
vn 0.0000 1.0000 -0.0000
f 5531//5375 5579//5375 5580//5375 5532//5375
vn 0.0000 1.0000 0.0000
f 5532//5376 5580//5376 5581//5376 5533//5376
vn 0.0000 1.0000 0.0000
f 5533//5377 5581//5377 5582//5377 5534//5377
vn 0.0000 1.0000 -0.0000
f 5534//5378 5582//5378 5583//5378 5535//5378
vn 0.0000 1.0000 -0.0000
f 5535//5379 5583//5379 5584//5379 5536//5379
vn 0.0000 1.0000 0.0000
f 5536//5380 5584//5380 5585//5380 5537//5380
vn 0.0000 1.0000 0.0000
f 5537//5381 5585//5381 5586//5381 5538//5381
vn 0.0000 1.0000 0.0000
f 5538//5382 5586//5382 5587//5382 5539//5382
vn 0.0000 1.0000 -0.0000
f 5539//5383 5587//5383 5588//5383 5540//5383
vn 0.0000 1.0000 0.0000
f 5540//5384 5588//5384 5541//5384 5493//5384
vn 0.0000 1.0000 -0.0000
f 5541//5385 5589//5385 5590//5385 5542//5385
vn 0.0000 1.0000 0.0000
f 5542//5386 5590//5386 5591//5386 5543//5386
vn 0.0000 1.0000 -0.0000
f 5543//5387 5591//5387 5592//5387 5544//5387
vn 0.0000 1.0000 0.0000
f 5544//5388 5592//5388 5593//5388 5545//5388
vn 0.0000 1.0000 0.0000
f 5545//5389 5593//5389 5594//5389 5546//5389
vn 0.0000 1.0000 0.0000
f 5546//5390 5594//5390 5595//5390 5547//5390
vn 0.0000 1.0000 0.0000
f 5547//5391 5595//5391 5596//5391 5548//5391
vn 0.0000 1.0000 0.0000
f 5548//5392 5596//5392 5597//5392 5549//5392
vn 0.0000 1.0000 0.0000
f 5549//5393 5597//5393 5598//5393 5550//5393
vn 0.0000 1.0000 0.0000
f 5550//5394 5598//5394 5599//5394 5551//5394
vn 0.0000 1.0000 0.0000
f 5551//5395 5599//5395 5600//5395 5552//5395
vn 0.0000 1.0000 0.0000
f 5552//5396 5600//5396 5601//5396 5553//5396
vn 0.0000 1.0000 -0.0000
f 5553//5397 5601//5397 5602//5397 5554//5397
vn 0.0000 1.0000 -0.0000
f 5554//5398 5602//5398 5603//5398 5555//5398
vn 0.0000 1.0000 -0.0000
f 5555//5399 5603//5399 5604//5399 5556//5399
vn 0.0000 1.0000 0.0000
f 5556//5400 5604//5400 5605//5400 5557//5400
vn 0.0000 1.0000 0.0000
f 5557//5401 5605//5401 5606//5401 5558//5401
vn 0.0000 1.0000 0.0000
f 5558//5402 5606//5402 5607//5402 5559//5402
vn 0.0000 1.0000 0.0000
f 5559//5403 5607//5403 5608//5403 5560//5403
vn 0.0000 1.0000 -0.0000
f 5560//5404 5608//5404 5609//5404 5561//5404
vn 0.0000 1.0000 -0.0000
f 5561//5405 5609//5405 5610//5405 5562//5405
vn 0.0000 1.0000 0.0000
f 5562//5406 5610//5406 5611//5406 5563//5406
vn 0.0000 1.0000 -0.0000
f 5563//5407 5611//5407 5612//5407 5564//5407
vn 0.0000 1.0000 -0.0000
f 5564//5408 5612//5408 5613//5408 5565//5408
vn 0.0000 1.0000 0.0000
f 5565//5409 5613//5409 5614//5409 5566//5409
vn 0.0000 1.0000 0.0000
f 5566//5410 5614//5410 5615//5410 5567//5410
vn 0.0000 1.0000 0.0000
f 5567//5411 5615//5411 5616//5411 5568//5411
vn 0.0000 1.0000 0.0000
f 5568//5412 5616//5412 5617//5412 5569//5412
vn 0.0000 1.0000 0.0000
f 5569//5413 5617//5413 5618//5413 5570//5413
vn 0.0000 1.0000 0.0000
f 5570//5414 5618//5414 5619//5414 5571//5414
vn 0.0000 1.0000 0.0000
f 5571//5415 5619//5415 5620//5415 5572//5415
vn 0.0000 1.0000 -0.0000
f 5572//5416 5620//5416 5621//5416 5573//5416
vn 0.0000 1.0000 0.0000
f 5573//5417 5621//5417 5622//5417 5574//5417
vn 0.0000 1.0000 -0.0000
f 5574//5418 5622//5418 5623//5418 5575//5418
vn 0.0000 1.0000 0.0000
f 5575//5419 5623//5419 5624//5419 5576//5419
vn 0.0000 1.0000 -0.0000
f 5576//5420 5624//5420 5625//5420 5577//5420
vn 0.0000 1.0000 0.0000
f 5577//5421 5625//5421 5626//5421 5578//5421
vn 0.0000 1.0000 -0.0000
f 5578//5422 5626//5422 5627//5422 5579//5422
vn 0.0000 1.0000 -0.0000
f 5579//5423 5627//5423 5628//5423 5580//5423
vn 0.0000 1.0000 0.0000
f 5580//5424 5628//5424 5629//5424 5581//5424
vn 0.0000 1.0000 -0.0000
f 5581//5425 5629//5425 5630//5425 5582//5425
vn 0.0000 1.0000 0.0000
f 5582//5426 5630//5426 5631//5426 5583//5426
vn 0.0000 1.0000 0.0000
f 5583//5427 5631//5427 5632//5427 5584//5427
vn 0.0000 1.0000 0.0000
f 5584//5428 5632//5428 5633//5428 5585//5428
vn 0.0000 1.0000 0.0000
f 5585//5429 5633//5429 5634//5429 5586//5429
vn 0.0000 1.0000 0.0000
f 5586//5430 5634//5430 5635//5430 5587//5430
vn 0.0000 1.0000 0.0000
f 5587//5431 5635//5431 5636//5431 5588//5431
vn 0.0000 1.0000 -0.0000
f 5588//5432 5636//5432 5589//5432 5541//5432
vn 0.0000 1.0000 -0.0000
f 5589//5433 5637//5433 5638//5433 5590//5433
vn 0.0000 1.0000 -0.0000
f 5590//5434 5638//5434 5639//5434 5591//5434
vn 0.0000 1.0000 0.0000
f 5591//5435 5639//5435 5640//5435 5592//5435
vn 0.0000 1.0000 0.0000
f 5592//5436 5640//5436 5641//5436 5593//5436
vn 0.0000 1.0000 -0.0000
f 5593//5437 5641//5437 5642//5437 5594//5437
vn 0.0000 1.0000 0.0000
f 5594//5438 5642//5438 5643//5438 5595//5438
vn 0.0000 1.0000 -0.0000
f 5595//5439 5643//5439 5644//5439 5596//5439
vn 0.0000 1.0000 0.0000
f 5596//5440 5644//5440 5645//5440 5597//5440
vn 0.0000 1.0000 -0.0000
f 5597//5441 5645//5441 5646//5441 5598//5441
vn 0.0000 1.0000 0.0000
f 5598//5442 5646//5442 5647//5442 5599//5442
vn 0.0000 1.0000 -0.0000
f 5599//5443 5647//5443 5648//5443 5600//5443
vn 0.0000 1.0000 0.0000
f 5600//5444 5648//5444 5649//5444 5601//5444
vn 0.0000 1.0000 -0.0000
f 5601//5445 5649//5445 5650//5445 5602//5445
vn 0.0000 1.0000 0.0000
f 5602//5446 5650//5446 5651//5446 5603//5446
vn 0.0000 1.0000 -0.0000
f 5603//5447 5651//5447 5652//5447 5604//5447
vn 0.0000 1.0000 0.0000
f 5604//5448 5652//5448 5653//5448 5605//5448
vn 0.0000 1.0000 0.0000
f 5605//5449 5653//5449 5654//5449 5606//5449
vn 0.0000 1.0000 -0.0000
f 5606//5450 5654//5450 5655//5450 5607//5450
vn 0.0000 1.0000 0.0000
f 5607//5451 5655//5451 5656//5451 5608//5451
vn 0.0000 1.0000 -0.0000
f 5608//5452 5656//5452 5657//5452 5609//5452
vn 0.0000 1.0000 -0.0000
f 5609//5453 5657//5453 5658//5453 5610//5453
vn 0.0000 1.0000 0.0000
f 5610//5454 5658//5454 5659//5454 5611//5454
vn 0.0000 1.0000 0.0000
f 5611//5455 5659//5455 5660//5455 5612//5455
vn 0.0000 1.0000 -0.0000
f 5612//5456 5660//5456 5661//5456 5613//5456
vn 0.0000 1.0000 -0.0000
f 5613//5457 5661//5457 5662//5457 5614//5457
vn 0.0000 1.0000 0.0000
f 5614//5458 5662//5458 5663//5458 5615//5458
vn 0.0000 1.0000 -0.0000
f 5615//5459 5663//5459 5664//5459 5616//5459
vn 0.0000 1.0000 0.0000
f 5616//5460 5664//5460 5665//5460 5617//5460
vn 0.0000 1.0000 0.0000
f 5617//5461 5665//5461 5666//5461 5618//5461
vn 0.0000 1.0000 0.0000
f 5618//5462 5666//5462 5667//5462 5619//5462
vn 0.0000 1.0000 0.0000
f 5619//5463 5667//5463 5668//5463 5620//5463
vn 0.0000 1.0000 0.0000
f 5620//5464 5668//5464 5669//5464 5621//5464
vn 0.0000 1.0000 0.0000
f 5621//5465 5669//5465 5670//5465 5622//5465
vn 0.0000 1.0000 -0.0000
f 5622//5466 5670//5466 5671//5466 5623//5466
vn 0.0000 1.0000 0.0000
f 5623//5467 5671//5467 5672//5467 5624//5467
vn 0.0000 1.0000 0.0000
f 5624//5468 5672//5468 5673//5468 5625//5468
vn 0.0000 1.0000 -0.0000
f 5625//5469 5673//5469 5674//5469 5626//5469
vn 0.0000 1.0000 0.0000
f 5626//5470 5674//5470 5675//5470 5627//5470
vn 0.0000 1.0000 0.0000
f 5627//5471 5675//5471 5676//5471 5628//5471
vn 0.0000 1.0000 -0.0000
f 5628//5472 5676//5472 5677//5472 5629//5472
vn 0.0000 1.0000 0.0000
f 5629//5473 5677//5473 5678//5473 5630//5473
vn 0.0000 1.0000 0.0000
f 5630//5474 5678//5474 5679//5474 5631//5474
vn 0.0000 1.0000 -0.0000
f 5631//5475 5679//5475 5680//5475 5632//5475
vn 0.0000 1.0000 0.0000
f 5632//5476 5680//5476 5681//5476 5633//5476
vn 0.0000 1.0000 0.0000
f 5633//5477 5681//5477 5682//5477 5634//5477
vn 0.0000 1.0000 -0.0000
f 5634//5478 5682//5478 5683//5478 5635//5478
vn 0.0000 1.0000 -0.0000
f 5635//5479 5683//5479 5684//5479 5636//5479
vn 0.0000 1.0000 0.0000
f 5636//5480 5684//5480 5637//5480 5589//5480
vn -0.3114 0.0000 -0.9503
usemtl trunk
f 5685//5481 5687//5481 5688//5481 5686//5481
vn 0.4517 0.0000 -0.8922
f 5687//5482 5689//5482 5690//5482 5688//5482
vn 0.9503 0.0000 -0.3114
f 5689//5483 5691//5483 5692//5483 5690//5483
vn 0.8922 0.0000 0.4517
f 5691//5484 5693//5484 5694//5484 5692//5484
vn 0.3114 0.0000 0.9503
f 5693//5485 5695//5485 5696//5485 5694//5485
vn -0.4517 0.0000 0.8922
f 5695//5486 5697//5486 5698//5486 5696//5486
vn -0.9503 0.0000 0.3114
f 5697//5487 5699//5487 5700//5487 5698//5487
vn -0.8922 0.0000 -0.4517
f 5699//5488 5685//5488 5686//5488 5700//5488
vn 0.0000 1.0000 -0.0000
f 5701//5489 5687//5489 5685//5489
vn 0.0000 -1.0000 0.0000
f 5702//5490 5686//5490 5688//5490
vn 0.0000 1.0000 -0.0000
f 5701//5491 5689//5491 5687//5491
vn 0.0000 -1.0000 0.0000
f 5702//5492 5688//5492 5690//5492
vn 0.0000 1.0000 0.0000
f 5701//5493 5691//5493 5689//5493
vn 0.0000 -1.0000 0.0000
f 5702//5494 5690//5494 5692//5494
vn 0.0000 1.0000 -0.0000
f 5701//5495 5693//5495 5691//5495
vn 0.0000 -1.0000 0.0000
f 5702//5496 5692//5496 5694//5496
vn 0.0000 1.0000 0.0000
f 5701//5497 5695//5497 5693//5497
vn 0.0000 -1.0000 -0.0000
f 5702//5498 5694//5498 5696//5498
vn 0.0000 1.0000 0.0000
f 5701//5499 5697//5499 5695//5499
vn 0.0000 -1.0000 0.0000
f 5702//5500 5696//5500 5698//5500
vn 0.0000 1.0000 -0.0000
f 5701//5501 5699//5501 5697//5501
vn 0.0000 -1.0000 0.0000
f 5702//5502 5698//5502 5700//5502
vn 0.0000 1.0000 0.0000
f 5701//5503 5685//5503 5699//5503
vn 0.0000 -1.0000 -0.0000
f 5702//5504 5700//5504 5686//5504
o front_bush_loose_1
v -2.2063 0.9464 5.9000
v -2.2063 0.9194 5.9000
v -2.2063 0.9378 5.9000
v -2.2063 0.9370 5.9000
v -2.2063 0.9021 5.9000
v -2.2063 0.9375 5.9000
v -2.2063 0.8842 5.9000
v -2.2063 0.8891 5.9000
v -2.2063 0.8594 5.9000
v -2.2063 0.8826 5.9000
v -2.2063 0.9105 5.9000
v -2.2063 0.9416 5.9000
v -2.2063 0.9488 5.9000
v -2.2063 0.8974 5.9000
v -2.2063 0.9187 5.9000
v -2.2063 0.9181 5.9000
v -2.2063 0.9073 5.9000
v -2.2063 0.8975 5.9000
v -2.2063 0.8858 5.9000
v -2.2063 0.8938 5.9000
v -2.2063 0.8981 5.9000
v -2.2063 0.8911 5.9000
v -2.2063 0.9362 5.9000
v -2.2063 0.8846 5.9000
v -2.2063 0.8910 5.9000
v -2.2063 0.8904 5.9000
v -2.2063 0.9046 5.9000
v -2.2063 0.9298 5.9000
v -2.2063 0.9178 5.9000
v -2.2063 0.8970 5.9000
v -2.2063 0.8877 5.9000
v -2.2063 0.8974 5.9000
v -2.2063 0.9082 5.9000
v -2.2063 0.9768 5.9000
v -2.2063 0.9587 5.9000
v -2.2063 0.9497 5.9000
v -2.2063 0.9114 5.9000
v -2.2063 0.8487 5.9000
v -2.2063 0.8468 5.9000
v -2.2063 0.9013 5.9000
v -2.2063 0.9105 5.9000
v -2.2063 0.9543 5.9000
v -2.2063 0.9319 5.9000
v -2.2063 0.9294 5.9000
v -2.2063 0.8872 5.9000
v -2.2063 0.9047 5.9000
v -2.2063 0.8970 5.9000
v -2.2063 0.9165 5.9000
v -2.1552 0.9398 5.8700
v -2.1536 0.9215 5.8777
v -2.1517 0.9164 5.8849
v -2.1490 0.9271 5.8920
v -2.1501 0.9123 5.8995
v -2.1521 0.8990 5.9067
v -2.1535 0.8984 5.9137
v -2.1590 0.8668 5.9191
v -2.1576 0.9105 5.9276
v -2.1629 0.8962 5.9327
v -2.1644 0.9353 5.9412
v -2.1708 0.9259 5.9455
v -2.1764 0.9363 5.9507
v -2.1831 0.9411 5.9547
v -2.1921 0.8863 5.9513
v -2.1983 0.9220 5.9567
v -2.2058 0.9325 5.9584
v -2.2133 0.9262 5.9573
v -2.2197 0.8898 5.9519
v -2.2271 0.9059 5.9514
v -2.2314 0.8671 5.9444
v -2.2385 0.8894 5.9427
v -2.2437 0.8875 5.9380
v -2.2515 0.9235 5.9353
v -2.2560 0.9262 5.9293
v -2.2574 0.9066 5.9216
v -2.2632 0.9376 5.9157
v -2.2607 0.9017 5.9076
v -2.2652 0.9365 5.9005
v -2.2631 0.9221 5.8930
v -2.2605 0.9109 5.8859
v -2.2537 0.8687 5.8808
v -2.2516 0.8771 5.8743
v -2.2509 0.9102 5.8663
v -2.2499 0.9566 5.8571
v -2.2434 0.9498 5.8524
v -2.2357 0.9293 5.8499
v -2.2271 0.8890 5.8508
v -2.2199 0.8665 5.8509
v -2.2134 0.8738 5.8487
v -2.2067 0.9146 5.8436
v -2.1994 0.9141 5.8441
v -2.1916 0.9314 5.8436
v -2.1845 0.9285 5.8463
v -2.1804 0.8794 5.8544
v -2.1745 0.8828 5.8579
v -2.1681 0.8968 5.8612
v -2.1596 0.9388 5.8636
v -2.1059 0.9240 5.8410
v -2.0998 0.9206 5.8549
v -2.1015 0.8904 5.8710
v -2.0930 0.9151 5.8842
v -2.0992 0.8836 5.8991
v -2.1076 0.8501 5.9122
v -2.1088 0.8559 5.9253
v -2.1059 0.8886 5.9406
v -2.1071 0.9137 5.9562
v -2.1197 0.8896 5.9653
v -2.1310 0.8771 5.9741
v -2.1381 0.8994 5.9873
v -2.1474 0.9231 6.0002
v -2.1635 0.8944 6.0009
v -2.1759 0.9133 6.0098
v -2.1905 0.9121 6.0126
v -2.2054 0.8908 6.0088
v -2.2190 0.8704 6.0033
v -2.2321 0.8645 5.9994
v -2.2461 0.8799 5.9985
v -2.2573 0.8681 5.9901
v -2.2683 0.8656 5.9822
v -2.2853 0.9080 5.9804
v -2.2930 0.8958 5.9676
v -2.3058 0.9199 5.9585
v -2.3084 0.9003 5.9433
v -2.3080 0.8766 5.9281
v -2.3081 0.8651 5.9142
v -2.3124 0.8795 5.9009
v -2.3100 0.8721 5.8872
v -2.3099 0.8835 5.8731
v -2.3034 0.8736 5.8607
v -2.2944 0.8582 5.8501
v -2.2960 0.9063 5.8323
v -2.2882 0.9177 5.8194
v -2.2808 0.9447 5.8045
v -2.2643 0.9152 5.8014
v -2.2499 0.9045 5.7969
v -2.2355 0.8949 5.7943
v -2.2208 0.8727 5.7964
v -2.2072 0.9009 5.7889
v -2.1929 0.8917 5.7918
v -2.1786 0.8976 5.7932
v -2.1676 0.8656 5.8046
v -2.1525 0.8924 5.8051
v -2.1411 0.8882 5.8137
v -2.1276 0.9054 5.8201
v -2.1154 0.9190 5.8291
v -2.0582 0.9051 5.8129
v -2.0500 0.8991 5.8338
v -2.0369 0.9162 5.8531
v -2.0343 0.9105 5.8759
v -2.0418 0.8843 5.8987
v -2.0548 0.8508 5.9187
v -2.0653 0.8310 5.9366
v -2.0612 0.8619 5.9587
v -2.0498 0.9280 5.9887
v -2.0719 0.8953 6.0014
v -2.0852 0.8995 6.0191
v -2.1051 0.8843 6.0297
v -2.1246 0.8750 6.0389
v -2.1421 0.8843 6.0514
v -2.1600 0.9098 6.0672
v -2.1816 0.9221 6.0761
v -2.2049 0.9037 6.0713
v -2.2252 0.8549 6.0529
v -2.2465 0.8727 6.0552
v -2.2659 0.8689 6.0474
v -2.2874 0.8848 6.0433
v -2.3026 0.8716 6.0277
v -2.3179 0.8691 6.0134
v -2.3434 0.9111 6.0070
v -2.3515 0.8956 5.9854
v -2.3635 0.9023 5.9666
v -2.3730 0.9084 5.9461
v -2.3623 0.8647 5.9218
v -2.3660 0.8710 5.9013
v -2.3747 0.8991 5.8792
v -2.3640 0.8799 5.8591
v -2.3613 0.8921 5.8373
v -2.3458 0.8725 5.8210
v -2.3208 0.8249 5.8136
v -2.3135 0.8445 5.7945
v -2.3131 0.9104 5.7631
v -2.2961 0.9203 5.7473
v -2.2773 0.9340 5.7324
v -2.2510 0.8940 5.7382
v -2.2293 0.8889 5.7355
v -2.2075 0.8577 5.7449
v -2.1882 0.8367 5.7535
v -2.1663 0.8695 5.7459
v -2.1506 0.8391 5.7624
v -2.1261 0.8793 5.7585
v -2.1008 0.9143 5.7603
v -2.0784 0.9348 5.7701
v -2.0703 0.9069 5.7939
v -2.0167 0.8712 5.7885
v -1.9991 0.8815 5.8122
v -2.0021 0.8545 5.8435
v -1.9991 0.8490 5.8710
v -2.0114 0.8195 5.8984
v -2.0064 0.8330 5.9247
v -2.0156 0.8238 5.9494
v -2.0088 0.8569 5.9799
v -2.0117 0.8788 6.0103
v -2.0195 0.9000 6.0409
v -2.0542 0.8576 6.0497
v -2.0743 0.8599 6.0691
v -2.0956 0.8676 6.0881
v -2.1209 0.8691 6.1016
v -2.1454 0.8881 6.1199
v -2.1741 0.8968 6.1302
v -2.2045 0.8633 6.1161
v -2.2327 0.8623 6.1140
v -2.2564 0.8296 6.0934
v -2.2797 0.8215 6.0815
v -2.3056 0.8330 6.0752
v -2.3348 0.8577 6.0704
v -2.3575 0.8623 6.0537
v -2.3801 0.8723 6.0356
v -2.4037 0.8898 6.0161
v -2.4151 0.8851 5.9885
v -2.4123 0.8584 5.9570
v -2.4083 0.8384 5.9283
v -2.4187 0.8557 5.9017
v -2.4202 0.8621 5.8736
v -2.4261 0.8857 5.8430
v -2.4059 0.8618 5.8192
v -2.3827 0.8358 5.8000
v -2.3663 0.8312 5.7792
v -2.3531 0.8426 5.7555
v -2.3382 0.8597 5.7310
v -2.3223 0.8895 5.7027
v -2.3049 0.9385 5.6673
v -2.2673 0.8895 5.6794
v -2.2374 0.8815 5.6772
v -2.2078 0.8151 5.7073
v -2.1831 0.8077 5.7123
v -2.1586 0.8095 5.7161
v -2.1317 0.8276 5.7157
v -2.1033 0.8484 5.7182
v -2.0733 0.8729 5.7237
v -2.0474 0.8847 5.7385
v -2.0267 0.8874 5.7599
v -1.9824 0.8281 5.7684
v -1.9717 0.8203 5.8006
v -1.9662 0.8114 5.8336
v -1.9551 0.8185 5.8649
v -1.9626 0.8028 5.8980
v -1.9581 0.8130 5.9306
v -1.9680 0.8067 5.9618
v -1.9592 0.8388 6.0000
v -1.9635 0.8586 6.0375
v -1.9898 0.8462 6.0633
v -2.0084 0.8564 6.0947
v -2.0475 0.8256 6.1035
v -2.0794 0.8133 6.1157
v -2.1029 0.8366 6.1440
v -2.1335 0.8491 6.1631
v -2.1705 0.8263 6.1560
v -2.2042 0.8341 6.1635
v -2.2376 0.8221 6.1540
v -2.2687 0.8105 6.1406
v -2.2965 0.7976 6.1228
v -2.3388 0.8426 6.1340
v -2.3585 0.8171 6.1017
v -2.3862 0.8231 6.0829
v -2.4206 0.8473 6.0672
v -2.4542 0.8722 6.0458
v -2.4695 0.8695 6.0115
v -2.4746 0.8577 5.9742
v -2.4586 0.8203 5.9353
v -2.4619 0.8218 5.9021
v -2.4637 0.8275 5.8682
v -2.4607 0.8331 5.8340
v -2.4639 0.8569 5.7957
v -2.4199 0.8058 5.7789
v -2.4043 0.8098 5.7506
v -2.3890 0.8228 5.7202
v -2.3620 0.8178 5.7004
v -2.3433 0.8448 5.6670
v -2.3262 0.9032 5.6171
v -2.2869 0.8953 5.6087
v -2.2466 0.8776 5.6117
v -2.2082 0.7921 5.6631
v -2.1788 0.7720 5.6776
v -2.1461 0.7968 5.6678
v -2.1202 0.7805 5.6873
v -2.0725 0.8466 5.6638
v -2.0482 0.8324 5.6905
v -2.0028 0.8760 5.6933
v -1.9743 0.8827 5.7190
v -1.9341 0.8110 5.7399
v -1.9188 0.8065 5.7782
v -1.9372 0.7655 5.8256
v -1.9347 0.7594 5.8620
v -1.9109 0.7856 5.8976
v -1.9072 0.7930 5.9369
v -1.8898 0.8248 5.9821
v -1.9205 0.8017 6.0157
v -1.9235 0.8224 6.0602
v -1.9587 0.8039 6.0868
v -1.9731 0.8250 6.1294
v -2.0159 0.8032 6.1441
v -2.0535 0.7930 6.1597
v -2.0823 0.8135 6.1927
v -2.1243 0.8006 6.1963
v -2.1652 0.7871 6.1937
v -2.2038 0.8067 6.2124
v -2.2428 0.7888 6.1957
v -2.2806 0.7865 6.1866
v -2.3178 0.7880 6.1756
v -2.3560 0.7959 6.1642
v -2.3989 0.8158 6.1552
v -2.4196 0.7964 6.1168
v -2.4657 0.8274 6.1024
v -2.4673 0.7949 6.0535
v -2.4941 0.8070 6.0219
v -2.5197 0.8226 5.9867
v -2.5050 0.7934 5.9418
v -2.5161 0.8036 5.9025
v -2.5081 0.7965 5.8627
v -2.4868 0.7787 5.8273
v -2.4748 0.7785 5.7913
v -2.4775 0.8059 5.7463
v -2.4544 0.8049 5.7127
v -2.4083 0.7708 5.7012
v -2.3963 0.8023 5.6565
v -2.3698 0.8193 5.6220
v -2.3333 0.8231 5.6002
v -2.2991 0.8513 5.5643
v -2.2543 0.8494 5.5566
v -2.2087 0.7859 5.6043
v -2.1715 0.7712 5.6184
v -2.1385 0.7541 5.6386
v -2.0996 0.7719 5.6364
v -2.0475 0.8186 5.6199
v -2.0151 0.8129 5.6467
v -1.9753 0.8277 5.6653
v -1.9535 0.8169 5.7028
v -1.9042 0.7659 5.7223
v -1.8727 0.7776 5.7587
v -1.9089 0.7243 5.8177
v -1.9025 0.7225 5.8575
v -1.8773 0.7446 5.8973
v -1.8586 0.7657 5.9429
v -1.8458 0.7875 5.9935
v -1.8573 0.7916 6.0413
v -1.9058 0.7608 6.0703
v -1.9179 0.7765 6.1176
v -1.9479 0.7778 6.1543
v -1.9869 0.7719 6.1811
v -2.0327 0.7579 6.1952
v -2.0753 0.7513 6.2092
v -2.1155 0.7561 6.2283
v -2.1567 0.7729 6.2541
v -2.2034 0.7751 6.2598
v -2.2480 0.7560 6.2380
v -2.2939 0.7643 6.2377
v -2.3330 0.7533 6.2131
v -2.3752 0.7581 6.1982
v -2.4329 0.7914 6.2003
v -2.4553 0.7703 6.1530
v -2.4970 0.7840 6.1268
v -2.5000 0.7562 6.0727
v -2.5089 0.7443 6.0282
v -2.5571 0.7792 5.9970
v -2.5819 0.7944 5.9525
v -2.5518 0.7610 5.9028
v -2.5614 0.7731 5.8562
v -2.5144 0.7340 5.8201
v -2.5227 0.7568 5.7719
v -2.5170 0.7724 5.7239
v -2.4928 0.7742 5.6838
v -2.4678 0.7821 5.6427
v -2.4272 0.7745 5.6168
v -2.3845 0.7669 5.5970
v -2.3574 0.8025 5.5433
v -2.3037 0.7806 5.5478
v -2.2557 0.7722 5.5465
v -2.2090 0.7476 5.5680
v -2.1646 0.7557 5.5624
v -2.1274 0.7300 5.5958
v -2.0763 0.7618 5.5790
v -2.0335 0.7658 5.5952
v -1.9888 0.7763 5.6118
v -1.9523 0.7774 5.6419
v -1.9097 0.7914 5.6686
v -1.8715 0.7255 5.7031
v -1.8595 0.7162 5.7531
v -1.8651 0.6983 5.8056
v -1.8383 0.7121 5.8485
v -1.8300 0.7159 5.8970
v -1.7962 0.7451 5.9506
v -1.7980 0.7519 6.0059
v -1.8604 0.7134 6.0400
v -1.8876 0.7080 6.0806
v -1.9094 0.7125 6.1240
v -1.9288 0.7262 6.1731
v -1.9509 0.7466 6.2273
v -2.0117 0.7218 6.2308
v -2.0530 0.7290 6.2617
v -2.1100 0.7038 6.2479
v -2.1552 0.7098 6.2650
v -2.2031 0.7290 6.2928
v -2.2539 0.7255 6.2855
v -2.3096 0.7439 6.2985
v -2.3568 0.7356 6.2718
v -2.3979 0.7257 6.2381
v -2.4518 0.7406 6.2253
v -2.4735 0.7197 6.1716
v -2.4985 0.7114 6.1280
v -2.5269 0.7125 6.0886
v -2.5486 0.7123 6.0450
v -2.5885 0.7320 6.0057
v -2.6316 0.7579 5.9595
v -2.5949 0.7257 5.9031
v -2.5832 0.7187 5.8535
v -2.5678 0.7137 5.8063
v -2.5609 0.7208 5.7565
v -2.5487 0.7295 5.7060
v -2.5369 0.7459 5.6505
v -2.4892 0.7322 5.6216
v -2.4503 0.7320 5.5873
v -2.4024 0.7243 5.5665
v -2.3629 0.7359 5.5302
v -2.3056 0.7131 5.5408
v -2.2610 0.7305 5.5090
v -2.2094 0.7248 5.5125
v -2.1578 0.7315 5.5069
v -2.1088 0.7255 5.5240
v -2.0660 0.7140 5.5535
v -2.0212 0.7152 5.5734
v -1.9792 0.7165 5.5991
v -1.9452 0.7127 5.6347
v -1.9063 0.7193 5.6659
v -1.8496 0.6762 5.6902
v -1.8292 0.6735 5.7402
v -1.8116 0.6735 5.7908
v -1.7956 0.6767 5.8426
v -1.7905 0.6775 5.8966
v -1.7711 0.6915 5.9537
v -1.8075 0.6750 6.0034
v -1.8291 0.6719 6.0527
v -1.8303 0.6876 6.1130
v -1.8613 0.6876 6.1603
v -1.8962 0.6894 6.2051
v -1.9367 0.6914 6.2455
v -1.9884 0.6862 6.2705
v -2.0379 0.6873 6.2975
v -2.1038 0.6579 6.2705
v -2.1481 0.6800 6.3159
v -2.2029 0.6765 6.3142
v -2.2556 0.6693 6.2997
v -2.3091 0.6735 6.2964
v -2.3714 0.6926 6.3080
v -2.4323 0.7041 6.2989
v -2.4725 0.6938 6.2529
v -2.4907 0.6710 6.1890
v -2.5415 0.6833 6.1616
v -2.5408 0.6602 6.0967
v -2.5721 0.6659 6.0550
v -2.6175 0.6842 6.0138
v -2.6173 0.6770 5.9575
v -2.6408 0.6891 5.9035
v -2.5997 0.6654 5.8514
v -2.5805 0.6593 5.8029
v -2.5802 0.6697 5.7486
v -2.5830 0.6882 5.6865
v -2.5542 0.6900 5.6374
v -2.5101 0.6839 5.6010
v -2.4797 0.6953 5.5495
v -2.4093 0.6679 5.5548
v -2.3627 0.6682 5.5308
v -2.3107 0.6624 5.5226
v -2.2625 0.6715 5.4977
v -2.2097 0.6812 5.4782
v -2.1488 0.7104 5.4348
v -2.0949 0.6947 5.4706
v -2.0516 0.6753 5.5178
v -2.0028 0.6755 5.5410
v -1.9658 0.6671 5.5814
v -1.9074 0.6838 5.5963
v -1.8900 0.6683 5.6532
v -1.8191 0.6329 5.6723
v -1.8090 0.6244 5.7317
v -1.7689 0.6351 5.7790
v -1.7551 0.6360 5.8369
v -1.7436 0.6393 5.8963
v -1.7802 0.6234 5.9526
v -1.7788 0.6293 6.0109
v -1.7783 0.6389 6.0732
v -1.8263 0.6270 6.1153
v -1.8525 0.6300 6.1669
v -1.8990 0.6243 6.2024
v -1.9383 0.6265 6.2435
v -1.9723 0.6387 6.2977
v -2.0292 0.6352 6.3179
v -2.0891 0.6282 6.3235
v -2.1502 0.6117 6.3008
v -2.2031 0.6093 6.2996
v -2.2619 0.6353 6.3507
v -2.3172 0.6295 6.3278
v -2.3873 0.6488 6.3472
v -2.4425 0.6472 6.3168
v -2.4747 0.6312 6.2557
v -2.5245 0.6350 6.2234
v -2.5545 0.6293 6.1717
v -2.5962 0.6344 6.1293
v -2.6011 0.6232 6.0673
v -2.6280 0.6274 6.0167
v -2.6317 0.6235 5.9595
v -2.6326 0.6220 5.9034
v -2.6613 0.6374 5.8438
v -2.6270 0.6260 5.7909
v -2.6153 0.6291 5.7344
v -2.6071 0.6384 5.6729
v -2.5683 0.6350 5.6268
v -2.5316 0.6364 5.5798
v -2.4948 0.6424 5.5302
v -2.4340 0.6329 5.5128
v -2.3687 0.6172 5.5166
v -2.3120 0.6077 5.5180
v -2.2653 0.6220 5.4778
v -2.2100 0.6416 5.4326
v -2.1454 0.6555 5.4072
v -2.0780 0.6623 5.4055
v -2.0207 0.6545 5.4417
v -1.9993 0.6189 5.5348
v -1.9560 0.6168 5.5684
v -1.9314 0.6056 5.6206
v -1.8865 0.6121 5.6505
v -1.8188 0.5744 5.6721
v -1.7732 0.5816 5.7165
v -1.7234 0.5923 5.7664
v -1.7154 0.5904 5.8313
v -1.7454 0.5783 5.8963
v -1.7433 0.5803 5.9572
v -1.7673 0.5758 6.0138
v -1.7899 0.5743 6.0685
v -1.7918 0.5837 6.1348
v -1.8087 0.5912 6.2000
v -1.8878 0.5735 6.2134
v -1.9215 0.5791 6.2650
v -1.9725 0.5785 6.2975
v -2.0138 0.5896 6.3542
v -2.0812 0.5812 6.3521
v -2.1459 0.5698 6.3320
v -2.2025 0.5828 6.3737
v -2.2601 0.5709 6.3362
v -2.3309 0.5906 6.3804
v -2.3944 0.5924 6.3649
v -2.4597 0.5968 6.3472
v -2.4955 0.5850 6.2832
v -2.5387 0.5829 6.2378
v -2.5714 0.5791 6.1849
v -2.6113 0.5815 6.1382
v -2.6216 0.5749 6.0760
v -2.6671 0.5843 6.0275
v -2.6505 0.5741 5.9621
v -2.6859 0.5848 5.9039
v -2.6840 0.5855 5.8410
v -2.6432 0.5750 5.7867
v -2.6728 0.5931 5.7112
v -2.6112 0.5799 5.6706
v -2.5887 0.5846 5.6115
v -2.5640 0.5925 5.5480
v -2.4884 0.5776 5.5384
v -2.4483 0.5841 5.4885
v -2.3834 0.5760 5.4820
v -2.3174 0.5631 5.4982
v -2.2668 0.5701 5.4673
v -2.2103 0.5922 5.3992
v -2.1418 0.6010 5.3777
v -2.0773 0.5967 5.4026
v -2.0098 0.6001 5.4146
v -1.9654 0.5879 5.4750
v -1.9353 0.5746 5.5408
v -1.9167 0.5617 5.6057
v -1.8748 0.5643 5.6414
v -1.8486 0.5124 5.6896
v -1.7617 0.5278 5.7116
v -1.7316 0.5299 5.7687
v -1.6953 0.5352 5.8285
v -1.7227 0.5279 5.8961
v -1.7412 0.5245 5.9574
v -1.7499 0.5252 6.0184
v -1.7365 0.5332 6.0902
v -1.7520 0.5366 6.1574
v -1.8037 0.5326 6.2038
v -1.8547 0.5301 6.2460
v -1.9066 0.5287 6.2841
v -1.9555 0.5304 6.3264
v -2.0290 0.5213 6.3184
v -2.0799 0.5257 6.3568
v -2.1365 0.5325 6.3990
v -2.2025 0.5230 6.3620
v -2.2652 0.5273 6.3774
v -2.3258 0.5262 6.3608
v -2.3906 0.5296 6.3553
v -2.4397 0.5256 6.3120
v -2.5105 0.5328 6.3032
v -2.5521 0.5300 6.2514
v -2.5937 0.5297 6.2023
v -2.6484 0.5346 6.1600
v -2.6429 0.5258 6.0850
v -2.6715 0.5277 6.0287
v -2.6745 0.5255 5.9655
v -2.6767 0.5250 5.9038
v -2.6619 0.5224 5.8437
v -2.7159 0.5376 5.7679
v -2.6613 0.5296 5.7158
v -2.6606 0.5367 5.6425
v -2.6041 0.5313 5.5998
v -2.5480 0.5270 5.5637
v -2.5050 0.5284 5.5171
v -2.4572 0.5305 5.4734
v -2.3816 0.5202 5.4862
v -2.3257 0.5199 5.4682
v -2.2723 0.5263 5.4282
v -2.2105 0.5357 5.3821
v -2.1406 0.5397 5.3683
v -2.0723 0.5393 5.3833
v -1.9954 0.5457 5.3790
v -1.9559 0.5334 5.4582
v -1.9398 0.5186 5.5469
v -1.9072 0.5150 5.5961
v -1.8642 0.5167 5.6331
v -1.8237 0.4681 5.6750
v -1.7358 0.4756 5.7006
v -1.7141 0.4756 5.7639
v -1.6959 0.4761 5.8286
v -1.6985 0.4752 5.8959
v -1.7147 0.4738 5.9607
v -1.7208 0.4745 6.0259
v -1.7498 0.4735 6.0848
v -1.7570 0.4762 6.1546
v -1.8032 0.4749 6.2042
v -1.8601 0.4728 6.2407
v -1.9187 0.4707 6.2686
v -1.9535 0.4742 6.3297
v -2.0109 0.4744 6.3611
v -2.0696 0.4758 6.3943
v -2.1395 0.4724 6.3777
v -2.2021 0.4770 6.4232
v -2.2678 0.4746 6.3987
v -2.3275 0.4725 6.3676
v -2.3965 0.4751 6.3699
v -2.4531 0.4744 6.3356
v -2.5129 0.4754 6.3064
v -2.5482 0.4730 6.2475
v -2.6150 0.4764 6.2189
v -2.6575 0.4770 6.1654
v -2.6636 0.4740 6.0938
v -2.6763 0.4730 6.0300
v -2.6423 0.4677 5.9610
v -2.6750 0.4709 5.9038
v -2.7072 0.4749 5.8382
v -2.7255 0.4784 5.7654
v -2.7269 0.4813 5.6892
v -2.6859 0.4801 5.6282
v -2.5917 0.4725 5.6091
v -2.5428 0.4713 5.5688
v -2.4957 0.4711 5.5291
v -2.4430 0.4707 5.4976
v -2.3933 0.4721 5.4585
v -2.3279 0.4695 5.4605
v -2.2696 0.4696 5.4474
v -2.2101 0.4710 5.4297
v -2.1430 0.4762 5.3873
v -2.0692 0.4795 5.3713
v -2.0032 0.4790 5.3983
v -1.9561 0.4752 5.4585
v -1.9333 0.4691 5.5383
v -1.8928 0.4684 5.5814
v -1.8715 0.4660 5.6388
v -1.7940 0.4185 5.6575
v -1.7412 0.4185 5.7029
v -1.7340 0.4185 5.7694
v -1.7075 0.4185 5.8302
v -1.6776 0.4185 5.8957
v -1.6957 0.4185 5.9630
v -1.7425 0.4185 6.0203
v -1.7278 0.4185 6.0937
v -1.7622 0.4185 6.1516
v -1.8051 0.4185 6.2027
v -1.8664 0.4185 6.2344
v -1.8978 0.4185 6.2954
v -1.9702 0.4185 6.3015
v -2.0165 0.4185 6.3479
v -2.0802 0.4185 6.3557
v -2.1380 0.4185 6.3881
v -2.2019 0.4185 6.4423
v -2.2683 0.4185 6.4027
v -2.3252 0.4185 6.3585
v -2.3895 0.4185 6.3527
v -2.4430 0.4185 6.3178
v -2.4937 0.4185 6.2809
v -2.5624 0.4185 6.2619
v -2.5987 0.4185 6.2062
v -2.6504 0.4185 6.1612
v -2.6370 0.4185 6.0825
v -2.6668 0.4185 6.0274
v -2.6570 0.4185 5.9630
v -2.7090 0.4185 5.9041
v -2.6819 0.4185 5.8413
v -2.6956 0.4185 5.7731
v -2.6923 0.4185 5.7033
v -2.6853 0.4185 5.6286
v -2.6074 0.4185 5.5974
v -2.5496 0.4185 5.5622
v -2.4899 0.4185 5.5365
v -2.4377 0.4185 5.5065
v -2.3944 0.4185 5.4560
v -2.3458 0.4185 5.3957
v -2.2742 0.4185 5.4141
v -2.2104 0.4185 5.3851
v -2.1461 0.4185 5.4129
v -2.0786 0.4185 5.4075
v -2.0172 0.4185 5.4329
v -1.9566 0.4185 5.4593
v -1.9216 0.4185 5.5227
v -1.8885 0.4185 5.5771
v -1.8604 0.4185 5.6302
v -1.7722 0.3623 5.6447
v -1.7581 0.3642 5.7101
v -1.7652 0.3674 5.7780
v -1.7447 0.3665 5.8354
v -1.7210 0.3644 5.8961
v -1.7195 0.3638 5.9601
v -1.7175 0.3622 6.0268
v -1.7413 0.3625 6.0882
v -1.7792 0.3637 6.1420
v -1.8139 0.3637 6.1961
v -1.8512 0.3629 6.2494
v -1.9094 0.3647 6.2805
v -1.9623 0.3648 6.3148
v -2.0100 0.3624 6.3631
v -2.0723 0.3624 6.3843
v -2.1335 0.3599 6.4203
v -2.2021 0.3609 6.4162
v -2.2728 0.3579 6.4390
v -2.3235 0.3664 6.3520
v -2.3751 0.3683 6.3171
v -2.4412 0.3653 6.3147
v -2.5039 0.3634 6.2944
v -2.5538 0.3632 6.2532
v -2.5967 0.3632 6.2047
v -2.6204 0.3649 6.1436
v -2.6449 0.3654 6.0858
v -2.6387 0.3684 6.0196
v -2.6850 0.3646 5.9670
v -2.7123 0.3620 5.9041
v -2.7285 0.3598 5.8355
v -2.7208 0.3592 5.7666
v -2.7087 0.3580 5.6966
v -2.6484 0.3618 5.6495
v -2.6241 0.3601 5.5847
v -2.5296 0.3679 5.5819
v -2.4926 0.3666 5.5330
v -2.4388 0.3673 5.5046
v -2.4080 0.3608 5.4239
v -2.3452 0.3604 5.3979
v -2.2776 0.3610 5.3897
v -2.2102 0.3646 5.4168
v -2.1467 0.3642 5.4174
v -2.0907 0.3671 5.4544
v -2.0113 0.3605 5.4183
v -1.9519 0.3609 5.4511
v -1.9087 0.3634 5.5056
v -1.8706 0.3651 5.5589
v -1.8083 0.3622 5.5895
v -1.7674 0.3034 5.6419
v -1.7767 0.3130 5.7180
v -1.7730 0.3169 5.7802
v -1.7192 0.3073 5.8319
v -1.7330 0.3115 5.8962
v -1.7076 0.3049 5.9616
v -1.7174 0.3043 6.0268
v -1.7513 0.3075 6.0842
v -1.8117 0.3159 6.1236
v -1.8281 0.3114 6.1854
v -1.8617 0.3092 6.2391
v -1.9275 0.3160 6.2573
v -1.9659 0.3113 6.3087
v -2.0123 0.3061 6.3578
v -2.0819 0.3131 6.3495
v -2.1351 0.3023 6.4088
v -2.2020 0.2996 6.4258
v -2.2694 0.3019 6.4116
v -2.3220 0.3143 6.3462
v -2.3813 0.3130 6.3324
v -2.4360 0.3131 6.3054
v -2.4991 0.3086 6.2881
v -2.5390 0.3112 6.2381
v -2.6129 0.3019 6.2173
v -2.6141 0.3115 6.1399
v -2.6485 0.3099 6.0874
v -2.6600 0.3121 6.0255
v -2.6759 0.3113 5.9657
v -2.7122 0.3041 5.9041
v -2.7270 0.2999 5.8357
v -2.6902 0.3055 5.7745
v -2.6869 0.3013 5.7055
v -2.6500 0.3032 5.6486
v -2.5974 0.3077 5.6049
v -2.5487 0.3099 5.5631
v -2.4885 0.3148 5.5383
v -2.4436 0.3126 5.4964
v -2.3981 0.3073 5.4474
v -2.3457 0.3003 5.3961
v -2.2798 0.2985 5.3745
v -2.2104 0.3035 5.3913
v -2.1472 0.3095 5.4216
v -2.0926 0.3161 5.4615
v -2.0414 0.3191 5.4927
v -1.9547 0.3031 5.4560
v -1.8796 0.2959 5.4671
v -1.8382 0.2998 5.5259
v -1.7891 0.2989 5.5745
v -1.7829 0.2482 5.6510
v -1.7878 0.2609 5.7227
v -1.7670 0.2605 5.7785
v -1.7714 0.2663 5.8392
v -1.7237 0.2512 5.8961
v -1.7372 0.2546 5.9579
v -1.7304 0.2481 6.0234
v -1.7735 0.2566 6.0752
v -1.8188 0.2641 6.1196
v -1.8367 0.2580 6.1789
v -1.8766 0.2582 6.2244
v -1.9144 0.2540 6.2741
v -1.9737 0.2595 6.2954
v -2.0180 0.2512 6.3444
v -2.0838 0.2593 6.3427
v -2.1389 0.2498 6.3820
v -2.2022 0.2441 6.4029
v -2.2619 0.2611 6.3505
v -2.3305 0.2470 6.3789
v -2.3773 0.2605 6.3225
v -2.4450 0.2506 6.3214
v -2.4740 0.2644 6.2548
v -2.5516 0.2478 6.2509
v -2.5886 0.2504 6.1983
v -2.6104 0.2559 6.1377
v -2.6147 0.2647 6.0731
v -2.6408 0.2622 6.0202
v -2.6541 0.2617 5.9626
v -2.6863 0.2521 5.9039
v -2.6712 0.2561 5.8426
v -2.6957 0.2432 5.7731
v -2.6598 0.2489 5.7164
v -2.6137 0.2562 5.6692
v -2.5825 0.2551 5.6161
v -2.5217 0.2651 5.5897
v -2.4761 0.2665 5.5542
v -2.4384 0.2598 5.5054
v -2.3921 0.2534 5.4615
v -2.3379 0.2473 5.4241
v -2.2727 0.2523 5.4252
v -2.2100 0.2594 5.4411
v -2.1496 0.2580 5.4407
v -2.0999 0.2716 5.4898
v -2.0501 0.2742 5.5143
v -1.9795 0.2591 5.4999
v -1.9113 0.2487 5.5091
v -1.8199 0.2275 5.5073
v -1.7903 0.2356 5.5755
v -1.7878 0.1869 5.6539
v -1.8010 0.2085 5.7283
v -1.7723 0.2036 5.7800
v -1.7828 0.2145 5.8408
v -1.7915 0.2206 5.8967
v -1.7610 0.2044 5.9550
v -1.7454 0.1913 6.0195
v -1.7679 0.1928 6.0775
v -1.8271 0.2106 6.1148
v -1.8766 0.2214 6.1488
v -1.9201 0.2269 6.1816
v -1.9313 0.2052 6.2524
v -1.9894 0.2143 6.2688
v -2.0296 0.2024 6.3171
v -2.0832 0.1982 6.3450
v -2.1416 0.1957 6.3625
v -2.2029 0.2177 6.3208
v -2.2612 0.2045 6.3451
v -2.3241 0.1945 6.3543
v -2.3725 0.2071 6.3107
v -2.4230 0.2088 6.2824
v -2.4611 0.2166 6.2377
v -2.5071 0.2138 6.2058
v -2.5397 0.2167 6.1601
v -2.5999 0.2006 6.1315
v -2.6383 0.1946 6.0831
v -2.6287 0.2094 6.0168
v -2.6678 0.1961 5.9646
v -2.6685 0.1980 5.9037
v -2.6643 0.1983 5.8435
v -2.6657 0.1920 5.7809
v -2.6262 0.2024 5.7300
v -2.5700 0.2190 5.6939
v -2.5331 0.2232 5.6534
v -2.5237 0.2060 5.5876
v -2.4898 0.1986 5.5366
v -2.4498 0.1893 5.4860
v -2.3885 0.1956 5.4698
v -2.3294 0.1981 5.4548
v -2.2671 0.2091 5.4654
v -2.2098 0.2096 5.4622
v -2.1556 0.2213 5.4899
v -2.1055 0.2269 5.5113
v -2.0531 0.2237 5.5216
v -1.9865 0.2058 5.5121
v -1.9261 0.1965 5.5287
v -1.8397 0.1691 5.5274
v -1.7916 0.1675 5.5764
v -1.8222 0.1411 5.6741
v -1.8038 0.1463 5.7295
v -1.7857 0.1468 5.7837
v -1.8164 0.1734 5.8455
v -1.7795 0.1528 5.8966
v -1.8112 0.1707 5.9488
v -1.8192 0.1695 6.0004
v -1.8282 0.1645 6.0530
v -1.8227 0.1440 6.1173
v -1.8896 0.1715 6.1390
v -1.9037 0.1542 6.1977
v -1.9467 0.1557 6.2327
v -1.9979 0.1627 6.2542
v -2.0436 0.1588 6.2840
v -2.0861 0.1378 6.3346
v -2.1460 0.1474 6.3312
v -2.2030 0.1633 6.3100
v -2.2540 0.1762 6.2862
v -2.3123 0.1555 6.3088
v -2.3672 0.1515 6.2976
v -2.4127 0.1578 6.2643
v -2.4511 0.1654 6.2245
v -2.4794 0.1760 6.1776
v -2.5180 0.1723 6.1432
v -2.5521 0.1687 6.1034
v -2.6043 0.1494 6.0686
v -2.6420 0.1370 6.0205
v -2.6580 0.1345 5.9632
v -2.6368 0.1504 5.9035
v -2.6113 0.1644 5.8500
v -2.6163 0.1548 5.7937
v -2.5881 0.1620 5.7454
v -2.5410 0.1790 5.7103
v -2.5305 0.1656 5.6553
v -2.5081 0.1549 5.6030
v -2.4755 0.1460 5.5550
v -2.4259 0.1487 5.5265
v -2.3824 0.1374 5.4843
v -2.3245 0.1425 5.4727
v -2.2627 0.1649 5.4966
v -2.2097 0.1576 5.4809
v -2.1567 0.1665 5.4984
v -2.1028 0.1619 5.5011
v -2.0573 0.1712 5.5319
v -2.0094 0.1699 5.5526
v -1.9489 0.1525 5.5589
v -1.8944 0.1417 5.5831
v -1.8401 0.1293 5.6143
v -1.8452 0.0875 5.6877
v -1.8151 0.0828 5.7343
v -1.8059 0.0903 5.7893
v -1.8221 0.1119 5.8463
v -1.8517 0.1383 5.8971
v -1.8581 0.1413 5.9430
v -1.8526 0.1298 5.9917
v -1.8571 0.1209 6.0413
v -1.8480 0.0931 6.1030
v -1.8817 0.0972 6.1449
v -1.9200 0.1011 6.1817
v -1.9614 0.1039 6.2139
v -2.0021 0.1003 6.2471
v -2.0540 0.1100 6.2594
v -2.1006 0.1054 6.2819
v -2.1504 0.0999 6.2993
v -2.2032 0.1122 6.2876
v -2.2541 0.1104 6.2870
v -2.3090 0.0951 6.2962
v -2.3519 0.1118 6.2598
v -2.4080 0.0951 6.2561
v -2.4336 0.1203 6.2012
v -2.4537 0.1398 6.1514
v -2.4852 0.1389 6.1176
v -2.5460 0.1071 6.0998
v -2.5874 0.0914 6.0615
v -2.6088 0.0885 6.0113
v -2.6255 0.0840 5.9586
v -2.6245 0.0880 5.9034
v -2.5849 0.1171 5.8533
v -2.5469 0.1405 5.8117
v -2.5234 0.1482 5.7716
v -2.5016 0.1503 5.7327
v -2.4945 0.1332 5.6825
v -2.4927 0.1009 5.6181
v -2.4726 0.0763 5.5586
v -2.4214 0.0832 5.5342
v -2.3715 0.0837 5.5099
v -2.3096 0.1121 5.5263
v -2.2550 0.1403 5.5513
v -2.2093 0.1203 5.5227
v -2.1594 0.1162 5.5203
v -2.1057 0.1020 5.5123
v -2.0667 0.1245 5.5551
v -2.0163 0.1139 5.5647
v -1.9724 0.1117 5.5901
v -1.9187 0.0945 5.6078
v -1.8912 0.1027 5.6542
v -1.9018 0.0684 5.7209
v -1.8786 0.0659 5.7612
v -1.8524 0.0547 5.8021
v -1.8661 0.0782 5.8524
v -1.8452 0.0607 5.8971
v -1.8917 0.1045 5.9388
v -1.8742 0.0786 5.9861
v -1.8877 0.0779 6.0290
v -1.9019 0.0719 6.0725
v -1.9205 0.0638 6.1156
v -1.9467 0.0577 6.1554
v -1.9745 0.0451 6.1971
v -2.0337 0.0813 6.1933
v -2.0720 0.0775 6.2169
v -2.1160 0.0830 6.2263
v -2.1595 0.0835 6.2348
v -2.2035 0.0807 6.2409
v -2.2475 0.0849 6.2341
v -2.2989 0.0529 6.2572
v -2.3433 0.0568 6.2384
v -2.3750 0.0793 6.1978
v -2.4084 0.0859 6.1679
v -2.4527 0.0704 6.1504
v -2.4757 0.0799 6.1102
v -2.5018 0.0787 6.0738
v -2.5366 0.0630 6.0399
v -2.5809 0.0333 6.0036
v -2.5786 0.0460 5.9521
v -2.5801 0.0481 5.9030
v -2.5510 0.0744 5.8574
v -2.5434 0.0734 5.8126
v -2.5188 0.0844 5.7735
v -2.5089 0.0738 5.7285
v -2.4890 0.0675 5.6866
v -2.4581 0.0685 5.6522
v -2.4396 0.0426 5.6009
v -2.3995 0.0408 5.5714
v -2.3518 0.0489 5.5565
v -2.2992 0.0733 5.5642
v -2.2492 0.1111 5.5928
v -2.2088 0.1038 5.5824
v -2.1667 0.0981 5.5791
v -2.1148 0.0576 5.5474
v -2.0643 0.0435 5.5492
v -2.0272 0.0587 5.5841
v -2.0037 0.0853 5.6316
v -1.9594 0.0697 5.6491
v -1.9268 0.0673 5.6819
v -1.9432 0.0393 5.7453
v -1.8877 0.0000 5.7650
v -1.8841 0.0031 5.8109
v -1.8850 0.0154 5.8551
v -1.8987 0.0362 5.8975
v -1.9315 0.0745 5.9339
v -1.9149 0.0444 5.9756
v -1.9276 0.0450 6.0128
v -1.9506 0.0533 6.0449
v -1.9403 0.0045 6.1007
v -1.9617 0.0000 6.1407
v -2.0069 0.0159 6.1555
v -2.0513 0.0386 6.1635
v -2.0839 0.0286 6.1889
v -2.1257 0.0428 6.1914
v -2.1660 0.0570 6.1881
v -2.2039 0.0477 6.1984
v -2.2455 0.0205 6.2179
v -2.2838 0.0347 6.1990
v -2.3211 0.0382 6.1837
v -2.3509 0.0540 6.1552
v -2.3919 0.0355 6.1460
v -2.4302 0.0219 6.1275
v -2.4434 0.0447 6.0850
v -2.4832 0.0193 6.0629
v -2.5058 0.0143 6.0269
v -2.5094 0.0277 5.9839
v -2.5315 0.0104 5.9455
v -2.5124 0.0382 5.9025
v -2.4959 0.0559 5.8642
v -2.4969 0.0455 5.8246
v -2.4848 0.0452 5.7873
v -2.4727 0.0380 5.7490
v -2.4703 0.0076 5.7008
v -2.4370 0.0164 5.6730
v -2.4061 0.0150 5.6440
v -2.3793 0.0000 5.6058
v -2.3293 0.0268 5.6097
v -2.2836 0.0582 5.6205
v -2.2447 0.0739 5.6254
v -2.2085 0.0777 5.6257
v -2.1712 0.0623 5.6155
v -2.1271 0.0263 5.5945
v -2.0869 0.0231 5.6051
v -2.0553 0.0381 5.6336
v -2.0317 0.0584 5.6687
v -2.0154 0.0804 5.7061
v -1.9740 0.0525 5.7188
v -1.9779 0.0007 5.7657
v -1.9528 0.0000 5.7926
v -1.9446 0.0000 5.8276
v -1.9282 0.0000 5.8611
v -1.9374 0.0000 5.8978
v -1.9574 0.0231 5.9307
v -1.9587 0.0152 5.9642
v -1.9726 0.0210 5.9946
v -1.9809 0.0099 6.0277
v -1.9914 0.0000 6.0621
v -1.9947 0.0000 6.1082
v -2.0335 0.0000 6.1214
v -2.0709 0.0000 6.1301
v -2.1102 0.0302 6.1267
v -2.1380 0.0148 6.1467
v -2.1687 0.0000 6.1686
v -2.2042 0.0145 6.1561
v -2.2410 0.0000 6.1810
v -2.2703 0.0162 6.1469
v -2.2966 0.0389 6.1231
v -2.3367 0.0014 6.1301
v -2.3693 0.0000 6.1161
v -2.3953 0.0000 6.0921
v -2.4188 0.0000 6.0658
v -2.4495 0.0000 6.0431
v -2.4449 0.0098 6.0011
v -2.4720 0.0000 5.9735
v -2.4641 0.0079 5.9361
v -2.4559 0.0248 5.9020
v -2.4663 0.0053 5.8679
v -2.4374 0.0419 5.8401
v -2.4412 0.0188 5.8049
v -2.4491 0.0000 5.7624
v -2.4179 0.0003 5.7403
v -2.4117 0.0000 5.6979
v -2.3731 0.0000 5.6862
v -2.3414 0.0000 5.6703
v -2.3080 0.0075 5.6600
v -2.2775 0.0000 5.6425
v -2.2432 0.0000 5.6362
v -2.2084 0.0127 5.6427
v -2.1733 0.0000 5.6326
v -2.1356 0.0000 5.6274
v -2.1016 0.0000 5.6414
v -2.0684 0.0000 5.6566
v -2.0542 0.0203 5.6984
v -2.0422 0.0496 5.7332
v -2.0055 0.0168 5.7433
v -2.0118 0.0000 5.7856
v -1.9969 0.0000 5.8113
v -1.9807 0.0000 5.8376
v -1.9846 0.0000 5.8690
v -1.9794 0.0000 5.8982
v -1.9889 0.0000 5.9268
v -2.0124 0.0064 5.9503
v -2.0106 0.0000 5.9792
v -2.0237 0.0000 6.0035
v -2.0338 0.0000 6.0302
v -2.0418 0.0000 6.0619
v -2.0711 0.0000 6.0732
v -2.0930 0.0000 6.0925
v -2.1217 0.0000 6.0997
v -2.1486 0.0000 6.1084
v -2.1775 0.0000 6.1060
v -2.2046 0.0000 6.1112
v -2.2325 0.0000 6.1126
v -2.2575 0.0000 6.0974
v -2.2807 0.0103 6.0839
v -2.3108 0.0000 6.0845
v -2.3312 0.0000 6.0656
v -2.3633 0.0000 6.0596
v -2.3886 0.0000 6.0422
v -2.4062 0.0000 6.0176
v -2.4005 0.0000 5.9823
v -2.4088 0.0000 5.9560
v -2.4037 0.0083 5.9276
v -2.4163 0.0000 5.9017
v -2.4092 0.0000 5.8750
v -2.4077 0.0000 5.8478
v -2.4122 0.0000 5.8167
v -2.3924 0.0000 5.7945
v -2.3938 0.0000 5.7585
v -2.3574 0.0000 5.7513
v -2.3373 0.0000 5.7320
v -2.3140 0.0000 5.7168
v -2.2846 0.0052 5.7151
v -2.2607 0.0000 5.7031
v -2.2361 0.0000 5.6870
v -2.2081 0.0000 5.6746
v -2.1784 0.0000 5.6745
v -2.1507 0.0000 5.6858
v -2.1256 0.0000 5.7008
v -2.1010 0.0000 5.7143
v -2.0800 0.0000 5.7326
v -2.0701 0.0191 5.7617
v -2.0426 0.0000 5.7723
v -2.0692 0.0000 5.8194
v -2.0498 0.0000 5.8337
v -2.0381 0.0000 5.8535
v -2.0436 0.0000 5.8772
v -2.0452 0.0000 5.8987
v -2.0469 0.0000 5.9197
v -2.0443 0.0000 5.9420
v -2.0622 0.0000 5.9583
v -2.0758 0.0000 5.9739
v -2.0705 0.0000 6.0025
v -2.0847 0.0000 6.0197
v -2.0968 0.0000 6.0403
v -2.1243 0.0000 6.0395
v -2.1423 0.0000 6.0511
v -2.1653 0.0000 6.0481
v -2.1841 0.0000 6.0587
v -2.2049 0.0000 6.0678
v -2.2256 0.0000 6.0565
v -2.2453 0.0000 6.0505
v -2.2620 0.0000 6.0378
v -2.2837 0.0000 6.0366
v -2.3008 0.0000 6.0252
v -2.3223 0.0000 6.0180
v -2.3506 0.0000 6.0126
v -2.3581 0.0000 5.9893
v -2.3514 0.0000 5.9615
v -2.3651 0.0000 5.9439
v -2.3668 0.0000 5.9225
v -2.3677 0.0000 5.9013
v -2.3596 0.0000 5.8811
v -2.3699 0.0000 5.8576
v -2.3624 0.0000 5.8368
v -2.3582 0.0000 5.8139
v -2.3468 0.0000 5.7940
v -2.3249 0.0000 5.7833
v -2.3057 0.0000 5.7726
v -2.2884 0.0000 5.7603
v -2.2692 0.0000 5.7515
v -2.2475 0.0000 5.7510
v -2.2293 0.0000 5.7352
v -2.2077 0.0000 5.7220
v -2.1854 0.0000 5.7306
v -2.1653 0.0000 5.7418
v -2.1468 0.0000 5.7531
v -2.1299 0.0000 5.7651
v -2.1119 0.0000 5.7749
v -2.0943 0.0000 5.7862
v -2.0790 0.0000 5.8007
v -2.1087 0.0000 5.8426
v -2.1040 0.0000 5.8567
v -2.1056 0.0000 5.8721
v -2.0950 0.0000 5.8844
v -2.0879 0.0000 5.8990
v -2.0993 0.0000 5.9132
v -2.0949 0.0000 5.9289
v -2.1058 0.0000 5.9407
v -2.1064 0.0000 5.9566
v -2.1231 0.0000 5.9628
v -2.1303 0.0000 5.9747
v -2.1387 0.0000 5.9866
v -2.1516 0.0000 5.9930
v -2.1637 0.0000 6.0005
v -2.1775 0.0000 6.0040
v -2.1908 0.0000 6.0108
v -2.2054 0.0000 6.0103
v -2.2193 0.0000 6.0054
v -2.2327 0.0000 6.0018
v -2.2475 0.0000 6.0018
v -2.2579 0.0000 5.9911
v -2.2714 0.0000 5.9863
v -2.2899 0.0000 5.9850
v -2.2961 0.0000 5.9701
v -2.3089 0.0000 5.9603
v -2.3140 0.0000 5.9456
v -2.3044 0.0000 5.9271
v -2.3079 0.0000 5.9142
v -2.3066 0.0000 5.9008
v -2.3182 0.0000 5.8862
v -2.3173 0.0000 5.8712
v -2.3201 0.0000 5.8539
v -2.3048 0.0000 5.8442
v -2.2994 0.0000 5.8298
v -2.2817 0.0000 5.8258
v -2.2684 0.0000 5.8204
v -2.2617 0.0000 5.8059
v -2.2480 0.0000 5.8014
v -2.2354 0.0000 5.7947
v -2.2217 0.0000 5.7895
v -2.2073 0.0000 5.7770
v -2.1919 0.0000 5.7838
v -2.1790 0.0000 5.7949
v -2.1671 0.0000 5.8031
v -2.1544 0.0000 5.8084
v -2.1385 0.0000 5.8102
v -2.1277 0.0000 5.8202
v -2.1171 0.0000 5.8304
v -2.1620 0.0000 5.8740
v -2.1579 0.0000 5.8795
v -2.1527 0.0000 5.8852
v -2.1504 0.0000 5.8922
v -2.1510 0.0000 5.8996
v -2.1493 0.0000 5.9070
v -2.1524 0.0000 5.9140
v -2.1520 0.0000 5.9220
v -2.1568 0.0000 5.9280
v -2.1649 0.0000 5.9312
v -2.1700 0.0000 5.9357
v -2.1720 0.0000 5.9440
v -2.1775 0.0000 5.9489
v -2.1843 0.0000 5.9518
v -2.1914 0.0000 5.9538
v -2.1984 0.0000 5.9563
v -2.2059 0.0000 5.9518
v -2.2131 0.0000 5.9552
v -2.2198 0.0000 5.9523
v -2.2280 0.0000 5.9536
v -2.2343 0.0000 5.9494
v -2.2419 0.0000 5.9472
v -2.2490 0.0000 5.9434
v -2.2526 0.0000 5.9361
v -2.2563 0.0000 5.9295
v -2.2578 0.0000 5.9218
v -2.2587 0.0000 5.9145
v -2.2571 0.0000 5.9071
v -2.2595 0.0000 5.9004
v -2.2607 0.0000 5.8933
v -2.2656 0.0000 5.8846
v -2.2632 0.0000 5.8770
v -2.2568 0.0000 5.8714
v -2.2498 0.0000 5.8672
v -2.2465 0.0000 5.8604
v -2.2374 0.0000 5.8601
v -2.2322 0.0000 5.8560
v -2.2258 0.0000 5.8538
v -2.2217 0.0000 5.8441
v -2.2145 0.0000 5.8415
v -2.2067 0.0000 5.8423
v -2.1988 0.0000 5.8392
v -2.1926 0.0000 5.8474
v -2.1873 0.0000 5.8531
v -2.1789 0.0000 5.8517
v -2.1718 0.0000 5.8543
v -2.1676 0.0000 5.8606
v -2.1614 0.0000 5.8650
v -2.2063 0.0000 5.9000
v -2.2063 0.0000 5.9000
v -2.2063 0.0000 5.9000
v -2.2063 0.0000 5.9000
v -2.2063 0.0000 5.9000
v -2.2063 0.0000 5.9000
v -2.2063 0.0000 5.9000
v -2.2063 0.0000 5.9000
v -2.2063 0.0000 5.9000
v -2.2063 0.0000 5.9000
v -2.2063 0.0000 5.9000
v -2.2063 0.0000 5.9000
v -2.2063 0.0000 5.9000
v -2.2063 0.0000 5.9000
v -2.2063 0.0000 5.9000
v -2.2063 0.0000 5.9000
v -2.2063 0.0000 5.9000
v -2.2063 0.0000 5.9000
v -2.2063 0.0000 5.9000
v -2.2063 0.0000 5.9000
v -2.2063 0.0000 5.9000
v -2.2063 0.0000 5.9000
v -2.2063 0.0000 5.9000
v -2.2063 0.0000 5.9000
v -2.2063 0.0000 5.9000
v -2.2063 0.0000 5.9000
v -2.2063 0.0000 5.9000
v -2.2063 0.0000 5.9000
v -2.2063 0.0000 5.9000
v -2.2063 0.0000 5.9000
v -2.2063 0.0000 5.9000
v -2.2063 0.0000 5.9000
v -2.2063 0.0000 5.9000
v -2.2063 0.0000 5.9000
v -2.2063 0.0000 5.9000
v -2.2063 0.0000 5.9000
v -2.2063 0.0000 5.9000
v -2.2063 0.0000 5.9000
v -2.2063 0.0000 5.9000
v -2.2063 0.0000 5.9000
v -2.2063 0.0000 5.9000
v -2.2063 0.0000 5.9000
v -2.2063 0.0000 5.9000
v -2.2063 0.0000 5.9000
v -2.2063 0.0000 5.9000
v -2.2063 0.0000 5.9000
v -2.2063 0.0000 5.9000
v -2.2063 0.0000 5.9000
v -2.1813 0.0994 5.8853
v -2.1813 0.0000 5.8853
v -2.1782 0.0994 5.9073
v -2.1782 0.0000 5.9073
v -2.1916 0.0994 5.9250
v -2.1916 0.0000 5.9250
v -2.2136 0.0994 5.9281
v -2.2136 0.0000 5.9281
v -2.2313 0.0994 5.9147
v -2.2313 0.0000 5.9147
v -2.2343 0.0994 5.8927
v -2.2343 0.0000 5.8927
v -2.2210 0.0994 5.8750
v -2.2210 0.0000 5.8750
v -2.1990 0.0994 5.8719
v -2.1990 0.0000 5.8719
v -2.2063 0.0994 5.9000
v -2.2063 0.0000 5.9000
vn -0.4499 -0.1656 -0.8776
usemtl leaf_5
f 5703//5505 5751//5505 5752//5505 5704//5505
vn 0.2075 -0.4894 0.8470
f 5704//5506 5752//5506 5753//5506 5705//5506
vn 0.0040 -0.5831 0.8124
f 5705//5507 5753//5507 5754//5507 5706//5507
vn -0.0733 -0.1482 -0.9862
f 5706//5508 5754//5508 5755//5508 5707//5508
vn -0.1342 -0.3161 0.9392
f 5707//5509 5755//5509 5756//5509 5708//5509
vn 0.1566 -0.1314 -0.9789
usemtl leaf_4
f 5708//5510 5756//5510 5757//5510 5709//5510
vn 0.2839 -0.2467 -0.9266
usemtl leaf_5
f 5709//5511 5757//5511 5758//5511 5710//5511
vn -0.2661 -0.4747 0.8390
usemtl leaf_4
f 5710//5512 5758//5512 5759//5512 5711//5512
vn -0.1403 -0.5608 0.8160
usemtl leaf_5
f 5711//5513 5759//5513 5760//5513 5712//5513
vn -0.6218 -0.1119 0.7752
usemtl leaf_4
f 5712//5514 5760//5514 5761//5514 5713//5514
vn -0.6870 -0.3297 0.6476
usemtl leaf_5
f 5713//5515 5761//5515 5762//5515 5714//5515
vn -0.8106 -0.3917 0.4353
f 5714//5516 5762//5516 5763//5516 5715//5516
vn 0.9000 -0.1631 -0.4042
f 5715//5517 5763//5517 5764//5517 5716//5517
vn 0.9275 -0.2180 -0.3036
f 5716//5518 5764//5518 5765//5518 5717//5518
vn -0.9696 -0.1955 0.1470
f 5717//5519 5765//5519 5766//5519 5718//5519
vn 0.0911 -0.9672 0.2372
f 5718//5520 5766//5520 5767//5520 5719//5520
vn 0.8707 -0.4249 0.2475
f 5719//5521 5767//5521 5768//5521 5720//5521
vn 0.9618 -0.1533 0.2268
f 5720//5522 5768//5522 5769//5522 5721//5522
vn -0.9219 -0.2865 -0.2610
f 5721//5523 5769//5523 5770//5523 5722//5523
vn 0.8989 -0.1927 0.3934
usemtl leaf_4
f 5722//5524 5770//5524 5771//5524 5723//5524
vn -0.6974 -0.3855 -0.6042
usemtl leaf_5
f 5723//5525 5771//5525 5772//5525 5724//5525
vn -0.6960 -0.1596 -0.7001
f 5724//5526 5772//5526 5773//5526 5725//5526
vn 0.6273 -0.4293 0.6498
f 5725//5527 5773//5527 5774//5527 5726//5527
vn -0.7142 -0.5963 -0.3665
f 5726//5528 5774//5528 5775//5528 5727//5528
vn 0.2722 -0.3528 0.8953
f 5727//5529 5775//5529 5776//5529 5728//5529
vn -0.3900 -0.1680 -0.9054
usemtl leaf_4
f 5728//5530 5776//5530 5777//5530 5729//5530
vn 0.1431 -0.5792 0.8025
usemtl leaf_5
f 5729//5531 5777//5531 5778//5531 5730//5531
vn -0.0423 -0.3069 -0.9508
f 5730//5532 5778//5532 5779//5532 5731//5532
vn -0.1357 -0.2138 0.9674
f 5731//5533 5779//5533 5780//5533 5732//5533
vn -0.3177 -0.3441 0.8835
usemtl leaf_4
f 5732//5534 5780//5534 5781//5534 5733//5534
vn -0.2940 -0.2085 0.9328
usemtl leaf_5
f 5733//5535 5781//5535 5782//5535 5734//5535
vn 0.5705 -0.3159 -0.7581
usemtl leaf_4
f 5734//5536 5782//5536 5783//5536 5735//5536
vn 0.5991 -0.0669 -0.7978
usemtl leaf_5
f 5735//5537 5783//5537 5784//5537 5736//5537
vn 0.7351 -0.2348 -0.6361
f 5736//5538 5784//5538 5785//5538 5737//5538
vn -0.6605 -0.4526 0.5990
f 5737//5539 5785//5539 5786//5539 5738//5539
vn -0.8302 -0.1313 0.5418
f 5738//5540 5786//5540 5787//5540 5739//5540
vn -0.9061 -0.0721 0.4168
usemtl leaf_4
f 5739//5541 5787//5541 5788//5541 5740//5541
vn -0.9461 -0.2820 0.1594
usemtl leaf_5
f 5740//5542 5788//5542 5789//5542 5741//5542
vn 0.9752 -0.1078 -0.1931
usemtl leaf_4
f 5741//5543 5789//5543 5790//5543 5742//5543
vn 0.9897 -0.1372 -0.0402
usemtl leaf_5
f 5742//5544 5790//5544 5791//5544 5743//5544
vn 0.9797 -0.1673 0.1100
f 5743//5545 5791//5545 5792//5545 5744//5545
vn -0.5402 -0.8192 0.1929
f 5744//5546 5792//5546 5793//5546 5745//5546
vn -0.5529 -0.8151 -0.1727
f 5745//5547 5793//5547 5794//5547 5746//5547
vn -0.9017 -0.0783 -0.4252
f 5746//5548 5794//5548 5795//5548 5747//5548
vn 0.7431 -0.3097 0.5933
f 5747//5549 5795//5549 5796//5549 5748//5549
vn 0.4178 -0.7172 0.5577
usemtl leaf_4
f 5748//5550 5796//5550 5797//5550 5749//5550
vn 0.6760 -0.1215 0.7268
usemtl leaf_5
f 5749//5551 5797//5551 5798//5551 5750//5551
vn 0.5720 -0.2432 0.7834
f 5750//5552 5798//5552 5751//5552 5703//5552
vn -0.4040 -0.7138 -0.5720
f 5751//5553 5799//5553 5800//5553 5752//5553
vn -0.4007 -0.5069 -0.7632
f 5752//5554 5800//5554 5801//5554 5753//5554
vn 0.0006 -0.4959 0.8684
usemtl leaf_4
f 5753//5555 5801//5555 5802//5555 5754//5555
vn -0.2199 -0.3986 -0.8904
usemtl leaf_5
f 5754//5556 5802//5556 5803//5556 5755//5556
vn -0.2295 -0.3419 -0.9113
usemtl leaf_4
f 5755//5557 5803//5557 5804//5557 5756//5557
vn -0.7211 -0.6870 0.0896
usemtl leaf_5
f 5756//5558 5804//5558 5805//5558 5757//5558
vn -0.2126 -0.9769 0.0190
usemtl leaf_4
f 5757//5559 5805//5559 5806//5559 5758//5559
vn -0.3534 -0.3071 0.8836
usemtl leaf_5
f 5758//5560 5806//5560 5807//5560 5759//5560
vn 0.4639 -0.4904 -0.7378
f 5759//5561 5807//5561 5808//5561 5760//5561
vn -0.7563 -0.5702 0.3206
f 5760//5562 5808//5562 5809//5562 5761//5562
vn -0.7447 -0.6611 -0.0909
f 5761//5563 5809//5563 5810//5563 5762//5563
vn -0.7971 -0.5149 0.3154
f 5762//5564 5810//5564 5811//5564 5763//5564
vn 0.4973 -0.5990 -0.6276
f 5763//5565 5811//5565 5812//5565 5764//5565
vn 0.7758 -0.5168 -0.3619
f 5764//5566 5812//5566 5813//5566 5765//5566
vn -0.8007 -0.5447 0.2495
f 5765//5567 5813//5567 5814//5567 5766//5567
vn 0.4248 -0.8012 -0.4214
f 5766//5568 5814//5568 5815//5568 5767//5568
vn 0.7512 -0.4842 -0.4485
f 5767//5569 5815//5569 5816//5569 5768//5569
vn 0.9103 -0.3831 -0.1570
f 5768//5570 5816//5570 5817//5570 5769//5570
vn -0.7035 -0.5002 -0.5048
usemtl leaf_4
f 5769//5571 5817//5571 5818//5571 5770//5571
vn 0.8722 -0.3662 0.3242
usemtl leaf_5
f 5770//5572 5818//5572 5819//5572 5771//5572
vn -0.4964 -0.7010 -0.5120
usemtl leaf_4
f 5771//5573 5819//5573 5820//5573 5772//5573
vn -0.6602 -0.4579 -0.5953
usemtl leaf_5
f 5772//5574 5820//5574 5821//5574 5773//5574
vn -0.4615 -0.6726 -0.5784
f 5773//5575 5821//5575 5822//5575 5774//5575
vn -0.2794 -0.6034 -0.7469
f 5774//5576 5822//5576 5823//5576 5775//5576
vn 0.4418 -0.4838 0.7555
f 5775//5577 5823//5577 5824//5577 5776//5577
vn 0.4309 -0.8126 -0.3924
f 5776//5578 5824//5578 5825//5578 5777//5578
vn 0.5203 -0.3390 0.7838
f 5777//5579 5825//5579 5826//5579 5778//5579
vn 0.2605 -0.3318 -0.9067
usemtl leaf_4
f 5778//5580 5826//5580 5827//5580 5779//5580
vn 0.5516 -0.5183 0.6535
usemtl leaf_5
f 5779//5581 5827//5581 5828//5581 5780//5581
vn 0.6167 -0.7841 0.0699
f 5780//5582 5828//5582 5829//5582 5781//5582
vn -0.2192 -0.3614 0.9063
usemtl leaf_4
f 5781//5583 5829//5583 5830//5583 5782//5583
vn -0.0309 -0.9325 0.3599
usemtl leaf_3
f 5782//5584 5830//5584 5831//5584 5783//5584
vn 0.5791 -0.2407 -0.7790
usemtl leaf_5
f 5783//5585 5831//5585 5832//5585 5784//5585
vn 0.7073 -0.3444 -0.6173
f 5784//5586 5832//5586 5833//5586 5785//5586
vn 0.6769 -0.6954 -0.2411
f 5785//5587 5833//5587 5834//5587 5786//5587
vn -0.7135 -0.4083 0.5695
f 5786//5588 5834//5588 5835//5588 5787//5588
vn -0.8220 -0.3984 0.4070
f 5787//5589 5835//5589 5836//5589 5788//5589
vn -0.8251 -0.5614 0.0639
f 5788//5590 5836//5590 5837//5590 5789//5590
vn -0.5722 -0.8158 -0.0839
usemtl leaf_4
f 5789//5591 5837//5591 5838//5591 5790//5591
vn 0.9574 -0.2871 -0.0300
usemtl leaf_5
f 5790//5592 5838//5592 5839//5592 5791//5592
vn -0.4281 -0.8634 0.2670
f 5791//5593 5839//5593 5840//5593 5792//5593
vn 0.6333 -0.6216 0.4610
f 5792//5594 5840//5594 5841//5594 5793//5594
vn -0.9015 -0.4102 0.1380
f 5793//5595 5841//5595 5842//5595 5794//5595
vn -0.7548 -0.6559 -0.0120
f 5794//5596 5842//5596 5843//5596 5795//5596
vn 0.0624 -0.9862 -0.1534
f 5795//5597 5843//5597 5844//5597 5796//5597
vn 0.6647 -0.5719 0.4807
f 5796//5598 5844//5598 5845//5598 5797//5598
vn 0.5920 -0.3677 0.7171
f 5797//5599 5845//5599 5846//5599 5798//5599
vn -0.0969 -0.9218 0.3753
f 5798//5600 5846//5600 5799//5600 5751//5600
vn -0.4136 -0.9073 -0.0752
f 5799//5601 5847//5601 5848//5601 5800//5601
vn -0.0736 -0.9439 -0.3219
f 5800//5602 5848//5602 5849//5602 5801//5602
vn 0.2358 -0.8879 0.3950
f 5801//5603 5849//5603 5850//5603 5802//5603
vn -0.0812 -0.5318 -0.8430
f 5802//5604 5850//5604 5851//5604 5803//5604
vn 0.0545 -0.4555 -0.8885
f 5803//5605 5851//5605 5852//5605 5804//5605
vn -0.1396 -0.8828 -0.4485
usemtl leaf_4
f 5804//5606 5852//5606 5853//5606 5805//5606
vn -0.4924 -0.4021 0.7719
usemtl leaf_5
f 5805//5607 5853//5607 5854//5607 5806//5607
vn -0.4492 -0.3580 0.8186
usemtl leaf_4
f 5806//5608 5854//5608 5855//5608 5807//5608
vn 0.5236 -0.5656 -0.6372
usemtl leaf_5
f 5807//5609 5855//5609 5856//5609 5808//5609
vn 0.3022 -0.9531 -0.0177
f 5808//5610 5856//5610 5857//5610 5809//5610
vn -0.1040 -0.9789 0.1758
f 5809//5611 5857//5611 5858//5611 5810//5611
vn -0.5687 -0.7912 -0.2249
f 5810//5612 5858//5612 5859//5612 5811//5612
vn 0.2047 -0.7704 -0.6038
f 5811//5613 5859//5613 5860//5613 5812//5613
vn -0.7608 -0.6221 0.1846
f 5812//5614 5860//5614 5861//5614 5813//5614
vn -0.2588 -0.9602 0.1050
f 5813//5615 5861//5615 5862//5615 5814//5615
vn 0.7109 -0.6994 0.0740
f 5814//5616 5862//5616 5863//5616 5815//5616
vn 0.8930 -0.4488 0.0342
usemtl leaf_4
f 5815//5617 5863//5617 5864//5617 5816//5617
vn -0.3183 -0.9394 -0.1271
f 5816//5618 5864//5618 5865//5618 5817//5618
vn -0.2973 -0.9469 -0.1226
f 5817//5619 5865//5619 5866//5619 5818//5619
vn -0.1249 -0.9922 -0.0061
f 5818//5620 5866//5620 5867//5620 5819//5620
vn 0.2271 -0.9060 0.3572
usemtl leaf_5
f 5819//5621 5867//5621 5868//5621 5820//5621
vn -0.4491 -0.6215 -0.6419
f 5820//5622 5868//5622 5869//5622 5821//5622
vn -0.3148 -0.7352 -0.6003
f 5821//5623 5869//5623 5870//5623 5822//5623
vn -0.0656 -0.9716 -0.2275
f 5822//5624 5870//5624 5871//5624 5823//5624
vn 0.3134 -0.9242 0.2184
f 5823//5625 5871//5625 5872//5625 5824//5625
vn -0.0919 -0.8847 0.4571
f 5824//5626 5872//5626 5873//5626 5825//5626
vn 0.0284 -0.5644 0.8250
usemtl leaf_4
f 5825//5627 5873//5627 5874//5627 5826//5627
vn 0.0314 -0.8489 -0.5276
usemtl leaf_5
f 5826//5628 5874//5628 5875//5628 5827//5628
vn -0.1047 -0.8692 -0.4832
f 5827//5629 5875//5629 5876//5629 5828//5629
vn -0.2174 -0.9643 0.1510
usemtl leaf_4
f 5828//5630 5876//5630 5877//5630 5829//5630
vn -0.1006 -0.9905 -0.0940
usemtl leaf_5
f 5829//5631 5877//5631 5878//5631 5830//5631
vn -0.4646 -0.7210 0.5141
f 5830//5632 5878//5632 5879//5632 5831//5632
vn 0.4502 -0.7981 0.4003
usemtl leaf_4
f 5831//5633 5879//5633 5880//5633 5832//5633
vn 0.9348 -0.3357 0.1160
usemtl leaf_5
f 5832//5634 5880//5634 5881//5634 5833//5634
vn 0.8960 -0.2560 -0.3627
f 5833//5635 5881//5635 5882//5635 5834//5635
vn -0.2587 -0.8612 0.4375
f 5834//5636 5882//5636 5883//5636 5835//5636
vn -0.0571 -0.9658 -0.2529
f 5835//5637 5883//5637 5884//5637 5836//5637
vn -0.7716 -0.6234 0.1265
f 5836//5638 5884//5638 5885//5638 5837//5638
vn -0.5970 -0.8020 0.0175
f 5837//5639 5885//5639 5886//5639 5838//5639
vn -0.0960 -0.9618 0.2562
f 5838//5640 5886//5640 5887//5640 5839//5640
vn -0.6489 -0.5051 0.5690
f 5839//5641 5887//5641 5888//5641 5840//5641
vn 0.6297 -0.4915 0.6017
f 5840//5642 5888//5642 5889//5642 5841//5642
vn -0.9106 -0.4105 -0.0487
usemtl leaf_4
f 5841//5643 5889//5643 5890//5643 5842//5643
vn 0.7353 -0.4076 0.5415
f 5842//5644 5890//5644 5891//5644 5843//5644
vn 0.5714 -0.7713 0.2803
f 5843//5645 5891//5645 5892//5645 5844//5645
vn 0.6683 -0.7186 0.1925
usemtl leaf_5
f 5844//5646 5892//5646 5893//5646 5845//5646
vn -0.1274 -0.9352 -0.3305
f 5845//5647 5893//5647 5894//5647 5846//5647
vn -0.1724 -0.9605 0.2183
f 5846//5648 5894//5648 5847//5648 5799//5648
vn -0.3528 -0.8905 0.2872
f 5847//5649 5895//5649 5896//5649 5848//5649
vn -0.6807 -0.7326 -0.0052
f 5848//5650 5896//5650 5897//5650 5849//5650
vn -0.8704 -0.4921 -0.0135
usemtl leaf_4
f 5849//5651 5897//5651 5898//5651 5850//5651
vn -0.6910 -0.3321 -0.6421
usemtl leaf_5
f 5850//5652 5898//5652 5899//5652 5851//5652
vn -0.6513 -0.6490 -0.3932
f 5851//5653 5899//5653 5900//5653 5852//5653
vn -0.0914 -0.8037 -0.5880
usemtl leaf_4
f 5852//5654 5900//5654 5901//5654 5853//5654
vn -0.3210 -0.5690 0.7571
usemtl leaf_3
f 5853//5655 5901//5655 5902//5655 5854//5655
vn -0.5816 -0.4204 0.6964
usemtl leaf_5
f 5854//5656 5902//5656 5903//5656 5855//5656
vn -0.1945 -0.9068 -0.3740
f 5855//5657 5903//5657 5904//5657 5856//5657
vn 0.2208 -0.7277 -0.6494
usemtl leaf_4
f 5856//5658 5904//5658 5905//5658 5857//5658
vn -0.1841 -0.7896 -0.5853
f 5857//5659 5905//5659 5906//5659 5858//5659
vn -0.1362 -0.9581 -0.2521
usemtl leaf_5
f 5858//5660 5906//5660 5907//5660 5859//5660
vn -0.2857 -0.9555 -0.0731
f 5859//5661 5907//5661 5908//5661 5860//5661
vn -0.7224 -0.6915 0.0034
f 5860//5662 5908//5662 5909//5662 5861//5662
vn -0.4567 -0.8453 -0.2773
f 5861//5663 5909//5663 5910//5663 5862//5663
vn 0.7002 -0.5674 -0.4333
f 5862//5664 5910//5664 5911//5664 5863//5664
vn 0.7394 -0.6554 -0.1541
f 5863//5665 5911//5665 5912//5665 5864//5665
vn 0.3930 -0.8852 -0.2490
usemtl leaf_4
f 5864//5666 5912//5666 5913//5666 5865//5666
vn 0.4643 -0.6237 -0.6288
f 5865//5667 5913//5667 5914//5667 5866//5667
vn -0.1191 -0.5237 -0.8436
usemtl leaf_5
f 5866//5668 5914//5668 5915//5668 5867//5668
vn 0.0875 -0.7761 -0.6245
usemtl leaf_4
f 5867//5669 5915//5669 5916//5669 5868//5669
vn 0.0856 -0.9814 -0.1718
usemtl leaf_5
f 5868//5670 5916//5670 5917//5670 5869//5670
vn -0.2925 -0.6154 -0.7320
usemtl leaf_4
f 5869//5671 5917//5671 5918//5671 5870//5671
vn 0.2855 -0.9209 -0.2653
usemtl leaf_5
f 5870//5672 5918//5672 5919//5672 5871//5672
vn 0.1562 -0.9804 -0.1201
f 5871//5673 5919//5673 5920//5673 5872//5673
vn 0.6297 -0.7467 0.2143
f 5872//5674 5920//5674 5921//5674 5873//5674
vn 0.5495 -0.4556 0.7004
f 5873//5675 5921//5675 5922//5675 5874//5675
vn 0.3062 -0.8098 -0.5004
f 5874//5676 5922//5676 5923//5676 5875//5676
vn 0.4090 -0.7123 -0.5704
f 5875//5677 5923//5677 5924//5677 5876//5677
vn 0.2876 -0.9561 -0.0566
f 5876//5678 5924//5678 5925//5678 5877//5678
vn 0.1199 -0.9457 0.3021
f 5877//5679 5925//5679 5926//5679 5878//5679
vn 0.0774 -0.5702 0.8179
f 5878//5680 5926//5680 5927//5680 5879//5680
vn -0.2703 -0.6141 0.7415
usemtl leaf_4
f 5879//5681 5927//5681 5928//5681 5880//5681
vn 0.3366 -0.8325 -0.4400
usemtl leaf_5
f 5880//5682 5928//5682 5929//5682 5881//5682
vn 0.8031 -0.4278 -0.4147
usemtl leaf_4
f 5881//5683 5929//5683 5930//5683 5882//5683
vn 0.8084 -0.5834 0.0782
usemtl leaf_5
f 5882//5684 5930//5684 5931//5684 5883//5684
vn 0.7556 -0.6157 -0.2234
f 5883//5685 5931//5685 5932//5685 5884//5685
vn -0.8054 -0.5199 0.2848
f 5884//5686 5932//5686 5933//5686 5885//5686
vn -0.2287 -0.9625 0.1456
f 5885//5687 5933//5687 5934//5687 5886//5687
vn -0.8932 -0.3616 0.2672
f 5886//5688 5934//5688 5935//5688 5887//5688
vn -0.5673 -0.6269 0.5340
usemtl leaf_3
f 5887//5689 5935//5689 5936//5689 5888//5689
vn 0.4473 -0.5177 0.7293
f 5888//5690 5936//5690 5937//5690 5889//5690
vn -0.4166 -0.7317 0.5394
usemtl leaf_4
f 5889//5691 5937//5691 5938//5691 5890//5691
vn 0.6308 -0.5340 0.5629
usemtl leaf_5
f 5890//5692 5938//5692 5939//5692 5891//5692
vn 0.4346 -0.4955 0.7520
f 5891//5693 5939//5693 5940//5693 5892//5693
vn -0.0069 -0.5993 0.8005
f 5892//5694 5940//5694 5941//5694 5893//5694
vn -0.6741 -0.7384 0.0164
f 5893//5695 5941//5695 5942//5695 5894//5695
vn -0.5562 -0.8293 -0.0539
f 5894//5696 5942//5696 5895//5696 5847//5696
vn -0.7338 -0.5535 0.3940
f 5895//5697 5943//5697 5944//5697 5896//5697
vn -0.8521 -0.4709 -0.2285
usemtl leaf_4
f 5896//5698 5944//5698 5945//5698 5897//5698
vn -0.6474 -0.7421 0.1736
usemtl leaf_5
f 5897//5699 5945//5699 5946//5699 5898//5699
vn -0.3869 -0.6745 -0.6287
f 5898//5700 5946//5700 5947//5700 5899//5700
vn -0.3441 -0.8505 0.3978
usemtl leaf_4
f 5899//5701 5947//5701 5948//5701 5900//5701
vn -0.2811 -0.8956 -0.3448
f 5900//5702 5948//5702 5949//5702 5901//5702
vn -0.4399 -0.5994 0.6688
usemtl leaf_5
f 5901//5703 5949//5703 5950//5703 5902//5703
vn -0.4986 -0.7614 0.4144
f 5902//5704 5950//5704 5951//5704 5903//5704
vn -0.5874 -0.7751 -0.2329
f 5903//5705 5951//5705 5952//5705 5904//5705
vn -0.0043 -0.7780 -0.6283
f 5904//5706 5952//5706 5953//5706 5905//5706
vn 0.1578 -0.8399 -0.5193
f 5905//5707 5953//5707 5954//5707 5906//5707
vn -0.3445 -0.6447 -0.6824
usemtl leaf_4
f 5906//5708 5954//5708 5955//5708 5907//5708
vn -0.6725 -0.6067 -0.4238
usemtl leaf_5
f 5907//5709 5955//5709 5956//5709 5908//5709
vn -0.6338 -0.6882 -0.3531
f 5908//5710 5956//5710 5957//5710 5909//5710
vn 0.0735 -0.5246 -0.8481
f 5909//5711 5957//5711 5958//5711 5910//5711
vn 0.3029 -0.5561 -0.7739
usemtl leaf_4
f 5910//5712 5958//5712 5959//5712 5911//5712
vn 0.2706 -0.7604 -0.5905
usemtl leaf_5
f 5911//5713 5959//5713 5960//5713 5912//5713
vn 0.7057 -0.6426 -0.2984
usemtl leaf_4
f 5912//5714 5960//5714 5961//5714 5913//5714
vn 0.4867 -0.8378 -0.2474
usemtl leaf_5
f 5913//5715 5961//5715 5962//5715 5914//5715
vn -0.6020 -0.6916 -0.3991
usemtl leaf_4
f 5914//5716 5962//5716 5963//5716 5915//5716
vn 0.1799 -0.9597 -0.2158
usemtl leaf_5
f 5915//5717 5963//5717 5964//5717 5916//5717
vn 0.3104 -0.6961 -0.6474
usemtl leaf_4
f 5916//5718 5964//5718 5965//5718 5917//5718
vn 0.0098 -0.6934 -0.7204
usemtl leaf_5
f 5917//5719 5965//5719 5966//5719 5918//5719
vn -0.0896 -0.7512 -0.6540
f 5918//5720 5966//5720 5967//5720 5919//5720
vn 0.2961 -0.9551 -0.0123
f 5919//5721 5967//5721 5968//5721 5920//5721
vn 0.2778 -0.8421 0.4622
f 5920//5722 5968//5722 5969//5722 5921//5722
vn 0.2605 -0.6970 0.6681
usemtl leaf_4
f 5921//5723 5969//5723 5970//5723 5922//5723
vn 0.4320 -0.8268 -0.3601
usemtl leaf_5
f 5922//5724 5970//5724 5971//5724 5923//5724
vn 0.6165 -0.7661 -0.1818
f 5923//5725 5971//5725 5972//5725 5924//5725
vn 0.7337 -0.6065 -0.3062
f 5924//5726 5972//5726 5973//5726 5925//5726
vn 0.4885 -0.8620 0.1353
f 5925//5727 5973//5727 5974//5727 5926//5727
vn -0.1844 -0.5431 0.8192
usemtl leaf_4
f 5926//5728 5974//5728 5975//5728 5927//5728
vn 0.4096 -0.8690 0.2776
f 5927//5729 5975//5729 5976//5729 5928//5729
vn 0.5427 -0.8352 -0.0891
usemtl leaf_5
f 5928//5730 5976//5730 5977//5730 5929//5730
vn 0.5265 -0.8040 0.2765
usemtl leaf_4
f 5929//5731 5977//5731 5978//5731 5930//5731
vn 0.8735 -0.4850 0.0428
f 5930//5732 5978//5732 5979//5732 5931//5732
vn 0.9204 -0.3775 -0.1015
usemtl leaf_5
f 5931//5733 5979//5733 5980//5733 5932//5733
vn -0.5643 -0.7376 0.3709
f 5932//5734 5980//5734 5981//5734 5933//5734
vn -0.3435 -0.9372 0.0597
f 5933//5735 5981//5735 5982//5735 5934//5735
vn -0.9301 -0.3298 0.1616
f 5934//5736 5982//5736 5983//5736 5935//5736
vn -0.5281 -0.6936 0.4899
usemtl leaf_3
f 5935//5737 5983//5737 5984//5737 5936//5737
vn 0.4039 -0.7520 0.5209
usemtl leaf_4
f 5936//5738 5984//5738 5985//5738 5937//5738
vn -0.1805 -0.8019 0.5695
f 5937//5739 5985//5739 5986//5739 5938//5739
vn 0.6676 -0.4395 0.6010
usemtl leaf_5
f 5938//5740 5986//5740 5987//5740 5939//5740
vn -0.0641 -0.9141 0.4003
f 5939//5741 5987//5741 5988//5741 5940//5741
vn 0.3280 -0.6417 0.6932
f 5940//5742 5988//5742 5989//5742 5941//5742
vn 0.0190 -0.9844 0.1749
f 5941//5743 5989//5743 5990//5743 5942//5743
vn -0.6607 -0.5638 -0.4956
f 5942//5744 5990//5744 5943//5744 5895//5744
vn -0.3138 -0.9483 -0.0484
usemtl leaf_4
f 5943//5745 5991//5745 5992//5745 5944//5745
vn -0.6264 -0.6133 -0.4812
usemtl leaf_5
f 5944//5746 5992//5746 5993//5746 5945//5746
vn -0.8822 -0.4340 0.1827
f 5945//5747 5993//5747 5994//5747 5946//5747
vn -0.6944 -0.6681 0.2674
usemtl leaf_4
f 5946//5748 5994//5748 5995//5748 5947//5748
vn -0.3423 -0.9030 0.2595
usemtl leaf_5
f 5947//5749 5995//5749 5996//5749 5948//5749
vn -0.0803 -0.9431 0.3226
f 5948//5750 5996//5750 5997//5750 5949//5750
vn -0.1812 -0.9810 0.0692
f 5949//5751 5997//5751 5998//5751 5950//5751
vn -0.7222 -0.6440 0.2524
f 5950//5752 5998//5752 5999//5752 5951//5752
vn -0.2697 -0.6573 -0.7037
f 5951//5753 5999//5753 6000//5753 5952//5753
vn -0.7294 -0.6832 -0.0359
f 5952//5754 6000//5754 6001//5754 5953//5754
vn 0.2367 -0.6779 -0.6960
f 5953//5755 6001//5755 6002//5755 5954//5755
vn 0.0829 -0.8658 -0.4935
f 5954//5756 6002//5756 6003//5756 5955//5756
vn -0.6578 -0.7529 -0.0218
usemtl leaf_4
f 5955//5757 6003//5757 6004//5757 5956//5757
vn -0.1857 -0.7718 -0.6081
usemtl leaf_5
f 5956//5758 6004//5758 6005//5758 5957//5758
vn 0.3520 -0.5518 -0.7560
usemtl leaf_4
f 5957//5759 6005//5759 6006//5759 5958//5759
vn -0.4614 -0.7178 -0.5213
usemtl leaf_5
f 5958//5760 6006//5760 6007//5760 5959//5760
vn 0.4760 -0.7426 -0.4712
f 5959//5761 6007//5761 6008//5761 5960//5761
vn 0.3207 -0.8209 -0.4726
usemtl leaf_3
f 5960//5762 6008//5762 6009//5762 5961//5762
vn 0.2655 -0.9364 -0.2295
usemtl leaf_4
f 5961//5763 6009//5763 6010//5763 5962//5763
vn -0.4231 -0.6461 -0.6353
usemtl leaf_5
f 5962//5764 6010//5764 6011//5764 5963//5764
vn 0.2903 -0.9024 -0.3184
usemtl leaf_4
f 5963//5765 6011//5765 6012//5765 5964//5765
vn 0.3120 -0.9492 -0.0414
usemtl leaf_5
f 5964//5766 6012//5766 6013//5766 5965//5766
vn -0.2081 -0.6843 -0.6988
f 5965//5767 6013//5767 6014//5767 5966//5767
vn 0.7481 -0.5850 -0.3131
f 5966//5768 6014//5768 6015//5768 5967//5768
vn 0.7899 -0.2832 -0.5439
f 5967//5769 6015//5769 6016//5769 5968//5769
vn 0.7266 -0.5977 -0.3387
f 5968//5770 6016//5770 6017//5770 5969//5770
vn 0.5172 -0.5681 0.6401
usemtl leaf_4
f 5969//5771 6017//5771 6018//5771 5970//5771
vn 0.3855 -0.8958 -0.2211
f 5970//5772 6018//5772 6019//5772 5971//5772
vn 0.4434 -0.8947 0.0548
usemtl leaf_5
f 5971//5773 6019//5773 6020//5773 5972//5773
vn 0.6964 -0.6252 0.3525
usemtl leaf_4
f 5972//5774 6020//5774 6021//5774 5973//5774
vn 0.9624 -0.2702 0.0285
f 5973//5775 6021//5775 6022//5775 5974//5775
vn 0.4661 -0.6760 0.5707
usemtl leaf_5
f 5974//5776 6022//5776 6023//5776 5975//5776
vn 0.0551 -0.9984 -0.0136
usemtl leaf_4
f 5975//5777 6023//5777 6024//5777 5976//5777
vn 0.1450 -0.7820 0.6062
usemtl leaf_3
f 5976//5778 6024//5778 6025//5778 5977//5778
vn 0.7061 -0.6937 0.1421
usemtl leaf_5
f 5977//5779 6025//5779 6026//5779 5978//5779
vn 0.6336 -0.7698 -0.0772
f 5978//5780 6026//5780 6027//5780 5979//5780
vn 0.8608 -0.4317 0.2694
f 5979//5781 6027//5781 6028//5781 5980//5781
vn 0.5497 -0.4375 0.7116
f 5980//5782 6028//5782 6029//5782 5981//5782
vn -0.1486 -0.7860 0.6000
f 5981//5783 6029//5783 6030//5783 5982//5783
vn -0.9032 -0.3886 0.1822
f 5982//5784 6030//5784 6031//5784 5983//5784
vn -0.4725 -0.8810 0.0248
usemtl leaf_4
f 5983//5785 6031//5785 6032//5785 5984//5785
vn 0.0333 -0.8942 0.4465
usemtl leaf_3
f 5984//5786 6032//5786 6033//5786 5985//5786
vn -0.1166 -0.8539 0.5071
usemtl leaf_4
f 5985//5787 6033//5787 6034//5787 5986//5787
vn 0.7226 -0.4534 0.5218
usemtl leaf_3
f 5986//5788 6034//5788 6035//5788 5987//5788
vn -0.4629 -0.8708 0.1658
usemtl leaf_5
f 5987//5789 6035//5789 6036//5789 5988//5789
vn 0.2248 -0.6066 0.7626
f 5988//5790 6036//5790 6037//5790 5989//5790
vn -0.6950 -0.4957 0.5208
f 5989//5791 6037//5791 6038//5791 5990//5791
vn -0.8060 -0.5292 -0.2652
f 5990//5792 6038//5792 5991//5792 5943//5792
vn -0.5291 -0.7462 0.4040
usemtl leaf_4
f 5991//5793 6039//5793 6040//5793 5992//5793
vn -0.6232 -0.3986 -0.6729
usemtl leaf_5
f 5992//5794 6040//5794 6041//5794 5993//5794
vn -0.7882 -0.6148 0.0283
usemtl leaf_3
f 5993//5795 6041//5795 6042//5795 5994//5795
vn -0.5436 -0.5003 0.6739
usemtl leaf_4
f 5994//5796 6042//5796 6043//5796 5995//5796
vn -0.6040 -0.6940 0.3919
usemtl leaf_5
f 5995//5797 6043//5797 6044//5797 5996//5797
vn -0.5489 -0.6436 0.5334
usemtl leaf_4
f 5996//5798 6044//5798 6045//5798 5997//5798
vn -0.2744 -0.8953 -0.3510
f 5997//5799 6045//5799 6046//5799 5998//5799
vn -0.4794 -0.7591 -0.4405
usemtl leaf_5
f 5998//5800 6046//5800 6047//5800 5999//5800
vn -0.6460 -0.6256 -0.4375
usemtl leaf_4
f 5999//5801 6047//5801 6048//5801 6000//5801
vn -0.6705 -0.7221 -0.1706
usemtl leaf_5
f 6000//5802 6048//5802 6049//5802 6001//5802
vn -0.1413 -0.6719 -0.7270
f 6001//5803 6049//5803 6050//5803 6002//5803
vn -0.0215 -0.7447 -0.6670
usemtl leaf_4
f 6002//5804 6050//5804 6051//5804 6003//5804
vn -0.5398 -0.5111 -0.6689
f 6003//5805 6051//5805 6052//5805 6004//5805
vn -0.2013 -0.4302 -0.8800
f 6004//5806 6052//5806 6053//5806 6005//5806
vn -0.1755 -0.8462 -0.5032
usemtl leaf_5
f 6005//5807 6053//5807 6054//5807 6006//5807
vn -0.3258 -0.8796 -0.3466
f 6006//5808 6054//5808 6055//5808 6007//5808
vn 0.5301 -0.7019 -0.4757
f 6007//5809 6055//5809 6056//5809 6008//5809
vn -0.0047 -0.8610 -0.5086
usemtl leaf_4
f 6008//5810 6056//5810 6057//5810 6009//5810
vn 0.3110 -0.8422 -0.4405
f 6009//5811 6057//5811 6058//5811 6010//5811
vn 0.1078 -0.7238 -0.6815
usemtl leaf_5
f 6010//5812 6058//5812 6059//5812 6011//5812
vn -0.2929 -0.6452 -0.7056
usemtl leaf_4
f 6011//5813 6059//5813 6060//5813 6012//5813
vn 0.6255 -0.7784 0.0525
usemtl leaf_5
f 6012//5814 6060//5814 6061//5814 6013//5814
vn 0.0090 -0.6633 -0.7483
f 6013//5815 6061//5815 6062//5815 6014//5815
vn 0.8237 -0.5047 0.2584
f 6014//5816 6062//5816 6063//5816 6015//5816
vn 0.7994 -0.4687 -0.3760
usemtl leaf_4
f 6015//5817 6063//5817 6064//5817 6016//5817
vn 0.4763 -0.3602 -0.8021
usemtl leaf_5
f 6016//5818 6064//5818 6065//5818 6017//5818
vn 0.3631 -0.9260 0.1036
f 6017//5819 6065//5819 6066//5819 6018//5819
vn 0.3569 -0.8827 0.3058
f 6018//5820 6066//5820 6067//5820 6019//5820
vn 0.5975 -0.7999 -0.0566
f 6019//5821 6067//5821 6068//5821 6020//5821
vn 0.3363 -0.5539 0.7617
usemtl leaf_4
f 6020//5822 6068//5822 6069//5822 6021//5822
vn 0.6828 -0.7127 -0.1610
usemtl leaf_5
f 6021//5823 6069//5823 6070//5823 6022//5823
vn 0.6096 -0.7268 -0.3165
usemtl leaf_3
f 6022//5824 6070//5824 6071//5824 6023//5824
vn 0.4808 -0.8240 0.2998
usemtl leaf_5
f 6023//5825 6071//5825 6072//5825 6024//5825
vn -0.1044 -0.9400 0.3247
usemtl leaf_4
f 6024//5826 6072//5826 6073//5826 6025//5826
vn 0.2891 -0.9514 -0.1062
f 6025//5827 6073//5827 6074//5827 6026//5827
vn 0.4981 -0.6986 0.5136
usemtl leaf_5
f 6026//5828 6074//5828 6075//5828 6027//5828
vn 0.7081 -0.6597 0.2518
f 6027//5829 6075//5829 6076//5829 6028//5829
vn 0.2956 -0.6533 0.6970
f 6028//5830 6076//5830 6077//5830 6029//5830
vn 0.0751 -0.1797 0.9809
f 6029//5831 6077//5831 6078//5831 6030//5831
vn -0.7213 -0.2496 0.6461
f 6030//5832 6078//5832 6079//5832 6031//5832
vn -0.1219 -0.8611 0.4936
usemtl leaf_4
f 6031//5833 6079//5833 6080//5833 6032//5833
vn -0.6142 -0.7649 0.1942
usemtl leaf_3
f 6032//5834 6080//5834 6081//5834 6033//5834
vn 0.5035 -0.7505 0.4280
f 6033//5835 6081//5835 6082//5835 6034//5835
vn 0.3548 -0.6575 0.6647
usemtl leaf_4
f 6034//5836 6082//5836 6083//5836 6035//5836
vn -0.3542 -0.6236 0.6969
usemtl leaf_5
f 6035//5837 6083//5837 6084//5837 6036//5837
vn -0.3110 -0.6444 0.6986
f 6036//5838 6084//5838 6085//5838 6037//5838
vn -0.4427 -0.7563 0.4817
f 6037//5839 6085//5839 6086//5839 6038//5839
vn -0.7083 -0.7042 -0.0491
usemtl leaf_4
f 6038//5840 6086//5840 6039//5840 5991//5840
vn -0.7894 -0.4559 0.4111
usemtl leaf_5
f 6039//5841 6087//5841 6088//5841 6040//5841
vn -0.7555 -0.3863 -0.5291
usemtl leaf_4
f 6040//5842 6088//5842 6089//5842 6041//5842
vn -0.2664 -0.9330 0.2421
usemtl leaf_3
f 6041//5843 6089//5843 6090//5843 6042//5843
vn -0.2800 -0.8872 0.3667
usemtl leaf_4
f 6042//5844 6090//5844 6091//5844 6043//5844
vn -0.3687 -0.7361 0.5677
f 6043//5845 6091//5845 6092//5845 6044//5845
vn -0.4763 -0.8350 0.2755
usemtl leaf_5
f 6044//5846 6092//5846 6093//5846 6045//5846
vn -0.6334 -0.3184 -0.7052
f 6045//5847 6093//5847 6094//5847 6046//5847
vn -0.6379 -0.1265 -0.7596
usemtl leaf_3
f 6046//5848 6094//5848 6095//5848 6047//5848
vn -0.9234 -0.2531 -0.2886
usemtl leaf_4
f 6047//5849 6095//5849 6096//5849 6048//5849
vn -0.8491 -0.2982 -0.4360
usemtl leaf_5
f 6048//5850 6096//5850 6097//5850 6049//5850
vn -0.6105 -0.7184 -0.3335
f 6049//5851 6097//5851 6098//5851 6050//5851
vn 0.1581 -0.7332 -0.6614
usemtl leaf_4
f 6050//5852 6098//5852 6099//5852 6051//5852
vn -0.2465 -0.8592 -0.4484
f 6051//5853 6099//5853 6100//5853 6052//5853
vn 0.1002 -0.6721 -0.7337
f 6052//5854 6100//5854 6101//5854 6053//5854
vn -0.4825 -0.2506 -0.8393
f 6053//5855 6101//5855 6102//5855 6054//5855
vn -0.3822 -0.3498 -0.8553
usemtl leaf_3
f 6054//5856 6102//5856 6103//5856 6055//5856
vn 0.3560 -0.6892 -0.6311
usemtl leaf_4
f 6055//5857 6103//5857 6104//5857 6056//5857
vn -0.2787 -0.8466 -0.4534
usemtl leaf_3
f 6056//5858 6104//5858 6105//5858 6057//5858
vn 0.3206 -0.9279 -0.1903
usemtl leaf_5
f 6057//5859 6105//5859 6106//5859 6058//5859
vn 0.2539 -0.9051 -0.3410
f 6058//5860 6106//5860 6107//5860 6059//5860
vn -0.1624 -0.5560 -0.8151
usemtl leaf_4
f 6059//5861 6107//5861 6108//5861 6060//5861
vn 0.8842 -0.4155 -0.2135
usemtl leaf_5
f 6060//5862 6108//5862 6109//5862 6061//5862
vn 0.6968 -0.2201 -0.6827
f 6061//5863 6109//5863 6110//5863 6062//5863
vn 0.9346 -0.2632 -0.2391
f 6062//5864 6110//5864 6111//5864 6063//5864
vn 0.7082 -0.6896 -0.1514
f 6063//5865 6111//5865 6112//5865 6064//5865
vn 0.3054 -0.5296 -0.7913
usemtl leaf_4
f 6064//5866 6112//5866 6113//5866 6065//5866
vn 0.4903 -0.5952 -0.6366
f 6065//5867 6113//5867 6114//5867 6066//5867
vn 0.4911 -0.5682 0.6603
usemtl leaf_5
f 6066//5868 6114//5868 6115//5868 6067//5868
vn 0.8105 -0.5856 -0.0124
usemtl leaf_4
f 6067//5869 6115//5869 6116//5869 6068//5869
vn 0.4536 -0.6011 0.6580
usemtl leaf_5
f 6068//5870 6116//5870 6117//5870 6069//5870
vn 0.5638 -0.7876 -0.2486
usemtl leaf_4
f 6069//5871 6117//5871 6118//5871 6070//5871
vn 0.7535 -0.6570 -0.0255
usemtl leaf_5
f 6070//5872 6118//5872 6119//5872 6071//5872
vn 0.6448 -0.7579 0.0995
usemtl leaf_4
f 6071//5873 6119//5873 6120//5873 6072//5873
vn 0.4429 -0.7311 0.5190
f 6072//5874 6120//5874 6121//5874 6073//5874
vn 0.4520 -0.5857 0.6728
f 6073//5875 6121//5875 6122//5875 6074//5875
vn 0.2261 -0.6318 0.7415
usemtl leaf_5
f 6074//5876 6122//5876 6123//5876 6075//5876
vn 0.8313 -0.3504 0.4315
f 6075//5877 6123//5877 6124//5877 6076//5877
vn -0.1868 -0.1353 0.9730
f 6076//5878 6124//5878 6125//5878 6077//5878
vn 0.3443 -0.3739 0.8612
usemtl leaf_4
f 6077//5879 6125//5879 6126//5879 6078//5879
vn -0.3706 -0.7524 0.5445
f 6078//5880 6126//5880 6127//5880 6079//5880
vn 0.1842 -0.9013 0.3920
f 6079//5881 6127//5881 6128//5881 6080//5881
vn -0.4052 -0.9059 0.1230
usemtl leaf_5
f 6080//5882 6128//5882 6129//5882 6081//5882
vn 0.1183 -0.8594 0.4975
f 6081//5883 6129//5883 6130//5883 6082//5883
vn -0.3130 -0.4687 0.8260
usemtl leaf_4
f 6082//5884 6130//5884 6131//5884 6083//5884
vn -0.3738 -0.3434 0.8616
f 6083//5885 6131//5885 6132//5885 6084//5885
vn -0.6707 -0.2048 0.7129
f 6084//5886 6132//5886 6133//5886 6085//5886
vn -0.5589 -0.1025 0.8229
f 6085//5887 6133//5887 6134//5887 6086//5887
vn -0.8833 -0.3446 0.3179
usemtl leaf_5
f 6086//5888 6134//5888 6087//5888 6039//5888
vn -0.8254 -0.5259 0.2053
usemtl leaf_4
f 6087//5889 6135//5889 6136//5889 6088//5889
vn -0.6379 -0.7679 -0.0587
usemtl leaf_3
f 6088//5890 6136//5890 6137//5890 6089//5890
vn -0.4423 -0.8267 0.3478
usemtl leaf_4
f 6089//5891 6137//5891 6138//5891 6090//5891
vn -0.6584 -0.7431 0.1193
f 6090//5892 6138//5892 6139//5892 6091//5892
vn -0.7041 -0.4784 0.5248
usemtl leaf_5
f 6091//5893 6139//5893 6140//5893 6092//5893
vn -0.9304 -0.1122 -0.3490
f 6092//5894 6140//5894 6141//5894 6093//5894
vn -0.6459 -0.1826 -0.7412
usemtl leaf_4
f 6093//5895 6141//5895 6142//5895 6094//5895
vn -0.5475 -0.8339 -0.0692
f 6094//5896 6142//5896 6143//5896 6095//5896
vn -0.3145 -0.9393 -0.1369
f 6095//5897 6143//5897 6144//5897 6096//5897
vn -0.5131 -0.8439 -0.1569
usemtl leaf_5
f 6096//5898 6144//5898 6145//5898 6097//5898
vn -0.7401 -0.5706 -0.3559
usemtl leaf_4
f 6097//5899 6145//5899 6146//5899 6098//5899
vn -0.0622 -0.5552 -0.8294
usemtl leaf_5
f 6098//5900 6146//5900 6147//5900 6099//5900
vn -0.4127 -0.7335 -0.5401
f 6099//5901 6147//5901 6148//5901 6100//5901
vn 0.4478 -0.4177 -0.7906
f 6100//5902 6148//5902 6149//5902 6101//5902
vn -0.5700 -0.6217 -0.5372
usemtl leaf_3
f 6101//5903 6149//5903 6150//5903 6102//5903
vn -0.2789 -0.6471 -0.7095
f 6102//5904 6150//5904 6151//5904 6103//5904
vn 0.2266 -0.3054 -0.9249
usemtl leaf_5
f 6103//5905 6151//5905 6152//5905 6104//5905
vn -0.1069 -0.0929 -0.9899
usemtl leaf_3
f 6104//5906 6152//5906 6153//5906 6105//5906
vn 0.1012 -0.2975 -0.9493
usemtl leaf_5
f 6105//5907 6153//5907 6154//5907 6106//5907
vn 0.1867 -0.8586 -0.4774
usemtl leaf_4
f 6106//5908 6154//5908 6155//5908 6107//5908
vn 0.2613 -0.8351 -0.4841
usemtl leaf_5
f 6107//5909 6155//5909 6156//5909 6108//5909
vn 0.8939 -0.4238 -0.1457
usemtl leaf_4
f 6108//5910 6156//5910 6157//5910 6109//5910
vn 0.4590 -0.7131 -0.5299
f 6109//5911 6157//5911 6158//5911 6110//5911
vn 0.7927 -0.6039 -0.0833
f 6110//5912 6158//5912 6159//5912 6111//5912
vn 0.7725 -0.3848 -0.5051
usemtl leaf_3
f 6111//5913 6159//5913 6160//5913 6112//5913
vn 0.5126 -0.4278 -0.7445
usemtl leaf_4
f 6112//5914 6160//5914 6161//5914 6113//5914
vn 0.9077 -0.1220 -0.4016
usemtl leaf_5
f 6113//5915 6161//5915 6162//5915 6114//5915
vn 0.9527 -0.2583 0.1603
usemtl leaf_4
f 6114//5916 6162//5916 6163//5916 6115//5916
vn 0.6998 -0.4965 0.5136
f 6115//5917 6163//5917 6164//5917 6116//5917
vn 0.8973 -0.2623 0.3551
usemtl leaf_3
f 6116//5918 6164//5918 6165//5918 6117//5918
vn 0.9560 -0.2928 0.0170
f 6117//5919 6165//5919 6166//5919 6118//5919
vn 0.8696 -0.4916 -0.0462
usemtl leaf_4
f 6118//5920 6166//5920 6167//5920 6119//5920
vn 0.8248 -0.5162 0.2306
usemtl leaf_5
f 6119//5921 6167//5921 6168//5921 6120//5921
vn 0.4632 -0.4223 0.7792
f 6120//5922 6168//5922 6169//5922 6121//5922
vn 0.6254 -0.6583 0.4190
f 6121//5923 6169//5923 6170//5923 6122//5923
vn -0.0212 -0.4619 0.8867
usemtl leaf_4
f 6122//5924 6170//5924 6171//5924 6123//5924
vn 0.5802 -0.1029 0.8080
usemtl leaf_5
f 6123//5925 6171//5925 6172//5925 6124//5925
vn -0.0586 -0.1447 0.9877
usemtl leaf_3
f 6124//5926 6172//5926 6173//5926 6125//5926
vn 0.5550 -0.2467 0.7944
usemtl leaf_4
f 6125//5927 6173//5927 6174//5927 6126//5927
vn 0.1538 -0.4025 0.9024
f 6126//5928 6174//5928 6175//5928 6127//5928
vn 0.4517 -0.7453 0.4904
usemtl leaf_5
f 6127//5929 6175//5929 6176//5929 6128//5929
vn -0.3439 -0.8882 0.3047
f 6128//5930 6176//5930 6177//5930 6129//5930
vn -0.5888 -0.7175 0.3721
f 6129//5931 6177//5931 6178//5931 6130//5931
vn -0.2928 -0.6943 0.6574
usemtl leaf_3
f 6130//5932 6178//5932 6179//5932 6131//5932
vn -0.5649 -0.5486 0.6164
f 6131//5933 6179//5933 6180//5933 6132//5933
vn -0.2794 -0.6729 0.6849
usemtl leaf_4
f 6132//5934 6180//5934 6181//5934 6133//5934
vn -0.6560 -0.6681 0.3511
usemtl leaf_3
f 6133//5935 6181//5935 6182//5935 6134//5935
vn -0.6026 -0.4051 0.6875
usemtl leaf_4
f 6134//5936 6182//5936 6135//5936 6087//5936
vn -0.8396 -0.5117 0.1822
usemtl leaf_3
f 6135//5937 6183//5937 6184//5937 6136//5937
vn -0.6688 -0.5857 0.4579
f 6136//5938 6184//5938 6185//5938 6137//5938
vn -0.6523 -0.7299 0.2045
usemtl leaf_4
f 6137//5939 6185//5939 6186//5939 6138//5939
vn -0.6600 -0.7410 0.1236
usemtl leaf_5
f 6138//5940 6186//5940 6187//5940 6139//5940
vn -0.9324 -0.3302 -0.1469
usemtl leaf_3
f 6139//5941 6187//5941 6188//5941 6140//5941
vn -0.9305 -0.1791 -0.3195
usemtl leaf_4
f 6140//5942 6188//5942 6189//5942 6141//5942
vn -0.6853 -0.7229 -0.0880
usemtl leaf_3
f 6141//5943 6189//5943 6190//5943 6142//5943
vn -0.7693 -0.5351 -0.3490
usemtl leaf_5
f 6142//5944 6190//5944 6191//5944 6143//5944
vn -0.8595 -0.1312 -0.4941
usemtl leaf_4
f 6143//5945 6191//5945 6192//5945 6144//5945
vn -0.6996 -0.0571 -0.7123
usemtl leaf_5
f 6144//5946 6192//5946 6193//5946 6145//5946
vn -0.7128 0.0490 -0.6997
usemtl leaf_3
f 6145//5947 6193//5947 6194//5947 6146//5947
vn -0.6689 -0.2445 -0.7020
usemtl leaf_5
f 6146//5948 6194//5948 6195//5948 6147//5948
vn -0.3482 -0.4737 -0.8090
usemtl leaf_4
f 6147//5949 6195//5949 6196//5949 6148//5949
vn 0.2978 -0.5890 -0.7513
f 6148//5950 6196//5950 6197//5950 6149//5950
vn -0.2136 -0.3766 -0.9014
f 6149//5951 6197//5951 6198//5951 6150//5951
vn 0.0141 0.2131 -0.9769
f 6150//5952 6198//5952 6199//5952 6151//5952
vn -0.3419 -0.2992 -0.8908
f 6151//5953 6199//5953 6200//5953 6152//5953
vn 0.1697 -0.7304 -0.6616
usemtl leaf_3
f 6152//5954 6200//5954 6201//5954 6153//5954
vn -0.3364 -0.5328 -0.7765
usemtl leaf_5
f 6153//5955 6201//5955 6202//5955 6154//5955
vn 0.2338 -0.5247 -0.8186
f 6154//5956 6202//5956 6203//5956 6155//5956
vn 0.8351 -0.1762 -0.5212
f 6155//5957 6203//5957 6204//5957 6156//5957
vn 0.7682 -0.4513 -0.4541
f 6156//5958 6204//5958 6205//5958 6157//5958
vn 0.5445 -0.5815 -0.6045
f 6157//5959 6205//5959 6206//5959 6158//5959
vn 0.7078 -0.6893 -0.1543
usemtl leaf_3
f 6158//5960 6206//5960 6207//5960 6159//5960
vn 0.5713 -0.8056 -0.1567
f 6159//5961 6207//5961 6208//5961 6160//5961
vn 0.6851 -0.3670 -0.6292
usemtl leaf_4
f 6160//5962 6208//5962 6209//5962 6161//5962
vn 0.9754 -0.2205 -0.0082
usemtl leaf_3
f 6161//5963 6209//5963 6210//5963 6162//5963
vn 0.9737 -0.0533 -0.2217
usemtl leaf_4
f 6162//5964 6210//5964 6211//5964 6163//5964
vn 0.8601 -0.4928 0.1321
usemtl leaf_3
f 6163//5965 6211//5965 6212//5965 6164//5965
vn 0.4100 -0.8375 0.3613
f 6164//5966 6212//5966 6213//5966 6165//5966
vn 0.6747 -0.7379 -0.0172
f 6165//5967 6213//5967 6214//5967 6166//5967
vn 0.8453 -0.5280 -0.0821
usemtl leaf_4
f 6166//5968 6214//5968 6215//5968 6167//5968
vn 0.7453 -0.3955 0.5367
f 6167//5969 6215//5969 6216//5969 6168//5969
vn 0.6395 -0.4213 0.6431
f 6168//5970 6216//5970 6217//5970 6169//5970
vn 0.7744 -0.4582 0.4362
f 6169//5971 6217//5971 6218//5971 6170//5971
vn -0.0768 -0.5473 0.8334
f 6170//5972 6218//5972 6219//5972 6171//5972
vn 0.0709 -0.5641 0.8227
f 6171//5973 6219//5973 6220//5973 6172//5973
vn 0.0376 -0.1776 0.9834
usemtl leaf_3
f 6172//5974 6220//5974 6221//5974 6173//5974
vn 0.5873 -0.2071 0.7824
f 6173//5975 6221//5975 6222//5975 6174//5975
vn 0.5393 -0.5116 0.6689
usemtl leaf_4
f 6174//5976 6222//5976 6223//5976 6175//5976
vn 0.5421 -0.5040 0.6724
f 6175//5977 6223//5977 6224//5977 6176//5977
vn -0.2326 -0.7332 0.6391
f 6176//5978 6224//5978 6225//5978 6177//5978
vn -0.4062 -0.8920 0.1985
usemtl leaf_5
f 6177//5979 6225//5979 6226//5979 6178//5979
vn -0.7461 -0.6114 0.2637
usemtl leaf_3
f 6178//5980 6226//5980 6227//5980 6179//5980
vn -0.6773 -0.2110 0.7048
usemtl leaf_4
f 6179//5981 6227//5981 6228//5981 6180//5981
vn -0.6287 0.1367 0.7655
f 6180//5982 6228//5982 6229//5982 6181//5982
vn -0.7828 0.2128 0.5847
f 6181//5983 6229//5983 6230//5983 6182//5983
vn -0.3897 -0.3129 0.8662
usemtl leaf_3
f 6182//5984 6230//5984 6183//5984 6135//5984
vn -0.8236 -0.3610 0.4374
f 6183//5985 6231//5985 6232//5985 6184//5985
vn -0.4823 -0.6493 0.5881
f 6184//5986 6232//5986 6233//5986 6185//5986
vn -0.7020 -0.7020 0.1197
usemtl leaf_5
f 6185//5987 6233//5987 6234//5987 6186//5987
vn -0.9324 -0.3231 -0.1619
usemtl leaf_4
f 6186//5988 6234//5988 6235//5988 6187//5988
vn -0.8995 -0.3157 -0.3020
usemtl leaf_3
f 6187//5989 6235//5989 6236//5989 6188//5989
vn -0.8766 -0.4514 -0.1669
f 6188//5990 6236//5990 6237//5990 6189//5990
vn -0.9825 0.0032 -0.1863
f 6189//5991 6237//5991 6238//5991 6190//5991
vn -0.8792 -0.2427 -0.4100
usemtl leaf_4
f 6190//5992 6238//5992 6239//5992 6191//5992
vn -0.6543 -0.7358 -0.1748
usemtl leaf_3
f 6191//5993 6239//5993 6240//5993 6192//5993
vn -0.2168 -0.5352 -0.8164
usemtl leaf_4
f 6192//5994 6240//5994 6241//5994 6193//5994
vn -0.7388 -0.3916 -0.5485
f 6193//5995 6241//5995 6242//5995 6194//5995
vn -0.7094 -0.2400 -0.6627
usemtl leaf_5
f 6194//5996 6242//5996 6243//5996 6195//5996
vn -0.5966 -0.3345 -0.7295
f 6195//5997 6243//5997 6244//5997 6196//5997
vn 0.0459 -0.5651 -0.8238
usemtl leaf_3
f 6196//5998 6244//5998 6245//5998 6197//5998
vn 0.3762 -0.4800 -0.7925
f 6197//5999 6245//5999 6246//5999 6198//5999
vn -0.2697 -0.8132 -0.5157
f 6198//6000 6246//6000 6247//6000 6199//6000
vn -0.1615 -0.5444 -0.8231
f 6199//6001 6247//6001 6248//6001 6200//6001
vn -0.1923 -0.3203 -0.9276
f 6200//6002 6248//6002 6249//6002 6201//6002
vn -0.1143 -0.5734 -0.8112
usemtl leaf_4
f 6201//6003 6249//6003 6250//6003 6202//6003
vn 0.3231 -0.4483 -0.8334
usemtl leaf_5
f 6202//6004 6250//6004 6251//6004 6203//6004
vn 0.7992 -0.5073 -0.3223
usemtl leaf_4
f 6203//6005 6251//6005 6252//6005 6204//6005
vn 0.5551 -0.4858 -0.6752
usemtl leaf_3
f 6204//6006 6252//6006 6253//6006 6205//6006
vn 0.8115 -0.3693 -0.4529
f 6205//6007 6253//6007 6254//6007 6206//6007
vn 0.6759 -0.3493 -0.6490
f 6206//6008 6254//6008 6255//6008 6207//6008
vn 0.9375 -0.3417 -0.0650
usemtl leaf_5
f 6207//6009 6255//6009 6256//6009 6208//6009
vn 0.6441 -0.5371 -0.5446
usemtl leaf_3
f 6208//6010 6256//6010 6257//6010 6209//6010
vn 0.8478 -0.5092 0.1480
usemtl leaf_4
f 6209//6011 6257//6011 6258//6011 6210//6011
vn 0.7324 -0.6194 -0.2827
usemtl leaf_3
f 6210//6012 6258//6012 6259//6012 6211//6012
vn 0.7411 -0.6254 -0.2442
f 6211//6013 6259//6013 6260//6013 6212//6013
vn 0.7435 -0.3208 0.5867
f 6212//6014 6260//6014 6261//6014 6213//6014
vn 0.7778 -0.5955 -0.2012
f 6213//6015 6261//6015 6262//6015 6214//6015
vn 0.6705 -0.5663 0.4793
usemtl leaf_4
f 6214//6016 6262//6016 6263//6016 6215//6016
vn 0.8341 -0.2657 0.4833
usemtl leaf_5
f 6215//6017 6263//6017 6264//6017 6216//6017
vn 0.7284 -0.5857 0.3554
usemtl leaf_4
f 6216//6018 6264//6018 6265//6018 6217//6018
vn 0.4282 -0.2880 0.8566
f 6217//6019 6265//6019 6266//6019 6218//6019
vn 0.5457 -0.1542 0.8237
f 6218//6020 6266//6020 6267//6020 6219//6020
vn -0.0790 -0.5278 0.8457
usemtl leaf_3
f 6219//6021 6267//6021 6268//6021 6220//6021
vn -0.2101 -0.4878 0.8473
usemtl leaf_4
f 6220//6022 6268//6022 6269//6022 6221//6022
vn 0.6055 -0.2781 0.7457
usemtl leaf_3
f 6221//6023 6269//6023 6270//6023 6222//6023
vn 0.7330 -0.2816 0.6192
usemtl leaf_4
f 6222//6024 6270//6024 6271//6024 6223//6024
vn 0.3633 -0.4744 0.8018
usemtl leaf_5
f 6223//6025 6271//6025 6272//6025 6224//6025
vn -0.1626 -0.2622 0.9512
f 6224//6026 6272//6026 6273//6026 6225//6026
vn -0.3556 -0.2581 0.8983
f 6225//6027 6273//6027 6274//6027 6226//6027
vn -0.7972 -0.5820 0.1603
f 6226//6028 6274//6028 6275//6028 6227//6028
vn -0.5623 -0.7724 0.2953
usemtl leaf_3
f 6227//6029 6275//6029 6276//6029 6228//6029
vn -0.8584 -0.4627 0.2213
usemtl leaf_2
f 6228//6030 6276//6030 6277//6030 6229//6030
vn -0.5383 -0.3556 0.7641
usemtl leaf_3
f 6229//6031 6277//6031 6278//6031 6230//6031
vn -0.3631 -0.1224 0.9237
f 6230//6032 6278//6032 6231//6032 6183//6032
vn -0.4646 0.1677 0.8695
f 6231//6033 6279//6033 6280//6033 6232//6033
vn -0.7989 -0.0363 0.6003
usemtl leaf_4
f 6232//6034 6280//6034 6281//6034 6233//6034
vn -0.9370 -0.0957 0.3360
usemtl leaf_5
f 6233//6035 6281//6035 6282//6035 6234//6035
vn -0.8470 -0.3313 -0.4158
usemtl leaf_4
f 6234//6036 6282//6036 6283//6036 6235//6036
vn -0.9652 -0.2254 -0.1323
f 6235//6037 6283//6037 6284//6037 6236//6037
vn -0.9454 -0.1852 -0.2682
f 6236//6038 6284//6038 6285//6038 6237//6038
vn -0.7877 -0.6156 -0.0255
usemtl leaf_3
f 6237//6039 6285//6039 6286//6039 6238//6039
vn -0.6822 -0.7309 -0.0189
f 6238//6040 6286//6040 6287//6040 6239//6040
vn -0.7706 -0.4414 -0.4598
f 6239//6041 6287//6041 6288//6041 6240//6041
vn -0.3011 -0.4178 -0.8572
usemtl leaf_4
f 6240//6042 6288//6042 6289//6042 6241//6042
vn -0.5923 -0.6003 -0.5375
f 6241//6043 6289//6043 6290//6043 6242//6043
vn -0.5215 -0.5048 -0.6879
f 6242//6044 6290//6044 6291//6044 6243//6044
vn -0.3888 0.0492 -0.9200
usemtl leaf_3
f 6243//6045 6291//6045 6292//6045 6244//6045
vn -0.2910 0.2636 -0.9197
usemtl leaf_4
f 6244//6046 6292//6046 6293//6046 6245//6046
vn -0.1185 -0.6165 -0.7784
usemtl leaf_3
f 6245//6047 6293//6047 6294//6047 6246//6047
vn -0.0476 -0.4981 -0.8658
usemtl leaf_4
f 6246//6048 6294//6048 6295//6048 6247//6048
vn 0.1906 -0.2782 -0.9414
usemtl leaf_3
f 6247//6049 6295//6049 6296//6049 6248//6049
vn -0.2280 -0.1913 -0.9547
f 6248//6050 6296//6050 6297//6050 6249//6050
vn 0.1668 0.2314 -0.9584
usemtl leaf_5
f 6249//6051 6297//6051 6298//6051 6250//6051
vn 0.4409 0.3542 -0.8247
usemtl leaf_3
f 6250//6052 6298//6052 6299//6052 6251//6052
vn 0.5554 0.1234 -0.8224
usemtl leaf_4
f 6251//6053 6299//6053 6300//6053 6252//6053
vn 0.7060 -0.3815 -0.5967
usemtl leaf_3
f 6252//6054 6300//6054 6301//6054 6253//6054
vn 0.7422 -0.4177 -0.5241
usemtl leaf_5
f 6253//6055 6301//6055 6302//6055 6254//6055
vn 0.5341 -0.5797 -0.6154
usemtl leaf_4
f 6254//6056 6302//6056 6303//6056 6255//6056
vn 0.8581 -0.5128 0.0277
f 6255//6057 6303//6057 6304//6057 6256//6057
vn 0.7788 -0.2454 -0.5772
f 6256//6058 6304//6058 6305//6058 6257//6058
vn 0.9591 -0.2537 0.1259
usemtl leaf_3
f 6257//6059 6305//6059 6306//6059 6258//6059
vn 0.9416 -0.1386 -0.3070
f 6258//6060 6306//6060 6307//6060 6259//6060
vn 0.9608 0.2466 0.1263
f 6259//6061 6307//6061 6308//6061 6260//6061
vn 0.8948 -0.4338 -0.1059
f 6260//6062 6308//6062 6309//6062 6261//6062
vn 0.8407 -0.5273 0.1230
f 6261//6063 6309//6063 6310//6063 6262//6063
vn 0.8008 -0.3853 0.4586
usemtl leaf_5
f 6262//6064 6310//6064 6311//6064 6263//6064
vn 0.6204 -0.6163 0.4850
usemtl leaf_4
f 6263//6065 6311//6065 6312//6065 6264//6065
vn 0.7754 0.0242 0.6310
f 6264//6066 6312//6066 6313//6066 6265//6066
vn 0.4233 -0.0470 0.9048
usemtl leaf_3
f 6265//6067 6313//6067 6314//6067 6266//6067
vn 0.6898 -0.3882 0.6112
f 6266//6068 6314//6068 6315//6068 6267//6068
vn -0.0572 -0.0952 0.9938
f 6267//6069 6315//6069 6316//6069 6268//6069
vn -0.0126 -0.2508 0.9680
f 6268//6070 6316//6070 6317//6070 6269//6070
vn 0.5072 -0.5836 0.6342
f 6269//6071 6317//6071 6318//6071 6270//6071
vn 0.6925 -0.3813 0.6124
usemtl leaf_4
f 6270//6072 6318//6072 6319//6072 6271//6072
vn 0.2600 -0.2089 0.9427
usemtl leaf_5
f 6271//6073 6319//6073 6320//6073 6272//6073
vn -0.2875 -0.2392 0.9274
usemtl leaf_4
f 6272//6074 6320//6074 6321//6074 6273//6074
vn -0.0175 -0.4433 0.8962
usemtl leaf_5
f 6273//6075 6321//6075 6322//6075 6274//6075
vn -0.8196 -0.3842 0.4250
usemtl leaf_4
f 6274//6076 6322//6076 6323//6076 6275//6076
vn -0.9591 -0.0693 0.2743
usemtl leaf_3
f 6275//6077 6323//6077 6324//6077 6276//6077
vn -0.9139 -0.0575 0.4019
usemtl leaf_2
f 6276//6078 6324//6078 6325//6078 6277//6078
vn -0.6173 -0.2716 0.7384
usemtl leaf_3
f 6277//6079 6325//6079 6326//6079 6278//6079
vn -0.7657 0.1857 0.6158
usemtl leaf_2
f 6278//6080 6326//6080 6279//6080 6231//6080
vn -0.2037 -0.3498 0.9144
f 6279//6081 6327//6081 6328//6081 6280//6081
vn -0.8407 -0.3972 0.3680
usemtl leaf_4
f 6280//6082 6328//6082 6329//6082 6281//6082
vn -0.9030 -0.1512 0.4022
usemtl leaf_3
f 6281//6083 6329//6083 6330//6083 6282//6083
vn -0.9537 -0.2006 -0.2243
f 6282//6084 6330//6084 6331//6084 6283//6084
vn -0.8652 -0.4319 -0.2546
usemtl leaf_4
f 6283//6085 6331//6085 6332//6085 6284//6085
vn -0.8682 -0.4869 -0.0957
f 6284//6086 6332//6086 6333//6086 6285//6086
vn -0.9836 -0.1433 -0.1096
usemtl leaf_3
f 6285//6087 6333//6087 6334//6087 6286//6087
vn -0.9726 0.1599 -0.1690
usemtl leaf_5
f 6286//6088 6334//6088 6335//6088 6287//6088
vn -0.7005 0.0417 -0.7124
f 6287//6089 6335//6089 6336//6089 6288//6089
vn -0.5902 0.0595 -0.8051
usemtl leaf_4
f 6288//6090 6336//6090 6337//6090 6289//6090
vn -0.5044 0.2270 -0.8331
usemtl leaf_3
f 6289//6091 6337//6091 6338//6091 6290//6091
vn -0.7671 0.1350 -0.6272
f 6290//6092 6338//6092 6339//6092 6291//6092
vn -0.1305 -0.4253 -0.8956
usemtl leaf_2
f 6291//6093 6339//6093 6340//6093 6292//6093
vn -0.4418 -0.6455 -0.6230
usemtl leaf_3
f 6292//6094 6340//6094 6341//6094 6293//6094
vn -0.1997 -0.1549 -0.9675
usemtl leaf_4
f 6293//6095 6341//6095 6342//6095 6294//6095
vn -0.0486 -0.3497 -0.9356
usemtl leaf_3
f 6294//6096 6342//6096 6343//6096 6295//6096
vn 0.0446 -0.6407 -0.7665
f 6295//6097 6343//6097 6344//6097 6296//6097
vn 0.3621 -0.2516 -0.8975
usemtl leaf_4
f 6296//6098 6344//6098 6345//6098 6297//6098
vn 0.0154 -0.1951 -0.9807
f 6297//6099 6345//6099 6346//6099 6298//6099
vn 0.5596 -0.3707 -0.7412
f 6298//6100 6346//6100 6347//6100 6299//6100
vn 0.2543 -0.2665 -0.9297
f 6299//6101 6347//6101 6348//6101 6300//6101
vn 0.8213 0.0148 -0.5703
f 6300//6102 6348//6102 6349//6102 6301//6102
vn 0.5691 -0.1812 -0.8020
usemtl leaf_3
f 6301//6103 6349//6103 6350//6103 6302//6103
vn 0.6571 -0.3151 -0.6848
usemtl leaf_5
f 6302//6104 6350//6104 6351//6104 6303//6104
vn 0.9653 -0.2606 0.0170
usemtl leaf_3
f 6303//6105 6351//6105 6352//6105 6304//6105
vn 0.9151 -0.2495 -0.3169
usemtl leaf_4
f 6304//6106 6352//6106 6353//6106 6305//6106
vn 0.9512 0.2258 0.2102
f 6305//6107 6353//6107 6354//6107 6306//6107
vn 0.9199 0.2905 -0.2635
usemtl leaf_2
f 6306//6108 6354//6108 6355//6108 6307//6108
vn 0.9138 -0.3842 -0.1315
usemtl leaf_4
f 6307//6109 6355//6109 6356//6109 6308//6109
vn 0.8108 -0.3838 -0.4420
f 6308//6110 6356//6110 6357//6110 6309//6110
vn 0.7304 -0.5995 0.3272
f 6309//6111 6357//6111 6358//6111 6310//6111
vn 0.7047 -0.6841 0.1885
usemtl leaf_5
f 6310//6112 6358//6112 6359//6112 6311//6112
vn 0.3724 -0.0812 0.9245
usemtl leaf_4
f 6311//6113 6359//6113 6360//6113 6312//6113
vn 0.5837 0.1897 0.7895
usemtl leaf_3
f 6312//6114 6360//6114 6361//6114 6313//6114
vn 0.6769 0.1947 0.7099
f 6313//6115 6361//6115 6362//6115 6314//6115
vn 0.5591 0.3454 0.7537
f 6314//6116 6362//6116 6363//6116 6315//6116
vn 0.2028 -0.0273 0.9788
usemtl leaf_4
f 6315//6117 6363//6117 6364//6117 6316//6117
vn 0.1145 -0.3503 0.9296
f 6316//6118 6364//6118 6365//6118 6317//6118
vn 0.4222 0.0992 0.9010
usemtl leaf_2
f 6317//6119 6365//6119 6366//6119 6318//6119
vn 0.3826 0.4531 0.8052
usemtl leaf_4
f 6318//6120 6366//6120 6367//6120 6319//6120
vn 0.3174 0.4333 0.8435
f 6319//6121 6367//6121 6368//6121 6320//6121
vn 0.0062 0.0562 0.9984
usemtl leaf_3
f 6320//6122 6368//6122 6369//6122 6321//6122
vn -0.1591 0.0622 0.9853
usemtl leaf_5
f 6321//6123 6369//6123 6370//6123 6322//6123
vn -0.8345 0.1368 0.5338
usemtl leaf_3
f 6322//6124 6370//6124 6371//6124 6323//6124
vn -0.9738 -0.0739 0.2151
f 6323//6125 6371//6125 6372//6125 6324//6125
vn -0.7529 -0.3054 0.5829
f 6324//6126 6372//6126 6373//6126 6325//6126
vn -0.8214 -0.1116 0.5594
usemtl leaf_1
f 6325//6127 6373//6127 6374//6127 6326//6127
vn -0.8107 -0.2016 0.5496
usemtl leaf_2
f 6326//6128 6374//6128 6327//6128 6279//6128
vn -0.4298 -0.2222 0.8751
usemtl leaf_4
f 6327//6129 6375//6129 6376//6129 6328//6129
vn -0.9511 0.2248 0.2116
usemtl leaf_2
f 6328//6130 6376//6130 6377//6130 6329//6130
vn -0.9079 0.2691 0.3213
usemtl leaf_4
f 6329//6131 6377//6131 6378//6131 6330//6131
vn -0.9765 -0.0777 0.2009
f 6330//6132 6378//6132 6379//6132 6331//6132
vn -0.9125 -0.3309 -0.2405
f 6331//6133 6379//6133 6380//6133 6332//6133
vn -0.9176 0.0335 -0.3961
f 6332//6134 6380//6134 6381//6134 6333//6134
vn -0.9942 -0.0051 -0.1079
usemtl leaf_3
f 6333//6135 6381//6135 6382//6135 6334//6135
vn -0.9401 -0.1556 -0.3034
f 6334//6136 6382//6136 6383//6136 6335//6136
vn -0.7475 0.0719 -0.6603
usemtl leaf_4
f 6335//6137 6383//6137 6384//6137 6336//6137
vn -0.4987 0.0974 -0.8613
usemtl leaf_2
f 6336//6138 6384//6138 6385//6138 6337//6138
vn -0.6818 -0.2275 -0.6953
usemtl leaf_3
f 6337//6139 6385//6139 6386//6139 6338//6139
vn -0.5316 -0.0098 -0.8469
f 6338//6140 6386//6140 6387//6140 6339//6140
vn -0.5527 0.3849 -0.7392
usemtl leaf_4
f 6339//6141 6387//6141 6388//6141 6340//6141
vn -0.2824 0.4325 -0.8562
f 6340//6142 6388//6142 6389//6142 6341//6142
vn -0.1255 0.2535 -0.9592
usemtl leaf_3
f 6341//6143 6389//6143 6390//6143 6342//6143
vn -0.6101 -0.2103 -0.7639
f 6342//6144 6390//6144 6391//6144 6343//6144
vn 0.4317 -0.1808 -0.8837
usemtl leaf_4
f 6343//6145 6391//6145 6392//6145 6344//6145
vn 0.5413 0.0474 -0.8395
f 6344//6146 6392//6146 6393//6146 6345//6146
vn 0.0307 0.2337 -0.9718
usemtl leaf_3
f 6345//6147 6393//6147 6394//6147 6346//6147
vn 0.5010 0.3252 -0.8020
usemtl leaf_2
f 6346//6148 6394//6148 6395//6148 6347//6148
vn 0.4695 0.4202 -0.7765
usemtl leaf_3
f 6347//6149 6395//6149 6396//6149 6348//6149
vn 0.5945 0.1060 -0.7971
usemtl leaf_4
f 6348//6150 6396//6150 6397//6150 6349//6150
vn 0.6332 -0.0000 -0.7740
f 6349//6151 6397//6151 6398//6151 6350//6151
vn 0.7019 0.2382 -0.6713
f 6350//6152 6398//6152 6399//6152 6351//6152
vn 0.9597 0.2779 0.0414
f 6351//6153 6399//6153 6400//6153 6352//6153
vn 0.8871 0.3321 -0.3205
usemtl leaf_2
f 6352//6154 6400//6154 6401//6154 6353//6154
vn 0.9482 -0.0493 0.3138
usemtl leaf_3
f 6353//6155 6401//6155 6402//6155 6354//6155
vn 0.7454 -0.3711 -0.5538
usemtl leaf_2
f 6354//6156 6402//6156 6403//6156 6355//6156
vn 0.9958 -0.0811 -0.0420
f 6355//6157 6403//6157 6404//6157 6356//6157
vn 0.8932 0.4062 -0.1928
usemtl leaf_3
f 6356//6158 6404//6158 6405//6158 6357//6158
vn 0.8832 0.4685 0.0209
usemtl leaf_4
f 6357//6159 6405//6159 6406//6159 6358//6159
vn 0.9023 0.2929 0.3164
usemtl leaf_3
f 6358//6160 6406//6160 6407//6160 6359//6160
vn 0.2728 -0.1297 0.9533
f 6359//6161 6407//6161 6408//6161 6360//6161
vn 0.5567 -0.2536 0.7911
usemtl leaf_2
f 6360//6162 6408//6162 6409//6162 6361//6162
vn 0.5225 0.0005 0.8527
usemtl leaf_3
f 6361//6163 6409//6163 6410//6163 6362//6163
vn 0.4976 0.1846 0.8476
f 6362//6164 6410//6164 6411//6164 6363//6164
vn 0.6918 0.0713 0.7186
usemtl leaf_2
f 6363//6165 6411//6165 6412//6165 6364//6165
vn 0.3698 -0.5499 0.7489
f 6364//6166 6412//6166 6413//6166 6365//6166
vn -0.0291 -0.6898 0.7234
f 6365//6167 6413//6167 6414//6167 6366//6167
vn 0.2939 -0.5841 0.7566
f 6366//6168 6414//6168 6415//6168 6367//6168
vn 0.1150 -0.1722 0.9783
usemtl leaf_3
f 6367//6169 6415//6169 6416//6169 6368//6169
vn 0.1236 0.4489 0.8850
usemtl leaf_4
f 6368//6170 6416//6170 6417//6170 6369//6170
vn -0.3219 0.5229 0.7893
f 6369//6171 6417//6171 6418//6171 6370//6171
vn -0.5918 0.3000 0.7482
usemtl leaf_3
f 6370//6172 6418//6172 6419//6172 6371//6172
vn -0.9195 -0.1467 0.3647
usemtl leaf_2
f 6371//6173 6419//6173 6420//6173 6372//6173
vn -0.7759 -0.2393 0.5837
usemtl leaf_1
f 6372//6174 6420//6174 6421//6174 6373//6174
vn -0.8970 -0.1937 0.3974
usemtl leaf_2
f 6373//6175 6421//6175 6422//6175 6374//6175
vn -0.4401 -0.4005 0.8037
f 6374//6176 6422//6176 6375//6176 6327//6176
vn -0.8534 -0.0637 0.5173
f 6375//6177 6423//6177 6424//6177 6376//6177
vn -0.9101 0.4142 -0.0092
usemtl leaf_3
f 6376//6178 6424//6178 6425//6178 6377//6178
vn -0.7726 0.5536 0.3108
usemtl leaf_2
f 6377//6179 6425//6179 6426//6179 6378//6179
vn -0.7446 0.5823 0.3263
usemtl leaf_3
f 6378//6180 6426//6180 6427//6180 6379//6180
vn -0.8451 0.5243 -0.1040
f 6379//6181 6427//6181 6428//6181 6380//6181
vn -0.9400 -0.0210 -0.3405
usemtl leaf_2
f 6380//6182 6428//6182 6429//6182 6381//6182
vn -0.9925 -0.1026 -0.0670
usemtl leaf_4
f 6381//6183 6429//6183 6430//6183 6382//6183
vn -0.8014 0.2914 -0.5224
f 6382//6184 6430//6184 6431//6184 6383//6184
vn -0.7757 0.2674 -0.5717
usemtl leaf_2
f 6383//6185 6431//6185 6432//6185 6384//6185
vn -0.6497 -0.0954 -0.7542
usemtl leaf_3
f 6384//6186 6432//6186 6433//6186 6385//6186
vn -0.7165 -0.0244 -0.6971
f 6385//6187 6433//6187 6434//6187 6386//6187
vn -0.3064 0.0254 -0.9516
f 6386//6188 6434//6188 6435//6188 6387//6188
vn -0.6808 -0.2660 -0.6824
f 6387//6189 6435//6189 6436//6189 6388//6189
vn -0.2074 -0.3791 -0.9018
usemtl leaf_2
f 6388//6190 6436//6190 6437//6190 6389//6190
vn -0.4360 -0.4575 -0.7750
f 6389//6191 6437//6191 6438//6191 6390//6191
vn -0.3539 -0.0613 -0.9333
usemtl leaf_4
f 6390//6192 6438//6192 6439//6192 6391//6192
vn 0.1230 -0.0894 -0.9884
f 6391//6193 6439//6193 6440//6193 6392//6193
vn 0.7542 -0.1852 -0.6301
usemtl leaf_2
f 6392//6194 6440//6194 6441//6194 6393//6194
vn 0.3093 0.4023 -0.8617
usemtl leaf_1
f 6393//6195 6441//6195 6442//6195 6394//6195
vn 0.2677 0.3742 -0.8879
usemtl leaf_3
f 6394//6196 6442//6196 6443//6196 6395//6196
vn 0.4494 -0.1196 -0.8853
usemtl leaf_2
f 6395//6197 6443//6197 6444//6197 6396//6197
vn 0.4523 -0.0452 -0.8907
f 6396//6198 6444//6198 6445//6198 6397//6198
vn 0.7892 0.1307 -0.6000
usemtl leaf_4
f 6397//6199 6445//6199 6446//6199 6398//6199
vn 0.7735 0.3230 -0.5453
usemtl leaf_2
f 6398//6200 6446//6200 6447//6200 6399//6200
vn 0.9740 0.2128 -0.0779
f 6399//6201 6447//6201 6448//6201 6400//6201
vn 0.9633 0.1970 -0.1824
usemtl leaf_3
f 6400//6202 6448//6202 6449//6202 6401//6202
vn 0.9542 0.0120 -0.2988
usemtl leaf_2
f 6401//6203 6449//6203 6450//6203 6402//6203
vn 0.8141 -0.2494 -0.5245
f 6402//6204 6450//6204 6451//6204 6403//6204
vn 0.9129 -0.3997 0.0828
f 6403//6205 6451//6205 6452//6205 6404//6205
vn 0.8554 -0.5167 -0.0354
f 6404//6206 6452//6206 6453//6206 6405//6206
vn 0.9357 -0.3363 0.1067
usemtl leaf_4
f 6405//6207 6453//6207 6454//6207 6406//6207
vn 0.8537 0.2074 0.4777
usemtl leaf_3
f 6406//6208 6454//6208 6455//6208 6407//6208
vn 0.6762 0.1699 0.7169
usemtl leaf_4
f 6407//6209 6455//6209 6456//6209 6408//6209
vn 0.2383 0.0695 0.9687
usemtl leaf_2
f 6408//6210 6456//6210 6457//6210 6409//6210
vn 0.5980 0.2219 0.7702
usemtl leaf_3
f 6409//6211 6457//6211 6458//6211 6410//6211
vn 0.4808 -0.0636 0.8745
usemtl leaf_2
f 6410//6212 6458//6212 6459//6212 6411//6212
vn 0.8344 -0.2631 0.4842
f 6411//6213 6459//6213 6460//6213 6412//6213
vn 0.5902 -0.2625 0.7634
usemtl leaf_4
f 6412//6214 6460//6214 6461//6214 6413//6214
vn -0.0711 -0.1862 0.9799
usemtl leaf_2
f 6413//6215 6461//6215 6462//6215 6414//6215
vn 0.0135 0.0652 0.9978
usemtl leaf_3
f 6414//6216 6462//6216 6463//6216 6415//6216
vn -0.2062 0.3100 0.9281
f 6415//6217 6463//6217 6464//6217 6416//6217
vn -0.2320 0.4471 0.8639
usemtl leaf_2
f 6416//6218 6464//6218 6465//6218 6417//6218
vn 0.0867 0.2774 0.9568
usemtl leaf_3
f 6417//6219 6465//6219 6466//6219 6418//6219
vn -0.4321 -0.2131 0.8763
usemtl leaf_4
f 6418//6220 6466//6220 6467//6220 6419//6220
vn -0.8049 -0.2473 0.5394
usemtl leaf_2
f 6419//6221 6467//6221 6468//6221 6420//6221
vn -0.7677 -0.3847 0.5125
usemtl leaf_3
f 6420//6222 6468//6222 6469//6222 6421//6222
vn -0.5336 -0.6381 0.5550
f 6421//6223 6469//6223 6470//6223 6422//6223
vn -0.4941 -0.6161 0.6135
f 6422//6224 6470//6224 6423//6224 6375//6224
vn -0.9919 0.1249 0.0235
usemtl leaf_2
f 6423//6225 6471//6225 6472//6225 6424//6225
vn -0.9680 0.2481 -0.0388
usemtl leaf_1
f 6424//6226 6472//6226 6473//6226 6425//6226
vn -0.8245 -0.1394 0.5484
usemtl leaf_2
f 6425//6227 6473//6227 6474//6227 6426//6227
vn -0.9893 -0.1221 0.0796
usemtl leaf_3
f 6426//6228 6474//6228 6475//6228 6427//6228
vn -0.9789 0.0039 0.2042
usemtl leaf_2
f 6427//6229 6475//6229 6476//6229 6428//6229
vn -0.9929 -0.1022 -0.0605
usemtl leaf_3
f 6428//6230 6476//6230 6477//6230 6429//6230
vn -0.8944 0.0946 -0.4371
usemtl leaf_4
f 6429//6231 6477//6231 6478//6231 6430//6231
vn -0.6093 0.4009 -0.6841
usemtl leaf_2
f 6430//6232 6478//6232 6479//6232 6431//6232
vn -0.8114 0.4763 -0.3389
usemtl leaf_3
f 6431//6233 6479//6233 6480//6233 6432//6233
vn -0.8016 0.2906 -0.5224
f 6432//6234 6480//6234 6481//6234 6433//6234
vn -0.3196 0.3743 -0.8705
usemtl leaf_2
f 6433//6235 6481//6235 6482//6235 6434//6235
vn -0.6539 0.3331 -0.6793
f 6434//6236 6482//6236 6483//6236 6435//6236
vn -0.7195 0.1098 -0.6858
usemtl leaf_3
f 6435//6237 6483//6237 6484//6237 6436//6237
vn -0.0710 0.3614 -0.9297
usemtl leaf_2
f 6436//6238 6484//6238 6485//6238 6437//6238
vn -0.6207 0.3655 -0.6937
f 6437//6239 6485//6239 6486//6239 6438//6239
vn -0.0951 0.0170 -0.9953
usemtl leaf_3
f 6438//6240 6486//6240 6487//6240 6439//6240
vn -0.0627 0.1478 -0.9870
f 6439//6241 6487//6241 6488//6241 6440//6241
vn 0.8236 0.2001 -0.5307
usemtl leaf_2
f 6440//6242 6488//6242 6489//6242 6441//6242
vn 0.4002 -0.0972 -0.9112
usemtl leaf_1
f 6441//6243 6489//6243 6490//6243 6442//6243
vn 0.2376 -0.0556 -0.9698
usemtl leaf_3
f 6442//6244 6490//6244 6491//6244 6443//6244
vn 0.2747 0.1642 -0.9474
f 6443//6245 6491//6245 6492//6245 6444//6245
vn 0.6914 0.2615 -0.6735
f 6444//6246 6492//6246 6493//6246 6445//6246
vn 0.5095 0.0121 -0.8604
f 6445//6247 6493//6247 6494//6247 6446//6247
vn 0.9780 -0.0987 -0.1836
usemtl leaf_2
f 6446//6248 6494//6248 6495//6248 6447//6248
vn 0.8817 0.0307 -0.4707
f 6447//6249 6495//6249 6496//6249 6448//6249
vn 0.9740 -0.2210 -0.0497
f 6448//6250 6496//6250 6497//6250 6449//6250
vn 0.8709 -0.1172 -0.4773
f 6449//6251 6497//6251 6498//6251 6450//6251
vn 0.8854 0.0792 -0.4580
usemtl leaf_3
f 6450//6252 6498//6252 6499//6252 6451//6252
vn 0.9750 0.0136 -0.2220
f 6451//6253 6499//6253 6500//6253 6452//6253
vn 0.9050 0.2794 0.3208
usemtl leaf_4
f 6452//6254 6500//6254 6501//6254 6453//6254
vn 0.8955 0.4374 0.0822
f 6453//6255 6501//6255 6502//6255 6454//6255
vn 0.7153 0.1711 0.6775
f 6454//6256 6502//6256 6503//6256 6455//6256
vn 0.7813 0.2737 0.5610
f 6455//6257 6503//6257 6504//6257 6456//6257
vn 0.2953 0.0325 0.9549
f 6456//6258 6504//6258 6505//6258 6457//6258
vn 0.5991 -0.1769 0.7809
usemtl leaf_3
f 6457//6259 6505//6259 6506//6259 6458//6259
vn 0.5791 -0.0257 0.8149
f 6458//6260 6506//6260 6507//6260 6459//6260
vn 0.8608 0.1104 0.4968
usemtl leaf_2
f 6459//6261 6507//6261 6508//6261 6460//6261
vn 0.5553 0.1994 0.8074
f 6460//6262 6508//6262 6509//6262 6461//6262
vn 0.2141 -0.1390 0.9669
usemtl leaf_3
f 6461//6263 6509//6263 6510//6263 6462//6263
vn -0.2748 -0.2955 0.9150
f 6462//6264 6510//6264 6511//6264 6463//6264
vn -0.2253 -0.1741 0.9586
usemtl leaf_2
f 6463//6265 6511//6265 6512//6265 6464//6265
vn -0.5741 0.0989 0.8128
usemtl leaf_1
f 6464//6266 6512//6266 6513//6266 6465//6266
vn 0.0463 0.6512 0.7574
f 6465//6267 6513//6267 6514//6267 6466//6267
vn 0.0855 0.6053 0.7914
usemtl leaf_2
f 6466//6268 6514//6268 6515//6268 6467//6268
vn -0.4696 -0.3180 0.8236
usemtl leaf_3
f 6467//6269 6515//6269 6516//6269 6468//6269
vn -0.6564 -0.5700 0.4943
usemtl leaf_2
f 6468//6270 6516//6270 6517//6270 6469//6270
vn -0.5211 -0.4738 0.7098
usemtl leaf_3
f 6469//6271 6517//6271 6518//6271 6470//6271
vn -0.8761 -0.2334 0.4218
usemtl leaf_2
f 6470//6272 6518//6272 6471//6272 6423//6272
vn -0.9666 0.2227 -0.1267
usemtl leaf_3
f 6471//6273 6519//6273 6520//6273 6472//6273
vn -0.9783 0.0506 0.2010
f 6472//6274 6520//6274 6521//6274 6473//6274
vn -0.8277 0.4143 0.3787
usemtl leaf_2
f 6473//6275 6521//6275 6522//6275 6474//6275
vn -0.8767 0.3910 0.2801
f 6474//6276 6522//6276 6523//6276 6475//6276
vn -0.9797 0.1763 0.0954
usemtl leaf_3
f 6475//6277 6523//6277 6524//6277 6476//6277
vn -0.9284 0.3716 -0.0009
f 6476//6278 6524//6278 6525//6278 6477//6278
vn -0.7589 0.3156 -0.5696
usemtl leaf_2
f 6477//6279 6525//6279 6526//6279 6478//6279
vn -0.5756 0.2626 -0.7744
usemtl leaf_1
f 6478//6280 6526//6280 6527//6280 6479//6280
vn -0.9523 0.1674 -0.2553
usemtl leaf_2
f 6479//6281 6527//6281 6528//6281 6480//6281
vn -0.7717 0.2888 -0.5667
usemtl leaf_3
f 6480//6282 6528//6282 6529//6282 6481//6282
vn -0.5489 -0.0066 -0.8359
usemtl leaf_2
f 6481//6283 6529//6283 6530//6283 6482//6283
vn -0.5960 -0.0529 -0.8012
f 6482//6284 6530//6284 6531//6284 6483//6284
vn -0.7276 0.2514 -0.6383
usemtl leaf_3
f 6483//6285 6531//6285 6532//6285 6484//6285
vn 0.0918 0.1757 -0.9802
usemtl leaf_1
f 6484//6286 6532//6286 6533//6286 6485//6286
vn -0.6771 0.2538 -0.6907
usemtl leaf_2
f 6485//6287 6533//6287 6534//6287 6486//6287
vn -0.2789 0.4096 -0.8686
usemtl leaf_4
f 6486//6288 6534//6288 6535//6288 6487//6288
vn 0.4385 0.6099 -0.6601
usemtl leaf_3
f 6487//6289 6535//6289 6536//6289 6488//6289
vn 0.2800 0.2424 -0.9289
usemtl leaf_1
f 6488//6290 6536//6290 6537//6290 6489//6290
vn 0.5289 -0.1779 -0.8298
usemtl leaf_2
f 6489//6291 6537//6291 6538//6291 6490//6291
vn 0.2282 -0.0619 -0.9716
usemtl leaf_3
f 6490//6292 6538//6292 6539//6292 6491//6292
vn 0.6696 0.2162 -0.7106
usemtl leaf_2
f 6491//6293 6539//6293 6540//6293 6492//6293
vn 0.3851 0.2162 -0.8972
usemtl leaf_3
f 6492//6294 6540//6294 6541//6294 6493//6294
vn 0.5450 0.1007 -0.8324
usemtl leaf_2
f 6493//6295 6541//6295 6542//6295 6494//6295
vn 0.9528 0.2748 -0.1289
usemtl leaf_3
f 6494//6296 6542//6296 6543//6296 6495//6296
vn 0.8874 0.3737 -0.2700
f 6495//6297 6543//6297 6544//6297 6496//6297
vn 0.8165 0.5108 -0.2691
usemtl leaf_1
f 6496//6298 6544//6298 6545//6298 6497//6298
vn 0.8934 0.3882 -0.2261
f 6497//6299 6545//6299 6546//6299 6498//6299
vn 0.7793 0.3820 -0.4967
f 6498//6300 6546//6300 6547//6300 6499//6300
vn 0.7610 0.6488 0.0000
usemtl leaf_2
f 6499//6301 6547//6301 6548//6301 6500//6301
vn 0.9009 0.4297 0.0612
f 6500//6302 6548//6302 6549//6302 6501//6302
vn 0.9348 0.1999 0.2935
usemtl leaf_3
f 6501//6303 6549//6303 6550//6303 6502//6303
vn 0.6188 0.5673 0.5434
usemtl leaf_2
f 6502//6304 6550//6304 6551//6304 6503//6304
vn 0.6400 0.5121 0.5728
usemtl leaf_3
f 6503//6305 6551//6305 6552//6305 6504//6305
vn 0.4245 0.4804 0.7675
usemtl leaf_2
f 6504//6306 6552//6306 6553//6306 6505//6306
vn 0.4011 0.5154 0.7573
usemtl leaf_3
f 6505//6307 6553//6307 6554//6307 6506//6307
vn 0.7233 0.2812 0.6307
usemtl leaf_2
f 6506//6308 6554//6308 6555//6308 6507//6308
vn 0.7072 0.2195 0.6720
f 6507//6309 6555//6309 6556//6309 6508//6309
vn 0.6234 0.3555 0.6964
usemtl leaf_3
f 6508//6310 6556//6310 6557//6310 6509//6310
vn 0.1047 0.6284 0.7708
f 6509//6311 6557//6311 6558//6311 6510//6311
vn -0.2287 0.7156 0.6600
f 6510//6312 6558//6312 6559//6312 6511//6312
vn -0.2120 0.5745 0.7906
usemtl leaf_2
f 6511//6313 6559//6313 6560//6313 6512//6313
vn -0.6399 0.3921 0.6609
usemtl leaf_1
f 6512//6314 6560//6314 6561//6314 6513//6314
vn -0.4404 0.4973 0.7475
usemtl leaf_2
f 6513//6315 6561//6315 6562//6315 6514//6315
vn 0.3554 0.4629 0.8121
f 6514//6316 6562//6316 6563//6316 6515//6316
vn -0.0177 0.6905 0.7231
usemtl leaf_3
f 6515//6317 6563//6317 6564//6317 6516//6317
vn -0.3610 0.2178 0.9068
f 6516//6318 6564//6318 6565//6318 6517//6318
vn -0.8118 -0.1746 0.5572
usemtl leaf_4
f 6517//6319 6565//6319 6566//6319 6518//6319
vn -0.9717 0.1522 0.1806
f 6518//6320 6566//6320 6519//6320 6471//6320
vn -0.9774 0.1445 -0.1546
usemtl leaf_2
f 6519//6321 6567//6321 6568//6321 6520//6321
vn -0.8908 0.1778 0.4181
usemtl leaf_1
f 6520//6322 6568//6322 6569//6322 6521//6322
vn -0.9792 0.1467 -0.1400
usemtl leaf_2
f 6521//6323 6569//6323 6570//6323 6522//6323
vn -0.6859 0.6671 0.2906
f 6522//6324 6570//6324 6571//6324 6523//6324
vn -0.6547 0.7365 0.1703
usemtl leaf_1
f 6523//6325 6571//6325 6572//6325 6524//6325
vn -0.9240 0.3214 0.2073
usemtl leaf_3
f 6524//6326 6572//6326 6573//6326 6525//6326
vn -0.8531 0.0729 -0.5166
usemtl leaf_2
f 6525//6327 6573//6327 6574//6327 6526//6327
vn -0.6115 0.0305 -0.7906
usemtl leaf_3
f 6526//6328 6574//6328 6575//6328 6527//6328
vn -0.6626 0.5515 -0.5068
usemtl leaf_1
f 6527//6329 6575//6329 6576//6329 6528//6329
vn -0.3291 0.8493 -0.4129
usemtl leaf_2
f 6528//6330 6576//6330 6577//6330 6529//6330
vn -0.7268 0.6700 -0.1509
f 6529//6331 6577//6331 6578//6331 6530//6331
vn -0.2067 0.5031 -0.8392
f 6530//6332 6578//6332 6579//6332 6531//6332
vn -0.7040 0.4956 -0.5086
usemtl leaf_3
f 6531//6333 6579//6333 6580//6333 6532//6333
vn -0.2009 0.2363 -0.9507
f 6532//6334 6580//6334 6581//6334 6533//6334
vn -0.4552 0.1400 -0.8793
usemtl leaf_2
f 6533//6335 6581//6335 6582//6335 6534//6335
vn 0.2022 0.7641 -0.6126
f 6534//6336 6582//6336 6583//6336 6535//6336
vn 0.1844 0.7124 -0.6771
usemtl leaf_3
f 6535//6337 6583//6337 6584//6337 6536//6337
vn -0.3069 0.2336 -0.9226
usemtl leaf_2
f 6536//6338 6584//6338 6585//6338 6537//6338
vn 0.7297 0.2903 -0.6191
f 6537//6339 6585//6339 6586//6339 6538//6339
vn 0.1761 0.5018 -0.8469
f 6538//6340 6586//6340 6587//6340 6539//6340
vn 0.7697 0.5260 -0.3618
usemtl leaf_1
f 6539//6341 6587//6341 6588//6341 6540//6341
vn 0.1154 0.6508 -0.7504
usemtl leaf_2
f 6540//6342 6588//6342 6589//6342 6541//6342
vn 0.4157 0.8756 -0.2458
f 6541//6343 6589//6343 6590//6343 6542//6343
vn 0.5302 0.6342 -0.5628
usemtl leaf_3
f 6542//6344 6590//6344 6591//6344 6543//6344
vn 0.9292 -0.1075 -0.3536
f 6543//6345 6591//6345 6592//6345 6544//6345
vn 0.9843 -0.0999 -0.1458
f 6544//6346 6592//6346 6593//6346 6545//6346
vn 0.9027 -0.0075 -0.4302
usemtl leaf_2
f 6545//6347 6593//6347 6594//6347 6546//6347
vn 0.9635 0.0286 -0.2662
f 6546//6348 6594//6348 6595//6348 6547//6348
vn 0.9637 0.2139 0.1599
usemtl leaf_3
f 6547//6349 6595//6349 6596//6349 6548//6349
vn 0.9281 0.2969 -0.2248
f 6548//6350 6596//6350 6597//6350 6549//6350
vn 0.6488 0.5404 0.5357
f 6549//6351 6597//6351 6598//6351 6550//6351
vn 0.3807 0.6528 0.6549
usemtl leaf_2
f 6550//6352 6598//6352 6599//6352 6551//6352
vn 0.4123 0.8501 0.3276
f 6551//6353 6599//6353 6600//6353 6552//6353
vn 0.6876 0.5438 0.4812
f 6552//6354 6600//6354 6601//6354 6553//6354
vn 0.7153 -0.1925 0.6718
usemtl leaf_1
f 6553//6355 6601//6355 6602//6355 6554//6355
vn 0.7290 -0.2968 0.6168
usemtl leaf_3
f 6554//6356 6602//6356 6603//6356 6555//6356
vn 0.4846 -0.1042 0.8685
usemtl leaf_2
f 6555//6357 6603//6357 6604//6357 6556//6357
vn 0.4021 0.3526 0.8450
usemtl leaf_3
f 6556//6358 6604//6358 6605//6358 6557//6358
vn -0.1467 0.5873 0.7960
usemtl leaf_1
f 6557//6359 6605//6359 6606//6359 6558//6359
vn -0.1222 0.5406 0.8324
f 6558//6360 6606//6360 6607//6360 6559//6360
vn -0.2336 0.6225 0.7470
usemtl leaf_2
f 6559//6361 6607//6361 6608//6361 6560//6361
vn -0.5370 0.5956 0.5974
usemtl leaf_1
f 6560//6362 6608//6362 6609//6362 6561//6362
vn -0.3049 0.3007 0.9037
usemtl leaf_2
f 6561//6363 6609//6363 6610//6363 6562//6363
vn 0.2070 0.1619 0.9649
usemtl leaf_1
f 6562//6364 6610//6364 6611//6364 6563//6364
vn -0.1406 0.3125 0.9394
usemtl leaf_3
f 6563//6365 6611//6365 6612//6365 6564//6365
vn 0.1000 0.3083 0.9460
f 6564//6366 6612//6366 6613//6366 6565//6366
vn -0.8178 0.2240 0.5302
f 6565//6367 6613//6367 6614//6367 6566//6367
vn -0.9968 0.0495 0.0627
f 6566//6368 6614//6368 6567//6368 6519//6368
vn -0.9466 0.3213 -0.0277
usemtl leaf_2
f 6567//6369 6615//6369 6616//6369 6568//6369
vn -0.9038 0.1404 0.4044
f 6568//6370 6616//6370 6617//6370 6569//6370
vn -0.8405 0.3704 -0.3954
usemtl leaf_1
f 6569//6371 6617//6371 6618//6371 6570//6371
vn -0.9405 0.1987 0.2758
f 6570//6372 6618//6372 6619//6372 6571//6372
vn -0.9352 0.3538 -0.0163
usemtl leaf_2
f 6571//6373 6619//6373 6620//6373 6572//6373
vn -0.4278 0.8933 0.1376
f 6572//6374 6620//6374 6621//6374 6573//6374
vn -0.3307 0.9415 -0.0644
f 6573//6375 6621//6375 6622//6375 6574//6375
vn -0.7538 0.5331 -0.3841
usemtl leaf_1
f 6574//6376 6622//6376 6623//6376 6575//6376
vn -0.4061 0.0866 -0.9097
usemtl leaf_2
f 6575//6377 6623//6377 6624//6377 6576//6377
vn -0.8422 -0.0517 -0.5366
usemtl leaf_1
f 6576//6378 6624//6378 6625//6378 6577//6378
vn -0.8906 0.0054 -0.4547
usemtl leaf_2
f 6577//6379 6625//6379 6626//6379 6578//6379
vn -0.2564 0.3643 -0.8953
f 6578//6380 6626//6380 6627//6380 6579//6380
vn -0.6425 0.4595 -0.6133
usemtl leaf_1
f 6579//6381 6627//6381 6628//6381 6580//6381
vn -0.6424 0.3820 -0.6644
usemtl leaf_2
f 6580//6382 6628//6382 6629//6382 6581//6382
vn -0.0885 0.3621 -0.9279
f 6581//6383 6629//6383 6630//6383 6582//6383
vn 0.5210 0.3051 -0.7972
f 6582//6384 6630//6384 6631//6384 6583//6384
vn -0.0050 0.6448 -0.7643
f 6583//6385 6631//6385 6632//6385 6584//6385
vn -0.3376 0.7621 -0.5525
f 6584//6386 6632//6386 6633//6386 6585//6386
vn 0.4314 0.5302 -0.7299
usemtl leaf_3
f 6585//6387 6633//6387 6634//6387 6586//6387
vn 0.5317 0.3086 -0.7887
usemtl leaf_2
f 6586//6388 6634//6388 6635//6388 6587//6388
vn 0.7288 0.3291 -0.6004
usemtl leaf_3
f 6587//6389 6635//6389 6636//6389 6588//6389
vn 0.6425 0.5305 -0.5530
usemtl leaf_2
f 6588//6390 6636//6390 6637//6390 6589//6390
vn 0.5761 0.6315 -0.5190
usemtl leaf_1
f 6589//6391 6637//6391 6638//6391 6590//6391
vn 0.3291 0.6840 -0.6510
usemtl leaf_2
f 6590//6392 6638//6392 6639//6392 6591//6392
vn 0.3568 0.7121 -0.6047
usemtl leaf_3
f 6591//6393 6639//6393 6640//6393 6592//6393
vn 0.9544 0.1889 -0.2310
f 6592//6394 6640//6394 6641//6394 6593//6394
vn 0.8949 -0.0312 -0.4452
f 6593//6395 6641//6395 6642//6395 6594//6395
vn 0.9156 0.3448 0.2067
f 6594//6396 6642//6396 6643//6396 6595//6396
vn 0.6591 0.7053 0.2610
f 6595//6397 6643//6397 6644//6397 6596//6397
vn 0.5826 0.8009 -0.1385
usemtl leaf_1
f 6596//6398 6644//6398 6645//6398 6597//6398
vn 0.4969 0.7301 0.4691
f 6597//6399 6645//6399 6646//6399 6598//6399
vn 0.3307 0.5725 0.7503
f 6598//6400 6646//6400 6647//6400 6599//6400
vn 0.8529 0.3485 0.3887
f 6599//6401 6647//6401 6648//6401 6600//6401
vn 0.9578 0.1940 0.2122
usemtl leaf_3
f 6600//6402 6648//6402 6649//6402 6601//6402
vn 0.7946 0.3827 0.4714
usemtl leaf_2
f 6601//6403 6649//6403 6650//6403 6602//6403
vn 0.5564 0.5944 0.5806
f 6602//6404 6650//6404 6651//6404 6603//6404
vn 0.4310 0.5351 0.7266
usemtl leaf_3
f 6603//6405 6651//6405 6652//6405 6604//6405
vn 0.1949 0.2862 0.9381
usemtl leaf_1
f 6604//6406 6652//6406 6653//6406 6605//6406
vn -0.3426 0.3892 0.8551
usemtl leaf_3
f 6605//6407 6653//6407 6654//6407 6606//6407
vn 0.1778 0.4597 0.8701
usemtl leaf_1
f 6606//6408 6654//6408 6655//6408 6607//6408
vn -0.4148 0.2278 0.8809
f 6607//6409 6655//6409 6656//6409 6608//6409
vn -0.2265 -0.0173 0.9739
usemtl leaf_2
f 6608//6410 6656//6410 6657//6410 6609//6410
vn -0.3864 0.0054 0.9223
f 6609//6411 6657//6411 6658//6411 6610//6411
vn -0.0015 0.4993 0.8664
usemtl leaf_1
f 6610//6412 6658//6412 6659//6412 6611//6412
vn 0.0043 0.6619 0.7495
f 6611//6413 6659//6413 6660//6413 6612//6413
vn 0.0861 0.7263 0.6819
usemtl leaf_3
f 6612//6414 6660//6414 6661//6414 6613//6414
vn -0.1974 0.8916 0.4076
f 6613//6415 6661//6415 6662//6415 6614//6415
vn -0.7250 0.6874 -0.0420
f 6614//6416 6662//6416 6615//6416 6567//6416
vn -0.8575 0.3152 0.4066
usemtl leaf_2
f 6615//6417 6663//6417 6664//6417 6616//6417
vn -0.9398 0.2654 0.2153
usemtl leaf_3
f 6616//6418 6664//6418 6665//6418 6617//6418
vn -0.8907 0.1720 -0.4209
usemtl leaf_1
f 6617//6419 6665//6419 6666//6419 6618//6419
vn -0.6981 0.7160 0.0098
usemtl leaf_2
f 6618//6420 6666//6420 6667//6420 6619//6420
vn -0.3161 0.8954 -0.3136
f 6619//6421 6667//6421 6668//6421 6620//6421
vn -0.6584 0.7486 0.0778
usemtl leaf_1
f 6620//6422 6668//6422 6669//6422 6621//6422
vn -0.7977 0.6026 -0.0230
f 6621//6423 6669//6423 6670//6423 6622//6423
vn -0.8665 0.4243 0.2630
usemtl leaf_3
f 6622//6424 6670//6424 6671//6424 6623//6424
vn -0.5009 0.1273 -0.8561
f 6623//6425 6671//6425 6672//6425 6624//6425
vn -0.8783 0.0957 -0.4683
usemtl leaf_1
f 6624//6426 6672//6426 6673//6426 6625//6426
vn -0.5565 0.4059 -0.7249
usemtl leaf_3
f 6625//6427 6673//6427 6674//6427 6626//6427
vn -0.4849 0.2694 -0.8321
usemtl leaf_1
f 6626//6428 6674//6428 6675//6428 6627//6428
vn -0.3630 0.2994 -0.8824
f 6627//6429 6675//6429 6676//6429 6628//6429
vn -0.5864 0.6461 -0.4885
usemtl leaf_3
f 6628//6430 6676//6430 6677//6430 6629//6430
vn -0.0583 0.7323 -0.6784
usemtl leaf_2
f 6629//6431 6677//6431 6678//6431 6630//6431
vn 0.3590 0.4371 -0.8246
usemtl leaf_1
f 6630//6432 6678//6432 6679//6432 6631//6432
vn 0.2471 0.1755 -0.9530
usemtl leaf_2
f 6631//6433 6679//6433 6680//6433 6632//6433
vn -0.2936 0.0821 -0.9524
usemtl leaf_1
f 6632//6434 6680//6434 6681//6434 6633//6434
vn 0.4354 0.4678 -0.7691
usemtl leaf_3
f 6633//6435 6681//6435 6682//6435 6634//6435
vn 0.2679 0.4380 -0.8582
usemtl leaf_2
f 6634//6436 6682//6436 6683//6436 6635//6436
vn 0.8349 0.3059 -0.4575
usemtl leaf_1
f 6635//6437 6683//6437 6684//6437 6636//6437
vn 0.7968 0.5609 -0.2246
usemtl leaf_2
f 6636//6438 6684//6438 6685//6438 6637//6438
vn 0.4398 0.7437 -0.5035
f 6637//6439 6685//6439 6686//6439 6638//6439
vn 0.3595 0.4056 -0.8404
f 6638//6440 6686//6440 6687//6440 6639//6440
vn 0.5622 0.1809 -0.8069
f 6639//6441 6687//6441 6688//6441 6640//6441
vn 0.7430 0.4288 -0.5138
f 6640//6442 6688//6442 6689//6442 6641//6442
vn 0.7848 0.5586 -0.2685
usemtl leaf_3
f 6641//6443 6689//6443 6690//6443 6642//6443
vn 0.9067 0.3501 0.2353
usemtl leaf_2
f 6642//6444 6690//6444 6691//6444 6643//6444
vn 0.7544 0.2832 0.5922
f 6643//6445 6691//6445 6692//6445 6644//6445
vn 0.4756 0.8347 0.2776
f 6644//6446 6692//6446 6693//6446 6645//6446
vn 0.1242 0.9637 0.2363
usemtl leaf_1
f 6645//6447 6693//6447 6694//6447 6646//6447
vn 0.1807 0.8988 0.3995
usemtl leaf_0
f 6646//6448 6694//6448 6695//6448 6647//6448
vn 0.6663 0.7384 -0.1034
usemtl leaf_2
f 6647//6449 6695//6449 6696//6449 6648//6449
vn 0.8613 0.5080 -0.0082
f 6648//6450 6696//6450 6697//6450 6649//6450
vn 0.9036 0.1909 0.3836
usemtl leaf_3
f 6649//6451 6697//6451 6698//6451 6650//6451
vn 0.4550 0.0987 0.8850
usemtl leaf_2
f 6650//6452 6698//6452 6699//6452 6651//6452
vn 0.5770 0.2880 0.7643
f 6651//6453 6699//6453 6700//6453 6652//6453
vn -0.2073 0.6367 0.7427
usemtl leaf_3
f 6652//6454 6700//6454 6701//6454 6653//6454
vn -0.5107 0.7190 0.4714
usemtl leaf_1
f 6653//6455 6701//6455 6702//6455 6654//6455
vn 0.4231 0.7782 0.4640
usemtl leaf_2
f 6654//6456 6702//6456 6703//6456 6655//6456
vn -0.1446 0.5852 0.7979
f 6655//6457 6703//6457 6704//6457 6656//6457
vn 0.0966 0.2824 0.9544
f 6656//6458 6704//6458 6705//6458 6657//6458
vn -0.6879 0.2940 0.6636
f 6657//6459 6705//6459 6706//6459 6658//6459
vn -0.2373 0.3491 0.9065
f 6658//6460 6706//6460 6707//6460 6659//6460
vn -0.1819 0.4480 0.8754
usemtl leaf_1
f 6659//6461 6707//6461 6708//6461 6660//6461
vn -0.1544 0.5883 0.7938
usemtl leaf_2
f 6660//6462 6708//6462 6709//6462 6661//6462
vn -0.3914 0.7992 0.4561
usemtl leaf_3
f 6661//6463 6709//6463 6710//6463 6662//6463
vn -0.5316 0.7514 0.3908
usemtl leaf_2
f 6662//6464 6710//6464 6663//6464 6615//6464
vn -0.1900 0.9619 0.1966
usemtl leaf_0
f 6663//6465 6711//6465 6712//6465 6664//6465
vn -0.3727 0.9115 0.1738
f 6664//6466 6712//6466 6713//6466 6665//6466
vn -0.6014 0.6625 -0.4465
f 6665//6467 6713//6467 6714//6467 6666//6467
vn -0.9432 0.3118 -0.1152
f 6666//6468 6714//6468 6715//6468 6667//6468
vn -0.7845 0.2075 -0.5844
f 6667//6469 6715//6469 6716//6469 6668//6469
vn -0.8042 0.4633 0.3722
usemtl leaf_1
f 6668//6470 6716//6470 6717//6470 6669//6470
vn -0.8594 0.4982 -0.1149
usemtl leaf_0
f 6669//6471 6717//6471 6718//6471 6670//6471
vn -0.6554 0.7277 0.2023
f 6670//6472 6718//6472 6719//6472 6671//6472
vn -0.3967 0.8953 -0.2026
f 6671//6473 6719//6473 6720//6473 6672//6473
vn -0.5201 0.7455 -0.4168
f 6672//6474 6720//6474 6721//6474 6673//6474
vn -0.6670 0.4944 -0.5574
f 6673//6475 6721//6475 6722//6475 6674//6475
vn 0.0004 0.6712 -0.7413
usemtl leaf_1
f 6674//6476 6722//6476 6723//6476 6675//6476
vn -0.1096 0.8986 -0.4249
usemtl leaf_0
f 6675//6477 6723//6477 6724//6477 6676//6477
vn -0.1482 0.8833 -0.4449
f 6676//6478 6724//6478 6725//6478 6677//6478
vn -0.1283 0.9509 -0.2815
f 6677//6479 6725//6479 6726//6479 6678//6479
vn 0.1125 0.9092 -0.4009
f 6678//6480 6726//6480 6727//6480 6679//6480
vn 0.0596 0.8681 -0.4928
f 6679//6481 6727//6481 6728//6481 6680//6481
vn -0.4721 0.6666 -0.5769
f 6680//6482 6728//6482 6729//6482 6681//6482
vn 0.5419 0.5164 -0.6631
f 6681//6483 6729//6483 6730//6483 6682//6483
vn 0.3200 0.7849 -0.5305
f 6682//6484 6730//6484 6731//6484 6683//6484
vn 0.5683 0.8181 -0.0879
f 6683//6485 6731//6485 6732//6485 6684//6485
vn 0.6798 0.3779 -0.6286
f 6684//6486 6732//6486 6733//6486 6685//6486
vn 0.8062 0.1041 -0.5824
f 6685//6487 6733//6487 6734//6487 6686//6487
vn 0.3133 0.5011 -0.8067
f 6686//6488 6734//6488 6735//6488 6687//6488
vn 0.1996 0.8037 -0.5606
f 6687//6489 6735//6489 6736//6489 6688//6489
vn 0.4671 0.6496 -0.5999
f 6688//6490 6736//6490 6737//6490 6689//6490
vn 0.7743 0.6302 -0.0572
f 6689//6491 6737//6491 6738//6491 6690//6491
vn 0.6498 0.7590 0.0411
f 6690//6492 6738//6492 6739//6492 6691//6492
vn 0.5189 0.5238 0.6755
f 6691//6493 6739//6493 6740//6493 6692//6493
vn 0.8094 0.2998 0.5051
f 6692//6494 6740//6494 6741//6494 6693//6494
vn 0.8463 0.0634 0.5289
usemtl leaf_1
f 6693//6495 6741//6495 6742//6495 6694//6495
vn 0.9346 -0.0245 0.3549
usemtl leaf_2
f 6694//6496 6742//6496 6743//6496 6695//6496
vn 0.9588 -0.0126 0.2839
usemtl leaf_0
f 6695//6497 6743//6497 6744//6497 6696//6497
vn 0.8900 0.4269 0.1601
f 6696//6498 6744//6498 6745//6498 6697//6498
vn 0.7300 0.6812 -0.0565
usemtl leaf_1
f 6697//6499 6745//6499 6746//6499 6698//6499
vn 0.2834 0.7830 0.5537
usemtl leaf_0
f 6698//6500 6746//6500 6747//6500 6699//6500
vn 0.1796 0.7662 0.6169
f 6699//6501 6747//6501 6748//6501 6700//6501
vn -0.4206 0.6039 0.6771
f 6700//6502 6748//6502 6749//6502 6701//6502
vn -0.6266 0.5240 0.5769
f 6701//6503 6749//6503 6750//6503 6702//6503
vn 0.4238 0.8349 0.3511
f 6702//6504 6750//6504 6751//6504 6703//6504
vn 0.1189 0.9509 0.2858
usemtl leaf_2
f 6703//6505 6751//6505 6752//6505 6704//6505
vn 0.5389 0.6546 0.5302
usemtl leaf_0
f 6704//6506 6752//6506 6753//6506 6705//6506
vn -0.4511 0.2253 0.8635
f 6705//6507 6753//6507 6754//6507 6706//6507
vn -0.4542 0.1158 0.8833
f 6706//6508 6754//6508 6755//6508 6707//6508
vn -0.6609 0.6374 0.3962
f 6707//6509 6755//6509 6756//6509 6708//6509
vn 0.0704 0.8201 0.5678
f 6708//6510 6756//6510 6757//6510 6709//6510
vn -0.4350 0.8594 0.2686
f 6709//6511 6757//6511 6758//6511 6710//6511
vn -0.2468 0.8775 0.4113
f 6710//6512 6758//6512 6711//6512 6663//6512
vn -0.3827 0.4438 0.8103
f 6711//6513 6759//6513 6760//6513 6712//6513
vn -0.8786 0.3410 0.3342
f 6712//6514 6760//6514 6761//6514 6713//6514
vn -0.8887 0.3656 -0.2766
f 6713//6515 6761//6515 6762//6515 6714//6515
vn -0.7685 0.6386 0.0398
f 6714//6516 6762//6516 6763//6516 6715//6516
vn -0.2639 0.5192 -0.8129
f 6715//6517 6763//6517 6764//6517 6716//6517
vn -0.5721 0.5772 0.5826
f 6716//6518 6764//6518 6765//6518 6717//6518
vn -0.5901 0.7842 -0.1916
f 6717//6519 6765//6519 6766//6519 6718//6519
vn -0.4039 0.8865 -0.2258
f 6718//6520 6766//6520 6767//6520 6719//6520
vn -0.7908 0.5572 0.2535
f 6719//6521 6767//6521 6768//6521 6720//6521
vn -0.8228 0.3561 -0.4429
usemtl leaf_1
f 6720//6522 6768//6522 6769//6522 6721//6522
vn -0.4498 0.6454 -0.6174
usemtl leaf_0
f 6721//6523 6769//6523 6770//6523 6722//6523
vn 0.2901 0.5656 -0.7720
f 6722//6524 6770//6524 6771//6524 6723//6524
vn -0.5402 0.5664 -0.6223
f 6723//6525 6771//6525 6772//6525 6724//6525
vn 0.0185 0.5742 -0.8185
f 6724//6526 6772//6526 6773//6526 6725//6526
vn 0.0938 0.7618 -0.6409
f 6725//6527 6773//6527 6774//6527 6726//6527
vn -0.2260 0.8178 -0.5293
f 6726//6528 6774//6528 6775//6528 6727//6528
vn -0.2567 0.4955 -0.8298
f 6727//6529 6775//6529 6776//6529 6728//6529
vn -0.1632 0.6417 -0.7494
f 6728//6530 6776//6530 6777//6530 6729//6530
vn 0.1901 0.9503 -0.2464
f 6729//6531 6777//6531 6778//6531 6730//6531
vn 0.5907 0.8028 -0.0807
f 6730//6532 6778//6532 6779//6532 6731//6532
vn 0.2405 0.7010 -0.6714
f 6731//6533 6779//6533 6780//6533 6732//6533
vn 0.2074 0.4706 -0.8576
f 6732//6534 6780//6534 6781//6534 6733//6534
vn 0.7981 0.5908 -0.1184
f 6733//6535 6781//6535 6782//6535 6734//6535
vn 0.4419 0.5171 -0.7330
f 6734//6536 6782//6536 6783//6536 6735//6536
vn 0.6305 0.4306 -0.6458
f 6735//6537 6783//6537 6784//6537 6736//6537
vn 0.3364 0.8615 -0.3803
f 6736//6538 6784//6538 6785//6538 6737//6538
vn 0.3036 0.9459 -0.1143
f 6737//6539 6785//6539 6786//6539 6738//6539
vn 0.3643 0.8633 0.3494
f 6738//6540 6786//6540 6787//6540 6739//6540
vn 0.1661 0.8331 0.5275
f 6739//6541 6787//6541 6788//6541 6740//6541
vn 0.4277 0.8998 -0.0867
f 6740//6542 6788//6542 6789//6542 6741//6542
vn 0.5273 0.7699 0.3594
f 6741//6543 6789//6543 6790//6543 6742//6543
vn 0.7195 0.6932 0.0424
f 6742//6544 6790//6544 6791//6544 6743//6544
vn 0.8652 0.5013 0.0100
f 6743//6545 6791//6545 6792//6545 6744//6545
vn 0.5953 0.4248 0.6820
f 6744//6546 6792//6546 6793//6546 6745//6546
vn 0.7168 0.6635 0.2144
f 6745//6547 6793//6547 6794//6547 6746//6547
vn 0.5268 0.7846 0.3269
f 6746//6548 6794//6548 6795//6548 6747//6548
vn -0.1953 0.7490 0.6332
usemtl leaf_1
f 6747//6549 6795//6549 6796//6549 6748//6549
vn -0.5056 0.7478 0.4304
usemtl leaf_0
f 6748//6550 6796//6550 6797//6550 6749//6550
vn -0.5772 0.6397 0.5075
f 6749//6551 6797//6551 6798//6551 6750//6551
vn 0.1193 0.7665 0.6310
f 6750//6552 6798//6552 6799//6552 6751//6552
vn 0.2994 0.7463 0.5945
f 6751//6553 6799//6553 6800//6553 6752//6553
vn 0.6863 0.4937 0.5340
f 6752//6554 6800//6554 6801//6554 6753//6554
vn 0.1020 0.8749 0.4734
f 6753//6555 6801//6555 6802//6555 6754//6555
vn -0.4806 0.8704 0.1068
f 6754//6556 6802//6556 6803//6556 6755//6556
vn -0.6756 0.7365 -0.0340
f 6755//6557 6803//6557 6804//6557 6756//6557
vn -0.1429 0.9888 0.0427
f 6756//6558 6804//6558 6805//6558 6757//6558
vn 0.2146 0.9365 0.2774
f 6757//6559 6805//6559 6806//6559 6758//6559
vn -0.2123 0.9129 0.3486
f 6758//6560 6806//6560 6759//6560 6711//6560
vn 0.0109 0.7686 0.6396
f 6759//6561 6807//6561 6808//6561 6760//6561
vn -0.0366 0.9988 -0.0332
f 6760//6562 6808//6562 6809//6562 6761//6562
vn -0.1993 0.9732 -0.1145
f 6761//6563 6809//6563 6810//6563 6762//6563
vn -0.5185 0.7783 -0.3542
f 6762//6564 6810//6564 6811//6564 6763//6564
vn -0.5166 0.4058 -0.7539
f 6763//6565 6811//6565 6812//6565 6764//6565
vn -0.7214 0.5474 0.4241
f 6764//6566 6812//6566 6813//6566 6765//6566
vn -0.4343 0.8649 -0.2518
f 6765//6567 6813//6567 6814//6567 6766//6567
vn -0.5802 0.7766 -0.2455
f 6766//6568 6814//6568 6815//6568 6767//6568
vn -0.6551 0.6341 0.4108
f 6767//6569 6815//6569 6816//6569 6768//6569
vn -0.0785 0.9965 0.0297
f 6768//6570 6816//6570 6817//6570 6769//6570
vn 0.0801 0.9512 -0.2980
f 6769//6571 6817//6571 6818//6571 6770//6571
vn 0.0741 0.7506 -0.6566
f 6770//6572 6818//6572 6819//6572 6771//6572
vn 0.1276 0.9026 -0.4112
f 6771//6573 6819//6573 6820//6573 6772//6573
vn -0.0846 0.9738 -0.2110
f 6772//6574 6820//6574 6821//6574 6773//6574
vn -0.2054 0.6123 -0.7635
f 6773//6575 6821//6575 6822//6575 6774//6575
vn 0.0648 0.5627 -0.8241
f 6774//6576 6822//6576 6823//6576 6775//6576
vn -0.6068 0.6424 -0.4681
f 6775//6577 6823//6577 6824//6577 6776//6577
vn 0.5478 0.8014 -0.2401
f 6776//6578 6824//6578 6825//6578 6777//6578
vn 0.3889 0.9211 -0.0146
f 6777//6579 6825//6579 6826//6579 6778//6579
vn -0.0907 0.8323 -0.5469
f 6778//6580 6826//6580 6827//6580 6779//6580
vn 0.1089 0.5584 -0.8224
f 6779//6581 6827//6581 6828//6581 6780//6581
vn 0.1899 0.8143 -0.5485
f 6780//6582 6828//6582 6829//6582 6781//6582
vn 0.6853 0.7170 -0.1278
f 6781//6583 6829//6583 6830//6583 6782//6583
vn 0.2272 0.6499 -0.7253
f 6782//6584 6830//6584 6831//6584 6783//6584
vn 0.2445 0.9696 0.0033
f 6783//6585 6831//6585 6832//6585 6784//6585
vn 0.2843 0.9558 -0.0751
f 6784//6586 6832//6586 6833//6586 6785//6586
vn 0.2442 0.9559 -0.1631
f 6785//6587 6833//6587 6834//6587 6786//6587
vn 0.1492 0.8321 0.5343
f 6786//6588 6834//6588 6835//6588 6787//6588
vn 0.5954 0.8028 0.0302
f 6787//6589 6835//6589 6836//6589 6788//6589
vn 0.3837 0.7959 0.4684
f 6788//6590 6836//6590 6837//6590 6789//6590
vn 0.3435 0.9046 -0.2525
f 6789//6591 6837//6591 6838//6591 6790//6591
vn 0.7221 0.6686 -0.1775
f 6790//6592 6838//6592 6839//6592 6791//6592
vn 0.5554 0.8269 -0.0889
f 6791//6593 6839//6593 6840//6593 6792//6593
vn 0.1354 0.9717 0.1937
f 6792//6594 6840//6594 6841//6594 6793//6594
vn 0.1835 0.9422 0.2803
f 6793//6595 6841//6595 6842//6595 6794//6595
vn 0.2324 0.9725 -0.0180
f 6794//6596 6842//6596 6843//6596 6795//6596
vn -0.3379 0.8841 0.3229
f 6795//6597 6843//6597 6844//6597 6796//6597
vn -0.1377 0.6494 0.7479
f 6796//6598 6844//6598 6845//6598 6797//6598
vn -0.0325 0.2389 0.9705
f 6797//6599 6845//6599 6846//6599 6798//6599
vn -0.1381 0.1923 0.9716
f 6798//6600 6846//6600 6847//6600 6799//6600
vn 0.3469 0.2373 0.9074
f 6799//6601 6847//6601 6848//6601 6800//6601
vn 0.4347 0.4023 0.8057
f 6800//6602 6848//6602 6849//6602 6801//6602
vn -0.1446 0.8271 0.5431
f 6801//6603 6849//6603 6850//6603 6802//6603
vn -0.5004 0.7085 0.4976
f 6802//6604 6850//6604 6851//6604 6803//6604
vn -0.8512 0.5021 0.1530
f 6803//6605 6851//6605 6852//6605 6804//6605
vn -0.8355 0.5461 -0.0601
f 6804//6606 6852//6606 6853//6606 6805//6606
vn 0.1565 0.5176 0.8412
f 6805//6607 6853//6607 6854//6607 6806//6607
vn -0.2594 0.6595 0.7055
f 6806//6608 6854//6608 6807//6608 6759//6608
vn -0.0018 0.9999 0.0151
f 6807//6609 6855//6609 6856//6609 6808//6609
vn 0.0000 1.0000 0.0000
f 6808//6610 6856//6610 6857//6610 6809//6610
vn 0.0000 1.0000 0.0000
f 6809//6611 6857//6611 6858//6611 6810//6611
vn 0.0000 1.0000 -0.0000
f 6810//6612 6858//6612 6859//6612 6811//6612
vn -0.2492 0.8613 -0.4428
f 6811//6613 6859//6613 6860//6613 6812//6613
vn -0.3263 0.9379 -0.1177
f 6812//6614 6860//6614 6861//6614 6813//6614
vn -0.2938 0.9546 -0.0498
f 6813//6615 6861//6615 6862//6615 6814//6615
vn -0.3739 0.9266 0.0401
f 6814//6616 6862//6616 6863//6616 6815//6616
vn -0.1787 0.9790 0.0983
f 6815//6617 6863//6617 6864//6617 6816//6617
vn 0.0000 1.0000 0.0000
f 6816//6618 6864//6618 6865//6618 6817//6618
vn 0.0000 1.0000 -0.0000
f 6817//6619 6865//6619 6866//6619 6818//6619
vn 0.0000 1.0000 -0.0000
f 6818//6620 6866//6620 6867//6620 6819//6620
vn 0.3190 0.7844 -0.5319
f 6819//6621 6867//6621 6868//6621 6820//6621
vn -0.4379 0.8029 -0.4045
f 6820//6622 6868//6622 6869//6622 6821//6622
vn -0.2670 0.9596 -0.0891
f 6821//6623 6869//6623 6870//6623 6822//6623
vn 0.2402 0.9591 -0.1501
f 6822//6624 6870//6624 6871//6624 6823//6624
vn -0.2716 0.9520 -0.1415
f 6823//6625 6871//6625 6872//6625 6824//6625
vn 0.3410 0.9376 -0.0672
f 6824//6626 6872//6626 6873//6626 6825//6626
vn 0.6336 0.7537 -0.1747
f 6825//6627 6873//6627 6874//6627 6826//6627
vn -0.5241 0.6891 -0.5005
f 6826//6628 6874//6628 6875//6628 6827//6628
vn -0.0119 0.9997 -0.0220
f 6827//6629 6875//6629 6876//6629 6828//6629
vn 0.0000 1.0000 0.0000
f 6828//6630 6876//6630 6877//6630 6829//6630
vn 0.0000 1.0000 0.0000
f 6829//6631 6877//6631 6878//6631 6830//6631
vn 0.0000 1.0000 0.0000
f 6830//6632 6878//6632 6879//6632 6831//6632
vn 0.1838 0.9717 0.1483
f 6831//6633 6879//6633 6880//6633 6832//6633
vn 0.0239 0.9806 -0.1947
f 6832//6634 6880//6634 6881//6634 6833//6634
vn 0.0495 0.9675 0.2479
f 6833//6635 6881//6635 6882//6635 6834//6635
vn 0.2458 0.9619 0.1197
f 6834//6636 6882//6636 6883//6636 6835//6636
vn 0.3022 0.9030 -0.3053
f 6835//6637 6883//6637 6884//6637 6836//6637
vn 0.2830 0.7191 0.6346
f 6836//6638 6884//6638 6885//6638 6837//6638
vn 0.7317 0.6103 -0.3035
f 6837//6639 6885//6639 6886//6639 6838//6639
vn 0.3125 0.9258 -0.2127
f 6838//6640 6886//6640 6887//6640 6839//6640
vn 0.0004 1.0000 0.0057
f 6839//6641 6887//6641 6888//6641 6840//6641
vn 0.0056 1.0000 -0.0016
f 6840//6642 6888//6642 6889//6642 6841//6642
vn 0.0000 1.0000 0.0000
f 6841//6643 6889//6643 6890//6643 6842//6643
vn 0.0000 1.0000 0.0000
f 6842//6644 6890//6644 6891//6644 6843//6644
vn -0.1764 0.9782 0.1099
f 6843//6645 6891//6645 6892//6645 6844//6645
vn 0.2009 0.9783 -0.0505
f 6844//6646 6892//6646 6893//6646 6845//6646
vn 0.0000 1.0000 0.0000
f 6845//6647 6893//6647 6894//6647 6846//6647
vn -0.1798 0.9699 0.1644
f 6846//6648 6894//6648 6895//6648 6847//6648
vn 0.2156 0.9599 0.1789
f 6847//6649 6895//6649 6896//6649 6848//6649
vn 0.0000 1.0000 0.0000
f 6848//6650 6896//6650 6897//6650 6849//6650
vn 0.0000 1.0000 0.0000
f 6849//6651 6897//6651 6898//6651 6850//6651
vn 0.0000 1.0000 0.0000
f 6850//6652 6898//6652 6899//6652 6851//6652
vn -0.4147 0.9078 -0.0632
f 6851//6653 6899//6653 6900//6653 6852//6653
vn -0.7803 0.5971 -0.1859
f 6852//6654 6900//6654 6901//6654 6853//6654
vn 0.2377 0.6002 0.7637
f 6853//6655 6901//6655 6902//6655 6854//6655
vn 0.0280 0.9273 0.3734
f 6854//6656 6902//6656 6855//6656 6807//6656
vn 0.0000 1.0000 0.0000
f 6855//6657 6903//6657 6904//6657 6856//6657
vn 0.0000 1.0000 -0.0000
usemtl leaf_1
f 6856//6658 6904//6658 6905//6658 6857//6658
vn 0.0000 1.0000 0.0000
usemtl leaf_0
f 6857//6659 6905//6659 6906//6659 6858//6659
vn 0.0000 1.0000 0.0000
f 6858//6660 6906//6660 6907//6660 6859//6660
vn 0.0000 1.0000 -0.0000
f 6859//6661 6907//6661 6908//6661 6860//6661
vn -0.0433 0.9865 -0.1582
f 6860//6662 6908//6662 6909//6662 6861//6662
vn -0.1112 0.9887 0.1008
f 6861//6663 6909//6663 6910//6663 6862//6663
vn 0.0000 1.0000 0.0000
f 6862//6664 6910//6664 6911//6664 6863//6664
vn 0.0000 1.0000 0.0000
f 6863//6665 6911//6665 6912//6665 6864//6665
vn 0.0000 1.0000 -0.0000
f 6864//6666 6912//6666 6913//6666 6865//6666
vn 0.0000 1.0000 0.0000
f 6865//6667 6913//6667 6914//6667 6866//6667
vn 0.0000 1.0000 0.0000
f 6866//6668 6914//6668 6915//6668 6867//6668
vn 0.0000 1.0000 -0.0000
f 6867//6669 6915//6669 6916//6669 6868//6669
vn 0.0000 1.0000 0.0000
f 6868//6670 6916//6670 6917//6670 6869//6670
vn 0.0000 1.0000 0.0000
f 6869//6671 6917//6671 6918//6671 6870//6671
vn 0.0000 1.0000 0.0000
f 6870//6672 6918//6672 6919//6672 6871//6672
vn 0.0000 1.0000 -0.0000
f 6871//6673 6919//6673 6920//6673 6872//6673
vn 0.0000 1.0000 0.0000
f 6872//6674 6920//6674 6921//6674 6873//6674
vn 0.2626 0.9647 -0.0202
f 6873//6675 6921//6675 6922//6675 6874//6675
vn -0.1899 0.9616 -0.1981
f 6874//6676 6922//6676 6923//6676 6875//6676
vn 0.0000 1.0000 0.0000
f 6875//6677 6923//6677 6924//6677 6876//6677
vn 0.0000 1.0000 -0.0000
f 6876//6678 6924//6678 6925//6678 6877//6678
vn 0.0000 1.0000 0.0000
f 6877//6679 6925//6679 6926//6679 6878//6679
vn 0.0000 1.0000 0.0000
f 6878//6680 6926//6680 6927//6680 6879//6680
vn 0.0000 1.0000 0.0000
f 6879//6681 6927//6681 6928//6681 6880//6681
vn 0.0000 1.0000 -0.0000
f 6880//6682 6928//6682 6929//6682 6881//6682
vn 0.1366 0.9758 0.1708
f 6881//6683 6929//6683 6930//6683 6882//6683
vn 0.0818 0.9774 -0.1949
f 6882//6684 6930//6684 6931//6684 6883//6684
vn 0.0000 1.0000 -0.0000
f 6883//6685 6931//6685 6932//6685 6884//6685
vn 0.0000 1.0000 -0.0000
f 6884//6686 6932//6686 6933//6686 6885//6686
vn 0.0000 1.0000 -0.0000
f 6885//6687 6933//6687 6934//6687 6886//6687
vn 0.0000 1.0000 0.0000
f 6886//6688 6934//6688 6935//6688 6887//6688
vn 0.0000 1.0000 -0.0000
f 6887//6689 6935//6689 6936//6689 6888//6689
vn 0.0000 1.0000 0.0000
f 6888//6690 6936//6690 6937//6690 6889//6690
vn 0.0000 1.0000 -0.0000
f 6889//6691 6937//6691 6938//6691 6890//6691
vn 0.0000 1.0000 0.0000
f 6890//6692 6938//6692 6939//6692 6891//6692
vn -0.0828 0.9908 0.1070
f 6891//6693 6939//6693 6940//6693 6892//6693
vn 0.1191 0.9927 0.0207
f 6892//6694 6940//6694 6941//6694 6893//6694
vn 0.0000 1.0000 0.0000
f 6893//6695 6941//6695 6942//6695 6894//6695
vn 0.0000 1.0000 -0.0000
f 6894//6696 6942//6696 6943//6696 6895//6696
vn 0.0000 1.0000 0.0000
f 6895//6697 6943//6697 6944//6697 6896//6697
vn 0.0000 1.0000 0.0000
f 6896//6698 6944//6698 6945//6698 6897//6698
vn 0.0000 1.0000 0.0000
f 6897//6699 6945//6699 6946//6699 6898//6699
vn 0.0000 1.0000 0.0000
f 6898//6700 6946//6700 6947//6700 6899//6700
vn 0.0000 1.0000 0.0000
f 6899//6701 6947//6701 6948//6701 6900//6701
vn -0.4448 0.8877 -0.1192
f 6900//6702 6948//6702 6949//6702 6901//6702
vn 0.1234 0.8799 0.4589
f 6901//6703 6949//6703 6950//6703 6902//6703
vn 0.0000 1.0000 0.0000
f 6902//6704 6950//6704 6903//6704 6855//6704
vn 0.0000 1.0000 -0.0000
f 6903//6705 6951//6705 6952//6705 6904//6705
vn 0.0000 1.0000 0.0000
f 6904//6706 6952//6706 6953//6706 6905//6706
vn 0.0000 1.0000 0.0000
f 6905//6707 6953//6707 6954//6707 6906//6707
vn 0.0000 1.0000 -0.0000
f 6906//6708 6954//6708 6955//6708 6907//6708
vn 0.0000 1.0000 -0.0000
f 6907//6709 6955//6709 6956//6709 6908//6709
vn 0.0000 1.0000 0.0000
f 6908//6710 6956//6710 6957//6710 6909//6710
vn 0.0000 1.0000 0.0000
f 6909//6711 6957//6711 6958//6711 6910//6711
vn 0.0000 1.0000 0.0000
f 6910//6712 6958//6712 6959//6712 6911//6712
vn 0.0000 1.0000 0.0000
f 6911//6713 6959//6713 6960//6713 6912//6713
vn 0.0000 1.0000 -0.0000
f 6912//6714 6960//6714 6961//6714 6913//6714
vn 0.0000 1.0000 0.0000
f 6913//6715 6961//6715 6962//6715 6914//6715
vn 0.0000 1.0000 0.0000
f 6914//6716 6962//6716 6963//6716 6915//6716
vn 0.0000 1.0000 -0.0000
f 6915//6717 6963//6717 6964//6717 6916//6717
vn 0.0000 1.0000 0.0000
f 6916//6718 6964//6718 6965//6718 6917//6718
vn 0.0000 1.0000 0.0000
f 6917//6719 6965//6719 6966//6719 6918//6719
vn 0.0000 1.0000 0.0000
f 6918//6720 6966//6720 6967//6720 6919//6720
vn 0.0000 1.0000 0.0000
f 6919//6721 6967//6721 6968//6721 6920//6721
vn 0.0000 1.0000 -0.0000
f 6920//6722 6968//6722 6969//6722 6921//6722
vn 0.0000 1.0000 0.0000
f 6921//6723 6969//6723 6970//6723 6922//6723
vn 0.0000 1.0000 0.0000
f 6922//6724 6970//6724 6971//6724 6923//6724
vn 0.0000 1.0000 0.0000
f 6923//6725 6971//6725 6972//6725 6924//6725
vn 0.0000 1.0000 0.0000
f 6924//6726 6972//6726 6973//6726 6925//6726
vn 0.0000 1.0000 -0.0000
usemtl leaf_1
f 6925//6727 6973//6727 6974//6727 6926//6727
vn 0.0000 1.0000 0.0000
usemtl leaf_0
f 6926//6728 6974//6728 6975//6728 6927//6728
vn 0.0000 1.0000 0.0000
f 6927//6729 6975//6729 6976//6729 6928//6729
vn 0.0000 1.0000 -0.0000
f 6928//6730 6976//6730 6977//6730 6929//6730
vn 0.0000 1.0000 -0.0000
f 6929//6731 6977//6731 6978//6731 6930//6731
vn 0.0000 1.0000 -0.0000
f 6930//6732 6978//6732 6979//6732 6931//6732
vn 0.0000 1.0000 0.0000
f 6931//6733 6979//6733 6980//6733 6932//6733
vn 0.0000 1.0000 0.0000
f 6932//6734 6980//6734 6981//6734 6933//6734
vn 0.0000 1.0000 -0.0000
f 6933//6735 6981//6735 6982//6735 6934//6735
vn 0.0000 1.0000 -0.0000
f 6934//6736 6982//6736 6983//6736 6935//6736
vn 0.0000 1.0000 0.0000
f 6935//6737 6983//6737 6984//6737 6936//6737
vn 0.0000 1.0000 0.0000
f 6936//6738 6984//6738 6985//6738 6937//6738
vn 0.0000 1.0000 0.0000
f 6937//6739 6985//6739 6986//6739 6938//6739
vn 0.0000 1.0000 -0.0000
f 6938//6740 6986//6740 6987//6740 6939//6740
vn 0.0000 1.0000 -0.0000
f 6939//6741 6987//6741 6988//6741 6940//6741
vn 0.0000 1.0000 0.0000
f 6940//6742 6988//6742 6989//6742 6941//6742
vn 0.0000 1.0000 0.0000
f 6941//6743 6989//6743 6990//6743 6942//6743
vn 0.0000 1.0000 0.0000
f 6942//6744 6990//6744 6991//6744 6943//6744
vn 0.0000 1.0000 0.0000
f 6943//6745 6991//6745 6992//6745 6944//6745
vn 0.0000 1.0000 0.0000
f 6944//6746 6992//6746 6993//6746 6945//6746
vn 0.0000 1.0000 -0.0000
f 6945//6747 6993//6747 6994//6747 6946//6747
vn 0.0000 1.0000 0.0000
f 6946//6748 6994//6748 6995//6748 6947//6748
vn 0.0000 1.0000 0.0000
f 6947//6749 6995//6749 6996//6749 6948//6749
vn 0.0000 1.0000 0.0000
f 6948//6750 6996//6750 6997//6750 6949//6750
vn 0.0000 1.0000 0.0000
f 6949//6751 6997//6751 6998//6751 6950//6751
vn 0.0000 1.0000 -0.0000
f 6950//6752 6998//6752 6951//6752 6903//6752
vn 0.0000 1.0000 -0.0000
f 6951//6753 6999//6753 7000//6753 6952//6753
vn 0.0000 1.0000 0.0000
f 6952//6754 7000//6754 7001//6754 6953//6754
vn 0.0000 1.0000 -0.0000
f 6953//6755 7001//6755 7002//6755 6954//6755
vn 0.0000 1.0000 -0.0000
f 6954//6756 7002//6756 7003//6756 6955//6756
vn 0.0000 1.0000 0.0000
f 6955//6757 7003//6757 7004//6757 6956//6757
vn 0.0000 1.0000 0.0000
f 6956//6758 7004//6758 7005//6758 6957//6758
vn 0.0000 1.0000 -0.0000
f 6957//6759 7005//6759 7006//6759 6958//6759
vn 0.0000 1.0000 0.0000
f 6958//6760 7006//6760 7007//6760 6959//6760
vn 0.0000 1.0000 0.0000
f 6959//6761 7007//6761 7008//6761 6960//6761
vn 0.0000 1.0000 0.0000
f 6960//6762 7008//6762 7009//6762 6961//6762
vn 0.0000 1.0000 -0.0000
f 6961//6763 7009//6763 7010//6763 6962//6763
vn 0.0000 1.0000 0.0000
f 6962//6764 7010//6764 7011//6764 6963//6764
vn 0.0000 1.0000 -0.0000
f 6963//6765 7011//6765 7012//6765 6964//6765
vn 0.0000 1.0000 0.0000
f 6964//6766 7012//6766 7013//6766 6965//6766
vn 0.0000 1.0000 -0.0000
f 6965//6767 7013//6767 7014//6767 6966//6767
vn 0.0000 1.0000 0.0000
f 6966//6768 7014//6768 7015//6768 6967//6768
vn 0.0000 1.0000 0.0000
f 6967//6769 7015//6769 7016//6769 6968//6769
vn 0.0000 1.0000 -0.0000
f 6968//6770 7016//6770 7017//6770 6969//6770
vn 0.0000 1.0000 -0.0000
f 6969//6771 7017//6771 7018//6771 6970//6771
vn 0.0000 1.0000 0.0000
f 6970//6772 7018//6772 7019//6772 6971//6772
vn 0.0000 1.0000 -0.0000
f 6971//6773 7019//6773 7020//6773 6972//6773
vn 0.0000 1.0000 0.0000
f 6972//6774 7020//6774 7021//6774 6973//6774
vn 0.0000 1.0000 0.0000
f 6973//6775 7021//6775 7022//6775 6974//6775
vn 0.0000 1.0000 -0.0000
f 6974//6776 7022//6776 7023//6776 6975//6776
vn 0.0000 1.0000 -0.0000
f 6975//6777 7023//6777 7024//6777 6976//6777
vn 0.0000 1.0000 0.0000
f 6976//6778 7024//6778 7025//6778 6977//6778
vn 0.0000 1.0000 -0.0000
f 6977//6779 7025//6779 7026//6779 6978//6779
vn 0.0000 1.0000 0.0000
f 6978//6780 7026//6780 7027//6780 6979//6780
vn 0.0000 1.0000 0.0000
f 6979//6781 7027//6781 7028//6781 6980//6781
vn 0.0000 1.0000 0.0000
f 6980//6782 7028//6782 7029//6782 6981//6782
vn 0.0000 1.0000 0.0000
f 6981//6783 7029//6783 7030//6783 6982//6783
vn 0.0000 1.0000 -0.0000
usemtl leaf_1
f 6982//6784 7030//6784 7031//6784 6983//6784
vn 0.0000 1.0000 0.0000
usemtl leaf_0
f 6983//6785 7031//6785 7032//6785 6984//6785
vn 0.0000 1.0000 -0.0000
f 6984//6786 7032//6786 7033//6786 6985//6786
vn 0.0000 1.0000 0.0000
f 6985//6787 7033//6787 7034//6787 6986//6787
vn 0.0000 1.0000 0.0000
f 6986//6788 7034//6788 7035//6788 6987//6788
vn 0.0000 1.0000 0.0000
f 6987//6789 7035//6789 7036//6789 6988//6789
vn 0.0000 1.0000 -0.0000
f 6988//6790 7036//6790 7037//6790 6989//6790
vn 0.0000 1.0000 0.0000
f 6989//6791 7037//6791 7038//6791 6990//6791
vn 0.0000 1.0000 0.0000
f 6990//6792 7038//6792 7039//6792 6991//6792
vn 0.0000 1.0000 0.0000
usemtl leaf_1
f 6991//6793 7039//6793 7040//6793 6992//6793
vn 0.0000 1.0000 0.0000
usemtl leaf_0
f 6992//6794 7040//6794 7041//6794 6993//6794
vn 0.0000 1.0000 0.0000
f 6993//6795 7041//6795 7042//6795 6994//6795
vn 0.0000 1.0000 -0.0000
f 6994//6796 7042//6796 7043//6796 6995//6796
vn 0.0000 1.0000 0.0000
f 6995//6797 7043//6797 7044//6797 6996//6797
vn 0.0000 1.0000 -0.0000
f 6996//6798 7044//6798 7045//6798 6997//6798
vn 0.0000 1.0000 0.0000
f 6997//6799 7045//6799 7046//6799 6998//6799
vn 0.0000 1.0000 -0.0000
f 6998//6800 7046//6800 6999//6800 6951//6800
vn 0.0000 1.0000 0.0000
f 6999//6801 7047//6801 7048//6801 7000//6801
vn 0.0000 1.0000 0.0000
f 7000//6802 7048//6802 7049//6802 7001//6802
vn 0.0000 1.0000 -0.0000
f 7001//6803 7049//6803 7050//6803 7002//6803
vn 0.0000 1.0000 -0.0000
f 7002//6804 7050//6804 7051//6804 7003//6804
vn 0.0000 1.0000 -0.0000
f 7003//6805 7051//6805 7052//6805 7004//6805
vn 0.0000 1.0000 0.0000
f 7004//6806 7052//6806 7053//6806 7005//6806
vn 0.0000 1.0000 -0.0000
f 7005//6807 7053//6807 7054//6807 7006//6807
vn 0.0000 1.0000 0.0000
f 7006//6808 7054//6808 7055//6808 7007//6808
vn 0.0000 1.0000 0.0000
f 7007//6809 7055//6809 7056//6809 7008//6809
vn 0.0000 1.0000 0.0000
f 7008//6810 7056//6810 7057//6810 7009//6810
vn 0.0000 1.0000 -0.0000
f 7009//6811 7057//6811 7058//6811 7010//6811
vn 0.0000 1.0000 0.0000
f 7010//6812 7058//6812 7059//6812 7011//6812
vn 0.0000 1.0000 -0.0000
f 7011//6813 7059//6813 7060//6813 7012//6813
vn 0.0000 1.0000 -0.0000
f 7012//6814 7060//6814 7061//6814 7013//6814
vn 0.0000 1.0000 0.0000
f 7013//6815 7061//6815 7062//6815 7014//6815
vn 0.0000 1.0000 0.0000
f 7014//6816 7062//6816 7063//6816 7015//6816
vn 0.0000 1.0000 0.0000
f 7015//6817 7063//6817 7064//6817 7016//6817
vn 0.0000 1.0000 0.0000
f 7016//6818 7064//6818 7065//6818 7017//6818
vn 0.0000 1.0000 0.0000
f 7017//6819 7065//6819 7066//6819 7018//6819
vn 0.0000 1.0000 0.0000
f 7018//6820 7066//6820 7067//6820 7019//6820
vn 0.0000 1.0000 -0.0000
f 7019//6821 7067//6821 7068//6821 7020//6821
vn 0.0000 1.0000 0.0000
f 7020//6822 7068//6822 7069//6822 7021//6822
vn 0.0000 1.0000 -0.0000
f 7021//6823 7069//6823 7070//6823 7022//6823
vn 0.0000 1.0000 -0.0000
f 7022//6824 7070//6824 7071//6824 7023//6824
vn 0.0000 1.0000 0.0000
f 7023//6825 7071//6825 7072//6825 7024//6825
vn 0.0000 1.0000 -0.0000
f 7024//6826 7072//6826 7073//6826 7025//6826
vn 0.0000 1.0000 -0.0000
f 7025//6827 7073//6827 7074//6827 7026//6827
vn 0.0000 1.0000 0.0000
f 7026//6828 7074//6828 7075//6828 7027//6828
vn 0.0000 1.0000 0.0000
f 7027//6829 7075//6829 7076//6829 7028//6829
vn 0.0000 1.0000 -0.0000
f 7028//6830 7076//6830 7077//6830 7029//6830
vn 0.0000 1.0000 -0.0000
f 7029//6831 7077//6831 7078//6831 7030//6831
vn 0.0000 1.0000 -0.0000
f 7030//6832 7078//6832 7079//6832 7031//6832
vn 0.0000 1.0000 0.0000
f 7031//6833 7079//6833 7080//6833 7032//6833
vn 0.0000 1.0000 -0.0000
f 7032//6834 7080//6834 7081//6834 7033//6834
vn 0.0000 1.0000 0.0000
f 7033//6835 7081//6835 7082//6835 7034//6835
vn 0.0000 1.0000 0.0000
f 7034//6836 7082//6836 7083//6836 7035//6836
vn 0.0000 1.0000 -0.0000
f 7035//6837 7083//6837 7084//6837 7036//6837
vn 0.0000 1.0000 -0.0000
f 7036//6838 7084//6838 7085//6838 7037//6838
vn 0.0000 1.0000 0.0000
f 7037//6839 7085//6839 7086//6839 7038//6839
vn 0.0000 1.0000 -0.0000
f 7038//6840 7086//6840 7087//6840 7039//6840
vn 0.0000 1.0000 0.0000
f 7039//6841 7087//6841 7088//6841 7040//6841
vn 0.0000 1.0000 0.0000
f 7040//6842 7088//6842 7089//6842 7041//6842
vn 0.0000 1.0000 -0.0000
f 7041//6843 7089//6843 7090//6843 7042//6843
vn 0.0000 1.0000 0.0000
f 7042//6844 7090//6844 7091//6844 7043//6844
vn 0.0000 1.0000 0.0000
f 7043//6845 7091//6845 7092//6845 7044//6845
vn 0.0000 1.0000 -0.0000
f 7044//6846 7092//6846 7093//6846 7045//6846
vn 0.0000 1.0000 0.0000
f 7045//6847 7093//6847 7094//6847 7046//6847
vn 0.0000 1.0000 -0.0000
f 7046//6848 7094//6848 7047//6848 6999//6848
vn 0.9904 0.0000 -0.1385
usemtl trunk
f 7095//6849 7097//6849 7098//6849 7096//6849
vn 0.7982 0.0000 0.6023
f 7097//6850 7099//6850 7100//6850 7098//6850
vn 0.1385 0.0000 0.9904
f 7099//6851 7101//6851 7102//6851 7100//6851
vn -0.6023 0.0000 0.7982
f 7101//6852 7103//6852 7104//6852 7102//6852
vn -0.9904 0.0000 0.1385
f 7103//6853 7105//6853 7106//6853 7104//6853
vn -0.7982 0.0000 -0.6023
f 7105//6854 7107//6854 7108//6854 7106//6854
vn -0.1385 0.0000 -0.9904
f 7107//6855 7109//6855 7110//6855 7108//6855
vn 0.6023 0.0000 -0.7982
f 7109//6856 7095//6856 7096//6856 7110//6856
vn 0.0000 1.0000 0.0000
f 7111//6857 7097//6857 7095//6857
vn 0.0000 -1.0000 0.0000
f 7112//6858 7096//6858 7098//6858
vn 0.0000 1.0000 0.0000
f 7111//6859 7099//6859 7097//6859
vn 0.0000 -1.0000 0.0000
f 7112//6860 7098//6860 7100//6860
vn 0.0000 1.0000 -0.0000
f 7111//6861 7101//6861 7099//6861
vn 0.0000 -1.0000 0.0000
f 7112//6862 7100//6862 7102//6862
vn 0.0000 1.0000 0.0000
f 7111//6863 7103//6863 7101//6863
vn 0.0000 -1.0000 0.0000
f 7112//6864 7102//6864 7104//6864
vn 0.0000 1.0000 0.0000
f 7111//6865 7105//6865 7103//6865
vn 0.0000 -1.0000 0.0000
f 7112//6866 7104//6866 7106//6866
vn 0.0000 1.0000 -0.0000
f 7111//6867 7107//6867 7105//6867
vn 0.0000 -1.0000 0.0000
f 7112//6868 7106//6868 7108//6868
vn 0.0000 1.0000 0.0000
f 7111//6869 7109//6869 7107//6869
vn 0.0000 -1.0000 0.0000
f 7112//6870 7108//6870 7110//6870
vn 0.0000 1.0000 -0.0000
f 7111//6871 7095//6871 7109//6871
vn 0.0000 -1.0000 0.0000
f 7112//6872 7110//6872 7096//6872
o front_bush_boxwood_2
v -2.8726 0.6016 5.9000
v -2.8726 0.6038 5.9000
v -2.8726 0.6051 5.9000
v -2.8726 0.6095 5.9000
v -2.8726 0.6051 5.9000
v -2.8726 0.6093 5.9000
v -2.8726 0.6045 5.9000
v -2.8726 0.6042 5.9000
v -2.8726 0.6114 5.9000
v -2.8726 0.6072 5.9000
v -2.8726 0.6062 5.9000
v -2.8726 0.6088 5.9000
v -2.8726 0.5999 5.9000
v -2.8726 0.6041 5.9000
v -2.8726 0.6011 5.9000
v -2.8726 0.6079 5.9000
v -2.8726 0.6104 5.9000
v -2.8726 0.6137 5.9000
v -2.8726 0.6164 5.9000
v -2.8726 0.6057 5.9000
v -2.8726 0.6000 5.9000
v -2.8726 0.5987 5.9000
v -2.8726 0.5961 5.9000
v -2.8726 0.6047 5.9000
v -2.8726 0.6075 5.9000
v -2.8726 0.6110 5.9000
v -2.8726 0.6086 5.9000
v -2.8726 0.6063 5.9000
v -2.8726 0.6001 5.9000
v -2.8726 0.5992 5.9000
v -2.8726 0.6015 5.9000
v -2.8726 0.6045 5.9000
v -2.8726 0.6051 5.9000
v -2.8726 0.6097 5.9000
v -2.8726 0.6081 5.9000
v -2.8726 0.6052 5.9000
v -2.8726 0.6031 5.9000
v -2.8726 0.6073 5.9000
v -2.8726 0.6013 5.9000
v -2.8726 0.6096 5.9000
v -2.8726 0.6126 5.9000
v -2.8726 0.6144 5.9000
v -2.8726 0.6121 5.9000
v -2.8726 0.6090 5.9000
v -2.8726 0.5992 5.9000
v -2.8726 0.6046 5.9000
v -2.8726 0.6042 5.9000
v -2.8726 0.6048 5.9000
v -2.9055 0.6050 5.9178
v -2.9078 0.6070 5.9134
v -2.9088 0.6034 5.9086
v -2.9097 0.6041 5.9038
v -2.9104 0.6088 5.8989
v -2.9093 0.6022 5.8941
v -2.9081 0.6019 5.8894
v -2.9070 0.6081 5.8846
v -2.9049 0.6103 5.8801
v -2.9018 0.6069 5.8763
v -2.8990 0.6160 5.8720
v -2.8948 0.6103 5.8692
v -2.8902 0.6019 5.8674
v -2.8856 0.5968 5.8658
v -2.8810 0.5962 5.8645
v -2.8765 0.6092 5.8624
v -2.8715 0.6120 5.8619
v -2.8665 0.6152 5.8620
v -2.8617 0.6107 5.8636
v -2.8572 0.6063 5.8657
v -2.8529 0.6065 5.8680
v -2.8489 0.6063 5.8709
v -2.8456 0.6020 5.8745
v -2.8425 0.6019 5.8783
v -2.8391 0.6115 5.8819
v -2.8369 0.6131 5.8864
v -2.8357 0.6102 5.8912
v -2.8354 0.6047 5.8962
v -2.8354 0.6034 5.9011
v -2.8359 0.6023 5.9059
v -2.8364 0.6083 5.9108
v -2.8383 0.6063 5.9154
v -2.8401 0.6126 5.9200
v -2.8433 0.6084 5.9238
v -2.8465 0.6108 5.9276
v -2.8506 0.6066 5.9305
v -2.8548 0.6053 5.9330
v -2.8594 0.6023 5.9347
v -2.8639 0.6076 5.9367
v -2.8687 0.6141 5.9381
v -2.8737 0.6063 5.9375
v -2.8786 0.6060 5.9370
v -2.8833 0.6057 5.9359
v -2.8878 0.6037 5.9340
v -2.8923 0.6072 5.9320
v -2.8962 0.6041 5.9289
v -2.8999 0.6067 5.9258
v -2.9035 0.6126 5.9224
v -2.9409 0.6137 5.9369
v -2.9449 0.6126 5.9275
v -2.9472 0.6093 5.9177
v -2.9470 0.6002 5.9076
v -2.9479 0.6030 5.8978
v -2.9471 0.6033 5.8880
v -2.9464 0.6112 5.8779
v -2.9427 0.6101 5.8686
v -2.9373 0.6058 5.8602
v -2.9314 0.6053 5.8521
v -2.9254 0.6101 5.8441
v -2.9173 0.6075 5.8382
v -2.9086 0.6053 5.8333
v -2.8996 0.6056 5.8291
v -2.8899 0.6002 5.8272
v -2.8804 0.6061 5.8244
v -2.8704 0.6121 5.8228
v -2.8603 0.6115 5.8238
v -2.8508 0.6066 5.8271
v -2.8419 0.6011 5.8316
v -2.8330 0.6031 5.8358
v -2.8248 0.6048 5.8412
v -2.8176 0.6045 5.8480
v -2.8111 0.6055 5.8556
v -2.8061 0.6041 5.8641
v -2.8010 0.6092 5.8727
v -2.7976 0.6114 5.8822
v -2.7973 0.6048 5.8923
v -2.7968 0.6053 5.9022
v -2.7982 0.6029 5.9120
v -2.7996 0.6068 5.9218
v -2.8016 0.6146 5.9318
v -2.8073 0.6091 5.9402
v -2.8126 0.6125 5.9488
v -2.8203 0.6071 5.9554
v -2.8289 0.5995 5.9605
v -2.8366 0.6053 5.9667
v -2.8457 0.6042 5.9707
v -2.8549 0.6098 5.9747
v -2.8648 0.6080 5.9760
v -2.8748 0.6079 5.9763
v -2.8846 0.6052 5.9749
v -2.8945 0.6077 5.9731
v -2.9039 0.6089 5.9699
v -2.9118 0.6000 5.9636
v -2.9204 0.6045 5.9587
v -2.9277 0.6050 5.9520
v -2.9339 0.6044 5.9443
v -2.9779 0.6159 5.9568
v -2.9820 0.6078 5.9417
v -2.9855 0.6045 5.9268
v -2.9878 0.6037 5.9118
v -2.9868 0.5989 5.8967
v -2.9865 0.6024 5.8817
v -2.9836 0.6038 5.8668
v -2.9801 0.6100 5.8518
v -2.9733 0.6118 5.8379
v -2.9639 0.6099 5.8257
v -2.9533 0.6092 5.8146
v -2.9418 0.6113 5.8042
v -2.9282 0.6080 5.7969
v -2.9141 0.6059 5.7912
v -2.8991 0.6001 5.7885
v -2.8843 0.6015 5.7855
v -2.8692 0.6085 5.7828
v -2.8539 0.6091 5.7840
v -2.8396 0.6023 5.7895
v -2.8245 0.6094 5.7927
v -2.8116 0.6050 5.8011
v -2.7977 0.6127 5.8080
v -2.7860 0.6143 5.8182
v -2.7777 0.6079 5.8314
v -2.7704 0.6049 5.8448
v -2.7658 0.5989 5.8593
v -2.7603 0.6026 5.8733
v -2.7571 0.6046 5.8882
v -2.7563 0.6056 5.9033
v -2.7578 0.6053 5.9185
v -2.7611 0.6054 5.9333
v -2.7652 0.6096 5.9481
v -2.7722 0.6106 5.9619
v -2.7808 0.6120 5.9747
v -2.7929 0.6049 5.9844
v -2.8056 0.5995 5.9927
v -2.8173 0.6061 6.0025
v -2.8308 0.6084 6.0096
v -2.8454 0.6105 6.0147
v -2.8606 0.6086 6.0167
v -2.8759 0.6060 6.0165
v -2.8913 0.6095 6.0161
v -2.9055 0.6010 6.0101
v -2.9203 0.6065 6.0065
v -2.9336 0.6053 5.9990
v -2.9462 0.6061 5.9904
v -2.9576 0.6075 5.9803
v -2.9686 0.6122 5.9694
v -3.0155 0.6107 5.9771
v -3.0254 0.6132 5.9582
v -3.0303 0.6099 5.9374
v -3.0295 0.6001 5.9161
v -3.0322 0.6044 5.8954
v -3.0308 0.6058 5.8745
v -3.0279 0.6100 5.8536
v -3.0185 0.6049 5.8346
v -3.0083 0.6037 5.8164
v -2.9976 0.6080 5.7982
v -2.9815 0.6022 5.7846
v -2.9655 0.6018 5.7715
v -2.9494 0.6090 5.7577
v -2.9299 0.6073 5.7496
v -2.9098 0.6072 5.7435
v -2.8890 0.6071 5.7400
v -2.8681 0.6004 5.7422
v -2.8471 0.6061 5.7417
v -2.8267 0.6057 5.7465
v -2.8073 0.6045 5.7543
v -2.7883 0.6068 5.7632
v -2.7702 0.6102 5.7742
v -2.7556 0.6073 5.7895
v -2.7424 0.6066 5.8059
v -2.7311 0.6071 5.8236
v -2.7267 0.5963 5.8444
v -2.7206 0.5965 5.8639
v -2.7135 0.6051 5.8837
v -2.7113 0.6083 5.9046
v -2.7113 0.6130 5.9260
v -2.7148 0.6159 5.9472
v -2.7231 0.6139 5.9670
v -2.7349 0.6093 5.9849
v -2.7479 0.6069 6.0015
v -2.7630 0.6043 6.0160
v -2.7809 0.5972 6.0268
v -2.7976 0.6004 6.0390
v -2.8151 0.6088 6.0510
v -2.8349 0.6126 6.0588
v -2.8560 0.6106 6.0615
v -2.8773 0.6107 6.0623
v -2.8983 0.6095 6.0598
v -2.9184 0.6047 6.0531
v -2.9371 0.6001 6.0440
v -2.9566 0.6055 6.0363
v -2.9737 0.6055 6.0242
v -2.9902 0.6092 6.0110
v -3.0015 0.6029 5.9931
v -3.0534 0.5995 5.9976
v -3.0646 0.5994 5.9731
v -3.0732 0.6007 5.9476
v -3.0795 0.6039 5.9212
v -3.0792 0.6016 5.8941
v -3.0763 0.6009 5.8672
v -3.0709 0.6021 5.8407
v -3.0656 0.6100 5.8135
v -3.0519 0.6084 5.7895
v -3.0355 0.6075 5.7674
v -3.0137 0.5997 5.7505
v -2.9933 0.6005 5.7330
v -2.9699 0.5983 5.7197
v -2.9474 0.6077 5.7036
v -2.9210 0.6068 5.6960
v -2.8938 0.6031 5.6936
v -2.8667 0.6011 5.6937
v -2.8405 0.5937 5.7004
v -2.8130 0.6043 5.7005
v -2.7867 0.6074 5.7084
v -2.7619 0.6092 5.7203
v -2.7380 0.6130 5.7347
v -2.7184 0.6110 5.7544
v -2.7030 0.6062 5.7774
v -2.6936 0.5959 5.8034
v -2.6840 0.5930 5.8282
v -2.6733 0.5983 5.8527
v -2.6677 0.6003 5.8790
v -2.6628 0.6072 5.9060
v -2.6617 0.6137 5.9339
v -2.6684 0.6129 5.9610
v -2.6810 0.6073 5.9859
v -2.6986 0.5975 6.0072
v -2.7152 0.5951 6.0281
v -2.7318 0.5987 6.0491
v -2.7504 0.6049 6.0690
v -2.7744 0.6017 6.0819
v -2.7990 0.6018 6.0932
v -2.8248 0.6020 6.1013
v -2.8512 0.6072 6.1088
v -2.8786 0.6064 6.1093
v -2.9056 0.6028 6.1048
v -2.9321 0.6037 6.0992
v -2.9578 0.6046 6.0902
v -2.9821 0.6053 6.0778
v -3.0034 0.6026 6.0608
v -3.0256 0.6081 6.0445
v -3.0418 0.6051 6.0223
v -3.0961 0.5900 6.0206
v -3.1114 0.5923 5.9910
v -3.1199 0.5903 5.9587
v -3.1268 0.5922 5.9261
v -3.1345 0.6011 5.8925
v -3.1306 0.6003 5.8585
v -3.1190 0.5944 5.8264
v -3.1109 0.6000 5.7932
v -3.0948 0.5997 5.7631
v -3.0701 0.5910 5.7393
v -3.0463 0.5887 5.7160
v -3.0213 0.5900 5.6942
v -2.9944 0.5933 5.6744
v -2.9649 0.5975 5.6576
v -2.9324 0.5966 5.6483
v -2.8989 0.5954 5.6435
v -2.8653 0.5918 5.6449
v -2.8322 0.5902 5.6491
v -2.7980 0.5990 5.6505
v -2.7663 0.5981 5.6629
v -2.7351 0.6012 5.6769
v -2.7062 0.6033 5.6956
v -2.6831 0.5993 5.7210
v -2.6675 0.5888 5.7517
v -2.6496 0.5893 5.7796
v -2.6386 0.5851 5.8109
v -2.6273 0.5875 5.8418
v -2.6173 0.5938 5.8738
v -2.6120 0.5994 5.9075
v -2.6086 0.6086 5.9425
v -2.6140 0.6121 5.9773
v -2.6311 0.6048 6.0082
v -2.6518 0.5975 6.0361
v -2.6760 0.5894 6.0600
v -2.6992 0.5881 6.0836
v -2.7242 0.5892 6.1053
v -2.7503 0.5950 6.1266
v -2.7820 0.5909 6.1379
v -2.8137 0.5914 6.1481
v -2.8467 0.5901 6.1526
v -2.8800 0.5944 6.1570
v -2.9138 0.5975 6.1561
v -2.9469 0.5975 6.1485
v -2.9784 0.5965 6.1360
v -3.0101 0.6013 6.1231
v -3.0375 0.6001 6.1026
v -3.0588 0.5929 6.0758
v -3.0795 0.5918 6.0495
v -3.1290 0.5601 6.0384
v -3.1452 0.5605 6.0038
v -3.1635 0.5686 5.9691
v -3.1782 0.5776 5.9313
v -3.1858 0.5844 5.8910
v -3.1797 0.5819 5.8506
v -3.1783 0.5907 5.8086
v -3.1604 0.5867 5.7710
v -3.1337 0.5771 5.7391
v -3.1057 0.5703 5.7103
v -3.0752 0.5644 5.6854
v -3.0464 0.5662 5.6595
v -3.0143 0.5678 5.6375
v -2.9797 0.5706 5.6189
v -2.9427 0.5734 5.6049
v -2.9034 0.5719 5.5996
v -2.8638 0.5780 5.5926
v -2.8238 0.5777 5.5967
v -2.7826 0.5854 5.5989
v -2.7441 0.5853 5.6133
v -2.7063 0.5883 5.6302
v -2.6775 0.5796 5.6603
v -2.6529 0.5721 5.6925
v -2.6312 0.5674 5.7255
v -2.6181 0.5578 5.7626
v -2.5982 0.5626 5.7955
v -2.5869 0.5627 5.8322
v -2.5726 0.5714 5.8692
v -2.5624 0.5810 5.9089
v -2.5605 0.5874 5.9502
v -2.5672 0.5904 5.9913
v -2.5815 0.5906 6.0305
v -2.6121 0.5763 6.0605
v -2.6392 0.5707 6.0899
v -2.6674 0.5684 6.1173
v -2.6991 0.5655 6.1400
v -2.7304 0.5689 6.1634
v -2.7666 0.5670 6.1781
v -2.8037 0.5679 6.1903
v -2.8416 0.5742 6.2025
v -2.8814 0.5777 6.2072
v -2.9222 0.5834 6.2085
v -2.9628 0.5863 6.2018
v -3.0029 0.5901 6.1907
v -3.0358 0.5818 6.1648
v -3.0664 0.5774 6.1381
v -3.0905 0.5693 6.1057
v -3.1092 0.5608 6.0710
v -3.1525 0.5187 6.0511
v -3.1740 0.5225 6.0148
v -3.1902 0.5260 5.9754
v -3.2089 0.5362 5.9345
v -3.2230 0.5471 5.8899
v -3.2265 0.5541 5.8430
v -3.2252 0.5625 5.7946
v -3.2029 0.5572 5.7519
v -3.1699 0.5460 5.7168
v -3.1290 0.5296 5.6913
v -3.0991 0.5290 5.6602
v -3.0622 0.5236 5.6376
v -3.0247 0.5206 5.6181
v -2.9872 0.5220 5.5992
v -2.9484 0.5276 5.5806
v -2.9070 0.5353 5.5647
v -2.8625 0.5469 5.5498
v -2.8164 0.5498 5.5509
v -2.7674 0.5617 5.5483
v -2.7258 0.5544 5.5726
v -2.6906 0.5440 5.6046
v -2.6604 0.5346 5.6392
v -2.6339 0.5276 5.6747
v -2.6169 0.5163 5.7152
v -2.5934 0.5179 5.7493
v -2.5759 0.5181 5.7870
v -2.5571 0.5240 5.8251
v -2.5359 0.5365 5.8655
v -2.5275 0.5425 5.9099
v -2.5208 0.5522 5.9566
v -2.5264 0.5566 6.0035
v -2.5485 0.5512 6.0453
v -2.5786 0.5426 6.0812
v -2.6088 0.5380 6.1147
v -2.6480 0.5266 6.1378
v -2.6862 0.5187 6.1579
v -2.7195 0.5224 6.1837
v -2.7589 0.5197 6.1984
v -2.7978 0.5238 6.2152
v -2.8383 0.5346 6.2344
v -2.8826 0.5451 6.2480
v -2.9303 0.5585 6.2588
v -2.9771 0.5597 6.2495
v -3.0202 0.5563 6.2294
v -3.0569 0.5479 6.1992
v -3.0856 0.5356 6.1617
v -3.1100 0.5261 6.1242
v -3.1291 0.5172 6.0854
v -3.1636 0.4681 6.0571
v -3.1785 0.4657 6.0165
v -3.2058 0.4762 5.9791
v -3.2238 0.4836 5.9360
v -3.2412 0.4944 5.8894
v -3.2605 0.5111 5.8376
v -3.2500 0.5118 5.7872
v -3.2258 0.5071 5.7417
v -3.1839 0.4923 5.7081
v -3.1430 0.4805 5.6799
v -3.1070 0.4755 5.6517
v -3.0666 0.4684 5.6316
v -3.0305 0.4693 5.6075
v -2.9890 0.4654 5.5946
v -2.9501 0.4714 5.5736
v -2.9086 0.4837 5.5486
v -2.8619 0.4975 5.5269
v -2.8104 0.5101 5.5136
v -2.7602 0.5108 5.5240
v -2.7152 0.5055 5.5489
v -2.6804 0.4928 5.5881
v -2.6506 0.4826 5.6272
v -2.6283 0.4718 5.6693
v -2.6046 0.4680 5.7063
v -2.5815 0.4682 5.7429
v -2.5585 0.4718 5.7803
v -2.5353 0.4791 5.8199
v -2.5174 0.4864 5.8636
v -2.5070 0.4923 5.9105
v -2.4964 0.5029 5.9605
v -2.4993 0.5089 6.0116
v -2.5170 0.5090 6.0594
v -2.5562 0.4964 6.0950
v -2.5961 0.4859 6.1250
v -2.6391 0.4746 6.1472
v -2.6791 0.4678 6.1677
v -2.7155 0.4682 6.1911
v -2.7545 0.4688 6.2100
v -2.7936 0.4759 6.2328
v -2.8366 0.4831 6.2505
v -2.8830 0.4899 6.2621
v -2.9332 0.5033 6.2766
v -2.9865 0.5145 6.2810
v -3.0348 0.5137 6.2618
v -3.0702 0.4999 6.2206
v -3.0963 0.4845 6.1748
v -3.1192 0.4739 6.1328
v -3.1366 0.4647 6.0908
v -3.1615 0.4133 6.0559
v -3.1895 0.4191 6.0207
v -3.2117 0.4241 5.9805
v -3.2328 0.4313 5.9370
v -3.2564 0.4429 5.8890
v -3.2669 0.4511 5.8365
v -3.2700 0.4593 5.7812
v -3.2306 0.4473 5.7395
v -3.1890 0.4363 5.7050
v -3.1505 0.4292 5.6738
v -3.1078 0.4210 5.6509
v -3.0702 0.4182 5.6265
v -3.0316 0.4168 5.6054
v -2.9910 0.4156 5.5893
v -2.9501 0.4172 5.5736
v -2.9092 0.4295 5.5432
v -2.8617 0.4409 5.5198
v -2.8082 0.4541 5.4999
v -2.7539 0.4590 5.5029
v -2.7111 0.4487 5.5397
v -2.6773 0.4366 5.5831
v -2.6480 0.4280 5.6240
v -2.6217 0.4223 5.6631
v -2.6033 0.4154 5.7054
v -2.5792 0.4160 5.7417
v -2.5587 0.4173 5.7804
v -2.5288 0.4266 5.8184
v -2.5145 0.4301 5.8633
v -2.4970 0.4385 5.9108
v -2.4912 0.4441 5.9614
v -2.4868 0.4528 6.0153
v -2.5101 0.4499 6.0625
v -2.5453 0.4432 6.1017
v -2.5877 0.4341 6.1319
v -2.6350 0.4227 6.1516
v -2.6745 0.4186 6.1742
v -2.7167 0.4132 6.1888
v -2.7539 0.4160 6.2115
v -2.7935 0.4207 6.2329
v -2.8363 0.4280 6.2541
v -2.8832 0.4356 6.2702
v -2.9351 0.4477 6.2881
v -2.9910 0.4585 6.2961
v -3.0370 0.4524 6.2667
v -3.0748 0.4436 6.2281
v -3.0961 0.4270 6.1746
v -3.1201 0.4198 6.1337
v -3.1437 0.4167 6.0960
v -3.1623 0.3661 6.0564
v -3.1833 0.3673 6.0184
v -3.2056 0.3711 5.9791
v -3.2343 0.3793 5.9371
v -3.2510 0.3851 5.8891
v -3.2726 0.3953 5.8356
v -3.2669 0.3978 5.7821
v -3.2396 0.3942 5.7355
v -3.1924 0.3840 5.7029
v -3.1524 0.3782 5.6722
v -3.1107 0.3728 5.6479
v -3.0699 0.3690 5.6270
v -3.0290 0.3661 5.6102
v -2.9910 0.3673 5.5893
v -2.9511 0.3701 5.5695
v -2.9091 0.3771 5.5439
v -2.8616 0.3869 5.5168
v -2.8079 0.3961 5.4982
v -2.7538 0.3991 5.5025
v -2.7069 0.3953 5.5303
v -2.6759 0.3837 5.5808
v -2.6517 0.3741 5.6286
v -2.6220 0.3720 5.6634
v -2.6009 0.3684 5.7036
v -2.5793 0.3676 5.7417
v -2.5521 0.3713 5.7779
v -2.5311 0.3745 5.8189
v -2.5085 0.3802 5.8627
v -2.4935 0.3854 5.9109
v -2.4847 0.3906 5.9624
v -2.4848 0.3952 6.0159
v -2.5120 0.3915 6.0616
v -2.5417 0.3890 6.1039
v -2.5866 0.3813 6.1328
v -2.6319 0.3743 6.1549
v -2.6740 0.3698 6.1747
v -2.7146 0.3674 6.1927
v -2.7543 0.3672 6.2105
v -2.7933 0.3714 6.2338
v -2.8356 0.3789 6.2606
v -2.8835 0.3852 6.2786
v -2.9373 0.3961 6.3019
v -2.9926 0.4007 6.3015
v -3.0395 0.3965 6.2724
v -3.0712 0.3851 6.2223
v -3.1014 0.3789 6.1811
v -3.1235 0.3722 6.1369
v -3.1432 0.3678 6.0956
v -3.1656 0.3229 6.0581
v -3.1885 0.3241 6.0204
v -3.2128 0.3270 5.9808
v -3.2373 0.3313 5.9374
v -3.2589 0.3363 5.8889
v -3.2693 0.3402 5.8361
v -3.2719 0.3439 5.7806
v -3.2410 0.3407 5.7349
v -3.2013 0.3362 5.6974
v -3.1551 0.3307 5.6701
v -3.1094 0.3259 5.6492
v -3.0687 0.3233 5.6287
v -3.0289 0.3219 5.6103
v -2.9898 0.3219 5.5925
v -2.9522 0.3258 5.5646
v -2.9097 0.3306 5.5381
v -2.8616 0.3357 5.5160
v -2.8070 0.3429 5.4925
v -2.7518 0.3452 5.4958
v -2.7086 0.3399 5.5342
v -2.6760 0.3334 5.5810
v -2.6500 0.3278 5.6265
v -2.6275 0.3239 5.6686
v -2.5983 0.3242 5.7018
v -2.5743 0.3244 5.7390
v -2.5480 0.3265 5.7763
v -2.5294 0.3278 5.8185
v -2.5093 0.3310 5.8627
v -2.4919 0.3349 5.9109
v -2.4827 0.3385 5.9628
v -2.4851 0.3408 6.0158
v -2.5045 0.3406 6.0650
v -2.5468 0.3354 6.1008
v -2.5906 0.3306 6.1295
v -2.6352 0.3261 6.1515
v -2.6743 0.3243 6.1744
v -2.7135 0.3233 6.1947
v -2.7526 0.3239 6.2150
v -2.7936 0.3251 6.2326
v -2.8360 0.3292 6.2565
v -2.8836 0.3356 6.2836
v -2.9378 0.3424 6.3053
v -2.9904 0.3425 6.2939
v -3.0383 0.3410 6.2698
v -3.0713 0.3344 6.2225
v -3.0988 0.3293 6.1780
v -3.1227 0.3256 6.1362
v -3.1465 0.3241 6.0980
v -3.1669 0.2806 6.0588
v -3.1891 0.2812 6.0206
v -3.2131 0.2826 5.9808
v -3.2330 0.2841 5.9370
v -3.2558 0.2867 5.8890
v -3.2736 0.2895 5.8355
v -3.2712 0.2908 5.7808
v -3.2440 0.2896 5.7335
v -3.1978 0.2865 5.6996
v -3.1522 0.2839 5.6724
v -3.1059 0.2813 5.6529
v -3.0676 0.2805 5.6302
v -3.0285 0.2799 5.6110
v -2.9916 0.2806 5.5877
v -2.9527 0.2822 5.5624
v -2.9100 0.2846 5.5356
v -2.8616 0.2867 5.5170
v -2.8080 0.2896 5.4987
v -2.7523 0.2913 5.4976
v -2.7065 0.2895 5.5294
v -2.6745 0.2860 5.5785
v -2.6507 0.2828 5.6273
v -2.6250 0.2814 5.6662
v -2.5993 0.2810 5.7025
v -2.5754 0.2810 5.7396
v -2.5482 0.2822 5.7764
v -2.5363 0.2820 5.8201
v -2.5114 0.2842 5.8629
v -2.4958 0.2859 5.9108
v -2.4751 0.2891 5.9640
v -2.4765 0.2904 6.0184
v -2.5042 0.2892 6.0651
v -2.5456 0.2868 6.1015
v -2.5932 0.2838 6.1274
v -2.6359 0.2819 6.1507
v -2.6761 0.2808 6.1718
v -2.7154 0.2802 6.1912
v -2.7525 0.2810 6.2152
v -2.7941 0.2813 6.2306
v -2.8361 0.2835 6.2557
v -2.8837 0.2870 6.2857
v -2.9378 0.2901 6.3051
v -2.9915 0.2907 6.2977
v -3.0367 0.2889 6.2660
v -3.0712 0.2861 6.2222
v -3.0984 0.2835 6.1774
v -3.1233 0.2819 6.1367
v -3.1497 0.2816 6.1003
v -3.1632 0.2391 6.0568
v -3.1869 0.2391 6.0198
v -3.2052 0.2391 5.9790
v -3.2358 0.2391 5.9373
v -3.2554 0.2391 5.8890
v -3.2698 0.2391 5.8361
v -3.2725 0.2391 5.7804
v -3.2434 0.2391 5.7338
v -3.2034 0.2391 5.6962
v -3.1583 0.2391 5.6675
v -3.1076 0.2391 5.6511
v -3.0634 0.2391 5.6359
v -3.0286 0.2391 5.6109
v -2.9912 0.2391 5.5886
v -2.9525 0.2391 5.5634
v -2.9102 0.2391 5.5333
v -2.8615 0.2391 5.5139
v -2.8091 0.2391 5.5054
v -2.7549 0.2391 5.5063
v -2.7074 0.2391 5.5315
v -2.6747 0.2391 5.5788
v -2.6501 0.2391 5.6267
v -2.6266 0.2391 5.6678
v -2.5988 0.2391 5.7021
v -2.5755 0.2391 5.7397
v -2.5529 0.2391 5.7782
v -2.5359 0.2391 5.8201
v -2.5167 0.2391 5.8635
v -2.4899 0.2391 5.9110
v -2.4756 0.2391 5.9639
v -2.4742 0.2391 6.0191
v -2.5068 0.2391 6.0639
v -2.5533 0.2391 6.0968
v -2.5969 0.2391 6.1244
v -2.6381 0.2391 6.1483
v -2.6764 0.2391 6.1715
v -2.7152 0.2391 6.1916
v -2.7534 0.2391 6.2129
v -2.7933 0.2391 6.2340
v -2.8361 0.2391 6.2562
v -2.8835 0.2391 6.2807
v -2.9371 0.2391 6.3010
v -2.9899 0.2391 6.2923
v -3.0362 0.2391 6.2650
v -3.0681 0.2391 6.2173
v -3.0983 0.2391 6.1773
v -3.1248 0.2391 6.1382
v -3.1501 0.2391 6.1006
v -3.1700 0.1972 6.0605
v -3.1887 0.1971 6.0204
v -3.2040 0.1968 5.9787
v -3.2249 0.1951 5.9361
v -3.2543 0.1917 5.8890
v -3.2729 0.1888 5.8356
v -3.2724 0.1873 5.7805
v -3.2482 0.1880 5.7317
v -3.1982 0.1916 5.6994
v -3.1534 0.1942 5.6714
v -3.1104 0.1961 5.6481
v -3.0687 0.1976 5.6287
v -3.0287 0.1983 5.6107
v -2.9917 0.1976 5.5873
v -2.9528 0.1960 5.5622
v -2.9102 0.1933 5.5330
v -2.8617 0.1918 5.5189
v -2.8089 0.1894 5.5043
v -2.7548 0.1881 5.5061
v -2.7076 0.1890 5.5318
v -2.6728 0.1918 5.5758
v -2.6468 0.1947 5.6226
v -2.6180 0.1956 5.6596
v -2.6021 0.1977 5.7045
v -2.5770 0.1974 5.7404
v -2.5605 0.1977 5.7811
v -2.5395 0.1966 5.8209
v -2.5172 0.1948 5.8635
v -2.4892 0.1915 5.9110
v -2.4687 0.1883 5.9650
v -2.4710 0.1871 6.0200
v -2.4988 0.1883 6.0675
v -2.5534 0.1926 6.0967
v -2.5956 0.1948 6.1255
v -2.6371 0.1965 6.1494
v -2.6748 0.1972 6.1737
v -2.7113 0.1969 6.1989
v -2.7533 0.1975 6.2132
v -2.7930 0.1963 6.2353
v -2.8355 0.1940 6.2616
v -2.8837 0.1911 6.2864
v -2.9361 0.1895 6.2944
v -2.9911 0.1878 6.2964
v -3.0352 0.1897 6.2628
v -3.0722 0.1919 6.2240
v -3.1012 0.1941 6.1809
v -3.1275 0.1956 6.1407
v -3.1514 0.1964 6.1015
v -3.1672 0.1549 6.0590
v -3.1888 0.1540 6.0205
v -3.2059 0.1529 5.9791
v -3.2248 0.1501 5.9361
v -3.2470 0.1449 5.8893
v -3.2714 0.1375 5.8358
v -3.2744 0.1336 5.7799
v -3.2441 0.1367 5.7335
v -3.1993 0.1426 5.6986
v -3.1527 0.1483 5.6720
v -3.1079 0.1529 5.6508
v -3.0658 0.1561 5.6326
v -3.0290 0.1563 5.6102
v -2.9942 0.1532 5.5808
v -2.9522 0.1525 5.5649
v -2.9097 0.1476 5.5380
v -2.8618 0.1442 5.5226
v -2.8096 0.1393 5.5083
v -2.7558 0.1366 5.5094
v -2.7093 0.1387 5.5357
v -2.6728 0.1433 5.5757
v -2.6440 0.1481 5.6192
v -2.6207 0.1520 5.6622
v -2.6003 0.1546 5.7032
v -2.5843 0.1567 5.7444
v -2.5597 0.1549 5.7808
v -2.5423 0.1537 5.8216
v -2.5180 0.1495 5.8636
v -2.4876 0.1423 5.9110
v -2.4704 0.1367 5.9647
v -2.4708 0.1336 6.0201
v -2.5025 0.1371 6.0659
v -2.5475 0.1431 6.1003
v -2.5940 0.1488 6.1267
v -2.6389 0.1535 6.1475
v -2.6770 0.1551 6.1707
v -2.7131 0.1547 6.1954
v -2.7502 0.1527 6.2212
v -2.7920 0.1513 6.2395
v -2.8358 0.1484 6.2590
v -2.8836 0.1428 6.2826
v -2.9364 0.1381 6.2965
v -2.9908 0.1354 6.2953
v -3.0353 0.1391 6.2630
v -3.0718 0.1436 6.2232
v -3.1025 0.1475 6.1824
v -3.1236 0.1523 6.1370
v -3.1479 0.1537 6.0989
v -3.1714 0.1082 6.0613
v -3.1871 0.1093 6.0198
v -3.2028 0.1083 5.9784
v -3.2245 0.1027 5.9361
v -3.2513 0.0930 5.8891
v -3.2728 0.0828 5.8356
v -3.2702 0.0791 5.7811
v -3.2393 0.0842 5.7356
v -3.1973 0.0921 5.6999
v -3.1472 0.1026 5.6765
v -3.1096 0.1060 5.6490
v -3.0689 0.1099 5.6283
v -3.0325 0.1093 5.6038
v -2.9935 0.1082 5.5827
v -2.9534 0.1043 5.5597
v -2.9094 0.1002 5.5415
v -2.8617 0.0929 5.5208
v -2.8093 0.0854 5.5065
v -2.7558 0.0819 5.5093
v -2.7107 0.0865 5.5387
v -2.6711 0.0911 5.5731
v -2.6387 0.0962 5.6126
v -2.6145 0.1022 5.6563
v -2.5984 0.1087 5.7018
v -2.5861 0.1136 5.7454
v -2.5647 0.1121 5.7827
v -2.5433 0.1086 5.8218
v -2.5160 0.1009 5.8634
v -2.4850 0.0896 5.9111
v -2.4642 0.0796 5.9657
v -2.4725 0.0781 6.0196
v -2.5033 0.0831 6.0655
v -2.5472 0.0917 6.1005
v -2.5961 0.1016 6.1251
v -2.6405 0.1088 6.1458
v -2.6763 0.1099 6.1716
v -2.7135 0.1100 6.1947
v -2.7512 0.1076 6.2187
v -2.7913 0.1034 6.2423
v -2.8359 0.1003 6.2582
v -2.8835 0.0924 6.2804
v -2.9357 0.0860 6.2921
v -2.9899 0.0812 6.2924
v -3.0376 0.0836 6.2682
v -3.0722 0.0924 6.2239
v -3.0992 0.1007 6.1784
v -3.1219 0.1069 6.1354
v -3.1451 0.1095 6.0969
v -3.1642 0.0633 6.0574
v -3.1876 0.0602 6.0200
v -3.2076 0.0564 5.9795
v -3.2295 0.0487 5.9366
v -3.2525 0.0374 5.8891
v -3.2658 0.0278 5.8367
v -3.2696 0.0192 5.7813
v -3.2326 0.0298 5.7386
v -3.1921 0.0399 5.7031
v -3.1496 0.0496 5.6745
v -3.1119 0.0541 5.6466
v -3.0705 0.0598 5.6262
v -3.0309 0.0622 5.6067
v -2.9940 0.0581 5.5813
v -2.9511 0.0588 5.5693
v -2.9086 0.0517 5.5487
v -2.8617 0.0384 5.5219
v -2.8093 0.0278 5.5068
v -2.7563 0.0237 5.5111
v -2.7087 0.0265 5.5344
v -2.6694 0.0336 5.5703
v -2.6390 0.0427 5.6130
v -2.6148 0.0510 5.6566
v -2.6002 0.0608 5.7032
v -2.5853 0.0659 5.7449
v -2.5654 0.0647 5.7829
v -2.5420 0.0588 5.8215
v -2.5107 0.0461 5.8629
v -2.4863 0.0340 5.9111
v -2.4698 0.0226 5.9648
v -2.4741 0.0184 6.0191
v -2.5099 0.0282 6.0626
v -2.5514 0.0389 6.0979
v -2.5951 0.0492 6.1259
v -2.6389 0.0585 6.1475
v -2.6792 0.0639 6.1675
v -2.7168 0.0651 6.1886
v -2.7523 0.0598 6.2158
v -2.7922 0.0544 6.2386
v -2.8355 0.0461 6.2618
v -2.8834 0.0392 6.2766
v -2.9355 0.0291 6.2907
v -2.9901 0.0213 6.2932
v -3.0360 0.0271 6.2646
v -3.0708 0.0387 6.2216
v -3.0979 0.0497 6.1768
v -3.1213 0.0576 6.1349
v -3.1414 0.0631 6.0942
v -3.1647 0.0093 6.0577
v -3.1836 0.0087 6.0185
v -3.2012 0.0053 5.9780
v -3.2255 0.0000 5.9362
v -3.2482 0.0000 5.8892
v -3.2599 0.0000 5.8377
v -3.2506 0.0000 5.7870
v -3.2264 0.0000 5.7414
v -3.1856 0.0000 5.7071
v -3.1453 0.0000 5.6780
v -3.1068 0.0029 5.6520
v -3.0716 0.0039 5.6247
v -3.0305 0.0089 5.6074
v -2.9901 0.0107 5.5917
v -2.9498 0.0077 5.5748
v -2.9079 0.0000 5.5557
v -2.8622 0.0000 5.5388
v -2.8117 0.0000 5.5219
v -2.7590 0.0000 5.5200
v -2.7133 0.0000 5.5445
v -2.6769 0.0000 5.5825
v -2.6483 0.0000 5.6244
v -2.6227 0.0012 5.6641
v -2.6076 0.0127 5.7085
v -2.5878 0.0151 5.7463
v -2.5657 0.0117 5.7831
v -2.5452 0.0061 5.8223
v -2.5227 0.0000 5.8641
v -2.5000 0.0000 5.9107
v -2.4820 0.0000 5.9629
v -2.4874 0.0000 6.0152
v -2.5183 0.0000 6.0588
v -2.5555 0.0000 6.0954
v -2.5983 0.0000 6.1232
v -2.6416 0.0061 6.1446
v -2.6822 0.0141 6.1634
v -2.7163 0.0113 6.1895
v -2.7545 0.0095 6.2099
v -2.7932 0.0010 6.2345
v -2.8362 0.0000 6.2549
v -2.8831 0.0000 6.2660
v -2.9344 0.0000 6.2842
v -2.9848 0.0000 6.2754
v -3.0334 0.0000 6.2587
v -3.0697 0.0000 6.2199
v -3.0967 0.0000 6.1753
v -3.1220 0.0016 6.1355
v -3.1406 0.0101 6.0937
v -3.1503 0.0000 6.0499
v -3.1688 0.0000 6.0129
v -3.1927 0.0000 5.9760
v -3.2110 0.0000 5.9347
v -3.2218 0.0000 5.8900
v -3.2291 0.0000 5.8426
v -3.2170 0.0000 5.7970
v -3.1988 0.0000 5.7538
v -3.1680 0.0000 5.7179
v -3.1360 0.0000 5.6856
v -3.0974 0.0000 5.6619
v -3.0608 0.0000 5.6396
v -3.0243 0.0000 5.6189
v -2.9870 0.0000 5.5997
v -2.9465 0.0000 5.5886
v -2.9064 0.0000 5.5701
v -2.8629 0.0000 5.5610
v -2.8154 0.0000 5.5449
v -2.7667 0.0000 5.5457
v -2.7225 0.0000 5.5652
v -2.6890 0.0000 5.6021
v -2.6599 0.0000 5.6387
v -2.6387 0.0000 5.6792
v -2.6128 0.0000 5.7123
v -2.5923 0.0000 5.7487
v -2.5718 0.0000 5.7854
v -2.5546 0.0000 5.8245
v -2.5371 0.0000 5.8656
v -2.5205 0.0000 5.9101
v -2.5121 0.0000 5.9580
v -2.5179 0.0000 6.0060
v -2.5443 0.0000 6.0471
v -2.5780 0.0000 6.0816
v -2.6136 0.0000 6.1108
v -2.6493 0.0000 6.1364
v -2.6871 0.0000 6.1567
v -2.7231 0.0000 6.1770
v -2.7600 0.0000 6.1954
v -2.7967 0.0000 6.2197
v -2.8384 0.0000 6.2338
v -2.8825 0.0000 6.2453
v -2.9297 0.0000 6.2547
v -2.9774 0.0000 6.2507
v -3.0211 0.0000 6.2313
v -3.0571 0.0000 6.1994
v -3.0870 0.0000 6.1634
v -3.1105 0.0000 6.1246
v -3.1297 0.0000 6.0858
v -3.1278 0.0000 6.0378
v -3.1477 0.0000 6.0048
v -3.1618 0.0000 5.9687
v -3.1783 0.0000 5.9314
v -3.1878 0.0000 5.8910
v -3.1825 0.0000 5.8501
v -3.1738 0.0000 5.8100
v -3.1532 0.0000 5.7742
v -3.1369 0.0000 5.7371
v -3.1069 0.0000 5.7093
v -3.0781 0.0000 5.6824
v -3.0471 0.0000 5.6586
v -3.0130 0.0000 5.6398
v -2.9778 0.0000 5.6238
v -2.9412 0.0000 5.6109
v -2.9028 0.0000 5.6055
v -2.8639 0.0000 5.5955
v -2.8230 0.0000 5.5916
v -2.7814 0.0000 5.5951
v -2.7409 0.0000 5.6062
v -2.7081 0.0000 5.6331
v -2.6835 0.0000 5.6676
v -2.6574 0.0000 5.6968
v -2.6371 0.0000 5.7298
v -2.6137 0.0000 5.7603
v -2.5941 0.0000 5.7939
v -2.5852 0.0000 5.8318
v -2.5720 0.0000 5.8692
v -2.5661 0.0000 5.9088
v -2.5608 0.0000 5.9502
v -2.5721 0.0000 5.9898
v -2.5829 0.0000 6.0299
v -2.6060 0.0000 6.0643
v -2.6339 0.0000 6.0943
v -2.6639 0.0000 6.1210
v -2.6993 0.0000 6.1398
v -2.7343 0.0000 6.1562
v -2.7688 0.0000 6.1724
v -2.8057 0.0000 6.1817
v -2.8420 0.0000 6.1981
v -2.8815 0.0000 6.2094
v -2.9229 0.0000 6.2128
v -2.9633 0.0000 6.2034
v -3.0028 0.0000 6.1906
v -3.0368 0.0000 6.1665
v -3.0645 0.0000 6.1358
v -3.0914 0.0000 6.1066
v -3.1058 0.0000 6.0685
v -3.0961 0.0000 6.0206
v -3.1111 0.0000 5.9909
v -3.1201 0.0000 5.9588
v -3.1312 0.0000 5.9265
v -3.1353 0.0000 5.8925
v -3.1256 0.0000 5.8593
v -3.1170 0.0000 5.8269
v -3.1103 0.0000 5.7934
v -3.0921 0.0000 5.7647
v -3.0736 0.0000 5.7364
v -3.0488 0.0000 5.7134
v -3.0215 0.0000 5.6940
v -2.9944 0.0000 5.6744
v -2.9619 0.0000 5.6656
v -2.9310 0.0000 5.6542
v -2.8984 0.0000 5.6486
v -2.8653 0.0000 5.6441
v -2.8316 0.0000 5.6450
v -2.7960 0.0000 5.6438
v -2.7657 0.0000 5.6616
v -2.7374 0.0000 5.6806
v -2.7114 0.0000 5.7020
v -2.6918 0.0000 5.7293
v -2.6679 0.0000 5.7520
v -2.6458 0.0000 5.7776
v -2.6337 0.0000 5.8090
v -2.6243 0.0000 5.8410
v -2.6197 0.0000 5.8741
v -2.6143 0.0000 5.9074
v -2.6194 0.0000 5.9408
v -2.6228 0.0000 5.9747
v -2.6344 0.0000 6.0068
v -2.6489 0.0000 6.0379
v -2.6712 0.0000 6.0639
v -2.6949 0.0000 6.0882
v -2.7207 0.0000 6.1101
v -2.7517 0.0000 6.1241
v -2.7841 0.0000 6.1323
v -2.8152 0.0000 6.1417
v -2.8467 0.0000 6.1520
v -2.8800 0.0000 6.1586
v -2.9149 0.0000 6.1630
v -2.9494 0.0000 6.1568
v -2.9798 0.0000 6.1392
v -3.0095 0.0000 6.1222
v -3.0335 0.0000 6.0977
v -3.0567 0.0000 6.0738
v -3.0749 0.0000 6.0462
v -3.0541 0.0000 5.9980
v -3.0682 0.0000 5.9745
v -3.0744 0.0000 5.9479
v -3.0803 0.0000 5.9213
v -3.0813 0.0000 5.8940
v -3.0752 0.0000 5.8674
v -3.0728 0.0000 5.8402
v -3.0610 0.0000 5.8155
v -3.0500 0.0000 5.7906
v -3.0370 0.0000 5.7662
v -3.0169 0.0000 5.7471
v -2.9940 0.0000 5.7320
v -2.9711 0.0000 5.7175
v -2.9466 0.0000 5.7058
v -2.9202 0.0000 5.6994
v -2.8936 0.0000 5.6956
v -2.8665 0.0000 5.6889
v -2.8389 0.0000 5.6906
v -2.8125 0.0000 5.6990
v -2.7870 0.0000 5.7090
v -2.7644 0.0000 5.7244
v -2.7425 0.0000 5.7402
v -2.7222 0.0000 5.7580
v -2.7031 0.0000 5.7775
v -2.6888 0.0000 5.8008
v -2.6766 0.0000 5.8253
v -2.6706 0.0000 5.8520
v -2.6663 0.0000 5.8788
v -2.6658 0.0000 5.9059
v -2.6677 0.0000 5.9330
v -2.6748 0.0000 5.9591
v -2.6833 0.0000 5.9848
v -2.6934 0.0000 6.0104
v -2.7095 0.0000 6.0328
v -2.7295 0.0000 6.0515
v -2.7494 0.0000 6.0705
v -2.7758 0.0000 6.0794
v -2.7999 0.0000 6.0908
v -2.8258 0.0000 6.0970
v -2.8516 0.0000 6.1049
v -2.8787 0.0000 6.1111
v -2.9063 0.0000 6.1096
v -2.9328 0.0000 6.1012
v -2.9590 0.0000 6.0927
v -2.9811 0.0000 6.0760
v -3.0044 0.0000 6.0619
v -3.0206 0.0000 6.0398
v -3.0399 0.0000 6.0209
v -3.0167 0.0000 5.9778
v -3.0229 0.0000 5.9573
v -3.0283 0.0000 5.9370
v -3.0317 0.0000 5.9163
v -3.0308 0.0000 5.8955
v -3.0284 0.0000 5.8749
v -3.0279 0.0000 5.8536
v -3.0192 0.0000 5.8343
v -3.0112 0.0000 5.8146
v -2.9989 0.0000 5.7972
v -2.9830 0.0000 5.7831
v -2.9655 0.0000 5.7715
v -2.9482 0.0000 5.7600
v -2.9294 0.0000 5.7510
v -2.9099 0.0000 5.7427
v -2.8892 0.0000 5.7380
v -2.8680 0.0000 5.7393
v -2.8467 0.0000 5.7392
v -2.8262 0.0000 5.7450
v -2.8078 0.0000 5.7555
v -2.7891 0.0000 5.7645
v -2.7714 0.0000 5.7757
v -2.7554 0.0000 5.7893
v -2.7418 0.0000 5.8055
v -2.7302 0.0000 5.8231
v -2.7221 0.0000 5.8427
v -2.7140 0.0000 5.8623
v -2.7124 0.0000 5.8836
v -2.7135 0.0000 5.9046
v -2.7179 0.0000 5.9249
v -2.7215 0.0000 5.9452
v -2.7266 0.0000 5.9654
v -2.7339 0.0000 5.9855
v -2.7469 0.0000 6.0023
v -2.7603 0.0000 6.0189
v -2.7789 0.0000 6.0296
v -2.7972 0.0000 6.0397
v -2.8158 0.0000 6.0490
v -2.8364 0.0000 6.0524
v -2.8564 0.0000 6.0581
v -2.8772 0.0000 6.0614
v -2.8985 0.0000 6.0611
v -2.9189 0.0000 6.0549
v -2.9391 0.0000 6.0484
v -2.9559 0.0000 6.0352
v -2.9740 0.0000 6.0246
v -2.9866 0.0000 6.0076
v -2.9998 0.0000 5.9919
v -2.9766 0.0000 5.9561
v -2.9832 0.0000 5.9421
v -2.9852 0.0000 5.9267
v -2.9873 0.0000 5.9118
v -2.9875 0.0000 5.8967
v -2.9884 0.0000 5.8814
v -2.9861 0.0000 5.8661
v -2.9815 0.0000 5.8512
v -2.9722 0.0000 5.8386
v -2.9628 0.0000 5.8266
v -2.9514 0.0000 5.8165
v -2.9400 0.0000 5.8068
v -2.9272 0.0000 5.7989
v -2.9139 0.0000 5.7916
v -2.8999 0.0000 5.7850
v -2.8848 0.0000 5.7810
v -2.8692 0.0000 5.7822
v -2.8539 0.0000 5.7838
v -2.8391 0.0000 5.7878
v -2.8256 0.0000 5.7951
v -2.8119 0.0000 5.8015
v -2.8001 0.0000 5.8109
v -2.7882 0.0000 5.8203
v -2.7770 0.0000 5.8309
v -2.7703 0.0000 5.8448
v -2.7641 0.0000 5.8587
v -2.7580 0.0000 5.8728
v -2.7545 0.0000 5.8879
v -2.7555 0.0000 5.9034
v -2.7599 0.0000 5.9181
v -2.7637 0.0000 5.9326
v -2.7662 0.0000 5.9477
v -2.7726 0.0000 5.9616
v -2.7799 0.0000 5.9754
v -2.7911 0.0000 5.9864
v -2.8037 0.0000 5.9954
v -2.8171 0.0000 6.0029
v -2.8307 0.0000 6.0099
v -2.8456 0.0000 6.0136
v -2.8608 0.0000 6.0145
v -2.8759 0.0000 6.0163
v -2.8911 0.0000 6.0152
v -2.9060 0.0000 6.0117
v -2.9210 0.0000 6.0080
v -2.9343 0.0000 6.0002
v -2.9462 0.0000 5.9904
v -2.9566 0.0000 5.9793
v -2.9666 0.0000 5.9680
v -2.9401 0.0000 5.9364
v -2.9454 0.0000 5.9277
v -2.9457 0.0000 5.9173
v -2.9473 0.0000 5.9077
v -2.9476 0.0000 5.8978
v -2.9485 0.0000 5.8878
v -2.9470 0.0000 5.8778
v -2.9431 0.0000 5.8684
v -2.9373 0.0000 5.8601
v -2.9316 0.0000 5.8520
v -2.9248 0.0000 5.8447
v -2.9168 0.0000 5.8388
v -2.9089 0.0000 5.8327
v -2.8993 0.0000 5.8298
v -2.8901 0.0000 5.8263
v -2.8804 0.0000 5.8236
v -2.8704 0.0000 5.8231
v -2.8603 0.0000 5.8236
v -2.8512 0.0000 5.8285
v -2.8422 0.0000 5.8321
v -2.8331 0.0000 5.8359
v -2.8250 0.0000 5.8415
v -2.8168 0.0000 5.8473
v -2.8109 0.0000 5.8554
v -2.8046 0.0000 5.8633
v -2.8021 0.0000 5.8731
v -2.7987 0.0000 5.8824
v -2.7956 0.0000 5.8921
v -2.7962 0.0000 5.9022
v -2.7978 0.0000 5.9120
v -2.8009 0.0000 5.9214
v -2.8042 0.0000 5.9306
v -2.8081 0.0000 5.9398
v -2.8129 0.0000 5.9486
v -2.8196 0.0000 5.9561
v -2.8281 0.0000 5.9616
v -2.8365 0.0000 5.9669
v -2.8457 0.0000 5.9707
v -2.8551 0.0000 5.9736
v -2.8648 0.0000 5.9759
v -2.8747 0.0000 5.9748
v -2.8847 0.0000 5.9753
v -2.8945 0.0000 5.9733
v -2.9037 0.0000 5.9693
v -2.9126 0.0000 5.9649
v -2.9206 0.0000 5.9590
v -2.9277 0.0000 5.9521
v -2.9337 0.0000 5.9442
v -2.9058 0.0000 5.9179
v -2.9083 0.0000 5.9136
v -2.9088 0.0000 5.9086
v -2.9096 0.0000 5.9038
v -2.9096 0.0000 5.8989
v -2.9098 0.0000 5.8940
v -2.9093 0.0000 5.8890
v -2.9074 0.0000 5.8844
v -2.9049 0.0000 5.8801
v -2.9016 0.0000 5.8764
v -2.8979 0.0000 5.8732
v -2.8942 0.0000 5.8701
v -2.8905 0.0000 5.8669
v -2.8859 0.0000 5.8651
v -2.8814 0.0000 5.8631
v -2.8765 0.0000 5.8620
v -2.8715 0.0000 5.8622
v -2.8666 0.0000 5.8630
v -2.8620 0.0000 5.8644
v -2.8573 0.0000 5.8659
v -2.8531 0.0000 5.8684
v -2.8489 0.0000 5.8709
v -2.8451 0.0000 5.8740
v -2.8421 0.0000 5.8780
v -2.8393 0.0000 5.8820
v -2.8374 0.0000 5.8866
v -2.8361 0.0000 5.8913
v -2.8356 0.0000 5.8962
v -2.8343 0.0000 5.9011
v -2.8353 0.0000 5.9060
v -2.8369 0.0000 5.9107
v -2.8387 0.0000 5.9152
v -2.8410 0.0000 5.9195
v -2.8439 0.0000 5.9234
v -2.8469 0.0000 5.9272
v -2.8503 0.0000 5.9308
v -2.8546 0.0000 5.9333
v -2.8591 0.0000 5.9355
v -2.8637 0.0000 5.9374
v -2.8688 0.0000 5.9374
v -2.8737 0.0000 5.9372
v -2.8785 0.0000 5.9365
v -2.8834 0.0000 5.9361
v -2.8881 0.0000 5.9346
v -2.8923 0.0000 5.9319
v -2.8965 0.0000 5.9294
v -2.9003 0.0000 5.9262
v -2.9037 0.0000 5.9224
v -2.8726 0.0000 5.9000
v -2.8726 0.0000 5.9000
v -2.8726 0.0000 5.9000
v -2.8726 0.0000 5.9000
v -2.8726 0.0000 5.9000
v -2.8726 0.0000 5.9000
v -2.8726 0.0000 5.9000
v -2.8726 0.0000 5.9000
v -2.8726 0.0000 5.9000
v -2.8726 0.0000 5.9000
v -2.8726 0.0000 5.9000
v -2.8726 0.0000 5.9000
v -2.8726 0.0000 5.9000
v -2.8726 0.0000 5.9000
v -2.8726 0.0000 5.9000
v -2.8726 0.0000 5.9000
v -2.8726 0.0000 5.9000
v -2.8726 0.0000 5.9000
v -2.8726 0.0000 5.9000
v -2.8726 0.0000 5.9000
v -2.8726 0.0000 5.9000
v -2.8726 0.0000 5.9000
v -2.8726 0.0000 5.9000
v -2.8726 0.0000 5.9000
v -2.8726 0.0000 5.9000
v -2.8726 0.0000 5.9000
v -2.8726 0.0000 5.9000
v -2.8726 0.0000 5.9000
v -2.8726 0.0000 5.9000
v -2.8726 0.0000 5.9000
v -2.8726 0.0000 5.9000
v -2.8726 0.0000 5.9000
v -2.8726 0.0000 5.9000
v -2.8726 0.0000 5.9000
v -2.8726 0.0000 5.9000
v -2.8726 0.0000 5.9000
v -2.8726 0.0000 5.9000
v -2.8726 0.0000 5.9000
v -2.8726 0.0000 5.9000
v -2.8726 0.0000 5.9000
v -2.8726 0.0000 5.9000
v -2.8726 0.0000 5.9000
v -2.8726 0.0000 5.9000
v -2.8726 0.0000 5.9000
v -2.8726 0.0000 5.9000
v -2.8726 0.0000 5.9000
v -2.8726 0.0000 5.9000
v -2.8726 0.0000 5.9000
v -2.8913 0.0728 5.9101
v -2.8913 0.0000 5.9101
v -2.8929 0.0728 5.8939
v -2.8929 0.0000 5.8939
v -2.8827 0.0728 5.8813
v -2.8827 0.0000 5.8813
v -2.8665 0.0728 5.8796
v -2.8665 0.0000 5.8796
v -2.8539 0.0728 5.8899
v -2.8539 0.0000 5.8899
v -2.8522 0.0728 5.9061
v -2.8522 0.0000 5.9061
v -2.8625 0.0728 5.9187
v -2.8625 0.0000 5.9187
v -2.8787 0.0728 5.9204
v -2.8787 0.0000 5.9204
v -2.8726 0.0728 5.9000
v -2.8726 0.0000 5.9000
vn -0.3318 -0.7542 -0.5667
usemtl leaf_5
f 7113//6873 7161//6873 7162//6873 7114//6873
vn 0.1105 -0.9011 0.4192
f 7114//6874 7162//6874 7163//6874 7115//6874
vn -0.0562 -0.6872 -0.7243
usemtl leaf_4
f 7115//6875 7163//6875 7164//6875 7116//6875
vn 0.0193 -0.9986 -0.0494
f 7116//6876 7164//6876 7165//6876 7117//6876
vn -0.0020 -0.8979 0.4401
usemtl leaf_5
f 7117//6877 7165//6877 7166//6877 7118//6877
vn -0.0732 -0.6890 0.7210
usemtl leaf_4
f 7118//6878 7166//6878 7167//6878 7119//6878
vn 0.2572 -0.6423 -0.7220
usemtl leaf_5
f 7119//6879 7167//6879 7168//6879 7120//6879
vn 0.3992 -0.4667 -0.7892
f 7120//6880 7168//6880 7169//6880 7121//6880
vn -0.4764 -0.5448 0.6901
f 7121//6881 7169//6881 7170//6881 7122//6881
vn 0.5279 -0.5301 -0.6636
f 7122//6882 7170//6882 7171//6882 7123//6882
vn -0.4645 -0.8577 0.2204
f 7123//6883 7171//6883 7172//6883 7124//6883
vn -0.8211 -0.2737 0.5009
f 7124//6884 7172//6884 7173//6884 7125//6884
vn -0.1610 -0.9755 0.1501
f 7125//6885 7173//6885 7174//6885 7126//6885
vn -0.5331 -0.7906 0.3012
f 7126//6886 7174//6886 7175//6886 7127//6886
vn 0.9600 -0.2367 -0.1497
usemtl leaf_4
f 7127//6887 7175//6887 7176//6887 7128//6887
vn 0.7256 -0.6861 -0.0530
usemtl leaf_5
f 7128//6888 7176//6888 7177//6888 7129//6888
vn 0.7901 -0.6110 0.0494
f 7129//6889 7177//6889 7178//6889 7130//6889
vn -0.3609 -0.9321 -0.0302
f 7130//6890 7178//6890 7179//6890 7131//6890
vn -0.8977 -0.3122 -0.3109
f 7131//6891 7179//6891 7180//6891 7132//6891
vn -0.6265 -0.6669 -0.4034
usemtl leaf_4
f 7132//6892 7180//6892 7181//6892 7133//6892
vn -0.1410 -0.9379 -0.3170
f 7133//6893 7181//6893 7182//6893 7134//6893
vn -0.5199 -0.5811 -0.6262
f 7134//6894 7182//6894 7183//6894 7135//6894
vn 0.5689 -0.4982 0.6543
f 7135//6895 7183//6895 7184//6895 7136//6895
vn 0.4983 -0.3705 0.7838
f 7136//6896 7184//6896 7185//6896 7137//6896
vn 0.3491 -0.6950 0.6286
usemtl leaf_5
f 7137//6897 7185//6897 7186//6897 7138//6897
vn -0.1817 -0.6846 -0.7059
f 7138//6898 7186//6898 7187//6898 7139//6898
vn -0.1406 -0.5343 -0.8335
f 7139//6899 7187//6899 7188//6899 7140//6899
vn -0.0174 -0.5466 -0.8372
f 7140//6900 7188//6900 7189//6900 7141//6900
vn 0.1158 -0.9257 -0.3602
usemtl leaf_4
f 7141//6901 7189//6901 7190//6901 7142//6901
vn -0.1242 -0.5143 0.8486
usemtl leaf_5
f 7142//6902 7190//6902 7191//6902 7143//6902
vn 0.0291 -0.9698 0.2421
f 7143//6903 7191//6903 7192//6903 7144//6903
vn -0.3118 -0.5904 0.7444
f 7144//6904 7192//6904 7193//6904 7145//6904
vn 0.0186 -0.9931 0.1159
f 7145//6905 7193//6905 7194//6905 7146//6905
vn -0.0959 -0.9867 0.1313
f 7146//6906 7194//6906 7195//6906 7147//6906
vn 0.6507 -0.5740 -0.4970
usemtl leaf_4
f 7147//6907 7195//6907 7196//6907 7148//6907
vn 0.4984 -0.8256 -0.2647
f 7148//6908 7196//6908 7197//6908 7149//6908
vn -0.2136 -0.9752 0.0577
usemtl leaf_5
f 7149//6909 7197//6909 7198//6909 7150//6909
vn 0.1320 -0.9910 -0.0226
f 7150//6910 7198//6910 7199//6910 7151//6910
vn -0.9259 -0.3193 0.2021
f 7151//6911 7199//6911 7200//6911 7152//6911
vn 0.6955 -0.7173 -0.0431
f 7152//6912 7200//6912 7201//6912 7153//6912
vn -0.2729 -0.9389 -0.2099
f 7153//6913 7201//6913 7202//6913 7154//6913
vn 0.5002 -0.8638 -0.0606
f 7154//6914 7202//6914 7203//6914 7155//6914
vn 0.7110 -0.6871 0.1494
f 7155//6915 7203//6915 7204//6915 7156//6915
vn 0.6852 -0.6159 0.3888
f 7156//6916 7204//6916 7205//6916 7157//6916
vn -0.3989 -0.9006 -0.1727
f 7157//6917 7205//6917 7206//6917 7158//6917
vn -0.3128 -0.9140 -0.2582
f 7158//6918 7206//6918 7207//6918 7159//6918
vn -0.5655 -0.6107 -0.5542
f 7159//6919 7207//6919 7208//6919 7160//6919
vn 0.4293 -0.4204 0.7993
f 7160//6920 7208//6920 7161//6920 7113//6920
vn -0.1854 -0.9825 0.0176
f 7161//6921 7209//6921 7210//6921 7162//6921
vn -0.0037 -0.9026 0.4304
f 7162//6922 7210//6922 7211//6922 7163//6922
vn 0.0602 -0.8732 0.4837
usemtl leaf_4
f 7163//6923 7211//6923 7212//6923 7164//6923
vn 0.0977 -0.8824 -0.4602
usemtl leaf_5
f 7164//6924 7212//6924 7213//6924 7165//6924
vn 0.0199 -0.9167 0.3991
f 7165//6925 7213//6925 7214//6925 7166//6925
vn -0.0150 -0.8895 -0.4566
f 7166//6926 7214//6926 7215//6926 7167//6926
vn -0.0164 -0.9404 -0.3397
usemtl leaf_4
f 7167//6927 7215//6927 7216//6927 7168//6927
vn -0.0372 -0.9895 0.1397
usemtl leaf_5
f 7168//6928 7216//6928 7217//6928 7169//6928
vn -0.0849 -0.9638 0.2528
f 7169//6929 7217//6929 7218//6929 7170//6929
vn 0.5179 -0.7255 -0.4532
f 7170//6930 7218//6930 7219//6930 7171//6930
vn -0.3092 -0.8700 0.3840
f 7171//6931 7219//6931 7220//6931 7172//6931
vn -0.4954 -0.8137 0.3041
usemtl leaf_4
f 7172//6932 7220//6932 7221//6932 7173//6932
vn -0.3345 -0.9424 -0.0085
usemtl leaf_5
f 7173//6933 7221//6933 7222//6933 7174//6933
vn -0.3940 -0.9183 -0.0372
usemtl leaf_4
f 7174//6934 7222//6934 7223//6934 7175//6934
vn 0.7763 -0.6149 -0.1389
usemtl leaf_5
f 7175//6935 7223//6935 7224//6935 7176//6935
vn 0.5097 -0.8602 0.0156
f 7176//6936 7224//6936 7225//6936 7177//6936
vn 0.1654 -0.9843 0.0620
f 7177//6937 7225//6937 7226//6937 7178//6937
vn -0.5422 -0.8395 -0.0367
f 7178//6938 7226//6938 7227//6938 7179//6938
vn -0.5609 -0.8219 -0.0997
f 7179//6939 7227//6939 7228//6939 7180//6939
vn 0.0825 -0.9815 0.1727
f 7180//6940 7228//6940 7229//6940 7181//6940
vn 0.0467 -0.9926 0.1120
usemtl leaf_4
f 7181//6941 7229//6941 7230//6941 7182//6941
vn -0.2098 -0.9543 -0.2127
f 7182//6942 7230//6942 7231//6942 7183//6942
vn 0.0961 -0.9954 -0.0058
usemtl leaf_5
f 7183//6943 7231//6943 7232//6943 7184//6943
vn 0.2192 -0.8748 0.4321
usemtl leaf_4
f 7184//6944 7232//6944 7233//6944 7185//6944
vn 0.0508 -0.8991 0.4347
usemtl leaf_5
f 7185//6945 7233//6945 7234//6945 7186//6945
vn -0.0465 -0.9985 -0.0297
f 7186//6946 7234//6946 7235//6946 7187//6946
vn -0.0933 -0.7766 -0.6231
f 7187//6947 7235//6947 7236//6947 7188//6947
vn 0.0223 -0.9983 -0.0545
f 7188//6948 7236//6948 7237//6948 7189//6948
vn 0.0511 -0.9737 -0.2219
f 7189//6949 7237//6949 7238//6949 7190//6949
vn -0.1339 -0.8331 0.5367
f 7190//6950 7238//6950 7239//6950 7191//6950
vn -0.0500 -0.9304 0.3631
f 7191//6951 7239//6951 7240//6951 7192//6951
vn 0.0289 -0.9967 0.0762
f 7192//6952 7240//6952 7241//6952 7193//6952
vn 0.0392 -0.9984 -0.0411
f 7193//6953 7241//6953 7242//6953 7194//6953
vn 0.1372 -0.9805 -0.1407
usemtl leaf_4
f 7194//6954 7242//6954 7243//6954 7195//6954
vn 0.4113 -0.7710 -0.4862
usemtl leaf_5
f 7195//6955 7243//6955 7244//6955 7196//6955
vn -0.2984 -0.9511 0.0795
f 7196//6956 7244//6956 7245//6956 7197//6956
vn 0.2552 -0.9626 -0.0914
usemtl leaf_4
f 7197//6957 7245//6957 7246//6957 7198//6957
vn -0.5502 -0.8073 0.2134
usemtl leaf_5
f 7198//6958 7246//6958 7247//6958 7199//6958
vn -0.3023 -0.9532 0.0015
f 7199//6959 7247//6959 7248//6959 7200//6959
vn 0.4637 -0.8832 -0.0700
usemtl leaf_4
f 7200//6960 7248//6960 7249//6960 7201//6960
vn 0.1913 -0.9812 0.0270
usemtl leaf_5
f 7201//6961 7249//6961 7250//6961 7202//6961
vn -0.1368 -0.9905 -0.0161
f 7202//6962 7250//6962 7251//6962 7203//6962
vn 0.0170 -0.9945 0.1030
f 7203//6963 7251//6963 7252//6963 7204//6963
vn 0.3158 -0.9389 0.1365
f 7204//6964 7252//6964 7253//6964 7205//6964
vn -0.0289 -0.9910 -0.1310
f 7205//6965 7253//6965 7254//6965 7206//6965
vn -0.1401 -0.9785 -0.1515
usemtl leaf_4
f 7206//6966 7254//6966 7255//6966 7207//6966
vn -0.1192 -0.9348 -0.3345
usemtl leaf_5
f 7207//6967 7255//6967 7256//6967 7208//6967
vn -0.0664 -0.9935 -0.0920
f 7208//6968 7256//6968 7209//6968 7161//6968
vn 0.1712 -0.9389 0.2986
f 7209//6969 7257//6969 7258//6969 7210//6969
vn 0.1868 -0.9595 0.2108
usemtl leaf_4
f 7210//6970 7258//6970 7259//6970 7211//6970
vn 0.0747 -0.9309 0.3576
usemtl leaf_5
f 7211//6971 7259//6971 7260//6971 7212//6971
vn 0.0107 -0.9966 0.0813
f 7212//6972 7260//6972 7261//6972 7213//6972
vn 0.0765 -0.9863 -0.1464
usemtl leaf_4
f 7213//6973 7261//6973 7262//6973 7214//6973
vn 0.1728 -0.9310 -0.3217
usemtl leaf_5
f 7214//6974 7262//6974 7263//6974 7215//6974
vn 0.1550 -0.9757 -0.1548
f 7215//6975 7263//6975 7264//6975 7216//6975
vn -0.1071 -0.9930 0.0502
f 7216//6976 7264//6976 7265//6976 7217//6976
vn -0.1553 -0.9879 0.0029
f 7217//6977 7265//6977 7266//6977 7218//6977
vn 0.0771 -0.9860 -0.1481
f 7218//6978 7266//6978 7267//6978 7219//6978
vn -0.0375 -0.9992 -0.0141
f 7219//6979 7267//6979 7268//6979 7220//6979
vn -0.2174 -0.9749 0.0471
f 7220//6980 7268//6980 7269//6980 7221//6980
vn -0.0773 -0.9970 -0.0036
usemtl leaf_4
f 7221//6981 7269//6981 7270//6981 7222//6981
vn -0.3902 -0.9130 0.1189
usemtl leaf_5
f 7222//6982 7270//6982 7271//6982 7223//6982
vn 0.2897 -0.9571 0.0093
usemtl leaf_4
f 7223//6983 7271//6983 7272//6983 7224//6983
vn 0.4686 -0.8802 0.0753
usemtl leaf_5
f 7224//6984 7272//6984 7273//6984 7225//6984
vn -0.0071 -0.9971 0.0754
f 7225//6985 7273//6985 7274//6985 7226//6985
vn -0.4316 -0.9018 -0.0195
f 7226//6986 7274//6986 7275//6986 7227//6986
vn 0.0728 -0.9970 -0.0259
f 7227//6987 7275//6987 7276//6987 7228//6987
vn -0.0218 -0.9885 -0.1495
f 7228//6988 7276//6988 7277//6988 7229//6988
vn 0.3388 -0.9347 0.1072
f 7229//6989 7277//6989 7278//6989 7230//6989
vn 0.1704 -0.9785 -0.1159
f 7230//6990 7278//6990 7279//6990 7231//6990
vn -0.0199 -0.9696 -0.2440
f 7231//6991 7279//6991 7280//6991 7232//6991
vn -0.0567 -0.9848 -0.1642
f 7232//6992 7280//6992 7281//6992 7233//6992
vn -0.1245 -0.9921 0.0153
f 7233//6993 7281//6993 7282//6993 7234//6993
vn -0.1565 -0.9422 0.2961
f 7234//6994 7282//6994 7283//6994 7235//6994
vn -0.1396 -0.9771 -0.1603
f 7235//6995 7283//6995 7284//6995 7236//6995
vn 0.0040 -0.9985 0.0547
f 7236//6996 7284//6996 7285//6996 7237//6996
vn 0.0426 -0.9944 -0.0967
f 7237//6997 7285//6997 7286//6997 7238//6997
vn -0.0214 -0.9878 0.1541
f 7238//6998 7286//6998 7287//6998 7239//6998
vn -0.2181 -0.8979 0.3823
f 7239//6999 7287//6999 7288//6999 7240//6999
vn 0.0445 -0.9833 -0.1765
f 7240//7000 7288//7000 7289//7000 7241//7000
vn -0.0976 -0.9829 0.1561
f 7241//7001 7289//7001 7290//7001 7242//7001
vn 0.2808 -0.8946 -0.3475
f 7242//7002 7290//7002 7291//7002 7243//7002
vn 0.3415 -0.8856 -0.3146
f 7243//7003 7291//7003 7292//7003 7244//7003
vn -0.3710 -0.8964 0.2426
usemtl leaf_4
f 7244//7004 7292//7004 7293//7004 7245//7004
vn -0.0175 -0.9970 0.0748
usemtl leaf_5
f 7245//7005 7293//7005 7294//7005 7246//7005
vn -0.2576 -0.9561 0.1395
f 7246//7006 7294//7006 7295//7006 7247//7006
vn 0.1456 -0.9893 -0.0076
f 7247//7007 7295//7007 7296//7007 7248//7007
vn 0.1046 -0.9943 -0.0186
f 7248//7008 7296//7008 7297//7008 7249//7008
vn -0.0371 -0.9989 0.0268
f 7249//7009 7297//7009 7298//7009 7250//7009
vn 0.2388 -0.9708 0.0251
f 7250//7010 7298//7010 7299//7010 7251//7010
vn -0.2086 -0.9583 -0.1951
f 7251//7011 7299//7011 7300//7011 7252//7011
vn 0.3098 -0.9288 0.2034
f 7252//7012 7300//7012 7301//7012 7253//7012
vn -0.2159 -0.9751 -0.0518
f 7253//7013 7301//7013 7302//7013 7254//7013
vn -0.0862 -0.9962 -0.0125
f 7254//7014 7302//7014 7303//7014 7255//7014
vn -0.1903 -0.9808 -0.0416
f 7255//7015 7303//7015 7304//7015 7256//7015
vn -0.3224 -0.8924 -0.3156
f 7256//7016 7304//7016 7257//7016 7209//7016
vn 0.0589 -0.9886 0.1384
f 7257//7017 7305//7017 7306//7017 7258//7017
vn -0.0615 -0.9791 0.1940
f 7258//7018 7306//7018 7307//7018 7259//7018
vn 0.0288 -0.9596 0.2800
f 7259//7019 7307//7019 7308//7019 7260//7019
vn -0.0201 -0.9997 0.0152
usemtl leaf_4
f 7260//7020 7308//7020 7309//7020 7261//7020
vn -0.0837 -0.9868 -0.1384
usemtl leaf_5
f 7261//7021 7309//7021 7310//7021 7262//7021
vn -0.0670 -0.9839 -0.1658
f 7262//7022 7310//7022 7311//7022 7263//7022
vn -0.0017 -0.9995 -0.0305
f 7263//7023 7311//7023 7312//7023 7264//7023
vn 0.1474 -0.9875 0.0563
f 7264//7024 7312//7024 7313//7024 7265//7024
vn 0.1342 -0.9909 0.0124
f 7265//7025 7313//7025 7314//7025 7266//7025
vn -0.0485 -0.9782 0.2021
usemtl leaf_4
f 7266//7026 7314//7026 7315//7026 7267//7026
vn 0.1629 -0.9792 0.1211
usemtl leaf_5
f 7267//7027 7315//7027 7316//7027 7268//7027
vn 0.1460 -0.9890 0.0240
f 7268//7028 7316//7028 7317//7028 7269//7028
vn -0.1052 -0.9943 0.0165
f 7269//7029 7317//7029 7318//7029 7270//7029
vn -0.1762 -0.9834 -0.0436
usemtl leaf_4
f 7270//7030 7318//7030 7319//7030 7271//7030
vn 0.0109 -0.9899 -0.1410
usemtl leaf_5
f 7271//7031 7319//7031 7320//7031 7272//7031
vn 0.0093 -0.9996 0.0276
f 7272//7032 7320//7032 7321//7032 7273//7032
vn 0.1638 -0.9757 0.1455
f 7273//7033 7321//7033 7322//7033 7274//7033
vn -0.1861 -0.9814 -0.0475
usemtl leaf_4
f 7274//7034 7322//7034 7323//7034 7275//7034
vn 0.1468 -0.9865 0.0726
f 7275//7035 7323//7035 7324//7035 7276//7035
vn -0.0687 -0.9976 0.0035
usemtl leaf_5
f 7276//7036 7324//7036 7325//7036 7277//7036
vn 0.2326 -0.9568 0.1745
f 7277//7037 7325//7037 7326//7037 7278//7037
vn -0.1016 -0.9932 0.0577
f 7278//7038 7326//7038 7327//7038 7279//7038
vn -0.2001 -0.9754 -0.0929
f 7279//7039 7327//7039 7328//7039 7280//7039
vn -0.0261 -0.9977 -0.0619
f 7280//7040 7328//7040 7329//7040 7281//7040
vn -0.1814 -0.9051 -0.3845
f 7281//7041 7329//7041 7330//7041 7282//7041
vn -0.0671 -0.9883 0.1370
usemtl leaf_4
f 7282//7042 7330//7042 7331//7042 7283//7042
vn -0.0141 -0.9542 0.2988
usemtl leaf_5
f 7283//7043 7331//7043 7332//7043 7284//7043
vn 0.0406 -0.9932 0.1088
f 7284//7044 7332//7044 7333//7044 7285//7044
vn 0.1009 -0.9869 0.1261
f 7285//7045 7333//7045 7334//7045 7286//7045
vn 0.1659 -0.9797 0.1124
f 7286//7046 7334//7046 7335//7046 7287//7046
vn 0.1251 -0.9864 0.1062
f 7287//7047 7335//7047 7336//7047 7288//7047
vn 0.0746 -0.9948 -0.0700
f 7288//7048 7336//7048 7337//7048 7289//7048
vn -0.0432 -0.9969 -0.0664
f 7289//7049 7337//7049 7338//7049 7290//7049
vn 0.1323 -0.9628 -0.2355
usemtl leaf_4
f 7290//7050 7338//7050 7339//7050 7291//7050
vn 0.2367 -0.9422 -0.2373
usemtl leaf_5
f 7291//7051 7339//7051 7340//7051 7292//7051
vn -0.2791 -0.9579 0.0675
f 7292//7052 7340//7052 7341//7052 7293//7052
vn -0.2876 -0.9554 0.0662
f 7293//7053 7341//7053 7342//7053 7294//7053
vn -0.1437 -0.9870 0.0725
f 7294//7054 7342//7054 7343//7054 7295//7054
vn 0.1110 -0.9935 0.0264
f 7295//7055 7343//7055 7344//7055 7296//7055
vn 0.0685 -0.9952 0.0702
f 7296//7056 7344//7056 7345//7056 7297//7056
vn -0.0683 -0.9966 0.0450
f 7297//7057 7345//7057 7346//7057 7298//7057
vn 0.3244 -0.9391 0.1138
f 7298//7058 7346//7058 7347//7058 7299//7058
vn -0.0127 -0.9992 -0.0387
usemtl leaf_4
f 7299//7059 7347//7059 7348//7059 7300//7059
vn -0.0706 -0.9902 -0.1206
usemtl leaf_5
f 7300//7060 7348//7060 7349//7060 7301//7060
vn -0.0166 -0.9997 -0.0188
usemtl leaf_4
f 7301//7061 7349//7061 7350//7061 7302//7061
vn -0.1087 -0.9905 -0.0843
f 7302//7062 7350//7062 7351//7062 7303//7062
vn 0.0971 -0.9950 -0.0217
f 7303//7063 7351//7063 7352//7063 7304//7063
vn -0.0278 -0.9358 -0.3515
usemtl leaf_5
f 7304//7064 7352//7064 7305//7064 7257//7064
vn 0.2352 -0.9573 -0.1679
f 7305//7065 7353//7065 7354//7065 7306//7065
vn 0.2613 -0.9646 -0.0347
f 7306//7066 7354//7066 7355//7066 7307//7066
vn 0.0794 -0.9885 0.1289
f 7307//7067 7355//7067 7356//7067 7308//7067
vn -0.0124 -0.9990 -0.0426
usemtl leaf_4
f 7308//7068 7356//7068 7357//7068 7309//7068
vn 0.0827 -0.9966 -0.0058
usemtl leaf_5
f 7309//7069 7357//7069 7358//7069 7310//7069
vn 0.1612 -0.9833 -0.0849
f 7310//7070 7358//7070 7359//7070 7311//7070
vn 0.0476 -0.9979 -0.0450
f 7311//7071 7359//7071 7360//7071 7312//7071
vn -0.1088 -0.9941 0.0033
f 7312//7072 7360//7072 7361//7072 7313//7072
vn 0.0059 -0.9968 -0.0791
f 7313//7073 7361//7073 7362//7073 7314//7073
vn -0.1641 -0.9608 0.2233
usemtl leaf_4
f 7314//7074 7362//7074 7363//7074 7315//7074
vn 0.0334 -0.9991 0.0261
usemtl leaf_5
f 7315//7075 7363//7075 7364//7075 7316//7075
vn 0.1616 -0.9854 0.0529
f 7316//7076 7364//7076 7365//7076 7317//7076
vn 0.1971 -0.9799 0.0316
f 7317//7077 7365//7077 7366//7077 7318//7077
vn -0.0195 -0.9998 0.0061
f 7318//7078 7366//7078 7367//7078 7319//7078
vn -0.0730 -0.9956 0.0593
f 7319//7079 7367//7079 7368//7079 7320//7079
vn -0.1778 -0.9832 0.0412
usemtl leaf_4
f 7320//7080 7368//7080 7369//7080 7321//7080
vn -0.0536 -0.9909 0.1236
f 7321//7081 7369//7081 7370//7081 7322//7081
vn 0.1846 -0.9633 0.1949
usemtl leaf_5
f 7322//7082 7370//7082 7371//7082 7323//7082
vn 0.0428 -0.9991 0.0002
f 7323//7083 7371//7083 7372//7083 7324//7083
vn 0.0966 -0.9953 -0.0077
f 7324//7084 7372//7084 7373//7084 7325//7084
vn 0.1439 -0.9888 0.0400
f 7325//7085 7373//7085 7374//7085 7326//7085
vn -0.0270 -0.9934 -0.1112
f 7326//7086 7374//7086 7375//7086 7327//7086
vn -0.0468 -0.9932 -0.1067
f 7327//7087 7375//7087 7376//7087 7328//7087
vn -0.2185 -0.9694 -0.1122
f 7328//7088 7376//7088 7377//7088 7329//7088
vn -0.2643 -0.9429 -0.2028
usemtl leaf_4
f 7329//7089 7377//7089 7378//7089 7330//7089
vn 0.0187 -0.9929 0.1171
f 7330//7090 7378//7090 7379//7090 7331//7090
vn 0.0058 -0.9748 0.2229
f 7331//7091 7379//7091 7380//7091 7332//7091
vn -0.0552 -0.9756 0.2125
f 7332//7092 7380//7092 7381//7092 7333//7092
vn -0.0266 -0.9744 0.2234
usemtl leaf_5
f 7333//7093 7381//7093 7382//7093 7334//7093
vn -0.0328 -0.9988 0.0356
f 7334//7094 7382//7094 7383//7094 7335//7094
vn -0.0380 -0.9820 -0.1848
f 7335//7095 7383//7095 7384//7095 7336//7095
vn -0.0277 -0.9314 -0.3630
f 7336//7096 7384//7096 7385//7096 7337//7096
vn -0.1542 -0.9575 -0.2436
f 7337//7097 7385//7097 7386//7097 7338//7097
vn -0.1592 -0.9806 -0.1140
f 7338//7098 7386//7098 7387//7098 7339//7098
vn 0.0294 -0.9996 0.0039
f 7339//7099 7387//7099 7388//7099 7340//7099
vn 0.0461 -0.9961 0.0753
f 7340//7100 7388//7100 7389//7100 7341//7100
vn -0.1868 -0.9822 0.0199
f 7341//7101 7389//7101 7390//7101 7342//7101
vn -0.1423 -0.9771 -0.1583
f 7342//7102 7390//7102 7391//7102 7343//7102
vn -0.0938 -0.9860 -0.1379
f 7343//7103 7391//7103 7392//7103 7344//7103
vn 0.0113 -0.9966 -0.0818
f 7344//7104 7392//7104 7393//7104 7345//7104
vn 0.1130 -0.9878 -0.1074
f 7345//7105 7393//7105 7394//7105 7346//7105
vn 0.1010 -0.9930 -0.0606
f 7346//7106 7394//7106 7395//7106 7347//7106
vn 0.0581 -0.9966 0.0593
f 7347//7107 7395//7107 7396//7107 7348//7107
vn -0.1290 -0.9915 -0.0191
f 7348//7108 7396//7108 7397//7108 7349//7108
vn 0.0639 -0.9979 0.0062
f 7349//7109 7397//7109 7398//7109 7350//7109
vn -0.1120 -0.9807 -0.1603
f 7350//7110 7398//7110 7399//7110 7351//7110
vn 0.1108 -0.9822 0.1515
f 7351//7111 7399//7111 7400//7111 7352//7111
vn 0.0591 -0.9943 -0.0888
f 7352//7112 7400//7112 7353//7112 7305//7112
vn 0.1340 -0.9854 -0.1050
f 7353//7113 7401//7113 7402//7113 7354//7113
vn 0.1716 -0.9844 -0.0396
f 7354//7114 7402//7114 7403//7114 7355//7114
vn 0.2056 -0.9700 -0.1296
f 7355//7115 7403//7115 7404//7115 7356//7115
vn 0.1133 -0.9860 -0.1224
f 7356//7116 7404//7116 7405//7116 7357//7116
vn 0.0076 -0.9996 0.0269
f 7357//7117 7405//7117 7406//7117 7358//7117
vn 0.0588 -0.9937 0.0956
f 7358//7118 7406//7118 7407//7118 7359//7118
vn 0.2405 -0.9572 -0.1607
usemtl leaf_4
f 7359//7119 7407//7119 7408//7119 7360//7119
vn 0.1462 -0.9825 0.1152
usemtl leaf_5
f 7360//7120 7408//7120 7409//7120 7361//7120
vn 0.1024 -0.9508 0.2923
f 7361//7121 7409//7121 7410//7121 7362//7121
vn 0.0804 -0.9418 0.3265
f 7362//7122 7410//7122 7411//7122 7363//7122
vn 0.1704 -0.9747 0.1445
f 7363//7123 7411//7123 7412//7123 7364//7123
vn 0.1008 -0.9878 0.1191
usemtl leaf_4
f 7364//7124 7412//7124 7413//7124 7365//7124
vn 0.2724 -0.9616 0.0346
usemtl leaf_5
f 7365//7125 7413//7125 7414//7125 7366//7125
vn 0.0302 -0.9786 0.2037
f 7366//7126 7414//7126 7415//7126 7367//7126
vn -0.0585 -0.9803 0.1888
usemtl leaf_4
f 7367//7127 7415//7127 7416//7127 7368//7127
vn -0.0941 -0.9805 0.1724
usemtl leaf_5
f 7368//7128 7416//7128 7417//7128 7369//7128
vn -0.1684 -0.9795 0.1102
f 7369//7129 7417//7129 7418//7129 7370//7129
vn 0.2919 -0.9447 0.1494
usemtl leaf_4
f 7370//7130 7418//7130 7419//7130 7371//7130
vn -0.0123 -0.9891 0.1468
usemtl leaf_5
f 7371//7131 7419//7131 7420//7131 7372//7131
vn -0.0034 -0.9818 0.1897
f 7372//7132 7420//7132 7421//7132 7373//7132
vn -0.0144 -0.9797 0.2002
f 7373//7133 7421//7133 7422//7133 7374//7133
vn -0.2225 -0.9716 0.0802
f 7374//7134 7422//7134 7423//7134 7375//7134
vn -0.3994 -0.9163 -0.0294
f 7375//7135 7423//7135 7424//7135 7376//7135
vn -0.3001 -0.9536 -0.0224
f 7376//7136 7424//7136 7425//7136 7377//7136
vn -0.1852 -0.9810 -0.0572
usemtl leaf_4
f 7377//7137 7425//7137 7426//7137 7378//7137
vn -0.1393 -0.9714 0.1922
usemtl leaf_5
f 7378//7138 7426//7138 7427//7138 7379//7138
vn -0.1445 -0.9737 0.1760
f 7379//7139 7427//7139 7428//7139 7380//7139
vn -0.1280 -0.9671 0.2199
usemtl leaf_4
f 7380//7140 7428//7140 7429//7140 7381//7140
vn -0.1428 -0.9577 0.2498
usemtl leaf_5
f 7381//7141 7429//7141 7430//7141 7382//7141
vn -0.0623 -0.9976 0.0311
f 7382//7142 7430//7142 7431//7142 7383//7142
vn 0.0435 -0.9784 -0.2019
f 7383//7143 7431//7143 7432//7143 7384//7143
vn 0.1083 -0.9621 -0.2501
f 7384//7144 7432//7144 7433//7144 7385//7144
vn 0.0596 -0.9827 -0.1751
f 7385//7145 7433//7145 7434//7145 7386//7145
vn -0.1478 -0.9856 -0.0822
usemtl leaf_4
f 7386//7146 7434//7146 7435//7146 7387//7146
vn -0.2766 -0.9529 -0.1246
usemtl leaf_5
f 7387//7147 7435//7147 7436//7147 7388//7147
vn -0.1644 -0.9722 -0.1666
f 7388//7148 7436//7148 7437//7148 7389//7148
vn -0.0068 -0.9817 -0.1901
f 7389//7149 7437//7149 7438//7149 7390//7149
vn -0.0788 -0.9756 -0.2051
f 7390//7150 7438//7150 7439//7150 7391//7150
vn -0.1152 -0.9554 -0.2720
f 7391//7151 7439//7151 7440//7151 7392//7151
vn -0.0805 -0.9508 -0.2992
f 7392//7152 7440//7152 7441//7152 7393//7152
vn 0.0236 -0.9851 -0.1702
f 7393//7153 7441//7153 7442//7153 7394//7153
vn 0.0107 -0.9937 -0.1118
usemtl leaf_4
f 7394//7154 7442//7154 7443//7154 7395//7154
vn 0.0498 -0.9902 -0.1303
f 7395//7155 7443//7155 7444//7155 7396//7155
vn -0.0305 -0.9886 -0.1475
f 7396//7156 7444//7156 7445//7156 7397//7156
vn 0.0880 -0.9960 -0.0119
usemtl leaf_5
f 7397//7157 7445//7157 7446//7157 7398//7157
vn 0.1429 -0.9840 -0.1063
f 7398//7158 7446//7158 7447//7158 7399//7158
vn 0.2770 -0.9522 -0.1286
f 7399//7159 7447//7159 7448//7159 7400//7159
vn 0.2681 -0.9634 -0.0078
f 7400//7160 7448//7160 7401//7160 7353//7160
vn 0.5654 -0.7646 -0.3095
usemtl leaf_4
f 7401//7161 7449//7161 7450//7161 7402//7161
vn 0.4904 -0.8280 -0.2719
f 7402//7162 7450//7162 7451//7162 7403//7162
vn 0.3118 -0.9198 -0.2381
usemtl leaf_5
f 7403//7163 7451//7163 7452//7163 7404//7163
vn 0.2728 -0.9279 -0.2542
f 7404//7164 7452//7164 7453//7164 7405//7164
vn 0.3211 -0.9432 0.0854
f 7405//7165 7453//7165 7454//7165 7406//7165
vn 0.2004 -0.9797 -0.0029
usemtl leaf_4
f 7406//7166 7454//7166 7455//7166 7407//7166
vn 0.1443 -0.9890 0.0308
usemtl leaf_5
f 7407//7167 7455//7167 7456//7167 7408//7167
vn 0.2213 -0.9277 0.3005
usemtl leaf_4
f 7408//7168 7456//7168 7457//7168 7409//7168
vn 0.1896 -0.8736 0.4483
usemtl leaf_5
f 7409//7169 7457//7169 7458//7169 7410//7169
vn 0.2335 -0.8806 0.4123
f 7410//7170 7458//7170 7459//7170 7411//7170
vn 0.3564 -0.8682 0.3454
usemtl leaf_4
f 7411//7171 7459//7171 7460//7171 7412//7171
vn 0.3402 -0.8606 0.3789
usemtl leaf_5
f 7412//7172 7460//7172 7461//7172 7413//7172
vn 0.3293 -0.8401 0.4311
f 7413//7173 7461//7173 7462//7173 7414//7173
vn 0.1821 -0.8629 0.4714
f 7414//7174 7462//7174 7463//7174 7415//7174
vn 0.0317 -0.8833 0.4678
usemtl leaf_4
f 7415//7175 7463//7175 7464//7175 7416//7175
vn 0.0587 -0.9314 0.3591
usemtl leaf_5
f 7416//7176 7464//7176 7465//7176 7417//7176
vn -0.0522 -0.9697 0.2385
f 7417//7177 7465//7177 7466//7177 7418//7177
vn 0.1923 -0.9405 0.2802
usemtl leaf_4
f 7418//7178 7466//7178 7467//7178 7419//7178
vn -0.0953 -0.9714 0.2175
f 7419//7179 7467//7179 7468//7179 7420//7179
vn -0.0248 -0.9693 0.2445
usemtl leaf_5
f 7420//7180 7468//7180 7469//7180 7421//7180
vn -0.2871 -0.9336 0.2145
f 7421//7181 7469//7181 7470//7181 7422//7181
vn -0.4821 -0.8455 0.2298
f 7422//7182 7470//7182 7471//7182 7423//7182
vn -0.5276 -0.8425 0.1086
f 7423//7183 7471//7183 7472//7183 7424//7183
vn -0.5491 -0.8228 0.1468
f 7424//7184 7472//7184 7473//7184 7425//7184
vn -0.5062 -0.8254 0.2498
f 7425//7185 7473//7185 7474//7185 7426//7185
vn -0.4530 -0.8720 0.1853
usemtl leaf_4
f 7426//7186 7474//7186 7475//7186 7427//7186
vn -0.4153 -0.8476 0.3303
usemtl leaf_5
f 7427//7187 7475//7187 7476//7187 7428//7187
vn -0.3749 -0.8890 0.2628
f 7428//7188 7476//7188 7477//7188 7429//7188
vn -0.3833 -0.8994 0.2101
f 7429//7189 7477//7189 7478//7189 7430//7189
vn -0.4135 -0.9104 0.0115
f 7430//7190 7478//7190 7479//7190 7431//7190
vn -0.2690 -0.9388 -0.2151
f 7431//7191 7479//7191 7480//7191 7432//7191
vn -0.1236 -0.8895 -0.4400
f 7432//7192 7480//7192 7481//7192 7433//7192
vn -0.1811 -0.8961 -0.4051
usemtl leaf_4
f 7433//7193 7481//7193 7482//7193 7434//7193
vn -0.2365 -0.9232 -0.3031
usemtl leaf_5
f 7434//7194 7482//7194 7483//7194 7435//7194
vn -0.2517 -0.8983 -0.3601
f 7435//7195 7483//7195 7484//7195 7436//7195
vn -0.4016 -0.8504 -0.3398
f 7436//7196 7484//7196 7485//7196 7437//7196
vn -0.1165 -0.8566 -0.5026
f 7437//7197 7485//7197 7486//7197 7438//7197
vn -0.1666 -0.8762 -0.4522
usemtl leaf_4
f 7438//7198 7486//7198 7487//7198 7439//7198
vn -0.1491 -0.9177 -0.3683
usemtl leaf_5
f 7439//7199 7487//7199 7488//7199 7440//7199
vn -0.1399 -0.9430 -0.3020
usemtl leaf_4
f 7440//7200 7488//7200 7489//7200 7441//7200
vn -0.1121 -0.9488 -0.2952
usemtl leaf_5
f 7441//7201 7489//7201 7490//7201 7442//7201
vn 0.0068 -0.9730 -0.2308
usemtl leaf_4
f 7442//7202 7490//7202 7491//7202 7443//7202
vn 0.0120 -0.9876 -0.1564
usemtl leaf_5
f 7443//7203 7491//7203 7492//7203 7444//7203
vn 0.1592 -0.9711 -0.1777
f 7444//7204 7492//7204 7493//7204 7445//7204
vn 0.3124 -0.9089 -0.2762
f 7445//7205 7493//7205 7494//7205 7446//7205
vn 0.4900 -0.8579 -0.1545
f 7446//7206 7494//7206 7495//7206 7447//7206
vn 0.5384 -0.8136 -0.2196
f 7447//7207 7495//7207 7496//7207 7448//7207
vn 0.5610 -0.7715 -0.3002
f 7448//7208 7496//7208 7449//7208 7401//7208
vn 0.7011 -0.5845 -0.4085
usemtl leaf_4
f 7449//7209 7497//7209 7498//7209 7450//7209
vn 0.7035 -0.5750 -0.4177
f 7450//7210 7498//7210 7499//7210 7451//7210
vn 0.7188 -0.5408 -0.4368
usemtl leaf_5
f 7451//7211 7499//7211 7500//7211 7452//7211
vn 0.7152 -0.6247 -0.3134
f 7452//7212 7500//7212 7501//7212 7453//7212
vn 0.6143 -0.7887 -0.0224
usemtl leaf_4
f 7453//7213 7501//7213 7502//7213 7454//7213
vn 0.5313 -0.8351 -0.1426
usemtl leaf_5
f 7454//7214 7502//7214 7503//7214 7455//7214
vn 0.4292 -0.8470 0.3137
f 7455//7215 7503//7215 7504//7215 7456//7215
vn 0.3234 -0.7832 0.5311
usemtl leaf_4
f 7456//7216 7504//7216 7505//7216 7457//7216
vn 0.3180 -0.6566 0.6840
usemtl leaf_5
f 7457//7217 7505//7217 7506//7217 7458//7217
vn 0.4824 -0.6438 0.5940
f 7458//7218 7506//7218 7507//7218 7459//7218
vn 0.4451 -0.6180 0.6481
usemtl leaf_4
f 7459//7219 7507//7219 7508//7219 7460//7219
vn 0.4424 -0.4781 0.7588
usemtl leaf_5
f 7460//7220 7508//7220 7509//7220 7461//7220
vn 0.4396 -0.4088 0.7997
f 7461//7221 7509//7221 7510//7221 7462//7221
vn 0.3957 -0.4326 0.8101
f 7462//7222 7510//7222 7511//7222 7463//7222
vn 0.2490 -0.5834 0.7731
f 7463//7223 7511//7223 7512//7223 7464//7223
vn 0.3124 -0.7212 0.6182
usemtl leaf_4
f 7464//7224 7512//7224 7513//7224 7465//7224
vn -0.0088 -0.8328 0.5536
usemtl leaf_5
f 7465//7225 7513//7225 7514//7225 7466//7225
vn 0.1869 -0.8475 0.4967
usemtl leaf_4
f 7466//7226 7514//7226 7515//7226 7467//7226
vn -0.2795 -0.8658 0.4151
f 7467//7227 7515//7227 7516//7227 7468//7227
vn -0.4469 -0.6968 0.5611
usemtl leaf_5
f 7468//7228 7516//7228 7517//7228 7469//7228
vn -0.7003 -0.5158 0.4935
f 7469//7229 7517//7229 7518//7229 7470//7229
vn -0.7411 -0.4957 0.4528
f 7470//7230 7518//7230 7519//7230 7471//7230
vn -0.8440 -0.3990 0.3585
f 7471//7231 7519//7231 7520//7231 7472//7231
vn -0.8157 -0.4452 0.3694
f 7472//7232 7520//7232 7521//7232 7473//7232
vn -0.7378 -0.5220 0.4280
usemtl leaf_4
f 7473//7233 7521//7233 7522//7233 7474//7233
vn -0.7627 -0.5438 0.3500
f 7474//7234 7522//7234 7523//7234 7475//7234
vn -0.6242 -0.6314 0.4601
f 7475//7235 7523//7235 7524//7235 7476//7235
vn -0.6837 -0.6760 0.2751
usemtl leaf_5
f 7476//7236 7524//7236 7525//7236 7477//7236
vn -0.6996 -0.6875 0.1946
f 7477//7237 7525//7237 7526//7237 7478//7237
vn -0.6468 -0.7622 -0.0261
usemtl leaf_4
f 7478//7238 7526//7238 7527//7238 7479//7238
vn -0.6050 -0.7291 -0.3200
usemtl leaf_5
f 7479//7239 7527//7239 7528//7239 7480//7239
vn -0.4132 -0.6740 -0.6124
f 7480//7240 7528//7240 7529//7240 7481//7240
vn -0.4207 -0.7528 -0.5063
f 7481//7241 7529//7241 7530//7241 7482//7241
vn -0.3667 -0.6500 -0.6656
usemtl leaf_4
f 7482//7242 7530//7242 7531//7242 7483//7242
vn -0.4014 -0.4835 -0.7779
usemtl leaf_5
f 7483//7243 7531//7243 7532//7243 7484//7243
vn -0.5753 -0.4313 -0.6950
f 7484//7244 7532//7244 7533//7244 7485//7244
vn -0.3051 -0.4284 -0.8505
usemtl leaf_4
f 7485//7245 7533//7245 7534//7245 7486//7245
vn -0.3444 -0.4563 -0.8205
f 7486//7246 7534//7246 7535//7246 7487//7246
vn -0.4108 -0.5423 -0.7329
usemtl leaf_5
f 7487//7247 7535//7247 7536//7247 7488//7247
vn -0.2624 -0.6888 -0.6758
usemtl leaf_4
f 7488//7248 7536//7248 7537//7248 7489//7248
vn -0.2465 -0.8078 -0.5354
usemtl leaf_5
f 7489//7249 7537//7249 7538//7249 7490//7249
vn 0.0412 -0.8884 -0.4573
f 7490//7250 7538//7250 7539//7250 7491//7250
vn 0.1901 -0.8361 -0.5147
usemtl leaf_4
f 7491//7251 7539//7251 7540//7251 7492//7251
vn 0.5165 -0.7465 -0.4196
usemtl leaf_5
f 7492//7252 7540//7252 7541//7252 7493//7252
vn 0.6330 -0.6543 -0.4136
f 7493//7253 7541//7253 7542//7253 7494//7253
vn 0.7510 -0.5344 -0.3878
f 7494//7254 7542//7254 7543//7254 7495//7254
vn 0.8178 -0.4874 -0.3060
usemtl leaf_4
f 7495//7255 7543//7255 7544//7255 7496//7255
vn 0.7178 -0.5157 -0.4678
f 7496//7256 7544//7256 7497//7256 7449//7256
vn 0.8914 -0.1596 -0.4241
f 7497//7257 7545//7257 7546//7257 7498//7257
vn 0.8403 -0.1835 -0.5101
f 7498//7258 7546//7258 7547//7258 7499//7258
vn 0.8579 -0.2773 -0.4326
f 7499//7259 7547//7259 7548//7259 7500//7259
vn 0.8842 -0.2820 -0.3724
usemtl leaf_5
f 7500//7260 7548//7260 7549//7260 7501//7260
vn 0.8448 -0.4423 -0.3011
f 7501//7261 7549//7261 7550//7261 7502//7261
vn 0.8431 -0.5352 0.0513
f 7502//7262 7550//7262 7551//7262 7503//7262
vn 0.7708 -0.4442 0.4567
f 7503//7263 7551//7263 7552//7263 7504//7263
vn 0.5690 -0.3393 0.7491
f 7504//7264 7552//7264 7553//7264 7505//7264
vn 0.4536 -0.2884 0.8433
f 7505//7265 7553//7265 7554//7265 7506//7265
vn 0.6305 -0.2750 0.7258
f 7506//7266 7554//7266 7555//7266 7507//7266
vn 0.4562 -0.1673 0.8740
usemtl leaf_4
f 7507//7267 7555//7267 7556//7267 7508//7267
vn 0.4976 -0.1794 0.8486
usemtl leaf_5
f 7508//7268 7556//7268 7557//7268 7509//7268
vn 0.3646 -0.1546 0.9183
usemtl leaf_4
f 7509//7269 7557//7269 7558//7269 7510//7269
vn 0.4641 -0.1051 0.8795
f 7510//7270 7558//7270 7559//7270 7511//7270
vn 0.4717 -0.1987 0.8591
usemtl leaf_5
f 7511//7271 7559//7271 7560//7271 7512//7271
vn 0.4288 -0.3283 0.8416
f 7512//7272 7560//7272 7561//7272 7513//7272
vn 0.1877 -0.5400 0.8205
usemtl leaf_4
f 7513//7273 7561//7273 7562//7273 7514//7273
vn 0.0077 -0.5612 0.8277
usemtl leaf_5
f 7514//7274 7562//7274 7563//7274 7515//7274
vn -0.4901 -0.4473 0.7481
usemtl leaf_4
f 7515//7275 7563//7275 7564//7275 7516//7275
vn -0.7176 -0.3825 0.5820
f 7516//7276 7564//7276 7565//7276 7517//7276
vn -0.7770 -0.3030 0.5517
f 7517//7277 7565//7277 7566//7277 7518//7277
vn -0.8496 -0.2008 0.4878
f 7518//7278 7566//7278 7567//7278 7519//7278
vn -0.8820 -0.2099 0.4219
f 7519//7279 7567//7279 7568//7279 7520//7279
vn -0.7979 -0.2803 0.5337
f 7520//7280 7568//7280 7569//7280 7521//7280
vn -0.8286 -0.3153 0.4627
usemtl leaf_5
f 7521//7281 7569//7281 7570//7281 7522//7281
vn -0.7777 -0.3972 0.4874
f 7522//7282 7570//7282 7571//7282 7523//7282
vn -0.8032 -0.3754 0.4626
f 7523//7283 7571//7283 7572//7283 7524//7283
vn -0.9055 -0.3556 0.2318
f 7524//7284 7572//7284 7573//7284 7525//7284
vn -0.8884 -0.3906 0.2412
f 7525//7285 7573//7285 7574//7285 7526//7285
vn -0.8818 -0.4710 -0.0264
usemtl leaf_3
f 7526//7286 7574//7286 7575//7286 7527//7286
vn -0.7378 -0.5700 -0.3616
usemtl leaf_4
f 7527//7287 7575//7287 7576//7287 7528//7287
vn -0.5253 -0.5298 -0.6659
f 7528//7288 7576//7288 7577//7288 7529//7288
vn -0.5746 -0.3816 -0.7240
usemtl leaf_5
f 7529//7289 7577//7289 7578//7289 7530//7289
vn -0.4128 -0.2512 -0.8755
f 7530//7290 7578//7290 7579//7290 7531//7290
vn -0.4145 -0.2290 -0.8807
f 7531//7291 7579//7291 7580//7291 7532//7291
vn -0.5727 -0.1918 -0.7970
f 7532//7292 7580//7292 7581//7292 7533//7292
vn -0.3818 -0.1942 -0.9036
f 7533//7293 7581//7293 7582//7293 7534//7293
vn -0.4664 -0.2874 -0.8366
f 7534//7294 7582//7294 7583//7294 7535//7294
vn -0.4395 -0.3107 -0.8428
usemtl leaf_4
f 7535//7295 7583//7295 7584//7295 7536//7295
vn -0.3046 -0.2617 -0.9158
f 7536//7296 7584//7296 7585//7296 7537//7296
vn -0.3068 -0.2558 -0.9167
f 7537//7297 7585//7297 7586//7297 7538//7297
vn -0.0113 -0.4399 -0.8980
usemtl leaf_5
f 7538//7298 7586//7298 7587//7298 7539//7298
vn 0.3365 -0.6128 -0.7150
f 7539//7299 7587//7299 7588//7299 7540//7299
vn 0.6767 -0.5187 -0.5225
f 7540//7300 7588//7300 7589//7300 7541//7300
vn 0.8320 -0.3510 -0.4297
f 7541//7301 7589//7301 7590//7301 7542//7301
vn 0.8570 -0.2586 -0.4458
usemtl leaf_4
f 7542//7302 7590//7302 7591//7302 7543//7302
vn 0.9097 -0.1937 -0.3673
f 7543//7303 7591//7303 7592//7303 7544//7303
vn 0.7789 -0.2060 -0.5923
f 7544//7304 7592//7304 7545//7304 7497//7304
vn 0.8654 -0.0905 -0.4929
f 7545//7305 7593//7305 7594//7305 7546//7305
vn 0.8142 -0.1714 -0.5547
usemtl leaf_5
f 7546//7306 7594//7306 7595//7306 7547//7306
vn 0.8938 -0.1378 -0.4267
usemtl leaf_4
f 7547//7307 7595//7307 7596//7307 7548//7307
vn 0.8789 -0.2070 -0.4297
usemtl leaf_5
f 7548//7308 7596//7308 7597//7308 7549//7308
vn 0.9344 -0.1771 -0.3091
f 7549//7309 7597//7309 7598//7309 7550//7309
vn 0.9715 -0.2320 0.0486
usemtl leaf_4
f 7550//7310 7598//7310 7599//7310 7551//7310
vn 0.7694 -0.2143 0.6017
f 7551//7311 7599//7311 7600//7311 7552//7311
vn 0.6126 -0.0881 0.7854
f 7552//7312 7600//7312 7601//7312 7553//7312
vn 0.5719 -0.1363 0.8089
usemtl leaf_3
f 7553//7313 7601//7313 7602//7313 7554//7313
vn 0.5314 -0.0973 0.8415
usemtl leaf_5
f 7554//7314 7602//7314 7603//7314 7555//7314
vn 0.4873 -0.0706 0.8704
usemtl leaf_3
f 7555//7315 7603//7315 7604//7315 7556//7315
vn 0.5157 -0.0835 0.8527
usemtl leaf_5
f 7556//7316 7604//7316 7605//7316 7557//7316
vn 0.3275 -0.0782 0.9416
usemtl leaf_4
f 7557//7317 7605//7317 7606//7317 7558//7317
vn 0.4224 -0.0543 0.9048
usemtl leaf_2
f 7558//7318 7606//7318 7607//7318 7559//7318
vn 0.5658 -0.0442 0.8234
usemtl leaf_5
f 7559//7319 7607//7319 7608//7319 7560//7319
vn 0.4513 -0.1019 0.8865
f 7560//7320 7608//7320 7609//7320 7561//7320
vn 0.3338 -0.1645 0.9282
usemtl leaf_4
f 7561//7321 7609//7321 7610//7321 7562//7321
vn -0.1037 -0.3128 0.9441
f 7562//7322 7610//7322 7611//7322 7563//7322
vn -0.5850 -0.2694 0.7650
usemtl leaf_5
f 7563//7323 7611//7323 7612//7323 7564//7323
vn -0.7816 -0.1268 0.6108
usemtl leaf_4
f 7564//7324 7612//7324 7613//7324 7565//7324
vn -0.8106 -0.0844 0.5795
usemtl leaf_3
f 7565//7325 7613//7325 7614//7325 7566//7325
vn -0.8622 -0.1209 0.4919
usemtl leaf_4
f 7566//7326 7614//7326 7615//7326 7567//7326
vn -0.8850 -0.1005 0.4546
usemtl leaf_5
f 7567//7327 7615//7327 7616//7327 7568//7327
vn -0.8380 -0.0396 0.5442
usemtl leaf_3
f 7568//7328 7616//7328 7617//7328 7569//7328
vn -0.8681 -0.0218 0.4959
usemtl leaf_4
f 7569//7329 7617//7329 7618//7329 7570//7329
vn -0.8177 -0.0559 0.5729
usemtl leaf_5
f 7570//7330 7618//7330 7619//7330 7571//7330
vn -0.9328 -0.0864 0.3498
f 7571//7331 7619//7331 7620//7331 7572//7331
vn -0.9484 -0.1112 0.2970
f 7572//7332 7620//7332 7621//7332 7573//7332
vn -0.9750 -0.1304 0.1798
usemtl leaf_4
f 7573//7333 7621//7333 7622//7333 7574//7333
vn -0.9879 -0.1510 0.0348
usemtl leaf_3
f 7574//7334 7622//7334 7623//7334 7575//7334
vn -0.9024 -0.1750 -0.3938
f 7575//7335 7623//7335 7624//7335 7576//7335
vn -0.6760 -0.1704 -0.7170
f 7576//7336 7624//7336 7625//7336 7577//7336
vn -0.5459 -0.2065 -0.8120
usemtl leaf_5
f 7577//7337 7625//7337 7626//7337 7578//7337
vn -0.3855 -0.1456 -0.9111
usemtl leaf_4
f 7578//7338 7626//7338 7627//7338 7579//7338
vn -0.4585 -0.1333 -0.8786
usemtl leaf_5
f 7579//7339 7627//7339 7628//7339 7580//7339
vn -0.4316 -0.0492 -0.9007
usemtl leaf_4
f 7580//7340 7628//7340 7629//7340 7581//7340
vn -0.4786 0.0096 -0.8780
usemtl leaf_5
f 7581//7341 7629//7341 7630//7341 7582//7341
vn -0.4916 -0.0165 -0.8707
f 7582//7342 7630//7342 7631//7342 7583//7342
vn -0.4173 -0.0327 -0.9082
f 7583//7343 7631//7343 7632//7343 7584//7343
vn -0.2974 -0.1021 -0.9493
usemtl leaf_3
f 7584//7344 7632//7344 7633//7344 7585//7344
vn -0.3355 -0.1591 -0.9285
usemtl leaf_4
f 7585//7345 7633//7345 7634//7345 7586//7345
vn -0.1538 -0.2205 -0.9632
usemtl leaf_3
f 7586//7346 7634//7346 7635//7346 7587//7346
vn 0.4617 -0.1741 -0.8698
usemtl leaf_4
f 7587//7347 7635//7347 7636//7347 7588//7347
vn 0.7480 -0.1113 -0.6543
usemtl leaf_5
f 7588//7348 7636//7348 7637//7348 7589//7348
vn 0.9082 -0.0612 -0.4140
usemtl leaf_4
f 7589//7349 7637//7349 7638//7349 7590//7349
vn 0.8707 -0.0090 -0.4917
f 7590//7350 7638//7350 7639//7350 7591//7350
vn 0.8912 -0.0970 -0.4432
usemtl leaf_5
f 7591//7351 7639//7351 7640//7351 7592//7351
vn 0.8532 -0.0616 -0.5179
usemtl leaf_3
f 7592//7352 7640//7352 7593//7352 7545//7352
vn 0.8327 0.0555 -0.5510
usemtl leaf_4
f 7593//7353 7641//7353 7642//7353 7594//7353
vn 0.8716 0.1203 -0.4752
usemtl leaf_3
f 7594//7354 7642//7354 7643//7354 7595//7354
vn 0.8665 0.0449 -0.4971
usemtl leaf_5
f 7595//7355 7643//7355 7644//7355 7596//7355
vn 0.9237 0.0317 -0.3818
usemtl leaf_4
f 7596//7356 7644//7356 7645//7356 7597//7356
vn 0.9572 -0.0002 -0.2895
f 7597//7357 7645//7357 7646//7357 7598//7357
vn 0.9996 -0.0212 0.0211
f 7598//7358 7646//7358 7647//7358 7599//7358
vn 0.7917 -0.0567 0.6083
usemtl leaf_3
f 7599//7359 7647//7359 7648//7359 7600//7359
vn 0.5810 -0.1148 0.8058
usemtl leaf_4
f 7600//7360 7648//7360 7649//7360 7601//7360
vn 0.6118 -0.0603 0.7887
f 7601//7361 7649//7361 7650//7361 7602//7361
vn 0.4803 -0.0639 0.8748
f 7602//7362 7650//7362 7651//7362 7603//7362
vn 0.4971 -0.0349 0.8670
f 7603//7363 7651//7363 7652//7363 7604//7363
vn 0.4320 0.0608 0.8998
usemtl leaf_5
f 7604//7364 7652//7364 7653//7364 7605//7364
vn 0.4256 0.0555 0.9032
usemtl leaf_3
f 7605//7365 7653//7365 7654//7365 7606//7365
vn 0.4034 -0.0426 0.9140
usemtl leaf_4
f 7606//7366 7654//7366 7655//7366 7607//7366
vn 0.5652 -0.0327 0.8243
usemtl leaf_3
f 7607//7367 7655//7367 7656//7367 7608//7367
vn 0.4723 -0.0190 0.8812
f 7608//7368 7656//7368 7657//7368 7609//7368
vn 0.3451 -0.0394 0.9377
usemtl leaf_5
f 7609//7369 7657//7369 7658//7369 7610//7369
vn -0.0667 -0.0186 0.9976
usemtl leaf_3
f 7610//7370 7658//7370 7659//7370 7611//7370
vn -0.5906 -0.0913 0.8018
usemtl leaf_4
f 7611//7371 7659//7371 7660//7371 7612//7371
vn -0.8311 -0.1032 0.5465
usemtl leaf_3
f 7612//7372 7660//7372 7661//7372 7613//7372
vn -0.8526 0.0300 0.5217
f 7613//7373 7661//7373 7662//7373 7614//7373
vn -0.7927 0.0599 0.6067
usemtl leaf_4
f 7614//7374 7662//7374 7663//7374 7615//7374
vn -0.9030 -0.0257 0.4289
usemtl leaf_3
f 7615//7375 7663//7375 7664//7375 7616//7375
vn -0.8518 -0.0308 0.5229
usemtl leaf_4
f 7616//7376 7664//7376 7665//7376 7617//7376
vn -0.8396 -0.0721 0.5384
usemtl leaf_3
f 7617//7377 7665//7377 7666//7377 7618//7377
vn -0.8357 -0.0475 0.5472
usemtl leaf_5
f 7618//7378 7666//7378 7667//7378 7619//7378
vn -0.9215 -0.0337 0.3870
f 7619//7379 7667//7379 7668//7379 7620//7379
vn -0.9391 -0.0886 0.3320
usemtl leaf_4
f 7620//7380 7668//7380 7669//7380 7621//7380
vn -0.9846 -0.0905 0.1496
usemtl leaf_3
f 7621//7381 7669//7381 7670//7381 7622//7381
vn -0.9960 -0.0748 0.0485
f 7622//7382 7670//7382 7671//7382 7623//7382
vn -0.8791 0.0002 -0.4766
f 7623//7383 7671//7383 7672//7383 7624//7383
vn -0.7812 -0.0195 -0.6239
usemtl leaf_4
f 7624//7384 7672//7384 7673//7384 7625//7384
vn -0.5529 -0.0476 -0.8319
usemtl leaf_5
f 7625//7385 7673//7385 7674//7385 7626//7385
vn -0.4020 -0.0541 -0.9140
f 7626//7386 7674//7386 7675//7386 7627//7386
vn -0.4560 -0.0522 -0.8885
f 7627//7387 7675//7387 7676//7387 7628//7387
vn -0.3609 -0.0538 -0.9311
usemtl leaf_3
f 7628//7388 7676//7388 7677//7388 7629//7388
vn -0.4675 -0.0362 -0.8832
f 7629//7389 7677//7389 7678//7389 7630//7389
vn -0.4943 0.0011 -0.8693
usemtl leaf_4
f 7630//7390 7678//7390 7679//7390 7631//7390
vn -0.4996 -0.0701 -0.8634
usemtl leaf_3
f 7631//7391 7679//7391 7680//7391 7632//7391
vn -0.3531 -0.1410 -0.9249
f 7632//7392 7680//7392 7681//7392 7633//7392
vn -0.3918 -0.1866 -0.9009
usemtl leaf_4
f 7633//7393 7681//7393 7682//7393 7634//7393
vn -0.0909 -0.1687 -0.9815
usemtl leaf_5
f 7634//7394 7682//7394 7683//7394 7635//7394
vn 0.5388 -0.1014 -0.8363
f 7635//7395 7683//7395 7684//7395 7636//7395
vn 0.7866 0.0075 -0.6175
f 7636//7396 7684//7396 7685//7396 7637//7396
vn 0.8801 -0.0172 -0.4746
usemtl leaf_3
f 7637//7397 7685//7397 7686//7397 7638//7397
vn 0.8802 -0.1255 -0.4577
usemtl leaf_5
f 7638//7398 7686//7398 7687//7398 7639//7398
vn 0.8782 -0.0389 -0.4766
usemtl leaf_4
f 7639//7399 7687//7399 7688//7399 7640//7399
vn 0.9064 -0.0028 -0.4223
usemtl leaf_3
f 7640//7400 7688//7400 7641//7400 7593//7400
vn 0.8592 -0.1061 -0.5005
f 7641//7401 7689//7401 7690//7401 7642//7401
vn 0.8472 -0.1424 -0.5118
usemtl leaf_4
f 7642//7402 7690//7402 7691//7402 7643//7402
vn 0.8368 -0.1036 -0.5376
f 7643//7403 7691//7403 7692//7403 7644//7403
vn 0.9203 -0.1030 -0.3774
f 7644//7404 7692//7404 7693//7404 7645//7404
vn 0.9551 -0.0437 -0.2929
f 7645//7405 7693//7405 7694//7405 7646//7405
vn 0.9995 -0.0164 0.0274
usemtl leaf_3
f 7646//7406 7694//7406 7695//7406 7647//7406
vn 0.8425 -0.0606 0.5353
f 7647//7407 7695//7407 7696//7407 7648//7407
vn 0.6123 -0.1094 0.7830
f 7648//7408 7696//7408 7697//7408 7649//7408
vn 0.5419 -0.1317 0.8301
f 7649//7409 7697//7409 7698//7409 7650//7409
vn 0.4581 -0.0139 0.8888
usemtl leaf_4
f 7650//7410 7698//7410 7699//7410 7651//7410
vn 0.4552 0.0411 0.8895
f 7651//7411 7699//7411 7700//7411 7652//7411
vn 0.4003 0.0235 0.9161
usemtl leaf_3
f 7652//7412 7700//7412 7701//7412 7653//7412
vn 0.4484 0.0387 0.8930
f 7653//7413 7701//7413 7702//7413 7654//7413
vn 0.5247 -0.0169 0.8511
f 7654//7414 7702//7414 7703//7414 7655//7414
vn 0.5332 -0.1097 0.8388
f 7655//7415 7703//7415 7704//7415 7656//7415
vn 0.4643 -0.0619 0.8835
usemtl leaf_4
f 7656//7416 7704//7416 7705//7416 7657//7416
vn 0.3687 -0.0536 0.9280
usemtl leaf_3
f 7657//7417 7705//7417 7706//7417 7658//7417
vn -0.0640 -0.1161 0.9912
usemtl leaf_4
f 7658//7418 7706//7418 7707//7418 7659//7418
vn -0.5935 -0.0220 0.8045
usemtl leaf_5
f 7659//7419 7707//7419 7708//7419 7660//7419
vn -0.8333 0.0354 0.5517
usemtl leaf_4
f 7660//7420 7708//7420 7709//7420 7661//7420
vn -0.8820 -0.0240 0.4706
usemtl leaf_2
f 7661//7421 7709//7421 7710//7421 7662//7421
vn -0.8246 0.0523 0.5633
usemtl leaf_3
f 7662//7422 7710//7422 7711//7422 7663//7422
vn -0.8224 0.0469 0.5670
f 7663//7423 7711//7423 7712//7423 7664//7423
vn -0.8521 -0.0997 0.5138
f 7664//7424 7712//7424 7713//7424 7665//7424
vn -0.7997 -0.1105 0.5901
usemtl leaf_4
f 7665//7425 7713//7425 7714//7425 7666//7425
vn -0.8991 -0.0662 0.4327
f 7666//7426 7714//7426 7715//7426 7667//7426
vn -0.8992 -0.0099 0.4374
f 7667//7427 7715//7427 7716//7427 7668//7427
vn -0.9475 -0.0068 0.3196
usemtl leaf_3
f 7668//7428 7716//7428 7717//7428 7669//7428
vn -0.9842 -0.0343 0.1739
usemtl leaf_2
f 7669//7429 7717//7429 7718//7429 7670//7429
vn -0.9996 -0.0176 -0.0226
usemtl leaf_3
f 7670//7430 7718//7430 7719//7430 7671//7430
vn -0.8940 -0.0753 -0.4418
f 7671//7431 7719//7431 7720//7431 7672//7431
vn -0.7342 -0.0177 -0.6787
usemtl leaf_4
f 7672//7432 7720//7432 7721//7432 7673//7432
vn -0.5509 0.0990 -0.8287
f 7673//7433 7721//7433 7722//7433 7674//7433
vn -0.4485 0.0934 -0.8889
f 7674//7434 7722//7434 7723//7434 7675//7434
vn -0.4677 0.0537 -0.8823
usemtl leaf_5
f 7675//7435 7723//7435 7724//7435 7676//7435
vn -0.4320 -0.0206 -0.9016
usemtl leaf_3
f 7676//7436 7724//7436 7725//7436 7677//7436
vn -0.4345 -0.0801 -0.8971
usemtl leaf_2
f 7677//7437 7725//7437 7726//7437 7678//7437
vn -0.4576 -0.0393 -0.8883
usemtl leaf_4
f 7678//7438 7726//7438 7727//7438 7679//7438
vn -0.5073 0.0517 -0.8602
usemtl leaf_3
f 7679//7439 7727//7439 7728//7439 7680//7439
vn -0.4279 -0.0049 -0.9038
usemtl leaf_4
f 7680//7440 7728//7440 7729//7440 7681//7440
vn -0.3927 -0.0716 -0.9169
usemtl leaf_3
f 7681//7441 7729//7441 7730//7441 7682//7441
vn 0.1091 0.0390 -0.9933
usemtl leaf_4
f 7682//7442 7730//7442 7731//7442 7683//7442
vn 0.4836 0.0930 -0.8703
f 7683//7443 7731//7443 7732//7443 7684//7443
vn 0.8310 0.0207 -0.5559
usemtl leaf_5
f 7684//7444 7732//7444 7733//7444 7685//7444
vn 0.8270 0.0358 -0.5611
usemtl leaf_4
f 7685//7445 7733//7445 7734//7445 7686//7445
vn 0.8780 0.0490 -0.4761
f 7686//7446 7734//7446 7735//7446 7687//7446
vn 0.8781 -0.0343 -0.4773
f 7687//7447 7735//7447 7736//7447 7688//7447
vn 0.8979 -0.0891 -0.4312
f 7688//7448 7736//7448 7689//7448 7641//7448
vn 0.8595 -0.0237 -0.5106
usemtl leaf_3
f 7689//7449 7737//7449 7738//7449 7690//7449
vn 0.8541 -0.0102 -0.5200
f 7690//7450 7738//7450 7739//7450 7691//7450
vn 0.8913 0.0398 -0.4516
usemtl leaf_4
f 7691//7451 7739//7451 7740//7451 7692//7451
vn 0.9080 0.0698 -0.4131
f 7692//7452 7740//7452 7741//7452 7693//7452
vn 0.9664 -0.0103 -0.2570
f 7693//7453 7741//7453 7742//7453 7694//7453
vn 0.9994 -0.0351 -0.0031
usemtl leaf_3
f 7694//7454 7742//7454 7743//7454 7695//7454
vn 0.8473 -0.0250 0.5305
usemtl leaf_4
f 7695//7455 7743//7455 7744//7455 7696//7455
vn 0.6395 0.0093 0.7688
usemtl leaf_3
f 7696//7456 7744//7456 7745//7456 7697//7456
vn 0.5142 0.0730 0.8545
f 7697//7457 7745//7457 7746//7457 7698//7457
vn 0.4063 0.0877 0.9095
f 7698//7458 7746//7458 7747//7458 7699//7458
vn 0.4815 0.0769 0.8731
usemtl leaf_2
f 7699//7459 7747//7459 7748//7459 7700//7459
vn 0.4299 0.0310 0.9023
usemtl leaf_3
f 7700//7460 7748//7460 7749//7460 7701//7460
vn 0.4759 -0.0507 0.8780
f 7701//7461 7749//7461 7750//7461 7702//7461
vn 0.5731 -0.0820 0.8154
f 7702//7462 7750//7462 7751//7462 7703//7462
vn 0.5327 -0.0487 0.8449
usemtl leaf_4
f 7703//7463 7751//7463 7752//7463 7704//7463
vn 0.3892 -0.0161 0.9210
f 7704//7464 7752//7464 7753//7464 7705//7464
vn 0.3548 0.0615 0.9329
usemtl leaf_5
f 7705//7465 7753//7465 7754//7465 7706//7465
vn -0.0224 0.0733 0.9971
f 7706//7466 7754//7466 7755//7466 7707//7466
vn -0.6207 -0.0335 0.7833
usemtl leaf_3
f 7707//7467 7755//7467 7756//7467 7708//7467
vn -0.8305 -0.0726 0.5522
usemtl leaf_2
f 7708//7468 7756//7468 7757//7468 7709//7468
vn -0.8851 -0.0164 0.4652
usemtl leaf_1
f 7709//7469 7757//7469 7758//7469 7710//7469
vn -0.8597 -0.0279 0.5100
usemtl leaf_3
f 7710//7470 7758//7470 7759//7470 7711//7470
vn -0.7842 -0.0265 0.6200
usemtl leaf_4
f 7711//7471 7759//7471 7760//7471 7712//7471
vn -0.8406 0.0278 0.5410
f 7712//7472 7760//7472 7761//7472 7713//7472
vn -0.8113 0.0154 0.5845
f 7713//7473 7761//7473 7762//7473 7714//7473
vn -0.9394 0.0797 0.3335
usemtl leaf_5
f 7714//7474 7762//7474 7763//7474 7715//7474
vn -0.8866 0.0945 0.4527
usemtl leaf_4
f 7715//7475 7763//7475 7764//7475 7716//7475
vn -0.9453 0.0595 0.3207
f 7716//7476 7764//7476 7765//7476 7717//7476
vn -0.9605 -0.0324 0.2764
usemtl leaf_2
f 7717//7477 7765//7477 7766//7477 7718//7477
vn -0.9866 -0.1605 -0.0298
usemtl leaf_3
f 7718//7478 7766//7478 7767//7478 7719//7478
vn -0.8933 -0.0891 -0.4406
usemtl leaf_4
f 7719//7479 7767//7479 7768//7479 7720//7479
vn -0.6525 -0.0162 -0.7576
usemtl leaf_3
f 7720//7480 7768//7480 7769//7480 7721//7480
vn -0.5137 0.0196 -0.8577
usemtl leaf_4
f 7721//7481 7769//7481 7770//7481 7722//7481
vn -0.4624 0.0446 -0.8856
f 7722//7482 7770//7482 7771//7482 7723//7482
vn -0.4858 0.0471 -0.8728
f 7723//7483 7771//7483 7772//7483 7724//7483
vn -0.4519 0.0808 -0.8884
f 7724//7484 7772//7484 7773//7484 7725//7484
vn -0.5008 0.0428 -0.8645
usemtl leaf_3
f 7725//7485 7773//7485 7774//7485 7726//7485
vn -0.3717 0.0210 -0.9281
usemtl leaf_4
f 7726//7486 7774//7486 7775//7486 7727//7486
vn -0.4999 0.0298 -0.8656
f 7727//7487 7775//7487 7776//7487 7728//7487
vn -0.5151 -0.0114 -0.8570
usemtl leaf_3
f 7728//7488 7776//7488 7777//7488 7729//7488
vn -0.3560 -0.0178 -0.9343
usemtl leaf_5
f 7729//7489 7777//7489 7778//7489 7730//7489
vn 0.1729 -0.0364 -0.9843
usemtl leaf_3
f 7730//7490 7778//7490 7779//7490 7731//7490
vn 0.5144 0.0020 -0.8575
f 7731//7491 7779//7491 7780//7491 7732//7491
vn 0.8010 0.0386 -0.5974
f 7732//7492 7780//7492 7781//7492 7733//7492
vn 0.8520 0.0101 -0.5234
f 7733//7493 7781//7493 7782//7493 7734//7493
vn 0.8611 -0.0008 -0.5084
f 7734//7494 7782//7494 7783//7494 7735//7494
vn 0.8286 -0.0539 -0.5572
usemtl leaf_4
f 7735//7495 7783//7495 7784//7495 7736//7495
vn 0.9124 -0.0623 -0.4044
f 7736//7496 7784//7496 7737//7496 7689//7496
vn 0.8515 0.0770 -0.5186
usemtl leaf_2
f 7737//7497 7785//7497 7786//7497 7738//7497
vn 0.8799 0.1174 -0.4605
usemtl leaf_3
f 7738//7498 7786//7498 7787//7498 7739//7498
vn 0.8601 0.0583 -0.5068
usemtl leaf_4
f 7739//7499 7787//7499 7788//7499 7740//7499
vn 0.9144 -0.0247 -0.4041
f 7740//7500 7788//7500 7789//7500 7741//7500
vn 0.9568 0.0392 -0.2880
usemtl leaf_2
f 7741//7501 7789//7501 7790//7501 7742//7501
vn 0.9997 0.0247 -0.0024
usemtl leaf_4
f 7742//7502 7790//7502 7791//7502 7743//7502
vn 0.8577 -0.0067 0.5142
usemtl leaf_3
f 7743//7503 7791//7503 7792//7503 7744//7503
vn 0.6361 -0.0575 0.7695
f 7744//7504 7792//7504 7793//7504 7745//7504
vn 0.5166 -0.1417 0.8444
usemtl leaf_2
f 7745//7505 7793//7505 7794//7505 7746//7505
vn 0.3421 -0.1025 0.9341
f 7746//7506 7794//7506 7795//7506 7747//7506
vn 0.4178 0.0558 0.9068
f 7747//7507 7795//7507 7796//7507 7748//7507
vn 0.5115 0.0843 0.8552
f 7748//7508 7796//7508 7797//7508 7749//7508
vn 0.5235 0.0100 0.8520
f 7749//7509 7797//7509 7798//7509 7750//7509
vn 0.5447 0.0224 0.8383
f 7750//7510 7798//7510 7799//7510 7751//7510
vn 0.5566 -0.0120 0.8307
usemtl leaf_3
f 7751//7511 7799//7511 7800//7511 7752//7511
vn 0.3646 -0.0537 0.9296
f 7752//7512 7800//7512 7801//7512 7753//7512
vn 0.2442 0.0341 0.9691
f 7753//7513 7801//7513 7802//7513 7754//7513
vn 0.0002 0.1493 0.9888
f 7754//7514 7802//7514 7803//7514 7755//7514
vn -0.5168 0.1072 0.8493
usemtl leaf_2
f 7755//7515 7803//7515 7804//7515 7756//7515
vn -0.8299 0.0233 0.5574
usemtl leaf_3
f 7756//7516 7804//7516 7805//7516 7757//7516
vn -0.8944 -0.0054 0.4472
f 7757//7517 7805//7517 7806//7517 7758//7517
vn -0.8514 0.0163 0.5242
f 7758//7518 7806//7518 7807//7518 7759//7518
vn -0.7970 0.0196 0.6037
usemtl leaf_2
f 7759//7519 7807//7519 7808//7519 7760//7519
vn -0.8453 -0.0053 0.5342
f 7760//7520 7808//7520 7809//7520 7761//7520
vn -0.8332 0.0595 0.5498
usemtl leaf_4
f 7761//7521 7809//7521 7810//7521 7762//7521
vn -0.9459 0.0543 0.3198
f 7762//7522 7810//7522 7811//7522 7763//7522
vn -0.8896 0.0533 0.4536
usemtl leaf_2
f 7763//7523 7811//7523 7812//7523 7764//7523
vn -0.9140 -0.0021 0.4058
usemtl leaf_3
f 7764//7524 7812//7524 7813//7524 7765//7524
vn -0.9476 -0.0526 0.3151
usemtl leaf_4
f 7765//7525 7813//7525 7814//7525 7766//7525
vn -0.9998 -0.0184 -0.0001
usemtl leaf_3
f 7766//7526 7814//7526 7815//7526 7767//7526
vn -0.8348 0.0047 -0.5505
usemtl leaf_2
f 7767//7527 7815//7527 7816//7527 7768//7527
vn -0.6172 0.1123 -0.7788
usemtl leaf_4
f 7768//7528 7816//7528 7817//7528 7769//7528
vn -0.5043 0.1343 -0.8530
usemtl leaf_2
f 7769//7529 7817//7529 7818//7529 7770//7529
vn -0.4899 0.0873 -0.8674
f 7770//7530 7818//7530 7819//7530 7771//7530
vn -0.4920 0.0422 -0.8696
usemtl leaf_3
f 7771//7531 7819//7531 7820//7531 7772//7531
vn -0.4511 0.0003 -0.8925
f 7772//7532 7820//7532 7821//7532 7773//7532
vn -0.5157 0.0242 -0.8564
usemtl leaf_2
f 7773//7533 7821//7533 7822//7533 7774//7533
vn -0.4085 -0.0122 -0.9127
f 7774//7534 7822//7534 7823//7534 7775//7534
vn -0.4882 -0.0438 -0.8716
usemtl leaf_3
f 7775//7535 7823//7535 7824//7535 7776//7535
vn -0.4952 0.0411 -0.8678
usemtl leaf_2
f 7776//7536 7824//7536 7825//7536 7777//7536
vn -0.3424 0.0836 -0.9358
usemtl leaf_4
f 7777//7537 7825//7537 7826//7537 7778//7537
vn 0.1490 0.0958 -0.9842
usemtl leaf_3
f 7778//7538 7826//7538 7827//7538 7779//7538
vn 0.5401 0.0655 -0.8391
usemtl leaf_2
f 7779//7539 7827//7539 7828//7539 7780//7539
vn 0.8063 0.0654 -0.5878
f 7780//7540 7828//7540 7829//7540 7781//7540
vn 0.8258 0.0592 -0.5608
f 7781//7541 7829//7541 7830//7541 7782//7541
vn 0.8411 -0.0221 -0.5404
usemtl leaf_3
f 7782//7542 7830//7542 7831//7542 7783//7542
vn 0.8192 -0.0301 -0.5728
usemtl leaf_4
f 7783//7543 7831//7543 7832//7543 7784//7543
vn 0.9414 0.0441 -0.3345
usemtl leaf_2
f 7784//7544 7832//7544 7785//7544 7737//7544
vn 0.8704 -0.1141 -0.4789
usemtl leaf_3
f 7785//7545 7833//7545 7834//7545 7786//7545
vn 0.9263 -0.0077 -0.3768
f 7786//7546 7834//7546 7835//7546 7787//7546
vn 0.8450 0.1275 -0.5194
usemtl leaf_2
f 7787//7547 7835//7547 7836//7547 7788//7547
vn 0.8812 0.1217 -0.4569
f 7788//7548 7836//7548 7837//7548 7789//7548
vn 0.9551 -0.0167 -0.2957
usemtl leaf_3
f 7789//7549 7837//7549 7838//7549 7790//7549
vn 0.9994 -0.0282 -0.0194
f 7790//7550 7838//7550 7839//7550 7791//7550
vn 0.8725 -0.0489 0.4862
usemtl leaf_2
f 7791//7551 7839//7551 7840//7551 7792//7551
vn 0.6125 0.0116 0.7904
f 7792//7552 7840//7552 7841//7552 7793//7552
vn 0.5270 0.1228 0.8409
usemtl leaf_3
f 7793//7553 7841//7553 7842//7553 7794//7553
vn 0.3892 0.0191 0.9210
f 7794//7554 7842//7554 7843//7554 7795//7554
vn 0.3721 -0.1468 0.9165
usemtl leaf_1
f 7795//7555 7843//7555 7844//7555 7796//7555
vn 0.4961 -0.1102 0.8613
usemtl leaf_2
f 7796//7556 7844//7556 7845//7556 7797//7556
vn 0.5232 -0.0188 0.8520
usemtl leaf_1
f 7797//7557 7845//7557 7846//7557 7798//7557
vn 0.5439 -0.0298 0.8386
usemtl leaf_2
f 7798//7558 7846//7558 7847//7558 7799//7558
vn 0.5718 -0.0164 0.8202
usemtl leaf_4
f 7799//7559 7847//7559 7848//7559 7800//7559
vn 0.3260 0.0469 0.9442
usemtl leaf_3
f 7800//7560 7848//7560 7849//7560 7801//7560
vn 0.2147 0.0390 0.9759
usemtl leaf_2
f 7801//7561 7849//7561 7850//7561 7802//7561
vn -0.0237 -0.0129 0.9996
usemtl leaf_3
f 7802//7562 7850//7562 7851//7562 7803//7562
vn -0.4733 0.0017 0.8809
f 7803//7563 7851//7563 7852//7563 7804//7563
vn -0.8033 -0.0311 0.5948
usemtl leaf_2
f 7804//7564 7852//7564 7853//7564 7805//7564
vn -0.8777 -0.0870 0.4712
f 7805//7565 7853//7565 7854//7565 7806//7565
vn -0.8156 -0.1870 0.5476
usemtl leaf_3
f 7806//7566 7854//7566 7855//7566 7807//7566
vn -0.8710 -0.0873 0.4834
usemtl leaf_2
f 7807//7567 7855//7567 7856//7567 7808//7567
vn -0.8331 0.0679 0.5489
usemtl leaf_4
f 7808//7568 7856//7568 7857//7568 7809//7568
vn -0.8910 0.1165 0.4389
usemtl leaf_3
f 7809//7569 7857//7569 7858//7569 7810//7569
vn -0.8972 0.1387 0.4193
f 7810//7570 7858//7570 7859//7570 7811//7570
vn -0.8991 0.0460 0.4353
usemtl leaf_2
f 7811//7571 7859//7571 7860//7571 7812//7571
vn -0.8663 -0.0026 0.4995
usemtl leaf_1
f 7812//7572 7860//7572 7861//7572 7813//7572
vn -0.9490 -0.0702 0.3075
usemtl leaf_3
f 7813//7573 7861//7573 7862//7573 7814//7573
vn -0.9952 -0.0973 -0.0098
usemtl leaf_2
f 7814//7574 7862//7574 7863//7574 7815//7574
vn -0.8318 -0.1140 -0.5432
usemtl leaf_4
f 7815//7575 7863//7575 7864//7575 7816//7575
vn -0.5240 -0.0734 -0.8485
usemtl leaf_2
f 7816//7576 7864//7576 7865//7576 7817//7576
vn -0.5492 -0.0173 -0.8355
usemtl leaf_1
f 7817//7577 7865//7577 7866//7577 7818//7577
vn -0.5003 -0.0353 -0.8651
usemtl leaf_2
f 7818//7578 7866//7578 7867//7578 7819//7578
vn -0.5312 -0.0495 -0.8458
usemtl leaf_1
f 7819//7579 7867//7579 7868//7579 7820//7579
vn -0.5096 -0.1307 -0.8504
usemtl leaf_4
f 7820//7580 7868//7580 7869//7580 7821//7580
vn -0.4056 -0.1023 -0.9083
usemtl leaf_3
f 7821//7581 7869//7581 7870//7581 7822//7581
vn -0.4759 -0.0188 -0.8793
usemtl leaf_1
f 7822//7582 7870//7582 7871//7582 7823//7582
vn -0.4922 -0.0710 -0.8676
usemtl leaf_3
f 7823//7583 7871//7583 7872//7583 7824//7583
vn -0.4523 -0.1071 -0.8854
f 7824//7584 7872//7584 7873//7584 7825//7584
vn -0.2579 0.0063 -0.9661
usemtl leaf_2
f 7825//7585 7873//7585 7874//7585 7826//7585
vn 0.0620 0.0242 -0.9978
usemtl leaf_3
f 7826//7586 7874//7586 7875//7586 7827//7586
vn 0.5577 -0.0177 -0.8298
usemtl leaf_1
f 7827//7587 7875//7587 7876//7587 7828//7587
vn 0.7800 -0.0545 -0.6233
usemtl leaf_3
f 7828//7588 7876//7588 7877//7588 7829//7588
vn 0.8067 -0.1257 -0.5775
f 7829//7589 7877//7589 7878//7589 7830//7589
vn 0.8284 -0.0908 -0.5527
usemtl leaf_4
f 7830//7590 7878//7590 7879//7590 7831//7590
vn 0.8403 -0.0602 -0.5387
usemtl leaf_2
f 7831//7591 7879//7591 7880//7591 7832//7591
vn 0.9308 -0.1080 -0.3492
f 7832//7592 7880//7592 7833//7592 7785//7592
vn 0.8888 0.0367 -0.4568
f 7833//7593 7881//7593 7882//7593 7834//7593
vn 0.9315 -0.0239 -0.3630
f 7834//7594 7882//7594 7883//7594 7835//7594
vn 0.9066 -0.0214 -0.4214
f 7835//7595 7883//7595 7884//7595 7836//7595
vn 0.8721 0.0683 -0.4845
f 7836//7596 7884//7596 7885//7596 7837//7596
vn 0.9222 0.0796 -0.3785
usemtl leaf_3
f 7837//7597 7885//7597 7886//7597 7838//7597
vn 0.9997 -0.0059 -0.0223
usemtl leaf_2
f 7838//7598 7886//7598 7887//7598 7839//7598
vn 0.8675 0.0220 0.4969
usemtl leaf_3
f 7839//7599 7887//7599 7888//7599 7840//7599
vn 0.5757 0.0251 0.8173
f 7840//7600 7888//7600 7889//7600 7841//7600
vn 0.5133 -0.0043 0.8582
f 7841//7601 7889//7601 7890//7601 7842//7601
vn 0.4485 0.0486 0.8924
usemtl leaf_2
f 7842//7602 7890//7602 7891//7602 7843//7602
vn 0.4031 0.0967 0.9100
f 7843//7603 7891//7603 7892//7603 7844//7603
vn 0.4642 0.0507 0.8843
usemtl leaf_1
f 7844//7604 7892//7604 7893//7604 7845//7604
vn 0.5870 -0.0840 0.8052
usemtl leaf_3
f 7845//7605 7893//7605 7894//7605 7846//7605
vn 0.4519 -0.0479 0.8908
f 7846//7606 7894//7606 7895//7606 7847//7606
vn 0.5531 0.0789 0.8294
usemtl leaf_4
f 7847//7607 7895//7607 7896//7607 7848//7607
vn 0.2952 0.0904 0.9511
usemtl leaf_2
f 7848//7608 7896//7608 7897//7608 7849//7608
vn 0.2692 0.0741 0.9602
f 7849//7609 7897//7609 7898//7609 7850//7609
vn -0.0229 0.0722 0.9971
usemtl leaf_1
f 7850//7610 7898//7610 7899//7610 7851//7610
vn -0.4854 0.0744 0.8711
f 7851//7611 7899//7611 7900//7611 7852//7611
vn -0.7635 0.0382 0.6447
usemtl leaf_3
f 7852//7612 7900//7612 7901//7612 7853//7612
vn -0.8528 -0.0435 0.5204
usemtl leaf_2
f 7853//7613 7901//7613 7902//7613 7854//7613
vn -0.8381 -0.0054 0.5454
usemtl leaf_3
f 7854//7614 7902//7614 7903//7614 7855//7614
vn -0.9210 0.0153 0.3892
f 7855//7615 7903//7615 7904//7615 7856//7615
vn -0.8806 0.0728 0.4682
usemtl leaf_2
f 7856//7616 7904//7616 7905//7616 7857//7616
vn -0.8786 0.0882 0.4693
usemtl leaf_1
f 7857//7617 7905//7617 7906//7617 7858//7617
vn -0.9023 0.0219 0.4305
f 7858//7618 7906//7618 7907//7618 7859//7618
vn -0.8738 0.0398 0.4847
usemtl leaf_2
f 7859//7619 7907//7619 7908//7619 7860//7619
vn -0.8522 -0.0061 0.5231
f 7860//7620 7908//7620 7909//7620 7861//7620
vn -0.9438 0.0011 0.3305
f 7861//7621 7909//7621 7910//7621 7862//7621
vn -0.9996 0.0144 -0.0240
usemtl leaf_3
f 7862//7622 7910//7622 7911//7622 7863//7622
vn -0.8418 0.0354 -0.5386
usemtl leaf_4
f 7863//7623 7911//7623 7912//7623 7864//7623
vn -0.5403 -0.0286 -0.8410
usemtl leaf_3
f 7864//7624 7912//7624 7913//7624 7865//7624
vn -0.5316 -0.0844 -0.8428
usemtl leaf_2
f 7865//7625 7913//7625 7914//7625 7866//7625
vn -0.4590 0.0066 -0.8884
usemtl leaf_3
f 7866//7626 7914//7626 7915//7626 7867//7626
vn -0.5283 0.0733 -0.8459
usemtl leaf_2
f 7867//7627 7915//7627 7916//7627 7868//7627
vn -0.5645 0.0913 -0.8203
f 7868//7628 7916//7628 7917//7628 7869//7628
vn -0.4505 -0.0517 -0.8913
f 7869//7629 7917//7629 7918//7629 7870//7629
vn -0.4369 -0.1400 -0.8885
f 7870//7630 7918//7630 7919//7630 7871//7630
vn -0.4676 -0.0192 -0.8837
f 7871//7631 7919//7631 7920//7631 7872//7631
vn -0.4534 0.0615 -0.8892
f 7872//7632 7920//7632 7921//7632 7873//7632
vn -0.2051 0.0167 -0.9786
usemtl leaf_3
f 7873//7633 7921//7633 7922//7633 7874//7633
vn -0.0058 -0.0097 -0.9999
usemtl leaf_2
f 7874//7634 7922//7634 7923//7634 7875//7634
vn 0.5963 0.0091 -0.8027
usemtl leaf_3
f 7875//7635 7923//7635 7924//7635 7876//7635
vn 0.7309 0.0075 -0.6824
usemtl leaf_2
f 7876//7636 7924//7636 7925//7636 7877//7636
vn 0.8141 -0.0112 -0.5806
f 7877//7637 7925//7637 7926//7637 7878//7637
vn 0.8756 0.0375 -0.4815
usemtl leaf_1
f 7878//7638 7926//7638 7927//7638 7879//7638
vn 0.8447 0.1111 -0.5236
usemtl leaf_2
f 7879//7639 7927//7639 7928//7639 7880//7639
vn 0.9029 0.0878 -0.4207
usemtl leaf_3
f 7880//7640 7928//7640 7881//7640 7833//7640
vn 0.9057 -0.0330 -0.4227
usemtl leaf_1
f 7881//7641 7929//7641 7930//7641 7882//7641
vn 0.9275 0.0558 -0.3696
f 7882//7642 7930//7642 7931//7642 7883//7642
vn 0.9008 0.0380 -0.4325
usemtl leaf_2
f 7883//7643 7931//7643 7932//7643 7884//7643
vn 0.8880 -0.0343 -0.4585
usemtl leaf_1
f 7884//7644 7932//7644 7933//7644 7885//7644
vn 0.9209 -0.0473 -0.3869
f 7885//7645 7933//7645 7934//7645 7886//7645
vn 0.9996 0.0265 -0.0054
usemtl leaf_3
f 7886//7646 7934//7646 7935//7646 7887//7646
vn 0.8256 0.0882 0.5573
f 7887//7647 7935//7647 7936//7647 7888//7647
vn 0.6228 0.0678 0.7794
usemtl leaf_1
f 7888//7648 7936//7648 7937//7648 7889//7648
vn 0.4460 0.0887 0.8906
f 7889//7649 7937//7649 7938//7649 7890//7649
vn 0.5053 0.0456 0.8618
f 7890//7650 7938//7650 7939//7650 7891//7650
vn 0.4290 -0.0814 0.8996
usemtl leaf_2
f 7891//7651 7939//7651 7940//7651 7892//7651
vn 0.5338 -0.1336 0.8350
usemtl leaf_1
f 7892//7652 7940//7652 7941//7652 7893//7652
vn 0.5610 -0.0574 0.8258
usemtl leaf_2
f 7893//7653 7941//7653 7942//7653 7894//7653
vn 0.4271 -0.0336 0.9036
usemtl leaf_1
f 7894//7654 7942//7654 7943//7654 7895//7654
vn 0.4605 -0.0194 0.8874
usemtl leaf_3
f 7895//7655 7943//7655 7944//7655 7896//7655
vn 0.3546 0.0172 0.9348
usemtl leaf_2
f 7896//7656 7944//7656 7945//7656 7897//7656
vn 0.2599 -0.0326 0.9651
usemtl leaf_1
f 7897//7657 7945//7657 7946//7657 7898//7657
vn -0.0362 -0.0180 0.9992
usemtl leaf_0
f 7898//7658 7946//7658 7947//7658 7899//7658
vn -0.5209 0.0298 0.8531
usemtl leaf_1
f 7899//7659 7947//7659 7948//7659 7900//7659
vn -0.6997 0.0012 0.7145
f 7900//7660 7948//7660 7949//7660 7901//7660
vn -0.7940 -0.1065 0.5985
usemtl leaf_3
f 7901//7661 7949//7661 7950//7661 7902//7661
vn -0.8581 -0.1585 0.4883
f 7902//7662 7950//7662 7951//7662 7903//7662
vn -0.9119 -0.1080 0.3960
f 7903//7663 7951//7663 7952//7663 7904//7663
vn -0.9485 -0.0020 0.3168
usemtl leaf_2
f 7904//7664 7952//7664 7953//7664 7905//7664
vn -0.8432 0.0849 0.5309
usemtl leaf_1
f 7905//7665 7953//7665 7954//7665 7906//7665
vn -0.8961 0.0717 0.4381
f 7906//7666 7954//7666 7955//7666 7907//7666
vn -0.8516 -0.0080 0.5241
f 7907//7667 7955//7667 7956//7667 7908//7667
vn -0.8428 -0.0387 0.5368
f 7908//7668 7956//7668 7957//7668 7909//7668
vn -0.9444 -0.0733 0.3205
usemtl leaf_2
f 7909//7669 7957//7669 7958//7669 7910//7669
vn -0.9960 -0.0404 -0.0803
f 7910//7670 7958//7670 7959//7670 7911//7670
vn -0.8247 0.0240 -0.5650
usemtl leaf_3
f 7911//7671 7959//7671 7960//7671 7912//7671
vn -0.6152 0.0050 -0.7883
usemtl leaf_1
f 7912//7672 7960//7672 7961//7672 7913//7672
vn -0.4680 0.0218 -0.8834
f 7913//7673 7961//7673 7962//7673 7914//7673
vn -0.4162 0.0502 -0.9079
usemtl leaf_2
f 7914//7674 7962//7674 7963//7674 7915//7674
vn -0.5512 0.0131 -0.8343
usemtl leaf_1
f 7915//7675 7963//7675 7964//7675 7916//7675
vn -0.5465 -0.0039 -0.8374
usemtl leaf_3
f 7916//7676 7964//7676 7965//7676 7917//7676
vn -0.5554 0.0372 -0.8308
f 7917//7677 7965//7677 7966//7677 7918//7677
vn -0.4561 -0.0023 -0.8899
f 7918//7678 7966//7678 7967//7678 7919//7678
vn -0.3695 -0.0216 -0.9290
usemtl leaf_2
f 7919//7679 7967//7679 7968//7679 7920//7679
vn -0.4363 0.0272 -0.8994
f 7920//7680 7968//7680 7969//7680 7921//7680
vn -0.2417 0.0608 -0.9684
f 7921//7681 7969//7681 7970//7681 7922//7681
vn 0.0034 0.0686 -0.9976
f 7922//7682 7970//7682 7971//7682 7923//7682
vn 0.5214 -0.0254 -0.8529
f 7923//7683 7971//7683 7972//7683 7924//7683
vn 0.7583 -0.0550 -0.6496
usemtl leaf_1
f 7924//7684 7972//7684 7973//7684 7925//7684
vn 0.8331 0.0435 -0.5514
f 7925//7685 7973//7685 7974//7685 7926//7685
vn 0.8972 0.0752 -0.4352
f 7926//7686 7974//7686 7975//7686 7927//7686
vn 0.8494 0.0633 -0.5239
usemtl leaf_3
f 7927//7687 7975//7687 7976//7687 7928//7687
vn 0.8561 -0.0156 -0.5166
usemtl leaf_1
f 7928//7688 7976//7688 7929//7688 7881//7688
vn 0.8923 0.0808 -0.4441
usemtl leaf_2
f 7929//7689 7977//7689 7978//7689 7930//7689
vn 0.9167 -0.0532 -0.3959
usemtl leaf_1
f 7930//7690 7978//7690 7979//7690 7931//7690
vn 0.8923 -0.0892 -0.4426
usemtl leaf_2
f 7931//7691 7979//7691 7980//7691 7932//7691
vn 0.8878 -0.0521 -0.4572
usemtl leaf_0
f 7932//7692 7980//7692 7981//7692 7933//7692
vn 0.9466 0.0460 -0.3192
f 7933//7693 7981//7693 7982//7693 7934//7693
vn 0.9977 0.0651 -0.0181
f 7934//7694 7982//7694 7983//7694 7935//7694
vn 0.7846 0.0671 0.6164
f 7935//7695 7983//7695 7984//7695 7936//7695
vn 0.6354 0.1150 0.7636
f 7936//7696 7984//7696 7985//7696 7937//7696
vn 0.4856 0.0222 0.8739
f 7937//7697 7985//7697 7986//7697 7938//7697
vn 0.5963 -0.0604 0.8005
usemtl leaf_3
f 7938//7698 7986//7698 7987//7698 7939//7698
vn 0.4516 -0.0569 0.8904
usemtl leaf_2
f 7939//7699 7987//7699 7988//7699 7940//7699
vn 0.5006 0.0064 0.8656
f 7940//7700 7988//7700 7989//7700 7941//7700
vn 0.5232 0.0178 0.8520
f 7941//7701 7989//7701 7990//7701 7942//7701
vn 0.3897 0.0847 0.9171
f 7942//7702 7990//7702 7991//7702 7943//7702
vn 0.4220 0.1721 0.8901
usemtl leaf_1
f 7943//7703 7991//7703 7992//7703 7944//7703
vn 0.4604 0.0741 0.8846
usemtl leaf_0
f 7944//7704 7992//7704 7993//7704 7945//7704
vn 0.2720 0.0112 0.9622
f 7945//7705 7993//7705 7994//7705 7946//7705
vn -0.0648 0.0180 0.9977
f 7946//7706 7994//7706 7995//7706 7947//7706
vn -0.4934 -0.0238 0.8695
f 7947//7707 7995//7707 7996//7707 7948//7707
vn -0.6583 -0.0656 0.7499
f 7948//7708 7996//7708 7997//7708 7949//7708
vn -0.7918 -0.0233 0.6104
f 7949//7709 7997//7709 7998//7709 7950//7709
vn -0.8755 0.0089 0.4832
usemtl leaf_4
f 7950//7710 7998//7710 7999//7710 7951//7710
vn -0.9499 0.0264 0.3115
usemtl leaf_2
f 7951//7711 7999//7711 8000//7711 7952//7711
vn -0.9531 0.0132 0.3024
usemtl leaf_1
f 7952//7712 8000//7712 8001//7712 7953//7712
vn -0.8763 -0.0020 0.4817
usemtl leaf_0
f 7953//7713 8001//7713 8002//7713 7954//7713
vn -0.8673 -0.0052 0.4978
usemtl leaf_1
f 7954//7714 8002//7714 8003//7714 7955//7714
vn -0.8220 -0.0566 0.5666
f 7955//7715 8003//7715 8004//7715 7956//7715
vn -0.8685 -0.0345 0.4944
usemtl leaf_0
f 7956//7716 8004//7716 8005//7716 7957//7716
vn -0.9408 0.0543 0.3344
usemtl leaf_1
f 7957//7717 8005//7717 8006//7717 7958//7717
vn -0.9917 0.0623 -0.1127
usemtl leaf_0
f 7958//7718 8006//7718 8007//7718 7959//7718
vn -0.7937 0.0743 -0.6038
f 7959//7719 8007//7719 8008//7719 7960//7719
vn -0.6188 0.1012 -0.7790
f 7960//7720 8008//7720 8009//7720 7961//7720
vn -0.4880 0.0294 -0.8723
f 7961//7721 8009//7721 8010//7721 7962//7721
vn -0.4375 -0.0325 -0.8986
usemtl leaf_1
f 7962//7722 8010//7722 8011//7722 7963//7722
vn -0.5139 0.0285 -0.8574
usemtl leaf_2
f 7963//7723 8011//7723 8012//7723 7964//7723
vn -0.5022 0.1304 -0.8549
usemtl leaf_1
f 7964//7724 8012//7724 8013//7724 7965//7724
vn -0.5785 0.1066 -0.8087
f 7965//7725 8013//7725 8014//7725 7966//7725
vn -0.5066 0.0693 -0.8594
f 7966//7726 8014//7726 8015//7726 7967//7726
vn -0.4062 0.0028 -0.9138
f 7967//7727 8015//7727 8016//7727 7968//7727
vn -0.3616 0.0002 -0.9323
usemtl leaf_0
f 7968//7728 8016//7728 8017//7728 7969//7728
vn -0.2455 0.0453 -0.9683
f 7969//7729 8017//7729 8018//7729 7970//7729
vn -0.0276 0.0052 -0.9996
f 7970//7730 8018//7730 8019//7730 7971//7730
vn 0.4937 0.0265 -0.8692
f 7971//7731 8019//7731 8020//7731 7972//7731
vn 0.7884 0.0541 -0.6128
f 7972//7732 8020//7732 8021//7732 7973//7732
vn 0.8607 0.0412 -0.5075
f 7973//7733 8021//7733 8022//7733 7974//7733
vn 0.8802 0.0264 -0.4738
usemtl leaf_2
f 7974//7734 8022//7734 8023//7734 7975//7734
vn 0.8783 0.0553 -0.4749
usemtl leaf_1
f 7975//7735 8023//7735 8024//7735 7976//7735
vn 0.8187 0.1379 -0.5574
f 7976//7736 8024//7736 7977//7736 7929//7736
vn 0.8744 0.0344 -0.4840
usemtl leaf_0
f 7977//7737 8025//7737 8026//7737 7978//7737
vn 0.8987 0.1032 -0.4263
f 7978//7738 8026//7738 8027//7738 7979//7738
vn 0.8673 0.0990 -0.4878
f 7979//7739 8027//7739 8028//7739 7980//7739
vn 0.8924 0.0869 -0.4429
f 7980//7740 8028//7740 8029//7740 7981//7740
vn 0.9587 0.1457 -0.2441
f 7981//7741 8029//7741 8030//7741 7982//7741
vn 0.8828 0.4697 0.0086
f 7982//7742 8030//7742 8031//7742 7983//7742
vn 0.7051 0.4560 0.5430
f 7983//7743 8031//7743 8032//7743 7984//7743
vn 0.6270 0.1871 0.7562
f 7984//7744 8032//7744 8033//7744 7985//7744
vn 0.5551 0.1362 0.8206
f 7985//7745 8033//7745 8034//7745 7986//7745
vn 0.5649 0.1254 0.8156
f 7986//7746 8034//7746 8035//7746 7987//7746
vn 0.5243 0.0514 0.8499
f 7987//7747 8035//7747 8036//7747 7988//7747
vn 0.4156 -0.0086 0.9095
f 7988//7748 8036//7748 8037//7748 7989//7748
vn 0.4693 0.1171 0.8753
f 7989//7749 8037//7749 8038//7749 7990//7749
vn 0.3271 0.1679 0.9300
f 7990//7750 8038//7750 8039//7750 7991//7750
vn 0.4402 0.1168 0.8903
f 7991//7751 8039//7751 8040//7751 7992//7751
vn 0.4420 0.2308 0.8668
f 7992//7752 8040//7752 8041//7752 7993//7752
vn 0.3099 0.4027 0.8613
f 7993//7753 8041//7753 8042//7753 7994//7753
vn -0.0051 0.4239 0.9057
f 7994//7754 8042//7754 8043//7754 7995//7754
vn -0.4324 0.3733 0.8208
f 7995//7755 8043//7755 8044//7755 7996//7755
vn -0.6654 0.3730 0.6466
f 7996//7756 8044//7756 8045//7756 7997//7756
vn -0.7894 0.3332 0.5156
f 7997//7757 8045//7757 8046//7757 7998//7757
vn -0.8431 0.2534 0.4742
usemtl leaf_1
f 7998//7758 8046//7758 8047//7758 7999//7758
vn -0.9465 0.1823 0.2662
f 7999//7759 8047//7759 8048//7759 8000//7759
vn -0.9141 0.1174 0.3880
usemtl leaf_0
f 8000//7760 8048//7760 8049//7760 8001//7760
vn -0.8706 0.0312 0.4910
f 8001//7761 8049//7761 8050//7761 8002//7761
vn -0.8684 0.0329 0.4947
f 8002//7762 8050//7762 8051//7762 8003//7762
vn -0.8175 0.1366 0.5596
f 8003//7763 8051//7763 8052//7763 8004//7763
vn -0.8458 0.2767 0.4561
f 8004//7764 8052//7764 8053//7764 8005//7764
vn -0.8650 0.3840 0.3230
f 8005//7765 8053//7765 8054//7765 8006//7765
vn -0.8440 0.5334 -0.0558
f 8006//7766 8054//7766 8055//7766 8007//7766
vn -0.6963 0.4215 -0.5809
f 8007//7767 8055//7767 8056//7767 8008//7767
vn -0.6482 0.1912 -0.7371
f 8008//7768 8056//7768 8057//7768 8009//7768
vn -0.5312 0.0937 -0.8420
f 8009//7769 8057//7769 8058//7769 8010//7769
vn -0.4313 0.0736 -0.8992
f 8010//7770 8058//7770 8059//7770 8011//7770
vn -0.4191 0.0852 -0.9039
f 8011//7771 8059//7771 8060//7771 8012//7771
vn -0.5496 0.0395 -0.8345
f 8012//7772 8060//7772 8061//7772 8013//7772
vn -0.5458 0.0496 -0.8365
f 8013//7773 8061//7773 8062//7773 8014//7773
vn -0.5274 0.0981 -0.8439
f 8014//7774 8062//7774 8063//7774 8015//7774
vn -0.4569 0.1054 -0.8832
f 8015//7775 8063//7775 8064//7775 8016//7775
vn -0.2715 0.1950 -0.9425
f 8016//7776 8064//7776 8065//7776 8017//7776
vn -0.3105 0.2243 -0.9237
f 8017//7777 8065//7777 8066//7777 8018//7777
vn 0.0217 0.4353 -0.9000
f 8018//7778 8066//7778 8067//7778 8019//7778
vn 0.4078 0.4558 -0.7912
f 8019//7779 8067//7779 8068//7779 8020//7779
vn 0.7579 0.1170 -0.6418
f 8020//7780 8068//7780 8069//7780 8021//7780
vn 0.8568 0.0400 -0.5141
f 8021//7781 8069//7781 8070//7781 8022//7781
vn 0.8590 0.0077 -0.5119
f 8022//7782 8070//7782 8071//7782 8023//7782
vn 0.9055 -0.0002 -0.4244
f 8023//7783 8071//7783 8072//7783 8024//7783
vn 0.8404 0.0032 -0.5419
f 8024//7784 8072//7784 8025//7784 7977//7784
vn 0.4349 0.8731 -0.2201
f 8025//7785 8073//7785 8074//7785 8026//7785
vn 0.4292 0.8624 -0.2685
f 8026//7786 8074//7786 8075//7786 8027//7786
vn 0.1972 0.9669 -0.1622
f 8027//7787 8075//7787 8076//7787 8028//7787
vn 0.0000 1.0000 0.0000
f 8028//7788 8076//7788 8077//7788 8029//7788
vn 0.0000 1.0000 0.0000
f 8029//7789 8077//7789 8078//7789 8030//7789
vn 0.0000 1.0000 0.0000
f 8030//7790 8078//7790 8079//7790 8031//7790
vn 0.0000 1.0000 0.0000
f 8031//7791 8079//7791 8080//7791 8032//7791
vn 0.0000 1.0000 0.0000
f 8032//7792 8080//7792 8081//7792 8033//7792
vn 0.0000 1.0000 0.0000
f 8033//7793 8081//7793 8082//7793 8034//7793
vn 0.0412 0.9916 0.1223
f 8034//7794 8082//7794 8083//7794 8035//7794
vn 0.1109 0.9773 0.1806
f 8035//7795 8083//7795 8084//7795 8036//7795
vn 0.1223 0.9212 0.3694
f 8036//7796 8084//7796 8085//7796 8037//7796
vn 0.2606 0.7410 0.6189
f 8037//7797 8085//7797 8086//7797 8038//7797
vn 0.2317 0.7768 0.5856
f 8038//7798 8086//7798 8087//7798 8039//7798
vn 0.1941 0.9542 0.2274
f 8039//7799 8087//7799 8088//7799 8040//7799
vn 0.0000 1.0000 0.0000
f 8040//7800 8088//7800 8089//7800 8041//7800
vn 0.0000 1.0000 0.0000
f 8041//7801 8089//7801 8090//7801 8042//7801
vn 0.0000 1.0000 0.0000
f 8042//7802 8090//7802 8091//7802 8043//7802
vn 0.0000 1.0000 0.0000
f 8043//7803 8091//7803 8092//7803 8044//7803
vn 0.0000 1.0000 0.0000
f 8044//7804 8092//7804 8093//7804 8045//7804
vn 0.0000 1.0000 0.0000
f 8045//7805 8093//7805 8094//7805 8046//7805
vn -0.0359 0.9993 0.0062
f 8046//7806 8094//7806 8095//7806 8047//7806
vn -0.4687 0.8755 0.1177
f 8047//7807 8095//7807 8096//7807 8048//7807
vn -0.8173 0.3812 0.4321
f 8048//7808 8096//7808 8097//7808 8049//7808
vn -0.7877 0.3941 0.4735
f 8049//7809 8097//7809 8098//7809 8050//7809
vn -0.6552 0.6620 0.3639
f 8050//7810 8098//7810 8099//7810 8051//7810
vn -0.2195 0.9595 0.1766
f 8051//7811 8099//7811 8100//7811 8052//7811
vn 0.0000 1.0000 0.0000
f 8052//7812 8100//7812 8101//7812 8053//7812
vn 0.0000 1.0000 0.0000
f 8053//7813 8101//7813 8102//7813 8054//7813
vn 0.0000 1.0000 0.0000
usemtl leaf_1
f 8054//7814 8102//7814 8103//7814 8055//7814
vn 0.0000 1.0000 0.0000
usemtl leaf_0
f 8055//7815 8103//7815 8104//7815 8056//7815
vn 0.0000 1.0000 0.0000
f 8056//7816 8104//7816 8105//7816 8057//7816
vn 0.0000 1.0000 0.0000
f 8057//7817 8105//7817 8106//7817 8058//7817
vn -0.0583 0.9726 -0.2250
f 8058//7818 8106//7818 8107//7818 8059//7818
vn -0.2726 0.6743 -0.6863
f 8059//7819 8107//7819 8108//7819 8060//7819
vn -0.4334 0.6594 -0.6143
f 8060//7820 8108//7820 8109//7820 8061//7820
vn -0.2800 0.8165 -0.5050
f 8061//7821 8109//7821 8110//7821 8062//7821
vn -0.2685 0.9297 -0.2521
f 8062//7822 8110//7822 8111//7822 8063//7822
vn -0.0228 0.9994 -0.0255
f 8063//7823 8111//7823 8112//7823 8064//7823
vn 0.0000 1.0000 0.0000
f 8064//7824 8112//7824 8113//7824 8065//7824
vn 0.0000 1.0000 0.0000
f 8065//7825 8113//7825 8114//7825 8066//7825
vn 0.0000 1.0000 0.0000
f 8066//7826 8114//7826 8115//7826 8067//7826
vn 0.0000 1.0000 0.0000
f 8067//7827 8115//7827 8116//7827 8068//7827
vn 0.0000 1.0000 0.0000
f 8068//7828 8116//7828 8117//7828 8069//7828
vn 0.0000 1.0000 0.0000
f 8069//7829 8117//7829 8118//7829 8070//7829
vn 0.0574 0.9982 -0.0157
f 8070//7830 8118//7830 8119//7830 8071//7830
vn 0.4003 0.9119 -0.0906
f 8071//7831 8119//7831 8120//7831 8072//7831
vn 0.4583 0.8382 -0.2955
f 8072//7832 8120//7832 8073//7832 8025//7832
vn 0.0000 1.0000 0.0000
f 8073//7833 8121//7833 8122//7833 8074//7833
vn 0.0000 1.0000 0.0000
f 8074//7834 8122//7834 8123//7834 8075//7834
vn 0.0000 1.0000 0.0000
f 8075//7835 8123//7835 8124//7835 8076//7835
vn 0.0000 1.0000 0.0000
f 8076//7836 8124//7836 8125//7836 8077//7836
vn 0.0000 1.0000 0.0000
f 8077//7837 8125//7837 8126//7837 8078//7837
vn 0.0000 1.0000 0.0000
f 8078//7838 8126//7838 8127//7838 8079//7838
vn 0.0000 1.0000 0.0000
f 8079//7839 8127//7839 8128//7839 8080//7839
vn 0.0000 1.0000 0.0000
f 8080//7840 8128//7840 8129//7840 8081//7840
vn 0.0000 1.0000 0.0000
f 8081//7841 8129//7841 8130//7841 8082//7841
vn 0.0000 1.0000 0.0000
f 8082//7842 8130//7842 8131//7842 8083//7842
vn 0.0000 1.0000 0.0000
f 8083//7843 8131//7843 8132//7843 8084//7843
vn 0.0000 1.0000 0.0000
f 8084//7844 8132//7844 8133//7844 8085//7844
vn 0.0000 1.0000 0.0000
f 8085//7845 8133//7845 8134//7845 8086//7845
vn 0.0000 1.0000 0.0000
f 8086//7846 8134//7846 8135//7846 8087//7846
vn 0.0000 1.0000 0.0000
f 8087//7847 8135//7847 8136//7847 8088//7847
vn 0.0000 1.0000 0.0000
f 8088//7848 8136//7848 8137//7848 8089//7848
vn 0.0000 1.0000 0.0000
f 8089//7849 8137//7849 8138//7849 8090//7849
vn 0.0000 1.0000 0.0000
f 8090//7850 8138//7850 8139//7850 8091//7850
vn 0.0000 1.0000 0.0000
f 8091//7851 8139//7851 8140//7851 8092//7851
vn 0.0000 1.0000 0.0000
f 8092//7852 8140//7852 8141//7852 8093//7852
vn 0.0000 1.0000 0.0000
f 8093//7853 8141//7853 8142//7853 8094//7853
vn 0.0000 1.0000 0.0000
f 8094//7854 8142//7854 8143//7854 8095//7854
vn 0.0000 1.0000 0.0000
f 8095//7855 8143//7855 8144//7855 8096//7855
vn 0.0000 1.0000 0.0000
f 8096//7856 8144//7856 8145//7856 8097//7856
vn 0.0000 1.0000 0.0000
f 8097//7857 8145//7857 8146//7857 8098//7857
vn 0.0000 1.0000 0.0000
f 8098//7858 8146//7858 8147//7858 8099//7858
vn 0.0000 1.0000 0.0000
f 8099//7859 8147//7859 8148//7859 8100//7859
vn 0.0000 1.0000 0.0000
f 8100//7860 8148//7860 8149//7860 8101//7860
vn 0.0000 1.0000 0.0000
f 8101//7861 8149//7861 8150//7861 8102//7861
vn 0.0000 1.0000 0.0000
f 8102//7862 8150//7862 8151//7862 8103//7862
vn 0.0000 1.0000 0.0000
f 8103//7863 8151//7863 8152//7863 8104//7863
vn 0.0000 1.0000 0.0000
f 8104//7864 8152//7864 8153//7864 8105//7864
vn 0.0000 1.0000 0.0000
f 8105//7865 8153//7865 8154//7865 8106//7865
vn 0.0000 1.0000 0.0000
f 8106//7866 8154//7866 8155//7866 8107//7866
vn 0.0000 1.0000 0.0000
f 8107//7867 8155//7867 8156//7867 8108//7867
vn 0.0000 1.0000 0.0000
f 8108//7868 8156//7868 8157//7868 8109//7868
vn 0.0000 1.0000 0.0000
f 8109//7869 8157//7869 8158//7869 8110//7869
vn 0.0000 1.0000 0.0000
f 8110//7870 8158//7870 8159//7870 8111//7870
vn 0.0000 1.0000 0.0000
f 8111//7871 8159//7871 8160//7871 8112//7871
vn 0.0000 1.0000 0.0000
f 8112//7872 8160//7872 8161//7872 8113//7872
vn 0.0000 1.0000 0.0000
f 8113//7873 8161//7873 8162//7873 8114//7873
vn 0.0000 1.0000 0.0000
f 8114//7874 8162//7874 8163//7874 8115//7874
vn 0.0000 1.0000 0.0000
f 8115//7875 8163//7875 8164//7875 8116//7875
vn 0.0000 1.0000 0.0000
f 8116//7876 8164//7876 8165//7876 8117//7876
vn 0.0000 1.0000 0.0000
f 8117//7877 8165//7877 8166//7877 8118//7877
vn 0.0000 1.0000 0.0000
f 8118//7878 8166//7878 8167//7878 8119//7878
vn 0.0000 1.0000 0.0000
f 8119//7879 8167//7879 8168//7879 8120//7879
vn 0.0000 1.0000 0.0000
f 8120//7880 8168//7880 8121//7880 8073//7880
vn 0.0000 1.0000 0.0000
f 8121//7881 8169//7881 8170//7881 8122//7881
vn 0.0000 1.0000 0.0000
f 8122//7882 8170//7882 8171//7882 8123//7882
vn 0.0000 1.0000 0.0000
f 8123//7883 8171//7883 8172//7883 8124//7883
vn 0.0000 1.0000 0.0000
f 8124//7884 8172//7884 8173//7884 8125//7884
vn 0.0000 1.0000 0.0000
f 8125//7885 8173//7885 8174//7885 8126//7885
vn 0.0000 1.0000 0.0000
f 8126//7886 8174//7886 8175//7886 8127//7886
vn 0.0000 1.0000 0.0000
f 8127//7887 8175//7887 8176//7887 8128//7887
vn 0.0000 1.0000 0.0000
f 8128//7888 8176//7888 8177//7888 8129//7888
vn 0.0000 1.0000 0.0000
f 8129//7889 8177//7889 8178//7889 8130//7889
vn 0.0000 1.0000 0.0000
f 8130//7890 8178//7890 8179//7890 8131//7890
vn 0.0000 1.0000 0.0000
f 8131//7891 8179//7891 8180//7891 8132//7891
vn 0.0000 1.0000 0.0000
f 8132//7892 8180//7892 8181//7892 8133//7892
vn 0.0000 1.0000 0.0000
f 8133//7893 8181//7893 8182//7893 8134//7893
vn 0.0000 1.0000 0.0000
f 8134//7894 8182//7894 8183//7894 8135//7894
vn 0.0000 1.0000 0.0000
f 8135//7895 8183//7895 8184//7895 8136//7895
vn 0.0000 1.0000 0.0000
f 8136//7896 8184//7896 8185//7896 8137//7896
vn 0.0000 1.0000 0.0000
f 8137//7897 8185//7897 8186//7897 8138//7897
vn 0.0000 1.0000 0.0000
f 8138//7898 8186//7898 8187//7898 8139//7898
vn 0.0000 1.0000 0.0000
f 8139//7899 8187//7899 8188//7899 8140//7899
vn 0.0000 1.0000 0.0000
f 8140//7900 8188//7900 8189//7900 8141//7900
vn 0.0000 1.0000 0.0000
f 8141//7901 8189//7901 8190//7901 8142//7901
vn 0.0000 1.0000 0.0000
f 8142//7902 8190//7902 8191//7902 8143//7902
vn 0.0000 1.0000 0.0000
f 8143//7903 8191//7903 8192//7903 8144//7903
vn 0.0000 1.0000 0.0000
f 8144//7904 8192//7904 8193//7904 8145//7904
vn 0.0000 1.0000 0.0000
f 8145//7905 8193//7905 8194//7905 8146//7905
vn 0.0000 1.0000 0.0000
f 8146//7906 8194//7906 8195//7906 8147//7906
vn 0.0000 1.0000 0.0000
f 8147//7907 8195//7907 8196//7907 8148//7907
vn 0.0000 1.0000 0.0000
f 8148//7908 8196//7908 8197//7908 8149//7908
vn 0.0000 1.0000 0.0000
f 8149//7909 8197//7909 8198//7909 8150//7909
vn 0.0000 1.0000 0.0000
f 8150//7910 8198//7910 8199//7910 8151//7910
vn 0.0000 1.0000 0.0000
f 8151//7911 8199//7911 8200//7911 8152//7911
vn 0.0000 1.0000 0.0000
f 8152//7912 8200//7912 8201//7912 8153//7912
vn 0.0000 1.0000 0.0000
f 8153//7913 8201//7913 8202//7913 8154//7913
vn 0.0000 1.0000 0.0000
f 8154//7914 8202//7914 8203//7914 8155//7914
vn 0.0000 1.0000 0.0000
f 8155//7915 8203//7915 8204//7915 8156//7915
vn 0.0000 1.0000 0.0000
f 8156//7916 8204//7916 8205//7916 8157//7916
vn 0.0000 1.0000 0.0000
f 8157//7917 8205//7917 8206//7917 8158//7917
vn 0.0000 1.0000 0.0000
f 8158//7918 8206//7918 8207//7918 8159//7918
vn 0.0000 1.0000 0.0000
f 8159//7919 8207//7919 8208//7919 8160//7919
vn 0.0000 1.0000 0.0000
f 8160//7920 8208//7920 8209//7920 8161//7920
vn 0.0000 1.0000 0.0000
f 8161//7921 8209//7921 8210//7921 8162//7921
vn 0.0000 1.0000 0.0000
f 8162//7922 8210//7922 8211//7922 8163//7922
vn 0.0000 1.0000 0.0000
f 8163//7923 8211//7923 8212//7923 8164//7923
vn 0.0000 1.0000 0.0000
f 8164//7924 8212//7924 8213//7924 8165//7924
vn 0.0000 1.0000 0.0000
f 8165//7925 8213//7925 8214//7925 8166//7925
vn 0.0000 1.0000 0.0000
f 8166//7926 8214//7926 8215//7926 8167//7926
vn 0.0000 1.0000 0.0000
f 8167//7927 8215//7927 8216//7927 8168//7927
vn 0.0000 1.0000 0.0000
f 8168//7928 8216//7928 8169//7928 8121//7928
vn 0.0000 1.0000 0.0000
f 8169//7929 8217//7929 8218//7929 8170//7929
vn 0.0000 1.0000 0.0000
f 8170//7930 8218//7930 8219//7930 8171//7930
vn 0.0000 1.0000 0.0000
f 8171//7931 8219//7931 8220//7931 8172//7931
vn 0.0000 1.0000 0.0000
f 8172//7932 8220//7932 8221//7932 8173//7932
vn 0.0000 1.0000 0.0000
f 8173//7933 8221//7933 8222//7933 8174//7933
vn 0.0000 1.0000 0.0000
f 8174//7934 8222//7934 8223//7934 8175//7934
vn 0.0000 1.0000 0.0000
f 8175//7935 8223//7935 8224//7935 8176//7935
vn 0.0000 1.0000 0.0000
f 8176//7936 8224//7936 8225//7936 8177//7936
vn 0.0000 1.0000 0.0000
f 8177//7937 8225//7937 8226//7937 8178//7937
vn 0.0000 1.0000 0.0000
f 8178//7938 8226//7938 8227//7938 8179//7938
vn 0.0000 1.0000 0.0000
f 8179//7939 8227//7939 8228//7939 8180//7939
vn 0.0000 1.0000 0.0000
f 8180//7940 8228//7940 8229//7940 8181//7940
vn 0.0000 1.0000 0.0000
f 8181//7941 8229//7941 8230//7941 8182//7941
vn 0.0000 1.0000 0.0000
f 8182//7942 8230//7942 8231//7942 8183//7942
vn 0.0000 1.0000 0.0000
f 8183//7943 8231//7943 8232//7943 8184//7943
vn 0.0000 1.0000 0.0000
f 8184//7944 8232//7944 8233//7944 8185//7944
vn 0.0000 1.0000 0.0000
f 8185//7945 8233//7945 8234//7945 8186//7945
vn 0.0000 1.0000 0.0000
f 8186//7946 8234//7946 8235//7946 8187//7946
vn 0.0000 1.0000 0.0000
f 8187//7947 8235//7947 8236//7947 8188//7947
vn 0.0000 1.0000 0.0000
f 8188//7948 8236//7948 8237//7948 8189//7948
vn 0.0000 1.0000 0.0000
f 8189//7949 8237//7949 8238//7949 8190//7949
vn 0.0000 1.0000 0.0000
f 8190//7950 8238//7950 8239//7950 8191//7950
vn 0.0000 1.0000 0.0000
f 8191//7951 8239//7951 8240//7951 8192//7951
vn 0.0000 1.0000 0.0000
f 8192//7952 8240//7952 8241//7952 8193//7952
vn 0.0000 1.0000 0.0000
f 8193//7953 8241//7953 8242//7953 8194//7953
vn 0.0000 1.0000 0.0000
f 8194//7954 8242//7954 8243//7954 8195//7954
vn 0.0000 1.0000 0.0000
f 8195//7955 8243//7955 8244//7955 8196//7955
vn 0.0000 1.0000 0.0000
f 8196//7956 8244//7956 8245//7956 8197//7956
vn 0.0000 1.0000 0.0000
f 8197//7957 8245//7957 8246//7957 8198//7957
vn 0.0000 1.0000 0.0000
f 8198//7958 8246//7958 8247//7958 8199//7958
vn 0.0000 1.0000 0.0000
f 8199//7959 8247//7959 8248//7959 8200//7959
vn 0.0000 1.0000 0.0000
f 8200//7960 8248//7960 8249//7960 8201//7960
vn 0.0000 1.0000 0.0000
f 8201//7961 8249//7961 8250//7961 8202//7961
vn 0.0000 1.0000 0.0000
f 8202//7962 8250//7962 8251//7962 8203//7962
vn 0.0000 1.0000 0.0000
f 8203//7963 8251//7963 8252//7963 8204//7963
vn 0.0000 1.0000 0.0000
f 8204//7964 8252//7964 8253//7964 8205//7964
vn 0.0000 1.0000 0.0000
f 8205//7965 8253//7965 8254//7965 8206//7965
vn 0.0000 1.0000 0.0000
f 8206//7966 8254//7966 8255//7966 8207//7966
vn 0.0000 1.0000 0.0000
f 8207//7967 8255//7967 8256//7967 8208//7967
vn 0.0000 1.0000 0.0000
f 8208//7968 8256//7968 8257//7968 8209//7968
vn 0.0000 1.0000 0.0000
f 8209//7969 8257//7969 8258//7969 8210//7969
vn 0.0000 1.0000 0.0000
f 8210//7970 8258//7970 8259//7970 8211//7970
vn 0.0000 1.0000 0.0000
f 8211//7971 8259//7971 8260//7971 8212//7971
vn 0.0000 1.0000 0.0000
f 8212//7972 8260//7972 8261//7972 8213//7972
vn 0.0000 1.0000 0.0000
f 8213//7973 8261//7973 8262//7973 8214//7973
vn 0.0000 1.0000 0.0000
f 8214//7974 8262//7974 8263//7974 8215//7974
vn 0.0000 1.0000 0.0000
f 8215//7975 8263//7975 8264//7975 8216//7975
vn 0.0000 1.0000 0.0000
f 8216//7976 8264//7976 8217//7976 8169//7976
vn 0.0000 1.0000 0.0000
f 8217//7977 8265//7977 8266//7977 8218//7977
vn 0.0000 1.0000 0.0000
f 8218//7978 8266//7978 8267//7978 8219//7978
vn 0.0000 1.0000 0.0000
f 8219//7979 8267//7979 8268//7979 8220//7979
vn 0.0000 1.0000 0.0000
f 8220//7980 8268//7980 8269//7980 8221//7980
vn 0.0000 1.0000 0.0000
f 8221//7981 8269//7981 8270//7981 8222//7981
vn 0.0000 1.0000 0.0000
f 8222//7982 8270//7982 8271//7982 8223//7982
vn 0.0000 1.0000 0.0000
f 8223//7983 8271//7983 8272//7983 8224//7983
vn 0.0000 1.0000 0.0000
f 8224//7984 8272//7984 8273//7984 8225//7984
vn 0.0000 1.0000 0.0000
f 8225//7985 8273//7985 8274//7985 8226//7985
vn 0.0000 1.0000 0.0000
f 8226//7986 8274//7986 8275//7986 8227//7986
vn 0.0000 1.0000 0.0000
f 8227//7987 8275//7987 8276//7987 8228//7987
vn 0.0000 1.0000 0.0000
f 8228//7988 8276//7988 8277//7988 8229//7988
vn 0.0000 1.0000 0.0000
f 8229//7989 8277//7989 8278//7989 8230//7989
vn 0.0000 1.0000 0.0000
f 8230//7990 8278//7990 8279//7990 8231//7990
vn 0.0000 1.0000 0.0000
f 8231//7991 8279//7991 8280//7991 8232//7991
vn 0.0000 1.0000 0.0000
f 8232//7992 8280//7992 8281//7992 8233//7992
vn 0.0000 1.0000 0.0000
f 8233//7993 8281//7993 8282//7993 8234//7993
vn 0.0000 1.0000 0.0000
f 8234//7994 8282//7994 8283//7994 8235//7994
vn 0.0000 1.0000 0.0000
f 8235//7995 8283//7995 8284//7995 8236//7995
vn 0.0000 1.0000 0.0000
f 8236//7996 8284//7996 8285//7996 8237//7996
vn 0.0000 1.0000 0.0000
f 8237//7997 8285//7997 8286//7997 8238//7997
vn 0.0000 1.0000 0.0000
f 8238//7998 8286//7998 8287//7998 8239//7998
vn 0.0000 1.0000 0.0000
f 8239//7999 8287//7999 8288//7999 8240//7999
vn 0.0000 1.0000 0.0000
f 8240//8000 8288//8000 8289//8000 8241//8000
vn 0.0000 1.0000 0.0000
f 8241//8001 8289//8001 8290//8001 8242//8001
vn 0.0000 1.0000 0.0000
f 8242//8002 8290//8002 8291//8002 8243//8002
vn 0.0000 1.0000 0.0000
f 8243//8003 8291//8003 8292//8003 8244//8003
vn 0.0000 1.0000 0.0000
f 8244//8004 8292//8004 8293//8004 8245//8004
vn 0.0000 1.0000 0.0000
f 8245//8005 8293//8005 8294//8005 8246//8005
vn 0.0000 1.0000 0.0000
f 8246//8006 8294//8006 8295//8006 8247//8006
vn 0.0000 1.0000 0.0000
f 8247//8007 8295//8007 8296//8007 8248//8007
vn 0.0000 1.0000 0.0000
f 8248//8008 8296//8008 8297//8008 8249//8008
vn 0.0000 1.0000 0.0000
f 8249//8009 8297//8009 8298//8009 8250//8009
vn 0.0000 1.0000 0.0000
f 8250//8010 8298//8010 8299//8010 8251//8010
vn 0.0000 1.0000 0.0000
f 8251//8011 8299//8011 8300//8011 8252//8011
vn 0.0000 1.0000 0.0000
f 8252//8012 8300//8012 8301//8012 8253//8012
vn 0.0000 1.0000 0.0000
f 8253//8013 8301//8013 8302//8013 8254//8013
vn 0.0000 1.0000 0.0000
f 8254//8014 8302//8014 8303//8014 8255//8014
vn 0.0000 1.0000 0.0000
f 8255//8015 8303//8015 8304//8015 8256//8015
vn 0.0000 1.0000 0.0000
f 8256//8016 8304//8016 8305//8016 8257//8016
vn 0.0000 1.0000 0.0000
f 8257//8017 8305//8017 8306//8017 8258//8017
vn 0.0000 1.0000 0.0000
f 8258//8018 8306//8018 8307//8018 8259//8018
vn 0.0000 1.0000 0.0000
f 8259//8019 8307//8019 8308//8019 8260//8019
vn 0.0000 1.0000 0.0000
f 8260//8020 8308//8020 8309//8020 8261//8020
vn 0.0000 1.0000 0.0000
f 8261//8021 8309//8021 8310//8021 8262//8021
vn 0.0000 1.0000 0.0000
f 8262//8022 8310//8022 8311//8022 8263//8022
vn 0.0000 1.0000 0.0000
f 8263//8023 8311//8023 8312//8023 8264//8023
vn 0.0000 1.0000 0.0000
f 8264//8024 8312//8024 8265//8024 8217//8024
vn 0.0000 1.0000 0.0000
f 8265//8025 8313//8025 8314//8025 8266//8025
vn 0.0000 1.0000 0.0000
f 8266//8026 8314//8026 8315//8026 8267//8026
vn 0.0000 1.0000 0.0000
f 8267//8027 8315//8027 8316//8027 8268//8027
vn 0.0000 1.0000 0.0000
f 8268//8028 8316//8028 8317//8028 8269//8028
vn 0.0000 1.0000 0.0000
f 8269//8029 8317//8029 8318//8029 8270//8029
vn 0.0000 1.0000 0.0000
f 8270//8030 8318//8030 8319//8030 8271//8030
vn 0.0000 1.0000 0.0000
f 8271//8031 8319//8031 8320//8031 8272//8031
vn 0.0000 1.0000 0.0000
f 8272//8032 8320//8032 8321//8032 8273//8032
vn 0.0000 1.0000 0.0000
f 8273//8033 8321//8033 8322//8033 8274//8033
vn 0.0000 1.0000 0.0000
f 8274//8034 8322//8034 8323//8034 8275//8034
vn 0.0000 1.0000 0.0000
f 8275//8035 8323//8035 8324//8035 8276//8035
vn 0.0000 1.0000 0.0000
f 8276//8036 8324//8036 8325//8036 8277//8036
vn 0.0000 1.0000 0.0000
f 8277//8037 8325//8037 8326//8037 8278//8037
vn 0.0000 1.0000 0.0000
f 8278//8038 8326//8038 8327//8038 8279//8038
vn 0.0000 1.0000 0.0000
f 8279//8039 8327//8039 8328//8039 8280//8039
vn 0.0000 1.0000 0.0000
f 8280//8040 8328//8040 8329//8040 8281//8040
vn 0.0000 1.0000 0.0000
f 8281//8041 8329//8041 8330//8041 8282//8041
vn 0.0000 1.0000 0.0000
f 8282//8042 8330//8042 8331//8042 8283//8042
vn 0.0000 1.0000 0.0000
f 8283//8043 8331//8043 8332//8043 8284//8043
vn 0.0000 1.0000 0.0000
f 8284//8044 8332//8044 8333//8044 8285//8044
vn 0.0000 1.0000 0.0000
f 8285//8045 8333//8045 8334//8045 8286//8045
vn 0.0000 1.0000 0.0000
f 8286//8046 8334//8046 8335//8046 8287//8046
vn 0.0000 1.0000 0.0000
f 8287//8047 8335//8047 8336//8047 8288//8047
vn 0.0000 1.0000 0.0000
f 8288//8048 8336//8048 8337//8048 8289//8048
vn 0.0000 1.0000 0.0000
f 8289//8049 8337//8049 8338//8049 8290//8049
vn 0.0000 1.0000 0.0000
f 8290//8050 8338//8050 8339//8050 8291//8050
vn 0.0000 1.0000 0.0000
f 8291//8051 8339//8051 8340//8051 8292//8051
vn 0.0000 1.0000 0.0000
f 8292//8052 8340//8052 8341//8052 8293//8052
vn 0.0000 1.0000 0.0000
f 8293//8053 8341//8053 8342//8053 8294//8053
vn 0.0000 1.0000 0.0000
f 8294//8054 8342//8054 8343//8054 8295//8054
vn 0.0000 1.0000 0.0000
f 8295//8055 8343//8055 8344//8055 8296//8055
vn 0.0000 1.0000 0.0000
f 8296//8056 8344//8056 8345//8056 8297//8056
vn 0.0000 1.0000 0.0000
f 8297//8057 8345//8057 8346//8057 8298//8057
vn 0.0000 1.0000 0.0000
f 8298//8058 8346//8058 8347//8058 8299//8058
vn 0.0000 1.0000 0.0000
f 8299//8059 8347//8059 8348//8059 8300//8059
vn 0.0000 1.0000 0.0000
f 8300//8060 8348//8060 8349//8060 8301//8060
vn 0.0000 1.0000 0.0000
f 8301//8061 8349//8061 8350//8061 8302//8061
vn 0.0000 1.0000 0.0000
f 8302//8062 8350//8062 8351//8062 8303//8062
vn 0.0000 1.0000 0.0000
f 8303//8063 8351//8063 8352//8063 8304//8063
vn 0.0000 1.0000 0.0000
f 8304//8064 8352//8064 8353//8064 8305//8064
vn 0.0000 1.0000 0.0000
f 8305//8065 8353//8065 8354//8065 8306//8065
vn 0.0000 1.0000 0.0000
f 8306//8066 8354//8066 8355//8066 8307//8066
vn 0.0000 1.0000 0.0000
f 8307//8067 8355//8067 8356//8067 8308//8067
vn 0.0000 1.0000 0.0000
f 8308//8068 8356//8068 8357//8068 8309//8068
vn 0.0000 1.0000 0.0000
f 8309//8069 8357//8069 8358//8069 8310//8069
vn 0.0000 1.0000 0.0000
f 8310//8070 8358//8070 8359//8070 8311//8070
vn 0.0000 1.0000 0.0000
f 8311//8071 8359//8071 8360//8071 8312//8071
vn 0.0000 1.0000 0.0000
f 8312//8072 8360//8072 8313//8072 8265//8072
vn 0.0000 1.0000 0.0000
f 8313//8073 8361//8073 8362//8073 8314//8073
vn 0.0000 1.0000 0.0000
f 8314//8074 8362//8074 8363//8074 8315//8074
vn 0.0000 1.0000 0.0000
f 8315//8075 8363//8075 8364//8075 8316//8075
vn 0.0000 1.0000 0.0000
f 8316//8076 8364//8076 8365//8076 8317//8076
vn 0.0000 1.0000 0.0000
f 8317//8077 8365//8077 8366//8077 8318//8077
vn 0.0000 1.0000 0.0000
f 8318//8078 8366//8078 8367//8078 8319//8078
vn 0.0000 1.0000 0.0000
f 8319//8079 8367//8079 8368//8079 8320//8079
vn 0.0000 1.0000 0.0000
f 8320//8080 8368//8080 8369//8080 8321//8080
vn 0.0000 1.0000 0.0000
f 8321//8081 8369//8081 8370//8081 8322//8081
vn 0.0000 1.0000 0.0000
f 8322//8082 8370//8082 8371//8082 8323//8082
vn 0.0000 1.0000 0.0000
f 8323//8083 8371//8083 8372//8083 8324//8083
vn 0.0000 1.0000 0.0000
f 8324//8084 8372//8084 8373//8084 8325//8084
vn 0.0000 1.0000 0.0000
f 8325//8085 8373//8085 8374//8085 8326//8085
vn 0.0000 1.0000 0.0000
f 8326//8086 8374//8086 8375//8086 8327//8086
vn 0.0000 1.0000 0.0000
f 8327//8087 8375//8087 8376//8087 8328//8087
vn 0.0000 1.0000 0.0000
f 8328//8088 8376//8088 8377//8088 8329//8088
vn 0.0000 1.0000 0.0000
f 8329//8089 8377//8089 8378//8089 8330//8089
vn 0.0000 1.0000 0.0000
f 8330//8090 8378//8090 8379//8090 8331//8090
vn 0.0000 1.0000 0.0000
f 8331//8091 8379//8091 8380//8091 8332//8091
vn 0.0000 1.0000 0.0000
f 8332//8092 8380//8092 8381//8092 8333//8092
vn 0.0000 1.0000 0.0000
f 8333//8093 8381//8093 8382//8093 8334//8093
vn 0.0000 1.0000 0.0000
f 8334//8094 8382//8094 8383//8094 8335//8094
vn 0.0000 1.0000 0.0000
f 8335//8095 8383//8095 8384//8095 8336//8095
vn 0.0000 1.0000 0.0000
f 8336//8096 8384//8096 8385//8096 8337//8096
vn 0.0000 1.0000 0.0000
f 8337//8097 8385//8097 8386//8097 8338//8097
vn 0.0000 1.0000 0.0000
f 8338//8098 8386//8098 8387//8098 8339//8098
vn 0.0000 1.0000 0.0000
f 8339//8099 8387//8099 8388//8099 8340//8099
vn 0.0000 1.0000 0.0000
f 8340//8100 8388//8100 8389//8100 8341//8100
vn 0.0000 1.0000 0.0000
f 8341//8101 8389//8101 8390//8101 8342//8101
vn 0.0000 1.0000 0.0000
f 8342//8102 8390//8102 8391//8102 8343//8102
vn 0.0000 1.0000 0.0000
f 8343//8103 8391//8103 8392//8103 8344//8103
vn 0.0000 1.0000 0.0000
f 8344//8104 8392//8104 8393//8104 8345//8104
vn 0.0000 1.0000 0.0000
f 8345//8105 8393//8105 8394//8105 8346//8105
vn 0.0000 1.0000 0.0000
f 8346//8106 8394//8106 8395//8106 8347//8106
vn 0.0000 1.0000 0.0000
f 8347//8107 8395//8107 8396//8107 8348//8107
vn 0.0000 1.0000 0.0000
f 8348//8108 8396//8108 8397//8108 8349//8108
vn 0.0000 1.0000 0.0000
f 8349//8109 8397//8109 8398//8109 8350//8109
vn 0.0000 1.0000 0.0000
f 8350//8110 8398//8110 8399//8110 8351//8110
vn 0.0000 1.0000 0.0000
f 8351//8111 8399//8111 8400//8111 8352//8111
vn 0.0000 1.0000 0.0000
f 8352//8112 8400//8112 8401//8112 8353//8112
vn 0.0000 1.0000 0.0000
f 8353//8113 8401//8113 8402//8113 8354//8113
vn 0.0000 1.0000 0.0000
f 8354//8114 8402//8114 8403//8114 8355//8114
vn 0.0000 1.0000 0.0000
f 8355//8115 8403//8115 8404//8115 8356//8115
vn 0.0000 1.0000 0.0000
f 8356//8116 8404//8116 8405//8116 8357//8116
vn 0.0000 1.0000 0.0000
f 8357//8117 8405//8117 8406//8117 8358//8117
vn 0.0000 1.0000 0.0000
f 8358//8118 8406//8118 8407//8118 8359//8118
vn 0.0000 1.0000 0.0000
f 8359//8119 8407//8119 8408//8119 8360//8119
vn 0.0000 1.0000 0.0000
f 8360//8120 8408//8120 8361//8120 8313//8120
vn 0.0000 1.0000 0.0000
f 8361//8121 8409//8121 8410//8121 8362//8121
vn 0.0000 1.0000 0.0000
f 8362//8122 8410//8122 8411//8122 8363//8122
vn 0.0000 1.0000 0.0000
f 8363//8123 8411//8123 8412//8123 8364//8123
vn 0.0000 1.0000 0.0000
f 8364//8124 8412//8124 8413//8124 8365//8124
vn 0.0000 1.0000 0.0000
f 8365//8125 8413//8125 8414//8125 8366//8125
vn 0.0000 1.0000 0.0000
f 8366//8126 8414//8126 8415//8126 8367//8126
vn 0.0000 1.0000 0.0000
f 8367//8127 8415//8127 8416//8127 8368//8127
vn 0.0000 1.0000 0.0000
f 8368//8128 8416//8128 8417//8128 8369//8128
vn 0.0000 1.0000 0.0000
f 8369//8129 8417//8129 8418//8129 8370//8129
vn 0.0000 1.0000 0.0000
f 8370//8130 8418//8130 8419//8130 8371//8130
vn 0.0000 1.0000 0.0000
f 8371//8131 8419//8131 8420//8131 8372//8131
vn 0.0000 1.0000 0.0000
f 8372//8132 8420//8132 8421//8132 8373//8132
vn 0.0000 1.0000 0.0000
f 8373//8133 8421//8133 8422//8133 8374//8133
vn 0.0000 1.0000 0.0000
f 8374//8134 8422//8134 8423//8134 8375//8134
vn 0.0000 1.0000 0.0000
f 8375//8135 8423//8135 8424//8135 8376//8135
vn 0.0000 1.0000 0.0000
f 8376//8136 8424//8136 8425//8136 8377//8136
vn 0.0000 1.0000 0.0000
f 8377//8137 8425//8137 8426//8137 8378//8137
vn 0.0000 1.0000 0.0000
f 8378//8138 8426//8138 8427//8138 8379//8138
vn 0.0000 1.0000 0.0000
f 8379//8139 8427//8139 8428//8139 8380//8139
vn 0.0000 1.0000 0.0000
f 8380//8140 8428//8140 8429//8140 8381//8140
vn 0.0000 1.0000 0.0000
f 8381//8141 8429//8141 8430//8141 8382//8141
vn 0.0000 1.0000 0.0000
f 8382//8142 8430//8142 8431//8142 8383//8142
vn 0.0000 1.0000 0.0000
f 8383//8143 8431//8143 8432//8143 8384//8143
vn 0.0000 1.0000 0.0000
f 8384//8144 8432//8144 8433//8144 8385//8144
vn 0.0000 1.0000 0.0000
f 8385//8145 8433//8145 8434//8145 8386//8145
vn 0.0000 1.0000 0.0000
f 8386//8146 8434//8146 8435//8146 8387//8146
vn 0.0000 1.0000 0.0000
f 8387//8147 8435//8147 8436//8147 8388//8147
vn 0.0000 1.0000 0.0000
f 8388//8148 8436//8148 8437//8148 8389//8148
vn 0.0000 1.0000 0.0000
f 8389//8149 8437//8149 8438//8149 8390//8149
vn 0.0000 1.0000 0.0000
f 8390//8150 8438//8150 8439//8150 8391//8150
vn 0.0000 1.0000 0.0000
f 8391//8151 8439//8151 8440//8151 8392//8151
vn 0.0000 1.0000 0.0000
f 8392//8152 8440//8152 8441//8152 8393//8152
vn 0.0000 1.0000 0.0000
f 8393//8153 8441//8153 8442//8153 8394//8153
vn 0.0000 1.0000 0.0000
f 8394//8154 8442//8154 8443//8154 8395//8154
vn 0.0000 1.0000 0.0000
f 8395//8155 8443//8155 8444//8155 8396//8155
vn 0.0000 1.0000 0.0000
f 8396//8156 8444//8156 8445//8156 8397//8156
vn 0.0000 1.0000 0.0000
f 8397//8157 8445//8157 8446//8157 8398//8157
vn 0.0000 1.0000 0.0000
f 8398//8158 8446//8158 8447//8158 8399//8158
vn 0.0000 1.0000 0.0000
f 8399//8159 8447//8159 8448//8159 8400//8159
vn 0.0000 1.0000 0.0000
f 8400//8160 8448//8160 8449//8160 8401//8160
vn 0.0000 1.0000 0.0000
f 8401//8161 8449//8161 8450//8161 8402//8161
vn 0.0000 1.0000 0.0000
f 8402//8162 8450//8162 8451//8162 8403//8162
vn 0.0000 1.0000 0.0000
f 8403//8163 8451//8163 8452//8163 8404//8163
vn 0.0000 1.0000 0.0000
f 8404//8164 8452//8164 8453//8164 8405//8164
vn 0.0000 1.0000 0.0000
f 8405//8165 8453//8165 8454//8165 8406//8165
vn 0.0000 1.0000 0.0000
f 8406//8166 8454//8166 8455//8166 8407//8166
vn 0.0000 1.0000 0.0000
f 8407//8167 8455//8167 8456//8167 8408//8167
vn 0.0000 1.0000 0.0000
f 8408//8168 8456//8168 8409//8168 8361//8168
vn 0.0000 1.0000 0.0000
f 8409//8169 8457//8169 8458//8169 8410//8169
vn 0.0000 1.0000 0.0000
f 8410//8170 8458//8170 8459//8170 8411//8170
vn 0.0000 1.0000 0.0000
f 8411//8171 8459//8171 8460//8171 8412//8171
vn 0.0000 1.0000 0.0000
f 8412//8172 8460//8172 8461//8172 8413//8172
vn 0.0000 1.0000 0.0000
f 8413//8173 8461//8173 8462//8173 8414//8173
vn 0.0000 1.0000 0.0000
f 8414//8174 8462//8174 8463//8174 8415//8174
vn 0.0000 1.0000 0.0000
f 8415//8175 8463//8175 8464//8175 8416//8175
vn 0.0000 1.0000 0.0000
f 8416//8176 8464//8176 8465//8176 8417//8176
vn 0.0000 1.0000 0.0000
f 8417//8177 8465//8177 8466//8177 8418//8177
vn 0.0000 1.0000 0.0000
f 8418//8178 8466//8178 8467//8178 8419//8178
vn 0.0000 1.0000 0.0000
f 8419//8179 8467//8179 8468//8179 8420//8179
vn 0.0000 1.0000 0.0000
f 8420//8180 8468//8180 8469//8180 8421//8180
vn 0.0000 1.0000 0.0000
f 8421//8181 8469//8181 8470//8181 8422//8181
vn 0.0000 1.0000 0.0000
f 8422//8182 8470//8182 8471//8182 8423//8182
vn 0.0000 1.0000 0.0000
f 8423//8183 8471//8183 8472//8183 8424//8183
vn 0.0000 1.0000 0.0000
f 8424//8184 8472//8184 8473//8184 8425//8184
vn 0.0000 1.0000 0.0000
f 8425//8185 8473//8185 8474//8185 8426//8185
vn 0.0000 1.0000 0.0000
f 8426//8186 8474//8186 8475//8186 8427//8186
vn 0.0000 1.0000 0.0000
f 8427//8187 8475//8187 8476//8187 8428//8187
vn 0.0000 1.0000 0.0000
f 8428//8188 8476//8188 8477//8188 8429//8188
vn 0.0000 1.0000 0.0000
f 8429//8189 8477//8189 8478//8189 8430//8189
vn 0.0000 1.0000 0.0000
f 8430//8190 8478//8190 8479//8190 8431//8190
vn 0.0000 1.0000 0.0000
f 8431//8191 8479//8191 8480//8191 8432//8191
vn 0.0000 1.0000 0.0000
f 8432//8192 8480//8192 8481//8192 8433//8192
vn 0.0000 1.0000 0.0000
f 8433//8193 8481//8193 8482//8193 8434//8193
vn 0.0000 1.0000 0.0000
f 8434//8194 8482//8194 8483//8194 8435//8194
vn 0.0000 1.0000 0.0000
f 8435//8195 8483//8195 8484//8195 8436//8195
vn 0.0000 1.0000 0.0000
f 8436//8196 8484//8196 8485//8196 8437//8196
vn 0.0000 1.0000 0.0000
f 8437//8197 8485//8197 8486//8197 8438//8197
vn 0.0000 1.0000 0.0000
f 8438//8198 8486//8198 8487//8198 8439//8198
vn 0.0000 1.0000 0.0000
f 8439//8199 8487//8199 8488//8199 8440//8199
vn 0.0000 1.0000 0.0000
f 8440//8200 8488//8200 8489//8200 8441//8200
vn 0.0000 1.0000 0.0000
f 8441//8201 8489//8201 8490//8201 8442//8201
vn 0.0000 1.0000 0.0000
f 8442//8202 8490//8202 8491//8202 8443//8202
vn 0.0000 1.0000 0.0000
f 8443//8203 8491//8203 8492//8203 8444//8203
vn 0.0000 1.0000 0.0000
f 8444//8204 8492//8204 8493//8204 8445//8204
vn 0.0000 1.0000 0.0000
f 8445//8205 8493//8205 8494//8205 8446//8205
vn 0.0000 1.0000 0.0000
f 8446//8206 8494//8206 8495//8206 8447//8206
vn 0.0000 1.0000 0.0000
f 8447//8207 8495//8207 8496//8207 8448//8207
vn 0.0000 1.0000 0.0000
f 8448//8208 8496//8208 8497//8208 8449//8208
vn 0.0000 1.0000 0.0000
f 8449//8209 8497//8209 8498//8209 8450//8209
vn 0.0000 1.0000 0.0000
f 8450//8210 8498//8210 8499//8210 8451//8210
vn 0.0000 1.0000 0.0000
f 8451//8211 8499//8211 8500//8211 8452//8211
vn 0.0000 1.0000 0.0000
f 8452//8212 8500//8212 8501//8212 8453//8212
vn 0.0000 1.0000 0.0000
f 8453//8213 8501//8213 8502//8213 8454//8213
vn 0.0000 1.0000 0.0000
f 8454//8214 8502//8214 8503//8214 8455//8214
vn 0.0000 1.0000 0.0000
f 8455//8215 8503//8215 8504//8215 8456//8215
vn 0.0000 1.0000 0.0000
f 8456//8216 8504//8216 8457//8216 8409//8216
vn -0.9948 0.0000 0.1020
usemtl trunk
f 8505//8217 8507//8217 8508//8217 8506//8217
vn -0.7756 0.0000 -0.6313
f 8507//8218 8509//8218 8510//8218 8508//8218
vn -0.1020 0.0000 -0.9948
f 8509//8219 8511//8219 8512//8219 8510//8219
vn 0.6313 0.0000 -0.7756
f 8511//8220 8513//8220 8514//8220 8512//8220
vn 0.9948 0.0000 -0.1020
f 8513//8221 8515//8221 8516//8221 8514//8221
vn 0.7756 0.0000 0.6313
f 8515//8222 8517//8222 8518//8222 8516//8222
vn 0.1020 0.0000 0.9948
f 8517//8223 8519//8223 8520//8223 8518//8223
vn -0.6313 0.0000 0.7756
f 8519//8224 8505//8224 8506//8224 8520//8224
vn 0.0000 1.0000 0.0000
f 8521//8225 8507//8225 8505//8225
vn 0.0000 -1.0000 0.0000
f 8522//8226 8506//8226 8508//8226
vn 0.0000 1.0000 0.0000
f 8521//8227 8509//8227 8507//8227
vn 0.0000 -1.0000 0.0000
f 8522//8228 8508//8228 8510//8228
vn 0.0000 1.0000 0.0000
f 8521//8229 8511//8229 8509//8229
vn 0.0000 -1.0000 0.0000
f 8522//8230 8510//8230 8512//8230
vn 0.0000 1.0000 0.0000
f 8521//8231 8513//8231 8511//8231
vn 0.0000 -1.0000 0.0000
f 8522//8232 8512//8232 8514//8232
vn 0.0000 1.0000 -0.0000
f 8521//8233 8515//8233 8513//8233
vn 0.0000 -1.0000 0.0000
f 8522//8234 8514//8234 8516//8234
vn 0.0000 1.0000 0.0000
f 8521//8235 8517//8235 8515//8235
vn 0.0000 -1.0000 0.0000
f 8522//8236 8516//8236 8518//8236
vn 0.0000 1.0000 -0.0000
f 8521//8237 8519//8237 8517//8237
vn 0.0000 -1.0000 0.0000
f 8522//8238 8518//8238 8520//8238
vn 0.0000 1.0000 -0.0000
f 8521//8239 8505//8239 8519//8239
vn 0.0000 -1.0000 0.0000
f 8522//8240 8520//8240 8506//8240
o tree_1
v -8.3898 2.9103 -8.5000
v -8.3898 0.0000 -8.5000
v -8.4165 2.9103 -8.4177
v -8.4165 0.0000 -8.4177
v -8.4865 2.9103 -8.3669
v -8.4865 0.0000 -8.3669
v -8.5731 2.9103 -8.3669
v -8.5731 0.0000 -8.3669
v -8.6431 2.9103 -8.4177
v -8.6431 0.0000 -8.4177
v -8.6698 2.9103 -8.5000
v -8.6698 0.0000 -8.5000
v -8.6431 2.9103 -8.5823
v -8.6431 0.0000 -8.5823
v -8.5731 2.9103 -8.6331
v -8.5731 0.0000 -8.6331
v -8.4865 2.9103 -8.6331
v -8.4865 0.0000 -8.6331
v -8.4165 2.9103 -8.5823
v -8.4165 0.0000 -8.5823
v -8.5298 2.9103 -8.5000
v -8.5298 0.0000 -8.5000
v -8.5298 4.8350 -8.5000
v -8.5298 4.8990 -8.5000
v -8.5298 4.8864 -8.5000
v -8.5298 4.8740 -8.5000
v -8.5298 4.8939 -8.5000
v -8.5298 4.9211 -8.5000
v -8.5298 4.8267 -8.5000
v -8.5298 4.8096 -8.5000
v -8.5298 4.7926 -8.5000
v -8.5298 4.7979 -8.5000
v -8.5298 4.8181 -8.5000
v -8.5298 4.8898 -8.5000
v -8.5298 4.8810 -8.5000
v -8.5298 4.9212 -8.5000
v -8.5298 4.8569 -8.5000
v -8.5298 4.8411 -8.5000
v -8.5298 4.8286 -8.5000
v -8.5298 4.8624 -8.5000
v -8.5298 4.8610 -8.5000
v -8.5298 4.8589 -8.5000
v -8.5298 4.8660 -8.5000
v -8.5298 4.8604 -8.5000
v -8.5298 4.8608 -8.5000
v -8.5298 4.8167 -8.5000
v -8.5298 4.8135 -8.5000
v -8.5298 4.8125 -8.5000
v -8.5298 4.8503 -8.5000
v -8.5298 4.8710 -8.5000
v -8.5298 4.9149 -8.5000
v -8.5298 4.9087 -8.5000
v -8.5298 4.9361 -8.5000
v -8.5298 4.8489 -8.5000
v -8.5298 4.8019 -8.5000
v -8.5298 4.7506 -8.5000
v -8.5298 4.7354 -8.5000
v -8.5298 4.7741 -8.5000
v -8.5298 4.8923 -8.5000
v -8.5298 4.9320 -8.5000
v -8.5298 4.8868 -8.5000
v -8.5298 4.8941 -8.5000
v -8.5298 4.8557 -8.5000
v -8.5298 4.7740 -8.5000
v -8.5298 4.7997 -8.5000
v -8.5298 4.7859 -8.5000
v -8.5298 4.8678 -8.5000
v -8.5298 4.9485 -8.5000
v -8.5298 4.8983 -8.5000
v -8.5298 4.9000 -8.5000
v -8.2345 4.8252 -8.5000
v -8.2309 4.8548 -8.4606
v -8.2359 4.8680 -8.4213
v -8.2451 4.8870 -8.3821
v -8.2815 4.7841 -8.3566
v -8.2972 4.8150 -8.3215
v -8.3213 4.8229 -8.2915
v -8.3467 4.8513 -8.2614
v -8.3791 4.8541 -8.2390
v -8.4134 4.8681 -8.2189
v -8.4504 4.8803 -8.2037
v -8.4886 4.9215 -8.1873
v -8.5298 4.9191 -8.1851
v -8.5693 4.8593 -8.2002
v -8.6050 4.8024 -8.2193
v -8.6407 4.7986 -8.2323
v -8.6760 4.8114 -8.2467
v -8.7073 4.8069 -8.2687
v -8.7363 4.8092 -8.2935
v -8.7691 4.8557 -8.3164
v -8.7882 4.8399 -8.3508
v -8.7982 4.8024 -8.3888
v -8.8143 4.8213 -8.4238
v -8.8311 4.8661 -8.4603
v -8.8336 4.8658 -8.5000
v -8.8151 4.7888 -8.5376
v -8.8101 4.8005 -8.5751
v -8.8005 4.8142 -8.6121
v -8.7915 4.8582 -8.6511
v -8.7649 4.8298 -8.6804
v -8.7471 4.8824 -8.7173
v -8.7175 4.8876 -8.7446
v -8.6760 4.8110 -8.7532
v -8.6398 4.7871 -8.7655
v -8.6016 4.7388 -8.7679
v -8.5693 4.8613 -8.8003
v -8.5298 4.8483 -8.8001
v -8.4883 4.9324 -8.8149
v -8.4467 4.9492 -8.8102
v -8.4176 4.8149 -8.7709
v -8.3839 4.8085 -8.7527
v -8.3519 4.8104 -8.7318
v -8.3230 4.8116 -8.7068
v -8.3006 4.7946 -8.6759
v -8.2617 4.8939 -8.6548
v -8.2396 4.9154 -8.6202
v -8.2354 4.8706 -8.5789
v -8.2281 4.8681 -8.5397
v -7.9409 4.8032 -8.5000
v -7.9513 4.7902 -8.4238
v -7.9623 4.7998 -8.3479
v -7.9862 4.8019 -8.2748
v -8.0196 4.8036 -8.2054
v -8.0785 4.7556 -8.1537
v -8.1314 4.7429 -8.1016
v -8.1654 4.8259 -8.0252
v -8.2323 4.8177 -7.9847
v -8.3048 4.8011 -7.9567
v -8.3698 4.8725 -7.9028
v -8.4510 4.8378 -7.9016
v -8.5298 4.7821 -7.9200
v -8.6088 4.8412 -7.9002
v -8.6856 4.8341 -7.9185
v -8.7549 4.8012 -7.9567
v -8.8207 4.7862 -7.9962
v -8.8874 4.7996 -8.0340
v -8.9419 4.7887 -8.0879
v -8.9983 4.8069 -8.1405
v -9.0413 4.8073 -8.2047
v -9.0862 4.8347 -8.2695
v -9.1083 4.8268 -8.3450
v -9.1196 4.8173 -8.4223
v -9.1126 4.7886 -8.5000
v -9.1245 4.8289 -8.5783
v -9.1045 4.8176 -8.6540
v -9.0962 4.8602 -8.7346
v -9.0532 4.8396 -8.8022
v -8.9966 4.8019 -8.8582
v -8.9553 4.8335 -8.9255
v -8.8880 4.8021 -8.9669
v -8.8169 4.7682 -8.9972
v -8.7469 4.7522 -9.0242
v -8.6815 4.7965 -9.0661
v -8.6087 4.8396 -9.0991
v -8.5298 4.8064 -9.0903
v -8.4511 4.8369 -9.0980
v -8.3731 4.8426 -9.0849
v -8.3069 4.7877 -9.0381
v -8.2377 4.7920 -9.0059
v -8.1829 4.7580 -8.9521
v -8.1355 4.7290 -8.8943
v -8.0411 4.8673 -8.8750
v -7.9831 4.9034 -8.8156
v -7.9703 4.8427 -8.7318
v -7.9401 4.8543 -8.6580
v -7.9488 4.7963 -8.5765
v -7.6177 4.8174 -8.5000
v -7.6294 4.8114 -8.3815
v -7.6598 4.7998 -8.2669
v -7.7142 4.7722 -8.1622
v -7.7823 4.7418 -8.0684
v -7.8446 4.7426 -7.9742
v -7.9379 4.7016 -7.9081
v -7.9988 4.7559 -7.8080
v -8.0739 4.8168 -7.7104
v -8.1816 4.8138 -7.6595
v -8.2903 4.8379 -7.6062
v -8.4095 4.8328 -7.5859
v -8.5298 4.7508 -7.6310
v -8.6395 4.7061 -7.6671
v -8.7538 4.7455 -7.6640
v -8.8683 4.7748 -7.6828
v -8.9643 4.7509 -7.7474
v -9.0742 4.7898 -7.7906
v -9.1580 4.7809 -7.8718
v -9.2052 4.7235 -7.9818
v -9.2946 4.7726 -8.0585
v -9.3535 4.7858 -8.1588
v -9.3772 4.7636 -8.2729
v -9.3850 4.7410 -8.3874
v -9.4002 4.7530 -8.5000
v -9.3868 4.7437 -8.6128
v -9.4053 4.8086 -8.7346
v -9.3455 4.7723 -8.8379
v -9.3119 4.8035 -8.9515
v -9.2036 4.7204 -9.0170
v -9.1182 4.6939 -9.0884
v -9.0652 4.7669 -9.1977
v -8.9552 4.7227 -9.2368
v -8.8726 4.7921 -9.3275
v -8.7591 4.7769 -9.3557
v -8.6449 4.7708 -9.3744
v -8.5298 4.8159 -9.4111
v -8.4123 4.7987 -9.3923
v -8.2936 4.8183 -9.3816
v -8.2097 4.7005 -9.2727
v -8.1205 4.6731 -9.2090
v -8.0211 4.6992 -9.1629
v -7.9258 4.7279 -9.1040
v -7.8218 4.7871 -9.0433
v -7.7200 4.8530 -8.9676
v -7.7218 4.7595 -8.8347
v -7.6749 4.7756 -8.7291
v -7.7019 4.6983 -8.6090
v -7.3244 4.7615 -8.5000
v -7.4069 4.6797 -8.3522
v -7.4108 4.7088 -8.2002
v -7.5070 4.6511 -8.0763
v -7.5462 4.6833 -7.9321
v -7.6552 4.6458 -7.8289
v -7.7722 4.6111 -7.7424
v -7.8242 4.7094 -7.5805
v -7.9291 4.7569 -7.4596
v -8.0474 4.8233 -7.3354
v -8.2041 4.8208 -7.2846
v -8.3792 4.7039 -7.3557
v -8.5298 4.6748 -7.3718
v -8.6683 4.5993 -7.4482
v -8.8240 4.6841 -7.4022
v -8.9555 4.6570 -7.4723
v -9.1197 4.7328 -7.4782
v -9.2273 4.6944 -7.5911
v -9.3559 4.7198 -7.6739
v -9.4714 4.7405 -7.7775
v -9.5058 4.6734 -7.9365
v -9.6197 4.7326 -8.0485
v -9.6503 4.7105 -8.1998
v -9.6460 4.6721 -8.3531
v -9.7325 4.7584 -8.5000
v -9.6945 4.7271 -8.6533
v -9.6929 4.7600 -8.8117
v -9.6509 4.7704 -8.9644
v -9.4969 4.6619 -9.0584
v -9.4184 4.6656 -9.1818
v -9.3277 4.6750 -9.2979
v -9.2107 4.6639 -9.3874
v -9.1015 4.6918 -9.4902
v -8.9856 4.7452 -9.6003
v -8.8513 4.8025 -9.6997
v -8.6857 4.7486 -9.6838
v -8.5298 4.7400 -9.6863
v -8.3796 4.7001 -9.6409
v -8.2323 4.6986 -9.6103
v -8.1141 4.6278 -9.5036
v -7.9715 4.6618 -9.4671
v -7.8395 4.6813 -9.3997
v -7.6932 4.7365 -9.3366
v -7.6000 4.7239 -9.2135
v -7.4903 4.7557 -9.1002
v -7.4899 4.6719 -8.9308
v -7.4336 4.6823 -8.7937
v -7.4143 4.6713 -8.6469
v -7.0469 4.6841 -8.5000
v -7.0894 4.6583 -8.3104
v -7.1275 4.6573 -8.1243
v -7.2663 4.5850 -7.9766
v -7.3810 4.5496 -7.8367
v -7.4463 4.5834 -7.6686
v -7.5718 4.5740 -7.5420
v -7.6548 4.6449 -7.3597
v -7.7736 4.7095 -7.1903
v -7.9529 4.7053 -7.1072
v -8.1371 4.7137 -7.0344
v -8.3439 4.6338 -7.0878
v -8.5298 4.6025 -7.1120
v -8.7111 4.6034 -7.1228
v -8.8913 4.6100 -7.1508
v -9.0524 4.5833 -7.2383
v -9.2504 4.6483 -7.2518
v -9.3751 4.6029 -7.3984
v -9.5492 4.6486 -7.4806
v -9.6135 4.5835 -7.6685
v -9.7800 4.6504 -7.7782
v -9.8819 4.6674 -7.9400
v -9.9333 4.6584 -8.1239
v -9.9999 4.6840 -8.3065
v -9.9797 4.6557 -8.5000
v -10.0059 4.6892 -8.6943
v -9.8960 4.6252 -8.8661
v -9.8294 4.6185 -9.0383
v -9.7470 4.6175 -9.2028
v -9.6152 4.5853 -9.3328
v -9.4727 4.5556 -9.4429
v -9.3859 4.6182 -9.6157
v -9.2636 4.6710 -9.7710
v -9.0804 4.6462 -9.8293
v -8.9148 4.6880 -9.9368
v -8.7231 4.6826 -9.9685
v -8.5298 4.6483 -9.9413
v -8.3531 4.5732 -9.8424
v -8.1947 4.5224 -9.7508
v -8.0295 4.5331 -9.7078
v -7.8469 4.5834 -9.6829
v -7.6400 4.6659 -9.6597
v -7.4439 4.7295 -9.5859
v -7.3431 4.6952 -9.4106
v -7.3051 4.6249 -9.2071
v -7.2363 4.6128 -9.0358
v -7.2512 4.5471 -8.8426
v -7.1260 4.6265 -8.6848
v -6.8961 4.5158 -8.5000
v -6.8732 4.5410 -8.2819
v -6.9310 4.5304 -8.0716
v -7.0349 4.5052 -7.8808
v -7.1736 4.4699 -7.7170
v -7.2180 4.5292 -7.4934
v -7.3485 4.5408 -7.3187
v -7.4642 4.5949 -7.1113
v -7.6367 4.6192 -6.9531
v -7.8578 4.5987 -6.8776
v -8.0855 4.5721 -6.8417
v -8.3104 4.5477 -6.8335
v -8.5298 4.5108 -6.8736
v -8.7411 4.5055 -6.8953
v -8.9602 4.5355 -6.8938
v -9.1560 4.5175 -6.9883
v -9.3602 4.5342 -7.0617
v -9.5664 4.5626 -7.1491
v -9.6943 4.5247 -7.3355
v -9.8421 4.5296 -7.4930
v -9.9943 4.5546 -7.6545
v -10.0846 4.5491 -7.8560
v -10.1610 4.5531 -8.0629
v -10.2227 4.5658 -8.2771
v -10.1929 4.5357 -8.5000
v -10.2645 4.5944 -8.7284
v -10.2148 4.5909 -8.9515
v -10.0833 4.5482 -9.1435
v -9.9707 4.5362 -9.3319
v -9.8360 4.5244 -9.5023
v -9.6692 4.5006 -9.6394
v -9.5128 4.5029 -9.7810
v -9.3610 4.5353 -9.9397
v -9.1939 4.5847 -10.1033
v -8.9977 4.6339 -10.2463
v -8.7570 4.5884 -10.2259
v -8.5298 4.5032 -10.1152
v -8.3224 4.4854 -10.0753
v -8.1202 4.4811 -10.0285
v -7.9077 4.5103 -10.0019
v -7.6729 4.5700 -9.9841
v -7.4450 4.6163 -9.9138
v -7.2973 4.5899 -9.7325
v -7.1646 4.5749 -9.5476
v -7.1060 4.5228 -9.3220
v -7.0782 4.4734 -9.1013
v -6.9904 4.4886 -8.9125
v -6.9061 4.5185 -8.7138
v -6.6729 4.4121 -8.5000
v -6.7388 4.3849 -8.2642
v -6.8045 4.3739 -8.0377
v -6.8160 4.4111 -7.7901
v -6.9149 4.4164 -7.5676
v -7.0699 4.4031 -7.3798
v -7.1611 4.4548 -7.1313
v -7.3314 4.4725 -6.9382
v -7.5364 4.4824 -6.7793
v -7.8040 4.4336 -6.7477
v -8.0315 4.4491 -6.6403
v -8.2913 4.3960 -6.6886
v -8.5298 4.4475 -6.5778
v -8.7686 4.3974 -6.6861
v -9.0107 4.4129 -6.7051
v -9.2608 4.4410 -6.7352
v -9.4837 4.4397 -6.8477
v -9.6538 4.4065 -7.0352
v -9.8412 4.4109 -7.1886
v -9.9810 4.3972 -7.3865
v -10.0926 4.3838 -7.5977
v -10.2004 4.3858 -7.8080
v -10.3281 4.4148 -8.0181
v -10.4967 4.4808 -8.2411
v -10.4775 4.4612 -8.5000
v -10.5131 4.4897 -8.7611
v -10.3578 4.4314 -8.9898
v -10.2051 4.3886 -9.1939
v -10.1505 4.4200 -9.4357
v -10.0091 4.4164 -9.6351
v -9.8057 4.3838 -9.7759
v -9.6572 4.4095 -9.9693
v -9.5019 4.4593 -10.1837
v -9.2892 4.4811 -10.3334
v -9.0571 4.5097 -10.4679
v -8.7824 4.4547 -10.4190
v -8.5298 4.4321 -10.3939
v -8.2883 4.4085 -10.3343
v -8.0550 4.4001 -10.2720
v -7.8295 4.3976 -10.1907
v -7.5873 4.4273 -10.1324
v -7.2976 4.5025 -10.1058
v -7.1622 4.4539 -9.8676
v -7.0634 4.4075 -9.6252
v -6.9259 4.4095 -9.4260
v -6.8793 4.3741 -9.1836
v -6.6960 4.4347 -8.9914
v -6.5696 4.4771 -8.7581
v -6.4555 4.3026 -8.5000
v -6.5552 4.2670 -8.2400
v -6.6416 4.2511 -7.9941
v -6.6502 4.2854 -7.7215
v -6.7682 4.2853 -7.4829
v -6.9046 4.2915 -7.2529
v -6.9897 4.3473 -6.9599
v -7.1780 4.3656 -6.7384
v -7.4951 4.3005 -6.7078
v -7.7175 4.3234 -6.5390
v -8.0041 4.2840 -6.5381
v -8.2568 4.3100 -6.4263
v -8.5298 4.3415 -6.3355
v -8.8047 4.3163 -6.4120
v -9.0618 4.2944 -6.5146
v -9.2977 4.2734 -6.6463
v -9.5879 4.3207 -6.6673
v -9.7657 4.2835 -6.8894
v -10.0035 4.3068 -7.0263
v -10.2382 4.3367 -7.1891
v -10.2723 4.2758 -7.4940
v -10.3821 4.2727 -7.7328
v -10.6256 4.3437 -7.9384
v -10.5946 4.3062 -8.2282
v -10.6532 4.3238 -8.5000
v -10.5688 4.2949 -8.7684
v -10.5503 4.3101 -9.0414
v -10.3667 4.2655 -9.2609
v -10.2559 4.2676 -9.4966
v -10.2100 4.3214 -9.7893
v -10.0323 4.3244 -10.0025
v -9.7767 4.2913 -10.1249
v -9.6018 4.3326 -10.3567
v -9.3330 4.3132 -10.4391
v -9.0860 4.3348 -10.5757
v -8.8058 4.3200 -10.5967
v -8.5298 4.3048 -10.5793
v -8.2652 4.2822 -10.5096
v -8.0009 4.2894 -10.4740
v -7.7510 4.2857 -10.3802
v -7.4149 4.3696 -10.4310
v -7.1839 4.3615 -10.2541
v -7.0575 4.3060 -9.9723
v -6.8689 4.3109 -9.7744
v -6.8263 4.2563 -9.4835
v -6.7008 4.2618 -9.2576
v -6.4929 4.3175 -9.0458
v -6.4155 4.3277 -8.7784
v -6.2410 4.1858 -8.5000
v -6.3433 4.1575 -8.2121
v -6.4945 4.1241 -7.9547
v -6.5384 4.1405 -7.6751
v -6.5337 4.1913 -7.3475
v -6.7421 4.1738 -7.1283
v -6.8972 4.1926 -6.8674
v -7.1001 4.2061 -6.6368
v -7.3766 4.1918 -6.5026
v -7.6680 4.1733 -6.4194
v -7.9642 4.1506 -6.3892
v -8.2391 4.1648 -6.2921
v -8.5298 4.1797 -6.2293
v -8.8441 4.2263 -6.1127
v -9.1146 4.1758 -6.3176
v -9.4104 4.1900 -6.3741
v -9.5973 4.1336 -6.6511
v -9.8863 4.1653 -6.7322
v -10.1509 4.1871 -6.8789
v -10.3229 4.1761 -7.1241
v -10.5547 4.2026 -7.3309
v -10.6685 4.1947 -7.6141
v -10.6856 4.1665 -7.9224
v -10.8490 4.2029 -8.1947
v -10.7842 4.1741 -8.5000
v -10.8439 4.2012 -8.8047
v -10.6364 4.1492 -9.0645
v -10.4914 4.1296 -9.3125
v -10.4106 4.1460 -9.5859
v -10.3659 4.1945 -9.9089
v -10.1671 4.1949 -10.1373
v -9.9525 4.2022 -10.3540
v -9.6585 4.1752 -10.4550
v -9.3930 4.1746 -10.5840
v -9.1170 4.1789 -10.6913
v -8.8108 4.1397 -10.6346
v -8.5298 4.1588 -10.7093
v -8.2296 4.1896 -10.7804
v -7.9227 4.2051 -10.7658
v -7.6629 4.1778 -10.5929
v -7.3519 4.2085 -10.5401
v -7.2022 4.1491 -10.2302
v -6.9772 4.1542 -10.0527
v -6.7453 4.1724 -9.8693
v -6.5957 4.1670 -9.6167
v -6.3703 4.2023 -9.3945
v -6.2739 4.2017 -9.1045
v -6.1598 4.2203 -8.8120
v -6.1843 4.0190 -8.5000
v -6.2958 3.9950 -8.2059
v -6.2378 4.0261 -7.8858
v -6.3123 4.0332 -7.5815
v -6.4514 4.0332 -7.3001
v -6.4901 4.0777 -6.9348
v -6.7265 4.0723 -6.6967
v -7.0419 4.0447 -6.5610
v -7.3172 4.0397 -6.3997
v -7.6376 4.0154 -6.3459
v -7.9238 4.0179 -6.2385
v -8.2075 4.0512 -6.0519
v -8.5298 4.0485 -6.0412
v -8.8460 4.0390 -6.0983
v -9.1799 4.0623 -6.0739
v -9.4396 4.0273 -6.3035
v -9.7392 4.0381 -6.4053
v -9.9565 4.0185 -6.6407
v -10.1411 4.0016 -6.8887
v -10.4101 4.0254 -7.0572
v -10.6827 4.0556 -7.2570
v -10.8665 4.0668 -7.5321
v -10.8399 4.0310 -7.8810
v -10.8551 4.0190 -8.1939
v -10.9263 4.0323 -8.5000
v -10.9212 4.0363 -8.8148
v -10.8088 4.0226 -9.1107
v -10.7429 4.0320 -9.4167
v -10.5592 4.0184 -9.6716
v -10.4283 4.0314 -9.9568
v -10.3230 4.0686 -10.2932
v -10.0370 4.0529 -10.4643
v -9.7519 4.0447 -10.6167
v -9.4106 4.0076 -10.6265
v -9.1059 3.9878 -10.6500
v -8.8317 4.0106 -10.7934
v -8.5298 4.0064 -10.7973
v -8.2079 4.0504 -10.9452
v -7.8563 4.0858 -11.0134
v -7.5656 4.0643 -10.8277
v -7.3476 4.0239 -10.5476
v -7.0811 4.0279 -10.3879
v -6.8785 4.0163 -10.1513
v -6.7015 4.0083 -9.9029
v -6.4115 4.0451 -9.7230
v -6.2038 4.0638 -9.4634
v -6.1283 4.0556 -9.1435
v -6.1886 4.0231 -8.8082
v -6.1390 3.8606 -8.5000
v -6.0887 3.8741 -8.1786
v -6.2174 3.8612 -7.8804
v -6.1922 3.8870 -7.5317
v -6.2265 3.9115 -7.1702
v -6.4928 3.8941 -6.9370
v -6.7649 3.8805 -6.7351
v -7.0500 3.8682 -6.5714
v -7.2746 3.8833 -6.3259
v -7.6267 3.8548 -6.3197
v -7.9046 3.8654 -6.1665
v -8.2124 3.8684 -6.0889
v -8.5298 3.8972 -5.9156
v -8.8571 3.8828 -6.0137
v -9.2071 3.9034 -5.9724
v -9.4981 3.8870 -6.1624
v -9.8180 3.8957 -6.2688
v -9.9800 3.8590 -6.6100
v -10.2035 3.8561 -6.8263
v -10.5119 3.8810 -6.9791
v -10.7424 3.8917 -7.2226
v -10.9674 3.9075 -7.4903
v -11.0041 3.8929 -7.8370
v -10.9494 3.8700 -8.1815
v -11.0261 3.8806 -8.5000
v -10.9472 3.8696 -8.8183
v -10.9017 3.8729 -9.1355
v -10.8386 3.8811 -9.4563
v -10.7279 3.8885 -9.7691
v -10.5637 3.8933 -10.0607
v -10.3304 3.8901 -10.3006
v -10.1413 3.9091 -10.6002
v -9.7625 3.8747 -10.6350
v -9.4679 3.8721 -10.7648
v -9.1464 3.8590 -10.8010
v -8.8438 3.8634 -10.8848
v -8.5298 3.8691 -10.9357
v -8.1867 3.9056 -11.1058
v -7.8367 3.9149 -11.0865
v -7.5176 3.9087 -10.9436
v -7.2750 3.8831 -10.6734
v -7.0922 3.8551 -10.3735
v -6.8135 3.8675 -10.2163
v -6.5400 3.8828 -10.0268
v -6.3322 3.8884 -9.7688
v -6.1218 3.9014 -9.4974
v -6.0790 3.8883 -9.1567
v -6.0964 3.8727 -8.8204
v -5.9404 3.7279 -8.5000
v -5.9535 3.7290 -8.1608
v -5.9908 3.7327 -7.8197
v -5.9778 3.7492 -7.4429
v -6.2067 3.7394 -7.1588
v -6.4703 3.7287 -6.9197
v -6.6352 3.7390 -6.6054
v -7.0359 3.7112 -6.5531
v -7.2981 3.7124 -6.3666
v -7.5398 3.7276 -6.1098
v -7.8732 3.7214 -6.0496
v -8.2007 3.7195 -6.0003
v -8.5298 3.7405 -5.8083
v -8.8770 3.7366 -5.8630
v -9.2163 3.7357 -5.9378
v -9.5292 3.7306 -6.0871
v -9.8426 3.7324 -6.2262
v -10.0418 3.7149 -6.5295
v -10.2681 3.7117 -6.7617
v -10.6116 3.7322 -6.9026
v -10.8030 3.7323 -7.1875
v -11.0091 3.7395 -7.4731
v -11.1173 3.7389 -7.8067
v -11.0943 3.7276 -8.1624
v -11.0722 3.7221 -8.5000
v -11.0650 3.7239 -8.8338
v -10.9990 3.7238 -9.1616
v -10.9182 3.7274 -9.4893
v -10.9003 3.7461 -9.8686
v -10.6881 3.7441 -10.1561
v -10.4717 3.7472 -10.4419
v -10.1318 3.7331 -10.5878
v -9.7785 3.7166 -10.6628
v -9.5041 3.7225 -10.8522
v -9.1331 3.6960 -10.7516
v -8.8532 3.7141 -10.9565
v -8.5298 3.7325 -11.1263
v -8.1700 3.7485 -11.2329
v -7.8172 3.7481 -11.1596
v -7.4816 3.7464 -11.0307
v -7.2959 3.7129 -10.6372
v -7.0560 3.7071 -10.4207
v -6.8176 3.7072 -10.2122
v -6.5160 3.7216 -10.0452
v -6.2001 3.7403 -9.8450
v -6.0004 3.7462 -9.5477
v -5.9021 3.7441 -9.2041
v -5.9601 3.7282 -8.8383
v -5.8833 3.5696 -8.5000
v -5.8099 3.5755 -8.1419
v -5.9724 3.5697 -7.8147
v -5.9808 3.5765 -7.4441
v -6.1136 3.5784 -7.1050
v -6.3614 3.5749 -6.8361
v -6.7397 3.5626 -6.7099
v -6.9137 3.5701 -6.3939
v -7.2234 3.5676 -6.2372
v -7.5066 3.5713 -6.0296
v -7.8437 3.5699 -5.9393
v -8.1822 3.5706 -5.8597
v -8.5298 3.5734 -5.7910
v -8.8760 3.5700 -5.8705
v -9.2087 3.5682 -5.9664
v -9.5460 3.5702 -6.0466
v -9.9053 3.5760 -6.1175
v -10.1653 3.5721 -6.3685
v -10.3923 3.5689 -6.6375
v -10.5636 3.5646 -6.9394
v -10.8887 3.5743 -7.1381
v -10.9497 3.5680 -7.4977
v -11.0494 3.5673 -7.8249
v -11.0441 3.5629 -8.1690
v -10.9913 3.5583 -8.5000
v -11.0837 3.5653 -8.8362
v -11.0991 3.5704 -9.1885
v -11.0970 3.5777 -9.5634
v -10.9000 3.5751 -9.8684
v -10.6994 3.5750 -10.1648
v -10.4388 3.5729 -10.4090
v -10.1503 3.5706 -10.6119
v -9.8141 3.5649 -10.7244
v -9.5096 3.5644 -10.8653
v -9.1679 3.5586 -10.8813
v -8.8724 3.5683 -11.1026
v -8.5298 3.5761 -11.2532
v -8.1691 3.5767 -11.2400
v -7.8187 3.5758 -11.1541
v -7.5076 3.5711 -10.9679
v -7.2326 3.5664 -10.7468
v -6.9160 3.5699 -10.6032
v -6.6630 3.5692 -10.3668
v -6.3982 3.5721 -10.1356
v -6.1212 3.5778 -9.8906
v -6.0071 3.5747 -9.5449
v -6.0471 3.5650 -9.1652
v -6.0171 3.5628 -8.8308
v -5.7915 3.4084 -8.5000
v -5.7095 3.4084 -8.1287
v -5.7308 3.4084 -7.7500
v -5.9567 3.4084 -7.4342
v -6.1427 3.4084 -7.1218
v -6.3666 3.4084 -6.8401
v -6.7338 3.4084 -6.7040
v -6.9691 3.4084 -6.4660
v -7.2173 3.4084 -6.2267
v -7.5033 3.4084 -6.0218
v -7.8455 3.4084 -5.9461
v -8.1895 3.4084 -5.9154
v -8.5298 3.4084 -5.9074
v -8.8683 3.4084 -5.9289
v -9.2412 3.4084 -5.8451
v -9.5978 3.4084 -5.9216
v -9.8746 3.4084 -6.1707
v -10.1898 3.4084 -6.3367
v -10.4989 3.4084 -6.5309
v -10.6707 3.4084 -6.8572
v -10.7833 3.4084 -7.1989
v -10.9644 3.4084 -7.4916
v -11.0046 3.4084 -7.8369
v -11.1505 3.4084 -8.1550
v -11.1266 3.4084 -8.5000
v -11.0616 3.4084 -8.8333
v -11.0591 3.4084 -9.1777
v -11.0161 3.4084 -9.5299
v -10.9872 3.4084 -9.9188
v -10.7260 3.4084 -10.1852
v -10.4787 3.4084 -10.4489
v -10.1465 3.4084 -10.6069
v -9.7814 3.4084 -10.6679
v -9.5080 3.4084 -10.8617
v -9.2015 3.4084 -11.0067
v -8.8759 3.4084 -11.1287
v -8.5298 3.4084 -11.3016
v -8.1681 3.4084 -11.2477
v -7.8249 3.4084 -11.1309
v -7.5054 3.4084 -10.9731
v -7.1682 3.4084 -10.8584
v -6.8867 3.4084 -10.6413
v -6.5789 3.4084 -10.4509
v -6.4146 3.4084 -10.1231
v -6.1752 3.4084 -9.8594
v -6.0738 3.4084 -9.5173
v -6.0092 3.4084 -9.1754
v -6.0028 3.4084 -8.8327
v -5.9245 3.2498 -8.5000
v -5.8050 3.2410 -8.1413
v -5.8860 3.2417 -7.7916
v -6.0100 3.2423 -7.4563
v -6.2322 3.2468 -7.1735
v -6.5053 3.2530 -6.9465
v -6.7021 3.2510 -6.6723
v -6.9219 3.2476 -6.4046
v -7.1994 3.2464 -6.1957
v -7.5280 3.2490 -6.0814
v -7.8278 3.2432 -5.8801
v -8.1972 3.2532 -5.9737
v -8.5298 3.2498 -5.8954
v -8.8755 3.2471 -5.8741
v -9.1945 3.2520 -6.0195
v -9.5499 3.2461 -6.0372
v -9.9065 3.2407 -6.1155
v -10.2341 3.2379 -6.2789
v -10.4154 3.2460 -6.6144
v -10.7025 3.2416 -6.8328
v -10.8455 3.2456 -7.1630
v -10.8613 3.2547 -7.5343
v -10.9859 3.2536 -7.8419
v -11.0442 3.2540 -8.1690
v -11.0421 3.2554 -8.5000
v -11.1072 3.2501 -8.8393
v -11.1296 3.2445 -9.1966
v -11.1104 3.2383 -9.5689
v -10.9124 3.2409 -9.8756
v -10.7130 3.2408 -10.1752
v -10.3407 3.2525 -10.3109
v -10.1278 3.2486 -10.5826
v -9.8275 3.2504 -10.7477
v -9.5118 3.2522 -10.8706
v -9.2490 3.2392 -11.1839
v -8.8828 3.2437 -11.1814
v -8.5298 3.2450 -11.1827
v -8.1861 3.2481 -11.1107
v -7.8872 3.2572 -10.8982
v -7.5543 3.2532 -10.8552
v -7.1893 3.2451 -10.8218
v -6.9013 3.2455 -10.6223
v -6.6004 3.2422 -10.4294
v -6.4024 3.2451 -10.1324
v -6.2389 3.2473 -9.8226
v -6.1448 3.2512 -9.4879
v -6.0216 3.2503 -9.1721
v -5.9811 3.2519 -8.8355
v -5.8314 3.0755 -8.5000
v -5.8720 3.0777 -8.1501
v -5.9081 3.0736 -7.7975
v -6.0533 3.0777 -7.4742
v -6.2852 3.0887 -7.2041
v -6.5384 3.0987 -6.9720
v -6.7428 3.0966 -6.7130
v -6.9480 3.0879 -6.4386
v -7.2542 3.0937 -6.2906
v -7.5520 3.0932 -6.1393
v -7.8644 3.0912 -6.0167
v -8.1910 3.0882 -5.9268
v -8.5298 3.0950 -5.9596
v -8.8554 3.1007 -6.0271
v -9.1890 3.0942 -6.0398
v -9.4917 3.0983 -6.1777
v -9.8897 3.0729 -6.1446
v -10.2208 3.0657 -6.2963
v -10.4620 3.0713 -6.5678
v -10.6616 3.0769 -6.8643
v -10.7800 3.0879 -7.2009
v -10.8165 3.1031 -7.5528
v -10.9996 3.0930 -7.8382
v -11.0236 3.0981 -8.1717
v -11.0697 3.0951 -8.5000
v -11.1048 3.0880 -8.8390
v -11.1311 3.0762 -9.1970
v -11.0618 3.0703 -9.5488
v -10.7978 3.0853 -9.8094
v -10.5806 3.0895 -10.0736
v -10.2908 3.1012 -10.2610
v -9.9916 3.1122 -10.4051
v -9.7612 3.1046 -10.6328
v -9.5604 3.0762 -10.9880
v -9.2201 3.0794 -11.0763
v -8.8767 3.0805 -11.1349
v -8.5298 3.0847 -11.1236
v -8.2078 3.1041 -10.9455
v -7.9067 3.1114 -10.8255
v -7.5708 3.0992 -10.8153
v -7.1643 3.0715 -10.8651
v -6.8032 3.0585 -10.7501
v -6.6376 3.0783 -10.3922
v -6.4730 3.0886 -10.0783
v -6.3553 3.0986 -9.7555
v -6.2107 3.0987 -9.4606
v -6.0678 3.0940 -9.1597
v -5.9483 3.0872 -8.8399
v -5.9435 2.9192 -8.5000
v -5.9328 2.9130 -8.1581
v -6.0218 2.9173 -7.8280
v -6.1205 2.9152 -7.5020
v -6.4294 2.9497 -7.2873
v -6.5840 2.9445 -7.0069
v -6.7127 2.9224 -6.6829
v -6.9712 2.9242 -6.4688
v -7.2830 2.9368 -6.3405
v -7.5295 2.9140 -6.0851
v -7.8890 2.9402 -6.1087
v -8.2055 2.9385 -6.0368
v -8.5298 2.9320 -5.9809
v -8.8434 2.9540 -6.1178
v -9.1491 2.9558 -6.1886
v -9.4795 2.9391 -6.2073
v -9.7884 2.9323 -6.3200
v -10.1276 2.9120 -6.4177
v -10.4375 2.8981 -6.5923
v -10.5963 2.9158 -6.9143
v -10.6666 2.9417 -7.2663
v -10.7037 2.9634 -7.5995
v -10.8480 2.9545 -7.8789
v -10.9925 2.9386 -8.1758
v -11.1523 2.9124 -8.5000
v -11.1595 2.9067 -8.8462
v -11.0723 2.9106 -9.1813
v -10.9917 2.9044 -9.5197
v -10.7224 2.9296 -9.7659
v -10.5182 2.9344 -10.0257
v -10.2058 2.9601 -10.1760
v -10.0620 2.9324 -10.4968
v -9.7977 2.9288 -10.6961
v -9.5362 2.9110 -10.9297
v -9.2337 2.8940 -11.1269
v -8.8722 2.9123 -11.1005
v -8.5298 2.9406 -10.9736
v -8.2153 2.9527 -10.8887
v -7.8988 2.9473 -10.8548
v -7.6244 2.9609 -10.6859
v -7.2239 2.9144 -10.7619
v -6.9020 2.9027 -10.6214
v -6.6338 2.9013 -10.3960
v -6.4914 2.9225 -10.0641
v -6.3681 2.9363 -9.7481
v -6.2833 2.9485 -9.4305
v -6.1059 2.9338 -9.1495
v -6.0975 2.9444 -8.8202
v -5.9886 2.7469 -8.5000
v -6.0398 2.7547 -8.1722
v -6.2314 2.7890 -7.8841
v -6.3423 2.7921 -7.5939
v -6.5167 2.8033 -7.3377
v -6.6595 2.7948 -7.0649
v -6.7734 2.7619 -6.7436
v -7.0584 2.7792 -6.5824
v -7.3442 2.7912 -6.4464
v -7.6077 2.7812 -6.2738
v -7.9019 2.7769 -6.1565
v -8.2186 2.7877 -6.1358
v -8.5298 2.8066 -6.1882
v -8.8480 2.7739 -6.0833
v -9.1275 2.8073 -6.2693
v -9.4441 2.7865 -6.2926
v -9.7869 2.7540 -6.3226
v -10.0528 2.7572 -6.5152
v -10.2617 2.7708 -6.7681
v -10.4820 2.7679 -7.0021
v -10.5562 2.7994 -7.3301
v -10.6216 2.8190 -7.6335
v -10.8238 2.7902 -7.8853
v -10.8314 2.8041 -8.1970
v -10.9554 2.7770 -8.5000
v -11.0533 2.7459 -8.8322
v -10.9808 2.7479 -9.1567
v -10.7877 2.7723 -9.4352
v -10.5422 2.8035 -9.6619
v -10.4044 2.7933 -9.9384
v -10.1222 2.8222 -10.0924
v -9.9512 2.8006 -10.3524
v -9.7910 2.7518 -10.6845
v -9.4798 2.7622 -10.7934
v -9.1707 2.7639 -10.8917
v -8.8534 2.7630 -10.9581
v -8.5298 2.7928 -10.8649
v -8.2339 2.8183 -10.7478
v -7.9215 2.7966 -10.7703
v -7.5956 2.7729 -10.7555
v -7.3338 2.7858 -10.5716
v -7.0078 2.7576 -10.4835
v -6.7510 2.7536 -10.2788
v -6.6842 2.8029 -9.9162
v -6.5036 2.7994 -9.6698
v -6.3702 2.7999 -9.3946
v -6.2393 2.7912 -9.1137
v -6.1509 2.7838 -8.8132
v -6.1978 2.6164 -8.5000
v -6.3423 2.6591 -8.2120
v -6.4341 2.6715 -7.9385
v -6.4247 2.6345 -7.6280
v -6.5505 2.6322 -7.3573
v -6.7414 2.6428 -7.1277
v -6.8822 2.6170 -6.8524
v -7.1204 2.6221 -6.6632
v -7.3723 2.6222 -6.4951
v -7.6849 2.6585 -6.4602
v -7.9468 2.6434 -6.3242
v -8.2305 2.6295 -6.2262
v -8.5298 2.6641 -6.3084
v -8.8289 2.6302 -6.2282
v -9.1178 2.6368 -6.3056
v -9.4213 2.6172 -6.3477
v -9.6526 2.6457 -6.5553
v -9.9088 2.6390 -6.7028
v -10.1373 2.6363 -6.8925
v -10.3604 2.6247 -7.0953
v -10.4413 2.6588 -7.3964
v -10.5563 2.6634 -7.6606
v -10.5893 2.6843 -7.9482
v -10.7141 2.6602 -8.2124
v -10.8227 2.6297 -8.5000
v -10.8702 2.6067 -8.8081
v -10.8128 2.6057 -9.1117
v -10.6250 2.6382 -9.3678
v -10.4343 2.6615 -9.5995
v -10.1521 2.7139 -9.7448
v -10.1058 2.6514 -10.0760
v -9.9357 2.6240 -10.3322
v -9.7534 2.5773 -10.6192
v -9.4603 2.5826 -10.7463
v -9.1390 2.6090 -10.7735
v -8.8098 2.6797 -10.6271
v -8.5298 2.6951 -10.6002
v -8.2378 2.6485 -10.7182
v -7.9407 2.6354 -10.6985
v -7.6550 2.6320 -10.6120
v -7.4240 2.6573 -10.4153
v -7.1313 2.6282 -10.3226
v -6.9156 2.6331 -10.1142
v -6.6899 2.6207 -9.9118
v -6.6050 2.6535 -9.6113
v -6.4651 2.6494 -9.3552
v -6.4227 2.6675 -9.0646
v -6.3583 2.6645 -8.7859
v -6.4619 2.5170 -8.5000
v -6.5734 2.5578 -8.2424
v -6.6489 2.5691 -7.9960
v -6.6026 2.5092 -7.7017
v -6.6864 2.4909 -7.4357
v -6.8274 2.4834 -7.1937
v -6.9884 2.4688 -6.9586
v -7.2307 2.4885 -6.8070
v -7.4579 2.4843 -6.6435
v -7.7323 2.5101 -6.5747
v -8.0104 2.5434 -6.5616
v -8.2569 2.5072 -6.4273
v -8.5298 2.5300 -6.4622
v -8.7963 2.5284 -6.4758
v -9.0842 2.4851 -6.4311
v -9.3264 2.5111 -6.5768
v -9.5586 2.5215 -6.7181
v -9.7744 2.5271 -6.8780
v -10.0153 2.5028 -7.0145
v -10.1091 2.5503 -7.2881
v -10.3328 2.5110 -7.4591
v -10.5033 2.4876 -7.6825
v -10.5823 2.4925 -7.9500
v -10.5527 2.5289 -8.2337
v -10.5884 2.5210 -8.5000
v -10.7224 2.4551 -8.7887
v -10.5263 2.5174 -9.0350
v -10.3860 2.5423 -9.2689
v -10.2193 2.5675 -9.4754
v -10.1119 2.5488 -9.7140
v -9.9615 2.5356 -9.9317
v -9.8642 2.4635 -10.2391
v -9.6204 2.4682 -10.3890
v -9.3570 2.4766 -10.4971
v -9.0720 2.5054 -10.5234
v -8.7947 2.5336 -10.5122
v -8.5298 2.5460 -10.5008
v -8.2503 2.4852 -10.6234
v -7.9846 2.5003 -10.5348
v -7.7142 2.4898 -10.4689
v -7.5101 2.5293 -10.2661
v -7.2690 2.5157 -10.1431
v -7.1031 2.5387 -9.9267
v -6.8955 2.5204 -9.7540
v -6.6491 2.4723 -9.5858
v -6.5933 2.5049 -9.3021
v -6.5455 2.5229 -9.0317
v -6.4179 2.4902 -8.7780
v -6.6293 2.3811 -8.5000
v -6.7681 2.4479 -8.2681
v -6.8480 2.4673 -8.0494
v -6.7828 2.3863 -7.7764
v -6.9085 2.3965 -7.5639
v -6.9542 2.3349 -7.2910
v -7.1901 2.3843 -7.1603
v -7.3624 2.3719 -6.9787
v -7.5989 2.4021 -6.8876
v -7.8231 2.4103 -6.7940
v -8.0309 2.3664 -6.6379
v -8.2855 2.3966 -6.6441
v -8.5298 2.3855 -6.6076
v -8.7739 2.3977 -6.6462
v -9.0316 2.3604 -6.6271
v -9.2686 2.3649 -6.7165
v -9.4468 2.4171 -6.9118
v -9.6658 2.3998 -7.0196
v -9.8301 2.4145 -7.1997
v -9.9725 2.4254 -7.3930
v -10.1372 2.4052 -7.5720
v -10.3219 2.3599 -7.7577
v -10.4731 2.3209 -7.9793
v -10.4198 2.3780 -8.2512
v -10.4148 2.3895 -8.5000
v -10.4552 2.3587 -8.7535
v -10.3697 2.3788 -8.9930
v -10.2214 2.4187 -9.2007
v -10.0976 2.4299 -9.4051
v -9.9699 2.4273 -9.6050
v -9.8806 2.3758 -9.8508
v -9.7395 2.3343 -10.0765
v -9.5274 2.3299 -10.2279
v -9.2767 2.3534 -10.3033
v -8.9954 2.4360 -10.2377
v -8.7709 2.4100 -10.3314
v -8.5298 2.4256 -10.3183
v -8.2765 2.3594 -10.4241
v -8.0084 2.3194 -10.4460
v -7.8023 2.3809 -10.2563
v -7.6138 2.4182 -10.0866
v -7.4123 2.4162 -9.9563
v -7.2554 2.4342 -9.7744
v -7.0533 2.4024 -9.6330
v -6.8246 2.3441 -9.4845
v -6.6715 2.3212 -9.2697
v -6.6651 2.3649 -8.9996
v -6.6235 2.3691 -8.7510
v -6.8746 2.2865 -8.5000
v -6.9337 2.3172 -8.2899
v -7.0214 2.3500 -8.0958
v -6.9961 2.2832 -7.8647
v -7.0438 2.2453 -7.6420
v -7.1565 2.2351 -7.4462
v -7.3113 2.2404 -7.2815
v -7.5080 2.2707 -7.1683
v -7.6792 2.2553 -7.0267
v -7.8870 2.2699 -6.9481
v -8.1018 2.2874 -6.9025
v -8.3148 2.2919 -6.8668
v -8.5298 2.2499 -6.7908
v -8.7557 2.2353 -6.7841
v -8.9728 2.2484 -6.8469
v -9.1854 2.2472 -6.9172
v -9.3704 2.2689 -7.0440
v -9.5295 2.2953 -7.1972
v -9.6186 2.3647 -7.4112
v -9.7658 2.3524 -7.5516
v -9.9482 2.2983 -7.6811
v -10.1633 2.2100 -7.8234
v -10.2732 2.1850 -8.0329
v -10.3157 2.1875 -8.2649
v -10.2313 2.2552 -8.5000
v -10.0950 2.3383 -8.7061
v -10.0466 2.3440 -8.9064
v -10.0368 2.3028 -9.1242
v -9.9630 2.2867 -9.3274
v -9.9006 2.2372 -9.5519
v -9.7605 2.2288 -9.7306
v -9.5951 2.2223 -9.8883
v -9.3904 2.2417 -9.9907
v -9.1499 2.3101 -9.9970
v -8.9382 2.3390 -10.0240
v -8.7382 2.3263 -10.0829
v -8.5298 2.2805 -10.1640
v -8.3033 2.2323 -10.2203
v -8.0777 2.2244 -10.1873
v -7.8984 2.2900 -10.0244
v -7.7229 2.3145 -9.8977
v -7.5595 2.3281 -9.7645
v -7.4331 2.3572 -9.5967
v -7.1945 2.2676 -9.5246
v -7.0722 2.2676 -9.3415
v -6.9328 2.2367 -9.1615
v -6.8503 2.2299 -8.9500
v -6.8517 2.2612 -8.7209
v -7.1017 2.1827 -8.5000
v -7.1877 2.2439 -8.3233
v -7.2264 2.2476 -8.1507
v -7.2408 2.2081 -7.9661
v -7.3483 2.2348 -7.8178
v -7.4263 2.2119 -7.6533
v -7.5438 2.2089 -7.5140
v -7.6675 2.1899 -7.3762
v -7.8232 2.1928 -7.2762
v -7.9963 2.2091 -7.2119
v -8.1575 2.1827 -7.1107
v -8.3373 2.1827 -7.0375
v -8.5298 2.1836 -7.0762
v -8.7147 2.1901 -7.0959
v -8.8925 2.2029 -7.1464
v -9.0730 2.1874 -7.1887
v -9.2008 2.2539 -7.3378
v -9.3271 2.2818 -7.4610
v -9.4945 2.2348 -7.5353
v -9.6660 2.1827 -7.6281
v -9.7614 2.1850 -7.7889
v -9.8798 2.1827 -7.9408
v -9.9574 2.1827 -8.1175
v -10.0383 2.1827 -8.3014
v -9.9988 2.1827 -8.5000
v -9.8487 2.2640 -8.6736
v -9.7830 2.2924 -8.8358
v -9.8020 2.2238 -9.0270
v -9.7241 2.2221 -9.1895
v -9.7085 2.1827 -9.4044
v -9.5635 2.1827 -9.5337
v -9.3872 2.1968 -9.6174
v -9.1986 2.2577 -9.6585
v -9.0528 2.2328 -9.7626
v -8.8986 2.1827 -9.8763
v -8.7205 2.1827 -9.9483
v -8.5298 2.1827 -9.9824
v -8.3419 2.1827 -9.9275
v -8.1447 2.1827 -9.9373
v -7.9860 2.1859 -9.8130
v -7.8535 2.2448 -9.6714
v -7.7188 2.2624 -9.5569
v -7.5559 2.2236 -9.4739
v -7.4575 2.2456 -9.3228
v -7.3149 2.2016 -9.2014
v -7.1620 2.1827 -9.0665
v -7.1435 2.1827 -8.8715
v -7.0769 2.1827 -8.6913
v -7.4113 2.1827 -8.5000
v -7.3637 2.1827 -8.3465
v -7.4151 2.1827 -8.2013
v -7.4802 2.1827 -8.0652
v -7.5290 2.1827 -7.9222
v -7.6396 2.1827 -7.8169
v -7.7017 2.1827 -7.6719
v -7.7998 2.1827 -7.5486
v -7.9636 2.1827 -7.5194
v -8.0886 2.1827 -7.4348
v -8.2222 2.1827 -7.3522
v -8.3816 2.1827 -7.3740
v -8.5298 2.1827 -7.3203
v -8.6844 2.1827 -7.3255
v -8.8251 2.1827 -7.3981
v -8.9529 2.1827 -7.4786
v -9.0759 2.1827 -7.5541
v -9.2080 2.1827 -7.6162
v -9.3057 2.1827 -7.7241
v -9.4482 2.1827 -7.7953
v -9.5331 2.1827 -7.9207
v -9.6418 2.1827 -8.0394
v -9.7336 2.1827 -8.1774
v -9.7247 2.1827 -8.3427
v -9.7109 2.1827 -8.5000
v -9.6204 2.1827 -8.6436
v -9.5762 2.1924 -8.7804
v -9.5558 2.1827 -8.9250
v -9.5480 2.1827 -9.0879
v -9.5131 2.1827 -9.2545
v -9.3939 2.1827 -9.3641
v -9.2512 2.1827 -9.4401
v -9.0610 2.2161 -9.4200
v -8.9561 2.1827 -9.5291
v -8.8151 2.1827 -9.5648
v -8.6883 2.1827 -9.7042
v -8.5298 2.1827 -9.7296
v -8.3767 2.1827 -9.6632
v -8.2281 2.1827 -9.6260
v -8.1051 2.1827 -9.5254
v -7.9695 2.1827 -9.4705
v -7.8445 2.1827 -9.3931
v -7.7438 2.1827 -9.2860
v -7.6284 2.1827 -9.1917
v -7.5094 2.1827 -9.0891
v -7.4711 2.1827 -8.9385
v -7.3868 2.1827 -8.8063
v -7.3084 2.1827 -8.6608
v -7.6814 2.1827 -8.5000
v -7.6382 2.1827 -8.3826
v -7.6495 2.1827 -8.2641
v -7.7144 2.1827 -8.1622
v -7.7842 2.1827 -8.0695
v -7.8394 2.1827 -7.9702
v -7.9129 2.1827 -7.8831
v -8.0078 2.1827 -7.8196
v -8.0754 2.1827 -7.7129
v -8.1841 2.1827 -7.6654
v -8.2959 2.1827 -7.6270
v -8.4085 2.1827 -7.5785
v -8.5298 2.1827 -7.6149
v -8.6427 2.1827 -7.6428
v -8.7511 2.1827 -7.6741
v -8.8651 2.1827 -7.6905
v -8.9542 2.1827 -7.7649
v -9.0436 2.1827 -7.8304
v -9.1352 2.1827 -7.8946
v -9.2478 2.1827 -7.9491
v -9.3148 2.1827 -8.0468
v -9.4013 2.1827 -8.1390
v -9.4312 2.1827 -8.2585
v -9.4324 2.1827 -8.3812
v -9.4102 2.1827 -8.5000
v -9.3684 2.1827 -8.6104
v -9.3557 2.1827 -8.7213
v -9.3182 2.1827 -8.8266
v -9.3068 2.1827 -8.9486
v -9.2513 2.1827 -9.0536
v -9.1646 2.1827 -9.1348
v -9.0396 2.1827 -9.1644
v -8.9510 2.1827 -9.2295
v -8.8632 2.1827 -9.3050
v -8.7561 2.1827 -9.3445
v -8.6517 2.1827 -9.4261
v -8.5298 2.1827 -9.4078
v -8.4131 2.1827 -9.3862
v -8.2997 2.1827 -9.3587
v -8.2037 2.1827 -9.2873
v -8.0877 2.1827 -9.2657
v -8.0111 2.1827 -9.1760
v -7.8855 2.1827 -9.1443
v -7.8579 2.1827 -9.0156
v -7.7904 2.1827 -8.9269
v -7.7259 2.1827 -8.8330
v -7.6505 2.1827 -8.7356
v -7.6506 2.1827 -8.6158
v -7.9481 2.1827 -8.5000
v -7.9389 2.1827 -8.4222
v -7.9261 2.1827 -8.3382
v -7.9765 2.1827 -8.2708
v -8.0032 2.1827 -8.1960
v -8.0733 2.1827 -8.1497
v -8.1315 2.1827 -8.1017
v -8.1809 2.1827 -8.0453
v -8.2220 2.1827 -7.9668
v -8.2939 2.1827 -7.9304
v -8.3697 2.1827 -7.9024
v -8.4475 2.1827 -7.8749
v -8.5298 2.1827 -7.8810
v -8.6071 2.1827 -7.9133
v -8.6818 2.1827 -7.9327
v -8.7479 2.1827 -7.9736
v -8.8110 2.1827 -8.0130
v -8.8917 2.1827 -8.0284
v -8.9363 2.1827 -8.0935
v -8.9951 2.1827 -8.1430
v -9.0534 2.1827 -8.1977
v -9.1114 2.1827 -8.2591
v -9.0924 2.1827 -8.3493
v -9.1048 2.1827 -8.4243
v -9.0921 2.1827 -8.5000
v -9.1160 2.1827 -8.5772
v -9.1163 2.1827 -8.6571
v -9.1090 2.1827 -8.7399
v -9.0707 2.1827 -8.8123
v -9.0133 2.1827 -8.8710
v -8.9386 2.1827 -8.9088
v -8.8894 2.1827 -8.9686
v -8.8176 2.1827 -8.9984
v -8.7596 2.1827 -9.0547
v -8.6909 2.1827 -9.1013
v -8.6103 2.1827 -9.1113
v -8.5298 2.1827 -9.1177
v -8.4550 2.1827 -9.0686
v -8.3783 2.1827 -9.0654
v -8.3018 2.1827 -9.0504
v -8.2396 2.1827 -9.0026
v -8.1770 2.1827 -8.9598
v -8.0983 2.1827 -8.9315
v -8.0614 2.1827 -8.8594
v -8.0197 2.1827 -8.7945
v -7.9822 2.1827 -8.7268
v -7.9538 2.1827 -8.6543
v -7.9477 2.1827 -8.5766
v -8.2362 2.1827 -8.5000
v -8.2216 2.1827 -8.4594
v -8.2379 2.1827 -8.4218
v -8.2588 2.1827 -8.3877
v -8.2734 2.1827 -8.3519
v -8.3010 2.1827 -8.3244
v -8.3247 2.1827 -8.2949
v -8.3464 2.1827 -8.2610
v -8.3769 2.1827 -8.2351
v -8.4111 2.1827 -8.2133
v -8.4513 2.1827 -8.2072
v -8.4892 2.1827 -8.1919
v -8.5298 2.1827 -8.1965
v -8.5674 2.1827 -8.2148
v -8.6057 2.1827 -8.2169
v -8.6401 2.1827 -8.2338
v -8.6792 2.1827 -8.2412
v -8.7085 2.1827 -8.2671
v -8.7392 2.1827 -8.2906
v -8.7786 2.1827 -8.3091
v -8.7939 2.1827 -8.3475
v -8.8023 2.1827 -8.3871
v -8.8191 2.1827 -8.4225
v -8.8143 2.1827 -8.4625
v -8.8138 2.1827 -8.5000
v -8.8193 2.1827 -8.5381
v -8.8408 2.1827 -8.5833
v -8.8111 2.1827 -8.6165
v -8.7862 2.1827 -8.6480
v -8.7636 2.1827 -8.6794
v -8.7246 2.1827 -8.6948
v -8.6999 2.1827 -8.7216
v -8.6812 2.1827 -8.7623
v -8.6463 2.1827 -8.7814
v -8.6119 2.1827 -8.8064
v -8.5709 2.1827 -8.8118
v -8.5298 2.1827 -8.8069
v -8.4902 2.1827 -8.8006
v -8.4558 2.1827 -8.7763
v -8.4160 2.1827 -8.7746
v -8.3829 2.1827 -8.7544
v -8.3451 2.1827 -8.7407
v -8.3171 2.1827 -8.7127
v -8.2858 2.1827 -8.6873
v -8.2719 2.1827 -8.6489
v -8.2627 2.1827 -8.6106
v -8.2391 2.1827 -8.5779
v -8.2246 2.1827 -8.5402
v -8.5298 2.1827 -8.5000
v -8.5298 2.1827 -8.5000
v -8.5298 2.1827 -8.5000
v -8.5298 2.1827 -8.5000
v -8.5298 2.1827 -8.5000
v -8.5298 2.1827 -8.5000
v -8.5298 2.1827 -8.5000
v -8.5298 2.1827 -8.5000
v -8.5298 2.1827 -8.5000
v -8.5298 2.1827 -8.5000
v -8.5298 2.1827 -8.5000
v -8.5298 2.1827 -8.5000
v -8.5298 2.1827 -8.5000
v -8.5298 2.1827 -8.5000
v -8.5298 2.1827 -8.5000
v -8.5298 2.1827 -8.5000
v -8.5298 2.1827 -8.5000
v -8.5298 2.1827 -8.5000
v -8.5298 2.1827 -8.5000
v -8.5298 2.1827 -8.5000
v -8.5298 2.1827 -8.5000
v -8.5298 2.1827 -8.5000
v -8.5298 2.1827 -8.5000
v -8.5298 2.1827 -8.5000
v -8.5298 2.1827 -8.5000
v -8.5298 2.1827 -8.5000
v -8.5298 2.1827 -8.5000
v -8.5298 2.1827 -8.5000
v -8.5298 2.1827 -8.5000
v -8.5298 2.1827 -8.5000
v -8.5298 2.1827 -8.5000
v -8.5298 2.1827 -8.5000
v -8.5298 2.1827 -8.5000
v -8.5298 2.1827 -8.5000
v -8.5298 2.1827 -8.5000
v -8.5298 2.1827 -8.5000
v -8.5298 2.1827 -8.5000
v -8.5298 2.1827 -8.5000
v -8.5298 2.1827 -8.5000
v -8.5298 2.1827 -8.5000
v -8.5298 2.1827 -8.5000
v -8.5298 2.1827 -8.5000
v -8.5298 2.1827 -8.5000
v -8.5298 2.1827 -8.5000
v -8.5298 2.1827 -8.5000
v -8.5298 2.1827 -8.5000
v -8.5298 2.1827 -8.5000
v -8.5298 2.1827 -8.5000
v -8.4364 2.5028 -8.5000
v -8.4364 2.1827 -8.5000
v -8.4638 2.5028 -8.4340
v -8.4638 2.1827 -8.4340
v -8.5298 2.5028 -8.4066
v -8.5298 2.1827 -8.4066
v -8.5958 2.5028 -8.4340
v -8.5958 2.1827 -8.4340
v -8.6232 2.5028 -8.5000
v -8.6232 2.1827 -8.5000
v -8.5958 2.5028 -8.5660
v -8.5958 2.1827 -8.5660
v -8.5298 2.5028 -8.5934
v -8.5298 2.1827 -8.5934
v -8.4638 2.5028 -8.5660
v -8.4638 2.1827 -8.5660
v -8.5298 2.5028 -8.5000
v -8.5298 2.1827 -8.5000
vn 0.9511 0.0000 0.3090
usemtl trunk
f 8523//8241 8525//8241 8526//8241 8524//8241
vn 0.5878 0.0000 0.8090
f 8525//8242 8527//8242 8528//8242 8526//8242
vn 0.0000 0.0000 1.0000
f 8527//8243 8529//8243 8530//8243 8528//8243
vn -0.5878 0.0000 0.8090
f 8529//8244 8531//8244 8532//8244 8530//8244
vn -0.9511 0.0000 0.3090
f 8531//8245 8533//8245 8534//8245 8532//8245
vn -0.9511 0.0000 -0.3090
f 8533//8246 8535//8246 8536//8246 8534//8246
vn -0.5878 0.0000 -0.8090
f 8535//8247 8537//8247 8538//8247 8536//8247
vn 0.0000 0.0000 -1.0000
f 8537//8248 8539//8248 8540//8248 8538//8248
vn 0.5878 0.0000 -0.8090
f 8539//8249 8541//8249 8542//8249 8540//8249
vn 0.9511 0.0000 -0.3090
f 8541//8250 8523//8250 8524//8250 8542//8250
vn 0.0000 1.0000 0.0000
f 8543//8251 8525//8251 8523//8251
vn 0.0000 -1.0000 0.0000
f 8544//8252 8524//8252 8526//8252
vn 0.0000 1.0000 0.0000
f 8543//8253 8527//8253 8525//8253
vn 0.0000 -1.0000 0.0000
f 8544//8254 8526//8254 8528//8254
vn 0.0000 1.0000 0.0000
f 8543//8255 8529//8255 8527//8255
vn 0.0000 -1.0000 0.0000
f 8544//8256 8528//8256 8530//8256
vn 0.0000 1.0000 0.0000
f 8543//8257 8531//8257 8529//8257
vn 0.0000 -1.0000 0.0000
f 8544//8258 8530//8258 8532//8258
vn 0.0000 1.0000 0.0000
f 8543//8259 8533//8259 8531//8259
vn 0.0000 -1.0000 0.0000
f 8544//8260 8532//8260 8534//8260
vn 0.0000 1.0000 0.0000
f 8543//8261 8535//8261 8533//8261
vn 0.0000 -1.0000 0.0000
f 8544//8262 8534//8262 8536//8262
vn 0.0000 1.0000 0.0000
f 8543//8263 8537//8263 8535//8263
vn 0.0000 -1.0000 0.0000
f 8544//8264 8536//8264 8538//8264
vn 0.0000 1.0000 0.0000
f 8543//8265 8539//8265 8537//8265
vn 0.0000 -1.0000 0.0000
f 8544//8266 8538//8266 8540//8266
vn 0.0000 1.0000 -0.0000
f 8543//8267 8541//8267 8539//8267
vn 0.0000 -1.0000 0.0000
f 8544//8268 8540//8268 8542//8268
vn 0.0000 1.0000 0.0000
f 8543//8269 8523//8269 8541//8269
vn 0.0000 -1.0000 0.0000
f 8544//8270 8542//8270 8524//8270
vn -0.0956 -0.3829 0.9188
usemtl leaf_5
f 8545//8271 8593//8271 8594//8271 8546//8271
vn -0.1057 -0.9944 0.0039
f 8546//8272 8594//8272 8595//8272 8547//8272
vn -0.0605 -0.9866 0.1512
f 8547//8273 8595//8273 8596//8273 8548//8273
vn 0.3407 -0.4090 -0.8466
f 8548//8274 8596//8274 8597//8274 8549//8274
vn -0.6238 -0.5212 0.5824
f 8549//8275 8597//8275 8598//8275 8550//8275
vn 0.5432 -0.4065 -0.7346
f 8550//8276 8598//8276 8599//8276 8551//8276
vn -0.1620 -0.9612 0.2234
f 8551//8277 8599//8277 8600//8277 8552//8277
vn 0.3678 -0.9283 -0.0539
f 8552//8278 8600//8278 8601//8278 8553//8278
vn -0.2894 -0.8877 0.3582
f 8553//8279 8601//8279 8602//8279 8554//8279
vn -0.5284 -0.7709 0.3558
f 8554//8280 8602//8280 8603//8280 8555//8280
vn -0.9103 -0.3421 0.2329
f 8555//8281 8603//8281 8604//8281 8556//8281
vn 0.2661 -0.9598 0.0892
f 8556//8282 8604//8282 8605//8282 8557//8282
vn 0.4467 -0.8947 -0.0059
f 8557//8283 8605//8283 8606//8283 8558//8283
vn 0.9458 -0.2990 0.1269
f 8558//8284 8606//8284 8607//8284 8559//8284
vn 0.4795 -0.8775 0.0075
f 8559//8285 8607//8285 8608//8285 8560//8285
vn 0.0322 -0.9947 -0.0980
f 8560//8286 8608//8286 8609//8286 8561//8286
vn -0.4485 -0.7899 -0.4181
usemtl leaf_4
f 8561//8287 8609//8287 8610//8287 8562//8287
vn 0.1007 -0.9831 -0.1526
usemtl leaf_5
f 8562//8288 8610//8288 8611//8288 8563//8288
vn -0.4535 -0.6499 -0.6099
f 8563//8289 8611//8289 8612//8289 8564//8289
vn 0.1627 -0.9740 0.1575
f 8564//8290 8612//8290 8613//8290 8565//8290
vn 0.4165 -0.6542 0.6313
f 8565//8291 8613//8291 8614//8291 8566//8291
vn -0.0079 -0.8773 -0.4798
f 8566//8292 8614//8292 8615//8292 8567//8292
vn -0.0193 -0.9997 -0.0117
f 8567//8293 8615//8293 8616//8293 8568//8293
vn -0.1588 -0.9825 0.0971
f 8568//8294 8616//8294 8617//8294 8569//8294
vn -0.0785 -0.4476 0.8908
f 8569//8295 8617//8295 8618//8295 8570//8295
vn 0.2305 -0.6029 -0.7638
f 8570//8296 8618//8296 8619//8296 8571//8296
vn 0.3419 -0.7315 -0.5899
usemtl leaf_4
f 8571//8297 8619//8297 8620//8297 8572//8297
vn 0.4734 -0.3969 -0.7863
usemtl leaf_5
f 8572//8298 8620//8298 8621//8298 8573//8298
vn -0.2323 -0.7273 0.6458
f 8573//8299 8621//8299 8622//8299 8574//8299
vn 0.6639 -0.4299 -0.6119
f 8574//8300 8622//8300 8623//8300 8575//8300
vn -0.6679 -0.4405 0.5999
f 8575//8301 8623//8301 8624//8301 8576//8301
vn -0.8041 -0.3057 0.5099
f 8576//8302 8624//8302 8625//8302 8577//8302
vn -0.8152 -0.4515 0.3628
f 8577//8303 8625//8303 8626//8303 8578//8303
vn -0.8269 -0.5066 0.2439
usemtl leaf_4
f 8578//8304 8626//8304 8627//8304 8579//8304
vn 0.9464 -0.2341 -0.2227
usemtl leaf_3
f 8579//8305 8627//8305 8628//8305 8580//8305
vn 0.9326 -0.3504 -0.0867
usemtl leaf_4
f 8580//8306 8628//8306 8629//8306 8581//8306
vn 0.9478 -0.3070 0.0857
usemtl leaf_5
f 8581//8307 8629//8307 8630//8307 8582//8307
vn -0.5379 -0.8214 -0.1897
f 8582//8308 8630//8308 8631//8308 8583//8308
vn -0.9070 -0.2994 -0.2962
f 8583//8309 8631//8309 8632//8309 8584//8309
vn -0.7389 -0.6403 -0.2097
usemtl leaf_4
f 8584//8310 8632//8310 8633//8310 8585//8310
vn -0.7543 -0.4317 -0.4946
usemtl leaf_5
f 8585//8311 8633//8311 8634//8311 8586//8311
vn 0.4768 -0.8154 0.3284
usemtl leaf_4
f 8586//8312 8634//8312 8635//8312 8587//8312
vn -0.3937 -0.7774 -0.4905
f 8587//8313 8635//8313 8636//8313 8588//8313
vn 0.5513 -0.2123 0.8068
usemtl leaf_5
f 8588//8314 8636//8314 8637//8314 8589//8314
vn 0.4066 -0.3705 0.8351
f 8589//8315 8637//8315 8638//8315 8590//8315
vn -0.3330 -0.3884 -0.8592
f 8590//8316 8638//8316 8639//8316 8591//8316
vn -0.0994 -0.9950 -0.0004
f 8591//8317 8639//8317 8640//8317 8592//8317
vn -0.0860 -0.3396 -0.9366
f 8592//8318 8640//8318 8593//8318 8545//8318
vn -0.1563 -0.9789 0.1317
usemtl leaf_4
f 8593//8319 8641//8319 8642//8319 8594//8319
vn -0.2593 -0.9537 0.1526
usemtl leaf_5
f 8594//8320 8642//8320 8643//8320 8595//8320
vn -0.3034 -0.9487 0.0887
f 8595//8321 8643//8321 8644//8321 8596//8321
vn 0.2198 -0.7434 -0.6317
usemtl leaf_4
f 8596//8322 8644//8322 8645//8322 8597//8322
vn 0.0297 -0.9853 -0.1680
usemtl leaf_5
f 8597//8323 8645//8323 8646//8323 8598//8323
vn -0.1541 -0.9674 -0.2009
f 8598//8324 8646//8324 8647//8324 8599//8324
vn -0.6227 -0.6883 0.3721
f 8599//8325 8647//8325 8648//8325 8600//8325
vn -0.0177 -0.9934 -0.1135
f 8600//8326 8648//8326 8649//8326 8601//8326
vn -0.0532 -0.9839 -0.1708
f 8601//8327 8649//8327 8650//8327 8602//8327
vn -0.5927 -0.8001 0.0930
f 8602//8328 8650//8328 8651//8328 8603//8328
vn -0.0737 -0.9875 -0.1392
f 8603//8329 8651//8329 8652//8329 8604//8329
vn 0.4454 -0.8202 -0.3590
f 8604//8330 8652//8330 8653//8330 8605//8330
vn -0.0049 -0.9642 -0.2650
f 8605//8331 8653//8331 8654//8331 8606//8331
vn 0.4625 -0.8795 0.1122
f 8606//8332 8654//8332 8655//8332 8607//8332
vn 0.2631 -0.9537 0.1456
f 8607//8333 8655//8333 8656//8333 8608//8333
vn 0.0348 -0.9991 -0.0258
usemtl leaf_4
f 8608//8334 8656//8334 8657//8334 8609//8334
vn -0.0352 -0.9953 -0.0902
f 8609//8335 8657//8335 8658//8335 8610//8335
vn 0.0887 -0.9959 0.0147
f 8610//8336 8658//8336 8659//8336 8611//8336
vn -0.2501 -0.8616 -0.4417
usemtl leaf_5
f 8611//8337 8659//8337 8660//8337 8612//8337
vn 0.1887 -0.9814 0.0343
f 8612//8338 8660//8338 8661//8338 8613//8338
vn 0.0382 -0.9963 0.0768
f 8613//8339 8661//8339 8662//8339 8614//8339
vn -0.0879 -0.9938 -0.0683
f 8614//8340 8662//8340 8663//8340 8615//8340
vn 0.0109 -0.9541 -0.2992
f 8615//8341 8663//8341 8664//8341 8616//8341
vn 0.2256 -0.9435 0.2427
f 8616//8342 8664//8342 8665//8342 8617//8342
vn 0.0389 -0.9520 0.3036
f 8617//8343 8665//8343 8666//8343 8618//8343
vn -0.0897 -0.9957 -0.0230
f 8618//8344 8666//8344 8667//8344 8619//8344
vn 0.0484 -0.9037 -0.4253
f 8619//8345 8667//8345 8668//8345 8620//8345
vn 0.0461 -0.9802 -0.1925
f 8620//8346 8668//8346 8669//8346 8621//8346
vn -0.2208 -0.8635 0.4534
f 8621//8347 8669//8347 8670//8347 8622//8347
vn 0.4706 -0.7974 -0.3777
f 8622//8348 8670//8348 8671//8348 8623//8348
vn -0.0288 -0.9467 0.3209
f 8623//8349 8671//8349 8672//8349 8624//8349
vn -0.4977 -0.6921 0.5229
f 8624//8350 8672//8350 8673//8350 8625//8350
vn -0.2509 -0.9302 0.2678
usemtl leaf_4
f 8625//8351 8673//8351 8674//8351 8626//8351
vn -0.0494 -0.9985 -0.0241
f 8626//8352 8674//8352 8675//8352 8627//8352
vn 0.7923 -0.5787 -0.1931
usemtl leaf_5
f 8627//8353 8675//8353 8676//8353 8628//8353
vn -0.3686 -0.9213 0.1241
f 8628//8354 8676//8354 8677//8354 8629//8354
vn 0.6950 -0.6877 0.2099
f 8629//8355 8677//8355 8678//8355 8630//8355
vn 0.1205 -0.9254 0.3593
f 8630//8356 8678//8356 8679//8356 8631//8356
vn -0.8490 -0.5022 -0.1646
f 8631//8357 8679//8357 8680//8357 8632//8357
vn -0.0490 -0.9970 0.0597
f 8632//8358 8680//8358 8681//8358 8633//8358
vn -0.2998 -0.9520 -0.0610
f 8633//8359 8681//8359 8682//8359 8634//8359
vn -0.3485 -0.9373 0.0058
usemtl leaf_4
f 8634//8360 8682//8360 8683//8360 8635//8360
vn 0.4689 -0.6832 0.5598
usemtl leaf_5
f 8635//8361 8683//8361 8684//8361 8636//8361
vn 0.4784 -0.6758 0.5608
f 8636//8362 8684//8362 8685//8362 8637//8362
vn -0.2301 -0.9420 -0.2445
f 8637//8363 8685//8363 8686//8363 8638//8363
vn -0.2207 -0.9528 -0.2087
f 8638//8364 8686//8364 8687//8364 8639//8364
vn -0.2220 -0.8710 -0.4383
f 8639//8365 8687//8365 8688//8365 8640//8365
vn -0.1728 -0.9413 -0.2902
f 8640//8366 8688//8366 8641//8366 8593//8366
vn 0.0604 -0.9942 -0.0895
f 8641//8367 8689//8367 8690//8367 8642//8367
vn 0.0346 -0.9994 -0.0032
usemtl leaf_4
f 8642//8368 8690//8368 8691//8368 8643//8368
vn -0.0027 -0.9897 -0.1432
usemtl leaf_5
f 8643//8369 8691//8369 8692//8369 8644//8369
vn -0.0696 -0.9742 -0.2147
f 8644//8370 8692//8370 8693//8370 8645//8370
vn 0.0361 -0.9592 -0.2804
f 8645//8371 8693//8371 8694//8371 8646//8371
vn 0.1232 -0.9521 -0.2798
usemtl leaf_4
f 8646//8372 8694//8372 8695//8372 8647//8372
vn -0.5696 -0.7685 0.2914
f 8647//8373 8695//8373 8696//8373 8648//8373
vn -0.2963 -0.9533 0.0587
usemtl leaf_5
f 8648//8374 8696//8374 8697//8374 8649//8374
vn 0.0962 -0.9950 -0.0266
f 8649//8375 8697//8375 8698//8375 8650//8375
vn -0.4248 -0.8983 0.1118
f 8650//8376 8698//8376 8699//8376 8651//8376
vn 0.1840 -0.9779 -0.0997
f 8651//8377 8699//8377 8700//8377 8652//8377
vn 0.5854 -0.8059 -0.0887
f 8652//8378 8700//8378 8701//8378 8653//8378
vn -0.0463 -0.9509 -0.3059
f 8653//8379 8701//8379 8702//8379 8654//8379
vn -0.1164 -0.8936 -0.4335
f 8654//8380 8702//8380 8703//8380 8655//8380
vn 0.0772 -0.9794 -0.1866
usemtl leaf_4
f 8655//8381 8703//8381 8704//8381 8656//8381
vn 0.2336 -0.9723 -0.0000
usemtl leaf_5
f 8656//8382 8704//8382 8705//8382 8657//8382
vn -0.1863 -0.9591 -0.2132
f 8657//8383 8705//8383 8706//8383 8658//8383
vn 0.0969 -0.9942 0.0467
f 8658//8384 8706//8384 8707//8384 8659//8384
vn 0.2640 -0.9624 0.0638
f 8659//8385 8707//8385 8708//8385 8660//8385
vn 0.0138 -0.9394 -0.3427
f 8660//8386 8708//8386 8709//8386 8661//8386
vn 0.0289 -0.9662 -0.2561
f 8661//8387 8709//8387 8710//8387 8662//8387
vn 0.2352 -0.9671 0.0967
usemtl leaf_4
f 8662//8388 8710//8388 8711//8388 8663//8388
vn 0.2751 -0.9523 0.1319
usemtl leaf_5
f 8663//8389 8711//8389 8712//8389 8664//8389
vn 0.2024 -0.9763 0.0768
f 8664//8390 8712//8390 8713//8390 8665//8390
vn 0.2211 -0.9630 -0.1542
f 8665//8391 8713//8391 8714//8391 8666//8391
vn 0.2098 -0.9440 -0.2546
usemtl leaf_4
f 8666//8392 8714//8392 8715//8392 8667//8392
vn 0.1646 -0.9860 0.0272
usemtl leaf_5
f 8667//8393 8715//8393 8716//8393 8668//8393
vn 0.2201 -0.9748 0.0363
f 8668//8394 8716//8394 8717//8394 8669//8394
vn -0.1720 -0.8055 0.5671
f 8669//8395 8717//8395 8718//8395 8670//8395
vn 0.3198 -0.9115 0.2587
f 8670//8396 8718//8396 8719//8396 8671//8396
vn 0.3969 -0.9156 0.0638
f 8671//8397 8719//8397 8720//8397 8672//8397
vn -0.2633 -0.9059 0.3318
f 8672//8398 8720//8398 8721//8398 8673//8398
vn 0.2498 -0.9619 -0.1115
f 8673//8399 8721//8399 8722//8399 8674//8399
vn 0.1302 -0.9884 -0.0784
f 8674//8400 8722//8400 8723//8400 8675//8400
vn 0.2217 -0.9692 0.1070
f 8675//8401 8723//8401 8724//8401 8676//8401
vn 0.0748 -0.9927 0.0942
f 8676//8402 8724//8402 8725//8402 8677//8402
vn 0.0646 -0.9966 0.0506
f 8677//8403 8725//8403 8726//8403 8678//8403
vn 0.1111 -0.9857 0.1265
f 8678//8404 8726//8404 8727//8404 8679//8404
vn -0.7105 -0.6979 -0.0898
f 8679//8405 8727//8405 8728//8405 8680//8405
vn -0.3024 -0.9108 0.2809
f 8680//8406 8728//8406 8729//8406 8681//8406
vn -0.2158 -0.9415 0.2590
usemtl leaf_4
f 8681//8407 8729//8407 8730//8407 8682//8407
vn -0.0688 -0.9943 0.0809
f 8682//8408 8730//8408 8731//8408 8683//8408
vn 0.4165 -0.6682 0.6165
f 8683//8409 8731//8409 8732//8409 8684//8409
vn 0.1099 -0.8513 0.5130
usemtl leaf_5
f 8684//8410 8732//8410 8733//8410 8685//8410
vn -0.4444 -0.7404 -0.5043
f 8685//8411 8733//8411 8734//8411 8686//8411
vn -0.2169 -0.9464 0.2394
usemtl leaf_4
f 8686//8412 8734//8412 8735//8412 8687//8412
vn -0.3690 -0.7403 -0.5620
usemtl leaf_5
f 8687//8413 8735//8413 8736//8413 8688//8413
vn -0.0848 -0.8045 0.5879
f 8688//8414 8736//8414 8689//8414 8641//8414
vn -0.2948 -0.8719 -0.3911
f 8689//8415 8737//8415 8738//8415 8690//8415
vn -0.4278 -0.9038 0.0040
f 8690//8416 8738//8416 8739//8416 8691//8416
vn -0.2368 -0.8487 -0.4729
f 8691//8417 8739//8417 8740//8417 8692//8417
vn -0.3137 -0.9400 -0.1344
usemtl leaf_4
f 8692//8418 8740//8418 8741//8418 8693//8418
vn -0.1448 -0.9426 -0.3010
f 8693//8419 8741//8419 8742//8419 8694//8419
vn -0.0370 -0.8741 -0.4843
f 8694//8420 8742//8420 8743//8420 8695//8420
vn -0.5696 -0.7929 0.2165
usemtl leaf_5
f 8695//8421 8743//8421 8744//8421 8696//8421
vn -0.4323 -0.8974 0.0888
f 8696//8422 8744//8422 8745//8422 8697//8422
vn -0.2455 -0.9688 0.0341
f 8697//8423 8745//8423 8746//8423 8698//8423
vn -0.0755 -0.9970 0.0141
f 8698//8424 8746//8424 8747//8424 8699//8424
vn 0.4095 -0.8569 -0.3130
f 8699//8425 8747//8425 8748//8425 8700//8425
vn 0.4228 -0.8264 -0.3719
f 8700//8426 8748//8426 8749//8426 8701//8426
vn 0.5179 -0.8090 -0.2780
usemtl leaf_3
f 8701//8427 8749//8427 8750//8427 8702//8427
vn -0.4429 -0.8139 -0.3760
usemtl leaf_5
f 8702//8428 8750//8428 8751//8428 8703//8428
vn 0.1081 -0.9409 -0.3209
f 8703//8429 8751//8429 8752//8429 8704//8429
vn -0.1017 -0.9425 -0.3184
f 8704//8430 8752//8430 8753//8430 8705//8430
vn 0.1140 -0.9802 -0.1622
usemtl leaf_4
f 8705//8431 8753//8431 8754//8431 8706//8431
vn 0.1286 -0.9563 -0.2628
usemtl leaf_5
f 8706//8432 8754//8432 8755//8432 8707//8432
vn 0.1448 -0.9877 0.0590
f 8707//8433 8755//8433 8756//8433 8708//8433
vn 0.1629 -0.9866 -0.0099
f 8708//8434 8756//8434 8757//8434 8709//8434
vn 0.1003 -0.9140 -0.3931
f 8709//8435 8757//8435 8758//8435 8710//8435
vn 0.2293 -0.9666 0.1143
f 8710//8436 8758//8436 8759//8436 8711//8436
vn 0.2580 -0.9427 0.2116
f 8711//8437 8759//8437 8760//8437 8712//8437
vn 0.0768 -0.9220 -0.3795
f 8712//8438 8760//8438 8761//8438 8713//8438
vn 0.0079 -0.9883 0.1524
f 8713//8439 8761//8439 8762//8439 8714//8439
vn 0.1677 -0.9275 -0.3342
f 8714//8440 8762//8440 8763//8440 8715//8440
vn 0.0440 -0.9920 0.1180
f 8715//8441 8763//8441 8764//8441 8716//8441
vn 0.0735 -0.9111 0.4056
f 8716//8442 8764//8442 8765//8442 8717//8442
vn 0.1077 -0.8742 0.4735
f 8717//8443 8765//8443 8766//8443 8718//8443
vn 0.0503 -0.9892 0.1376
f 8718//8444 8766//8444 8767//8444 8719//8444
vn 0.3333 -0.9428 -0.0088
usemtl leaf_3
f 8719//8445 8767//8445 8768//8445 8720//8445
vn 0.0822 -0.9677 0.2384
usemtl leaf_5
f 8720//8446 8768//8446 8769//8446 8721//8446
vn 0.4540 -0.8862 -0.0927
usemtl leaf_4
f 8721//8447 8769//8447 8770//8447 8722//8447
vn 0.1582 -0.9872 -0.0187
usemtl leaf_5
f 8722//8448 8770//8448 8771//8448 8723//8448
vn -0.2090 -0.9772 0.0373
f 8723//8449 8771//8449 8772//8449 8724//8449
vn 0.1536 -0.9762 0.1532
f 8724//8450 8772//8450 8773//8450 8725//8450
vn -0.2657 -0.9194 0.2899
usemtl leaf_4
f 8725//8451 8773//8451 8774//8451 8726//8451
vn -0.0028 -0.9096 0.4156
usemtl leaf_5
f 8726//8452 8774//8452 8775//8452 8727//8452
vn -0.7102 -0.7021 0.0514
f 8727//8453 8775//8453 8776//8453 8728//8453
vn -0.0370 -0.9878 0.1510
usemtl leaf_4
f 8728//8454 8776//8454 8777//8454 8729//8454
vn 0.1244 -0.9822 0.1410
usemtl leaf_5
f 8729//8455 8777//8455 8778//8455 8730//8455
vn 0.2218 -0.9512 0.2147
usemtl leaf_4
f 8730//8456 8778//8456 8779//8456 8731//8456
vn 0.0526 -0.9800 0.1922
f 8731//8457 8779//8457 8780//8457 8732//8457
vn -0.0044 -0.8863 0.4631
f 8732//8458 8780//8458 8781//8458 8733//8458
vn -0.5124 -0.7397 -0.4362
f 8733//8459 8781//8459 8782//8459 8734//8459
vn -0.2816 -0.9335 0.2219
usemtl leaf_5
f 8734//8460 8782//8460 8783//8460 8735//8460
vn -0.2676 -0.9125 -0.3096
usemtl leaf_4
f 8735//8461 8783//8461 8784//8461 8736//8461
vn -0.0642 -0.7507 0.6575
usemtl leaf_5
f 8736//8462 8784//8462 8737//8462 8689//8462
vn -0.1303 -0.9297 -0.3446
f 8737//8463 8785//8463 8786//8463 8738//8463
vn -0.1329 -0.9890 0.0656
f 8738//8464 8786//8464 8787//8464 8739//8464
vn -0.0437 -0.8857 -0.4623
f 8739//8465 8787//8465 8788//8465 8740//8465
vn -0.3529 -0.9137 -0.2013
f 8740//8466 8788//8466 8789//8466 8741//8466
vn -0.3283 -0.9178 -0.2235
usemtl leaf_4
f 8741//8467 8789//8467 8790//8467 8742//8467
vn -0.0295 -0.9716 -0.2347
f 8742//8468 8790//8468 8791//8468 8743//8468
vn -0.4871 -0.8442 0.2240
f 8743//8469 8791//8469 8792//8469 8744//8469
vn -0.3934 -0.9179 0.0512
usemtl leaf_5
f 8744//8470 8792//8470 8793//8470 8745//8470
vn -0.3065 -0.9386 -0.1580
f 8745//8471 8793//8471 8794//8471 8746//8471
vn -0.1530 -0.9131 -0.3781
f 8746//8472 8794//8472 8795//8472 8747//8472
vn 0.5180 -0.7728 -0.3667
f 8747//8473 8795//8473 8796//8473 8748//8473
vn 0.2012 -0.9422 -0.2679
usemtl leaf_4
f 8748//8474 8796//8474 8797//8474 8749//8474
vn 0.2503 -0.9636 -0.0939
f 8749//8475 8797//8475 8798//8475 8750//8475
vn -0.2674 -0.9492 -0.1661
usemtl leaf_5
f 8750//8476 8798//8476 8799//8476 8751//8476
vn 0.2773 -0.9412 -0.1928
f 8751//8477 8799//8477 8800//8477 8752//8477
vn -0.3046 -0.8444 -0.4407
f 8752//8478 8800//8478 8801//8478 8753//8478
vn 0.4282 -0.8989 -0.0929
usemtl leaf_4
f 8753//8479 8801//8479 8802//8479 8754//8479
vn -0.0031 -0.9204 -0.3909
usemtl leaf_5
f 8754//8480 8802//8480 8803//8480 8755//8480
vn 0.4601 -0.8750 -0.1504
f 8755//8481 8803//8481 8804//8481 8756//8481
vn 0.2749 -0.9394 -0.2049
usemtl leaf_4
f 8756//8482 8804//8482 8805//8482 8757//8482
vn 0.0181 -0.9595 -0.2812
f 8757//8483 8805//8483 8806//8483 8758//8483
vn 0.2220 -0.9744 0.0360
usemtl leaf_5
f 8758//8484 8806//8484 8807//8484 8759//8484
vn 0.0679 -0.9974 0.0255
usemtl leaf_4
f 8759//8485 8807//8485 8808//8485 8760//8485
vn 0.1320 -0.9726 -0.1913
usemtl leaf_5
f 8760//8486 8808//8486 8809//8486 8761//8486
vn 0.2438 -0.9698 0.0019
f 8761//8487 8809//8487 8810//8487 8762//8487
vn 0.2818 -0.9417 0.1840
f 8762//8488 8810//8488 8811//8488 8763//8488
vn 0.5529 -0.8145 0.1756
usemtl leaf_4
f 8763//8489 8811//8489 8812//8489 8764//8489
vn 0.1418 -0.8583 0.4932
usemtl leaf_5
f 8764//8490 8812//8490 8813//8490 8765//8490
vn 0.1279 -0.9682 0.2150
f 8765//8491 8813//8491 8814//8491 8766//8491
vn 0.2439 -0.9108 0.3331
usemtl leaf_4
f 8766//8492 8814//8492 8815//8492 8767//8492
vn 0.3622 -0.9268 0.0994
usemtl leaf_5
f 8767//8493 8815//8493 8816//8493 8768//8493
vn 0.2729 -0.9605 -0.0553
f 8768//8494 8816//8494 8817//8494 8769//8494
vn 0.1732 -0.9746 0.1417
f 8769//8495 8817//8495 8818//8495 8770//8495
vn 0.4502 -0.8598 0.2408
f 8770//8496 8818//8496 8819//8496 8771//8496
vn -0.1386 -0.9273 0.3477
f 8771//8497 8819//8497 8820//8497 8772//8497
vn -0.1368 -0.9483 0.2865
f 8772//8498 8820//8498 8821//8498 8773//8498
vn -0.4481 -0.8162 0.3646
f 8773//8499 8821//8499 8822//8499 8774//8499
vn -0.3575 -0.7313 0.5809
usemtl leaf_4
f 8774//8500 8822//8500 8823//8500 8775//8500
vn -0.4129 -0.7814 0.4679
usemtl leaf_5
f 8775//8501 8823//8501 8824//8501 8776//8501
vn 0.1471 -0.8865 0.4388
usemtl leaf_4
f 8776//8502 8824//8502 8825//8502 8777//8502
vn 0.1948 -0.9286 0.3158
f 8777//8503 8825//8503 8826//8503 8778//8503
vn 0.2296 -0.9423 0.2437
usemtl leaf_5
f 8778//8504 8826//8504 8827//8504 8779//8504
vn -0.1312 -0.9889 -0.0698
f 8779//8505 8827//8505 8828//8505 8780//8505
vn -0.3187 -0.9473 0.0334
f 8780//8506 8828//8506 8829//8506 8781//8506
vn -0.4543 -0.8773 -0.1547
f 8781//8507 8829//8507 8830//8507 8782//8507
vn -0.4331 -0.8962 -0.0958
f 8782//8508 8830//8508 8831//8508 8783//8508
vn -0.2820 -0.8989 0.3354
usemtl leaf_3
f 8783//8509 8831//8509 8832//8509 8784//8509
vn -0.1566 -0.8700 0.4674
usemtl leaf_5
f 8784//8510 8832//8510 8785//8510 8737//8510
vn -0.6124 -0.7899 -0.0307
f 8785//8511 8833//8511 8834//8511 8786//8511
vn -0.4834 -0.8638 -0.1420
f 8786//8512 8834//8512 8835//8512 8787//8512
vn -0.2637 -0.8599 -0.4370
usemtl leaf_4
f 8787//8513 8835//8513 8836//8513 8788//8513
vn -0.1629 -0.9223 -0.3504
f 8788//8514 8836//8514 8837//8514 8789//8514
vn -0.3635 -0.9241 0.1177
f 8789//8515 8837//8515 8838//8515 8790//8515
vn -0.1130 -0.9896 -0.0886
f 8790//8516 8838//8516 8839//8516 8791//8516
vn -0.3343 -0.9336 0.1289
usemtl leaf_5
f 8791//8517 8839//8517 8840//8517 8792//8517
vn -0.3368 -0.9405 -0.0444
f 8792//8518 8840//8518 8841//8518 8793//8518
vn -0.0823 -0.9322 -0.3524
f 8793//8519 8841//8519 8842//8519 8794//8519
vn -0.0885 -0.8719 -0.4817
f 8794//8520 8842//8520 8843//8520 8795//8520
vn 0.2532 -0.8417 -0.4769
f 8795//8521 8843//8521 8844//8521 8796//8521
vn 0.2088 -0.9154 -0.3443
f 8796//8522 8844//8522 8845//8522 8797//8522
vn 0.0412 -0.9264 -0.3744
usemtl leaf_4
f 8797//8523 8845//8523 8846//8523 8798//8523
vn -0.0628 -0.9361 -0.3461
f 8798//8524 8846//8524 8847//8524 8799//8524
vn 0.2175 -0.9572 -0.1910
usemtl leaf_5
f 8799//8525 8847//8525 8848//8525 8800//8525
vn -0.0941 -0.9047 -0.4154
f 8800//8526 8848//8526 8849//8526 8801//8526
vn 0.1939 -0.9595 -0.2044
f 8801//8527 8849//8527 8850//8527 8802//8527
vn 0.1867 -0.9532 -0.2377
f 8802//8528 8850//8528 8851//8528 8803//8528
vn 0.3779 -0.9231 -0.0713
f 8803//8529 8851//8529 8852//8529 8804//8529
vn 0.0561 -0.9238 -0.3788
usemtl leaf_4
f 8804//8530 8852//8530 8853//8530 8805//8530
vn 0.3575 -0.9081 -0.2178
f 8805//8531 8853//8531 8854//8531 8806//8531
vn 0.4231 -0.8971 -0.1269
usemtl leaf_5
f 8806//8532 8854//8532 8855//8532 8807//8532
vn 0.3991 -0.8914 -0.2150
f 8807//8533 8855//8533 8856//8533 8808//8533
vn 0.4809 -0.8585 0.1781
f 8808//8534 8856//8534 8857//8534 8809//8534
vn 0.4141 -0.8646 -0.2846
f 8809//8535 8857//8535 8858//8535 8810//8535
vn 0.1665 -0.9585 0.2314
f 8810//8536 8858//8536 8859//8536 8811//8536
vn 0.1135 -0.9744 0.1939
usemtl leaf_4
f 8811//8537 8859//8537 8860//8537 8812//8537
vn 0.2264 -0.9608 0.1603
usemtl leaf_5
f 8812//8538 8860//8538 8861//8538 8813//8538
vn 0.1329 -0.9570 0.2580
usemtl leaf_4
f 8813//8539 8861//8539 8862//8539 8814//8539
vn 0.0403 -0.9649 0.2596
usemtl leaf_3
f 8814//8540 8862//8540 8863//8540 8815//8540
vn 0.3745 -0.9219 0.0991
usemtl leaf_4
f 8815//8541 8863//8541 8864//8541 8816//8541
vn 0.5349 -0.8077 0.2479
f 8816//8542 8864//8542 8865//8542 8817//8542
vn 0.2502 -0.9231 0.2922
usemtl leaf_5
f 8817//8543 8865//8543 8866//8543 8818//8543
vn 0.2995 -0.9501 0.0875
f 8818//8544 8866//8544 8867//8544 8819//8544
vn -0.1057 -0.9564 0.2721
f 8819//8545 8867//8545 8868//8545 8820//8545
vn -0.3804 -0.7956 0.4715
f 8820//8546 8868//8546 8869//8546 8821//8546
vn -0.3588 -0.8214 0.4433
usemtl leaf_4
f 8821//8547 8869//8547 8870//8547 8822//8547
vn -0.2215 -0.9553 0.1959
f 8822//8548 8870//8548 8871//8548 8823//8548
vn 0.0791 -0.9873 0.1377
usemtl leaf_3
f 8823//8549 8871//8549 8872//8549 8824//8549
vn 0.2343 -0.9564 0.1744
usemtl leaf_4
f 8824//8550 8872//8550 8873//8550 8825//8550
vn 0.2236 -0.9407 0.2552
usemtl leaf_5
f 8825//8551 8873//8551 8874//8551 8826//8551
vn -0.1389 -0.9359 0.3236
f 8826//8552 8874//8552 8875//8552 8827//8552
vn -0.4953 -0.8440 0.2058
f 8827//8553 8875//8553 8876//8553 8828//8553
vn -0.5577 -0.8228 -0.1092
usemtl leaf_4
f 8828//8554 8876//8554 8877//8554 8829//8554
vn -0.5577 -0.8300 0.0074
f 8829//8555 8877//8555 8878//8555 8830//8555
vn -0.4363 -0.8991 -0.0356
usemtl leaf_5
f 8830//8556 8878//8556 8879//8556 8831//8556
vn -0.2243 -0.8871 0.4035
f 8831//8557 8879//8557 8880//8557 8832//8557
vn -0.5689 -0.7879 0.2358
usemtl leaf_4
f 8832//8558 8880//8558 8833//8558 8785//8558
vn -0.5847 -0.8091 -0.0590
f 8833//8559 8881//8559 8882//8559 8834//8559
vn -0.7261 -0.6454 -0.2369
f 8834//8560 8882//8560 8883//8560 8835//8560
vn -0.5532 -0.8239 -0.1231
usemtl leaf_3
f 8835//8561 8883//8561 8884//8561 8836//8561
vn -0.1981 -0.9603 -0.1964
usemtl leaf_4
f 8836//8562 8884//8562 8885//8562 8837//8562
vn -0.3634 -0.9288 -0.0724
f 8837//8563 8885//8563 8886//8563 8838//8563
vn -0.4597 -0.8814 -0.1090
usemtl leaf_5
f 8838//8564 8886//8564 8887//8564 8839//8564
vn -0.4231 -0.8949 -0.1417
f 8839//8565 8887//8565 8888//8565 8840//8565
vn -0.3875 -0.8442 -0.3703
f 8840//8566 8888//8566 8889//8566 8841//8566
vn -0.0493 -0.7208 -0.6914
f 8841//8567 8889//8567 8890//8567 8842//8567
vn -0.1743 -0.7705 -0.6132
f 8842//8568 8890//8568 8891//8568 8843//8568
vn 0.1728 -0.7537 -0.6341
usemtl leaf_4
f 8843//8569 8891//8569 8892//8569 8844//8569
vn -0.0952 -0.8963 -0.4332
usemtl leaf_5
f 8844//8570 8892//8570 8893//8570 8845//8570
vn 0.2026 -0.9306 -0.3048
f 8845//8571 8893//8571 8894//8571 8846//8571
vn -0.0652 -0.8577 -0.5100
f 8846//8572 8894//8572 8895//8572 8847//8572
vn 0.0864 -0.9193 -0.3839
f 8847//8573 8895//8573 8896//8573 8848//8573
vn 0.0964 -0.9490 -0.3002
f 8848//8574 8896//8574 8897//8574 8849//8574
vn 0.3267 -0.8406 -0.4321
f 8849//8575 8897//8575 8898//8575 8850//8575
vn 0.4883 -0.7876 -0.3759
f 8850//8576 8898//8576 8899//8576 8851//8576
vn 0.4320 -0.8398 -0.3287
usemtl leaf_4
f 8851//8577 8899//8577 8900//8577 8852//8577
vn 0.5819 -0.6882 -0.4333
usemtl leaf_5
f 8852//8578 8900//8578 8901//8578 8853//8578
vn 0.7356 -0.5807 -0.3489
usemtl leaf_4
f 8853//8579 8901//8579 8902//8579 8854//8579
vn 0.6228 -0.6947 -0.3598
f 8854//8580 8902//8580 8903//8580 8855//8580
vn 0.3712 -0.8600 -0.3503
usemtl leaf_5
f 8855//8581 8903//8581 8904//8581 8856//8581
vn 0.2799 -0.9517 0.1265
f 8856//8582 8904//8582 8905//8582 8857//8582
vn 0.3226 -0.9171 -0.2341
f 8857//8583 8905//8583 8906//8583 8858//8583
vn 0.4856 -0.8090 0.3312
f 8858//8584 8906//8584 8907//8584 8859//8584
vn 0.5670 -0.6211 0.5410
f 8859//8585 8907//8585 8908//8585 8860//8585
vn 0.6038 -0.7717 0.1998
f 8860//8586 8908//8586 8909//8586 8861//8586
vn 0.3577 -0.8831 0.3037
usemtl leaf_4
f 8861//8587 8909//8587 8910//8587 8862//8587
vn 0.2184 -0.8579 0.4652
usemtl leaf_3
f 8862//8588 8910//8588 8911//8588 8863//8588
vn 0.3677 -0.8929 0.2599
f 8863//8589 8911//8589 8912//8589 8864//8589
vn 0.3791 -0.9188 0.1098
usemtl leaf_4
f 8864//8590 8912//8590 8913//8590 8865//8590
vn 0.3281 -0.9259 0.1872
usemtl leaf_5
f 8865//8591 8913//8591 8914//8591 8866//8591
vn 0.3643 -0.8757 0.3169
f 8866//8592 8914//8592 8915//8592 8867//8592
vn -0.2306 -0.8045 0.5474
f 8867//8593 8915//8593 8916//8593 8868//8593
vn -0.3058 -0.8673 0.3928
f 8868//8594 8916//8594 8917//8594 8869//8594
vn -0.1445 -0.9563 0.2541
usemtl leaf_3
f 8869//8595 8917//8595 8918//8595 8870//8595
vn -0.0984 -0.9548 0.2806
f 8870//8596 8918//8596 8919//8596 8871//8596
vn -0.0417 -0.9168 0.3971
usemtl leaf_4
f 8871//8597 8919//8597 8920//8597 8872//8597
vn 0.0485 -0.7845 0.6182
usemtl leaf_5
f 8872//8598 8920//8598 8921//8598 8873//8598
vn 0.0643 -0.7754 0.6282
usemtl leaf_4
f 8873//8599 8921//8599 8922//8599 8874//8599
vn -0.5121 -0.8362 0.1960
usemtl leaf_5
f 8874//8600 8922//8600 8923//8600 8875//8600
vn -0.6649 -0.7003 0.2597
f 8875//8601 8923//8601 8924//8601 8876//8601
vn -0.6246 -0.7551 0.1992
usemtl leaf_4
f 8876//8602 8924//8602 8925//8602 8877//8602
vn -0.5151 -0.8539 -0.0736
usemtl leaf_5
f 8877//8603 8925//8603 8926//8603 8878//8603
vn -0.1855 -0.9301 0.3169
f 8878//8604 8926//8604 8927//8604 8879//8604
vn -0.1050 -0.9712 0.2138
f 8879//8605 8927//8605 8928//8605 8880//8605
vn -0.2602 -0.9472 -0.1873
f 8880//8606 8928//8606 8881//8606 8833//8606
vn -0.4640 -0.8461 -0.2623
usemtl leaf_4
f 8881//8607 8929//8607 8930//8607 8882//8607
vn -0.5282 -0.8210 -0.2167
usemtl leaf_3
f 8882//8608 8930//8608 8931//8608 8883//8608
vn -0.6192 -0.7808 0.0834
f 8883//8609 8931//8609 8932//8609 8884//8609
vn -0.5409 -0.8045 -0.2454
f 8884//8610 8932//8610 8933//8610 8885//8610
vn -0.4374 -0.8406 -0.3194
usemtl leaf_5
f 8885//8611 8933//8611 8934//8611 8886//8611
vn -0.5399 -0.8417 -0.0088
f 8886//8612 8934//8612 8935//8612 8887//8612
vn -0.3480 -0.9109 -0.2217
f 8887//8613 8935//8613 8936//8613 8888//8613
vn -0.1629 -0.7316 -0.6620
f 8888//8614 8936//8614 8937//8614 8889//8614
vn -0.2279 -0.7239 -0.6511
usemtl leaf_4
f 8889//8615 8937//8615 8938//8615 8890//8615
vn -0.0992 -0.7626 -0.6392
usemtl leaf_5
f 8890//8616 8938//8616 8939//8616 8891//8616
vn -0.0265 -0.8252 -0.5642
usemtl leaf_3
f 8891//8617 8939//8617 8940//8617 8892//8617
vn -0.2748 -0.9047 -0.3255
usemtl leaf_5
f 8892//8618 8940//8618 8941//8618 8893//8618
vn 0.2475 -0.9163 -0.3148
f 8893//8619 8941//8619 8942//8619 8894//8619
vn 0.1034 -0.9208 -0.3762
usemtl leaf_4
f 8894//8620 8942//8620 8943//8620 8895//8620
vn 0.2112 -0.7154 -0.6661
usemtl leaf_5
f 8895//8621 8943//8621 8944//8621 8896//8621
vn 0.1170 -0.7100 -0.6944
f 8896//8622 8944//8622 8945//8622 8897//8622
vn 0.4966 -0.8215 -0.2804
f 8897//8623 8945//8623 8946//8623 8898//8623
vn 0.2372 -0.8707 -0.4308
f 8898//8624 8946//8624 8947//8624 8899//8624
vn 0.1793 -0.9568 -0.2288
usemtl leaf_4
f 8899//8625 8947//8625 8948//8625 8900//8625
vn 0.3759 -0.9263 0.0271
f 8900//8626 8948//8626 8949//8626 8901//8626
vn 0.4337 -0.8768 -0.2079
f 8901//8627 8949//8627 8950//8627 8902//8627
vn 0.2119 -0.8902 -0.4033
f 8902//8628 8950//8628 8951//8628 8903//8628
vn 0.4887 -0.8539 -0.1787
usemtl leaf_5
f 8903//8629 8951//8629 8952//8629 8904//8629
vn 0.7497 -0.6597 -0.0531
f 8904//8630 8952//8630 8953//8630 8905//8630
vn 0.8175 -0.5709 0.0756
f 8905//8631 8953//8631 8954//8631 8906//8631
vn 0.7212 -0.6228 0.3033
f 8906//8632 8954//8632 8955//8632 8907//8632
vn 0.3883 -0.7916 0.4718
usemtl leaf_4
f 8907//8633 8955//8633 8956//8633 8908//8633
vn 0.6636 -0.7264 0.1788
usemtl leaf_3
f 8908//8634 8956//8634 8957//8634 8909//8634
vn 0.5650 -0.8145 0.1321
usemtl leaf_5
f 8909//8635 8957//8635 8958//8635 8910//8635
vn 0.1409 -0.9624 0.2321
usemtl leaf_4
f 8910//8636 8958//8636 8959//8636 8911//8636
vn 0.1909 -0.9449 0.2661
f 8911//8637 8959//8637 8960//8637 8912//8637
vn 0.5431 -0.8054 0.2376
f 8912//8638 8960//8638 8961//8638 8913//8638
vn 0.3004 -0.7286 0.6156
usemtl leaf_5
f 8913//8639 8961//8639 8962//8639 8914//8639
vn 0.4572 -0.5379 0.7083
f 8914//8640 8962//8640 8963//8640 8915//8640
vn -0.1205 -0.6620 0.7398
usemtl leaf_4
f 8915//8641 8963//8641 8964//8641 8916//8641
vn -0.1046 -0.8033 0.5863
f 8916//8642 8964//8642 8965//8642 8917//8642
vn -0.2149 -0.8052 0.5527
usemtl leaf_5
f 8917//8643 8965//8643 8966//8643 8918//8643
vn -0.1031 -0.8516 0.5139
usemtl leaf_4
f 8918//8644 8966//8644 8967//8644 8919//8644
vn -0.1740 -0.8802 0.4414
usemtl leaf_3
f 8919//8645 8967//8645 8968//8645 8920//8645
vn 0.1717 -0.8999 0.4009
usemtl leaf_5
f 8920//8646 8968//8646 8969//8646 8921//8646
vn -0.0332 -0.9209 0.3883
f 8921//8647 8969//8647 8970//8647 8922//8647
vn -0.6858 -0.6982 0.2055
f 8922//8648 8970//8648 8971//8648 8923//8648
vn -0.4859 -0.8410 0.2378
f 8923//8649 8971//8649 8972//8649 8924//8649
vn -0.5873 -0.7988 0.1302
f 8924//8650 8972//8650 8973//8650 8925//8650
vn -0.6318 -0.7530 0.1840
usemtl leaf_4
f 8925//8651 8973//8651 8974//8651 8926//8651
vn -0.3033 -0.7967 0.5228
f 8926//8652 8974//8652 8975//8652 8927//8652
vn -0.5298 -0.7936 0.2991
f 8927//8653 8975//8653 8976//8653 8928//8653
vn -0.5590 -0.7803 -0.2804
usemtl leaf_5
f 8928//8654 8976//8654 8929//8654 8881//8654
vn -0.4389 -0.8594 -0.2623
usemtl leaf_4
f 8929//8655 8977//8655 8978//8655 8930//8655
vn -0.4824 -0.8200 -0.3080
usemtl leaf_3
f 8930//8656 8978//8656 8979//8656 8931//8656
vn -0.7233 -0.6906 -0.0052
usemtl leaf_4
f 8931//8657 8979//8657 8980//8657 8932//8657
vn -0.5543 -0.8315 -0.0365
f 8932//8658 8980//8658 8981//8658 8933//8658
vn -0.3137 -0.9121 -0.2638
f 8933//8659 8981//8659 8982//8659 8934//8659
vn -0.6432 -0.7446 -0.1785
f 8934//8660 8982//8660 8983//8660 8935//8660
vn -0.6092 -0.6291 -0.4829
f 8935//8661 8983//8661 8984//8661 8936//8661
vn -0.0714 -0.7731 -0.6302
f 8936//8662 8984//8662 8985//8662 8937//8662
vn -0.2600 -0.8163 -0.5158
usemtl leaf_5
f 8937//8663 8985//8663 8986//8663 8938//8663
vn 0.0336 -0.6819 -0.7307
usemtl leaf_3
f 8938//8664 8986//8664 8987//8664 8939//8664
vn -0.3057 -0.7091 -0.6354
f 8939//8665 8987//8665 8988//8665 8940//8665
vn -0.2552 -0.6053 -0.7540
usemtl leaf_4
f 8940//8666 8988//8666 8989//8666 8941//8666
vn -0.0667 -0.8448 -0.5310
f 8941//8667 8989//8667 8990//8667 8942//8667
vn 0.3088 -0.8959 -0.3193
f 8942//8668 8990//8668 8991//8668 8943//8668
vn 0.1361 -0.9265 -0.3509
usemtl leaf_5
f 8943//8669 8991//8669 8992//8669 8944//8669
vn 0.3596 -0.7517 -0.5528
f 8944//8670 8992//8670 8993//8670 8945//8670
vn 0.4494 -0.5780 -0.6811
usemtl leaf_3
f 8945//8671 8993//8671 8994//8671 8946//8671
vn 0.1994 -0.8495 -0.4884
usemtl leaf_4
f 8946//8672 8994//8672 8995//8672 8947//8672
vn 0.4544 -0.7456 -0.4875
f 8947//8673 8995//8673 8996//8673 8948//8673
vn 0.4494 -0.8761 -0.1746
usemtl leaf_5
f 8948//8674 8996//8674 8997//8674 8949//8674
vn 0.2215 -0.9723 -0.0744
usemtl leaf_4
f 8949//8675 8997//8675 8998//8675 8950//8675
vn 0.4817 -0.8188 -0.3123
usemtl leaf_5
f 8950//8676 8998//8676 8999//8676 8951//8676
vn 0.6448 -0.7494 -0.1506
f 8951//8677 8999//8677 9000//8677 8952//8677
vn 0.5497 -0.8350 0.0222
usemtl leaf_4
f 8952//8678 9000//8678 9001//8678 8953//8678
vn 0.5121 -0.8586 0.0247
f 8953//8679 9001//8679 9002//8679 8954//8679
vn 0.5228 -0.8060 0.2775
usemtl leaf_3
f 8954//8680 9002//8680 9003//8680 8955//8680
vn 0.6286 -0.5774 0.5210
usemtl leaf_5
f 8955//8681 9003//8681 9004//8681 8956//8681
vn 0.6073 -0.7687 0.2006
usemtl leaf_3
f 8956//8682 9004//8682 9005//8682 8957//8682
vn 0.6382 -0.7691 -0.0337
f 8957//8683 9005//8683 9006//8683 8958//8683
vn 0.4241 -0.8331 0.3550
usemtl leaf_4
f 8958//8684 9006//8684 9007//8684 8959//8684
vn 0.2126 -0.9070 0.3635
usemtl leaf_5
f 8959//8685 9007//8685 9008//8685 8960//8685
vn 0.3200 -0.8520 0.4144
usemtl leaf_4
f 8960//8686 9008//8686 9009//8686 8961//8686
vn 0.2506 -0.6717 0.6972
usemtl leaf_5
f 8961//8687 9009//8687 9010//8687 8962//8687
vn 0.3374 -0.6801 0.6509
usemtl leaf_4
f 8962//8688 9010//8688 9011//8688 8963//8688
vn -0.0927 -0.4054 0.9094
usemtl leaf_3
f 8963//8689 9011//8689 9012//8689 8964//8689
vn 0.0941 -0.4567 0.8846
usemtl leaf_4
f 8964//8690 9012//8690 9013//8690 8965//8690
vn 0.0137 -0.8588 0.5122
f 8965//8691 9013//8691 9014//8691 8966//8691
vn 0.0114 -0.9533 0.3018
f 8966//8692 9014//8692 9015//8692 8967//8692
vn -0.2074 -0.9350 0.2877
f 8967//8693 9015//8693 9016//8693 8968//8693
vn 0.1275 -0.7307 0.6707
usemtl leaf_5
f 8968//8694 9016//8694 9017//8694 8969//8694
vn -0.7823 -0.2260 0.5805
usemtl leaf_4
f 8969//8695 9017//8695 9018//8695 8970//8695
vn -0.7858 -0.2233 0.5767
f 8970//8696 9018//8696 9019//8696 8971//8696
vn -0.4751 -0.6749 0.5647
usemtl leaf_3
f 8971//8697 9019//8697 9020//8697 8972//8697
vn -0.5010 -0.8615 0.0823
usemtl leaf_4
f 8972//8698 9020//8698 9021//8698 8973//8698
vn -0.1553 -0.9654 0.2095
f 8973//8699 9021//8699 9022//8699 8974//8699
vn -0.2181 -0.9470 0.2360
usemtl leaf_5
f 8974//8700 9022//8700 9023//8700 8975//8700
vn -0.3896 -0.9032 0.1799
f 8975//8701 9023//8701 9024//8701 8976//8701
vn -0.4338 -0.8832 -0.1782
usemtl leaf_4
f 8976//8702 9024//8702 8977//8702 8929//8702
vn -0.8902 -0.2883 -0.3529
usemtl leaf_3
f 8977//8703 9025//8703 9026//8703 8978//8703
vn -0.6315 -0.7682 -0.1050
usemtl leaf_2
f 8978//8704 9026//8704 9027//8704 8979//8704
vn -0.3796 -0.9243 -0.0396
usemtl leaf_3
f 8979//8705 9027//8705 9028//8705 8980//8705
vn -0.6306 -0.7724 -0.0750
usemtl leaf_4
f 8980//8706 9028//8706 9029//8706 8981//8706
vn -0.5115 -0.8408 -0.1774
usemtl leaf_5
f 8981//8707 9029//8707 9030//8707 8982//8707
vn -0.2976 -0.9317 -0.2082
usemtl leaf_4
f 8982//8708 9030//8708 9031//8708 8983//8708
vn -0.3593 -0.7624 -0.5381
f 8983//8709 9031//8709 9032//8709 8984//8709
vn -0.3754 -0.5612 -0.7377
usemtl leaf_3
f 8984//8710 9032//8710 9033//8710 8985//8710
vn -0.1515 -0.5216 -0.8396
f 8985//8711 9033//8711 9034//8711 8986//8711
vn -0.1586 -0.6269 -0.7627
f 8986//8712 9034//8712 9035//8712 8987//8712
vn -0.3073 -0.8296 -0.4662
f 8987//8713 9035//8713 9036//8713 8988//8713
vn -0.0760 -0.8681 -0.4905
usemtl leaf_5
f 8988//8714 9036//8714 9037//8714 8989//8714
vn -0.1104 -0.5329 -0.8390
usemtl leaf_4
f 8989//8715 9037//8715 9038//8715 8990//8715
vn 0.2416 -0.6625 -0.7091
usemtl leaf_5
f 8990//8716 9038//8716 9039//8716 8991//8716
vn 0.3212 -0.7572 -0.5688
usemtl leaf_3
f 8991//8717 9039//8717 9040//8717 8992//8717
vn 0.4119 -0.8023 -0.4321
usemtl leaf_4
f 8992//8718 9040//8718 9041//8718 8993//8718
vn 0.2606 -0.8543 -0.4497
usemtl leaf_3
f 8993//8719 9041//8719 9042//8719 8994//8719
vn 0.6296 -0.2917 -0.7200
f 8994//8720 9042//8720 9043//8720 8995//8720
vn 0.6544 -0.2705 -0.7061
usemtl leaf_5
f 8995//8721 9043//8721 9044//8721 8996//8721
vn 0.4460 -0.6252 -0.6405
usemtl leaf_4
f 8996//8722 9044//8722 9045//8722 8997//8722
vn 0.5329 -0.7954 -0.2887
usemtl leaf_5
f 8997//8723 9045//8723 9046//8723 8998//8723
vn 0.6156 -0.7834 0.0853
usemtl leaf_4
f 8998//8724 9046//8724 9047//8724 8999//8724
vn 0.8436 -0.4601 -0.2767
f 8999//8725 9047//8725 9048//8725 9000//8725
vn 0.9103 -0.4138 0.0009
f 9000//8726 9048//8726 9049//8726 9001//8726
vn 0.8110 -0.5764 -0.1004
usemtl leaf_3
f 9001//8727 9049//8727 9050//8727 9002//8727
vn 0.6373 -0.6314 0.4417
f 9002//8728 9050//8728 9051//8728 9003//8728
vn 0.4117 -0.8947 0.1730
usemtl leaf_4
f 9003//8729 9051//8729 9052//8729 9004//8729
vn 0.4072 -0.8914 0.1992
f 9004//8730 9052//8730 9053//8730 9005//8730
vn 0.7634 -0.6265 0.1572
usemtl leaf_3
f 9005//8731 9053//8731 9054//8731 9006//8731
vn 0.6469 -0.7003 0.3016
usemtl leaf_5
f 9006//8732 9054//8732 9055//8732 9007//8732
vn 0.3659 -0.7917 0.4892
f 9007//8733 9055//8733 9056//8733 9008//8733
vn 0.2266 -0.7492 0.6224
f 9008//8734 9056//8734 9057//8734 9009//8734
vn 0.1436 -0.5960 0.7901
usemtl leaf_4
f 9009//8735 9057//8735 9058//8735 9010//8735
vn 0.2196 -0.0073 0.9756
f 9010//8736 9058//8736 9059//8736 9011//8736
vn 0.1292 -0.3448 0.9297
usemtl leaf_3
f 9011//8737 9059//8737 9060//8737 9012//8737
vn 0.1170 -0.6594 0.7426
usemtl leaf_4
f 9012//8738 9060//8738 9061//8738 9013//8738
vn 0.3282 -0.6047 0.7257
f 9013//8739 9061//8739 9062//8739 9014//8739
vn 0.1086 -0.8317 0.5446
usemtl leaf_5
f 9014//8740 9062//8740 9063//8740 9015//8740
vn -0.2958 -0.8957 0.3321
f 9015//8741 9063//8741 9064//8741 9016//8741
vn -0.4110 -0.6551 0.6340
f 9016//8742 9064//8742 9065//8742 9017//8742
vn -0.6567 -0.5486 0.5175
usemtl leaf_3
f 9017//8743 9065//8743 9066//8743 9018//8743
vn -0.4306 -0.7924 0.4321
f 9018//8744 9066//8744 9067//8744 9019//8744
vn -0.6041 -0.5412 0.5850
usemtl leaf_4
f 9019//8745 9067//8745 9068//8745 9020//8745
vn -0.4974 -0.6677 0.5539
usemtl leaf_5
f 9020//8746 9068//8746 9069//8746 9021//8746
vn -0.3850 -0.8128 0.4372
usemtl leaf_4
f 9021//8747 9069//8747 9070//8747 9022//8747
vn -0.6320 -0.7567 0.1673
usemtl leaf_5
f 9022//8748 9070//8748 9071//8748 9023//8748
vn -0.9417 -0.3282 0.0735
usemtl leaf_4
f 9023//8749 9071//8749 9072//8749 9024//8749
vn -0.9888 -0.0771 -0.1274
usemtl leaf_5
f 9024//8750 9072//8750 9025//8750 8977//8750
vn -0.7351 -0.6727 -0.0846
usemtl leaf_3
f 9025//8751 9073//8751 9074//8751 9026//8751
vn -0.7766 -0.6261 -0.0702
f 9026//8752 9074//8752 9075//8752 9027//8752
vn -0.9071 -0.4181 -0.0475
usemtl leaf_4
f 9027//8753 9075//8753 9076//8753 9028//8753
vn -0.5681 -0.8138 -0.1224
usemtl leaf_5
f 9028//8754 9076//8754 9077//8754 9029//8754
vn -0.6948 -0.6416 -0.3250
f 9029//8755 9077//8755 9078//8755 9030//8755
vn -0.6500 0.1518 -0.7446
usemtl leaf_4
f 9030//8756 9078//8756 9079//8756 9031//8756
vn -0.4487 0.1731 -0.8768
usemtl leaf_5
f 9031//8757 9079//8757 9080//8757 9032//8757
vn -0.6198 -0.2083 -0.7566
usemtl leaf_3
f 9032//8758 9080//8758 9081//8758 9033//8758
vn -0.0604 -0.3095 -0.9490
f 9033//8759 9081//8759 9082//8759 9034//8759
vn -0.4048 -0.3087 -0.8607
usemtl leaf_4
f 9034//8760 9082//8760 9083//8760 9035//8760
vn -0.4110 -0.1118 -0.9048
f 9035//8761 9083//8761 9084//8761 9036//8761
vn -0.2773 -0.2423 -0.9297
usemtl leaf_3
f 9036//8762 9084//8762 9085//8762 9037//8762
vn 0.2144 -0.5564 -0.8028
usemtl leaf_5
f 9037//8763 9085//8763 9086//8763 9038//8763
vn -0.1146 -0.4949 -0.8614
usemtl leaf_4
f 9038//8764 9086//8764 9087//8764 9039//8764
vn 0.5089 -0.6254 -0.5915
f 9039//8765 9087//8765 9088//8765 9040//8765
vn 0.1957 -0.7339 -0.6504
f 9040//8766 9088//8766 9089//8766 9041//8766
vn 0.7460 -0.4977 -0.4424
f 9041//8767 9089//8767 9090//8767 9042//8767
vn 0.7024 -0.3812 -0.6011
f 9042//8768 9090//8768 9091//8768 9043//8768
vn 0.3643 -0.5652 -0.7402
usemtl leaf_3
f 9043//8769 9091//8769 9092//8769 9044//8769
vn 0.5391 -0.5232 -0.6601
usemtl leaf_4
f 9044//8770 9092//8770 9093//8770 9045//8770
vn 0.6925 -0.4727 -0.5450
usemtl leaf_5
f 9045//8771 9093//8771 9094//8771 9046//8771
vn 0.7511 -0.6592 0.0368
f 9046//8772 9094//8772 9095//8772 9047//8772
vn 0.7484 -0.6584 0.0800
usemtl leaf_3
f 9047//8773 9095//8773 9096//8773 9048//8773
vn 0.8167 -0.5361 -0.2138
usemtl leaf_4
f 9048//8774 9096//8774 9097//8774 9049//8774
vn 0.9221 -0.3657 0.1263
usemtl leaf_3
f 9049//8775 9097//8775 9098//8775 9050//8775
vn 0.9019 -0.3602 0.2385
usemtl leaf_4
f 9050//8776 9098//8776 9099//8776 9051//8776
vn 0.8219 -0.5485 0.1536
usemtl leaf_5
f 9051//8777 9099//8777 9100//8777 9052//8777
vn 0.6057 -0.7276 0.3222
usemtl leaf_3
f 9052//8778 9100//8778 9101//8778 9053//8778
vn 0.5405 -0.8027 0.2518
f 9053//8779 9101//8779 9102//8779 9054//8779
vn 0.7631 -0.4918 0.4194
f 9054//8780 9102//8780 9103//8780 9055//8780
vn 0.6160 -0.4884 0.6181
usemtl leaf_4
f 9055//8781 9103//8781 9104//8781 9056//8781
vn 0.2069 -0.4916 0.8459
f 9056//8782 9104//8782 9105//8782 9057//8782
vn 0.1596 -0.4783 0.8636
usemtl leaf_5
f 9057//8783 9105//8783 9106//8783 9058//8783
vn 0.0250 -0.7423 0.6697
usemtl leaf_3
f 9058//8784 9106//8784 9107//8784 9059//8784
vn 0.3017 -0.6611 0.6870
f 9059//8785 9107//8785 9108//8785 9060//8785
vn 0.0704 -0.6288 0.7744
usemtl leaf_2
f 9060//8786 9108//8786 9109//8786 9061//8786
vn 0.3887 -0.6563 0.6467
usemtl leaf_5
f 9061//8787 9109//8787 9110//8787 9062//8787
vn 0.0935 -0.5847 0.8059
usemtl leaf_4
f 9062//8788 9110//8788 9111//8788 9063//8788
vn -0.4240 -0.5180 0.7429
f 9063//8789 9111//8789 9112//8789 9064//8789
vn -0.6323 -0.6278 0.4540
f 9064//8790 9112//8790 9113//8790 9065//8790
vn -0.6762 -0.3610 0.6422
usemtl leaf_3
f 9065//8791 9113//8791 9114//8791 9066//8791
vn -0.6172 -0.2222 0.7547
f 9066//8792 9114//8792 9115//8792 9067//8792
vn -0.4702 -0.7299 0.4961
f 9067//8793 9115//8793 9116//8793 9068//8793
vn -0.4330 -0.7061 0.5603
f 9068//8794 9116//8794 9117//8794 9069//8794
vn -0.6746 -0.4809 0.5600
usemtl leaf_4
f 9069//8795 9117//8795 9118//8795 9070//8795
vn -0.9107 -0.3844 0.1509
usemtl leaf_5
f 9070//8796 9118//8796 9119//8796 9071//8796
vn -0.9093 -0.3941 -0.1336
usemtl leaf_4
f 9071//8797 9119//8797 9120//8797 9072//8797
vn -0.9125 -0.4036 -0.0660
usemtl leaf_3
f 9072//8798 9120//8798 9073//8798 9025//8798
vn -0.6405 -0.7661 0.0530
usemtl leaf_4
f 9073//8799 9121//8799 9122//8799 9074//8799
vn -0.5730 -0.8037 -0.1602
f 9074//8800 9122//8800 9123//8800 9075//8800
vn -0.5345 -0.8417 0.0771
usemtl leaf_3
f 9075//8801 9123//8801 9124//8801 9076//8801
vn -0.7206 -0.6346 -0.2793
usemtl leaf_5
f 9076//8802 9124//8802 9125//8802 9077//8802
vn -0.6540 -0.1451 -0.7424
usemtl leaf_3
f 9077//8803 9125//8803 9126//8803 9078//8803
vn -0.6268 -0.5672 -0.5343
f 9078//8804 9126//8804 9127//8804 9079//8804
vn -0.2290 -0.5189 -0.8236
f 9079//8805 9127//8805 9128//8805 9080//8805
vn -0.6608 0.0699 -0.7473
usemtl leaf_4
f 9080//8806 9128//8806 9129//8806 9081//8806
vn -0.3368 -0.5179 -0.7863
usemtl leaf_2
f 9081//8807 9129//8807 9130//8807 9082//8807
vn -0.2078 -0.7885 -0.5789
f 9082//8808 9130//8808 9131//8808 9083//8808
vn -0.1602 -0.5828 -0.7966
usemtl leaf_3
f 9083//8809 9131//8809 9132//8809 9084//8809
vn -0.4566 -0.4925 -0.7409
usemtl leaf_4
f 9084//8810 9132//8810 9133//8810 9085//8810
vn 0.1857 -0.6441 -0.7420
f 9085//8811 9133//8811 9134//8811 9086//8811
vn 0.0271 -0.5100 -0.8597
f 9086//8812 9134//8812 9135//8812 9087//8812
vn 0.4705 -0.3353 -0.8162
f 9087//8813 9135//8813 9136//8813 9088//8813
vn 0.3296 -0.3765 -0.8658
usemtl leaf_3
f 9088//8814 9136//8814 9137//8814 9089//8814
vn 0.8141 -0.3980 -0.4229
usemtl leaf_2
f 9089//8815 9137//8815 9138//8815 9090//8815
vn 0.5917 -0.5537 -0.5859
usemtl leaf_3
f 9090//8816 9138//8816 9139//8816 9091//8816
vn 0.3116 -0.5480 -0.7763
usemtl leaf_4
f 9091//8817 9139//8817 9140//8817 9092//8817
vn 0.6553 -0.5341 -0.5342
usemtl leaf_3
f 9092//8818 9140//8818 9141//8818 9093//8818
vn 0.7393 -0.3252 -0.5896
usemtl leaf_5
f 9093//8819 9141//8819 9142//8819 9094//8819
vn 0.8765 -0.4477 -0.1768
usemtl leaf_4
f 9094//8820 9142//8820 9143//8820 9095//8820
vn 0.7585 -0.6413 0.1156
f 9095//8821 9143//8821 9144//8821 9096//8821
vn 0.8397 -0.5379 -0.0740
usemtl leaf_3
f 9096//8822 9144//8822 9145//8822 9097//8822
vn 0.8711 -0.4757 0.1217
usemtl leaf_4
f 9097//8823 9145//8823 9146//8823 9098//8823
vn 0.7914 -0.5964 0.1340
f 9098//8824 9146//8824 9147//8824 9099//8824
vn 0.8348 -0.5218 0.1756
usemtl leaf_3
f 9099//8825 9147//8825 9148//8825 9100//8825
vn 0.7319 -0.6724 0.1106
usemtl leaf_4
f 9100//8826 9148//8826 9149//8826 9101//8826
vn 0.5337 -0.7729 0.3432
f 9101//8827 9149//8827 9150//8827 9102//8827
vn 0.4820 -0.7730 0.4125
f 9102//8828 9150//8828 9151//8828 9103//8828
vn 0.5611 -0.4988 0.6606
usemtl leaf_3
f 9103//8829 9151//8829 9152//8829 9104//8829
vn 0.1450 -0.0483 0.9883
usemtl leaf_4
f 9104//8830 9152//8830 9153//8830 9105//8830
vn 0.4544 -0.3792 0.8060
usemtl leaf_3
f 9105//8831 9153//8831 9154//8831 9106//8831
vn -0.0984 -0.1132 0.9887
usemtl leaf_2
f 9106//8832 9154//8832 9155//8832 9107//8832
vn 0.4451 -0.0582 0.8936
f 9107//8833 9155//8833 9156//8833 9108//8833
vn 0.2690 -0.6558 0.7054
usemtl leaf_4
f 9108//8834 9156//8834 9157//8834 9109//8834
vn 0.3092 -0.6901 0.6544
usemtl leaf_5
f 9109//8835 9157//8835 9158//8835 9110//8835
vn -0.1039 -0.5313 0.8408
f 9110//8836 9158//8836 9159//8836 9111//8836
vn -0.3458 -0.4574 0.8192
f 9111//8837 9159//8837 9160//8837 9112//8837
vn -0.8390 -0.1197 0.5308
usemtl leaf_4
f 9112//8838 9160//8838 9161//8838 9113//8838
vn -0.7744 -0.0592 0.6300
f 9113//8839 9161//8839 9162//8839 9114//8839
vn -0.5661 -0.1718 0.8062
usemtl leaf_2
f 9114//8840 9162//8840 9163//8840 9115//8840
vn -0.5229 -0.0702 0.8495
usemtl leaf_3
f 9115//8841 9163//8841 9164//8841 9116//8841
vn -0.5618 -0.4881 0.6679
f 9116//8842 9164//8842 9165//8842 9117//8842
vn -0.5865 -0.6764 0.4455
f 9117//8843 9165//8843 9166//8843 9118//8843
vn -0.6823 -0.7204 0.1248
usemtl leaf_5
f 9118//8844 9166//8844 9167//8844 9119//8844
vn -0.6858 -0.7200 -0.1061
usemtl leaf_4
f 9119//8845 9167//8845 9168//8845 9120//8845
vn -0.6384 -0.7688 -0.0365
f 9120//8846 9168//8846 9121//8846 9073//8846
vn -0.8404 -0.5363 0.0780
f 9121//8847 9169//8847 9170//8847 9122//8847
vn -0.8526 -0.4555 -0.2562
f 9122//8848 9170//8848 9171//8848 9123//8848
vn -0.9989 -0.0459 0.0076
f 9123//8849 9171//8849 9172//8849 9124//8849
vn -0.8238 -0.2984 -0.4820
f 9124//8850 9172//8850 9173//8850 9125//8850
vn -0.5529 -0.6047 -0.5733
usemtl leaf_3
f 9125//8851 9173//8851 9174//8851 9126//8851
vn -0.6295 0.0410 -0.7760
f 9126//8852 9174//8852 9175//8852 9127//8852
vn -0.5271 -0.1725 -0.8321
f 9127//8853 9175//8853 9176//8853 9128//8853
vn -0.3248 -0.7733 -0.5445
f 9128//8854 9176//8854 9177//8854 9129//8854
vn -0.5411 -0.6023 -0.5869
f 9129//8855 9177//8855 9178//8855 9130//8855
vn -0.1781 -0.5437 -0.8202
f 9130//8856 9178//8856 9179//8856 9131//8856
vn -0.1436 -0.6477 -0.7482
f 9131//8857 9179//8857 9180//8857 9132//8857
vn -0.3367 -0.4365 -0.8343
usemtl leaf_4
f 9132//8858 9180//8858 9181//8858 9133//8858
vn 0.1902 -0.0282 -0.9813
f 9133//8859 9181//8859 9182//8859 9134//8859
vn 0.2442 0.1104 -0.9634
f 9134//8860 9182//8860 9183//8860 9135//8860
vn 0.3329 -0.0434 -0.9420
f 9135//8861 9183//8861 9184//8861 9136//8861
vn 0.2592 -0.4640 -0.8470
f 9136//8862 9184//8862 9185//8862 9137//8862
vn 0.5459 -0.7225 -0.4243
f 9137//8863 9185//8863 9186//8863 9138//8863
vn 0.4549 -0.7950 -0.4013
f 9138//8864 9186//8864 9187//8864 9139//8864
vn 0.6046 -0.3499 -0.7156
usemtl leaf_3
f 9139//8865 9187//8865 9188//8865 9140//8865
vn 0.6784 -0.1068 -0.7269
usemtl leaf_4
f 9140//8866 9188//8866 9189//8866 9141//8866
vn 0.9191 -0.1021 -0.3805
usemtl leaf_3
f 9141//8867 9189//8867 9190//8867 9142//8867
vn 0.8881 0.3644 -0.2803
usemtl leaf_4
f 9142//8868 9190//8868 9191//8868 9143//8868
vn 0.9437 0.3294 0.0308
usemtl leaf_2
f 9143//8869 9191//8869 9192//8869 9144//8869
vn 0.9249 0.3674 0.0981
usemtl leaf_4
f 9144//8870 9192//8870 9193//8870 9145//8870
vn 0.9745 0.1889 -0.1214
usemtl leaf_3
f 9145//8871 9193//8871 9194//8871 9146//8871
vn 0.9302 -0.3608 0.0666
usemtl leaf_2
f 9146//8872 9194//8872 9195//8872 9147//8872
vn 0.7212 -0.6887 0.0745
usemtl leaf_4
f 9147//8873 9195//8873 9196//8873 9148//8873
vn 0.8218 -0.5140 0.2459
usemtl leaf_3
f 9148//8874 9196//8874 9197//8874 9149//8874
vn 0.8158 -0.0406 0.5769
f 9149//8875 9197//8875 9198//8875 9150//8875
vn 0.7399 0.0936 0.6662
usemtl leaf_4
f 9150//8876 9198//8876 9199//8876 9151//8876
vn 0.4857 0.0436 0.8730
f 9151//8877 9199//8877 9200//8877 9152//8877
vn 0.2421 -0.2937 0.9247
usemtl leaf_2
f 9152//8878 9200//8878 9201//8878 9153//8878
vn 0.4798 -0.2649 0.8364
usemtl leaf_3
f 9153//8879 9201//8879 9202//8879 9154//8879
vn -0.1258 -0.4176 0.8999
usemtl leaf_2
f 9154//8880 9202//8880 9203//8880 9155//8880
vn 0.4669 -0.6611 0.5873
usemtl leaf_3
f 9155//8881 9203//8881 9204//8881 9156//8881
vn 0.3536 -0.6395 0.6827
f 9156//8882 9204//8882 9205//8882 9157//8882
vn 0.1277 -0.3748 0.9183
f 9157//8883 9205//8883 9206//8883 9158//8883
vn -0.2207 -0.0040 0.9753
f 9158//8884 9206//8884 9207//8884 9159//8884
vn -0.4269 0.2071 0.8803
f 9159//8885 9207//8885 9208//8885 9160//8885
vn -0.7929 -0.1764 0.5833
usemtl leaf_4
f 9160//8886 9208//8886 9209//8886 9161//8886
vn -0.3410 -0.7818 0.5221
usemtl leaf_2
f 9161//8887 9209//8887 9210//8887 9162//8887
vn -0.3521 -0.8519 0.3876
f 9162//8888 9210//8888 9211//8888 9163//8888
vn -0.3462 -0.7767 0.5262
f 9163//8889 9211//8889 9212//8889 9164//8889
vn -0.4716 -0.5848 0.6600
usemtl leaf_3
f 9164//8890 9212//8890 9213//8890 9165//8890
vn -0.8714 -0.2427 0.4264
usemtl leaf_4
f 9165//8891 9213//8891 9214//8891 9166//8891
vn -0.9112 0.4042 0.0801
usemtl leaf_5
f 9166//8892 9214//8892 9215//8892 9167//8892
vn -0.8636 0.5037 -0.0216
usemtl leaf_3
f 9167//8893 9215//8893 9216//8893 9168//8893
vn -0.9747 0.0048 0.2236
usemtl leaf_4
f 9168//8894 9216//8894 9169//8894 9121//8894
vn -0.8513 -0.4909 0.1853
usemtl leaf_3
f 9169//8895 9217//8895 9218//8895 9170//8895
vn -0.6600 -0.7299 -0.1779
usemtl leaf_4
f 9170//8896 9218//8896 9219//8896 9171//8896
vn -0.7276 -0.6419 -0.2419
usemtl leaf_5
f 9171//8897 9219//8897 9220//8897 9172//8897
vn -0.8980 0.0220 -0.4395
usemtl leaf_4
f 9172//8898 9220//8898 9221//8898 9173//8898
vn -0.7546 0.1165 -0.6457
usemtl leaf_3
f 9173//8899 9221//8899 9222//8899 9174//8899
vn -0.3318 -0.0065 -0.9433
usemtl leaf_2
f 9174//8900 9222//8900 9223//8900 9175//8900
vn -0.7785 0.2432 -0.5786
f 9175//8901 9223//8901 9224//8901 9176//8901
vn -0.5629 0.2385 -0.7914
usemtl leaf_3
f 9176//8902 9224//8902 9225//8902 9177//8902
vn -0.5860 -0.0631 -0.8079
f 9177//8903 9225//8903 9226//8903 9178//8903
vn -0.2375 -0.0042 -0.9714
usemtl leaf_2
f 9178//8904 9226//8904 9227//8904 9179//8904
vn -0.1562 0.1916 -0.9690
usemtl leaf_4
f 9179//8905 9227//8905 9228//8905 9180//8905
vn -0.0963 0.4651 -0.8800
usemtl leaf_2
f 9180//8906 9228//8906 9229//8906 9181//8906
vn 0.1264 0.4703 -0.8734
usemtl leaf_3
f 9181//8907 9229//8907 9230//8907 9182//8907
vn 0.0173 -0.1936 -0.9809
usemtl leaf_4
f 9182//8908 9230//8908 9231//8908 9183//8908
vn 0.1700 -0.6270 -0.7602
usemtl leaf_3
f 9183//8909 9231//8909 9232//8909 9184//8909
vn 0.4368 -0.2183 -0.8726
usemtl leaf_2
f 9184//8910 9232//8910 9233//8910 9185//8910
vn 0.5855 0.0630 -0.8082
usemtl leaf_4
f 9185//8911 9233//8911 9234//8911 9186//8911
vn 0.5654 -0.5067 -0.6508
usemtl leaf_3
f 9186//8912 9234//8912 9235//8912 9187//8912
vn 0.6616 -0.6595 -0.3568
f 9187//8913 9235//8913 9236//8913 9188//8913
vn 0.7757 -0.0459 -0.6294
f 9188//8914 9236//8914 9237//8914 9189//8914
vn 0.8920 0.3046 -0.3339
f 9189//8915 9237//8915 9238//8915 9190//8915
vn 0.9745 0.0959 -0.2028
f 9190//8916 9238//8916 9239//8916 9191//8916
vn 0.9606 -0.1901 -0.2027
usemtl leaf_2
f 9191//8917 9239//8917 9240//8917 9192//8917
vn 0.7818 -0.6167 0.0927
usemtl leaf_3
f 9192//8918 9240//8918 9241//8918 9193//8918
vn 0.9373 -0.3460 -0.0419
f 9193//8919 9241//8919 9242//8919 9194//8919
vn 0.9815 0.1909 -0.0168
usemtl leaf_2
f 9194//8920 9242//8920 9243//8920 9195//8920
vn 0.9348 0.3498 0.0615
f 9195//8921 9243//8921 9244//8921 9196//8921
vn 0.9503 -0.0333 0.3095
usemtl leaf_3
f 9196//8922 9244//8922 9245//8922 9197//8922
vn 0.7180 -0.3705 0.5893
f 9197//8923 9245//8923 9246//8923 9198//8923
vn 0.6820 -0.2618 0.6829
usemtl leaf_4
f 9198//8924 9246//8924 9247//8924 9199//8924
vn 0.4967 -0.1467 0.8554
usemtl leaf_3
f 9199//8925 9247//8925 9248//8925 9200//8925
vn 0.2364 0.2100 0.9487
f 9200//8926 9248//8926 9249//8926 9201//8926
vn 0.4895 0.2161 0.8448
usemtl leaf_2
f 9201//8927 9249//8927 9250//8927 9202//8927
vn 0.2198 -0.3803 0.8984
usemtl leaf_3
f 9202//8928 9250//8928 9251//8928 9203//8928
vn 0.4406 -0.4361 0.7847
f 9203//8929 9251//8929 9252//8929 9204//8929
vn 0.4180 -0.2057 0.8849
usemtl leaf_4
f 9204//8930 9252//8930 9253//8930 9205//8930
vn -0.0910 -0.1644 0.9822
f 9205//8931 9253//8931 9254//8931 9206//8931
vn -0.2802 0.0484 0.9587
usemtl leaf_3
f 9206//8932 9254//8932 9255//8932 9207//8932
vn -0.4779 0.0534 0.8768
f 9207//8933 9255//8933 9256//8933 9208//8933
vn -0.4457 -0.3869 0.8073
usemtl leaf_4
f 9208//8934 9256//8934 9257//8934 9209//8934
vn -0.4499 -0.4838 0.7507
usemtl leaf_2
f 9209//8935 9257//8935 9258//8935 9210//8935
vn -0.5389 -0.4575 0.7074
usemtl leaf_4
f 9210//8936 9258//8936 9259//8936 9211//8936
vn -0.7591 -0.2870 0.5842
f 9211//8937 9259//8937 9260//8937 9212//8937
vn -0.6835 0.2351 0.6911
usemtl leaf_3
f 9212//8938 9260//8938 9261//8938 9213//8938
vn -0.8870 0.3677 0.2795
f 9213//8939 9261//8939 9262//8939 9214//8939
vn -0.9953 0.0905 0.0352
f 9214//8940 9262//8940 9263//8940 9215//8940
vn -0.9845 -0.1676 0.0523
f 9215//8941 9263//8941 9264//8941 9216//8941
vn -0.8484 -0.2879 0.4443
f 9216//8942 9264//8942 9217//8942 9169//8942
vn -0.8014 0.5530 0.2278
usemtl leaf_4
f 9217//8943 9265//8943 9266//8943 9218//8943
vn -0.7861 0.6080 -0.1109
f 9218//8944 9266//8944 9267//8944 9219//8944
vn -0.7409 0.5405 -0.3986
f 9219//8945 9267//8945 9268//8945 9220//8945
vn -0.7400 0.4376 -0.5108
f 9220//8946 9268//8946 9269//8946 9221//8946
vn -0.5377 0.6531 -0.5333
usemtl leaf_2
f 9221//8947 9269//8947 9270//8947 9222//8947
vn -0.5480 0.3672 -0.7516
f 9222//8948 9270//8948 9271//8948 9223//8948
vn -0.6937 -0.3551 -0.6267
f 9223//8949 9271//8949 9272//8949 9224//8949
vn -0.6122 -0.3293 -0.7189
f 9224//8950 9272//8950 9273//8950 9225//8950
vn -0.4588 0.0884 -0.8841
usemtl leaf_3
f 9225//8951 9273//8951 9274//8951 9226//8951
vn -0.3962 -0.0094 -0.9181
f 9226//8952 9274//8952 9275//8952 9227//8952
vn 0.0877 -0.0212 -0.9959
f 9227//8953 9275//8953 9276//8953 9228//8953
vn -0.1266 0.1478 -0.9809
f 9228//8954 9276//8954 9277//8954 9229//8954
vn 0.0010 -0.2043 -0.9789
usemtl leaf_4
f 9229//8955 9277//8955 9278//8955 9230//8955
vn 0.0853 0.3604 -0.9289
usemtl leaf_2
f 9230//8956 9278//8956 9279//8956 9231//8956
vn 0.0900 0.6847 -0.7232
f 9231//8957 9279//8957 9280//8957 9232//8957
vn 0.4502 0.1817 -0.8743
usemtl leaf_4
f 9232//8958 9280//8958 9281//8958 9233//8958
vn 0.4248 -0.3715 -0.8256
usemtl leaf_2
f 9233//8959 9281//8959 9282//8959 9234//8959
vn 0.7279 0.1376 -0.6717
usemtl leaf_3
f 9234//8960 9282//8960 9283//8960 9235//8960
vn 0.7434 0.2295 -0.6282
usemtl leaf_4
f 9235//8961 9283//8961 9284//8961 9236//8961
vn 0.8865 -0.3147 -0.3392
f 9236//8962 9284//8962 9285//8962 9237//8962
vn 0.9512 0.1292 -0.2803
usemtl leaf_3
f 9237//8963 9285//8963 9286//8963 9238//8963
vn 0.8937 0.3876 -0.2262
f 9238//8964 9286//8964 9287//8964 9239//8964
vn 0.8841 0.3744 -0.2796
usemtl leaf_2
f 9239//8965 9287//8965 9288//8965 9240//8965
vn 0.8499 0.5259 0.0337
f 9240//8966 9288//8966 9289//8966 9241//8966
vn 0.9923 0.1238 -0.0010
usemtl leaf_3
f 9241//8967 9289//8967 9290//8967 9242//8967
vn 0.9411 -0.3374 -0.0240
usemtl leaf_2
f 9242//8968 9290//8968 9291//8968 9243//8968
vn 0.8883 -0.4522 0.0802
usemtl leaf_3
f 9243//8969 9291//8969 9292//8969 9244//8969
vn 0.9495 -0.0508 0.3095
usemtl leaf_4
f 9244//8970 9292//8970 9293//8970 9245//8970
vn 0.7422 0.2905 0.6039
usemtl leaf_2
f 9245//8971 9293//8971 9294//8971 9246//8971
vn 0.4502 0.5366 0.7137
usemtl leaf_4
f 9246//8972 9294//8972 9295//8972 9247//8972
vn 0.5070 0.5794 0.6382
usemtl leaf_3
f 9247//8973 9295//8973 9296//8973 9248//8973
vn 0.3164 -0.1895 0.9295
f 9248//8974 9296//8974 9297//8974 9249//8974
vn 0.4512 -0.3079 0.8376
usemtl leaf_2
f 9249//8975 9297//8975 9298//8975 9250//8975
vn 0.5436 -0.4795 0.6889
f 9250//8976 9298//8976 9299//8976 9251//8976
vn 0.1426 -0.5768 0.8043
usemtl leaf_3
f 9251//8977 9299//8977 9300//8977 9252//8977
vn 0.2372 0.1875 0.9532
f 9252//8978 9300//8978 9301//8978 9253//8978
vn -0.1405 0.6187 0.7729
f 9253//8979 9301//8979 9302//8979 9254//8979
vn -0.3053 0.7598 0.5740
usemtl leaf_4
f 9254//8980 9302//8980 9303//8980 9255//8980
vn -0.1840 0.7682 0.6131
usemtl leaf_2
f 9255//8981 9303//8981 9304//8981 9256//8981
vn -0.1780 0.4610 0.8694
usemtl leaf_4
f 9256//8982 9304//8982 9305//8982 9257//8982
vn -0.5789 0.1983 0.7909
usemtl leaf_3
f 9257//8983 9305//8983 9306//8983 9258//8983
vn -0.5252 0.1603 0.8357
f 9258//8984 9306//8984 9307//8984 9259//8984
vn -0.8644 0.0429 0.5010
usemtl leaf_4
f 9259//8985 9307//8985 9308//8985 9260//8985
vn -0.8058 0.1761 0.5654
usemtl leaf_2
f 9260//8986 9308//8986 9309//8986 9261//8986
vn -0.8721 0.4210 0.2495
usemtl leaf_3
f 9261//8987 9309//8987 9310//8987 9262//8987
vn -0.9251 0.2723 0.2646
f 9262//8988 9310//8988 9311//8988 9263//8988
vn -0.9972 -0.0293 0.0690
f 9263//8989 9311//8989 9312//8989 9264//8989
vn -0.8827 0.3083 0.3547
usemtl leaf_2
f 9264//8990 9312//8990 9265//8990 9217//8990
vn -0.9908 -0.0797 0.1096
usemtl leaf_3
f 9265//8991 9313//8991 9314//8991 9266//8991
vn -0.9520 0.2627 -0.1573
usemtl leaf_2
f 9266//8992 9314//8992 9315//8992 9267//8992
vn -0.9056 0.2045 -0.3716
f 9267//8993 9315//8993 9316//8993 9268//8993
vn -0.7305 0.3094 -0.6087
usemtl leaf_3
f 9268//8994 9316//8994 9317//8994 9269//8994
vn -0.6216 0.3012 -0.7232
f 9269//8995 9317//8995 9318//8995 9270//8995
vn -0.7620 0.3048 -0.5713
usemtl leaf_1
f 9270//8996 9318//8996 9319//8996 9271//8996
vn -0.7543 0.2994 -0.5843
usemtl leaf_2
f 9271//8997 9319//8997 9320//8997 9272//8997
vn -0.4665 0.4378 -0.7686
f 9272//8998 9320//8998 9321//8998 9273//8998
vn -0.3398 0.4855 -0.8055
usemtl leaf_3
f 9273//8999 9321//8999 9322//8999 9274//8999
vn -0.3976 0.5448 -0.7384
f 9274//9000 9322//9000 9323//9000 9275//9000
vn 0.0080 0.2717 -0.9624
f 9275//9001 9323//9001 9324//9001 9276//9001
vn -0.0673 0.0526 -0.9963
usemtl leaf_2
f 9276//9002 9324//9002 9325//9002 9277//9002
vn 0.0582 0.5864 -0.8079
f 9277//9003 9325//9003 9326//9003 9278//9003
vn 0.2032 0.4976 -0.8433
usemtl leaf_3
f 9278//9004 9326//9004 9327//9004 9279//9004
vn 0.1994 0.4885 -0.8495
usemtl leaf_2
f 9279//9005 9327//9005 9328//9005 9280//9005
vn 0.0329 0.4791 -0.8771
f 9280//9006 9328//9006 9329//9006 9281//9006
vn 0.4242 0.1596 -0.8914
usemtl leaf_3
f 9281//9007 9329//9007 9330//9007 9282//9007
vn 0.8128 -0.1260 -0.5687
usemtl leaf_2
f 9282//9008 9330//9008 9331//9008 9283//9008
vn 0.7260 -0.0430 -0.6863
f 9283//9009 9331//9009 9332//9009 9284//9009
vn 0.8715 0.3594 -0.3336
f 9284//9010 9332//9010 9333//9010 9285//9010
vn 0.9372 0.3443 -0.0563
f 9285//9011 9333//9011 9334//9011 9286//9011
vn 0.8814 0.1097 -0.4594
f 9286//9012 9334//9012 9335//9012 9287//9012
vn 0.9921 0.0212 -0.1234
usemtl leaf_1
f 9287//9013 9335//9013 9336//9013 9288//9013
vn 0.9975 -0.0217 -0.0666
f 9288//9014 9336//9014 9337//9014 9289//9014
vn 0.9865 -0.0772 -0.1442
usemtl leaf_2
f 9289//9015 9337//9015 9338//9015 9290//9015
vn 0.9977 0.0029 -0.0679
f 9290//9016 9338//9016 9339//9016 9291//9016
vn 0.9825 0.1444 0.1176
usemtl leaf_4
f 9291//9017 9339//9017 9340//9017 9292//9017
vn 0.6697 0.4871 0.5606
usemtl leaf_2
f 9292//9018 9340//9018 9341//9018 9293//9018
vn 0.5744 0.6969 0.4294
usemtl leaf_4
f 9293//9019 9341//9019 9342//9019 9294//9019
vn 0.3417 0.5771 0.7418
usemtl leaf_3
f 9294//9020 9342//9020 9343//9020 9295//9020
vn 0.4349 0.7146 0.5479
f 9295//9021 9343//9021 9344//9021 9296//9021
vn 0.3753 0.7832 0.4957
usemtl leaf_2
f 9296//9022 9344//9022 9345//9022 9297//9022
vn 0.6799 0.0319 0.7326
usemtl leaf_1
f 9297//9023 9345//9023 9346//9023 9298//9023
vn 0.5527 -0.0566 0.8315
usemtl leaf_2
f 9298//9024 9346//9024 9347//9024 9299//9024
vn 0.0674 0.4357 0.8976
usemtl leaf_3
f 9299//9025 9347//9025 9348//9025 9300//9025
vn -0.0160 0.3100 0.9506
usemtl leaf_4
f 9300//9026 9348//9026 9349//9026 9301//9026
vn -0.3035 0.5794 0.7564
usemtl leaf_3
f 9301//9027 9349//9027 9350//9027 9302//9027
vn -0.3947 0.6160 0.6818
usemtl leaf_1
f 9302//9028 9350//9028 9351//9028 9303//9028
vn -0.0656 0.3578 0.9315
usemtl leaf_2
f 9303//9029 9351//9029 9352//9029 9304//9029
vn 0.0209 -0.0100 0.9997
usemtl leaf_3
f 9304//9030 9352//9030 9353//9030 9305//9030
vn -0.3856 -0.4998 0.7756
usemtl leaf_4
f 9305//9031 9353//9031 9354//9031 9306//9031
vn -0.7266 -0.2872 0.6241
usemtl leaf_3
f 9306//9032 9354//9032 9355//9032 9307//9032
vn -0.7926 0.3982 0.4617
f 9307//9033 9355//9033 9356//9033 9308//9033
vn -0.7459 0.5840 0.3203
usemtl leaf_2
f 9308//9034 9356//9034 9357//9034 9309//9034
vn -0.7756 0.5604 0.2905
usemtl leaf_1
f 9309//9035 9357//9035 9358//9035 9310//9035
vn -0.8560 0.3583 0.3727
usemtl leaf_2
f 9310//9036 9358//9036 9359//9036 9311//9036
vn -0.9704 0.0461 0.2370
usemtl leaf_3
f 9311//9037 9359//9037 9360//9037 9312//9037
vn -0.9119 -0.3418 0.2271
usemtl leaf_2
f 9312//9038 9360//9038 9313//9038 9265//9038
vn -0.8796 0.4745 -0.0352
f 9313//9039 9361//9039 9362//9039 9314//9039
vn -0.8595 0.4863 -0.1577
usemtl leaf_4
f 9314//9040 9362//9040 9363//9040 9315//9040
vn -0.8037 0.5118 -0.3034
f 9315//9041 9363//9041 9364//9041 9316//9041
vn -0.5113 0.5891 -0.6257
usemtl leaf_3
f 9316//9042 9364//9042 9365//9042 9317//9042
vn -0.6211 0.6036 -0.5000
usemtl leaf_1
f 9317//9043 9365//9043 9366//9043 9318//9043
vn -0.8680 0.0482 -0.4941
usemtl leaf_3
f 9318//9044 9366//9044 9367//9044 9319//9044
vn -0.7252 -0.0144 -0.6884
usemtl leaf_2
f 9319//9045 9367//9045 9368//9045 9320//9045
vn -0.3845 0.2826 -0.8788
usemtl leaf_1
f 9320//9046 9368//9046 9369//9046 9321//9046
vn -0.5986 0.0015 -0.8010
f 9321//9047 9369//9047 9370//9047 9322//9047
vn -0.1409 0.1135 -0.9835
usemtl leaf_2
f 9322//9048 9370//9048 9371//9048 9323//9048
vn -0.2053 0.5637 -0.8001
usemtl leaf_1
f 9323//9049 9371//9049 9372//9049 9324//9049
vn -0.0320 0.3879 -0.9212
usemtl leaf_2
f 9324//9050 9372//9050 9373//9050 9325//9050
vn 0.3001 0.3343 -0.8934
usemtl leaf_3
f 9325//9051 9373//9051 9374//9051 9326//9051
vn 0.0939 0.6501 -0.7540
usemtl leaf_1
f 9326//9052 9374//9052 9375//9052 9327//9052
vn 0.1937 0.5290 -0.8262
f 9327//9053 9375//9053 9376//9053 9328//9053
vn 0.0650 0.5800 -0.8120
usemtl leaf_2
f 9328//9054 9376//9054 9377//9054 9329//9054
vn 0.1999 0.7581 -0.6207
usemtl leaf_3
f 9329//9055 9377//9055 9378//9055 9330//9055
vn 0.5412 0.4975 -0.6780
f 9330//9056 9378//9056 9379//9056 9331//9056
vn 0.8236 0.3250 -0.4649
usemtl leaf_2
f 9331//9057 9379//9057 9380//9057 9332//9057
vn 0.8147 0.5465 -0.1940
usemtl leaf_3
f 9332//9058 9380//9058 9381//9058 9333//9058
vn 0.7737 0.6317 -0.0492
usemtl leaf_1
f 9333//9059 9381//9059 9382//9059 9334//9059
vn 0.6094 0.6977 -0.3767
usemtl leaf_2
f 9334//9060 9382//9060 9383//9060 9335//9060
vn 0.8147 0.5336 -0.2270
usemtl leaf_1
f 9335//9061 9383//9061 9384//9061 9336//9061
vn 0.9462 -0.1389 -0.2923
usemtl leaf_2
f 9336//9062 9384//9062 9385//9062 9337//9062
vn 0.9348 -0.3516 -0.0512
usemtl leaf_3
f 9337//9063 9385//9063 9386//9063 9338//9063
vn 0.9961 0.0138 0.0875
usemtl leaf_2
f 9338//9064 9386//9064 9387//9064 9339//9064
vn 0.9060 0.3781 0.1901
usemtl leaf_4
f 9339//9065 9387//9065 9388//9065 9340//9065
vn 0.6062 0.4259 0.6717
usemtl leaf_3
f 9340//9066 9388//9066 9389//9066 9341//9066
vn 0.6848 0.4680 0.5586
f 9341//9067 9389//9067 9390//9067 9342//9067
vn 0.3891 0.5314 0.7525
usemtl leaf_2
f 9342//9068 9390//9068 9391//9068 9343//9068
vn 0.7240 0.0187 0.6895
usemtl leaf_1
f 9343//9069 9391//9069 9392//9069 9344//9069
vn 0.5720 -0.4662 0.6749
usemtl leaf_2
f 9344//9070 9392//9070 9393//9070 9345//9070
vn 0.7846 -0.0378 0.6189
usemtl leaf_3
f 9345//9071 9393//9071 9394//9071 9346//9071
vn 0.4061 0.0322 0.9133
f 9346//9072 9394//9072 9395//9072 9347//9072
vn 0.0469 -0.0470 0.9978
usemtl leaf_4
f 9347//9073 9395//9073 9396//9073 9348//9073
vn -0.1930 0.4967 0.8462
usemtl leaf_3
f 9348//9074 9396//9074 9397//9074 9349//9074
vn -0.3432 0.5443 0.7654
f 9349//9075 9397//9075 9398//9075 9350//9075
vn -0.2412 0.0843 0.9668
usemtl leaf_2
f 9350//9076 9398//9076 9399//9076 9351//9076
vn -0.2656 0.3389 0.9025
f 9351//9077 9399//9077 9400//9077 9352//9077
vn 0.1776 0.5658 0.8052
usemtl leaf_3
f 9352//9078 9400//9078 9401//9078 9353//9078
vn -0.2442 0.6542 0.7158
usemtl leaf_4
f 9353//9079 9401//9079 9402//9079 9354//9079
vn -0.7375 0.4115 0.5355
usemtl leaf_2
f 9354//9080 9402//9080 9403//9080 9355//9080
vn -0.9029 0.0513 0.4268
usemtl leaf_3
f 9355//9081 9403//9081 9404//9081 9356//9081
vn -0.9312 0.1114 0.3471
usemtl leaf_2
f 9356//9082 9404//9082 9405//9082 9357//9082
vn -0.8993 0.2857 0.3310
f 9357//9083 9405//9083 9406//9083 9358//9083
vn -0.8153 0.3508 0.4607
f 9358//9084 9406//9084 9407//9084 9359//9084
vn -0.8322 0.5306 0.1608
f 9359//9085 9407//9085 9408//9085 9360//9085
vn -0.7019 0.6346 0.3235
f 9360//9086 9408//9086 9361//9086 9313//9086
vn -0.9062 0.4192 -0.0557
usemtl leaf_3
f 9361//9087 9409//9087 9410//9087 9362//9087
vn -0.5969 0.7369 -0.3172
f 9362//9088 9410//9088 9411//9088 9363//9088
vn -0.4566 0.8758 -0.1566
usemtl leaf_1
f 9363//9089 9411//9089 9412//9089 9364//9089
vn -0.4222 0.7518 -0.5064
usemtl leaf_2
f 9364//9090 9412//9090 9413//9090 9365//9090
vn -0.7419 0.5488 -0.3851
usemtl leaf_1
f 9365//9091 9413//9091 9414//9091 9366//9091
vn -0.8374 0.4726 -0.2746
usemtl leaf_2
f 9366//9092 9414//9092 9415//9092 9367//9092
vn -0.4419 0.5962 -0.6703
usemtl leaf_3
f 9367//9093 9415//9093 9416//9093 9368//9093
vn -0.2789 0.6653 -0.6926
usemtl leaf_1
f 9368//9094 9416//9094 9417//9094 9369//9094
vn -0.4569 0.7440 -0.4874
usemtl leaf_2
f 9369//9095 9417//9095 9418//9095 9370//9095
vn -0.0883 0.6381 -0.7649
f 9370//9096 9418//9096 9419//9096 9371//9096
vn -0.1246 0.4289 -0.8947
usemtl leaf_1
f 9371//9097 9419//9097 9420//9097 9372//9097
vn 0.0107 0.7426 -0.6696
usemtl leaf_2
f 9372//9098 9420//9098 9421//9098 9373//9098
vn 0.0356 0.4920 -0.8699
usemtl leaf_1
f 9373//9099 9421//9099 9422//9099 9374//9099
vn 0.4049 0.1480 -0.9023
f 9374//9100 9422//9100 9423//9100 9375//9100
vn 0.0286 0.4868 -0.8731
usemtl leaf_2
f 9375//9101 9423//9101 9424//9101 9376//9101
vn 0.1902 0.2719 -0.9433
f 9376//9102 9424//9102 9425//9102 9377//9102
vn 0.3978 0.3466 -0.8495
usemtl leaf_3
f 9377//9103 9425//9103 9426//9103 9378//9103
vn 0.3851 0.7955 -0.4679
usemtl leaf_2
f 9378//9104 9426//9104 9427//9104 9379//9104
vn 0.4892 0.8145 -0.3120
f 9379//9105 9427//9105 9428//9105 9380//9105
vn 0.7584 0.6430 -0.1068
f 9380//9106 9428//9106 9429//9106 9381//9106
vn 0.8115 0.5768 -0.0933
usemtl leaf_1
f 9381//9107 9429//9107 9430//9107 9382//9107
vn 0.7773 0.3372 -0.5311
f 9382//9108 9430//9108 9431//9108 9383//9108
vn 0.8226 0.5294 -0.2074
usemtl leaf_2
f 9383//9109 9431//9109 9432//9109 9384//9109
vn 0.5586 0.7661 -0.3179
usemtl leaf_3
f 9384//9110 9432//9110 9433//9110 9385//9110
vn 0.6950 0.7041 -0.1458
usemtl leaf_2
f 9385//9111 9433//9111 9434//9111 9386//9111
vn 0.8243 0.5280 0.2043
f 9386//9112 9434//9112 9435//9112 9387//9112
vn 0.6179 0.7285 0.2957
usemtl leaf_3
f 9387//9113 9435//9113 9436//9113 9388//9113
vn 0.3301 0.8255 0.4579
f 9388//9114 9436//9114 9437//9114 9389//9114
vn 0.5145 0.7955 0.3201
f 9389//9115 9437//9115 9438//9115 9390//9115
vn 0.3008 0.6441 0.7034
usemtl leaf_1
f 9390//9116 9438//9116 9439//9116 9391//9116
vn 0.6437 0.7087 0.2888
usemtl leaf_2
f 9391//9117 9439//9117 9440//9117 9392//9117
vn 0.6929 0.5175 0.5022
usemtl leaf_3
f 9392//9118 9440//9118 9441//9118 9393//9118
vn 0.4652 0.4393 0.7685
usemtl leaf_2
f 9393//9119 9441//9119 9442//9119 9394//9119
vn 0.2717 0.8095 0.5204
usemtl leaf_3
f 9394//9120 9442//9120 9443//9120 9395//9120
vn 0.0142 0.8051 0.5929
usemtl leaf_4
f 9395//9121 9443//9121 9444//9121 9396//9121
vn -0.2968 0.6054 0.7385
usemtl leaf_3
f 9396//9122 9444//9122 9445//9122 9397//9122
vn -0.2752 0.6471 0.7110
usemtl leaf_1
f 9397//9123 9445//9123 9446//9123 9398//9123
vn 0.0124 0.6189 0.7853
f 9398//9124 9446//9124 9447//9124 9399//9124
vn -0.2918 0.0369 0.9558
f 9399//9125 9447//9125 9448//9125 9400//9125
vn -0.1296 0.3823 0.9149
f 9400//9126 9448//9126 9449//9126 9401//9126
vn -0.1523 0.8060 0.5720
usemtl leaf_3
f 9401//9127 9449//9127 9450//9127 9402//9127
vn -0.4098 0.7564 0.5099
usemtl leaf_2
f 9402//9128 9450//9128 9451//9128 9403//9128
vn -0.5994 0.7942 0.0999
f 9403//9129 9451//9129 9452//9129 9404//9129
vn -0.4853 0.8388 0.2467
f 9404//9130 9452//9130 9453//9130 9405//9130
vn -0.7135 0.6551 0.2486
f 9405//9131 9453//9131 9454//9131 9406//9131
vn -0.6812 0.6135 0.3995
f 9406//9132 9454//9132 9455//9132 9407//9132
vn -0.8366 0.5332 0.1256
f 9407//9133 9455//9133 9456//9133 9408//9133
vn -0.8528 0.2619 0.4517
f 9408//9134 9456//9134 9409//9134 9361//9134
vn -0.3835 0.9025 -0.1958
f 9409//9135 9457//9135 9458//9135 9410//9135
vn -0.3373 0.9087 -0.2460
f 9410//9136 9458//9136 9459//9136 9411//9136
vn -0.6805 0.7290 -0.0738
usemtl leaf_1
f 9411//9137 9459//9137 9460//9137 9412//9137
vn -0.8074 0.3615 -0.4663
f 9412//9138 9460//9138 9461//9138 9413//9138
vn -0.7619 0.4024 -0.5076
usemtl leaf_2
f 9413//9139 9461//9139 9462//9139 9414//9139
vn -0.7400 0.6226 -0.2547
f 9414//9140 9462//9140 9463//9140 9415//9140
vn -0.4087 0.6396 -0.6510
usemtl leaf_3
f 9415//9141 9463//9141 9464//9141 9416//9141
vn -0.4361 0.4335 -0.7886
usemtl leaf_1
f 9416//9142 9464//9142 9465//9142 9417//9142
vn -0.2279 0.6597 -0.7162
usemtl leaf_2
f 9417//9143 9465//9143 9466//9143 9418//9143
vn -0.2592 0.8228 -0.5059
f 9418//9144 9466//9144 9467//9144 9419//9144
vn -0.1471 0.6711 -0.7266
f 9419//9145 9467//9145 9468//9145 9420//9145
vn 0.2254 0.5527 -0.8023
f 9420//9146 9468//9146 9469//9146 9421//9146
vn -0.2832 0.6414 -0.7131
usemtl leaf_1
f 9421//9147 9469//9147 9470//9147 9422//9147
vn 0.3954 0.4859 -0.7794
f 9422//9148 9470//9148 9471//9148 9423//9148
vn 0.0840 0.2664 -0.9602
f 9423//9149 9471//9149 9472//9149 9424//9149
vn 0.2435 0.7611 -0.6012
usemtl leaf_2
f 9424//9150 9472//9150 9473//9150 9425//9150
vn 0.2195 0.9121 -0.3462
usemtl leaf_1
f 9425//9151 9473//9151 9474//9151 9426//9151
vn 0.3841 0.8507 -0.3588
usemtl leaf_2
f 9426//9152 9474//9152 9475//9152 9427//9152
vn 0.4416 0.7621 -0.4734
f 9427//9153 9475//9153 9476//9153 9428//9153
vn 0.7322 0.6721 -0.1106
f 9428//9154 9476//9154 9477//9154 9429//9154
vn 0.7978 0.5575 -0.2296
usemtl leaf_0
f 9429//9155 9477//9155 9478//9155 9430//9155
vn 0.5867 0.7645 -0.2672
usemtl leaf_1
f 9430//9156 9478//9156 9479//9156 9431//9156
vn 0.5521 0.8217 -0.1414
usemtl leaf_2
f 9431//9157 9479//9157 9480//9157 9432//9157
vn 0.7050 0.6232 -0.3386
usemtl leaf_1
f 9432//9158 9480//9158 9481//9158 9433//9158
vn 0.6655 0.7158 -0.2115
usemtl leaf_3
f 9433//9159 9481//9159 9482//9159 9434//9159
vn 0.6052 0.7860 0.1263
usemtl leaf_2
f 9434//9160 9482//9160 9483//9160 9435//9160
vn 0.4888 0.7595 0.4292
usemtl leaf_3
f 9435//9161 9483//9161 9484//9161 9436//9161
vn 0.4679 0.7076 0.5296
usemtl leaf_2
f 9436//9162 9484//9162 9485//9162 9437//9162
vn 0.2820 0.8855 0.3693
usemtl leaf_1
f 9437//9163 9485//9163 9486//9163 9438//9163
vn 0.5177 0.8031 0.2950
usemtl leaf_0
f 9438//9164 9486//9164 9487//9164 9439//9164
vn 0.8327 0.1326 0.5376
usemtl leaf_2
f 9439//9165 9487//9165 9488//9165 9440//9165
vn 0.8650 0.2383 0.4417
f 9440//9166 9488//9166 9489//9166 9441//9166
vn 0.3352 0.3337 0.8811
f 9441//9167 9489//9167 9490//9167 9442//9167
vn 0.1542 0.4567 0.8761
f 9442//9168 9490//9168 9491//9168 9443//9168
vn -0.1529 0.8623 0.4828
usemtl leaf_1
f 9443//9169 9491//9169 9492//9169 9444//9169
vn -0.1300 0.9460 0.2970
usemtl leaf_2
f 9444//9170 9492//9170 9493//9170 9445//9170
vn 0.0276 0.7396 0.6724
usemtl leaf_1
f 9445//9171 9493//9171 9494//9171 9446//9171
vn 0.0212 0.2915 0.9563
f 9446//9172 9494//9172 9495//9172 9447//9172
vn -0.1058 0.5951 0.7967
usemtl leaf_2
f 9447//9173 9495//9173 9496//9173 9448//9173
vn -0.4276 0.7681 0.4767
usemtl leaf_3
f 9448//9174 9496//9174 9497//9174 9449//9174
vn -0.0973 0.8033 0.5876
usemtl leaf_2
f 9449//9175 9497//9175 9498//9175 9450//9175
vn -0.3290 0.8669 0.3745
usemtl leaf_1
f 9450//9176 9498//9176 9499//9176 9451//9176
vn -0.7272 0.5977 0.3375
usemtl leaf_2
f 9451//9177 9499//9177 9500//9177 9452//9177
vn -0.8492 0.3523 0.3933
usemtl leaf_1
f 9452//9178 9500//9178 9501//9178 9453//9178
vn -0.7133 0.5946 0.3711
usemtl leaf_2
f 9453//9179 9501//9179 9502//9179 9454//9179
vn -0.6585 0.7288 0.1877
f 9454//9180 9502//9180 9503//9180 9455//9180
vn -0.5013 0.8526 0.1473
usemtl leaf_1
f 9455//9181 9503//9181 9504//9181 9456//9181
vn -0.4615 0.8092 0.3637
f 9456//9182 9504//9182 9457//9182 9409//9182
vn -0.3427 0.8912 -0.2972
usemtl leaf_0
f 9457//9183 9505//9183 9506//9183 9458//9183
vn -0.3828 0.9091 -0.1646
usemtl leaf_1
f 9458//9184 9506//9184 9507//9184 9459//9184
vn -0.5381 0.8231 0.1815
usemtl leaf_2
f 9459//9185 9507//9185 9508//9185 9460//9185
vn -0.5783 0.7921 -0.1954
usemtl leaf_3
f 9460//9186 9508//9186 9509//9186 9461//9186
vn -0.6119 0.6604 -0.4351
usemtl leaf_2
f 9461//9187 9509//9187 9510//9187 9462//9187
vn -0.6889 0.6306 -0.3573
f 9462//9188 9510//9188 9511//9188 9463//9188
vn -0.3510 0.7578 -0.5500
usemtl leaf_1
f 9463//9189 9511//9189 9512//9189 9464//9189
vn -0.3521 0.7917 -0.4992
usemtl leaf_2
f 9464//9190 9512//9190 9513//9190 9465//9190
vn -0.0547 0.6891 -0.7226
usemtl leaf_1
f 9465//9191 9513//9191 9514//9191 9466//9191
vn -0.1231 0.8287 -0.5460
f 9466//9192 9514//9192 9515//9192 9467//9192
vn -0.2562 0.8824 -0.3945
usemtl leaf_3
f 9467//9193 9515//9193 9516//9193 9468//9193
vn 0.1985 0.7874 -0.5836
usemtl leaf_2
f 9468//9194 9516//9194 9517//9194 9469//9194
vn -0.1137 0.8525 -0.5102
f 9469//9195 9517//9195 9518//9195 9470//9195
vn -0.0203 0.8253 -0.5643
f 9470//9196 9518//9196 9519//9196 9471//9196
vn 0.1921 0.8256 -0.5305
f 9471//9197 9519//9197 9520//9197 9472//9197
vn 0.3374 0.8736 -0.3507
usemtl leaf_1
f 9472//9198 9520//9198 9521//9198 9473//9198
vn 0.2720 0.8655 -0.4206
usemtl leaf_2
f 9473//9199 9521//9199 9522//9199 9474//9199
vn 0.2722 0.8441 -0.4619
f 9474//9200 9522//9200 9523//9200 9475//9200
vn 0.3639 0.9153 -0.1729
f 9475//9201 9523//9201 9524//9201 9476//9201
vn 0.3733 0.8931 -0.2509
usemtl leaf_1
f 9476//9202 9524//9202 9525//9202 9477//9202
vn 0.7439 0.4902 -0.4543
f 9477//9203 9525//9203 9526//9203 9478//9203
vn 0.9675 0.1698 -0.1873
f 9478//9204 9526//9204 9527//9204 9479//9204
vn 0.8737 0.4654 -0.1413
usemtl leaf_2
f 9479//9205 9527//9205 9528//9205 9480//9205
vn 0.5016 0.8442 -0.1892
usemtl leaf_1
f 9480//9206 9528//9206 9529//9206 9481//9206
vn 0.5495 0.7857 -0.2841
usemtl leaf_2
f 9481//9207 9529//9207 9530//9207 9482//9207
vn 0.4135 0.8641 0.2868
f 9482//9208 9530//9208 9531//9208 9483//9208
vn 0.2373 0.9336 0.2683
f 9483//9209 9531//9209 9532//9209 9484//9209
vn 0.2400 0.9239 0.2980
f 9484//9210 9532//9210 9533//9210 9485//9210
vn 0.4396 0.7387 0.5110
f 9485//9211 9533//9211 9534//9211 9486//9211
vn 0.7629 0.6186 0.1880
usemtl leaf_1
f 9486//9212 9534//9212 9535//9212 9487//9212
vn 0.6819 0.7038 0.1992
usemtl leaf_2
f 9487//9213 9535//9213 9536//9213 9488//9213
vn 0.4642 0.8022 0.3755
usemtl leaf_3
f 9488//9214 9536//9214 9537//9214 9489//9214
vn 0.1264 0.9268 0.3536
usemtl leaf_1
f 9489//9215 9537//9215 9538//9215 9490//9215
vn -0.0480 0.9150 0.4005
usemtl leaf_2
f 9490//9216 9538//9216 9539//9216 9491//9216
vn -0.2762 0.7632 0.5842
f 9491//9217 9539//9217 9540//9217 9492//9217
vn -0.0865 0.5823 0.8084
f 9492//9218 9540//9218 9541//9218 9493//9218
vn 0.4161 0.4677 0.7798
usemtl leaf_1
f 9493//9219 9541//9219 9542//9219 9494//9219
vn -0.1436 0.6632 0.7345
usemtl leaf_2
f 9494//9220 9542//9220 9543//9220 9495//9220
vn -0.1546 0.7582 0.6335
f 9495//9221 9543//9221 9544//9221 9496//9221
vn -0.5093 0.7431 0.4340
usemtl leaf_3
f 9496//9222 9544//9222 9545//9222 9497//9222
vn -0.1424 0.8425 0.5196
usemtl leaf_1
f 9497//9223 9545//9223 9546//9223 9498//9223
vn -0.3238 0.9176 0.2305
usemtl leaf_3
f 9498//9224 9546//9224 9547//9224 9499//9224
vn -0.1961 0.9327 0.3027
usemtl leaf_2
f 9499//9225 9547//9225 9548//9225 9500//9225
vn -0.5376 0.7400 0.4042
f 9500//9226 9548//9226 9549//9226 9501//9226
vn -0.8220 0.5005 0.2717
usemtl leaf_1
f 9501//9227 9549//9227 9550//9227 9502//9227
vn -0.7415 0.6666 0.0762
f 9502//9228 9550//9228 9551//9228 9503//9228
vn -0.8031 0.5006 0.3232
usemtl leaf_2
f 9503//9229 9551//9229 9552//9229 9504//9229
vn -0.6351 0.7557 0.1597
usemtl leaf_1
f 9504//9230 9552//9230 9505//9230 9457//9230
vn -0.4896 0.7649 -0.4185
usemtl leaf_0
f 9505//9231 9553//9231 9554//9231 9506//9231
vn -0.4319 0.8790 -0.2022
f 9506//9232 9554//9232 9555//9232 9507//9232
vn -0.5591 0.7723 0.3016
f 9507//9233 9555//9233 9556//9233 9508//9233
vn -0.4046 0.9001 -0.1616
f 9508//9234 9556//9234 9557//9234 9509//9234
vn -0.5338 0.8417 -0.0809
f 9509//9235 9557//9235 9558//9235 9510//9235
vn -0.2760 0.8814 -0.3833
f 9510//9236 9558//9236 9559//9236 9511//9236
vn -0.2242 0.9275 -0.2992
f 9511//9237 9559//9237 9560//9237 9512//9237
vn -0.1406 0.9259 -0.3507
f 9512//9238 9560//9238 9561//9238 9513//9238
vn -0.0483 0.9376 -0.3444
f 9513//9239 9561//9239 9562//9239 9514//9239
vn -0.2313 0.7520 -0.6173
f 9514//9240 9562//9240 9563//9240 9515//9240
vn -0.1808 0.7170 -0.6732
f 9515//9241 9563//9241 9564//9241 9516//9241
vn 0.0169 0.8169 -0.5766
f 9516//9242 9564//9242 9565//9242 9517//9242
vn 0.0822 0.7544 -0.6513
f 9517//9243 9565//9243 9566//9243 9518//9243
vn -0.1850 0.7881 -0.5871
f 9518//9244 9566//9244 9567//9244 9519//9244
vn 0.3114 0.7869 -0.5327
f 9519//9245 9567//9245 9568//9245 9520//9245
vn 0.4400 0.8110 -0.3856
f 9520//9246 9568//9246 9569//9246 9521//9246
vn 0.2456 0.8654 -0.4368
f 9521//9247 9569//9247 9570//9247 9522//9247
vn 0.2592 0.8967 -0.3589
f 9522//9248 9570//9248 9571//9248 9523//9248
vn 0.4663 0.8756 -0.1263
f 9523//9249 9571//9249 9572//9249 9524//9249
vn 0.2841 0.8420 -0.4586
f 9524//9250 9572//9250 9573//9250 9525//9250
vn 0.3180 0.8506 -0.4187
f 9525//9251 9573//9251 9574//9251 9526//9251
vn 0.6132 0.7138 -0.3384
f 9526//9252 9574//9252 9575//9252 9527//9252
vn 0.7957 0.5665 0.2143
f 9527//9253 9575//9253 9576//9253 9528//9253
vn 0.6762 0.7359 -0.0353
f 9528//9254 9576//9254 9577//9254 9529//9254
vn 0.4574 0.8383 -0.2967
f 9529//9255 9577//9255 9578//9255 9530//9255
vn 0.3974 0.8386 0.3727
f 9530//9256 9578//9256 9579//9256 9531//9256
vn 0.4797 0.7670 0.4262
f 9531//9257 9579//9257 9580//9257 9532//9257
vn 0.4942 0.7629 0.4168
f 9532//9258 9580//9258 9581//9258 9533//9258
vn 0.5749 0.7721 0.2707
f 9533//9259 9581//9259 9582//9259 9534//9259
vn 0.6702 0.6991 0.2491
f 9534//9260 9582//9260 9583//9260 9535//9260
vn 0.7228 0.6670 0.1810
f 9535//9261 9583//9261 9584//9261 9536//9261
vn 0.3115 0.8248 0.4718
f 9536//9262 9584//9262 9585//9262 9537//9262
vn 0.1417 0.8288 0.5413
f 9537//9263 9585//9263 9586//9263 9538//9263
vn -0.2031 0.8837 0.4216
f 9538//9264 9586//9264 9587//9264 9539//9264
vn 0.0571 0.9267 0.3713
f 9539//9265 9587//9265 9588//9265 9540//9265
vn -0.0727 0.8258 0.5593
f 9540//9266 9588//9266 9589//9266 9541//9266
vn 0.4013 0.7571 0.5156
f 9541//9267 9589//9267 9590//9267 9542//9267
vn -0.0582 0.6886 0.7228
f 9542//9268 9590//9268 9591//9268 9543//9268
vn -0.3806 0.7331 0.5636
f 9543//9269 9591//9269 9592//9269 9544//9269
vn -0.4284 0.8611 0.2738
f 9544//9270 9592//9270 9593//9270 9545//9270
vn -0.1909 0.9011 0.3893
f 9545//9271 9593//9271 9594//9271 9546//9271
vn -0.3774 0.9012 0.2129
f 9546//9272 9594//9272 9595//9272 9547//9272
vn -0.2325 0.8666 0.4414
f 9547//9273 9595//9273 9596//9273 9548//9273
vn -0.2041 0.7937 0.5730
f 9548//9274 9596//9274 9597//9274 9549//9274
vn -0.6852 0.6749 0.2739
f 9549//9275 9597//9275 9598//9275 9550//9275
vn -0.8626 0.5051 0.0288
f 9550//9276 9598//9276 9599//9276 9551//9276
vn -0.6047 0.7572 0.2469
f 9551//9277 9599//9277 9600//9277 9552//9277
vn -0.5692 0.8143 -0.1136
f 9552//9278 9600//9278 9553//9278 9505//9278
vn -0.4306 0.8214 -0.3740
f 9553//9279 9601//9279 9602//9279 9554//9279
vn -0.5195 0.7957 -0.3114
f 9554//9280 9602//9280 9603//9280 9555//9280
vn -0.5513 0.7688 0.3242
f 9555//9281 9603//9281 9604//9281 9556//9281
vn -0.5313 0.8323 -0.1583
f 9556//9282 9604//9282 9605//9282 9557//9282
vn -0.5659 0.8219 -0.0654
f 9557//9283 9605//9283 9606//9283 9558//9283
vn -0.2373 0.8494 -0.4714
f 9558//9284 9606//9284 9607//9284 9559//9284
vn -0.2959 0.8570 -0.4220
f 9559//9285 9607//9285 9608//9285 9560//9285
vn -0.2396 0.8471 -0.4743
f 9560//9286 9608//9286 9609//9286 9561//9286
vn -0.2115 0.7483 -0.6287
f 9561//9287 9609//9287 9610//9287 9562//9287
vn -0.2408 0.8894 -0.3886
f 9562//9288 9610//9288 9611//9288 9563//9288
vn 0.0462 0.9315 -0.3607
f 9563//9289 9611//9289 9612//9289 9564//9289
vn -0.2166 0.8468 -0.4858
f 9564//9290 9612//9290 9613//9290 9565//9290
vn 0.0422 0.7334 -0.6785
f 9565//9291 9613//9291 9614//9291 9566//9291
vn 0.0152 0.7948 -0.6067
f 9566//9292 9614//9292 9615//9292 9567//9292
vn 0.1597 0.8880 -0.4312
f 9567//9293 9615//9293 9616//9293 9568//9293
vn 0.4980 0.7780 -0.3830
f 9568//9294 9616//9294 9617//9294 9569//9294
vn 0.3304 0.8297 -0.4499
f 9569//9295 9617//9295 9618//9295 9570//9295
vn 0.3685 0.9288 -0.0387
f 9570//9296 9618//9296 9619//9296 9571//9296
vn 0.1602 0.9767 -0.1429
f 9571//9297 9619//9297 9620//9297 9572//9297
vn 0.1504 0.9091 -0.3884
f 9572//9298 9620//9298 9621//9298 9573//9298
vn 0.2490 0.7523 -0.6100
f 9573//9299 9621//9299 9622//9299 9574//9299
vn 0.4828 0.7753 -0.4073
f 9574//9300 9622//9300 9623//9300 9575//9300
vn 0.7382 0.6679 0.0948
f 9575//9301 9623//9301 9624//9301 9576//9301
vn 0.7319 0.6379 0.2395
f 9576//9302 9624//9302 9625//9302 9577//9302
vn 0.2568 0.9528 0.1621
f 9577//9303 9625//9303 9626//9303 9578//9303
vn 0.0649 0.9948 0.0782
f 9578//9304 9626//9304 9627//9304 9579//9304
vn 0.2561 0.9622 0.0922
f 9579//9305 9627//9305 9628//9305 9580//9305
vn 0.5349 0.8072 0.2495
f 9580//9306 9628//9306 9629//9306 9581//9306
vn 0.7690 0.5779 0.2734
f 9581//9307 9629//9307 9630//9307 9582//9307
vn 0.7458 0.5839 0.3208
f 9582//9308 9630//9308 9631//9308 9583//9308
vn 0.4830 0.8289 0.2823
f 9583//9309 9631//9309 9632//9309 9584//9309
vn 0.1661 0.9300 0.3278
f 9584//9310 9632//9310 9633//9310 9585//9310
vn -0.1286 0.9478 0.2917
f 9585//9311 9633//9311 9634//9311 9586//9311
vn -0.2327 0.9151 0.3292
f 9586//9312 9634//9312 9635//9312 9587//9312
vn 0.2003 0.9251 0.3226
f 9587//9313 9635//9313 9636//9313 9588//9313
vn 0.1310 0.8666 0.4814
f 9588//9314 9636//9314 9637//9314 9589//9314
vn 0.3690 0.7264 0.5798
f 9589//9315 9637//9315 9638//9315 9590//9315
vn 0.0766 0.8925 0.4445
f 9590//9316 9638//9316 9639//9316 9591//9316
vn -0.4517 0.8741 0.1788
f 9591//9317 9639//9317 9640//9317 9592//9317
vn -0.3531 0.9029 0.2453
f 9592//9318 9640//9318 9641//9318 9593//9318
vn -0.2455 0.9221 0.2992
f 9593//9319 9641//9319 9642//9319 9594//9319
vn -0.3225 0.9369 0.1351
f 9594//9320 9642//9320 9643//9320 9595//9320
vn -0.0447 0.8259 0.5621
f 9595//9321 9643//9321 9644//9321 9596//9321
vn -0.2271 0.8895 0.3966
f 9596//9322 9644//9322 9645//9322 9597//9322
vn -0.1733 0.9505 0.2578
f 9597//9323 9645//9323 9646//9323 9598//9323
vn -0.4379 0.8989 0.0121
f 9598//9324 9646//9324 9647//9324 9599//9324
vn -0.5096 0.8601 -0.0210
f 9599//9325 9647//9325 9648//9325 9600//9325
vn -0.3966 0.9129 -0.0964
f 9600//9326 9648//9326 9601//9326 9553//9326
vn -0.3064 0.8938 -0.3274
f 9601//9327 9649//9327 9650//9327 9602//9327
vn -0.3163 0.9271 -0.2010
f 9602//9328 9650//9328 9651//9328 9603//9328
vn -0.4263 0.8737 0.2342
f 9603//9329 9651//9329 9652//9329 9604//9329
vn -0.1401 0.9897 -0.0284
f 9604//9330 9652//9330 9653//9330 9605//9330
vn -0.0884 0.9951 0.0447
f 9605//9331 9653//9331 9654//9331 9606//9331
vn -0.0571 0.9966 -0.0589
f 9606//9332 9654//9332 9655//9332 9607//9332
vn -0.0953 0.9816 -0.1655
f 9607//9333 9655//9333 9656//9333 9608//9333
vn -0.1749 0.9667 -0.1870
f 9608//9334 9656//9334 9657//9334 9609//9334
vn -0.0077 0.9731 -0.2301
f 9609//9335 9657//9335 9658//9335 9610//9335
vn -0.1338 0.9489 -0.2859
f 9610//9336 9658//9336 9659//9336 9611//9336
vn -0.1202 0.8749 -0.4691
f 9611//9337 9659//9337 9660//9337 9612//9337
vn -0.1255 0.9280 -0.3509
f 9612//9338 9660//9338 9661//9338 9613//9338
vn -0.0137 0.9827 -0.1845
f 9613//9339 9661//9339 9662//9339 9614//9339
vn 0.1009 0.9868 -0.1265
f 9614//9340 9662//9340 9663//9340 9615//9340
vn 0.0094 0.9839 -0.1783
f 9615//9341 9663//9341 9664//9341 9616//9341
vn 0.2667 0.9638 0.0057
f 9616//9342 9664//9342 9665//9342 9617//9342
vn 0.1439 0.9885 0.0455
f 9617//9343 9665//9343 9666//9343 9618//9343
vn 0.2477 0.9578 -0.1459
f 9618//9344 9666//9344 9667//9344 9619//9344
vn 0.3357 0.6842 -0.6474
f 9619//9345 9667//9345 9668//9345 9620//9345
vn 0.4055 0.7504 -0.5220
f 9620//9346 9668//9346 9669//9346 9621//9346
vn 0.0901 0.9184 -0.3852
f 9621//9347 9669//9347 9670//9347 9622//9347
vn 0.0237 0.9968 -0.0758
f 9622//9348 9670//9348 9671//9348 9623//9348
vn 0.0124 0.9999 0.0022
usemtl leaf_1
f 9623//9349 9671//9349 9672//9349 9624//9349
vn 0.1606 0.9672 0.1968
usemtl leaf_0
f 9624//9350 9672//9350 9673//9350 9625//9350
vn 0.2176 0.8250 0.5215
f 9625//9351 9673//9351 9674//9351 9626//9351
vn 0.2072 0.9658 0.1559
f 9626//9352 9674//9352 9675//9352 9627//9352
vn 0.3240 0.9118 -0.2521
f 9627//9353 9675//9353 9676//9353 9628//9353
vn 0.2616 0.9632 0.0616
f 9628//9354 9676//9354 9677//9354 9629//9354
vn 0.3419 0.9310 -0.1276
f 9629//9355 9677//9355 9678//9355 9630//9355
vn 0.1527 0.9817 0.1143
f 9630//9356 9678//9356 9679//9356 9631//9356
vn 0.0528 0.9929 0.1062
f 9631//9357 9679//9357 9680//9357 9632//9357
vn -0.1567 0.9804 0.1193
f 9632//9358 9680//9358 9681//9358 9633//9358
vn -0.0703 0.9873 0.1428
f 9633//9359 9681//9359 9682//9359 9634//9359
vn 0.2228 0.8652 0.4493
f 9634//9360 9682//9360 9683//9360 9635//9360
vn 0.2579 0.6878 0.6785
f 9635//9361 9683//9361 9684//9361 9636//9361
vn 0.2557 0.7752 0.5776
f 9636//9362 9684//9362 9685//9362 9637//9362
vn 0.1112 0.9464 0.3032
f 9637//9363 9685//9363 9686//9363 9638//9363
vn 0.0092 0.9858 0.1676
f 9638//9364 9686//9364 9687//9364 9639//9364
vn -0.3393 0.9236 0.1783
f 9639//9365 9687//9365 9688//9365 9640//9365
vn -0.3896 0.9060 0.1657
f 9640//9366 9688//9366 9689//9366 9641//9366
vn -0.2255 0.9626 0.1499
f 9641//9367 9689//9367 9690//9367 9642//9367
vn -0.2555 0.9087 0.3302
f 9642//9368 9690//9368 9691//9368 9643//9368
vn -0.0606 0.9263 0.3718
f 9643//9369 9691//9369 9692//9369 9644//9369
vn -0.0472 0.9820 0.1829
f 9644//9370 9692//9370 9693//9370 9645//9370
vn -0.1153 0.9591 0.2585
f 9645//9371 9693//9371 9694//9371 9646//9371
vn -0.1708 0.9835 0.0591
f 9646//9372 9694//9372 9695//9372 9647//9372
vn -0.2424 0.9695 -0.0357
f 9647//9373 9695//9373 9696//9373 9648//9373
vn -0.3776 0.9205 -0.1001
f 9648//9374 9696//9374 9649//9374 9601//9374
vn -0.1136 0.9744 -0.1938
f 9649//9375 9697//9375 9698//9375 9650//9375
vn -0.3073 0.9466 -0.0980
f 9650//9376 9698//9376 9699//9376 9651//9376
vn -0.2270 0.9718 0.0632
f 9651//9377 9699//9377 9700//9377 9652//9377
vn -0.1093 0.9829 -0.1484
f 9652//9378 9700//9378 9701//9378 9653//9378
vn -0.1759 0.9836 -0.0395
f 9653//9379 9701//9379 9702//9379 9654//9379
vn -0.1016 0.9934 -0.0538
f 9654//9380 9702//9380 9703//9380 9655//9380
vn -0.1001 0.9949 -0.0125
f 9655//9381 9703//9381 9704//9381 9656//9381
vn -0.0061 0.9993 -0.0374
f 9656//9382 9704//9382 9705//9382 9657//9382
vn 0.0125 0.9964 -0.0841
f 9657//9383 9705//9383 9706//9383 9658//9383
vn -0.1024 0.9945 -0.0218
f 9658//9384 9706//9384 9707//9384 9659//9384
vn 0.0000 1.0000 0.0000
f 9659//9385 9707//9385 9708//9385 9660//9385
vn 0.0025 1.0000 -0.0017
f 9660//9386 9708//9386 9709//9386 9661//9386
vn 0.0203 0.9997 -0.0161
f 9661//9387 9709//9387 9710//9387 9662//9387
vn 0.0576 0.9973 -0.0454
f 9662//9388 9710//9388 9711//9388 9663//9388
vn -0.0279 0.9981 -0.0555
f 9663//9389 9711//9389 9712//9389 9664//9389
vn 0.2684 0.9632 -0.0146
f 9664//9390 9712//9390 9713//9390 9665//9390
vn 0.2757 0.9295 -0.2448
f 9665//9391 9713//9391 9714//9391 9666//9391
vn 0.0722 0.9354 -0.3461
f 9666//9392 9714//9392 9715//9392 9667//9392
vn -0.0547 0.9771 -0.2054
f 9667//9393 9715//9393 9716//9393 9668//9393
vn 0.0074 1.0000 0.0034
f 9668//9394 9716//9394 9717//9394 9669//9394
vn 0.0005 1.0000 -0.0089
f 9669//9395 9717//9395 9718//9395 9670//9395
vn 0.0000 1.0000 0.0000
f 9670//9396 9718//9396 9719//9396 9671//9396
vn 0.0000 1.0000 0.0000
usemtl leaf_1
f 9671//9397 9719//9397 9720//9397 9672//9397
vn 0.0000 1.0000 0.0000
usemtl leaf_0
f 9672//9398 9720//9398 9721//9398 9673//9398
vn 0.1275 0.9332 0.3359
f 9673//9399 9721//9399 9722//9399 9674//9399
vn 0.3331 0.9122 0.2387
f 9674//9400 9722//9400 9723//9400 9675//9400
vn 0.3566 0.9102 -0.2107
f 9675//9401 9723//9401 9724//9401 9676//9401
vn 0.1687 0.9849 0.0392
f 9676//9402 9724//9402 9725//9402 9677//9402
vn 0.1587 0.9840 -0.0805
f 9677//9403 9725//9403 9726//9403 9678//9403
vn 0.0000 1.0000 0.0000
usemtl leaf_1
f 9678//9404 9726//9404 9727//9404 9679//9404
vn -0.0165 0.9983 0.0552
usemtl leaf_0
f 9679//9405 9727//9405 9728//9405 9680//9405
vn -0.2184 0.9379 0.2695
f 9680//9406 9728//9406 9729//9406 9681//9406
vn 0.2688 0.9617 0.0534
f 9681//9407 9729//9407 9730//9407 9682//9407
vn 0.1820 0.9828 0.0301
f 9682//9408 9730//9408 9731//9408 9683//9408
vn 0.0000 1.0000 0.0000
f 9683//9409 9731//9409 9732//9409 9684//9409
vn 0.0000 1.0000 0.0000
f 9684//9410 9732//9410 9733//9410 9685//9410
vn 0.0000 1.0000 0.0000
f 9685//9411 9733//9411 9734//9411 9686//9411
vn 0.0000 1.0000 0.0000
f 9686//9412 9734//9412 9735//9412 9687//9412
vn -0.0121 0.9999 0.0012
f 9687//9413 9735//9413 9736//9413 9688//9413
vn -0.2285 0.9733 0.0199
f 9688//9414 9736//9414 9737//9414 9689//9414
vn -0.2261 0.9492 0.2189
f 9689//9415 9737//9415 9738//9415 9690//9415
vn -0.0583 0.9592 0.2766
f 9690//9416 9738//9416 9739//9416 9691//9416
vn -0.2028 0.9752 0.0891
f 9691//9417 9739//9417 9740//9417 9692//9417
vn -0.0505 0.9671 0.2492
f 9692//9418 9740//9418 9741//9418 9693//9418
vn -0.0045 0.9976 0.0690
f 9693//9419 9741//9419 9742//9419 9694//9419
vn 0.0000 1.0000 -0.0000
f 9694//9420 9742//9420 9743//9420 9695//9420
vn 0.0000 1.0000 0.0000
f 9695//9421 9743//9421 9744//9421 9696//9421
vn 0.0000 1.0000 0.0000
f 9696//9422 9744//9422 9697//9422 9649//9422
vn 0.0000 1.0000 -0.0000
f 9697//9423 9745//9423 9746//9423 9698//9423
vn 0.0000 1.0000 0.0000
f 9698//9424 9746//9424 9747//9424 9699//9424
vn 0.0000 1.0000 0.0000
f 9699//9425 9747//9425 9748//9425 9700//9425
vn 0.0000 1.0000 -0.0000
f 9700//9426 9748//9426 9749//9426 9701//9426
vn 0.0000 1.0000 0.0000
f 9701//9427 9749//9427 9750//9427 9702//9427
vn 0.0000 1.0000 0.0000
f 9702//9428 9750//9428 9751//9428 9703//9428
vn 0.0000 1.0000 0.0000
f 9703//9429 9751//9429 9752//9429 9704//9429
vn 0.0000 1.0000 -0.0000
f 9704//9430 9752//9430 9753//9430 9705//9430
vn 0.0000 1.0000 0.0000
f 9705//9431 9753//9431 9754//9431 9706//9431
vn 0.0000 1.0000 0.0000
f 9706//9432 9754//9432 9755//9432 9707//9432
vn 0.0000 1.0000 0.0000
f 9707//9433 9755//9433 9756//9433 9708//9433
vn 0.0000 1.0000 0.0000
f 9708//9434 9756//9434 9757//9434 9709//9434
vn 0.0000 1.0000 0.0000
f 9709//9435 9757//9435 9758//9435 9710//9435
vn 0.0000 1.0000 0.0000
f 9710//9436 9758//9436 9759//9436 9711//9436
vn 0.0000 1.0000 -0.0000
f 9711//9437 9759//9437 9760//9437 9712//9437
vn 0.0000 1.0000 0.0000
f 9712//9438 9760//9438 9761//9438 9713//9438
vn 0.0000 1.0000 0.0000
f 9713//9439 9761//9439 9762//9439 9714//9439
vn 0.0000 1.0000 -0.0000
f 9714//9440 9762//9440 9763//9440 9715//9440
vn 0.0000 1.0000 -0.0000
f 9715//9441 9763//9441 9764//9441 9716//9441
vn 0.0000 1.0000 0.0000
f 9716//9442 9764//9442 9765//9442 9717//9442
vn 0.0000 1.0000 -0.0000
f 9717//9443 9765//9443 9766//9443 9718//9443
vn 0.0000 1.0000 0.0000
f 9718//9444 9766//9444 9767//9444 9719//9444
vn 0.0000 1.0000 0.0000
usemtl leaf_1
f 9719//9445 9767//9445 9768//9445 9720//9445
vn 0.0000 1.0000 0.0000
usemtl leaf_0
f 9720//9446 9768//9446 9769//9446 9721//9446
vn 0.0000 1.0000 -0.0000
f 9721//9447 9769//9447 9770//9447 9722//9447
vn 0.0123 0.9990 0.0421
f 9722//9448 9770//9448 9771//9448 9723//9448
vn 0.0320 0.9990 -0.0315
f 9723//9449 9771//9449 9772//9449 9724//9449
vn 0.0000 1.0000 -0.0000
f 9724//9450 9772//9450 9773//9450 9725//9450
vn 0.0000 1.0000 -0.0000
f 9725//9451 9773//9451 9774//9451 9726//9451
vn 0.0000 1.0000 0.0000
usemtl leaf_1
f 9726//9452 9774//9452 9775//9452 9727//9452
vn 0.0000 1.0000 0.0000
usemtl leaf_0
f 9727//9453 9775//9453 9776//9453 9728//9453
vn -0.0959 0.9860 0.1366
f 9728//9454 9776//9454 9777//9454 9729//9454
vn 0.1679 0.9858 -0.0028
f 9729//9455 9777//9455 9778//9455 9730//9455
vn 0.0000 1.0000 -0.0000
f 9730//9456 9778//9456 9779//9456 9731//9456
vn 0.0000 1.0000 0.0000
f 9731//9457 9779//9457 9780//9457 9732//9457
vn 0.0000 1.0000 0.0000
f 9732//9458 9780//9458 9781//9458 9733//9458
vn 0.0000 1.0000 -0.0000
f 9733//9459 9781//9459 9782//9459 9734//9459
vn 0.0000 1.0000 0.0000
f 9734//9460 9782//9460 9783//9460 9735//9460
vn 0.0000 1.0000 0.0000
f 9735//9461 9783//9461 9784//9461 9736//9461
vn 0.0000 1.0000 0.0000
f 9736//9462 9784//9462 9785//9462 9737//9462
vn 0.0000 1.0000 -0.0000
f 9737//9463 9785//9463 9786//9463 9738//9463
vn 0.0000 1.0000 0.0000
f 9738//9464 9786//9464 9787//9464 9739//9464
vn 0.0000 1.0000 0.0000
f 9739//9465 9787//9465 9788//9465 9740//9465
vn 0.0000 1.0000 0.0000
f 9740//9466 9788//9466 9789//9466 9741//9466
vn 0.0000 1.0000 0.0000
f 9741//9467 9789//9467 9790//9467 9742//9467
vn 0.0000 1.0000 0.0000
f 9742//9468 9790//9468 9791//9468 9743//9468
vn 0.0000 1.0000 0.0000
f 9743//9469 9791//9469 9792//9469 9744//9469
vn 0.0000 1.0000 0.0000
f 9744//9470 9792//9470 9745//9470 9697//9470
vn 0.0000 1.0000 0.0000
f 9745//9471 9793//9471 9794//9471 9746//9471
vn 0.0000 1.0000 0.0000
f 9746//9472 9794//9472 9795//9472 9747//9472
vn 0.0000 1.0000 0.0000
f 9747//9473 9795//9473 9796//9473 9748//9473
vn 0.0000 1.0000 0.0000
f 9748//9474 9796//9474 9797//9474 9749//9474
vn 0.0000 1.0000 -0.0000
f 9749//9475 9797//9475 9798//9475 9750//9475
vn 0.0000 1.0000 0.0000
f 9750//9476 9798//9476 9799//9476 9751//9476
vn 0.0000 1.0000 -0.0000
f 9751//9477 9799//9477 9800//9477 9752//9477
vn 0.0000 1.0000 0.0000
f 9752//9478 9800//9478 9801//9478 9753//9478
vn 0.0000 1.0000 -0.0000
f 9753//9479 9801//9479 9802//9479 9754//9479
vn 0.0000 1.0000 0.0000
f 9754//9480 9802//9480 9803//9480 9755//9480
vn 0.0000 1.0000 0.0000
f 9755//9481 9803//9481 9804//9481 9756//9481
vn 0.0000 1.0000 0.0000
f 9756//9482 9804//9482 9805//9482 9757//9482
vn 0.0000 1.0000 0.0000
f 9757//9483 9805//9483 9806//9483 9758//9483
vn 0.0000 1.0000 0.0000
f 9758//9484 9806//9484 9807//9484 9759//9484
vn 0.0000 1.0000 0.0000
f 9759//9485 9807//9485 9808//9485 9760//9485
vn 0.0000 1.0000 -0.0000
f 9760//9486 9808//9486 9809//9486 9761//9486
vn 0.0000 1.0000 0.0000
f 9761//9487 9809//9487 9810//9487 9762//9487
vn 0.0000 1.0000 0.0000
f 9762//9488 9810//9488 9811//9488 9763//9488
vn 0.0000 1.0000 0.0000
f 9763//9489 9811//9489 9812//9489 9764//9489
vn 0.0000 1.0000 -0.0000
f 9764//9490 9812//9490 9813//9490 9765//9490
vn 0.0000 1.0000 0.0000
f 9765//9491 9813//9491 9814//9491 9766//9491
vn 0.0000 1.0000 0.0000
f 9766//9492 9814//9492 9815//9492 9767//9492
vn 0.0000 1.0000 0.0000
f 9767//9493 9815//9493 9816//9493 9768//9493
vn 0.0000 1.0000 -0.0000
f 9768//9494 9816//9494 9817//9494 9769//9494
vn 0.0000 1.0000 0.0000
f 9769//9495 9817//9495 9818//9495 9770//9495
vn 0.0000 1.0000 -0.0000
f 9770//9496 9818//9496 9819//9496 9771//9496
vn 0.0000 1.0000 -0.0000
f 9771//9497 9819//9497 9820//9497 9772//9497
vn 0.0000 1.0000 0.0000
f 9772//9498 9820//9498 9821//9498 9773//9498
vn 0.0000 1.0000 -0.0000
f 9773//9499 9821//9499 9822//9499 9774//9499
vn 0.0000 1.0000 0.0000
f 9774//9500 9822//9500 9823//9500 9775//9500
vn 0.0000 1.0000 0.0000
f 9775//9501 9823//9501 9824//9501 9776//9501
vn 0.0000 1.0000 0.0000
f 9776//9502 9824//9502 9825//9502 9777//9502
vn 0.0000 1.0000 -0.0000
f 9777//9503 9825//9503 9826//9503 9778//9503
vn 0.0000 1.0000 -0.0000
f 9778//9504 9826//9504 9827//9504 9779//9504
vn 0.0000 1.0000 -0.0000
f 9779//9505 9827//9505 9828//9505 9780//9505
vn 0.0000 1.0000 0.0000
f 9780//9506 9828//9506 9829//9506 9781//9506
vn 0.0000 1.0000 0.0000
f 9781//9507 9829//9507 9830//9507 9782//9507
vn 0.0000 1.0000 0.0000
f 9782//9508 9830//9508 9831//9508 9783//9508
vn 0.0000 1.0000 -0.0000
f 9783//9509 9831//9509 9832//9509 9784//9509
vn 0.0000 1.0000 0.0000
f 9784//9510 9832//9510 9833//9510 9785//9510
vn 0.0000 1.0000 0.0000
f 9785//9511 9833//9511 9834//9511 9786//9511
vn 0.0000 1.0000 0.0000
f 9786//9512 9834//9512 9835//9512 9787//9512
vn 0.0000 1.0000 -0.0000
f 9787//9513 9835//9513 9836//9513 9788//9513
vn 0.0000 1.0000 0.0000
f 9788//9514 9836//9514 9837//9514 9789//9514
vn 0.0000 1.0000 -0.0000
f 9789//9515 9837//9515 9838//9515 9790//9515
vn 0.0000 1.0000 0.0000
f 9790//9516 9838//9516 9839//9516 9791//9516
vn 0.0000 1.0000 -0.0000
f 9791//9517 9839//9517 9840//9517 9792//9517
vn 0.0000 1.0000 0.0000
f 9792//9518 9840//9518 9793//9518 9745//9518
vn 0.0000 1.0000 0.0000
f 9793//9519 9841//9519 9842//9519 9794//9519
vn 0.0000 1.0000 0.0000
f 9794//9520 9842//9520 9843//9520 9795//9520
vn 0.0000 1.0000 0.0000
f 9795//9521 9843//9521 9844//9521 9796//9521
vn 0.0000 1.0000 0.0000
f 9796//9522 9844//9522 9845//9522 9797//9522
vn 0.0000 1.0000 -0.0000
f 9797//9523 9845//9523 9846//9523 9798//9523
vn 0.0000 1.0000 0.0000
f 9798//9524 9846//9524 9847//9524 9799//9524
vn 0.0000 1.0000 -0.0000
f 9799//9525 9847//9525 9848//9525 9800//9525
vn 0.0000 1.0000 0.0000
f 9800//9526 9848//9526 9849//9526 9801//9526
vn 0.0000 1.0000 0.0000
f 9801//9527 9849//9527 9850//9527 9802//9527
vn 0.0000 1.0000 0.0000
f 9802//9528 9850//9528 9851//9528 9803//9528
vn 0.0000 1.0000 -0.0000
f 9803//9529 9851//9529 9852//9529 9804//9529
vn 0.0000 1.0000 0.0000
f 9804//9530 9852//9530 9853//9530 9805//9530
vn 0.0000 1.0000 0.0000
f 9805//9531 9853//9531 9854//9531 9806//9531
vn 0.0000 1.0000 0.0000
f 9806//9532 9854//9532 9855//9532 9807//9532
vn 0.0000 1.0000 -0.0000
f 9807//9533 9855//9533 9856//9533 9808//9533
vn 0.0000 1.0000 0.0000
f 9808//9534 9856//9534 9857//9534 9809//9534
vn 0.0000 1.0000 0.0000
f 9809//9535 9857//9535 9858//9535 9810//9535
vn 0.0000 1.0000 0.0000
f 9810//9536 9858//9536 9859//9536 9811//9536
vn 0.0000 1.0000 0.0000
f 9811//9537 9859//9537 9860//9537 9812//9537
vn 0.0000 1.0000 -0.0000
f 9812//9538 9860//9538 9861//9538 9813//9538
vn 0.0000 1.0000 -0.0000
f 9813//9539 9861//9539 9862//9539 9814//9539
vn 0.0000 1.0000 -0.0000
f 9814//9540 9862//9540 9863//9540 9815//9540
vn 0.0000 1.0000 0.0000
f 9815//9541 9863//9541 9864//9541 9816//9541
vn 0.0000 1.0000 -0.0000
f 9816//9542 9864//9542 9865//9542 9817//9542
vn 0.0000 1.0000 0.0000
f 9817//9543 9865//9543 9866//9543 9818//9543
vn 0.0000 1.0000 -0.0000
f 9818//9544 9866//9544 9867//9544 9819//9544
vn 0.0000 1.0000 0.0000
f 9819//9545 9867//9545 9868//9545 9820//9545
vn 0.0000 1.0000 0.0000
f 9820//9546 9868//9546 9869//9546 9821//9546
vn 0.0000 1.0000 0.0000
f 9821//9547 9869//9547 9870//9547 9822//9547
vn 0.0000 1.0000 -0.0000
f 9822//9548 9870//9548 9871//9548 9823//9548
vn 0.0000 1.0000 -0.0000
f 9823//9549 9871//9549 9872//9549 9824//9549
vn 0.0000 1.0000 0.0000
f 9824//9550 9872//9550 9873//9550 9825//9550
vn 0.0000 1.0000 0.0000
f 9825//9551 9873//9551 9874//9551 9826//9551
vn 0.0000 1.0000 0.0000
f 9826//9552 9874//9552 9875//9552 9827//9552
vn 0.0000 1.0000 0.0000
f 9827//9553 9875//9553 9876//9553 9828//9553
vn 0.0000 1.0000 0.0000
f 9828//9554 9876//9554 9877//9554 9829//9554
vn 0.0000 1.0000 -0.0000
f 9829//9555 9877//9555 9878//9555 9830//9555
vn 0.0000 1.0000 -0.0000
f 9830//9556 9878//9556 9879//9556 9831//9556
vn 0.0000 1.0000 0.0000
f 9831//9557 9879//9557 9880//9557 9832//9557
vn 0.0000 1.0000 -0.0000
f 9832//9558 9880//9558 9881//9558 9833//9558
vn 0.0000 1.0000 -0.0000
f 9833//9559 9881//9559 9882//9559 9834//9559
vn 0.0000 1.0000 0.0000
f 9834//9560 9882//9560 9883//9560 9835//9560
vn 0.0000 1.0000 -0.0000
f 9835//9561 9883//9561 9884//9561 9836//9561
vn 0.0000 1.0000 0.0000
f 9836//9562 9884//9562 9885//9562 9837//9562
vn 0.0000 1.0000 0.0000
f 9837//9563 9885//9563 9886//9563 9838//9563
vn 0.0000 1.0000 0.0000
f 9838//9564 9886//9564 9887//9564 9839//9564
vn 0.0000 1.0000 -0.0000
f 9839//9565 9887//9565 9888//9565 9840//9565
vn 0.0000 1.0000 -0.0000
f 9840//9566 9888//9566 9841//9566 9793//9566
vn 0.0000 1.0000 0.0000
f 9841//9567 9889//9567 9890//9567 9842//9567
vn 0.0000 1.0000 0.0000
f 9842//9568 9890//9568 9891//9568 9843//9568
vn 0.0000 1.0000 0.0000
f 9843//9569 9891//9569 9892//9569 9844//9569
vn 0.0000 1.0000 -0.0000
f 9844//9570 9892//9570 9893//9570 9845//9570
vn 0.0000 1.0000 0.0000
f 9845//9571 9893//9571 9894//9571 9846//9571
vn 0.0000 1.0000 0.0000
f 9846//9572 9894//9572 9895//9572 9847//9572
vn 0.0000 1.0000 -0.0000
f 9847//9573 9895//9573 9896//9573 9848//9573
vn 0.0000 1.0000 0.0000
f 9848//9574 9896//9574 9897//9574 9849//9574
vn 0.0000 1.0000 -0.0000
f 9849//9575 9897//9575 9898//9575 9850//9575
vn 0.0000 1.0000 0.0000
f 9850//9576 9898//9576 9899//9576 9851//9576
vn 0.0000 1.0000 0.0000
f 9851//9577 9899//9577 9900//9577 9852//9577
vn 0.0000 1.0000 0.0000
f 9852//9578 9900//9578 9901//9578 9853//9578
vn 0.0000 1.0000 0.0000
f 9853//9579 9901//9579 9902//9579 9854//9579
vn 0.0000 1.0000 0.0000
f 9854//9580 9902//9580 9903//9580 9855//9580
vn 0.0000 1.0000 0.0000
f 9855//9581 9903//9581 9904//9581 9856//9581
vn 0.0000 1.0000 0.0000
f 9856//9582 9904//9582 9905//9582 9857//9582
vn 0.0000 1.0000 0.0000
f 9857//9583 9905//9583 9906//9583 9858//9583
vn 0.0000 1.0000 0.0000
f 9858//9584 9906//9584 9907//9584 9859//9584
vn 0.0000 1.0000 0.0000
f 9859//9585 9907//9585 9908//9585 9860//9585
vn 0.0000 1.0000 -0.0000
f 9860//9586 9908//9586 9909//9586 9861//9586
vn 0.0000 1.0000 0.0000
f 9861//9587 9909//9587 9910//9587 9862//9587
vn 0.0000 1.0000 -0.0000
f 9862//9588 9910//9588 9911//9588 9863//9588
vn 0.0000 1.0000 -0.0000
f 9863//9589 9911//9589 9912//9589 9864//9589
vn 0.0000 1.0000 0.0000
f 9864//9590 9912//9590 9913//9590 9865//9590
vn 0.0000 1.0000 -0.0000
f 9865//9591 9913//9591 9914//9591 9866//9591
vn 0.0000 1.0000 0.0000
f 9866//9592 9914//9592 9915//9592 9867//9592
vn 0.0000 1.0000 -0.0000
f 9867//9593 9915//9593 9916//9593 9868//9593
vn 0.0000 1.0000 0.0000
f 9868//9594 9916//9594 9917//9594 9869//9594
vn 0.0000 1.0000 0.0000
f 9869//9595 9917//9595 9918//9595 9870//9595
vn 0.0000 1.0000 -0.0000
f 9870//9596 9918//9596 9919//9596 9871//9596
vn 0.0000 1.0000 0.0000
f 9871//9597 9919//9597 9920//9597 9872//9597
vn 0.0000 1.0000 0.0000
f 9872//9598 9920//9598 9921//9598 9873//9598
vn 0.0000 1.0000 -0.0000
f 9873//9599 9921//9599 9922//9599 9874//9599
vn 0.0000 1.0000 0.0000
f 9874//9600 9922//9600 9923//9600 9875//9600
vn 0.0000 1.0000 0.0000
f 9875//9601 9923//9601 9924//9601 9876//9601
vn 0.0000 1.0000 0.0000
f 9876//9602 9924//9602 9925//9602 9877//9602
vn 0.0000 1.0000 0.0000
f 9877//9603 9925//9603 9926//9603 9878//9603
vn 0.0000 1.0000 0.0000
f 9878//9604 9926//9604 9927//9604 9879//9604
vn 0.0000 1.0000 -0.0000
f 9879//9605 9927//9605 9928//9605 9880//9605
vn 0.0000 1.0000 0.0000
f 9880//9606 9928//9606 9929//9606 9881//9606
vn 0.0000 1.0000 0.0000
f 9881//9607 9929//9607 9930//9607 9882//9607
vn 0.0000 1.0000 -0.0000
f 9882//9608 9930//9608 9931//9608 9883//9608
vn 0.0000 1.0000 0.0000
f 9883//9609 9931//9609 9932//9609 9884//9609
vn 0.0000 1.0000 0.0000
f 9884//9610 9932//9610 9933//9610 9885//9610
vn 0.0000 1.0000 -0.0000
f 9885//9611 9933//9611 9934//9611 9886//9611
vn 0.0000 1.0000 0.0000
f 9886//9612 9934//9612 9935//9612 9887//9612
vn 0.0000 1.0000 -0.0000
f 9887//9613 9935//9613 9936//9613 9888//9613
vn 0.0000 1.0000 -0.0000
f 9888//9614 9936//9614 9889//9614 9841//9614
vn 0.9239 0.0000 0.3827
usemtl trunk
f 9937//9615 9939//9615 9940//9615 9938//9615
vn 0.3827 0.0000 0.9239
f 9939//9616 9941//9616 9942//9616 9940//9616
vn -0.3827 0.0000 0.9239
f 9941//9617 9943//9617 9944//9617 9942//9617
vn -0.9239 0.0000 0.3827
f 9943//9618 9945//9618 9946//9618 9944//9618
vn -0.9239 0.0000 -0.3827
f 9945//9619 9947//9619 9948//9619 9946//9619
vn -0.3827 0.0000 -0.9239
f 9947//9620 9949//9620 9950//9620 9948//9620
vn 0.3827 0.0000 -0.9239
f 9949//9621 9951//9621 9952//9621 9950//9621
vn 0.9239 0.0000 -0.3827
f 9951//9622 9937//9622 9938//9622 9952//9622
vn 0.0000 1.0000 0.0000
f 9953//9623 9939//9623 9937//9623
vn 0.0000 -1.0000 0.0000
f 9954//9624 9938//9624 9940//9624
vn 0.0000 1.0000 0.0000
f 9953//9625 9941//9625 9939//9625
vn 0.0000 -1.0000 0.0000
f 9954//9626 9940//9626 9942//9626
vn 0.0000 1.0000 0.0000
f 9953//9627 9943//9627 9941//9627
vn 0.0000 -1.0000 0.0000
f 9954//9628 9942//9628 9944//9628
vn 0.0000 1.0000 -0.0000
f 9953//9629 9945//9629 9943//9629
vn 0.0000 -1.0000 0.0000
f 9954//9630 9944//9630 9946//9630
vn 0.0000 1.0000 0.0000
f 9953//9631 9947//9631 9945//9631
vn 0.0000 -1.0000 0.0000
f 9954//9632 9946//9632 9948//9632
vn 0.0000 1.0000 0.0000
f 9953//9633 9949//9633 9947//9633
vn 0.0000 -1.0000 0.0000
f 9954//9634 9948//9634 9950//9634
vn 0.0000 1.0000 0.0000
f 9953//9635 9951//9635 9949//9635
vn 0.0000 -1.0000 0.0000
f 9954//9636 9950//9636 9952//9636
vn 0.0000 1.0000 0.0000
f 9953//9637 9937//9637 9951//9637
vn 0.0000 -1.0000 0.0000
f 9954//9638 9952//9638 9938//9638
