# home_08_post_install.obj  Y-up, meters
mtllib home_08_post_install.mtl
o house
v -7.1000 0.0000 -5.1000
v 7.1000 0.0000 -5.1000
v 7.1000 0.1600 -5.1000
v -7.1000 0.1600 -5.1000
v -7.1000 0.0000 5.1000
v 7.1000 0.0000 5.1000
v 7.1000 0.1600 5.1000
v -7.1000 0.1600 5.1000
v -7.0000 0.1600 -5.0000
v 7.0000 0.1600 -5.0000
v 7.0000 3.0600 -5.0000
v -7.0000 3.0600 -5.0000
v -7.0000 0.1600 5.0000
v 7.0000 0.1600 5.0000
v 7.0000 3.0600 5.0000
v -7.0000 3.0600 5.0000
v -7.4500 2.8530 5.4500
v 7.4500 2.8530 5.4500
v 7.4500 5.3600 0.0000
v -7.4500 5.3600 0.0000
v -7.4500 2.8530 -5.4500
v -7.4500 5.3600 0.0000
v 7.4500 5.3600 0.0000
v 7.4500 2.8530 -5.4500
v -7.0000 3.0600 5.0000
v -7.0000 3.0600 -5.0000
v -7.0000 5.3400 0.0000
v 7.0000 3.0600 5.0000
v 7.0000 3.0600 -5.0000
v 7.0000 5.3400 0.0000
v -7.4500 2.7330 5.3900
v 7.4500 2.7330 5.3900
v 7.4500 2.8530 5.3900
v -7.4500 2.8530 5.3900
v -7.4500 2.7330 5.5100
v 7.4500 2.7330 5.5100
v 7.4500 2.8530 5.5100
v -7.4500 2.8530 5.5100
v -7.4500 2.7330 -5.5100
v 7.4500 2.7330 -5.5100
v 7.4500 2.8530 -5.5100
v -7.4500 2.8530 -5.5100
v -7.4500 2.7330 -5.3900
v 7.4500 2.7330 -5.3900
v 7.4500 2.8530 -5.3900
v -7.4500 2.8530 -5.3900
v 7.0200 0.0000 4.8600
v 7.1000 0.0000 4.8600
v 7.1000 2.8530 4.8600
v 7.0200 2.8530 4.8600
v 7.0200 0.0000 4.9400
v 7.1000 0.0000 4.9400
v 7.1000 2.8530 4.9400
v 7.0200 2.8530 4.9400
v -1.5250 0.1350 4.9900
v -0.4750 0.1350 4.9900
v -0.4750 2.2850 4.9900
v -1.5250 2.2850 4.9900
v -1.5250 0.1350 5.0700
v -0.4750 0.1350 5.0700
v -0.4750 2.2850 5.0700
v -1.5250 2.2850 5.0700
v -1.4500 0.1550 5.0500
v -0.5500 0.1550 5.0500
v -0.5500 2.2050 5.0500
v -1.4500 2.2050 5.0500
v -1.4500 0.1550 5.0900
v -0.5500 0.1550 5.0900
v -0.5500 2.2050 5.0900
v -1.4500 2.2050 5.0900
v -4.7000 1.0600 4.9950
v -2.9000 1.0600 4.9950
v -2.9000 2.4600 4.9950
v -4.7000 2.4600 4.9950
v -4.7000 1.0600 5.0650
v -2.9000 1.0600 5.0650
v -2.9000 2.4600 5.0650
v -4.7000 2.4600 5.0650
v -4.6000 1.1600 5.0550
v -3.0000 1.1600 5.0550
v -3.0000 2.3600 5.0550
v -4.6000 2.3600 5.0550
v -4.6000 1.1600 5.0850
v -3.0000 1.1600 5.0850
v -3.0000 2.3600 5.0850
v -4.6000 2.3600 5.0850
v 0.9500 0.1350 4.9950
v 6.2500 0.1350 4.9950
v 6.2500 2.4850 4.9950
v 0.9500 2.4850 4.9950
v 0.9500 0.1350 5.0650
v 6.2500 0.1350 5.0650
v 6.2500 2.4850 5.0650
v 0.9500 2.4850 5.0650
v 1.1000 0.1600 5.0450
v 6.1000 0.1600 5.0450
v 6.1000 2.3600 5.0450
v 1.1000 2.3600 5.0450
v 1.1000 0.1600 5.0950
v 6.1000 0.1600 5.0950
v 6.1000 2.3600 5.0950
v 1.1000 2.3600 5.0950
v 1.1000 0.4450 5.0900
v 6.1000 0.4450 5.0900
v 6.1000 0.4750 5.0900
v 1.1000 0.4750 5.0900
v 1.1000 0.4450 5.1100
v 6.1000 0.4450 5.1100
v 6.1000 0.4750 5.1100
v 1.1000 0.4750 5.1100
v 1.1000 0.9950 5.0900
v 6.1000 0.9950 5.0900
v 6.1000 1.0250 5.0900
v 1.1000 1.0250 5.0900
v 1.1000 0.9950 5.1100
v 6.1000 0.9950 5.1100
v 6.1000 1.0250 5.1100
v 1.1000 1.0250 5.1100
v 1.1000 1.5450 5.0900
v 6.1000 1.5450 5.0900
v 6.1000 1.5750 5.0900
v 1.1000 1.5750 5.0900
v 1.1000 1.5450 5.1100
v 6.1000 1.5450 5.1100
v 6.1000 1.5750 5.1100
v 1.1000 1.5750 5.1100
v 1.1000 2.0950 5.0900
v 6.1000 2.0950 5.0900
v 6.1000 2.1250 5.0900
v 1.1000 2.1250 5.0900
v 1.1000 2.0950 5.1100
v 6.1000 2.0950 5.1100
v 6.1000 2.1250 5.1100
v 1.1000 2.1250 5.1100
v -5.3000 1.1100 -5.0650
v -3.7000 1.1100 -5.0650
v -3.7000 2.4100 -5.0650
v -5.3000 2.4100 -5.0650
v -5.3000 1.1100 -4.9950
v -3.7000 1.1100 -4.9950
v -3.7000 2.4100 -4.9950
v -5.3000 2.4100 -4.9950
v -5.2000 1.2100 -5.0850
v -3.8000 1.2100 -5.0850
v -3.8000 2.3100 -5.0850
v -5.2000 2.3100 -5.0850
v -5.2000 1.2100 -5.0550
v -3.8000 1.2100 -5.0550
v -3.8000 2.3100 -5.0550
v -5.2000 2.3100 -5.0550
v -0.8000 1.1100 -5.0650
v 0.8000 1.1100 -5.0650
v 0.8000 2.4100 -5.0650
v -0.8000 2.4100 -5.0650
v -0.8000 1.1100 -4.9950
v 0.8000 1.1100 -4.9950
v 0.8000 2.4100 -4.9950
v -0.8000 2.4100 -4.9950
v -0.7000 1.2100 -5.0850
v 0.7000 1.2100 -5.0850
v 0.7000 2.3100 -5.0850
v -0.7000 2.3100 -5.0850
v -0.7000 1.2100 -5.0550
v 0.7000 1.2100 -5.0550
v 0.7000 2.3100 -5.0550
v -0.7000 2.3100 -5.0550
v 3.7000 1.1100 -5.0650
v 5.3000 1.1100 -5.0650
v 5.3000 2.4100 -5.0650
v 3.7000 2.4100 -5.0650
v 3.7000 1.1100 -4.9950
v 5.3000 1.1100 -4.9950
v 5.3000 2.4100 -4.9950
v 3.7000 2.4100 -4.9950
v 3.8000 1.2100 -5.0850
v 5.2000 1.2100 -5.0850
v 5.2000 2.3100 -5.0850
v 3.8000 2.3100 -5.0850
v 3.8000 1.2100 -5.0550
v 5.2000 1.2100 -5.0550
v 5.2000 2.3100 -5.0550
v 3.8000 2.3100 -5.0550
v -7.0650 1.1100 0.7000
v -6.9950 1.1100 0.7000
v -6.9950 2.4100 0.7000
v -7.0650 2.4100 0.7000
v -7.0650 1.1100 2.3000
v -6.9950 1.1100 2.3000
v -6.9950 2.4100 2.3000
v -7.0650 2.4100 2.3000
v -7.0850 1.2100 0.8000
v -7.0550 1.2100 0.8000
v -7.0550 2.3100 0.8000
v -7.0850 2.3100 0.8000
v -7.0850 1.2100 2.2000
v -7.0550 1.2100 2.2000
v -7.0550 2.3100 2.2000
v -7.0850 2.3100 2.2000
vn 0.0000 0.0000 -1.0000
usemtl slab
f 1//1 4//1 3//1 2//1
vn 0.0000 0.0000 1.0000
f 5//2 6//2 7//2 8//2
vn -1.0000 0.0000 0.0000
f 1//3 5//3 8//3 4//3
vn 1.0000 0.0000 0.0000
f 2//4 3//4 7//4 6//4
vn 0.0000 1.0000 0.0000
f 4//5 8//5 7//5 3//5
vn 0.0000 -1.0000 0.0000
f 1//6 2//6 6//6 5//6
vn 0.0000 0.0000 -1.0000
usemtl brick
f 9//7 12//7 11//7 10//7
vn 0.0000 0.0000 1.0000
f 13//8 14//8 15//8 16//8
vn -1.0000 0.0000 0.0000
f 9//9 13//9 16//9 12//9
vn 1.0000 0.0000 0.0000
f 10//10 11//10 15//10 14//10
vn 0.0000 1.0000 0.0000
f 12//11 16//11 15//11 11//11
vn 0.0000 -1.0000 0.0000
f 9//12 10//12 14//12 13//12
vn 0.0000 0.9085 0.4179
usemtl roof_shingle
f 17//13 18//13 19//13 20//13
vn 0.0000 -0.9085 -0.4179
f 20//14 19//14 18//14 17//14
vn 0.0000 0.9085 -0.4179
f 21//15 22//15 23//15 24//15
vn 0.0000 -0.9085 0.4179
f 24//16 23//16 22//16 21//16
vn 1.0000 0.0000 0.0000
usemtl brick
f 25//17 26//17 27//17
vn -1.0000 0.0000 0.0000
f 27//18 26//18 25//18
vn 1.0000 0.0000 0.0000
f 28//19 29//19 30//19
vn -1.0000 0.0000 0.0000
f 30//20 29//20 28//20
vn 0.0000 0.0000 -1.0000
usemtl gutter
f 31//21 34//21 33//21 32//21
vn 0.0000 0.0000 1.0000
f 35//22 36//22 37//22 38//22
vn -1.0000 0.0000 0.0000
f 31//23 35//23 38//23 34//23
vn 1.0000 0.0000 0.0000
f 32//24 33//24 37//24 36//24
vn 0.0000 1.0000 0.0000
f 34//25 38//25 37//25 33//25
vn 0.0000 -1.0000 0.0000
f 31//26 32//26 36//26 35//26
vn 0.0000 0.0000 -1.0000
f 39//27 42//27 41//27 40//27
vn 0.0000 0.0000 1.0000
f 43//28 44//28 45//28 46//28
vn -1.0000 0.0000 0.0000
f 39//29 43//29 46//29 42//29
vn 1.0000 0.0000 0.0000
f 40//30 41//30 45//30 44//30
vn 0.0000 1.0000 0.0000
f 42//31 46//31 45//31 41//31
vn 0.0000 -1.0000 0.0000
f 39//32 40//32 44//32 43//32
vn 0.0000 0.0000 -1.0000
f 47//33 50//33 49//33 48//33
vn 0.0000 0.0000 1.0000
f 51//34 52//34 53//34 54//34
vn -1.0000 0.0000 0.0000
f 47//35 51//35 54//35 50//35
vn 1.0000 0.0000 0.0000
f 48//36 49//36 53//36 52//36
vn 0.0000 1.0000 0.0000
f 50//37 54//37 53//37 49//37
vn 0.0000 -1.0000 0.0000
f 47//38 48//38 52//38 51//38
vn 0.0000 0.0000 -1.0000
usemtl trim_white
f 55//39 58//39 57//39 56//39
vn 0.0000 0.0000 1.0000
f 59//40 60//40 61//40 62//40
vn -1.0000 0.0000 0.0000
f 55//41 59//41 62//41 58//41
vn 1.0000 0.0000 0.0000
f 56//42 57//42 61//42 60//42
vn 0.0000 1.0000 0.0000
f 58//43 62//43 61//43 57//43
vn 0.0000 -1.0000 0.0000
f 55//44 56//44 60//44 59//44
vn 0.0000 0.0000 -1.0000
usemtl door_red
f 63//45 66//45 65//45 64//45
vn 0.0000 0.0000 1.0000
f 67//46 68//46 69//46 70//46
vn -1.0000 0.0000 0.0000
f 63//47 67//47 70//47 66//47
vn 1.0000 0.0000 0.0000
f 64//48 65//48 69//48 68//48
vn 0.0000 1.0000 0.0000
f 66//49 70//49 69//49 65//49
vn 0.0000 -1.0000 0.0000
f 63//50 64//50 68//50 67//50
vn 0.0000 0.0000 -1.0000
usemtl trim_white
f 71//51 74//51 73//51 72//51
vn 0.0000 0.0000 1.0000
f 75//52 76//52 77//52 78//52
vn -1.0000 0.0000 0.0000
f 71//53 75//53 78//53 74//53
vn 1.0000 0.0000 0.0000
f 72//54 73//54 77//54 76//54
vn 0.0000 1.0000 0.0000
f 74//55 78//55 77//55 73//55
vn 0.0000 -1.0000 0.0000
f 71//56 72//56 76//56 75//56
vn 0.0000 0.0000 -1.0000
usemtl window_glass
f 79//57 82//57 81//57 80//57
vn 0.0000 0.0000 1.0000
f 83//58 84//58 85//58 86//58
vn -1.0000 0.0000 0.0000
f 79//59 83//59 86//59 82//59
vn 1.0000 0.0000 0.0000
f 80//60 81//60 85//60 84//60
vn 0.0000 1.0000 0.0000
f 82//61 86//61 85//61 81//61
vn 0.0000 -1.0000 0.0000
f 79//62 80//62 84//62 83//62
vn 0.0000 0.0000 -1.0000
usemtl trim_white
f 87//63 90//63 89//63 88//63
vn 0.0000 0.0000 1.0000
f 91//64 92//64 93//64 94//64
vn -1.0000 0.0000 0.0000
f 87//65 91//65 94//65 90//65
vn 1.0000 0.0000 0.0000
f 88//66 89//66 93//66 92//66
vn 0.0000 1.0000 0.0000
f 90//67 94//67 93//67 89//67
vn 0.0000 -1.0000 0.0000
f 87//68 88//68 92//68 91//68
vn 0.0000 0.0000 -1.0000
usemtl garage_door
f 95//69 98//69 97//69 96//69
vn 0.0000 0.0000 1.0000
f 99//70 100//70 101//70 102//70
vn -1.0000 0.0000 0.0000
f 95//71 99//71 102//71 98//71
vn 1.0000 0.0000 0.0000
f 96//72 97//72 101//72 100//72
vn 0.0000 1.0000 0.0000
f 98//73 102//73 101//73 97//73
vn 0.0000 -1.0000 0.0000
f 95//74 96//74 100//74 99//74
vn 0.0000 0.0000 -1.0000
usemtl trim_white
f 103//75 106//75 105//75 104//75
vn 0.0000 0.0000 1.0000
f 107//76 108//76 109//76 110//76
vn -1.0000 0.0000 0.0000
f 103//77 107//77 110//77 106//77
vn 1.0000 0.0000 0.0000
f 104//78 105//78 109//78 108//78
vn 0.0000 1.0000 0.0000
f 106//79 110//79 109//79 105//79
vn 0.0000 -1.0000 0.0000
f 103//80 104//80 108//80 107//80
vn 0.0000 0.0000 -1.0000
f 111//81 114//81 113//81 112//81
vn 0.0000 0.0000 1.0000
f 115//82 116//82 117//82 118//82
vn -1.0000 0.0000 0.0000
f 111//83 115//83 118//83 114//83
vn 1.0000 0.0000 0.0000
f 112//84 113//84 117//84 116//84
vn 0.0000 1.0000 0.0000
f 114//85 118//85 117//85 113//85
vn 0.0000 -1.0000 0.0000
f 111//86 112//86 116//86 115//86
vn 0.0000 0.0000 -1.0000
f 119//87 122//87 121//87 120//87
vn 0.0000 0.0000 1.0000
f 123//88 124//88 125//88 126//88
vn -1.0000 0.0000 0.0000
f 119//89 123//89 126//89 122//89
vn 1.0000 0.0000 0.0000
f 120//90 121//90 125//90 124//90
vn 0.0000 1.0000 0.0000
f 122//91 126//91 125//91 121//91
vn 0.0000 -1.0000 0.0000
f 119//92 120//92 124//92 123//92
vn 0.0000 0.0000 -1.0000
f 127//93 130//93 129//93 128//93
vn 0.0000 0.0000 1.0000
f 131//94 132//94 133//94 134//94
vn -1.0000 0.0000 0.0000
f 127//95 131//95 134//95 130//95
vn 1.0000 0.0000 0.0000
f 128//96 129//96 133//96 132//96
vn 0.0000 1.0000 0.0000
f 130//97 134//97 133//97 129//97
vn 0.0000 -1.0000 0.0000
f 127//98 128//98 132//98 131//98
vn 0.0000 0.0000 -1.0000
f 135//99 138//99 137//99 136//99
vn 0.0000 0.0000 1.0000
f 139//100 140//100 141//100 142//100
vn -1.0000 0.0000 0.0000
f 135//101 139//101 142//101 138//101
vn 1.0000 0.0000 0.0000
f 136//102 137//102 141//102 140//102
vn 0.0000 1.0000 0.0000
f 138//103 142//103 141//103 137//103
vn 0.0000 -1.0000 0.0000
f 135//104 136//104 140//104 139//104
vn 0.0000 0.0000 -1.0000
usemtl window_glass
f 143//105 146//105 145//105 144//105
vn 0.0000 0.0000 1.0000
f 147//106 148//106 149//106 150//106
vn -1.0000 0.0000 0.0000
f 143//107 147//107 150//107 146//107
vn 1.0000 0.0000 0.0000
f 144//108 145//108 149//108 148//108
vn 0.0000 1.0000 0.0000
f 146//109 150//109 149//109 145//109
vn 0.0000 -1.0000 0.0000
f 143//110 144//110 148//110 147//110
vn 0.0000 0.0000 -1.0000
usemtl trim_white
f 151//111 154//111 153//111 152//111
vn 0.0000 0.0000 1.0000
f 155//112 156//112 157//112 158//112
vn -1.0000 0.0000 0.0000
f 151//113 155//113 158//113 154//113
vn 1.0000 0.0000 0.0000
f 152//114 153//114 157//114 156//114
vn 0.0000 1.0000 0.0000
f 154//115 158//115 157//115 153//115
vn 0.0000 -1.0000 0.0000
f 151//116 152//116 156//116 155//116
vn 0.0000 0.0000 -1.0000
usemtl window_glass
f 159//117 162//117 161//117 160//117
vn 0.0000 0.0000 1.0000
f 163//118 164//118 165//118 166//118
vn -1.0000 0.0000 0.0000
f 159//119 163//119 166//119 162//119
vn 1.0000 0.0000 0.0000
f 160//120 161//120 165//120 164//120
vn 0.0000 1.0000 0.0000
f 162//121 166//121 165//121 161//121
vn 0.0000 -1.0000 0.0000
f 159//122 160//122 164//122 163//122
vn 0.0000 0.0000 -1.0000
usemtl trim_white
f 167//123 170//123 169//123 168//123
vn 0.0000 0.0000 1.0000
f 171//124 172//124 173//124 174//124
vn -1.0000 0.0000 0.0000
f 167//125 171//125 174//125 170//125
vn 1.0000 0.0000 0.0000
f 168//126 169//126 173//126 172//126
vn 0.0000 1.0000 0.0000
f 170//127 174//127 173//127 169//127
vn 0.0000 -1.0000 0.0000
f 167//128 168//128 172//128 171//128
vn 0.0000 0.0000 -1.0000
usemtl window_glass
f 175//129 178//129 177//129 176//129
vn 0.0000 0.0000 1.0000
f 179//130 180//130 181//130 182//130
vn -1.0000 0.0000 0.0000
f 175//131 179//131 182//131 178//131
vn 1.0000 0.0000 0.0000
f 176//132 177//132 181//132 180//132
vn 0.0000 1.0000 0.0000
f 178//133 182//133 181//133 177//133
vn 0.0000 -1.0000 0.0000
f 175//134 176//134 180//134 179//134
vn 0.0000 0.0000 -1.0000
usemtl trim_white
f 183//135 186//135 185//135 184//135
vn 0.0000 0.0000 1.0000
f 187//136 188//136 189//136 190//136
vn -1.0000 0.0000 0.0000
f 183//137 187//137 190//137 186//137
vn 1.0000 0.0000 0.0000
f 184//138 185//138 189//138 188//138
vn 0.0000 1.0000 0.0000
f 186//139 190//139 189//139 185//139
vn 0.0000 -1.0000 0.0000
f 183//140 184//140 188//140 187//140
vn 0.0000 0.0000 -1.0000
usemtl window_glass
f 191//141 194//141 193//141 192//141
vn 0.0000 0.0000 1.0000
f 195//142 196//142 197//142 198//142
vn -1.0000 0.0000 0.0000
f 191//143 195//143 198//143 194//143
vn 1.0000 0.0000 0.0000
f 192//144 193//144 197//144 196//144
vn 0.0000 1.0000 0.0000
f 194//145 198//145 197//145 193//145
vn 0.0000 -1.0000 0.0000
f 191//146 192//146 196//146 195//146
o yard
v -20.0000 -0.0200 -20.0000
v 20.0000 -0.0200 -20.0000
v 20.0000 0.0000 -20.0000
v -20.0000 0.0000 -20.0000
v -20.0000 -0.0200 20.0000
v 20.0000 -0.0200 20.0000
v 20.0000 0.0000 20.0000
v -20.0000 0.0000 20.0000
v 0.9000 -0.0100 5.0000
v 6.3000 -0.0100 5.0000
v 6.3000 0.0200 5.0000
v 0.9000 0.0200 5.0000
v 0.9000 -0.0100 15.0000
v 6.3000 -0.0100 15.0000
v 6.3000 0.0200 15.0000
v 0.9000 0.0200 15.0000
v -20.0000 -0.0100 13.2500
v 20.0000 -0.0100 13.2500
v 20.0000 0.0200 13.2500
v -20.0000 0.0200 13.2500
v -20.0000 -0.0100 14.7500
v 20.0000 -0.0100 14.7500
v 20.0000 0.0200 14.7500
v -20.0000 0.0200 14.7500
v -1.6000 -0.0100 5.7500
v -0.4000 -0.0100 5.7500
v -0.4000 0.0200 5.7500
v -1.6000 0.0200 5.7500
v -1.6000 -0.0100 12.7500
v -0.4000 -0.0100 12.7500
v -0.4000 0.0200 12.7500
v -1.6000 0.0200 12.7500
v -16.0500 0.0000 -11.0500
v -15.9500 0.0000 -11.0500
v -15.9500 1.8000 -11.0500
v -16.0500 1.8000 -11.0500
v -16.0500 0.0000 -10.9500
v -15.9500 0.0000 -10.9500
v -15.9500 1.8000 -10.9500
v -16.0500 1.8000 -10.9500
v -15.0500 0.0000 -11.0500
v -14.9500 0.0000 -11.0500
v -14.9500 1.8000 -11.0500
v -15.0500 1.8000 -11.0500
v -15.0500 0.0000 -10.9500
v -14.9500 0.0000 -10.9500
v -14.9500 1.8000 -10.9500
v -15.0500 1.8000 -10.9500
v -14.0500 0.0000 -11.0500
v -13.9500 0.0000 -11.0500
v -13.9500 1.8000 -11.0500
v -14.0500 1.8000 -11.0500
v -14.0500 0.0000 -10.9500
v -13.9500 0.0000 -10.9500
v -13.9500 1.8000 -10.9500
v -14.0500 1.8000 -10.9500
v -13.0500 0.0000 -11.0500
v -12.9500 0.0000 -11.0500
v -12.9500 1.8000 -11.0500
v -13.0500 1.8000 -11.0500
v -13.0500 0.0000 -10.9500
v -12.9500 0.0000 -10.9500
v -12.9500 1.8000 -10.9500
v -13.0500 1.8000 -10.9500
v -12.0500 0.0000 -11.0500
v -11.9500 0.0000 -11.0500
v -11.9500 1.8000 -11.0500
v -12.0500 1.8000 -11.0500
v -12.0500 0.0000 -10.9500
v -11.9500 0.0000 -10.9500
v -11.9500 1.8000 -10.9500
v -12.0500 1.8000 -10.9500
v -11.0500 0.0000 -11.0500
v -10.9500 0.0000 -11.0500
v -10.9500 1.8000 -11.0500
v -11.0500 1.8000 -11.0500
v -11.0500 0.0000 -10.9500
v -10.9500 0.0000 -10.9500
v -10.9500 1.8000 -10.9500
v -11.0500 1.8000 -10.9500
v -10.0500 0.0000 -11.0500
v -9.9500 0.0000 -11.0500
v -9.9500 1.8000 -11.0500
v -10.0500 1.8000 -11.0500
v -10.0500 0.0000 -10.9500
v -9.9500 0.0000 -10.9500
v -9.9500 1.8000 -10.9500
v -10.0500 1.8000 -10.9500
v -9.0500 0.0000 -11.0500
v -8.9500 0.0000 -11.0500
v -8.9500 1.8000 -11.0500
v -9.0500 1.8000 -11.0500
v -9.0500 0.0000 -10.9500
v -8.9500 0.0000 -10.9500
v -8.9500 1.8000 -10.9500
v -9.0500 1.8000 -10.9500
v -8.0500 0.0000 -11.0500
v -7.9500 0.0000 -11.0500
v -7.9500 1.8000 -11.0500
v -8.0500 1.8000 -11.0500
v -8.0500 0.0000 -10.9500
v -7.9500 0.0000 -10.9500
v -7.9500 1.8000 -10.9500
v -8.0500 1.8000 -10.9500
v -7.0500 0.0000 -11.0500
v -6.9500 0.0000 -11.0500
v -6.9500 1.8000 -11.0500
v -7.0500 1.8000 -11.0500
v -7.0500 0.0000 -10.9500
v -6.9500 0.0000 -10.9500
v -6.9500 1.8000 -10.9500
v -7.0500 1.8000 -10.9500
v -6.0500 0.0000 -11.0500
v -5.9500 0.0000 -11.0500
v -5.9500 1.8000 -11.0500
v -6.0500 1.8000 -11.0500
v -6.0500 0.0000 -10.9500
v -5.9500 0.0000 -10.9500
v -5.9500 1.8000 -10.9500
v -6.0500 1.8000 -10.9500
v -5.0500 0.0000 -11.0500
v -4.9500 0.0000 -11.0500
v -4.9500 1.8000 -11.0500
v -5.0500 1.8000 -11.0500
v -5.0500 0.0000 -10.9500
v -4.9500 0.0000 -10.9500
v -4.9500 1.8000 -10.9500
v -5.0500 1.8000 -10.9500
v -4.0500 0.0000 -11.0500
v -3.9500 0.0000 -11.0500
v -3.9500 1.8000 -11.0500
v -4.0500 1.8000 -11.0500
v -4.0500 0.0000 -10.9500
v -3.9500 0.0000 -10.9500
v -3.9500 1.8000 -10.9500
v -4.0500 1.8000 -10.9500
v -3.0500 0.0000 -11.0500
v -2.9500 0.0000 -11.0500
v -2.9500 1.8000 -11.0500
v -3.0500 1.8000 -11.0500
v -3.0500 0.0000 -10.9500
v -2.9500 0.0000 -10.9500
v -2.9500 1.8000 -10.9500
v -3.0500 1.8000 -10.9500
v -2.0500 0.0000 -11.0500
v -1.9500 0.0000 -11.0500
v -1.9500 1.8000 -11.0500
v -2.0500 1.8000 -11.0500
v -2.0500 0.0000 -10.9500
v -1.9500 0.0000 -10.9500
v -1.9500 1.8000 -10.9500
v -2.0500 1.8000 -10.9500
v -1.0500 0.0000 -11.0500
v -0.9500 0.0000 -11.0500
v -0.9500 1.8000 -11.0500
v -1.0500 1.8000 -11.0500
v -1.0500 0.0000 -10.9500
v -0.9500 0.0000 -10.9500
v -0.9500 1.8000 -10.9500
v -1.0500 1.8000 -10.9500
v -0.0500 0.0000 -11.0500
v 0.0500 0.0000 -11.0500
v 0.0500 1.8000 -11.0500
v -0.0500 1.8000 -11.0500
v -0.0500 0.0000 -10.9500
v 0.0500 0.0000 -10.9500
v 0.0500 1.8000 -10.9500
v -0.0500 1.8000 -10.9500
v 0.9500 0.0000 -11.0500
v 1.0500 0.0000 -11.0500
v 1.0500 1.8000 -11.0500
v 0.9500 1.8000 -11.0500
v 0.9500 0.0000 -10.9500
v 1.0500 0.0000 -10.9500
v 1.0500 1.8000 -10.9500
v 0.9500 1.8000 -10.9500
v 1.9500 0.0000 -11.0500
v 2.0500 0.0000 -11.0500
v 2.0500 1.8000 -11.0500
v 1.9500 1.8000 -11.0500
v 1.9500 0.0000 -10.9500
v 2.0500 0.0000 -10.9500
v 2.0500 1.8000 -10.9500
v 1.9500 1.8000 -10.9500
v 2.9500 0.0000 -11.0500
v 3.0500 0.0000 -11.0500
v 3.0500 1.8000 -11.0500
v 2.9500 1.8000 -11.0500
v 2.9500 0.0000 -10.9500
v 3.0500 0.0000 -10.9500
v 3.0500 1.8000 -10.9500
v 2.9500 1.8000 -10.9500
v 3.9500 0.0000 -11.0500
v 4.0500 0.0000 -11.0500
v 4.0500 1.8000 -11.0500
v 3.9500 1.8000 -11.0500
v 3.9500 0.0000 -10.9500
v 4.0500 0.0000 -10.9500
v 4.0500 1.8000 -10.9500
v 3.9500 1.8000 -10.9500
v 4.9500 0.0000 -11.0500
v 5.0500 0.0000 -11.0500
v 5.0500 1.8000 -11.0500
v 4.9500 1.8000 -11.0500
v 4.9500 0.0000 -10.9500
v 5.0500 0.0000 -10.9500
v 5.0500 1.8000 -10.9500
v 4.9500 1.8000 -10.9500
v 5.9500 0.0000 -11.0500
v 6.0500 0.0000 -11.0500
v 6.0500 1.8000 -11.0500
v 5.9500 1.8000 -11.0500
v 5.9500 0.0000 -10.9500
v 6.0500 0.0000 -10.9500
v 6.0500 1.8000 -10.9500
v 5.9500 1.8000 -10.9500
v 6.9500 0.0000 -11.0500
v 7.0500 0.0000 -11.0500
v 7.0500 1.8000 -11.0500
v 6.9500 1.8000 -11.0500
v 6.9500 0.0000 -10.9500
v 7.0500 0.0000 -10.9500
v 7.0500 1.8000 -10.9500
v 6.9500 1.8000 -10.9500
v 7.9500 0.0000 -11.0500
v 8.0500 0.0000 -11.0500
v 8.0500 1.8000 -11.0500
v 7.9500 1.8000 -11.0500
v 7.9500 0.0000 -10.9500
v 8.0500 0.0000 -10.9500
v 8.0500 1.8000 -10.9500
v 7.9500 1.8000 -10.9500
v 8.9500 0.0000 -11.0500
v 9.0500 0.0000 -11.0500
v 9.0500 1.8000 -11.0500
v 8.9500 1.8000 -11.0500
v 8.9500 0.0000 -10.9500
v 9.0500 0.0000 -10.9500
v 9.0500 1.8000 -10.9500
v 8.9500 1.8000 -10.9500
v 9.9500 0.0000 -11.0500
v 10.0500 0.0000 -11.0500
v 10.0500 1.8000 -11.0500
v 9.9500 1.8000 -11.0500
v 9.9500 0.0000 -10.9500
v 10.0500 0.0000 -10.9500
v 10.0500 1.8000 -10.9500
v 9.9500 1.8000 -10.9500
v 10.9500 0.0000 -11.0500
v 11.0500 0.0000 -11.0500
v 11.0500 1.8000 -11.0500
v 10.9500 1.8000 -11.0500
v 10.9500 0.0000 -10.9500
v 11.0500 0.0000 -10.9500
v 11.0500 1.8000 -10.9500
v 10.9500 1.8000 -10.9500
v 11.9500 0.0000 -11.0500
v 12.0500 0.0000 -11.0500
v 12.0500 1.8000 -11.0500
v 11.9500 1.8000 -11.0500
v 11.9500 0.0000 -10.9500
v 12.0500 0.0000 -10.9500
v 12.0500 1.8000 -10.9500
v 11.9500 1.8000 -10.9500
v 12.9500 0.0000 -11.0500
v 13.0500 0.0000 -11.0500
v 13.0500 1.8000 -11.0500
v 12.9500 1.8000 -11.0500
v 12.9500 0.0000 -10.9500
v 13.0500 0.0000 -10.9500
v 13.0500 1.8000 -10.9500
v 12.9500 1.8000 -10.9500
v 13.9500 0.0000 -11.0500
v 14.0500 0.0000 -11.0500
v 14.0500 1.8000 -11.0500
v 13.9500 1.8000 -11.0500
v 13.9500 0.0000 -10.9500
v 14.0500 0.0000 -10.9500
v 14.0500 1.8000 -10.9500
v 13.9500 1.8000 -10.9500
v 14.9500 0.0000 -11.0500
v 15.0500 0.0000 -11.0500
v 15.0500 1.8000 -11.0500
v 14.9500 1.8000 -11.0500
v 14.9500 0.0000 -10.9500
v 15.0500 0.0000 -10.9500
v 15.0500 1.8000 -10.9500
v 14.9500 1.8000 -10.9500
v 15.9500 0.0000 -11.0500
v 16.0500 0.0000 -11.0500
v 16.0500 1.8000 -11.0500
v 15.9500 1.8000 -11.0500
v 15.9500 0.0000 -10.9500
v 16.0500 0.0000 -10.9500
v 16.0500 1.8000 -10.9500
v 15.9500 1.8000 -10.9500
v -16.0000 1.4600 -11.0200
v 16.0000 1.4600 -11.0200
v 16.0000 1.5400 -11.0200
v -16.0000 1.5400 -11.0200
v -16.0000 1.4600 -10.9800
v 16.0000 1.4600 -10.9800
v 16.0000 1.5400 -10.9800
v -16.0000 1.5400 -10.9800
v -16.0000 0.3600 -11.0200
v 16.0000 0.3600 -11.0200
v 16.0000 0.4400 -11.0200
v -16.0000 0.4400 -11.0200
v -16.0000 0.3600 -10.9800
v 16.0000 0.3600 -10.9800
v 16.0000 0.4400 -10.9800
v -16.0000 0.4400 -10.9800
v -16.0000 0.1000 -10.9800
v 16.0000 0.1000 -10.9800
v 16.0000 1.8000 -10.9800
v -16.0000 1.8000 -10.9800
v -16.0000 0.1000 -10.9600
v 16.0000 0.1000 -10.9600
v 16.0000 1.8000 -10.9600
v -16.0000 1.8000 -10.9600
vn 0.0000 0.0000 -1.0000
usemtl lawn_dry
f 199//147 202//147 201//147 200//147
vn 0.0000 0.0000 1.0000
f 203//148 204//148 205//148 206//148
vn -1.0000 0.0000 0.0000
f 199//149 203//149 206//149 202//149
vn 1.0000 0.0000 0.0000
f 200//150 201//150 205//150 204//150
vn 0.0000 1.0000 0.0000
f 202//151 206//151 205//151 201//151
vn 0.0000 -1.0000 0.0000
f 199//152 200//152 204//152 203//152
vn 0.0000 0.0000 -1.0000
usemtl concrete
f 207//153 210//153 209//153 208//153
vn 0.0000 0.0000 1.0000
f 211//154 212//154 213//154 214//154
vn -1.0000 0.0000 0.0000
f 207//155 211//155 214//155 210//155
vn 1.0000 0.0000 0.0000
f 208//156 209//156 213//156 212//156
vn 0.0000 1.0000 0.0000
f 210//157 214//157 213//157 209//157
vn 0.0000 -1.0000 0.0000
f 207//158 208//158 212//158 211//158
vn 0.0000 0.0000 -1.0000
f 215//159 218//159 217//159 216//159
vn 0.0000 0.0000 1.0000
f 219//160 220//160 221//160 222//160
vn -1.0000 0.0000 0.0000
f 215//161 219//161 222//161 218//161
vn 1.0000 0.0000 0.0000
f 216//162 217//162 221//162 220//162
vn 0.0000 1.0000 0.0000
f 218//163 222//163 221//163 217//163
vn 0.0000 -1.0000 0.0000
f 215//164 216//164 220//164 219//164
vn 0.0000 0.0000 -1.0000
f 223//165 226//165 225//165 224//165
vn 0.0000 0.0000 1.0000
f 227//166 228//166 229//166 230//166
vn -1.0000 0.0000 0.0000
f 223//167 227//167 230//167 226//167
vn 1.0000 0.0000 0.0000
f 224//168 225//168 229//168 228//168
vn 0.0000 1.0000 0.0000
f 226//169 230//169 229//169 225//169
vn 0.0000 -1.0000 0.0000
f 223//170 224//170 228//170 227//170
vn 0.0000 0.0000 -1.0000
usemtl fence_wood
f 231//171 234//171 233//171 232//171
vn 0.0000 0.0000 1.0000
f 235//172 236//172 237//172 238//172
vn -1.0000 0.0000 0.0000
f 231//173 235//173 238//173 234//173
vn 1.0000 0.0000 0.0000
f 232//174 233//174 237//174 236//174
vn 0.0000 1.0000 0.0000
f 234//175 238//175 237//175 233//175
vn 0.0000 -1.0000 0.0000
f 231//176 232//176 236//176 235//176
vn 0.0000 0.0000 -1.0000
f 239//177 242//177 241//177 240//177
vn 0.0000 0.0000 1.0000
f 243//178 244//178 245//178 246//178
vn -1.0000 0.0000 0.0000
f 239//179 243//179 246//179 242//179
vn 1.0000 0.0000 0.0000
f 240//180 241//180 245//180 244//180
vn 0.0000 1.0000 0.0000
f 242//181 246//181 245//181 241//181
vn 0.0000 -1.0000 0.0000
f 239//182 240//182 244//182 243//182
vn 0.0000 0.0000 -1.0000
f 247//183 250//183 249//183 248//183
vn 0.0000 0.0000 1.0000
f 251//184 252//184 253//184 254//184
vn -1.0000 0.0000 0.0000
f 247//185 251//185 254//185 250//185
vn 1.0000 0.0000 0.0000
f 248//186 249//186 253//186 252//186
vn 0.0000 1.0000 0.0000
f 250//187 254//187 253//187 249//187
vn 0.0000 -1.0000 0.0000
f 247//188 248//188 252//188 251//188
vn 0.0000 0.0000 -1.0000
f 255//189 258//189 257//189 256//189
vn 0.0000 0.0000 1.0000
f 259//190 260//190 261//190 262//190
vn -1.0000 0.0000 0.0000
f 255//191 259//191 262//191 258//191
vn 1.0000 0.0000 0.0000
f 256//192 257//192 261//192 260//192
vn 0.0000 1.0000 0.0000
f 258//193 262//193 261//193 257//193
vn 0.0000 -1.0000 0.0000
f 255//194 256//194 260//194 259//194
vn 0.0000 0.0000 -1.0000
f 263//195 266//195 265//195 264//195
vn 0.0000 0.0000 1.0000
f 267//196 268//196 269//196 270//196
vn -1.0000 0.0000 0.0000
f 263//197 267//197 270//197 266//197
vn 1.0000 0.0000 0.0000
f 264//198 265//198 269//198 268//198
vn 0.0000 1.0000 0.0000
f 266//199 270//199 269//199 265//199
vn 0.0000 -1.0000 0.0000
f 263//200 264//200 268//200 267//200
vn 0.0000 0.0000 -1.0000
f 271//201 274//201 273//201 272//201
vn 0.0000 0.0000 1.0000
f 275//202 276//202 277//202 278//202
vn -1.0000 0.0000 0.0000
f 271//203 275//203 278//203 274//203
vn 1.0000 0.0000 0.0000
f 272//204 273//204 277//204 276//204
vn 0.0000 1.0000 0.0000
f 274//205 278//205 277//205 273//205
vn 0.0000 -1.0000 0.0000
f 271//206 272//206 276//206 275//206
vn 0.0000 0.0000 -1.0000
f 279//207 282//207 281//207 280//207
vn 0.0000 0.0000 1.0000
f 283//208 284//208 285//208 286//208
vn -1.0000 0.0000 0.0000
f 279//209 283//209 286//209 282//209
vn 1.0000 0.0000 0.0000
f 280//210 281//210 285//210 284//210
vn 0.0000 1.0000 0.0000
f 282//211 286//211 285//211 281//211
vn 0.0000 -1.0000 0.0000
f 279//212 280//212 284//212 283//212
vn 0.0000 0.0000 -1.0000
f 287//213 290//213 289//213 288//213
vn 0.0000 0.0000 1.0000
f 291//214 292//214 293//214 294//214
vn -1.0000 0.0000 0.0000
f 287//215 291//215 294//215 290//215
vn 1.0000 0.0000 0.0000
f 288//216 289//216 293//216 292//216
vn 0.0000 1.0000 0.0000
f 290//217 294//217 293//217 289//217
vn 0.0000 -1.0000 0.0000
f 287//218 288//218 292//218 291//218
vn 0.0000 0.0000 -1.0000
f 295//219 298//219 297//219 296//219
vn 0.0000 0.0000 1.0000
f 299//220 300//220 301//220 302//220
vn -1.0000 0.0000 0.0000
f 295//221 299//221 302//221 298//221
vn 1.0000 0.0000 0.0000
f 296//222 297//222 301//222 300//222
vn 0.0000 1.0000 0.0000
f 298//223 302//223 301//223 297//223
vn 0.0000 -1.0000 0.0000
f 295//224 296//224 300//224 299//224
vn 0.0000 0.0000 -1.0000
f 303//225 306//225 305//225 304//225
vn 0.0000 0.0000 1.0000
f 307//226 308//226 309//226 310//226
vn -1.0000 0.0000 0.0000
f 303//227 307//227 310//227 306//227
vn 1.0000 0.0000 0.0000
f 304//228 305//228 309//228 308//228
vn 0.0000 1.0000 0.0000
f 306//229 310//229 309//229 305//229
vn 0.0000 -1.0000 0.0000
f 303//230 304//230 308//230 307//230
vn 0.0000 0.0000 -1.0000
f 311//231 314//231 313//231 312//231
vn 0.0000 0.0000 1.0000
f 315//232 316//232 317//232 318//232
vn -1.0000 0.0000 0.0000
f 311//233 315//233 318//233 314//233
vn 1.0000 0.0000 0.0000
f 312//234 313//234 317//234 316//234
vn 0.0000 1.0000 0.0000
f 314//235 318//235 317//235 313//235
vn 0.0000 -1.0000 0.0000
f 311//236 312//236 316//236 315//236
vn 0.0000 0.0000 -1.0000
f 319//237 322//237 321//237 320//237
vn 0.0000 0.0000 1.0000
f 323//238 324//238 325//238 326//238
vn -1.0000 0.0000 0.0000
f 319//239 323//239 326//239 322//239
vn 1.0000 0.0000 0.0000
f 320//240 321//240 325//240 324//240
vn 0.0000 1.0000 0.0000
f 322//241 326//241 325//241 321//241
vn 0.0000 -1.0000 0.0000
f 319//242 320//242 324//242 323//242
vn 0.0000 0.0000 -1.0000
f 327//243 330//243 329//243 328//243
vn 0.0000 0.0000 1.0000
f 331//244 332//244 333//244 334//244
vn -1.0000 0.0000 0.0000
f 327//245 331//245 334//245 330//245
vn 1.0000 0.0000 0.0000
f 328//246 329//246 333//246 332//246
vn 0.0000 1.0000 0.0000
f 330//247 334//247 333//247 329//247
vn 0.0000 -1.0000 0.0000
f 327//248 328//248 332//248 331//248
vn 0.0000 0.0000 -1.0000
f 335//249 338//249 337//249 336//249
vn 0.0000 0.0000 1.0000
f 339//250 340//250 341//250 342//250
vn -1.0000 0.0000 0.0000
f 335//251 339//251 342//251 338//251
vn 1.0000 0.0000 0.0000
f 336//252 337//252 341//252 340//252
vn 0.0000 1.0000 0.0000
f 338//253 342//253 341//253 337//253
vn 0.0000 -1.0000 0.0000
f 335//254 336//254 340//254 339//254
vn 0.0000 0.0000 -1.0000
f 343//255 346//255 345//255 344//255
vn 0.0000 0.0000 1.0000
f 347//256 348//256 349//256 350//256
vn -1.0000 0.0000 0.0000
f 343//257 347//257 350//257 346//257
vn 1.0000 0.0000 0.0000
f 344//258 345//258 349//258 348//258
vn 0.0000 1.0000 0.0000
f 346//259 350//259 349//259 345//259
vn 0.0000 -1.0000 0.0000
f 343//260 344//260 348//260 347//260
vn 0.0000 0.0000 -1.0000
f 351//261 354//261 353//261 352//261
vn 0.0000 0.0000 1.0000
f 355//262 356//262 357//262 358//262
vn -1.0000 0.0000 0.0000
f 351//263 355//263 358//263 354//263
vn 1.0000 0.0000 0.0000
f 352//264 353//264 357//264 356//264
vn 0.0000 1.0000 0.0000
f 354//265 358//265 357//265 353//265
vn 0.0000 -1.0000 0.0000
f 351//266 352//266 356//266 355//266
vn 0.0000 0.0000 -1.0000
f 359//267 362//267 361//267 360//267
vn 0.0000 0.0000 1.0000
f 363//268 364//268 365//268 366//268
vn -1.0000 0.0000 0.0000
f 359//269 363//269 366//269 362//269
vn 1.0000 0.0000 0.0000
f 360//270 361//270 365//270 364//270
vn 0.0000 1.0000 0.0000
f 362//271 366//271 365//271 361//271
vn 0.0000 -1.0000 0.0000
f 359//272 360//272 364//272 363//272
vn 0.0000 0.0000 -1.0000
f 367//273 370//273 369//273 368//273
vn 0.0000 0.0000 1.0000
f 371//274 372//274 373//274 374//274
vn -1.0000 0.0000 0.0000
f 367//275 371//275 374//275 370//275
vn 1.0000 0.0000 0.0000
f 368//276 369//276 373//276 372//276
vn 0.0000 1.0000 0.0000
f 370//277 374//277 373//277 369//277
vn 0.0000 -1.0000 0.0000
f 367//278 368//278 372//278 371//278
vn 0.0000 0.0000 -1.0000
f 375//279 378//279 377//279 376//279
vn 0.0000 0.0000 1.0000
f 379//280 380//280 381//280 382//280
vn -1.0000 0.0000 0.0000
f 375//281 379//281 382//281 378//281
vn 1.0000 0.0000 0.0000
f 376//282 377//282 381//282 380//282
vn 0.0000 1.0000 0.0000
f 378//283 382//283 381//283 377//283
vn 0.0000 -1.0000 0.0000
f 375//284 376//284 380//284 379//284
vn 0.0000 0.0000 -1.0000
f 383//285 386//285 385//285 384//285
vn 0.0000 0.0000 1.0000
f 387//286 388//286 389//286 390//286
vn -1.0000 0.0000 0.0000
f 383//287 387//287 390//287 386//287
vn 1.0000 0.0000 0.0000
f 384//288 385//288 389//288 388//288
vn 0.0000 1.0000 0.0000
f 386//289 390//289 389//289 385//289
vn 0.0000 -1.0000 0.0000
f 383//290 384//290 388//290 387//290
vn 0.0000 0.0000 -1.0000
f 391//291 394//291 393//291 392//291
vn 0.0000 0.0000 1.0000
f 395//292 396//292 397//292 398//292
vn -1.0000 0.0000 0.0000
f 391//293 395//293 398//293 394//293
vn 1.0000 0.0000 0.0000
f 392//294 393//294 397//294 396//294
vn 0.0000 1.0000 0.0000
f 394//295 398//295 397//295 393//295
vn 0.0000 -1.0000 0.0000
f 391//296 392//296 396//296 395//296
vn 0.0000 0.0000 -1.0000
f 399//297 402//297 401//297 400//297
vn 0.0000 0.0000 1.0000
f 403//298 404//298 405//298 406//298
vn -1.0000 0.0000 0.0000
f 399//299 403//299 406//299 402//299
vn 1.0000 0.0000 0.0000
f 400//300 401//300 405//300 404//300
vn 0.0000 1.0000 0.0000
f 402//301 406//301 405//301 401//301
vn 0.0000 -1.0000 0.0000
f 399//302 400//302 404//302 403//302
vn 0.0000 0.0000 -1.0000
f 407//303 410//303 409//303 408//303
vn 0.0000 0.0000 1.0000
f 411//304 412//304 413//304 414//304
vn -1.0000 0.0000 0.0000
f 407//305 411//305 414//305 410//305
vn 1.0000 0.0000 0.0000
f 408//306 409//306 413//306 412//306
vn 0.0000 1.0000 0.0000
f 410//307 414//307 413//307 409//307
vn 0.0000 -1.0000 0.0000
f 407//308 408//308 412//308 411//308
vn 0.0000 0.0000 -1.0000
f 415//309 418//309 417//309 416//309
vn 0.0000 0.0000 1.0000
f 419//310 420//310 421//310 422//310
vn -1.0000 0.0000 0.0000
f 415//311 419//311 422//311 418//311
vn 1.0000 0.0000 0.0000
f 416//312 417//312 421//312 420//312
vn 0.0000 1.0000 0.0000
f 418//313 422//313 421//313 417//313
vn 0.0000 -1.0000 0.0000
f 415//314 416//314 420//314 419//314
vn 0.0000 0.0000 -1.0000
f 423//315 426//315 425//315 424//315
vn 0.0000 0.0000 1.0000
f 427//316 428//316 429//316 430//316
vn -1.0000 0.0000 0.0000
f 423//317 427//317 430//317 426//317
vn 1.0000 0.0000 0.0000
f 424//318 425//318 429//318 428//318
vn 0.0000 1.0000 0.0000
f 426//319 430//319 429//319 425//319
vn 0.0000 -1.0000 0.0000
f 423//320 424//320 428//320 427//320
vn 0.0000 0.0000 -1.0000
f 431//321 434//321 433//321 432//321
vn 0.0000 0.0000 1.0000
f 435//322 436//322 437//322 438//322
vn -1.0000 0.0000 0.0000
f 431//323 435//323 438//323 434//323
vn 1.0000 0.0000 0.0000
f 432//324 433//324 437//324 436//324
vn 0.0000 1.0000 0.0000
f 434//325 438//325 437//325 433//325
vn 0.0000 -1.0000 0.0000
f 431//326 432//326 436//326 435//326
vn 0.0000 0.0000 -1.0000
f 439//327 442//327 441//327 440//327
vn 0.0000 0.0000 1.0000
f 443//328 444//328 445//328 446//328
vn -1.0000 0.0000 0.0000
f 439//329 443//329 446//329 442//329
vn 1.0000 0.0000 0.0000
f 440//330 441//330 445//330 444//330
vn 0.0000 1.0000 0.0000
f 442//331 446//331 445//331 441//331
vn 0.0000 -1.0000 0.0000
f 439//332 440//332 444//332 443//332
vn 0.0000 0.0000 -1.0000
f 447//333 450//333 449//333 448//333
vn 0.0000 0.0000 1.0000
f 451//334 452//334 453//334 454//334
vn -1.0000 0.0000 0.0000
f 447//335 451//335 454//335 450//335
vn 1.0000 0.0000 0.0000
f 448//336 449//336 453//336 452//336
vn 0.0000 1.0000 0.0000
f 450//337 454//337 453//337 449//337
vn 0.0000 -1.0000 0.0000
f 447//338 448//338 452//338 451//338
vn 0.0000 0.0000 -1.0000
f 455//339 458//339 457//339 456//339
vn 0.0000 0.0000 1.0000
f 459//340 460//340 461//340 462//340
vn -1.0000 0.0000 0.0000
f 455//341 459//341 462//341 458//341
vn 1.0000 0.0000 0.0000
f 456//342 457//342 461//342 460//342
vn 0.0000 1.0000 0.0000
f 458//343 462//343 461//343 457//343
vn 0.0000 -1.0000 0.0000
f 455//344 456//344 460//344 459//344
vn 0.0000 0.0000 -1.0000
f 463//345 466//345 465//345 464//345
vn 0.0000 0.0000 1.0000
f 467//346 468//346 469//346 470//346
vn -1.0000 0.0000 0.0000
f 463//347 467//347 470//347 466//347
vn 1.0000 0.0000 0.0000
f 464//348 465//348 469//348 468//348
vn 0.0000 1.0000 0.0000
f 466//349 470//349 469//349 465//349
vn 0.0000 -1.0000 0.0000
f 463//350 464//350 468//350 467//350
vn 0.0000 0.0000 -1.0000
f 471//351 474//351 473//351 472//351
vn 0.0000 0.0000 1.0000
f 475//352 476//352 477//352 478//352
vn -1.0000 0.0000 0.0000
f 471//353 475//353 478//353 474//353
vn 1.0000 0.0000 0.0000
f 472//354 473//354 477//354 476//354
vn 0.0000 1.0000 0.0000
f 474//355 478//355 477//355 473//355
vn 0.0000 -1.0000 0.0000
f 471//356 472//356 476//356 475//356
vn 0.0000 0.0000 -1.0000
f 479//357 482//357 481//357 480//357
vn 0.0000 0.0000 1.0000
f 483//358 484//358 485//358 486//358
vn -1.0000 0.0000 0.0000
f 479//359 483//359 486//359 482//359
vn 1.0000 0.0000 0.0000
f 480//360 481//360 485//360 484//360
vn 0.0000 1.0000 0.0000
f 482//361 486//361 485//361 481//361
vn 0.0000 -1.0000 0.0000
f 479//362 480//362 484//362 483//362
vn 0.0000 0.0000 -1.0000
f 487//363 490//363 489//363 488//363
vn 0.0000 0.0000 1.0000
f 491//364 492//364 493//364 494//364
vn -1.0000 0.0000 0.0000
f 487//365 491//365 494//365 490//365
vn 1.0000 0.0000 0.0000
f 488//366 489//366 493//366 492//366
vn 0.0000 1.0000 0.0000
f 490//367 494//367 493//367 489//367
vn 0.0000 -1.0000 0.0000
f 487//368 488//368 492//368 491//368
vn 0.0000 0.0000 -1.0000
f 495//369 498//369 497//369 496//369
vn 0.0000 0.0000 1.0000
f 499//370 500//370 501//370 502//370
vn -1.0000 0.0000 0.0000
f 495//371 499//371 502//371 498//371
vn 1.0000 0.0000 0.0000
f 496//372 497//372 501//372 500//372
vn 0.0000 1.0000 0.0000
f 498//373 502//373 501//373 497//373
vn 0.0000 -1.0000 0.0000
f 495//374 496//374 500//374 499//374
vn 0.0000 0.0000 -1.0000
f 503//375 506//375 505//375 504//375
vn 0.0000 0.0000 1.0000
f 507//376 508//376 509//376 510//376
vn -1.0000 0.0000 0.0000
f 503//377 507//377 510//377 506//377
vn 1.0000 0.0000 0.0000
f 504//378 505//378 509//378 508//378
vn 0.0000 1.0000 0.0000
f 506//379 510//379 509//379 505//379
vn 0.0000 -1.0000 0.0000
f 503//380 504//380 508//380 507//380
vn 0.0000 0.0000 -1.0000
f 511//381 514//381 513//381 512//381
vn 0.0000 0.0000 1.0000
f 515//382 516//382 517//382 518//382
vn -1.0000 0.0000 0.0000
f 511//383 515//383 518//383 514//383
vn 1.0000 0.0000 0.0000
f 512//384 513//384 517//384 516//384
vn 0.0000 1.0000 0.0000
f 514//385 518//385 517//385 513//385
vn 0.0000 -1.0000 0.0000
f 511//386 512//386 516//386 515//386
o electric_meter
v 7.0000 1.2500 1.8317
v 7.0000 1.2500 1.5317
v 7.0000 1.7700 1.5317
v 7.0000 1.7700 1.8317
v 7.1100 1.2500 1.8317
v 7.1100 1.2500 1.5317
v 7.1100 1.7700 1.5317
v 7.1100 1.7700 1.8317
v 6.9950 1.7650 1.8367
v 6.9950 1.7650 1.5267
v 6.9950 1.7850 1.5267
v 6.9950 1.7850 1.8367
v 7.1150 1.7650 1.8367
v 7.1150 1.7650 1.5267
v 7.1150 1.7850 1.5267
v 7.1150 1.7850 1.8367
v 7.0400 1.8600 1.6467
v 7.0400 1.7800 1.6467
v 7.0575 1.8600 1.6513
v 7.0575 1.7800 1.6513
v 7.0703 1.8600 1.6642
v 7.0703 1.7800 1.6642
v 7.0750 1.8600 1.6817
v 7.0750 1.7800 1.6817
v 7.0703 1.8600 1.6992
v 7.0703 1.7800 1.6992
v 7.0575 1.8600 1.7120
v 7.0575 1.7800 1.7120
v 7.0400 1.8600 1.7167
v 7.0400 1.7800 1.7167
v 7.0225 1.8600 1.7120
v 7.0225 1.7800 1.7120
v 7.0097 1.8600 1.6992
v 7.0097 1.7800 1.6992
v 7.0050 1.8600 1.6817
v 7.0050 1.7800 1.6817
v 7.0097 1.8600 1.6642
v 7.0097 1.7800 1.6642
v 7.0225 1.8600 1.6513
v 7.0225 1.7800 1.6513
v 7.0400 1.8600 1.6817
v 7.0400 1.7800 1.6817
v 7.1400 1.5800 1.5767
v 7.1100 1.5800 1.5767
v 7.1400 1.6005 1.5787
v 7.1100 1.6005 1.5787
v 7.1400 1.6202 1.5846
v 7.1100 1.6202 1.5846
v 7.1400 1.6383 1.5943
v 7.1100 1.6383 1.5943
v 7.1400 1.6542 1.6074
v 7.1100 1.6542 1.6074
v 7.1400 1.6673 1.6233
v 7.1100 1.6673 1.6233
v 7.1400 1.6770 1.6415
v 7.1100 1.6770 1.6415
v 7.1400 1.6830 1.6612
v 7.1100 1.6830 1.6612
v 7.1400 1.6850 1.6817
v 7.1100 1.6850 1.6817
v 7.1400 1.6830 1.7021
v 7.1100 1.6830 1.7021
v 7.1400 1.6770 1.7218
v 7.1100 1.6770 1.7218
v 7.1400 1.6673 1.7400
v 7.1100 1.6673 1.7400
v 7.1400 1.6542 1.7559
v 7.1100 1.6542 1.7559
v 7.1400 1.6383 1.7690
v 7.1100 1.6383 1.7690
v 7.1400 1.6202 1.7787
v 7.1100 1.6202 1.7787
v 7.1400 1.6005 1.7846
v 7.1100 1.6005 1.7846
v 7.1400 1.5800 1.7867
v 7.1100 1.5800 1.7867
v 7.1400 1.5595 1.7846
v 7.1100 1.5595 1.7846
v 7.1400 1.5398 1.7787
v 7.1100 1.5398 1.7787
v 7.1400 1.5217 1.7690
v 7.1100 1.5217 1.7690
v 7.1400 1.5058 1.7559
v 7.1100 1.5058 1.7559
v 7.1400 1.4927 1.7400
v 7.1100 1.4927 1.7400
v 7.1400 1.4830 1.7218
v 7.1100 1.4830 1.7218
v 7.1400 1.4770 1.7021
v 7.1100 1.4770 1.7021
v 7.1400 1.4750 1.6817
v 7.1100 1.4750 1.6817
v 7.1400 1.4770 1.6612
v 7.1100 1.4770 1.6612
v 7.1400 1.4830 1.6415
v 7.1100 1.4830 1.6415
v 7.1400 1.4927 1.6233
v 7.1100 1.4927 1.6233
v 7.1400 1.5058 1.6074
v 7.1100 1.5058 1.6074
v 7.1400 1.5217 1.5943
v 7.1100 1.5217 1.5943
v 7.1400 1.5398 1.5846
v 7.1100 1.5398 1.5846
v 7.1400 1.5595 1.5787
v 7.1100 1.5595 1.5787
v 7.1400 1.5800 1.6817
v 7.1100 1.5800 1.6817
v 7.2150 1.5800 1.5917
v 7.1350 1.5800 1.5917
v 7.2150 1.5976 1.5934
v 7.1350 1.5976 1.5934
v 7.2150 1.6144 1.5985
v 7.1350 1.6144 1.5985
v 7.2150 1.6300 1.6068
v 7.1350 1.6300 1.6068
v 7.2150 1.6436 1.6180
v 7.1350 1.6436 1.6180
v 7.2150 1.6548 1.6316
v 7.1350 1.6548 1.6316
v 7.2150 1.6631 1.6472
v 7.1350 1.6631 1.6472
v 7.2150 1.6683 1.6641
v 7.1350 1.6683 1.6641
v 7.2150 1.6700 1.6817
v 7.1350 1.6700 1.6817
v 7.2150 1.6683 1.6992
v 7.1350 1.6683 1.6992
v 7.2150 1.6631 1.7161
v 7.1350 1.6631 1.7161
v 7.2150 1.6548 1.7317
v 7.1350 1.6548 1.7317
v 7.2150 1.6436 1.7453
v 7.1350 1.6436 1.7453
v 7.2150 1.6300 1.7565
v 7.1350 1.6300 1.7565
v 7.2150 1.6144 1.7648
v 7.1350 1.6144 1.7648
v 7.2150 1.5976 1.7699
v 7.1350 1.5976 1.7699
v 7.2150 1.5800 1.7717
v 7.1350 1.5800 1.7717
v 7.2150 1.5624 1.7699
v 7.1350 1.5624 1.7699
v 7.2150 1.5456 1.7648
v 7.1350 1.5456 1.7648
v 7.2150 1.5300 1.7565
v 7.1350 1.5300 1.7565
v 7.2150 1.5164 1.7453
v 7.1350 1.5164 1.7453
v 7.2150 1.5052 1.7317
v 7.1350 1.5052 1.7317
v 7.2150 1.4969 1.7161
v 7.1350 1.4969 1.7161
v 7.2150 1.4917 1.6992
v 7.1350 1.4917 1.6992
v 7.2150 1.4900 1.6817
v 7.1350 1.4900 1.6817
v 7.2150 1.4917 1.6641
v 7.1350 1.4917 1.6641
v 7.2150 1.4969 1.6472
v 7.1350 1.4969 1.6472
v 7.2150 1.5052 1.6316
v 7.1350 1.5052 1.6316
v 7.2150 1.5164 1.6180
v 7.1350 1.5164 1.6180
v 7.2150 1.5300 1.6068
v 7.1350 1.5300 1.6068
v 7.2150 1.5456 1.5985
v 7.1350 1.5456 1.5985
v 7.2150 1.5624 1.5934
v 7.1350 1.5624 1.5934
v 7.2150 1.5800 1.6817
v 7.1350 1.5800 1.6817
v 7.2180 1.5800 1.6017
v 7.2140 1.5800 1.6017
v 7.2180 1.5956 1.6032
v 7.2140 1.5956 1.6032
v 7.2180 1.6106 1.6077
v 7.2140 1.6106 1.6077
v 7.2180 1.6244 1.6151
v 7.2140 1.6244 1.6151
v 7.2180 1.6366 1.6251
v 7.2140 1.6366 1.6251
v 7.2180 1.6465 1.6372
v 7.2140 1.6465 1.6372
v 7.2180 1.6539 1.6510
v 7.2140 1.6539 1.6510
v 7.2180 1.6585 1.6660
v 7.2140 1.6585 1.6660
v 7.2180 1.6600 1.6817
v 7.2140 1.6600 1.6817
v 7.2180 1.6585 1.6973
v 7.2140 1.6585 1.6973
v 7.2180 1.6539 1.7123
v 7.2140 1.6539 1.7123
v 7.2180 1.6465 1.7261
v 7.2140 1.6465 1.7261
v 7.2180 1.6366 1.7382
v 7.2140 1.6366 1.7382
v 7.2180 1.6244 1.7482
v 7.2140 1.6244 1.7482
v 7.2180 1.6106 1.7556
v 7.2140 1.6106 1.7556
v 7.2180 1.5956 1.7601
v 7.2140 1.5956 1.7601
v 7.2180 1.5800 1.7617
v 7.2140 1.5800 1.7617
v 7.2180 1.5644 1.7601
v 7.2140 1.5644 1.7601
v 7.2180 1.5494 1.7556
v 7.2140 1.5494 1.7556
v 7.2180 1.5356 1.7482
v 7.2140 1.5356 1.7482
v 7.2180 1.5234 1.7382
v 7.2140 1.5234 1.7382
v 7.2180 1.5135 1.7261
v 7.2140 1.5135 1.7261
v 7.2180 1.5061 1.7123
v 7.2140 1.5061 1.7123
v 7.2180 1.5015 1.6973
v 7.2140 1.5015 1.6973
v 7.2180 1.5000 1.6817
v 7.2140 1.5000 1.6817
v 7.2180 1.5015 1.6660
v 7.2140 1.5015 1.6660
v 7.2180 1.5061 1.6510
v 7.2140 1.5061 1.6510
v 7.2180 1.5135 1.6372
v 7.2140 1.5135 1.6372
v 7.2180 1.5234 1.6251
v 7.2140 1.5234 1.6251
v 7.2180 1.5356 1.6151
v 7.2140 1.5356 1.6151
v 7.2180 1.5494 1.6077
v 7.2140 1.5494 1.6077
v 7.2180 1.5644 1.6032
v 7.2140 1.5644 1.6032
v 7.2180 1.5800 1.6817
v 7.2140 1.5800 1.6817
v 7.2180 1.5990 1.7167
v 7.2180 1.5990 1.6467
v 7.2180 1.6210 1.6467
v 7.2180 1.6210 1.7167
v 7.2220 1.5990 1.7167
v 7.2220 1.5990 1.6467
v 7.2220 1.6210 1.6467
v 7.2220 1.6210 1.7167
v 7.1080 1.2750 1.6017
v 7.1080 1.2750 1.5617
v 7.1080 1.2950 1.5617
v 7.1080 1.2950 1.6017
v 7.1180 1.2750 1.6017
v 7.1180 1.2750 1.5617
v 7.1180 1.2950 1.5617
v 7.1180 1.2950 1.6017
vn -1.0000 0.0000 0.0000
usemtl steel_paint
f 519//387 522//387 521//387 520//387
vn 1.0000 0.0000 0.0000
f 523//388 524//388 525//388 526//388
vn 0.0000 0.0000 1.0000
f 519//389 523//389 526//389 522//389
vn 0.0000 0.0000 -1.0000
f 520//390 521//390 525//390 524//390
vn 0.0000 1.0000 0.0000
f 522//391 526//391 525//391 521//391
vn 0.0000 -1.0000 0.0000
f 519//392 520//392 524//392 523//392
vn -1.0000 0.0000 0.0000
usemtl steel_paint_dark
f 527//393 530//393 529//393 528//393
vn 1.0000 0.0000 0.0000
f 531//394 532//394 533//394 534//394
vn 0.0000 0.0000 1.0000
f 527//395 531//395 534//395 530//395
vn 0.0000 0.0000 -1.0000
f 528//396 529//396 533//396 532//396
vn 0.0000 1.0000 0.0000
f 530//397 534//397 533//397 529//397
vn 0.0000 -1.0000 0.0000
f 527//398 528//398 532//398 531//398
vn 0.2588 0.0000 -0.9659
usemtl galvanized
f 535//399 537//399 538//399 536//399
vn 0.7071 0.0000 -0.7071
f 537//400 539//400 540//400 538//400
vn 0.9659 0.0000 -0.2588
f 539//401 541//401 542//401 540//401
vn 0.9659 0.0000 0.2588
f 541//402 543//402 544//402 542//402
vn 0.7071 0.0000 0.7071
f 543//403 545//403 546//403 544//403
vn 0.2588 0.0000 0.9659
f 545//404 547//404 548//404 546//404
vn -0.2588 0.0000 0.9659
f 547//405 549//405 550//405 548//405
vn -0.7071 0.0000 0.7071
f 549//406 551//406 552//406 550//406
vn -0.9659 0.0000 0.2588
f 551//407 553//407 554//407 552//407
vn -0.9659 0.0000 -0.2588
f 553//408 555//408 556//408 554//408
vn -0.7071 0.0000 -0.7071
f 555//409 557//409 558//409 556//409
vn -0.2588 0.0000 -0.9659
f 557//410 535//410 536//410 558//410
vn 0.0000 1.0000 0.0000
f 559//411 537//411 535//411
vn 0.0000 -1.0000 0.0000
f 560//412 536//412 538//412
vn 0.0000 1.0000 0.0000
f 559//413 539//413 537//413
vn 0.0000 -1.0000 0.0000
f 560//414 538//414 540//414
vn 0.0000 1.0000 0.0000
f 559//415 541//415 539//415
vn 0.0000 -1.0000 0.0000
f 560//416 540//416 542//416
vn 0.0000 1.0000 0.0000
f 559//417 543//417 541//417
vn 0.0000 -1.0000 0.0000
f 560//418 542//418 544//418
vn 0.0000 1.0000 0.0000
f 559//419 545//419 543//419
vn 0.0000 -1.0000 0.0000
f 560//420 544//420 546//420
vn 0.0000 1.0000 0.0000
f 559//421 547//421 545//421
vn 0.0000 -1.0000 0.0000
f 560//422 546//422 548//422
vn 0.0000 1.0000 0.0000
f 559//423 549//423 547//423
vn 0.0000 -1.0000 0.0000
f 560//424 548//424 550//424
vn 0.0000 1.0000 0.0000
f 559//425 551//425 549//425
vn 0.0000 -1.0000 0.0000
f 560//426 550//426 552//426
vn 0.0000 1.0000 0.0000
f 559//427 553//427 551//427
vn 0.0000 -1.0000 0.0000
f 560//428 552//428 554//428
vn 0.0000 1.0000 0.0000
f 559//429 555//429 553//429
vn 0.0000 -1.0000 0.0000
f 560//430 554//430 556//430
vn 0.0000 1.0000 0.0000
f 559//431 557//431 555//431
vn 0.0000 -1.0000 0.0000
f 560//432 556//432 558//432
vn 0.0000 1.0000 0.0000
f 559//433 535//433 557//433
vn 0.0000 -1.0000 0.0000
f 560//434 558//434 536//434
vn 0.0000 -0.0980 0.9952
usemtl meter_ring
f 561//435 563//435 564//435 562//435
vn 0.0000 -0.2903 0.9569
f 563//436 565//436 566//436 564//436
vn 0.0000 -0.4714 0.8819
f 565//437 567//437 568//437 566//437
vn 0.0000 -0.6344 0.7730
f 567//438 569//438 570//438 568//438
vn 0.0000 -0.7730 0.6344
f 569//439 571//439 572//439 570//439
vn 0.0000 -0.8819 0.4714
f 571//440 573//440 574//440 572//440
vn 0.0000 -0.9569 0.2903
f 573//441 575//441 576//441 574//441
vn 0.0000 -0.9952 0.0980
f 575//442 577//442 578//442 576//442
vn 0.0000 -0.9952 -0.0980
f 577//443 579//443 580//443 578//443
vn 0.0000 -0.9569 -0.2903
f 579//444 581//444 582//444 580//444
vn 0.0000 -0.8819 -0.4714
f 581//445 583//445 584//445 582//445
vn 0.0000 -0.7730 -0.6344
f 583//446 585//446 586//446 584//446
vn 0.0000 -0.6344 -0.7730
f 585//447 587//447 588//447 586//447
vn 0.0000 -0.4714 -0.8819
f 587//448 589//448 590//448 588//448
vn 0.0000 -0.2903 -0.9569
f 589//449 591//449 592//449 590//449
vn 0.0000 -0.0980 -0.9952
f 591//450 593//450 594//450 592//450
vn 0.0000 0.0980 -0.9952
f 593//451 595//451 596//451 594//451
vn 0.0000 0.2903 -0.9569
f 595//452 597//452 598//452 596//452
vn 0.0000 0.4714 -0.8819
f 597//453 599//453 600//453 598//453
vn 0.0000 0.6344 -0.7730
f 599//454 601//454 602//454 600//454
vn 0.0000 0.7730 -0.6344
f 601//455 603//455 604//455 602//455
vn 0.0000 0.8819 -0.4714
f 603//456 605//456 606//456 604//456
vn 0.0000 0.9569 -0.2903
f 605//457 607//457 608//457 606//457
vn 0.0000 0.9952 -0.0980
f 607//458 609//458 610//458 608//458
vn 0.0000 0.9952 0.0980
f 609//459 611//459 612//459 610//459
vn 0.0000 0.9569 0.2903
f 611//460 613//460 614//460 612//460
vn 0.0000 0.8819 0.4714
f 613//461 615//461 616//461 614//461
vn 0.0000 0.7730 0.6344
f 615//462 617//462 618//462 616//462
vn 0.0000 0.6344 0.7730
f 617//463 619//463 620//463 618//463
vn 0.0000 0.4714 0.8819
f 619//464 621//464 622//464 620//464
vn 0.0000 0.2903 0.9569
f 621//465 623//465 624//465 622//465
vn 0.0000 0.0980 0.9952
f 623//466 561//466 562//466 624//466
vn -1.0000 0.0000 0.0000
f 625//467 563//467 561//467
vn 1.0000 0.0000 0.0000
f 626//468 562//468 564//468
vn -1.0000 0.0000 0.0000
f 625//469 565//469 563//469
vn 1.0000 0.0000 0.0000
f 626//470 564//470 566//470
vn -1.0000 -0.0000 0.0000
f 625//471 567//471 565//471
vn 1.0000 0.0000 0.0000
f 626//472 566//472 568//472
vn -1.0000 0.0000 0.0000
f 625//473 569//473 567//473
vn 1.0000 -0.0000 0.0000
f 626//474 568//474 570//474
vn -1.0000 0.0000 0.0000
f 625//475 571//475 569//475
vn 1.0000 0.0000 0.0000
f 626//476 570//476 572//476
vn -1.0000 -0.0000 0.0000
f 625//477 573//477 571//477
vn 1.0000 -0.0000 0.0000
f 626//478 572//478 574//478
vn -1.0000 0.0000 0.0000
f 625//479 575//479 573//479
vn 1.0000 0.0000 0.0000
f 626//480 574//480 576//480
vn -1.0000 0.0000 0.0000
f 625//481 577//481 575//481
vn 1.0000 0.0000 0.0000
f 626//482 576//482 578//482
vn -1.0000 0.0000 0.0000
f 625//483 579//483 577//483
vn 1.0000 0.0000 0.0000
f 626//484 578//484 580//484
vn -1.0000 0.0000 0.0000
f 625//485 581//485 579//485
vn 1.0000 0.0000 0.0000
f 626//486 580//486 582//486
vn -1.0000 0.0000 0.0000
f 625//487 583//487 581//487
vn 1.0000 -0.0000 0.0000
f 626//488 582//488 584//488
vn -1.0000 0.0000 0.0000
f 625//489 585//489 583//489
vn 1.0000 0.0000 0.0000
f 626//490 584//490 586//490
vn -1.0000 0.0000 0.0000
f 625//491 587//491 585//491
vn 1.0000 -0.0000 0.0000
f 626//492 586//492 588//492
vn -1.0000 0.0000 0.0000
f 625//493 589//493 587//493
vn 1.0000 0.0000 0.0000
f 626//494 588//494 590//494
vn -1.0000 0.0000 0.0000
f 625//495 591//495 589//495
vn 1.0000 0.0000 0.0000
f 626//496 590//496 592//496
vn -1.0000 0.0000 0.0000
f 625//497 593//497 591//497
vn 1.0000 0.0000 0.0000
f 626//498 592//498 594//498
vn -1.0000 -0.0000 0.0000
f 625//499 595//499 593//499
vn 1.0000 -0.0000 0.0000
f 626//500 594//500 596//500
vn -1.0000 0.0000 0.0000
f 625//501 597//501 595//501
vn 1.0000 0.0000 0.0000
f 626//502 596//502 598//502
vn -1.0000 0.0000 0.0000
f 625//503 599//503 597//503
vn 1.0000 -0.0000 0.0000
f 626//504 598//504 600//504
vn -1.0000 0.0000 0.0000
f 625//505 601//505 599//505
vn 1.0000 0.0000 0.0000
f 626//506 600//506 602//506
vn -1.0000 0.0000 0.0000
f 625//507 603//507 601//507
vn 1.0000 -0.0000 0.0000
f 626//508 602//508 604//508
vn -1.0000 0.0000 0.0000
f 625//509 605//509 603//509
vn 1.0000 0.0000 0.0000
f 626//510 604//510 606//510
vn -1.0000 0.0000 0.0000
f 625//511 607//511 605//511
vn 1.0000 0.0000 0.0000
f 626//512 606//512 608//512
vn -1.0000 0.0000 0.0000
f 625//513 609//513 607//513
vn 1.0000 0.0000 0.0000
f 626//514 608//514 610//514
vn -1.0000 0.0000 0.0000
f 625//515 611//515 609//515
vn 1.0000 0.0000 0.0000
f 626//516 610//516 612//516
vn -1.0000 0.0000 0.0000
f 625//517 613//517 611//517
vn 1.0000 0.0000 0.0000
f 626//518 612//518 614//518
vn -1.0000 0.0000 0.0000
f 625//519 615//519 613//519
vn 1.0000 0.0000 0.0000
f 626//520 614//520 616//520
vn -1.0000 0.0000 0.0000
f 625//521 617//521 615//521
vn 1.0000 0.0000 0.0000
f 626//522 616//522 618//522
vn -1.0000 -0.0000 0.0000
f 625//523 619//523 617//523
vn 1.0000 0.0000 0.0000
f 626//524 618//524 620//524
vn -1.0000 0.0000 0.0000
f 625//525 621//525 619//525
vn 1.0000 -0.0000 0.0000
f 626//526 620//526 622//526
vn -1.0000 0.0000 0.0000
f 625//527 623//527 621//527
vn 1.0000 0.0000 0.0000
f 626//528 622//528 624//528
vn -1.0000 -0.0000 0.0000
f 625//529 561//529 623//529
vn 1.0000 -0.0000 0.0000
f 626//530 624//530 562//530
vn 0.0000 -0.0980 0.9952
usemtl meter_glass
f 627//531 629//531 630//531 628//531
vn 0.0000 -0.2903 0.9569
f 629//532 631//532 632//532 630//532
vn 0.0000 -0.4714 0.8819
f 631//533 633//533 634//533 632//533
vn 0.0000 -0.6344 0.7730
f 633//534 635//534 636//534 634//534
vn 0.0000 -0.7730 0.6344
f 635//535 637//535 638//535 636//535
vn 0.0000 -0.8819 0.4714
f 637//536 639//536 640//536 638//536
vn 0.0000 -0.9569 0.2903
f 639//537 641//537 642//537 640//537
vn 0.0000 -0.9952 0.0980
f 641//538 643//538 644//538 642//538
vn 0.0000 -0.9952 -0.0980
f 643//539 645//539 646//539 644//539
vn 0.0000 -0.9569 -0.2903
f 645//540 647//540 648//540 646//540
vn 0.0000 -0.8819 -0.4714
f 647//541 649//541 650//541 648//541
vn 0.0000 -0.7730 -0.6344
f 649//542 651//542 652//542 650//542
vn 0.0000 -0.6344 -0.7730
f 651//543 653//543 654//543 652//543
vn 0.0000 -0.4714 -0.8819
f 653//544 655//544 656//544 654//544
vn 0.0000 -0.2903 -0.9569
f 655//545 657//545 658//545 656//545
vn 0.0000 -0.0980 -0.9952
f 657//546 659//546 660//546 658//546
vn 0.0000 0.0980 -0.9952
f 659//547 661//547 662//547 660//547
vn 0.0000 0.2903 -0.9569
f 661//548 663//548 664//548 662//548
vn 0.0000 0.4714 -0.8819
f 663//549 665//549 666//549 664//549
vn 0.0000 0.6344 -0.7730
f 665//550 667//550 668//550 666//550
vn 0.0000 0.7730 -0.6344
f 667//551 669//551 670//551 668//551
vn 0.0000 0.8819 -0.4714
f 669//552 671//552 672//552 670//552
vn 0.0000 0.9569 -0.2903
f 671//553 673//553 674//553 672//553
vn 0.0000 0.9952 -0.0980
f 673//554 675//554 676//554 674//554
vn 0.0000 0.9952 0.0980
f 675//555 677//555 678//555 676//555
vn 0.0000 0.9569 0.2903
f 677//556 679//556 680//556 678//556
vn 0.0000 0.8819 0.4714
f 679//557 681//557 682//557 680//557
vn 0.0000 0.7730 0.6344
f 681//558 683//558 684//558 682//558
vn 0.0000 0.6344 0.7730
f 683//559 685//559 686//559 684//559
vn 0.0000 0.4714 0.8819
f 685//560 687//560 688//560 686//560
vn 0.0000 0.2903 0.9569
f 687//561 689//561 690//561 688//561
vn 0.0000 0.0980 0.9952
f 689//562 627//562 628//562 690//562
vn -1.0000 0.0000 0.0000
f 691//563 629//563 627//563
vn 1.0000 0.0000 0.0000
f 692//564 628//564 630//564
vn -1.0000 0.0000 0.0000
f 691//565 631//565 629//565
vn 1.0000 0.0000 0.0000
f 692//566 630//566 632//566
vn -1.0000 0.0000 0.0000
f 691//567 633//567 631//567
vn 1.0000 0.0000 0.0000
f 692//568 632//568 634//568
vn -1.0000 0.0000 0.0000
f 691//569 635//569 633//569
vn 1.0000 0.0000 0.0000
f 692//570 634//570 636//570
vn -1.0000 0.0000 0.0000
f 691//571 637//571 635//571
vn 1.0000 0.0000 0.0000
f 692//572 636//572 638//572
vn -1.0000 0.0000 0.0000
f 691//573 639//573 637//573
vn 1.0000 0.0000 0.0000
f 692//574 638//574 640//574
vn -1.0000 -0.0000 0.0000
f 691//575 641//575 639//575
vn 1.0000 0.0000 0.0000
f 692//576 640//576 642//576
vn -1.0000 0.0000 0.0000
f 691//577 643//577 641//577
vn 1.0000 0.0000 0.0000
f 692//578 642//578 644//578
vn -1.0000 0.0000 0.0000
f 691//579 645//579 643//579
vn 1.0000 0.0000 0.0000
f 692//580 644//580 646//580
vn -1.0000 -0.0000 0.0000
f 691//581 647//581 645//581
vn 1.0000 0.0000 0.0000
f 692//582 646//582 648//582
vn -1.0000 0.0000 0.0000
f 691//583 649//583 647//583
vn 1.0000 0.0000 0.0000
f 692//584 648//584 650//584
vn -1.0000 0.0000 0.0000
f 691//585 651//585 649//585
vn 1.0000 0.0000 0.0000
f 692//586 650//586 652//586
vn -1.0000 -0.0000 0.0000
f 691//587 653//587 651//587
vn 1.0000 0.0000 0.0000
f 692//588 652//588 654//588
vn -1.0000 0.0000 0.0000
f 691//589 655//589 653//589
vn 1.0000 0.0000 0.0000
f 692//590 654//590 656//590
vn -1.0000 0.0000 0.0000
f 691//591 657//591 655//591
vn 1.0000 0.0000 0.0000
f 692//592 656//592 658//592
vn -1.0000 0.0000 0.0000
f 691//593 659//593 657//593
vn 1.0000 0.0000 0.0000
f 692//594 658//594 660//594
vn -1.0000 0.0000 0.0000
f 691//595 661//595 659//595
vn 1.0000 0.0000 0.0000
f 692//596 660//596 662//596
vn -1.0000 0.0000 0.0000
f 691//597 663//597 661//597
vn 1.0000 0.0000 0.0000
f 692//598 662//598 664//598
vn -1.0000 0.0000 0.0000
f 691//599 665//599 663//599
vn 1.0000 0.0000 0.0000
f 692//600 664//600 666//600
vn -1.0000 0.0000 0.0000
f 691//601 667//601 665//601
vn 1.0000 -0.0000 0.0000
f 692//602 666//602 668//602
vn -1.0000 0.0000 0.0000
f 691//603 669//603 667//603
vn 1.0000 0.0000 0.0000
f 692//604 668//604 670//604
vn -1.0000 0.0000 0.0000
f 691//605 671//605 669//605
vn 1.0000 0.0000 0.0000
f 692//606 670//606 672//606
vn -1.0000 0.0000 0.0000
f 691//607 673//607 671//607
vn 1.0000 0.0000 0.0000
f 692//608 672//608 674//608
vn -1.0000 0.0000 0.0000
f 691//609 675//609 673//609
vn 1.0000 0.0000 0.0000
f 692//610 674//610 676//610
vn -1.0000 0.0000 0.0000
f 691//611 677//611 675//611
vn 1.0000 0.0000 0.0000
f 692//612 676//612 678//612
vn -1.0000 0.0000 0.0000
f 691//613 679//613 677//613
vn 1.0000 0.0000 0.0000
f 692//614 678//614 680//614
vn -1.0000 -0.0000 0.0000
f 691//615 681//615 679//615
vn 1.0000 0.0000 0.0000
f 692//616 680//616 682//616
vn -1.0000 0.0000 0.0000
f 691//617 683//617 681//617
vn 1.0000 0.0000 0.0000
f 692//618 682//618 684//618
vn -1.0000 0.0000 0.0000
f 691//619 685//619 683//619
vn 1.0000 0.0000 0.0000
f 692//620 684//620 686//620
vn -1.0000 0.0000 0.0000
f 691//621 687//621 685//621
vn 1.0000 0.0000 0.0000
f 692//622 686//622 688//622
vn -1.0000 0.0000 0.0000
f 691//623 689//623 687//623
vn 1.0000 0.0000 0.0000
f 692//624 688//624 690//624
vn -1.0000 0.0000 0.0000
f 691//625 627//625 689//625
vn 1.0000 0.0000 0.0000
f 692//626 690//626 628//626
vn 0.0000 -0.0980 0.9952
usemtl meter_face
f 693//627 695//627 696//627 694//627
vn 0.0000 -0.2903 0.9569
f 695//628 697//628 698//628 696//628
vn 0.0000 -0.4714 0.8819
f 697//629 699//629 700//629 698//629
vn 0.0000 -0.6344 0.7730
f 699//630 701//630 702//630 700//630
vn 0.0000 -0.7730 0.6344
f 701//631 703//631 704//631 702//631
vn 0.0000 -0.8819 0.4714
f 703//632 705//632 706//632 704//632
vn 0.0000 -0.9569 0.2903
f 705//633 707//633 708//633 706//633
vn 0.0000 -0.9952 0.0980
f 707//634 709//634 710//634 708//634
vn 0.0000 -0.9952 -0.0980
f 709//635 711//635 712//635 710//635
vn 0.0000 -0.9569 -0.2903
f 711//636 713//636 714//636 712//636
vn 0.0000 -0.8819 -0.4714
f 713//637 715//637 716//637 714//637
vn 0.0000 -0.7730 -0.6344
f 715//638 717//638 718//638 716//638
vn 0.0000 -0.6344 -0.7730
f 717//639 719//639 720//639 718//639
vn 0.0000 -0.4714 -0.8819
f 719//640 721//640 722//640 720//640
vn 0.0000 -0.2903 -0.9569
f 721//641 723//641 724//641 722//641
vn 0.0000 -0.0980 -0.9952
f 723//642 725//642 726//642 724//642
vn 0.0000 0.0980 -0.9952
f 725//643 727//643 728//643 726//643
vn 0.0000 0.2903 -0.9569
f 727//644 729//644 730//644 728//644
vn 0.0000 0.4714 -0.8819
f 729//645 731//645 732//645 730//645
vn 0.0000 0.6344 -0.7730
f 731//646 733//646 734//646 732//646
vn 0.0000 0.7730 -0.6344
f 733//647 735//647 736//647 734//647
vn 0.0000 0.8819 -0.4714
f 735//648 737//648 738//648 736//648
vn 0.0000 0.9569 -0.2903
f 737//649 739//649 740//649 738//649
vn 0.0000 0.9952 -0.0980
f 739//650 741//650 742//650 740//650
vn 0.0000 0.9952 0.0980
f 741//651 743//651 744//651 742//651
vn 0.0000 0.9569 0.2903
f 743//652 745//652 746//652 744//652
vn 0.0000 0.8819 0.4714
f 745//653 747//653 748//653 746//653
vn 0.0000 0.7730 0.6344
f 747//654 749//654 750//654 748//654
vn 0.0000 0.6344 0.7730
f 749//655 751//655 752//655 750//655
vn 0.0000 0.4714 0.8819
f 751//656 753//656 754//656 752//656
vn 0.0000 0.2903 0.9569
f 753//657 755//657 756//657 754//657
vn 0.0000 0.0980 0.9952
f 755//658 693//658 694//658 756//658
vn -1.0000 0.0000 0.0000
f 757//659 695//659 693//659
vn 1.0000 -0.0000 0.0000
f 758//660 694//660 696//660
vn -1.0000 0.0000 0.0000
f 757//661 697//661 695//661
vn 1.0000 0.0000 0.0000
f 758//662 696//662 698//662
vn -1.0000 0.0000 0.0000
f 757//663 699//663 697//663
vn 1.0000 0.0000 0.0000
f 758//664 698//664 700//664
vn -1.0000 0.0000 0.0000
f 757//665 701//665 699//665
vn 1.0000 0.0000 0.0000
f 758//666 700//666 702//666
vn -1.0000 -0.0000 0.0000
f 757//667 703//667 701//667
vn 1.0000 0.0000 0.0000
f 758//668 702//668 704//668
vn -1.0000 0.0000 0.0000
f 757//669 705//669 703//669
vn 1.0000 0.0000 0.0000
f 758//670 704//670 706//670
vn -1.0000 0.0000 0.0000
f 757//671 707//671 705//671
vn 1.0000 0.0000 0.0000
f 758//672 706//672 708//672
vn -1.0000 0.0000 0.0000
f 757//673 709//673 707//673
vn 1.0000 0.0000 0.0000
f 758//674 708//674 710//674
vn -1.0000 0.0000 0.0000
f 757//675 711//675 709//675
vn 1.0000 0.0000 0.0000
f 758//676 710//676 712//676
vn -1.0000 0.0000 0.0000
f 757//677 713//677 711//677
vn 1.0000 0.0000 0.0000
f 758//678 712//678 714//678
vn -1.0000 0.0000 0.0000
f 757//679 715//679 713//679
vn 1.0000 0.0000 0.0000
f 758//680 714//680 716//680
vn -1.0000 0.0000 0.0000
f 757//681 717//681 715//681
vn 1.0000 0.0000 0.0000
f 758//682 716//682 718//682
vn -1.0000 0.0000 0.0000
f 757//683 719//683 717//683
vn 1.0000 0.0000 0.0000
f 758//684 718//684 720//684
vn -1.0000 0.0000 0.0000
f 757//685 721//685 719//685
vn 1.0000 0.0000 0.0000
f 758//686 720//686 722//686
vn -1.0000 0.0000 0.0000
f 757//687 723//687 721//687
vn 1.0000 0.0000 0.0000
f 758//688 722//688 724//688
vn -1.0000 0.0000 0.0000
f 757//689 725//689 723//689
vn 1.0000 0.0000 0.0000
f 758//690 724//690 726//690
vn -1.0000 0.0000 0.0000
f 757//691 727//691 725//691
vn 1.0000 0.0000 0.0000
f 758//692 726//692 728//692
vn -1.0000 0.0000 0.0000
f 757//693 729//693 727//693
vn 1.0000 0.0000 0.0000
f 758//694 728//694 730//694
vn -1.0000 0.0000 0.0000
f 757//695 731//695 729//695
vn 1.0000 0.0000 0.0000
f 758//696 730//696 732//696
vn -1.0000 0.0000 0.0000
f 757//697 733//697 731//697
vn 1.0000 0.0000 0.0000
f 758//698 732//698 734//698
vn -1.0000 0.0000 0.0000
f 757//699 735//699 733//699
vn 1.0000 0.0000 0.0000
f 758//700 734//700 736//700
vn -1.0000 0.0000 0.0000
f 757//701 737//701 735//701
vn 1.0000 0.0000 0.0000
f 758//702 736//702 738//702
vn -1.0000 0.0000 0.0000
f 757//703 739//703 737//703
vn 1.0000 0.0000 0.0000
f 758//704 738//704 740//704
vn -1.0000 0.0000 0.0000
f 757//705 741//705 739//705
vn 1.0000 0.0000 0.0000
f 758//706 740//706 742//706
vn -1.0000 0.0000 0.0000
f 757//707 743//707 741//707
vn 1.0000 0.0000 0.0000
f 758//708 742//708 744//708
vn -1.0000 -0.0000 0.0000
f 757//709 745//709 743//709
vn 1.0000 0.0000 0.0000
f 758//710 744//710 746//710
vn -1.0000 0.0000 0.0000
f 757//711 747//711 745//711
vn 1.0000 0.0000 0.0000
f 758//712 746//712 748//712
vn -1.0000 0.0000 0.0000
f 757//713 749//713 747//713
vn 1.0000 0.0000 0.0000
f 758//714 748//714 750//714
vn -1.0000 0.0000 0.0000
f 757//715 751//715 749//715
vn 1.0000 0.0000 0.0000
f 758//716 750//716 752//716
vn -1.0000 0.0000 0.0000
f 757//717 753//717 751//717
vn 1.0000 0.0000 0.0000
f 758//718 752//718 754//718
vn -1.0000 0.0000 0.0000
f 757//719 755//719 753//719
vn 1.0000 -0.0000 0.0000
f 758//720 754//720 756//720
vn -1.0000 0.0000 0.0000
f 757//721 693//721 755//721
vn 1.0000 0.0000 0.0000
f 758//722 756//722 694//722
vn -1.0000 0.0000 0.0000
usemtl meter_lcd
f 759//723 762//723 761//723 760//723
vn 1.0000 0.0000 0.0000
f 763//724 764//724 765//724 766//724
vn 0.0000 0.0000 1.0000
f 759//725 763//725 766//725 762//725
vn 0.0000 0.0000 -1.0000
f 760//726 761//726 765//726 764//726
vn 0.0000 1.0000 0.0000
f 762//727 766//727 765//727 761//727
vn 0.0000 -1.0000 0.0000
f 759//728 760//728 764//728 763//728
vn -1.0000 0.0000 0.0000
usemtl galvanized
f 767//729 770//729 769//729 768//729
vn 1.0000 0.0000 0.0000
f 771//730 772//730 773//730 774//730
vn 0.0000 0.0000 1.0000
f 767//731 771//731 774//731 770//731
vn 0.0000 0.0000 -1.0000
f 768//732 769//732 773//732 772//732
vn 0.0000 1.0000 0.0000
f 770//733 774//733 773//733 769//733
vn 0.0000 -1.0000 0.0000
f 767//734 768//734 772//734 771//734
o service_disconnect
v 7.0000 1.2000 1.3817
v 7.0000 1.2000 1.0817
v 7.0000 1.7000 1.0817
v 7.0000 1.7000 1.3817
v 7.1400 1.2000 1.3817
v 7.1400 1.2000 1.0817
v 7.1400 1.7000 1.0817
v 7.1400 1.7000 1.3817
v 7.0450 1.4100 1.0767
v 7.0450 1.4100 1.0467
v 7.0450 1.5500 1.0467
v 7.0450 1.5500 1.0767
v 7.0950 1.4100 1.0767
v 7.0950 1.4100 1.0467
v 7.0950 1.5500 1.0467
v 7.0950 1.5500 1.0767
v 7.1405 1.5950 1.2717
v 7.1405 1.5950 1.1917
v 7.1405 1.6450 1.1917
v 7.1405 1.6450 1.2717
v 7.1435 1.5950 1.2717
v 7.1435 1.5950 1.1917
v 7.1435 1.6450 1.1917
v 7.1435 1.6450 1.2717
vn -1.0000 0.0000 0.0000
usemtl disconnect_gray
f 775//735 778//735 777//735 776//735
vn 1.0000 0.0000 0.0000
f 779//736 780//736 781//736 782//736
vn 0.0000 0.0000 1.0000
f 775//737 779//737 782//737 778//737
vn 0.0000 0.0000 -1.0000
f 776//738 777//738 781//738 780//738
vn 0.0000 1.0000 0.0000
f 778//739 782//739 781//739 777//739
vn 0.0000 -1.0000 0.0000
f 775//740 776//740 780//740 779//740
vn -1.0000 0.0000 0.0000
usemtl handle_black
f 783//741 786//741 785//741 784//741
vn 1.0000 0.0000 0.0000
f 787//742 788//742 789//742 790//742
vn 0.0000 0.0000 1.0000
f 783//743 787//743 790//743 786//743
vn 0.0000 0.0000 -1.0000
f 784//744 785//744 789//744 788//744
vn 0.0000 1.0000 0.0000
f 786//745 790//745 789//745 785//745
vn 0.0000 -1.0000 0.0000
f 783//746 784//746 788//746 787//746
vn -1.0000 0.0000 0.0000
usemtl placard_red
f 791//747 794//747 793//747 792//747
vn 1.0000 0.0000 0.0000
f 795//748 796//748 797//748 798//748
vn 0.0000 0.0000 1.0000
f 791//749 795//749 798//749 794//749
vn 0.0000 0.0000 -1.0000
f 792//750 793//750 797//750 796//750
vn 0.0000 1.0000 0.0000
f 794//751 798//751 797//751 793//751
vn 0.0000 -1.0000 0.0000
f 791//752 792//752 796//752 795//752
o main_panel_1
v 7.0000 0.7500 0.8617
v 7.0000 0.7500 0.4017
v 7.0000 1.8500 0.4017
v 7.0000 1.8500 0.8617
v 7.1400 0.7500 0.8617
v 7.1400 0.7500 0.4017
v 7.1400 1.8500 0.4017
v 7.1400 1.8500 0.8617
v 6.9950 1.8500 0.8767
v 6.9950 1.8500 0.3867
v 6.9950 1.8800 0.3867
v 6.9950 1.8800 0.8767
v 7.1650 1.8500 0.8767
v 7.1650 1.8500 0.3867
v 7.1650 1.8800 0.3867
v 7.1650 1.8800 0.8767
v 7.1400 1.2980 0.8467
v 7.1400 1.2980 0.4167
v 7.1400 1.3020 0.4167
v 7.1400 1.3020 0.8467
v 7.1440 1.2980 0.8467
v 7.1440 1.2980 0.4167
v 7.1440 1.3020 0.4167
v 7.1440 1.3020 0.8467
v 7.1400 0.7700 0.8517
v 7.1400 0.7700 0.8477
v 7.1400 1.8300 0.8477
v 7.1400 1.8300 0.8517
v 7.1440 0.7700 0.8517
v 7.1440 0.7700 0.8477
v 7.1440 1.8300 0.8477
v 7.1440 1.8300 0.8517
v 7.1400 0.7700 0.4157
v 7.1400 0.7700 0.4117
v 7.1400 1.8300 0.4117
v 7.1400 1.8300 0.4157
v 7.1440 0.7700 0.4157
v 7.1440 0.7700 0.4117
v 7.1440 1.8300 0.4117
v 7.1440 1.8300 0.4157
v 7.1410 1.6280 0.6667
v 7.1410 1.6280 0.5967
v 7.1410 1.6980 0.5967
v 7.1410 1.6980 0.6667
v 7.1470 1.6280 0.6667
v 7.1470 1.6280 0.5967
v 7.1470 1.6980 0.5967
v 7.1470 1.6980 0.6667
v 7.1400 1.4570 0.7417
v 7.1400 1.4570 0.6617
v 7.1400 1.4950 0.6617
v 7.1400 1.4950 0.7417
v 7.1480 1.4570 0.7417
v 7.1480 1.4570 0.6617
v 7.1480 1.4950 0.6617
v 7.1480 1.4950 0.7417
v 7.1400 1.4120 0.7417
v 7.1400 1.4120 0.6617
v 7.1400 1.4500 0.6617
v 7.1400 1.4500 0.7417
v 7.1480 1.4120 0.7417
v 7.1480 1.4120 0.6617
v 7.1480 1.4500 0.6617
v 7.1480 1.4500 0.7417
v 7.1400 1.3670 0.7417
v 7.1400 1.3670 0.6617
v 7.1400 1.4050 0.6617
v 7.1400 1.4050 0.7417
v 7.1480 1.3670 0.7417
v 7.1480 1.3670 0.6617
v 7.1480 1.4050 0.6617
v 7.1480 1.4050 0.7417
v 7.1400 1.3220 0.7417
v 7.1400 1.3220 0.6617
v 7.1400 1.3600 0.6617
v 7.1400 1.3600 0.7417
v 7.1480 1.3220 0.7417
v 7.1480 1.3220 0.6617
v 7.1480 1.3600 0.6617
v 7.1480 1.3600 0.7417
v 7.1400 1.2770 0.7417
v 7.1400 1.2770 0.6617
v 7.1400 1.3150 0.6617
v 7.1400 1.3150 0.7417
v 7.1480 1.2770 0.7417
v 7.1480 1.2770 0.6617
v 7.1480 1.3150 0.6617
v 7.1480 1.3150 0.7417
v 7.1400 1.2320 0.7417
v 7.1400 1.2320 0.6617
v 7.1400 1.2700 0.6617
v 7.1400 1.2700 0.7417
v 7.1480 1.2320 0.7417
v 7.1480 1.2320 0.6617
v 7.1480 1.2700 0.6617
v 7.1480 1.2700 0.7417
v 7.1400 1.1870 0.7417
v 7.1400 1.1870 0.6617
v 7.1400 1.2250 0.6617
v 7.1400 1.2250 0.7417
v 7.1480 1.1870 0.7417
v 7.1480 1.1870 0.6617
v 7.1480 1.2250 0.6617
v 7.1480 1.2250 0.7417
v 7.1400 1.1420 0.7417
v 7.1400 1.1420 0.6617
v 7.1400 1.1800 0.6617
v 7.1400 1.1800 0.7417
v 7.1480 1.1420 0.7417
v 7.1480 1.1420 0.6617
v 7.1480 1.1800 0.6617
v 7.1480 1.1800 0.7417
v 7.1400 1.0970 0.7417
v 7.1400 1.0970 0.6617
v 7.1400 1.1350 0.6617
v 7.1400 1.1350 0.7417
v 7.1480 1.0970 0.7417
v 7.1480 1.0970 0.6617
v 7.1480 1.1350 0.6617
v 7.1480 1.1350 0.7417
v 7.1400 1.0520 0.7417
v 7.1400 1.0520 0.6617
v 7.1400 1.0900 0.6617
v 7.1400 1.0900 0.7417
v 7.1480 1.0520 0.7417
v 7.1480 1.0520 0.6617
v 7.1480 1.0900 0.6617
v 7.1480 1.0900 0.7417
v 7.1400 1.0070 0.7417
v 7.1400 1.0070 0.6617
v 7.1400 1.0450 0.6617
v 7.1400 1.0450 0.7417
v 7.1480 1.0070 0.7417
v 7.1480 1.0070 0.6617
v 7.1480 1.0450 0.6617
v 7.1480 1.0450 0.7417
v 7.1400 0.9620 0.7417
v 7.1400 0.9620 0.6617
v 7.1400 1.0000 0.6617
v 7.1400 1.0000 0.7417
v 7.1480 0.9620 0.7417
v 7.1480 0.9620 0.6617
v 7.1480 1.0000 0.6617
v 7.1480 1.0000 0.7417
v 7.1400 1.4570 0.6017
v 7.1400 1.4570 0.5217
v 7.1400 1.4950 0.5217
v 7.1400 1.4950 0.6017
v 7.1480 1.4570 0.6017
v 7.1480 1.4570 0.5217
v 7.1480 1.4950 0.5217
v 7.1480 1.4950 0.6017
v 7.1400 1.4120 0.6017
v 7.1400 1.4120 0.5217
v 7.1400 1.4500 0.5217
v 7.1400 1.4500 0.6017
v 7.1480 1.4120 0.6017
v 7.1480 1.4120 0.5217
v 7.1480 1.4500 0.5217
v 7.1480 1.4500 0.6017
v 7.1400 1.3670 0.6017
v 7.1400 1.3670 0.5217
v 7.1400 1.4050 0.5217
v 7.1400 1.4050 0.6017
v 7.1480 1.3670 0.6017
v 7.1480 1.3670 0.5217
v 7.1480 1.4050 0.5217
v 7.1480 1.4050 0.6017
v 7.1400 1.3220 0.6017
v 7.1400 1.3220 0.5217
v 7.1400 1.3600 0.5217
v 7.1400 1.3600 0.6017
v 7.1480 1.3220 0.6017
v 7.1480 1.3220 0.5217
v 7.1480 1.3600 0.5217
v 7.1480 1.3600 0.6017
v 7.1400 1.2770 0.6017
v 7.1400 1.2770 0.5217
v 7.1400 1.3150 0.5217
v 7.1400 1.3150 0.6017
v 7.1480 1.2770 0.6017
v 7.1480 1.2770 0.5217
v 7.1480 1.3150 0.5217
v 7.1480 1.3150 0.6017
v 7.1400 1.2320 0.6017
v 7.1400 1.2320 0.5217
v 7.1400 1.2700 0.5217
v 7.1400 1.2700 0.6017
v 7.1480 1.2320 0.6017
v 7.1480 1.2320 0.5217
v 7.1480 1.2700 0.5217
v 7.1480 1.2700 0.6017
v 7.1400 1.1870 0.6017
v 7.1400 1.1870 0.5217
v 7.1400 1.2250 0.5217
v 7.1400 1.2250 0.6017
v 7.1480 1.1870 0.6017
v 7.1480 1.1870 0.5217
v 7.1480 1.2250 0.5217
v 7.1480 1.2250 0.6017
v 7.1400 1.1420 0.6017
v 7.1400 1.1420 0.5217
v 7.1400 1.1800 0.5217
v 7.1400 1.1800 0.6017
v 7.1480 1.1420 0.6017
v 7.1480 1.1420 0.5217
v 7.1480 1.1800 0.5217
v 7.1480 1.1800 0.6017
v 7.1400 1.0970 0.6017
v 7.1400 1.0970 0.5217
v 7.1400 1.1350 0.5217
v 7.1400 1.1350 0.6017
v 7.1480 1.0970 0.6017
v 7.1480 1.0970 0.5217
v 7.1480 1.1350 0.5217
v 7.1480 1.1350 0.6017
v 7.1400 1.0520 0.6017
v 7.1400 1.0520 0.5217
v 7.1400 1.0900 0.5217
v 7.1400 1.0900 0.6017
v 7.1480 1.0520 0.6017
v 7.1480 1.0520 0.5217
v 7.1480 1.0900 0.5217
v 7.1480 1.0900 0.6017
v 7.1400 1.0070 0.6017
v 7.1400 1.0070 0.5217
v 7.1400 1.0450 0.5217
v 7.1400 1.0450 0.6017
v 7.1480 1.0070 0.6017
v 7.1480 1.0070 0.5217
v 7.1480 1.0450 0.5217
v 7.1480 1.0450 0.6017
v 7.1400 0.9620 0.6017
v 7.1400 0.9620 0.5217
v 7.1400 1.0000 0.5217
v 7.1400 1.0000 0.6017
v 7.1480 0.9620 0.6017
v 7.1480 0.9620 0.5217
v 7.1480 1.0000 0.5217
v 7.1480 1.0000 0.6017
v 7.0100 0.7500 0.8517
v 7.0100 0.7500 0.4117
v 7.0100 0.7900 0.4117
v 7.0100 0.7900 0.8517
v 7.1300 0.7500 0.8517
v 7.1300 0.7500 0.4117
v 7.1300 0.7900 0.4117
v 7.1300 0.7900 0.8517
vn -1.0000 0.0000 0.0000
usemtl panel_paint
f 799//753 802//753 801//753 800//753
vn 1.0000 0.0000 0.0000
f 803//754 804//754 805//754 806//754
vn 0.0000 0.0000 1.0000
f 799//755 803//755 806//755 802//755
vn 0.0000 0.0000 -1.0000
f 800//756 801//756 805//756 804//756
vn 0.0000 1.0000 0.0000
f 802//757 806//757 805//757 801//757
vn 0.0000 -1.0000 0.0000
f 799//758 800//758 804//758 803//758
vn -1.0000 0.0000 0.0000
f 807//759 810//759 809//759 808//759
vn 1.0000 0.0000 0.0000
f 811//760 812//760 813//760 814//760
vn 0.0000 0.0000 1.0000
f 807//761 811//761 814//761 810//761
vn 0.0000 0.0000 -1.0000
f 808//762 809//762 813//762 812//762
vn 0.0000 1.0000 0.0000
f 810//763 814//763 813//763 809//763
vn 0.0000 -1.0000 0.0000
f 807//764 808//764 812//764 811//764
vn -1.0000 0.0000 0.0000
usemtl panel_seam
f 815//765 818//765 817//765 816//765
vn 1.0000 0.0000 0.0000
f 819//766 820//766 821//766 822//766
vn 0.0000 0.0000 1.0000
f 815//767 819//767 822//767 818//767
vn 0.0000 0.0000 -1.0000
f 816//768 817//768 821//768 820//768
vn 0.0000 1.0000 0.0000
f 818//769 822//769 821//769 817//769
vn 0.0000 -1.0000 0.0000
f 815//770 816//770 820//770 819//770
vn -1.0000 0.0000 0.0000
f 823//771 826//771 825//771 824//771
vn 1.0000 0.0000 0.0000
f 827//772 828//772 829//772 830//772
vn 0.0000 0.0000 1.0000
f 823//773 827//773 830//773 826//773
vn 0.0000 0.0000 -1.0000
f 824//774 825//774 829//774 828//774
vn 0.0000 1.0000 0.0000
f 826//775 830//775 829//775 825//775
vn 0.0000 -1.0000 0.0000
f 823//776 824//776 828//776 827//776
vn -1.0000 0.0000 0.0000
f 831//777 834//777 833//777 832//777
vn 1.0000 0.0000 0.0000
f 835//778 836//778 837//778 838//778
vn 0.0000 0.0000 1.0000
f 831//779 835//779 838//779 834//779
vn 0.0000 0.0000 -1.0000
f 832//780 833//780 837//780 836//780
vn 0.0000 1.0000 0.0000
f 834//781 838//781 837//781 833//781
vn 0.0000 -1.0000 0.0000
f 831//782 832//782 836//782 835//782
vn -1.0000 0.0000 0.0000
usemtl breaker_white
f 839//783 842//783 841//783 840//783
vn 1.0000 0.0000 0.0000
f 843//784 844//784 845//784 846//784
vn 0.0000 0.0000 1.0000
f 839//785 843//785 846//785 842//785
vn 0.0000 0.0000 -1.0000
f 840//786 841//786 845//786 844//786
vn 0.0000 1.0000 0.0000
f 842//787 846//787 845//787 841//787
vn 0.0000 -1.0000 0.0000
f 839//788 840//788 844//788 843//788
vn -1.0000 0.0000 0.0000
f 847//789 850//789 849//789 848//789
vn 1.0000 0.0000 0.0000
f 851//790 852//790 853//790 854//790
vn 0.0000 0.0000 1.0000
f 847//791 851//791 854//791 850//791
vn 0.0000 0.0000 -1.0000
f 848//792 849//792 853//792 852//792
vn 0.0000 1.0000 0.0000
f 850//793 854//793 853//793 849//793
vn 0.0000 -1.0000 0.0000
f 847//794 848//794 852//794 851//794
vn -1.0000 0.0000 0.0000
f 855//795 858//795 857//795 856//795
vn 1.0000 0.0000 0.0000
f 859//796 860//796 861//796 862//796
vn 0.0000 0.0000 1.0000
f 855//797 859//797 862//797 858//797
vn 0.0000 0.0000 -1.0000
f 856//798 857//798 861//798 860//798
vn 0.0000 1.0000 0.0000
f 858//799 862//799 861//799 857//799
vn 0.0000 -1.0000 0.0000
f 855//800 856//800 860//800 859//800
vn -1.0000 0.0000 0.0000
f 863//801 866//801 865//801 864//801
vn 1.0000 0.0000 0.0000
f 867//802 868//802 869//802 870//802
vn 0.0000 0.0000 1.0000
f 863//803 867//803 870//803 866//803
vn 0.0000 0.0000 -1.0000
f 864//804 865//804 869//804 868//804
vn 0.0000 1.0000 0.0000
f 866//805 870//805 869//805 865//805
vn 0.0000 -1.0000 0.0000
f 863//806 864//806 868//806 867//806
vn -1.0000 0.0000 0.0000
f 871//807 874//807 873//807 872//807
vn 1.0000 0.0000 0.0000
f 875//808 876//808 877//808 878//808
vn 0.0000 0.0000 1.0000
f 871//809 875//809 878//809 874//809
vn 0.0000 0.0000 -1.0000
f 872//810 873//810 877//810 876//810
vn 0.0000 1.0000 0.0000
f 874//811 878//811 877//811 873//811
vn 0.0000 -1.0000 0.0000
f 871//812 872//812 876//812 875//812
vn -1.0000 0.0000 0.0000
usemtl breaker_slot
f 879//813 882//813 881//813 880//813
vn 1.0000 0.0000 0.0000
f 883//814 884//814 885//814 886//814
vn 0.0000 0.0000 1.0000
f 879//815 883//815 886//815 882//815
vn 0.0000 0.0000 -1.0000
f 880//816 881//816 885//816 884//816
vn 0.0000 1.0000 0.0000
f 882//817 886//817 885//817 881//817
vn 0.0000 -1.0000 0.0000
f 879//818 880//818 884//818 883//818
vn -1.0000 0.0000 0.0000
f 887//819 890//819 889//819 888//819
vn 1.0000 0.0000 0.0000
f 891//820 892//820 893//820 894//820
vn 0.0000 0.0000 1.0000
f 887//821 891//821 894//821 890//821
vn 0.0000 0.0000 -1.0000
f 888//822 889//822 893//822 892//822
vn 0.0000 1.0000 0.0000
f 890//823 894//823 893//823 889//823
vn 0.0000 -1.0000 0.0000
f 887//824 888//824 892//824 891//824
vn -1.0000 0.0000 0.0000
f 895//825 898//825 897//825 896//825
vn 1.0000 0.0000 0.0000
f 899//826 900//826 901//826 902//826
vn 0.0000 0.0000 1.0000
f 895//827 899//827 902//827 898//827
vn 0.0000 0.0000 -1.0000
f 896//828 897//828 901//828 900//828
vn 0.0000 1.0000 0.0000
f 898//829 902//829 901//829 897//829
vn 0.0000 -1.0000 0.0000
f 895//830 896//830 900//830 899//830
vn -1.0000 0.0000 0.0000
f 903//831 906//831 905//831 904//831
vn 1.0000 0.0000 0.0000
f 907//832 908//832 909//832 910//832
vn 0.0000 0.0000 1.0000
f 903//833 907//833 910//833 906//833
vn 0.0000 0.0000 -1.0000
f 904//834 905//834 909//834 908//834
vn 0.0000 1.0000 0.0000
f 906//835 910//835 909//835 905//835
vn 0.0000 -1.0000 0.0000
f 903//836 904//836 908//836 907//836
vn -1.0000 0.0000 0.0000
f 911//837 914//837 913//837 912//837
vn 1.0000 0.0000 0.0000
f 915//838 916//838 917//838 918//838
vn 0.0000 0.0000 1.0000
f 911//839 915//839 918//839 914//839
vn 0.0000 0.0000 -1.0000
f 912//840 913//840 917//840 916//840
vn 0.0000 1.0000 0.0000
f 914//841 918//841 917//841 913//841
vn 0.0000 -1.0000 0.0000
f 911//842 912//842 916//842 915//842
vn -1.0000 0.0000 0.0000
f 919//843 922//843 921//843 920//843
vn 1.0000 0.0000 0.0000
f 923//844 924//844 925//844 926//844
vn 0.0000 0.0000 1.0000
f 919//845 923//845 926//845 922//845
vn 0.0000 0.0000 -1.0000
f 920//846 921//846 925//846 924//846
vn 0.0000 1.0000 0.0000
f 922//847 926//847 925//847 921//847
vn 0.0000 -1.0000 0.0000
f 919//848 920//848 924//848 923//848
vn -1.0000 0.0000 0.0000
f 927//849 930//849 929//849 928//849
vn 1.0000 0.0000 0.0000
f 931//850 932//850 933//850 934//850
vn 0.0000 0.0000 1.0000
f 927//851 931//851 934//851 930//851
vn 0.0000 0.0000 -1.0000
f 928//852 929//852 933//852 932//852
vn 0.0000 1.0000 0.0000
f 930//853 934//853 933//853 929//853
vn 0.0000 -1.0000 0.0000
f 927//854 928//854 932//854 931//854
vn -1.0000 0.0000 0.0000
f 935//855 938//855 937//855 936//855
vn 1.0000 0.0000 0.0000
f 939//856 940//856 941//856 942//856
vn 0.0000 0.0000 1.0000
f 935//857 939//857 942//857 938//857
vn 0.0000 0.0000 -1.0000
f 936//858 937//858 941//858 940//858
vn 0.0000 1.0000 0.0000
f 938//859 942//859 941//859 937//859
vn 0.0000 -1.0000 0.0000
f 935//860 936//860 940//860 939//860
vn -1.0000 0.0000 0.0000
usemtl breaker_white
f 943//861 946//861 945//861 944//861
vn 1.0000 0.0000 0.0000
f 947//862 948//862 949//862 950//862
vn 0.0000 0.0000 1.0000
f 943//863 947//863 950//863 946//863
vn 0.0000 0.0000 -1.0000
f 944//864 945//864 949//864 948//864
vn 0.0000 1.0000 0.0000
f 946//865 950//865 949//865 945//865
vn 0.0000 -1.0000 0.0000
f 943//866 944//866 948//866 947//866
vn -1.0000 0.0000 0.0000
f 951//867 954//867 953//867 952//867
vn 1.0000 0.0000 0.0000
f 955//868 956//868 957//868 958//868
vn 0.0000 0.0000 1.0000
f 951//869 955//869 958//869 954//869
vn 0.0000 0.0000 -1.0000
f 952//870 953//870 957//870 956//870
vn 0.0000 1.0000 0.0000
f 954//871 958//871 957//871 953//871
vn 0.0000 -1.0000 0.0000
f 951//872 952//872 956//872 955//872
vn -1.0000 0.0000 0.0000
f 959//873 962//873 961//873 960//873
vn 1.0000 0.0000 0.0000
f 963//874 964//874 965//874 966//874
vn 0.0000 0.0000 1.0000
f 959//875 963//875 966//875 962//875
vn 0.0000 0.0000 -1.0000
f 960//876 961//876 965//876 964//876
vn 0.0000 1.0000 0.0000
f 962//877 966//877 965//877 961//877
vn 0.0000 -1.0000 0.0000
f 959//878 960//878 964//878 963//878
vn -1.0000 0.0000 0.0000
f 967//879 970//879 969//879 968//879
vn 1.0000 0.0000 0.0000
f 971//880 972//880 973//880 974//880
vn 0.0000 0.0000 1.0000
f 967//881 971//881 974//881 970//881
vn 0.0000 0.0000 -1.0000
f 968//882 969//882 973//882 972//882
vn 0.0000 1.0000 0.0000
f 970//883 974//883 973//883 969//883
vn 0.0000 -1.0000 0.0000
f 967//884 968//884 972//884 971//884
vn -1.0000 0.0000 0.0000
f 975//885 978//885 977//885 976//885
vn 1.0000 0.0000 0.0000
f 979//886 980//886 981//886 982//886
vn 0.0000 0.0000 1.0000
f 975//887 979//887 982//887 978//887
vn 0.0000 0.0000 -1.0000
f 976//888 977//888 981//888 980//888
vn 0.0000 1.0000 0.0000
f 978//889 982//889 981//889 977//889
vn 0.0000 -1.0000 0.0000
f 975//890 976//890 980//890 979//890
vn -1.0000 0.0000 0.0000
f 983//891 986//891 985//891 984//891
vn 1.0000 0.0000 0.0000
f 987//892 988//892 989//892 990//892
vn 0.0000 0.0000 1.0000
f 983//893 987//893 990//893 986//893
vn 0.0000 0.0000 -1.0000
f 984//894 985//894 989//894 988//894
vn 0.0000 1.0000 0.0000
f 986//895 990//895 989//895 985//895
vn 0.0000 -1.0000 0.0000
f 983//896 984//896 988//896 987//896
vn -1.0000 0.0000 0.0000
f 991//897 994//897 993//897 992//897
vn 1.0000 0.0000 0.0000
f 995//898 996//898 997//898 998//898
vn 0.0000 0.0000 1.0000
f 991//899 995//899 998//899 994//899
vn 0.0000 0.0000 -1.0000
f 992//900 993//900 997//900 996//900
vn 0.0000 1.0000 0.0000
f 994//901 998//901 997//901 993//901
vn 0.0000 -1.0000 0.0000
f 991//902 992//902 996//902 995//902
vn -1.0000 0.0000 0.0000
usemtl breaker_slot
f 999//903 1002//903 1001//903 1000//903
vn 1.0000 0.0000 0.0000
f 1003//904 1004//904 1005//904 1006//904
vn 0.0000 0.0000 1.0000
f 999//905 1003//905 1006//905 1002//905
vn 0.0000 0.0000 -1.0000
f 1000//906 1001//906 1005//906 1004//906
vn 0.0000 1.0000 0.0000
f 1002//907 1006//907 1005//907 1001//907
vn 0.0000 -1.0000 0.0000
f 999//908 1000//908 1004//908 1003//908
vn -1.0000 0.0000 0.0000
f 1007//909 1010//909 1009//909 1008//909
vn 1.0000 0.0000 0.0000
f 1011//910 1012//910 1013//910 1014//910
vn 0.0000 0.0000 1.0000
f 1007//911 1011//911 1014//911 1010//911
vn 0.0000 0.0000 -1.0000
f 1008//912 1009//912 1013//912 1012//912
vn 0.0000 1.0000 0.0000
f 1010//913 1014//913 1013//913 1009//913
vn 0.0000 -1.0000 0.0000
f 1007//914 1008//914 1012//914 1011//914
vn -1.0000 0.0000 0.0000
f 1015//915 1018//915 1017//915 1016//915
vn 1.0000 0.0000 0.0000
f 1019//916 1020//916 1021//916 1022//916
vn 0.0000 0.0000 1.0000
f 1015//917 1019//917 1022//917 1018//917
vn 0.0000 0.0000 -1.0000
f 1016//918 1017//918 1021//918 1020//918
vn 0.0000 1.0000 0.0000
f 1018//919 1022//919 1021//919 1017//919
vn 0.0000 -1.0000 0.0000
f 1015//920 1016//920 1020//920 1019//920
vn -1.0000 0.0000 0.0000
f 1023//921 1026//921 1025//921 1024//921
vn 1.0000 0.0000 0.0000
f 1027//922 1028//922 1029//922 1030//922
vn 0.0000 0.0000 1.0000
f 1023//923 1027//923 1030//923 1026//923
vn 0.0000 0.0000 -1.0000
f 1024//924 1025//924 1029//924 1028//924
vn 0.0000 1.0000 0.0000
f 1026//925 1030//925 1029//925 1025//925
vn 0.0000 -1.0000 0.0000
f 1023//926 1024//926 1028//926 1027//926
vn -1.0000 0.0000 0.0000
f 1031//927 1034//927 1033//927 1032//927
vn 1.0000 0.0000 0.0000
f 1035//928 1036//928 1037//928 1038//928
vn 0.0000 0.0000 1.0000
f 1031//929 1035//929 1038//929 1034//929
vn 0.0000 0.0000 -1.0000
f 1032//930 1033//930 1037//930 1036//930
vn 0.0000 1.0000 0.0000
f 1034//931 1038//931 1037//931 1033//931
vn 0.0000 -1.0000 0.0000
f 1031//932 1032//932 1036//932 1035//932
vn -1.0000 0.0000 0.0000
usemtl steel_paint_dark
f 1039//933 1042//933 1041//933 1040//933
vn 1.0000 0.0000 0.0000
f 1043//934 1044//934 1045//934 1046//934
vn 0.0000 0.0000 1.0000
f 1039//935 1043//935 1046//935 1042//935
vn 0.0000 0.0000 -1.0000
f 1040//936 1041//936 1045//936 1044//936
vn 0.0000 1.0000 0.0000
f 1042//937 1046//937 1045//937 1041//937
vn 0.0000 -1.0000 0.0000
f 1039//938 1040//938 1044//938 1043//938
o conduit_nipple
v 7.0500 1.5300 1.0317
v 7.0500 1.5300 1.2817
v 7.0615 1.5277 1.0317
v 7.0615 1.5277 1.2817
v 7.0712 1.5212 1.0317
v 7.0712 1.5212 1.2817
v 7.0777 1.5115 1.0317
v 7.0777 1.5115 1.2817
v 7.0800 1.5000 1.0317
v 7.0800 1.5000 1.2817
v 7.0777 1.4885 1.0317
v 7.0777 1.4885 1.2817
v 7.0712 1.4788 1.0317
v 7.0712 1.4788 1.2817
v 7.0615 1.4723 1.0317
v 7.0615 1.4723 1.2817
v 7.0500 1.4700 1.0317
v 7.0500 1.4700 1.2817
v 7.0385 1.4723 1.0317
v 7.0385 1.4723 1.2817
v 7.0288 1.4788 1.0317
v 7.0288 1.4788 1.2817
v 7.0223 1.4885 1.0317
v 7.0223 1.4885 1.2817
v 7.0200 1.5000 1.0317
v 7.0200 1.5000 1.2817
v 7.0223 1.5115 1.0317
v 7.0223 1.5115 1.2817
v 7.0288 1.5212 1.0317
v 7.0288 1.5212 1.2817
v 7.0385 1.5277 1.0317
v 7.0385 1.5277 1.2817
v 7.0500 1.5000 1.0317
v 7.0500 1.5000 1.2817
v 7.0500 1.5380 1.2567
v 7.0500 1.5380 1.2767
v 7.0829 1.5190 1.2567
v 7.0829 1.5190 1.2767
v 7.0829 1.4810 1.2567
v 7.0829 1.4810 1.2767
v 7.0500 1.4620 1.2567
v 7.0500 1.4620 1.2767
v 7.0171 1.4810 1.2567
v 7.0171 1.4810 1.2767
v 7.0171 1.5190 1.2567
v 7.0171 1.5190 1.2767
v 7.0500 1.5000 1.2567
v 7.0500 1.5000 1.2767
v 7.0500 1.5380 1.0367
v 7.0500 1.5380 1.0567
v 7.0829 1.5190 1.0367
v 7.0829 1.5190 1.0567
v 7.0829 1.4810 1.0367
v 7.0829 1.4810 1.0567
v 7.0500 1.4620 1.0367
v 7.0500 1.4620 1.0567
v 7.0171 1.4810 1.0367
v 7.0171 1.4810 1.0567
v 7.0171 1.5190 1.0367
v 7.0171 1.5190 1.0567
v 7.0500 1.5000 1.0367
v 7.0500 1.5000 1.0567
vn -0.1951 -0.9808 0.0000
usemtl galvanized
f 1047//939 1049//939 1050//939 1048//939
vn -0.5556 -0.8315 0.0000
f 1049//940 1051//940 1052//940 1050//940
vn -0.8315 -0.5556 0.0000
f 1051//941 1053//941 1054//941 1052//941
vn -0.9808 -0.1951 0.0000
f 1053//942 1055//942 1056//942 1054//942
vn -0.9808 0.1951 0.0000
f 1055//943 1057//943 1058//943 1056//943
vn -0.8315 0.5556 0.0000
f 1057//944 1059//944 1060//944 1058//944
vn -0.5556 0.8315 0.0000
f 1059//945 1061//945 1062//945 1060//945
vn -0.1951 0.9808 0.0000
f 1061//946 1063//946 1064//946 1062//946
vn 0.1951 0.9808 0.0000
f 1063//947 1065//947 1066//947 1064//947
vn 0.5556 0.8315 0.0000
f 1065//948 1067//948 1068//948 1066//948
vn 0.8315 0.5556 0.0000
f 1067//949 1069//949 1070//949 1068//949
vn 0.9808 0.1951 0.0000
f 1069//950 1071//950 1072//950 1070//950
vn 0.9808 -0.1951 0.0000
f 1071//951 1073//951 1074//951 1072//951
vn 0.8315 -0.5556 0.0000
f 1073//952 1075//952 1076//952 1074//952
vn 0.5556 -0.8315 0.0000
f 1075//953 1077//953 1078//953 1076//953
vn 0.1951 -0.9808 0.0000
f 1077//954 1047//954 1048//954 1078//954
vn 0.0000 0.0000 1.0000
f 1079//955 1049//955 1047//955
vn 0.0000 0.0000 -1.0000
f 1080//956 1048//956 1050//956
vn 0.0000 0.0000 1.0000
f 1079//957 1051//957 1049//957
vn -0.0000 0.0000 -1.0000
f 1080//958 1050//958 1052//958
vn 0.0000 0.0000 1.0000
f 1079//959 1053//959 1051//959
vn 0.0000 0.0000 -1.0000
f 1080//960 1052//960 1054//960
vn 0.0000 0.0000 1.0000
f 1079//961 1055//961 1053//961
vn 0.0000 0.0000 -1.0000
f 1080//962 1054//962 1056//962
vn 0.0000 0.0000 1.0000
f 1079//963 1057//963 1055//963
vn 0.0000 0.0000 -1.0000
f 1080//964 1056//964 1058//964
vn 0.0000 0.0000 1.0000
f 1079//965 1059//965 1057//965
vn 0.0000 0.0000 -1.0000
f 1080//966 1058//966 1060//966
vn 0.0000 0.0000 1.0000
f 1079//967 1061//967 1059//967
vn 0.0000 0.0000 -1.0000
f 1080//968 1060//968 1062//968
vn 0.0000 0.0000 1.0000
f 1079//969 1063//969 1061//969
vn 0.0000 0.0000 -1.0000
f 1080//970 1062//970 1064//970
vn -0.0000 0.0000 1.0000
f 1079//971 1065//971 1063//971
vn -0.0000 0.0000 -1.0000
f 1080//972 1064//972 1066//972
vn 0.0000 0.0000 1.0000
f 1079//973 1067//973 1065//973
vn 0.0000 0.0000 -1.0000
f 1080//974 1066//974 1068//974
vn 0.0000 0.0000 1.0000
f 1079//975 1069//975 1067//975
vn 0.0000 0.0000 -1.0000
f 1080//976 1068//976 1070//976
vn 0.0000 0.0000 1.0000
f 1079//977 1071//977 1069//977
vn 0.0000 0.0000 -1.0000
f 1080//978 1070//978 1072//978
vn 0.0000 0.0000 1.0000
f 1079//979 1073//979 1071//979
vn 0.0000 0.0000 -1.0000
f 1080//980 1072//980 1074//980
vn 0.0000 0.0000 1.0000
f 1079//981 1075//981 1073//981
vn 0.0000 0.0000 -1.0000
f 1080//982 1074//982 1076//982
vn 0.0000 0.0000 1.0000
f 1079//983 1077//983 1075//983
vn 0.0000 0.0000 -1.0000
f 1080//984 1076//984 1078//984
vn -0.0000 0.0000 1.0000
f 1079//985 1047//985 1077//985
vn -0.0000 0.0000 -1.0000
f 1080//986 1078//986 1048//986
vn -0.5000 -0.8660 0.0000
f 1081//987 1083//987 1084//987 1082//987
vn -1.0000 0.0000 0.0000
f 1083//988 1085//988 1086//988 1084//988
vn -0.5000 0.8660 0.0000
f 1085//989 1087//989 1088//989 1086//989
vn 0.5000 0.8660 0.0000
f 1087//990 1089//990 1090//990 1088//990
vn 1.0000 0.0000 0.0000
f 1089//991 1091//991 1092//991 1090//991
vn 0.5000 -0.8660 0.0000
f 1091//992 1081//992 1082//992 1092//992
vn 0.0000 0.0000 1.0000
f 1093//993 1083//993 1081//993
vn 0.0000 0.0000 -1.0000
f 1094//994 1082//994 1084//994
vn 0.0000 0.0000 1.0000
f 1093//995 1085//995 1083//995
vn 0.0000 0.0000 -1.0000
f 1094//996 1084//996 1086//996
vn 0.0000 0.0000 1.0000
f 1093//997 1087//997 1085//997
vn 0.0000 0.0000 -1.0000
f 1094//998 1086//998 1088//998
vn -0.0000 0.0000 1.0000
f 1093//999 1089//999 1087//999
vn 0.0000 0.0000 -1.0000
f 1094//1000 1088//1000 1090//1000
vn 0.0000 0.0000 1.0000
f 1093//1001 1091//1001 1089//1001
vn 0.0000 0.0000 -1.0000
f 1094//1002 1090//1002 1092//1002
vn -0.0000 0.0000 1.0000
f 1093//1003 1081//1003 1091//1003
vn 0.0000 0.0000 -1.0000
f 1094//1004 1092//1004 1082//1004
vn -0.5000 -0.8660 0.0000
f 1095//1005 1097//1005 1098//1005 1096//1005
vn -1.0000 0.0000 0.0000
f 1097//1006 1099//1006 1100//1006 1098//1006
vn -0.5000 0.8660 0.0000
f 1099//1007 1101//1007 1102//1007 1100//1007
vn 0.5000 0.8660 0.0000
f 1101//1008 1103//1008 1104//1008 1102//1008
vn 1.0000 0.0000 0.0000
f 1103//1009 1105//1009 1106//1009 1104//1009
vn 0.5000 -0.8660 0.0000
f 1105//1010 1095//1010 1096//1010 1106//1010
vn 0.0000 0.0000 1.0000
f 1107//1011 1097//1011 1095//1011
vn 0.0000 0.0000 -1.0000
f 1108//1012 1096//1012 1098//1012
vn 0.0000 0.0000 1.0000
f 1107//1013 1099//1013 1097//1013
vn 0.0000 0.0000 -1.0000
f 1108//1014 1098//1014 1100//1014
vn 0.0000 0.0000 1.0000
f 1107//1015 1101//1015 1099//1015
vn 0.0000 0.0000 -1.0000
f 1108//1016 1100//1016 1102//1016
vn 0.0000 0.0000 1.0000
f 1107//1017 1103//1017 1101//1017
vn 0.0000 0.0000 -1.0000
f 1108//1018 1102//1018 1104//1018
vn 0.0000 0.0000 1.0000
f 1107//1019 1105//1019 1103//1019
vn 0.0000 0.0000 -1.0000
f 1108//1020 1104//1020 1106//1020
vn 0.0000 0.0000 1.0000
f 1107//1021 1095//1021 1105//1021
vn 0.0000 0.0000 -1.0000
f 1108//1022 1106//1022 1096//1022
o base_hub
v 7.0000 1.0000 -0.0433
v 7.0000 1.0000 -0.4933
v 7.0000 1.6000 -0.4933
v 7.0000 1.6000 -0.0433
v 7.1600 1.0000 -0.0433
v 7.1600 1.0000 -0.4933
v 7.1600 1.6000 -0.4933
v 7.1600 1.6000 -0.0433
v 7.1600 1.0400 -0.0783
v 7.1600 1.0400 -0.4583
v 7.1600 1.5600 -0.4583
v 7.1600 1.5600 -0.0783
v 7.1700 1.0400 -0.0783
v 7.1700 1.0400 -0.4583
v 7.1700 1.5600 -0.4583
v 7.1700 1.5600 -0.0783
v 7.1705 1.4950 -0.1983
v 7.1705 1.4950 -0.3383
v 7.1705 1.5450 -0.3383
v 7.1705 1.5450 -0.1983
v 7.1735 1.4950 -0.1983
v 7.1735 1.4950 -0.3383
v 7.1735 1.5450 -0.3383
v 7.1735 1.5450 -0.1983
vn -1.0000 0.0000 0.0000
usemtl inverter_white
f 1109//1023 1112//1023 1111//1023 1110//1023
vn 1.0000 0.0000 0.0000
f 1113//1024 1114//1024 1115//1024 1116//1024
vn 0.0000 0.0000 1.0000
f 1109//1025 1113//1025 1116//1025 1112//1025
vn 0.0000 0.0000 -1.0000
f 1110//1026 1111//1026 1115//1026 1114//1026
vn 0.0000 1.0000 0.0000
f 1112//1027 1116//1027 1115//1027 1111//1027
vn 0.0000 -1.0000 0.0000
f 1109//1028 1110//1028 1114//1028 1113//1028
vn -1.0000 0.0000 0.0000
usemtl placard_white
f 1117//1029 1120//1029 1119//1029 1118//1029
vn 1.0000 0.0000 0.0000
f 1121//1030 1122//1030 1123//1030 1124//1030
vn 0.0000 0.0000 1.0000
f 1117//1031 1121//1031 1124//1031 1120//1031
vn 0.0000 0.0000 -1.0000
f 1118//1032 1119//1032 1123//1032 1122//1032
vn 0.0000 1.0000 0.0000
f 1120//1033 1124//1033 1123//1033 1119//1033
vn 0.0000 -1.0000 0.0000
f 1117//1034 1118//1034 1122//1034 1121//1034
vn -1.0000 0.0000 0.0000
usemtl placard_red
f 1125//1035 1128//1035 1127//1035 1126//1035
vn 1.0000 0.0000 0.0000
f 1129//1036 1130//1036 1131//1036 1132//1036
vn 0.0000 0.0000 1.0000
f 1125//1037 1129//1037 1132//1037 1128//1037
vn 0.0000 0.0000 -1.0000
f 1126//1038 1127//1038 1131//1038 1130//1038
vn 0.0000 1.0000 0.0000
f 1128//1039 1132//1039 1131//1039 1127//1039
vn 0.0000 -1.0000 0.0000
f 1125//1040 1126//1040 1130//1040 1129//1040
o vlld
v 7.0000 1.3500 -0.7433
v 7.0000 1.3500 -0.9433
v 7.0000 1.6500 -0.9433
v 7.0000 1.6500 -0.7433
v 7.1200 1.3500 -0.7433
v 7.1200 1.3500 -0.9433
v 7.1200 1.6500 -0.9433
v 7.1200 1.6500 -0.7433
v 7.0400 1.4700 -0.9383
v 7.0400 1.4700 -0.9683
v 7.0400 1.5700 -0.9683
v 7.0400 1.5700 -0.9383
v 7.0800 1.4700 -0.9383
v 7.0800 1.4700 -0.9683
v 7.0800 1.5700 -0.9683
v 7.0800 1.5700 -0.9383
v 7.1205 1.5925 -0.7833
v 7.1205 1.5925 -0.9033
v 7.1205 1.6275 -0.9033
v 7.1205 1.6275 -0.7833
v 7.1235 1.5925 -0.7833
v 7.1235 1.5925 -0.9033
v 7.1235 1.6275 -0.9033
v 7.1235 1.6275 -0.7833
vn -1.0000 0.0000 0.0000
usemtl disconnect_gray
f 1133//1041 1136//1041 1135//1041 1134//1041
vn 1.0000 0.0000 0.0000
f 1137//1042 1138//1042 1139//1042 1140//1042
vn 0.0000 0.0000 1.0000
f 1133//1043 1137//1043 1140//1043 1136//1043
vn 0.0000 0.0000 -1.0000
f 1134//1044 1135//1044 1139//1044 1138//1044
vn 0.0000 1.0000 0.0000
f 1136//1045 1140//1045 1139//1045 1135//1045
vn 0.0000 -1.0000 0.0000
f 1133//1046 1134//1046 1138//1046 1137//1046
vn -1.0000 0.0000 0.0000
usemtl handle_red
f 1141//1047 1144//1047 1143//1047 1142//1047
vn 1.0000 0.0000 0.0000
f 1145//1048 1146//1048 1147//1048 1148//1048
vn 0.0000 0.0000 1.0000
f 1141//1049 1145//1049 1148//1049 1144//1049
vn 0.0000 0.0000 -1.0000
f 1142//1050 1143//1050 1147//1050 1146//1050
vn 0.0000 1.0000 0.0000
f 1144//1051 1148//1051 1147//1051 1143//1051
vn 0.0000 -1.0000 0.0000
f 1141//1052 1142//1052 1146//1052 1145//1052
vn -1.0000 0.0000 0.0000
usemtl placard_red
f 1149//1053 1152//1053 1151//1053 1150//1053
vn 1.0000 0.0000 0.0000
f 1153//1054 1154//1054 1155//1054 1156//1054
vn 0.0000 0.0000 1.0000
f 1149//1055 1153//1055 1156//1055 1152//1055
vn 0.0000 0.0000 -1.0000
f 1150//1056 1151//1056 1155//1056 1154//1056
vn 0.0000 1.0000 0.0000
f 1152//1057 1156//1057 1155//1057 1151//1057
vn 0.0000 -1.0000 0.0000
f 1149//1058 1150//1058 1154//1058 1153//1058
o base_inverter
v 7.0000 0.9500 -1.1433
v 7.0000 0.9500 -1.6933
v 7.0000 1.6500 -1.6933
v 7.0000 1.6500 -1.1433
v 7.2000 0.9500 -1.1433
v 7.2000 0.9500 -1.6933
v 7.2000 1.6500 -1.6933
v 7.2000 1.6500 -1.1433
v 7.2000 1.0640 -1.2183
v 7.2000 1.0640 -1.6183
v 7.2000 1.0760 -1.6183
v 7.2000 1.0760 -1.2183
v 7.2040 1.0640 -1.2183
v 7.2040 1.0640 -1.6183
v 7.2040 1.0760 -1.6183
v 7.2040 1.0760 -1.2183
v 7.2000 1.0940 -1.2183
v 7.2000 1.0940 -1.6183
v 7.2000 1.1060 -1.6183
v 7.2000 1.1060 -1.2183
v 7.2040 1.0940 -1.2183
v 7.2040 1.0940 -1.6183
v 7.2040 1.1060 -1.6183
v 7.2040 1.1060 -1.2183
v 7.2000 1.1240 -1.2183
v 7.2000 1.1240 -1.6183
v 7.2000 1.1360 -1.6183
v 7.2000 1.1360 -1.2183
v 7.2040 1.1240 -1.2183
v 7.2040 1.1240 -1.6183
v 7.2040 1.1360 -1.6183
v 7.2040 1.1360 -1.2183
v 7.2000 1.1540 -1.2183
v 7.2000 1.1540 -1.6183
v 7.2000 1.1660 -1.6183
v 7.2000 1.1660 -1.2183
v 7.2040 1.1540 -1.2183
v 7.2040 1.1540 -1.6183
v 7.2040 1.1660 -1.6183
v 7.2040 1.1660 -1.2183
v 7.2000 1.1840 -1.2183
v 7.2000 1.1840 -1.6183
v 7.2000 1.1960 -1.6183
v 7.2000 1.1960 -1.2183
v 7.2040 1.1840 -1.2183
v 7.2040 1.1840 -1.6183
v 7.2040 1.1960 -1.6183
v 7.2040 1.1960 -1.2183
v 7.2015 1.5250 -1.3583
v 7.2015 1.5250 -1.4783
v 7.2015 1.5750 -1.4783
v 7.2015 1.5750 -1.3583
v 7.2045 1.5250 -1.3583
v 7.2045 1.5250 -1.4783
v 7.2045 1.5750 -1.4783
v 7.2045 1.5750 -1.3583
vn -1.0000 0.0000 0.0000
usemtl inverter_white
f 1157//1059 1160//1059 1159//1059 1158//1059
vn 1.0000 0.0000 0.0000
f 1161//1060 1162//1060 1163//1060 1164//1060
vn 0.0000 0.0000 1.0000
f 1157//1061 1161//1061 1164//1061 1160//1061
vn 0.0000 0.0000 -1.0000
f 1158//1062 1159//1062 1163//1062 1162//1062
vn 0.0000 1.0000 0.0000
f 1160//1063 1164//1063 1163//1063 1159//1063
vn 0.0000 -1.0000 0.0000
f 1157//1064 1158//1064 1162//1064 1161//1064
vn -1.0000 0.0000 0.0000
usemtl flex_gray
f 1165//1065 1168//1065 1167//1065 1166//1065
vn 1.0000 0.0000 0.0000
f 1169//1066 1170//1066 1171//1066 1172//1066
vn 0.0000 0.0000 1.0000
f 1165//1067 1169//1067 1172//1067 1168//1067
vn 0.0000 0.0000 -1.0000
f 1166//1068 1167//1068 1171//1068 1170//1068
vn 0.0000 1.0000 0.0000
f 1168//1069 1172//1069 1171//1069 1167//1069
vn 0.0000 -1.0000 0.0000
f 1165//1070 1166//1070 1170//1070 1169//1070
vn -1.0000 0.0000 0.0000
f 1173//1071 1176//1071 1175//1071 1174//1071
vn 1.0000 0.0000 0.0000
f 1177//1072 1178//1072 1179//1072 1180//1072
vn 0.0000 0.0000 1.0000
f 1173//1073 1177//1073 1180//1073 1176//1073
vn 0.0000 0.0000 -1.0000
f 1174//1074 1175//1074 1179//1074 1178//1074
vn 0.0000 1.0000 0.0000
f 1176//1075 1180//1075 1179//1075 1175//1075
vn 0.0000 -1.0000 0.0000
f 1173//1076 1174//1076 1178//1076 1177//1076
vn -1.0000 0.0000 0.0000
f 1181//1077 1184//1077 1183//1077 1182//1077
vn 1.0000 0.0000 0.0000
f 1185//1078 1186//1078 1187//1078 1188//1078
vn 0.0000 0.0000 1.0000
f 1181//1079 1185//1079 1188//1079 1184//1079
vn 0.0000 0.0000 -1.0000
f 1182//1080 1183//1080 1187//1080 1186//1080
vn 0.0000 1.0000 0.0000
f 1184//1081 1188//1081 1187//1081 1183//1081
vn 0.0000 -1.0000 0.0000
f 1181//1082 1182//1082 1186//1082 1185//1082
vn -1.0000 0.0000 0.0000
f 1189//1083 1192//1083 1191//1083 1190//1083
vn 1.0000 0.0000 0.0000
f 1193//1084 1194//1084 1195//1084 1196//1084
vn 0.0000 0.0000 1.0000
f 1189//1085 1193//1085 1196//1085 1192//1085
vn 0.0000 0.0000 -1.0000
f 1190//1086 1191//1086 1195//1086 1194//1086
vn 0.0000 1.0000 0.0000
f 1192//1087 1196//1087 1195//1087 1191//1087
vn 0.0000 -1.0000 0.0000
f 1189//1088 1190//1088 1194//1088 1193//1088
vn -1.0000 0.0000 0.0000
f 1197//1089 1200//1089 1199//1089 1198//1089
vn 1.0000 0.0000 0.0000
f 1201//1090 1202//1090 1203//1090 1204//1090
vn 0.0000 0.0000 1.0000
f 1197//1091 1201//1091 1204//1091 1200//1091
vn 0.0000 0.0000 -1.0000
f 1198//1092 1199//1092 1203//1092 1202//1092
vn 0.0000 1.0000 0.0000
f 1200//1093 1204//1093 1203//1093 1199//1093
vn 0.0000 -1.0000 0.0000
f 1197//1094 1198//1094 1202//1094 1201//1094
vn -1.0000 0.0000 0.0000
usemtl placard_yellow
f 1205//1095 1208//1095 1207//1095 1206//1095
vn 1.0000 0.0000 0.0000
f 1209//1096 1210//1096 1211//1096 1212//1096
vn 0.0000 0.0000 1.0000
f 1205//1097 1209//1097 1212//1097 1208//1097
vn 0.0000 0.0000 -1.0000
f 1206//1098 1207//1098 1211//1098 1210//1098
vn 0.0000 1.0000 0.0000
f 1208//1099 1212//1099 1211//1099 1207//1099
vn 0.0000 -1.0000 0.0000
f 1205//1100 1206//1100 1210//1100 1209//1100
o base_core_battery_1
v 7.0200 0.0000 -1.9988
v 7.0200 0.0000 -2.7378
v 7.0200 0.0600 -2.7378
v 7.0200 0.0600 -1.9988
v 7.5390 0.0000 -1.9988
v 7.5390 0.0000 -2.7378
v 7.5390 0.0600 -2.7378
v 7.5390 0.0600 -1.9988
v 7.0000 0.0600 -1.9788
v 7.0000 0.0600 -2.7578
v 7.0000 0.9730 -2.7578
v 7.0000 0.9730 -1.9788
v 7.5590 0.0600 -1.9788
v 7.5590 0.0600 -2.7578
v 7.5590 0.9730 -2.7578
v 7.5590 0.9730 -1.9788
v 7.0100 0.9730 -1.9888
v 7.0100 0.9730 -2.7478
v 7.0100 1.0030 -2.7478
v 7.0100 1.0030 -1.9888
v 7.5490 0.9730 -1.9888
v 7.5490 0.9730 -2.7478
v 7.5490 1.0030 -2.7478
v 7.5490 1.0030 -1.9888
v 7.5590 0.2407 -2.0288
v 7.5590 0.2407 -2.7078
v 7.5590 0.8626 -2.7078
v 7.5590 0.8626 -2.0288
v 7.5670 0.2407 -2.0288
v 7.5670 0.2407 -2.7078
v 7.5670 0.8626 -2.7078
v 7.5670 0.8626 -2.0288
v 7.5660 0.8566 -2.2883
v 7.5660 0.8566 -2.4483
v 7.5660 0.8686 -2.4483
v 7.5660 0.8686 -2.2883
v 7.5700 0.8566 -2.2883
v 7.5700 0.8566 -2.4483
v 7.5700 0.8686 -2.4483
v 7.5700 0.8686 -2.2883
v 7.1258 0.3420 -1.9728
v 7.1258 0.3420 -1.9788
v 7.1258 0.3600 -1.9788
v 7.1258 0.3600 -1.9728
v 7.4332 0.3420 -1.9728
v 7.4332 0.3420 -1.9788
v 7.4332 0.3600 -1.9788
v 7.4332 0.3600 -1.9728
v 7.1258 0.3920 -1.9728
v 7.1258 0.3920 -1.9788
v 7.1258 0.4100 -1.9788
v 7.1258 0.4100 -1.9728
v 7.4332 0.3920 -1.9728
v 7.4332 0.3920 -1.9788
v 7.4332 0.4100 -1.9788
v 7.4332 0.4100 -1.9728
v 7.1258 0.4420 -1.9728
v 7.1258 0.4420 -1.9788
v 7.1258 0.4600 -1.9788
v 7.1258 0.4600 -1.9728
v 7.4332 0.4420 -1.9728
v 7.4332 0.4420 -1.9788
v 7.4332 0.4600 -1.9788
v 7.4332 0.4600 -1.9728
v 7.1258 0.4920 -1.9728
v 7.1258 0.4920 -1.9788
v 7.1258 0.5101 -1.9788
v 7.1258 0.5101 -1.9728
v 7.4332 0.4920 -1.9728
v 7.4332 0.4920 -1.9788
v 7.4332 0.5101 -1.9788
v 7.4332 0.5101 -1.9728
v 7.1258 0.5420 -1.9728
v 7.1258 0.5420 -1.9788
v 7.1258 0.5600 -1.9788
v 7.1258 0.5600 -1.9728
v 7.4332 0.5420 -1.9728
v 7.4332 0.5420 -1.9788
v 7.4332 0.5600 -1.9788
v 7.4332 0.5600 -1.9728
v 7.1258 0.5920 -1.9728
v 7.1258 0.5920 -1.9788
v 7.1258 0.6100 -1.9788
v 7.1258 0.6100 -1.9728
v 7.4332 0.5920 -1.9728
v 7.4332 0.5920 -1.9788
v 7.4332 0.6100 -1.9788
v 7.4332 0.6100 -1.9728
v 7.1258 0.3420 -2.7578
v 7.1258 0.3420 -2.7638
v 7.1258 0.3600 -2.7638
v 7.1258 0.3600 -2.7578
v 7.4332 0.3420 -2.7578
v 7.4332 0.3420 -2.7638
v 7.4332 0.3600 -2.7638
v 7.4332 0.3600 -2.7578
v 7.1258 0.3920 -2.7578
v 7.1258 0.3920 -2.7638
v 7.1258 0.4100 -2.7638
v 7.1258 0.4100 -2.7578
v 7.4332 0.3920 -2.7578
v 7.4332 0.3920 -2.7638
v 7.4332 0.4100 -2.7638
v 7.4332 0.4100 -2.7578
v 7.1258 0.4420 -2.7578
v 7.1258 0.4420 -2.7638
v 7.1258 0.4600 -2.7638
v 7.1258 0.4600 -2.7578
v 7.4332 0.4420 -2.7578
v 7.4332 0.4420 -2.7638
v 7.4332 0.4600 -2.7638
v 7.4332 0.4600 -2.7578
v 7.1258 0.4920 -2.7578
v 7.1258 0.4920 -2.7638
v 7.1258 0.5101 -2.7638
v 7.1258 0.5101 -2.7578
v 7.4332 0.4920 -2.7578
v 7.4332 0.4920 -2.7638
v 7.4332 0.5101 -2.7638
v 7.4332 0.5101 -2.7578
v 7.1258 0.5420 -2.7578
v 7.1258 0.5420 -2.7638
v 7.1258 0.5600 -2.7638
v 7.1258 0.5600 -2.7578
v 7.4332 0.5420 -2.7578
v 7.4332 0.5420 -2.7638
v 7.4332 0.5600 -2.7638
v 7.4332 0.5600 -2.7578
v 7.1258 0.5920 -2.7578
v 7.1258 0.5920 -2.7638
v 7.1258 0.6100 -2.7638
v 7.1258 0.6100 -2.7578
v 7.4332 0.5920 -2.7578
v 7.4332 0.5920 -2.7638
v 7.4332 0.6100 -2.7638
v 7.4332 0.6100 -2.7578
v 7.5590 0.1305 -2.5878
v 7.5590 0.1305 -2.6878
v 7.5590 0.2105 -2.6878
v 7.5590 0.2105 -2.5878
v 7.5790 0.1305 -2.5878
v 7.5790 0.1305 -2.6878
v 7.5790 0.2105 -2.6878
v 7.5790 0.2105 -2.5878
v 7.0200 0.6000 -2.1933
v 7.0200 0.0000 -2.1933
v 7.0308 0.6000 -2.1909
v 7.0308 0.0000 -2.1909
v 7.0395 0.6000 -2.1839
v 7.0395 0.0000 -2.1839
v 7.0444 0.6000 -2.1739
v 7.0444 0.0000 -2.1739
v 7.0444 0.6000 -2.1628
v 7.0444 0.0000 -2.1628
v 7.0395 0.6000 -2.1528
v 7.0395 0.0000 -2.1528
v 7.0308 0.6000 -2.1458
v 7.0308 0.0000 -2.1458
v 7.0200 0.6000 -2.1433
v 7.0200 0.0000 -2.1433
v 7.0092 0.6000 -2.1458
v 7.0092 0.0000 -2.1458
v 7.0005 0.6000 -2.1528
v 7.0005 0.0000 -2.1528
v 6.9956 0.6000 -2.1628
v 6.9956 0.0000 -2.1628
v 6.9956 0.6000 -2.1739
v 6.9956 0.0000 -2.1739
v 7.0005 0.6000 -2.1839
v 7.0005 0.0000 -2.1839
v 7.0092 0.6000 -2.1909
v 7.0092 0.0000 -2.1909
v 7.0200 0.6000 -2.1683
v 7.0200 0.0000 -2.1683
vn -1.0000 0.0000 -0.0000
usemtl core_trim
f 1213//1101 1216//1101 1215//1101 1214//1101
vn 1.0000 0.0000 0.0000
f 1217//1102 1218//1102 1219//1102 1220//1102
vn 0.0000 0.0000 1.0000
f 1213//1103 1217//1103 1220//1103 1216//1103
vn 0.0000 0.0000 -1.0000
f 1214//1104 1215//1104 1219//1104 1218//1104
vn 0.0000 1.0000 -0.0000
f 1216//1105 1220//1105 1219//1105 1215//1105
vn 0.0000 -1.0000 0.0000
f 1213//1106 1214//1106 1218//1106 1217//1106
vn -1.0000 0.0000 0.0000
usemtl core_white
f 1221//1107 1224//1107 1223//1107 1222//1107
vn 1.0000 0.0000 0.0000
f 1225//1108 1226//1108 1227//1108 1228//1108
vn 0.0000 0.0000 1.0000
f 1221//1109 1225//1109 1228//1109 1224//1109
vn 0.0000 0.0000 -1.0000
f 1222//1110 1223//1110 1227//1110 1226//1110
vn 0.0000 1.0000 0.0000
f 1224//1111 1228//1111 1227//1111 1223//1111
vn 0.0000 -1.0000 0.0000
f 1221//1112 1222//1112 1226//1112 1225//1112
vn -1.0000 0.0000 0.0000
usemtl core_panel
f 1229//1113 1232//1113 1231//1113 1230//1113
vn 1.0000 0.0000 0.0000
f 1233//1114 1234//1114 1235//1114 1236//1114
vn -0.0000 0.0000 1.0000
f 1229//1115 1233//1115 1236//1115 1232//1115
vn 0.0000 0.0000 -1.0000
f 1230//1116 1231//1116 1235//1116 1234//1116
vn 0.0000 1.0000 0.0000
f 1232//1117 1236//1117 1235//1117 1231//1117
vn 0.0000 -1.0000 0.0000
f 1229//1118 1230//1118 1234//1118 1233//1118
vn -1.0000 0.0000 0.0000
f 1237//1119 1240//1119 1239//1119 1238//1119
vn 1.0000 0.0000 0.0000
f 1241//1120 1242//1120 1243//1120 1244//1120
vn 0.0000 0.0000 1.0000
f 1237//1121 1241//1121 1244//1121 1240//1121
vn 0.0000 0.0000 -1.0000
f 1238//1122 1239//1122 1243//1122 1242//1122
vn 0.0000 1.0000 0.0000
f 1240//1123 1244//1123 1243//1123 1239//1123
vn 0.0000 -1.0000 0.0000
f 1237//1124 1238//1124 1242//1124 1241//1124
vn -1.0000 0.0000 0.0000
usemtl core_led
f 1245//1125 1248//1125 1247//1125 1246//1125
vn 1.0000 0.0000 0.0000
f 1249//1126 1250//1126 1251//1126 1252//1126
vn 0.0000 0.0000 1.0000
f 1245//1127 1249//1127 1252//1127 1248//1127
vn 0.0000 0.0000 -1.0000
f 1246//1128 1247//1128 1251//1128 1250//1128
vn 0.0000 1.0000 0.0000
f 1248//1129 1252//1129 1251//1129 1247//1129
vn 0.0000 -1.0000 0.0000
f 1245//1130 1246//1130 1250//1130 1249//1130
vn -1.0000 0.0000 0.0000
usemtl core_vent
f 1253//1131 1256//1131 1255//1131 1254//1131
vn 1.0000 0.0000 0.0000
f 1257//1132 1258//1132 1259//1132 1260//1132
vn 0.0000 0.0000 1.0000
f 1253//1133 1257//1133 1260//1133 1256//1133
vn 0.0000 0.0000 -1.0000
f 1254//1134 1255//1134 1259//1134 1258//1134
vn 0.0000 1.0000 0.0000
f 1256//1135 1260//1135 1259//1135 1255//1135
vn 0.0000 -1.0000 0.0000
f 1253//1136 1254//1136 1258//1136 1257//1136
vn -1.0000 0.0000 0.0000
f 1261//1137 1264//1137 1263//1137 1262//1137
vn 1.0000 0.0000 0.0000
f 1265//1138 1266//1138 1267//1138 1268//1138
vn 0.0000 0.0000 1.0000
f 1261//1139 1265//1139 1268//1139 1264//1139
vn 0.0000 0.0000 -1.0000
f 1262//1140 1263//1140 1267//1140 1266//1140
vn 0.0000 1.0000 0.0000
f 1264//1141 1268//1141 1267//1141 1263//1141
vn 0.0000 -1.0000 0.0000
f 1261//1142 1262//1142 1266//1142 1265//1142
vn -1.0000 0.0000 0.0000
f 1269//1143 1272//1143 1271//1143 1270//1143
vn 1.0000 0.0000 0.0000
f 1273//1144 1274//1144 1275//1144 1276//1144
vn 0.0000 0.0000 1.0000
f 1269//1145 1273//1145 1276//1145 1272//1145
vn 0.0000 0.0000 -1.0000
f 1270//1146 1271//1146 1275//1146 1274//1146
vn 0.0000 1.0000 0.0000
f 1272//1147 1276//1147 1275//1147 1271//1147
vn 0.0000 -1.0000 0.0000
f 1269//1148 1270//1148 1274//1148 1273//1148
vn -1.0000 0.0000 0.0000
f 1277//1149 1280//1149 1279//1149 1278//1149
vn 1.0000 0.0000 0.0000
f 1281//1150 1282//1150 1283//1150 1284//1150
vn 0.0000 0.0000 1.0000
f 1277//1151 1281//1151 1284//1151 1280//1151
vn 0.0000 0.0000 -1.0000
f 1278//1152 1279//1152 1283//1152 1282//1152
vn 0.0000 1.0000 0.0000
f 1280//1153 1284//1153 1283//1153 1279//1153
vn 0.0000 -1.0000 0.0000
f 1277//1154 1278//1154 1282//1154 1281//1154
vn -1.0000 0.0000 0.0000
f 1285//1155 1288//1155 1287//1155 1286//1155
vn 1.0000 0.0000 0.0000
f 1289//1156 1290//1156 1291//1156 1292//1156
vn 0.0000 0.0000 1.0000
f 1285//1157 1289//1157 1292//1157 1288//1157
vn 0.0000 0.0000 -1.0000
f 1286//1158 1287//1158 1291//1158 1290//1158
vn 0.0000 1.0000 0.0000
f 1288//1159 1292//1159 1291//1159 1287//1159
vn 0.0000 -1.0000 0.0000
f 1285//1160 1286//1160 1290//1160 1289//1160
vn -1.0000 0.0000 0.0000
f 1293//1161 1296//1161 1295//1161 1294//1161
vn 1.0000 0.0000 0.0000
f 1297//1162 1298//1162 1299//1162 1300//1162
vn 0.0000 0.0000 1.0000
f 1293//1163 1297//1163 1300//1163 1296//1163
vn 0.0000 0.0000 -1.0000
f 1294//1164 1295//1164 1299//1164 1298//1164
vn 0.0000 1.0000 0.0000
f 1296//1165 1300//1165 1299//1165 1295//1165
vn 0.0000 -1.0000 0.0000
f 1293//1166 1294//1166 1298//1166 1297//1166
vn -1.0000 0.0000 0.0000
f 1301//1167 1304//1167 1303//1167 1302//1167
vn 1.0000 0.0000 0.0000
f 1305//1168 1306//1168 1307//1168 1308//1168
vn 0.0000 0.0000 1.0000
f 1301//1169 1305//1169 1308//1169 1304//1169
vn 0.0000 0.0000 -1.0000
f 1302//1170 1303//1170 1307//1170 1306//1170
vn 0.0000 1.0000 0.0000
f 1304//1171 1308//1171 1307//1171 1303//1171
vn 0.0000 -1.0000 0.0000
f 1301//1172 1302//1172 1306//1172 1305//1172
vn -1.0000 0.0000 0.0000
f 1309//1173 1312//1173 1311//1173 1310//1173
vn 1.0000 0.0000 0.0000
f 1313//1174 1314//1174 1315//1174 1316//1174
vn 0.0000 0.0000 1.0000
f 1309//1175 1313//1175 1316//1175 1312//1175
vn 0.0000 0.0000 -1.0000
f 1310//1176 1311//1176 1315//1176 1314//1176
vn 0.0000 1.0000 0.0000
f 1312//1177 1316//1177 1315//1177 1311//1177
vn 0.0000 -1.0000 0.0000
f 1309//1178 1310//1178 1314//1178 1313//1178
vn -1.0000 0.0000 0.0000
f 1317//1179 1320//1179 1319//1179 1318//1179
vn 1.0000 0.0000 0.0000
f 1321//1180 1322//1180 1323//1180 1324//1180
vn 0.0000 0.0000 1.0000
f 1317//1181 1321//1181 1324//1181 1320//1181
vn 0.0000 0.0000 -1.0000
f 1318//1182 1319//1182 1323//1182 1322//1182
vn 0.0000 1.0000 0.0000
f 1320//1183 1324//1183 1323//1183 1319//1183
vn 0.0000 -1.0000 0.0000
f 1317//1184 1318//1184 1322//1184 1321//1184
vn -1.0000 0.0000 0.0000
f 1325//1185 1328//1185 1327//1185 1326//1185
vn 1.0000 0.0000 0.0000
f 1329//1186 1330//1186 1331//1186 1332//1186
vn 0.0000 0.0000 1.0000
f 1325//1187 1329//1187 1332//1187 1328//1187
vn 0.0000 0.0000 -1.0000
f 1326//1188 1327//1188 1331//1188 1330//1188
vn 0.0000 1.0000 0.0000
f 1328//1189 1332//1189 1331//1189 1327//1189
vn 0.0000 -1.0000 0.0000
f 1325//1190 1326//1190 1330//1190 1329//1190
vn -1.0000 0.0000 0.0000
f 1333//1191 1336//1191 1335//1191 1334//1191
vn 1.0000 0.0000 0.0000
f 1337//1192 1338//1192 1339//1192 1340//1192
vn 0.0000 0.0000 1.0000
f 1333//1193 1337//1193 1340//1193 1336//1193
vn 0.0000 0.0000 -1.0000
f 1334//1194 1335//1194 1339//1194 1338//1194
vn 0.0000 1.0000 0.0000
f 1336//1195 1340//1195 1339//1195 1335//1195
vn 0.0000 -1.0000 0.0000
f 1333//1196 1334//1196 1338//1196 1337//1196
vn -1.0000 0.0000 0.0000
f 1341//1197 1344//1197 1343//1197 1342//1197
vn 1.0000 0.0000 0.0000
f 1345//1198 1346//1198 1347//1198 1348//1198
vn 0.0000 0.0000 1.0000
f 1341//1199 1345//1199 1348//1199 1344//1199
vn 0.0000 0.0000 -1.0000
f 1342//1200 1343//1200 1347//1200 1346//1200
vn 0.0000 1.0000 0.0000
f 1344//1201 1348//1201 1347//1201 1343//1201
vn 0.0000 -1.0000 0.0000
f 1341//1202 1342//1202 1346//1202 1345//1202
vn -1.0000 0.0000 0.0000
usemtl core_trim
f 1349//1203 1352//1203 1351//1203 1350//1203
vn 1.0000 0.0000 0.0000
f 1353//1204 1354//1204 1355//1204 1356//1204
vn 0.0000 0.0000 1.0000
f 1349//1205 1353//1205 1356//1205 1352//1205
vn 0.0000 0.0000 -1.0000
f 1350//1206 1351//1206 1355//1206 1354//1206
vn 0.0000 1.0000 0.0000
f 1352//1207 1356//1207 1355//1207 1351//1207
vn 0.0000 -1.0000 0.0000
f 1349//1208 1350//1208 1354//1208 1353//1208
vn 0.2225 0.0000 -0.9749
usemtl conduit_paint
f 1357//1209 1359//1209 1360//1209 1358//1209
vn 0.6235 0.0000 -0.7818
f 1359//1210 1361//1210 1362//1210 1360//1210
vn 0.9010 0.0000 -0.4339
f 1361//1211 1363//1211 1364//1211 1362//1211
vn 1.0000 0.0000 0.0000
f 1363//1212 1365//1212 1366//1212 1364//1212
vn 0.9010 0.0000 0.4339
f 1365//1213 1367//1213 1368//1213 1366//1213
vn 0.6235 0.0000 0.7818
f 1367//1214 1369//1214 1370//1214 1368//1214
vn 0.2225 0.0000 0.9749
f 1369//1215 1371//1215 1372//1215 1370//1215
vn -0.2225 0.0000 0.9749
f 1371//1216 1373//1216 1374//1216 1372//1216
vn -0.6235 0.0000 0.7818
f 1373//1217 1375//1217 1376//1217 1374//1217
vn -0.9010 0.0000 0.4339
f 1375//1218 1377//1218 1378//1218 1376//1218
vn -1.0000 0.0000 0.0000
f 1377//1219 1379//1219 1380//1219 1378//1219
vn -0.9010 0.0000 -0.4339
f 1379//1220 1381//1220 1382//1220 1380//1220
vn -0.6235 0.0000 -0.7818
f 1381//1221 1383//1221 1384//1221 1382//1221
vn -0.2225 0.0000 -0.9749
f 1383//1222 1357//1222 1358//1222 1384//1222
vn 0.0000 1.0000 0.0000
f 1385//1223 1359//1223 1357//1223
vn 0.0000 -1.0000 0.0000
f 1386//1224 1358//1224 1360//1224
vn 0.0000 1.0000 0.0000
f 1385//1225 1361//1225 1359//1225
vn 0.0000 -1.0000 0.0000
f 1386//1226 1360//1226 1362//1226
vn 0.0000 1.0000 0.0000
f 1385//1227 1363//1227 1361//1227
vn 0.0000 -1.0000 0.0000
f 1386//1228 1362//1228 1364//1228
vn 0.0000 1.0000 0.0000
f 1385//1229 1365//1229 1363//1229
vn 0.0000 -1.0000 0.0000
f 1386//1230 1364//1230 1366//1230
vn 0.0000 1.0000 0.0000
f 1385//1231 1367//1231 1365//1231
vn 0.0000 -1.0000 0.0000
f 1386//1232 1366//1232 1368//1232
vn 0.0000 1.0000 0.0000
f 1385//1233 1369//1233 1367//1233
vn 0.0000 -1.0000 0.0000
f 1386//1234 1368//1234 1370//1234
vn 0.0000 1.0000 0.0000
f 1385//1235 1371//1235 1369//1235
vn 0.0000 -1.0000 0.0000
f 1386//1236 1370//1236 1372//1236
vn 0.0000 1.0000 0.0000
f 1385//1237 1373//1237 1371//1237
vn 0.0000 -1.0000 0.0000
f 1386//1238 1372//1238 1374//1238
vn 0.0000 1.0000 0.0000
f 1385//1239 1375//1239 1373//1239
vn 0.0000 -1.0000 0.0000
f 1386//1240 1374//1240 1376//1240
vn 0.0000 1.0000 -0.0000
f 1385//1241 1377//1241 1375//1241
vn 0.0000 -1.0000 0.0000
f 1386//1242 1376//1242 1378//1242
vn 0.0000 1.0000 0.0000
f 1385//1243 1379//1243 1377//1243
vn 0.0000 -1.0000 0.0000
f 1386//1244 1378//1244 1380//1244
vn 0.0000 1.0000 0.0000
f 1385//1245 1381//1245 1379//1245
vn 0.0000 -1.0000 0.0000
f 1386//1246 1380//1246 1382//1246
vn 0.0000 1.0000 -0.0000
f 1385//1247 1383//1247 1381//1247
vn 0.0000 -1.0000 0.0000
f 1386//1248 1382//1248 1384//1248
vn 0.0000 1.0000 0.0000
f 1385//1249 1357//1249 1383//1249
vn 0.0000 -1.0000 0.0000
f 1386//1250 1384//1250 1358//1250
o pvc_meter_to_hub
v 7.0600 1.2500 1.7017
v 7.0482 1.2500 1.6978
v 7.0410 1.2500 1.6878
v 7.0410 1.2500 1.6755
v 7.0482 1.2500 1.6655
v 7.0600 1.2500 1.6617
v 7.0718 1.2500 1.6655
v 7.0790 1.2500 1.6755
v 7.0790 1.2500 1.6878
v 7.0718 1.2500 1.6978
v 7.0600 0.5000 1.7017
v 7.0482 0.5000 1.6978
v 7.0410 0.5000 1.6878
v 7.0410 0.5000 1.6755
v 7.0482 0.5000 1.6655
v 7.0600 0.5000 1.6617
v 7.0718 0.5000 1.6655
v 7.0790 0.5000 1.6755
v 7.0790 0.5000 1.6878
v 7.0718 0.5000 1.6978
v 7.0800 0.5000 1.6817
v 7.0762 0.4882 1.6817
v 7.0662 0.4810 1.6817
v 7.0538 0.4810 1.6817
v 7.0438 0.4882 1.6817
v 7.0400 0.5000 1.6817
v 7.0438 0.5118 1.6817
v 7.0538 0.5190 1.6817
v 7.0662 0.5190 1.6817
v 7.0762 0.5118 1.6817
v 7.0800 0.5000 -0.2683
v 7.0762 0.4882 -0.2683
v 7.0662 0.4810 -0.2683
v 7.0538 0.4810 -0.2683
v 7.0438 0.4882 -0.2683
v 7.0400 0.5000 -0.2683
v 7.0438 0.5118 -0.2683
v 7.0538 0.5190 -0.2683
v 7.0662 0.5190 -0.2683
v 7.0762 0.5118 -0.2683
v 7.0600 0.5000 -0.2883
v 7.0482 0.5000 -0.2845
v 7.0410 0.5000 -0.2745
v 7.0410 0.5000 -0.2622
v 7.0482 0.5000 -0.2522
v 7.0600 0.5000 -0.2483
v 7.0718 0.5000 -0.2522
v 7.0790 0.5000 -0.2622
v 7.0790 0.5000 -0.2745
v 7.0718 0.5000 -0.2845
v 7.0600 1.0000 -0.2883
v 7.0482 1.0000 -0.2845
v 7.0410 1.0000 -0.2745
v 7.0410 1.0000 -0.2622
v 7.0482 1.0000 -0.2522
v 7.0600 1.0000 -0.2483
v 7.0718 1.0000 -0.2522
v 7.0790 1.0000 -0.2622
v 7.0790 1.0000 -0.2745
v 7.0718 1.0000 -0.2845
v 7.0600 0.5200 1.6817
v 7.0600 0.5200 1.6817
v 7.0600 0.5200 1.6817
v 7.0600 0.5200 1.6817
v 7.0600 0.5200 1.6817
v 7.0600 0.5200 1.6817
v 7.0600 0.5200 1.6817
v 7.0600 0.5200 1.6817
v 7.0700 0.5173 1.6817
v 7.0671 0.5173 1.6887
v 7.0600 0.5173 1.6917
v 7.0529 0.5173 1.6887
v 7.0500 0.5173 1.6817
v 7.0529 0.5173 1.6746
v 7.0600 0.5173 1.6717
v 7.0671 0.5173 1.6746
v 7.0773 0.5100 1.6817
v 7.0722 0.5100 1.6939
v 7.0600 0.5100 1.6990
v 7.0478 0.5100 1.6939
v 7.0427 0.5100 1.6817
v 7.0478 0.5100 1.6694
v 7.0600 0.5100 1.6643
v 7.0722 0.5100 1.6694
v 7.0800 0.5000 1.6817
v 7.0741 0.5000 1.6958
v 7.0600 0.5000 1.7017
v 7.0459 0.5000 1.6958
v 7.0400 0.5000 1.6817
v 7.0459 0.5000 1.6675
v 7.0600 0.5000 1.6617
v 7.0741 0.5000 1.6675
v 7.0773 0.4900 1.6817
v 7.0722 0.4900 1.6939
v 7.0600 0.4900 1.6990
v 7.0478 0.4900 1.6939
v 7.0427 0.4900 1.6817
v 7.0478 0.4900 1.6694
v 7.0600 0.4900 1.6643
v 7.0722 0.4900 1.6694
v 7.0700 0.4827 1.6817
v 7.0671 0.4827 1.6887
v 7.0600 0.4827 1.6917
v 7.0529 0.4827 1.6887
v 7.0500 0.4827 1.6817
v 7.0529 0.4827 1.6746
v 7.0600 0.4827 1.6717
v 7.0671 0.4827 1.6746
v 7.0600 0.4800 1.6817
v 7.0600 0.4800 1.6817
v 7.0600 0.4800 1.6817
v 7.0600 0.4800 1.6817
v 7.0600 0.4800 1.6817
v 7.0600 0.4800 1.6817
v 7.0600 0.4800 1.6817
v 7.0600 0.4800 1.6817
v 7.0600 0.5200 -0.2683
v 7.0600 0.5200 -0.2683
v 7.0600 0.5200 -0.2683
v 7.0600 0.5200 -0.2683
v 7.0600 0.5200 -0.2683
v 7.0600 0.5200 -0.2683
v 7.0600 0.5200 -0.2683
v 7.0600 0.5200 -0.2683
v 7.0700 0.5173 -0.2683
v 7.0671 0.5173 -0.2613
v 7.0600 0.5173 -0.2583
v 7.0529 0.5173 -0.2613
v 7.0500 0.5173 -0.2683
v 7.0529 0.5173 -0.2754
v 7.0600 0.5173 -0.2783
v 7.0671 0.5173 -0.2754
v 7.0773 0.5100 -0.2683
v 7.0722 0.5100 -0.2561
v 7.0600 0.5100 -0.2510
v 7.0478 0.5100 -0.2561
v 7.0427 0.5100 -0.2683
v 7.0478 0.5100 -0.2806
v 7.0600 0.5100 -0.2857
v 7.0722 0.5100 -0.2806
v 7.0800 0.5000 -0.2683
v 7.0741 0.5000 -0.2542
v 7.0600 0.5000 -0.2483
v 7.0459 0.5000 -0.2542
v 7.0400 0.5000 -0.2683
v 7.0459 0.5000 -0.2825
v 7.0600 0.5000 -0.2883
v 7.0741 0.5000 -0.2825
v 7.0773 0.4900 -0.2683
v 7.0722 0.4900 -0.2561
v 7.0600 0.4900 -0.2510
v 7.0478 0.4900 -0.2561
v 7.0427 0.4900 -0.2683
v 7.0478 0.4900 -0.2806
v 7.0600 0.4900 -0.2857
v 7.0722 0.4900 -0.2806
v 7.0700 0.4827 -0.2683
v 7.0671 0.4827 -0.2613
v 7.0600 0.4827 -0.2583
v 7.0529 0.4827 -0.2613
v 7.0500 0.4827 -0.2683
v 7.0529 0.4827 -0.2754
v 7.0600 0.4827 -0.2783
v 7.0671 0.4827 -0.2754
v 7.0600 0.4800 -0.2683
v 7.0600 0.4800 -0.2683
v 7.0600 0.4800 -0.2683
v 7.0600 0.4800 -0.2683
v 7.0600 0.4800 -0.2683
v 7.0600 0.4800 -0.2683
v 7.0600 0.4800 -0.2683
v 7.0600 0.4800 -0.2683
vn -0.3090 0.0000 0.9511
usemtl pvc_gray
f 1387//1251 1388//1251 1398//1251 1397//1251
vn -0.8090 0.0000 0.5878
f 1388//1252 1389//1252 1399//1252 1398//1252
vn -1.0000 0.0000 0.0000
f 1389//1253 1390//1253 1400//1253 1399//1253
vn -0.8090 0.0000 -0.5878
f 1390//1254 1391//1254 1401//1254 1400//1254
vn -0.3090 0.0000 -0.9511
f 1391//1255 1392//1255 1402//1255 1401//1255
vn 0.3090 0.0000 -0.9511
f 1392//1256 1393//1256 1403//1256 1402//1256
vn 0.8090 0.0000 -0.5878
f 1393//1257 1394//1257 1404//1257 1403//1257
vn 1.0000 0.0000 0.0000
f 1394//1258 1395//1258 1405//1258 1404//1258
vn 0.8090 0.0000 0.5878
f 1395//1259 1396//1259 1406//1259 1405//1259
vn 0.3090 0.0000 0.9511
f 1396//1260 1387//1260 1397//1260 1406//1260
vn 0.9511 -0.3090 0.0000
f 1407//1261 1408//1261 1418//1261 1417//1261
vn 0.5878 -0.8090 0.0000
f 1408//1262 1409//1262 1419//1262 1418//1262
vn 0.0000 -1.0000 0.0000
f 1409//1263 1410//1263 1420//1263 1419//1263
vn -0.5878 -0.8090 0.0000
f 1410//1264 1411//1264 1421//1264 1420//1264
vn -0.9511 -0.3090 0.0000
f 1411//1265 1412//1265 1422//1265 1421//1265
vn -0.9511 0.3090 0.0000
f 1412//1266 1413//1266 1423//1266 1422//1266
vn -0.5878 0.8090 0.0000
f 1413//1267 1414//1267 1424//1267 1423//1267
vn 0.0000 1.0000 0.0000
f 1414//1268 1415//1268 1425//1268 1424//1268
vn 0.5878 0.8090 0.0000
f 1415//1269 1416//1269 1426//1269 1425//1269
vn 0.9511 0.3090 0.0000
f 1416//1270 1407//1270 1417//1270 1426//1270
vn -0.3090 0.0000 -0.9511
f 1427//1271 1428//1271 1438//1271 1437//1271
vn -0.8090 0.0000 -0.5878
f 1428//1272 1429//1272 1439//1272 1438//1272
vn -1.0000 0.0000 0.0000
f 1429//1273 1430//1273 1440//1273 1439//1273
vn -0.8090 0.0000 0.5878
f 1430//1274 1431//1274 1441//1274 1440//1274
vn -0.3090 0.0000 0.9511
f 1431//1275 1432//1275 1442//1275 1441//1275
vn 0.3090 0.0000 0.9511
f 1432//1276 1433//1276 1443//1276 1442//1276
vn 0.8090 0.0000 0.5878
f 1433//1277 1434//1277 1444//1277 1443//1277
vn 1.0000 0.0000 0.0000
f 1434//1278 1435//1278 1445//1278 1444//1278
vn 0.8090 0.0000 -0.5878
f 1435//1279 1436//1279 1446//1279 1445//1279
vn 0.3090 0.0000 -0.9511
f 1436//1280 1427//1280 1437//1280 1446//1280
vn 0.2573 0.9604 0.1066
f 1447//1281 1448//1281 1456//1281 1455//1281
vn 0.1066 0.9604 0.2573
f 1448//1282 1449//1282 1457//1282 1456//1282
vn -0.1066 0.9604 0.2573
f 1449//1283 1450//1283 1458//1283 1457//1283
vn -0.2573 0.9604 0.1066
f 1450//1284 1451//1284 1459//1284 1458//1284
vn -0.2573 0.9604 -0.1066
f 1451//1285 1452//1285 1460//1285 1459//1285
vn -0.1066 0.9604 -0.2573
f 1452//1286 1453//1286 1461//1286 1460//1286
vn 0.1066 0.9604 -0.2573
f 1453//1287 1454//1287 1462//1287 1461//1287
vn 0.2573 0.9604 -0.1066
f 1454//1288 1447//1288 1455//1288 1462//1288
vn 0.6786 0.6786 0.2811
f 1455//1289 1456//1289 1464//1289 1463//1289
vn 0.2811 0.6786 0.6786
f 1456//1290 1457//1290 1465//1290 1464//1290
vn -0.2811 0.6786 0.6786
f 1457//1291 1458//1291 1466//1291 1465//1291
vn -0.6786 0.6786 0.2811
f 1458//1292 1459//1292 1467//1292 1466//1292
vn -0.6786 0.6786 -0.2811
f 1459//1293 1460//1293 1468//1293 1467//1293
vn -0.2811 0.6786 -0.6786
f 1460//1294 1461//1294 1469//1294 1468//1294
vn 0.2811 0.6786 -0.6786
f 1461//1295 1462//1295 1470//1295 1469//1295
vn 0.6786 0.6786 -0.2811
f 1462//1296 1455//1296 1463//1296 1470//1296
vn 0.8968 0.2403 0.3715
f 1463//1297 1464//1297 1472//1297 1471//1297
vn 0.3715 0.2403 0.8968
f 1464//1298 1465//1298 1473//1298 1472//1298
vn -0.3715 0.2403 0.8968
f 1465//1299 1466//1299 1474//1299 1473//1299
vn -0.8968 0.2403 0.3715
f 1466//1300 1467//1300 1475//1300 1474//1300
vn -0.8968 0.2403 -0.3715
f 1467//1301 1468//1301 1476//1301 1475//1301
vn -0.3715 0.2403 -0.8968
f 1468//1302 1469//1302 1477//1302 1476//1302
vn 0.3715 0.2403 -0.8968
f 1469//1303 1470//1303 1478//1303 1477//1303
vn 0.8968 0.2403 -0.3715
f 1470//1304 1463//1304 1471//1304 1478//1304
vn 0.8968 -0.2403 0.3715
f 1471//1305 1472//1305 1480//1305 1479//1305
vn 0.3715 -0.2403 0.8968
f 1472//1306 1473//1306 1481//1306 1480//1306
vn -0.3715 -0.2403 0.8968
f 1473//1307 1474//1307 1482//1307 1481//1307
vn -0.8968 -0.2403 0.3715
f 1474//1308 1475//1308 1483//1308 1482//1308
vn -0.8968 -0.2403 -0.3715
f 1475//1309 1476//1309 1484//1309 1483//1309
vn -0.3715 -0.2403 -0.8968
f 1476//1310 1477//1310 1485//1310 1484//1310
vn 0.3715 -0.2403 -0.8968
f 1477//1311 1478//1311 1486//1311 1485//1311
vn 0.8968 -0.2403 -0.3715
f 1478//1312 1471//1312 1479//1312 1486//1312
vn 0.6786 -0.6786 0.2811
f 1479//1313 1480//1313 1488//1313 1487//1313
vn 0.2811 -0.6786 0.6786
f 1480//1314 1481//1314 1489//1314 1488//1314
vn -0.2811 -0.6786 0.6786
f 1481//1315 1482//1315 1490//1315 1489//1315
vn -0.6786 -0.6786 0.2811
f 1482//1316 1483//1316 1491//1316 1490//1316
vn -0.6786 -0.6786 -0.2811
f 1483//1317 1484//1317 1492//1317 1491//1317
vn -0.2811 -0.6786 -0.6786
f 1484//1318 1485//1318 1493//1318 1492//1318
vn 0.2811 -0.6786 -0.6786
f 1485//1319 1486//1319 1494//1319 1493//1319
vn 0.6786 -0.6786 -0.2811
f 1486//1320 1479//1320 1487//1320 1494//1320
vn 0.2573 -0.9604 0.1066
f 1487//1321 1488//1321 1496//1321 1495//1321
vn 0.1066 -0.9604 0.2573
f 1488//1322 1489//1322 1497//1322 1496//1322
vn -0.1066 -0.9604 0.2573
f 1489//1323 1490//1323 1498//1323 1497//1323
vn -0.2573 -0.9604 0.1066
f 1490//1324 1491//1324 1499//1324 1498//1324
vn -0.2573 -0.9604 -0.1066
f 1491//1325 1492//1325 1500//1325 1499//1325
vn -0.1066 -0.9604 -0.2573
f 1492//1326 1493//1326 1501//1326 1500//1326
vn 0.1066 -0.9604 -0.2573
f 1493//1327 1494//1327 1502//1327 1501//1327
vn 0.2573 -0.9604 -0.1066
f 1494//1328 1487//1328 1495//1328 1502//1328
vn 0.2573 0.9604 0.1066
f 1503//1329 1504//1329 1512//1329 1511//1329
vn 0.1066 0.9604 0.2573
f 1504//1330 1505//1330 1513//1330 1512//1330
vn -0.1066 0.9604 0.2573
f 1505//1331 1506//1331 1514//1331 1513//1331
vn -0.2573 0.9604 0.1066
f 1506//1332 1507//1332 1515//1332 1514//1332
vn -0.2573 0.9604 -0.1066
f 1507//1333 1508//1333 1516//1333 1515//1333
vn -0.1066 0.9604 -0.2573
f 1508//1334 1509//1334 1517//1334 1516//1334
vn 0.1066 0.9604 -0.2573
f 1509//1335 1510//1335 1518//1335 1517//1335
vn 0.2573 0.9604 -0.1066
f 1510//1336 1503//1336 1511//1336 1518//1336
vn 0.6786 0.6786 0.2811
f 1511//1337 1512//1337 1520//1337 1519//1337
vn 0.2811 0.6786 0.6786
f 1512//1338 1513//1338 1521//1338 1520//1338
vn -0.2811 0.6786 0.6786
f 1513//1339 1514//1339 1522//1339 1521//1339
vn -0.6786 0.6786 0.2811
f 1514//1340 1515//1340 1523//1340 1522//1340
vn -0.6786 0.6786 -0.2811
f 1515//1341 1516//1341 1524//1341 1523//1341
vn -0.2811 0.6786 -0.6786
f 1516//1342 1517//1342 1525//1342 1524//1342
vn 0.2811 0.6786 -0.6786
f 1517//1343 1518//1343 1526//1343 1525//1343
vn 0.6786 0.6786 -0.2811
f 1518//1344 1511//1344 1519//1344 1526//1344
vn 0.8968 0.2403 0.3715
f 1519//1345 1520//1345 1528//1345 1527//1345
vn 0.3715 0.2403 0.8968
f 1520//1346 1521//1346 1529//1346 1528//1346
vn -0.3715 0.2403 0.8968
f 1521//1347 1522//1347 1530//1347 1529//1347
vn -0.8968 0.2403 0.3715
f 1522//1348 1523//1348 1531//1348 1530//1348
vn -0.8968 0.2403 -0.3715
f 1523//1349 1524//1349 1532//1349 1531//1349
vn -0.3715 0.2403 -0.8968
f 1524//1350 1525//1350 1533//1350 1532//1350
vn 0.3715 0.2403 -0.8968
f 1525//1351 1526//1351 1534//1351 1533//1351
vn 0.8968 0.2403 -0.3715
f 1526//1352 1519//1352 1527//1352 1534//1352
vn 0.8968 -0.2403 0.3715
f 1527//1353 1528//1353 1536//1353 1535//1353
vn 0.3715 -0.2403 0.8968
f 1528//1354 1529//1354 1537//1354 1536//1354
vn -0.3715 -0.2403 0.8968
f 1529//1355 1530//1355 1538//1355 1537//1355
vn -0.8968 -0.2403 0.3715
f 1530//1356 1531//1356 1539//1356 1538//1356
vn -0.8968 -0.2403 -0.3715
f 1531//1357 1532//1357 1540//1357 1539//1357
vn -0.3715 -0.2403 -0.8968
f 1532//1358 1533//1358 1541//1358 1540//1358
vn 0.3715 -0.2403 -0.8968
f 1533//1359 1534//1359 1542//1359 1541//1359
vn 0.8968 -0.2403 -0.3715
f 1534//1360 1527//1360 1535//1360 1542//1360
vn 0.6786 -0.6786 0.2811
f 1535//1361 1536//1361 1544//1361 1543//1361
vn 0.2811 -0.6786 0.6786
f 1536//1362 1537//1362 1545//1362 1544//1362
vn -0.2811 -0.6786 0.6786
f 1537//1363 1538//1363 1546//1363 1545//1363
vn -0.6786 -0.6786 0.2811
f 1538//1364 1539//1364 1547//1364 1546//1364
vn -0.6786 -0.6786 -0.2811
f 1539//1365 1540//1365 1548//1365 1547//1365
vn -0.2811 -0.6786 -0.6786
f 1540//1366 1541//1366 1549//1366 1548//1366
vn 0.2811 -0.6786 -0.6786
f 1541//1367 1542//1367 1550//1367 1549//1367
vn 0.6786 -0.6786 -0.2811
f 1542//1368 1535//1368 1543//1368 1550//1368
vn 0.2573 -0.9604 0.1066
f 1543//1369 1544//1369 1552//1369 1551//1369
vn 0.1066 -0.9604 0.2573
f 1544//1370 1545//1370 1553//1370 1552//1370
vn -0.1066 -0.9604 0.2573
f 1545//1371 1546//1371 1554//1371 1553//1371
vn -0.2573 -0.9604 0.1066
f 1546//1372 1547//1372 1555//1372 1554//1372
vn -0.2573 -0.9604 -0.1066
f 1547//1373 1548//1373 1556//1373 1555//1373
vn -0.1066 -0.9604 -0.2573
f 1548//1374 1549//1374 1557//1374 1556//1374
vn 0.1066 -0.9604 -0.2573
f 1549//1375 1550//1375 1558//1375 1557//1375
vn 0.2573 -0.9604 -0.1066
f 1550//1376 1543//1376 1551//1376 1558//1376
o pvc_hub_to_main_panel
v 7.1100 1.0000 -0.1283
v 7.0982 1.0000 -0.1322
v 7.0910 1.0000 -0.1422
v 7.0910 1.0000 -0.1545
v 7.0982 1.0000 -0.1645
v 7.1100 1.0000 -0.1683
v 7.1218 1.0000 -0.1645
v 7.1290 1.0000 -0.1545
v 7.1290 1.0000 -0.1422
v 7.1218 1.0000 -0.1322
v 7.1100 0.3800 -0.1283
v 7.0982 0.3800 -0.1322
v 7.0910 0.3800 -0.1422
v 7.0910 0.3800 -0.1545
v 7.0982 0.3800 -0.1645
v 7.1100 0.3800 -0.1683
v 7.1218 0.3800 -0.1645
v 7.1290 0.3800 -0.1545
v 7.1290 0.3800 -0.1422
v 7.1218 0.3800 -0.1322
v 7.0900 0.3800 -0.1483
v 7.0938 0.3682 -0.1483
v 7.1038 0.3610 -0.1483
v 7.1162 0.3610 -0.1483
v 7.1262 0.3682 -0.1483
v 7.1300 0.3800 -0.1483
v 7.1262 0.3918 -0.1483
v 7.1162 0.3990 -0.1483
v 7.1038 0.3990 -0.1483
v 7.0938 0.3918 -0.1483
v 7.0900 0.3800 0.6317
v 7.0938 0.3682 0.6317
v 7.1038 0.3610 0.6317
v 7.1162 0.3610 0.6317
v 7.1262 0.3682 0.6317
v 7.1300 0.3800 0.6317
v 7.1262 0.3918 0.6317
v 7.1162 0.3990 0.6317
v 7.1038 0.3990 0.6317
v 7.0938 0.3918 0.6317
v 7.1100 0.3800 0.6117
v 7.0982 0.3800 0.6155
v 7.0910 0.3800 0.6255
v 7.0910 0.3800 0.6378
v 7.0982 0.3800 0.6478
v 7.1100 0.3800 0.6517
v 7.1218 0.3800 0.6478
v 7.1290 0.3800 0.6378
v 7.1290 0.3800 0.6255
v 7.1218 0.3800 0.6155
v 7.1100 0.7500 0.6117
v 7.0982 0.7500 0.6155
v 7.0910 0.7500 0.6255
v 7.0910 0.7500 0.6378
v 7.0982 0.7500 0.6478
v 7.1100 0.7500 0.6517
v 7.1218 0.7500 0.6478
v 7.1290 0.7500 0.6378
v 7.1290 0.7500 0.6255
v 7.1218 0.7500 0.6155
v 7.1100 0.4000 -0.1483
v 7.1100 0.4000 -0.1483
v 7.1100 0.4000 -0.1483
v 7.1100 0.4000 -0.1483
v 7.1100 0.4000 -0.1483
v 7.1100 0.4000 -0.1483
v 7.1100 0.4000 -0.1483
v 7.1100 0.4000 -0.1483
v 7.1200 0.3973 -0.1483
v 7.1171 0.3973 -0.1413
v 7.1100 0.3973 -0.1383
v 7.1029 0.3973 -0.1413
v 7.1000 0.3973 -0.1483
v 7.1029 0.3973 -0.1554
v 7.1100 0.3973 -0.1583
v 7.1171 0.3973 -0.1554
v 7.1273 0.3900 -0.1483
v 7.1222 0.3900 -0.1361
v 7.1100 0.3900 -0.1310
v 7.0978 0.3900 -0.1361
v 7.0927 0.3900 -0.1483
v 7.0978 0.3900 -0.1606
v 7.1100 0.3900 -0.1657
v 7.1222 0.3900 -0.1606
v 7.1300 0.3800 -0.1483
v 7.1241 0.3800 -0.1342
v 7.1100 0.3800 -0.1283
v 7.0959 0.3800 -0.1342
v 7.0900 0.3800 -0.1483
v 7.0959 0.3800 -0.1625
v 7.1100 0.3800 -0.1683
v 7.1241 0.3800 -0.1625
v 7.1273 0.3700 -0.1483
v 7.1222 0.3700 -0.1361
v 7.1100 0.3700 -0.1310
v 7.0978 0.3700 -0.1361
v 7.0927 0.3700 -0.1483
v 7.0978 0.3700 -0.1606
v 7.1100 0.3700 -0.1657
v 7.1222 0.3700 -0.1606
v 7.1200 0.3627 -0.1483
v 7.1171 0.3627 -0.1413
v 7.1100 0.3627 -0.1383
v 7.1029 0.3627 -0.1413
v 7.1000 0.3627 -0.1483
v 7.1029 0.3627 -0.1554
v 7.1100 0.3627 -0.1583
v 7.1171 0.3627 -0.1554
v 7.1100 0.3600 -0.1483
v 7.1100 0.3600 -0.1483
v 7.1100 0.3600 -0.1483
v 7.1100 0.3600 -0.1483
v 7.1100 0.3600 -0.1483
v 7.1100 0.3600 -0.1483
v 7.1100 0.3600 -0.1483
v 7.1100 0.3600 -0.1483
v 7.1100 0.4000 0.6317
v 7.1100 0.4000 0.6317
v 7.1100 0.4000 0.6317
v 7.1100 0.4000 0.6317
v 7.1100 0.4000 0.6317
v 7.1100 0.4000 0.6317
v 7.1100 0.4000 0.6317
v 7.1100 0.4000 0.6317
v 7.1200 0.3973 0.6317
v 7.1171 0.3973 0.6387
v 7.1100 0.3973 0.6417
v 7.1029 0.3973 0.6387
v 7.1000 0.3973 0.6317
v 7.1029 0.3973 0.6246
v 7.1100 0.3973 0.6217
v 7.1171 0.3973 0.6246
v 7.1273 0.3900 0.6317
v 7.1222 0.3900 0.6439
v 7.1100 0.3900 0.6490
v 7.0978 0.3900 0.6439
v 7.0927 0.3900 0.6317
v 7.0978 0.3900 0.6194
v 7.1100 0.3900 0.6143
v 7.1222 0.3900 0.6194
v 7.1300 0.3800 0.6317
v 7.1241 0.3800 0.6458
v 7.1100 0.3800 0.6517
v 7.0959 0.3800 0.6458
v 7.0900 0.3800 0.6317
v 7.0959 0.3800 0.6175
v 7.1100 0.3800 0.6117
v 7.1241 0.3800 0.6175
v 7.1273 0.3700 0.6317
v 7.1222 0.3700 0.6439
v 7.1100 0.3700 0.6490
v 7.0978 0.3700 0.6439
v 7.0927 0.3700 0.6317
v 7.0978 0.3700 0.6194
v 7.1100 0.3700 0.6143
v 7.1222 0.3700 0.6194
v 7.1200 0.3627 0.6317
v 7.1171 0.3627 0.6387
v 7.1100 0.3627 0.6417
v 7.1029 0.3627 0.6387
v 7.1000 0.3627 0.6317
v 7.1029 0.3627 0.6246
v 7.1100 0.3627 0.6217
v 7.1171 0.3627 0.6246
v 7.1100 0.3600 0.6317
v 7.1100 0.3600 0.6317
v 7.1100 0.3600 0.6317
v 7.1100 0.3600 0.6317
v 7.1100 0.3600 0.6317
v 7.1100 0.3600 0.6317
v 7.1100 0.3600 0.6317
v 7.1100 0.3600 0.6317
vn -0.3090 0.0000 0.9511
usemtl pvc_gray
f 1559//1377 1560//1377 1570//1377 1569//1377
vn -0.8090 0.0000 0.5878
f 1560//1378 1561//1378 1571//1378 1570//1378
vn -1.0000 0.0000 0.0000
f 1561//1379 1562//1379 1572//1379 1571//1379
vn -0.8090 0.0000 -0.5878
f 1562//1380 1563//1380 1573//1380 1572//1380
vn -0.3090 0.0000 -0.9511
f 1563//1381 1564//1381 1574//1381 1573//1381
vn 0.3090 0.0000 -0.9511
f 1564//1382 1565//1382 1575//1382 1574//1382
vn 0.8090 0.0000 -0.5878
f 1565//1383 1566//1383 1576//1383 1575//1383
vn 1.0000 0.0000 0.0000
f 1566//1384 1567//1384 1577//1384 1576//1384
vn 0.8090 0.0000 0.5878
f 1567//1385 1568//1385 1578//1385 1577//1385
vn 0.3090 0.0000 0.9511
f 1568//1386 1559//1386 1569//1386 1578//1386
vn -0.9511 -0.3090 0.0000
f 1579//1387 1580//1387 1590//1387 1589//1387
vn -0.5878 -0.8090 0.0000
f 1580//1388 1581//1388 1591//1388 1590//1388
vn 0.0000 -1.0000 0.0000
f 1581//1389 1582//1389 1592//1389 1591//1389
vn 0.5878 -0.8090 0.0000
f 1582//1390 1583//1390 1593//1390 1592//1390
vn 0.9511 -0.3090 0.0000
f 1583//1391 1584//1391 1594//1391 1593//1391
vn 0.9511 0.3090 0.0000
f 1584//1392 1585//1392 1595//1392 1594//1392
vn 0.5878 0.8090 0.0000
f 1585//1393 1586//1393 1596//1393 1595//1393
vn 0.0000 1.0000 0.0000
f 1586//1394 1587//1394 1597//1394 1596//1394
vn -0.5878 0.8090 0.0000
f 1587//1395 1588//1395 1598//1395 1597//1395
vn -0.9511 0.3090 0.0000
f 1588//1396 1579//1396 1589//1396 1598//1396
vn -0.3090 0.0000 -0.9511
f 1599//1397 1600//1397 1610//1397 1609//1397
vn -0.8090 0.0000 -0.5878
f 1600//1398 1601//1398 1611//1398 1610//1398
vn -1.0000 0.0000 0.0000
f 1601//1399 1602//1399 1612//1399 1611//1399
vn -0.8090 0.0000 0.5878
f 1602//1400 1603//1400 1613//1400 1612//1400
vn -0.3090 0.0000 0.9511
f 1603//1401 1604//1401 1614//1401 1613//1401
vn 0.3090 0.0000 0.9511
f 1604//1402 1605//1402 1615//1402 1614//1402
vn 0.8090 0.0000 0.5878
f 1605//1403 1606//1403 1616//1403 1615//1403
vn 1.0000 0.0000 0.0000
f 1606//1404 1607//1404 1617//1404 1616//1404
vn 0.8090 0.0000 -0.5878
f 1607//1405 1608//1405 1618//1405 1617//1405
vn 0.3090 0.0000 -0.9511
f 1608//1406 1599//1406 1609//1406 1618//1406
vn 0.2573 0.9604 0.1066
f 1619//1407 1620//1407 1628//1407 1627//1407
vn 0.1066 0.9604 0.2573
f 1620//1408 1621//1408 1629//1408 1628//1408
vn -0.1066 0.9604 0.2573
f 1621//1409 1622//1409 1630//1409 1629//1409
vn -0.2573 0.9604 0.1066
f 1622//1410 1623//1410 1631//1410 1630//1410
vn -0.2573 0.9604 -0.1066
f 1623//1411 1624//1411 1632//1411 1631//1411
vn -0.1066 0.9604 -0.2573
f 1624//1412 1625//1412 1633//1412 1632//1412
vn 0.1066 0.9604 -0.2573
f 1625//1413 1626//1413 1634//1413 1633//1413
vn 0.2573 0.9604 -0.1066
f 1626//1414 1619//1414 1627//1414 1634//1414
vn 0.6786 0.6786 0.2811
f 1627//1415 1628//1415 1636//1415 1635//1415
vn 0.2811 0.6786 0.6786
f 1628//1416 1629//1416 1637//1416 1636//1416
vn -0.2811 0.6786 0.6786
f 1629//1417 1630//1417 1638//1417 1637//1417
vn -0.6786 0.6786 0.2811
f 1630//1418 1631//1418 1639//1418 1638//1418
vn -0.6786 0.6786 -0.2811
f 1631//1419 1632//1419 1640//1419 1639//1419
vn -0.2811 0.6786 -0.6786
f 1632//1420 1633//1420 1641//1420 1640//1420
vn 0.2811 0.6786 -0.6786
f 1633//1421 1634//1421 1642//1421 1641//1421
vn 0.6786 0.6786 -0.2811
f 1634//1422 1627//1422 1635//1422 1642//1422
vn 0.8968 0.2403 0.3715
f 1635//1423 1636//1423 1644//1423 1643//1423
vn 0.3715 0.2403 0.8968
f 1636//1424 1637//1424 1645//1424 1644//1424
vn -0.3715 0.2403 0.8968
f 1637//1425 1638//1425 1646//1425 1645//1425
vn -0.8968 0.2403 0.3715
f 1638//1426 1639//1426 1647//1426 1646//1426
vn -0.8968 0.2403 -0.3715
f 1639//1427 1640//1427 1648//1427 1647//1427
vn -0.3715 0.2403 -0.8968
f 1640//1428 1641//1428 1649//1428 1648//1428
vn 0.3715 0.2403 -0.8968
f 1641//1429 1642//1429 1650//1429 1649//1429
vn 0.8968 0.2403 -0.3715
f 1642//1430 1635//1430 1643//1430 1650//1430
vn 0.8968 -0.2403 0.3715
f 1643//1431 1644//1431 1652//1431 1651//1431
vn 0.3715 -0.2403 0.8968
f 1644//1432 1645//1432 1653//1432 1652//1432
vn -0.3715 -0.2403 0.8968
f 1645//1433 1646//1433 1654//1433 1653//1433
vn -0.8968 -0.2403 0.3715
f 1646//1434 1647//1434 1655//1434 1654//1434
vn -0.8968 -0.2403 -0.3715
f 1647//1435 1648//1435 1656//1435 1655//1435
vn -0.3715 -0.2403 -0.8968
f 1648//1436 1649//1436 1657//1436 1656//1436
vn 0.3715 -0.2403 -0.8968
f 1649//1437 1650//1437 1658//1437 1657//1437
vn 0.8968 -0.2403 -0.3715
f 1650//1438 1643//1438 1651//1438 1658//1438
vn 0.6786 -0.6786 0.2811
f 1651//1439 1652//1439 1660//1439 1659//1439
vn 0.2811 -0.6786 0.6786
f 1652//1440 1653//1440 1661//1440 1660//1440
vn -0.2811 -0.6786 0.6786
f 1653//1441 1654//1441 1662//1441 1661//1441
vn -0.6786 -0.6786 0.2811
f 1654//1442 1655//1442 1663//1442 1662//1442
vn -0.6786 -0.6786 -0.2811
f 1655//1443 1656//1443 1664//1443 1663//1443
vn -0.2811 -0.6786 -0.6786
f 1656//1444 1657//1444 1665//1444 1664//1444
vn 0.2811 -0.6786 -0.6786
f 1657//1445 1658//1445 1666//1445 1665//1445
vn 0.6786 -0.6786 -0.2811
f 1658//1446 1651//1446 1659//1446 1666//1446
vn 0.2573 -0.9604 0.1066
f 1659//1447 1660//1447 1668//1447 1667//1447
vn 0.1066 -0.9604 0.2573
f 1660//1448 1661//1448 1669//1448 1668//1448
vn -0.1066 -0.9604 0.2573
f 1661//1449 1662//1449 1670//1449 1669//1449
vn -0.2573 -0.9604 0.1066
f 1662//1450 1663//1450 1671//1450 1670//1450
vn -0.2573 -0.9604 -0.1066
f 1663//1451 1664//1451 1672//1451 1671//1451
vn -0.1066 -0.9604 -0.2573
f 1664//1452 1665//1452 1673//1452 1672//1452
vn 0.1066 -0.9604 -0.2573
f 1665//1453 1666//1453 1674//1453 1673//1453
vn 0.2573 -0.9604 -0.1066
f 1666//1454 1659//1454 1667//1454 1674//1454
vn 0.2573 0.9604 0.1066
f 1675//1455 1676//1455 1684//1455 1683//1455
vn 0.1066 0.9604 0.2573
f 1676//1456 1677//1456 1685//1456 1684//1456
vn -0.1066 0.9604 0.2573
f 1677//1457 1678//1457 1686//1457 1685//1457
vn -0.2573 0.9604 0.1066
f 1678//1458 1679//1458 1687//1458 1686//1458
vn -0.2573 0.9604 -0.1066
f 1679//1459 1680//1459 1688//1459 1687//1459
vn -0.1066 0.9604 -0.2573
f 1680//1460 1681//1460 1689//1460 1688//1460
vn 0.1066 0.9604 -0.2573
f 1681//1461 1682//1461 1690//1461 1689//1461
vn 0.2573 0.9604 -0.1066
f 1682//1462 1675//1462 1683//1462 1690//1462
vn 0.6786 0.6786 0.2811
f 1683//1463 1684//1463 1692//1463 1691//1463
vn 0.2811 0.6786 0.6786
f 1684//1464 1685//1464 1693//1464 1692//1464
vn -0.2811 0.6786 0.6786
f 1685//1465 1686//1465 1694//1465 1693//1465
vn -0.6786 0.6786 0.2811
f 1686//1466 1687//1466 1695//1466 1694//1466
vn -0.6786 0.6786 -0.2811
f 1687//1467 1688//1467 1696//1467 1695//1467
vn -0.2811 0.6786 -0.6786
f 1688//1468 1689//1468 1697//1468 1696//1468
vn 0.2811 0.6786 -0.6786
f 1689//1469 1690//1469 1698//1469 1697//1469
vn 0.6786 0.6786 -0.2811
f 1690//1470 1683//1470 1691//1470 1698//1470
vn 0.8968 0.2403 0.3715
f 1691//1471 1692//1471 1700//1471 1699//1471
vn 0.3715 0.2403 0.8968
f 1692//1472 1693//1472 1701//1472 1700//1472
vn -0.3715 0.2403 0.8968
f 1693//1473 1694//1473 1702//1473 1701//1473
vn -0.8968 0.2403 0.3715
f 1694//1474 1695//1474 1703//1474 1702//1474
vn -0.8968 0.2403 -0.3715
f 1695//1475 1696//1475 1704//1475 1703//1475
vn -0.3715 0.2403 -0.8968
f 1696//1476 1697//1476 1705//1476 1704//1476
vn 0.3715 0.2403 -0.8968
f 1697//1477 1698//1477 1706//1477 1705//1477
vn 0.8968 0.2403 -0.3715
f 1698//1478 1691//1478 1699//1478 1706//1478
vn 0.8968 -0.2403 0.3715
f 1699//1479 1700//1479 1708//1479 1707//1479
vn 0.3715 -0.2403 0.8968
f 1700//1480 1701//1480 1709//1480 1708//1480
vn -0.3715 -0.2403 0.8968
f 1701//1481 1702//1481 1710//1481 1709//1481
vn -0.8968 -0.2403 0.3715
f 1702//1482 1703//1482 1711//1482 1710//1482
vn -0.8968 -0.2403 -0.3715
f 1703//1483 1704//1483 1712//1483 1711//1483
vn -0.3715 -0.2403 -0.8968
f 1704//1484 1705//1484 1713//1484 1712//1484
vn 0.3715 -0.2403 -0.8968
f 1705//1485 1706//1485 1714//1485 1713//1485
vn 0.8968 -0.2403 -0.3715
f 1706//1486 1699//1486 1707//1486 1714//1486
vn 0.6786 -0.6786 0.2811
f 1707//1487 1708//1487 1716//1487 1715//1487
vn 0.2811 -0.6786 0.6786
f 1708//1488 1709//1488 1717//1488 1716//1488
vn -0.2811 -0.6786 0.6786
f 1709//1489 1710//1489 1718//1489 1717//1489
vn -0.6786 -0.6786 0.2811
f 1710//1490 1711//1490 1719//1490 1718//1490
vn -0.6786 -0.6786 -0.2811
f 1711//1491 1712//1491 1720//1491 1719//1491
vn -0.2811 -0.6786 -0.6786
f 1712//1492 1713//1492 1721//1492 1720//1492
vn 0.2811 -0.6786 -0.6786
f 1713//1493 1714//1493 1722//1493 1721//1493
vn 0.6786 -0.6786 -0.2811
f 1714//1494 1707//1494 1715//1494 1722//1494
vn 0.2573 -0.9604 0.1066
f 1715//1495 1716//1495 1724//1495 1723//1495
vn 0.1066 -0.9604 0.2573
f 1716//1496 1717//1496 1725//1496 1724//1496
vn -0.1066 -0.9604 0.2573
f 1717//1497 1718//1497 1726//1497 1725//1497
vn -0.2573 -0.9604 0.1066
f 1718//1498 1719//1498 1727//1498 1726//1498
vn -0.2573 -0.9604 -0.1066
f 1719//1499 1720//1499 1728//1499 1727//1499
vn -0.1066 -0.9604 -0.2573
f 1720//1500 1721//1500 1729//1500 1728//1500
vn 0.1066 -0.9604 -0.2573
f 1721//1501 1722//1501 1730//1501 1729//1501
vn 0.2573 -0.9604 -0.1066
f 1722//1502 1715//1502 1723//1502 1730//1502
o pvc_vlld_to_hub
v 7.0400 1.5000 -0.8433
v 7.0438 1.4882 -0.8433
v 7.0538 1.4810 -0.8433
v 7.0662 1.4810 -0.8433
v 7.0762 1.4882 -0.8433
v 7.0800 1.5000 -0.8433
v 7.0762 1.5118 -0.8433
v 7.0662 1.5190 -0.8433
v 7.0538 1.5190 -0.8433
v 7.0438 1.5118 -0.8433
v 7.0400 1.5000 -0.3683
v 7.0438 1.4882 -0.3683
v 7.0538 1.4810 -0.3683
v 7.0662 1.4810 -0.3683
v 7.0762 1.4882 -0.3683
v 7.0800 1.5000 -0.3683
v 7.0762 1.5118 -0.3683
v 7.0662 1.5190 -0.3683
v 7.0538 1.5190 -0.3683
v 7.0438 1.5118 -0.3683
vn -0.9511 -0.3090 0.0000
usemtl pvc_gray
f 1731//1503 1732//1503 1742//1503 1741//1503
vn -0.5878 -0.8090 0.0000
f 1732//1504 1733//1504 1743//1504 1742//1504
vn 0.0000 -1.0000 0.0000
f 1733//1505 1734//1505 1744//1505 1743//1505
vn 0.5878 -0.8090 0.0000
f 1734//1506 1735//1506 1745//1506 1744//1506
vn 0.9511 -0.3090 0.0000
f 1735//1507 1736//1507 1746//1507 1745//1507
vn 0.9511 0.3090 0.0000
f 1736//1508 1737//1508 1747//1508 1746//1508
vn 0.5878 0.8090 0.0000
f 1737//1509 1738//1509 1748//1509 1747//1509
vn 0.0000 1.0000 0.0000
f 1738//1510 1739//1510 1749//1510 1748//1510
vn -0.5878 0.8090 0.0000
f 1739//1511 1740//1511 1750//1511 1749//1511
vn -0.9511 0.3090 0.0000
f 1740//1512 1731//1512 1741//1512 1750//1512
o pvc_inverter_to_vlld
v 7.0400 1.4000 -1.2183
v 7.0438 1.3882 -1.2183
v 7.0538 1.3810 -1.2183
v 7.0662 1.3810 -1.2183
v 7.0762 1.3882 -1.2183
v 7.0800 1.4000 -1.2183
v 7.0762 1.4118 -1.2183
v 7.0662 1.4190 -1.2183
v 7.0538 1.4190 -1.2183
v 7.0438 1.4118 -1.2183
v 7.0400 1.4000 -0.9233
v 7.0438 1.3882 -0.9233
v 7.0538 1.3810 -0.9233
v 7.0662 1.3810 -0.9233
v 7.0762 1.3882 -0.9233
v 7.0800 1.4000 -0.9233
v 7.0762 1.4118 -0.9233
v 7.0662 1.4190 -0.9233
v 7.0538 1.4190 -0.9233
v 7.0438 1.4118 -0.9233
vn -0.9511 -0.3090 0.0000
usemtl pvc_gray
f 1751//1513 1752//1513 1762//1513 1761//1513
vn -0.5878 -0.8090 0.0000
f 1752//1514 1753//1514 1763//1514 1762//1514
vn 0.0000 -1.0000 0.0000
f 1753//1515 1754//1515 1764//1515 1763//1515
vn 0.5878 -0.8090 0.0000
f 1754//1516 1755//1516 1765//1516 1764//1516
vn 0.9511 -0.3090 0.0000
f 1755//1517 1756//1517 1766//1517 1765//1517
vn 0.9511 0.3090 0.0000
f 1756//1518 1757//1518 1767//1518 1766//1518
vn 0.5878 0.8090 0.0000
f 1757//1519 1758//1519 1768//1519 1767//1519
vn 0.0000 1.0000 0.0000
f 1758//1520 1759//1520 1769//1520 1768//1520
vn -0.5878 0.8090 0.0000
f 1759//1521 1760//1521 1770//1521 1769//1521
vn -0.9511 0.3090 0.0000
f 1760//1522 1751//1522 1761//1522 1770//1522
o flex_battery_to_inverter
v 7.3283 0.8000 -1.9822
v 7.3339 0.7902 -1.9898
v 7.3457 0.7842 -1.9930
v 7.3591 0.7842 -1.9906
v 7.3690 0.7902 -1.9836
v 7.3717 0.8000 -1.9745
v 7.3661 0.8098 -1.9669
v 7.3543 0.8158 -1.9637
v 7.3409 0.8158 -1.9661
v 7.3310 0.8098 -1.9731
v 7.2783 0.5500 -1.6972
v 7.2839 0.5402 -1.7048
v 7.2957 0.5342 -1.7080
v 7.3091 0.5342 -1.7056
v 7.3190 0.5402 -1.6986
v 7.3217 0.5500 -1.6895
v 7.3161 0.5598 -1.6819
v 7.3043 0.5658 -1.6787
v 7.2909 0.5658 -1.6811
v 7.2810 0.5598 -1.6881
v 7.2822 0.5500 -1.7063
v 7.2798 0.5416 -1.6958
v 7.2851 0.5364 -1.6845
v 7.2961 0.5364 -1.6765
v 7.3086 0.5416 -1.6749
v 7.3178 0.5500 -1.6804
v 7.3202 0.5584 -1.6908
v 7.3149 0.5636 -1.7022
v 7.3039 0.5636 -1.7102
v 7.2914 0.5584 -1.7118
v 7.0822 0.9500 -1.4313
v 7.0798 0.9416 -1.4208
v 7.0851 0.9364 -1.4095
v 7.0961 0.9364 -1.4015
v 7.1086 0.9416 -1.3999
v 7.1178 0.9500 -1.4054
v 7.1202 0.9584 -1.4158
v 7.1149 0.9636 -1.4272
v 7.1039 0.9636 -1.4352
v 7.0914 0.9584 -1.4368
v 7.3000 0.5720 -1.6933
v 7.3000 0.5720 -1.6933
v 7.3000 0.5720 -1.6933
v 7.3000 0.5720 -1.6933
v 7.3000 0.5720 -1.6933
v 7.3000 0.5720 -1.6933
v 7.3000 0.5720 -1.6933
v 7.3000 0.5720 -1.6933
v 7.3110 0.5691 -1.6933
v 7.3078 0.5691 -1.6856
v 7.3000 0.5691 -1.6823
v 7.2922 0.5691 -1.6856
v 7.2890 0.5691 -1.6933
v 7.2922 0.5691 -1.7011
v 7.3000 0.5691 -1.7043
v 7.3078 0.5691 -1.7011
v 7.3191 0.5610 -1.6933
v 7.3135 0.5610 -1.6799
v 7.3000 0.5610 -1.6743
v 7.2865 0.5610 -1.6799
v 7.2809 0.5610 -1.6933
v 7.2865 0.5610 -1.7068
v 7.3000 0.5610 -1.7124
v 7.3135 0.5610 -1.7068
v 7.3220 0.5500 -1.6933
v 7.3156 0.5500 -1.6778
v 7.3000 0.5500 -1.6713
v 7.2844 0.5500 -1.6778
v 7.2780 0.5500 -1.6933
v 7.2844 0.5500 -1.7089
v 7.3000 0.5500 -1.7153
v 7.3156 0.5500 -1.7089
v 7.3191 0.5390 -1.6933
v 7.3135 0.5390 -1.6799
v 7.3000 0.5390 -1.6743
v 7.2865 0.5390 -1.6799
v 7.2809 0.5390 -1.6933
v 7.2865 0.5390 -1.7068
v 7.3000 0.5390 -1.7124
v 7.3135 0.5390 -1.7068
v 7.3110 0.5309 -1.6933
v 7.3078 0.5309 -1.6856
v 7.3000 0.5309 -1.6823
v 7.2922 0.5309 -1.6856
v 7.2890 0.5309 -1.6933
v 7.2922 0.5309 -1.7011
v 7.3000 0.5309 -1.7043
v 7.3078 0.5309 -1.7011
v 7.3000 0.5280 -1.6933
v 7.3000 0.5280 -1.6933
v 7.3000 0.5280 -1.6933
v 7.3000 0.5280 -1.6933
v 7.3000 0.5280 -1.6933
v 7.3000 0.5280 -1.6933
v 7.3000 0.5280 -1.6933
v 7.3000 0.5280 -1.6933
vn -0.9018 -0.2338 -0.3633
usemtl flex_gray
f 1771//1523 1772//1523 1782//1523 1781//1523
vn -0.4875 -0.6122 -0.6225
f 1772//1524 1773//1524 1783//1524 1782//1524
vn 0.1130 -0.7567 -0.6439
f 1773//1525 1774//1525 1784//1525 1783//1525
vn 0.6703 -0.6122 -0.4194
f 1774//1526 1775//1526 1785//1526 1784//1526
vn 0.9717 -0.2338 -0.0346
f 1775//1527 1776//1527 1786//1527 1785//1527
vn 0.9018 0.2338 0.3633
f 1776//1528 1777//1528 1787//1528 1786//1528
vn 0.4875 0.6122 0.6225
f 1777//1529 1778//1529 1788//1529 1787//1529
vn -0.1130 0.7567 0.6439
f 1778//1530 1779//1530 1789//1530 1788//1530
vn -0.6703 0.6122 0.4194
f 1779//1531 1780//1531 1790//1531 1789//1531
vn -0.9717 0.2338 0.0346
f 1780//1532 1771//1532 1781//1532 1790//1532
vn -0.9076 -0.2001 -0.3690
f 1791//1533 1792//1533 1802//1533 1801//1533
vn -0.8379 -0.5240 0.1528
f 1792//1534 1793//1534 1803//1534 1802//1534
vn -0.4481 -0.6477 0.6162
f 1793//1535 1794//1535 1804//1535 1803//1535
vn 0.1128 -0.5240 0.8442
f 1794//1536 1795//1536 1805//1536 1804//1536
vn 0.6307 -0.2001 0.7498
f 1795//1537 1796//1537 1806//1537 1805//1537
vn 0.9076 0.2001 0.3690
f 1796//1538 1797//1538 1807//1538 1806//1538
vn 0.8379 0.5240 -0.1528
f 1797//1539 1798//1539 1808//1539 1807//1539
vn 0.4481 0.6477 -0.6162
f 1798//1540 1799//1540 1809//1540 1808//1540
vn -0.1128 0.5240 -0.8442
f 1799//1541 1800//1541 1810//1541 1809//1541
vn -0.6307 0.2001 -0.7498
f 1800//1542 1791//1542 1801//1542 1810//1542
vn 0.2573 0.9604 0.1066
f 1811//1543 1812//1543 1820//1543 1819//1543
vn 0.1066 0.9604 0.2573
f 1812//1544 1813//1544 1821//1544 1820//1544
vn -0.1066 0.9604 0.2573
f 1813//1545 1814//1545 1822//1545 1821//1545
vn -0.2573 0.9604 0.1066
f 1814//1546 1815//1546 1823//1546 1822//1546
vn -0.2573 0.9604 -0.1066
f 1815//1547 1816//1547 1824//1547 1823//1547
vn -0.1066 0.9604 -0.2573
f 1816//1548 1817//1548 1825//1548 1824//1548
vn 0.1066 0.9604 -0.2573
f 1817//1549 1818//1549 1826//1549 1825//1549
vn 0.2573 0.9604 -0.1066
f 1818//1550 1811//1550 1819//1550 1826//1550
vn 0.6786 0.6786 0.2811
f 1819//1551 1820//1551 1828//1551 1827//1551
vn 0.2811 0.6786 0.6786
f 1820//1552 1821//1552 1829//1552 1828//1552
vn -0.2811 0.6786 0.6786
f 1821//1553 1822//1553 1830//1553 1829//1553
vn -0.6786 0.6786 0.2811
f 1822//1554 1823//1554 1831//1554 1830//1554
vn -0.6786 0.6786 -0.2811
f 1823//1555 1824//1555 1832//1555 1831//1555
vn -0.2811 0.6786 -0.6786
f 1824//1556 1825//1556 1833//1556 1832//1556
vn 0.2811 0.6786 -0.6786
f 1825//1557 1826//1557 1834//1557 1833//1557
vn 0.6786 0.6786 -0.2811
f 1826//1558 1819//1558 1827//1558 1834//1558
vn 0.8968 0.2403 0.3715
f 1827//1559 1828//1559 1836//1559 1835//1559
vn 0.3715 0.2403 0.8968
f 1828//1560 1829//1560 1837//1560 1836//1560
vn -0.3715 0.2403 0.8968
f 1829//1561 1830//1561 1838//1561 1837//1561
vn -0.8968 0.2403 0.3715
f 1830//1562 1831//1562 1839//1562 1838//1562
vn -0.8968 0.2403 -0.3715
f 1831//1563 1832//1563 1840//1563 1839//1563
vn -0.3715 0.2403 -0.8968
f 1832//1564 1833//1564 1841//1564 1840//1564
vn 0.3715 0.2403 -0.8968
f 1833//1565 1834//1565 1842//1565 1841//1565
vn 0.8968 0.2403 -0.3715
f 1834//1566 1827//1566 1835//1566 1842//1566
vn 0.8968 -0.2403 0.3715
f 1835//1567 1836//1567 1844//1567 1843//1567
vn 0.3715 -0.2403 0.8968
f 1836//1568 1837//1568 1845//1568 1844//1568
vn -0.3715 -0.2403 0.8968
f 1837//1569 1838//1569 1846//1569 1845//1569
vn -0.8968 -0.2403 0.3715
f 1838//1570 1839//1570 1847//1570 1846//1570
vn -0.8968 -0.2403 -0.3715
f 1839//1571 1840//1571 1848//1571 1847//1571
vn -0.3715 -0.2403 -0.8968
f 1840//1572 1841//1572 1849//1572 1848//1572
vn 0.3715 -0.2403 -0.8968
f 1841//1573 1842//1573 1850//1573 1849//1573
vn 0.8968 -0.2403 -0.3715
f 1842//1574 1835//1574 1843//1574 1850//1574
vn 0.6786 -0.6786 0.2811
f 1843//1575 1844//1575 1852//1575 1851//1575
vn 0.2811 -0.6786 0.6786
f 1844//1576 1845//1576 1853//1576 1852//1576
vn -0.2811 -0.6786 0.6786
f 1845//1577 1846//1577 1854//1577 1853//1577
vn -0.6786 -0.6786 0.2811
f 1846//1578 1847//1578 1855//1578 1854//1578
vn -0.6786 -0.6786 -0.2811
f 1847//1579 1848//1579 1856//1579 1855//1579
vn -0.2811 -0.6786 -0.6786
f 1848//1580 1849//1580 1857//1580 1856//1580
vn 0.2811 -0.6786 -0.6786
f 1849//1581 1850//1581 1858//1581 1857//1581
vn 0.6786 -0.6786 -0.2811
f 1850//1582 1843//1582 1851//1582 1858//1582
vn 0.2573 -0.9604 0.1066
f 1851//1583 1852//1583 1860//1583 1859//1583
vn 0.1066 -0.9604 0.2573
f 1852//1584 1853//1584 1861//1584 1860//1584
vn -0.1066 -0.9604 0.2573
f 1853//1585 1854//1585 1862//1585 1861//1585
vn -0.2573 -0.9604 0.1066
f 1854//1586 1855//1586 1863//1586 1862//1586
vn -0.2573 -0.9604 -0.1066
f 1855//1587 1856//1587 1864//1587 1863//1587
vn -0.1066 -0.9604 -0.2573
f 1856//1588 1857//1588 1865//1588 1864//1588
vn 0.1066 -0.9604 -0.2573
f 1857//1589 1858//1589 1866//1589 1865//1589
vn 0.2573 -0.9604 -0.1066
f 1858//1590 1851//1590 1859//1590 1866//1590
o ac_condenser_1
v 7.3800 0.0000 -0.0815
v 7.3800 0.0000 -0.9215
v 7.3800 0.1000 -0.9215
v 7.3800 0.1000 -0.0815
v 8.2200 0.0000 -0.0815
v 8.2200 0.0000 -0.9215
v 8.2200 0.1000 -0.9215
v 8.2200 0.1000 -0.0815
v 7.4100 0.1000 -0.1115
v 7.4100 0.1000 -0.8915
v 7.4100 0.8400 -0.8915
v 7.4100 0.8400 -0.1115
v 8.1900 0.1000 -0.1115
v 8.1900 0.1000 -0.8915
v 8.1900 0.8400 -0.8915
v 8.1900 0.8400 -0.1115
v 7.3800 0.0900 -0.0815
v 7.3800 0.0900 -0.1415
v 7.3800 0.8500 -0.1415
v 7.3800 0.8500 -0.0815
v 7.4400 0.0900 -0.0815
v 7.4400 0.0900 -0.1415
v 7.4400 0.8500 -0.1415
v 7.4400 0.8500 -0.0815
v 8.1600 0.0900 -0.0815
v 8.1600 0.0900 -0.1415
v 8.1600 0.8500 -0.1415
v 8.1600 0.8500 -0.0815
v 8.2200 0.0900 -0.0815
v 8.2200 0.0900 -0.1415
v 8.2200 0.8500 -0.1415
v 8.2200 0.8500 -0.0815
v 7.3800 0.0900 -0.8615
v 7.3800 0.0900 -0.9215
v 7.3800 0.8500 -0.9215
v 7.3800 0.8500 -0.8615
v 7.4400 0.0900 -0.8615
v 7.4400 0.0900 -0.9215
v 7.4400 0.8500 -0.9215
v 7.4400 0.8500 -0.8615
v 8.1600 0.0900 -0.8615
v 8.1600 0.0900 -0.9215
v 8.1600 0.8500 -0.9215
v 8.1600 0.8500 -0.8615
v 8.2200 0.0900 -0.8615
v 8.2200 0.0900 -0.9215
v 8.2200 0.8500 -0.9215
v 8.2200 0.8500 -0.8615
v 7.3800 0.8350 -0.0815
v 7.3800 0.8350 -0.9215
v 7.3800 0.8850 -0.9215
v 7.3800 0.8850 -0.0815
v 8.2200 0.8350 -0.0815
v 8.2200 0.8350 -0.9215
v 8.2200 0.8850 -0.9215
v 8.2200 0.8850 -0.0815
v 7.8000 0.9050 -0.8015
v 7.8000 0.8850 -0.8015
v 7.8585 0.9050 -0.7957
v 7.8585 0.8850 -0.7957
v 7.9148 0.9050 -0.7786
v 7.9148 0.8850 -0.7786
v 7.9667 0.9050 -0.7509
v 7.9667 0.8850 -0.7509
v 8.0121 0.9050 -0.7136
v 8.0121 0.8850 -0.7136
v 8.0494 0.9050 -0.6682
v 8.0494 0.8850 -0.6682
v 8.0772 0.9050 -0.6163
v 8.0772 0.8850 -0.6163
v 8.0942 0.9050 -0.5600
v 8.0942 0.8850 -0.5600
v 8.1000 0.9050 -0.5015
v 8.1000 0.8850 -0.5015
v 8.0942 0.9050 -0.4430
v 8.0942 0.8850 -0.4430
v 8.0772 0.9050 -0.3867
v 8.0772 0.8850 -0.3867
v 8.0494 0.9050 -0.3348
v 8.0494 0.8850 -0.3348
v 8.0121 0.9050 -0.2894
v 8.0121 0.8850 -0.2894
v 7.9667 0.9050 -0.2520
v 7.9667 0.8850 -0.2520
v 7.9148 0.9050 -0.2243
v 7.9148 0.8850 -0.2243
v 7.8585 0.9050 -0.2072
v 7.8585 0.8850 -0.2072
v 7.8000 0.9050 -0.2015
v 7.8000 0.8850 -0.2015
v 7.7415 0.9050 -0.2072
v 7.7415 0.8850 -0.2072
v 7.6852 0.9050 -0.2243
v 7.6852 0.8850 -0.2243
v 7.6333 0.9050 -0.2520
v 7.6333 0.8850 -0.2520
v 7.5879 0.9050 -0.2894
v 7.5879 0.8850 -0.2894
v 7.5506 0.9050 -0.3348
v 7.5506 0.8850 -0.3348
v 7.5228 0.9050 -0.3867
v 7.5228 0.8850 -0.3867
v 7.5058 0.9050 -0.4430
v 7.5058 0.8850 -0.4430
v 7.5000 0.9050 -0.5015
v 7.5000 0.8850 -0.5015
v 7.5058 0.9050 -0.5600
v 7.5058 0.8850 -0.5600
v 7.5228 0.9050 -0.6163
v 7.5228 0.8850 -0.6163
v 7.5506 0.9050 -0.6682
v 7.5506 0.8850 -0.6682
v 7.5879 0.9050 -0.7136
v 7.5879 0.8850 -0.7136
v 7.6333 0.9050 -0.7509
v 7.6333 0.8850 -0.7509
v 7.6852 0.9050 -0.7786
v 7.6852 0.8850 -0.7786
v 7.7415 0.9050 -0.7957
v 7.7415 0.8850 -0.7957
v 7.8000 0.9050 -0.5015
v 7.8000 0.8850 -0.5015
vn -1.0000 0.0000 0.0000
usemtl ac_grille
f 1867//1591 1870//1591 1869//1591 1868//1591
vn 1.0000 0.0000 0.0000
f 1871//1592 1872//1592 1873//1592 1874//1592
vn 0.0000 0.0000 1.0000
f 1867//1593 1871//1593 1874//1593 1870//1593
vn 0.0000 0.0000 -1.0000
f 1868//1594 1869//1594 1873//1594 1872//1594
vn 0.0000 1.0000 0.0000
f 1870//1595 1874//1595 1873//1595 1869//1595
vn 0.0000 -1.0000 0.0000
f 1867//1596 1868//1596 1872//1596 1871//1596
vn -1.0000 0.0000 0.0000
f 1875//1597 1878//1597 1877//1597 1876//1597
vn 1.0000 0.0000 0.0000
f 1879//1598 1880//1598 1881//1598 1882//1598
vn 0.0000 0.0000 1.0000
f 1875//1599 1879//1599 1882//1599 1878//1599
vn 0.0000 0.0000 -1.0000
f 1876//1600 1877//1600 1881//1600 1880//1600
vn 0.0000 1.0000 0.0000
f 1878//1601 1882//1601 1881//1601 1877//1601
vn 0.0000 -1.0000 0.0000
f 1875//1602 1876//1602 1880//1602 1879//1602
vn -1.0000 0.0000 0.0000
usemtl ac_cabinet
f 1883//1603 1886//1603 1885//1603 1884//1603
vn 1.0000 0.0000 0.0000
f 1887//1604 1888//1604 1889//1604 1890//1604
vn 0.0000 0.0000 1.0000
f 1883//1605 1887//1605 1890//1605 1886//1605
vn 0.0000 0.0000 -1.0000
f 1884//1606 1885//1606 1889//1606 1888//1606
vn 0.0000 1.0000 0.0000
f 1886//1607 1890//1607 1889//1607 1885//1607
vn 0.0000 -1.0000 0.0000
f 1883//1608 1884//1608 1888//1608 1887//1608
vn -1.0000 0.0000 0.0000
f 1891//1609 1894//1609 1893//1609 1892//1609
vn 1.0000 0.0000 0.0000
f 1895//1610 1896//1610 1897//1610 1898//1610
vn 0.0000 0.0000 1.0000
f 1891//1611 1895//1611 1898//1611 1894//1611
vn 0.0000 0.0000 -1.0000
f 1892//1612 1893//1612 1897//1612 1896//1612
vn 0.0000 1.0000 0.0000
f 1894//1613 1898//1613 1897//1613 1893//1613
vn 0.0000 -1.0000 0.0000
f 1891//1614 1892//1614 1896//1614 1895//1614
vn -1.0000 0.0000 0.0000
f 1899//1615 1902//1615 1901//1615 1900//1615
vn 1.0000 0.0000 0.0000
f 1903//1616 1904//1616 1905//1616 1906//1616
vn 0.0000 0.0000 1.0000
f 1899//1617 1903//1617 1906//1617 1902//1617
vn 0.0000 0.0000 -1.0000
f 1900//1618 1901//1618 1905//1618 1904//1618
vn 0.0000 1.0000 0.0000
f 1902//1619 1906//1619 1905//1619 1901//1619
vn 0.0000 -1.0000 0.0000
f 1899//1620 1900//1620 1904//1620 1903//1620
vn -1.0000 0.0000 0.0000
f 1907//1621 1910//1621 1909//1621 1908//1621
vn 1.0000 0.0000 0.0000
f 1911//1622 1912//1622 1913//1622 1914//1622
vn 0.0000 0.0000 1.0000
f 1907//1623 1911//1623 1914//1623 1910//1623
vn 0.0000 0.0000 -1.0000
f 1908//1624 1909//1624 1913//1624 1912//1624
vn 0.0000 1.0000 0.0000
f 1910//1625 1914//1625 1913//1625 1909//1625
vn 0.0000 -1.0000 0.0000
f 1907//1626 1908//1626 1912//1626 1911//1626
vn -1.0000 0.0000 0.0000
f 1915//1627 1918//1627 1917//1627 1916//1627
vn 1.0000 0.0000 0.0000
f 1919//1628 1920//1628 1921//1628 1922//1628
vn 0.0000 0.0000 1.0000
f 1915//1629 1919//1629 1922//1629 1918//1629
vn 0.0000 0.0000 -1.0000
f 1916//1630 1917//1630 1921//1630 1920//1630
vn 0.0000 1.0000 0.0000
f 1918//1631 1922//1631 1921//1631 1917//1631
vn 0.0000 -1.0000 0.0000
f 1915//1632 1916//1632 1920//1632 1919//1632
vn 0.0980 0.0000 -0.9952
usemtl ac_fan
f 1923//1633 1925//1633 1926//1633 1924//1633
vn 0.2903 0.0000 -0.9569
f 1925//1634 1927//1634 1928//1634 1926//1634
vn 0.4714 0.0000 -0.8819
f 1927//1635 1929//1635 1930//1635 1928//1635
vn 0.6344 0.0000 -0.7730
f 1929//1636 1931//1636 1932//1636 1930//1636
vn 0.7730 0.0000 -0.6344
f 1931//1637 1933//1637 1934//1637 1932//1637
vn 0.8819 0.0000 -0.4714
f 1933//1638 1935//1638 1936//1638 1934//1638
vn 0.9569 0.0000 -0.2903
f 1935//1639 1937//1639 1938//1639 1936//1639
vn 0.9952 0.0000 -0.0980
f 1937//1640 1939//1640 1940//1640 1938//1640
vn 0.9952 0.0000 0.0980
f 1939//1641 1941//1641 1942//1641 1940//1641
vn 0.9569 0.0000 0.2903
f 1941//1642 1943//1642 1944//1642 1942//1642
vn 0.8819 0.0000 0.4714
f 1943//1643 1945//1643 1946//1643 1944//1643
vn 0.7730 0.0000 0.6344
f 1945//1644 1947//1644 1948//1644 1946//1644
vn 0.6344 0.0000 0.7730
f 1947//1645 1949//1645 1950//1645 1948//1645
vn 0.4714 0.0000 0.8819
f 1949//1646 1951//1646 1952//1646 1950//1646
vn 0.2903 0.0000 0.9569
f 1951//1647 1953//1647 1954//1647 1952//1647
vn 0.0980 0.0000 0.9952
f 1953//1648 1955//1648 1956//1648 1954//1648
vn -0.0980 0.0000 0.9952
f 1955//1649 1957//1649 1958//1649 1956//1649
vn -0.2903 0.0000 0.9569
f 1957//1650 1959//1650 1960//1650 1958//1650
vn -0.4714 0.0000 0.8819
f 1959//1651 1961//1651 1962//1651 1960//1651
vn -0.6344 0.0000 0.7730
f 1961//1652 1963//1652 1964//1652 1962//1652
vn -0.7730 0.0000 0.6344
f 1963//1653 1965//1653 1966//1653 1964//1653
vn -0.8819 0.0000 0.4714
f 1965//1654 1967//1654 1968//1654 1966//1654
vn -0.9569 0.0000 0.2903
f 1967//1655 1969//1655 1970//1655 1968//1655
vn -0.9952 0.0000 0.0980
f 1969//1656 1971//1656 1972//1656 1970//1656
vn -0.9952 0.0000 -0.0980
f 1971//1657 1973//1657 1974//1657 1972//1657
vn -0.9569 0.0000 -0.2903
f 1973//1658 1975//1658 1976//1658 1974//1658
vn -0.8819 0.0000 -0.4714
f 1975//1659 1977//1659 1978//1659 1976//1659
vn -0.7730 0.0000 -0.6344
f 1977//1660 1979//1660 1980//1660 1978//1660
vn -0.6344 0.0000 -0.7730
f 1979//1661 1981//1661 1982//1661 1980//1661
vn -0.4714 0.0000 -0.8819
f 1981//1662 1983//1662 1984//1662 1982//1662
vn -0.2903 0.0000 -0.9569
f 1983//1663 1985//1663 1986//1663 1984//1663
vn -0.0980 0.0000 -0.9952
f 1985//1664 1923//1664 1924//1664 1986//1664
vn 0.0000 1.0000 0.0000
f 1987//1665 1925//1665 1923//1665
vn 0.0000 -1.0000 0.0000
f 1988//1666 1924//1666 1926//1666
vn 0.0000 1.0000 -0.0000
f 1987//1667 1927//1667 1925//1667
vn 0.0000 -1.0000 0.0000
f 1988//1668 1926//1668 1928//1668
vn 0.0000 1.0000 0.0000
f 1987//1669 1929//1669 1927//1669
vn 0.0000 -1.0000 -0.0000
f 1988//1670 1928//1670 1930//1670
vn 0.0000 1.0000 -0.0000
f 1987//1671 1931//1671 1929//1671
vn 0.0000 -1.0000 0.0000
f 1988//1672 1930//1672 1932//1672
vn 0.0000 1.0000 0.0000
f 1987//1673 1933//1673 1931//1673
vn 0.0000 -1.0000 -0.0000
f 1988//1674 1932//1674 1934//1674
vn 0.0000 1.0000 0.0000
f 1987//1675 1935//1675 1933//1675
vn 0.0000 -1.0000 0.0000
f 1988//1676 1934//1676 1936//1676
vn 0.0000 1.0000 0.0000
f 1987//1677 1937//1677 1935//1677
vn 0.0000 -1.0000 0.0000
f 1988//1678 1936//1678 1938//1678
vn 0.0000 1.0000 0.0000
f 1987//1679 1939//1679 1937//1679
vn 0.0000 -1.0000 0.0000
f 1988//1680 1938//1680 1940//1680
vn 0.0000 1.0000 0.0000
f 1987//1681 1941//1681 1939//1681
vn 0.0000 -1.0000 0.0000
f 1988//1682 1940//1682 1942//1682
vn 0.0000 1.0000 0.0000
f 1987//1683 1943//1683 1941//1683
vn 0.0000 -1.0000 -0.0000
f 1988//1684 1942//1684 1944//1684
vn 0.0000 1.0000 0.0000
f 1987//1685 1945//1685 1943//1685
vn 0.0000 -1.0000 0.0000
f 1988//1686 1944//1686 1946//1686
vn 0.0000 1.0000 -0.0000
f 1987//1687 1947//1687 1945//1687
vn 0.0000 -1.0000 0.0000
f 1988//1688 1946//1688 1948//1688
vn 0.0000 1.0000 0.0000
f 1987//1689 1949//1689 1947//1689
vn 0.0000 -1.0000 -0.0000
f 1988//1690 1948//1690 1950//1690
vn 0.0000 1.0000 0.0000
f 1987//1691 1951//1691 1949//1691
vn 0.0000 -1.0000 0.0000
f 1988//1692 1950//1692 1952//1692
vn 0.0000 1.0000 0.0000
f 1987//1693 1953//1693 1951//1693
vn 0.0000 -1.0000 -0.0000
f 1988//1694 1952//1694 1954//1694
vn 0.0000 1.0000 0.0000
f 1987//1695 1955//1695 1953//1695
vn 0.0000 -1.0000 0.0000
f 1988//1696 1954//1696 1956//1696
vn 0.0000 1.0000 0.0000
f 1987//1697 1957//1697 1955//1697
vn 0.0000 -1.0000 0.0000
f 1988//1698 1956//1698 1958//1698
vn 0.0000 1.0000 0.0000
f 1987//1699 1959//1699 1957//1699
vn 0.0000 -1.0000 0.0000
f 1988//1700 1958//1700 1960//1700
vn 0.0000 1.0000 0.0000
f 1987//1701 1961//1701 1959//1701
vn 0.0000 -1.0000 0.0000
f 1988//1702 1960//1702 1962//1702
vn 0.0000 1.0000 0.0000
f 1987//1703 1963//1703 1961//1703
vn 0.0000 -1.0000 0.0000
f 1988//1704 1962//1704 1964//1704
vn 0.0000 1.0000 -0.0000
f 1987//1705 1965//1705 1963//1705
vn 0.0000 -1.0000 0.0000
f 1988//1706 1964//1706 1966//1706
vn 0.0000 1.0000 0.0000
f 1987//1707 1967//1707 1965//1707
vn 0.0000 -1.0000 0.0000
f 1988//1708 1966//1708 1968//1708
vn 0.0000 1.0000 0.0000
f 1987//1709 1969//1709 1967//1709
vn 0.0000 -1.0000 0.0000
f 1988//1710 1968//1710 1970//1710
vn 0.0000 1.0000 0.0000
f 1987//1711 1971//1711 1969//1711
vn 0.0000 -1.0000 -0.0000
f 1988//1712 1970//1712 1972//1712
vn 0.0000 1.0000 -0.0000
f 1987//1713 1973//1713 1971//1713
vn 0.0000 -1.0000 0.0000
f 1988//1714 1972//1714 1974//1714
vn 0.0000 1.0000 0.0000
f 1987//1715 1975//1715 1973//1715
vn 0.0000 -1.0000 -0.0000
f 1988//1716 1974//1716 1976//1716
vn 0.0000 1.0000 0.0000
f 1987//1717 1977//1717 1975//1717
vn 0.0000 -1.0000 0.0000
f 1988//1718 1976//1718 1978//1718
vn 0.0000 1.0000 0.0000
f 1987//1719 1979//1719 1977//1719
vn 0.0000 -1.0000 -0.0000
f 1988//1720 1978//1720 1980//1720
vn 0.0000 1.0000 0.0000
f 1987//1721 1981//1721 1979//1721
vn 0.0000 -1.0000 0.0000
f 1988//1722 1980//1722 1982//1722
vn 0.0000 1.0000 0.0000
f 1987//1723 1983//1723 1981//1723
vn 0.0000 -1.0000 -0.0000
f 1988//1724 1982//1724 1984//1724
vn 0.0000 1.0000 -0.0000
f 1987//1725 1985//1725 1983//1725
vn 0.0000 -1.0000 0.0000
f 1988//1726 1984//1726 1986//1726
vn 0.0000 1.0000 0.0000
f 1987//1727 1923//1727 1985//1727
vn 0.0000 -1.0000 0.0000
f 1988//1728 1986//1728 1924//1728
o ac_condenser_2
v -5.2669 0.0000 -6.2200
v -4.4269 0.0000 -6.2200
v -4.4269 0.1000 -6.2200
v -5.2669 0.1000 -6.2200
v -5.2669 0.0000 -5.3800
v -4.4269 0.0000 -5.3800
v -4.4269 0.1000 -5.3800
v -5.2669 0.1000 -5.3800
v -5.2369 0.1000 -6.1900
v -4.4569 0.1000 -6.1900
v -4.4569 0.8400 -6.1900
v -5.2369 0.8400 -6.1900
v -5.2369 0.1000 -5.4100
v -4.4569 0.1000 -5.4100
v -4.4569 0.8400 -5.4100
v -5.2369 0.8400 -5.4100
v -5.2669 0.0900 -6.2200
v -5.2069 0.0900 -6.2200
v -5.2069 0.8500 -6.2200
v -5.2669 0.8500 -6.2200
v -5.2669 0.0900 -6.1600
v -5.2069 0.0900 -6.1600
v -5.2069 0.8500 -6.1600
v -5.2669 0.8500 -6.1600
v -5.2669 0.0900 -5.4400
v -5.2069 0.0900 -5.4400
v -5.2069 0.8500 -5.4400
v -5.2669 0.8500 -5.4400
v -5.2669 0.0900 -5.3800
v -5.2069 0.0900 -5.3800
v -5.2069 0.8500 -5.3800
v -5.2669 0.8500 -5.3800
v -4.4869 0.0900 -6.2200
v -4.4269 0.0900 -6.2200
v -4.4269 0.8500 -6.2200
v -4.4869 0.8500 -6.2200
v -4.4869 0.0900 -6.1600
v -4.4269 0.0900 -6.1600
v -4.4269 0.8500 -6.1600
v -4.4869 0.8500 -6.1600
v -4.4869 0.0900 -5.4400
v -4.4269 0.0900 -5.4400
v -4.4269 0.8500 -5.4400
v -4.4869 0.8500 -5.4400
v -4.4869 0.0900 -5.3800
v -4.4269 0.0900 -5.3800
v -4.4269 0.8500 -5.3800
v -4.4869 0.8500 -5.3800
v -5.2669 0.8350 -6.2200
v -4.4269 0.8350 -6.2200
v -4.4269 0.8850 -6.2200
v -5.2669 0.8850 -6.2200
v -5.2669 0.8350 -5.3800
v -4.4269 0.8350 -5.3800
v -4.4269 0.8850 -5.3800
v -5.2669 0.8850 -5.3800
v -4.5469 0.9050 -5.8000
v -4.5469 0.8850 -5.8000
v -4.5527 0.9050 -5.7415
v -4.5527 0.8850 -5.7415
v -4.5698 0.9050 -5.6852
v -4.5698 0.8850 -5.6852
v -4.5975 0.9050 -5.6333
v -4.5975 0.8850 -5.6333
v -4.6348 0.9050 -5.5879
v -4.6348 0.8850 -5.5879
v -4.6803 0.9050 -5.5506
v -4.6803 0.8850 -5.5506
v -4.7321 0.9050 -5.5228
v -4.7321 0.8850 -5.5228
v -4.7884 0.9050 -5.5058
v -4.7884 0.8850 -5.5058
v -4.8469 0.9050 -5.5000
v -4.8469 0.8850 -5.5000
v -4.9055 0.9050 -5.5058
v -4.9055 0.8850 -5.5058
v -4.9617 0.9050 -5.5228
v -4.9617 0.8850 -5.5228
v -5.0136 0.9050 -5.5506
v -5.0136 0.8850 -5.5506
v -5.0591 0.9050 -5.5879
v -5.0591 0.8850 -5.5879
v -5.0964 0.9050 -5.6333
v -5.0964 0.8850 -5.6333
v -5.1241 0.9050 -5.6852
v -5.1241 0.8850 -5.6852
v -5.1412 0.9050 -5.7415
v -5.1412 0.8850 -5.7415
v -5.1469 0.9050 -5.8000
v -5.1469 0.8850 -5.8000
v -5.1412 0.9050 -5.8585
v -5.1412 0.8850 -5.8585
v -5.1241 0.9050 -5.9148
v -5.1241 0.8850 -5.9148
v -5.0964 0.9050 -5.9667
v -5.0964 0.8850 -5.9667
v -5.0591 0.9050 -6.0121
v -5.0591 0.8850 -6.0121
v -5.0136 0.9050 -6.0494
v -5.0136 0.8850 -6.0494
v -4.9617 0.9050 -6.0772
v -4.9617 0.8850 -6.0772
v -4.9055 0.9050 -6.0942
v -4.9055 0.8850 -6.0942
v -4.8469 0.9050 -6.1000
v -4.8469 0.8850 -6.1000
v -4.7884 0.9050 -6.0942
v -4.7884 0.8850 -6.0942
v -4.7321 0.9050 -6.0772
v -4.7321 0.8850 -6.0772
v -4.6803 0.9050 -6.0494
v -4.6803 0.8850 -6.0494
v -4.6348 0.9050 -6.0121
v -4.6348 0.8850 -6.0121
v -4.5975 0.9050 -5.9667
v -4.5975 0.8850 -5.9667
v -4.5698 0.9050 -5.9148
v -4.5698 0.8850 -5.9148
v -4.5527 0.9050 -5.8585
v -4.5527 0.8850 -5.8585
v -4.8469 0.9050 -5.8000
v -4.8469 0.8850 -5.8000
vn 0.0000 0.0000 -1.0000
usemtl ac_grille
f 1989//1729 1992//1729 1991//1729 1990//1729
vn 0.0000 0.0000 1.0000
f 1993//1730 1994//1730 1995//1730 1996//1730
vn -1.0000 0.0000 0.0000
f 1989//1731 1993//1731 1996//1731 1992//1731
vn 1.0000 0.0000 0.0000
f 1990//1732 1991//1732 1995//1732 1994//1732
vn 0.0000 1.0000 0.0000
f 1992//1733 1996//1733 1995//1733 1991//1733
vn 0.0000 -1.0000 0.0000
f 1989//1734 1990//1734 1994//1734 1993//1734
vn 0.0000 0.0000 -1.0000
f 1997//1735 2000//1735 1999//1735 1998//1735
vn 0.0000 0.0000 1.0000
f 2001//1736 2002//1736 2003//1736 2004//1736
vn -1.0000 0.0000 0.0000
f 1997//1737 2001//1737 2004//1737 2000//1737
vn 1.0000 0.0000 0.0000
f 1998//1738 1999//1738 2003//1738 2002//1738
vn 0.0000 1.0000 0.0000
f 2000//1739 2004//1739 2003//1739 1999//1739
vn 0.0000 -1.0000 0.0000
f 1997//1740 1998//1740 2002//1740 2001//1740
vn 0.0000 0.0000 -1.0000
usemtl ac_cabinet
f 2005//1741 2008//1741 2007//1741 2006//1741
vn 0.0000 0.0000 1.0000
f 2009//1742 2010//1742 2011//1742 2012//1742
vn -1.0000 0.0000 0.0000
f 2005//1743 2009//1743 2012//1743 2008//1743
vn 1.0000 0.0000 0.0000
f 2006//1744 2007//1744 2011//1744 2010//1744
vn 0.0000 1.0000 0.0000
f 2008//1745 2012//1745 2011//1745 2007//1745
vn 0.0000 -1.0000 0.0000
f 2005//1746 2006//1746 2010//1746 2009//1746
vn 0.0000 0.0000 -1.0000
f 2013//1747 2016//1747 2015//1747 2014//1747
vn 0.0000 0.0000 1.0000
f 2017//1748 2018//1748 2019//1748 2020//1748
vn -1.0000 0.0000 0.0000
f 2013//1749 2017//1749 2020//1749 2016//1749
vn 1.0000 0.0000 0.0000
f 2014//1750 2015//1750 2019//1750 2018//1750
vn 0.0000 1.0000 0.0000
f 2016//1751 2020//1751 2019//1751 2015//1751
vn 0.0000 -1.0000 0.0000
f 2013//1752 2014//1752 2018//1752 2017//1752
vn 0.0000 0.0000 -1.0000
f 2021//1753 2024//1753 2023//1753 2022//1753
vn 0.0000 0.0000 1.0000
f 2025//1754 2026//1754 2027//1754 2028//1754
vn -1.0000 0.0000 0.0000
f 2021//1755 2025//1755 2028//1755 2024//1755
vn 1.0000 0.0000 0.0000
f 2022//1756 2023//1756 2027//1756 2026//1756
vn 0.0000 1.0000 0.0000
f 2024//1757 2028//1757 2027//1757 2023//1757
vn 0.0000 -1.0000 0.0000
f 2021//1758 2022//1758 2026//1758 2025//1758
vn 0.0000 0.0000 -1.0000
f 2029//1759 2032//1759 2031//1759 2030//1759
vn 0.0000 0.0000 1.0000
f 2033//1760 2034//1760 2035//1760 2036//1760
vn -1.0000 0.0000 0.0000
f 2029//1761 2033//1761 2036//1761 2032//1761
vn 1.0000 0.0000 0.0000
f 2030//1762 2031//1762 2035//1762 2034//1762
vn 0.0000 1.0000 0.0000
f 2032//1763 2036//1763 2035//1763 2031//1763
vn 0.0000 -1.0000 0.0000
f 2029//1764 2030//1764 2034//1764 2033//1764
vn 0.0000 0.0000 -1.0000
f 2037//1765 2040//1765 2039//1765 2038//1765
vn 0.0000 0.0000 1.0000
f 2041//1766 2042//1766 2043//1766 2044//1766
vn -1.0000 0.0000 0.0000
f 2037//1767 2041//1767 2044//1767 2040//1767
vn 1.0000 0.0000 0.0000
f 2038//1768 2039//1768 2043//1768 2042//1768
vn 0.0000 1.0000 0.0000
f 2040//1769 2044//1769 2043//1769 2039//1769
vn 0.0000 -1.0000 0.0000
f 2037//1770 2038//1770 2042//1770 2041//1770
vn 0.9952 0.0000 0.0980
usemtl ac_fan
f 2045//1771 2047//1771 2048//1771 2046//1771
vn 0.9569 0.0000 0.2903
f 2047//1772 2049//1772 2050//1772 2048//1772
vn 0.8819 0.0000 0.4714
f 2049//1773 2051//1773 2052//1773 2050//1773
vn 0.7730 0.0000 0.6344
f 2051//1774 2053//1774 2054//1774 2052//1774
vn 0.6344 0.0000 0.7730
f 2053//1775 2055//1775 2056//1775 2054//1775
vn 0.4714 0.0000 0.8819
f 2055//1776 2057//1776 2058//1776 2056//1776
vn 0.2903 0.0000 0.9569
f 2057//1777 2059//1777 2060//1777 2058//1777
vn 0.0980 0.0000 0.9952
f 2059//1778 2061//1778 2062//1778 2060//1778
vn -0.0980 0.0000 0.9952
f 2061//1779 2063//1779 2064//1779 2062//1779
vn -0.2903 0.0000 0.9569
f 2063//1780 2065//1780 2066//1780 2064//1780
vn -0.4714 0.0000 0.8819
f 2065//1781 2067//1781 2068//1781 2066//1781
vn -0.6344 0.0000 0.7730
f 2067//1782 2069//1782 2070//1782 2068//1782
vn -0.7730 0.0000 0.6344
f 2069//1783 2071//1783 2072//1783 2070//1783
vn -0.8819 0.0000 0.4714
f 2071//1784 2073//1784 2074//1784 2072//1784
vn -0.9569 0.0000 0.2903
f 2073//1785 2075//1785 2076//1785 2074//1785
vn -0.9952 0.0000 0.0980
f 2075//1786 2077//1786 2078//1786 2076//1786
vn -0.9952 0.0000 -0.0980
f 2077//1787 2079//1787 2080//1787 2078//1787
vn -0.9569 0.0000 -0.2903
f 2079//1788 2081//1788 2082//1788 2080//1788
vn -0.8819 0.0000 -0.4714
f 2081//1789 2083//1789 2084//1789 2082//1789
vn -0.7730 0.0000 -0.6344
f 2083//1790 2085//1790 2086//1790 2084//1790
vn -0.6344 0.0000 -0.7730
f 2085//1791 2087//1791 2088//1791 2086//1791
vn -0.4714 0.0000 -0.8819
f 2087//1792 2089//1792 2090//1792 2088//1792
vn -0.2903 0.0000 -0.9569
f 2089//1793 2091//1793 2092//1793 2090//1793
vn -0.0980 0.0000 -0.9952
f 2091//1794 2093//1794 2094//1794 2092//1794
vn 0.0980 0.0000 -0.9952
f 2093//1795 2095//1795 2096//1795 2094//1795
vn 0.2903 0.0000 -0.9569
f 2095//1796 2097//1796 2098//1796 2096//1796
vn 0.4714 0.0000 -0.8819
f 2097//1797 2099//1797 2100//1797 2098//1797
vn 0.6344 0.0000 -0.7730
f 2099//1798 2101//1798 2102//1798 2100//1798
vn 0.7730 0.0000 -0.6344
f 2101//1799 2103//1799 2104//1799 2102//1799
vn 0.8819 0.0000 -0.4714
f 2103//1800 2105//1800 2106//1800 2104//1800
vn 0.9569 0.0000 -0.2903
f 2105//1801 2107//1801 2108//1801 2106//1801
vn 0.9952 0.0000 -0.0980
f 2107//1802 2045//1802 2046//1802 2108//1802
vn 0.0000 1.0000 0.0000
f 2109//1803 2047//1803 2045//1803
vn 0.0000 -1.0000 -0.0000
f 2110//1804 2046//1804 2048//1804
vn 0.0000 1.0000 0.0000
f 2109//1805 2049//1805 2047//1805
vn 0.0000 -1.0000 0.0000
f 2110//1806 2048//1806 2050//1806
vn 0.0000 1.0000 0.0000
f 2109//1807 2051//1807 2049//1807
vn 0.0000 -1.0000 0.0000
f 2110//1808 2050//1808 2052//1808
vn 0.0000 1.0000 -0.0000
f 2109//1809 2053//1809 2051//1809
vn 0.0000 -1.0000 0.0000
f 2110//1810 2052//1810 2054//1810
vn 0.0000 1.0000 0.0000
f 2109//1811 2055//1811 2053//1811
vn 0.0000 -1.0000 0.0000
f 2110//1812 2054//1812 2056//1812
vn 0.0000 1.0000 -0.0000
f 2109//1813 2057//1813 2055//1813
vn 0.0000 -1.0000 0.0000
f 2110//1814 2056//1814 2058//1814
vn 0.0000 1.0000 0.0000
f 2109//1815 2059//1815 2057//1815
vn 0.0000 -1.0000 -0.0000
f 2110//1816 2058//1816 2060//1816
vn 0.0000 1.0000 0.0000
f 2109//1817 2061//1817 2059//1817
vn 0.0000 -1.0000 0.0000
f 2110//1818 2060//1818 2062//1818
vn 0.0000 1.0000 0.0000
f 2109//1819 2063//1819 2061//1819
vn 0.0000 -1.0000 0.0000
f 2110//1820 2062//1820 2064//1820
vn 0.0000 1.0000 0.0000
f 2109//1821 2065//1821 2063//1821
vn 0.0000 -1.0000 0.0000
f 2110//1822 2064//1822 2066//1822
vn 0.0000 1.0000 0.0000
f 2109//1823 2067//1823 2065//1823
vn 0.0000 -1.0000 0.0000
f 2110//1824 2066//1824 2068//1824
vn 0.0000 1.0000 0.0000
f 2109//1825 2069//1825 2067//1825
vn 0.0000 -1.0000 0.0000
f 2110//1826 2068//1826 2070//1826
vn 0.0000 1.0000 -0.0000
f 2109//1827 2071//1827 2069//1827
vn 0.0000 -1.0000 0.0000
f 2110//1828 2070//1828 2072//1828
vn 0.0000 1.0000 0.0000
f 2109//1829 2073//1829 2071//1829
vn 0.0000 -1.0000 0.0000
f 2110//1830 2072//1830 2074//1830
vn 0.0000 1.0000 0.0000
f 2109//1831 2075//1831 2073//1831
vn 0.0000 -1.0000 0.0000
f 2110//1832 2074//1832 2076//1832
vn 0.0000 1.0000 0.0000
f 2109//1833 2077//1833 2075//1833
vn 0.0000 -1.0000 -0.0000
f 2110//1834 2076//1834 2078//1834
vn 0.0000 1.0000 -0.0000
f 2109//1835 2079//1835 2077//1835
vn 0.0000 -1.0000 0.0000
f 2110//1836 2078//1836 2080//1836
vn 0.0000 1.0000 0.0000
f 2109//1837 2081//1837 2079//1837
vn 0.0000 -1.0000 -0.0000
f 2110//1838 2080//1838 2082//1838
vn 0.0000 1.0000 0.0000
f 2109//1839 2083//1839 2081//1839
vn 0.0000 -1.0000 0.0000
f 2110//1840 2082//1840 2084//1840
vn 0.0000 1.0000 0.0000
f 2109//1841 2085//1841 2083//1841
vn 0.0000 -1.0000 -0.0000
f 2110//1842 2084//1842 2086//1842
vn 0.0000 1.0000 -0.0000
f 2109//1843 2087//1843 2085//1843
vn 0.0000 -1.0000 0.0000
f 2110//1844 2086//1844 2088//1844
vn 0.0000 1.0000 0.0000
f 2109//1845 2089//1845 2087//1845
vn 0.0000 -1.0000 -0.0000
f 2110//1846 2088//1846 2090//1846
vn 0.0000 1.0000 -0.0000
f 2109//1847 2091//1847 2089//1847
vn 0.0000 -1.0000 0.0000
f 2110//1848 2090//1848 2092//1848
vn 0.0000 1.0000 0.0000
f 2109//1849 2093//1849 2091//1849
vn 0.0000 -1.0000 0.0000
f 2110//1850 2092//1850 2094//1850
vn 0.0000 1.0000 0.0000
f 2109//1851 2095//1851 2093//1851
vn 0.0000 -1.0000 0.0000
f 2110//1852 2094//1852 2096//1852
vn 0.0000 1.0000 -0.0000
f 2109//1853 2097//1853 2095//1853
vn 0.0000 -1.0000 0.0000
f 2110//1854 2096//1854 2098//1854
vn 0.0000 1.0000 -0.0000
f 2109//1855 2099//1855 2097//1855
vn 0.0000 -1.0000 -0.0000
f 2110//1856 2098//1856 2100//1856
vn 0.0000 1.0000 0.0000
f 2109//1857 2101//1857 2099//1857
vn 0.0000 -1.0000 0.0000
f 2110//1858 2100//1858 2102//1858
vn 0.0000 1.0000 0.0000
f 2109//1859 2103//1859 2101//1859
vn 0.0000 -1.0000 0.0000
f 2110//1860 2102//1860 2104//1860
vn 0.0000 1.0000 0.0000
f 2109//1861 2105//1861 2103//1861
vn 0.0000 -1.0000 0.0000
f 2110//1862 2104//1862 2106//1862
vn 0.0000 1.0000 0.0000
f 2109//1863 2107//1863 2105//1863
vn 0.0000 -1.0000 0.0000
f 2110//1864 2106//1864 2108//1864
vn 0.0000 1.0000 -0.0000
f 2109//1865 2045//1865 2107//1865
vn 0.0000 -1.0000 0.0000
f 2110//1866 2108//1866 2046//1866
o gas_meter
v 7.0400 0.2400 -0.0012
v 7.0400 0.2400 -0.3012
v 7.0400 0.5600 -0.3012
v 7.0400 0.5600 -0.0012
v 7.2400 0.2400 -0.0012
v 7.2400 0.2400 -0.3012
v 7.2400 0.5600 -0.3012
v 7.2400 0.5600 -0.0012
v 7.2400 0.3900 -0.0812
v 7.2400 0.3900 -0.2212
v 7.2400 0.4900 -0.2212
v 7.2400 0.4900 -0.0812
v 7.2500 0.3900 -0.0812
v 7.2500 0.3900 -0.2212
v 7.2500 0.4900 -0.2212
v 7.2500 0.4900 -0.0812
v 7.1400 0.7200 -0.0792
v 7.1400 0.6000 -0.0792
v 7.1490 0.7200 -0.0768
v 7.1490 0.6000 -0.0768
v 7.1556 0.7200 -0.0702
v 7.1556 0.6000 -0.0702
v 7.1580 0.7200 -0.0612
v 7.1580 0.6000 -0.0612
v 7.1556 0.7200 -0.0522
v 7.1556 0.6000 -0.0522
v 7.1490 0.7200 -0.0456
v 7.1490 0.6000 -0.0456
v 7.1400 0.7200 -0.0432
v 7.1400 0.6000 -0.0432
v 7.1310 0.7200 -0.0456
v 7.1310 0.6000 -0.0456
v 7.1244 0.7200 -0.0522
v 7.1244 0.6000 -0.0522
v 7.1220 0.7200 -0.0612
v 7.1220 0.6000 -0.0612
v 7.1244 0.7200 -0.0702
v 7.1244 0.6000 -0.0702
v 7.1310 0.7200 -0.0768
v 7.1310 0.6000 -0.0768
v 7.1400 0.7200 -0.0612
v 7.1400 0.6000 -0.0612
v 7.1400 0.7200 -0.2592
v 7.1400 0.6000 -0.2592
v 7.1490 0.7200 -0.2568
v 7.1490 0.6000 -0.2568
v 7.1556 0.7200 -0.2502
v 7.1556 0.6000 -0.2502
v 7.1580 0.7200 -0.2412
v 7.1580 0.6000 -0.2412
v 7.1556 0.7200 -0.2322
v 7.1556 0.6000 -0.2322
v 7.1490 0.7200 -0.2256
v 7.1490 0.6000 -0.2256
v 7.1400 0.7200 -0.2232
v 7.1400 0.6000 -0.2232
v 7.1310 0.7200 -0.2256
v 7.1310 0.6000 -0.2256
v 7.1244 0.7200 -0.2322
v 7.1244 0.6000 -0.2322
v 7.1220 0.7200 -0.2412
v 7.1220 0.6000 -0.2412
v 7.1244 0.7200 -0.2502
v 7.1244 0.6000 -0.2502
v 7.1310 0.7200 -0.2568
v 7.1310 0.6000 -0.2568
v 7.1400 0.7200 -0.2412
v 7.1400 0.6000 -0.2412
v 7.0500 0.2800 -0.0792
v 7.0500 0.0000 -0.0792
v 7.0590 0.2800 -0.0768
v 7.0590 0.0000 -0.0768
v 7.0656 0.2800 -0.0702
v 7.0656 0.0000 -0.0702
v 7.0680 0.2800 -0.0612
v 7.0680 0.0000 -0.0612
v 7.0656 0.2800 -0.0522
v 7.0656 0.0000 -0.0522
v 7.0590 0.2800 -0.0456
v 7.0590 0.0000 -0.0456
v 7.0500 0.2800 -0.0432
v 7.0500 0.0000 -0.0432
v 7.0410 0.2800 -0.0456
v 7.0410 0.0000 -0.0456
v 7.0344 0.2800 -0.0522
v 7.0344 0.0000 -0.0522
v 7.0320 0.2800 -0.0612
v 7.0320 0.0000 -0.0612
v 7.0344 0.2800 -0.0702
v 7.0344 0.0000 -0.0702
v 7.0410 0.2800 -0.0768
v 7.0410 0.0000 -0.0768
v 7.0500 0.2800 -0.0612
v 7.0500 0.0000 -0.0612
vn -1.0000 0.0000 0.0000
usemtl gas_meter_body
f 2111//1867 2114//1867 2113//1867 2112//1867
vn 1.0000 0.0000 0.0000
f 2115//1868 2116//1868 2117//1868 2118//1868
vn -0.0000 0.0000 1.0000
f 2111//1869 2115//1869 2118//1869 2114//1869
vn 0.0000 0.0000 -1.0000
f 2112//1870 2113//1870 2117//1870 2116//1870
vn 0.0000 1.0000 0.0000
f 2114//1871 2118//1871 2117//1871 2113//1871
vn 0.0000 -1.0000 0.0000
f 2111//1872 2112//1872 2116//1872 2115//1872
vn -1.0000 0.0000 0.0000
usemtl meter_face
f 2119//1873 2122//1873 2121//1873 2120//1873
vn 1.0000 0.0000 0.0000
f 2123//1874 2124//1874 2125//1874 2126//1874
vn 0.0000 0.0000 1.0000
f 2119//1875 2123//1875 2126//1875 2122//1875
vn 0.0000 0.0000 -1.0000
f 2120//1876 2121//1876 2125//1876 2124//1876
vn 0.0000 1.0000 0.0000
f 2122//1877 2126//1877 2125//1877 2121//1877
vn 0.0000 -1.0000 0.0000
f 2119//1878 2120//1878 2124//1878 2123//1878
vn 0.2588 0.0000 -0.9659
usemtl gas_pipe
f 2127//1879 2129//1879 2130//1879 2128//1879
vn 0.7071 0.0000 -0.7071
f 2129//1880 2131//1880 2132//1880 2130//1880
vn 0.9659 0.0000 -0.2588
f 2131//1881 2133//1881 2134//1881 2132//1881
vn 0.9659 0.0000 0.2588
f 2133//1882 2135//1882 2136//1882 2134//1882
vn 0.7071 0.0000 0.7071
f 2135//1883 2137//1883 2138//1883 2136//1883
vn 0.2588 0.0000 0.9659
f 2137//1884 2139//1884 2140//1884 2138//1884
vn -0.2588 0.0000 0.9659
f 2139//1885 2141//1885 2142//1885 2140//1885
vn -0.7071 0.0000 0.7071
f 2141//1886 2143//1886 2144//1886 2142//1886
vn -0.9659 0.0000 0.2588
f 2143//1887 2145//1887 2146//1887 2144//1887
vn -0.9659 0.0000 -0.2588
f 2145//1888 2147//1888 2148//1888 2146//1888
vn -0.7071 0.0000 -0.7071
f 2147//1889 2149//1889 2150//1889 2148//1889
vn -0.2588 0.0000 -0.9659
f 2149//1890 2127//1890 2128//1890 2150//1890
vn 0.0000 1.0000 0.0000
f 2151//1891 2129//1891 2127//1891
vn 0.0000 -1.0000 0.0000
f 2152//1892 2128//1892 2130//1892
vn 0.0000 1.0000 -0.0000
f 2151//1893 2131//1893 2129//1893
vn 0.0000 -1.0000 -0.0000
f 2152//1894 2130//1894 2132//1894
vn 0.0000 1.0000 0.0000
f 2151//1895 2133//1895 2131//1895
vn 0.0000 -1.0000 0.0000
f 2152//1896 2132//1896 2134//1896
vn 0.0000 1.0000 0.0000
f 2151//1897 2135//1897 2133//1897
vn 0.0000 -1.0000 -0.0000
f 2152//1898 2134//1898 2136//1898
vn 0.0000 1.0000 0.0000
f 2151//1899 2137//1899 2135//1899
vn 0.0000 -1.0000 0.0000
f 2152//1900 2136//1900 2138//1900
vn 0.0000 1.0000 0.0000
f 2151//1901 2139//1901 2137//1901
vn 0.0000 -1.0000 0.0000
f 2152//1902 2138//1902 2140//1902
vn 0.0000 1.0000 0.0000
f 2151//1903 2141//1903 2139//1903
vn 0.0000 -1.0000 0.0000
f 2152//1904 2140//1904 2142//1904
vn 0.0000 1.0000 0.0000
f 2151//1905 2143//1905 2141//1905
vn 0.0000 -1.0000 0.0000
f 2152//1906 2142//1906 2144//1906
vn 0.0000 1.0000 0.0000
f 2151//1907 2145//1907 2143//1907
vn 0.0000 -1.0000 0.0000
f 2152//1908 2144//1908 2146//1908
vn 0.0000 1.0000 -0.0000
f 2151//1909 2147//1909 2145//1909
vn 0.0000 -1.0000 0.0000
f 2152//1910 2146//1910 2148//1910
vn 0.0000 1.0000 0.0000
f 2151//1911 2149//1911 2147//1911
vn 0.0000 -1.0000 0.0000
f 2152//1912 2148//1912 2150//1912
vn 0.0000 1.0000 0.0000
f 2151//1913 2127//1913 2149//1913
vn 0.0000 -1.0000 0.0000
f 2152//1914 2150//1914 2128//1914
vn 0.2588 0.0000 -0.9659
f 2153//1915 2155//1915 2156//1915 2154//1915
vn 0.7071 0.0000 -0.7071
f 2155//1916 2157//1916 2158//1916 2156//1916
vn 0.9659 0.0000 -0.2588
f 2157//1917 2159//1917 2160//1917 2158//1917
vn 0.9659 0.0000 0.2588
f 2159//1918 2161//1918 2162//1918 2160//1918
vn 0.7071 0.0000 0.7071
f 2161//1919 2163//1919 2164//1919 2162//1919
vn 0.2588 0.0000 0.9659
f 2163//1920 2165//1920 2166//1920 2164//1920
vn -0.2588 0.0000 0.9659
f 2165//1921 2167//1921 2168//1921 2166//1921
vn -0.7071 0.0000 0.7071
f 2167//1922 2169//1922 2170//1922 2168//1922
vn -0.9659 0.0000 0.2588
f 2169//1923 2171//1923 2172//1923 2170//1923
vn -0.9659 0.0000 -0.2588
f 2171//1924 2173//1924 2174//1924 2172//1924
vn -0.7071 0.0000 -0.7071
f 2173//1925 2175//1925 2176//1925 2174//1925
vn -0.2588 0.0000 -0.9659
f 2175//1926 2153//1926 2154//1926 2176//1926
vn 0.0000 1.0000 0.0000
f 2177//1927 2155//1927 2153//1927
vn 0.0000 -1.0000 0.0000
f 2178//1928 2154//1928 2156//1928
vn 0.0000 1.0000 -0.0000
f 2177//1929 2157//1929 2155//1929
vn 0.0000 -1.0000 -0.0000
f 2178//1930 2156//1930 2158//1930
vn 0.0000 1.0000 0.0000
f 2177//1931 2159//1931 2157//1931
vn 0.0000 -1.0000 0.0000
f 2178//1932 2158//1932 2160//1932
vn 0.0000 1.0000 0.0000
f 2177//1933 2161//1933 2159//1933
vn 0.0000 -1.0000 -0.0000
f 2178//1934 2160//1934 2162//1934
vn 0.0000 1.0000 0.0000
f 2177//1935 2163//1935 2161//1935
vn 0.0000 -1.0000 0.0000
f 2178//1936 2162//1936 2164//1936
vn 0.0000 1.0000 0.0000
f 2177//1937 2165//1937 2163//1937
vn 0.0000 -1.0000 0.0000
f 2178//1938 2164//1938 2166//1938
vn 0.0000 1.0000 0.0000
f 2177//1939 2167//1939 2165//1939
vn 0.0000 -1.0000 0.0000
f 2178//1940 2166//1940 2168//1940
vn 0.0000 1.0000 0.0000
f 2177//1941 2169//1941 2167//1941
vn 0.0000 -1.0000 0.0000
f 2178//1942 2168//1942 2170//1942
vn 0.0000 1.0000 0.0000
f 2177//1943 2171//1943 2169//1943
vn 0.0000 -1.0000 0.0000
f 2178//1944 2170//1944 2172//1944
vn 0.0000 1.0000 -0.0000
f 2177//1945 2173//1945 2171//1945
vn 0.0000 -1.0000 0.0000
f 2178//1946 2172//1946 2174//1946
vn 0.0000 1.0000 0.0000
f 2177//1947 2175//1947 2173//1947
vn 0.0000 -1.0000 0.0000
f 2178//1948 2174//1948 2176//1948
vn 0.0000 1.0000 0.0000
f 2177//1949 2153//1949 2175//1949
vn 0.0000 -1.0000 0.0000
f 2178//1950 2176//1950 2154//1950
vn 0.2588 0.0000 -0.9659
f 2179//1951 2181//1951 2182//1951 2180//1951
vn 0.7071 0.0000 -0.7071
f 2181//1952 2183//1952 2184//1952 2182//1952
vn 0.9659 0.0000 -0.2588
f 2183//1953 2185//1953 2186//1953 2184//1953
vn 0.9659 0.0000 0.2588
f 2185//1954 2187//1954 2188//1954 2186//1954
vn 0.7071 0.0000 0.7071
f 2187//1955 2189//1955 2190//1955 2188//1955
vn 0.2588 0.0000 0.9659
f 2189//1956 2191//1956 2192//1956 2190//1956
vn -0.2588 0.0000 0.9659
f 2191//1957 2193//1957 2194//1957 2192//1957
vn -0.7071 0.0000 0.7071
f 2193//1958 2195//1958 2196//1958 2194//1958
vn -0.9659 0.0000 0.2588
f 2195//1959 2197//1959 2198//1959 2196//1959
vn -0.9659 0.0000 -0.2588
f 2197//1960 2199//1960 2200//1960 2198//1960
vn -0.7071 0.0000 -0.7071
f 2199//1961 2201//1961 2202//1961 2200//1961
vn -0.2588 0.0000 -0.9659
f 2201//1962 2179//1962 2180//1962 2202//1962
vn 0.0000 1.0000 0.0000
f 2203//1963 2181//1963 2179//1963
vn 0.0000 -1.0000 0.0000
f 2204//1964 2180//1964 2182//1964
vn 0.0000 1.0000 0.0000
f 2203//1965 2183//1965 2181//1965
vn 0.0000 -1.0000 0.0000
f 2204//1966 2182//1966 2184//1966
vn 0.0000 1.0000 0.0000
f 2203//1967 2185//1967 2183//1967
vn 0.0000 -1.0000 0.0000
f 2204//1968 2184//1968 2186//1968
vn 0.0000 1.0000 0.0000
f 2203//1969 2187//1969 2185//1969
vn 0.0000 -1.0000 0.0000
f 2204//1970 2186//1970 2188//1970
vn 0.0000 1.0000 0.0000
f 2203//1971 2189//1971 2187//1971
vn 0.0000 -1.0000 0.0000
f 2204//1972 2188//1972 2190//1972
vn 0.0000 1.0000 0.0000
f 2203//1973 2191//1973 2189//1973
vn 0.0000 -1.0000 0.0000
f 2204//1974 2190//1974 2192//1974
vn 0.0000 1.0000 0.0000
f 2203//1975 2193//1975 2191//1975
vn 0.0000 -1.0000 0.0000
f 2204//1976 2192//1976 2194//1976
vn 0.0000 1.0000 0.0000
f 2203//1977 2195//1977 2193//1977
vn 0.0000 -1.0000 0.0000
f 2204//1978 2194//1978 2196//1978
vn 0.0000 1.0000 0.0000
f 2203//1979 2197//1979 2195//1979
vn 0.0000 -1.0000 0.0000
f 2204//1980 2196//1980 2198//1980
vn 0.0000 1.0000 0.0000
f 2203//1981 2199//1981 2197//1981
vn 0.0000 -1.0000 0.0000
f 2204//1982 2198//1982 2200//1982
vn 0.0000 1.0000 0.0000
f 2203//1983 2201//1983 2199//1983
vn 0.0000 -1.0000 0.0000
f 2204//1984 2200//1984 2202//1984
vn 0.0000 1.0000 0.0000
f 2203//1985 2179//1985 2201//1985
vn 0.0000 -1.0000 0.0000
f 2204//1986 2202//1986 2180//1986
o hose_bib
v 7.1000 0.4500 1.9391
v 7.0000 0.4500 1.9391
v 7.1000 0.4588 1.9420
v 7.0000 0.4588 1.9420
v 7.1000 0.4643 1.9495
v 7.0000 0.4643 1.9495
v 7.1000 0.4643 1.9588
v 7.0000 0.4643 1.9588
v 7.1000 0.4588 1.9663
v 7.0000 0.4588 1.9663
v 7.1000 0.4500 1.9691
v 7.0000 0.4500 1.9691
v 7.1000 0.4412 1.9663
v 7.0000 0.4412 1.9663
v 7.1000 0.4357 1.9588
v 7.0000 0.4357 1.9588
v 7.1000 0.4357 1.9495
v 7.0000 0.4357 1.9495
v 7.1000 0.4412 1.9420
v 7.0000 0.4412 1.9420
v 7.1000 0.4500 1.9541
v 7.0000 0.4500 1.9541
v 7.1000 0.4875 1.9191
v 7.1000 0.4725 1.9191
v 7.1206 0.4875 1.9258
v 7.1206 0.4725 1.9258
v 7.1333 0.4875 1.9433
v 7.1333 0.4725 1.9433
v 7.1333 0.4875 1.9649
v 7.1333 0.4725 1.9649
v 7.1206 0.4875 1.9824
v 7.1206 0.4725 1.9824
v 7.1000 0.4875 1.9891
v 7.1000 0.4725 1.9891
v 7.0794 0.4875 1.9824
v 7.0794 0.4725 1.9824
v 7.0667 0.4875 1.9649
v 7.0667 0.4725 1.9649
v 7.0667 0.4875 1.9433
v 7.0667 0.4725 1.9433
v 7.0794 0.4875 1.9258
v 7.0794 0.4725 1.9258
v 7.1000 0.4875 1.9541
v 7.1000 0.4725 1.9541
vn 0.0000 -0.3090 0.9511
usemtl hose_bib
f 2205//1987 2207//1987 2208//1987 2206//1987
vn 0.0000 -0.8090 0.5878
f 2207//1988 2209//1988 2210//1988 2208//1988
vn 0.0000 -1.0000 0.0000
f 2209//1989 2211//1989 2212//1989 2210//1989
vn 0.0000 -0.8090 -0.5878
f 2211//1990 2213//1990 2214//1990 2212//1990
vn 0.0000 -0.3090 -0.9511
f 2213//1991 2215//1991 2216//1991 2214//1991
vn 0.0000 0.3090 -0.9511
f 2215//1992 2217//1992 2218//1992 2216//1992
vn 0.0000 0.8090 -0.5878
f 2217//1993 2219//1993 2220//1993 2218//1993
vn 0.0000 1.0000 0.0000
f 2219//1994 2221//1994 2222//1994 2220//1994
vn 0.0000 0.8090 0.5878
f 2221//1995 2223//1995 2224//1995 2222//1995
vn 0.0000 0.3090 0.9511
f 2223//1996 2205//1996 2206//1996 2224//1996
vn -1.0000 -0.0000 0.0000
f 2225//1997 2207//1997 2205//1997
vn 1.0000 0.0000 0.0000
f 2226//1998 2206//1998 2208//1998
vn -1.0000 0.0000 0.0000
f 2225//1999 2209//1999 2207//1999
vn 1.0000 0.0000 0.0000
f 2226//2000 2208//2000 2210//2000
vn -1.0000 0.0000 0.0000
f 2225//2001 2211//2001 2209//2001
vn 1.0000 0.0000 0.0000
f 2226//2002 2210//2002 2212//2002
vn -1.0000 0.0000 0.0000
f 2225//2003 2213//2003 2211//2003
vn 1.0000 0.0000 0.0000
f 2226//2004 2212//2004 2214//2004
vn -1.0000 -0.0000 0.0000
f 2225//2005 2215//2005 2213//2005
vn 1.0000 0.0000 0.0000
f 2226//2006 2214//2006 2216//2006
vn -1.0000 0.0000 0.0000
f 2225//2007 2217//2007 2215//2007
vn 1.0000 0.0000 0.0000
f 2226//2008 2216//2008 2218//2008
vn -1.0000 0.0000 0.0000
f 2225//2009 2219//2009 2217//2009
vn 1.0000 0.0000 0.0000
f 2226//2010 2218//2010 2220//2010
vn -1.0000 0.0000 0.0000
f 2225//2011 2221//2011 2219//2011
vn 1.0000 0.0000 0.0000
f 2226//2012 2220//2012 2222//2012
vn -1.0000 0.0000 0.0000
f 2225//2013 2223//2013 2221//2013
vn 1.0000 0.0000 0.0000
f 2226//2014 2222//2014 2224//2014
vn -1.0000 0.0000 0.0000
f 2225//2015 2205//2015 2223//2015
vn 1.0000 0.0000 0.0000
f 2226//2016 2224//2016 2206//2016
vn 0.3090 0.0000 -0.9511
f 2227//2017 2229//2017 2230//2017 2228//2017
vn 0.8090 0.0000 -0.5878
f 2229//2018 2231//2018 2232//2018 2230//2018
vn 1.0000 0.0000 0.0000
f 2231//2019 2233//2019 2234//2019 2232//2019
vn 0.8090 0.0000 0.5878
f 2233//2020 2235//2020 2236//2020 2234//2020
vn 0.3090 0.0000 0.9511
f 2235//2021 2237//2021 2238//2021 2236//2021
vn -0.3090 0.0000 0.9511
f 2237//2022 2239//2022 2240//2022 2238//2022
vn -0.8090 0.0000 0.5878
f 2239//2023 2241//2023 2242//2023 2240//2023
vn -1.0000 0.0000 0.0000
f 2241//2024 2243//2024 2244//2024 2242//2024
vn -0.8090 0.0000 -0.5878
f 2243//2025 2245//2025 2246//2025 2244//2025
vn -0.3090 0.0000 -0.9511
f 2245//2026 2227//2026 2228//2026 2246//2026
vn 0.0000 1.0000 0.0000
f 2247//2027 2229//2027 2227//2027
vn 0.0000 -1.0000 0.0000
f 2248//2028 2228//2028 2230//2028
vn 0.0000 1.0000 0.0000
f 2247//2029 2231//2029 2229//2029
vn 0.0000 -1.0000 0.0000
f 2248//2030 2230//2030 2232//2030
vn 0.0000 1.0000 0.0000
f 2247//2031 2233//2031 2231//2031
vn 0.0000 -1.0000 0.0000
f 2248//2032 2232//2032 2234//2032
vn 0.0000 1.0000 0.0000
f 2247//2033 2235//2033 2233//2033
vn 0.0000 -1.0000 0.0000
f 2248//2034 2234//2034 2236//2034
vn 0.0000 1.0000 0.0000
f 2247//2035 2237//2035 2235//2035
vn 0.0000 -1.0000 0.0000
f 2248//2036 2236//2036 2238//2036
vn 0.0000 1.0000 0.0000
f 2247//2037 2239//2037 2237//2037
vn 0.0000 -1.0000 0.0000
f 2248//2038 2238//2038 2240//2038
vn 0.0000 1.0000 0.0000
f 2247//2039 2241//2039 2239//2039
vn 0.0000 -1.0000 0.0000
f 2248//2040 2240//2040 2242//2040
vn 0.0000 1.0000 0.0000
f 2247//2041 2243//2041 2241//2041
vn 0.0000 -1.0000 0.0000
f 2248//2042 2242//2042 2244//2042
vn 0.0000 1.0000 0.0000
f 2247//2043 2245//2043 2243//2043
vn 0.0000 -1.0000 0.0000
f 2248//2044 2244//2044 2246//2044
vn 0.0000 1.0000 0.0000
f 2247//2045 2227//2045 2245//2045
vn 0.0000 -1.0000 0.0000
f 2248//2046 2246//2046 2228//2046
o mulch_bed_side
v 7.0000 0.0000 -4.7000
v 8.6000 0.0000 -4.7000
v 8.6000 0.0400 -4.7000
v 7.0000 0.0400 -4.7000
v 7.0000 0.0000 4.7000
v 8.6000 0.0000 4.7000
v 8.6000 0.0400 4.7000
v 7.0000 0.0400 4.7000
vn 0.0000 0.0000 -1.0000
usemtl mulch
f 2249//2047 2252//2047 2251//2047 2250//2047
vn 0.0000 0.0000 1.0000
f 2253//2048 2254//2048 2255//2048 2256//2048
vn -1.0000 0.0000 0.0000
f 2249//2049 2253//2049 2256//2049 2252//2049
vn 1.0000 0.0000 0.0000
f 2250//2050 2251//2050 2255//2050 2254//2050
vn 0.0000 1.0000 0.0000
f 2252//2051 2256//2051 2255//2051 2251//2051
vn 0.0000 -1.0000 0.0000
f 2249//2052 2250//2052 2254//2052 2253//2052
o bush_loose_1
v 8.0988 1.1321 3.6898
v 8.0988 1.0698 3.6898
v 8.0988 1.0672 3.6898
v 8.0988 1.0566 3.6898
v 8.0988 1.0908 3.6898
v 8.0988 1.0864 3.6898
v 8.0988 1.1268 3.6898
v 8.0988 1.1090 3.6898
v 8.0988 1.1047 3.6898
v 8.0988 1.0655 3.6898
v 8.0988 1.0635 3.6898
v 8.0988 1.0890 3.6898
v 8.0988 1.0818 3.6898
v 8.0988 1.0469 3.6898
v 8.0988 1.0617 3.6898
v 8.0988 1.0900 3.6898
v 8.0988 1.0703 3.6898
v 8.0988 1.1157 3.6898
v 8.0988 1.1208 3.6898
v 8.0988 1.1309 3.6898
v 8.0988 1.0931 3.6898
v 8.0988 1.0621 3.6898
v 8.0988 1.0741 3.6898
v 8.0988 1.0787 3.6898
v 8.0988 1.1007 3.6898
v 8.0988 1.0508 3.6898
v 8.0988 1.0475 3.6898
v 8.0988 1.0834 3.6898
v 8.0988 1.0654 3.6898
v 8.0988 1.0960 3.6898
v 8.0988 1.0862 3.6898
v 8.0988 1.0803 3.6898
v 8.0988 1.0590 3.6898
v 8.0988 1.0648 3.6898
v 8.0988 1.0929 3.6898
v 8.0988 1.0971 3.6898
v 8.0988 1.1597 3.6898
v 8.0988 1.1282 3.6898
v 8.0988 1.0888 3.6898
v 8.0988 1.0735 3.6898
v 8.0988 1.0706 3.6898
v 8.0988 1.0563 3.6898
v 8.0988 1.0423 3.6898
v 8.0988 1.0590 3.6898
v 8.0988 1.0920 3.6898
v 8.0988 1.0513 3.6898
v 8.0988 1.1133 3.6898
v 8.0988 1.0911 3.6898
v 8.1379 1.1228 3.6327
v 8.1403 1.0607 3.6436
v 8.1427 1.0229 3.6522
v 8.1498 1.0492 3.6566
v 8.1570 1.0819 3.6619
v 8.1634 1.1116 3.6687
v 8.1639 1.0962 3.6777
v 8.1662 1.1078 3.6862
v 8.1666 1.1118 3.6950
v 8.1589 1.0544 3.7025
v 8.1594 1.0787 3.7111
v 8.1538 1.0567 3.7177
v 8.1479 1.0371 3.7234
v 8.1431 1.0374 3.7295
v 8.1377 1.0391 3.7351
v 8.1326 1.0588 3.7417
v 8.1290 1.1288 3.7528
v 8.1205 1.1287 3.7562
v 8.1118 1.1330 3.7589
v 8.1026 1.1192 3.7585
v 8.0936 1.1125 3.7576
v 8.0861 1.0581 3.7503
v 8.0780 1.0656 3.7489
v 8.0711 1.0529 3.7444
v 8.0620 1.0878 3.7436
v 8.0598 1.0289 3.7333
v 8.0516 1.0618 3.7303
v 8.0479 1.0491 3.7230
v 8.0383 1.1048 3.7188
v 8.0315 1.1372 3.7118
v 8.0311 1.1202 3.7025
v 8.0316 1.1070 3.6935
v 8.0411 1.0236 3.6854
v 8.0398 1.0449 3.6774
v 8.0427 1.0375 3.6701
v 8.0391 1.1031 3.6595
v 8.0381 1.1614 3.6482
v 8.0475 1.1210 3.6438
v 8.0559 1.0946 3.6397
v 8.0629 1.0937 3.6346
v 8.0716 1.0697 3.6329
v 8.0798 1.0530 3.6316
v 8.0871 1.0767 3.6270
v 8.0955 1.0560 3.6283
v 8.1035 1.0441 3.6298
v 8.1118 1.0681 3.6282
v 8.1209 1.0996 3.6271
v 8.1299 1.1174 3.6287
v 8.1771 1.1155 3.5756
v 8.1792 1.0370 3.6002
v 8.1949 1.0639 3.6075
v 8.2037 1.0581 3.6214
v 8.2083 1.0412 3.6374
v 8.2212 1.0733 3.6498
v 8.2227 1.0617 3.6666
v 8.2231 1.0548 3.6831
v 8.2358 1.1110 3.7004
v 8.2280 1.0877 3.7170
v 8.2176 1.0612 3.7317
v 8.2105 1.0580 3.7465
v 8.2023 1.0586 3.7606
v 8.1878 1.0333 3.7696
v 8.1780 1.0425 3.7822
v 8.1665 1.0525 3.7936
v 8.1548 1.0769 3.8067
v 8.1390 1.0763 3.8128
v 8.1251 1.1339 3.8300
v 8.1057 1.0666 3.8168
v 8.0885 1.0965 3.8235
v 8.0732 1.0532 3.8112
v 8.0553 1.0834 3.8134
v 8.0419 1.0609 3.8021
v 8.0306 1.0392 3.7895
v 8.0125 1.0758 3.7861
v 8.0060 1.0453 3.7694
v 7.9908 1.0742 3.7602
v 7.9894 1.0415 3.7423
v 7.9685 1.1097 3.7324
v 7.9660 1.1011 3.7147
v 7.9605 1.1158 3.6973
v 7.9758 1.0501 3.6803
v 7.9731 1.0725 3.6633
v 7.9822 1.0513 3.6487
v 7.9817 1.0846 3.6304
v 7.9924 1.0744 3.6169
v 7.9962 1.1133 3.5977
v 8.0107 1.1023 3.5870
v 8.0265 1.0894 3.5789
v 8.0467 1.0383 3.5810
v 8.0586 1.0764 3.5668
v 8.0767 1.0371 3.5715
v 8.0922 1.0480 3.5671
v 8.1079 1.0244 3.5727
v 8.1228 1.0189 3.5761
v 8.1392 1.0423 3.5751
v 8.1601 1.1021 3.5691
v 8.2138 1.0906 3.5220
v 8.2255 1.0517 3.5486
v 8.2434 1.0537 3.5659
v 8.2556 1.0443 3.5877
v 8.2752 1.0682 3.6053
v 8.2772 1.0457 3.6315
v 8.2663 0.9968 3.6585
v 8.2911 1.0598 3.6794
v 8.2898 1.0567 3.7045
v 8.2903 1.0685 3.7302
v 8.2906 1.0903 3.7574
v 8.2701 1.0583 3.7767
v 8.2484 1.0276 3.7922
v 8.2225 0.9851 3.8008
v 8.2215 1.0481 3.8329
v 8.2039 1.0595 3.8510
v 8.1862 1.0870 3.8721
v 8.1586 1.0595 3.8728
v 8.1374 1.1086 3.8960
v 8.1095 1.0758 3.8877
v 8.0840 1.0614 3.8824
v 8.0583 1.0709 3.8821
v 8.0357 1.0530 3.8692
v 8.0099 1.0709 3.8650
v 7.9940 1.0399 3.8429
v 7.9789 1.0231 3.8235
v 7.9612 1.0279 3.8078
v 7.9470 1.0276 3.7888
v 7.9333 1.0344 3.7691
v 7.9222 1.0406 3.7475
v 7.9140 1.0470 3.7244
v 7.9006 1.0768 3.7005
v 7.9025 1.0721 3.6747
v 7.9164 1.0425 3.6514
v 7.9214 1.0471 3.6273
v 7.9295 1.0523 3.6039
v 7.9381 1.0661 3.5797
v 7.9508 1.0776 3.5570
v 7.9749 1.0537 3.5452
v 7.9895 1.0816 3.5220
v 8.0188 1.0390 3.5228
v 8.0412 1.0401 3.5134
v 8.0651 1.0338 3.5095
v 8.0887 1.0437 3.5032
v 8.1134 1.0506 3.5010
v 8.1356 1.0193 3.5154
v 8.1608 1.0423 3.5140
v 8.1862 1.0611 3.5177
v 8.2362 1.0147 3.4892
v 8.2659 1.0290 3.5037
v 8.2961 1.0490 3.5208
v 8.3227 1.0643 3.5439
v 8.3128 1.0027 3.5873
v 8.3138 0.9799 3.6196
v 8.3124 0.9615 3.6499
v 8.3449 1.0215 3.6765
v 8.3460 1.0245 3.7088
v 8.3475 1.0373 3.7422
v 8.3442 1.0498 3.7763
v 8.3261 1.0388 3.8051
v 8.2944 1.0020 3.8237
v 8.2743 0.9994 3.8472
v 8.2574 1.0159 3.8748
v 8.2252 0.9905 3.8836
v 8.2066 1.0275 3.9147
v 8.1812 1.0601 3.9419
v 8.1467 1.0496 3.9455
v 8.1123 1.0261 3.9381
v 8.0785 1.0609 3.9546
v 8.0494 1.0077 3.9244
v 8.0134 1.0434 3.9323
v 7.9884 1.0169 3.9076
v 7.9568 1.0319 3.8973
v 7.9350 1.0191 3.8724
v 7.9141 1.0151 3.8481
v 7.8996 1.0038 3.8197
v 7.8764 1.0221 3.7964
v 7.8655 1.0196 3.7661
v 7.8527 1.0297 3.7359
v 7.8508 1.0257 3.7032
v 7.8309 1.0675 3.6692
v 7.8420 1.0545 3.6357
v 7.8620 1.0312 3.6064
v 7.8855 1.0068 3.5815
v 7.9089 0.9880 3.5598
v 7.9235 0.9991 3.5325
v 7.9415 1.0118 3.5063
v 7.9523 1.0665 3.4650
v 7.9853 1.0553 3.4528
v 8.0211 1.0296 3.4518
v 8.0524 1.0337 3.4418
v 8.0852 1.0355 3.4370
v 8.1188 1.0491 3.4308
v 8.1512 1.0372 3.4412
v 8.1764 0.9947 3.4697
v 8.2083 1.0124 3.4740
v 8.2786 1.0161 3.4274
v 8.3115 1.0167 3.4528
v 8.3465 1.0289 3.4775
v 8.3823 1.0480 3.5051
v 8.3865 1.0175 3.5520
v 8.3833 0.9865 3.5968
v 8.3898 0.9813 3.6354
v 8.3813 0.9605 3.6745
v 8.4148 1.0143 3.7141
v 8.3996 0.9991 3.7532
v 8.3885 0.9987 3.7918
v 8.3674 0.9894 3.8261
v 8.3372 0.9700 3.8530
v 8.3180 0.9788 3.8865
v 8.3008 1.0038 3.9254
v 8.2641 0.9918 3.9434
v 8.2312 0.9975 3.9661
v 8.1940 0.9974 3.9809
v 8.1568 1.0116 3.9997
v 8.1165 1.0306 4.0166
v 8.0754 0.9963 3.9944
v 8.0356 0.9979 3.9898
v 7.9955 1.0048 3.9831
v 7.9580 1.0055 3.9675
v 7.9347 0.9726 3.9295
v 7.8978 0.9891 3.9138
v 7.8560 1.0189 3.8980
v 7.8451 0.9921 3.8552
v 7.8400 0.9670 3.8138
v 7.8096 0.9944 3.7843
v 7.7886 1.0122 3.7479
v 7.7814 1.0159 3.7070
v 7.7751 1.0265 3.6649
v 7.7834 1.0228 3.6233
v 7.7923 1.0270 3.5818
v 7.8394 0.9732 3.5582
v 7.8636 0.9642 3.5287
v 7.8842 0.9693 3.4972
v 7.9099 0.9723 3.4694
v 7.9320 0.9964 3.4338
v 7.9602 1.0204 3.4005
v 7.9935 1.0492 3.3675
v 8.0429 0.9945 3.3906
v 8.0826 0.9885 3.3897
v 8.1212 0.9735 3.3996
v 8.1606 0.9865 3.3969
v 8.1965 0.9781 3.4125
v 8.2338 0.9849 3.4238
v 8.2972 0.9507 3.4001
v 8.3486 0.9790 3.4115
v 8.4076 1.0197 3.4252
v 8.4236 0.9962 3.4781
v 8.4348 0.9774 3.5289
v 8.4193 0.9333 3.5851
v 8.4332 0.9372 3.6273
v 8.4560 0.9589 3.6705
v 8.4373 0.9363 3.7159
v 8.4492 0.9593 3.7637
v 8.4259 0.9453 3.8050
v 8.4353 0.9833 3.8605
v 8.4014 0.9701 3.8970
v 8.3808 0.9851 3.9428
v 8.3233 0.9430 3.9517
v 8.2923 0.9546 3.9866
v 8.2445 0.9334 3.9939
v 8.2126 0.9696 4.0380
v 8.1675 0.9784 4.0568
v 8.1190 0.9771 4.0616
v 8.0713 0.9605 4.0477
v 8.0211 0.9831 4.0588
v 7.9803 0.9578 4.0264
v 7.9477 0.9295 3.9877
v 7.8905 0.9725 3.9940
v 7.8608 0.9574 3.9551
v 7.8204 0.9700 3.9284
v 7.8044 0.9512 3.8817
v 7.7775 0.9571 3.8437
v 7.7746 0.9382 3.7958
v 7.7416 0.9661 3.7567
v 7.7155 0.9915 3.7106
v 7.7126 0.9958 3.6601
v 7.7001 1.0208 3.6058
v 7.7376 0.9903 3.5626
v 7.8001 0.9307 3.5382
v 7.8241 0.9282 3.5017
v 7.8679 0.9000 3.4826
v 7.8813 0.9298 3.4360
v 7.9005 0.9658 3.3855
v 7.9253 1.0135 3.3276
v 7.9842 0.9729 3.3391
v 8.0314 0.9704 3.3292
v 8.0790 0.9702 3.3236
v 8.1271 0.9724 3.3223
v 8.1737 0.9652 3.3348
v 8.2143 0.9463 3.3620
v 8.2552 0.9437 3.3818
v 8.3398 0.9371 3.3379
v 8.3969 0.9566 3.3577
v 8.4270 0.9427 3.4086
v 8.4667 0.9495 3.4501
v 8.4665 0.9184 3.5137
v 8.4751 0.9067 3.5669
v 8.5085 0.9275 3.6132
v 8.5114 0.9238 3.6675
v 8.4932 0.9064 3.7202
v 8.4821 0.9026 3.7706
v 8.4925 0.9280 3.8285
v 8.4691 0.9259 3.8777
v 8.4401 0.9243 3.9235
v 8.4163 0.9371 3.9747
v 8.3744 0.9340 4.0113
v 8.3193 0.9145 4.0281
v 8.2710 0.9092 4.0491
v 8.2181 0.8948 4.0547
v 8.1745 0.9224 4.0945
v 8.1211 0.9233 4.1018
v 8.0673 0.9216 4.0995
v 8.0099 0.9418 4.1118
v 7.9606 0.9268 4.0823
v 7.9113 0.9251 4.0594
v 7.8788 0.9004 4.0112
v 7.8262 0.9190 3.9936
v 7.7725 0.9403 3.9695
v 7.7471 0.9305 3.9191
v 7.7496 0.8982 3.8571
v 7.7086 0.9213 3.8174
v 7.6991 0.9174 3.7646
v 7.6834 0.9267 3.7123
v 7.6811 0.9296 3.6576
v 7.6931 0.9253 3.6043
v 7.6989 0.9346 3.5489
v 7.7260 0.9288 3.5006
v 7.7925 0.8824 3.4800
v 7.8348 0.8660 3.4529
v 7.8562 0.8839 3.4067
v 7.8753 0.9201 3.3469
v 7.9150 0.9361 3.3061
v 7.9576 0.9651 3.2575
v 8.0217 0.9300 3.2776
v 8.0769 0.9163 3.2849
v 8.1291 0.9056 3.2963
v 8.1827 0.9175 3.2918
v 8.2287 0.9016 3.3213
v 8.2816 0.9147 3.3296
v 8.3666 0.8889 3.2988
v 8.3975 0.8679 3.3570
v 8.4644 0.8949 3.3765
v 8.4910 0.8843 3.4342
v 8.4911 0.8581 3.5019
v 8.5527 0.8917 3.5415
v 8.5286 0.8600 3.6094
v 8.5232 0.8502 3.6669
v 8.5242 0.8516 3.7226
v 8.4995 0.8380 3.7743
v 8.5108 0.8596 3.8349
v 8.5251 0.8922 3.9061
v 8.4948 0.8937 3.9610
v 8.4640 0.9022 4.0175
v 8.4200 0.9044 4.0646
v 8.3506 0.8787 4.0760
v 8.2931 0.8698 4.0954
v 8.2315 0.8519 4.0958
v 8.1819 0.8715 4.1340
v 8.1234 0.8741 4.1443
v 8.0641 0.8723 4.1413
v 8.0046 0.8754 4.1367
v 7.9548 0.8571 4.0989
v 7.8947 0.8710 4.0922
v 7.8525 0.8590 4.0496
v 7.8078 0.8588 4.0141
v 7.7428 0.8849 3.9949
v 7.7076 0.8835 3.9448
v 7.6963 0.8671 3.8826
v 7.6474 0.8898 3.8373
v 7.6726 0.8571 3.7696
v 7.6485 0.8708 3.7142
v 7.6500 0.8702 3.6553
v 7.6604 0.8685 3.5974
v 7.6601 0.8820 3.5353
v 7.7221 0.8483 3.4987
v 7.7452 0.8531 3.4476
v 7.7752 0.8581 3.3994
v 7.8162 0.8576 3.3601
v 7.8579 0.8632 3.3201
v 7.9035 0.8717 3.2821
v 7.9435 0.9097 3.2144
v 8.0064 0.9117 3.1956
v 8.0732 0.8900 3.2153
v 8.1321 0.8564 3.2584
v 8.1910 0.8674 3.2528
v 8.2516 0.8779 3.2560
v 8.2947 0.8566 3.3037
v 8.3627 0.8052 3.3045
v 8.4183 0.8123 3.3338
v 8.4791 0.8263 3.3639
v 8.5225 0.8293 3.4137
v 8.5765 0.8442 3.4610
v 8.5705 0.8234 3.5357
v 8.5790 0.8186 3.6000
v 8.5606 0.8023 3.6648
v 8.5648 0.8054 3.7257
v 8.5258 0.7861 3.7798
v 8.5562 0.8163 3.8509
v 8.5508 0.8300 3.9191
v 8.5092 0.8241 3.9708
v 8.4746 0.8288 4.0270
v 8.4188 0.8206 4.0631
v 8.3632 0.8158 4.0953
v 8.3095 0.8180 4.1295
v 8.2424 0.8023 4.1292
v 8.1855 0.8078 4.1529
v 8.1249 0.8153 4.1723
v 8.0613 0.8193 4.1780
v 7.9937 0.8319 4.1887
v 7.9374 0.8170 4.1481
v 7.8760 0.8210 4.1289
v 7.8167 0.8253 4.1018
v 7.7845 0.8075 4.0401
v 7.7359 0.8120 4.0008
v 7.6784 0.8269 3.9639
v 7.6734 0.8081 3.8936
v 7.6190 0.8288 3.8466
v 7.6123 0.8226 3.7808
v 7.6262 0.8091 3.7154
v 7.5968 0.8279 3.6512
v 7.6412 0.8057 3.5933
v 7.6597 0.8043 3.5351
v 7.6512 0.8270 3.4627
v 7.7034 0.8128 3.4190
v 7.7458 0.8098 3.3730
v 7.8074 0.7932 3.3498
v 7.8446 0.8043 3.2998
v 7.8872 0.8194 3.2480
v 7.9448 0.8232 3.2184
v 7.9990 0.8524 3.1563
v 8.0717 0.8267 3.1890
v 8.1358 0.8145 3.2093
v 8.2001 0.8201 3.2094
v 8.2585 0.8136 3.2366
v 8.3018 0.7937 3.2898
v 8.3784 0.7506 3.2816
v 8.4051 0.7333 3.3485
v 8.4809 0.7545 3.3624
v 8.5130 0.7503 3.4199
v 8.5818 0.7700 3.4584
v 8.6027 0.7674 3.5251
v 8.6299 0.7723 3.5905
v 8.5994 0.7537 3.6627
v 8.6100 0.7591 3.7292
v 8.5733 0.7458 3.7898
v 8.5953 0.7656 3.8647
v 8.5739 0.7686 3.9309
v 8.5366 0.7676 3.9896
v 8.5126 0.7797 4.0611
v 8.4763 0.7913 4.1303
v 8.3926 0.7711 4.1405
v 8.3186 0.7571 4.1485
v 8.2577 0.7585 4.1760
v 8.1897 0.7503 4.1757
v 8.1257 0.7521 4.1872
v 8.0612 0.7485 4.1788
v 7.9983 0.7471 4.1668
v 7.9292 0.7581 4.1715
v 7.8508 0.7760 4.1786
v 7.7923 0.7733 4.1374
v 7.7595 0.7569 4.0679
v 7.7307 0.7458 4.0053
v 7.6438 0.7736 3.9864
v 7.6132 0.7714 3.9224
v 7.5962 0.7668 3.8541
v 7.5733 0.7696 3.7881
v 7.5773 0.7637 3.7180
v 7.6003 0.7531 3.6514
v 7.6085 0.7536 3.5864
v 7.6285 0.7524 3.5241
v 7.6097 0.7762 3.4416
v 7.6348 0.7828 3.3720
v 7.7200 0.7574 3.3498
v 7.7677 0.7572 3.3035
v 7.8245 0.7541 3.2690
v 7.8899 0.7452 3.2537
v 7.9353 0.7657 3.1892
v 8.0009 0.7686 3.1663
v 8.0691 0.7770 3.1405
v 8.1417 0.7811 3.1326
v 8.2029 0.7551 3.1964
v 8.2588 0.7442 3.2357
v 8.3325 0.7608 3.2294
v 8.3835 0.6891 3.2741
v 8.4377 0.6903 3.3122
v 8.4952 0.6954 3.3501
v 8.5324 0.6939 3.4072
v 8.6186 0.7143 3.4408
v 8.6331 0.7093 3.5152
v 8.6497 0.7088 3.5868
v 8.6612 0.7097 3.6594
v 8.6555 0.7080 3.7327
v 8.6441 0.7076 3.8047
v 8.5750 0.6895 3.8575
v 8.5655 0.6959 3.9266
v 8.5402 0.6999 3.9921
v 8.5228 0.7120 4.0703
v 8.4580 0.7058 4.1089
v 8.4063 0.7097 4.1615
v 8.3311 0.7008 4.1747
v 8.2541 0.6877 4.1649
v 8.1936 0.6930 4.1961
v 8.1250 0.6820 4.1724
v 8.0595 0.6920 4.2005
v 7.9952 0.6887 4.1815
v 7.9158 0.7054 4.2094
v 7.8420 0.7112 4.1960
v 7.7981 0.6990 4.1289
v 7.7444 0.6984 4.0848
v 7.6992 0.6969 4.0323
v 7.6605 0.6958 3.9755
v 7.6107 0.7021 3.9237
v 7.5523 0.7138 3.8684
v 7.5740 0.6996 3.7880
v 7.5865 0.6923 3.7175
v 7.6161 0.6823 3.6526
v 7.6321 0.6798 3.5914
v 7.5946 0.6998 3.5122
v 7.6231 0.6994 3.4484
v 7.6132 0.7185 3.3573
v 7.6498 0.7236 3.2869
v 7.7217 0.7154 3.2497
v 7.8114 0.6969 3.2489
v 7.8816 0.6888 3.2363
v 7.9336 0.6989 3.1842
v 7.9986 0.7034 3.1540
v 8.0661 0.7246 3.0847
v 8.1452 0.7240 3.0872
v 8.2183 0.7152 3.1232
v 8.2829 0.7065 3.1674
v 8.3269 0.6892 3.2403
v 8.3952 0.6330 3.2571
v 8.4279 0.6258 3.3231
v 8.5007 0.6341 3.3455
v 8.5480 0.6357 3.3970
v 8.6017 0.6405 3.4489
v 8.6415 0.6435 3.5125
v 8.6510 0.6415 3.5865
v 8.6349 0.6358 3.6608
v 8.6611 0.6420 3.7331
v 8.6297 0.6371 3.8017
v 8.6093 0.6368 3.8696
v 8.5837 0.6374 3.9358
v 8.5672 0.6428 4.0106
v 8.5037 0.6374 4.0531
v 8.4949 0.6521 4.1520
v 8.4084 0.6426 4.1647
v 8.3524 0.6472 4.2191
v 8.2687 0.6381 4.2096
v 8.1921 0.6291 4.1884
v 8.1271 0.6328 4.2124
v 8.0589 0.6320 4.2082
v 7.9850 0.6392 4.2297
v 7.9161 0.6388 4.2086
v 7.8309 0.6483 4.2179
v 7.7808 0.6417 4.1542
v 7.7034 0.6483 4.1305
v 7.6609 0.6449 4.0651
v 7.6315 0.6406 3.9944
v 7.5461 0.6530 3.9546
v 7.5741 0.6393 3.8613
v 7.5564 0.6392 3.7913
v 7.5418 0.6406 3.7199
v 7.5939 0.6290 3.6509
v 7.6079 0.6279 3.5863
v 7.6161 0.6302 3.5198
v 7.6090 0.6387 3.4413
v 7.6005 0.6510 3.3485
v 7.6589 0.6481 3.2950
v 7.7279 0.6434 3.2570
v 7.7970 0.6394 3.2267
v 7.8817 0.6281 3.2365
v 7.9362 0.6328 3.1922
v 8.0006 0.6353 3.1647
v 8.0673 0.6466 3.1061
v 8.1450 0.6505 3.0900
v 8.2212 0.6486 3.1095
v 8.2907 0.6450 3.1452
v 8.3553 0.6426 3.1844
v 8.4012 0.5742 3.2483
v 8.4471 0.5726 3.3017
v 8.5229 0.5768 3.3264
v 8.5836 0.5790 3.3738
v 8.5824 0.5743 3.4581
v 8.6386 0.5778 3.5134
v 8.6830 0.5808 3.5805
v 8.6718 0.5785 3.6588
v 8.7084 0.5827 3.7368
v 8.6998 0.5830 3.8165
v 8.6497 0.5796 3.8838
v 8.5788 0.5745 3.9333
v 8.5772 0.5791 4.0174
v 8.5348 0.5798 4.0810
v 8.4621 0.5767 4.1137
v 8.4176 0.5796 4.1788
v 8.3431 0.5775 4.1996
v 8.2822 0.5803 4.2509
v 8.2067 0.5799 4.2664
v 8.1295 0.5778 4.2567
v 8.0573 0.5749 4.2299
v 7.9889 0.5739 4.2112
v 7.9082 0.5785 4.2311
v 7.8509 0.5756 4.1785
v 7.7892 0.5756 4.1420
v 7.7115 0.5792 4.1215
v 7.6382 0.5821 4.0846
v 7.6013 0.5807 4.0141
v 7.5708 0.5798 3.9428
v 7.5629 0.5774 3.8650
v 7.5472 0.5771 3.7930
v 7.5745 0.5731 3.7182
v 7.5262 0.5785 3.6457
v 7.5764 0.5740 3.5797
v 7.5766 0.5762 3.5059
v 7.5699 0.5806 3.4214
v 7.6126 0.5802 3.3568
v 7.6612 0.5801 3.2971
v 7.7009 0.5827 3.2255
v 7.7697 0.5817 3.1849
v 7.8458 0.5798 3.1617
v 7.9282 0.5757 3.1678
v 7.9977 0.5758 3.1494
v 8.0670 0.5803 3.1008
v 8.1442 0.5804 3.1008
v 8.2281 0.5844 3.0765
v 8.2976 0.5812 3.1256
v 8.3604 0.5790 3.1743
v 8.4273 0.5144 3.2101
v 8.4687 0.5144 3.2777
v 8.5175 0.5144 3.3311
v 8.5651 0.5144 3.3859
v 8.6050 0.5144 3.4473
v 8.6063 0.5144 3.5240
v 8.6933 0.5144 3.5786
v 8.6713 0.5144 3.6588
v 8.7252 0.5144 3.7380
v 8.6758 0.5144 3.8114
v 8.6507 0.5144 3.8842
v 8.5909 0.5144 3.9395
v 8.5570 0.5144 4.0036
v 8.4896 0.5144 4.0405
v 8.4455 0.5144 4.0943
v 8.4295 0.5144 4.1972
v 8.3635 0.5144 4.2422
v 8.2813 0.5144 4.2480
v 8.2053 0.5144 4.2588
v 8.1282 0.5144 4.2322
v 8.0539 0.5144 4.2730
v 7.9876 0.5144 4.2175
v 7.9188 0.5144 4.2010
v 7.8328 0.5144 4.2142
v 7.7562 0.5144 4.1902
v 7.6906 0.5144 4.1448
v 7.6534 0.5144 4.0716
v 7.5750 0.5144 4.0313
v 7.5630 0.5144 3.9465
v 7.5320 0.5144 3.8750
v 7.5633 0.5144 3.7900
v 7.5396 0.5144 3.7201
v 7.5330 0.5144 3.6462
v 7.5165 0.5144 3.5671
v 7.5622 0.5144 3.5008
v 7.5941 0.5144 3.4337
v 7.6514 0.5144 3.3834
v 7.6526 0.5144 3.2894
v 7.6932 0.5144 3.2165
v 7.7757 0.5144 3.1941
v 7.8525 0.5144 3.1755
v 7.9191 0.5144 3.1397
v 8.0014 0.5144 3.1690
v 8.0699 0.5144 3.1555
v 8.1419 0.5144 3.1306
v 8.2211 0.5144 3.1100
v 8.2977 0.5144 3.1251
v 8.3828 0.5144 3.1302
v 8.4411 0.4468 3.1900
v 8.4863 0.4496 3.2581
v 8.5021 0.4551 3.3442
v 8.5506 0.4542 3.3953
v 8.5913 0.4534 3.4539
v 8.5899 0.4567 3.5293
v 8.6879 0.4475 3.5796
v 8.7203 0.4449 3.6562
v 8.7166 0.4452 3.7374
v 8.6880 0.4472 3.8140
v 8.6786 0.4458 3.8940
v 8.6074 0.4507 3.9479
v 8.5778 0.4496 4.0178
v 8.5170 0.4517 4.0651
v 8.4571 0.4529 4.1079
v 8.3949 0.4539 4.1440
v 8.3437 0.4511 4.2009
v 8.2813 0.4488 4.2483
v 8.2036 0.4508 4.2499
v 8.1294 0.4513 4.2545
v 8.0537 0.4488 4.2759
v 7.9891 0.4550 4.2104
v 7.9202 0.4544 4.1970
v 7.8647 0.4566 4.1513
v 7.7947 0.4543 4.1340
v 7.6859 0.4454 4.1500
v 7.6122 0.4429 4.1069
v 7.5760 0.4447 4.0306
v 7.5485 0.4463 3.9535
v 7.5772 0.4531 3.8603
v 7.5430 0.4513 3.7938
v 7.5478 0.4528 3.7196
v 7.5253 0.4502 3.6457
v 7.5283 0.4493 3.5695
v 7.5464 0.4490 3.4952
v 7.6214 0.4546 3.4476
v 7.6374 0.4520 3.3738
v 7.6699 0.4501 3.3049
v 7.7136 0.4483 3.2403
v 7.7697 0.4471 3.1848
v 7.8298 0.4449 3.1283
v 7.9252 0.4520 3.1583
v 8.0020 0.4556 3.1723
v 8.0713 0.4576 3.1815
v 8.1407 0.4535 3.1460
v 8.2241 0.4466 3.0954
v 8.3060 0.4448 3.1016
v 8.3740 0.4465 3.1474
v 8.4419 0.3771 3.1888
v 8.4887 0.3824 3.2554
v 8.5060 0.3931 3.3408
v 8.5432 0.3944 3.4002
v 8.5724 0.3957 3.4630
v 8.5847 0.3988 3.5310
v 8.6750 0.3818 3.5820
v 8.6665 0.3858 3.6591
v 8.7037 0.3772 3.7364
v 8.7114 0.3728 3.8189
v 8.6420 0.3842 3.8811
v 8.6185 0.3826 3.9535
v 8.5344 0.3950 3.9881
v 8.4850 0.3971 4.0363
v 8.4607 0.3886 4.1120
v 8.4048 0.3877 4.1593
v 8.3441 0.3860 4.2017
v 8.2720 0.3883 4.2197
v 8.2029 0.3864 4.2460
v 8.1316 0.3772 4.2957
v 8.0574 0.3924 4.2275
v 7.9840 0.3884 4.2348
v 7.9204 0.3929 4.1964
v 7.8524 0.3912 4.1754
v 7.7769 0.3855 4.1600
v 7.6923 0.3767 4.1429
v 7.6671 0.3858 4.0598
v 7.6191 0.3849 4.0025
v 7.6003 0.3894 3.9286
v 7.5568 0.3854 3.8669
v 7.5512 0.3884 3.7923
v 7.5737 0.3955 3.7182
v 7.5134 0.3816 3.6447
v 7.5708 0.3924 3.5785
v 7.5683 0.3872 3.5029
v 7.5863 0.3844 3.4297
v 7.6636 0.3951 3.3918
v 7.6698 0.3840 3.3048
v 7.7222 0.3835 3.2503
v 7.7662 0.3766 3.1795
v 7.8451 0.3816 3.1602
v 7.9126 0.3788 3.1198
v 7.9944 0.3859 3.1314
v 8.0699 0.3933 3.1551
v 8.1388 0.3967 3.1709
v 8.2118 0.3905 3.1539
v 8.2973 0.3793 3.1265
v 8.3849 0.3714 3.1260
v 8.4150 0.3204 3.2281
v 8.4839 0.3145 3.2607
v 8.5013 0.3306 3.3449
v 8.5512 0.3272 3.3950
v 8.5246 0.3507 3.4859
v 8.5581 0.3469 3.5397
v 8.6103 0.3340 3.5941
v 8.6662 0.3174 3.6591
v 8.6618 0.3186 3.7332
v 8.6349 0.3244 3.8028
v 8.6453 0.3135 3.8823
v 8.6231 0.3106 3.9558
v 8.5565 0.3221 4.0032
v 8.4910 0.3317 4.0417
v 8.4423 0.3314 4.0905
v 8.3725 0.3406 4.1097
v 8.3389 0.3218 4.1908
v 8.2656 0.3282 4.2002
v 8.2034 0.3172 4.2489
v 8.1291 0.3201 4.2494
v 8.0583 0.3313 4.2164
v 7.9832 0.3199 4.2386
v 7.9304 0.3386 4.1681
v 7.8635 0.3341 4.1536
v 7.7770 0.3169 4.1598
v 7.7316 0.3238 4.0990
v 7.6717 0.3193 4.0559
v 7.6555 0.3309 3.9788
v 7.6355 0.3363 3.9118
v 7.6122 0.3369 3.8488
v 7.5915 0.3354 3.7847
v 7.5355 0.3188 3.7203
v 7.5434 0.3212 3.6470
v 7.5521 0.3207 3.5746
v 7.5535 0.3139 3.4977
v 7.5971 0.3193 3.4352
v 7.6800 0.3384 3.4030
v 7.6873 0.3227 3.3205
v 7.7435 0.3251 3.2752
v 7.8075 0.3294 3.2429
v 7.8623 0.3246 3.1961
v 7.9239 0.3191 3.1544
v 7.9963 0.3211 3.1418
v 8.0715 0.3390 3.1847
v 8.1377 0.3391 3.1858
v 8.2128 0.3229 3.1494
v 8.2823 0.3230 3.1691
v 8.3468 0.3244 3.2011
v 8.3866 0.2713 3.2696
v 8.4568 0.2586 3.2909
v 8.5136 0.2537 3.3344
v 8.5229 0.2729 3.4134
v 8.5307 0.2859 3.4830
v 8.5431 0.2914 3.5446
v 8.6045 0.2689 3.5952
v 8.6065 0.2718 3.6623
v 8.6307 0.2599 3.7308
v 8.6058 0.2672 3.7967
v 8.5936 0.2641 3.8641
v 8.5538 0.2710 3.9206
v 8.5096 0.2768 3.9711
v 8.4784 0.2711 4.0304
v 8.4280 0.2730 4.0739
v 8.3600 0.2862 4.0904
v 8.3110 0.2801 4.1326
v 8.2635 0.2614 4.1938
v 8.1997 0.2526 4.2292
v 8.1273 0.2632 4.2154
v 8.0559 0.2477 4.2470
v 7.9963 0.2772 4.1762
v 7.9359 0.2803 4.1525
v 7.8681 0.2710 4.1446
v 7.8038 0.2652 4.1207
v 7.7703 0.2796 4.0560
v 7.6892 0.2569 4.0409
v 7.6561 0.2622 3.9784
v 7.6576 0.2809 3.9012
v 7.6007 0.2643 3.8526
v 7.6041 0.2742 3.7824
v 7.5588 0.2563 3.7190
v 7.5792 0.2657 3.6498
v 7.5715 0.2572 3.5787
v 7.6245 0.2744 3.5227
v 7.6283 0.2626 3.4510
v 7.6914 0.2787 3.4108
v 7.7188 0.2707 3.3488
v 7.7488 0.2577 3.2814
v 7.8064 0.2588 3.2412
v 7.8759 0.2682 3.2245
v 7.9320 0.2581 3.1792
v 7.9993 0.2560 3.1575
v 8.0701 0.2603 3.1581
v 8.1362 0.2822 3.2048
v 8.1995 0.2815 3.2123
v 8.2625 0.2792 3.2250
v 8.3424 0.2576 3.2099
v 8.3845 0.1996 3.2726
v 8.4309 0.2048 3.3198
v 8.4861 0.1968 3.3579
v 8.5286 0.1950 3.4097
v 8.5292 0.2173 3.4837
v 8.5294 0.2324 3.5491
v 8.5811 0.2089 3.5996
v 8.5661 0.2231 3.6645
v 8.5606 0.2260 3.7254
v 8.5966 0.1977 3.7947
v 8.5800 0.1968 3.8593
v 8.5623 0.1908 3.9250
v 8.4997 0.2119 3.9643
v 8.4723 0.2020 4.0249
v 8.3985 0.2277 4.0395
v 8.3628 0.2134 4.0947
v 8.3080 0.2130 4.1264
v 8.2524 0.2066 4.1597
v 8.1900 0.2057 4.1771
v 8.1269 0.1915 4.2076
v 8.0616 0.2120 4.1740
v 7.9956 0.2029 4.1794
v 7.9382 0.2133 4.1460
v 7.8732 0.2039 4.1345
v 7.8324 0.2207 4.0789
v 7.8003 0.2361 4.0225
v 7.7400 0.2201 3.9973
v 7.6943 0.2137 3.9535
v 7.6890 0.2314 3.8862
v 7.6564 0.2246 3.8344
v 7.5909 0.1926 3.7848
v 7.5758 0.1882 3.7181
v 7.6320 0.2229 3.6539
v 7.5985 0.1960 3.5843
v 7.6130 0.1937 3.5187
v 7.6415 0.1951 3.4578
v 7.6965 0.2108 3.4143
v 7.7282 0.2043 3.3572
v 7.7719 0.2016 3.3083
v 7.8423 0.2219 3.2962
v 7.8834 0.2039 3.2401
v 7.9405 0.1970 3.2053
v 8.0069 0.2030 3.1982
v 8.0707 0.1895 3.1688
v 8.1370 0.2051 3.1945
v 8.1917 0.2341 3.2494
v 8.2512 0.2288 3.2571
v 8.3105 0.2231 3.2727
v 8.3412 0.1755 3.3360
v 8.3933 0.1659 3.3616
v 8.4529 0.1459 3.3864
v 8.4914 0.1441 3.4339
v 8.5232 0.1425 3.4865
v 8.5100 0.1725 3.5554
v 8.5235 0.1730 3.6104
v 8.5107 0.1885 3.6675
v 8.5493 0.1573 3.7245
v 8.5582 0.1434 3.7866
v 8.5344 0.1495 3.8432
v 8.4956 0.1628 3.8912
v 8.4899 0.1399 3.9576
v 8.4433 0.1486 3.9989
v 8.4033 0.1446 4.0451
v 8.3409 0.1641 4.0612
v 8.2847 0.1744 4.0778
v 8.2319 0.1760 4.0969
v 8.1827 0.1542 4.1378
v 8.1225 0.1681 4.1274
v 8.0613 0.1279 4.1775
v 7.9999 0.1355 4.1590
v 7.9460 0.1507 4.1238
v 7.8986 0.1647 4.0845
v 7.8589 0.1788 4.0403
v 7.8007 0.1616 4.0220
v 7.8042 0.2078 3.9423
v 7.7678 0.2021 3.9056
v 7.7192 0.1818 3.8717
v 7.6409 0.1337 3.8395
v 7.6442 0.1489 3.7749
v 7.6123 0.1294 3.7161
v 7.6524 0.1605 3.6554
v 7.6739 0.1712 3.6002
v 7.6881 0.1702 3.5451
v 7.7107 0.1705 3.4929
v 7.7163 0.1480 3.4279
v 7.7599 0.1545 3.3856
v 7.8103 0.1640 3.3531
v 7.8661 0.1776 3.3328
v 7.9035 0.1571 3.2820
v 7.9574 0.1547 3.2571
v 8.0124 0.1430 3.2279
v 8.0727 0.1313 3.2058
v 8.1353 0.1395 3.2168
v 8.1889 0.1695 3.2628
v 8.2351 0.1902 3.3028
v 8.2737 0.2091 3.3453
v 8.3277 0.1129 3.3556
v 8.3609 0.1256 3.3978
v 8.3918 0.1321 3.4388
v 8.4727 0.0722 3.4462
v 8.4956 0.0785 3.4998
v 8.5105 0.0852 3.5553
v 8.4723 0.1379 3.6199
v 8.4687 0.1474 3.6698
v 8.4639 0.1515 3.7179
v 8.4761 0.1324 3.7693
v 8.4872 0.1064 3.8266
v 8.4761 0.0952 3.8812
v 8.4343 0.1114 3.9196
v 8.3942 0.1211 3.9549
v 8.3541 0.1256 3.9877
v 8.3109 0.1296 4.0151
v 8.2705 0.1206 4.0482
v 8.2191 0.1309 4.0577
v 8.1729 0.1156 4.0854
v 8.1214 0.1004 4.1070
v 8.0654 0.0822 4.1247
v 8.0109 0.0921 4.1068
v 7.9460 0.0585 4.1238
v 7.8988 0.0764 4.0840
v 7.8771 0.1255 4.0136
v 7.8486 0.1431 3.9687
v 7.8371 0.1728 3.9141
v 7.7695 0.1248 3.9045
v 7.7486 0.1296 3.8576
v 7.7255 0.1252 3.8118
v 7.6803 0.0924 3.7681
v 7.6558 0.0747 3.7138
v 7.6842 0.1023 3.6579
v 7.7190 0.1298 3.6098
v 7.7306 0.1275 3.5601
v 7.7267 0.1009 3.5010
v 7.7519 0.0977 3.4522
v 7.7771 0.0860 3.4011
v 7.8386 0.1180 3.3861
v 7.8766 0.1111 3.3489
v 7.9269 0.1201 3.3309
v 7.9672 0.0945 3.2871
v 8.0198 0.0886 3.2675
v 8.0757 0.0906 3.2627
v 8.1323 0.0831 3.2558
v 8.1838 0.1064 3.2870
v 8.2271 0.1317 3.3256
v 8.2592 0.1632 3.3738
v 8.3036 0.0642 3.3909
v 8.3455 0.0554 3.4149
v 8.3730 0.0658 3.4549
v 8.4257 0.0300 3.4768
v 8.4334 0.0534 3.5295
v 8.4803 0.0300 3.5651
v 8.4642 0.0525 3.6215
v 8.4271 0.1059 3.6721
v 8.4130 0.1229 3.7140
v 8.4431 0.0772 3.7624
v 8.4385 0.0669 3.8095
v 8.4004 0.0942 3.8428
v 8.4090 0.0474 3.9022
v 8.3772 0.0497 3.9396
v 8.3317 0.0697 3.9616
v 8.3086 0.0370 4.0117
v 8.2514 0.0757 4.0082
v 8.2025 0.0998 4.0070
v 8.1583 0.1124 4.0078
v 8.1177 0.0805 4.0385
v 8.0697 0.0421 4.0688
v 8.0195 0.0362 4.0664
v 7.9716 0.0386 4.0510
v 7.9261 0.0399 4.0303
v 7.8923 0.0601 3.9914
v 7.8766 0.1008 3.9375
v 7.8414 0.0930 3.9105
v 7.8198 0.1005 3.8717
v 7.7987 0.1008 3.8336
v 7.7436 0.0500 3.8059
v 7.7345 0.0537 3.7580
v 7.7090 0.0300 3.7109
v 7.7191 0.0411 3.6606
v 7.7234 0.0377 3.6107
v 7.7714 0.0830 3.5745
v 7.7799 0.0700 3.5280
v 7.8021 0.0674 3.4866
v 7.8336 0.0716 3.4518
v 7.8584 0.0552 3.4092
v 7.8994 0.0604 3.3838
v 7.9444 0.0702 3.3674
v 7.9921 0.0873 3.3631
v 8.0335 0.0727 3.3404
v 8.0783 0.0430 3.3110
v 8.1269 0.0599 3.3252
v 8.1725 0.0709 3.3406
v 8.2144 0.0821 3.3617
v 8.2547 0.0863 3.3826
v 8.2728 0.0300 3.4358
v 8.3111 0.0300 3.4533
v 8.3256 0.0434 3.4955
v 8.3735 0.0300 3.5108
v 8.3890 0.0300 3.5508
v 8.4156 0.0300 3.5863
v 8.4038 0.0300 3.6328
v 8.3974 0.0428 3.6737
v 8.3954 0.0454 3.7126
v 8.3753 0.0688 3.7481
v 8.3565 0.0836 3.7806
v 8.3497 0.0707 3.8171
v 8.3626 0.0300 3.8704
v 8.3249 0.0354 3.8926
v 8.3138 0.0300 3.9406
v 8.2805 0.0300 3.9685
v 8.2260 0.0503 3.9552
v 8.1866 0.0686 3.9585
v 8.1534 0.0467 3.9813
v 8.1155 0.0300 3.9971
v 8.0737 0.0300 4.0161
v 8.0294 0.0300 4.0193
v 7.9935 0.0300 3.9888
v 7.9508 0.0300 3.9817
v 7.9347 0.0562 3.9295
v 7.9137 0.0772 3.8961
v 7.8766 0.0527 3.8803
v 7.8690 0.0818 3.8396
v 7.8253 0.0361 3.8209
v 7.8186 0.0495 3.7814
v 7.8056 0.0438 3.7447
v 7.7727 0.0300 3.7075
v 7.7955 0.0345 3.6665
v 7.7888 0.0300 3.6245
v 7.8046 0.0300 3.5862
v 7.8080 0.0300 3.5422
v 7.8389 0.0300 3.5118
v 7.8784 0.0472 3.4920
v 7.8953 0.0300 3.4523
v 7.9286 0.0300 3.4286
v 7.9659 0.0300 3.4122
v 7.9991 0.0300 3.3846
v 8.0404 0.0300 3.3773
v 8.0831 0.0549 3.3989
v 8.1228 0.0300 3.3781
v 8.1636 0.0300 3.3825
v 8.2066 0.0300 3.3839
v 8.2303 0.0561 3.4307
v 8.2428 0.0300 3.4796
v 8.2841 0.0300 3.4834
v 8.2988 0.0300 3.5184
v 8.3195 0.0300 3.5460
v 8.3340 0.0300 3.5772
v 8.3568 0.0300 3.6055
v 8.3544 0.0300 3.6420
v 8.3644 0.0300 3.6754
v 8.3275 0.0425 3.7074
v 8.3220 0.0451 3.7369
v 8.3008 0.0738 3.7610
v 8.3117 0.0300 3.7978
v 8.3126 0.0300 3.8362
v 8.2926 0.0300 3.8637
v 8.2718 0.0300 3.8916
v 8.2471 0.0300 3.9172
v 8.2031 0.0300 3.9075
v 8.1785 0.0300 3.9337
v 8.1446 0.0300 3.9343
v 8.1123 0.0300 3.9391
v 8.0797 0.0300 3.9387
v 8.0452 0.0300 3.9444
v 8.0160 0.0300 3.9251
v 7.9900 0.0300 3.9043
v 7.9655 0.0300 3.8846
v 7.9405 0.0300 3.8663
v 7.9106 0.0300 3.8512
v 7.8887 0.0300 3.8268
v 7.8794 0.0300 3.7949
v 7.8678 0.0300 3.7653
v 7.8580 0.0300 3.7349
v 7.8397 0.0300 3.7038
v 7.8329 0.0300 3.6693
v 7.8496 0.0300 3.6373
v 7.8610 0.0300 3.6060
v 7.8718 0.0300 3.5746
v 7.8988 0.0300 3.5529
v 7.9086 0.0300 3.5191
v 7.9342 0.0300 3.4977
v 7.9608 0.0300 3.4780
v 7.9888 0.0300 3.4601
v 8.0227 0.0300 3.4568
v 8.0524 0.0300 3.4418
v 8.0863 0.0356 3.4575
v 8.1179 0.0300 3.4418
v 8.1492 0.0300 3.4509
v 8.1856 0.0300 3.4434
v 8.2130 0.0300 3.4648
v 8.2070 0.0300 3.5318
v 8.2381 0.0300 3.5346
v 8.2530 0.0300 3.5577
v 8.2638 0.0300 3.5823
v 8.2738 0.0300 3.6060
v 8.2768 0.0300 3.6317
v 8.2847 0.0300 3.6550
v 8.2917 0.0300 3.6794
v 8.2824 0.0300 3.7040
v 8.2810 0.0300 3.7282
v 8.2518 0.0552 3.7437
v 8.2582 0.0300 3.7707
v 8.2584 0.0300 3.7991
v 8.2396 0.0300 3.8161
v 8.2265 0.0300 3.8388
v 8.2116 0.0300 3.8628
v 8.1861 0.0300 3.8720
v 8.1610 0.0300 3.8802
v 8.1339 0.0300 3.8770
v 8.1088 0.0300 3.8738
v 8.0848 0.0300 3.8721
v 8.0586 0.0300 3.8809
v 8.0368 0.0300 3.8659
v 8.0170 0.0300 3.8510
v 7.9902 0.0300 3.8485
v 7.9652 0.0300 3.8388
v 7.9535 0.0300 3.8144
v 7.9378 0.0300 3.7948
v 7.9350 0.0300 3.7683
v 7.9309 0.0300 3.7447
v 7.9121 0.0300 3.7248
v 7.9084 0.0300 3.7001
v 7.9061 0.0300 3.6750
v 7.8960 0.0300 3.6471
v 7.9064 0.0300 3.6220
v 7.9202 0.0300 3.5992
v 7.9388 0.0300 3.5802
v 7.9591 0.0300 3.5644
v 7.9694 0.0300 3.5388
v 7.9928 0.0300 3.5271
v 8.0158 0.0300 3.5164
v 8.0412 0.0300 3.5134
v 8.0669 0.0300 3.5190
v 8.0899 0.0472 3.5251
v 8.1133 0.0300 3.5027
v 8.1387 0.0300 3.5005
v 8.1665 0.0300 3.4976
v 8.1934 0.0300 3.5035
v 8.1690 0.0300 3.5873
v 8.1932 0.0300 3.5847
v 8.2058 0.0300 3.5981
v 8.2129 0.0300 3.6155
v 8.2187 0.0300 3.6324
v 8.2194 0.0300 3.6504
v 8.2320 0.0300 3.6649
v 8.2333 0.0300 3.6825
v 8.2341 0.0300 3.7002
v 8.2244 0.0300 3.7163
v 8.2100 0.0300 3.7290
v 8.2061 0.0300 3.7442
v 8.1968 0.0300 3.7569
v 8.1952 0.0300 3.7763
v 8.1879 0.0300 3.7937
v 8.1745 0.0300 3.8059
v 8.1560 0.0300 3.8092
v 8.1394 0.0300 3.8139
v 8.1248 0.0300 3.8287
v 8.1056 0.0300 3.8143
v 8.0892 0.0300 3.8153
v 8.0743 0.0300 3.8063
v 8.0607 0.0300 3.7980
v 8.0454 0.0300 3.7951
v 8.0217 0.0300 3.8024
v 8.0089 0.0300 3.7901
v 8.0026 0.0300 3.7723
v 7.9894 0.0300 3.7611
v 7.9830 0.0300 3.7453
v 7.9798 0.0300 3.7287
v 7.9775 0.0300 3.7125
v 7.9678 0.0300 3.6969
v 7.9697 0.0300 3.6799
v 7.9713 0.0300 3.6629
v 7.9676 0.0300 3.6436
v 7.9882 0.0300 3.6337
v 7.9903 0.0300 3.6155
v 8.0092 0.0300 3.6094
v 8.0162 0.0300 3.5934
v 8.0253 0.0300 3.5770
v 8.0425 0.0300 3.5722
v 8.0588 0.0300 3.5672
v 8.0778 0.0300 3.5773
v 8.0924 0.0300 3.5713
v 8.1080 0.0300 3.5704
v 8.1249 0.0300 3.5661
v 8.1468 0.0300 3.5537
v 8.1593 0.0300 3.5706
v 8.1351 0.0300 3.6368
v 8.1450 0.0300 3.6384
v 8.1496 0.0300 3.6463
v 8.1536 0.0300 3.6541
v 8.1562 0.0300 3.6624
v 8.1612 0.0300 3.6694
v 8.1601 0.0300 3.6783
v 8.1610 0.0300 3.6865
v 8.1626 0.0300 3.6947
v 8.1639 0.0300 3.7035
v 8.1574 0.0300 3.7104
v 8.1553 0.0300 3.7185
v 8.1511 0.0300 3.7256
v 8.1470 0.0300 3.7331
v 8.1406 0.0300 3.7385
v 8.1360 0.0300 3.7468
v 8.1293 0.0300 3.7535
v 8.1203 0.0300 3.7554
v 8.1116 0.0300 3.7581
v 8.1025 0.0300 3.7581
v 8.0943 0.0300 3.7485
v 8.0870 0.0300 3.7461
v 8.0791 0.0300 3.7459
v 8.0718 0.0300 3.7431
v 8.0636 0.0300 3.7412
v 8.0555 0.0300 3.7381
v 8.0481 0.0300 3.7333
v 8.0455 0.0300 3.7246
v 8.0412 0.0300 3.7174
v 8.0402 0.0300 3.7090
v 8.0395 0.0300 3.7009
v 8.0336 0.0300 3.6933
v 8.0342 0.0300 3.6848
v 8.0358 0.0300 3.6765
v 8.0392 0.0300 3.6688
v 8.0375 0.0300 3.6587
v 8.0425 0.0300 3.6513
v 8.0518 0.0300 3.6476
v 8.0580 0.0300 3.6422
v 8.0633 0.0300 3.6353
v 8.0707 0.0300 3.6310
v 8.0803 0.0300 3.6331
v 8.0878 0.0300 3.6309
v 8.0956 0.0300 3.6303
v 8.1038 0.0300 3.6254
v 8.1127 0.0300 3.6239
v 8.1221 0.0300 3.6237
v 8.1308 0.0300 3.6269
v 8.0988 0.0300 3.6898
v 8.0988 0.0300 3.6898
v 8.0988 0.0300 3.6898
v 8.0988 0.0300 3.6898
v 8.0988 0.0300 3.6898
v 8.0988 0.0300 3.6898
v 8.0988 0.0300 3.6898
v 8.0988 0.0300 3.6898
v 8.0988 0.0300 3.6898
v 8.0988 0.0300 3.6898
v 8.0988 0.0300 3.6898
v 8.0988 0.0300 3.6898
v 8.0988 0.0300 3.6898
v 8.0988 0.0300 3.6898
v 8.0988 0.0300 3.6898
v 8.0988 0.0300 3.6898
v 8.0988 0.0300 3.6898
v 8.0988 0.0300 3.6898
v 8.0988 0.0300 3.6898
v 8.0988 0.0300 3.6898
v 8.0988 0.0300 3.6898
v 8.0988 0.0300 3.6898
v 8.0988 0.0300 3.6898
v 8.0988 0.0300 3.6898
v 8.0988 0.0300 3.6898
v 8.0988 0.0300 3.6898
v 8.0988 0.0300 3.6898
v 8.0988 0.0300 3.6898
v 8.0988 0.0300 3.6898
v 8.0988 0.0300 3.6898
v 8.0988 0.0300 3.6898
v 8.0988 0.0300 3.6898
v 8.0988 0.0300 3.6898
v 8.0988 0.0300 3.6898
v 8.0988 0.0300 3.6898
v 8.0988 0.0300 3.6898
v 8.0988 0.0300 3.6898
v 8.0988 0.0300 3.6898
v 8.0988 0.0300 3.6898
v 8.0988 0.0300 3.6898
v 8.0988 0.0300 3.6898
v 8.0988 0.0300 3.6898
v 8.0988 0.0300 3.6898
v 8.0988 0.0300 3.6898
v 8.0988 0.0300 3.6898
v 8.0988 0.0300 3.6898
v 8.0988 0.0300 3.6898
v 8.0988 0.0300 3.6898
v 8.1178 0.1450 3.6621
v 8.1178 0.0300 3.6621
v 8.1318 0.1450 3.6836
v 8.1318 0.0300 3.6836
v 8.1265 0.1450 3.7088
v 8.1265 0.0300 3.7088
v 8.1050 0.1450 3.7228
v 8.1050 0.0300 3.7228
v 8.0799 0.1450 3.7175
v 8.0799 0.0300 3.7175
v 8.0659 0.1450 3.6960
v 8.0659 0.0300 3.6960
v 8.0712 0.1450 3.6709
v 8.0712 0.0300 3.6709
v 8.0927 0.1450 3.6568
v 8.0927 0.0300 3.6568
v 8.0988 0.1450 3.6898
v 8.0988 0.0300 3.6898
vn -0.7926 -0.0681 -0.6060
usemtl leaf_5
f 2257//2053 2305//2053 2306//2053 2258//2053
vn -0.7444 -0.1811 -0.6427
f 2258//2054 2306//2054 2307//2054 2259//2054
vn 0.3926 -0.4084 0.8241
usemtl leaf_4
f 2259//2055 2307//2055 2308//2055 2260//2055
vn 0.4710 -0.1206 0.8739
usemtl leaf_5
f 2260//2056 2308//2056 2309//2056 2261//2056
vn 0.3872 -0.3275 0.8619
usemtl leaf_4
f 2261//2057 2309//2057 2310//2057 2262//2057
vn 0.2214 -0.3323 0.9168
usemtl leaf_5
f 2262//2058 2310//2058 2311//2058 2263//2058
vn -0.2578 -0.8113 -0.5248
f 2263//2059 2311//2059 2312//2059 2264//2059
vn 0.0442 -0.9986 -0.0294
f 2264//2060 2312//2060 2313//2060 2265//2060
vn 0.1354 -0.0868 -0.9870
usemtl leaf_4
f 2265//2061 2313//2061 2314//2061 2266//2061
vn -0.2436 -0.3450 0.9064
usemtl leaf_5
f 2266//2062 2314//2062 2315//2062 2267//2062
vn -0.2560 -0.9253 0.2797
f 2267//2063 2315//2063 2316//2063 2268//2063
vn 0.3377 -0.2652 -0.9031
usemtl leaf_4
f 2268//2064 2316//2064 2317//2064 2269//2064
vn 0.5215 -0.2180 -0.8249
usemtl leaf_5
f 2269//2065 2317//2065 2318//2065 2270//2065
vn -0.7231 -0.4204 0.5481
f 2270//2066 2318//2066 2319//2066 2271//2066
vn -0.8311 -0.1599 0.5327
f 2271//2067 2319//2067 2320//2067 2272//2067
vn -0.8422 -0.1738 0.5105
f 2272//2068 2320//2068 2321//2068 2273//2068
vn -0.8678 -0.1965 0.4564
f 2273//2069 2321//2069 2322//2069 2274//2069
vn -0.6560 -0.6941 0.2965
f 2274//2070 2322//2070 2323//2070 2275//2070
vn 0.3825 -0.9229 -0.0431
f 2275//2071 2323//2071 2324//2071 2276//2071
vn 0.9800 -0.1976 0.0220
f 2276//2072 2324//2072 2325//2072 2277//2072
vn 0.9837 -0.0995 0.1498
f 2277//2073 2325//2073 2326//2073 2278//2073
vn -0.8781 -0.3834 -0.2863
usemtl leaf_4
f 2278//2074 2326//2074 2327//2074 2279//2074
vn 0.7264 -0.6792 0.1055
usemtl leaf_5
f 2279//2075 2327//2075 2328//2075 2280//2075
vn -0.8279 -0.1406 -0.5430
f 2280//2076 2328//2076 2329//2076 2281//2076
vn 0.7989 -0.0726 0.5971
f 2281//2077 2329//2077 2330//2077 2282//2077
vn -0.6627 -0.2552 -0.7041
usemtl leaf_4
f 2282//2078 2330//2078 2331//2078 2283//2078
vn -0.5227 -0.3301 -0.7860
f 2283//2079 2331//2079 2332//2079 2284//2079
vn -0.4831 -0.2177 -0.8481
f 2284//2080 2332//2080 2333//2080 2285//2080
vn -0.4445 -0.1460 -0.8838
usemtl leaf_5
f 2285//2081 2333//2081 2334//2081 2286//2081
vn 0.0591 -0.3289 0.9425
f 2286//2082 2334//2082 2335//2082 2287//2082
vn -0.0828 -0.4271 0.9004
f 2287//2083 2335//2083 2336//2083 2288//2083
vn -0.0010 -0.0771 0.9970
f 2288//2084 2336//2084 2337//2084 2289//2084
vn 0.2585 -0.2623 -0.9297
usemtl leaf_4
f 2289//2085 2337//2085 2338//2085 2290//2085
vn 0.4586 -0.3523 -0.8158
f 2290//2086 2338//2086 2339//2086 2291//2086
vn 0.4343 -0.1124 -0.8938
usemtl leaf_5
f 2291//2087 2339//2087 2340//2087 2292//2087
vn 0.5074 -0.0758 -0.8583
f 2292//2088 2340//2088 2341//2088 2293//2088
vn -0.6072 -0.1280 0.7842
f 2293//2089 2341//2089 2342//2089 2294//2089
vn -0.7068 -0.1327 0.6949
f 2294//2090 2342//2090 2343//2090 2295//2090
vn -0.7584 -0.4684 0.4532
f 2295//2091 2343//2091 2344//2091 2296//2091
vn -0.8514 -0.3031 0.4281
f 2296//2092 2344//2092 2345//2092 2297//2092
vn -0.8944 -0.2531 0.3688
usemtl leaf_4
f 2297//2093 2345//2093 2346//2093 2298//2093
vn 0.6656 -0.6643 -0.3401
usemtl leaf_5
f 2298//2094 2346//2094 2347//2094 2299//2094
vn -0.3949 -0.9010 -0.1796
usemtl leaf_4
f 2299//2095 2347//2095 2348//2095 2300//2095
vn 0.9209 -0.3559 0.1589
usemtl leaf_5
f 2300//2096 2348//2096 2349//2096 2301//2096
vn -0.8955 -0.4448 -0.0161
f 2301//2097 2349//2097 2350//2097 2302//2097
vn 0.9591 -0.0902 0.2684
f 2302//2098 2350//2098 2351//2098 2303//2098
vn -0.3979 -0.8799 -0.2597
f 2303//2099 2351//2099 2352//2099 2304//2099
vn 0.8561 -0.1904 0.4804
f 2304//2100 2352//2100 2305//2100 2257//2100
vn -0.8031 -0.1703 -0.5710
usemtl leaf_4
f 2305//2101 2353//2101 2354//2101 2306//2101
vn -0.2043 -0.8989 -0.3877
usemtl leaf_5
f 2306//2102 2354//2102 2355//2102 2307//2102
vn 0.5887 -0.7433 0.3179
f 2307//2103 2355//2103 2356//2103 2308//2103
vn 0.0743 -0.8199 0.5677
f 2308//2104 2356//2104 2357//2104 2309//2104
vn 0.1318 -0.3313 0.9343
f 2309//2105 2357//2105 2358//2105 2310//2105
vn -0.5303 -0.6050 -0.5940
usemtl leaf_4
f 2310//2106 2358//2106 2359//2106 2311//2106
vn -0.5733 -0.7919 0.2104
f 2311//2107 2359//2107 2360//2107 2312//2107
vn -0.1701 -0.3603 0.9172
usemtl leaf_5
f 2312//2108 2360//2108 2361//2108 2313//2108
vn 0.2073 -0.3161 -0.9258
f 2313//2109 2361//2109 2362//2109 2314//2109
vn 0.1316 -0.9908 -0.0324
f 2314//2110 2362//2110 2363//2110 2315//2110
vn 0.2004 -0.6899 -0.6956
usemtl leaf_4
f 2315//2111 2363//2111 2364//2111 2316//2111
vn 0.4266 -0.7860 -0.4475
f 2316//2112 2364//2112 2365//2112 2317//2112
vn 0.5136 -0.6965 -0.5011
f 2317//2113 2365//2113 2366//2113 2318//2113
vn -0.3067 -0.9062 0.2911
f 2318//2114 2366//2114 2367//2114 2319//2114
vn -0.6320 -0.6275 0.4547
usemtl leaf_5
f 2319//2115 2367//2115 2368//2115 2320//2115
vn -0.8961 -0.2408 0.3730
f 2320//2116 2368//2116 2369//2116 2321//2116
vn -0.2229 -0.7523 -0.6200
f 2321//2117 2369//2117 2370//2117 2322//2117
vn -0.9265 -0.3670 0.0827
f 2322//2118 2370//2118 2371//2118 2323//2118
vn 0.9288 -0.2880 -0.2331
f 2323//2119 2371//2119 2372//2119 2324//2119
vn -0.6627 -0.6512 -0.3699
f 2324//2120 2372//2120 2373//2120 2325//2120
vn 0.9649 -0.2445 0.0958
usemtl leaf_4
f 2325//2121 2373//2121 2374//2121 2326//2121
vn -0.8124 -0.5566 -0.1735
f 2326//2122 2374//2122 2375//2122 2327//2122
vn 0.6914 -0.5890 0.4185
usemtl leaf_5
f 2327//2123 2375//2123 2376//2123 2328//2123
vn -0.2366 -0.8493 -0.4719
f 2328//2124 2376//2124 2377//2124 2329//2124
vn 0.5324 -0.7391 0.4126
f 2329//2125 2377//2125 2378//2125 2330//2125
vn -0.2487 -0.9661 0.0694
usemtl leaf_4
f 2330//2126 2378//2126 2379//2126 2331//2126
vn -0.3694 -0.8373 -0.4030
f 2331//2127 2379//2127 2380//2127 2332//2127
vn -0.1301 -0.7204 -0.6813
f 2332//2128 2380//2128 2381//2128 2333//2128
vn -0.2012 -0.2155 -0.9556
usemtl leaf_5
f 2333//2129 2381//2129 2382//2129 2334//2129
vn 0.4040 -0.6865 0.6046
f 2334//2130 2382//2130 2383//2130 2335//2130
vn 0.0667 -0.9955 -0.0670
f 2335//2131 2383//2131 2384//2131 2336//2131
vn -0.0537 -0.1742 0.9832
usemtl leaf_4
f 2336//2132 2384//2132 2385//2132 2337//2132
vn -0.0808 -0.5017 -0.8613
usemtl leaf_5
f 2337//2133 2385//2133 2386//2133 2338//2133
vn -0.3923 -0.6574 0.6434
f 2338//2134 2386//2134 2387//2134 2339//2134
vn 0.3899 -0.2431 -0.8882
f 2339//2135 2387//2135 2388//2135 2340//2135
vn 0.7390 -0.4198 -0.5269
f 2340//2136 2388//2136 2389//2136 2341//2136
vn 0.5117 -0.7932 0.3300
f 2341//2137 2389//2137 2390//2137 2342//2137
vn -0.5827 -0.5804 0.5689
f 2342//2138 2390//2138 2391//2138 2343//2138
vn -0.3850 -0.8854 0.2606
f 2343//2139 2391//2139 2392//2139 2344//2139
vn -0.7837 -0.2989 0.5445
f 2344//2140 2392//2140 2393//2140 2345//2140
vn 0.6349 -0.7464 -0.1994
f 2345//2141 2393//2141 2394//2141 2346//2141
vn -0.5095 -0.8248 0.2450
f 2346//2142 2394//2142 2395//2142 2347//2142
vn -0.3056 -0.8686 0.3901
usemtl leaf_4
f 2347//2143 2395//2143 2396//2143 2348//2143
vn -0.8366 -0.5351 0.1176
f 2348//2144 2396//2144 2397//2144 2349//2144
vn 0.5073 -0.6946 0.5101
usemtl leaf_5
f 2349//2145 2397//2145 2398//2145 2350//2145
vn 0.7617 -0.3332 0.5557
f 2350//2146 2398//2146 2399//2146 2351//2146
vn 0.8018 -0.2773 0.5293
f 2351//2147 2399//2147 2400//2147 2352//2147
vn 0.4304 -0.8038 0.4107
f 2352//2148 2400//2148 2353//2148 2305//2148
vn -0.7551 -0.3357 -0.5631
f 2353//2149 2401//2149 2402//2149 2354//2149
vn 0.4215 -0.8191 0.3893
f 2354//2150 2402//2150 2403//2150 2355//2150
vn -0.3570 -0.9158 -0.1840
usemtl leaf_4
f 2355//2151 2403//2151 2404//2151 2356//2151
vn 0.1593 -0.9831 0.0904
usemtl leaf_5
f 2356//2152 2404//2152 2405//2152 2357//2152
vn 0.0820 -0.9740 0.2112
usemtl leaf_4
f 2357//2153 2405//2153 2406//2153 2358//2153
vn -0.5757 -0.4190 -0.7022
f 2358//2154 2406//2154 2407//2154 2359//2154
vn -0.1726 -0.4911 0.8538
f 2359//2155 2407//2155 2408//2155 2360//2155
vn -0.2350 -0.5746 0.7839
usemtl leaf_5
f 2360//2156 2408//2156 2409//2156 2361//2156
vn -0.4755 -0.8246 -0.3064
f 2361//2157 2409//2157 2410//2157 2362//2157
vn 0.0981 -0.9913 -0.0876
f 2362//2158 2410//2158 2411//2158 2363//2158
vn 0.3822 -0.7802 -0.4952
f 2363//2159 2411//2159 2412//2159 2364//2159
vn 0.1459 -0.7644 -0.6280
f 2364//2160 2412//2160 2413//2160 2365//2160
vn 0.2877 -0.3970 -0.8716
usemtl leaf_3
f 2365//2161 2413//2161 2414//2161 2366//2161
vn -0.7547 -0.4232 0.5013
usemtl leaf_5
f 2366//2162 2414//2162 2415//2162 2367//2162
vn -0.3109 -0.8888 0.3367
usemtl leaf_4
f 2367//2163 2415//2163 2416//2163 2368//2163
vn -0.6262 -0.6437 0.4399
usemtl leaf_5
f 2368//2164 2416//2164 2417//2164 2369//2164
vn 0.4990 -0.8305 -0.2473
f 2369//2165 2417//2165 2418//2165 2370//2165
vn -0.9288 -0.3513 0.1182
f 2370//2166 2418//2166 2419//2166 2371//2166
vn 0.9059 -0.3948 -0.1534
f 2371//2167 2419//2167 2420//2167 2372//2167
vn -0.3394 -0.9221 -0.1859
f 2372//2168 2420//2168 2421//2168 2373//2168
vn 0.6377 -0.7702 -0.0073
f 2373//2169 2421//2169 2422//2169 2374//2169
vn -0.2472 -0.9552 -0.1630
usemtl leaf_4
f 2374//2170 2422//2170 2423//2170 2375//2170
vn 0.1541 -0.9828 -0.1022
usemtl leaf_5
f 2375//2171 2423//2171 2424//2171 2376//2171
vn 0.6479 -0.6228 0.4386
f 2376//2172 2424//2172 2425//2172 2377//2172
vn -0.1083 -0.8240 -0.5562
f 2377//2173 2425//2173 2426//2173 2378//2173
vn 0.6939 -0.7181 0.0525
usemtl leaf_4
f 2378//2174 2426//2174 2427//2174 2379//2174
vn -0.0171 -0.7111 -0.7029
f 2379//2175 2427//2175 2428//2175 2380//2175
vn 0.5737 -0.7650 0.2928
f 2380//2176 2428//2176 2429//2176 2381//2176
vn -0.0657 -0.4128 -0.9085
usemtl leaf_5
f 2381//2177 2429//2177 2430//2177 2382//2177
vn 0.7546 -0.6351 -0.1649
f 2382//2178 2430//2178 2431//2178 2383//2178
vn 0.3658 -0.5445 -0.7548
f 2383//2179 2431//2179 2432//2179 2384//2179
vn 0.0499 -0.5101 0.8587
f 2384//2180 2432//2180 2433//2180 2385//2180
vn 0.0357 -0.9821 0.1851
f 2385//2181 2433//2181 2434//2181 2386//2181
vn 0.1359 -0.8912 0.4327
usemtl leaf_4
f 2386//2182 2434//2182 2435//2182 2387//2182
vn 0.4588 -0.6936 -0.5553
usemtl leaf_5
f 2387//2183 2435//2183 2436//2183 2388//2183
vn 0.3167 -0.9458 0.0712
f 2388//2184 2436//2184 2437//2184 2389//2184
vn 0.6386 -0.6048 -0.4759
f 2389//2185 2437//2185 2438//2185 2390//2185
vn -0.1240 -0.6297 0.7668
f 2390//2186 2438//2186 2439//2186 2391//2186
vn 0.5223 -0.8469 0.0997
f 2391//2187 2439//2187 2440//2187 2392//2187
vn -0.7866 -0.4014 0.4692
f 2392//2188 2440//2188 2441//2188 2393//2188
vn 0.7268 -0.6825 -0.0773
usemtl leaf_4
f 2393//2189 2441//2189 2442//2189 2394//2189
vn -0.6827 -0.6213 0.3845
usemtl leaf_5
f 2394//2190 2442//2190 2443//2190 2395//2190
vn 0.4682 -0.8836 -0.0029
f 2395//2191 2443//2191 2444//2191 2396//2191
vn -0.3656 -0.9180 -0.1535
usemtl leaf_4
f 2396//2192 2444//2192 2445//2192 2397//2192
vn -0.6250 -0.7441 -0.2358
usemtl leaf_5
f 2397//2193 2445//2193 2446//2193 2398//2193
vn 0.7342 -0.6474 0.2043
usemtl leaf_4
f 2398//2194 2446//2194 2447//2194 2399//2194
vn 0.7620 -0.4341 0.4804
usemtl leaf_5
f 2399//2195 2447//2195 2448//2195 2400//2195
vn 0.4385 -0.6194 0.6512
f 2400//2196 2448//2196 2401//2196 2353//2196
vn -0.6855 -0.6669 0.2922
f 2401//2197 2449//2197 2450//2197 2402//2197
vn 0.1255 -0.9058 0.4048
f 2402//2198 2450//2198 2451//2198 2403//2198
vn 0.1354 -0.9907 0.0114
f 2403//2199 2451//2199 2452//2199 2404//2199
vn -0.5458 -0.7491 -0.3754
f 2404//2200 2452//2200 2453//2200 2405//2200
vn -0.8608 -0.4226 -0.2837
f 2405//2201 2453//2201 2454//2201 2406//2201
vn -0.6604 -0.4132 -0.6270
usemtl leaf_4
f 2406//2202 2454//2202 2455//2202 2407//2202
vn -0.1188 -0.3094 0.9435
f 2407//2203 2455//2203 2456//2203 2408//2203
vn -0.5396 -0.8419 -0.0045
usemtl leaf_5
f 2408//2204 2456//2204 2457//2204 2409//2204
vn -0.4956 -0.7955 0.3487
f 2409//2205 2457//2205 2458//2205 2410//2205
vn -0.5751 -0.7251 0.3787
f 2410//2206 2458//2206 2459//2206 2411//2206
vn -0.0858 -0.7089 -0.7000
f 2411//2207 2459//2207 2460//2207 2412//2207
vn 0.2142 -0.5699 -0.7933
f 2412//2208 2460//2208 2461//2208 2413//2208
vn 0.3542 -0.7543 -0.5528
f 2413//2209 2461//2209 2462//2209 2414//2209
vn -0.6476 -0.5456 0.5319
f 2414//2210 2462//2210 2463//2210 2415//2210
vn -0.2086 -0.6532 -0.7279
f 2415//2211 2463//2211 2464//2211 2416//2211
vn -0.9094 -0.3856 -0.1558
f 2416//2212 2464//2212 2465//2212 2417//2212
vn -0.2765 -0.8899 -0.3629
f 2417//2213 2465//2213 2466//2213 2418//2213
vn -0.6218 -0.7557 -0.2056
f 2418//2214 2466//2214 2467//2214 2419//2214
vn 0.6070 -0.5002 -0.6175
f 2419//2215 2467//2215 2468//2215 2420//2215
vn -0.3619 -0.8598 -0.3602
f 2420//2216 2468//2216 2469//2216 2421//2216
vn 0.6896 -0.6664 -0.2836
usemtl leaf_4
f 2421//2217 2469//2217 2470//2217 2422//2217
vn -0.1868 -0.7818 -0.5949
usemtl leaf_5
f 2422//2218 2470//2218 2471//2218 2423//2218
vn 0.3559 -0.8583 -0.3695
f 2423//2219 2471//2219 2472//2219 2424//2219
vn 0.4636 -0.8467 -0.2613
f 2424//2220 2472//2220 2473//2220 2425//2220
vn 0.4238 -0.8757 0.2314
usemtl leaf_4
f 2425//2221 2473//2221 2474//2221 2426//2221
vn 0.0835 -0.9915 -0.1000
usemtl leaf_5
f 2426//2222 2474//2222 2475//2222 2427//2222
vn 0.3646 -0.9311 0.0071
usemtl leaf_4
f 2427//2223 2475//2223 2476//2223 2428//2223
vn 0.0113 -0.8589 -0.5120
f 2428//2224 2476//2224 2477//2224 2429//2224
vn 0.2182 -0.9627 -0.1599
usemtl leaf_5
f 2429//2225 2477//2225 2478//2225 2430//2225
vn 0.2026 -0.9098 -0.3621
usemtl leaf_4
f 2430//2226 2478//2226 2479//2226 2431//2226
vn 0.4184 -0.7782 -0.4684
usemtl leaf_5
f 2431//2227 2479//2227 2480//2227 2432//2227
vn 0.3541 -0.7440 -0.5666
usemtl leaf_4
f 2432//2228 2480//2228 2481//2228 2433//2228
vn -0.1227 -0.8196 0.5596
usemtl leaf_5
f 2433//2229 2481//2229 2482//2229 2434//2229
vn -0.0557 -0.9503 0.3062
f 2434//2230 2482//2230 2483//2230 2435//2230
vn 0.2744 -0.8181 0.5055
usemtl leaf_4
f 2435//2231 2483//2231 2484//2231 2436//2231
vn 0.6496 -0.5604 0.5137
usemtl leaf_5
f 2436//2232 2484//2232 2485//2232 2437//2232
vn 0.8686 -0.3972 0.2961
usemtl leaf_4
f 2437//2233 2485//2233 2486//2233 2438//2233
vn 0.4529 -0.5838 0.6739
f 2438//2234 2486//2234 2487//2234 2439//2234
vn 0.8150 -0.4905 -0.3085
usemtl leaf_5
f 2439//2235 2487//2235 2488//2235 2440//2235
vn -0.5856 -0.7454 0.3185
f 2440//2236 2488//2236 2489//2236 2441//2236
vn -0.3692 -0.9229 0.1097
f 2441//2237 2489//2237 2490//2237 2442//2237
vn -0.0187 -0.9961 0.0867
f 2442//2238 2490//2238 2491//2238 2443//2238
vn 0.2088 -0.9773 0.0355
f 2443//2239 2491//2239 2492//2239 2444//2239
vn 0.3408 -0.9374 0.0713
f 2444//2240 2492//2240 2493//2240 2445//2240
vn -0.5611 -0.8094 -0.1733
f 2445//2241 2493//2241 2494//2241 2446//2241
vn -0.4130 -0.9030 0.1184
f 2446//2242 2494//2242 2495//2242 2447//2242
vn 0.2683 -0.5899 0.7616
usemtl leaf_4
f 2447//2243 2495//2243 2496//2243 2448//2243
vn 0.0007 -0.5225 0.8526
usemtl leaf_5
f 2448//2244 2496//2244 2449//2244 2401//2244
vn 0.1151 -0.9760 0.1847
usemtl leaf_4
f 2449//2245 2497//2245 2498//2245 2450//2245
vn 0.1450 -0.8804 0.4515
usemtl leaf_5
f 2450//2246 2498//2246 2499//2246 2451//2246
vn 0.0790 -0.8675 0.4911
f 2451//2247 2499//2247 2500//2247 2452//2247
vn -0.3810 -0.6354 -0.6716
f 2452//2248 2500//2248 2501//2248 2453//2248
vn -0.1101 -0.8133 -0.5714
usemtl leaf_4
f 2453//2249 2501//2249 2502//2249 2454//2249
vn 0.0861 -0.9411 -0.3271
usemtl leaf_3
f 2454//2250 2502//2250 2503//2250 2455//2250
vn -0.2108 -0.8041 0.5559
usemtl leaf_4
f 2455//2251 2503//2251 2504//2251 2456//2251
vn -0.4268 -0.5990 0.6775
f 2456//2252 2504//2252 2505//2252 2457//2252
vn -0.3582 -0.9284 -0.0984
usemtl leaf_5
f 2457//2253 2505//2253 2506//2253 2458//2253
vn -0.6780 -0.7350 -0.0111
f 2458//2254 2506//2254 2507//2254 2459//2254
vn -0.5336 -0.6505 -0.5405
f 2459//2255 2507//2255 2508//2255 2460//2255
vn -0.0733 -0.5774 -0.8132
f 2460//2256 2508//2256 2509//2256 2461//2256
vn -0.4035 -0.8970 -0.1806
f 2461//2257 2509//2257 2510//2257 2462//2257
vn -0.5399 -0.8102 0.2280
usemtl leaf_4
f 2462//2258 2510//2258 2511//2258 2463//2258
vn 0.3428 -0.8755 -0.3407
f 2463//2259 2511//2259 2512//2259 2464//2259
vn -0.5633 -0.8187 0.1111
f 2464//2260 2512//2260 2513//2260 2465//2260
vn -0.6236 -0.6597 -0.4195
usemtl leaf_5
f 2465//2261 2513//2261 2514//2261 2466//2261
vn -0.2479 -0.6876 -0.6825
usemtl leaf_4
f 2466//2262 2514//2262 2515//2262 2467//2262
vn 0.0254 -0.9684 -0.2479
f 2467//2263 2515//2263 2516//2263 2468//2263
vn 0.0297 -0.8908 -0.4533
usemtl leaf_5
f 2468//2264 2516//2264 2517//2264 2469//2264
vn 0.6691 -0.6530 -0.3549
f 2469//2265 2517//2265 2518//2265 2470//2265
vn -0.4436 -0.7778 -0.4452
f 2470//2266 2518//2266 2519//2266 2471//2266
vn 0.4737 -0.8616 -0.1824
f 2471//2267 2519//2267 2520//2267 2472//2267
vn 0.5273 -0.7923 -0.3068
usemtl leaf_4
f 2472//2268 2520//2268 2521//2268 2473//2268
vn 0.3600 -0.7246 -0.5876
f 2473//2269 2521//2269 2522//2269 2474//2269
vn -0.1236 -0.9120 -0.3912
f 2474//2270 2522//2270 2523//2270 2475//2270
vn 0.3281 -0.8768 0.3514
f 2475//2271 2523//2271 2524//2271 2476//2271
vn 0.5309 -0.8352 -0.1432
usemtl leaf_5
f 2476//2272 2524//2272 2525//2272 2477//2272
vn 0.4001 -0.7146 -0.5738
f 2477//2273 2525//2273 2526//2273 2478//2273
vn 0.1920 -0.8662 -0.4613
f 2478//2274 2526//2274 2527//2274 2479//2274
vn 0.1985 -0.9799 -0.0192
f 2479//2275 2527//2275 2528//2275 2480//2275
vn 0.3003 -0.7343 -0.6088
usemtl leaf_4
f 2480//2276 2528//2276 2529//2276 2481//2276
vn 0.4775 -0.8231 0.3074
usemtl leaf_5
f 2481//2277 2529//2277 2530//2277 2482//2277
vn 0.1685 -0.9325 0.3196
f 2482//2278 2530//2278 2531//2278 2483//2278
vn -0.1287 -0.6036 0.7868
f 2483//2279 2531//2279 2532//2279 2484//2279
vn 0.1579 -0.7996 0.5794
usemtl leaf_4
f 2484//2280 2532//2280 2533//2280 2485//2280
vn 0.4995 -0.8642 0.0607
usemtl leaf_3
f 2485//2281 2533//2281 2534//2281 2486//2281
vn 0.5579 -0.8002 0.2198
usemtl leaf_5
f 2486//2282 2534//2282 2535//2282 2487//2282
vn 0.9109 -0.4113 -0.0330
usemtl leaf_4
f 2487//2283 2535//2283 2536//2283 2488//2283
vn 0.5335 -0.6557 0.5342
usemtl leaf_5
f 2488//2284 2536//2284 2537//2284 2489//2284
vn 0.0842 -0.9933 0.0793
f 2489//2285 2537//2285 2538//2285 2490//2285
vn -0.5426 -0.7974 0.2642
f 2490//2286 2538//2286 2539//2286 2491//2286
vn 0.0076 -0.7530 0.6580
f 2491//2287 2539//2287 2540//2287 2492//2287
vn -0.0527 -0.5384 0.8410
f 2492//2288 2540//2288 2541//2288 2493//2288
vn -0.0851 -0.5174 0.8515
usemtl leaf_4
f 2493//2289 2541//2289 2542//2289 2494//2289
vn -0.7156 -0.6599 0.2293
f 2494//2290 2542//2290 2543//2290 2495//2290
vn 0.2083 -0.8708 0.4453
usemtl leaf_3
f 2495//2291 2543//2291 2544//2291 2496//2291
vn 0.3026 -0.8716 0.3857
usemtl leaf_4
f 2496//2292 2544//2292 2497//2292 2449//2292
vn -0.1390 -0.5992 0.7885
f 2497//2293 2545//2293 2546//2293 2498//2293
vn 0.1947 -0.7796 0.5952
usemtl leaf_5
f 2498//2294 2546//2294 2547//2294 2499//2294
vn -0.3842 -0.9017 0.1983
f 2499//2295 2547//2295 2548//2295 2500//2295
vn -0.7533 -0.6272 -0.1977
f 2500//2296 2548//2296 2549//2296 2501//2296
vn -0.7303 -0.4767 -0.4894
f 2501//2297 2549//2297 2550//2297 2502//2297
vn -0.7445 -0.6434 0.1782
f 2502//2298 2550//2298 2551//2298 2503//2298
vn -0.3545 -0.9323 0.0719
f 2503//2299 2551//2299 2552//2299 2504//2299
vn -0.5844 -0.7235 0.3675
f 2504//2300 2552//2300 2553//2300 2505//2300
vn -0.8534 -0.5211 0.0139
f 2505//2301 2553//2301 2554//2301 2506//2301
vn -0.6215 -0.6794 -0.3901
f 2506//2302 2554//2302 2555//2302 2507//2302
vn -0.5467 -0.8156 0.1898
usemtl leaf_4
f 2507//2303 2555//2303 2556//2303 2508//2303
vn 0.1517 -0.9328 -0.3269
usemtl leaf_5
f 2508//2304 2556//2304 2557//2304 2509//2304
vn -0.1292 -0.9656 0.2255
f 2509//2305 2557//2305 2558//2305 2510//2305
vn -0.1020 -0.8759 -0.4715
f 2510//2306 2558//2306 2559//2306 2511//2306
vn -0.4603 -0.6594 -0.5944
f 2511//2307 2559//2307 2560//2307 2512//2307
vn -0.1697 -0.6111 -0.7731
usemtl leaf_4
f 2512//2308 2560//2308 2561//2308 2513//2308
vn -0.6725 -0.6151 -0.4116
f 2513//2309 2561//2309 2562//2309 2514//2309
vn -0.3967 -0.8485 -0.3501
usemtl leaf_5
f 2514//2310 2562//2310 2563//2310 2515//2310
vn -0.2952 -0.7473 -0.5953
f 2515//2311 2563//2311 2564//2311 2516//2311
vn 0.5727 -0.6119 -0.5454
f 2516//2312 2564//2312 2565//2312 2517//2312
vn -0.2643 -0.8765 -0.4024
usemtl leaf_4
f 2517//2313 2565//2313 2566//2313 2518//2313
vn 0.3723 -0.8513 -0.3696
usemtl leaf_5
f 2518//2314 2566//2314 2567//2314 2519//2314
vn 0.6500 -0.4508 -0.6117
usemtl leaf_4
f 2519//2315 2567//2315 2568//2315 2520//2315
vn 0.1414 -0.7802 -0.6094
usemtl leaf_5
f 2520//2316 2568//2316 2569//2316 2521//2316
vn 0.1346 -0.9727 -0.1893
f 2521//2317 2569//2317 2570//2317 2522//2317
vn 0.0297 -0.6796 -0.7330
f 2522//2318 2570//2318 2571//2318 2523//2318
vn 0.7839 -0.6159 0.0783
usemtl leaf_4
f 2523//2319 2571//2319 2572//2319 2524//2319
vn 0.4554 -0.8897 0.0318
f 2524//2320 2572//2320 2573//2320 2525//2320
vn 0.4507 -0.8453 -0.2870
usemtl leaf_3
f 2525//2321 2573//2321 2574//2321 2526//2321
vn 0.4999 -0.5352 -0.6809
usemtl leaf_4
f 2526//2322 2574//2322 2575//2322 2527//2322
vn 0.4430 -0.7854 -0.4324
usemtl leaf_5
f 2527//2323 2575//2323 2576//2323 2528//2323
vn 0.3888 -0.9026 -0.1847
f 2528//2324 2576//2324 2577//2324 2529//2324
vn 0.2454 -0.9442 -0.2199
f 2529//2325 2577//2325 2578//2325 2530//2325
vn 0.1579 -0.9152 0.3708
f 2530//2326 2578//2326 2579//2326 2531//2326
vn -0.0304 -0.4144 0.9096
f 2531//2327 2579//2327 2580//2327 2532//2327
vn 0.4654 -0.7498 0.4704
usemtl leaf_3
f 2532//2328 2580//2328 2581//2328 2533//2328
vn 0.4087 -0.5145 0.7538
usemtl leaf_4
f 2533//2329 2581//2329 2582//2329 2534//2329
vn 0.8557 -0.4521 0.2517
usemtl leaf_5
f 2534//2330 2582//2330 2583//2330 2535//2330
vn 0.7945 -0.6058 -0.0424
usemtl leaf_4
f 2535//2331 2583//2331 2584//2331 2536//2331
vn 0.6875 -0.7090 -0.1570
usemtl leaf_5
f 2536//2332 2584//2332 2585//2332 2537//2332
vn 0.0448 -0.7817 0.6220
f 2537//2333 2585//2333 2586//2333 2538//2333
vn -0.4253 -0.5531 0.7164
f 2538//2334 2586//2334 2587//2334 2539//2334
vn -0.0439 -0.9464 0.3200
usemtl leaf_4
f 2539//2335 2587//2335 2588//2335 2540//2335
vn -0.1565 -0.9791 0.1300
usemtl leaf_5
f 2540//2336 2588//2336 2589//2336 2541//2336
vn 0.0478 -0.9851 0.1650
usemtl leaf_4
f 2541//2337 2589//2337 2590//2337 2542//2337
vn -0.4550 -0.8473 0.2741
f 2542//2338 2590//2338 2591//2338 2543//2338
vn -0.1796 -0.8080 0.5611
f 2543//2339 2591//2339 2592//2339 2544//2339
vn 0.0239 -0.5383 0.8424
usemtl leaf_5
f 2544//2340 2592//2340 2545//2340 2497//2340
vn 0.2454 -0.8546 0.4576
f 2545//2341 2593//2341 2594//2341 2546//2341
vn -0.2880 -0.6769 0.6774
f 2546//2342 2594//2342 2595//2342 2547//2342
vn -0.7716 -0.5217 0.3640
f 2547//2343 2595//2343 2596//2343 2548//2343
vn -0.8352 -0.5289 -0.1507
f 2548//2344 2596//2344 2597//2344 2549//2344
vn -0.7200 -0.5987 -0.3508
usemtl leaf_4
f 2549//2345 2597//2345 2598//2345 2550//2345
vn -0.1700 -0.9222 0.3474
usemtl leaf_5
f 2550//2346 2598//2346 2599//2346 2551//2346
vn -0.2850 -0.9263 0.2465
f 2551//2347 2599//2347 2600//2347 2552//2347
vn -0.4393 -0.7620 -0.4758
usemtl leaf_4
f 2552//2348 2600//2348 2601//2348 2553//2348
vn -0.7008 -0.6991 0.1420
usemtl leaf_3
f 2553//2349 2601//2349 2602//2349 2554//2349
vn -0.5999 -0.7999 0.0144
usemtl leaf_4
f 2554//2350 2602//2350 2603//2350 2555//2350
vn -0.6322 -0.7550 0.1740
usemtl leaf_5
f 2555//2351 2603//2351 2604//2351 2556//2351
vn -0.5622 -0.6239 -0.5429
f 2556//2352 2604//2352 2605//2352 2557//2352
vn -0.7311 -0.6670 -0.1436
f 2557//2353 2605//2353 2606//2353 2558//2353
vn 0.0938 -0.8024 -0.5893
f 2558//2354 2606//2354 2607//2354 2559//2354
vn -0.1257 -0.9272 -0.3528
usemtl leaf_4
f 2559//2355 2607//2355 2608//2355 2560//2355
vn 0.0559 -0.8170 -0.5740
f 2560//2356 2608//2356 2609//2356 2561//2356
vn -0.5126 -0.6063 -0.6080
usemtl leaf_5
f 2561//2357 2609//2357 2610//2357 2562//2357
vn -0.6124 -0.3521 -0.7078
f 2562//2358 2610//2358 2611//2358 2563//2358
vn -0.0939 -0.5804 -0.8089
f 2563//2359 2611//2359 2612//2359 2564//2359
vn 0.2341 -0.6862 -0.6887
f 2564//2360 2612//2360 2613//2360 2565//2360
vn -0.4055 -0.6960 -0.5926
f 2565//2361 2613//2361 2614//2361 2566//2361
vn 0.5677 -0.7508 -0.3377
usemtl leaf_4
f 2566//2362 2614//2362 2615//2362 2567//2362
vn 0.3956 -0.9149 -0.0803
f 2567//2363 2615//2363 2616//2363 2568//2363
vn 0.1244 -0.7837 -0.6085
usemtl leaf_3
f 2568//2364 2616//2364 2617//2364 2569//2364
vn 0.4577 -0.5452 -0.7023
usemtl leaf_5
f 2569//2365 2617//2365 2618//2365 2570//2365
vn 0.0514 -0.7841 -0.6185
f 2570//2366 2618//2366 2619//2366 2571//2366
vn 0.4673 -0.8820 0.0607
f 2571//2367 2619//2367 2620//2367 2572//2367
vn 0.6892 -0.7242 0.0230
usemtl leaf_4
f 2572//2368 2620//2368 2621//2368 2573//2368
vn 0.5277 -0.7938 -0.3023
usemtl leaf_3
f 2573//2369 2621//2369 2622//2369 2574//2369
vn 0.3926 -0.8291 -0.3980
usemtl leaf_5
f 2574//2370 2622//2370 2623//2370 2575//2370
vn 0.7123 -0.5096 -0.4826
f 2575//2371 2623//2371 2624//2371 2576//2371
vn 0.8974 -0.4350 -0.0738
f 2576//2372 2624//2372 2625//2372 2577//2372
vn 0.9721 -0.2296 -0.0481
f 2577//2373 2625//2373 2626//2373 2578//2373
vn 0.8480 -0.2998 0.4371
usemtl leaf_4
f 2578//2374 2626//2374 2627//2374 2579//2374
vn 0.0467 -0.7133 0.6993
f 2579//2375 2627//2375 2628//2375 2580//2375
vn -0.0114 -0.7685 0.6398
f 2580//2376 2628//2376 2629//2376 2581//2376
vn 0.1139 -0.6013 0.7909
f 2581//2377 2629//2377 2630//2377 2582//2377
vn 0.8082 -0.5889 0.0010
f 2582//2378 2630//2378 2631//2378 2583//2378
vn 0.8789 -0.4770 -0.0068
usemtl leaf_5
f 2583//2379 2631//2379 2632//2379 2584//2379
vn 0.8640 -0.3992 0.3069
f 2584//2380 2632//2380 2633//2380 2585//2380
vn 0.1305 -0.7866 0.6035
f 2585//2381 2633//2381 2634//2381 2586//2381
vn -0.3257 -0.8573 0.3987
f 2586//2382 2634//2382 2635//2382 2587//2382
vn -0.1046 -0.6814 0.7244
usemtl leaf_4
f 2587//2383 2635//2383 2636//2383 2588//2383
vn -0.1280 -0.4691 0.8738
f 2588//2384 2636//2384 2637//2384 2589//2384
vn -0.0443 -0.5190 0.8536
usemtl leaf_5
f 2589//2385 2637//2385 2638//2385 2590//2385
vn -0.5881 -0.6195 0.5200
f 2590//2386 2638//2386 2639//2386 2591//2386
vn -0.0894 -0.7990 0.5947
f 2591//2387 2639//2387 2640//2387 2592//2387
vn 0.1497 -0.8936 0.4231
usemtl leaf_4
f 2592//2388 2640//2388 2593//2388 2545//2388
vn -0.6294 -0.3307 0.7032
f 2593//2389 2641//2389 2642//2389 2594//2389
vn -0.5233 -0.3345 0.7837
usemtl leaf_5
f 2594//2390 2642//2390 2643//2390 2595//2390
vn -0.6947 -0.5673 0.4423
f 2595//2391 2643//2391 2644//2391 2596//2391
vn -0.9323 -0.3313 -0.1454
usemtl leaf_4
f 2596//2392 2644//2392 2645//2392 2597//2392
vn -0.3972 -0.7792 0.4849
f 2597//2393 2645//2393 2646//2393 2598//2393
vn -0.6481 -0.7613 -0.0201
f 2598//2394 2646//2394 2647//2394 2599//2394
vn -0.9745 -0.2190 -0.0491
usemtl leaf_5
f 2599//2395 2647//2395 2648//2395 2600//2395
vn -0.9300 -0.3130 -0.1929
usemtl leaf_4
f 2600//2396 2648//2396 2649//2396 2601//2396
vn -0.8566 -0.3659 -0.3637
f 2601//2397 2649//2397 2650//2397 2602//2397
vn -0.9365 -0.2312 0.2638
f 2602//2398 2650//2398 2651//2398 2603//2398
vn -0.8190 -0.5680 0.0817
usemtl leaf_5
f 2603//2399 2651//2399 2652//2399 2604//2399
vn -0.3840 -0.8949 -0.2273
f 2604//2400 2652//2400 2653//2400 2605//2400
vn -0.4923 -0.8669 -0.0781
f 2605//2401 2653//2401 2654//2401 2606//2401
vn -0.2985 -0.9011 -0.3145
f 2606//2402 2654//2402 2655//2402 2607//2402
vn 0.1440 -0.7778 -0.6118
f 2607//2403 2655//2403 2656//2403 2608//2403
vn -0.1129 -0.8072 -0.5794
usemtl leaf_4
f 2608//2404 2656//2404 2657//2404 2609//2404
vn 0.1569 -0.6865 -0.7100
usemtl leaf_5
f 2609//2405 2657//2405 2658//2405 2610//2405
vn -0.6803 -0.5586 -0.4744
usemtl leaf_4
f 2610//2406 2658//2406 2659//2406 2611//2406
vn -0.1392 -0.6354 -0.7595
f 2611//2407 2659//2407 2660//2407 2612//2407
vn 0.0553 -0.6499 -0.7580
f 2612//2408 2660//2408 2661//2408 2613//2408
vn -0.1535 -0.4859 -0.8604
f 2613//2409 2661//2409 2662//2409 2614//2409
vn 0.6013 -0.2775 -0.7493
usemtl leaf_5
f 2614//2410 2662//2410 2663//2410 2615//2410
vn 0.1993 -0.3943 -0.8971
usemtl leaf_4
f 2615//2411 2663//2411 2664//2411 2616//2411
vn 0.7229 -0.5920 -0.3563
f 2616//2412 2664//2412 2665//2412 2617//2412
vn 0.3052 -0.5752 -0.7589
f 2617//2413 2665//2413 2666//2413 2618//2413
vn 0.1583 -0.4208 -0.8932
usemtl leaf_5
f 2618//2414 2666//2414 2667//2414 2619//2414
vn 0.6892 -0.6372 -0.3449
usemtl leaf_4
f 2619//2415 2667//2415 2668//2415 2620//2415
vn 0.6968 -0.6831 0.2186
f 2620//2416 2668//2416 2669//2416 2621//2416
vn 0.1815 -0.7730 -0.6078
f 2621//2417 2669//2417 2670//2417 2622//2417
vn 0.7310 -0.6206 0.2837
usemtl leaf_5
f 2622//2418 2670//2418 2671//2418 2623//2418
vn 0.8039 -0.4471 -0.3923
usemtl leaf_3
f 2623//2419 2671//2419 2672//2419 2624//2419
vn 0.8682 -0.4960 -0.0158
usemtl leaf_5
f 2624//2420 2672//2420 2673//2420 2625//2420
vn 0.8524 -0.4839 0.1980
f 2625//2421 2673//2421 2674//2421 2626//2421
vn 0.8409 -0.5373 -0.0653
usemtl leaf_4
f 2626//2422 2674//2422 2675//2422 2627//2422
vn 0.5951 -0.2789 0.7537
usemtl leaf_5
f 2627//2423 2675//2423 2676//2423 2628//2423
vn 0.4245 -0.4446 0.7888
usemtl leaf_4
f 2628//2424 2676//2424 2677//2424 2629//2424
vn 0.1222 -0.9572 0.2624
f 2629//2425 2677//2425 2678//2425 2630//2425
vn 0.3013 -0.9532 0.0260
usemtl leaf_3
f 2630//2426 2678//2426 2679//2426 2631//2426
vn 0.7336 -0.6577 0.1714
usemtl leaf_4
f 2631//2427 2679//2427 2680//2427 2632//2427
vn 0.6789 -0.4152 0.6056
usemtl leaf_5
f 2632//2428 2680//2428 2681//2428 2633//2428
vn 0.8421 -0.3894 0.3731
f 2633//2429 2681//2429 2682//2429 2634//2429
vn -0.2179 -0.8178 0.5327
f 2634//2430 2682//2430 2683//2430 2635//2430
vn -0.3276 -0.8944 0.3045
f 2635//2431 2683//2431 2684//2431 2636//2431
vn -0.5201 -0.6969 0.4937
usemtl leaf_4
f 2636//2432 2684//2432 2685//2432 2637//2432
vn 0.1899 -0.5881 0.7862
f 2637//2433 2685//2433 2686//2433 2638//2433
vn -0.2020 -0.8271 0.5246
usemtl leaf_3
f 2638//2434 2686//2434 2687//2434 2639//2434
vn -0.3762 -0.7583 0.5325
usemtl leaf_4
f 2639//2435 2687//2435 2688//2435 2640//2435
vn 0.1735 -0.4651 0.8681
f 2640//2436 2688//2436 2641//2436 2593//2436
vn -0.7134 -0.1715 0.6795
f 2641//2437 2689//2437 2690//2437 2642//2437
vn -0.2472 -0.3328 0.9100
usemtl leaf_5
f 2642//2438 2690//2438 2691//2438 2643//2438
vn -0.7755 -0.4162 0.4747
f 2643//2439 2691//2439 2692//2439 2644//2439
vn -0.4539 -0.8819 0.1269
f 2644//2440 2692//2440 2693//2440 2645//2440
vn -0.4926 -0.8052 0.3301
f 2645//2441 2693//2441 2694//2441 2646//2441
vn -0.8401 -0.4893 -0.2341
f 2646//2442 2694//2442 2695//2442 2647//2442
vn -0.7028 -0.6554 -0.2765
usemtl leaf_3
f 2647//2443 2695//2443 2696//2443 2648//2443
vn -0.7691 -0.6364 0.0589
usemtl leaf_4
f 2648//2444 2696//2444 2697//2444 2649//2444
vn -0.6633 -0.5011 -0.5558
usemtl leaf_3
f 2649//2445 2697//2445 2698//2445 2650//2445
vn -0.7651 -0.4787 0.4306
usemtl leaf_4
f 2650//2446 2698//2446 2699//2446 2651//2446
vn -0.8363 -0.5022 0.2200
f 2651//2447 2699//2447 2700//2447 2652//2447
vn -0.7766 -0.3286 -0.5375
usemtl leaf_5
f 2652//2448 2700//2448 2701//2448 2653//2448
vn -0.8561 -0.2130 -0.4709
f 2653//2449 2701//2449 2702//2449 2654//2449
vn -0.6352 -0.0773 -0.7685
f 2654//2450 2702//2450 2703//2450 2655//2450
vn -0.2965 -0.1382 -0.9450
usemtl leaf_4
f 2655//2451 2703//2451 2704//2451 2656//2451
vn -0.3611 -0.4672 -0.8071
f 2656//2452 2704//2452 2705//2452 2657//2452
vn 0.1367 -0.5235 -0.8410
f 2657//2453 2705//2453 2706//2453 2658//2453
vn -0.5281 -0.4109 -0.7431
usemtl leaf_5
f 2658//2454 2706//2454 2707//2454 2659//2454
vn -0.2546 -0.3554 -0.8994
usemtl leaf_4
f 2659//2455 2707//2455 2708//2455 2660//2455
vn -0.0283 -0.5004 -0.8653
usemtl leaf_5
f 2660//2456 2708//2456 2709//2456 2661//2456
vn -0.1171 -0.6625 -0.7398
f 2661//2457 2709//2457 2710//2457 2662//2457
vn 0.5462 -0.7141 -0.4377
f 2662//2458 2710//2458 2711//2458 2663//2458
vn 0.0488 -0.6992 -0.7133
f 2663//2459 2711//2459 2712//2459 2664//2459
vn 0.3952 -0.7769 -0.4902
usemtl leaf_4
f 2664//2460 2712//2460 2713//2460 2665//2460
vn 0.5989 -0.7259 -0.3382
usemtl leaf_5
f 2665//2461 2713//2461 2714//2461 2666//2461
vn 0.3663 -0.3136 -0.8760
f 2666//2462 2714//2462 2715//2462 2667//2462
vn 0.6253 -0.3128 -0.7150
f 2667//2463 2715//2463 2716//2463 2668//2463
vn 0.9112 -0.4119 -0.0020
usemtl leaf_4
f 2668//2464 2716//2464 2717//2464 2669//2464
vn 0.5337 -0.3575 -0.7664
f 2669//2465 2717//2465 2718//2465 2670//2465
vn 0.7326 -0.6195 0.2819
usemtl leaf_3
f 2670//2466 2718//2466 2719//2466 2671//2466
vn 0.7529 -0.6550 -0.0644
usemtl leaf_5
f 2671//2467 2719//2467 2720//2467 2672//2467
vn 0.7845 -0.5627 -0.2608
f 2672//2468 2720//2468 2721//2468 2673//2468
vn 0.7188 -0.5301 0.4499
f 2673//2469 2721//2469 2722//2469 2674//2469
vn 0.9808 -0.1413 0.1343
f 2674//2470 2722//2470 2723//2470 2675//2470
vn 0.6718 -0.6275 0.3936
f 2675//2471 2723//2471 2724//2471 2676//2471
vn 0.3021 -0.8953 0.3275
usemtl leaf_3
f 2676//2472 2724//2472 2725//2472 2677//2472
vn 0.5634 -0.7121 0.4190
usemtl leaf_4
f 2677//2473 2725//2473 2726//2473 2678//2473
vn 0.4256 -0.4067 0.8083
usemtl leaf_5
f 2678//2474 2726//2474 2727//2474 2679//2474
vn 0.7466 -0.2831 0.6021
usemtl leaf_4
f 2679//2475 2727//2475 2728//2475 2680//2475
vn 0.6917 -0.4577 0.5587
usemtl leaf_3
f 2680//2476 2728//2476 2729//2476 2681//2476
vn 0.7344 -0.2181 0.6427
usemtl leaf_4
f 2681//2477 2729//2477 2730//2477 2682//2477
vn 0.5931 -0.2122 0.7767
usemtl leaf_5
f 2682//2478 2730//2478 2731//2478 2683//2478
vn -0.4380 -0.3998 0.8052
usemtl leaf_4
f 2683//2479 2731//2479 2732//2479 2684//2479
vn -0.5368 -0.4997 0.6798
f 2684//2480 2732//2480 2733//2480 2685//2480
vn 0.1262 -0.7051 0.6978
usemtl leaf_3
f 2685//2481 2733//2481 2734//2481 2686//2481
vn -0.1985 -0.5014 0.8421
usemtl leaf_4
f 2686//2482 2734//2482 2735//2482 2687//2482
vn -0.7836 -0.2360 0.5747
f 2687//2483 2735//2483 2736//2483 2688//2483
vn -0.0546 -0.0568 0.9969
usemtl leaf_5
f 2688//2484 2736//2484 2689//2484 2641//2484
vn -0.7611 -0.0543 0.6463
usemtl leaf_3
f 2689//2485 2737//2485 2738//2485 2690//2485
vn -0.3304 0.1074 0.9377
f 2690//2486 2738//2486 2739//2486 2691//2486
vn -0.8161 0.0595 0.5748
usemtl leaf_4
f 2691//2487 2739//2487 2740//2487 2692//2487
vn -0.5790 0.0346 0.8146
f 2692//2488 2740//2488 2741//2488 2693//2488
vn -0.9578 -0.2823 0.0543
f 2693//2489 2741//2489 2742//2489 2694//2489
vn -0.7397 -0.6413 0.2039
usemtl leaf_3
f 2694//2490 2742//2490 2743//2490 2695//2490
vn -0.6902 -0.6034 -0.3994
f 2695//2491 2743//2491 2744//2491 2696//2491
vn -0.7432 -0.6563 0.1300
f 2696//2492 2744//2492 2745//2492 2697//2492
vn -0.5325 -0.6540 -0.5374
usemtl leaf_4
f 2697//2493 2745//2493 2746//2493 2698//2493
vn -0.7042 -0.5547 0.4432
usemtl leaf_3
f 2698//2494 2746//2494 2747//2494 2699//2494
vn -0.8579 -0.5022 -0.1088
usemtl leaf_5
f 2699//2495 2747//2495 2748//2495 2700//2495
vn -0.7145 -0.4470 -0.5382
usemtl leaf_4
f 2700//2496 2748//2496 2749//2496 2701//2496
vn -0.7536 -0.6007 -0.2671
usemtl leaf_5
f 2701//2497 2749//2497 2750//2497 2702//2497
vn -0.3856 -0.8691 -0.3097
f 2702//2498 2750//2498 2751//2498 2703//2498
vn -0.0151 -0.8401 -0.5422
f 2703//2499 2751//2499 2752//2499 2704//2499
vn -0.2123 -0.5620 -0.7995
f 2704//2500 2752//2500 2753//2500 2705//2500
vn -0.1148 -0.5467 -0.8294
usemtl leaf_4
f 2705//2501 2753//2501 2754//2501 2706//2501
vn -0.1382 -0.5788 -0.8037
f 2706//2502 2754//2502 2755//2502 2707//2502
vn -0.2509 -0.2985 -0.9209
f 2707//2503 2755//2503 2756//2503 2708//2503
vn 0.0210 -0.1162 -0.9930
f 2708//2504 2756//2504 2757//2504 2709//2504
vn 0.0212 0.1347 -0.9907
f 2709//2505 2757//2505 2758//2505 2710//2505
vn 0.2756 -0.0172 -0.9611
f 2710//2506 2758//2506 2759//2506 2711//2506
vn -0.0183 -0.5713 -0.8205
f 2711//2507 2759//2507 2760//2507 2712//2507
vn 0.3438 -0.7132 -0.6109
usemtl leaf_5
f 2712//2508 2760//2508 2761//2508 2713//2508
vn 0.8004 -0.5429 -0.2542
usemtl leaf_4
f 2713//2509 2761//2509 2762//2509 2714//2509
vn 0.7563 -0.3491 -0.5532
usemtl leaf_3
f 2714//2510 2762//2510 2763//2510 2715//2510
vn 0.2668 -0.2965 -0.9170
usemtl leaf_4
f 2715//2511 2763//2511 2764//2511 2716//2511
vn 0.6700 -0.7399 -0.0607
usemtl leaf_5
f 2716//2512 2764//2512 2765//2512 2717//2512
vn 0.5899 -0.6646 -0.4587
f 2717//2513 2765//2513 2766//2513 2718//2513
vn 0.8567 -0.4837 -0.1795
f 2718//2514 2766//2514 2767//2514 2719//2514
vn 0.7417 -0.6433 0.1898
usemtl leaf_3
f 2719//2515 2767//2515 2768//2515 2720//2515
vn 0.9327 -0.3543 -0.0677
usemtl leaf_4
f 2720//2516 2768//2516 2769//2516 2721//2516
vn 0.8808 -0.2250 0.4167
f 2721//2517 2769//2517 2770//2517 2722//2517
vn 0.7998 -0.5377 0.2669
f 2722//2518 2770//2518 2771//2518 2723//2518
vn 0.8210 -0.4909 -0.2915
f 2723//2519 2771//2519 2772//2519 2724//2519
vn 0.4121 -0.8465 0.3372
f 2724//2520 2772//2520 2773//2520 2725//2520
vn 0.1754 -0.7473 0.6409
usemtl leaf_5
f 2725//2521 2773//2521 2774//2521 2726//2521
vn 0.2939 -0.7161 0.6332
usemtl leaf_4
f 2726//2522 2774//2522 2775//2522 2727//2522
vn 0.4790 -0.7462 0.4624
usemtl leaf_3
f 2727//2523 2775//2523 2776//2523 2728//2523
vn 0.5224 -0.2385 0.8187
usemtl leaf_4
f 2728//2524 2776//2524 2777//2524 2729//2524
vn 0.6860 -0.1624 0.7092
usemtl leaf_3
f 2729//2525 2777//2525 2778//2525 2730//2525
vn 0.5981 -0.1399 0.7891
usemtl leaf_5
f 2730//2526 2778//2526 2779//2526 2731//2526
vn -0.0807 -0.2758 0.9578
usemtl leaf_4
f 2731//2527 2779//2527 2780//2527 2732//2527
vn -0.0993 -0.8299 0.5489
usemtl leaf_5
f 2732//2528 2780//2528 2781//2528 2733//2528
vn -0.4320 -0.6280 0.6473
usemtl leaf_4
f 2733//2529 2781//2529 2782//2529 2734//2529
vn -0.5119 -0.1008 0.8531
usemtl leaf_5
f 2734//2530 2782//2530 2783//2530 2735//2530
vn -0.3221 -0.5571 0.7654
usemtl leaf_3
f 2735//2531 2783//2531 2784//2531 2736//2531
vn -0.3529 -0.7369 0.5766
f 2736//2532 2784//2532 2737//2532 2689//2532
vn -0.7328 -0.4698 0.4922
f 2737//2533 2785//2533 2786//2533 2738//2533
vn -0.2256 -0.5009 0.8356
usemtl leaf_4
f 2738//2534 2786//2534 2787//2534 2739//2534
vn -0.8123 -0.3393 0.4743
usemtl leaf_3
f 2739//2535 2787//2535 2788//2535 2740//2535
vn -0.3049 -0.3871 0.8701
usemtl leaf_4
f 2740//2536 2788//2536 2789//2536 2741//2536
vn -0.8277 -0.5317 0.1795
usemtl leaf_5
f 2741//2537 2789//2537 2790//2537 2742//2537
vn -0.8723 -0.3928 0.2913
f 2742//2538 2790//2538 2791//2538 2743//2538
vn -0.7898 -0.5877 -0.1753
usemtl leaf_4
f 2743//2539 2791//2539 2792//2539 2744//2539
vn -0.6629 -0.7475 0.0433
f 2744//2540 2792//2540 2793//2540 2745//2540
vn -0.5556 -0.7820 -0.2824
f 2745//2541 2793//2541 2794//2541 2746//2541
vn -0.8612 -0.4011 -0.3122
f 2746//2542 2794//2542 2795//2542 2747//2542
vn -0.9517 0.2018 -0.2315
usemtl leaf_3
f 2747//2543 2795//2543 2796//2543 2748//2543
vn -0.8924 0.0366 -0.4498
f 2748//2544 2796//2544 2797//2544 2749//2544
vn -0.9615 -0.1200 -0.2472
usemtl leaf_4
f 2749//2545 2797//2545 2798//2545 2750//2545
vn -0.7239 0.0924 -0.6837
f 2750//2546 2798//2546 2799//2546 2751//2546
vn -0.4222 0.0156 -0.9064
usemtl leaf_5
f 2751//2547 2799//2547 2800//2547 2752//2547
vn -0.0717 -0.3852 -0.9200
usemtl leaf_3
f 2752//2548 2800//2548 2801//2548 2753//2548
vn -0.1158 -0.1255 -0.9853
f 2753//2549 2801//2549 2802//2549 2754//2549
vn -0.2321 -0.0708 -0.9701
f 2754//2550 2802//2550 2803//2550 2755//2550
vn 0.0940 -0.0417 -0.9947
usemtl leaf_4
f 2755//2551 2803//2551 2804//2551 2756//2551
vn -0.1515 -0.0514 -0.9871
usemtl leaf_2
f 2756//2552 2804//2552 2805//2552 2757//2552
vn 0.2357 -0.3028 -0.9234
usemtl leaf_4
f 2757//2553 2805//2553 2806//2553 2758//2553
vn -0.2656 -0.3803 -0.8859
usemtl leaf_3
f 2758//2554 2806//2554 2807//2554 2759//2554
vn -0.0279 -0.4217 -0.9063
usemtl leaf_5
f 2759//2555 2807//2555 2808//2555 2760//2555
vn 0.7292 -0.0593 -0.6817
usemtl leaf_3
f 2760//2556 2808//2556 2809//2556 2761//2556
vn 0.7990 -0.0931 -0.5941
usemtl leaf_5
f 2761//2557 2809//2557 2810//2557 2762//2557
vn 0.7511 -0.5016 -0.4292
usemtl leaf_3
f 2762//2558 2810//2558 2811//2558 2763//2558
vn 0.4832 -0.1654 -0.8597
f 2763//2559 2811//2559 2812//2559 2764//2559
vn 0.8180 0.1159 -0.5635
usemtl leaf_4
f 2764//2560 2812//2560 2813//2560 2765//2560
vn 0.7864 -0.3619 -0.5006
usemtl leaf_3
f 2765//2561 2813//2561 2814//2561 2766//2561
vn 0.9442 -0.3288 0.0179
f 2766//2562 2814//2562 2815//2562 2767//2562
vn 0.9915 0.0692 0.1100
f 2767//2563 2815//2563 2816//2563 2768//2563
vn 0.9245 0.1648 0.3437
usemtl leaf_4
f 2768//2564 2816//2564 2817//2564 2769//2564
vn 0.9473 0.2667 0.1777
usemtl leaf_3
f 2769//2565 2817//2565 2818//2565 2770//2565
vn 0.9886 -0.0724 -0.1321
f 2770//2566 2818//2566 2819//2566 2771//2566
vn 0.9867 -0.1575 0.0401
f 2771//2567 2819//2567 2820//2567 2772//2567
vn 0.9945 -0.0622 0.0843
usemtl leaf_4
f 2772//2568 2820//2568 2821//2568 2773//2568
vn 0.3142 -0.7524 0.5789
f 2773//2569 2821//2569 2822//2569 2774//2569
vn 0.2035 -0.9016 0.3816
f 2774//2570 2822//2570 2823//2570 2775//2570
vn 0.0931 -0.6301 0.7709
usemtl leaf_3
f 2775//2571 2823//2571 2824//2571 2776//2571
vn 0.1492 -0.3346 0.9305
usemtl leaf_4
f 2776//2572 2824//2572 2825//2572 2777//2572
vn 0.7778 -0.1724 0.6044
usemtl leaf_3
f 2777//2573 2825//2573 2826//2573 2778//2573
vn 0.3800 -0.1308 0.9157
f 2778//2574 2826//2574 2827//2574 2779//2574
vn 0.5794 -0.4274 0.6940
usemtl leaf_5
f 2779//2575 2827//2575 2828//2575 2780//2575
vn 0.0419 -0.6782 0.7337
usemtl leaf_4
f 2780//2576 2828//2576 2829//2576 2781//2576
vn -0.5374 -0.6930 0.4807
f 2781//2577 2829//2577 2830//2577 2782//2577
vn -0.3864 -0.8500 0.3582
f 2782//2578 2830//2578 2831//2578 2783//2578
vn -0.4359 -0.4747 0.7646
usemtl leaf_3
f 2783//2579 2831//2579 2832//2579 2784//2579
vn -0.6410 0.0229 0.7672
usemtl leaf_4
f 2784//2580 2832//2580 2785//2580 2737//2580
vn -0.7686 -0.0451 0.6381
usemtl leaf_2
f 2785//2581 2833//2581 2834//2581 2786//2581
vn -0.4236 0.0593 0.9039
f 2786//2582 2834//2582 2835//2582 2787//2582
vn -0.7717 -0.2105 0.6002
f 2787//2583 2835//2583 2836//2583 2788//2583
vn -0.5199 -0.0087 0.8542
usemtl leaf_4
f 2788//2584 2836//2584 2837//2584 2789//2584
vn -0.9279 0.0703 0.3662
usemtl leaf_5
f 2789//2585 2837//2585 2838//2585 2790//2585
vn -0.9818 -0.0749 0.1743
usemtl leaf_4
f 2790//2586 2838//2586 2839//2586 2791//2586
vn -0.9843 0.1746 -0.0257
f 2791//2587 2839//2587 2840//2587 2792//2587
vn -0.9801 0.1466 0.1342
usemtl leaf_3
f 2792//2588 2840//2588 2841//2588 2793//2588
vn -0.9551 0.0665 -0.2887
f 2793//2589 2841//2589 2842//2589 2794//2589
vn -0.7788 -0.1707 -0.6037
f 2794//2590 2842//2590 2843//2590 2795//2590
vn -0.8696 -0.4504 -0.2023
f 2795//2591 2843//2591 2844//2591 2796//2591
vn -0.8844 -0.4028 -0.2358
f 2796//2592 2844//2592 2845//2592 2797//2592
vn -0.8308 -0.0550 -0.5538
f 2797//2593 2845//2593 2846//2593 2798//2593
vn -0.8668 -0.2114 -0.4517
usemtl leaf_4
f 2798//2594 2846//2594 2847//2594 2799//2594
vn -0.3707 -0.4345 -0.8208
usemtl leaf_3
f 2799//2595 2847//2595 2848//2595 2800//2595
vn -0.4088 -0.4022 -0.8192
usemtl leaf_4
f 2800//2596 2848//2596 2849//2596 2801//2596
vn 0.1766 -0.6073 -0.7746
usemtl leaf_3
f 2801//2597 2849//2597 2850//2597 2802//2597
vn -0.0607 -0.3164 -0.9467
f 2802//2598 2850//2598 2851//2598 2803//2598
vn 0.0127 -0.2744 -0.9615
f 2803//2599 2851//2599 2852//2599 2804//2599
vn -0.1875 -0.3947 -0.8995
usemtl leaf_2
f 2804//2600 2852//2600 2853//2600 2805//2600
vn -0.0290 -0.4516 -0.8917
usemtl leaf_3
f 2805//2601 2853//2601 2854//2601 2806//2601
vn -0.0834 -0.3702 -0.9252
f 2806//2602 2854//2602 2855//2602 2807//2602
vn 0.0101 -0.1614 -0.9868
usemtl leaf_4
f 2807//2603 2855//2603 2856//2603 2808//2603
vn 0.7761 -0.3810 -0.5025
f 2808//2604 2856//2604 2857//2604 2809//2604
vn 0.3295 -0.6393 -0.6948
f 2809//2605 2857//2605 2858//2605 2810//2605
vn 0.5604 -0.7326 -0.3864
f 2810//2606 2858//2606 2859//2606 2811//2606
vn 0.7073 -0.6132 -0.3516
usemtl leaf_2
f 2811//2607 2859//2607 2860//2607 2812//2607
vn 0.3644 -0.6471 -0.6697
usemtl leaf_3
f 2812//2608 2860//2608 2861//2608 2813//2608
vn 0.9174 -0.3537 -0.1827
f 2813//2609 2861//2609 2862//2609 2814//2609
vn 0.9993 0.0296 0.0236
usemtl leaf_4
f 2814//2610 2862//2610 2863//2610 2815//2610
vn 0.8741 -0.4856 0.0078
usemtl leaf_3
f 2815//2611 2863//2611 2864//2611 2816//2611
vn 0.7244 -0.4573 0.5159
usemtl leaf_2
f 2816//2612 2864//2612 2865//2612 2817//2612
vn 0.8865 -0.4058 0.2224
f 2817//2613 2865//2613 2866//2613 2818//2613
vn 0.9793 -0.0267 -0.2009
f 2818//2614 2866//2614 2867//2614 2819//2614
vn 0.9868 0.0566 0.1517
f 2819//2615 2867//2615 2868//2615 2820//2615
vn 0.9736 -0.1877 -0.1297
usemtl leaf_4
f 2820//2616 2868//2616 2869//2616 2821//2616
vn 0.7933 -0.0231 0.6084
usemtl leaf_5
f 2821//2617 2869//2617 2870//2617 2822//2617
vn 0.4766 0.1396 0.8680
usemtl leaf_3
f 2822//2618 2870//2618 2871//2618 2823//2618
vn 0.1736 -0.1238 0.9770
f 2823//2619 2871//2619 2872//2619 2824//2619
vn -0.0049 -0.1827 0.9832
f 2824//2620 2872//2620 2873//2620 2825//2620
vn 0.6647 0.0617 0.7446
f 2825//2621 2873//2621 2874//2621 2826//2621
vn 0.3971 0.1393 0.9071
usemtl leaf_4
f 2826//2622 2874//2622 2875//2622 2827//2622
vn 0.6570 0.1748 0.7333
f 2827//2623 2875//2623 2876//2623 2828//2623
vn 0.0820 0.1578 0.9841
f 2828//2624 2876//2624 2877//2624 2829//2624
vn -0.3526 -0.0794 0.9324
usemtl leaf_5
f 2829//2625 2877//2625 2878//2625 2830//2625
vn -0.5109 -0.2713 0.8157
usemtl leaf_4
f 2830//2626 2878//2626 2879//2626 2831//2626
vn -0.6333 -0.5812 0.5110
usemtl leaf_3
f 2831//2627 2879//2627 2880//2627 2832//2627
vn -0.6182 -0.6013 0.5063
usemtl leaf_2
f 2832//2628 2880//2628 2833//2628 2785//2628
vn -0.8032 -0.3161 0.5050
usemtl leaf_3
f 2833//2629 2881//2629 2882//2629 2834//2629
vn -0.2428 -0.4126 0.8779
usemtl leaf_2
f 2834//2630 2882//2630 2883//2630 2835//2630
vn -0.5654 -0.5239 0.6371
usemtl leaf_3
f 2835//2631 2883//2631 2884//2631 2836//2631
vn -0.9205 -0.1627 0.3554
usemtl leaf_2
f 2836//2632 2884//2632 2885//2632 2837//2632
vn -0.7707 0.1774 0.6119
f 2837//2633 2885//2633 2886//2633 2838//2633
vn -0.9101 -0.2234 0.3492
f 2838//2634 2886//2634 2887//2634 2839//2634
vn -0.8547 -0.4876 -0.1784
usemtl leaf_3
f 2839//2635 2887//2635 2888//2635 2840//2635
vn -0.7602 -0.5438 0.3556
usemtl leaf_4
f 2840//2636 2888//2636 2889//2636 2841//2636
vn -0.6640 -0.7202 -0.2011
f 2841//2637 2889//2637 2890//2637 2842//2637
vn -0.6204 -0.7053 -0.3429
f 2842//2638 2890//2638 2891//2638 2843//2638
vn -0.7326 -0.2770 -0.6217
f 2843//2639 2891//2639 2892//2639 2844//2639
vn -0.9930 -0.0432 -0.1102
usemtl leaf_3
f 2844//2640 2892//2640 2893//2640 2845//2640
vn -0.6386 -0.4036 -0.6552
usemtl leaf_4
f 2845//2641 2893//2641 2894//2641 2846//2641
vn -0.8467 0.0524 -0.5294
usemtl leaf_2
f 2846//2642 2894//2642 2895//2642 2847//2642
vn -0.5056 0.2317 -0.8311
usemtl leaf_3
f 2847//2643 2895//2643 2896//2643 2848//2643
vn -0.4987 0.0355 -0.8660
f 2848//2644 2896//2644 2897//2644 2849//2644
vn -0.2668 -0.1711 -0.9485
f 2849//2645 2897//2645 2898//2645 2850//2645
vn 0.0706 -0.7339 -0.6755
usemtl leaf_4
f 2850//2646 2898//2646 2899//2646 2851//2646
vn -0.0728 -0.7640 -0.6411
usemtl leaf_3
f 2851//2647 2899//2647 2900//2647 2852//2647
vn 0.1997 -0.4967 -0.8447
f 2852//2648 2900//2648 2901//2648 2853//2648
vn -0.0211 -0.0277 -0.9994
usemtl leaf_2
f 2853//2649 2901//2649 2902//2649 2854//2649
vn 0.0069 -0.0329 -0.9994
usemtl leaf_4
f 2854//2650 2902//2650 2903//2650 2855//2650
vn 0.2940 0.1460 -0.9446
f 2855//2651 2903//2651 2904//2651 2856//2651
vn 0.6039 0.3829 -0.6990
usemtl leaf_3
f 2856//2652 2904//2652 2905//2652 2857//2652
vn 0.2805 0.1825 -0.9423
usemtl leaf_2
f 2857//2653 2905//2653 2906//2653 2858//2653
vn 0.6567 -0.1307 -0.7428
usemtl leaf_3
f 2858//2654 2906//2654 2907//2654 2859//2654
vn 0.8086 -0.4644 -0.3613
f 2859//2655 2907//2655 2908//2655 2860//2655
vn 0.6871 -0.0713 -0.7230
f 2860//2656 2908//2656 2909//2656 2861//2656
vn 0.9899 0.0928 0.1070
usemtl leaf_5
f 2861//2657 2909//2657 2910//2657 2862//2657
vn 0.9598 -0.1675 -0.2254
usemtl leaf_2
f 2862//2658 2910//2658 2911//2658 2863//2658
vn 0.9808 0.1770 0.0824
usemtl leaf_3
f 2863//2659 2911//2659 2912//2659 2864//2659
vn 0.9570 -0.2874 0.0384
usemtl leaf_2
f 2864//2660 2912//2660 2913//2660 2865//2660
vn 0.6581 -0.6658 0.3515
f 2865//2661 2913//2661 2914//2661 2866//2661
vn 0.8320 -0.5538 0.0320
f 2866//2662 2914//2662 2915//2662 2867//2662
vn 0.8288 -0.5480 -0.1131
usemtl leaf_3
f 2867//2663 2915//2663 2916//2663 2868//2663
vn 0.9572 -0.2173 0.1911
usemtl leaf_4
f 2868//2664 2916//2664 2917//2664 2869//2664
vn 0.7224 0.1262 0.6798
f 2869//2665 2917//2665 2918//2665 2870//2665
vn 0.6785 -0.2847 0.6772
usemtl leaf_3
f 2870//2666 2918//2666 2919//2666 2871//2666
vn 0.3469 -0.6038 0.7177
f 2871//2667 2919//2667 2920//2667 2872//2667
vn -0.0043 -0.7388 0.6739
f 2872//2668 2920//2668 2921//2668 2873//2668
vn 0.1909 -0.7137 0.6739
usemtl leaf_2
f 2873//2669 2921//2669 2922//2669 2874//2669
vn 0.3115 -0.3320 0.8903
f 2874//2670 2922//2670 2923//2670 2875//2670
vn 0.6234 -0.1411 0.7691
usemtl leaf_3
f 2875//2671 2923//2671 2924//2671 2876//2671
vn 0.1023 0.0391 0.9940
usemtl leaf_4
f 2876//2672 2924//2672 2925//2672 2877//2672
vn 0.0319 -0.1618 0.9863
f 2877//2673 2925//2673 2926//2673 2878//2673
vn -0.4964 -0.3754 0.7827
usemtl leaf_3
f 2878//2674 2926//2674 2927//2674 2879//2674
vn -0.5578 -0.2378 0.7952
usemtl leaf_4
f 2879//2675 2927//2675 2928//2675 2880//2675
vn -0.8722 -0.1506 0.4654
usemtl leaf_3
f 2880//2676 2928//2676 2881//2676 2833//2676
vn -0.6877 -0.5367 0.4889
usemtl leaf_2
f 2881//2677 2929//2677 2930//2677 2882//2677
vn -0.5146 -0.2028 0.8331
f 2882//2678 2930//2678 2931//2678 2883//2678
vn -0.6719 0.2201 0.7072
usemtl leaf_3
f 2883//2679 2931//2679 2932//2679 2884//2679
vn -0.9663 -0.0293 0.2556
f 2884//2680 2932//2680 2933//2680 2885//2680
vn -0.9155 0.0712 0.3958
usemtl leaf_4
f 2885//2681 2933//2681 2934//2681 2886//2681
vn -0.6721 0.1624 0.7224
usemtl leaf_3
f 2886//2682 2934//2682 2935//2682 2887//2682
vn -0.9761 -0.0695 -0.2057
f 2887//2683 2935//2683 2936//2683 2888//2683
vn -0.8608 -0.1008 0.4989
usemtl leaf_4
f 2888//2684 2936//2684 2937//2684 2889//2684
vn -0.9334 0.0593 -0.3538
f 2889//2685 2937//2685 2938//2685 2890//2685
vn -0.8705 0.1661 -0.4633
f 2890//2686 2938//2686 2939//2686 2891//2686
vn -0.6192 -0.1052 -0.7781
f 2891//2687 2939//2687 2940//2687 2892//2687
vn -0.9691 0.0774 -0.2342
usemtl leaf_3
f 2892//2688 2940//2688 2941//2688 2893//2688
vn -0.5651 0.5432 -0.6210
usemtl leaf_4
f 2893//2689 2941//2689 2942//2689 2894//2689
vn -0.5044 0.5545 -0.6619
f 2894//2690 2942//2690 2943//2690 2895//2690
vn -0.9401 0.0367 -0.3388
usemtl leaf_2
f 2895//2691 2943//2691 2944//2691 2896//2691
vn -0.3681 -0.4732 -0.8004
f 2896//2692 2944//2692 2945//2692 2897//2692
vn -0.3560 -0.3234 -0.8767
usemtl leaf_3
f 2897//2693 2945//2693 2946//2693 2898//2693
vn -0.1707 0.0808 -0.9820
usemtl leaf_4
f 2898//2694 2946//2694 2947//2694 2899//2694
vn 0.2199 0.2312 -0.9477
f 2899//2695 2947//2695 2948//2695 2900//2695
vn -0.0914 -0.1439 -0.9854
usemtl leaf_3
f 2900//2696 2948//2696 2949//2696 2901//2696
vn 0.4529 -0.3542 -0.8182
f 2901//2697 2949//2697 2950//2697 2902//2697
vn -0.0160 0.1883 -0.9820
f 2902//2698 2950//2698 2951//2698 2903//2698
vn 0.2656 -0.0584 -0.9623
usemtl leaf_2
f 2903//2699 2951//2699 2952//2699 2904//2699
vn 0.3136 -0.6227 -0.7168
usemtl leaf_4
f 2904//2700 2952//2700 2953//2700 2905//2700
vn 0.3321 -0.5695 -0.7519
f 2905//2701 2953//2701 2954//2701 2906//2701
vn 0.7020 -0.0856 -0.7070
usemtl leaf_3
f 2906//2702 2954//2702 2955//2702 2907//2702
vn 0.6908 -0.0795 -0.7187
f 2907//2703 2955//2703 2956//2703 2908//2703
vn 0.9271 -0.2794 -0.2499
usemtl leaf_4
f 2908//2704 2956//2704 2957//2704 2909//2704
vn 0.9232 -0.3033 -0.2360
usemtl leaf_3
f 2909//2705 2957//2705 2958//2705 2910//2705
vn 0.9891 -0.1099 0.0984
usemtl leaf_2
f 2910//2706 2958//2706 2959//2706 2911//2706
vn 0.9879 -0.1523 0.0287
usemtl leaf_3
f 2911//2707 2959//2707 2960//2707 2912//2707
vn 0.9115 -0.2153 -0.3504
f 2912//2708 2960//2708 2961//2708 2913//2708
vn 0.8884 -0.4034 0.2190
f 2913//2709 2961//2709 2962//2709 2914//2709
vn 0.8074 -0.5317 0.2558
usemtl leaf_2
f 2914//2710 2962//2710 2963//2710 2915//2710
vn 0.9825 0.0841 0.1662
usemtl leaf_3
f 2915//2711 2963//2711 2964//2711 2916//2711
vn 0.6609 0.4838 0.5737
usemtl leaf_2
f 2916//2712 2964//2712 2965//2712 2917//2712
vn 0.9201 0.2540 0.2980
usemtl leaf_4
f 2917//2713 2965//2713 2966//2713 2918//2713
vn 0.8638 -0.1649 0.4761
f 2918//2714 2966//2714 2967//2714 2919//2714
vn 0.3840 -0.0035 0.9233
f 2919//2715 2967//2715 2968//2715 2920//2715
vn 0.2612 0.1892 0.9466
usemtl leaf_3
f 2920//2716 2968//2716 2969//2716 2921//2716
vn 0.1911 -0.1136 0.9750
usemtl leaf_2
f 2921//2717 2969//2717 2970//2717 2922//2717
vn -0.0715 -0.0661 0.9952
f 2922//2718 2970//2718 2971//2718 2923//2718
vn 0.3462 0.4861 0.8024
usemtl leaf_3
f 2923//2719 2971//2719 2972//2719 2924//2719
vn 0.1388 0.5348 0.8335
f 2924//2720 2972//2720 2973//2720 2925//2720
vn 0.2343 0.3972 0.8873
f 2925//2721 2973//2721 2974//2721 2926//2721
vn -0.3869 0.2348 0.8917
f 2926//2722 2974//2722 2975//2722 2927//2722
vn -0.3251 -0.3537 0.8770
f 2927//2723 2975//2723 2976//2723 2928//2723
vn -0.7383 -0.5484 0.3926
usemtl leaf_2
f 2928//2724 2976//2724 2929//2724 2881//2724
vn -0.7897 -0.3404 0.5105
usemtl leaf_4
f 2929//2725 2977//2725 2978//2725 2930//2725
vn -0.9062 -0.0382 0.4211
usemtl leaf_2
f 2930//2726 2978//2726 2979//2726 2931//2726
vn -0.7054 0.2981 0.6431
usemtl leaf_3
f 2931//2727 2979//2727 2980//2727 2932//2727
vn -0.8013 0.2581 0.5397
usemtl leaf_2
f 2932//2728 2980//2728 2981//2728 2933//2728
vn -0.9695 0.2449 -0.0064
usemtl leaf_3
f 2933//2729 2981//2729 2982//2729 2934//2729
vn -0.4843 0.1286 0.8654
usemtl leaf_2
f 2934//2730 2982//2730 2983//2730 2935//2730
vn -0.9505 -0.3052 0.0583
f 2935//2731 2983//2731 2984//2731 2936//2731
vn -0.9175 -0.2745 0.2878
usemtl leaf_3
f 2936//2732 2984//2732 2985//2732 2937//2732
vn -0.8870 -0.0301 -0.4608
usemtl leaf_4
f 2937//2733 2985//2733 2986//2733 2938//2733
vn -0.9316 -0.2945 -0.2131
usemtl leaf_2
f 2938//2734 2986//2734 2987//2734 2939//2734
vn -0.6159 -0.3065 -0.7258
usemtl leaf_3
f 2939//2735 2987//2735 2988//2735 2940//2735
vn -0.8552 -0.3204 -0.4073
f 2940//2736 2988//2736 2989//2736 2941//2736
vn -0.5026 -0.4201 -0.7556
f 2941//2737 2989//2737 2990//2737 2942//2737
vn -0.6258 -0.4024 -0.6681
f 2942//2738 2990//2738 2991//2738 2943//2738
vn -0.8282 0.3081 -0.4682
f 2943//2739 2991//2739 2992//2739 2944//2739
vn -0.5058 0.6528 -0.5639
usemtl leaf_4
f 2944//2740 2992//2740 2993//2740 2945//2740
vn -0.3303 0.3317 -0.8837
usemtl leaf_3
f 2945//2741 2993//2741 2994//2741 2946//2741
vn -0.0796 0.0678 -0.9945
f 2946//2742 2994//2742 2995//2742 2947//2742
vn 0.1432 -0.1043 -0.9842
usemtl leaf_2
f 2947//2743 2995//2743 2996//2743 2948//2743
vn -0.3746 -0.1813 -0.9093
usemtl leaf_3
f 2948//2744 2996//2744 2997//2744 2949//2744
vn 0.6790 0.0313 -0.7335
usemtl leaf_2
f 2949//2745 2997//2745 2998//2745 2950//2745
vn 0.2112 0.0951 -0.9728
usemtl leaf_1
f 2950//2746 2998//2746 2999//2746 2951//2746
vn 0.1982 0.5251 -0.8276
usemtl leaf_3
f 2951//2747 2999//2747 3000//2747 2952//2747
vn 0.1688 0.7485 -0.6413
f 2952//2748 3000//2748 3001//2748 2953//2748
vn 0.1333 0.3937 -0.9095
f 2953//2749 3001//2749 3002//2749 2954//2749
vn 0.6681 -0.3992 -0.6279
f 2954//2750 3002//2750 3003//2750 2955//2750
vn 0.6649 -0.3507 -0.6595
usemtl leaf_5
f 2955//2751 3003//2751 3004//2751 2956//2751
vn 0.9659 -0.1058 -0.2364
usemtl leaf_4
f 2956//2752 3004//2752 3005//2752 2957//2752
vn 0.9731 0.2303 -0.0038
usemtl leaf_2
f 2957//2753 3005//2753 3006//2753 2958//2753
vn 0.9800 0.1977 -0.0209
usemtl leaf_3
f 2958//2754 3006//2754 3007//2754 2959//2754
vn 0.9864 -0.0995 -0.1310
usemtl leaf_4
f 2959//2755 3007//2755 3008//2755 2960//2755
vn 0.9811 0.0055 -0.1934
usemtl leaf_3
f 2960//2756 3008//2756 3009//2756 2961//2756
vn 0.9957 0.0307 -0.0871
usemtl leaf_2
f 2961//2757 3009//2757 3010//2757 2962//2757
vn 0.9098 -0.0373 0.4134
f 2962//2758 3010//2758 3011//2758 2963//2758
vn 0.7245 0.1121 0.6801
f 2963//2759 3011//2759 3012//2759 2964//2759
vn 0.8562 0.1112 0.5045
usemtl leaf_3
f 2964//2760 3012//2760 3013//2760 2965//2760
vn 0.9789 0.0347 0.2016
f 2965//2761 3013//2761 3014//2761 2966//2761
vn 0.7927 0.3743 0.4813
f 2966//2762 3014//2762 3015//2762 2967//2762
vn 0.4852 0.1471 0.8619
usemtl leaf_4
f 2967//2763 3015//2763 3016//2763 2968//2763
vn 0.4317 -0.4198 0.7984
usemtl leaf_3
f 2968//2764 3016//2764 3017//2764 2969//2764
vn 0.0440 -0.2167 0.9752
f 2969//2765 3017//2765 3018//2765 2970//2765
vn -0.2625 0.1584 0.9518
usemtl leaf_2
f 2970//2766 3018//2766 3019//2766 2971//2766
vn 0.0275 0.2466 0.9687
usemtl leaf_1
f 2971//2767 3019//2767 3020//2767 2972//2767
vn 0.3808 0.3079 0.8719
usemtl leaf_2
f 2972//2768 3020//2768 3021//2768 2973//2768
vn 0.4017 0.0122 0.9157
usemtl leaf_4
f 2973//2769 3021//2769 3022//2769 2974//2769
vn -0.1311 -0.2750 0.9525
usemtl leaf_2
f 2974//2770 3022//2770 3023//2770 2975//2770
vn -0.3155 -0.0426 0.9480
usemtl leaf_3
f 2975//2771 3023//2771 3024//2771 2976//2771
vn -0.7380 -0.0423 0.6735
f 2976//2772 3024//2772 2977//2772 2929//2772
vn -0.8246 -0.0351 0.5646
f 2977//2773 3025//2773 3026//2773 2978//2773
vn -0.9792 -0.0572 0.1948
usemtl leaf_2
f 2978//2774 3026//2774 3027//2774 2979//2774
vn -0.7897 0.0295 0.6128
f 2979//2775 3027//2775 3028//2775 2980//2775
vn -0.8407 0.2453 0.4827
f 2980//2776 3028//2776 3029//2776 2981//2776
vn -0.9756 0.2095 0.0651
usemtl leaf_3
f 2981//2777 3029//2777 3030//2777 2982//2777
vn -0.4610 0.0964 0.8821
f 2982//2778 3030//2778 3031//2778 2983//2778
vn -0.8720 0.4714 0.1316
f 2983//2779 3031//2779 3032//2779 2984//2779
vn -0.8652 0.4570 0.2063
f 2984//2780 3032//2780 3033//2780 2985//2780
vn -0.9885 -0.0762 -0.1307
f 2985//2781 3033//2781 3034//2781 2986//2781
vn -0.8654 0.1130 -0.4881
f 2986//2782 3034//2782 3035//2782 2987//2782
vn -0.7833 0.1875 -0.5927
usemtl leaf_2
f 2987//2783 3035//2783 3036//2783 2988//2783
vn -0.6282 0.3062 -0.7153
f 2988//2784 3036//2784 3037//2784 2989//2784
vn -0.4843 0.6487 -0.5871
usemtl leaf_3
f 2989//2785 3037//2785 3038//2785 2990//2785
vn -0.7861 0.3001 -0.5404
usemtl leaf_2
f 2990//2786 3038//2786 3039//2786 2991//2786
vn -0.5671 -0.1781 -0.8042
usemtl leaf_3
f 2991//2787 3039//2787 3040//2787 2992//2787
vn -0.6542 -0.1426 -0.7427
f 2992//2788 3040//2788 3041//2788 2993//2788
vn -0.4258 0.2242 -0.8766
usemtl leaf_2
f 2993//2789 3041//2789 3042//2789 2994//2789
vn -0.1803 0.2612 -0.9483
usemtl leaf_3
f 2994//2790 3042//2790 3043//2790 2995//2790
vn -0.3254 -0.2496 -0.9120
usemtl leaf_2
f 2995//2791 3043//2791 3044//2791 2996//2791
vn 0.3022 0.0660 -0.9510
f 2996//2792 3044//2792 3045//2792 2997//2792
vn 0.3850 0.1727 -0.9066
usemtl leaf_3
f 2997//2793 3045//2793 3046//2793 2998//2793
vn 0.3532 -0.1840 -0.9173
usemtl leaf_2
f 2998//2794 3046//2794 3047//2794 2999//2794
vn 0.4646 -0.2034 -0.8618
usemtl leaf_1
f 2999//2795 3047//2795 3048//2795 3000//2795
vn 0.2228 -0.3842 -0.8960
f 3000//2796 3048//2796 3049//2796 3001//2796
vn 0.0182 -0.1371 -0.9904
usemtl leaf_4
f 3001//2797 3049//2797 3050//2797 3002//2797
vn 0.6740 0.5444 -0.4994
f 3002//2798 3050//2798 3051//2798 3003//2798
vn 0.5852 0.7246 -0.3641
f 3003//2799 3051//2799 3052//2799 3004//2799
vn 0.7167 0.6702 -0.1928
f 3004//2800 3052//2800 3053//2800 3005//2800
vn 0.9628 0.2559 -0.0868
usemtl leaf_2
f 3005//2801 3053//2801 3054//2801 3006//2801
vn 0.9575 -0.0999 -0.2705
usemtl leaf_1
f 3006//2802 3054//2802 3055//2802 3007//2802
vn 0.9458 0.2640 0.1890
usemtl leaf_2
f 3007//2803 3055//2803 3056//2803 3008//2803
vn 0.8621 0.1055 -0.4956
usemtl leaf_3
f 3008//2804 3056//2804 3057//2804 3009//2804
vn 0.8872 0.2421 0.3929
usemtl leaf_4
f 3009//2805 3057//2805 3058//2805 3010//2805
vn 0.8723 0.4834 0.0731
usemtl leaf_3
f 3010//2806 3058//2806 3059//2806 3011//2806
vn 0.7878 -0.1253 0.6030
f 3011//2807 3059//2807 3060//2807 3012//2807
vn 0.7678 -0.0534 0.6384
usemtl leaf_2
f 3012//2808 3060//2808 3061//2808 3013//2808
vn 0.9484 0.2328 0.2154
usemtl leaf_3
f 3013//2809 3061//2809 3062//2809 3014//2809
vn 0.7753 0.0974 0.6240
usemtl leaf_2
f 3014//2810 3062//2810 3063//2810 3015//2810
vn 0.7839 0.0508 0.6188
usemtl leaf_3
f 3015//2811 3063//2811 3064//2811 3016//2811
vn 0.4653 0.2122 0.8594
f 3016//2812 3064//2812 3065//2812 3017//2812
vn 0.0643 -0.0468 0.9968
usemtl leaf_2
f 3017//2813 3065//2813 3066//2813 3018//2813
vn -0.1092 -0.4711 0.8753
usemtl leaf_1
f 3018//2814 3066//2814 3067//2814 3019//2814
vn -0.1727 -0.4325 0.8849
usemtl leaf_3
f 3019//2815 3067//2815 3068//2815 3020//2815
vn 0.1403 -0.0154 0.9900
usemtl leaf_2
f 3020//2816 3068//2816 3069//2816 3021//2816
vn 0.3759 0.5195 0.7674
usemtl leaf_3
f 3021//2817 3069//2817 3070//2817 3022//2817
vn 0.1469 0.5422 0.8273
f 3022//2818 3070//2818 3071//2818 3023//2818
vn -0.2793 0.0198 0.9600
usemtl leaf_4
f 3023//2819 3071//2819 3072//2819 3024//2819
vn -0.6330 -0.1687 0.7556
f 3024//2820 3072//2820 3025//2820 2977//2820
vn -0.5957 0.4005 0.6962
usemtl leaf_3
f 3025//2821 3073//2821 3074//2821 3026//2821
vn -0.9786 0.0846 0.1874
usemtl leaf_2
f 3026//2822 3074//2822 3075//2822 3027//2822
vn -0.7827 -0.0247 0.6220
f 3027//2823 3075//2823 3076//2823 3028//2823
vn -0.9435 0.3293 -0.0373
usemtl leaf_3
f 3028//2824 3076//2824 3077//2824 3029//2824
vn -0.7176 0.6404 0.2738
usemtl leaf_1
f 3029//2825 3077//2825 3078//2825 3030//2825
vn -0.4243 0.5402 0.7267
usemtl leaf_3
f 3030//2826 3078//2826 3079//2826 3031//2826
vn -0.8138 0.4886 0.3146
f 3031//2827 3079//2827 3080//2827 3032//2827
vn -0.9281 0.3032 0.2160
usemtl leaf_2
f 3032//2828 3080//2828 3081//2828 3033//2828
vn -0.6594 0.7463 -0.0905
f 3033//2829 3081//2829 3082//2829 3034//2829
vn -0.7857 0.5241 -0.3286
usemtl leaf_3
f 3034//2830 3082//2830 3083//2830 3035//2830
vn -0.9519 -0.0604 -0.3006
usemtl leaf_4
f 3035//2831 3083//2831 3084//2831 3036//2831
vn -0.4930 -0.1932 -0.8483
usemtl leaf_3
f 3036//2832 3084//2832 3085//2832 3037//2832
vn -0.6002 -0.2352 -0.7645
f 3037//2833 3085//2833 3086//2833 3038//2833
vn -0.8572 0.1518 -0.4921
usemtl leaf_1
f 3038//2834 3086//2834 3087//2834 3039//2834
vn -0.3275 0.6358 -0.6989
usemtl leaf_2
f 3039//2835 3087//2835 3088//2835 3040//2835
vn -0.7261 0.5009 -0.4711
usemtl leaf_3
f 3040//2836 3088//2836 3089//2836 3041//2836
vn -0.1646 0.2483 -0.9546
f 3041//2837 3089//2837 3090//2837 3042//2837
vn -0.5016 0.1319 -0.8550
f 3042//2838 3090//2838 3091//2838 3043//2838
vn -0.3217 0.3123 -0.8938
f 3043//2839 3091//2839 3092//2839 3044//2839
vn 0.5783 0.3504 -0.7367
f 3044//2840 3092//2840 3093//2840 3045//2840
vn -0.2005 0.0555 -0.9781
usemtl leaf_1
f 3045//2841 3093//2841 3094//2841 3046//2841
vn 0.6908 0.1906 -0.6974
usemtl leaf_2
f 3046//2842 3094//2842 3095//2842 3047//2842
vn 0.2111 0.4336 -0.8760
usemtl leaf_3
f 3047//2843 3095//2843 3096//2843 3048//2843
vn 0.0313 0.1752 -0.9840
usemtl leaf_2
f 3048//2844 3096//2844 3097//2844 3049//2844
vn 0.4594 0.4307 -0.7768
usemtl leaf_4
f 3049//2845 3097//2845 3098//2845 3050//2845
vn 0.7414 0.4659 -0.4830
usemtl leaf_2
f 3050//2846 3098//2846 3099//2846 3051//2846
vn 0.8477 0.3745 -0.3758
usemtl leaf_3
f 3051//2847 3099//2847 3100//2847 3052//2847
vn 0.7867 0.5921 -0.1744
f 3052//2848 3100//2848 3101//2848 3053//2848
vn 0.6327 0.6870 -0.3575
usemtl leaf_1
f 3053//2849 3101//2849 3102//2849 3054//2849
vn 0.7057 0.6972 -0.1260
f 3054//2850 3102//2850 3103//2850 3055//2850
vn 0.9711 0.0255 -0.2372
usemtl leaf_2
f 3055//2851 3103//2851 3104//2851 3056//2851
vn 0.9413 -0.0676 -0.3308
f 3056//2852 3104//2852 3105//2852 3057//2852
vn 0.8983 0.0711 0.4335
f 3057//2853 3105//2853 3106//2853 3058//2853
vn 0.9742 -0.2256 0.0101
f 3058//2854 3106//2854 3107//2854 3059//2854
vn 0.9106 -0.0253 0.4125
usemtl leaf_3
f 3059//2855 3107//2855 3108//2855 3060//2855
vn 0.3604 0.2049 0.9100
f 3060//2856 3108//2856 3109//2856 3061//2856
vn 0.9588 0.2822 0.0317
f 3061//2857 3109//2857 3110//2857 3062//2857
vn 0.6087 0.4247 0.6701
f 3062//2858 3110//2858 3111//2858 3063//2858
vn 0.4936 0.7112 0.5007
usemtl leaf_2
f 3063//2859 3111//2859 3112//2859 3064//2859
vn 0.2976 0.7407 0.6023
usemtl leaf_3
f 3064//2860 3112//2860 3113//2860 3065//2860
vn 0.4774 0.5365 0.6959
usemtl leaf_2
f 3065//2861 3113//2861 3114//2861 3066//2861
vn -0.0141 0.3379 0.9411
usemtl leaf_3
f 3066//2862 3114//2862 3115//2862 3067//2862
vn -0.4272 0.2762 0.8610
f 3067//2863 3115//2863 3116//2863 3068//2863
vn -0.1248 0.3660 0.9222
usemtl leaf_1
f 3068//2864 3116//2864 3117//2864 3069//2864
vn 0.3488 0.0772 0.9340
usemtl leaf_3
f 3069//2865 3117//2865 3118//2865 3070//2865
vn 0.0684 0.2864 0.9557
f 3070//2866 3118//2866 3119//2866 3071//2866
vn -0.0985 0.7693 0.6313
f 3071//2867 3119//2867 3120//2867 3072//2867
vn -0.3686 0.7831 0.5008
f 3072//2868 3120//2868 3073//2868 3025//2868
vn -0.2083 0.6249 0.7524
usemtl leaf_2
f 3073//2869 3121//2869 3122//2869 3074//2869
vn -0.8587 0.1680 0.4842
f 3074//2870 3122//2870 3123//2870 3075//2870
vn -0.9071 0.1353 0.3986
usemtl leaf_3
f 3075//2871 3123//2871 3124//2871 3076//2871
vn -0.9751 0.1624 -0.1511
usemtl leaf_1
f 3076//2872 3124//2872 3125//2872 3077//2872
vn -0.9270 0.0752 0.3675
f 3077//2873 3125//2873 3126//2873 3078//2873
vn -0.6457 0.1487 0.7490
f 3078//2874 3126//2874 3127//2874 3079//2874
vn -0.7847 0.4789 0.3936
usemtl leaf_3
f 3079//2875 3127//2875 3128//2875 3080//2875
vn -0.7452 0.6493 0.1519
f 3080//2876 3128//2876 3129//2876 3081//2876
vn -0.8183 0.4510 -0.3563
f 3081//2877 3129//2877 3130//2877 3082//2877
vn -0.8014 0.5963 0.0470
usemtl leaf_2
f 3082//2878 3130//2878 3131//2878 3083//2878
vn -0.4946 0.8290 -0.2610
usemtl leaf_3
f 3083//2879 3131//2879 3132//2879 3084//2879
vn -0.3084 0.8136 -0.4929
usemtl leaf_2
f 3084//2880 3132//2880 3133//2880 3085//2880
vn -0.5743 0.5659 -0.5915
usemtl leaf_1
f 3085//2881 3133//2881 3134//2881 3086//2881
vn -0.6460 0.3092 -0.6979
usemtl leaf_2
f 3086//2882 3134//2882 3135//2882 3087//2882
vn -0.1837 0.3370 -0.9234
usemtl leaf_1
f 3087//2883 3135//2883 3136//2883 3088//2883
vn -0.7189 0.5939 -0.3613
f 3088//2884 3136//2884 3137//2884 3089//2884
vn -0.4640 0.5446 -0.6986
usemtl leaf_2
f 3089//2885 3137//2885 3138//2885 3090//2885
vn -0.5655 0.1850 -0.8038
usemtl leaf_3
f 3090//2886 3138//2886 3139//2886 3091//2886
vn 0.1191 0.3971 -0.9100
f 3091//2887 3139//2887 3140//2887 3092//2887
vn 0.0094 0.0234 -0.9997
usemtl leaf_1
f 3092//2888 3140//2888 3141//2888 3093//2888
vn 0.3575 0.2565 -0.8980
usemtl leaf_2
f 3093//2889 3141//2889 3142//2889 3094//2889
vn 0.5914 0.5586 -0.5815
f 3094//2890 3142//2890 3143//2890 3095//2890
vn 0.1399 0.2079 -0.9681
usemtl leaf_1
f 3095//2891 3143//2891 3144//2891 3096//2891
vn 0.0472 0.3969 -0.9167
usemtl leaf_2
f 3096//2892 3144//2892 3145//2892 3097//2892
vn 0.6542 0.6974 -0.2927
f 3097//2893 3145//2893 3146//2893 3098//2893
vn 0.2239 0.5544 -0.8015
f 3098//2894 3146//2894 3147//2894 3099//2894
vn 0.9359 0.1654 -0.3110
usemtl leaf_3
f 3099//2895 3147//2895 3148//2895 3100//2895
vn 0.9780 0.1868 -0.0933
usemtl leaf_2
f 3100//2896 3148//2896 3149//2896 3101//2896
vn 0.8013 0.0977 -0.5902
f 3101//2897 3149//2897 3150//2897 3102//2897
vn 0.9918 0.0064 -0.1276
usemtl leaf_1
f 3102//2898 3150//2898 3151//2898 3103//2898
vn 0.7310 0.2304 -0.6422
usemtl leaf_3
f 3103//2899 3151//2899 3152//2899 3104//2899
vn 0.8730 0.4401 0.2101
usemtl leaf_1
f 3104//2900 3152//2900 3153//2900 3105//2900
vn 0.9075 0.4196 -0.0200
usemtl leaf_3
f 3105//2901 3153//2901 3154//2901 3106//2901
vn 0.6635 0.6739 0.3249
f 3106//2902 3154//2902 3155//2902 3107//2902
vn 0.6329 0.7513 0.1870
f 3107//2903 3155//2903 3156//2903 3108//2903
vn 0.3615 0.3107 0.8791
usemtl leaf_2
f 3108//2904 3156//2904 3157//2904 3109//2904
vn 0.9052 0.3968 0.1524
usemtl leaf_3
f 3109//2905 3157//2905 3158//2905 3110//2905
vn 0.7496 0.3862 0.5375
usemtl leaf_1
f 3110//2906 3158//2906 3159//2906 3111//2906
vn 0.5102 0.0431 0.8590
usemtl leaf_3
f 3111//2907 3159//2907 3160//2907 3112//2907
vn 0.4369 0.2255 0.8708
usemtl leaf_2
f 3112//2908 3160//2908 3161//2908 3113//2908
vn 0.5743 0.4236 0.7005
usemtl leaf_3
f 3113//2909 3161//2909 3162//2909 3114//2909
vn 0.2263 0.3160 0.9214
usemtl leaf_2
f 3114//2910 3162//2910 3163//2910 3115//2910
vn -0.2744 -0.0757 0.9586
usemtl leaf_1
f 3115//2911 3163//2911 3164//2911 3116//2911
vn -0.3323 -0.0462 0.9420
f 3116//2912 3164//2912 3165//2912 3117//2912
vn 0.2331 0.6013 0.7642
usemtl leaf_2
f 3117//2913 3165//2913 3166//2913 3118//2913
vn -0.1221 0.8226 0.5554
f 3118//2914 3166//2914 3167//2914 3119//2914
vn -0.0293 0.5098 0.8598
f 3119//2915 3167//2915 3168//2915 3120//2915
vn -0.5669 0.4581 0.6847
usemtl leaf_3
f 3120//2916 3168//2916 3121//2916 3073//2916
vn -0.4659 0.3140 0.8273
usemtl leaf_2
f 3121//2917 3169//2917 3170//2917 3122//2917
vn -0.4497 0.5500 0.7038
f 3122//2918 3170//2918 3171//2918 3123//2918
vn -0.9202 0.1979 0.3379
usemtl leaf_1
f 3123//2919 3171//2919 3172//2919 3124//2919
vn -0.9974 -0.0304 0.0658
usemtl leaf_2
f 3124//2920 3172//2920 3173//2920 3125//2920
vn -0.9895 0.1210 0.0786
usemtl leaf_1
f 3125//2921 3173//2921 3174//2921 3126//2921
vn -0.5899 0.2414 0.7705
f 3126//2922 3174//2922 3175//2922 3127//2922
vn -0.8565 0.4944 -0.1481
f 3127//2923 3175//2923 3176//2923 3128//2923
vn -0.5951 0.7912 0.1406
f 3128//2924 3176//2924 3177//2924 3129//2924
vn -0.7889 0.5942 0.1570
usemtl leaf_2
f 3129//2925 3177//2925 3178//2925 3130//2925
vn -0.9637 0.1708 -0.2050
usemtl leaf_1
f 3130//2926 3178//2926 3179//2926 3131//2926
vn -0.9043 0.0321 -0.4257
usemtl leaf_2
f 3131//2927 3179//2927 3180//2927 3132//2927
vn -0.6408 0.0189 -0.7675
usemtl leaf_3
f 3132//2928 3180//2928 3181//2928 3133//2928
vn -0.8960 0.1452 -0.4196
usemtl leaf_2
f 3133//2929 3181//2929 3182//2929 3134//2929
vn -0.3145 0.3989 -0.8614
f 3134//2930 3182//2930 3183//2930 3135//2930
vn -0.5409 0.3209 -0.7775
usemtl leaf_1
f 3135//2931 3183//2931 3184//2931 3136//2931
vn -0.5802 0.0117 -0.8144
f 3136//2932 3184//2932 3185//2932 3137//2932
vn -0.6838 0.2991 -0.6655
usemtl leaf_2
f 3137//2933 3185//2933 3186//2933 3138//2933
vn -0.3352 0.6483 -0.6836
usemtl leaf_3
f 3138//2934 3186//2934 3187//2934 3139//2934
vn -0.1207 0.4560 -0.8817
f 3139//2935 3187//2935 3188//2935 3140//2935
vn 0.0332 0.6018 -0.7980
usemtl leaf_2
f 3140//2936 3188//2936 3189//2936 3141//2936
vn 0.4643 0.4894 -0.7382
usemtl leaf_1
f 3141//2937 3189//2937 3190//2937 3142//2937
vn 0.4380 0.0265 -0.8986
usemtl leaf_2
f 3142//2938 3190//2938 3191//2938 3143//2938
vn 0.1255 0.1288 -0.9837
f 3143//2939 3191//2939 3192//2939 3144//2939
vn 0.5597 0.4823 -0.6738
usemtl leaf_1
f 3144//2940 3192//2940 3193//2940 3145//2940
vn 0.7131 0.6650 -0.2219
usemtl leaf_3
f 3145//2941 3193//2941 3194//2941 3146//2941
vn 0.0121 0.6986 -0.7154
usemtl leaf_2
f 3146//2942 3194//2942 3195//2942 3147//2942
vn 0.4813 0.7967 -0.3654
usemtl leaf_1
f 3147//2943 3195//2943 3196//2943 3148//2943
vn 0.8313 0.5438 0.1153
f 3148//2944 3196//2944 3197//2944 3149//2944
vn 0.4688 0.6711 -0.5743
usemtl leaf_2
f 3149//2945 3197//2945 3198//2945 3150//2945
vn 0.8056 0.3446 -0.4819
f 3150//2946 3198//2946 3199//2946 3151//2946
vn 0.9057 0.0188 -0.4235
usemtl leaf_3
f 3151//2947 3199//2947 3200//2947 3152//2947
vn 0.6989 0.4556 0.5513
usemtl leaf_2
f 3152//2948 3200//2948 3201//2948 3153//2948
vn 0.7566 0.5464 -0.3591
usemtl leaf_3
f 3153//2949 3201//2949 3202//2949 3154//2949
vn 0.8646 0.0999 0.4924
usemtl leaf_1
f 3154//2950 3202//2950 3203//2950 3155//2950
vn 0.9718 0.0155 0.2353
usemtl leaf_2
f 3155//2951 3203//2951 3204//2951 3156//2951
vn 0.5482 0.1366 0.8251
f 3156//2952 3204//2952 3205//2952 3157//2952
vn 0.8940 0.1347 0.4273
f 3157//2953 3205//2953 3206//2953 3158//2953
vn 0.8118 0.3499 0.4675
usemtl leaf_1
f 3158//2954 3206//2954 3207//2954 3159//2954
vn 0.1621 0.7079 0.6874
usemtl leaf_2
f 3159//2955 3207//2955 3208//2955 3160//2955
vn 0.4598 0.6325 0.6232
usemtl leaf_1
f 3160//2956 3208//2956 3209//2956 3161//2956
vn 0.5781 0.3238 0.7490
usemtl leaf_3
f 3161//2957 3209//2957 3210//2957 3162//2957
vn 0.1668 0.5161 0.8401
usemtl leaf_2
f 3162//2958 3210//2958 3211//2958 3163//2958
vn 0.2177 0.3866 0.8962
usemtl leaf_3
f 3163//2959 3211//2959 3212//2959 3164//2959
vn -0.4792 -0.0017 0.8777
usemtl leaf_2
f 3164//2960 3212//2960 3213//2960 3165//2960
vn -0.4957 0.2097 0.8428
usemtl leaf_1
f 3165//2961 3213//2961 3214//2961 3166//2961
vn -0.0979 0.5873 0.8034
usemtl leaf_2
f 3166//2962 3214//2962 3215//2962 3167//2962
vn 0.1368 0.7064 0.6945
usemtl leaf_1
f 3167//2963 3215//2963 3216//2963 3168//2963
vn -0.3315 0.5710 0.7510
usemtl leaf_2
f 3168//2964 3216//2964 3169//2964 3121//2964
vn -0.2297 0.9028 0.3636
usemtl leaf_1
f 3169//2965 3217//2965 3218//2965 3170//2965
vn -0.2048 0.6981 0.6861
usemtl leaf_2
f 3170//2966 3218//2966 3219//2966 3171//2966
vn -0.5756 0.6522 0.4932
usemtl leaf_3
f 3171//2967 3219//2967 3220//2967 3172//2967
vn -0.9186 0.3533 0.1769
usemtl leaf_2
f 3172//2968 3220//2968 3221//2968 3173//2968
vn -0.9732 0.1725 -0.1519
usemtl leaf_1
f 3173//2969 3221//2969 3222//2969 3174//2969
vn -0.6216 0.5916 0.5134
usemtl leaf_2
f 3174//2970 3222//2970 3223//2970 3175//2970
vn -0.5295 0.7888 -0.3121
f 3175//2971 3223//2971 3224//2971 3176//2971
vn -0.7852 0.5145 0.3446
usemtl leaf_1
f 3176//2972 3224//2972 3225//2972 3177//2972
vn -0.8612 0.3187 0.3960
usemtl leaf_2
f 3177//2973 3225//2973 3226//2973 3178//2973
vn -0.7115 0.6509 -0.2648
usemtl leaf_1
f 3178//2974 3226//2974 3227//2974 3179//2974
vn -0.4473 0.8503 -0.2773
usemtl leaf_2
f 3179//2975 3227//2975 3228//2975 3180//2975
vn -0.6407 0.6534 -0.4031
f 3180//2976 3228//2976 3229//2976 3181//2976
vn -0.7527 0.3740 -0.5418
usemtl leaf_1
f 3181//2977 3229//2977 3230//2977 3182//2977
vn -0.4298 0.2064 -0.8790
f 3182//2978 3230//2978 3231//2978 3183//2978
vn -0.5628 0.2387 -0.7914
f 3183//2979 3231//2979 3232//2979 3184//2979
vn -0.2197 0.7238 -0.6542
usemtl leaf_2
f 3184//2980 3232//2980 3233//2980 3185//2980
vn -0.2506 0.8636 -0.4375
f 3185//2981 3233//2981 3234//2981 3186//2981
vn -0.4142 0.7613 -0.4989
usemtl leaf_1
f 3186//2982 3234//2982 3235//2982 3187//2982
vn -0.0878 0.8477 -0.5232
usemtl leaf_2
f 3187//2983 3235//2983 3236//2983 3188//2983
vn -0.1938 0.5750 -0.7948
f 3188//2984 3236//2984 3237//2984 3189//2984
vn 0.1011 0.1129 -0.9884
f 3189//2985 3237//2985 3238//2985 3190//2985
vn 0.5487 0.3056 -0.7781
usemtl leaf_1
f 3190//2986 3238//2986 3239//2986 3191//2986
vn 0.3456 0.6151 -0.7086
usemtl leaf_2
f 3191//2987 3239//2987 3240//2987 3192//2987
vn 0.6328 0.7187 -0.2881
f 3192//2988 3240//2988 3241//2988 3193//2988
vn 0.5867 0.3763 -0.7171
usemtl leaf_1
f 3193//2989 3241//2989 3242//2989 3194//2989
vn 0.7207 0.6639 -0.1995
usemtl leaf_2
f 3194//2990 3242//2990 3243//2990 3195//2990
vn 0.0344 0.9826 -0.1826
f 3195//2991 3243//2991 3244//2991 3196//2991
vn 0.3885 0.8923 -0.2301
usemtl leaf_1
f 3196//2992 3244//2992 3245//2992 3197//2992
vn 0.5634 0.1143 -0.8183
f 3197//2993 3245//2993 3246//2993 3198//2993
vn 0.8333 0.2522 -0.4919
usemtl leaf_2
f 3198//2994 3246//2994 3247//2994 3199//2994
vn 0.6759 0.6351 -0.3738
usemtl leaf_3
f 3199//2995 3247//2995 3248//2995 3200//2995
vn 0.6668 0.3109 0.6773
usemtl leaf_2
f 3200//2996 3248//2996 3249//2996 3201//2996
vn 0.6797 0.7162 -0.1584
f 3201//2997 3249//2997 3250//2997 3202//2997
vn 0.2935 0.9550 0.0436
f 3202//2998 3250//2998 3251//2998 3203//2998
vn 0.2619 0.9561 0.1319
f 3203//2999 3251//2999 3252//2999 3204//2999
vn 0.5890 0.7574 0.2819
f 3204//3000 3252//3000 3253//3000 3205//3000
vn 0.6862 0.5082 0.5203
usemtl leaf_1
f 3205//3001 3253//3001 3254//3001 3206//3001
vn 0.3965 0.7556 0.5213
usemtl leaf_2
f 3206//3002 3254//3002 3255//3002 3207//3002
vn -0.0063 0.7028 0.7113
usemtl leaf_1
f 3207//3003 3255//3003 3256//3003 3208//3003
vn 0.7243 0.6160 0.3098
usemtl leaf_2
f 3208//3004 3256//3004 3257//3004 3209//3004
vn 0.3641 0.7422 0.5626
f 3209//3005 3257//3005 3258//3005 3210//3005
vn 0.2494 0.6362 0.7301
f 3210//3006 3258//3006 3259//3006 3211//3006
vn 0.4180 0.4665 0.7795
f 3211//3007 3259//3007 3260//3007 3212//3007
vn -0.3192 0.4088 0.8549
f 3212//3008 3260//3008 3261//3008 3213//3008
vn -0.7246 0.2060 0.6576
usemtl leaf_3
f 3213//3009 3261//3009 3262//3009 3214//3009
vn -0.4140 0.5085 0.7550
usemtl leaf_1
f 3214//3010 3262//3010 3263//3010 3215//3010
vn -0.2892 0.9159 0.2783
f 3215//3011 3263//3011 3264//3011 3216//3011
vn 0.3608 0.8207 0.4431
f 3216//3012 3264//3012 3217//3012 3169//3012
vn -0.5223 0.5741 0.6306
usemtl leaf_0
f 3217//3013 3265//3013 3266//3013 3218//3013
vn -0.1511 0.9063 0.3946
f 3218//3014 3266//3014 3267//3014 3219//3014
vn -0.0368 0.6239 0.7807
f 3219//3015 3267//3015 3268//3015 3220//3015
vn -0.8350 0.3626 0.4139
usemtl leaf_1
f 3220//3016 3268//3016 3269//3016 3221//3016
vn -0.9842 0.1732 -0.0372
usemtl leaf_0
f 3221//3017 3269//3017 3270//3017 3222//3017
vn -0.8801 0.3385 -0.3330
f 3222//3018 3270//3018 3271//3018 3223//3018
vn -0.6304 0.7289 -0.2670
f 3223//3019 3271//3019 3272//3019 3224//3019
vn -0.3356 0.8805 0.3348
usemtl leaf_2
f 3224//3020 3272//3020 3273//3020 3225//3020
vn -0.1379 0.9437 0.3008
usemtl leaf_0
f 3225//3021 3273//3021 3274//3021 3226//3021
vn -0.4084 0.9058 0.1125
f 3226//3022 3274//3022 3275//3022 3227//3022
vn -0.7508 0.5432 -0.3758
f 3227//3023 3275//3023 3276//3023 3228//3023
vn -0.6886 0.6730 -0.2700
f 3228//3024 3276//3024 3277//3024 3229//3024
vn -0.1655 0.9002 -0.4028
f 3229//3025 3277//3025 3278//3025 3230//3025
vn -0.2166 0.9498 -0.2256
f 3230//3026 3278//3026 3279//3026 3231//3026
vn 0.0059 0.8864 -0.4628
f 3231//3027 3279//3027 3280//3027 3232//3027
vn -0.3175 0.7031 -0.6363
f 3232//3028 3280//3028 3281//3028 3233//3028
vn -0.1493 0.5916 -0.7923
f 3233//3029 3281//3029 3282//3029 3234//3029
vn -0.5893 0.6634 -0.4610
f 3234//3030 3282//3030 3283//3030 3235//3030
vn -0.0884 0.5689 -0.8177
f 3235//3031 3283//3031 3284//3031 3236//3031
vn -0.6023 0.4221 -0.6775
f 3236//3032 3284//3032 3285//3032 3237//3032
vn 0.2991 0.7481 -0.5923
f 3237//3033 3285//3033 3286//3033 3238//3033
vn 0.0862 0.3640 -0.9274
f 3238//3034 3286//3034 3287//3034 3239//3034
vn 0.6427 0.0036 -0.7661
f 3239//3035 3287//3035 3288//3035 3240//3035
vn 0.9049 0.1911 -0.3802
f 3240//3036 3288//3036 3289//3036 3241//3036
vn 0.3390 0.8221 -0.4574
f 3241//3037 3289//3037 3290//3037 3242//3037
vn 0.7214 0.6206 0.3073
usemtl leaf_2
f 3242//3038 3290//3038 3291//3038 3243//3038
vn 0.2462 0.3150 -0.9166
usemtl leaf_0
f 3243//3039 3291//3039 3292//3039 3244//3039
vn 0.7104 0.2480 -0.6587
usemtl leaf_1
f 3244//3040 3292//3040 3293//3040 3245//3040
vn 0.1413 0.7268 -0.6722
usemtl leaf_0
f 3245//3041 3293//3041 3294//3041 3246//3041
vn 0.3874 0.8744 -0.2923
f 3246//3042 3294//3042 3295//3042 3247//3042
vn 0.6781 0.5279 -0.5114
usemtl leaf_1
f 3247//3043 3295//3043 3296//3043 3248//3043
vn 0.6596 0.4406 0.6090
usemtl leaf_0
f 3248//3044 3296//3044 3297//3044 3249//3044
vn 0.6297 0.5515 0.5471
f 3249//3045 3297//3045 3298//3045 3250//3045
vn 0.6655 0.7331 0.1406
f 3250//3046 3298//3046 3299//3046 3251//3046
vn 0.8832 0.4675 0.0380
f 3251//3047 3299//3047 3300//3047 3252//3047
vn 0.8936 0.4243 0.1464
f 3252//3048 3300//3048 3301//3048 3253//3048
vn 0.7165 0.4862 0.5003
f 3253//3049 3301//3049 3302//3049 3254//3049
vn 0.2028 0.4485 0.8705
f 3254//3050 3302//3050 3303//3050 3255//3050
vn 0.4331 0.4815 0.7620
f 3255//3051 3303//3051 3304//3051 3256//3051
vn 0.5540 0.5651 0.6114
f 3256//3052 3304//3052 3305//3052 3257//3052
vn 0.5723 0.6255 0.5304
f 3257//3053 3305//3053 3306//3053 3258//3053
vn 0.4225 0.5157 0.7453
f 3258//3054 3306//3054 3307//3054 3259//3054
vn 0.2149 0.7073 0.6734
f 3259//3055 3307//3055 3308//3055 3260//3055
vn -0.0289 0.7022 0.7114
f 3260//3056 3308//3056 3309//3056 3261//3056
vn -0.6651 0.3835 0.6408
f 3261//3057 3309//3057 3310//3057 3262//3057
vn -0.7119 0.3184 0.6260
f 3262//3058 3310//3058 3311//3058 3263//3058
vn -0.8196 0.3851 0.4243
f 3263//3059 3311//3059 3312//3059 3264//3059
vn 0.3626 0.2985 0.8828
usemtl leaf_1
f 3264//3060 3312//3060 3265//3060 3217//3060
vn -0.5935 0.4817 0.6448
usemtl leaf_0
f 3265//3061 3313//3061 3314//3061 3266//3061
vn -0.7988 0.3239 0.5070
f 3266//3062 3314//3062 3315//3062 3267//3062
vn 0.0581 0.3651 0.9292
f 3267//3063 3315//3063 3316//3063 3268//3063
vn -0.5520 0.8307 -0.0726
f 3268//3064 3316//3064 3317//3064 3269//3064
vn -0.4649 0.7598 0.4545
f 3269//3065 3317//3065 3318//3065 3270//3065
vn -0.8461 0.1900 -0.4980
f 3270//3066 3318//3066 3319//3066 3271//3066
vn -0.8044 0.2991 -0.5134
f 3271//3067 3319//3067 3320//3067 3272//3067
vn -0.5733 0.7627 -0.2993
f 3272//3068 3320//3068 3321//3068 3273//3068
vn -0.6037 0.5268 0.5984
f 3273//3069 3321//3069 3322//3069 3274//3069
vn -0.7638 0.5934 0.2539
f 3274//3070 3322//3070 3323//3070 3275//3070
vn -0.1841 0.9434 -0.2760
f 3275//3071 3323//3071 3324//3071 3276//3071
vn -0.5653 0.8223 0.0654
f 3276//3072 3324//3072 3325//3072 3277//3072
vn -0.6320 0.3632 -0.6846
f 3277//3073 3325//3073 3326//3073 3278//3073
vn -0.4127 0.3951 -0.8207
f 3278//3074 3326//3074 3327//3074 3279//3074
vn -0.7797 0.2446 -0.5764
f 3279//3075 3327//3075 3328//3075 3280//3075
vn -0.1837 0.3226 -0.9286
f 3280//3076 3328//3076 3329//3076 3281//3076
vn 0.1903 0.7146 -0.6732
f 3281//3077 3329//3077 3330//3077 3282//3077
vn -0.1038 0.9668 -0.2334
f 3282//3078 3330//3078 3331//3078 3283//3078
vn -0.4877 0.8696 -0.0770
f 3283//3079 3331//3079 3332//3079 3284//3079
vn -0.5684 0.7400 -0.3597
f 3284//3080 3332//3080 3333//3080 3285//3080
vn 0.1594 0.7102 -0.6857
f 3285//3081 3333//3081 3334//3081 3286//3081
vn -0.2228 0.7778 -0.5877
usemtl leaf_1
f 3286//3082 3334//3082 3335//3082 3287//3082
vn 0.3529 0.9006 -0.2539
usemtl leaf_0
f 3287//3083 3335//3083 3336//3083 3288//3083
vn 0.8706 0.4704 -0.1444
f 3288//3084 3336//3084 3337//3084 3289//3084
vn 0.8915 0.4292 -0.1452
f 3289//3085 3337//3085 3338//3085 3290//3085
vn 0.8529 0.3384 -0.3976
f 3290//3086 3338//3086 3339//3086 3291//3086
vn 0.2662 0.4399 -0.8577
f 3291//3087 3339//3087 3340//3087 3292//3087
vn 0.3982 0.9061 -0.1432
f 3292//3088 3340//3088 3341//3088 3293//3088
vn 0.3937 0.4837 -0.7817
f 3293//3089 3341//3089 3342//3089 3294//3089
vn 0.6653 0.5007 -0.5539
f 3294//3090 3342//3090 3343//3090 3295//3090
vn 0.4821 0.7020 -0.5241
f 3295//3091 3343//3091 3344//3091 3296//3091
vn 0.6852 0.5688 0.4549
f 3296//3092 3344//3092 3345//3092 3297//3092
vn 0.8811 0.2356 0.4102
f 3297//3093 3345//3093 3346//3093 3298//3093
vn 0.7039 0.3054 0.6413
f 3298//3094 3346//3094 3347//3094 3299//3094
vn 0.6682 0.7058 -0.2354
f 3299//3095 3347//3095 3348//3095 3300//3095
vn 0.4264 0.8890 0.1671
f 3300//3096 3348//3096 3349//3096 3301//3096
vn 0.3034 0.9457 0.1167
f 3301//3097 3349//3097 3350//3097 3302//3097
vn 0.2399 0.7839 0.5726
f 3302//3098 3350//3098 3351//3098 3303//3098
vn 0.5319 0.5347 0.6566
f 3303//3099 3351//3099 3352//3099 3304//3099
vn 0.1585 0.6129 0.7741
f 3304//3100 3352//3100 3353//3100 3305//3100
vn 0.2767 0.8951 0.3497
f 3305//3101 3353//3101 3354//3101 3306//3101
vn 0.2494 0.9646 0.0854
f 3306//3102 3354//3102 3355//3102 3307//3102
vn 0.3656 0.8435 0.3936
f 3307//3103 3355//3103 3356//3103 3308//3103
vn -0.1119 0.8526 0.5105
usemtl leaf_1
f 3308//3104 3356//3104 3357//3104 3309//3104
vn -0.4529 0.8270 0.3332
usemtl leaf_0
f 3309//3105 3357//3105 3358//3105 3310//3105
vn -0.6010 0.6539 0.4596
f 3310//3106 3358//3106 3359//3106 3311//3106
vn -0.7319 0.3140 0.6047
f 3311//3107 3359//3107 3360//3107 3312//3107
vn 0.2457 0.2706 0.9308
f 3312//3108 3360//3108 3313//3108 3265//3108
vn -0.1592 0.8579 0.4886
f 3313//3109 3361//3109 3362//3109 3314//3109
vn -0.5011 0.8654 0.0050
f 3314//3110 3362//3110 3363//3110 3315//3110
vn 0.2088 0.8243 0.5262
f 3315//3111 3363//3111 3364//3111 3316//3111
vn -0.3164 0.9356 -0.1569
f 3316//3112 3364//3112 3365//3112 3317//3112
vn -0.0573 0.9291 0.3653
f 3317//3113 3365//3113 3366//3113 3318//3113
vn -0.2374 0.9335 -0.2688
f 3318//3114 3366//3114 3367//3114 3319//3114
vn -0.5747 0.5090 -0.6409
f 3319//3115 3367//3115 3368//3115 3320//3115
vn -0.9157 0.3078 -0.2583
f 3320//3116 3368//3116 3369//3116 3321//3116
vn -0.7079 0.6566 0.2602
f 3321//3117 3369//3117 3370//3117 3322//3117
vn 0.0665 0.9971 -0.0374
f 3322//3118 3370//3118 3371//3118 3323//3118
vn 0.0262 0.9823 -0.1853
f 3323//3119 3371//3119 3372//3119 3324//3119
vn -0.5813 0.5853 0.5652
f 3324//3120 3372//3120 3373//3120 3325//3120
vn -0.1078 0.9619 -0.2511
f 3325//3121 3373//3121 3374//3121 3326//3121
vn -0.2774 0.8711 -0.4052
f 3326//3122 3374//3122 3375//3122 3327//3122
vn -0.6179 0.7769 -0.1213
f 3327//3123 3375//3123 3376//3123 3328//3123
vn 0.4612 0.7310 -0.5030
f 3328//3124 3376//3124 3377//3124 3329//3124
vn 0.3485 0.7512 -0.5605
f 3329//3125 3377//3125 3378//3125 3330//3125
vn -0.2965 0.6241 -0.7229
f 3330//3126 3378//3126 3379//3126 3331//3126
vn -0.6400 0.4174 -0.6451
f 3331//3127 3379//3127 3380//3127 3332//3127
vn -0.5521 0.6892 -0.4692
f 3332//3128 3380//3128 3381//3128 3333//3128
vn -0.0633 0.9800 -0.1885
usemtl leaf_1
f 3333//3129 3381//3129 3382//3129 3334//3129
vn 0.0880 0.9902 -0.1081
usemtl leaf_0
f 3334//3130 3382//3130 3383//3130 3335//3130
vn 0.0592 0.9883 -0.1402
f 3335//3131 3383//3131 3384//3131 3336//3131
vn 0.4743 0.8619 0.1793
f 3336//3132 3384//3132 3385//3132 3337//3132
vn 0.6097 0.7452 0.2702
f 3337//3133 3385//3133 3386//3133 3338//3133
vn 0.0404 0.7646 -0.6432
f 3338//3134 3386//3134 3387//3134 3339//3134
vn 0.6284 0.7681 0.1229
f 3339//3135 3387//3135 3388//3135 3340//3135
vn 0.2311 0.6147 -0.7541
f 3340//3136 3388//3136 3389//3136 3341//3136
vn 0.2418 0.7364 -0.6319
f 3341//3137 3389//3137 3390//3137 3342//3137
vn 0.0614 0.9974 -0.0390
f 3342//3138 3390//3138 3391//3138 3343//3138
vn 0.0152 0.9093 -0.4158
f 3343//3139 3391//3139 3392//3139 3344//3139
vn 0.0428 0.9821 0.1835
f 3344//3140 3392//3140 3393//3140 3345//3140
vn 0.1116 0.9898 -0.0886
f 3345//3141 3393//3141 3394//3141 3346//3141
vn 0.2650 0.7059 0.6569
f 3346//3142 3394//3142 3395//3142 3347//3142
vn 0.8311 0.5553 0.0296
f 3347//3143 3395//3143 3396//3143 3348//3143
vn 0.5871 0.6995 0.4075
f 3348//3144 3396//3144 3397//3144 3349//3144
vn 0.1772 0.8162 0.5499
f 3349//3145 3397//3145 3398//3145 3350//3145
vn 0.5582 0.8279 -0.0553
f 3350//3146 3398//3146 3399//3146 3351//3146
vn 0.2069 0.8896 0.4072
f 3351//3147 3399//3147 3400//3147 3352//3147
vn 0.1293 0.8130 0.5677
f 3352//3148 3400//3148 3401//3148 3353//3148
vn 0.1858 0.5885 0.7868
f 3353//3149 3401//3149 3402//3149 3354//3149
vn 0.3718 0.5060 0.7783
f 3354//3150 3402//3150 3403//3150 3355//3150
vn 0.0740 0.9699 0.2319
f 3355//3151 3403//3151 3404//3151 3356//3151
vn 0.0980 0.9872 0.1257
f 3356//3152 3404//3152 3405//3152 3357//3152
vn -0.2302 0.7945 0.5619
f 3357//3153 3405//3153 3406//3153 3358//3153
vn -0.2788 0.5782 0.7668
f 3358//3154 3406//3154 3407//3154 3359//3154
vn -0.6960 0.6041 0.3881
f 3359//3155 3407//3155 3408//3155 3360//3155
vn 0.2770 0.7057 0.6521
f 3360//3156 3408//3156 3361//3156 3313//3156
vn 0.0000 1.0000 -0.0000
f 3361//3157 3409//3157 3410//3157 3362//3157
vn -0.2923 0.9547 -0.0550
f 3362//3158 3410//3158 3411//3158 3363//3158
vn 0.0265 0.9653 0.2597
f 3363//3159 3411//3159 3412//3159 3364//3159
vn 0.0000 1.0000 -0.0000
f 3364//3160 3412//3160 3413//3160 3365//3160
vn 0.0000 1.0000 0.0000
f 3365//3161 3413//3161 3414//3161 3366//3161
vn 0.0000 1.0000 0.0000
f 3366//3162 3414//3162 3415//3162 3367//3162
vn -0.1723 0.9722 -0.1588
f 3367//3163 3415//3163 3416//3163 3368//3163
vn -0.1386 0.9506 -0.2778
f 3368//3164 3416//3164 3417//3164 3369//3164
vn -0.1405 0.8985 -0.4160
f 3369//3165 3417//3165 3418//3165 3370//3165
vn -0.0578 0.7711 -0.6341
f 3370//3166 3418//3166 3419//3166 3371//3166
vn -0.5626 0.6385 0.5252
f 3371//3167 3419//3167 3420//3167 3372//3167
vn -0.5741 0.7132 0.4022
f 3372//3168 3420//3168 3421//3168 3373//3168
vn 0.0094 0.9951 -0.0980
f 3373//3169 3421//3169 3422//3169 3374//3169
vn -0.1026 0.9943 0.0282
f 3374//3170 3422//3170 3423//3170 3375//3170
vn 0.0000 1.0000 0.0000
f 3375//3171 3423//3171 3424//3171 3376//3171
vn 0.2647 0.9040 -0.3358
f 3376//3172 3424//3172 3425//3172 3377//3172
vn -0.0578 0.7866 -0.6148
f 3377//3173 3425//3173 3426//3173 3378//3173
vn -0.4195 0.7638 -0.4906
f 3378//3174 3426//3174 3427//3174 3379//3174
vn -0.2641 0.9567 -0.1225
f 3379//3175 3427//3175 3428//3175 3380//3175
vn 0.0000 1.0000 0.0000
f 3380//3176 3428//3176 3429//3176 3381//3176
vn 0.0000 1.0000 0.0000
f 3381//3177 3429//3177 3430//3177 3382//3177
vn 0.0000 1.0000 0.0000
f 3382//3178 3430//3178 3431//3178 3383//3178
vn 0.0000 1.0000 0.0000
f 3383//3179 3431//3179 3432//3179 3384//3179
vn 0.4517 0.8895 0.0684
f 3384//3180 3432//3180 3433//3180 3385//3180
vn 0.6211 0.7427 -0.2502
f 3385//3181 3433//3181 3434//3181 3386//3181
vn 0.0842 0.6848 -0.7239
f 3386//3182 3434//3182 3435//3182 3387//3182
vn 0.7859 0.6130 -0.0810
f 3387//3183 3435//3183 3436//3183 3388//3183
vn 0.1320 0.6628 -0.7371
f 3388//3184 3436//3184 3437//3184 3389//3184
vn 0.2808 0.9533 0.1109
f 3389//3185 3437//3185 3438//3185 3390//3185
vn 0.2674 0.9483 -0.1710
f 3390//3186 3438//3186 3439//3186 3391//3186
vn 0.0826 0.9629 -0.2570
f 3391//3187 3439//3187 3440//3187 3392//3187
vn 0.0438 0.9966 0.0692
f 3392//3188 3440//3188 3441//3188 3393//3188
vn 0.0547 0.9971 -0.0537
f 3393//3189 3441//3189 3442//3189 3394//3189
vn 0.0000 1.0000 0.0000
f 3394//3190 3442//3190 3443//3190 3395//3190
vn 0.0000 1.0000 -0.0000
f 3395//3191 3443//3191 3444//3191 3396//3191
vn 0.0000 1.0000 0.0000
f 3396//3192 3444//3192 3445//3192 3397//3192
vn -0.0295 0.9592 0.2813
f 3397//3193 3445//3193 3446//3193 3398//3193
vn 0.2998 0.9521 -0.0597
f 3398//3194 3446//3194 3447//3194 3399//3194
vn 0.0000 1.0000 0.0000
f 3399//3195 3447//3195 3448//3195 3400//3195
vn 0.0000 1.0000 0.0000
f 3400//3196 3448//3196 3449//3196 3401//3196
vn 0.0000 1.0000 0.0000
f 3401//3197 3449//3197 3450//3197 3402//3197
vn 0.0000 1.0000 0.0000
f 3402//3198 3450//3198 3451//3198 3403//3198
vn -0.4427 0.8759 0.1917
f 3403//3199 3451//3199 3452//3199 3404//3199
vn 0.4508 0.8808 0.1450
f 3404//3200 3452//3200 3453//3200 3405//3200
vn 0.0000 1.0000 0.0000
f 3405//3201 3453//3201 3454//3201 3406//3201
vn 0.0000 1.0000 0.0000
f 3406//3202 3454//3202 3455//3202 3407//3202
vn -0.4957 0.8676 0.0391
f 3407//3203 3455//3203 3456//3203 3408//3203
vn 0.2038 0.8844 0.4199
f 3408//3204 3456//3204 3409//3204 3361//3204
vn 0.0000 1.0000 0.0000
f 3409//3205 3457//3205 3458//3205 3410//3205
vn 0.0000 1.0000 -0.0000
f 3410//3206 3458//3206 3459//3206 3411//3206
vn 0.0000 1.0000 0.0000
f 3411//3207 3459//3207 3460//3207 3412//3207
vn 0.0000 1.0000 0.0000
f 3412//3208 3460//3208 3461//3208 3413//3208
vn 0.0000 1.0000 -0.0000
f 3413//3209 3461//3209 3462//3209 3414//3209
vn 0.0000 1.0000 0.0000
f 3414//3210 3462//3210 3463//3210 3415//3210
vn 0.0000 1.0000 -0.0000
f 3415//3211 3463//3211 3464//3211 3416//3211
vn -0.1018 0.9508 -0.2927
f 3416//3212 3464//3212 3465//3212 3417//3212
vn -0.2933 0.9522 -0.0848
f 3417//3213 3465//3213 3466//3213 3418//3213
vn 0.0077 0.5967 -0.8024
f 3418//3214 3466//3214 3467//3214 3419//3214
vn -0.4125 0.5610 0.7177
f 3419//3215 3467//3215 3468//3215 3420//3215
vn 0.0000 1.0000 0.0000
f 3420//3216 3468//3216 3469//3216 3421//3216
vn 0.0000 1.0000 -0.0000
f 3421//3217 3469//3217 3470//3217 3422//3217
vn 0.0000 1.0000 0.0000
f 3422//3218 3470//3218 3471//3218 3423//3218
vn 0.0000 1.0000 0.0000
f 3423//3219 3471//3219 3472//3219 3424//3219
vn 0.0000 1.0000 0.0000
f 3424//3220 3472//3220 3473//3220 3425//3220
vn 0.0000 1.0000 -0.0000
f 3425//3221 3473//3221 3474//3221 3426//3221
vn 0.0000 1.0000 0.0000
f 3426//3222 3474//3222 3475//3222 3427//3222
vn 0.0000 1.0000 0.0000
f 3427//3223 3475//3223 3476//3223 3428//3223
vn 0.0000 1.0000 0.0000
f 3428//3224 3476//3224 3477//3224 3429//3224
vn 0.0000 1.0000 0.0000
f 3429//3225 3477//3225 3478//3225 3430//3225
vn 0.0000 1.0000 -0.0000
f 3430//3226 3478//3226 3479//3226 3431//3226
vn 0.0000 1.0000 0.0000
f 3431//3227 3479//3227 3480//3227 3432//3227
vn 0.0000 1.0000 0.0000
f 3432//3228 3480//3228 3481//3228 3433//3228
vn 0.0000 1.0000 0.0000
f 3433//3229 3481//3229 3482//3229 3434//3229
vn 0.0000 1.0000 0.0000
f 3434//3230 3482//3230 3483//3230 3435//3230
vn 0.0000 1.0000 -0.0000
f 3435//3231 3483//3231 3484//3231 3436//3231
vn 0.0000 1.0000 0.0000
f 3436//3232 3484//3232 3485//3232 3437//3232
vn 0.0000 1.0000 0.0000
f 3437//3233 3485//3233 3486//3233 3438//3233
vn 0.0000 1.0000 0.0000
f 3438//3234 3486//3234 3487//3234 3439//3234
vn 0.0000 1.0000 -0.0000
f 3439//3235 3487//3235 3488//3235 3440//3235
vn 0.0000 1.0000 0.0000
f 3440//3236 3488//3236 3489//3236 3441//3236
vn 0.0000 1.0000 0.0000
f 3441//3237 3489//3237 3490//3237 3442//3237
vn 0.0000 1.0000 0.0000
f 3442//3238 3490//3238 3491//3238 3443//3238
vn 0.0000 1.0000 0.0000
f 3443//3239 3491//3239 3492//3239 3444//3239
vn 0.0000 1.0000 0.0000
f 3444//3240 3492//3240 3493//3240 3445//3240
vn 0.0000 1.0000 -0.0000
f 3445//3241 3493//3241 3494//3241 3446//3241
vn 0.0000 1.0000 0.0000
f 3446//3242 3494//3242 3495//3242 3447//3242
vn 0.0000 1.0000 -0.0000
f 3447//3243 3495//3243 3496//3243 3448//3243
vn 0.0000 1.0000 -0.0000
f 3448//3244 3496//3244 3497//3244 3449//3244
vn 0.0000 1.0000 0.0000
f 3449//3245 3497//3245 3498//3245 3450//3245
vn 0.0000 1.0000 0.0000
f 3450//3246 3498//3246 3499//3246 3451//3246
vn -0.3627 0.9315 -0.0288
f 3451//3247 3499//3247 3500//3247 3452//3247
vn 0.3333 0.9393 -0.0816
f 3452//3248 3500//3248 3501//3248 3453//3248
vn 0.0000 1.0000 0.0000
f 3453//3249 3501//3249 3502//3249 3454//3249
vn 0.0000 1.0000 0.0000
f 3454//3250 3502//3250 3503//3250 3455//3250
vn 0.0000 1.0000 0.0000
f 3455//3251 3503//3251 3504//3251 3456//3251
vn 0.0000 1.0000 0.0000
f 3456//3252 3504//3252 3457//3252 3409//3252
vn 0.0000 1.0000 0.0000
f 3457//3253 3505//3253 3506//3253 3458//3253
vn 0.0000 1.0000 -0.0000
f 3458//3254 3506//3254 3507//3254 3459//3254
vn 0.0000 1.0000 0.0000
f 3459//3255 3507//3255 3508//3255 3460//3255
vn 0.0000 1.0000 -0.0000
f 3460//3256 3508//3256 3509//3256 3461//3256
vn 0.0000 1.0000 -0.0000
f 3461//3257 3509//3257 3510//3257 3462//3257
vn 0.0000 1.0000 -0.0000
f 3462//3258 3510//3258 3511//3258 3463//3258
vn 0.0000 1.0000 0.0000
f 3463//3259 3511//3259 3512//3259 3464//3259
vn 0.0000 1.0000 -0.0000
f 3464//3260 3512//3260 3513//3260 3465//3260
vn 0.0000 1.0000 -0.0000
f 3465//3261 3513//3261 3514//3261 3466//3261
vn -0.0072 0.7398 -0.6728
f 3466//3262 3514//3262 3515//3262 3467//3262
vn -0.4183 0.7691 0.4833
f 3467//3263 3515//3263 3516//3263 3468//3263
vn 0.0000 1.0000 0.0000
f 3468//3264 3516//3264 3517//3264 3469//3264
vn 0.0000 1.0000 -0.0000
f 3469//3265 3517//3265 3518//3265 3470//3265
vn 0.0000 1.0000 -0.0000
f 3470//3266 3518//3266 3519//3266 3471//3266
vn 0.0000 1.0000 -0.0000
f 3471//3267 3519//3267 3520//3267 3472//3267
vn 0.0000 1.0000 0.0000
f 3472//3268 3520//3268 3521//3268 3473//3268
vn 0.0000 1.0000 0.0000
f 3473//3269 3521//3269 3522//3269 3474//3269
vn 0.0000 1.0000 0.0000
f 3474//3270 3522//3270 3523//3270 3475//3270
vn 0.0000 1.0000 0.0000
f 3475//3271 3523//3271 3524//3271 3476//3271
vn 0.0000 1.0000 -0.0000
f 3476//3272 3524//3272 3525//3272 3477//3272
vn 0.0000 1.0000 0.0000
f 3477//3273 3525//3273 3526//3273 3478//3273
vn 0.0000 1.0000 0.0000
f 3478//3274 3526//3274 3527//3274 3479//3274
vn 0.0000 1.0000 0.0000
f 3479//3275 3527//3275 3528//3275 3480//3275
vn 0.0000 1.0000 0.0000
f 3480//3276 3528//3276 3529//3276 3481//3276
vn 0.0000 1.0000 0.0000
f 3481//3277 3529//3277 3530//3277 3482//3277
vn 0.0000 1.0000 0.0000
f 3482//3278 3530//3278 3531//3278 3483//3278
vn 0.0000 1.0000 -0.0000
f 3483//3279 3531//3279 3532//3279 3484//3279
vn 0.0000 1.0000 0.0000
f 3484//3280 3532//3280 3533//3280 3485//3280
vn 0.0000 1.0000 -0.0000
f 3485//3281 3533//3281 3534//3281 3486//3281
vn 0.0000 1.0000 0.0000
f 3486//3282 3534//3282 3535//3282 3487//3282
vn 0.0000 1.0000 -0.0000
f 3487//3283 3535//3283 3536//3283 3488//3283
vn 0.0000 1.0000 -0.0000
f 3488//3284 3536//3284 3537//3284 3489//3284
vn 0.0000 1.0000 0.0000
f 3489//3285 3537//3285 3538//3285 3490//3285
vn 0.0000 1.0000 -0.0000
f 3490//3286 3538//3286 3539//3286 3491//3286
vn 0.0000 1.0000 0.0000
f 3491//3287 3539//3287 3540//3287 3492//3287
vn 0.0000 1.0000 0.0000
f 3492//3288 3540//3288 3541//3288 3493//3288
vn 0.0000 1.0000 0.0000
f 3493//3289 3541//3289 3542//3289 3494//3289
vn 0.0000 1.0000 -0.0000
f 3494//3290 3542//3290 3543//3290 3495//3290
vn 0.0000 1.0000 0.0000
f 3495//3291 3543//3291 3544//3291 3496//3291
vn 0.0000 1.0000 0.0000
f 3496//3292 3544//3292 3545//3292 3497//3292
vn 0.0000 1.0000 -0.0000
f 3497//3293 3545//3293 3546//3293 3498//3293
vn 0.0000 1.0000 0.0000
f 3498//3294 3546//3294 3547//3294 3499//3294
vn -0.4070 0.8916 0.1986
f 3499//3295 3547//3295 3548//3295 3500//3295
vn 0.4699 0.8711 0.1425
f 3500//3296 3548//3296 3549//3296 3501//3296
vn 0.0000 1.0000 0.0000
f 3501//3297 3549//3297 3550//3297 3502//3297
vn 0.0000 1.0000 0.0000
f 3502//3298 3550//3298 3551//3298 3503//3298
vn 0.0000 1.0000 0.0000
f 3503//3299 3551//3299 3552//3299 3504//3299
vn 0.0000 1.0000 -0.0000
f 3504//3300 3552//3300 3505//3300 3457//3300
vn 0.0000 1.0000 -0.0000
f 3505//3301 3553//3301 3554//3301 3506//3301
vn 0.0000 1.0000 0.0000
f 3506//3302 3554//3302 3555//3302 3507//3302
vn 0.0000 1.0000 -0.0000
f 3507//3303 3555//3303 3556//3303 3508//3303
vn 0.0000 1.0000 0.0000
f 3508//3304 3556//3304 3557//3304 3509//3304
vn 0.0000 1.0000 -0.0000
f 3509//3305 3557//3305 3558//3305 3510//3305
vn 0.0000 1.0000 -0.0000
f 3510//3306 3558//3306 3559//3306 3511//3306
vn 0.0000 1.0000 -0.0000
f 3511//3307 3559//3307 3560//3307 3512//3307
vn 0.0000 1.0000 -0.0000
f 3512//3308 3560//3308 3561//3308 3513//3308
vn 0.0000 1.0000 -0.0000
f 3513//3309 3561//3309 3562//3309 3514//3309
vn 0.0000 1.0000 -0.0000
f 3514//3310 3562//3310 3563//3310 3515//3310
vn 0.0000 1.0000 -0.0000
f 3515//3311 3563//3311 3564//3311 3516//3311
vn 0.0000 1.0000 0.0000
f 3516//3312 3564//3312 3565//3312 3517//3312
vn 0.0000 1.0000 -0.0000
f 3517//3313 3565//3313 3566//3313 3518//3313
vn 0.0000 1.0000 -0.0000
f 3518//3314 3566//3314 3567//3314 3519//3314
vn 0.0000 1.0000 0.0000
f 3519//3315 3567//3315 3568//3315 3520//3315
vn 0.0000 1.0000 0.0000
f 3520//3316 3568//3316 3569//3316 3521//3316
vn 0.0000 1.0000 0.0000
f 3521//3317 3569//3317 3570//3317 3522//3317
vn 0.0000 1.0000 -0.0000
f 3522//3318 3570//3318 3571//3318 3523//3318
vn 0.0000 1.0000 0.0000
f 3523//3319 3571//3319 3572//3319 3524//3319
vn 0.0000 1.0000 0.0000
f 3524//3320 3572//3320 3573//3320 3525//3320
vn 0.0000 1.0000 0.0000
f 3525//3321 3573//3321 3574//3321 3526//3321
vn 0.0000 1.0000 -0.0000
f 3526//3322 3574//3322 3575//3322 3527//3322
vn 0.0000 1.0000 0.0000
f 3527//3323 3575//3323 3576//3323 3528//3323
vn 0.0000 1.0000 0.0000
f 3528//3324 3576//3324 3577//3324 3529//3324
vn 0.0000 1.0000 0.0000
f 3529//3325 3577//3325 3578//3325 3530//3325
vn 0.0000 1.0000 0.0000
f 3530//3326 3578//3326 3579//3326 3531//3326
vn 0.0000 1.0000 -0.0000
f 3531//3327 3579//3327 3580//3327 3532//3327
vn 0.0000 1.0000 0.0000
f 3532//3328 3580//3328 3581//3328 3533//3328
vn 0.0000 1.0000 0.0000
f 3533//3329 3581//3329 3582//3329 3534//3329
vn 0.0000 1.0000 -0.0000
f 3534//3330 3582//3330 3583//3330 3535//3330
vn 0.0000 1.0000 0.0000
f 3535//3331 3583//3331 3584//3331 3536//3331
vn 0.0000 1.0000 -0.0000
f 3536//3332 3584//3332 3585//3332 3537//3332
vn 0.0000 1.0000 -0.0000
f 3537//3333 3585//3333 3586//3333 3538//3333
vn 0.0000 1.0000 0.0000
f 3538//3334 3586//3334 3587//3334 3539//3334
vn 0.0000 1.0000 -0.0000
f 3539//3335 3587//3335 3588//3335 3540//3335
vn 0.0000 1.0000 0.0000
f 3540//3336 3588//3336 3589//3336 3541//3336
vn 0.0000 1.0000 0.0000
f 3541//3337 3589//3337 3590//3337 3542//3337
vn 0.0000 1.0000 0.0000
f 3542//3338 3590//3338 3591//3338 3543//3338
vn 0.0000 1.0000 0.0000
f 3543//3339 3591//3339 3592//3339 3544//3339
vn 0.0000 1.0000 0.0000
f 3544//3340 3592//3340 3593//3340 3545//3340
vn 0.0000 1.0000 -0.0000
f 3545//3341 3593//3341 3594//3341 3546//3341
vn 0.0000 1.0000 0.0000
f 3546//3342 3594//3342 3595//3342 3547//3342
vn 0.0000 1.0000 0.0000
f 3547//3343 3595//3343 3596//3343 3548//3343
vn 0.0000 1.0000 0.0000
f 3548//3344 3596//3344 3597//3344 3549//3344
vn 0.0000 1.0000 0.0000
f 3549//3345 3597//3345 3598//3345 3550//3345
vn 0.0000 1.0000 0.0000
f 3550//3346 3598//3346 3599//3346 3551//3346
vn 0.0000 1.0000 -0.0000
f 3551//3347 3599//3347 3600//3347 3552//3347
vn 0.0000 1.0000 0.0000
f 3552//3348 3600//3348 3553//3348 3505//3348
vn 0.0000 1.0000 -0.0000
f 3553//3349 3601//3349 3602//3349 3554//3349
vn 0.0000 1.0000 0.0000
f 3554//3350 3602//3350 3603//3350 3555//3350
vn 0.0000 1.0000 0.0000
f 3555//3351 3603//3351 3604//3351 3556//3351
vn 0.0000 1.0000 -0.0000
f 3556//3352 3604//3352 3605//3352 3557//3352
vn 0.0000 1.0000 0.0000
f 3557//3353 3605//3353 3606//3353 3558//3353
vn 0.0000 1.0000 -0.0000
f 3558//3354 3606//3354 3607//3354 3559//3354
vn 0.0000 1.0000 0.0000
f 3559//3355 3607//3355 3608//3355 3560//3355
vn 0.0000 1.0000 0.0000
f 3560//3356 3608//3356 3609//3356 3561//3356
vn 0.0000 1.0000 0.0000
f 3561//3357 3609//3357 3610//3357 3562//3357
vn 0.0000 1.0000 0.0000
f 3562//3358 3610//3358 3611//3358 3563//3358
vn 0.0000 1.0000 -0.0000
f 3563//3359 3611//3359 3612//3359 3564//3359
vn 0.0000 1.0000 0.0000
f 3564//3360 3612//3360 3613//3360 3565//3360
vn 0.0000 1.0000 -0.0000
f 3565//3361 3613//3361 3614//3361 3566//3361
vn 0.0000 1.0000 0.0000
f 3566//3362 3614//3362 3615//3362 3567//3362
vn 0.0000 1.0000 -0.0000
f 3567//3363 3615//3363 3616//3363 3568//3363
vn 0.0000 1.0000 0.0000
usemtl leaf_1
f 3568//3364 3616//3364 3617//3364 3569//3364
vn 0.0000 1.0000 -0.0000
usemtl leaf_0
f 3569//3365 3617//3365 3618//3365 3570//3365
vn 0.0000 1.0000 0.0000
f 3570//3366 3618//3366 3619//3366 3571//3366
vn 0.0000 1.0000 0.0000
f 3571//3367 3619//3367 3620//3367 3572//3367
vn 0.0000 1.0000 0.0000
f 3572//3368 3620//3368 3621//3368 3573//3368
vn 0.0000 1.0000 0.0000
f 3573//3369 3621//3369 3622//3369 3574//3369
vn 0.0000 1.0000 -0.0000
f 3574//3370 3622//3370 3623//3370 3575//3370
vn 0.0000 1.0000 0.0000
f 3575//3371 3623//3371 3624//3371 3576//3371
vn 0.0000 1.0000 0.0000
f 3576//3372 3624//3372 3625//3372 3577//3372
vn 0.0000 1.0000 -0.0000
f 3577//3373 3625//3373 3626//3373 3578//3373
vn 0.0000 1.0000 0.0000
f 3578//3374 3626//3374 3627//3374 3579//3374
vn 0.0000 1.0000 0.0000
f 3579//3375 3627//3375 3628//3375 3580//3375
vn 0.0000 1.0000 0.0000
f 3580//3376 3628//3376 3629//3376 3581//3376
vn 0.0000 1.0000 -0.0000
f 3581//3377 3629//3377 3630//3377 3582//3377
vn 0.0000 1.0000 -0.0000
f 3582//3378 3630//3378 3631//3378 3583//3378
vn 0.0000 1.0000 0.0000
f 3583//3379 3631//3379 3632//3379 3584//3379
vn 0.0000 1.0000 0.0000
f 3584//3380 3632//3380 3633//3380 3585//3380
vn 0.0000 1.0000 -0.0000
f 3585//3381 3633//3381 3634//3381 3586//3381
vn 0.0000 1.0000 0.0000
f 3586//3382 3634//3382 3635//3382 3587//3382
vn 0.0000 1.0000 -0.0000
f 3587//3383 3635//3383 3636//3383 3588//3383
vn 0.0000 1.0000 0.0000
f 3588//3384 3636//3384 3637//3384 3589//3384
vn 0.0000 1.0000 -0.0000
f 3589//3385 3637//3385 3638//3385 3590//3385
vn 0.0000 1.0000 0.0000
f 3590//3386 3638//3386 3639//3386 3591//3386
vn 0.0000 1.0000 0.0000
f 3591//3387 3639//3387 3640//3387 3592//3387
vn 0.0000 1.0000 -0.0000
f 3592//3388 3640//3388 3641//3388 3593//3388
vn 0.0000 1.0000 -0.0000
f 3593//3389 3641//3389 3642//3389 3594//3389
vn 0.0000 1.0000 0.0000
f 3594//3390 3642//3390 3643//3390 3595//3390
vn 0.0000 1.0000 -0.0000
f 3595//3391 3643//3391 3644//3391 3596//3391
vn 0.0000 1.0000 -0.0000
f 3596//3392 3644//3392 3645//3392 3597//3392
vn 0.0000 1.0000 0.0000
f 3597//3393 3645//3393 3646//3393 3598//3393
vn 0.0000 1.0000 -0.0000
f 3598//3394 3646//3394 3647//3394 3599//3394
vn 0.0000 1.0000 0.0000
f 3599//3395 3647//3395 3648//3395 3600//3395
vn 0.0000 1.0000 0.0000
f 3600//3396 3648//3396 3601//3396 3553//3396
vn 0.8377 0.0000 -0.5461
usemtl trunk
f 3649//3397 3651//3397 3652//3397 3650//3397
vn 0.9785 0.0000 0.2063
f 3651//3398 3653//3398 3654//3398 3652//3398
vn 0.5461 0.0000 0.8377
f 3653//3399 3655//3399 3656//3399 3654//3399
vn -0.2063 0.0000 0.9785
f 3655//3400 3657//3400 3658//3400 3656//3400
vn -0.8377 0.0000 0.5461
f 3657//3401 3659//3401 3660//3401 3658//3401
vn -0.9785 0.0000 -0.2063
f 3659//3402 3661//3402 3662//3402 3660//3402
vn -0.5461 0.0000 -0.8377
f 3661//3403 3663//3403 3664//3403 3662//3403
vn 0.2063 0.0000 -0.9785
f 3663//3404 3649//3404 3650//3404 3664//3404
vn 0.0000 1.0000 -0.0000
f 3665//3405 3651//3405 3649//3405
vn 0.0000 -1.0000 0.0000
f 3666//3406 3650//3406 3652//3406
vn 0.0000 1.0000 0.0000
f 3665//3407 3653//3407 3651//3407
vn 0.0000 -1.0000 0.0000
f 3666//3408 3652//3408 3654//3408
vn 0.0000 1.0000 0.0000
f 3665//3409 3655//3409 3653//3409
vn 0.0000 -1.0000 0.0000
f 3666//3410 3654//3410 3656//3410
vn 0.0000 1.0000 0.0000
f 3665//3411 3657//3411 3655//3411
vn 0.0000 -1.0000 0.0000
f 3666//3412 3656//3412 3658//3412
vn 0.0000 1.0000 0.0000
f 3665//3413 3659//3413 3657//3413
vn 0.0000 -1.0000 0.0000
f 3666//3414 3658//3414 3660//3414
vn 0.0000 1.0000 0.0000
f 3665//3415 3661//3415 3659//3415
vn 0.0000 -1.0000 -0.0000
f 3666//3416 3660//3416 3662//3416
vn 0.0000 1.0000 0.0000
f 3665//3417 3663//3417 3661//3417
vn 0.0000 -1.0000 0.0000
f 3666//3418 3662//3418 3664//3418
vn 0.0000 1.0000 0.0000
f 3665//3419 3649//3419 3663//3419
vn 0.0000 -1.0000 0.0000
f 3666//3420 3664//3420 3650//3420
o bush_boxwood_6
v 7.8576 1.0315 -4.0333
v 7.8576 1.0261 -4.0333
v 7.8576 1.0221 -4.0333
v 7.8576 1.0161 -4.0333
v 7.8576 1.0148 -4.0333
v 7.8576 1.0160 -4.0333
v 7.8576 1.0280 -4.0333
v 7.8576 1.0297 -4.0333
v 7.8576 1.0216 -4.0333
v 7.8576 1.0210 -4.0333
v 7.8576 1.0232 -4.0333
v 7.8576 1.0220 -4.0333
v 7.8576 1.0185 -4.0333
v 7.8576 1.0290 -4.0333
v 7.8576 1.0346 -4.0333
v 7.8576 1.0363 -4.0333
v 7.8576 1.0322 -4.0333
v 7.8576 1.0186 -4.0333
v 7.8576 1.0125 -4.0333
v 7.8576 1.0068 -4.0333
v 7.8576 1.0116 -4.0333
v 7.8576 1.0175 -4.0333
v 7.8576 1.0234 -4.0333
v 7.8576 1.0324 -4.0333
v 7.8576 1.0314 -4.0333
v 7.8576 1.0293 -4.0333
v 7.8576 1.0143 -4.0333
v 7.8576 1.0165 -4.0333
v 7.8576 1.0118 -4.0333
v 7.8576 1.0184 -4.0333
v 7.8576 1.0280 -4.0333
v 7.8576 1.0331 -4.0333
v 7.8576 1.0342 -4.0333
v 7.8576 1.0222 -4.0333
v 7.8576 1.0210 -4.0333
v 7.8576 1.0143 -4.0333
v 7.8576 1.0236 -4.0333
v 7.8576 1.0155 -4.0333
v 7.8576 1.0210 -4.0333
v 7.8576 1.0296 -4.0333
v 7.8576 1.0242 -4.0333
v 7.8576 1.0286 -4.0333
v 7.8576 1.0286 -4.0333
v 7.8576 1.0242 -4.0333
v 7.8576 1.0159 -4.0333
v 7.8576 1.0184 -4.0333
v 7.8576 1.0354 -4.0333
v 7.8576 1.0332 -4.0333
v 7.8153 1.0271 -4.0785
v 7.8213 1.0317 -4.0840
v 7.8287 1.0221 -4.0875
v 7.8357 1.0326 -4.0918
v 7.8438 1.0186 -4.0928
v 7.8517 1.0222 -4.0944
v 7.8597 1.0142 -4.0939
v 7.8675 1.0139 -4.0930
v 7.8756 1.0261 -4.0924
v 7.8833 1.0297 -4.0899
v 7.8903 1.0261 -4.0857
v 7.8960 1.0130 -4.0800
v 7.9023 1.0193 -4.0750
v 7.9081 1.0284 -4.0694
v 7.9124 1.0290 -4.0625
v 7.9156 1.0273 -4.0550
v 7.9178 1.0255 -4.0472
v 7.9194 1.0282 -4.0393
v 7.9190 1.0226 -4.0312
v 7.9176 1.0164 -4.0233
v 7.9168 1.0262 -4.0153
v 7.9139 1.0258 -4.0077
v 7.9099 1.0241 -4.0007
v 7.9056 1.0295 -3.9938
v 7.8997 1.0242 -3.9882
v 7.8935 1.0255 -3.9830
v 7.8865 1.0231 -3.9790
v 7.8792 1.0234 -3.9756
v 7.8715 1.0211 -3.9735
v 7.8635 1.0200 -3.9723
v 7.8555 1.0277 -3.9713
v 7.8474 1.0304 -3.9718
v 7.8397 1.0218 -3.9745
v 7.8321 1.0235 -3.9772
v 7.8252 1.0197 -3.9814
v 7.8186 1.0225 -3.9858
v 7.8123 1.0283 -3.9909
v 7.8079 1.0192 -3.9977
v 7.8035 1.0205 -4.0045
v 7.8010 1.0125 -4.0120
v 7.7985 1.0150 -4.0196
v 7.7963 1.0236 -4.0273
v 7.7965 1.0195 -4.0353
v 7.7973 1.0195 -4.0433
v 7.7991 1.0200 -4.0511
v 7.8009 1.0311 -4.0591
v 7.8047 1.0312 -4.0663
v 7.8097 1.0280 -4.0727
v 7.7726 1.0225 -4.1242
v 7.7848 1.0256 -4.1351
v 7.7988 1.0250 -4.1436
v 7.8131 1.0331 -4.1519
v 7.8296 1.0197 -4.1540
v 7.8455 1.0237 -4.1574
v 7.8617 1.0087 -4.1548
v 7.8781 1.0238 -4.1564
v 7.8943 1.0291 -4.1537
v 7.9095 1.0270 -4.1475
v 7.9239 1.0263 -4.1396
v 7.9370 1.0247 -4.1298
v 7.9472 1.0134 -4.1170
v 7.9584 1.0193 -4.1053
v 7.9693 1.0323 -4.0928
v 7.9751 1.0274 -4.0774
v 7.9800 1.0278 -4.0617
v 7.9812 1.0208 -4.0453
v 7.9817 1.0207 -4.0291
v 7.9818 1.0292 -4.0126
v 7.9767 1.0224 -3.9970
v 7.9715 1.0255 -3.9815
v 7.9636 1.0245 -3.9672
v 7.9530 1.0178 -3.9548
v 7.9428 1.0237 -3.9421
v 7.9304 1.0254 -3.9315
v 7.9162 1.0227 -3.9234
v 7.9015 1.0253 -3.9161
v 7.8854 1.0158 -3.9133
v 7.8696 1.0208 -3.9097
v 7.8533 1.0318 -3.9069
v 7.8370 1.0275 -3.9094
v 7.8214 1.0212 -3.9144
v 7.8058 1.0256 -3.9193
v 7.7910 1.0288 -3.9265
v 7.7772 1.0328 -3.9355
v 7.7666 1.0226 -3.9482
v 7.7566 1.0208 -3.9611
v 7.7485 1.0182 -3.9751
v 7.7431 1.0121 -3.9903
v 7.7362 1.0232 -4.0051
v 7.7333 1.0244 -4.0212
v 7.7331 1.0227 -4.0375
v 7.7342 1.0255 -4.0538
v 7.7371 1.0295 -4.0700
v 7.7443 1.0223 -4.0848
v 7.7508 1.0289 -4.0998
v 7.7603 1.0297 -4.1133
v 7.7277 1.0207 -4.1723
v 7.7457 1.0275 -4.1899
v 7.7668 1.0296 -4.2037
v 7.7904 1.0236 -4.2123
v 7.8143 1.0243 -4.2198
v 7.8393 1.0172 -4.2216
v 7.8640 1.0193 -4.2230
v 7.8883 1.0113 -4.2181
v 7.9135 1.0253 -4.2167
v 7.9366 1.0229 -4.2072
v 7.9601 1.0314 -4.1977
v 7.9790 1.0234 -4.1809
v 7.9967 1.0211 -4.1633
v 8.0142 1.0275 -4.1452
v 8.0240 1.0152 -4.1220
v 8.0365 1.0232 -4.1004
v 8.0454 1.0286 -4.0768
v 8.0513 1.0344 -4.0521
v 8.0502 1.0284 -4.0267
v 8.0466 1.0248 -4.0018
v 8.0421 1.0287 -3.9771
v 8.0308 1.0207 -3.9545
v 8.0179 1.0163 -3.9333
v 8.0035 1.0165 -3.9132
v 7.9877 1.0212 -3.8941
v 7.9685 1.0220 -3.8781
v 7.9469 1.0190 -3.8658
v 7.9254 1.0294 -3.8525
v 7.9012 1.0288 -3.8454
v 7.8759 1.0167 -3.8451
v 7.8512 1.0138 -3.8453
v 7.8267 1.0143 -3.8475
v 7.8019 1.0233 -3.8504
v 7.7777 1.0293 -3.8575
v 7.7558 1.0275 -3.8699
v 7.7332 1.0378 -3.8821
v 7.7176 1.0248 -3.9024
v 7.7014 1.0261 -3.9216
v 7.6896 1.0209 -3.9437
v 7.6836 1.0067 -3.9680
v 7.6760 1.0083 -3.9912
v 7.6687 1.0191 -4.0149
v 7.6702 1.0117 -4.0396
v 7.6707 1.0180 -4.0643
v 7.6735 1.0274 -4.0893
v 7.6821 1.0285 -4.1130
v 7.6934 1.0309 -4.1357
v 7.7066 1.0369 -4.1574
v 7.6794 1.0185 -4.2239
v 7.7048 1.0227 -4.2470
v 7.7328 1.0285 -4.2674
v 7.7633 1.0356 -4.2846
v 7.7984 1.0207 -4.2884
v 7.8322 1.0202 -4.2938
v 7.8665 1.0196 -4.2946
v 7.8996 1.0074 -4.2859
v 7.9337 1.0191 -4.2832
v 7.9647 1.0136 -4.2689
v 7.9989 1.0324 -4.2599
v 8.0251 1.0248 -4.2369
v 8.0496 1.0228 -4.2127
v 8.0703 1.0197 -4.1853
v 8.0833 1.0067 -4.1536
v 8.1022 1.0192 -4.1250
v 8.1098 1.0137 -4.0918
v 8.1201 1.0249 -4.0588
v 8.1277 1.0397 -4.0241
v 8.1210 1.0323 -3.9895
v 8.1086 1.0219 -3.9568
v 8.0950 1.0182 -3.9254
v 8.0787 1.0177 -3.8954
v 8.0540 1.0034 -3.8717
v 8.0350 1.0160 -3.8434
v 8.0107 1.0236 -3.8192
v 7.9803 1.0184 -3.8030
v 7.9513 1.0316 -3.7836
v 7.9181 1.0335 -3.7727
v 7.8830 1.0209 -3.7725
v 7.8488 1.0150 -3.7740
v 7.8155 1.0083 -3.7802
v 7.7820 1.0148 -3.7852
v 7.7489 1.0224 -3.7942
v 7.7162 1.0332 -3.8064
v 7.6874 1.0344 -3.8264
v 7.6630 1.0308 -3.8514
v 7.6458 1.0172 -3.8818
v 7.6295 1.0127 -3.9117
v 7.6179 1.0072 -3.9434
v 7.6067 1.0107 -3.9751
v 7.5995 1.0148 -4.0081
v 7.5985 1.0146 -4.0420
v 7.5957 1.0290 -4.0768
v 7.6050 1.0257 -4.1102
v 7.6165 1.0274 -4.1428
v 7.6318 1.0304 -4.1741
v 7.6532 1.0271 -4.2014
v 7.6242 1.0210 -4.2831
v 7.6609 1.0147 -4.3085
v 7.6979 1.0167 -4.3328
v 7.7364 1.0266 -4.3564
v 7.7796 1.0271 -4.3697
v 7.8247 1.0164 -4.3710
v 7.8690 1.0120 -4.3699
v 7.9124 1.0069 -4.3626
v 7.9565 1.0168 -4.3580
v 7.9962 1.0088 -4.3382
v 8.0376 1.0179 -4.3219
v 8.0770 1.0270 -4.3000
v 8.1051 1.0153 -4.2645
v 8.1351 1.0196 -4.2316
v 8.1481 0.9987 -4.1881
v 8.1653 0.9977 -4.1487
v 8.1857 1.0121 -4.1094
v 8.2042 1.0321 -4.0670
v 8.2069 1.0343 -4.0214
v 8.1977 1.0261 -3.9767
v 8.1884 1.0278 -3.9325
v 8.1676 1.0185 -3.8924
v 8.1387 1.0023 -3.8580
v 8.1172 1.0110 -3.8197
v 8.0827 0.9997 -3.7923
v 8.0546 1.0155 -3.7577
v 8.0178 1.0187 -3.7327
v 7.9772 1.0187 -3.7144
v 7.9362 1.0311 -3.6946
v 7.8908 1.0227 -3.6920
v 7.8461 1.0189 -3.6927
v 7.8022 1.0139 -3.7000
v 7.7589 1.0152 -3.7094
v 7.7153 1.0245 -3.7202
v 7.6743 1.0291 -3.7392
v 7.6411 1.0192 -3.7700
v 7.6108 1.0137 -3.8027
v 7.5828 1.0139 -3.8368
v 7.5615 1.0099 -3.8754
v 7.5414 1.0136 -3.9147
v 7.5375 0.9977 -3.9590
v 7.5271 1.0038 -4.0011
v 7.5226 1.0092 -4.0446
v 7.5170 1.0270 -4.0899
v 7.5274 1.0267 -4.1338
v 7.5402 1.0327 -4.1775
v 7.5684 1.0191 -4.2136
v 7.5986 1.0096 -4.2464
v 7.5770 0.9892 -4.3335
v 7.6120 1.0051 -4.3769
v 7.6589 1.0052 -4.4061
v 7.7085 1.0081 -4.4308
v 7.7600 1.0183 -4.4541
v 7.8164 1.0087 -4.4563
v 7.8722 1.0155 -4.4630
v 7.9276 1.0110 -4.4542
v 7.9789 0.9968 -4.4316
v 8.0285 0.9922 -4.4094
v 8.0798 1.0017 -4.3897
v 8.1255 1.0040 -4.3589
v 8.1598 0.9929 -4.3157
v 8.1917 0.9889 -4.2721
v 8.2239 0.9949 -4.2285
v 8.2423 0.9891 -4.1776
v 8.2648 0.9990 -4.1277
v 8.2819 1.0104 -4.0746
v 8.2967 1.0284 -4.0184
v 8.2892 1.0259 -3.9615
v 8.2737 1.0225 -3.9065
v 8.2412 1.0036 -3.8590
v 8.2114 0.9974 -3.8127
v 8.1763 0.9916 -3.7711
v 8.1375 0.9879 -3.7337
v 8.0991 0.9951 -3.6955
v 8.0566 1.0059 -3.6600
v 8.0056 1.0036 -3.6388
v 7.9553 1.0188 -3.6121
v 7.8989 1.0108 -3.6087
v 7.8431 1.0144 -3.6044
v 7.7884 1.0044 -3.6171
v 7.7358 0.9990 -3.6334
v 7.6838 1.0018 -3.6508
v 7.6306 1.0142 -3.6692
v 7.5888 1.0061 -3.7065
v 7.5493 1.0045 -3.7452
v 7.5208 0.9934 -3.7925
v 7.4909 0.9955 -3.8378
v 7.4691 0.9947 -3.8875
v 7.4570 0.9896 -3.9403
v 7.4420 0.9984 -3.9928
v 7.4350 1.0057 -4.0476
v 7.4278 1.0234 -4.1047
v 7.4395 1.0253 -4.1606
v 7.4637 1.0192 -4.2123
v 7.5040 0.9972 -4.2537
v 7.5384 0.9926 -4.2959
v 7.5274 0.9542 -4.3866
v 7.5798 0.9477 -4.4218
v 7.6277 0.9599 -4.4645
v 7.6841 0.9657 -4.4957
v 7.7430 0.9804 -4.5275
v 7.8073 0.9937 -4.5502
v 7.8754 0.9996 -4.5577
v 7.9418 0.9868 -4.5394
v 8.0050 0.9788 -4.5171
v 8.0596 0.9594 -4.4778
v 8.1143 0.9561 -4.4450
v 8.1623 0.9499 -4.4037
v 8.2056 0.9463 -4.3585
v 8.2517 0.9551 -4.3150
v 8.2886 0.9595 -4.2630
v 8.3210 0.9667 -4.2071
v 8.3517 0.9804 -4.1479
v 8.3777 0.9972 -4.0839
v 8.3870 1.0051 -4.0153
v 8.3714 0.9953 -3.9478
v 8.3489 0.9873 -3.8836
v 8.3088 0.9675 -3.8282
v 8.2652 0.9507 -3.7791
v 8.2259 0.9469 -3.7303
v 8.1774 0.9376 -3.6910
v 8.1366 0.9500 -3.6430
v 8.0861 0.9566 -3.6047
v 8.0331 0.9721 -3.5653
v 7.9729 0.9837 -3.5362
v 7.9078 0.9922 -3.5177
v 7.8400 0.9940 -3.5139
v 7.7732 0.9885 -3.5256
v 7.7108 0.9766 -3.5513
v 7.6487 0.9777 -3.5737
v 7.5998 0.9583 -3.6198
v 7.5473 0.9597 -3.6560
v 7.5088 0.9474 -3.7073
v 7.4699 0.9466 -3.7561
v 7.4280 0.9578 -3.8043
v 7.3954 0.9654 -3.8599
v 7.3764 0.9657 -3.9216
v 7.3540 0.9790 -3.9842
v 7.3410 0.9910 -4.0508
v 7.3490 0.9896 -4.1178
v 7.3691 0.9841 -4.1821
v 7.4068 0.9671 -4.2382
v 7.4438 0.9587 -4.2912
v 7.4821 0.9571 -4.3421
v 7.5009 0.8805 -4.4150
v 7.5518 0.8835 -4.4611
v 7.6039 0.8953 -4.5091
v 7.6637 0.9065 -4.5502
v 7.7265 0.9314 -4.5986
v 7.8004 0.9405 -4.6212
v 7.8778 0.9450 -4.6288
v 7.9558 0.9473 -4.6236
v 8.0256 0.9281 -4.5849
v 8.0881 0.9109 -4.5404
v 8.1371 0.8857 -4.4817
v 8.1876 0.8779 -4.4345
v 8.2357 0.8762 -4.3866
v 8.2856 0.8837 -4.3392
v 8.3274 0.8892 -4.2837
v 8.3718 0.9039 -4.2261
v 8.4149 0.9241 -4.1625
v 8.4474 0.9422 -4.0907
v 8.4490 0.9414 -4.0132
v 8.4477 0.9471 -3.9352
v 8.4025 0.9219 -3.8673
v 8.3613 0.9076 -3.8043
v 8.3133 0.8933 -3.7492
v 8.2571 0.8759 -3.7047
v 8.2145 0.8808 -3.6513
v 8.1619 0.8812 -3.6076
v 8.1059 0.8852 -3.5675
v 8.0500 0.9028 -3.5204
v 7.9867 0.9234 -3.4768
v 7.9146 0.9384 -3.4476
v 7.8373 0.9475 -3.4349
v 7.7607 0.9407 -3.4503
v 7.6894 0.9286 -3.4811
v 7.6273 0.9105 -3.5266
v 7.5766 0.8881 -3.5826
v 7.5249 0.8816 -3.6288
v 7.4731 0.8838 -3.6740
v 7.4317 0.8815 -3.7288
v 7.3879 0.8892 -3.7829
v 7.3490 0.8987 -3.8425
v 7.3031 0.9216 -3.9046
v 7.2690 0.9411 -3.9760
v 7.2514 0.9544 -4.0538
v 7.2729 0.9423 -4.1305
v 7.3099 0.9246 -4.2001
v 7.3566 0.9050 -4.2610
v 7.4060 0.8890 -4.3148
v 7.4502 0.8850 -4.3684
v 7.4888 0.7954 -4.4280
v 7.5424 0.7966 -4.4742
v 7.5940 0.8094 -4.5278
v 7.6524 0.8259 -4.5803
v 7.7210 0.8400 -4.6223
v 7.7962 0.8605 -4.6645
v 7.8797 0.8728 -4.6849
v 7.9631 0.8669 -4.6680
v 8.0363 0.8461 -4.6201
v 8.0978 0.8234 -4.5619
v 8.1464 0.7994 -4.4966
v 8.1964 0.7907 -4.4451
v 8.2466 0.7900 -4.3968
v 8.2933 0.7922 -4.3447
v 8.3494 0.8072 -4.2954
v 8.4019 0.8239 -4.2374
v 8.4515 0.8435 -4.1710
v 8.4943 0.8643 -4.0952
v 8.5062 0.8707 -4.0113
v 8.4759 0.8554 -3.9305
v 8.4437 0.8456 -3.8548
v 8.3909 0.8270 -3.7909
v 8.3343 0.8104 -3.7361
v 8.2792 0.7994 -3.6865
v 8.2309 0.8000 -3.6338
v 8.1759 0.8004 -3.5880
v 8.1156 0.8012 -3.5492
v 8.0561 0.8128 -3.5040
v 7.9920 0.8333 -3.4537
v 7.9195 0.8634 -3.3979
v 7.8353 0.8783 -3.3737
v 7.7530 0.8629 -3.4042
v 7.6776 0.8491 -3.4424
v 7.6220 0.8157 -3.5149
v 7.5662 0.8027 -3.5659
v 7.5161 0.7936 -3.6181
v 7.4655 0.7930 -3.6668
v 7.4116 0.8010 -3.7144
v 7.3630 0.8094 -3.7696
v 7.3219 0.8175 -3.8323
v 7.2630 0.8440 -3.8953
v 7.2138 0.8692 -3.9706
v 7.2080 0.8714 -4.0553
v 7.2284 0.8631 -4.1379
v 7.2824 0.8377 -4.2085
v 7.3411 0.8142 -4.2680
v 7.3932 0.8003 -4.3228
v 7.4349 0.8004 -4.3810
v 7.4918 0.7057 -4.4247
v 7.5408 0.7104 -4.4764
v 7.5948 0.7179 -4.5263
v 7.6508 0.7339 -4.5846
v 7.7189 0.7471 -4.6312
v 7.7946 0.7666 -4.6806
v 7.8806 0.7820 -4.7124
v 7.9670 0.7754 -4.6914
v 8.0425 0.7581 -4.6403
v 8.1027 0.7357 -4.5725
v 8.1494 0.7141 -4.5013
v 8.1953 0.7034 -4.4437
v 8.2432 0.7014 -4.3936
v 8.2990 0.7093 -4.3488
v 8.3638 0.7258 -4.3031
v 8.4227 0.7417 -4.2452
v 8.4618 0.7505 -4.1734
v 8.5007 0.7642 -4.0959
v 8.5139 0.7698 -4.0110
v 8.4966 0.7651 -3.9270
v 8.4447 0.7471 -3.8544
v 8.3958 0.7351 -3.7887
v 8.3448 0.7261 -3.7295
v 8.2920 0.7199 -3.6760
v 8.2319 0.7123 -3.6328
v 8.1797 0.7153 -3.5826
v 8.1176 0.7147 -3.5455
v 8.0605 0.7281 -3.4922
v 7.9946 0.7432 -3.4426
v 7.9216 0.7722 -3.3754
v 7.8345 0.7838 -3.3508
v 7.7478 0.7768 -3.3726
v 7.6771 0.7501 -3.4406
v 7.6130 0.7351 -3.4951
v 7.5661 0.7138 -3.5657
v 7.5103 0.7115 -3.6110
v 7.4662 0.7057 -3.6675
v 7.4138 0.7109 -3.7160
v 7.3559 0.7231 -3.7658
v 7.2964 0.7395 -3.8228
v 7.2479 0.7536 -3.8918
v 7.1978 0.7732 -3.9690
v 7.1823 0.7799 -4.0561
v 7.2103 0.7696 -4.1409
v 7.2693 0.7477 -4.2125
v 7.3284 0.7298 -4.2738
v 7.3776 0.7215 -4.3325
v 7.4257 0.7182 -4.3886
v 7.4908 0.6285 -4.4257
v 7.5435 0.6296 -4.4726
v 7.5911 0.6399 -4.5333
v 7.6528 0.6463 -4.5793
v 7.7181 0.6594 -4.6346
v 7.7933 0.6773 -4.6938
v 7.8809 0.6869 -4.7214
v 7.9667 0.6779 -4.6895
v 8.0396 0.6622 -4.6307
v 8.0997 0.6470 -4.5659
v 8.1548 0.6380 -4.5099
v 8.2008 0.6297 -4.4505
v 8.2540 0.6306 -4.4037
v 8.3003 0.6312 -4.3497
v 8.3557 0.6390 -4.2988
v 8.4245 0.6548 -4.2459
v 8.4689 0.6634 -4.1751
v 8.5118 0.6748 -4.0970
v 8.5333 0.6821 -4.0104
v 8.5048 0.6744 -3.9257
v 8.4476 0.6592 -3.8536
v 8.3925 0.6480 -3.7902
v 8.3448 0.6428 -3.7296
v 8.2917 0.6381 -3.6762
v 8.2315 0.6325 -3.6331
v 8.1752 0.6320 -3.5889
v 8.1204 0.6368 -3.5403
v 8.0626 0.6465 -3.4866
v 7.9976 0.6603 -3.4296
v 7.9222 0.6787 -3.3692
v 7.8342 0.6874 -3.3437
v 7.7485 0.6779 -3.3771
v 7.6748 0.6633 -3.4331
v 7.6140 0.6484 -3.4972
v 7.5593 0.6388 -3.5548
v 7.5145 0.6296 -3.6162
v 7.4687 0.6266 -3.6699
v 7.4099 0.6336 -3.7133
v 7.3541 0.6414 -3.7649
v 7.2929 0.6539 -3.8215
v 7.2294 0.6700 -3.8876
v 7.1952 0.6780 -3.9688
v 7.1717 0.6860 -4.0565
v 7.2155 0.6724 -4.1400
v 7.2653 0.6601 -4.2137
v 7.3246 0.6471 -4.2755
v 7.3779 0.6393 -4.3323
v 7.4304 0.6347 -4.3847
v 7.4907 0.5565 -4.4259
v 7.5400 0.5588 -4.4776
v 7.5965 0.5610 -4.5231
v 7.6517 0.5689 -4.5822
v 7.7163 0.5786 -4.6423
v 7.7930 0.5890 -4.6967
v 7.8806 0.5922 -4.7120
v 7.9669 0.5889 -4.6904
v 8.0407 0.5794 -4.6344
v 8.1026 0.5703 -4.5723
v 8.1569 0.5637 -4.5134
v 8.2017 0.5576 -4.4516
v 8.2553 0.5583 -4.4049
v 8.3007 0.5584 -4.3500
v 8.3619 0.5651 -4.3021
v 8.4205 0.5726 -4.2444
v 8.4730 0.5803 -4.1760
v 8.5190 0.5885 -4.0977
v 8.5325 0.5912 -4.0104
v 8.4933 0.5835 -3.9276
v 8.4510 0.5774 -3.8525
v 8.3999 0.5712 -3.7868
v 8.3458 0.5661 -3.7289
v 8.2884 0.5617 -3.6789
v 8.2386 0.5617 -3.6255
v 8.1760 0.5591 -3.5879
v 8.1238 0.5637 -3.5339
v 8.0614 0.5673 -3.4900
v 7.9981 0.5777 -3.4278
v 7.9214 0.5871 -3.3775
v 7.8344 0.5939 -3.3478
v 7.7473 0.5906 -3.3698
v 7.6758 0.5783 -3.4363
v 7.6155 0.5685 -3.5006
v 7.5583 0.5637 -3.5532
v 7.5151 0.5570 -3.6169
v 7.4674 0.5557 -3.6686
v 7.4067 0.5608 -3.7109
v 7.3527 0.5653 -3.7641
v 7.2860 0.5749 -3.8189
v 7.2406 0.5807 -3.8902
v 7.1896 0.5902 -3.9682
v 7.1885 0.5898 -4.0559
v 7.2114 0.5861 -4.1407
v 7.2716 0.5755 -4.2118
v 7.3292 0.5674 -4.2734
v 7.3777 0.5636 -4.3324
v 7.4327 0.5598 -4.3828
v 7.4921 0.4879 -4.4244
v 7.5400 0.4892 -4.4775
v 7.5931 0.4912 -4.5295
v 7.6507 0.4945 -4.5848
v 7.7162 0.4991 -4.6428
v 7.7935 0.5036 -4.6922
v 7.8807 0.5059 -4.7137
v 7.9666 0.5039 -4.6885
v 8.0404 0.4993 -4.6333
v 8.1015 0.4946 -4.5698
v 8.1595 0.4922 -4.5176
v 8.2068 0.4896 -4.4578
v 8.2565 0.4892 -4.4061
v 8.3092 0.4903 -4.3561
v 8.3591 0.4919 -4.3006
v 8.4024 0.4936 -4.2376
v 8.4639 0.4987 -4.1739
v 8.5110 0.5029 -4.0969
v 8.5364 0.5057 -4.0103
v 8.4956 0.5017 -3.9272
v 8.4553 0.4990 -3.8512
v 8.3922 0.4943 -3.7903
v 8.3359 0.4914 -3.7351
v 8.2928 0.4914 -3.6753
v 8.2344 0.4899 -3.6300
v 8.1787 0.4899 -3.5841
v 8.1228 0.4914 -3.5357
v 8.0633 0.4941 -3.4849
v 7.9993 0.4993 -3.4222
v 7.9220 0.5039 -3.3718
v 7.8348 0.5050 -3.3602
v 7.7485 0.5039 -3.3774
v 7.6734 0.4999 -3.4284
v 7.6115 0.4953 -3.4917
v 7.5598 0.4913 -3.5556
v 7.5166 0.4880 -3.6187
v 7.4664 0.4879 -3.6677
v 7.4063 0.4903 -3.7106
v 7.3471 0.4932 -3.7611
v 7.2938 0.4962 -3.8218
v 7.2310 0.5013 -3.8879
v 7.1954 0.5040 -3.9688
v 7.1848 0.5050 -4.0561
v 7.2172 0.5020 -4.1398
v 7.2616 0.4988 -4.2148
v 7.3298 0.4934 -4.2732
v 7.3880 0.4901 -4.3260
v 7.4337 0.4895 -4.3820
v 7.4881 0.4214 -4.4287
v 7.5431 0.4214 -4.4732
v 7.5943 0.4214 -4.5273
v 7.6511 0.4214 -4.5839
v 7.7167 0.4214 -4.6407
v 7.7925 0.4214 -4.7023
v 7.8808 0.4214 -4.7167
v 7.9664 0.4214 -4.6874
v 8.0386 0.4214 -4.6276
v 8.0999 0.4214 -4.5664
v 8.1547 0.4214 -4.5098
v 8.2097 0.4214 -4.4613
v 8.2572 0.4214 -4.4067
v 8.3052 0.4214 -4.3532
v 8.3486 0.4214 -4.2950
v 8.4072 0.4214 -4.2394
v 8.4664 0.4214 -4.1745
v 8.5218 0.4214 -4.0979
v 8.5293 0.4214 -4.0105
v 8.5016 0.4214 -3.9262
v 8.4506 0.4214 -3.8526
v 8.3921 0.4214 -3.7903
v 8.3411 0.4214 -3.7318
v 8.2855 0.4214 -3.6813
v 8.2332 0.4214 -3.6314
v 8.1836 0.4214 -3.5772
v 8.1243 0.4214 -3.5329
v 8.0693 0.4214 -3.4688
v 7.9988 0.4214 -3.4244
v 7.9223 0.4214 -3.3686
v 7.8346 0.4214 -3.3547
v 7.7497 0.4214 -3.3844
v 7.6788 0.4214 -3.4464
v 7.6162 0.4214 -3.5022
v 7.5599 0.4214 -3.5557
v 7.5106 0.4214 -3.6115
v 7.4608 0.4214 -3.6624
v 7.4079 0.4214 -3.7118
v 7.3586 0.4214 -3.7673
v 7.2902 0.4214 -3.8204
v 7.2434 0.4214 -3.8908
v 7.2017 0.4214 -3.9694
v 7.1781 0.4214 -4.0563
v 7.2131 0.4214 -4.1404
v 7.2560 0.4214 -4.2165
v 7.3196 0.4214 -4.2778
v 7.3772 0.4214 -4.3328
v 7.4344 0.4214 -4.3814
v 7.4838 0.3534 -4.4333
v 7.5397 0.3535 -4.4779
v 7.5967 0.3525 -4.5228
v 7.6515 0.3485 -4.5829
v 7.7155 0.3433 -4.6459
v 7.7931 0.3388 -4.6955
v 7.8807 0.3367 -4.7153
v 7.9653 0.3399 -4.6808
v 8.0399 0.3437 -4.6318
v 8.1034 0.3476 -4.5741
v 8.1587 0.3507 -4.5162
v 8.2132 0.3519 -4.4656
v 8.2598 0.3531 -4.4091
v 8.3048 0.3531 -4.3529
v 8.3492 0.3522 -4.2953
v 8.4052 0.3488 -4.2387
v 8.4562 0.3451 -4.1721
v 8.5145 0.3395 -4.0972
v 8.5408 0.3365 -4.0101
v 8.5120 0.3390 -3.9245
v 8.4602 0.3432 -3.8497
v 8.3942 0.3482 -3.7894
v 8.3301 0.3523 -3.7387
v 8.2813 0.3533 -3.6848
v 8.2303 0.3536 -3.6344
v 8.1789 0.3528 -3.5838
v 8.1276 0.3501 -3.5268
v 8.0677 0.3471 -3.4730
v 8.0005 0.3429 -3.4174
v 7.9219 0.3390 -3.3729
v 7.8348 0.3378 -3.3605
v 7.7508 0.3405 -3.3907
v 7.6773 0.3446 -3.4414
v 7.6167 0.3491 -3.5032
v 7.5621 0.3520 -3.5593
v 7.5081 0.3531 -3.6084
v 7.4603 0.3539 -3.6620
v 7.4113 0.3533 -3.7142
v 7.3560 0.3508 -3.7659
v 7.3000 0.3475 -3.8241
v 7.2467 0.3435 -3.8916
v 7.1973 0.3390 -3.9690
v 7.1731 0.3364 -4.0565
v 7.2016 0.3388 -4.1423
v 7.2532 0.3429 -4.2174
v 7.3168 0.3476 -4.2791
v 7.3818 0.3518 -4.3299
v 7.4335 0.3532 -4.3821
v 7.4885 0.2854 -4.4282
v 7.5383 0.2833 -4.4800
v 7.5965 0.2818 -4.5231
v 7.6521 0.2742 -4.5811
v 7.7148 0.2625 -4.6489
v 7.7943 0.2572 -4.6831
v 7.8804 0.2524 -4.7047
v 7.9646 0.2573 -4.6768
v 8.0376 0.2660 -4.6242
v 8.1036 0.2718 -4.5746
v 8.1619 0.2767 -4.5214
v 8.2159 0.2795 -4.4688
v 8.2607 0.2826 -4.4099
v 8.3134 0.2805 -4.3591
v 8.3537 0.2800 -4.2977
v 8.4061 0.2740 -4.2390
v 8.4585 0.2662 -4.1727
v 8.5078 0.2571 -4.0966
v 8.5293 0.2523 -4.0105
v 8.5189 0.2528 -3.9233
v 8.4657 0.2615 -3.8481
v 8.3964 0.2725 -3.7884
v 8.3305 0.2812 -3.7384
v 8.2770 0.2848 -3.6883
v 8.2304 0.2841 -3.6343
v 8.1796 0.2821 -3.5828
v 8.1326 0.2744 -3.5174
v 8.0701 0.2692 -3.4666
v 8.0006 0.2623 -3.4169
v 7.9213 0.2561 -3.3791
v 7.8348 0.2521 -3.3607
v 7.7504 0.2569 -3.3883
v 7.6807 0.2687 -3.4526
v 7.6145 0.2736 -3.4984
v 7.5614 0.2806 -3.5582
v 7.5028 0.2809 -3.6019
v 7.4475 0.2802 -3.6500
v 7.3996 0.2798 -3.7059
v 7.3560 0.2784 -3.7659
v 7.3089 0.2740 -3.8275
v 7.2492 0.2643 -3.8921
v 7.1983 0.2548 -3.9691
v 7.1659 0.2473 -4.0567
v 7.2020 0.2542 -4.1423
v 7.2510 0.2619 -4.2180
v 7.3195 0.2727 -4.2778
v 7.3798 0.2798 -4.3312
v 7.4334 0.2832 -4.3823
v 7.4845 0.2107 -4.4325
v 7.5400 0.2108 -4.4775
v 7.5915 0.2033 -4.5324
v 7.6528 0.1965 -4.5794
v 7.7183 0.1837 -4.6337
v 7.7949 0.1718 -4.6775
v 7.8801 0.1648 -4.6984
v 7.9638 0.1718 -4.6717
v 8.0401 0.1799 -4.6325
v 8.1024 0.1932 -4.5720
v 8.1620 0.1996 -4.5215
v 8.2106 0.2071 -4.4625
v 8.2574 0.2104 -4.4069
v 8.3030 0.2103 -4.3517
v 8.3548 0.2041 -4.2983
v 8.3997 0.1981 -4.2366
v 8.4529 0.1857 -4.1714
v 8.5054 0.1704 -4.0963
v 8.5387 0.1586 -4.0102
v 8.5103 0.1663 -3.9248
v 8.4568 0.1799 -3.8508
v 8.3995 0.1919 -3.7870
v 8.3295 0.2070 -3.7391
v 8.2788 0.2111 -3.6868
v 8.2265 0.2131 -3.6385
v 8.1838 0.2051 -3.5769
v 8.1303 0.1978 -3.5216
v 8.0717 0.1863 -3.4624
v 8.0012 0.1763 -3.4141
v 7.9210 0.1692 -3.3823
v 7.8349 0.1632 -3.3640
v 7.7505 0.1696 -3.3891
v 7.6808 0.1874 -3.4529
v 7.6200 0.2000 -3.5105
v 7.5616 0.2056 -3.5584
v 7.5048 0.2073 -3.6044
v 7.4467 0.2046 -3.6493
v 7.4070 0.2078 -3.7112
v 7.3580 0.2031 -3.7670
v 7.3197 0.1999 -3.8315
v 7.2598 0.1848 -3.8946
v 7.1968 0.1654 -3.9690
v 7.1708 0.1564 -4.0565
v 7.2008 0.1647 -4.1425
v 7.2592 0.1802 -4.2155
v 7.3214 0.1943 -4.2770
v 7.3769 0.2030 -4.3330
v 7.4372 0.2115 -4.3791
v 7.4854 0.1321 -4.4316
v 7.5342 0.1263 -4.4856
v 7.5890 0.1184 -4.5371
v 7.6539 0.1136 -4.5764
v 7.7184 0.0944 -4.6336
v 7.7949 0.0781 -4.6771
v 7.8799 0.0715 -4.6923
v 7.9633 0.0794 -4.6689
v 8.0374 0.0940 -4.6235
v 8.1051 0.1039 -4.5779
v 8.1575 0.1206 -4.5143
v 8.2130 0.1245 -4.4653
v 8.2582 0.1304 -4.4076
v 8.3099 0.1263 -4.3566
v 8.3485 0.1262 -4.2949
v 8.4094 0.1087 -4.2402
v 8.4474 0.1001 -4.1701
v 8.5028 0.0774 -4.0961
v 8.5235 0.0678 -4.0107
v 8.5135 0.0686 -3.9242
v 8.4553 0.0898 -3.8512
v 8.3950 0.1081 -3.7890
v 8.3320 0.1248 -3.7375
v 8.2811 0.1304 -3.6849
v 8.2236 0.1369 -3.6416
v 8.1811 0.1262 -3.5807
v 8.1267 0.1178 -3.5284
v 8.0671 0.1049 -3.4748
v 7.9995 0.0882 -3.4216
v 7.9210 0.0744 -3.3824
v 7.8354 0.0734 -3.3779
v 7.7514 0.0777 -3.3943
v 7.6797 0.0974 -3.4492
v 7.6198 0.1164 -3.5101
v 7.5623 0.1252 -3.5596
v 7.5047 0.1266 -3.6042
v 7.4526 0.1272 -3.6548
v 7.4094 0.1290 -3.7129
v 7.3590 0.1216 -3.7675
v 7.3104 0.1113 -3.8280
v 7.2671 0.0997 -3.8963
v 7.2065 0.0742 -3.9699
v 7.1827 0.0630 -4.0561
v 7.2009 0.0681 -4.1425
v 7.2565 0.0879 -4.2164
v 7.3217 0.1090 -4.2768
v 7.3809 0.1233 -4.3305
v 7.4322 0.1291 -4.3832
v 7.4798 0.0383 -4.4375
v 7.5377 0.0405 -4.4808
v 7.5926 0.0313 -4.5305
v 7.6541 0.0300 -4.5758
v 7.7223 0.0300 -4.6167
v 7.7966 0.0300 -4.6600
v 7.8794 0.0300 -4.6762
v 7.9609 0.0300 -4.6547
v 8.0372 0.0300 -4.6228
v 8.0997 0.0300 -4.5660
v 8.1511 0.0373 -4.5040
v 8.2079 0.0396 -4.4591
v 8.2558 0.0440 -4.4054
v 8.3044 0.0411 -4.3527
v 8.3429 0.0406 -4.2920
v 8.3909 0.0300 -4.2333
v 8.4481 0.0300 -4.1702
v 8.4898 0.0300 -4.0948
v 8.5029 0.0300 -4.0114
v 8.4753 0.0300 -3.9306
v 8.4389 0.0300 -3.8562
v 8.3781 0.0300 -3.7967
v 8.3317 0.0346 -3.7377
v 8.2746 0.0476 -3.6903
v 8.2260 0.0478 -3.6391
v 8.1719 0.0472 -3.5936
v 8.1188 0.0370 -3.5433
v 8.0637 0.0300 -3.4838
v 7.9966 0.0300 -3.4339
v 7.9189 0.0300 -3.4033
v 7.8358 0.0300 -3.3903
v 7.7551 0.0300 -3.4169
v 7.6829 0.0300 -3.4597
v 7.6183 0.0300 -3.5066
v 7.5612 0.0335 -3.5579
v 7.5116 0.0443 -3.6127
v 7.4567 0.0415 -3.6587
v 7.4082 0.0389 -3.7120
v 7.3731 0.0413 -3.7750
v 7.3164 0.0300 -3.8303
v 7.2660 0.0300 -3.8960
v 7.2339 0.0300 -3.9726
v 7.2014 0.0300 -4.0555
v 7.2214 0.0300 -4.1390
v 7.2675 0.0300 -4.2130
v 7.3251 0.0300 -4.2753
v 7.3849 0.0357 -4.3280
v 7.4359 0.0433 -4.3802
v 7.4988 0.0300 -4.4172
v 7.5482 0.0300 -4.4661
v 7.6037 0.0300 -4.5097
v 7.6639 0.0300 -4.5496
v 7.7310 0.0300 -4.5793
v 7.8011 0.0300 -4.6140
v 7.8776 0.0300 -4.6224
v 7.9550 0.0300 -4.6193
v 8.0254 0.0300 -4.5840
v 8.0851 0.0300 -4.5339
v 8.1439 0.0300 -4.4925
v 8.1875 0.0300 -4.4343
v 8.2362 0.0300 -4.3871
v 8.2845 0.0300 -4.3385
v 8.3288 0.0300 -4.2845
v 8.3785 0.0300 -4.2287
v 8.4208 0.0300 -4.1639
v 8.4438 0.0300 -4.0903
v 8.4571 0.0300 -4.0130
v 8.4366 0.0300 -3.9370
v 8.4035 0.0300 -3.8670
v 8.3600 0.0300 -3.8049
v 8.3122 0.0300 -3.7499
v 8.2632 0.0300 -3.6996
v 8.2123 0.0300 -3.6537
v 8.1610 0.0300 -3.6089
v 8.1083 0.0300 -3.5629
v 8.0526 0.0300 -3.5133
v 7.9867 0.0300 -3.4768
v 7.9148 0.0300 -3.4455
v 7.8376 0.0300 -3.4422
v 7.7602 0.0300 -3.4477
v 7.6920 0.0300 -3.4896
v 7.6275 0.0300 -3.5270
v 7.5741 0.0300 -3.5786
v 7.5214 0.0300 -3.6246
v 7.4801 0.0300 -3.6805
v 7.4303 0.0300 -3.7278
v 7.3905 0.0300 -3.7843
v 7.3440 0.0300 -3.8406
v 7.3025 0.0300 -3.9045
v 7.2679 0.0300 -3.9759
v 7.2639 0.0300 -4.0534
v 7.2724 0.0300 -4.1306
v 7.3033 0.0300 -4.2021
v 7.3520 0.0300 -4.2630
v 7.4019 0.0300 -4.3174
v 7.4504 0.0300 -4.3682
v 7.5211 0.0300 -4.3934
v 7.5705 0.0300 -4.4349
v 7.6256 0.0300 -4.4685
v 7.6833 0.0300 -4.4980
v 7.7454 0.0300 -4.5168
v 7.8078 0.0300 -4.5450
v 7.8752 0.0300 -4.5524
v 7.9420 0.0300 -4.5410
v 8.0041 0.0300 -4.5141
v 8.0635 0.0300 -4.4864
v 8.1161 0.0300 -4.4480
v 8.1595 0.0300 -4.4003
v 8.2068 0.0300 -4.3596
v 8.2544 0.0300 -4.3169
v 8.2865 0.0300 -4.2619
v 8.3277 0.0300 -4.2096
v 8.3589 0.0300 -4.1496
v 8.3777 0.0300 -4.0839
v 8.3771 0.0300 -4.0157
v 8.3577 0.0300 -3.9501
v 8.3363 0.0300 -3.8875
v 8.3096 0.0300 -3.8279
v 8.2812 0.0300 -3.7692
v 8.2344 0.0300 -3.7233
v 8.1842 0.0300 -3.6837
v 8.1398 0.0300 -3.6385
v 8.0818 0.0300 -3.6126
v 8.0283 0.0300 -3.5782
v 7.9702 0.0300 -3.5479
v 7.9079 0.0300 -3.5164
v 7.8398 0.0300 -3.5079
v 7.7722 0.0300 -3.5193
v 7.7103 0.0300 -3.5498
v 7.6525 0.0300 -3.5819
v 7.5998 0.0300 -3.6197
v 7.5500 0.0300 -3.6593
v 7.5080 0.0300 -3.7066
v 7.4680 0.0300 -3.7547
v 7.4289 0.0300 -3.8047
v 7.3895 0.0300 -3.8577
v 7.3585 0.0300 -3.9175
v 7.3441 0.0300 -3.9833
v 7.3400 0.0300 -4.0508
v 7.3520 0.0300 -4.1173
v 7.3760 0.0300 -4.1800
v 7.4085 0.0300 -4.2374
v 7.4368 0.0300 -4.2956
v 7.4778 0.0300 -4.3457
v 7.5695 0.0300 -4.3416
v 7.6153 0.0300 -4.3722
v 7.6619 0.0300 -4.4004
v 7.7095 0.0300 -4.4282
v 7.7612 0.0300 -4.4491
v 7.8166 0.0300 -4.4544
v 7.8720 0.0300 -4.4572
v 7.9272 0.0300 -4.4516
v 7.9800 0.0300 -4.4353
v 8.0297 0.0300 -4.4119
v 8.0744 0.0300 -4.3810
v 8.1213 0.0300 -4.3538
v 8.1583 0.0300 -4.3142
v 8.1948 0.0300 -4.2743
v 8.2330 0.0300 -4.2334
v 8.2531 0.0300 -4.1816
v 8.2761 0.0300 -4.1303
v 8.2814 0.0300 -4.0745
v 8.2813 0.0300 -4.0189
v 8.2726 0.0300 -3.9643
v 8.2555 0.0300 -3.9121
v 8.2410 0.0300 -3.8590
v 8.2163 0.0300 -3.8096
v 8.1859 0.0300 -3.7632
v 8.1473 0.0300 -3.7233
v 8.0973 0.0300 -3.6980
v 8.0521 0.0300 -3.6684
v 8.0034 0.0300 -3.6445
v 7.9522 0.0300 -3.6256
v 7.8992 0.0300 -3.6062
v 7.8429 0.0300 -3.6005
v 7.7861 0.0300 -3.6031
v 7.7302 0.0300 -3.6151
v 7.6814 0.0300 -3.6455
v 7.6367 0.0300 -3.6789
v 7.5967 0.0300 -3.7161
v 7.5613 0.0300 -3.7564
v 7.5263 0.0300 -3.7964
v 7.4893 0.0300 -3.8369
v 7.4576 0.0300 -3.8833
v 7.4400 0.0300 -3.9364
v 7.4346 0.0300 -3.9921
v 7.4391 0.0300 -4.0474
v 7.4461 0.0300 -4.1017
v 7.4511 0.0300 -4.1571
v 7.4752 0.0300 -4.2070
v 7.4979 0.0300 -4.2575
v 7.5349 0.0300 -4.2987
v 7.6268 0.0300 -4.2802
v 7.6613 0.0300 -4.3079
v 7.6988 0.0300 -4.3311
v 7.7379 0.0300 -4.3523
v 7.7799 0.0300 -4.3681
v 7.8245 0.0300 -4.3737
v 7.8692 0.0300 -4.3761
v 7.9135 0.0300 -4.3697
v 7.9568 0.0300 -4.3588
v 7.9979 0.0300 -4.3420
v 8.0338 0.0300 -4.3159
v 8.0692 0.0300 -4.2905
v 8.1011 0.0300 -4.2608
v 8.1370 0.0300 -4.2330
v 8.1621 0.0300 -4.1956
v 8.1809 0.0300 -4.1545
v 8.1900 0.0300 -4.1104
v 8.2008 0.0300 -4.0667
v 8.1960 0.0300 -4.0218
v 8.1887 0.0300 -3.9782
v 8.1796 0.0300 -3.9352
v 8.1655 0.0300 -3.8934
v 8.1441 0.0300 -3.8546
v 8.1193 0.0300 -3.8180
v 8.0926 0.0300 -3.7818
v 8.0560 0.0300 -3.7558
v 8.0141 0.0300 -3.7397
v 7.9758 0.0300 -3.7182
v 7.9340 0.0300 -3.7039
v 7.8908 0.0300 -3.6918
v 7.8460 0.0300 -3.6902
v 7.8003 0.0300 -3.6886
v 7.7557 0.0300 -3.6989
v 7.7155 0.0300 -3.7207
v 7.6796 0.0300 -3.7477
v 7.6436 0.0300 -3.7731
v 7.6177 0.0300 -3.8090
v 7.5836 0.0300 -3.8374
v 7.5583 0.0300 -3.8737
v 7.5391 0.0300 -3.9138
v 7.5208 0.0300 -3.9551
v 7.5201 0.0300 -4.0004
v 7.5204 0.0300 -4.0447
v 7.5279 0.0300 -4.0881
v 7.5313 0.0300 -4.1327
v 7.5444 0.0300 -4.1756
v 7.5691 0.0300 -4.2131
v 7.5942 0.0300 -4.2499
v 7.6781 0.0300 -4.2253
v 7.7058 0.0300 -4.2456
v 7.7333 0.0300 -4.2664
v 7.7652 0.0300 -4.2795
v 7.7979 0.0300 -4.2907
v 7.8317 0.0300 -4.2995
v 7.8667 0.0300 -4.3006
v 7.9002 0.0300 -4.2895
v 7.9328 0.0300 -4.2803
v 7.9638 0.0300 -4.2669
v 7.9943 0.0300 -4.2525
v 8.0231 0.0300 -4.2345
v 8.0504 0.0300 -4.2135
v 8.0692 0.0300 -4.1845
v 8.0933 0.0300 -4.1589
v 8.1044 0.0300 -4.1258
v 8.1186 0.0300 -4.0938
v 8.1166 0.0300 -4.0585
v 8.1218 0.0300 -4.0243
v 8.1168 0.0300 -3.9902
v 8.1068 0.0300 -3.9574
v 8.0954 0.0300 -3.9252
v 8.0805 0.0300 -3.8943
v 8.0628 0.0300 -3.8645
v 8.0358 0.0300 -3.8426
v 8.0094 0.0300 -3.8210
v 7.9800 0.0300 -3.8036
v 7.9478 0.0300 -3.7927
v 7.9151 0.0300 -3.7856
v 7.8830 0.0300 -3.7728
v 7.8487 0.0300 -3.7702
v 7.8136 0.0300 -3.7687
v 7.7793 0.0300 -3.7763
v 7.7482 0.0300 -3.7926
v 7.7180 0.0300 -3.8094
v 7.6949 0.0300 -3.8355
v 7.6709 0.0300 -3.8588
v 7.6490 0.0300 -3.8841
v 7.6292 0.0300 -3.9115
v 7.6130 0.0300 -3.9415
v 7.5987 0.0300 -3.9732
v 7.5984 0.0300 -4.0080
v 7.5931 0.0300 -4.0422
v 7.5999 0.0300 -4.0761
v 7.6113 0.0300 -4.1083
v 7.6167 0.0300 -4.1428
v 7.6306 0.0300 -4.1748
v 7.6501 0.0300 -4.2039
v 7.7286 0.0300 -4.1713
v 7.7496 0.0300 -4.1844
v 7.7673 0.0300 -4.2026
v 7.7903 0.0300 -4.2127
v 7.8137 0.0300 -4.2226
v 7.8389 0.0300 -4.2258
v 7.8641 0.0300 -4.2248
v 7.8887 0.0300 -4.2201
v 7.9130 0.0300 -4.2150
v 7.9360 0.0300 -4.2058
v 7.9581 0.0300 -4.1945
v 7.9779 0.0300 -4.1795
v 7.9954 0.0300 -4.1621
v 8.0153 0.0300 -4.1460
v 8.0271 0.0300 -4.1236
v 8.0391 0.0300 -4.1014
v 8.0458 0.0300 -4.0769
v 8.0485 0.0300 -4.0518
v 8.0515 0.0300 -4.0267
v 8.0485 0.0300 -4.0015
v 8.0419 0.0300 -3.9771
v 8.0321 0.0300 -3.9540
v 8.0206 0.0300 -3.9317
v 8.0057 0.0300 -3.9115
v 7.9865 0.0300 -3.8953
v 7.9685 0.0300 -3.8782
v 7.9477 0.0300 -3.8643
v 7.9233 0.0300 -3.8581
v 7.8999 0.0300 -3.8510
v 7.8758 0.0300 -3.8459
v 7.8511 0.0300 -3.8411
v 7.8258 0.0300 -3.8419
v 7.8004 0.0300 -3.8454
v 7.7772 0.0300 -3.8564
v 7.7575 0.0300 -3.8726
v 7.7373 0.0300 -3.8870
v 7.7198 0.0300 -3.9045
v 7.7037 0.0300 -3.9233
v 7.6913 0.0300 -3.9446
v 7.6801 0.0300 -3.9667
v 7.6728 0.0300 -3.9904
v 7.6643 0.0300 -4.0145
v 7.6660 0.0300 -4.0398
v 7.6696 0.0300 -4.0645
v 7.6754 0.0300 -4.0888
v 7.6842 0.0300 -4.1121
v 7.6927 0.0300 -4.1361
v 7.7083 0.0300 -4.1561
v 7.7728 0.0300 -4.1240
v 7.7856 0.0300 -4.1340
v 7.7987 0.0300 -4.1437
v 7.8132 0.0300 -4.1518
v 7.8287 0.0300 -4.1579
v 7.8452 0.0300 -4.1610
v 7.8619 0.0300 -4.1589
v 7.8782 0.0300 -4.1569
v 7.8935 0.0300 -4.1512
v 7.9082 0.0300 -4.1445
v 7.9221 0.0300 -4.1367
v 7.9365 0.0300 -4.1291
v 7.9475 0.0300 -4.1173
v 7.9588 0.0300 -4.1056
v 7.9681 0.0300 -4.0922
v 7.9756 0.0300 -4.0775
v 7.9779 0.0300 -4.0612
v 7.9817 0.0300 -4.0454
v 7.9849 0.0300 -4.0290
v 7.9820 0.0300 -4.0126
v 7.9797 0.0300 -3.9961
v 7.9708 0.0300 -3.9818
v 7.9623 0.0300 -3.9680
v 7.9516 0.0300 -3.9559
v 7.9418 0.0300 -3.9432
v 7.9288 0.0300 -3.9337
v 7.9164 0.0300 -3.9230
v 7.9009 0.0300 -3.9178
v 7.8857 0.0300 -3.9123
v 7.8697 0.0300 -3.9091
v 7.8533 0.0300 -3.9069
v 7.8371 0.0300 -3.9097
v 7.8210 0.0300 -3.9130
v 7.8058 0.0300 -3.9194
v 7.7911 0.0300 -3.9266
v 7.7791 0.0300 -3.9379
v 7.7656 0.0300 -3.9473
v 7.7575 0.0300 -3.9617
v 7.7484 0.0300 -3.9751
v 7.7436 0.0300 -3.9905
v 7.7371 0.0300 -4.0053
v 7.7337 0.0300 -4.0212
v 7.7325 0.0300 -4.0375
v 7.7330 0.0300 -4.0540
v 7.7372 0.0300 -4.0699
v 7.7437 0.0300 -4.0851
v 7.7515 0.0300 -4.0994
v 7.7597 0.0300 -4.1138
v 7.8164 0.0300 -4.0774
v 7.8217 0.0300 -4.0835
v 7.8289 0.0300 -4.0871
v 7.8356 0.0300 -4.0919
v 7.8434 0.0300 -4.0943
v 7.8515 0.0300 -4.0961
v 7.8597 0.0300 -4.0951
v 7.8676 0.0300 -4.0933
v 7.8754 0.0300 -4.0917
v 7.8827 0.0300 -4.0885
v 7.8896 0.0300 -4.0846
v 7.8963 0.0300 -4.0804
v 7.9023 0.0300 -4.0750
v 7.9081 0.0300 -4.0694
v 7.9122 0.0300 -4.0624
v 7.9145 0.0300 -4.0546
v 7.9170 0.0300 -4.0471
v 7.9188 0.0300 -4.0392
v 7.9201 0.0300 -4.0312
v 7.9191 0.0300 -4.0230
v 7.9179 0.0300 -4.0149
v 7.9141 0.0300 -4.0076
v 7.9097 0.0300 -4.0008
v 7.9046 0.0300 -3.9946
v 7.8985 0.0300 -3.9895
v 7.8932 0.0300 -3.9835
v 7.8866 0.0300 -3.9788
v 7.8792 0.0300 -3.9758
v 7.8715 0.0300 -3.9735
v 7.8637 0.0300 -3.9709
v 7.8555 0.0300 -3.9711
v 7.8475 0.0300 -3.9723
v 7.8398 0.0300 -3.9747
v 7.8322 0.0300 -3.9774
v 7.8244 0.0300 -3.9800
v 7.8180 0.0300 -3.9852
v 7.8122 0.0300 -3.9909
v 7.8073 0.0300 -3.9973
v 7.8039 0.0300 -4.0046
v 7.8008 0.0300 -4.0120
v 7.7990 0.0300 -4.0197
v 7.7965 0.0300 -4.0273
v 7.7962 0.0300 -4.0353
v 7.7955 0.0300 -4.0436
v 7.7989 0.0300 -4.0511
v 7.8012 0.0300 -4.0589
v 7.8049 0.0300 -4.0661
v 7.8100 0.0300 -4.0724
v 7.8576 0.0300 -4.0333
v 7.8576 0.0300 -4.0333
v 7.8576 0.0300 -4.0333
v 7.8576 0.0300 -4.0333
v 7.8576 0.0300 -4.0333
v 7.8576 0.0300 -4.0333
v 7.8576 0.0300 -4.0333
v 7.8576 0.0300 -4.0333
v 7.8576 0.0300 -4.0333
v 7.8576 0.0300 -4.0333
v 7.8576 0.0300 -4.0333
v 7.8576 0.0300 -4.0333
v 7.8576 0.0300 -4.0333
v 7.8576 0.0300 -4.0333
v 7.8576 0.0300 -4.0333
v 7.8576 0.0300 -4.0333
v 7.8576 0.0300 -4.0333
v 7.8576 0.0300 -4.0333
v 7.8576 0.0300 -4.0333
v 7.8576 0.0300 -4.0333
v 7.8576 0.0300 -4.0333
v 7.8576 0.0300 -4.0333
v 7.8576 0.0300 -4.0333
v 7.8576 0.0300 -4.0333
v 7.8576 0.0300 -4.0333
v 7.8576 0.0300 -4.0333
v 7.8576 0.0300 -4.0333
v 7.8576 0.0300 -4.0333
v 7.8576 0.0300 -4.0333
v 7.8576 0.0300 -4.0333
v 7.8576 0.0300 -4.0333
v 7.8576 0.0300 -4.0333
v 7.8576 0.0300 -4.0333
v 7.8576 0.0300 -4.0333
v 7.8576 0.0300 -4.0333
v 7.8576 0.0300 -4.0333
v 7.8576 0.0300 -4.0333
v 7.8576 0.0300 -4.0333
v 7.8576 0.0300 -4.0333
v 7.8576 0.0300 -4.0333
v 7.8576 0.0300 -4.0333
v 7.8576 0.0300 -4.0333
v 7.8576 0.0300 -4.0333
v 7.8576 0.0300 -4.0333
v 7.8576 0.0300 -4.0333
v 7.8576 0.0300 -4.0333
v 7.8576 0.0300 -4.0333
v 7.8576 0.0300 -4.0333
v 7.8339 0.1492 -4.0587
v 7.8339 0.0300 -4.0587
v 7.8588 0.1492 -4.0680
v 7.8588 0.0300 -4.0680
v 7.8830 0.1492 -4.0570
v 7.8830 0.0300 -4.0570
v 7.8924 0.1492 -4.0321
v 7.8924 0.0300 -4.0321
v 7.8813 0.1492 -4.0079
v 7.8813 0.0300 -4.0079
v 7.8564 0.1492 -3.9985
v 7.8564 0.0300 -3.9985
v 7.8322 0.1492 -4.0095
v 7.8322 0.0300 -4.0095
v 7.8228 0.1492 -4.0344
v 7.8228 0.0300 -4.0344
v 7.8576 0.1492 -4.0333
v 7.8576 0.0300 -4.0333
vn -0.0809 -0.9953 0.0534
usemtl leaf_5
f 3667//3421 3715//3421 3716//3421 3668//3421
vn -0.7413 -0.5133 0.4324
f 3668//3422 3716//3422 3717//3422 3669//3422
vn 0.3760 -0.8773 -0.2983
usemtl leaf_4
f 3669//3423 3717//3423 3718//3423 3670//3423
vn -0.8637 -0.4704 0.1808
usemtl leaf_5
f 3670//3424 3718//3424 3719//3424 3671//3424
vn 0.4938 -0.8562 -0.1522
f 3671//3425 3719//3425 3720//3425 3672//3425
vn 0.4578 -0.8881 0.0404
usemtl leaf_4
f 3672//3426 3720//3426 3721//3426 3673//3426
vn 0.1360 -0.9589 0.2491
f 3673//3427 3721//3427 3722//3427 3674//3427
vn 0.4279 -0.8848 0.1844
usemtl leaf_5
f 3674//3428 3722//3428 3723//3428 3675//3428
vn 0.3642 -0.9308 0.0312
f 3675//3429 3723//3429 3724//3429 3676//3429
vn -0.1069 -0.9809 -0.1622
f 3676//3430 3724//3430 3725//3430 3677//3430
vn -0.7236 -0.4865 -0.4896
usemtl leaf_4
f 3677//3431 3725//3431 3726//3431 3678//3431
vn 0.2048 -0.9384 0.2784
f 3678//3432 3726//3432 3727//3432 3679//3432
vn 0.5861 -0.3803 0.7154
f 3679//3433 3727//3433 3728//3433 3680//3433
vn 0.2828 -0.7986 0.5312
usemtl leaf_5
f 3680//3434 3728//3434 3729//3434 3681//3434
vn -0.1050 -0.9931 0.0519
f 3681//3435 3729//3435 3730//3435 3682//3435
vn -0.2675 -0.8036 -0.5317
f 3682//3436 3730//3436 3731//3436 3683//3436
vn -0.1164 -0.5938 -0.7961
f 3683//3437 3731//3437 3732//3437 3684//3437
vn 0.0645 -0.5691 -0.8197
f 3684//3438 3732//3438 3733//3438 3685//3438
vn 0.1711 -0.5595 -0.8110
f 3685//3439 3733//3439 3734//3439 3686//3439
vn -0.1050 -0.4863 0.8675
usemtl leaf_4
f 3686//3440 3734//3440 3735//3440 3687//3440
vn -0.0562 -0.8150 0.5767
usemtl leaf_5
f 3687//3441 3735//3441 3736//3441 3688//3441
vn -0.1625 -0.8830 0.4404
usemtl leaf_4
f 3688//3442 3736//3442 3737//3442 3689//3442
vn -0.5162 -0.4886 0.7034
f 3689//3443 3737//3443 3738//3443 3690//3443
vn 0.3793 -0.7803 -0.4973
usemtl leaf_5
f 3690//3444 3738//3444 3739//3444 3691//3444
vn 0.0144 -0.9920 -0.1251
f 3691//3445 3739//3445 3740//3445 3692//3445
vn 0.7801 -0.4205 -0.4633
usemtl leaf_4
f 3692//3446 3740//3446 3741//3446 3693//3446
vn -0.2176 -0.9482 0.2316
f 3693//3447 3741//3447 3742//3447 3694//3447
vn 0.6504 -0.7539 -0.0925
f 3694//3448 3742//3448 3743//3448 3695//3448
vn -0.5437 -0.8231 0.1639
usemtl leaf_5
f 3695//3449 3743//3449 3744//3449 3696//3449
vn -0.9060 -0.4219 0.0329
f 3696//3450 3744//3450 3745//3450 3697//3450
vn -0.6867 -0.7219 -0.0855
f 3697//3451 3745//3451 3746//3451 3698//3451
vn 0.6849 -0.7253 0.0690
f 3698//3452 3746//3452 3747//3452 3699//3452
vn 0.7561 -0.6143 0.2256
f 3699//3453 3747//3453 3748//3453 3700//3453
vn 0.4639 -0.8505 0.2477
usemtl leaf_4
f 3700//3454 3748//3454 3749//3454 3701//3454
vn 0.3282 -0.8964 0.2979
usemtl leaf_5
f 3701//3455 3749//3455 3750//3455 3702//3455
vn -0.6750 -0.4732 -0.5661
usemtl leaf_4
f 3702//3456 3750//3456 3751//3456 3703//3456
vn 0.5510 -0.4251 0.7181
usemtl leaf_5
f 3703//3457 3751//3457 3752//3457 3704//3457
vn -0.3581 -0.7624 -0.5390
f 3704//3458 3752//3458 3753//3458 3705//3458
vn 0.1014 -0.9872 -0.1228
f 3705//3459 3753//3459 3754//3459 3706//3459
vn 0.2868 -0.9236 0.2543
f 3706//3460 3754//3460 3755//3460 3707//3460
vn -0.0769 -0.5235 -0.8485
f 3707//3461 3755//3461 3756//3461 3708//3461
vn 0.1162 -0.8870 0.4469
f 3708//3462 3756//3462 3757//3462 3709//3462
vn 0.0495 -0.8699 0.4907
f 3709//3463 3757//3463 3758//3463 3710//3463
vn -0.1564 -0.7144 0.6820
f 3710//3464 3758//3464 3759//3464 3711//3464
vn 0.2373 -0.5136 -0.8245
f 3711//3465 3759//3465 3760//3465 3712//3465
vn 0.4010 -0.4284 -0.8097
f 3712//3466 3760//3466 3761//3466 3713//3466
vn -0.2762 -0.8258 0.4916
f 3713//3467 3761//3467 3762//3467 3714//3467
vn -0.1545 -0.9498 0.2721
f 3714//3468 3762//3468 3715//3468 3667//3468
vn 0.2861 -0.9495 -0.1289
f 3715//3469 3763//3469 3764//3469 3716//3469
vn -0.3139 -0.9229 0.2229
f 3716//3470 3764//3470 3765//3470 3717//3470
vn 0.5376 -0.8003 -0.2657
f 3717//3471 3765//3471 3766//3471 3718//3471
vn -0.7151 -0.6674 0.2076
f 3718//3472 3766//3472 3767//3472 3719//3472
vn 0.2918 -0.9541 -0.0680
f 3719//3473 3767//3473 3768//3473 3720//3473
vn -0.6910 -0.7214 0.0464
f 3720//3474 3768//3474 3769//3474 3721//3474
vn 0.5230 -0.8520 0.0234
f 3721//3475 3769//3475 3770//3475 3722//3475
vn 0.5777 -0.8146 0.0508
f 3722//3476 3770//3476 3771//3476 3723//3476
vn 0.0580 -0.9981 0.0199
f 3723//3477 3771//3477 3772//3477 3724//3477
vn -0.1596 -0.9852 -0.0627
f 3724//3478 3772//3478 3773//3478 3725//3478
vn -0.3682 -0.8560 -0.3630
f 3725//3479 3773//3479 3774//3479 3726//3479
vn -0.1153 -0.9788 -0.1694
f 3726//3480 3774//3480 3775//3480 3727//3480
vn 0.2562 -0.8415 0.4757
f 3727//3481 3775//3481 3776//3481 3728//3481
vn 0.2220 -0.8722 0.4358
f 3728//3482 3776//3482 3777//3482 3729//3482
vn -0.0820 -0.9662 -0.2445
f 3729//3483 3777//3483 3778//3483 3730//3483
vn 0.0022 -0.9983 -0.0591
f 3730//3484 3778//3484 3779//3484 3731//3484
vn -0.0681 -0.9831 -0.1701
f 3731//3485 3779//3485 3780//3485 3732//3485
vn -0.0794 -0.9705 -0.2277
f 3732//3486 3780//3486 3781//3486 3733//3486
vn 0.0751 -0.9922 0.0999
f 3733//3487 3781//3487 3782//3487 3734//3487
vn 0.0406 -0.9899 0.1358
f 3734//3488 3782//3488 3783//3488 3735//3488
vn -0.0688 -0.9933 0.0930
f 3735//3489 3783//3489 3784//3489 3736//3489
vn 0.0528 -0.9939 -0.0968
f 3736//3490 3784//3490 3785//3490 3737//3490
vn -0.0416 -0.9943 -0.0979
f 3737//3491 3785//3491 3786//3491 3738//3491
vn -0.0895 -0.9949 -0.0473
f 3738//3492 3786//3492 3787//3492 3739//3492
vn -0.0984 -0.9924 0.0743
f 3739//3493 3787//3493 3788//3493 3740//3493
vn 0.1725 -0.9786 -0.1124
f 3740//3494 3788//3494 3789//3494 3741//3494
vn -0.1009 -0.9932 0.0583
f 3741//3495 3789//3495 3790//3495 3742//3495
vn 0.4104 -0.8995 -0.1499
f 3742//3496 3790//3496 3791//3496 3743//3496
vn -0.1606 -0.9870 -0.0104
f 3743//3497 3791//3497 3792//3497 3744//3497
vn -0.6049 -0.7948 0.0487
usemtl leaf_4
f 3744//3498 3792//3498 3793//3498 3745//3498
vn 0.0617 -0.9980 0.0152
usemtl leaf_5
f 3745//3499 3793//3499 3794//3499 3746//3499
vn 0.5171 -0.8504 0.0967
f 3746//3500 3794//3500 3795//3500 3747//3500
vn -0.2299 -0.9703 -0.0749
usemtl leaf_4
f 3747//3501 3795//3501 3796//3501 3748//3501
vn -0.0203 -0.9959 0.0877
usemtl leaf_5
f 3748//3502 3796//3502 3797//3502 3749//3502
vn -0.2930 -0.9555 -0.0352
f 3749//3503 3797//3503 3798//3503 3750//3503
vn 0.1035 -0.9840 0.1450
f 3750//3504 3798//3504 3799//3504 3751//3504
vn 0.2815 -0.9124 0.2972
f 3751//3505 3799//3505 3800//3505 3752//3505
vn 0.0329 -0.9985 0.0431
usemtl leaf_4
f 3752//3506 3800//3506 3801//3506 3753//3506
vn 0.2267 -0.8611 0.4551
usemtl leaf_5
f 3753//3507 3801//3507 3802//3507 3754//3507
vn -0.1913 -0.8714 -0.4517
usemtl leaf_4
f 3754//3508 3802//3508 3803//3508 3755//3508
vn -0.1244 -0.9266 -0.3549
usemtl leaf_5
f 3755//3509 3803//3509 3804//3509 3756//3509
vn -0.0234 -0.9728 0.2306
f 3756//3510 3804//3510 3805//3510 3757//3510
vn -0.0598 -0.9910 -0.1194
f 3757//3511 3805//3511 3806//3511 3758//3511
vn -0.0753 -0.9776 -0.1966
f 3758//3512 3806//3512 3807//3512 3759//3512
vn 0.0492 -0.9879 -0.1473
f 3759//3513 3807//3513 3808//3513 3760//3513
vn 0.2025 -0.9593 -0.1967
f 3760//3514 3808//3514 3809//3514 3761//3514
vn -0.0530 -0.9951 0.0833
f 3761//3515 3809//3515 3810//3515 3762//3515
vn -0.1988 -0.9491 0.2442
f 3762//3516 3810//3516 3763//3516 3715//3516
vn 0.1802 -0.9723 -0.1486
f 3763//3517 3811//3517 3812//3517 3764//3517
vn 0.0036 -0.9982 -0.0590
f 3764//3518 3812//3518 3813//3518 3765//3518
vn 0.0608 -0.9981 0.0128
f 3765//3519 3813//3519 3814//3519 3766//3519
vn -0.2718 -0.9551 0.1183
f 3766//3520 3814//3520 3815//3520 3767//3520
vn -0.0716 -0.9971 0.0263
f 3767//3521 3815//3521 3816//3521 3768//3521
vn -0.3007 -0.9535 -0.0212
usemtl leaf_4
f 3768//3522 3816//3522 3817//3522 3769//3522
vn 0.1706 -0.9849 0.0308
usemtl leaf_5
f 3769//3523 3817//3523 3818//3523 3770//3523
vn 0.3961 -0.8937 0.2109
f 3770//3524 3818//3524 3819//3524 3771//3524
vn -0.1249 -0.9920 0.0166
usemtl leaf_4
f 3771//3525 3819//3525 3820//3525 3772//3525
vn 0.1681 -0.9824 0.0819
usemtl leaf_5
f 3772//3526 3820//3526 3821//3526 3773//3526
vn -0.1673 -0.9740 -0.1530
f 3773//3527 3821//3527 3822//3527 3774//3527
vn -0.1951 -0.9497 -0.2449
f 3774//3528 3822//3528 3823//3528 3775//3528
vn 0.2613 -0.9546 0.1434
f 3775//3529 3823//3529 3824//3529 3776//3529
vn -0.0501 -0.9976 0.0483
f 3776//3530 3824//3530 3825//3530 3777//3530
vn -0.1174 -0.9830 0.1410
f 3777//3531 3825//3531 3826//3531 3778//3531
vn 0.0148 -0.9900 0.1405
f 3778//3532 3826//3532 3827//3532 3779//3532
vn 0.0976 -0.9942 -0.0458
f 3779//3533 3827//3533 3828//3533 3780//3533
vn 0.1460 -0.9791 -0.1419
f 3780//3534 3828//3534 3829//3534 3781//3534
vn 0.0132 -0.9928 0.1191
f 3781//3535 3829//3535 3830//3535 3782//3535
vn 0.0295 -0.9976 -0.0628
f 3782//3536 3830//3536 3831//3536 3783//3536
vn 0.0517 -0.9929 -0.1074
f 3783//3537 3831//3537 3832//3537 3784//3537
vn -0.0248 -0.9859 -0.1657
f 3784//3538 3832//3538 3833//3538 3785//3538
vn 0.0328 -0.9849 -0.1699
f 3785//3539 3833//3539 3834//3539 3786//3539
vn -0.1933 -0.9672 0.1649
f 3786//3540 3834//3540 3835//3540 3787//3540
vn -0.0753 -0.9972 0.0041
f 3787//3541 3835//3541 3836//3541 3788//3541
vn 0.0903 -0.9888 -0.1185
f 3788//3542 3836//3542 3837//3542 3789//3542
vn -0.2714 -0.9542 0.1258
usemtl leaf_4
f 3789//3543 3837//3543 3838//3543 3790//3543
vn 0.2542 -0.9659 0.0487
usemtl leaf_5
f 3790//3544 3838//3544 3839//3544 3791//3544
vn 0.1748 -0.9839 0.0367
f 3791//3545 3839//3545 3840//3545 3792//3545
vn -0.2012 -0.9660 -0.1626
usemtl leaf_4
f 3792//3546 3840//3546 3841//3546 3793//3546
vn 0.1144 -0.9657 -0.2331
f 3793//3547 3841//3547 3842//3547 3794//3547
vn -0.0457 -0.9941 -0.0982
usemtl leaf_5
f 3794//3548 3842//3548 3843//3548 3795//3548
vn -0.2388 -0.9700 -0.0448
usemtl leaf_4
f 3795//3549 3843//3549 3844//3549 3796//3549
vn -0.0391 -0.9992 -0.0000
usemtl leaf_5
f 3796//3550 3844//3550 3845//3550 3797//3550
vn -0.2762 -0.9467 -0.1658
f 3797//3551 3845//3551 3846//3551 3798//3551
vn 0.3181 -0.8760 0.3625
f 3798//3552 3846//3552 3847//3552 3799//3552
vn -0.0370 -0.9984 0.0431
usemtl leaf_4
f 3799//3553 3847//3553 3848//3553 3800//3553
vn 0.0479 -0.9811 0.1875
f 3800//3554 3848//3554 3849//3554 3801//3554
vn 0.2025 -0.8933 0.4014
usemtl leaf_5
f 3801//3555 3849//3555 3850//3555 3802//3555
vn 0.0567 -0.9400 -0.3366
usemtl leaf_4
f 3802//3556 3850//3556 3851//3556 3803//3556
vn 0.1016 -0.9443 -0.3130
usemtl leaf_5
f 3803//3557 3851//3557 3852//3557 3804//3557
vn 0.1302 -0.9669 0.2193
f 3804//3558 3852//3558 3853//3558 3805//3558
vn 0.1622 -0.9649 -0.2067
usemtl leaf_4
f 3805//3559 3853//3559 3854//3559 3806//3559
vn 0.1404 -0.9471 -0.2886
usemtl leaf_5
f 3806//3560 3854//3560 3855//3560 3807//3560
vn -0.0790 -0.9893 0.1230
f 3807//3561 3855//3561 3856//3561 3808//3561
vn 0.0446 -0.9768 -0.2095
f 3808//3562 3856//3562 3857//3562 3809//3562
vn 0.0382 -0.9851 -0.1677
f 3809//3563 3857//3563 3858//3563 3810//3563
vn -0.3579 -0.8732 0.3308
f 3810//3564 3858//3564 3811//3564 3763//3564
vn 0.1751 -0.9813 -0.0800
usemtl leaf_4
f 3811//3565 3859//3565 3860//3565 3812//3565
vn 0.1342 -0.9904 -0.0345
usemtl leaf_5
f 3812//3566 3860//3566 3861//3566 3813//3566
vn -0.0141 -0.9972 -0.0739
f 3813//3567 3861//3567 3862//3567 3814//3567
vn -0.2318 -0.9727 0.0126
f 3814//3568 3862//3568 3863//3568 3815//3568
vn -0.1245 -0.9919 0.0241
f 3815//3569 3863//3569 3864//3569 3816//3569
vn 0.0243 -0.9994 -0.0241
usemtl leaf_4
f 3816//3570 3864//3570 3865//3570 3817//3570
vn -0.3317 -0.9434 -0.0081
usemtl leaf_5
f 3817//3571 3865//3571 3866//3571 3818//3571
vn 0.3846 -0.9093 0.1587
usemtl leaf_4
f 3818//3572 3866//3572 3867//3572 3819//3572
vn -0.1689 -0.9841 0.0553
usemtl leaf_5
f 3819//3573 3867//3573 3868//3573 3820//3573
vn 0.3487 -0.9036 0.2489
f 3820//3574 3868//3574 3869//3574 3821//3574
vn -0.1942 -0.9679 -0.1594
f 3821//3575 3869//3575 3870//3575 3822//3575
vn -0.0380 -0.9971 -0.0654
f 3822//3576 3870//3576 3871//3576 3823//3576
vn 0.0024 -0.9974 0.0716
f 3823//3577 3871//3577 3872//3577 3824//3577
vn -0.3074 -0.9066 -0.2890
f 3824//3578 3872//3578 3873//3578 3825//3578
vn 0.0619 -0.9369 0.3440
f 3825//3579 3873//3579 3874//3579 3826//3579
vn -0.1327 -0.9905 0.0349
f 3826//3580 3874//3580 3875//3580 3827//3580
vn -0.1212 -0.9417 0.3138
f 3827//3581 3875//3581 3876//3581 3828//3581
vn 0.0161 -0.9897 0.1421
f 3828//3582 3876//3582 3877//3582 3829//3582
vn 0.1366 -0.9783 -0.1561
f 3829//3583 3877//3583 3878//3583 3830//3583
vn 0.0290 -0.9941 -0.1046
f 3830//3584 3878//3584 3879//3584 3831//3584
vn 0.0091 -0.9779 -0.2090
f 3831//3585 3879//3585 3880//3585 3832//3585
vn 0.0325 -0.9965 -0.0766
f 3832//3586 3880//3586 3881//3586 3833//3586
vn 0.0732 -0.9667 -0.2452
usemtl leaf_4
f 3833//3587 3881//3587 3882//3587 3834//3587
vn -0.2975 -0.9462 0.1270
usemtl leaf_5
f 3834//3588 3882//3588 3883//3588 3835//3588
vn -0.1268 -0.9894 0.0703
f 3835//3589 3883//3589 3884//3589 3836//3589
vn 0.1201 -0.9905 -0.0674
f 3836//3590 3884//3590 3885//3590 3837//3590
vn -0.3305 -0.9303 0.1593
f 3837//3591 3885//3591 3886//3591 3838//3591
vn -0.0067 -0.9987 0.0505
f 3838//3592 3886//3592 3887//3592 3839//3592
vn 0.3792 -0.9253 -0.0058
f 3839//3593 3887//3593 3888//3593 3840//3593
vn 0.1464 -0.9887 0.0327
usemtl leaf_4
f 3840//3594 3888//3594 3889//3594 3841//3594
vn 0.1088 -0.9938 -0.0231
f 3841//3595 3889//3595 3890//3595 3842//3595
vn -0.2336 -0.9591 -0.1597
usemtl leaf_5
f 3842//3596 3890//3596 3891//3596 3843//3596
vn -0.1769 -0.9671 -0.1830
f 3843//3597 3891//3597 3892//3597 3844//3597
vn -0.1276 -0.9887 -0.0785
f 3844//3598 3892//3598 3893//3598 3845//3598
vn -0.1602 -0.9823 -0.0968
f 3845//3599 3893//3599 3894//3599 3846//3599
vn 0.1806 -0.9644 0.1930
f 3846//3600 3894//3600 3895//3600 3847//3600
vn 0.1445 -0.9789 0.1442
usemtl leaf_4
f 3847//3601 3895//3601 3896//3601 3848//3601
vn 0.1933 -0.9779 0.0795
usemtl leaf_5
f 3848//3602 3896//3602 3897//3602 3849//3602
vn 0.1810 -0.9442 0.2753
usemtl leaf_3
f 3849//3603 3897//3603 3898//3603 3850//3603
vn -0.0450 -0.9960 -0.0774
f 3850//3604 3898//3604 3899//3604 3851//3604
vn -0.0277 -0.9684 -0.2479
usemtl leaf_4
f 3851//3605 3899//3605 3900//3605 3852//3605
vn 0.0140 -0.9915 0.1293
usemtl leaf_5
f 3852//3606 3900//3606 3901//3606 3853//3606
vn -0.0565 -0.9441 -0.3248
usemtl leaf_4
f 3853//3607 3901//3607 3902//3607 3854//3607
vn -0.0388 -0.9930 -0.1112
usemtl leaf_5
f 3854//3608 3902//3608 3903//3608 3855//3608
vn 0.0361 -0.9986 -0.0383
f 3855//3609 3903//3609 3904//3609 3856//3609
vn 0.0523 -0.9960 -0.0730
f 3856//3610 3904//3610 3905//3610 3857//3610
vn 0.0863 -0.9963 0.0049
f 3857//3611 3905//3611 3906//3611 3858//3611
vn -0.2116 -0.9160 0.3408
f 3858//3612 3906//3612 3859//3612 3811//3612
vn 0.0004 -0.9990 0.0454
f 3859//3613 3907//3613 3908//3613 3860//3613
vn 0.1574 -0.9859 0.0567
f 3860//3614 3908//3614 3909//3614 3861//3614
vn 0.2567 -0.9660 0.0315
f 3861//3615 3909//3615 3910//3615 3862//3615
vn -0.1658 -0.9839 0.0668
f 3862//3616 3910//3616 3911//3616 3863//3616
vn -0.1389 -0.9903 0.0070
f 3863//3617 3911//3617 3912//3617 3864//3617
vn -0.0638 -0.9950 0.0764
f 3864//3618 3912//3618 3913//3618 3865//3618
vn -0.2281 -0.9732 0.0287
usemtl leaf_3
f 3865//3619 3913//3619 3914//3619 3866//3619
vn 0.2593 -0.9626 0.0787
usemtl leaf_5
f 3866//3620 3914//3620 3915//3620 3867//3620
vn -0.1797 -0.9835 -0.0190
f 3867//3621 3915//3621 3916//3621 3868//3621
vn 0.2531 -0.9286 0.2713
f 3868//3622 3916//3622 3917//3622 3869//3622
vn -0.0289 -0.9966 0.0767
f 3869//3623 3917//3623 3918//3623 3870//3623
vn -0.1499 -0.9841 -0.0952
f 3870//3624 3918//3624 3919//3624 3871//3624
vn -0.0278 -0.9987 0.0427
f 3871//3625 3919//3625 3920//3625 3872//3625
vn -0.2579 -0.9114 -0.3208
f 3872//3626 3920//3626 3921//3626 3873//3626
vn -0.1208 -0.9663 0.2275
usemtl leaf_4
f 3873//3627 3921//3627 3922//3627 3874//3627
vn -0.1150 -0.9798 0.1637
usemtl leaf_5
f 3874//3628 3922//3628 3923//3628 3875//3628
vn 0.0891 -0.9314 0.3530
f 3875//3629 3923//3629 3924//3629 3876//3629
vn 0.0179 -0.9787 0.2046
f 3876//3630 3924//3630 3925//3630 3877//3630
vn -0.0526 -0.9778 -0.2029
f 3877//3631 3925//3631 3926//3631 3878//3631
vn 0.0231 -0.9941 -0.1058
f 3878//3632 3926//3632 3927//3632 3879//3632
vn 0.0918 -0.9866 -0.1351
f 3879//3633 3927//3633 3928//3633 3880//3633
vn 0.0175 -0.9707 -0.2396
f 3880//3634 3928//3634 3929//3634 3881//3634
vn 0.0023 -0.9960 -0.0891
usemtl leaf_4
f 3881//3635 3929//3635 3930//3635 3882//3635
vn -0.0526 -0.9982 -0.0272
usemtl leaf_3
f 3882//3636 3930//3636 3931//3636 3883//3636
vn -0.3381 -0.9383 0.0722
usemtl leaf_4
f 3883//3637 3931//3637 3932//3637 3884//3637
vn -0.0042 -0.9984 -0.0557
usemtl leaf_5
f 3884//3638 3932//3638 3933//3638 3885//3638
vn -0.1870 -0.9824 -0.0027
f 3885//3639 3933//3639 3934//3639 3886//3639
vn -0.2049 -0.9780 -0.0400
f 3886//3640 3934//3640 3935//3640 3887//3640
vn 0.2508 -0.9670 -0.0442
f 3887//3641 3935//3641 3936//3641 3888//3641
vn 0.1204 -0.9922 0.0318
usemtl leaf_4
f 3888//3642 3936//3642 3937//3642 3889//3642
vn 0.1370 -0.9880 0.0719
usemtl leaf_5
f 3889//3643 3937//3643 3938//3643 3890//3643
vn -0.1029 -0.9946 0.0142
f 3890//3644 3938//3644 3939//3644 3891//3644
vn -0.2004 -0.9779 -0.0592
f 3891//3645 3939//3645 3940//3645 3892//3645
vn -0.1617 -0.9818 -0.0998
f 3892//3646 3940//3646 3941//3646 3893//3646
vn 0.1664 -0.9854 -0.0347
f 3893//3647 3941//3647 3942//3647 3894//3647
vn 0.2379 -0.9685 -0.0741
f 3894//3648 3942//3648 3943//3648 3895//3648
vn 0.2155 -0.9751 0.0520
f 3895//3649 3943//3649 3944//3649 3896//3649
vn 0.0917 -0.9932 0.0721
usemtl leaf_4
f 3896//3650 3944//3650 3945//3650 3897//3650
vn -0.0107 -0.9995 0.0307
f 3897//3651 3945//3651 3946//3651 3898//3651
vn 0.0884 -0.9858 0.1428
usemtl leaf_5
f 3898//3652 3946//3652 3947//3652 3899//3652
vn 0.1384 -0.9765 -0.1653
usemtl leaf_4
f 3899//3653 3947//3653 3948//3653 3900//3653
vn 0.1077 -0.9915 -0.0730
f 3900//3654 3948//3654 3949//3654 3901//3654
vn 0.0827 -0.9215 -0.3794
usemtl leaf_5
f 3901//3655 3949//3655 3950//3655 3902//3655
vn -0.0046 -0.9990 0.0452
f 3902//3656 3950//3656 3951//3656 3903//3656
vn -0.0033 -0.9949 -0.1013
f 3903//3657 3951//3657 3952//3657 3904//3657
vn -0.0305 -0.9902 0.1361
f 3904//3658 3952//3658 3953//3658 3905//3658
vn 0.0544 -0.9662 0.2521
f 3905//3659 3953//3659 3954//3659 3906//3659
vn 0.0982 -0.9944 0.0386
f 3906//3660 3954//3660 3907//3660 3859//3660
vn 0.2523 -0.9588 0.1304
f 3907//3661 3955//3661 3956//3661 3908//3661
vn 0.0857 -0.9919 0.0940
f 3908//3662 3956//3662 3957//3662 3909//3662
vn 0.1997 -0.9741 0.1063
f 3909//3663 3957//3663 3958//3663 3910//3663
vn 0.1582 -0.9800 0.1204
f 3910//3664 3958//3664 3959//3664 3911//3664
vn -0.1901 -0.9737 0.1258
f 3911//3665 3959//3665 3960//3665 3912//3665
vn 0.0255 -0.9994 0.0230
usemtl leaf_4
f 3912//3666 3960//3666 3961//3666 3913//3666
vn -0.0897 -0.9947 -0.0500
usemtl leaf_5
f 3913//3667 3961//3667 3962//3667 3914//3667
vn -0.0678 -0.9945 0.0803
f 3914//3668 3962//3668 3963//3668 3915//3668
vn -0.2124 -0.9635 0.1631
f 3915//3669 3963//3669 3964//3669 3916//3669
vn 0.0871 -0.9581 0.2727
usemtl leaf_4
f 3916//3670 3964//3670 3965//3670 3917//3670
vn -0.0385 -0.9620 0.2702
usemtl leaf_5
f 3917//3671 3965//3671 3966//3671 3918//3671
vn -0.3756 -0.9263 0.0296
f 3918//3672 3966//3672 3967//3672 3919//3672
vn -0.2676 -0.9384 0.2185
f 3919//3673 3967//3673 3968//3673 3920//3673
vn -0.2663 -0.9635 -0.0259
f 3920//3674 3968//3674 3969//3674 3921//3674
vn -0.0965 -0.9946 -0.0370
usemtl leaf_4
f 3921//3675 3969//3675 3970//3675 3922//3675
vn -0.0469 -0.9579 0.2833
usemtl leaf_5
f 3922//3676 3970//3676 3971//3676 3923//3676
vn -0.1453 -0.9223 0.3582
f 3923//3677 3971//3677 3972//3677 3924//3677
vn -0.1530 -0.9639 0.2180
f 3924//3678 3972//3678 3973//3678 3925//3678
vn -0.0222 -0.9938 -0.1089
f 3925//3679 3973//3679 3974//3679 3926//3679
vn -0.0256 -0.9994 -0.0231
f 3926//3680 3974//3680 3975//3680 3927//3680
vn -0.0058 -0.9508 -0.3097
f 3927//3681 3975//3681 3976//3681 3928//3681
vn 0.0091 -0.9654 -0.2607
f 3928//3682 3976//3682 3977//3682 3929//3682
vn -0.1377 -0.9885 -0.0625
f 3929//3683 3977//3683 3978//3683 3930//3683
vn -0.0261 -0.9671 -0.2532
f 3930//3684 3978//3684 3979//3684 3931//3684
vn -0.3179 -0.9481 0.0090
usemtl leaf_4
f 3931//3685 3979//3685 3980//3685 3932//3685
vn -0.2395 -0.9667 -0.0905
usemtl leaf_5
f 3932//3686 3980//3686 3981//3686 3933//3686
vn -0.0463 -0.9852 -0.1648
f 3933//3687 3981//3687 3982//3687 3934//3687
vn -0.3195 -0.9452 -0.0680
f 3934//3688 3982//3688 3983//3688 3935//3688
vn 0.1461 -0.9752 -0.1665
f 3935//3689 3983//3689 3984//3689 3936//3689
vn -0.0009 -0.9954 -0.0954
f 3936//3690 3984//3690 3985//3690 3937//3690
vn 0.1632 -0.9844 -0.0652
usemtl leaf_4
f 3937//3691 3985//3691 3986//3691 3938//3691
vn 0.0797 -0.9868 -0.1413
f 3938//3692 3986//3692 3987//3692 3939//3692
vn -0.0414 -0.9612 -0.2726
usemtl leaf_5
f 3939//3693 3987//3693 3988//3693 3940//3693
vn -0.0568 -0.9558 -0.2886
f 3940//3694 3988//3694 3989//3694 3941//3694
vn 0.2521 -0.9675 -0.0221
f 3941//3695 3989//3695 3990//3695 3942//3695
vn 0.1462 -0.9882 -0.0453
f 3942//3696 3990//3696 3991//3696 3943//3696
vn 0.2176 -0.9758 -0.0205
usemtl leaf_4
f 3943//3697 3991//3697 3992//3697 3944//3697
vn 0.1959 -0.9757 -0.0978
usemtl leaf_5
f 3944//3698 3992//3698 3993//3698 3945//3698
vn 0.1756 -0.9778 -0.1146
usemtl leaf_4
f 3945//3699 3993//3699 3994//3699 3946//3699
vn 0.2210 -0.9601 0.1712
usemtl leaf_3
f 3946//3700 3994//3700 3995//3700 3947//3700
vn 0.0530 -0.9841 -0.1694
usemtl leaf_5
f 3947//3701 3995//3701 3996//3701 3948//3701
vn 0.0469 -0.9900 -0.1328
usemtl leaf_4
f 3948//3702 3996//3702 3997//3702 3949//3702
vn 0.0711 -0.9396 -0.3348
usemtl leaf_5
f 3949//3703 3997//3703 3998//3703 3950//3703
vn 0.0303 -0.9995 -0.0098
f 3950//3704 3998//3704 3999//3704 3951//3704
vn 0.0784 -0.9964 0.0315
f 3951//3705 3999//3705 4000//3705 3952//3705
vn 0.0040 -0.9073 0.4204
f 3952//3706 4000//3706 4001//3706 3953//3706
vn 0.1044 -0.9570 0.2708
usemtl leaf_4
f 3953//3707 4001//3707 4002//3707 3954//3707
vn 0.2912 -0.9448 0.1499
usemtl leaf_5
f 3954//3708 4002//3708 3955//3708 3907//3708
vn 0.4404 -0.8072 0.3931
usemtl leaf_4
f 3955//3709 4003//3709 4004//3709 3956//3709
vn 0.4558 -0.7549 0.4715
usemtl leaf_5
f 3956//3710 4004//3710 4005//3710 3957//3710
vn 0.3090 -0.8348 0.4556
f 3957//3711 4005//3711 4006//3711 3958//3711
vn 0.3795 -0.8447 0.3774
f 3958//3712 4006//3712 4007//3712 3959//3712
vn 0.0880 -0.9535 0.2881
f 3959//3713 4007//3713 4008//3713 3960//3713
vn 0.1191 -0.9804 0.1572
f 3960//3714 4008//3714 4009//3714 3961//3714
vn -0.1816 -0.9633 0.1975
f 3961//3715 4009//3715 4010//3715 3962//3715
vn -0.2535 -0.9513 0.1756
f 3962//3716 4010//3716 4011//3716 3963//3716
vn -0.3225 -0.9280 0.1865
f 3963//3717 4011//3717 4012//3717 3964//3717
vn -0.1763 -0.8711 0.4584
usemtl leaf_4
f 3964//3718 4012//3718 4013//3718 3965//3718
vn -0.4045 -0.7758 0.4842
usemtl leaf_5
f 3965//3719 4013//3719 4014//3719 3966//3719
vn -0.5476 -0.7578 0.3548
usemtl leaf_4
f 3966//3720 4014//3720 4015//3720 3967//3720
vn -0.3567 -0.8596 0.3658
f 3967//3721 4015//3721 4016//3721 3968//3721
vn -0.3018 -0.8991 0.3170
usemtl leaf_5
f 3968//3722 4016//3722 4017//3722 3969//3722
vn -0.3077 -0.9383 0.1581
f 3969//3723 4017//3723 4018//3723 3970//3723
vn -0.1514 -0.9484 0.2785
f 3970//3724 4018//3724 4019//3724 3971//3724
vn -0.1217 -0.9537 0.2750
f 3971//3725 4019//3725 4020//3725 3972//3725
vn -0.1799 -0.9558 0.2327
f 3972//3726 4020//3726 4021//3726 3973//3726
vn -0.2826 -0.9481 -0.1460
f 3973//3727 4021//3727 4022//3727 3974//3727
vn -0.3393 -0.9201 -0.1955
f 3974//3728 4022//3728 4023//3728 3975//3728
vn -0.2376 -0.8420 -0.4844
f 3975//3729 4023//3729 4024//3729 3976//3729
vn -0.3265 -0.8304 -0.4514
f 3976//3730 4024//3730 4025//3730 3977//3730
vn -0.4098 -0.8079 -0.4236
f 3977//3731 4025//3731 4026//3731 3978//3731
vn -0.3431 -0.7811 -0.5217
usemtl leaf_4
f 3978//3732 4026//3732 4027//3732 3979//3732
vn -0.5467 -0.7703 -0.3283
usemtl leaf_5
f 3979//3733 4027//3733 4028//3733 3980//3733
vn -0.4660 -0.7886 -0.4012
usemtl leaf_4
f 3980//3734 4028//3734 4029//3734 3981//3734
vn -0.3359 -0.8578 -0.3891
usemtl leaf_5
f 3981//3735 4029//3735 4030//3735 3982//3735
vn -0.3598 -0.8879 -0.2866
f 3982//3736 4030//3736 4031//3736 3983//3736
vn -0.0578 -0.9531 -0.2972
f 3983//3737 4031//3737 4032//3737 3984//3737
vn -0.0562 -0.9765 -0.2081
f 3984//3738 4032//3738 4033//3738 3985//3738
vn 0.1598 -0.9711 -0.1772
usemtl leaf_4
f 3985//3739 4033//3739 4034//3739 3986//3739
vn 0.2050 -0.9647 -0.1654
usemtl leaf_5
f 3986//3740 4034//3740 4035//3740 3987//3740
vn 0.0577 -0.9639 -0.2601
f 3987//3741 4035//3741 4036//3741 3988//3741
vn 0.3061 -0.8687 -0.3895
f 3988//3742 4036//3742 4037//3742 3989//3742
vn 0.4262 -0.7684 -0.4774
f 3989//3743 4037//3743 4038//3743 3990//3743
vn 0.5530 -0.7496 -0.3637
f 3990//3744 4038//3744 4039//3744 3991//3744
vn 0.5863 -0.7445 -0.3193
f 3991//3745 4039//3745 4040//3745 3992//3745
vn 0.3723 -0.8355 -0.4040
usemtl leaf_4
f 3992//3746 4040//3746 4041//3746 3993//3746
vn 0.3413 -0.9100 -0.2355
usemtl leaf_5
f 3993//3747 4041//3747 4042//3747 3994//3747
vn 0.3135 -0.9485 -0.0451
usemtl leaf_4
f 3994//3748 4042//3748 4043//3748 3995//3748
vn 0.2033 -0.9473 -0.2476
f 3995//3749 4043//3749 4044//3749 3996//3749
vn 0.1761 -0.9672 -0.1831
f 3996//3750 4044//3750 4045//3750 3997//3750
vn 0.2792 -0.9523 -0.1233
usemtl leaf_5
f 3997//3751 4045//3751 4046//3751 3998//3751
vn 0.4193 -0.8974 0.1375
f 3998//3752 4046//3752 4047//3752 3999//3752
vn 0.4303 -0.7996 0.4189
f 3999//3753 4047//3753 4048//3753 4000//3753
vn 0.3279 -0.7875 0.5219
f 4000//3754 4048//3754 4049//3754 4001//3754
vn 0.3336 -0.8868 0.3198
f 4001//3755 4049//3755 4050//3755 4002//3755
vn 0.2716 -0.8979 0.3465
f 4002//3756 4050//3756 4003//3756 3955//3756
vn 0.5123 -0.5328 0.6736
usemtl leaf_4
f 4003//3757 4051//3757 4052//3757 4004//3757
vn 0.6158 -0.5886 0.5238
f 4004//3758 4052//3758 4053//3758 4005//3758
vn 0.4689 -0.6480 0.6003
usemtl leaf_5
f 4005//3759 4053//3759 4054//3759 4006//3759
vn 0.5334 -0.7121 0.4564
f 4006//3760 4054//3760 4055//3760 4007//3760
vn 0.3003 -0.7973 0.5236
usemtl leaf_4
f 4007//3761 4055//3761 4056//3761 4008//3761
vn 0.1190 -0.7929 0.5976
usemtl leaf_5
f 4008//3762 4056//3762 4057//3762 4009//3762
vn -0.1445 -0.8529 0.5016
f 4009//3763 4057//3763 4058//3763 4010//3763
vn -0.3604 -0.8359 0.4140
f 4010//3764 4058//3764 4059//3764 4011//3764
vn -0.5155 -0.7643 0.3875
f 4011//3765 4059//3765 4060//3765 4012//3765
vn -0.5951 -0.6505 0.4719
f 4012//3766 4060//3766 4061//3766 4013//3766
vn -0.6178 -0.4972 0.6091
f 4013//3767 4061//3767 4062//3767 4014//3767
vn -0.6343 -0.4939 0.5947
f 4014//3768 4062//3768 4063//3768 4015//3768
vn -0.5514 -0.4970 0.6700
f 4015//3769 4063//3769 4064//3769 4016//3769
vn -0.6692 -0.5131 0.5375
usemtl leaf_4
f 4016//3770 4064//3770 4065//3770 4017//3770
vn -0.6208 -0.5763 0.5314
usemtl leaf_5
f 4017//3771 4065//3771 4066//3771 4018//3771
vn -0.5443 -0.6654 0.5109
f 4018//3772 4066//3772 4067//3772 4019//3772
vn -0.5420 -0.7276 0.4204
usemtl leaf_4
f 4019//3773 4067//3773 4068//3773 4020//3773
vn -0.6654 -0.7416 0.0854
usemtl leaf_5
f 4020//3774 4068//3774 4069//3774 4021//3774
vn -0.6199 -0.7790 -0.0938
f 4021//3775 4069//3775 4070//3775 4022//3775
vn -0.5284 -0.7194 -0.4509
f 4022//3776 4070//3776 4071//3776 4023//3776
vn -0.5399 -0.6343 -0.5533
usemtl leaf_4
f 4023//3777 4071//3777 4072//3777 4024//3777
vn -0.4533 -0.6620 -0.5969
usemtl leaf_5
f 4024//3778 4072//3778 4073//3778 4025//3778
vn -0.4971 -0.5843 -0.6415
f 4025//3779 4073//3779 4074//3779 4026//3779
vn -0.5597 -0.5943 -0.5775
usemtl leaf_4
f 4026//3780 4074//3780 4075//3780 4027//3780
vn -0.5963 -0.6094 -0.5225
usemtl leaf_5
f 4027//3781 4075//3781 4076//3781 4028//3781
vn -0.5398 -0.5178 -0.6637
usemtl leaf_4
f 4028//3782 4076//3782 4077//3782 4029//3782
vn -0.6251 -0.5082 -0.5925
usemtl leaf_5
f 4029//3783 4077//3783 4078//3783 4030//3783
vn -0.5148 -0.6078 -0.6046
f 4030//3784 4078//3784 4079//3784 4031//3784
vn -0.3316 -0.7332 -0.5936
usemtl leaf_4
f 4031//3785 4079//3785 4080//3785 4032//3785
vn -0.1250 -0.8249 -0.5513
f 4032//3786 4080//3786 4081//3786 4033//3786
vn 0.1677 -0.8485 -0.5020
f 4033//3787 4081//3787 4082//3787 4034//3787
vn 0.3420 -0.8195 -0.4600
usemtl leaf_5
f 4034//3788 4082//3788 4083//3788 4035//3788
vn 0.4056 -0.7214 -0.5613
f 4035//3789 4083//3789 4084//3789 4036//3789
vn 0.7076 -0.5215 -0.4768
f 4036//3790 4084//3790 4085//3790 4037//3790
vn 0.5614 -0.4686 -0.6821
f 4037//3791 4085//3791 4086//3791 4038//3791
vn 0.6553 -0.5075 -0.5595
f 4038//3792 4086//3792 4087//3792 4039//3792
vn 0.6432 -0.5957 -0.4811
usemtl leaf_4
f 4039//3793 4087//3793 4088//3793 4040//3793
vn 0.5834 -0.5570 -0.5911
usemtl leaf_5
f 4040//3794 4088//3794 4089//3794 4041//3794
vn 0.6612 -0.5644 -0.4942
usemtl leaf_4
f 4041//3795 4089//3795 4090//3795 4042//3795
vn 0.5478 -0.7222 -0.4222
f 4042//3796 4090//3796 4091//3796 4043//3796
vn 0.3810 -0.8483 -0.3679
f 4043//3797 4091//3797 4092//3797 4044//3797
vn 0.3750 -0.8961 -0.2373
f 4044//3798 4092//3798 4093//3798 4045//3798
vn 0.4320 -0.8853 0.1724
f 4045//3799 4093//3799 4094//3799 4046//3799
vn 0.5277 -0.7703 0.3581
usemtl leaf_5
f 4046//3800 4094//3800 4095//3800 4047//3800
vn 0.5075 -0.6472 0.5688
f 4047//3801 4095//3801 4096//3801 4048//3801
vn 0.5617 -0.5823 0.5877
f 4048//3802 4096//3802 4097//3802 4049//3802
vn 0.6589 -0.5167 0.5467
f 4049//3803 4097//3803 4098//3803 4050//3803
vn 0.5834 -0.4797 0.6554
f 4050//3804 4098//3804 4051//3804 4003//3804
vn 0.6537 -0.1931 0.7317
f 4051//3805 4099//3805 4100//3805 4052//3805
vn 0.7094 -0.2036 0.6747
usemtl leaf_4
f 4052//3806 4100//3806 4101//3806 4053//3806
vn 0.6349 -0.2907 0.7159
usemtl leaf_5
f 4053//3807 4101//3807 4102//3807 4054//3807
vn 0.6000 -0.2913 0.7451
usemtl leaf_4
f 4054//3808 4102//3808 4103//3808 4055//3808
vn 0.4307 -0.3492 0.8322
f 4055//3809 4103//3809 4104//3809 4056//3809
vn 0.1987 -0.5379 0.8193
f 4056//3810 4104//3810 4105//3810 4057//3810
vn -0.1254 -0.5511 0.8250
usemtl leaf_5
f 4057//3811 4105//3811 4106//3811 4058//3811
vn -0.5534 -0.4156 0.7218
f 4058//3812 4106//3812 4107//3812 4059//3812
vn -0.6634 -0.3083 0.6818
usemtl leaf_4
f 4059//3813 4107//3813 4108//3813 4060//3813
vn -0.8070 -0.2046 0.5540
f 4060//3814 4108//3814 4109//3814 4061//3814
vn -0.7041 -0.1747 0.6883
usemtl leaf_3
f 4061//3815 4109//3815 4110//3815 4062//3815
vn -0.6920 -0.1630 0.7032
usemtl leaf_5
f 4062//3816 4110//3816 4111//3816 4063//3816
vn -0.7047 -0.1355 0.6965
f 4063//3817 4111//3817 4112//3817 4064//3817
vn -0.6991 -0.1887 0.6897
usemtl leaf_4
f 4064//3818 4112//3818 4113//3818 4065//3818
vn -0.6836 -0.3140 0.6589
f 4065//3819 4113//3819 4114//3819 4066//3819
vn -0.7009 -0.3667 0.6117
f 4066//3820 4114//3820 4115//3820 4067//3820
vn -0.7497 -0.4360 0.4978
usemtl leaf_5
f 4067//3821 4115//3821 4116//3821 4068//3821
vn -0.8148 -0.5729 0.0881
f 4068//3822 4116//3822 4117//3822 4069//3822
vn -0.8637 -0.4627 -0.1997
f 4069//3823 4117//3823 4118//3823 4070//3823
vn -0.7757 -0.3725 -0.5095
f 4070//3824 4118//3824 4119//3824 4071//3824
vn -0.6803 -0.4075 -0.6092
f 4071//3825 4119//3825 4120//3825 4072//3825
vn -0.6425 -0.3128 -0.6996
f 4072//3826 4120//3826 4121//3826 4073//3826
vn -0.5685 -0.3042 -0.7644
usemtl leaf_4
f 4073//3827 4121//3827 4122//3827 4074//3827
vn -0.7287 -0.3161 -0.6076
usemtl leaf_5
f 4074//3828 4122//3828 4123//3828 4075//3828
vn -0.6146 -0.2840 -0.7359
f 4075//3829 4123//3829 4124//3829 4076//3829
vn -0.5487 -0.2611 -0.7942
f 4076//3830 4124//3830 4125//3830 4077//3830
vn -0.6429 -0.2059 -0.7377
usemtl leaf_4
f 4077//3831 4125//3831 4126//3831 4078//3831
vn -0.6228 -0.2056 -0.7549
f 4078//3832 4126//3832 4127//3832 4079//3832
vn -0.5533 -0.3647 -0.7489
f 4079//3833 4127//3833 4128//3833 4080//3833
vn -0.2623 -0.5913 -0.7626
usemtl leaf_5
f 4080//3834 4128//3834 4129//3834 4081//3834
vn 0.3001 -0.5752 -0.7610
usemtl leaf_4
f 4081//3835 4129//3835 4130//3835 4082//3835
vn 0.4429 -0.4674 -0.7651
usemtl leaf_5
f 4082//3836 4130//3836 4131//3836 4083//3836
vn 0.7379 -0.2537 -0.6254
f 4083//3837 4131//3837 4132//3837 4084//3837
vn 0.7260 -0.1687 -0.6666
usemtl leaf_4
f 4084//3838 4132//3838 4133//3838 4085//3838
vn 0.6969 -0.1868 -0.6924
usemtl leaf_5
f 4085//3839 4133//3839 4134//3839 4086//3839
vn 0.6688 -0.1346 -0.7311
f 4086//3840 4134//3840 4135//3840 4087//3840
vn 0.7119 -0.1996 -0.6734
f 4087//3841 4135//3841 4136//3841 4088//3841
vn 0.7038 -0.3074 -0.6405
f 4088//3842 4136//3842 4137//3842 4089//3842
vn 0.7685 -0.3280 -0.5494
usemtl leaf_3
f 4089//3843 4137//3843 4138//3843 4090//3843
vn 0.6428 -0.3554 -0.6786
usemtl leaf_5
f 4090//3844 4138//3844 4139//3844 4091//3844
vn 0.6853 -0.4900 -0.5388
usemtl leaf_4
f 4091//3845 4139//3845 4140//3845 4092//3845
vn 0.8293 -0.5321 -0.1706
usemtl leaf_5
f 4092//3846 4140//3846 4141//3846 4093//3846
vn 0.8373 -0.4692 0.2807
f 4093//3847 4141//3847 4142//3847 4094//3847
vn 0.7236 -0.3694 0.5830
f 4094//3848 4142//3848 4143//3848 4095//3848
vn 0.6912 -0.2269 0.6861
f 4095//3849 4143//3849 4144//3849 4096//3849
vn 0.6963 -0.1683 0.6978
usemtl leaf_4
f 4096//3850 4144//3850 4145//3850 4097//3850
vn 0.7747 -0.1969 0.6008
f 4097//3851 4145//3851 4146//3851 4098//3851
vn 0.6397 -0.2148 0.7380
f 4098//3852 4146//3852 4099//3852 4051//3852
vn 0.6896 0.0101 0.7242
f 4099//3853 4147//3853 4148//3853 4100//3853
vn 0.7009 -0.0060 0.7133
f 4100//3854 4148//3854 4149//3854 4101//3854
vn 0.6978 -0.0144 0.7162
f 4101//3855 4149//3855 4150//3855 4102//3855
vn 0.5523 -0.0706 0.8306
usemtl leaf_5
f 4102//3856 4150//3856 4151//3856 4103//3856
vn 0.5388 -0.1223 0.8335
usemtl leaf_4
f 4103//3857 4151//3857 4152//3857 4104//3857
vn 0.3195 -0.2191 0.9219
usemtl leaf_5
f 4104//3858 4152//3858 4153//3858 4105//3858
vn -0.2283 -0.2677 0.9361
usemtl leaf_4
f 4105//3859 4153//3859 4154//3859 4106//3859
vn -0.5796 -0.2232 0.7837
usemtl leaf_5
f 4106//3860 4154//3860 4155//3860 4107//3860
vn -0.7380 -0.1610 0.6553
f 4107//3861 4155//3861 4156//3861 4108//3861
vn -0.8302 -0.0858 0.5508
usemtl leaf_4
f 4108//3862 4156//3862 4157//3862 4109//3862
vn -0.7524 -0.0203 0.6583
f 4109//3863 4157//3863 4158//3863 4110//3863
vn -0.7075 0.0371 0.7058
usemtl leaf_2
f 4110//3864 4158//3864 4159//3864 4111//3864
vn -0.6863 -0.0123 0.7272
usemtl leaf_4
f 4111//3865 4159//3865 4160//3865 4112//3865
vn -0.5917 -0.1289 0.7958
usemtl leaf_3
f 4112//3866 4160//3866 4161//3866 4113//3866
vn -0.6739 -0.2117 0.7079
usemtl leaf_4
f 4113//3867 4161//3867 4162//3867 4114//3867
vn -0.8115 -0.1767 0.5570
usemtl leaf_5
f 4114//3868 4162//3868 4163//3868 4115//3868
vn -0.8717 -0.0830 0.4830
usemtl leaf_4
f 4115//3869 4163//3869 4164//3869 4116//3869
vn -0.9860 -0.0690 0.1518
usemtl leaf_5
f 4116//3870 4164//3870 4165//3870 4117//3870
vn -0.9456 -0.1455 -0.2909
usemtl leaf_4
f 4117//3871 4165//3871 4166//3871 4118//3871
vn -0.8559 -0.1085 -0.5057
f 4118//3872 4166//3872 4167//3872 4119//3872
vn -0.7826 -0.0327 -0.6216
usemtl leaf_5
f 4119//3873 4167//3873 4168//3873 4120//3873
vn -0.7130 -0.0965 -0.6945
f 4120//3874 4168//3874 4169//3874 4121//3874
vn -0.6663 -0.1702 -0.7260
usemtl leaf_4
f 4121//3875 4169//3875 4170//3875 4122//3875
vn -0.6551 -0.1056 -0.7481
usemtl leaf_5
f 4122//3876 4170//3876 4171//3876 4123//3876
vn -0.6671 -0.0460 -0.7436
f 4123//3877 4171//3877 4172//3877 4124//3877
vn -0.5259 -0.0627 -0.8482
usemtl leaf_3
f 4124//3878 4172//3878 4173//3878 4125//3878
vn -0.6546 -0.0923 -0.7503
f 4125//3879 4173//3879 4174//3879 4126//3879
vn -0.6259 -0.1257 -0.7697
f 4126//3880 4174//3880 4175//3880 4127//3880
vn -0.6730 -0.1519 -0.7239
f 4127//3881 4175//3881 4176//3881 4128//3881
vn -0.2991 -0.2290 -0.9263
usemtl leaf_5
f 4128//3882 4176//3882 4177//3882 4129//3882
vn 0.3178 -0.2834 -0.9048
f 4129//3883 4177//3883 4178//3883 4130//3883
vn 0.6089 -0.1589 -0.7772
f 4130//3884 4178//3884 4179//3884 4131//3884
vn 0.7445 -0.1184 -0.6570
usemtl leaf_4
f 4131//3885 4179//3885 4180//3885 4132//3885
vn 0.7748 -0.1152 -0.6217
f 4132//3886 4180//3886 4181//3886 4133//3886
vn 0.6794 -0.0546 -0.7317
f 4133//3887 4181//3887 4182//3887 4134//3887
vn 0.7441 -0.0470 -0.6664
f 4134//3888 4182//3888 4183//3888 4135//3888
vn 0.6720 0.0207 -0.7403
usemtl leaf_3
f 4135//3889 4183//3889 4184//3889 4136//3889
vn 0.6991 -0.0285 -0.7145
f 4136//3890 4184//3890 4185//3890 4137//3890
vn 0.7298 -0.1981 -0.6543
usemtl leaf_4
f 4137//3891 4185//3891 4186//3891 4138//3891
vn 0.7208 -0.2250 -0.6556
f 4138//3892 4186//3892 4187//3892 4139//3892
vn 0.8078 -0.1505 -0.5699
usemtl leaf_5
f 4139//3893 4187//3893 4188//3893 4140//3893
vn 0.9676 -0.2156 -0.1313
usemtl leaf_4
f 4140//3894 4188//3894 4189//3894 4141//3894
vn 0.9289 -0.2256 0.2937
f 4141//3895 4189//3895 4190//3895 4142//3895
vn 0.7486 -0.1512 0.6455
usemtl leaf_5
f 4142//3896 4190//3896 4191//3896 4143//3896
vn 0.6846 -0.1407 0.7152
usemtl leaf_3
f 4143//3897 4191//3897 4192//3897 4144//3897
vn 0.7141 -0.1874 0.6745
f 4144//3898 4192//3898 4193//3898 4145//3898
vn 0.7709 -0.1841 0.6097
f 4145//3899 4193//3899 4194//3899 4146//3899
vn 0.5646 -0.0408 0.8244
usemtl leaf_4
f 4146//3900 4194//3900 4147//3900 4099//3900
vn 0.6949 0.0202 0.7188
usemtl leaf_3
f 4147//3901 4195//3901 4196//3901 4148//3901
vn 0.7382 -0.0183 0.6744
f 4148//3902 4196//3902 4197//3902 4149//3902
vn 0.6649 -0.0144 0.7468
f 4149//3903 4197//3903 4198//3903 4150//3903
vn 0.6049 0.0129 0.7962
usemtl leaf_4
f 4150//3904 4198//3904 4199//3904 4151//3904
vn 0.5960 -0.0818 0.7988
f 4151//3905 4199//3905 4200//3905 4152//3905
vn 0.3362 -0.1145 0.9348
usemtl leaf_5
f 4152//3906 4200//3906 4201//3906 4153//3906
vn -0.2965 -0.0352 0.9544
usemtl leaf_4
f 4153//3907 4201//3907 4202//3907 4154//3907
vn -0.5862 0.0579 0.8081
f 4154//3908 4202//3908 4203//3908 4155//3908
vn -0.7263 0.0830 0.6824
usemtl leaf_3
f 4155//3909 4203//3909 4204//3909 4156//3909
vn -0.7827 -0.0194 0.6221
f 4156//3910 4204//3910 4205//3910 4157//3910
vn -0.7900 -0.1197 0.6013
f 4157//3911 4205//3911 4206//3911 4158//3911
vn -0.6841 -0.1605 0.7115
f 4158//3912 4206//3912 4207//3912 4159//3912
vn -0.6865 -0.1095 0.7188
usemtl leaf_4
f 4159//3913 4207//3913 4208//3913 4160//3913
vn -0.6310 0.0415 0.7747
f 4160//3914 4208//3914 4209//3914 4161//3914
vn -0.6603 0.0396 0.7500
usemtl leaf_5
f 4161//3915 4209//3915 4210//3915 4162//3915
vn -0.8591 -0.0505 0.5093
f 4162//3916 4210//3916 4211//3916 4163//3916
vn -0.8745 -0.0978 0.4751
usemtl leaf_3
f 4163//3917 4211//3917 4212//3917 4164//3917
vn -0.9638 -0.1671 0.2077
f 4164//3918 4212//3918 4213//3918 4165//3918
vn -0.9512 -0.1509 -0.2693
f 4165//3919 4213//3919 4214//3919 4166//3919
vn -0.7908 -0.0569 -0.6094
f 4166//3920 4214//3920 4215//3920 4167//3920
vn -0.7793 0.0041 -0.6266
f 4167//3921 4215//3921 4216//3921 4168//3921
vn -0.7727 0.0205 -0.6345
usemtl leaf_4
f 4168//3922 4216//3922 4217//3922 4169//3922
vn -0.7104 0.0026 -0.7038
f 4169//3923 4217//3923 4218//3923 4170//3923
vn -0.5832 0.0056 -0.8123
f 4170//3924 4218//3924 4219//3924 4171//3924
vn -0.6549 0.0504 -0.7540
usemtl leaf_3
f 4171//3925 4219//3925 4220//3925 4172//3925
vn -0.5908 0.0118 -0.8067
usemtl leaf_4
f 4172//3926 4220//3926 4221//3926 4173//3926
vn -0.6877 -0.0697 -0.7227
usemtl leaf_3
f 4173//3927 4221//3927 4222//3927 4174//3927
vn -0.6420 -0.1055 -0.7594
usemtl leaf_4
f 4174//3928 4222//3928 4223//3928 4175//3928
vn -0.6662 -0.0941 -0.7398
usemtl leaf_3
f 4175//3929 4223//3929 4224//3929 4176//3929
vn -0.2816 -0.0676 -0.9571
usemtl leaf_4
f 4176//3930 4224//3930 4225//3930 4177//3930
vn 0.3064 -0.0120 -0.9518
usemtl leaf_5
f 4177//3931 4225//3931 4226//3931 4178//3931
vn 0.6544 -0.0177 -0.7560
f 4178//3932 4226//3932 4227//3932 4179//3932
vn 0.6913 -0.0277 -0.7220
usemtl leaf_4
f 4179//3933 4227//3933 4228//3933 4180//3933
vn 0.7898 -0.0612 -0.6103
f 4180//3934 4228//3934 4229//3934 4181//3934
vn 0.7290 -0.0363 -0.6835
usemtl leaf_3
f 4181//3935 4229//3935 4230//3935 4182//3935
vn 0.7710 0.0620 -0.6338
f 4182//3936 4230//3936 4231//3936 4183//3936
vn 0.6363 -0.0075 -0.7714
usemtl leaf_4
f 4183//3937 4231//3937 4232//3937 4184//3937
vn 0.6610 -0.0411 -0.7492
usemtl leaf_5
f 4184//3938 4232//3938 4233//3938 4185//3938
vn 0.6809 -0.0313 -0.7317
usemtl leaf_4
f 4185//3939 4233//3939 4234//3939 4186//3939
vn 0.7512 -0.1185 -0.6493
f 4186//3940 4234//3940 4235//3940 4187//3940
vn 0.8688 -0.1142 -0.4818
f 4187//3941 4235//3941 4236//3941 4188//3941
vn 0.9725 -0.0679 -0.2230
usemtl leaf_5
f 4188//3942 4236//3942 4237//3942 4189//3942
vn 0.9180 -0.0251 0.3958
usemtl leaf_3
f 4189//3943 4237//3943 4238//3943 4190//3943
vn 0.8009 0.0038 0.5988
f 4190//3944 4238//3944 4239//3944 4191//3944
vn 0.7143 -0.0449 0.6984
f 4191//3945 4239//3945 4240//3945 4192//3945
vn 0.7463 -0.0219 0.6652
f 4192//3946 4240//3946 4241//3946 4193//3946
vn 0.7347 0.0389 0.6773
usemtl leaf_4
f 4193//3947 4241//3947 4242//3947 4194//3947
vn 0.5232 0.0273 0.8518
f 4194//3948 4242//3948 4195//3948 4147//3948
vn 0.6951 -0.0433 0.7176
usemtl leaf_2
f 4195//3949 4243//3949 4244//3949 4196//3949
vn 0.7120 0.0334 0.7013
f 4196//3950 4244//3950 4245//3950 4197//3950
vn 0.6642 0.0531 0.7456
usemtl leaf_4
f 4197//3951 4245//3951 4246//3951 4198//3951
vn 0.6688 -0.0623 0.7409
usemtl leaf_3
f 4198//3952 4246//3952 4247//3952 4199//3952
vn 0.6049 -0.0575 0.7943
f 4199//3953 4247//3953 4248//3953 4200//3953
vn 0.2352 0.0343 0.9713
f 4200//3954 4248//3954 4249//3954 4201//3954
vn -0.2940 0.0452 0.9548
usemtl leaf_4
f 4201//3955 4249//3955 4250//3955 4202//3955
vn -0.6188 -0.0253 0.7851
usemtl leaf_3
f 4202//3956 4250//3956 4251//3956 4203//3956
vn -0.7253 -0.0616 0.6857
usemtl leaf_4
f 4203//3957 4251//3957 4252//3957 4204//3957
vn -0.7269 -0.0690 0.6833
usemtl leaf_3
f 4204//3958 4252//3958 4253//3958 4205//3958
vn -0.8017 -0.0357 0.5966
f 4205//3959 4253//3959 4254//3959 4206//3959
vn -0.6590 -0.0220 0.7518
f 4206//3960 4254//3960 4255//3960 4207//3960
vn -0.7645 -0.0150 0.6444
f 4207//3961 4255//3961 4256//3961 4208//3961
vn -0.6425 -0.0473 0.7648
f 4208//3962 4256//3962 4257//3962 4209//3962
vn -0.6536 -0.0177 0.7567
usemtl leaf_4
f 4209//3963 4257//3963 4258//3963 4210//3963
vn -0.8208 0.0014 0.5712
usemtl leaf_3
f 4210//3964 4258//3964 4259//3964 4211//3964
vn -0.8643 -0.0623 0.4992
f 4211//3965 4259//3965 4260//3965 4212//3965
vn -0.9793 -0.0359 0.1992
f 4212//3966 4260//3966 4261//3966 4213//3966
vn -0.9274 0.0669 -0.3682
f 4213//3967 4261//3967 4262//3967 4214//3967
vn -0.8301 0.0416 -0.5561
usemtl leaf_2
f 4214//3968 4262//3968 4263//3968 4215//3968
vn -0.7660 -0.0698 -0.6391
usemtl leaf_4
f 4215//3969 4263//3969 4264//3969 4216//3969
vn -0.7547 -0.0582 -0.6535
f 4216//3970 4264//3970 4265//3970 4217//3970
vn -0.6840 0.0195 -0.7292
usemtl leaf_3
f 4217//3971 4265//3971 4266//3971 4218//3971
vn -0.6573 -0.0427 -0.7524
usemtl leaf_4
f 4218//3972 4266//3972 4267//3972 4219//3972
vn -0.5637 -0.0805 -0.8221
usemtl leaf_3
f 4219//3973 4267//3973 4268//3973 4220//3973
vn -0.6932 -0.0562 -0.7186
usemtl leaf_4
f 4220//3974 4268//3974 4269//3974 4221//3974
vn -0.6322 -0.0244 -0.7744
f 4221//3975 4269//3975 4270//3975 4222//3975
vn -0.6796 0.0104 -0.7335
f 4222//3976 4270//3976 4271//3976 4223//3976
vn -0.5848 0.0313 -0.8106
f 4223//3977 4271//3977 4272//3977 4224//3977
vn -0.2948 0.0646 -0.9534
usemtl leaf_5
f 4224//3978 4272//3978 4273//3978 4225//3978
vn 0.3067 -0.0190 -0.9516
usemtl leaf_4
f 4225//3979 4273//3979 4274//3979 4226//3979
vn 0.6470 -0.0192 -0.7622
f 4226//3980 4274//3980 4275//3980 4227//3980
vn 0.7230 0.0391 -0.6897
f 4227//3981 4275//3981 4276//3981 4228//3981
vn 0.7014 0.0111 -0.7126
usemtl leaf_2
f 4228//3982 4276//3982 4277//3982 4229//3982
vn 0.8180 -0.0056 -0.5752
usemtl leaf_3
f 4229//3983 4277//3983 4278//3983 4230//3983
vn 0.7481 -0.0062 -0.6636
usemtl leaf_2
f 4230//3984 4278//3984 4279//3984 4231//3984
vn 0.5793 -0.0390 -0.8142
f 4231//3985 4279//3985 4280//3985 4232//3985
vn 0.6879 -0.0369 -0.7248
usemtl leaf_5
f 4232//3986 4280//3986 4281//3986 4233//3986
vn 0.6508 -0.0516 -0.7575
usemtl leaf_3
f 4233//3987 4281//3987 4282//3987 4234//3987
vn 0.7851 0.0197 -0.6190
usemtl leaf_4
f 4234//3988 4282//3988 4283//3988 4235//3988
vn 0.8828 0.0331 -0.4686
usemtl leaf_3
f 4235//3989 4283//3989 4284//3989 4236//3989
vn 0.9889 0.0594 -0.1363
usemtl leaf_4
f 4236//3990 4284//3990 4285//3990 4237//3990
vn 0.9299 0.0645 0.3621
f 4237//3991 4285//3991 4286//3991 4238//3991
vn 0.7971 0.0146 0.6036
usemtl leaf_3
f 4238//3992 4286//3992 4287//3992 4239//3992
vn 0.7301 0.0649 0.6803
f 4239//3993 4287//3993 4288//3993 4240//3993
vn 0.7523 0.0290 0.6582
usemtl leaf_2
f 4240//3994 4288//3994 4289//3994 4241//3994
vn 0.6916 0.0184 0.7221
usemtl leaf_3
f 4241//3995 4289//3995 4290//3995 4242//3995
vn 0.5800 0.0191 0.8144
f 4242//3996 4290//3996 4243//3996 4195//3996
vn 0.7328 0.0144 0.6803
usemtl leaf_2
f 4243//3997 4291//3997 4292//3997 4244//3997
vn 0.6649 -0.0500 0.7453
usemtl leaf_3
f 4244//3998 4292//3998 4293//3998 4245//3998
vn 0.7138 -0.0647 0.6974
usemtl leaf_2
f 4245//3999 4293//3999 4294//3999 4246//3999
vn 0.6735 -0.0193 0.7390
usemtl leaf_3
f 4246//4000 4294//4000 4295//4000 4247//4000
vn 0.5570 0.0214 0.8302
usemtl leaf_4
f 4247//4001 4295//4001 4296//4001 4248//4001
vn 0.2056 0.0165 0.9785
usemtl leaf_3
f 4248//4002 4296//4002 4297//4002 4249//4002
vn -0.2622 0.0007 0.9650
f 4249//4003 4297//4003 4298//4003 4250//4003
vn -0.6006 0.0161 0.7994
usemtl leaf_2
f 4250//4004 4298//4004 4299//4004 4251//4004
vn -0.7130 0.0225 0.7008
usemtl leaf_4
f 4251//4005 4299//4005 4300//4005 4252//4005
vn -0.7037 -0.0151 0.7103
f 4252//4006 4300//4006 4301//4006 4253//4006
vn -0.7971 -0.0876 0.5975
usemtl leaf_3
f 4253//4007 4301//4007 4302//4007 4254//4007
vn -0.6883 -0.0704 0.7220
usemtl leaf_2
f 4254//4008 4302//4008 4303//4008 4255//4008
vn -0.7266 -0.0885 0.6813
usemtl leaf_3
f 4255//4009 4303//4009 4304//4009 4256//4009
vn -0.6787 -0.0516 0.7326
f 4256//4010 4304//4010 4305//4010 4257//4010
vn -0.7616 0.1390 0.6329
f 4257//4011 4305//4011 4306//4011 4258//4011
vn -0.7548 0.1632 0.6354
usemtl leaf_4
f 4258//4012 4306//4012 4307//4012 4259//4012
vn -0.8571 0.0967 0.5060
usemtl leaf_3
f 4259//4013 4307//4013 4308//4013 4260//4013
vn -0.9757 0.0246 0.2177
f 4260//4014 4308//4014 4309//4014 4261//4014
vn -0.8994 -0.0347 -0.4357
f 4261//4015 4309//4015 4310//4015 4262//4015
vn -0.8755 -0.0415 -0.4815
usemtl leaf_2
f 4262//4016 4310//4016 4311//4016 4263//4016
vn -0.7431 0.0254 -0.6687
usemtl leaf_4
f 4263//4017 4311//4017 4312//4017 4264//4017
vn -0.7144 0.1271 -0.6881
f 4264//4018 4312//4018 4313//4018 4265//4018
vn -0.7384 0.0402 -0.6731
f 4265//4019 4313//4019 4314//4019 4266//4019
vn -0.6734 0.0036 -0.7392
f 4266//4020 4314//4020 4315//4020 4267//4020
vn -0.5769 0.0100 -0.8167
usemtl leaf_3
f 4267//4021 4315//4021 4316//4021 4268//4021
vn -0.6879 -0.0191 -0.7256
usemtl leaf_4
f 4268//4022 4316//4022 4317//4022 4269//4022
vn -0.6143 -0.0219 -0.7888
f 4269//4023 4317//4023 4318//4023 4270//4023
vn -0.7029 -0.0644 -0.7083
usemtl leaf_3
f 4270//4024 4318//4024 4319//4024 4271//4024
vn -0.5506 -0.0641 -0.8323
usemtl leaf_2
f 4271//4025 4319//4025 4320//4025 4272//4025
vn -0.2287 0.0370 -0.9728
usemtl leaf_3
f 4272//4026 4320//4026 4321//4026 4273//4026
vn 0.2163 0.1128 -0.9698
usemtl leaf_4
f 4273//4027 4321//4027 4322//4027 4274//4027
vn 0.6259 -0.0060 -0.7799
usemtl leaf_3
f 4274//4028 4322//4028 4323//4028 4275//4028
vn 0.7242 -0.1067 -0.6813
usemtl leaf_4
f 4275//4029 4323//4029 4324//4029 4276//4029
vn 0.7316 -0.0440 -0.6803
usemtl leaf_3
f 4276//4030 4324//4030 4325//4030 4277//4030
vn 0.8248 0.0338 -0.5644
f 4277//4031 4325//4031 4326//4031 4278//4031
vn 0.7164 0.0068 -0.6976
f 4278//4032 4326//4032 4327//4032 4279//4032
vn 0.5758 -0.0130 -0.8175
f 4279//4033 4327//4033 4328//4033 4280//4033
vn 0.6733 -0.0451 -0.7380
usemtl leaf_4
f 4280//4034 4328//4034 4329//4034 4281//4034
vn 0.6937 0.0097 -0.7202
usemtl leaf_3
f 4281//4035 4329//4035 4330//4035 4282//4035
vn 0.7856 -0.0064 -0.6187
usemtl leaf_4
f 4282//4036 4330//4036 4331//4036 4283//4036
vn 0.8769 -0.0252 -0.4799
usemtl leaf_3
f 4283//4037 4331//4037 4332//4037 4284//4037
vn 0.9977 0.0123 -0.0664
usemtl leaf_4
f 4284//4038 4332//4038 4333//4038 4285//4038
vn 0.9503 0.0131 0.3111
usemtl leaf_2
f 4285//4039 4333//4039 4334//4039 4286//4039
vn 0.8114 -0.0293 0.5838
usemtl leaf_4
f 4286//4040 4334//4040 4335//4040 4287//4040
vn 0.6860 -0.0568 0.7254
usemtl leaf_2
f 4287//4041 4335//4041 4336//4041 4288//4041
vn 0.7236 0.0844 0.6850
usemtl leaf_3
f 4288//4042 4336//4042 4337//4042 4289//4042
vn 0.7249 0.0906 0.6829
usemtl leaf_2
f 4289//4043 4337//4043 4338//4043 4290//4043
vn 0.5925 0.0222 0.8052
f 4290//4044 4338//4044 4291//4044 4243//4044
vn 0.6875 -0.0041 0.7262
usemtl leaf_3
f 4291//4045 4339//4045 4340//4045 4292//4045
vn 0.7117 0.0555 0.7003
usemtl leaf_2
f 4292//4046 4340//4046 4341//4046 4293//4046
vn 0.6987 0.0227 0.7150
f 4293//4047 4341//4047 4342//4047 4294//4047
vn 0.6584 0.0188 0.7524
usemtl leaf_4
f 4294//4048 4342//4048 4343//4048 4295//4048
vn 0.5874 -0.0421 0.8082
f 4295//4049 4343//4049 4344//4049 4296//4049
vn 0.2009 -0.0780 0.9765
usemtl leaf_3
f 4296//4050 4344//4050 4345//4050 4297//4050
vn -0.3029 -0.0102 0.9530
f 4297//4051 4345//4051 4346//4051 4298//4051
vn -0.6174 0.0413 0.7855
f 4298//4052 4346//4052 4347//4052 4299//4052
vn -0.7113 0.0581 0.7005
usemtl leaf_4
f 4299//4053 4347//4053 4348//4053 4300//4053
vn -0.6906 0.0861 0.7181
usemtl leaf_3
f 4300//4054 4348//4054 4349//4054 4301//4054
vn -0.7267 0.0307 0.6863
f 4301//4055 4349//4055 4350//4055 4302//4055
vn -0.7370 -0.0399 0.6747
usemtl leaf_2
f 4302//4056 4350//4056 4351//4056 4303//4056
vn -0.7166 0.0294 0.6968
f 4303//4057 4351//4057 4352//4057 4304//4057
vn -0.7686 0.1185 0.6287
usemtl leaf_4
f 4304//4058 4352//4058 4353//4058 4305//4058
vn -0.7577 0.0474 0.6509
usemtl leaf_3
f 4305//4059 4353//4059 4354//4059 4306//4059
vn -0.7278 -0.0467 0.6842
f 4306//4060 4354//4060 4355//4060 4307//4060
vn -0.8284 -0.0753 0.5551
f 4307//4061 4355//4061 4356//4061 4308//4061
vn -0.9822 -0.0234 0.1864
usemtl leaf_2
f 4308//4062 4356//4062 4357//4062 4309//4062
vn -0.9256 0.0046 -0.3784
usemtl leaf_3
f 4309//4063 4357//4063 4358//4063 4310//4063
vn -0.8534 -0.0053 -0.5212
f 4310//4064 4358//4064 4359//4064 4311//4064
vn -0.7118 0.0294 -0.7018
f 4311//4065 4359//4065 4360//4065 4312//4065
vn -0.7260 -0.0419 -0.6864
usemtl leaf_2
f 4312//4066 4360//4066 4361//4066 4313//4066
vn -0.7453 0.0247 -0.6662
usemtl leaf_3
f 4313//4067 4361//4067 4362//4067 4314//4067
vn -0.6505 0.0808 -0.7552
usemtl leaf_2
f 4314//4068 4362//4068 4363//4068 4315//4068
vn -0.6883 -0.0477 -0.7238
usemtl leaf_4
f 4315//4069 4363//4069 4364//4069 4316//4069
vn -0.6254 -0.0834 -0.7758
usemtl leaf_3
f 4316//4070 4364//4070 4365//4070 4317//4070
vn -0.7035 -0.1297 -0.6988
usemtl leaf_4
f 4317//4071 4365//4071 4366//4071 4318//4071
vn -0.6227 -0.0945 -0.7767
usemtl leaf_3
f 4318//4072 4366//4072 4367//4072 4319//4072
vn -0.5683 -0.0046 -0.8228
usemtl leaf_2
f 4319//4073 4367//4073 4368//4073 4320//4073
vn -0.1439 -0.0517 -0.9882
f 4320//4074 4368//4074 4369//4074 4321//4074
vn 0.2635 0.0103 -0.9646
f 4321//4075 4369//4075 4370//4075 4322//4075
vn 0.6030 0.1463 -0.7842
usemtl leaf_3
f 4322//4076 4370//4076 4371//4076 4323//4076
vn 0.6765 0.1789 -0.7144
f 4323//4077 4371//4077 4372//4077 4324//4077
vn 0.7326 0.0745 -0.6766
usemtl leaf_4
f 4324//4078 4372//4078 4373//4078 4325//4078
vn 0.7888 -0.0664 -0.6111
usemtl leaf_3
f 4325//4079 4373//4079 4374//4079 4326//4079
vn 0.7008 -0.1270 -0.7019
usemtl leaf_2
f 4326//4080 4374//4080 4375//4080 4327//4080
vn 0.6316 -0.0420 -0.7741
usemtl leaf_3
f 4327//4081 4375//4081 4376//4081 4328//4081
vn 0.6966 0.1021 -0.7102
usemtl leaf_2
f 4328//4082 4376//4082 4377//4082 4329//4082
vn 0.6824 0.0609 -0.7284
usemtl leaf_4
f 4329//4083 4377//4083 4378//4083 4330//4083
vn 0.7799 0.0506 -0.6239
f 4330//4084 4378//4084 4379//4084 4331//4084
vn 0.8949 0.1129 -0.4318
usemtl leaf_2
f 4331//4085 4379//4085 4380//4085 4332//4085
vn 0.9812 -0.0012 -0.1932
f 4332//4086 4380//4086 4381//4086 4333//4086
vn 0.9258 -0.0634 0.3728
usemtl leaf_3
f 4333//4087 4381//4087 4382//4087 4334//4087
vn 0.8636 -0.0602 0.5006
usemtl leaf_2
f 4334//4088 4382//4088 4383//4088 4335//4088
vn 0.6664 -0.1010 0.7387
f 4335//4089 4383//4089 4384//4089 4336//4089
vn 0.6706 -0.1587 0.7246
usemtl leaf_3
f 4336//4090 4384//4090 4385//4090 4337//4090
vn 0.7103 -0.0842 0.6988
f 4337//4091 4385//4091 4386//4091 4338//4091
vn 0.6240 -0.0367 0.7805
f 4338//4092 4386//4092 4339//4092 4291//4092
vn 0.6236 -0.0883 0.7768
f 4339//4093 4387//4093 4388//4093 4340//4093
vn 0.6753 -0.0062 0.7375
usemtl leaf_2
f 4340//4094 4388//4094 4389//4094 4341//4094
vn 0.7230 0.0412 0.6896
usemtl leaf_1
f 4341//4095 4389//4095 4390//4095 4342//4095
vn 0.6779 -0.0244 0.7347
usemtl leaf_3
f 4342//4096 4390//4096 4391//4096 4343//4096
vn 0.5872 0.0056 0.8094
usemtl leaf_2
f 4343//4097 4391//4097 4392//4097 4344//4097
vn 0.1910 0.0484 0.9804
f 4344//4098 4392//4098 4393//4098 4345//4098
vn -0.3516 0.0470 0.9350
usemtl leaf_3
f 4345//4099 4393//4099 4394//4099 4346//4099
vn -0.5956 0.0112 0.8032
usemtl leaf_2
f 4346//4100 4394//4100 4395//4100 4347//4100
vn -0.6862 -0.0786 0.7232
usemtl leaf_3
f 4347//4101 4395//4101 4396//4101 4348//4101
vn -0.7153 -0.1045 0.6910
usemtl leaf_2
f 4348//4102 4396//4102 4397//4102 4349//4102
vn -0.6680 -0.0922 0.7384
usemtl leaf_3
f 4349//4103 4397//4103 4398//4103 4350//4103
vn -0.7612 -0.0649 0.6453
f 4350//4104 4398//4104 4399//4104 4351//4104
vn -0.7626 -0.0219 0.6465
f 4351//4105 4399//4105 4400//4105 4352//4105
vn -0.7965 -0.0017 0.6046
usemtl leaf_2
f 4352//4106 4400//4106 4401//4106 4353//4106
vn -0.6995 0.0086 0.7146
f 4353//4107 4401//4107 4402//4107 4354//4107
vn -0.7634 0.0756 0.6415
usemtl leaf_3
f 4354//4108 4402//4108 4403//4108 4355//4108
vn -0.7941 0.0994 0.5996
usemtl leaf_2
f 4355//4109 4403//4109 4404//4109 4356//4109
vn -0.9815 -0.0236 0.1902
f 4356//4110 4404//4110 4405//4110 4357//4110
vn -0.9418 -0.1274 -0.3111
f 4357//4111 4405//4111 4406//4111 4358//4111
vn -0.8175 -0.1178 -0.5638
usemtl leaf_1
f 4358//4112 4406//4112 4407//4112 4359//4112
vn -0.7015 -0.0717 -0.7091
usemtl leaf_3
f 4359//4113 4407//4113 4408//4113 4360//4113
vn -0.6852 0.0731 -0.7247
usemtl leaf_2
f 4360//4114 4408//4114 4409//4114 4361//4114
vn -0.7004 0.1300 -0.7018
usemtl leaf_3
f 4361//4115 4409//4115 4410//4115 4362//4115
vn -0.6950 0.0702 -0.7156
f 4362//4116 4410//4116 4411//4116 4363//4116
vn -0.7177 0.0886 -0.6907
usemtl leaf_2
f 4363//4117 4411//4117 4412//4117 4364//4117
vn -0.6754 0.0096 -0.7374
usemtl leaf_3
f 4364//4118 4412//4118 4413//4118 4365//4118
vn -0.7157 -0.0176 -0.6981
usemtl leaf_4
f 4365//4119 4413//4119 4414//4119 4366//4119
vn -0.5873 -0.0155 -0.8092
usemtl leaf_3
f 4366//4120 4414//4120 4415//4120 4367//4120
vn -0.5426 -0.0181 -0.8398
usemtl leaf_2
f 4367//4121 4415//4121 4416//4121 4368//4121
vn -0.1489 0.0600 -0.9870
usemtl leaf_3
f 4368//4122 4416//4122 4417//4122 4369//4122
vn 0.3343 0.0717 -0.9397
f 4369//4123 4417//4123 4418//4123 4370//4123
vn 0.6154 0.0052 -0.7882
usemtl leaf_1
f 4370//4124 4418//4124 4419//4124 4371//4124
vn 0.6897 -0.0243 -0.7237
usemtl leaf_3
f 4371//4125 4419//4125 4420//4125 4372//4125
vn 0.7028 0.0363 -0.7105
usemtl leaf_2
f 4372//4126 4420//4126 4421//4126 4373//4126
vn 0.7127 0.0009 -0.7015
f 4373//4127 4421//4127 4422//4127 4374//4127
vn 0.7306 -0.0338 -0.6820
f 4374//4128 4422//4128 4423//4128 4375//4128
vn 0.7056 0.0258 -0.7081
f 4375//4129 4423//4129 4424//4129 4376//4129
vn 0.7154 0.0089 -0.6987
f 4376//4130 4424//4130 4425//4130 4377//4130
vn 0.6658 0.0447 -0.7448
usemtl leaf_3
f 4377//4131 4425//4131 4426//4131 4378//4131
vn 0.8050 0.0868 -0.5869
f 4378//4132 4426//4132 4427//4132 4379//4132
vn 0.8636 -0.0056 -0.5042
usemtl leaf_2
f 4379//4133 4427//4133 4428//4133 4380//4133
vn 0.9630 -0.0550 -0.2637
f 4380//4134 4428//4134 4429//4134 4381//4134
vn 0.9329 -0.0957 0.3473
f 4381//4135 4429//4135 4430//4135 4382//4135
vn 0.8456 -0.0840 0.5271
f 4382//4136 4430//4136 4431//4136 4383//4136
vn 0.6954 -0.0360 0.7177
f 4383//4137 4431//4137 4432//4137 4384//4137
vn 0.6531 0.0170 0.7571
f 4384//4138 4432//4138 4433//4138 4385//4138
vn 0.6789 0.0309 0.7336
usemtl leaf_3
f 4385//4139 4433//4139 4434//4139 4386//4139
vn 0.6866 -0.0534 0.7251
usemtl leaf_1
f 4386//4140 4434//4140 4387//4140 4339//4140
vn 0.6739 0.0318 0.7382
usemtl leaf_2
f 4387//4141 4435//4141 4436//4141 4388//4141
vn 0.6065 -0.0203 0.7948
f 4388//4142 4436//4142 4437//4142 4389//4142
vn 0.7311 0.0095 0.6822
usemtl leaf_1
f 4389//4143 4437//4143 4438//4143 4390//4143
vn 0.7180 -0.0052 0.6960
usemtl leaf_2
f 4390//4144 4438//4144 4439//4144 4391//4144
vn 0.4727 0.0528 0.8796
f 4391//4145 4439//4145 4440//4145 4392//4145
vn 0.2349 0.1348 0.9626
f 4392//4146 4440//4146 4441//4146 4393//4146
vn -0.3494 0.0841 0.9332
f 4393//4147 4441//4147 4442//4147 4394//4147
vn -0.5696 0.0697 0.8190
usemtl leaf_3
f 4394//4148 4442//4148 4443//4148 4395//4148
vn -0.6391 0.0439 0.7679
f 4395//4149 4443//4149 4444//4149 4396//4149
vn -0.6970 -0.0433 0.7157
usemtl leaf_2
f 4396//4150 4444//4150 4445//4150 4397//4150
vn -0.6863 -0.0694 0.7240
usemtl leaf_3
f 4397//4151 4445//4151 4446//4151 4398//4151
vn -0.7830 -0.0374 0.6209
usemtl leaf_4
f 4398//4152 4446//4152 4447//4152 4399//4152
vn -0.7364 -0.0823 0.6715
f 4399//4153 4447//4153 4448//4153 4400//4153
vn -0.8104 -0.1075 0.5759
usemtl leaf_2
f 4400//4154 4448//4154 4449//4154 4401//4154
vn -0.7297 -0.0393 0.6827
f 4401//4155 4449//4155 4450//4155 4402//4155
vn -0.7901 -0.0201 0.6127
f 4402//4156 4450//4156 4451//4156 4403//4156
vn -0.8134 0.0226 0.5813
usemtl leaf_3
f 4403//4157 4451//4157 4452//4157 4404//4157
vn -0.9572 0.1051 0.2697
usemtl leaf_2
f 4404//4158 4452//4158 4453//4158 4405//4158
vn -0.9747 0.0255 -0.2219
f 4405//4159 4453//4159 4454//4159 4406//4159
vn -0.8198 -0.0698 -0.5684
usemtl leaf_3
f 4406//4160 4454//4160 4455//4160 4407//4160
vn -0.6659 -0.0451 -0.7447
usemtl leaf_2
f 4407//4161 4455//4161 4456//4161 4408//4161
vn -0.6136 -0.0174 -0.7894
usemtl leaf_1
f 4408//4162 4456//4162 4457//4162 4409//4162
vn -0.7116 0.0366 -0.7017
f 4409//4163 4457//4163 4458//4163 4410//4163
vn -0.7302 0.0391 -0.6821
usemtl leaf_3
f 4410//4164 4458//4164 4459//4164 4411//4164
vn -0.7066 -0.0094 -0.7076
f 4411//4165 4459//4165 4460//4165 4412//4165
vn -0.7741 -0.0742 -0.6287
usemtl leaf_2
f 4412//4166 4460//4166 4461//4166 4413//4166
vn -0.6422 -0.1086 -0.7588
usemtl leaf_3
f 4413//4167 4461//4167 4462//4167 4414//4167
vn -0.6070 -0.0441 -0.7934
f 4414//4168 4462//4168 4463//4168 4415//4168
vn -0.4635 0.0323 -0.8855
f 4415//4169 4463//4169 4464//4169 4416//4169
vn -0.1757 0.0384 -0.9837
usemtl leaf_2
f 4416//4170 4464//4170 4465//4170 4417//4170
vn 0.3239 -0.0130 -0.9460
usemtl leaf_1
f 4417//4171 4465//4171 4466//4171 4418//4171
vn 0.6292 0.0544 -0.7753
usemtl leaf_0
f 4418//4172 4466//4172 4467//4172 4419//4172
vn 0.6481 0.0379 -0.7606
usemtl leaf_1
f 4419//4173 4467//4173 4468//4173 4420//4173
vn 0.7300 -0.0413 -0.6822
usemtl leaf_2
f 4420//4174 4468//4174 4469//4174 4421//4174
vn 0.6340 -0.0672 -0.7704
usemtl leaf_3
f 4421//4175 4469//4175 4470//4175 4422//4175
vn 0.6916 -0.1751 -0.7008
f 4422//4176 4470//4176 4471//4176 4423//4176
vn 0.7287 -0.2118 -0.6512
usemtl leaf_2
f 4423//4177 4471//4177 4472//4177 4424//4177
vn 0.7464 -0.0975 -0.6583
f 4424//4178 4472//4178 4473//4178 4425//4178
vn 0.7550 0.0613 -0.6528
usemtl leaf_1
f 4425//4179 4473//4179 4474//4179 4426//4179
vn 0.7541 0.0731 -0.6527
usemtl leaf_3
f 4426//4180 4474//4180 4475//4180 4427//4180
vn 0.8374 0.0204 -0.5462
usemtl leaf_2
f 4427//4181 4475//4181 4476//4181 4428//4181
vn 0.9516 -0.0328 -0.3056
usemtl leaf_3
f 4428//4182 4476//4182 4477//4182 4429//4182
vn 0.9358 -0.0368 0.3507
f 4429//4183 4477//4183 4478//4183 4430//4183
vn 0.8322 -0.0113 0.5543
f 4430//4184 4478//4184 4479//4184 4431//4184
vn 0.6766 0.0048 0.7363
f 4431//4185 4479//4185 4480//4185 4432//4185
vn 0.6390 0.0027 0.7692
usemtl leaf_2
f 4432//4186 4480//4186 4481//4186 4433//4186
vn 0.7008 -0.0182 0.7132
f 4433//4187 4481//4187 4482//4187 4434//4187
vn 0.6761 0.0482 0.7352
usemtl leaf_1
f 4434//4188 4482//4188 4435//4188 4387//4188
vn 0.6763 -0.0197 0.7363
f 4435//4189 4483//4189 4484//4189 4436//4189
vn 0.6631 -0.0485 0.7470
usemtl leaf_3
f 4436//4190 4484//4190 4485//4190 4437//4190
vn 0.6635 -0.0548 0.7462
usemtl leaf_2
f 4437//4191 4485//4191 4486//4191 4438//4191
vn 0.6960 0.0956 0.7117
f 4438//4192 4486//4192 4487//4192 4439//4192
vn 0.4549 0.1232 0.8820
f 4439//4193 4487//4193 4488//4193 4440//4193
vn 0.2448 0.0671 0.9673
usemtl leaf_0
f 4440//4194 4488//4194 4489//4194 4441//4194
vn -0.3130 0.0639 0.9476
f 4441//4195 4489//4195 4490//4195 4442//4195
vn -0.5220 -0.0210 0.8527
usemtl leaf_2
f 4442//4196 4490//4196 4491//4196 4443//4196
vn -0.6480 -0.0311 0.7610
usemtl leaf_3
f 4443//4197 4491//4197 4492//4197 4444//4197
vn -0.6615 0.0172 0.7497
usemtl leaf_2
f 4444//4198 4492//4198 4493//4198 4445//4198
vn -0.7375 0.0541 0.6732
f 4445//4199 4493//4199 4494//4199 4446//4199
vn -0.7806 0.0865 0.6191
f 4446//4200 4494//4200 4495//4200 4447//4200
vn -0.7263 0.1198 0.6769
f 4447//4201 4495//4201 4496//4201 4448//4201
vn -0.7752 0.0785 0.6268
f 4448//4202 4496//4202 4497//4202 4449//4202
vn -0.7756 0.0343 0.6303
f 4449//4203 4497//4203 4498//4203 4450//4203
vn -0.7722 0.0741 0.6310
f 4450//4204 4498//4204 4499//4204 4451//4204
vn -0.8255 0.0443 0.5627
usemtl leaf_1
f 4451//4205 4499//4205 4500//4205 4452//4205
vn -0.9532 -0.0362 0.3003
f 4452//4206 4500//4206 4501//4206 4453//4206
vn -0.9756 -0.0028 -0.2197
f 4453//4207 4501//4207 4502//4207 4454//4207
vn -0.8027 0.0977 -0.5883
usemtl leaf_2
f 4454//4208 4502//4208 4503//4208 4455//4208
vn -0.6950 0.0299 -0.7184
usemtl leaf_3
f 4455//4209 4503//4209 4504//4209 4456//4209
vn -0.5860 -0.0125 -0.8102
f 4456//4210 4504//4210 4505//4210 4457//4210
vn -0.7010 -0.0082 -0.7131
usemtl leaf_2
f 4457//4211 4505//4211 4506//4211 4458//4211
vn -0.7185 0.0239 -0.6951
f 4458//4212 4506//4212 4507//4212 4459//4212
vn -0.7706 -0.0086 -0.6373
f 4459//4213 4507//4213 4508//4213 4460//4213
vn -0.7670 -0.0172 -0.6414
f 4460//4214 4508//4214 4509//4214 4461//4214
vn -0.6731 0.0029 -0.7396
usemtl leaf_4
f 4461//4215 4509//4215 4510//4215 4462//4215
vn -0.5695 -0.0414 -0.8209
usemtl leaf_2
f 4462//4216 4510//4216 4511//4216 4463//4216
vn -0.3999 0.0015 -0.9166
usemtl leaf_1
f 4463//4217 4511//4217 4512//4217 4464//4217
vn -0.2098 0.0362 -0.9771
f 4464//4218 4512//4218 4513//4218 4465//4218
vn 0.2986 0.0223 -0.9541
usemtl leaf_2
f 4465//4219 4513//4219 4514//4219 4466//4219
vn 0.6776 0.0054 -0.7354
usemtl leaf_1
f 4466//4220 4514//4220 4515//4220 4467//4220
vn 0.6361 0.0837 -0.7671
f 4467//4221 4515//4221 4516//4221 4468//4221
vn 0.6970 0.0853 -0.7120
usemtl leaf_2
f 4468//4222 4516//4222 4517//4222 4469//4222
vn 0.6136 0.0234 -0.7893
f 4469//4223 4517//4223 4518//4223 4470//4223
vn 0.6341 0.0146 -0.7731
f 4470//4224 4518//4224 4519//4224 4471//4224
vn 0.8019 0.0550 -0.5949
f 4471//4225 4519//4225 4520//4225 4472//4225
vn 0.7767 0.0774 -0.6251
usemtl leaf_1
f 4472//4226 4520//4226 4521//4226 4473//4226
vn 0.8221 0.0899 -0.5623
f 4473//4227 4521//4227 4522//4227 4474//4227
vn 0.7115 0.1282 -0.6908
f 4474//4228 4522//4228 4523//4228 4475//4228
vn 0.7932 0.0514 -0.6068
usemtl leaf_2
f 4475//4229 4523//4229 4524//4229 4476//4229
vn 0.9480 0.0173 -0.3179
usemtl leaf_3
f 4476//4230 4524//4230 4525//4230 4477//4230
vn 0.9324 0.0188 0.3610
f 4477//4231 4525//4231 4526//4231 4478//4231
vn 0.8073 0.0408 0.5887
f 4478//4232 4526//4232 4527//4232 4479//4232
vn 0.6729 0.0574 0.7375
usemtl leaf_2
f 4479//4233 4527//4233 4528//4233 4480//4233
vn 0.6871 -0.0093 0.7265
usemtl leaf_1
f 4480//4234 4528//4234 4529//4234 4481//4234
vn 0.6489 0.0106 0.7608
usemtl leaf_3
f 4481//4235 4529//4235 4530//4235 4482//4235
vn 0.6959 -0.0067 0.7181
usemtl leaf_1
f 4482//4236 4530//4236 4483//4236 4435//4236
vn 0.6861 -0.0527 0.7256
f 4483//4237 4531//4237 4532//4237 4484//4237
vn 0.6981 -0.0879 0.7106
usemtl leaf_2
f 4484//4238 4532//4238 4533//4238 4485//4238
vn 0.5635 -0.0131 0.8260
usemtl leaf_1
f 4485//4239 4533//4239 4534//4239 4486//4239
vn 0.6535 0.0177 0.7567
usemtl leaf_0
f 4486//4240 4534//4240 4535//4240 4487//4240
vn 0.4959 0.0025 0.8684
f 4487//4241 4535//4241 4536//4241 4488//4241
vn 0.2098 0.0340 0.9772
f 4488//4242 4536//4242 4537//4242 4489//4242
vn -0.2906 0.0473 0.9557
f 4489//4243 4537//4243 4538//4243 4490//4243
vn -0.4970 0.0660 0.8652
f 4490//4244 4538//4244 4539//4244 4491//4244
vn -0.6336 0.0137 0.7735
f 4491//4245 4539//4245 4540//4245 4492//4245
vn -0.7152 0.0131 0.6988
usemtl leaf_3
f 4492//4246 4540//4246 4541//4246 4493//4246
vn -0.7211 0.0284 0.6922
f 4493//4247 4541//4247 4542//4247 4494//4247
vn -0.7746 -0.0292 0.6318
usemtl leaf_2
f 4494//4248 4542//4248 4543//4248 4495//4248
vn -0.7371 -0.0584 0.6732
usemtl leaf_1
f 4495//4249 4543//4249 4544//4249 4496//4249
vn -0.7866 -0.0085 0.6174
usemtl leaf_2
f 4496//4250 4544//4250 4545//4250 4497//4250
vn -0.7414 -0.0154 0.6708
f 4497//4251 4545//4251 4546//4251 4498//4251
vn -0.8309 -0.0271 0.5558
usemtl leaf_0
f 4498//4252 4546//4252 4547//4252 4499//4252
vn -0.8043 0.0415 0.5928
f 4499//4253 4547//4253 4548//4253 4500//4253
vn -0.9466 0.0912 0.3092
f 4500//4254 4548//4254 4549//4254 4501//4254
vn -0.9734 0.0618 -0.2206
f 4501//4255 4549//4255 4550//4255 4502//4255
vn -0.7973 -0.0077 -0.6036
f 4502//4256 4550//4256 4551//4256 4503//4256
vn -0.7262 0.0350 -0.6866
usemtl leaf_1
f 4503//4257 4551//4257 4552//4257 4504//4257
vn -0.5970 0.0100 -0.8022
usemtl leaf_2
f 4504//4258 4552//4258 4553//4258 4505//4258
vn -0.7194 -0.0354 -0.6937
f 4505//4259 4553//4259 4554//4259 4506//4259
vn -0.6401 0.0080 -0.7682
f 4506//4260 4554//4260 4555//4260 4507//4260
vn -0.8240 0.0546 -0.5639
usemtl leaf_3
f 4507//4261 4555//4261 4556//4261 4508//4261
vn -0.7093 0.0750 -0.7009
f 4508//4262 4556//4262 4557//4262 4509//4262
vn -0.6981 0.1198 -0.7059
usemtl leaf_2
f 4509//4263 4557//4263 4558//4263 4510//4263
vn -0.6030 0.1155 -0.7893
usemtl leaf_1
f 4510//4264 4558//4264 4559//4264 4511//4264
vn -0.4123 0.0416 -0.9101
usemtl leaf_0
f 4511//4265 4559//4265 4560//4265 4512//4265
vn -0.1342 0.0748 -0.9881
f 4512//4266 4560//4266 4561//4266 4513//4266
vn 0.2437 0.1037 -0.9643
f 4513//4267 4561//4267 4562//4267 4514//4267
vn 0.6440 0.0058 -0.7650
f 4514//4268 4562//4268 4563//4268 4515//4268
vn 0.6975 -0.0219 -0.7163
f 4515//4269 4563//4269 4564//4269 4516//4269
vn 0.6437 0.0056 -0.7653
f 4516//4270 4564//4270 4565//4270 4517//4270
vn 0.6209 0.0071 -0.7839
usemtl leaf_2
f 4517//4271 4565//4271 4566//4271 4518//4271
vn 0.6539 0.0492 -0.7550
f 4518//4272 4566//4272 4567//4272 4519//4272
vn 0.8222 0.0693 -0.5650
usemtl leaf_1
f 4519//4273 4567//4273 4568//4273 4520//4273
vn 0.7417 0.0245 -0.6703
usemtl leaf_2
f 4520//4274 4568//4274 4569//4274 4521//4274
vn 0.8225 -0.0502 -0.5666
f 4521//4275 4569//4275 4570//4275 4522//4275
vn 0.7881 -0.0153 -0.6154
usemtl leaf_0
f 4522//4276 4570//4276 4571//4276 4523//4276
vn 0.7523 0.0822 -0.6536
f 4523//4277 4571//4277 4572//4277 4524//4277
vn 0.9516 0.1122 -0.2860
usemtl leaf_1
f 4524//4278 4572//4278 4573//4278 4525//4278
vn 0.9600 0.0613 0.2733
usemtl leaf_0
f 4525//4279 4573//4279 4574//4279 4526//4279
vn 0.7917 -0.0135 0.6108
f 4526//4280 4574//4280 4575//4280 4527//4280
vn 0.6928 -0.0115 0.7210
f 4527//4281 4575//4281 4576//4281 4528//4281
vn 0.6877 0.0300 0.7254
usemtl leaf_2
f 4528//4282 4576//4282 4577//4282 4529//4282
vn 0.6637 -0.0109 0.7479
f 4529//4283 4577//4283 4578//4283 4530//4283
vn 0.7115 -0.0314 0.7020
usemtl leaf_1
f 4530//4284 4578//4284 4531//4284 4483//4284
vn 0.6736 -0.0122 0.7390
usemtl leaf_0
f 4531//4285 4579//4285 4580//4285 4532//4285
vn 0.6825 0.0759 0.7269
f 4532//4286 4580//4286 4581//4286 4533//4286
vn 0.5573 0.0469 0.8290
f 4533//4287 4581//4287 4582//4287 4534//4287
vn 0.6012 0.1098 0.7915
f 4534//4288 4582//4288 4583//4288 4535//4288
vn 0.5017 0.2728 0.8209
f 4535//4289 4583//4289 4584//4289 4536//4289
vn 0.1855 0.3435 0.9207
f 4536//4290 4584//4290 4585//4290 4537//4290
vn -0.2633 0.3127 0.9126
f 4537//4291 4585//4291 4586//4291 4538//4291
vn -0.4635 0.1264 0.8770
f 4538//4292 4586//4292 4587//4292 4539//4292
vn -0.6198 0.0968 0.7788
f 4539//4293 4587//4293 4588//4293 4540//4293
vn -0.7760 0.1447 0.6139
f 4540//4294 4588//4294 4589//4294 4541//4294
vn -0.6409 0.1174 0.7586
f 4541//4295 4589//4295 4590//4295 4542//4295
vn -0.7683 0.0646 0.6368
f 4542//4296 4590//4296 4591//4296 4543//4296
vn -0.7159 0.0582 0.6958
usemtl leaf_1
f 4543//4297 4591//4297 4592//4297 4544//4297
vn -0.8436 0.0762 0.5315
usemtl leaf_0
f 4544//4298 4592//4298 4593//4298 4545//4298
vn -0.6953 0.1440 0.7042
f 4545//4299 4593//4299 4594//4299 4546//4299
vn -0.8039 0.1228 0.5820
f 4546//4300 4594//4300 4595//4300 4547//4300
vn -0.8282 0.0927 0.5527
f 4547//4301 4595//4301 4596//4301 4548//4301
vn -0.9103 0.3611 0.2022
f 4548//4302 4596//4302 4597//4302 4549//4302
vn -0.7719 0.6109 -0.1758
f 4549//4303 4597//4303 4598//4303 4550//4303
vn -0.7165 0.4583 -0.5259
f 4550//4304 4598//4304 4599//4304 4551//4304
vn -0.6730 0.2269 -0.7040
f 4551//4305 4599//4305 4600//4305 4552//4305
vn -0.6963 0.1040 -0.7101
f 4552//4306 4600//4306 4601//4306 4553//4306
vn -0.6741 0.0500 -0.7369
f 4553//4307 4601//4307 4602//4307 4554//4307
vn -0.6640 0.0283 -0.7472
f 4554//4308 4602//4308 4603//4308 4555//4308
vn -0.7423 0.0715 -0.6663
f 4555//4309 4603//4309 4604//4309 4556//4309
vn -0.6943 0.1953 -0.6927
f 4556//4310 4604//4310 4605//4310 4557//4310
vn -0.7073 0.1568 -0.6893
f 4557//4311 4605//4311 4606//4311 4558//4311
vn -0.6128 0.1519 -0.7755
f 4558//4312 4606//4312 4607//4312 4559//4312
vn -0.4110 0.2983 -0.8614
f 4559//4313 4607//4313 4608//4313 4560//4313
vn -0.0983 0.3539 -0.9301
f 4560//4314 4608//4314 4609//4314 4561//4314
vn 0.2446 0.3573 -0.9014
f 4561//4315 4609//4315 4610//4315 4562//4315
vn 0.5665 0.2596 -0.7821
f 4562//4316 4610//4316 4611//4316 4563//4316
vn 0.6573 0.0414 -0.7524
f 4563//4317 4611//4317 4612//4317 4564//4317
vn 0.6583 -0.0315 -0.7521
f 4564//4318 4612//4318 4613//4318 4565//4318
vn 0.6822 0.0516 -0.7294
f 4565//4319 4613//4319 4614//4319 4566//4319
vn 0.6657 0.0983 -0.7397
f 4566//4320 4614//4320 4615//4320 4567//4320
vn 0.7721 0.0240 -0.6350
usemtl leaf_1
f 4567//4321 4615//4321 4616//4321 4568//4321
vn 0.8041 0.0842 -0.5886
usemtl leaf_0
f 4568//4322 4616//4322 4617//4322 4569//4322
vn 0.7212 0.1310 -0.6803
f 4569//4323 4617//4323 4618//4323 4570//4323
vn 0.8180 0.0342 -0.5742
f 4570//4324 4618//4324 4619//4324 4571//4324
vn 0.8178 0.2000 -0.5397
f 4571//4325 4619//4325 4620//4325 4572//4325
vn 0.8148 0.4940 -0.3034
f 4572//4326 4620//4326 4621//4326 4573//4326
vn 0.8516 0.4822 0.2057
f 4573//4327 4621//4327 4622//4327 4574//4327
vn 0.7689 0.2931 0.5682
f 4574//4328 4622//4328 4623//4328 4575//4328
vn 0.6948 0.0986 0.7124
f 4575//4329 4623//4329 4624//4329 4576//4329
vn 0.6617 0.0473 0.7482
f 4576//4330 4624//4330 4625//4330 4577//4330
vn 0.7112 0.0534 0.7010
f 4577//4331 4625//4331 4626//4331 4578//4331
vn 0.7362 -0.0190 0.6765
f 4578//4332 4626//4332 4579//4332 4531//4332
vn 0.2368 0.9247 0.2982
f 4579//4333 4627//4333 4628//4333 4580//4333
vn 0.2303 0.9568 0.1774
f 4580//4334 4628//4334 4629//4334 4581//4334
vn 0.0222 0.9996 0.0169
f 4581//4335 4629//4335 4630//4335 4582//4335
vn 0.0000 1.0000 0.0000
f 4582//4336 4630//4336 4631//4336 4583//4336
vn 0.0000 1.0000 0.0000
f 4583//4337 4631//4337 4632//4337 4584//4337
vn 0.0000 1.0000 0.0000
f 4584//4338 4632//4338 4633//4338 4585//4338
vn 0.0000 1.0000 0.0000
f 4585//4339 4633//4339 4634//4339 4586//4339
vn 0.0000 1.0000 0.0000
f 4586//4340 4634//4340 4635//4340 4587//4340
vn 0.0000 1.0000 -0.0000
f 4587//4341 4635//4341 4636//4341 4588//4341
vn -0.1493 0.9847 0.0897
f 4588//4342 4636//4342 4637//4342 4589//4342
vn -0.2621 0.9362 0.2343
f 4589//4343 4637//4343 4638//4343 4590//4343
vn -0.2903 0.9270 0.2375
f 4590//4344 4638//4344 4639//4344 4591//4344
vn -0.3076 0.8962 0.3196
f 4591//4345 4639//4345 4640//4345 4592//4345
vn -0.3836 0.8798 0.2808
f 4592//4346 4640//4346 4641//4346 4593//4346
vn -0.2384 0.9270 0.2896
f 4593//4347 4641//4347 4642//4347 4594//4347
vn 0.0000 1.0000 -0.0000
f 4594//4348 4642//4348 4643//4348 4595//4348
vn 0.0000 1.0000 0.0000
f 4595//4349 4643//4349 4644//4349 4596//4349
vn 0.0000 1.0000 0.0000
f 4596//4350 4644//4350 4645//4350 4597//4350
vn 0.0000 1.0000 -0.0000
f 4597//4351 4645//4351 4646//4351 4598//4351
vn 0.0000 1.0000 0.0000
f 4598//4352 4646//4352 4647//4352 4599//4352
vn 0.0000 1.0000 0.0000
f 4599//4353 4647//4353 4648//4353 4600//4353
vn -0.0685 0.9930 -0.0964
f 4600//4354 4648//4354 4649//4354 4601//4354
vn -0.3012 0.8462 -0.4396
f 4601//4355 4649//4355 4650//4355 4602//4355
vn -0.4978 0.6996 -0.5125
f 4602//4356 4650//4356 4651//4356 4603//4356
vn -0.4394 0.7415 -0.5071
f 4603//4357 4651//4357 4652//4357 4604//4357
vn -0.3972 0.8497 -0.3467
f 4604//4358 4652//4358 4653//4358 4605//4358
vn -0.1401 0.9870 -0.0790
f 4605//4359 4653//4359 4654//4359 4606//4359
vn 0.0000 1.0000 0.0000
f 4606//4360 4654//4360 4655//4360 4607//4360
vn 0.0000 1.0000 0.0000
f 4607//4361 4655//4361 4656//4361 4608//4361
vn 0.0000 1.0000 0.0000
f 4608//4362 4656//4362 4657//4362 4609//4362
vn 0.0000 1.0000 -0.0000
f 4609//4363 4657//4363 4658//4363 4610//4363
vn 0.0000 1.0000 -0.0000
f 4610//4364 4658//4364 4659//4364 4611//4364
vn 0.0000 1.0000 -0.0000
f 4611//4365 4659//4365 4660//4365 4612//4365
vn 0.0738 0.9963 -0.0452
f 4612//4366 4660//4366 4661//4366 4613//4366
vn 0.3448 0.9039 -0.2532
f 4613//4367 4661//4367 4662//4367 4614//4367
vn 0.3356 0.8779 -0.3415
f 4614//4368 4662//4368 4663//4368 4615//4368
vn 0.2241 0.9439 -0.2427
f 4615//4369 4663//4369 4664//4369 4616//4369
vn 0.3446 0.9176 -0.1983
f 4616//4370 4664//4370 4665//4370 4617//4370
vn 0.1416 0.9633 -0.2280
f 4617//4371 4665//4371 4666//4371 4618//4371
vn 0.0000 1.0000 0.0000
f 4618//4372 4666//4372 4667//4372 4619//4372
vn 0.0000 1.0000 -0.0000
f 4619//4373 4667//4373 4668//4373 4620//4373
vn 0.0000 1.0000 0.0000
f 4620//4374 4668//4374 4669//4374 4621//4374
vn 0.0000 1.0000 0.0000
f 4621//4375 4669//4375 4670//4375 4622//4375
vn 0.0000 1.0000 0.0000
f 4622//4376 4670//4376 4671//4376 4623//4376
vn 0.0000 1.0000 0.0000
f 4623//4377 4671//4377 4672//4377 4624//4377
vn 0.0655 0.9907 0.1196
f 4624//4378 4672//4378 4673//4378 4625//4378
vn 0.2890 0.8929 0.3453
f 4625//4379 4673//4379 4674//4379 4626//4379
vn 0.3404 0.9056 0.2529
f 4626//4380 4674//4380 4627//4380 4579//4380
vn 0.0000 1.0000 0.0000
f 4627//4381 4675//4381 4676//4381 4628//4381
vn 0.0000 1.0000 0.0000
f 4628//4382 4676//4382 4677//4382 4629//4382
vn 0.0000 1.0000 0.0000
f 4629//4383 4677//4383 4678//4383 4630//4383
vn 0.0000 1.0000 -0.0000
f 4630//4384 4678//4384 4679//4384 4631//4384
vn 0.0000 1.0000 0.0000
f 4631//4385 4679//4385 4680//4385 4632//4385
vn 0.0000 1.0000 -0.0000
f 4632//4386 4680//4386 4681//4386 4633//4386
vn 0.0000 1.0000 -0.0000
f 4633//4387 4681//4387 4682//4387 4634//4387
vn 0.0000 1.0000 0.0000
f 4634//4388 4682//4388 4683//4388 4635//4388
vn 0.0000 1.0000 -0.0000
f 4635//4389 4683//4389 4684//4389 4636//4389
vn 0.0000 1.0000 0.0000
f 4636//4390 4684//4390 4685//4390 4637//4390
vn 0.0000 1.0000 0.0000
f 4637//4391 4685//4391 4686//4391 4638//4391
vn 0.0000 1.0000 0.0000
f 4638//4392 4686//4392 4687//4392 4639//4392
vn 0.0000 1.0000 0.0000
f 4639//4393 4687//4393 4688//4393 4640//4393
vn 0.0000 1.0000 -0.0000
f 4640//4394 4688//4394 4689//4394 4641//4394
vn 0.0000 1.0000 0.0000
f 4641//4395 4689//4395 4690//4395 4642//4395
vn 0.0000 1.0000 0.0000
f 4642//4396 4690//4396 4691//4396 4643//4396
vn 0.0000 1.0000 0.0000
f 4643//4397 4691//4397 4692//4397 4644//4397
vn 0.0000 1.0000 0.0000
f 4644//4398 4692//4398 4693//4398 4645//4398
vn 0.0000 1.0000 0.0000
f 4645//4399 4693//4399 4694//4399 4646//4399
vn 0.0000 1.0000 0.0000
f 4646//4400 4694//4400 4695//4400 4647//4400
vn 0.0000 1.0000 -0.0000
f 4647//4401 4695//4401 4696//4401 4648//4401
vn 0.0000 1.0000 0.0000
f 4648//4402 4696//4402 4697//4402 4649//4402
vn 0.0000 1.0000 0.0000
f 4649//4403 4697//4403 4698//4403 4650//4403
vn 0.0000 1.0000 -0.0000
f 4650//4404 4698//4404 4699//4404 4651//4404
vn 0.0000 1.0000 0.0000
f 4651//4405 4699//4405 4700//4405 4652//4405
vn 0.0000 1.0000 0.0000
f 4652//4406 4700//4406 4701//4406 4653//4406
vn 0.0000 1.0000 0.0000
f 4653//4407 4701//4407 4702//4407 4654//4407
vn 0.0000 1.0000 0.0000
f 4654//4408 4702//4408 4703//4408 4655//4408
vn 0.0000 1.0000 0.0000
f 4655//4409 4703//4409 4704//4409 4656//4409
vn 0.0000 1.0000 0.0000
f 4656//4410 4704//4410 4705//4410 4657//4410
vn 0.0000 1.0000 0.0000
f 4657//4411 4705//4411 4706//4411 4658//4411
vn 0.0000 1.0000 0.0000
f 4658//4412 4706//4412 4707//4412 4659//4412
vn 0.0000 1.0000 0.0000
f 4659//4413 4707//4413 4708//4413 4660//4413
vn 0.0000 1.0000 0.0000
f 4660//4414 4708//4414 4709//4414 4661//4414
vn 0.0000 1.0000 0.0000
f 4661//4415 4709//4415 4710//4415 4662//4415
vn 0.0000 1.0000 0.0000
f 4662//4416 4710//4416 4711//4416 4663//4416
vn 0.0000 1.0000 0.0000
f 4663//4417 4711//4417 4712//4417 4664//4417
vn 0.0000 1.0000 0.0000
f 4664//4418 4712//4418 4713//4418 4665//4418
vn 0.0000 1.0000 0.0000
f 4665//4419 4713//4419 4714//4419 4666//4419
vn 0.0000 1.0000 0.0000
f 4666//4420 4714//4420 4715//4420 4667//4420
vn 0.0000 1.0000 0.0000
f 4667//4421 4715//4421 4716//4421 4668//4421
vn 0.0000 1.0000 -0.0000
f 4668//4422 4716//4422 4717//4422 4669//4422
vn 0.0000 1.0000 0.0000
f 4669//4423 4717//4423 4718//4423 4670//4423
vn 0.0000 1.0000 -0.0000
f 4670//4424 4718//4424 4719//4424 4671//4424
vn 0.0000 1.0000 0.0000
f 4671//4425 4719//4425 4720//4425 4672//4425
vn 0.0000 1.0000 0.0000
f 4672//4426 4720//4426 4721//4426 4673//4426
vn 0.0000 1.0000 0.0000
f 4673//4427 4721//4427 4722//4427 4674//4427
vn 0.0000 1.0000 -0.0000
f 4674//4428 4722//4428 4675//4428 4627//4428
vn 0.0000 1.0000 -0.0000
f 4675//4429 4723//4429 4724//4429 4676//4429
vn 0.0000 1.0000 0.0000
f 4676//4430 4724//4430 4725//4430 4677//4430
vn 0.0000 1.0000 -0.0000
f 4677//4431 4725//4431 4726//4431 4678//4431
vn 0.0000 1.0000 0.0000
f 4678//4432 4726//4432 4727//4432 4679//4432
vn 0.0000 1.0000 0.0000
f 4679//4433 4727//4433 4728//4433 4680//4433
vn 0.0000 1.0000 0.0000
f 4680//4434 4728//4434 4729//4434 4681//4434
vn 0.0000 1.0000 0.0000
f 4681//4435 4729//4435 4730//4435 4682//4435
vn 0.0000 1.0000 0.0000
f 4682//4436 4730//4436 4731//4436 4683//4436
vn 0.0000 1.0000 0.0000
f 4683//4437 4731//4437 4732//4437 4684//4437
vn 0.0000 1.0000 0.0000
f 4684//4438 4732//4438 4733//4438 4685//4438
vn 0.0000 1.0000 0.0000
f 4685//4439 4733//4439 4734//4439 4686//4439
vn 0.0000 1.0000 0.0000
f 4686//4440 4734//4440 4735//4440 4687//4440
vn 0.0000 1.0000 0.0000
f 4687//4441 4735//4441 4736//4441 4688//4441
vn 0.0000 1.0000 0.0000
f 4688//4442 4736//4442 4737//4442 4689//4442
vn 0.0000 1.0000 0.0000
f 4689//4443 4737//4443 4738//4443 4690//4443
vn 0.0000 1.0000 0.0000
f 4690//4444 4738//4444 4739//4444 4691//4444
vn 0.0000 1.0000 0.0000
f 4691//4445 4739//4445 4740//4445 4692//4445
vn 0.0000 1.0000 0.0000
f 4692//4446 4740//4446 4741//4446 4693//4446
vn 0.0000 1.0000 0.0000
f 4693//4447 4741//4447 4742//4447 4694//4447
vn 0.0000 1.0000 0.0000
f 4694//4448 4742//4448 4743//4448 4695//4448
vn 0.0000 1.0000 -0.0000
f 4695//4449 4743//4449 4744//4449 4696//4449
vn 0.0000 1.0000 0.0000
f 4696//4450 4744//4450 4745//4450 4697//4450
vn 0.0000 1.0000 0.0000
usemtl leaf_1
f 4697//4451 4745//4451 4746//4451 4698//4451
vn 0.0000 1.0000 0.0000
usemtl leaf_0
f 4698//4452 4746//4452 4747//4452 4699//4452
vn 0.0000 1.0000 0.0000
f 4699//4453 4747//4453 4748//4453 4700//4453
vn 0.0000 1.0000 0.0000
f 4700//4454 4748//4454 4749//4454 4701//4454
vn 0.0000 1.0000 0.0000
f 4701//4455 4749//4455 4750//4455 4702//4455
vn 0.0000 1.0000 0.0000
f 4702//4456 4750//4456 4751//4456 4703//4456
vn 0.0000 1.0000 0.0000
f 4703//4457 4751//4457 4752//4457 4704//4457
vn 0.0000 1.0000 0.0000
f 4704//4458 4752//4458 4753//4458 4705//4458
vn 0.0000 1.0000 0.0000
f 4705//4459 4753//4459 4754//4459 4706//4459
vn 0.0000 1.0000 -0.0000
f 4706//4460 4754//4460 4755//4460 4707//4460
vn 0.0000 1.0000 0.0000
f 4707//4461 4755//4461 4756//4461 4708//4461
vn 0.0000 1.0000 0.0000
f 4708//4462 4756//4462 4757//4462 4709//4462
vn 0.0000 1.0000 0.0000
f 4709//4463 4757//4463 4758//4463 4710//4463
vn 0.0000 1.0000 0.0000
f 4710//4464 4758//4464 4759//4464 4711//4464
vn 0.0000 1.0000 0.0000
f 4711//4465 4759//4465 4760//4465 4712//4465
vn 0.0000 1.0000 0.0000
f 4712//4466 4760//4466 4761//4466 4713//4466
vn 0.0000 1.0000 -0.0000
f 4713//4467 4761//4467 4762//4467 4714//4467
vn 0.0000 1.0000 -0.0000
f 4714//4468 4762//4468 4763//4468 4715//4468
vn 0.0000 1.0000 0.0000
f 4715//4469 4763//4469 4764//4469 4716//4469
vn 0.0000 1.0000 0.0000
f 4716//4470 4764//4470 4765//4470 4717//4470
vn 0.0000 1.0000 -0.0000
f 4717//4471 4765//4471 4766//4471 4718//4471
vn 0.0000 1.0000 -0.0000
f 4718//4472 4766//4472 4767//4472 4719//4472
vn 0.0000 1.0000 0.0000
f 4719//4473 4767//4473 4768//4473 4720//4473
vn 0.0000 1.0000 -0.0000
f 4720//4474 4768//4474 4769//4474 4721//4474
vn 0.0000 1.0000 0.0000
f 4721//4475 4769//4475 4770//4475 4722//4475
vn 0.0000 1.0000 0.0000
usemtl leaf_1
f 4722//4476 4770//4476 4723//4476 4675//4476
vn 0.0000 1.0000 0.0000
usemtl leaf_0
f 4723//4477 4771//4477 4772//4477 4724//4477
vn 0.0000 1.0000 0.0000
f 4724//4478 4772//4478 4773//4478 4725//4478
vn 0.0000 1.0000 0.0000
f 4725//4479 4773//4479 4774//4479 4726//4479
vn 0.0000 1.0000 0.0000
f 4726//4480 4774//4480 4775//4480 4727//4480
vn 0.0000 1.0000 0.0000
f 4727//4481 4775//4481 4776//4481 4728//4481
vn 0.0000 1.0000 0.0000
f 4728//4482 4776//4482 4777//4482 4729//4482
vn 0.0000 1.0000 0.0000
f 4729//4483 4777//4483 4778//4483 4730//4483
vn 0.0000 1.0000 -0.0000
f 4730//4484 4778//4484 4779//4484 4731//4484
vn 0.0000 1.0000 0.0000
f 4731//4485 4779//4485 4780//4485 4732//4485
vn 0.0000 1.0000 0.0000
f 4732//4486 4780//4486 4781//4486 4733//4486
vn 0.0000 1.0000 0.0000
f 4733//4487 4781//4487 4782//4487 4734//4487
vn 0.0000 1.0000 -0.0000
f 4734//4488 4782//4488 4783//4488 4735//4488
vn 0.0000 1.0000 0.0000
f 4735//4489 4783//4489 4784//4489 4736//4489
vn 0.0000 1.0000 0.0000
f 4736//4490 4784//4490 4785//4490 4737//4490
vn 0.0000 1.0000 0.0000
f 4737//4491 4785//4491 4786//4491 4738//4491
vn 0.0000 1.0000 0.0000
f 4738//4492 4786//4492 4787//4492 4739//4492
vn 0.0000 1.0000 -0.0000
f 4739//4493 4787//4493 4788//4493 4740//4493
vn 0.0000 1.0000 0.0000
f 4740//4494 4788//4494 4789//4494 4741//4494
vn 0.0000 1.0000 -0.0000
f 4741//4495 4789//4495 4790//4495 4742//4495
vn 0.0000 1.0000 0.0000
f 4742//4496 4790//4496 4791//4496 4743//4496
vn 0.0000 1.0000 -0.0000
f 4743//4497 4791//4497 4792//4497 4744//4497
vn 0.0000 1.0000 0.0000
f 4744//4498 4792//4498 4793//4498 4745//4498
vn 0.0000 1.0000 0.0000
f 4745//4499 4793//4499 4794//4499 4746//4499
vn 0.0000 1.0000 0.0000
f 4746//4500 4794//4500 4795//4500 4747//4500
vn 0.0000 1.0000 0.0000
f 4747//4501 4795//4501 4796//4501 4748//4501
vn 0.0000 1.0000 0.0000
f 4748//4502 4796//4502 4797//4502 4749//4502
vn 0.0000 1.0000 -0.0000
f 4749//4503 4797//4503 4798//4503 4750//4503
vn 0.0000 1.0000 0.0000
f 4750//4504 4798//4504 4799//4504 4751//4504
vn 0.0000 1.0000 0.0000
f 4751//4505 4799//4505 4800//4505 4752//4505
vn 0.0000 1.0000 -0.0000
f 4752//4506 4800//4506 4801//4506 4753//4506
vn 0.0000 1.0000 0.0000
f 4753//4507 4801//4507 4802//4507 4754//4507
vn 0.0000 1.0000 0.0000
f 4754//4508 4802//4508 4803//4508 4755//4508
vn 0.0000 1.0000 -0.0000
f 4755//4509 4803//4509 4804//4509 4756//4509
vn 0.0000 1.0000 0.0000
f 4756//4510 4804//4510 4805//4510 4757//4510
vn 0.0000 1.0000 0.0000
f 4757//4511 4805//4511 4806//4511 4758//4511
vn 0.0000 1.0000 0.0000
f 4758//4512 4806//4512 4807//4512 4759//4512
vn 0.0000 1.0000 -0.0000
f 4759//4513 4807//4513 4808//4513 4760//4513
vn 0.0000 1.0000 0.0000
f 4760//4514 4808//4514 4809//4514 4761//4514
vn 0.0000 1.0000 0.0000
f 4761//4515 4809//4515 4810//4515 4762//4515
vn 0.0000 1.0000 -0.0000
f 4762//4516 4810//4516 4811//4516 4763//4516
vn 0.0000 1.0000 0.0000
f 4763//4517 4811//4517 4812//4517 4764//4517
vn 0.0000 1.0000 0.0000
f 4764//4518 4812//4518 4813//4518 4765//4518
vn 0.0000 1.0000 -0.0000
f 4765//4519 4813//4519 4814//4519 4766//4519
vn 0.0000 1.0000 0.0000
f 4766//4520 4814//4520 4815//4520 4767//4520
vn 0.0000 1.0000 -0.0000
f 4767//4521 4815//4521 4816//4521 4768//4521
vn 0.0000 1.0000 0.0000
f 4768//4522 4816//4522 4817//4522 4769//4522
vn 0.0000 1.0000 0.0000
f 4769//4523 4817//4523 4818//4523 4770//4523
vn 0.0000 1.0000 0.0000
f 4770//4524 4818//4524 4771//4524 4723//4524
vn 0.0000 1.0000 0.0000
f 4771//4525 4819//4525 4820//4525 4772//4525
vn 0.0000 1.0000 -0.0000
f 4772//4526 4820//4526 4821//4526 4773//4526
vn 0.0000 1.0000 0.0000
f 4773//4527 4821//4527 4822//4527 4774//4527
vn 0.0000 1.0000 0.0000
f 4774//4528 4822//4528 4823//4528 4775//4528
vn 0.0000 1.0000 0.0000
f 4775//4529 4823//4529 4824//4529 4776//4529
vn 0.0000 1.0000 -0.0000
f 4776//4530 4824//4530 4825//4530 4777//4530
vn 0.0000 1.0000 0.0000
f 4777//4531 4825//4531 4826//4531 4778//4531
vn 0.0000 1.0000 0.0000
f 4778//4532 4826//4532 4827//4532 4779//4532
vn 0.0000 1.0000 0.0000
f 4779//4533 4827//4533 4828//4533 4780//4533
vn 0.0000 1.0000 0.0000
f 4780//4534 4828//4534 4829//4534 4781//4534
vn 0.0000 1.0000 -0.0000
f 4781//4535 4829//4535 4830//4535 4782//4535
vn 0.0000 1.0000 0.0000
f 4782//4536 4830//4536 4831//4536 4783//4536
vn 0.0000 1.0000 0.0000
f 4783//4537 4831//4537 4832//4537 4784//4537
vn 0.0000 1.0000 -0.0000
f 4784//4538 4832//4538 4833//4538 4785//4538
vn 0.0000 1.0000 -0.0000
f 4785//4539 4833//4539 4834//4539 4786//4539
vn 0.0000 1.0000 0.0000
f 4786//4540 4834//4540 4835//4540 4787//4540
vn 0.0000 1.0000 -0.0000
f 4787//4541 4835//4541 4836//4541 4788//4541
vn 0.0000 1.0000 0.0000
f 4788//4542 4836//4542 4837//4542 4789//4542
vn 0.0000 1.0000 0.0000
f 4789//4543 4837//4543 4838//4543 4790//4543
vn 0.0000 1.0000 -0.0000
f 4790//4544 4838//4544 4839//4544 4791//4544
vn 0.0000 1.0000 -0.0000
f 4791//4545 4839//4545 4840//4545 4792//4545
vn 0.0000 1.0000 0.0000
f 4792//4546 4840//4546 4841//4546 4793//4546
vn 0.0000 1.0000 0.0000
f 4793//4547 4841//4547 4842//4547 4794//4547
vn 0.0000 1.0000 0.0000
f 4794//4548 4842//4548 4843//4548 4795//4548
vn 0.0000 1.0000 -0.0000
f 4795//4549 4843//4549 4844//4549 4796//4549
vn 0.0000 1.0000 0.0000
f 4796//4550 4844//4550 4845//4550 4797//4550
vn 0.0000 1.0000 0.0000
f 4797//4551 4845//4551 4846//4551 4798//4551
vn 0.0000 1.0000 0.0000
f 4798//4552 4846//4552 4847//4552 4799//4552
vn 0.0000 1.0000 -0.0000
f 4799//4553 4847//4553 4848//4553 4800//4553
vn 0.0000 1.0000 0.0000
f 4800//4554 4848//4554 4849//4554 4801//4554
vn 0.0000 1.0000 0.0000
f 4801//4555 4849//4555 4850//4555 4802//4555
vn 0.0000 1.0000 0.0000
f 4802//4556 4850//4556 4851//4556 4803//4556
vn 0.0000 1.0000 0.0000
f 4803//4557 4851//4557 4852//4557 4804//4557
vn 0.0000 1.0000 0.0000
f 4804//4558 4852//4558 4853//4558 4805//4558
vn 0.0000 1.0000 0.0000
f 4805//4559 4853//4559 4854//4559 4806//4559
vn 0.0000 1.0000 0.0000
f 4806//4560 4854//4560 4855//4560 4807//4560
vn 0.0000 1.0000 0.0000
f 4807//4561 4855//4561 4856//4561 4808//4561
vn 0.0000 1.0000 0.0000
f 4808//4562 4856//4562 4857//4562 4809//4562
vn 0.0000 1.0000 -0.0000
f 4809//4563 4857//4563 4858//4563 4810//4563
vn 0.0000 1.0000 0.0000
f 4810//4564 4858//4564 4859//4564 4811//4564
vn 0.0000 1.0000 -0.0000
f 4811//4565 4859//4565 4860//4565 4812//4565
vn 0.0000 1.0000 0.0000
f 4812//4566 4860//4566 4861//4566 4813//4566
vn 0.0000 1.0000 -0.0000
f 4813//4567 4861//4567 4862//4567 4814//4567
vn 0.0000 1.0000 0.0000
f 4814//4568 4862//4568 4863//4568 4815//4568
vn 0.0000 1.0000 -0.0000
f 4815//4569 4863//4569 4864//4569 4816//4569
vn 0.0000 1.0000 -0.0000
f 4816//4570 4864//4570 4865//4570 4817//4570
vn 0.0000 1.0000 0.0000
f 4817//4571 4865//4571 4866//4571 4818//4571
vn 0.0000 1.0000 -0.0000
f 4818//4572 4866//4572 4819//4572 4771//4572
vn 0.0000 1.0000 -0.0000
f 4819//4573 4867//4573 4868//4573 4820//4573
vn 0.0000 1.0000 0.0000
f 4820//4574 4868//4574 4869//4574 4821//4574
vn 0.0000 1.0000 -0.0000
f 4821//4575 4869//4575 4870//4575 4822//4575
vn 0.0000 1.0000 0.0000
f 4822//4576 4870//4576 4871//4576 4823//4576
vn 0.0000 1.0000 0.0000
f 4823//4577 4871//4577 4872//4577 4824//4577
vn 0.0000 1.0000 0.0000
f 4824//4578 4872//4578 4873//4578 4825//4578
vn 0.0000 1.0000 0.0000
f 4825//4579 4873//4579 4874//4579 4826//4579
vn 0.0000 1.0000 0.0000
f 4826//4580 4874//4580 4875//4580 4827//4580
vn 0.0000 1.0000 0.0000
f 4827//4581 4875//4581 4876//4581 4828//4581
vn 0.0000 1.0000 -0.0000
f 4828//4582 4876//4582 4877//4582 4829//4582
vn 0.0000 1.0000 0.0000
f 4829//4583 4877//4583 4878//4583 4830//4583
vn 0.0000 1.0000 0.0000
f 4830//4584 4878//4584 4879//4584 4831//4584
vn 0.0000 1.0000 0.0000
f 4831//4585 4879//4585 4880//4585 4832//4585
vn 0.0000 1.0000 0.0000
f 4832//4586 4880//4586 4881//4586 4833//4586
vn 0.0000 1.0000 0.0000
f 4833//4587 4881//4587 4882//4587 4834//4587
vn 0.0000 1.0000 0.0000
f 4834//4588 4882//4588 4883//4588 4835//4588
vn 0.0000 1.0000 -0.0000
f 4835//4589 4883//4589 4884//4589 4836//4589
vn 0.0000 1.0000 -0.0000
f 4836//4590 4884//4590 4885//4590 4837//4590
vn 0.0000 1.0000 0.0000
f 4837//4591 4885//4591 4886//4591 4838//4591
vn 0.0000 1.0000 -0.0000
f 4838//4592 4886//4592 4887//4592 4839//4592
vn 0.0000 1.0000 0.0000
f 4839//4593 4887//4593 4888//4593 4840//4593
vn 0.0000 1.0000 0.0000
f 4840//4594 4888//4594 4889//4594 4841//4594
vn 0.0000 1.0000 0.0000
f 4841//4595 4889//4595 4890//4595 4842//4595
vn 0.0000 1.0000 -0.0000
f 4842//4596 4890//4596 4891//4596 4843//4596
vn 0.0000 1.0000 -0.0000
f 4843//4597 4891//4597 4892//4597 4844//4597
vn 0.0000 1.0000 0.0000
f 4844//4598 4892//4598 4893//4598 4845//4598
vn 0.0000 1.0000 0.0000
f 4845//4599 4893//4599 4894//4599 4846//4599
vn 0.0000 1.0000 -0.0000
f 4846//4600 4894//4600 4895//4600 4847//4600
vn 0.0000 1.0000 0.0000
f 4847//4601 4895//4601 4896//4601 4848//4601
vn 0.0000 1.0000 0.0000
f 4848//4602 4896//4602 4897//4602 4849//4602
vn 0.0000 1.0000 0.0000
f 4849//4603 4897//4603 4898//4603 4850//4603
vn 0.0000 1.0000 0.0000
f 4850//4604 4898//4604 4899//4604 4851//4604
vn 0.0000 1.0000 0.0000
f 4851//4605 4899//4605 4900//4605 4852//4605
vn 0.0000 1.0000 0.0000
f 4852//4606 4900//4606 4901//4606 4853//4606
vn 0.0000 1.0000 -0.0000
f 4853//4607 4901//4607 4902//4607 4854//4607
vn 0.0000 1.0000 0.0000
f 4854//4608 4902//4608 4903//4608 4855//4608
vn 0.0000 1.0000 -0.0000
f 4855//4609 4903//4609 4904//4609 4856//4609
vn 0.0000 1.0000 0.0000
f 4856//4610 4904//4610 4905//4610 4857//4610
vn 0.0000 1.0000 -0.0000
f 4857//4611 4905//4611 4906//4611 4858//4611
vn 0.0000 1.0000 -0.0000
f 4858//4612 4906//4612 4907//4612 4859//4612
vn 0.0000 1.0000 0.0000
f 4859//4613 4907//4613 4908//4613 4860//4613
vn 0.0000 1.0000 -0.0000
f 4860//4614 4908//4614 4909//4614 4861//4614
vn 0.0000 1.0000 0.0000
f 4861//4615 4909//4615 4910//4615 4862//4615
vn 0.0000 1.0000 0.0000
f 4862//4616 4910//4616 4911//4616 4863//4616
vn 0.0000 1.0000 0.0000
f 4863//4617 4911//4617 4912//4617 4864//4617
vn 0.0000 1.0000 0.0000
f 4864//4618 4912//4618 4913//4618 4865//4618
vn 0.0000 1.0000 -0.0000
f 4865//4619 4913//4619 4914//4619 4866//4619
vn 0.0000 1.0000 0.0000
f 4866//4620 4914//4620 4867//4620 4819//4620
vn 0.0000 1.0000 -0.0000
f 4867//4621 4915//4621 4916//4621 4868//4621
vn 0.0000 1.0000 -0.0000
f 4868//4622 4916//4622 4917//4622 4869//4622
vn 0.0000 1.0000 -0.0000
f 4869//4623 4917//4623 4918//4623 4870//4623
vn 0.0000 1.0000 0.0000
f 4870//4624 4918//4624 4919//4624 4871//4624
vn 0.0000 1.0000 0.0000
f 4871//4625 4919//4625 4920//4625 4872//4625
vn 0.0000 1.0000 0.0000
f 4872//4626 4920//4626 4921//4626 4873//4626
vn 0.0000 1.0000 0.0000
f 4873//4627 4921//4627 4922//4627 4874//4627
vn 0.0000 1.0000 0.0000
f 4874//4628 4922//4628 4923//4628 4875//4628
vn 0.0000 1.0000 0.0000
f 4875//4629 4923//4629 4924//4629 4876//4629
vn 0.0000 1.0000 0.0000
f 4876//4630 4924//4630 4925//4630 4877//4630
vn 0.0000 1.0000 -0.0000
f 4877//4631 4925//4631 4926//4631 4878//4631
vn 0.0000 1.0000 0.0000
f 4878//4632 4926//4632 4927//4632 4879//4632
vn 0.0000 1.0000 0.0000
f 4879//4633 4927//4633 4928//4633 4880//4633
vn 0.0000 1.0000 0.0000
f 4880//4634 4928//4634 4929//4634 4881//4634
vn 0.0000 1.0000 -0.0000
f 4881//4635 4929//4635 4930//4635 4882//4635
vn 0.0000 1.0000 0.0000
f 4882//4636 4930//4636 4931//4636 4883//4636
vn 0.0000 1.0000 -0.0000
f 4883//4637 4931//4637 4932//4637 4884//4637
vn 0.0000 1.0000 0.0000
f 4884//4638 4932//4638 4933//4638 4885//4638
vn 0.0000 1.0000 -0.0000
f 4885//4639 4933//4639 4934//4639 4886//4639
vn 0.0000 1.0000 -0.0000
f 4886//4640 4934//4640 4935//4640 4887//4640
vn 0.0000 1.0000 -0.0000
f 4887//4641 4935//4641 4936//4641 4888//4641
vn 0.0000 1.0000 0.0000
f 4888//4642 4936//4642 4937//4642 4889//4642
vn 0.0000 1.0000 0.0000
f 4889//4643 4937//4643 4938//4643 4890//4643
vn 0.0000 1.0000 -0.0000
f 4890//4644 4938//4644 4939//4644 4891//4644
vn 0.0000 1.0000 0.0000
f 4891//4645 4939//4645 4940//4645 4892//4645
vn 0.0000 1.0000 -0.0000
f 4892//4646 4940//4646 4941//4646 4893//4646
vn 0.0000 1.0000 0.0000
f 4893//4647 4941//4647 4942//4647 4894//4647
vn 0.0000 1.0000 -0.0000
f 4894//4648 4942//4648 4943//4648 4895//4648
vn 0.0000 1.0000 0.0000
f 4895//4649 4943//4649 4944//4649 4896//4649
vn 0.0000 1.0000 0.0000
f 4896//4650 4944//4650 4945//4650 4897//4650
vn 0.0000 1.0000 0.0000
f 4897//4651 4945//4651 4946//4651 4898//4651
vn 0.0000 1.0000 0.0000
f 4898//4652 4946//4652 4947//4652 4899//4652
vn 0.0000 1.0000 0.0000
f 4899//4653 4947//4653 4948//4653 4900//4653
vn 0.0000 1.0000 -0.0000
f 4900//4654 4948//4654 4949//4654 4901//4654
vn 0.0000 1.0000 0.0000
f 4901//4655 4949//4655 4950//4655 4902//4655
vn 0.0000 1.0000 0.0000
f 4902//4656 4950//4656 4951//4656 4903//4656
vn 0.0000 1.0000 0.0000
f 4903//4657 4951//4657 4952//4657 4904//4657
vn 0.0000 1.0000 -0.0000
f 4904//4658 4952//4658 4953//4658 4905//4658
vn 0.0000 1.0000 0.0000
f 4905//4659 4953//4659 4954//4659 4906//4659
vn 0.0000 1.0000 -0.0000
f 4906//4660 4954//4660 4955//4660 4907//4660
vn 0.0000 1.0000 -0.0000
f 4907//4661 4955//4661 4956//4661 4908//4661
vn 0.0000 1.0000 -0.0000
f 4908//4662 4956//4662 4957//4662 4909//4662
vn 0.0000 1.0000 -0.0000
f 4909//4663 4957//4663 4958//4663 4910//4663
vn 0.0000 1.0000 0.0000
f 4910//4664 4958//4664 4959//4664 4911//4664
vn 0.0000 1.0000 -0.0000
f 4911//4665 4959//4665 4960//4665 4912//4665
vn 0.0000 1.0000 0.0000
f 4912//4666 4960//4666 4961//4666 4913//4666
vn 0.0000 1.0000 0.0000
f 4913//4667 4961//4667 4962//4667 4914//4667
vn 0.0000 1.0000 0.0000
f 4914//4668 4962//4668 4915//4668 4867//4668
vn 0.0000 1.0000 0.0000
f 4915//4669 4963//4669 4964//4669 4916//4669
vn 0.0000 1.0000 -0.0000
f 4916//4670 4964//4670 4965//4670 4917//4670
vn 0.0000 1.0000 0.0000
f 4917//4671 4965//4671 4966//4671 4918//4671
vn 0.0000 1.0000 0.0000
f 4918//4672 4966//4672 4967//4672 4919//4672
vn 0.0000 1.0000 0.0000
f 4919//4673 4967//4673 4968//4673 4920//4673
vn 0.0000 1.0000 0.0000
f 4920//4674 4968//4674 4969//4674 4921//4674
vn 0.0000 1.0000 0.0000
f 4921//4675 4969//4675 4970//4675 4922//4675
vn 0.0000 1.0000 0.0000
f 4922//4676 4970//4676 4971//4676 4923//4676
vn 0.0000 1.0000 0.0000
f 4923//4677 4971//4677 4972//4677 4924//4677
vn 0.0000 1.0000 0.0000
f 4924//4678 4972//4678 4973//4678 4925//4678
vn 0.0000 1.0000 -0.0000
f 4925//4679 4973//4679 4974//4679 4926//4679
vn 0.0000 1.0000 0.0000
f 4926//4680 4974//4680 4975//4680 4927//4680
vn 0.0000 1.0000 -0.0000
f 4927//4681 4975//4681 4976//4681 4928//4681
vn 0.0000 1.0000 0.0000
f 4928//4682 4976//4682 4977//4682 4929//4682
vn 0.0000 1.0000 -0.0000
f 4929//4683 4977//4683 4978//4683 4930//4683
vn 0.0000 1.0000 0.0000
f 4930//4684 4978//4684 4979//4684 4931//4684
vn 0.0000 1.0000 0.0000
f 4931//4685 4979//4685 4980//4685 4932//4685
vn 0.0000 1.0000 -0.0000
f 4932//4686 4980//4686 4981//4686 4933//4686
vn 0.0000 1.0000 0.0000
f 4933//4687 4981//4687 4982//4687 4934//4687
vn 0.0000 1.0000 -0.0000
f 4934//4688 4982//4688 4983//4688 4935//4688
vn 0.0000 1.0000 0.0000
f 4935//4689 4983//4689 4984//4689 4936//4689
vn 0.0000 1.0000 0.0000
f 4936//4690 4984//4690 4985//4690 4937//4690
vn 0.0000 1.0000 -0.0000
f 4937//4691 4985//4691 4986//4691 4938//4691
vn 0.0000 1.0000 0.0000
f 4938//4692 4986//4692 4987//4692 4939//4692
vn 0.0000 1.0000 -0.0000
f 4939//4693 4987//4693 4988//4693 4940//4693
vn 0.0000 1.0000 0.0000
f 4940//4694 4988//4694 4989//4694 4941//4694
vn 0.0000 1.0000 -0.0000
f 4941//4695 4989//4695 4990//4695 4942//4695
vn 0.0000 1.0000 0.0000
f 4942//4696 4990//4696 4991//4696 4943//4696
vn 0.0000 1.0000 -0.0000
f 4943//4697 4991//4697 4992//4697 4944//4697
vn 0.0000 1.0000 -0.0000
f 4944//4698 4992//4698 4993//4698 4945//4698
vn 0.0000 1.0000 0.0000
f 4945//4699 4993//4699 4994//4699 4946//4699
vn 0.0000 1.0000 0.0000
f 4946//4700 4994//4700 4995//4700 4947//4700
vn 0.0000 1.0000 0.0000
f 4947//4701 4995//4701 4996//4701 4948//4701
vn 0.0000 1.0000 -0.0000
f 4948//4702 4996//4702 4997//4702 4949//4702
vn 0.0000 1.0000 0.0000
f 4949//4703 4997//4703 4998//4703 4950//4703
vn 0.0000 1.0000 -0.0000
f 4950//4704 4998//4704 4999//4704 4951//4704
vn 0.0000 1.0000 0.0000
f 4951//4705 4999//4705 5000//4705 4952//4705
vn 0.0000 1.0000 0.0000
f 4952//4706 5000//4706 5001//4706 4953//4706
vn 0.0000 1.0000 -0.0000
f 4953//4707 5001//4707 5002//4707 4954//4707
vn 0.0000 1.0000 0.0000
f 4954//4708 5002//4708 5003//4708 4955//4708
vn 0.0000 1.0000 -0.0000
f 4955//4709 5003//4709 5004//4709 4956//4709
vn 0.0000 1.0000 0.0000
f 4956//4710 5004//4710 5005//4710 4957//4710
vn 0.0000 1.0000 -0.0000
f 4957//4711 5005//4711 5006//4711 4958//4711
vn 0.0000 1.0000 0.0000
f 4958//4712 5006//4712 5007//4712 4959//4712
vn 0.0000 1.0000 0.0000
f 4959//4713 5007//4713 5008//4713 4960//4713
vn 0.0000 1.0000 0.0000
f 4960//4714 5008//4714 5009//4714 4961//4714
vn 0.0000 1.0000 -0.0000
f 4961//4715 5009//4715 5010//4715 4962//4715
vn 0.0000 1.0000 0.0000
f 4962//4716 5010//4716 4963//4716 4915//4716
vn 0.0000 1.0000 0.0000
f 4963//4717 5011//4717 5012//4717 4964//4717
vn 0.0000 1.0000 -0.0000
f 4964//4718 5012//4718 5013//4718 4965//4718
vn 0.0000 1.0000 0.0000
f 4965//4719 5013//4719 5014//4719 4966//4719
vn 0.0000 1.0000 0.0000
f 4966//4720 5014//4720 5015//4720 4967//4720
vn 0.0000 1.0000 -0.0000
f 4967//4721 5015//4721 5016//4721 4968//4721
vn 0.0000 1.0000 0.0000
f 4968//4722 5016//4722 5017//4722 4969//4722
vn 0.0000 1.0000 0.0000
f 4969//4723 5017//4723 5018//4723 4970//4723
vn 0.0000 1.0000 0.0000
f 4970//4724 5018//4724 5019//4724 4971//4724
vn 0.0000 1.0000 0.0000
f 4971//4725 5019//4725 5020//4725 4972//4725
vn 0.0000 1.0000 -0.0000
f 4972//4726 5020//4726 5021//4726 4973//4726
vn 0.0000 1.0000 0.0000
f 4973//4727 5021//4727 5022//4727 4974//4727
vn 0.0000 1.0000 0.0000
f 4974//4728 5022//4728 5023//4728 4975//4728
vn 0.0000 1.0000 0.0000
f 4975//4729 5023//4729 5024//4729 4976//4729
vn 0.0000 1.0000 0.0000
f 4976//4730 5024//4730 5025//4730 4977//4730
vn 0.0000 1.0000 -0.0000
f 4977//4731 5025//4731 5026//4731 4978//4731
vn 0.0000 1.0000 0.0000
f 4978//4732 5026//4732 5027//4732 4979//4732
vn 0.0000 1.0000 -0.0000
f 4979//4733 5027//4733 5028//4733 4980//4733
vn 0.0000 1.0000 0.0000
f 4980//4734 5028//4734 5029//4734 4981//4734
vn 0.0000 1.0000 -0.0000
f 4981//4735 5029//4735 5030//4735 4982//4735
vn 0.0000 1.0000 -0.0000
f 4982//4736 5030//4736 5031//4736 4983//4736
vn 0.0000 1.0000 -0.0000
f 4983//4737 5031//4737 5032//4737 4984//4737
vn 0.0000 1.0000 0.0000
f 4984//4738 5032//4738 5033//4738 4985//4738
vn 0.0000 1.0000 -0.0000
f 4985//4739 5033//4739 5034//4739 4986//4739
vn 0.0000 1.0000 -0.0000
f 4986//4740 5034//4740 5035//4740 4987//4740
vn 0.0000 1.0000 0.0000
f 4987//4741 5035//4741 5036//4741 4988//4741
vn 0.0000 1.0000 0.0000
f 4988//4742 5036//4742 5037//4742 4989//4742
vn 0.0000 1.0000 0.0000
f 4989//4743 5037//4743 5038//4743 4990//4743
vn 0.0000 1.0000 0.0000
f 4990//4744 5038//4744 5039//4744 4991//4744
vn 0.0000 1.0000 0.0000
f 4991//4745 5039//4745 5040//4745 4992//4745
vn 0.0000 1.0000 0.0000
f 4992//4746 5040//4746 5041//4746 4993//4746
vn 0.0000 1.0000 -0.0000
f 4993//4747 5041//4747 5042//4747 4994//4747
vn 0.0000 1.0000 0.0000
f 4994//4748 5042//4748 5043//4748 4995//4748
vn 0.0000 1.0000 0.0000
f 4995//4749 5043//4749 5044//4749 4996//4749
vn 0.0000 1.0000 -0.0000
f 4996//4750 5044//4750 5045//4750 4997//4750
vn 0.0000 1.0000 0.0000
f 4997//4751 5045//4751 5046//4751 4998//4751
vn 0.0000 1.0000 0.0000
f 4998//4752 5046//4752 5047//4752 4999//4752
vn 0.0000 1.0000 -0.0000
f 4999//4753 5047//4753 5048//4753 5000//4753
vn 0.0000 1.0000 0.0000
f 5000//4754 5048//4754 5049//4754 5001//4754
vn 0.0000 1.0000 -0.0000
f 5001//4755 5049//4755 5050//4755 5002//4755
vn 0.0000 1.0000 0.0000
f 5002//4756 5050//4756 5051//4756 5003//4756
vn 0.0000 1.0000 0.0000
f 5003//4757 5051//4757 5052//4757 5004//4757
vn 0.0000 1.0000 -0.0000
f 5004//4758 5052//4758 5053//4758 5005//4758
vn 0.0000 1.0000 0.0000
f 5005//4759 5053//4759 5054//4759 5006//4759
vn 0.0000 1.0000 0.0000
f 5006//4760 5054//4760 5055//4760 5007//4760
vn 0.0000 1.0000 -0.0000
f 5007//4761 5055//4761 5056//4761 5008//4761
vn 0.0000 1.0000 0.0000
f 5008//4762 5056//4762 5057//4762 5009//4762
vn 0.0000 1.0000 -0.0000
f 5009//4763 5057//4763 5058//4763 5010//4763
vn 0.0000 1.0000 0.0000
f 5010//4764 5058//4764 5011//4764 4963//4764
vn -0.3512 0.0000 -0.9363
usemtl trunk
f 5059//4765 5061//4765 5062//4765 5060//4765
vn 0.4137 0.0000 -0.9104
f 5061//4766 5063//4766 5064//4766 5062//4766
vn 0.9363 0.0000 -0.3512
f 5063//4767 5065//4767 5066//4767 5064//4767
vn 0.9104 0.0000 0.4137
f 5065//4768 5067//4768 5068//4768 5066//4768
vn 0.3512 0.0000 0.9363
f 5067//4769 5069//4769 5070//4769 5068//4769
vn -0.4137 0.0000 0.9104
f 5069//4770 5071//4770 5072//4770 5070//4770
vn -0.9363 0.0000 0.3512
f 5071//4771 5073//4771 5074//4771 5072//4771
vn -0.9104 0.0000 -0.4137
f 5073//4772 5059//4772 5060//4772 5074//4772
vn 0.0000 1.0000 0.0000
f 5075//4773 5061//4773 5059//4773
vn 0.0000 -1.0000 -0.0000
f 5076//4774 5060//4774 5062//4774
vn 0.0000 1.0000 -0.0000
f 5075//4775 5063//4775 5061//4775
vn 0.0000 -1.0000 -0.0000
f 5076//4776 5062//4776 5064//4776
vn 0.0000 1.0000 0.0000
f 5075//4777 5065//4777 5063//4777
vn 0.0000 -1.0000 0.0000
f 5076//4778 5064//4778 5066//4778
vn 0.0000 1.0000 0.0000
f 5075//4779 5067//4779 5065//4779
vn 0.0000 -1.0000 0.0000
f 5076//4780 5066//4780 5068//4780
vn 0.0000 1.0000 0.0000
f 5075//4781 5069//4781 5067//4781
vn 0.0000 -1.0000 0.0000
f 5076//4782 5068//4782 5070//4782
vn 0.0000 1.0000 0.0000
f 5075//4783 5071//4783 5069//4783
vn 0.0000 -1.0000 0.0000
f 5076//4784 5070//4784 5072//4784
vn 0.0000 1.0000 0.0000
f 5075//4785 5073//4785 5071//4785
vn 0.0000 -1.0000 -0.0000
f 5076//4786 5072//4786 5074//4786
vn 0.0000 1.0000 0.0000
f 5075//4787 5059//4787 5073//4787
vn 0.0000 -1.0000 0.0000
f 5076//4788 5074//4788 5060//4788
o front_bush_boxwood_1
v -5.0941 0.7965 5.9000
v -5.0941 0.7962 5.9000
v -5.0941 0.7979 5.9000
v -5.0941 0.7892 5.9000
v -5.0941 0.7940 5.9000
v -5.0941 0.7881 5.9000
v -5.0941 0.7883 5.9000
v -5.0941 0.7843 5.9000
v -5.0941 0.7900 5.9000
v -5.0941 0.7891 5.9000
v -5.0941 0.7894 5.9000
v -5.0941 0.7933 5.9000
v -5.0941 0.8042 5.9000
v -5.0941 0.7927 5.9000
v -5.0941 0.7904 5.9000
v -5.0941 0.7840 5.9000
v -5.0941 0.7860 5.9000
v -5.0941 0.7882 5.9000
v -5.0941 0.7952 5.9000
v -5.0941 0.7873 5.9000
v -5.0941 0.7871 5.9000
v -5.0941 0.7904 5.9000
v -5.0941 0.7940 5.9000
v -5.0941 0.7921 5.9000
v -5.0941 0.8050 5.9000
v -5.0941 0.7988 5.9000
v -5.0941 0.7899 5.9000
v -5.0941 0.7840 5.9000
v -5.0941 0.7872 5.9000
v -5.0941 0.7872 5.9000
v -5.0941 0.7917 5.9000
v -5.0941 0.7943 5.9000
v -5.0941 0.7880 5.9000
v -5.0941 0.7930 5.9000
v -5.0941 0.7989 5.9000
v -5.0941 0.7925 5.9000
v -5.0941 0.7894 5.9000
v -5.0941 0.7976 5.9000
v -5.0941 0.7922 5.9000
v -5.0941 0.7953 5.9000
v -5.0941 0.7908 5.9000
v -5.0941 0.7931 5.9000
v -5.0941 0.7821 5.9000
v -5.0941 0.7905 5.9000
v -5.0941 0.7893 5.9000
v -5.0941 0.7914 5.9000
v -5.0941 0.7891 5.9000
v -5.0941 0.7936 5.9000
v -5.0621 0.7910 5.9370
v -5.0666 0.8022 5.9418
v -5.0723 0.8003 5.9449
v -5.0787 0.7910 5.9465
v -5.0850 0.7860 5.9476
v -5.0912 0.7911 5.9489
v -5.0977 0.7955 5.9493
v -5.1041 0.7965 5.9485
v -5.1101 0.7882 5.9460
v -5.1161 0.7913 5.9438
v -5.1214 0.7885 5.9403
v -5.1267 0.7916 5.9366
v -5.1319 0.8006 5.9327
v -5.1357 0.7996 5.9274
v -5.1380 0.7895 5.9213
v -5.1406 0.7908 5.9154
v -5.1417 0.7858 5.9091
v -5.1427 0.7882 5.9029
v -5.1428 0.7895 5.8965
v -5.1427 0.7975 5.8900
v -5.1407 0.7940 5.8839
v -5.1377 0.7885 5.8782
v -5.1351 0.7961 5.8722
v -5.1316 0.8029 5.8667
v -5.1269 0.8024 5.8621
v -5.1213 0.7950 5.8588
v -5.1154 0.7901 5.8560
v -5.1094 0.7877 5.8539
v -5.1032 0.7841 5.8526
v -5.0970 0.7902 5.8512
v -5.0906 0.7923 5.8510
v -5.0841 0.7982 5.8513
v -5.0779 0.7968 5.8532
v -5.0723 0.7877 5.8565
v -5.0665 0.7942 5.8592
v -5.0613 0.7959 5.8630
v -5.0573 0.7890 5.8681
v -5.0531 0.7923 5.8730
v -5.0496 0.7960 5.8784
v -5.0478 0.7895 5.8846
v -5.0461 0.7907 5.8908
v -5.0443 0.8007 5.8971
v -5.0454 0.7903 5.9035
v -5.0466 0.7864 5.9098
v -5.0485 0.7841 5.9158
v -5.0504 0.7902 5.9219
v -5.0529 0.7990 5.9279
v -5.0574 0.7929 5.9326
v -5.0291 0.7919 5.9751
v -5.0383 0.8018 5.9847
v -5.0500 0.8001 5.9909
v -5.0628 0.7921 5.9943
v -5.0752 0.7970 5.9986
v -5.0883 0.7897 5.9987
v -5.1013 0.7933 5.9994
v -5.1144 0.7977 5.9985
v -5.1266 0.7904 5.9936
v -5.1379 0.7834 5.9873
v -5.1497 0.7904 5.9820
v -5.1598 0.7898 5.9740
v -5.1698 0.7957 5.9655
v -5.1787 0.8012 5.9557
v -5.1840 0.7943 5.9436
v -5.1886 0.7927 5.9314
v -5.1886 0.7769 5.9182
v -5.1911 0.7812 5.9057
v -5.1926 0.7889 5.8929
v -5.1919 0.7941 5.8799
v -5.1902 0.8033 5.8667
v -5.1830 0.7923 5.8554
v -5.1777 0.7998 5.8433
v -5.1686 0.7929 5.8339
v -5.1603 0.8004 5.8235
v -5.1484 0.7882 5.8177
v -5.1372 0.7883 5.8113
v -5.1250 0.7857 5.8069
v -5.1128 0.7912 5.8026
v -5.1000 0.7980 5.7996
v -5.0869 0.7978 5.7997
v -5.0740 0.7951 5.8020
v -5.0611 0.7987 5.8048
v -5.0499 0.7886 5.8118
v -5.0393 0.7840 5.8191
v -5.0284 0.7900 5.8260
v -5.0186 0.7943 5.8346
v -5.0117 0.7887 5.8457
v -5.0051 0.7896 5.8568
v -5.0001 0.7904 5.8688
v -4.9968 0.7906 5.8813
v -4.9923 0.8046 5.8940
v -4.9947 0.7935 5.9072
v -4.9975 0.7884 5.9199
v -5.0015 0.7852 5.9321
v -5.0070 0.7828 5.9437
v -5.0122 0.7900 5.9555
v -5.0190 0.7973 5.9667
v -4.9954 0.7872 6.0141
v -5.0103 0.7918 6.0272
v -5.0269 0.7969 6.0385
v -5.0460 0.7925 6.0447
v -5.0656 0.7885 6.0485
v -5.0850 0.7981 6.0540
v -5.1050 0.7901 6.0514
v -5.1253 0.8002 6.0518
v -5.1438 0.7901 6.0434
v -5.1623 0.7912 6.0360
v -5.1791 0.7893 6.0254
v -5.1955 0.7929 6.0141
v -5.2096 0.7933 6.0000
v -5.2226 0.7967 5.9846
v -5.2316 0.7934 5.9667
v -5.2378 0.7889 5.9477
v -5.2429 0.7894 5.9286
v -5.2421 0.7789 5.9087
v -5.2445 0.7870 5.8892
v -5.2446 0.7959 5.8691
v -5.2407 0.8006 5.8492
v -5.2346 0.8070 5.8296
v -5.2229 0.8020 5.8128
v -5.2095 0.7981 5.7975
v -5.1932 0.7889 5.7855
v -5.1777 0.7907 5.7731
v -5.1591 0.7813 5.7660
v -5.1416 0.7863 5.7571
v -5.1230 0.7941 5.7497
v -5.1032 0.7999 5.7454
v -5.0830 0.8004 5.7454
v -5.0626 0.8052 5.7467
v -5.0441 0.7931 5.7557
v -5.0254 0.7951 5.7629
v -5.0099 0.7849 5.7757
v -4.9936 0.7889 5.7868
v -4.9790 0.7916 5.8004
v -4.9681 0.7874 5.8170
v -4.9570 0.7921 5.8335
v -4.9520 0.7839 5.8528
v -4.9445 0.7919 5.8713
v -4.9397 0.7993 5.8909
v -4.9378 0.8058 5.9113
v -4.9436 0.7962 5.9310
v -4.9532 0.7819 5.9489
v -4.9589 0.7885 5.9678
v -4.9679 0.7923 5.9855
v -4.9788 0.7982 6.0025
v -4.9582 0.7873 6.0570
v -4.9810 0.7826 6.0717
v -5.0039 0.7852 6.0860
v -5.0276 0.7952 6.1003
v -5.0545 0.7924 6.1061
v -5.0818 0.7900 6.1085
v -5.1094 0.8001 6.1127
v -5.1360 0.7883 6.1038
v -5.1626 0.7903 6.0974
v -5.1879 0.7913 6.0872
v -5.2103 0.7861 6.0715
v -5.2317 0.7861 6.0548
v -5.2516 0.7887 6.0363
v -5.2692 0.7920 6.0154
v -5.2843 0.7959 5.9923
v -5.2923 0.7901 5.9658
v -5.3017 0.7959 5.9399
v -5.3028 0.7905 5.9123
v -5.2989 0.7820 5.8852
v -5.2998 0.7928 5.8577
v -5.2956 0.8000 5.8302
v -5.2855 0.8021 5.8041
v -5.2704 0.7993 5.7806
v -5.2521 0.7958 5.7596
v -5.2303 0.7884 5.7427
v -5.2075 0.7837 5.7279
v -5.1834 0.7805 5.7159
v -5.1598 0.7893 5.7021
v -5.1340 0.7964 5.6922
v -5.1066 0.7973 5.6883
v -5.0789 0.7978 5.6883
v -5.0515 0.7962 5.6928
v -5.0241 0.8010 5.6982
v -4.9999 0.7932 5.7121
v -4.9767 0.7910 5.7268
v -4.9581 0.7807 5.7469
v -4.9373 0.7866 5.7643
v -4.9215 0.7853 5.7863
v -4.9081 0.7852 5.8098
v -4.8954 0.7914 5.8340
v -4.8881 0.7922 5.8604
v -4.8830 0.7962 5.8875
v -4.8784 0.8070 5.9155
v -4.8865 0.7973 5.9427
v -4.8961 0.7918 5.9687
v -4.9085 0.7872 5.9930
v -4.9227 0.7860 6.0162
v -4.9351 0.7988 6.0413
v -4.9176 0.7851 6.1039
v -4.9493 0.7739 6.1198
v -4.9786 0.7763 6.1381
v -5.0086 0.7876 6.1573
v -5.0422 0.7945 6.1701
v -5.0778 0.7972 6.1761
v -5.1137 0.7897 6.1716
v -5.1495 0.7941 6.1691
v -5.1830 0.7879 6.1563
v -5.2149 0.7848 6.1409
v -5.2457 0.7862 6.1237
v -5.2700 0.7765 6.0979
v -5.2954 0.7790 6.0742
v -5.3149 0.7759 6.0455
v -5.3359 0.7835 6.0173
v -5.3504 0.7858 5.9851
v -5.3599 0.7869 5.9511
v -5.3668 0.7913 5.9161
v -5.3649 0.7883 5.8805
v -5.3584 0.7853 5.8456
v -5.3541 0.7948 5.8098
v -5.3443 0.8029 5.7746
v -5.3229 0.7968 5.7450
v -5.2929 0.7786 5.7234
v -5.2671 0.7756 5.7002
v -5.2399 0.7770 5.6787
v -5.2108 0.7811 5.6594
v -5.1804 0.7919 5.6404
v -5.1464 0.7980 5.6280
v -5.1105 0.7991 5.6228
v -5.0745 0.7899 5.6283
v -5.0379 0.8014 5.6268
v -5.0039 0.7952 5.6398
v -4.9712 0.7931 5.6548
v -4.9446 0.7795 5.6794
v -4.9185 0.7759 5.7024
v -4.8955 0.7730 5.7281
v -4.8693 0.7842 5.7519
v -4.8502 0.7877 5.7817
v -4.8389 0.7839 5.8152
v -4.8294 0.7850 5.8491
v -4.8204 0.7931 5.8838
v -4.8155 0.8021 5.9201
v -4.8232 0.7973 5.9557
v -4.8357 0.7919 5.9896
v -4.8533 0.7846 6.0207
v -4.8693 0.7884 6.0523
v -4.8935 0.7827 6.0782
v -4.8822 0.7597 6.1449
v -4.9163 0.7588 6.1699
v -4.9502 0.7679 6.1967
v -4.9885 0.7753 6.2180
v -5.0297 0.7840 6.2353
v -5.0739 0.7871 6.2431
v -5.1186 0.7837 6.2403
v -5.1632 0.7862 6.2360
v -5.2047 0.7788 6.2190
v -5.2474 0.7849 6.2058
v -5.2808 0.7721 6.1755
v -5.3154 0.7726 6.1491
v -5.3401 0.7618 6.1129
v -5.3653 0.7610 6.0787
v -5.3889 0.7649 6.0430
v -5.4141 0.7781 6.0063
v -5.4322 0.7879 5.9650
v -5.4385 0.7889 5.9203
v -5.4344 0.7837 5.8755
v -5.4292 0.7850 5.8311
v -5.4131 0.7788 5.7894
v -5.3988 0.7832 5.7473
v -5.3754 0.7818 5.7094
v -5.3415 0.7694 5.6802
v -5.3042 0.7557 5.6573
v -5.2712 0.7570 5.6312
v -5.2374 0.7659 5.6046
v -5.2018 0.7843 5.5758
v -5.1590 0.7877 5.5621
v -5.1142 0.7831 5.5598
v -5.0692 0.7913 5.5541
v -5.0246 0.7890 5.5620
v -4.9831 0.7805 5.5798
v -4.9434 0.7769 5.5994
v -4.9062 0.7751 5.6227
v -4.8767 0.7646 5.6553
v -4.8499 0.7586 5.6886
v -4.8203 0.7653 5.7196
v -4.7919 0.7764 5.7534
v -4.7768 0.7742 5.7946
v -4.7572 0.7862 5.8353
v -4.7514 0.7865 5.8798
v -4.7466 0.7937 5.9251
v -4.7587 0.7854 5.9690
v -4.7701 0.7860 6.0123
v -4.7939 0.7762 6.0505
v -4.8162 0.7760 6.0883
v -4.8510 0.7616 6.1160
v -4.8460 0.7299 6.1866
v -4.8861 0.7287 6.2157
v -4.9262 0.7361 6.2461
v -4.9685 0.7511 6.2780
v -5.0182 0.7554 6.2949
v -5.0694 0.7751 6.3193
v -5.1244 0.7758 6.3197
v -5.1773 0.7671 6.3044
v -5.2285 0.7644 6.2877
v -5.2731 0.7523 6.2570
v -5.3129 0.7421 6.2229
v -5.3485 0.7343 6.1863
v -5.3776 0.7253 6.1453
v -5.4069 0.7249 6.1061
v -5.4389 0.7344 6.0672
v -5.4705 0.7492 6.0250
v -5.4998 0.7674 5.9780
v -5.5151 0.7768 5.9248
v -5.5118 0.7737 5.8699
v -5.4961 0.7644 5.8173
v -5.4740 0.7552 5.7683
v -5.4483 0.7488 5.7224
v -5.4162 0.7410 5.6817
v -5.3791 0.7323 5.6468
v -5.3399 0.7261 5.6160
v -5.3043 0.7331 5.5810
v -5.2620 0.7361 5.5539
v -5.2204 0.7535 5.5199
v -5.1710 0.7613 5.4998
v -5.1184 0.7672 5.4878
v -5.0646 0.7648 5.4903
v -5.0116 0.7637 5.4986
v -4.9625 0.7550 5.5203
v -4.9165 0.7490 5.5456
v -4.8758 0.7410 5.5778
v -4.8434 0.7282 5.6178
v -4.8113 0.7243 5.6553
v -4.7770 0.7307 5.6911
v -4.7494 0.7344 5.7328
v -4.7195 0.7472 5.7755
v -4.6917 0.7637 5.8227
v -4.6827 0.7663 5.8757
v -4.6803 0.7693 5.9298
v -4.6911 0.7656 5.9829
v -4.7041 0.7671 6.0352
v -4.7348 0.7551 6.0801
v -4.7676 0.7469 6.1213
v -4.8127 0.7270 6.1501
v -4.8224 0.6771 6.2140
v -4.8674 0.6743 6.2441
v -4.9092 0.6845 6.2812
v -4.9553 0.6991 6.3178
v -5.0093 0.7073 6.3415
v -5.0664 0.7253 6.3692
v -5.1287 0.7347 6.3795
v -5.1913 0.7359 6.3723
v -5.2456 0.7186 6.3369
v -5.2890 0.6944 6.2888
v -5.3344 0.6886 6.2546
v -5.3673 0.6736 6.2074
v -5.4065 0.6753 6.1704
v -5.4387 0.6748 6.1270
v -5.4712 0.6805 6.0829
v -5.5036 0.6914 6.0360
v -5.5501 0.7202 5.9876
v -5.5786 0.7387 5.9286
v -5.5792 0.7395 5.8650
v -5.5616 0.7316 5.8039
v -5.5202 0.7085 5.7523
v -5.4797 0.6912 5.7067
v -5.4385 0.6778 5.6666
v -5.4039 0.6764 5.6247
v -5.3671 0.6787 5.5846
v -5.3256 0.6820 5.5486
v -5.2800 0.6864 5.5169
v -5.2321 0.6967 5.4848
v -5.1803 0.7137 5.4513
v -5.1217 0.7241 5.4321
v -5.0598 0.7319 5.4236
v -5.0004 0.7209 5.4444
v -4.9451 0.7120 5.4701
v -4.8967 0.6993 5.5062
v -4.8533 0.6894 5.5447
v -4.8180 0.6775 5.5892
v -4.7855 0.6709 5.6329
v -4.7473 0.6772 5.6715
v -4.7145 0.6830 5.7158
v -4.6785 0.6971 5.7619
v -4.6481 0.7113 5.8143
v -4.6267 0.7236 5.8724
v -4.6238 0.7266 5.9339
v -4.6275 0.7308 5.9960
v -4.6593 0.7166 6.0508
v -4.6934 0.7061 6.1009
v -4.7353 0.6931 6.1432
v -4.7886 0.6713 6.1714
v -4.8139 0.6087 6.2238
v -4.8546 0.6136 6.2635
v -4.8990 0.6217 6.3022
v -4.9505 0.6275 6.3322
v -5.0027 0.6475 6.3756
v -5.0645 0.6604 6.4021
v -5.1313 0.6698 6.4152
v -5.1981 0.6694 6.4054
v -5.2549 0.6521 6.3638
v -5.3007 0.6313 6.3120
v -5.3388 0.6142 6.2611
v -5.3768 0.6069 6.2182
v -5.4156 0.6066 6.1783
v -5.4471 0.6049 6.1325
v -5.4864 0.6141 6.0903
v -5.5319 0.6316 6.0454
v -5.5665 0.6453 5.9908
v -5.6113 0.6709 5.9305
v -5.6288 0.6834 5.8615
v -5.6035 0.6723 5.7952
v -5.5426 0.6409 5.7445
v -5.4942 0.6221 5.6995
v -5.4517 0.6113 5.6577
v -5.4139 0.6084 5.6159
v -5.3739 0.6082 5.5767
v -5.3377 0.6188 5.5302
v -5.2890 0.6214 5.4982
v -5.2418 0.6365 5.4555
v -5.1850 0.6458 5.4269
v -5.1240 0.6640 5.3928
v -5.0571 0.6687 5.3864
v -4.9928 0.6603 5.4075
v -4.9373 0.6437 5.4477
v -4.8890 0.6291 5.4909
v -4.8425 0.6228 5.5286
v -4.8041 0.6145 5.5736
v -4.7697 0.6093 5.6192
v -4.7373 0.6080 5.6649
v -4.6964 0.6183 5.7071
v -4.6562 0.6317 5.7545
v -4.6152 0.6498 5.8080
v -4.5856 0.6649 5.8700
v -4.5832 0.6669 5.9368
v -4.5893 0.6691 6.0038
v -4.6285 0.6534 6.0614
v -4.6705 0.6403 6.1123
v -4.7197 0.6254 6.1537
v -4.7739 0.6088 6.1845
v -4.8105 0.5422 6.2277
v -4.8518 0.5459 6.2678
v -4.8960 0.5531 6.3084
v -4.9488 0.5567 6.3373
v -5.0020 0.5711 6.3791
v -5.0637 0.5867 6.4163
v -5.1324 0.5945 6.4307
v -5.2008 0.5933 6.4188
v -5.2599 0.5807 6.3781
v -5.3061 0.5633 6.3229
v -5.3439 0.5485 6.2686
v -5.3821 0.5422 6.2241
v -5.4234 0.5433 6.1850
v -5.4617 0.5458 6.1422
v -5.4956 0.5490 6.0947
v -5.5395 0.5613 6.0480
v -5.5860 0.5780 5.9945
v -5.6230 0.5933 5.9312
v -5.6412 0.6033 5.8606
v -5.6145 0.5941 5.7930
v -5.5531 0.5700 5.7409
v -5.5023 0.5545 5.6954
v -5.4577 0.5453 5.6536
v -5.4158 0.5406 5.6142
v -5.3788 0.5430 5.5711
v -5.3399 0.5493 5.5269
v -5.2949 0.5563 5.4861
v -5.2430 0.5628 5.4518
v -5.1863 0.5716 5.4200
v -5.1247 0.5880 5.3811
v -5.0554 0.5980 5.3628
v -4.9890 0.5891 5.3889
v -4.9317 0.5753 5.4315
v -4.8836 0.5615 5.4800
v -4.8437 0.5491 5.5305
v -4.7994 0.5477 5.5683
v -4.7637 0.5441 5.6140
v -4.7249 0.5468 5.6568
v -4.6886 0.5514 5.7033
v -4.6533 0.5587 5.7536
v -4.6155 0.5708 5.8080
v -4.5734 0.5890 5.8693
v -4.5568 0.5981 5.9387
v -4.5856 0.5877 6.0046
v -4.6173 0.5800 6.0653
v -4.6695 0.5642 6.1128
v -4.7172 0.5538 6.1554
v -4.7662 0.5450 6.1914
v -4.8096 0.4798 6.2287
v -4.8534 0.4809 6.2654
v -4.8995 0.4841 6.3012
v -4.9459 0.4935 6.3461
v -5.0006 0.5034 6.3869
v -5.0636 0.5120 6.4172
v -5.1328 0.5194 6.4361
v -5.2011 0.5170 6.4201
v -5.2587 0.5059 6.3747
v -5.3076 0.4959 6.3259
v -5.3458 0.4852 6.2714
v -5.3822 0.4794 6.2242
v -5.4184 0.4776 6.1807
v -5.4635 0.4827 6.1433
v -5.4995 0.4859 6.0966
v -5.5416 0.4940 6.0486
v -5.5790 0.5026 5.9932
v -5.6277 0.5183 5.9315
v -5.6390 0.5228 5.8607
v -5.6135 0.5167 5.7932
v -5.5663 0.5049 5.7363
v -5.5086 0.4910 5.6922
v -5.4573 0.4814 5.6539
v -5.4155 0.4780 5.6145
v -5.3838 0.4828 5.5654
v -5.3432 0.4867 5.5220
v -5.2931 0.4880 5.4897
v -5.2435 0.4950 5.4502
v -5.1884 0.5048 5.4096
v -5.1252 0.5154 5.3738
v -5.0556 0.5189 5.3653
v -4.9877 0.5158 5.3828
v -4.9313 0.5038 5.4305
v -4.8855 0.4917 5.4838
v -4.8443 0.4839 5.5313
v -4.8018 0.4819 5.5710
v -4.7589 0.4831 5.6099
v -4.7267 0.4818 5.6579
v -4.6934 0.4839 5.7056
v -4.6543 0.4909 5.7539
v -4.6049 0.5043 5.8060
v -4.5689 0.5151 5.8690
v -4.5517 0.5219 5.9391
v -4.5746 0.5167 6.0069
v -4.6216 0.5050 6.0638
v -4.6736 0.4936 6.1108
v -4.7228 0.4851 6.1516
v -4.7660 0.4814 6.1916
v -4.8089 0.4218 6.2295
v -4.8516 0.4231 6.2682
v -4.8991 0.4246 6.3021
v -4.9448 0.4313 6.3496
v -4.9998 0.4379 6.3910
v -5.0631 0.4445 6.4250
v -5.1328 0.4475 6.4367
v -5.2013 0.4459 6.4209
v -5.2571 0.4373 6.3700
v -5.3073 0.4319 6.3254
v -5.3461 0.4252 6.2718
v -5.3862 0.4228 6.2287
v -5.4209 0.4209 6.1828
v -5.4578 0.4217 6.1396
v -5.5004 0.4258 6.0971
v -5.5427 0.4311 6.0490
v -5.5827 0.4373 5.9939
v -5.6169 0.4439 5.9308
v -5.6272 0.4466 5.8616
v -5.6103 0.4447 5.7938
v -5.5668 0.4380 5.7361
v -5.5118 0.4297 5.6906
v -5.4609 0.4236 5.6515
v -5.4180 0.4212 5.6122
v -5.3828 0.4231 5.5665
v -5.3368 0.4232 5.5316
v -5.2943 0.4276 5.4873
v -5.2458 0.4332 5.4435
v -5.1888 0.4384 5.4070
v -5.1253 0.4452 5.3720
v -5.0553 0.4479 5.3618
v -4.9898 0.4424 5.3929
v -4.9321 0.4366 5.4328
v -4.8826 0.4309 5.4780
v -4.8401 0.4261 5.5252
v -4.7988 0.4240 5.5677
v -4.7584 0.4239 5.6095
v -4.7232 0.4239 5.6556
v -4.6923 0.4245 5.7051
v -4.6462 0.4309 5.7512
v -4.6092 0.4364 5.8068
v -4.5663 0.4452 5.8689
v -4.5508 0.4492 5.9392
v -4.5811 0.4439 6.0055
v -4.6261 0.4368 6.0623
v -4.6853 0.4272 6.1049
v -4.7210 0.4255 6.1528
v -4.7656 0.4227 6.1919
v -4.8041 0.3672 6.2350
v -4.8538 0.3664 6.2647
v -4.8954 0.3687 6.3097
v -4.9450 0.3709 6.3489
v -5.0006 0.3737 6.3865
v -5.0628 0.3782 6.4303
v -5.1331 0.3795 6.4405
v -5.1999 0.3774 6.4142
v -5.2572 0.3740 6.3703
v -5.3035 0.3702 6.3178
v -5.3499 0.3688 6.2775
v -5.3893 0.3674 6.2322
v -5.4216 0.3660 6.1835
v -5.4648 0.3673 6.1442
v -5.5019 0.3685 6.0978
v -5.5482 0.3716 6.0508
v -5.5870 0.3745 5.9947
v -5.6110 0.3765 5.9305
v -5.6204 0.3777 5.8621
v -5.5972 0.3760 5.7965
v -5.5584 0.3732 5.7390
v -5.5184 0.3711 5.6873
v -5.4758 0.3694 5.6414
v -5.4213 0.3665 5.6093
v -5.3803 0.3665 5.5694
v -5.3358 0.3667 5.5332
v -5.2933 0.3688 5.4895
v -5.2433 0.3710 5.4509
v -5.1890 0.3746 5.4064
v -5.1253 0.3780 5.3712
v -5.0559 0.3782 5.3699
v -4.9881 0.3775 5.3846
v -4.9341 0.3728 5.4385
v -4.8864 0.3697 5.4857
v -4.8403 0.3684 5.5255
v -4.8027 0.3667 5.5721
v -4.7575 0.3675 5.6087
v -4.7224 0.3675 5.6551
v -4.6817 0.3691 5.6999
v -4.6430 0.3712 5.7502
v -4.6110 0.3733 5.8072
v -4.5694 0.3775 5.8690
v -4.5559 0.3792 5.9388
v -4.5845 0.3768 6.0048
v -4.6282 0.3734 6.0616
v -4.6840 0.3692 6.1056
v -4.7255 0.3675 6.1498
v -4.7592 0.3678 6.1976
v -4.8087 0.3122 6.2298
v -4.8541 0.3122 6.2643
v -4.8963 0.3122 6.3078
v -4.9463 0.3122 6.3451
v -5.0001 0.3122 6.3893
v -5.0630 0.3122 6.4279
v -5.1325 0.3122 6.4321
v -5.1996 0.3122 6.4128
v -5.2559 0.3122 6.3667
v -5.3020 0.3122 6.3148
v -5.3500 0.3122 6.2776
v -5.3879 0.3122 6.2307
v -5.4254 0.3122 6.1867
v -5.4623 0.3122 6.1426
v -5.5079 0.3122 6.1007
v -5.5423 0.3122 6.0489
v -5.5860 0.3122 5.9945
v -5.6050 0.3122 5.9301
v -5.6158 0.3122 5.8624
v -5.5924 0.3122 5.7975
v -5.5644 0.3122 5.7369
v -5.5200 0.3122 5.6865
v -5.4761 0.3122 5.6411
v -5.4293 0.3122 5.6022
v -5.3788 0.3122 5.5711
v -5.3316 0.3122 5.5396
v -5.2883 0.3122 5.4997
v -5.2422 0.3122 5.4542
v -5.1893 0.3122 5.4047
v -5.1250 0.3122 5.3769
v -5.0553 0.3122 5.3619
v -4.9889 0.3122 5.3886
v -4.9311 0.3122 5.4300
v -4.8819 0.3122 5.4766
v -4.8417 0.3122 5.5275
v -4.8020 0.3122 5.5713
v -4.7640 0.3122 5.6143
v -4.7288 0.3122 5.6593
v -4.6825 0.3122 5.7003
v -4.6423 0.3122 5.7499
v -4.6008 0.3122 5.8052
v -4.5679 0.3122 5.8689
v -4.5559 0.3122 5.9388
v -4.5859 0.3122 6.0045
v -4.6320 0.3122 6.0602
v -4.6775 0.3122 6.1089
v -4.7215 0.3122 6.1525
v -4.7653 0.3122 6.1922
v -4.8072 0.2578 6.2315
v -4.8502 0.2571 6.2703
v -4.8983 0.2565 6.3036
v -4.9440 0.2531 6.3517
v -4.9994 0.2499 6.3927
v -5.0632 0.2470 6.4245
v -5.1325 0.2460 6.4321
v -5.1974 0.2485 6.4024
v -5.2548 0.2513 6.3636
v -5.3039 0.2541 6.3185
v -5.3514 0.2552 6.2797
v -5.3869 0.2575 6.2295
v -5.4295 0.2571 6.1903
v -5.4702 0.2563 6.1478
v -5.5093 0.2549 6.1014
v -5.5501 0.2525 6.0515
v -5.5771 0.2511 5.9928
v -5.6156 0.2473 5.9308
v -5.6114 0.2478 5.8627
v -5.5915 0.2491 5.7977
v -5.5656 0.2502 5.7365
v -5.5191 0.2532 5.6869
v -5.4825 0.2539 5.6368
v -5.4263 0.2570 5.6048
v -5.3801 0.2579 5.5696
v -5.3357 0.2577 5.5334
v -5.2866 0.2574 5.5032
v -5.2434 0.2534 5.4506
v -5.1887 0.2499 5.4075
v -5.1253 0.2464 5.3713
v -5.0552 0.2450 5.3601
v -4.9904 0.2483 5.3957
v -4.9329 0.2511 5.4351
v -4.8846 0.2542 5.4821
v -4.8422 0.2564 5.5282
v -4.7982 0.2569 5.5669
v -4.7613 0.2575 5.6119
v -4.7242 0.2572 5.6563
v -4.6839 0.2556 5.7010
v -4.6421 0.2531 5.7498
v -4.5998 0.2497 5.8050
v -4.5728 0.2474 5.8692
v -4.5636 0.2462 5.9382
v -4.5876 0.2480 6.0042
v -4.6328 0.2516 6.0599
v -4.6729 0.2537 6.1111
v -4.7162 0.2555 6.1561
v -4.7608 0.2568 6.1962
v -4.8097 0.2029 6.2286
v -4.8489 0.2001 6.2722
v -4.8959 0.1980 6.3086
v -4.9434 0.1920 6.3535
v -5.0000 0.1867 6.3899
v -5.0636 0.1821 6.4165
v -5.1328 0.1767 6.4372
v -5.1995 0.1806 6.4126
v -5.2553 0.1884 6.3650
v -5.3029 0.1950 6.3165
v -5.3457 0.1994 6.2712
v -5.3935 0.1988 6.2369
v -5.4340 0.1991 6.1942
v -5.4683 0.1995 6.1465
v -5.5067 0.1969 6.1002
v -5.5356 0.1952 6.0467
v -5.5814 0.1874 5.9936
v -5.6095 0.1823 5.9304
v -5.6183 0.1800 5.8622
v -5.6069 0.1805 5.7945
v -5.5657 0.1867 5.7365
v -5.5229 0.1916 5.6851
v -5.4759 0.1962 5.6413
v -5.4300 0.1992 5.6015
v -5.3832 0.2011 5.5660
v -5.3333 0.2029 5.5370
v -5.2863 0.2015 5.5038
v -5.2402 0.1957 5.4603
v -5.1880 0.1871 5.4115
v -5.1255 0.1784 5.3689
v -5.0553 0.1764 5.3614
v -4.9888 0.1808 5.3882
v -4.9333 0.1887 5.4362
v -4.8839 0.1942 5.4806
v -4.8411 0.1988 5.5266
v -4.8037 0.2022 5.5732
v -4.7630 0.2021 5.6135
v -4.7251 0.2010 5.6569
v -4.6819 0.1970 5.7001
v -4.6413 0.1922 5.7496
v -4.5937 0.1840 5.8038
v -4.5671 0.1794 5.8689
v -4.5598 0.1775 5.9385
v -4.5983 0.1849 6.0020
v -4.6286 0.1883 6.0614
v -4.6706 0.1930 6.1123
v -4.7133 0.1965 6.1580
v -4.7578 0.1990 6.1988
v -4.8088 0.1441 6.2297
v -4.8491 0.1404 6.2720
v -4.8932 0.1347 6.3142
v -4.9441 0.1288 6.3514
v -5.0004 0.1208 6.3876
v -5.0637 0.1129 6.4161
v -5.1329 0.1043 6.4378
v -5.1998 0.1100 6.4138
v -5.2562 0.1214 6.3676
v -5.3047 0.1310 6.3201
v -5.3473 0.1382 6.2736
v -5.3893 0.1408 6.2322
v -5.4302 0.1408 6.1909
v -5.4692 0.1390 6.1471
v -5.5084 0.1346 6.1010
v -5.5325 0.1341 6.0456
v -5.5775 0.1224 5.9929
v -5.6040 0.1153 5.9301
v -5.6320 0.1043 5.8612
v -5.6088 0.1096 5.7941
v -5.5674 0.1191 5.7359
v -5.5187 0.1291 5.6872
v -5.4743 0.1351 5.6423
v -5.4293 0.1393 5.6022
v -5.3868 0.1398 5.5619
v -5.3385 0.1409 5.5290
v -5.2906 0.1386 5.4950
v -5.2407 0.1329 5.4588
v -5.1867 0.1229 5.4180
v -5.1248 0.1116 5.3806
v -5.0555 0.1050 5.3639
v -4.9887 0.1104 5.3874
v -4.9294 0.1184 5.4250
v -4.8825 0.1301 5.4779
v -4.8401 0.1376 5.5252
v -4.8010 0.1421 5.5702
v -4.7619 0.1428 5.6125
v -4.7274 0.1429 5.6584
v -4.6797 0.1346 5.6990
v -4.6437 0.1292 5.7504
v -4.5963 0.1167 5.8043
v -4.5705 0.1099 5.8691
v -4.5649 0.1076 5.9381
v -4.5903 0.1139 6.0036
v -4.6282 0.1220 6.0616
v -4.6694 0.1290 6.1129
v -4.7135 0.1349 6.1579
v -4.7590 0.1394 6.1977
v -4.8071 0.0795 6.2316
v -4.8520 0.0786 6.2676
v -4.8964 0.0718 6.3076
v -4.9463 0.0634 6.3450
v -5.0019 0.0528 6.3801
v -5.0640 0.0404 6.4112
v -5.1325 0.0293 6.4318
v -5.1982 0.0380 6.4062
v -5.2557 0.0504 6.3661
v -5.3018 0.0662 6.3144
v -5.3478 0.0722 6.2744
v -5.3881 0.0773 6.2308
v -5.4305 0.0761 6.1912
v -5.4664 0.0756 6.1453
v -5.4953 0.0756 6.0946
v -5.5330 0.0668 6.0458
v -5.5705 0.0548 5.9915
v -5.6023 0.0421 5.9300
v -5.6251 0.0297 5.8617
v -5.6120 0.0316 5.7935
v -5.5679 0.0461 5.7357
v -5.5092 0.0658 5.6919
v -5.4688 0.0720 5.6461
v -5.4222 0.0793 5.6085
v -5.3826 0.0783 5.5667
v -5.3391 0.0759 5.5281
v -5.2908 0.0731 5.4945
v -5.2379 0.0702 5.4672
v -5.1861 0.0536 5.4214
v -5.1247 0.0370 5.3823
v -5.0558 0.0297 5.3691
v -4.9884 0.0338 5.3861
v -4.9309 0.0478 5.4293
v -4.8829 0.0620 5.4786
v -4.8463 0.0778 5.5344
v -4.8049 0.0811 5.5745
v -4.7623 0.0793 5.6128
v -4.7225 0.0760 5.6552
v -4.6893 0.0734 5.7036
v -4.6485 0.0630 5.7520
v -4.6029 0.0468 5.8056
v -4.5765 0.0370 5.8695
v -4.5699 0.0333 5.9378
v -4.5839 0.0358 6.0049
v -4.6314 0.0523 6.0605
v -4.6731 0.0623 6.1110
v -4.7168 0.0703 6.1557
v -4.7636 0.0776 6.1937
v -4.8091 0.0107 6.2293
v -4.8552 0.0115 6.2627
v -4.9010 0.0059 6.2981
v -4.9491 0.0000 6.3364
v -5.0039 0.0000 6.3696
v -5.0647 0.0000 6.3993
v -5.1314 0.0000 6.4170
v -5.1965 0.0000 6.3979
v -5.2506 0.0000 6.3514
v -5.2991 0.0000 6.3090
v -5.3412 0.0073 6.2646
v -5.3864 0.0075 6.2290
v -5.4259 0.0083 6.1872
v -5.4584 0.0102 6.1400
v -5.4927 0.0055 6.0933
v -5.5261 0.0000 6.0435
v -5.5575 0.0000 5.9890
v -5.5986 0.0000 5.9298
v -5.6101 0.0000 5.8628
v -5.6019 0.0000 5.7956
v -5.5555 0.0000 5.7400
v -5.5014 0.0000 5.6959
v -5.4529 0.0121 5.6569
v -5.4182 0.0120 5.6120
v -5.3769 0.0130 5.5733
v -5.3373 0.0061 5.5309
v -5.2875 0.0054 5.5014
v -5.2391 0.0000 5.4635
v -5.1840 0.0000 5.4320
v -5.1237 0.0000 5.3992
v -5.0570 0.0000 5.3852
v -4.9901 0.0000 5.3945
v -4.9359 0.0000 5.4436
v -4.8857 0.0000 5.4843
v -4.8449 0.0046 5.5323
v -4.8082 0.0142 5.5782
v -4.7658 0.0115 5.6158
v -4.7314 0.0115 5.6610
v -4.6972 0.0068 5.7075
v -4.6597 0.0000 5.7557
v -4.6209 0.0000 5.8091
v -4.5901 0.0000 5.8703
v -4.5787 0.0000 5.9372
v -4.5956 0.0000 6.0025
v -4.6333 0.0000 6.0598
v -4.6834 0.0000 6.1059
v -4.7234 0.0022 6.1512
v -4.7695 0.0115 6.1884
v -4.8177 0.0000 6.2194
v -4.8640 0.0000 6.2493
v -4.9091 0.0000 6.2815
v -4.9557 0.0000 6.3167
v -5.0093 0.0000 6.3414
v -5.0668 0.0000 6.3625
v -5.1284 0.0000 6.3755
v -5.1877 0.0000 6.3551
v -5.2435 0.0000 6.3309
v -5.2944 0.0000 6.2996
v -5.3319 0.0000 6.2509
v -5.3708 0.0000 6.2113
v -5.4068 0.0000 6.1706
v -5.4400 0.0000 6.1279
v -5.4706 0.0000 6.0826
v -5.5056 0.0000 6.0367
v -5.5434 0.0000 5.9863
v -5.5627 0.0000 5.9276
v -5.5761 0.0000 5.8653
v -5.5627 0.0000 5.8036
v -5.5292 0.0000 5.7491
v -5.4807 0.0000 5.7062
v -5.4402 0.0000 5.6655
v -5.4022 0.0000 5.6262
v -5.3669 0.0000 5.5848
v -5.3244 0.0000 5.5505
v -5.2834 0.0000 5.5097
v -5.2331 0.0000 5.4816
v -5.1791 0.0000 5.4576
v -5.1215 0.0000 5.4363
v -5.0601 0.0000 5.4280
v -4.9971 0.0000 5.4286
v -4.9435 0.0000 5.4657
v -4.8995 0.0000 5.5117
v -4.8573 0.0000 5.5505
v -4.8159 0.0000 5.5869
v -4.7821 0.0000 5.6300
v -4.7429 0.0000 5.6686
v -4.7114 0.0000 5.7144
v -4.6794 0.0000 5.7622
v -4.6525 0.0000 5.8151
v -4.6250 0.0000 5.8723
v -4.6156 0.0000 5.9345
v -4.6207 0.0000 5.9974
v -4.6572 0.0000 6.0515
v -4.7050 0.0000 6.0951
v -4.7452 0.0000 6.1365
v -4.7843 0.0000 6.1753
v -4.8436 0.0000 6.1894
v -4.8802 0.0000 6.2247
v -4.9270 0.0000 6.2445
v -4.9703 0.0000 6.2727
v -5.0179 0.0000 6.2969
v -5.0699 0.0000 6.3112
v -5.1242 0.0000 6.3176
v -5.1773 0.0000 6.3042
v -5.2277 0.0000 6.2851
v -5.2747 0.0000 6.2603
v -5.3152 0.0000 6.2263
v -5.3482 0.0000 6.1860
v -5.3800 0.0000 6.1474
v -5.4047 0.0000 6.1046
v -5.4412 0.0000 6.0684
v -5.4698 0.0000 6.0248
v -5.4928 0.0000 5.9766
v -5.5147 0.0000 5.9248
v -5.5148 0.0000 5.8697
v -5.4976 0.0000 5.8170
v -5.4753 0.0000 5.7678
v -5.4483 0.0000 5.7225
v -5.4115 0.0000 5.6850
v -5.3758 0.0000 5.6497
v -5.3447 0.0000 5.6105
v -5.3078 0.0000 5.5757
v -5.2649 0.0000 5.5478
v -5.2192 0.0000 5.5234
v -5.1698 0.0000 5.5059
v -5.1181 0.0000 5.4941
v -5.0646 0.0000 5.4912
v -5.0115 0.0000 5.4981
v -4.9622 0.0000 5.5195
v -4.9145 0.0000 5.5417
v -4.8735 0.0000 5.5745
v -4.8384 0.0000 5.6123
v -4.8029 0.0000 5.6479
v -4.7744 0.0000 5.6893
v -4.7483 0.0000 5.7322
v -4.7269 0.0000 5.7780
v -4.7054 0.0000 5.8253
v -4.6836 0.0000 5.8758
v -4.6766 0.0000 5.9301
v -4.6809 0.0000 5.9850
v -4.7040 0.0000 6.0353
v -4.7423 0.0000 6.0763
v -4.7736 0.0000 6.1172
v -4.8083 0.0000 6.1540
v -4.8742 0.0000 6.1541
v -4.9118 0.0000 6.1767
v -4.9483 0.0000 6.2007
v -4.9877 0.0000 6.2204
v -5.0297 0.0000 6.2354
v -5.0738 0.0000 6.2438
v -5.1191 0.0000 6.2470
v -5.1632 0.0000 6.2360
v -5.2058 0.0000 6.2222
v -5.2484 0.0000 6.2078
v -5.2824 0.0000 6.1778
v -5.3122 0.0000 6.1455
v -5.3386 0.0000 6.1116
v -5.3654 0.0000 6.0787
v -5.3880 0.0000 6.0426
v -5.4106 0.0000 6.0051
v -5.4323 0.0000 5.9650
v -5.4408 0.0000 5.9205
v -5.4401 0.0000 5.8751
v -5.4334 0.0000 5.8302
v -5.4137 0.0000 5.7892
v -5.3914 0.0000 5.7510
v -5.3706 0.0000 5.7126
v -5.3370 0.0000 5.6842
v -5.3044 0.0000 5.6570
v -5.2757 0.0000 5.6244
v -5.2388 0.0000 5.6018
v -5.2006 0.0000 5.5794
v -5.1595 0.0000 5.5600
v -5.1144 0.0000 5.5558
v -5.0696 0.0000 5.5600
v -5.0263 0.0000 5.5704
v -4.9845 0.0000 5.5838
v -4.9422 0.0000 5.5970
v -4.9037 0.0000 5.6191
v -4.8736 0.0000 5.6518
v -4.8407 0.0000 5.6807
v -4.8177 0.0000 5.7179
v -4.7988 0.0000 5.7568
v -4.7791 0.0000 5.7954
v -4.7643 0.0000 5.8366
v -4.7548 0.0000 5.8800
v -4.7442 0.0000 5.9252
v -4.7509 0.0000 5.9706
v -4.7687 0.0000 6.0128
v -4.7972 0.0000 6.0488
v -4.8196 0.0000 6.0860
v -4.8469 0.0000 6.1197
v -4.9199 0.0000 6.1013
v -4.9456 0.0000 6.1255
v -4.9765 0.0000 6.1425
v -5.0099 0.0000 6.1534
v -5.0433 0.0000 6.1643
v -5.0779 0.0000 6.1750
v -5.1139 0.0000 6.1742
v -5.1493 0.0000 6.1683
v -5.1843 0.0000 6.1600
v -5.2171 0.0000 6.1454
v -5.2441 0.0000 6.1213
v -5.2687 0.0000 6.0965
v -5.2931 0.0000 6.0722
v -5.3116 0.0000 6.0433
v -5.3357 0.0000 6.0172
v -5.3562 0.0000 5.9871
v -5.3665 0.0000 5.9523
v -5.3739 0.0000 5.9165
v -5.3663 0.0000 5.8804
v -5.3631 0.0000 5.8447
v -5.3518 0.0000 5.8106
v -5.3395 0.0000 5.7770
v -5.3170 0.0000 5.7490
v -5.2932 0.0000 5.7231
v -5.2664 0.0000 5.7009
v -5.2405 0.0000 5.6778
v -5.2124 0.0000 5.6561
v -5.1805 0.0000 5.6401
v -5.1470 0.0000 5.6247
v -5.1103 0.0000 5.6252
v -5.0749 0.0000 5.6331
v -5.0398 0.0000 5.6358
v -5.0065 0.0000 5.6472
v -4.9709 0.0000 5.6543
v -4.9387 0.0000 5.6706
v -4.9120 0.0000 5.6951
v -4.8902 0.0000 5.7235
v -4.8702 0.0000 5.7525
v -4.8553 0.0000 5.7842
v -4.8414 0.0000 5.8160
v -4.8251 0.0000 5.8483
v -4.8195 0.0000 5.8838
v -4.8163 0.0000 5.9200
v -4.8253 0.0000 5.9553
v -4.8341 0.0000 5.9902
v -4.8490 0.0000 6.0228
v -4.8692 0.0000 6.0524
v -4.8958 0.0000 6.0762
v -4.9593 0.0000 6.0558
v -4.9806 0.0000 6.0724
v -5.0043 0.0000 6.0852
v -5.0277 0.0000 6.0998
v -5.0542 0.0000 6.1076
v -5.0816 0.0000 6.1118
v -5.1096 0.0000 6.1144
v -5.1374 0.0000 6.1106
v -5.1637 0.0000 6.1006
v -5.1879 0.0000 6.0870
v -5.2091 0.0000 6.0698
v -5.2319 0.0000 6.0550
v -5.2490 0.0000 6.0341
v -5.2645 0.0000 6.0123
v -5.2808 0.0000 5.9906
v -5.2917 0.0000 5.9656
v -5.3013 0.0000 5.9398
v -5.3079 0.0000 5.9126
v -5.3041 0.0000 5.8849
v -5.3022 0.0000 5.8572
v -5.2937 0.0000 5.8308
v -5.2793 0.0000 5.8072
v -5.2665 0.0000 5.7832
v -5.2473 0.0000 5.7639
v -5.2273 0.0000 5.7461
v -5.2059 0.0000 5.7303
v -5.1848 0.0000 5.7130
v -5.1612 0.0000 5.6980
v -5.1349 0.0000 5.6876
v -5.1067 0.0000 5.6866
v -5.0789 0.0000 5.6886
v -5.0524 0.0000 5.6971
v -5.0267 0.0000 5.7055
v -4.9989 0.0000 5.7101
v -4.9750 0.0000 5.7242
v -4.9516 0.0000 5.7397
v -4.9379 0.0000 5.7648
v -4.9244 0.0000 5.7882
v -4.9095 0.0000 5.8104
v -4.8976 0.0000 5.8347
v -4.8891 0.0000 5.8606
v -4.8838 0.0000 5.8876
v -4.8835 0.0000 5.9152
v -4.8884 0.0000 5.9423
v -4.8963 0.0000 5.9686
v -4.9074 0.0000 5.9936
v -4.9198 0.0000 6.0181
v -4.9396 0.0000 6.0373
v -4.9974 0.0000 6.0117
v -5.0119 0.0000 6.0248
v -5.0271 0.0000 6.0381
v -5.0465 0.0000 6.0433
v -5.0655 0.0000 6.0487
v -5.0851 0.0000 6.0530
v -5.1054 0.0000 6.0560
v -5.1254 0.0000 6.0519
v -5.1446 0.0000 6.0457
v -5.1617 0.0000 6.0348
v -5.1783 0.0000 6.0242
v -5.1941 0.0000 6.0125
v -5.2079 0.0000 5.9985
v -5.2190 0.0000 5.9823
v -5.2316 0.0000 5.9667
v -5.2405 0.0000 5.9486
v -5.2462 0.0000 5.9292
v -5.2475 0.0000 5.9091
v -5.2466 0.0000 5.8890
v -5.2432 0.0000 5.8693
v -5.2400 0.0000 5.8494
v -5.2312 0.0000 5.8313
v -5.2205 0.0000 5.8144
v -5.2073 0.0000 5.7995
v -5.1923 0.0000 5.7865
v -5.1774 0.0000 5.7736
v -5.1602 0.0000 5.7639
v -5.1428 0.0000 5.7534
v -5.1237 0.0000 5.7463
v -5.1032 0.0000 5.7469
v -5.0830 0.0000 5.7452
v -5.0638 0.0000 5.7524
v -5.0447 0.0000 5.7575
v -5.0257 0.0000 5.7636
v -5.0073 0.0000 5.7719
v -4.9922 0.0000 5.7853
v -4.9810 0.0000 5.8021
v -4.9686 0.0000 5.8173
v -4.9606 0.0000 5.8352
v -4.9510 0.0000 5.8525
v -4.9420 0.0000 5.8708
v -4.9408 0.0000 5.8910
v -4.9430 0.0000 5.9109
v -4.9451 0.0000 5.9306
v -4.9503 0.0000 5.9499
v -4.9548 0.0000 5.9698
v -4.9677 0.0000 5.9857
v -4.9795 0.0000 6.0018
v -5.0300 0.0000 5.9741
v -5.0396 0.0000 5.9828
v -5.0514 0.0000 5.9882
v -5.0628 0.0000 5.9944
v -5.0753 0.0000 5.9981
v -5.0882 0.0000 5.9995
v -5.1014 0.0000 6.0006
v -5.1144 0.0000 5.9985
v -5.1271 0.0000 5.9953
v -5.1388 0.0000 5.9891
v -5.1483 0.0000 5.9800
v -5.1594 0.0000 5.9735
v -5.1687 0.0000 5.9645
v -5.1768 0.0000 5.9545
v -5.1831 0.0000 5.9432
v -5.1896 0.0000 5.9317
v -5.1916 0.0000 5.9187
v -5.1951 0.0000 5.9060
v -5.1935 0.0000 5.8928
v -5.1931 0.0000 5.8796
v -5.1877 0.0000 5.8675
v -5.1822 0.0000 5.8559
v -5.1750 0.0000 5.8452
v -5.1688 0.0000 5.8336
v -5.1590 0.0000 5.8251
v -5.1482 0.0000 5.8178
v -5.1374 0.0000 5.8107
v -5.1254 0.0000 5.8057
v -5.1130 0.0000 5.8015
v -5.1000 0.0000 5.8000
v -5.0868 0.0000 5.7986
v -5.0737 0.0000 5.8008
v -5.0611 0.0000 5.8049
v -5.0498 0.0000 5.8116
v -5.0386 0.0000 5.8181
v -5.0285 0.0000 5.8262
v -5.0205 0.0000 5.8363
v -5.0126 0.0000 5.8463
v -5.0039 0.0000 5.8562
v -4.9992 0.0000 5.8685
v -4.9956 0.0000 5.8811
v -4.9930 0.0000 5.8940
v -4.9956 0.0000 5.9071
v -4.9982 0.0000 5.9197
v -5.0004 0.0000 5.9325
v -5.0044 0.0000 5.9450
v -5.0102 0.0000 5.9569
v -5.0194 0.0000 5.9664
v -5.0624 0.0000 5.9366
v -5.0674 0.0000 5.9406
v -5.0726 0.0000 5.9443
v -5.0787 0.0000 5.9465
v -5.0846 0.0000 5.9494
v -5.0912 0.0000 5.9499
v -5.0977 0.0000 5.9494
v -5.1041 0.0000 5.9488
v -5.1102 0.0000 5.9465
v -5.1158 0.0000 5.9433
v -5.1213 0.0000 5.9401
v -5.1261 0.0000 5.9360
v -5.1311 0.0000 5.9320
v -5.1353 0.0000 5.9271
v -5.1383 0.0000 5.9214
v -5.1411 0.0000 5.9156
v -5.1422 0.0000 5.9092
v -5.1432 0.0000 5.9029
v -5.1428 0.0000 5.8965
v -5.1431 0.0000 5.8899
v -5.1405 0.0000 5.8839
v -5.1382 0.0000 5.8779
v -5.1340 0.0000 5.8730
v -5.1308 0.0000 5.8674
v -5.1265 0.0000 5.8626
v -5.1214 0.0000 5.8586
v -5.1156 0.0000 5.8558
v -5.1093 0.0000 5.8543
v -5.1033 0.0000 5.8522
v -5.0970 0.0000 5.8514
v -5.0905 0.0000 5.8501
v -5.0840 0.0000 5.8508
v -5.0780 0.0000 5.8534
v -5.0722 0.0000 5.8563
v -5.0672 0.0000 5.8604
v -5.0622 0.0000 5.8641
v -5.0571 0.0000 5.8679
v -5.0525 0.0000 5.8726
v -5.0495 0.0000 5.8784
v -5.0475 0.0000 5.8845
v -5.0452 0.0000 5.8906
v -5.0452 0.0000 5.8971
v -5.0457 0.0000 5.9035
v -5.0455 0.0000 5.9100
v -5.0478 0.0000 5.9160
v -5.0503 0.0000 5.9219
v -5.0533 0.0000 5.9277
v -5.0577 0.0000 5.9324
v -5.0941 0.0000 5.9000
v -5.0941 0.0000 5.9000
v -5.0941 0.0000 5.9000
v -5.0941 0.0000 5.9000
v -5.0941 0.0000 5.9000
v -5.0941 0.0000 5.9000
v -5.0941 0.0000 5.9000
v -5.0941 0.0000 5.9000
v -5.0941 0.0000 5.9000
v -5.0941 0.0000 5.9000
v -5.0941 0.0000 5.9000
v -5.0941 0.0000 5.9000
v -5.0941 0.0000 5.9000
v -5.0941 0.0000 5.9000
v -5.0941 0.0000 5.9000
v -5.0941 0.0000 5.9000
v -5.0941 0.0000 5.9000
v -5.0941 0.0000 5.9000
v -5.0941 0.0000 5.9000
v -5.0941 0.0000 5.9000
v -5.0941 0.0000 5.9000
v -5.0941 0.0000 5.9000
v -5.0941 0.0000 5.9000
v -5.0941 0.0000 5.9000
v -5.0941 0.0000 5.9000
v -5.0941 0.0000 5.9000
v -5.0941 0.0000 5.9000
v -5.0941 0.0000 5.9000
v -5.0941 0.0000 5.9000
v -5.0941 0.0000 5.9000
v -5.0941 0.0000 5.9000
v -5.0941 0.0000 5.9000
v -5.0941 0.0000 5.9000
v -5.0941 0.0000 5.9000
v -5.0941 0.0000 5.9000
v -5.0941 0.0000 5.9000
v -5.0941 0.0000 5.9000
v -5.0941 0.0000 5.9000
v -5.0941 0.0000 5.9000
v -5.0941 0.0000 5.9000
v -5.0941 0.0000 5.9000
v -5.0941 0.0000 5.9000
v -5.0941 0.0000 5.9000
v -5.0941 0.0000 5.9000
v -5.0941 0.0000 5.9000
v -5.0941 0.0000 5.9000
v -5.0941 0.0000 5.9000
v -5.0941 0.0000 5.9000
v -5.0760 0.0951 5.9210
v -5.0760 0.0000 5.9210
v -5.0961 0.0951 5.9277
v -5.0961 0.0000 5.9277
v -5.1151 0.0951 5.9182
v -5.1151 0.0000 5.9182
v -5.1218 0.0951 5.8980
v -5.1218 0.0000 5.8980
v -5.1123 0.0951 5.8790
v -5.1123 0.0000 5.8790
v -5.0921 0.0951 5.8723
v -5.0921 0.0000 5.8723
v -5.0731 0.0951 5.8818
v -5.0731 0.0000 5.8818
v -5.0664 0.0951 5.9020
v -5.0664 0.0000 5.9020
v -5.0941 0.0951 5.9000
v -5.0941 0.0000 5.9000
vn -0.6838 -0.5116 0.5202
usemtl leaf_5
f 5077//4789 5125//4789 5126//4789 5078//4789
vn 0.0682 -0.9960 0.0572
f 5078//4790 5126//4790 5127//4790 5079//4790
vn 0.8768 -0.3387 -0.3414
f 5079//4791 5127//4791 5128//4791 5080//4791
vn 0.0057 -0.9978 -0.0665
f 5080//4792 5128//4792 5129//4792 5081//4792
vn 0.1113 -0.9916 -0.0654
f 5081//4793 5129//4793 5130//4793 5082//4793
vn -0.5664 -0.8201 0.0812
f 5082//4794 5130//4794 5131//4794 5083//4794
vn 0.3832 -0.8946 0.2299
usemtl leaf_4
f 5083//4795 5131//4795 5132//4795 5084//4795
vn 0.3209 -0.9279 0.1899
usemtl leaf_5
f 5084//4796 5132//4796 5133//4796 5085//4796
vn -0.2999 -0.9462 -0.1216
f 5085//4797 5133//4797 5134//4797 5086//4797
vn 0.3022 -0.9337 0.1922
f 5086//4798 5134//4798 5135//4798 5087//4798
vn -0.5679 -0.6792 -0.4650
f 5087//4799 5135//4799 5136//4799 5088//4799
vn -0.6563 -0.3069 -0.6893
f 5088//4800 5136//4800 5137//4800 5089//4800
vn 0.5243 -0.4587 0.7174
f 5089//4801 5137//4801 5138//4801 5090//4801
vn 0.4132 -0.4658 0.7825
f 5090//4802 5138//4802 5139//4802 5091//4802
vn 0.1928 -0.7782 0.5977
f 5091//4803 5139//4803 5140//4803 5092//4803
vn 0.0503 -0.9006 0.4316
usemtl leaf_4
f 5092//4804 5140//4804 5141//4804 5093//4804
vn -0.0722 -0.8020 -0.5929
usemtl leaf_5
f 5093//4805 5141//4805 5142//4805 5094//4805
vn 0.0405 -0.6103 -0.7911
f 5094//4806 5142//4806 5143//4806 5095//4806
vn -0.0449 -0.9989 -0.0114
f 5095//4807 5143//4807 5144//4807 5096//4807
vn -0.2706 -0.8651 0.4223
f 5096//4808 5144//4808 5145//4808 5097//4808
vn -0.1716 -0.9440 0.2820
f 5097//4809 5145//4809 5146//4809 5098//4809
vn 0.4376 -0.4976 -0.7489
f 5098//4810 5146//4810 5147//4810 5099//4810
vn 0.2803 -0.7998 -0.5308
f 5099//4811 5147//4811 5148//4811 5100//4811
vn 0.6025 -0.4648 -0.6488
f 5100//4812 5148//4812 5149//4812 5101//4812
vn -0.7030 -0.4284 0.5677
f 5101//4813 5149//4813 5150//4813 5102//4813
vn -0.7808 -0.4204 0.4622
f 5102//4814 5150//4814 5151//4814 5103//4814
vn -0.7412 -0.6123 0.2749
usemtl leaf_4
f 5103//4815 5151//4815 5152//4815 5104//4815
vn -0.0659 -0.9978 0.0115
f 5104//4816 5152//4816 5153//4816 5105//4816
vn 0.6861 -0.7226 -0.0847
f 5105//4817 5153//4817 5154//4817 5106//4817
vn 0.7198 -0.6938 -0.0214
f 5106//4818 5154//4818 5155//4818 5107//4818
vn 0.7902 -0.6075 0.0808
f 5107//4819 5155//4819 5156//4819 5108//4819
vn -0.7097 -0.6457 -0.2817
usemtl leaf_5
f 5108//4820 5156//4820 5157//4820 5109//4820
vn -0.4865 -0.8408 -0.2372
f 5109//4821 5157//4821 5158//4821 5110//4821
vn 0.7439 -0.4538 0.4906
usemtl leaf_4
f 5110//4822 5158//4822 5159//4822 5111//4822
vn -0.4785 -0.8015 -0.3586
usemtl leaf_5
f 5111//4823 5159//4823 5160//4823 5112//4823
vn -0.5796 -0.5407 -0.6097
f 5112//4824 5160//4824 5161//4824 5113//4824
vn 0.5047 -0.4850 0.7142
f 5113//4825 5161//4825 5162//4825 5114//4825
vn -0.1412 -0.9655 -0.2188
f 5114//4826 5162//4826 5163//4826 5115//4826
vn -0.1926 -0.8847 -0.4245
f 5115//4827 5163//4827 5164//4827 5116//4827
vn -0.1661 -0.8898 -0.4250
f 5116//4828 5164//4828 5165//4828 5117//4828
vn 0.1446 -0.4678 0.8720
f 5117//4829 5165//4829 5166//4829 5118//4829
vn 0.0522 -0.2909 -0.9553
f 5118//4830 5166//4830 5167//4830 5119//4830
vn -0.0452 -0.8138 0.5794
f 5119//4831 5167//4831 5168//4831 5120//4831
vn 0.0451 -0.8744 -0.4830
f 5120//4832 5168//4832 5169//4832 5121//4832
vn -0.3437 -0.6149 0.7097
usemtl leaf_4
f 5121//4833 5169//4833 5170//4833 5122//4833
vn -0.3044 -0.7040 0.6417
usemtl leaf_5
f 5122//4834 5170//4834 5171//4834 5123//4834
vn 0.2124 -0.9688 -0.1276
f 5123//4835 5171//4835 5172//4835 5124//4835
vn -0.1526 -0.9863 0.0625
f 5124//4836 5172//4836 5125//4836 5077//4836
vn -0.5821 -0.6811 0.4442
f 5125//4837 5173//4837 5174//4837 5126//4837
vn 0.1552 -0.9834 -0.0946
f 5126//4838 5174//4838 5175//4838 5127//4838
vn 0.6140 -0.7510 -0.2430
f 5127//4839 5175//4839 5176//4839 5128//4839
vn 0.0366 -0.9931 0.1115
f 5128//4840 5176//4840 5177//4840 5129//4840
vn 0.1205 -0.9896 0.0781
usemtl leaf_4
f 5129//4841 5177//4841 5178//4841 5130//4841
vn -0.3818 -0.9236 -0.0362
usemtl leaf_5
f 5130//4842 5178//4842 5179//4842 5131//4842
vn -0.2608 -0.9643 -0.0457
f 5131//4843 5179//4843 5180//4843 5132//4843
vn 0.5917 -0.7836 0.1894
f 5132//4844 5180//4844 5181//4844 5133//4844
vn 0.2068 -0.9780 0.0254
usemtl leaf_4
f 5133//4845 5181//4845 5182//4845 5134//4845
vn -0.1556 -0.9747 -0.1606
usemtl leaf_5
f 5134//4846 5182//4846 5183//4846 5135//4846
vn -0.1003 -0.9920 -0.0762
usemtl leaf_4
f 5135//4847 5183//4847 5184//4847 5136//4847
vn -0.3906 -0.7906 -0.4717
usemtl leaf_5
f 5136//4848 5184//4848 5185//4848 5137//4848
vn -0.1099 -0.9740 -0.1980
f 5137//4849 5185//4849 5186//4849 5138//4849
vn 0.2793 -0.7587 0.5885
f 5138//4850 5186//4850 5187//4850 5139//4850
vn -0.0537 -0.9976 0.0438
f 5139//4851 5187//4851 5188//4851 5140//4851
vn 0.2337 -0.6725 0.7022
f 5140//4852 5188//4852 5189//4852 5141//4852
vn 0.1104 -0.9284 -0.3547
usemtl leaf_4
f 5141//4853 5189//4853 5190//4853 5142//4853
vn 0.0734 -0.8994 -0.4309
usemtl leaf_5
f 5142//4854 5190//4854 5191//4854 5143//4854
vn 0.1095 -0.8270 -0.5515
f 5143//4855 5191//4855 5192//4855 5144//4855
vn 0.0195 -0.9599 -0.2798
f 5144//4856 5192//4856 5193//4856 5145//4856
vn -0.3350 -0.7682 0.5456
f 5145//4857 5193//4857 5194//4857 5146//4857
vn 0.2567 -0.7938 -0.5514
f 5146//4858 5194//4858 5195//4858 5147//4858
vn 0.0482 -0.9980 0.0405
f 5147//4859 5195//4859 5196//4859 5148//4859
vn 0.3195 -0.9345 -0.1571
f 5148//4860 5196//4860 5197//4860 5149//4860
vn -0.5306 -0.6983 0.4804
f 5149//4861 5197//4861 5198//4861 5150//4861
vn -0.1669 -0.9671 0.1921
f 5150//4862 5198//4862 5199//4862 5151//4862
vn -0.2197 -0.9669 0.1297
usemtl leaf_4
f 5151//4863 5199//4863 5200//4863 5152//4863
vn 0.0806 -0.9940 -0.0736
f 5152//4864 5200//4864 5201//4864 5153//4864
vn 0.5202 -0.8333 -0.1869
usemtl leaf_5
f 5153//4865 5201//4865 5202//4865 5154//4865
vn 0.0981 -0.9872 -0.1257
f 5154//4866 5202//4866 5203//4866 5155//4866
vn 0.1658 -0.9862 -0.0000
f 5155//4867 5203//4867 5204//4867 5156//4867
vn 0.1022 -0.9939 0.0410
f 5156//4868 5204//4868 5205//4868 5157//4868
vn -0.6388 -0.7125 -0.2903
f 5157//4869 5205//4869 5206//4869 5158//4869
vn 0.0384 -0.9907 0.1308
usemtl leaf_4
f 5158//4870 5206//4870 5207//4870 5159//4870
vn 0.2025 -0.9152 0.3484
usemtl leaf_5
f 5159//4871 5207//4871 5208//4871 5160//4871
vn -0.0967 -0.9911 -0.0918
f 5160//4872 5208//4872 5209//4872 5161//4872
vn -0.0563 -0.9930 -0.1037
usemtl leaf_4
f 5161//4873 5209//4873 5210//4873 5162//4873
vn 0.0292 -0.9682 0.2484
usemtl leaf_5
f 5162//4874 5210//4874 5211//4874 5163//4874
vn -0.1556 -0.9574 -0.2433
f 5163//4875 5211//4875 5212//4875 5164//4875
vn 0.0260 -0.9972 0.0707
f 5164//4876 5212//4876 5213//4876 5165//4876
vn 0.1178 -0.6355 0.7631
f 5165//4877 5213//4877 5214//4877 5166//4877
vn 0.0514 -0.6797 -0.7317
f 5166//4878 5214//4878 5215//4878 5167//4878
vn 0.1044 -0.9062 -0.4098
f 5167//4879 5215//4879 5216//4879 5168//4879
vn 0.1012 -0.9615 -0.2555
f 5168//4880 5216//4880 5217//4880 5169//4880
vn -0.1312 -0.9801 0.1491
f 5169//4881 5217//4881 5218//4881 5170//4881
vn -0.4345 -0.7557 0.4900
f 5170//4882 5218//4882 5219//4882 5171//4882
vn -0.0731 -0.9971 0.0193
f 5171//4883 5219//4883 5220//4883 5172//4883
vn 0.2789 -0.9377 -0.2074
f 5172//4884 5220//4884 5173//4884 5125//4884
vn -0.4052 -0.9029 0.1436
f 5173//4885 5221//4885 5222//4885 5174//4885
vn -0.1552 -0.9862 -0.0568
f 5174//4886 5222//4886 5223//4886 5175//4886
vn 0.3171 -0.9356 -0.1550
f 5175//4887 5223//4887 5224//4887 5176//4887
vn -0.0444 -0.9966 -0.0692
f 5176//4888 5224//4888 5225//4888 5177//4888
vn -0.0681 -0.9977 0.0070
f 5177//4889 5225//4889 5226//4889 5178//4889
vn 0.1272 -0.9907 0.0486
f 5178//4890 5226//4890 5227//4890 5179//4890
vn -0.3946 -0.9168 -0.0615
f 5179//4891 5227//4891 5228//4891 5180//4891
vn 0.4387 -0.8878 0.1393
f 5180//4892 5228//4892 5229//4892 5181//4892
vn 0.1354 -0.9819 0.1320
f 5181//4893 5229//4893 5230//4893 5182//4893
vn -0.1616 -0.9866 -0.0234
f 5182//4894 5230//4894 5231//4894 5183//4894
vn -0.0823 -0.9957 -0.0416
f 5183//4895 5231//4895 5232//4895 5184//4895
vn -0.1343 -0.9827 -0.1277
f 5184//4896 5232//4896 5233//4896 5185//4896
vn -0.1086 -0.9623 -0.2496
f 5185//4897 5233//4897 5234//4897 5186//4897
vn 0.1907 -0.9536 0.2331
f 5186//4898 5234//4898 5235//4898 5187//4898
vn 0.1114 -0.9817 0.1544
f 5187//4899 5235//4899 5236//4899 5188//4899
vn 0.0330 -0.9061 0.4218
f 5188//4900 5236//4900 5237//4900 5189//4900
vn -0.0704 -0.9788 0.1923
f 5189//4901 5237//4901 5238//4901 5190//4901
vn 0.0400 -0.8960 -0.4423
usemtl leaf_4
f 5190//4902 5238//4902 5239//4902 5191//4902
vn 0.0556 -0.9184 -0.3918
f 5191//4903 5239//4903 5240//4903 5192//4903
vn 0.1087 -0.9234 -0.3682
usemtl leaf_5
f 5192//4904 5240//4904 5241//4904 5193//4904
vn -0.1512 -0.9851 0.0815
f 5193//4905 5241//4905 5242//4905 5194//4905
vn -0.0929 -0.9863 -0.1366
f 5194//4906 5242//4906 5243//4906 5195//4906
vn -0.2346 -0.9518 0.1974
f 5195//4907 5243//4907 5244//4907 5196//4907
vn 0.0037 -0.9967 0.0811
f 5196//4908 5244//4908 5245//4908 5197//4908
vn -0.1956 -0.9482 0.2504
f 5197//4909 5245//4909 5246//4909 5198//4909
vn -0.2187 -0.9604 0.1725
f 5198//4910 5246//4910 5247//4910 5199//4910
vn 0.0926 -0.9953 0.0289
f 5199//4911 5247//4911 5248//4911 5200//4911
vn 0.3553 -0.9265 -0.1243
f 5200//4912 5248//4912 5249//4912 5201//4912
vn 0.3408 -0.9363 -0.0853
f 5201//4913 5249//4913 5250//4913 5202//4913
vn 0.0096 -0.9990 -0.0426
f 5202//4914 5250//4914 5251//4914 5203//4914
vn 0.0747 -0.9917 -0.1045
f 5203//4915 5251//4915 5252//4915 5204//4915
vn -0.2260 -0.9687 -0.1028
f 5204//4916 5252//4916 5253//4916 5205//4916
vn -0.2144 -0.9717 -0.0995
f 5205//4917 5253//4917 5254//4917 5206//4917
vn -0.3178 -0.9122 -0.2587
f 5206//4918 5254//4918 5255//4918 5207//4918
vn 0.2314 -0.9556 0.1823
f 5207//4919 5255//4919 5256//4919 5208//4919
vn 0.1207 -0.9774 0.1738
usemtl leaf_4
f 5208//4920 5256//4920 5257//4920 5209//4920
vn -0.2032 -0.9570 -0.2069
usemtl leaf_5
f 5209//4921 5257//4921 5258//4921 5210//4921
vn 0.0922 -0.9860 0.1391
f 5210//4922 5258//4922 5259//4922 5211//4922
vn -0.1187 -0.9740 -0.1929
f 5211//4923 5259//4923 5260//4923 5212//4923
vn 0.0153 -0.9682 0.2496
f 5212//4924 5260//4924 5261//4924 5213//4924
vn 0.0368 -0.8379 0.5446
f 5213//4925 5261//4925 5262//4925 5214//4925
vn 0.0641 -0.9891 -0.1328
f 5214//4926 5262//4926 5263//4926 5215//4926
vn 0.2132 -0.9098 -0.3560
f 5215//4927 5263//4927 5264//4927 5216//4927
vn 0.1592 -0.8834 -0.4408
f 5216//4928 5264//4928 5265//4928 5217//4928
vn -0.0281 -0.9917 0.1253
f 5217//4929 5265//4929 5266//4929 5218//4929
vn -0.0968 -0.9475 0.3046
usemtl leaf_4
f 5218//4930 5266//4930 5267//4930 5219//4930
vn -0.2038 -0.9298 0.3066
usemtl leaf_5
f 5219//4931 5267//4931 5268//4931 5220//4931
vn 0.2948 -0.8942 -0.3368
f 5220//4932 5268//4932 5221//4932 5173//4932
vn -0.0471 -0.9966 -0.0681
f 5221//4933 5269//4933 5270//4933 5222//4933
vn -0.2426 -0.9667 -0.0813
f 5222//4934 5270//4934 5271//4934 5223//4934
vn -0.1429 -0.9893 -0.0299
f 5223//4935 5271//4935 5272//4935 5224//4935
vn 0.1492 -0.9886 0.0184
f 5224//4936 5272//4936 5273//4936 5225//4936
vn -0.1564 -0.9876 -0.0165
f 5225//4937 5273//4937 5274//4937 5226//4937
vn -0.0433 -0.9989 0.0165
f 5226//4938 5274//4938 5275//4938 5227//4938
vn 0.0395 -0.9992 -0.0111
f 5227//4939 5275//4939 5276//4939 5228//4939
vn 0.1911 -0.9800 -0.0549
f 5228//4940 5276//4940 5277//4940 5229//4940
vn -0.0401 -0.9991 -0.0141
f 5229//4941 5277//4941 5278//4941 5230//4941
vn 0.1428 -0.9883 0.0529
f 5230//4942 5278//4942 5279//4942 5231//4942
vn -0.0058 -0.9930 -0.1176
f 5231//4943 5279//4943 5280//4943 5232//4943
vn 0.0263 -0.9925 -0.1190
f 5232//4944 5280//4944 5281//4944 5233//4944
vn -0.0208 -0.9863 -0.1634
usemtl leaf_4
f 5233//4945 5281//4945 5282//4945 5234//4945
vn 0.0100 -0.9997 -0.0206
usemtl leaf_5
f 5234//4946 5282//4946 5283//4946 5235//4946
vn 0.0490 -0.9776 0.2048
f 5235//4947 5283//4947 5284//4947 5236//4947
vn -0.0950 -0.9897 -0.1068
usemtl leaf_4
f 5236//4948 5284//4948 5285//4948 5237//4948
vn -0.1035 -0.9433 0.3155
usemtl leaf_5
f 5237//4949 5285//4949 5286//4949 5238//4949
vn -0.0575 -0.9983 0.0085
f 5238//4950 5286//4950 5287//4950 5239//4950
vn 0.1216 -0.9159 -0.3826
f 5239//4951 5287//4951 5288//4951 5240//4951
vn 0.0957 -0.9691 -0.2275
f 5240//4952 5288//4952 5289//4952 5241//4952
vn 0.1114 -0.9835 -0.1422
f 5241//4953 5289//4953 5290//4953 5242//4953
vn -0.0257 -0.9845 0.1733
f 5242//4954 5290//4954 5291//4954 5243//4954
vn -0.0616 -0.9870 0.1484
f 5243//4955 5291//4955 5292//4955 5244//4955
vn -0.2203 -0.9426 0.2509
f 5244//4956 5292//4956 5293//4956 5245//4956
vn -0.0094 -0.9957 0.0917
f 5245//4957 5293//4957 5294//4957 5246//4957
vn -0.1987 -0.9612 0.1913
f 5246//4958 5294//4958 5295//4958 5247//4958
vn 0.2548 -0.9592 -0.1226
f 5247//4959 5295//4959 5296//4959 5248//4959
vn 0.2765 -0.9539 -0.1168
f 5248//4960 5296//4960 5297//4960 5249//4960
vn 0.1377 -0.9904 -0.0147
f 5249//4961 5297//4961 5298//4961 5250//4961
vn 0.0204 -0.9987 0.0458
f 5250//4962 5298//4962 5299//4962 5251//4962
vn 0.0521 -0.9925 0.1110
f 5251//4963 5299//4963 5300//4963 5252//4963
vn -0.1488 -0.9884 -0.0315
f 5252//4964 5300//4964 5301//4964 5253//4964
vn -0.0872 -0.9920 -0.0915
f 5253//4965 5301//4965 5302//4965 5254//4965
vn -0.1985 -0.9674 -0.1574
f 5254//4966 5302//4966 5303//4966 5255//4966
vn -0.1182 -0.9907 -0.0673
usemtl leaf_4
f 5255//4967 5303//4967 5304//4967 5256//4967
vn 0.0471 -0.9750 0.2170
f 5256//4968 5304//4968 5305//4968 5257//4968
vn -0.1216 -0.9910 -0.0559
usemtl leaf_5
f 5257//4969 5305//4969 5306//4969 5258//4969
vn -0.0218 -0.9917 0.1264
f 5258//4970 5306//4970 5307//4970 5259//4970
vn -0.0119 -0.9991 -0.0418
usemtl leaf_4
f 5259//4971 5307//4971 5308//4971 5260//4971
vn 0.1081 -0.9817 0.1566
usemtl leaf_5
f 5260//4972 5308//4972 5309//4972 5261//4972
vn 0.0050 -0.9717 0.2361
f 5261//4973 5309//4973 5310//4973 5262//4973
vn -0.0181 -0.9405 0.3393
f 5262//4974 5310//4974 5311//4974 5263//4974
vn 0.0684 -0.9296 -0.3622
f 5263//4975 5311//4975 5312//4975 5264//4975
vn 0.1817 -0.9239 -0.3368
f 5264//4976 5312//4976 5313//4976 5265//4976
vn 0.0515 -0.9964 0.0676
usemtl leaf_4
f 5265//4977 5313//4977 5314//4977 5266//4977
vn -0.0858 -0.9962 0.0125
usemtl leaf_5
f 5266//4978 5314//4978 5315//4978 5267//4978
vn -0.2661 -0.9268 0.2652
f 5267//4979 5315//4979 5316//4979 5268//4979
vn 0.3078 -0.9039 -0.2970
f 5268//4980 5316//4980 5269//4980 5221//4980
vn 0.1535 -0.9618 -0.2267
f 5269//4981 5317//4981 5318//4981 5270//4981
vn -0.1492 -0.9848 -0.0887
usemtl leaf_4
f 5270//4982 5318//4982 5319//4982 5271//4982
vn -0.3650 -0.9310 0.0075
usemtl leaf_5
f 5271//4983 5319//4983 5320//4983 5272//4983
vn -0.0752 -0.9968 -0.0251
usemtl leaf_4
f 5272//4984 5320//4984 5321//4984 5273//4984
vn 0.0037 -0.9975 0.0701
f 5273//4985 5321//4985 5322//4985 5274//4985
vn -0.0396 -0.9989 -0.0259
usemtl leaf_5
f 5274//4986 5322//4986 5323//4986 5275//4986
vn 0.1214 -0.9924 -0.0200
f 5275//4987 5323//4987 5324//4987 5276//4987
vn 0.0557 -0.9976 0.0418
f 5276//4988 5324//4988 5325//4988 5277//4988
vn 0.0610 -0.9967 -0.0540
f 5277//4989 5325//4989 5326//4989 5278//4989
vn 0.0796 -0.9967 -0.0144
usemtl leaf_4
f 5278//4990 5326//4990 5327//4990 5279//4990
vn 0.1751 -0.9839 0.0365
usemtl leaf_5
f 5279//4991 5327//4991 5328//4991 5280//4991
vn 0.0558 -0.9825 -0.1778
usemtl leaf_4
f 5280//4992 5328//4992 5329//4992 5281//4992
vn 0.1771 -0.9747 -0.1364
usemtl leaf_5
f 5281//4993 5329//4993 5330//4993 5282//4993
vn 0.1123 -0.9499 -0.2918
usemtl leaf_4
f 5282//4994 5330//4994 5331//4994 5283//4994
vn 0.1514 -0.9885 0.0006
usemtl leaf_5
f 5283//4995 5331//4995 5332//4995 5284//4995
vn 0.0778 -0.9875 -0.1368
f 5284//4996 5332//4996 5333//4996 5285//4996
vn 0.0682 -0.9977 0.0058
usemtl leaf_4
f 5285//4997 5333//4997 5334//4997 5286//4997
vn -0.0549 -0.9830 0.1754
usemtl leaf_5
f 5286//4998 5334//4998 5335//4998 5287//4998
vn 0.0251 -0.9922 -0.1222
f 5287//4999 5335//4999 5336//4999 5288//4999
vn 0.1674 -0.9586 -0.2306
f 5288//5000 5336//5000 5337//5000 5289//5000
vn 0.0931 -0.9867 -0.1333
f 5289//5001 5337//5001 5338//5001 5290//5001
vn -0.0584 -0.9905 0.1243
f 5290//5002 5338//5002 5339//5002 5291//5002
vn -0.0907 -0.9240 0.3714
f 5291//5003 5339//5003 5340//5003 5292//5003
vn 0.0535 -0.9497 0.3086
f 5292//5004 5340//5004 5341//5004 5293//5004
vn 0.0569 -0.9845 0.1658
f 5293//5005 5341//5005 5342//5005 5294//5005
vn 0.0366 -0.9987 0.0366
usemtl leaf_4
f 5294//5006 5342//5006 5343//5006 5295//5006
vn 0.2658 -0.9546 -0.1345
f 5295//5007 5343//5007 5344//5007 5296//5007
vn 0.1855 -0.9793 -0.0810
usemtl leaf_5
f 5296//5008 5344//5008 5345//5008 5297//5008
vn 0.0285 -0.9992 -0.0293
f 5297//5009 5345//5009 5346//5009 5298//5009
vn -0.1404 -0.9889 0.0477
f 5298//5010 5346//5010 5347//5010 5299//5010
vn 0.1502 -0.9877 0.0431
f 5299//5011 5347//5011 5348//5011 5300//5011
vn -0.0229 -0.9997 -0.0012
f 5300//5012 5348//5012 5349//5012 5301//5012
vn -0.1608 -0.9868 -0.0178
f 5301//5013 5349//5013 5350//5013 5302//5013
vn -0.2671 -0.9624 -0.0489
f 5302//5014 5350//5014 5351//5014 5303//5014
vn -0.2652 -0.9635 -0.0365
usemtl leaf_4
f 5303//5015 5351//5015 5352//5015 5304//5015
vn -0.0771 -0.9861 0.1475
usemtl leaf_5
f 5304//5016 5352//5016 5353//5016 5305//5016
vn 0.0038 -0.9779 0.2090
usemtl leaf_4
f 5305//5017 5353//5017 5354//5017 5306//5017
vn 0.0359 -0.9985 0.0405
usemtl leaf_5
f 5306//5018 5354//5018 5355//5018 5307//5018
vn -0.0232 -0.9985 0.0501
f 5307//5019 5355//5019 5356//5019 5308//5019
vn -0.1100 -0.9920 0.0625
f 5308//5020 5356//5020 5357//5020 5309//5020
vn -0.0568 -0.9771 0.2050
f 5309//5021 5357//5021 5358//5021 5310//5021
vn -0.0625 -0.9513 0.3019
f 5310//5022 5358//5022 5359//5022 5311//5022
vn -0.0068 -0.9741 -0.2260
f 5311//5023 5359//5023 5360//5023 5312//5023
vn 0.0453 -0.9855 -0.1636
f 5312//5024 5360//5024 5361//5024 5313//5024
vn 0.0537 -0.9823 -0.1795
f 5313//5025 5361//5025 5362//5025 5314//5025
vn -0.0217 -0.9992 0.0338
f 5314//5026 5362//5026 5363//5026 5315//5026
vn -0.1600 -0.9868 0.0233
f 5315//5027 5363//5027 5364//5027 5316//5027
vn 0.0018 -0.9769 -0.2139
f 5316//5028 5364//5028 5317//5028 5269//5028
vn -0.0577 -0.9278 -0.3685
usemtl leaf_4
f 5317//5029 5365//5029 5366//5029 5318//5029
vn -0.2317 -0.9697 -0.0776
f 5318//5030 5366//5030 5367//5030 5319//5030
vn -0.2899 -0.9559 -0.0476
f 5319//5031 5367//5031 5368//5031 5320//5031
vn -0.2453 -0.9631 -0.1111
usemtl leaf_5
f 5320//5032 5368//5032 5369//5032 5321//5032
vn -0.0964 -0.9852 -0.1417
f 5321//5033 5369//5033 5370//5033 5322//5033
vn 0.1439 -0.9829 -0.1152
f 5322//5034 5370//5034 5371//5034 5323//5034
vn -0.0758 -0.9909 -0.1116
f 5323//5035 5371//5035 5372//5035 5324//5035
vn 0.2057 -0.9760 -0.0715
f 5324//5036 5372//5036 5373//5036 5325//5036
vn -0.0115 -0.9971 -0.0752
f 5325//5037 5373//5037 5374//5037 5326//5037
vn 0.1834 -0.9830 -0.0117
f 5326//5038 5374//5038 5375//5038 5327//5038
vn 0.1802 -0.9831 -0.0311
f 5327//5039 5375//5039 5376//5039 5328//5039
vn 0.1988 -0.9796 -0.0305
f 5328//5040 5376//5040 5377//5040 5329//5040
vn 0.2413 -0.9640 -0.1114
usemtl leaf_4
f 5329//5041 5377//5041 5378//5041 5330//5041
vn 0.1511 -0.9492 -0.2761
f 5330//5042 5378//5042 5379//5042 5331//5042
vn 0.1049 -0.9556 -0.2753
f 5331//5043 5379//5043 5380//5043 5332//5043
vn 0.0108 -0.9891 -0.1466
usemtl leaf_5
f 5332//5044 5380//5044 5381//5044 5333//5044
vn 0.0011 -0.9977 -0.0683
f 5333//5045 5381//5045 5382//5045 5334//5045
vn 0.0490 -0.9933 0.1042
f 5334//5046 5382//5046 5383//5046 5335//5046
vn 0.0322 -0.9991 0.0260
f 5335//5047 5383//5047 5384//5047 5336//5047
vn 0.1276 -0.9918 -0.0081
f 5336//5048 5384//5048 5385//5048 5337//5048
vn 0.3206 -0.9457 -0.0538
f 5337//5049 5385//5049 5386//5049 5338//5049
vn 0.1789 -0.9577 0.2255
f 5338//5050 5386//5050 5387//5050 5339//5050
vn -0.1053 -0.9043 0.4137
usemtl leaf_4
f 5339//5051 5387//5051 5388//5051 5340//5051
vn -0.0086 -0.9448 0.3276
f 5340//5052 5388//5052 5389//5052 5341//5052
vn 0.2324 -0.9426 0.2398
usemtl leaf_5
f 5341//5053 5389//5053 5390//5053 5342//5053
vn 0.3040 -0.9406 0.1513
usemtl leaf_4
f 5342//5054 5390//5054 5391//5054 5343//5054
vn 0.4101 -0.9120 0.0093
f 5343//5055 5391//5055 5392//5055 5344//5055
vn 0.1529 -0.9837 0.0952
usemtl leaf_5
f 5344//5056 5392//5056 5393//5056 5345//5056
vn -0.0225 -0.9790 0.2027
f 5345//5057 5393//5057 5394//5057 5346//5057
vn -0.0124 -0.9943 0.1055
f 5346//5058 5394//5058 5395//5058 5347//5058
vn 0.1036 -0.9904 0.0919
f 5347//5059 5395//5059 5396//5059 5348//5059
vn -0.2433 -0.9596 0.1415
f 5348//5060 5396//5060 5397//5060 5349//5060
vn -0.1666 -0.9678 0.1887
f 5349//5061 5397//5061 5398//5061 5350//5061
vn -0.2546 -0.9666 0.0282
f 5350//5062 5398//5062 5399//5062 5351//5062
vn -0.2234 -0.9744 -0.0243
f 5351//5063 5399//5063 5400//5063 5352//5063
vn -0.2346 -0.9707 0.0516
usemtl leaf_4
f 5352//5064 5400//5064 5401//5064 5353//5064
vn -0.0548 -0.9311 0.3607
f 5353//5065 5401//5065 5402//5065 5354//5065
vn -0.1017 -0.9503 0.2941
usemtl leaf_5
f 5354//5066 5402//5066 5403//5066 5355//5066
vn -0.1785 -0.9838 -0.0171
f 5355//5067 5403//5067 5404//5067 5356//5067
vn -0.0158 -0.9835 0.1802
f 5356//5068 5404//5068 5405//5068 5357//5068
vn -0.0239 -0.9936 0.1105
usemtl leaf_4
f 5357//5069 5405//5069 5406//5069 5358//5069
vn -0.1071 -0.9729 0.2049
usemtl leaf_5
f 5358//5070 5406//5070 5407//5070 5359//5070
vn -0.1223 -0.9740 -0.1905
f 5359//5071 5407//5071 5408//5071 5360//5071
vn -0.1089 -0.9895 -0.0954
f 5360//5072 5408//5072 5409//5072 5361//5072
vn -0.0085 -0.9699 -0.2433
f 5361//5073 5409//5073 5410//5073 5362//5073
vn -0.1604 -0.9863 -0.0376
f 5362//5074 5410//5074 5411//5074 5363//5074
vn -0.0305 -0.9246 -0.3798
f 5363//5075 5411//5075 5412//5075 5364//5075
vn -0.2759 -0.9223 -0.2707
f 5364//5076 5412//5076 5365//5076 5317//5076
vn -0.2662 -0.8774 -0.3992
usemtl leaf_4
f 5365//5077 5413//5077 5414//5077 5366//5077
vn -0.4281 -0.8491 -0.3094
f 5366//5078 5414//5078 5415//5078 5367//5078
vn -0.4210 -0.8646 -0.2743
f 5367//5079 5415//5079 5416//5079 5368//5079
vn -0.2550 -0.9075 -0.3338
usemtl leaf_5
f 5368//5080 5416//5080 5417//5080 5369//5080
vn -0.3023 -0.9224 -0.2403
f 5369//5081 5417//5081 5418//5081 5370//5081
vn 0.0294 -0.9915 -0.1264
f 5370//5082 5418//5082 5419//5082 5371//5082
vn 0.0962 -0.9814 -0.1661
f 5371//5083 5419//5083 5420//5083 5372//5083
vn 0.1739 -0.9667 -0.1880
usemtl leaf_4
f 5372//5084 5420//5084 5421//5084 5373//5084
vn 0.2066 -0.9369 -0.2819
usemtl leaf_5
f 5373//5085 5421//5085 5422//5085 5374//5085
vn 0.4831 -0.8392 -0.2497
f 5374//5086 5422//5086 5423//5086 5375//5086
vn 0.4105 -0.8378 -0.3600
f 5375//5087 5423//5087 5424//5087 5376//5087
vn 0.5990 -0.7698 -0.2206
f 5376//5088 5424//5088 5425//5088 5377//5088
vn 0.4813 -0.8067 -0.3431
f 5377//5089 5425//5089 5426//5089 5378//5089
vn 0.3646 -0.8302 -0.4217
f 5378//5090 5426//5090 5427//5090 5379//5090
vn 0.2664 -0.8318 -0.4870
f 5379//5091 5427//5091 5428//5091 5380//5091
vn 0.2443 -0.8791 -0.4093
f 5380//5092 5428//5092 5429//5092 5381//5092
vn 0.2000 -0.9686 -0.1474
f 5381//5093 5429//5093 5430//5093 5382//5093
vn 0.1404 -0.9857 0.0929
f 5382//5094 5430//5094 5431//5094 5383//5094
vn 0.1902 -0.9743 0.1210
f 5383//5095 5431//5095 5432//5095 5384//5095
vn 0.2499 -0.9317 0.2636
usemtl leaf_4
f 5384//5096 5432//5096 5433//5096 5385//5096
vn 0.3903 -0.8994 0.1970
f 5385//5097 5433//5097 5434//5097 5386//5097
vn 0.4359 -0.8048 0.4027
usemtl leaf_5
f 5386//5098 5434//5098 5435//5098 5387//5098
vn 0.2991 -0.7572 0.5807
usemtl leaf_4
f 5387//5099 5435//5099 5436//5099 5388//5099
vn 0.1770 -0.8140 0.5532
usemtl leaf_5
f 5388//5100 5436//5100 5437//5100 5389//5100
vn 0.3466 -0.8994 0.2666
usemtl leaf_4
f 5389//5101 5437//5101 5438//5101 5390//5101
vn 0.3402 -0.8966 0.2836
f 5390//5102 5438//5102 5439//5102 5391//5102
vn 0.5564 -0.7987 0.2292
usemtl leaf_5
f 5391//5103 5439//5103 5440//5103 5392//5103
vn 0.2448 -0.8960 0.3704
f 5392//5104 5440//5104 5441//5104 5393//5104
vn 0.0562 -0.9543 0.2935
usemtl leaf_4
f 5393//5105 5441//5105 5442//5105 5394//5105
vn 0.0653 -0.9524 0.2976
f 5394//5106 5442//5106 5443//5106 5395//5106
vn -0.0935 -0.9266 0.3642
usemtl leaf_5
f 5395//5107 5443//5107 5444//5107 5396//5107
vn -0.2991 -0.9081 0.2931
f 5396//5108 5444//5108 5445//5108 5397//5108
vn -0.2687 -0.9098 0.3163
usemtl leaf_4
f 5397//5109 5445//5109 5446//5109 5398//5109
vn -0.3533 -0.8709 0.3417
usemtl leaf_5
f 5398//5110 5446//5110 5447//5110 5399//5110
vn -0.5694 -0.7882 0.2334
usemtl leaf_4
f 5399//5111 5447//5111 5448//5111 5400//5111
vn -0.5001 -0.8115 0.3021
usemtl leaf_3
f 5400//5112 5448//5112 5449//5112 5401//5112
vn -0.3290 -0.8166 0.4742
usemtl leaf_4
f 5401//5113 5449//5113 5450//5113 5402//5113
vn -0.4248 -0.7750 0.4678
usemtl leaf_5
f 5402//5114 5450//5114 5451//5114 5403//5114
vn -0.4391 -0.8316 0.3402
f 5403//5115 5451//5115 5452//5115 5404//5115
vn -0.2449 -0.8755 0.4165
f 5404//5116 5452//5116 5453//5116 5405//5116
vn -0.2945 -0.9529 0.0727
f 5405//5117 5453//5117 5454//5117 5406//5117
vn -0.3122 -0.9424 0.1197
f 5406//5118 5454//5118 5455//5118 5407//5118
vn -0.2848 -0.9406 -0.1845
f 5407//5119 5455//5119 5456//5119 5408//5119
vn -0.2663 -0.9628 -0.0458
f 5408//5120 5456//5120 5457//5120 5409//5120
vn -0.1523 -0.9266 -0.3437
f 5409//5121 5457//5121 5458//5121 5410//5121
vn -0.2659 -0.9215 -0.2830
f 5410//5122 5458//5122 5459//5122 5411//5122
vn -0.0997 -0.7821 -0.6151
usemtl leaf_4
f 5411//5123 5459//5123 5460//5123 5412//5123
vn -0.3762 -0.8547 -0.3577
usemtl leaf_3
f 5412//5124 5460//5124 5413//5124 5365//5124
vn -0.4609 -0.5466 -0.6991
usemtl leaf_4
f 5413//5125 5461//5125 5462//5125 5414//5125
vn -0.5974 -0.5509 -0.5827
usemtl leaf_5
f 5414//5126 5462//5126 5463//5126 5415//5126
vn -0.6134 -0.5722 -0.5444
f 5415//5127 5463//5127 5464//5127 5416//5127
vn -0.3429 -0.6560 -0.6724
f 5416//5128 5464//5128 5465//5128 5417//5128
vn -0.5030 -0.6368 -0.5844
f 5417//5129 5465//5129 5466//5129 5418//5129
vn -0.1234 -0.7631 -0.6344
f 5418//5130 5466//5130 5467//5130 5419//5130
vn 0.1483 -0.8694 -0.4713
f 5419//5131 5467//5131 5468//5131 5420//5131
vn 0.3715 -0.8179 -0.4393
f 5420//5132 5468//5132 5469//5132 5421//5132
vn 0.6632 -0.5804 -0.4725
f 5421//5133 5469//5133 5470//5133 5422//5133
vn 0.5857 -0.5407 -0.6038
f 5422//5134 5470//5134 5471//5134 5423//5134
vn 0.7388 -0.4794 -0.4737
f 5423//5135 5471//5135 5472//5135 5424//5135
vn 0.6690 -0.5131 -0.5378
f 5424//5136 5472//5136 5473//5136 5425//5136
vn 0.6419 -0.6055 -0.4704
f 5425//5137 5473//5137 5474//5137 5426//5137
vn 0.5964 -0.5668 -0.5683
usemtl leaf_3
f 5426//5138 5474//5138 5475//5138 5427//5138
vn 0.6240 -0.5068 -0.5948
usemtl leaf_4
f 5427//5139 5475//5139 5476//5139 5428//5139
vn 0.5112 -0.5376 -0.6706
usemtl leaf_5
f 5428//5140 5476//5140 5477//5140 5429//5140
vn 0.5216 -0.7577 -0.3922
f 5429//5141 5477//5141 5478//5141 5430//5141
vn 0.4828 -0.8753 0.0286
f 5430//5142 5478//5142 5479//5142 5431//5142
vn 0.4078 -0.8775 0.2523
f 5431//5143 5479//5143 5480//5143 5432//5143
vn 0.4096 -0.7611 0.5030
f 5432//5144 5480//5144 5481//5144 5433//5144
vn 0.5698 -0.5954 0.5665
f 5433//5145 5481//5145 5482//5145 5434//5145
vn 0.6060 -0.4382 0.6639
usemtl leaf_4
f 5434//5146 5482//5146 5483//5146 5435//5146
vn 0.6239 -0.4468 0.6412
usemtl leaf_3
f 5435//5147 5483//5147 5484//5147 5436//5147
vn 0.5368 -0.5847 0.6083
usemtl leaf_5
f 5436//5148 5484//5148 5485//5148 5437//5148
vn 0.5724 -0.6257 0.5300
f 5437//5149 5485//5149 5486//5149 5438//5149
vn 0.4723 -0.6176 0.6289
usemtl leaf_4
f 5438//5150 5486//5150 5487//5150 5439//5150
vn 0.5977 -0.5568 0.5768
f 5439//5151 5487//5151 5488//5151 5440//5151
vn 0.4840 -0.6039 0.6333
usemtl leaf_5
f 5440//5152 5488//5152 5489//5152 5441//5152
vn 0.2807 -0.7401 0.6111
f 5441//5153 5489//5153 5490//5153 5442//5153
vn 0.0663 -0.8473 0.5269
f 5442//5154 5490//5154 5491//5154 5443//5154
vn -0.2187 -0.8400 0.4966
usemtl leaf_4
f 5443//5155 5491//5155 5492//5155 5444//5155
vn -0.3686 -0.7653 0.5278
usemtl leaf_5
f 5444//5156 5492//5156 5493//5156 5445//5156
vn -0.4818 -0.7011 0.5256
f 5445//5157 5493//5157 5494//5157 5446//5157
vn -0.5774 -0.6208 0.5302
f 5446//5158 5494//5158 5495//5158 5447//5158
vn -0.7116 -0.5760 0.4024
f 5447//5159 5495//5159 5496//5159 5448//5159
vn -0.6803 -0.5641 0.4680
f 5448//5160 5496//5160 5497//5160 5449//5160
vn -0.5566 -0.5379 0.6331
usemtl leaf_4
f 5449//5161 5497//5161 5498//5161 5450//5161
vn -0.6397 -0.5726 0.5127
f 5450//5162 5498//5162 5499//5162 5451//5162
vn -0.5522 -0.5899 0.5891
usemtl leaf_5
f 5451//5163 5499//5163 5500//5163 5452//5163
vn -0.5928 -0.6038 0.5329
f 5452//5164 5500//5164 5501//5164 5453//5164
vn -0.6470 -0.7124 0.2717
f 5453//5165 5501//5165 5502//5165 5454//5165
vn -0.6032 -0.7946 0.0689
f 5454//5166 5502//5166 5503//5166 5455//5166
vn -0.5344 -0.8428 -0.0639
usemtl leaf_4
f 5455//5167 5503//5167 5504//5167 5456//5167
vn -0.5338 -0.7844 -0.3157
usemtl leaf_5
f 5456//5168 5504//5168 5505//5168 5457//5168
vn -0.5394 -0.6584 -0.5249
f 5457//5169 5505//5169 5506//5169 5458//5169
vn -0.5050 -0.6139 -0.6067
f 5458//5170 5506//5170 5507//5170 5459//5170
vn -0.2820 -0.4747 -0.8338
f 5459//5171 5507//5171 5508//5171 5460//5171
vn -0.6756 -0.5283 -0.5143
usemtl leaf_4
f 5460//5172 5508//5172 5461//5172 5413//5172
vn -0.6126 -0.2683 -0.7435
f 5461//5173 5509//5173 5510//5173 5462//5173
vn -0.6601 -0.3416 -0.6690
usemtl leaf_5
f 5462//5174 5510//5174 5511//5174 5463//5174
vn -0.5806 -0.2680 -0.7688
f 5463//5175 5511//5175 5512//5175 5464//5175
vn -0.5654 -0.3284 -0.7566
usemtl leaf_4
f 5464//5176 5512//5176 5513//5176 5465//5176
vn -0.4646 -0.4433 -0.7665
f 5465//5177 5513//5177 5514//5177 5466//5177
vn -0.2224 -0.4544 -0.8626
f 5466//5178 5514//5178 5515//5178 5467//5178
vn 0.1122 -0.4672 -0.8770
usemtl leaf_5
f 5467//5179 5515//5179 5516//5179 5468//5179
vn 0.6029 -0.3878 -0.6973
f 5468//5180 5516//5180 5517//5180 5469//5180
vn 0.7731 -0.3337 -0.5395
usemtl leaf_4
f 5469//5181 5517//5181 5518//5181 5470//5181
vn 0.7251 -0.2258 -0.6506
f 5470//5182 5518//5182 5519//5182 5471//5182
vn 0.7947 -0.1507 -0.5880
f 5471//5183 5519//5183 5520//5183 5472//5183
vn 0.6872 -0.1909 -0.7009
usemtl leaf_5
f 5472//5184 5520//5184 5521//5184 5473//5184
vn 0.8059 -0.1572 -0.5708
f 5473//5185 5521//5185 5522//5185 5474//5185
vn 0.7385 -0.1895 -0.6471
usemtl leaf_4
f 5474//5186 5522//5186 5523//5186 5475//5186
vn 0.6711 -0.3200 -0.6688
f 5475//5187 5523//5187 5524//5187 5476//5187
vn 0.6900 -0.2904 -0.6631
f 5476//5188 5524//5188 5525//5188 5477//5188
vn 0.7667 -0.2837 -0.5760
usemtl leaf_5
f 5477//5189 5525//5189 5526//5189 5478//5189
vn 0.8226 -0.5436 -0.1668
f 5478//5190 5526//5190 5527//5190 5479//5190
vn 0.7207 -0.6077 0.3336
f 5479//5191 5527//5191 5528//5191 5480//5191
vn 0.5480 -0.3752 0.7476
f 5480//5192 5528//5192 5529//5192 5481//5192
vn 0.6379 -0.2529 0.7274
usemtl leaf_3
f 5481//5193 5529//5193 5530//5193 5482//5193
vn 0.6495 -0.2197 0.7279
f 5482//5194 5530//5194 5531//5194 5483//5194
vn 0.7336 -0.2115 0.6459
usemtl leaf_4
f 5483//5195 5531//5195 5532//5195 5484//5195
vn 0.7100 -0.1689 0.6836
f 5484//5196 5532//5196 5533//5196 5485//5196
vn 0.7281 -0.2300 0.6457
usemtl leaf_5
f 5485//5197 5533//5197 5534//5197 5486//5197
vn 0.5468 -0.3144 0.7760
f 5486//5198 5534//5198 5535//5198 5487//5198
vn 0.6340 -0.3575 0.6858
usemtl leaf_4
f 5487//5199 5535//5199 5536//5199 5488//5199
vn 0.5275 -0.3783 0.7607
f 5488//5200 5536//5200 5537//5200 5489//5200
vn 0.4520 -0.4176 0.7882
f 5489//5201 5537//5201 5538//5201 5490//5201
vn 0.1471 -0.5213 0.8406
usemtl leaf_5
f 5490//5202 5538//5202 5539//5202 5491//5202
vn -0.3470 -0.5025 0.7919
usemtl leaf_4
f 5491//5203 5539//5203 5540//5203 5492//5203
vn -0.5342 -0.4050 0.7420
f 5492//5204 5540//5204 5541//5204 5493//5204
vn -0.6554 -0.2662 0.7068
f 5493//5205 5541//5205 5542//5205 5494//5205
vn -0.6516 -0.2524 0.7153
usemtl leaf_5
f 5494//5206 5542//5206 5543//5206 5495//5206
vn -0.7701 -0.2865 0.5700
f 5495//5207 5543//5207 5544//5207 5496//5207
vn -0.7792 -0.3139 0.5426
f 5496//5208 5544//5208 5545//5208 5497//5208
vn -0.7373 -0.2433 0.6302
f 5497//5209 5545//5209 5546//5209 5498//5209
vn -0.7202 -0.2260 0.6560
usemtl leaf_3
f 5498//5210 5546//5210 5547//5210 5499//5210
vn -0.6958 -0.2967 0.6540
usemtl leaf_4
f 5499//5211 5547//5211 5548//5211 5500//5211
vn -0.7119 -0.3731 0.5950
f 5500//5212 5548//5212 5549//5212 5501//5212
vn -0.7539 -0.4949 0.4322
f 5501//5213 5549//5213 5550//5213 5502//5213
vn -0.8221 -0.5666 0.0560
f 5502//5214 5550//5214 5551//5214 5503//5214
vn -0.8367 -0.5464 -0.0361
f 5503//5215 5551//5215 5552//5215 5504//5215
vn -0.6881 -0.4631 -0.5586
usemtl leaf_5
f 5504//5216 5552//5216 5553//5216 5505//5216
vn -0.6887 -0.3914 -0.6103
f 5505//5217 5553//5217 5554//5217 5506//5217
vn -0.5964 -0.2954 -0.7464
f 5506//5218 5554//5218 5555//5218 5507//5218
vn -0.3947 -0.2526 -0.8834
f 5507//5219 5555//5219 5556//5219 5508//5219
vn -0.7292 -0.2411 -0.6404
usemtl leaf_4
f 5508//5220 5556//5220 5509//5220 5461//5220
vn -0.6997 -0.0763 -0.7104
f 5509//5221 5557//5221 5558//5221 5510//5221
vn -0.6723 -0.0853 -0.7354
f 5510//5222 5558//5222 5559//5222 5511//5222
vn -0.4960 -0.0863 -0.8640
f 5511//5223 5559//5223 5560//5223 5512//5223
vn -0.6385 -0.0554 -0.7676
usemtl leaf_3
f 5512//5224 5560//5224 5561//5224 5513//5224
vn -0.4755 -0.1082 -0.8731
usemtl leaf_5
f 5513//5225 5561//5225 5562//5225 5514//5225
vn -0.2183 -0.1907 -0.9571
usemtl leaf_4
f 5514//5226 5562//5226 5563//5226 5515//5226
vn 0.1572 -0.1895 -0.9692
usemtl leaf_5
f 5515//5227 5563//5227 5564//5227 5516//5227
vn 0.6000 -0.1776 -0.7800
f 5516//5228 5564//5228 5565//5228 5517//5228
vn 0.7761 -0.1674 -0.6079
usemtl leaf_4
f 5517//5229 5565//5229 5566//5229 5518//5229
vn 0.8225 -0.1405 -0.5511
f 5518//5230 5566//5230 5567//5230 5519//5230
vn 0.7581 -0.1256 -0.6400
f 5519//5231 5567//5231 5568//5231 5520//5231
vn 0.6941 -0.1401 -0.7061
f 5520//5232 5568//5232 5569//5232 5521//5232
vn 0.7653 -0.2208 -0.6047
usemtl leaf_5
f 5521//5233 5569//5233 5570//5233 5522//5233
vn 0.7420 -0.2143 -0.6352
f 5522//5234 5570//5234 5571//5234 5523//5234
vn 0.6902 -0.1228 -0.7131
usemtl leaf_3
f 5523//5235 5571//5235 5572//5235 5524//5235
vn 0.7622 -0.1788 -0.6222
usemtl leaf_4
f 5524//5236 5572//5236 5573//5236 5525//5236
vn 0.7894 -0.1879 -0.5844
f 5525//5237 5573//5237 5574//5237 5526//5237
vn 0.9526 -0.1450 -0.2673
usemtl leaf_5
f 5526//5238 5574//5238 5575//5238 5527//5238
vn 0.9153 -0.1425 0.3767
f 5527//5239 5575//5239 5576//5239 5528//5239
vn 0.6069 -0.1184 0.7859
f 5528//5240 5576//5240 5577//5240 5529//5240
vn 0.6437 -0.1282 0.7544
usemtl leaf_3
f 5529//5241 5577//5241 5578//5241 5530//5241
vn 0.6736 -0.1154 0.7301
f 5530//5242 5578//5242 5579//5242 5531//5242
vn 0.7087 -0.0721 0.7019
f 5531//5243 5579//5243 5580//5243 5532//5243
vn 0.7291 -0.0749 0.6803
f 5532//5244 5580//5244 5581//5244 5533//5244
vn 0.7749 -0.0819 0.6267
usemtl leaf_4
f 5533//5245 5581//5245 5582//5245 5534//5245
vn 0.6168 -0.1254 0.7770
f 5534//5246 5582//5246 5583//5246 5535//5246
vn 0.6251 -0.1201 0.7713
usemtl leaf_5
f 5535//5247 5583//5247 5584//5247 5536//5247
vn 0.4779 -0.0710 0.8755
f 5536//5248 5584//5248 5585//5248 5537//5248
vn 0.5315 -0.1104 0.8398
usemtl leaf_3
f 5537//5249 5585//5249 5586//5249 5538//5249
vn 0.1971 -0.2278 0.9535
usemtl leaf_4
f 5538//5250 5586//5250 5587//5250 5539//5250
vn -0.3585 -0.2794 0.8907
f 5539//5251 5587//5251 5588//5251 5540//5251
vn -0.6151 -0.2299 0.7542
usemtl leaf_3
f 5540//5252 5588//5252 5589//5252 5541//5252
vn -0.7055 -0.1931 0.6818
usemtl leaf_4
f 5541//5253 5589//5253 5590//5253 5542//5253
vn -0.7202 -0.0656 0.6907
usemtl leaf_5
f 5542//5254 5590//5254 5591//5254 5543//5254
vn -0.7087 -0.0345 0.7047
f 5543//5255 5591//5255 5592//5255 5544//5255
vn -0.7935 -0.1112 0.5984
usemtl leaf_4
f 5544//5256 5592//5256 5593//5256 5545//5256
vn -0.7658 -0.1767 0.6184
usemtl leaf_3
f 5545//5257 5593//5257 5594//5257 5546//5257
vn -0.7275 -0.1770 0.6629
f 5546//5258 5594//5258 5595//5258 5547//5258
vn -0.7803 -0.0812 0.6201
usemtl leaf_4
f 5547//5259 5595//5259 5596//5259 5548//5259
vn -0.8053 -0.0176 0.5926
usemtl leaf_5
f 5548//5260 5596//5260 5597//5260 5549//5260
vn -0.8543 -0.0677 0.5153
usemtl leaf_4
f 5549//5261 5597//5261 5598//5261 5550//5261
vn -0.9549 -0.2536 0.1542
f 5550//5262 5598//5262 5599//5262 5551//5262
vn -0.9459 -0.1941 -0.2601
f 5551//5263 5599//5263 5600//5263 5552//5263
vn -0.8449 -0.0974 -0.5260
usemtl leaf_5
f 5552//5264 5600//5264 5601//5264 5553//5264
vn -0.7083 -0.0787 -0.7015
f 5553//5265 5601//5265 5602//5265 5554//5265
vn -0.6514 -0.0264 -0.7582
f 5554//5266 5602//5266 5603//5266 5555//5266
vn -0.5245 -0.0932 -0.8463
usemtl leaf_4
f 5555//5267 5603//5267 5604//5267 5556//5267
vn -0.6602 -0.1180 -0.7418
usemtl leaf_3
f 5556//5268 5604//5268 5557//5268 5509//5268
vn -0.6698 0.0127 -0.7424
usemtl leaf_5
f 5557//5269 5605//5269 5606//5269 5558//5269
vn -0.6385 0.0791 -0.7655
usemtl leaf_4
f 5558//5270 5606//5270 5607//5270 5559//5270
vn -0.5977 -0.0080 -0.8017
usemtl leaf_3
f 5559//5271 5607//5271 5608//5271 5560//5271
vn -0.6204 -0.1192 -0.7752
f 5560//5272 5608//5272 5609//5272 5561//5272
vn -0.4836 -0.0581 -0.8734
f 5561//5273 5609//5273 5610//5273 5562//5273
vn -0.2391 -0.0401 -0.9702
f 5562//5274 5610//5274 5611//5274 5563//5274
vn 0.2003 -0.0444 -0.9787
usemtl leaf_4
f 5563//5275 5611//5275 5612//5275 5564//5275
vn 0.5927 0.0146 -0.8053
f 5564//5276 5612//5276 5613//5276 5565//5276
vn 0.7371 0.0000 -0.6758
f 5565//5277 5613//5277 5614//5277 5566//5277
vn 0.8244 -0.0464 -0.5641
usemtl leaf_3
f 5566//5278 5614//5278 5615//5278 5567//5278
vn 0.7773 -0.0274 -0.6285
usemtl leaf_4
f 5567//5279 5615//5279 5616//5279 5568//5279
vn 0.7280 0.0493 -0.6838
f 5568//5280 5616//5280 5617//5280 5569//5280
vn 0.6945 0.0350 -0.7186
usemtl leaf_5
f 5569//5281 5617//5281 5618//5281 5570//5281
vn 0.8003 -0.0501 -0.5975
usemtl leaf_3
f 5570//5282 5618//5282 5619//5282 5571//5282
vn 0.7345 -0.0467 -0.6770
f 5571//5283 5619//5283 5620//5283 5572//5283
vn 0.7951 0.0300 -0.6057
usemtl leaf_5
f 5572//5284 5620//5284 5621//5284 5573//5284
vn 0.8268 0.0163 -0.5622
usemtl leaf_4
f 5573//5285 5621//5285 5622//5285 5574//5285
vn 0.9784 -0.0164 -0.2061
f 5574//5286 5622//5286 5623//5286 5575//5286
vn 0.9336 0.0195 0.3577
f 5575//5287 5623//5287 5624//5287 5576//5287
vn 0.6923 -0.0814 0.7170
usemtl leaf_3
f 5576//5288 5624//5288 5625//5288 5577//5288
vn 0.6075 -0.1394 0.7820
usemtl leaf_2
f 5577//5289 5625//5289 5626//5289 5578//5289
vn 0.6346 -0.0469 0.7714
usemtl leaf_3
f 5578//5290 5626//5290 5627//5290 5579//5290
vn 0.6863 0.0073 0.7273
usemtl leaf_2
f 5579//5291 5627//5291 5628//5291 5580//5291
vn 0.8026 -0.0565 0.5938
usemtl leaf_4
f 5580//5292 5628//5292 5629//5292 5581//5292
vn 0.7421 -0.1074 0.6616
f 5581//5293 5629//5293 5630//5293 5582//5293
vn 0.6106 -0.0156 0.7918
f 5582//5294 5630//5294 5631//5294 5583//5294
vn 0.5867 0.0170 0.8096
usemtl leaf_3
f 5583//5295 5631//5295 5632//5295 5584//5295
vn 0.5513 -0.0848 0.8300
usemtl leaf_4
f 5584//5296 5632//5296 5633//5296 5585//5296
vn 0.5285 -0.1165 0.8409
usemtl leaf_3
f 5585//5297 5633//5297 5634//5297 5586//5297
vn 0.1927 -0.0320 0.9807
usemtl leaf_4
f 5586//5298 5634//5298 5635//5298 5587//5298
vn -0.3105 -0.0248 0.9503
f 5587//5299 5635//5299 5636//5299 5588//5299
vn -0.6277 -0.0452 0.7771
f 5588//5300 5636//5300 5637//5300 5589//5300
vn -0.7318 0.0213 0.6812
usemtl leaf_3
f 5589//5301 5637//5301 5638//5301 5590//5301
vn -0.7666 0.0355 0.6411
usemtl leaf_4
f 5590//5302 5638//5302 5639//5302 5591//5302
vn -0.6650 0.0349 0.7461
usemtl leaf_3
f 5591//5303 5639//5303 5640//5303 5592//5303
vn -0.7328 -0.0215 0.6801
usemtl leaf_5
f 5592//5304 5640//5304 5641//5304 5593//5304
vn -0.7870 -0.0331 0.6160
usemtl leaf_4
f 5593//5305 5641//5305 5642//5305 5594//5305
vn -0.8049 0.0557 0.5908
f 5594//5306 5642//5306 5643//5306 5595//5306
vn -0.8006 0.0463 0.5973
f 5595//5307 5643//5307 5644//5307 5596//5307
vn -0.7650 -0.0628 0.6409
usemtl leaf_3
f 5596//5308 5644//5308 5645//5308 5597//5308
vn -0.8321 -0.0987 0.5458
f 5597//5309 5645//5309 5646//5309 5598//5309
vn -0.9682 -0.0619 0.2424
usemtl leaf_4
f 5598//5310 5646//5310 5647//5310 5599//5310
vn -0.9229 -0.1080 -0.3697
f 5599//5311 5647//5311 5648//5311 5600//5311
vn -0.8273 -0.0407 -0.5603
usemtl leaf_3
f 5600//5312 5648//5312 5649//5312 5601//5312
vn -0.6786 0.0569 -0.7323
usemtl leaf_4
f 5601//5313 5649//5313 5650//5313 5602//5313
vn -0.6593 0.0771 -0.7479
usemtl leaf_3
f 5602//5314 5650//5314 5651//5314 5603//5314
vn -0.6388 0.0478 -0.7679
f 5603//5315 5651//5315 5652//5315 5604//5315
vn -0.6403 -0.0119 -0.7681
f 5604//5316 5652//5316 5605//5316 5557//5316
vn -0.6574 -0.0381 -0.7526
f 5605//5317 5653//5317 5654//5317 5606//5317
vn -0.5988 -0.0367 -0.8001
f 5606//5318 5654//5318 5655//5318 5607//5318
vn -0.7106 -0.0341 -0.7028
usemtl leaf_4
f 5607//5319 5655//5319 5656//5319 5608//5319
vn -0.6041 -0.0559 -0.7950
usemtl leaf_3
f 5608//5320 5656//5320 5657//5320 5609//5320
vn -0.4593 -0.0834 -0.8843
f 5609//5321 5657//5321 5658//5321 5610//5321
vn -0.2201 -0.0596 -0.9737
f 5610//5322 5658//5322 5659//5322 5611//5322
vn 0.2269 -0.0097 -0.9739
f 5611//5323 5659//5323 5660//5323 5612//5323
vn 0.6445 0.0284 -0.7641
f 5612//5324 5660//5324 5661//5324 5613//5324
vn 0.6815 0.0389 -0.7308
usemtl leaf_4
f 5613//5325 5661//5325 5662//5325 5614//5325
vn 0.8147 0.0007 -0.5799
f 5614//5326 5662//5326 5663//5326 5615//5326
vn 0.7642 -0.0549 -0.6426
usemtl leaf_3
f 5615//5327 5663//5327 5664//5327 5616//5327
vn 0.7827 -0.0803 -0.6171
usemtl leaf_2
f 5616//5328 5664//5328 5665//5328 5617//5328
vn 0.7015 0.0283 -0.7121
usemtl leaf_4
f 5617//5329 5665//5329 5666//5329 5618//5329
vn 0.7519 0.0469 -0.6576
usemtl leaf_3
f 5618//5330 5666//5330 5667//5330 5619//5330
vn 0.7499 -0.0164 -0.6613
f 5619//5331 5667//5331 5668//5331 5620//5331
vn 0.8162 -0.0349 -0.5768
usemtl leaf_4
f 5620//5332 5668//5332 5669//5332 5621//5332
vn 0.8359 0.0425 -0.5472
usemtl leaf_3
f 5621//5333 5669//5333 5670//5333 5622//5333
vn 0.9787 0.1465 -0.1441
usemtl leaf_5
f 5622//5334 5670//5334 5671//5334 5623//5334
vn 0.9512 0.0994 0.2921
f 5623//5335 5671//5335 5672//5335 5624//5335
vn 0.7855 0.0177 0.6186
f 5624//5336 5672//5336 5673//5336 5625//5336
vn 0.6180 -0.0284 0.7857
usemtl leaf_3
f 5625//5337 5673//5337 5674//5337 5626//5337
vn 0.5973 -0.0609 0.7997
usemtl leaf_2
f 5626//5338 5674//5338 5675//5338 5627//5338
vn 0.6762 -0.0658 0.7338
usemtl leaf_3
f 5627//5339 5675//5339 5676//5339 5628//5339
vn 0.8179 -0.0161 0.5752
f 5628//5340 5676//5340 5677//5340 5629//5340
vn 0.6646 0.1035 0.7400
f 5629//5341 5677//5341 5678//5341 5630//5341
vn 0.6333 0.0710 0.7706
f 5630//5342 5678//5342 5679//5342 5631//5342
vn 0.6508 -0.0745 0.7556
usemtl leaf_4
f 5631//5343 5679//5343 5680//5343 5632//5343
vn 0.5715 -0.0711 0.8175
f 5632//5344 5680//5344 5681//5344 5633//5344
vn 0.4904 -0.0296 0.8710
f 5633//5345 5681//5345 5682//5345 5634//5345
vn 0.1343 -0.0366 0.9903
f 5634//5346 5682//5346 5683//5346 5635//5346
vn -0.3390 0.0480 0.9396
usemtl leaf_2
f 5635//5347 5683//5347 5684//5347 5636//5347
vn -0.5986 0.0829 0.7967
f 5636//5348 5684//5348 5685//5348 5637//5348
vn -0.7206 -0.0306 0.6927
usemtl leaf_4
f 5637//5349 5685//5349 5686//5349 5638//5349
vn -0.7525 -0.1094 0.6494
f 5638//5350 5686//5350 5687//5350 5639//5350
vn -0.6995 -0.0999 0.7076
usemtl leaf_3
f 5639//5351 5687//5351 5688//5351 5640//5351
vn -0.6946 -0.0428 0.7181
usemtl leaf_5
f 5640//5352 5688//5352 5689//5352 5641//5352
vn -0.8128 -0.0408 0.5811
usemtl leaf_4
f 5641//5353 5689//5353 5690//5353 5642//5353
vn -0.8325 -0.0460 0.5521
f 5642//5354 5690//5354 5691//5354 5643//5354
vn -0.7356 -0.0748 0.6733
f 5643//5355 5691//5355 5692//5355 5644//5355
vn -0.7763 -0.0324 0.6295
usemtl leaf_3
f 5644//5356 5692//5356 5693//5356 5645//5356
vn -0.8469 0.0128 0.5316
f 5645//5357 5693//5357 5694//5357 5646//5357
vn -0.9732 -0.0236 0.2288
f 5646//5358 5694//5358 5695//5358 5647//5358
vn -0.9301 0.0396 -0.3653
usemtl leaf_4
f 5647//5359 5695//5359 5696//5359 5648//5359
vn -0.7808 0.0736 -0.6205
f 5648//5360 5696//5360 5697//5360 5649//5360
vn -0.6370 0.1186 -0.7617
usemtl leaf_3
f 5649//5361 5697//5361 5698//5361 5650//5361
vn -0.7244 0.0824 -0.6845
usemtl leaf_4
f 5650//5362 5698//5362 5699//5362 5651//5362
vn -0.6681 -0.0223 -0.7437
usemtl leaf_3
f 5651//5363 5699//5363 5700//5363 5652//5363
vn -0.6512 -0.0141 -0.7588
f 5652//5364 5700//5364 5653//5364 5605//5364
vn -0.5948 -0.0286 -0.8034
usemtl leaf_2
f 5653//5365 5701//5365 5702//5365 5654//5365
vn -0.6638 -0.0359 -0.7470
f 5654//5366 5702//5366 5703//5366 5655//5366
vn -0.6747 -0.0640 -0.7353
usemtl leaf_3
f 5655//5367 5703//5367 5704//5367 5656//5367
vn -0.5784 0.0385 -0.8149
f 5656//5368 5704//5368 5705//5368 5657//5368
vn -0.5268 -0.0034 -0.8500
usemtl leaf_2
f 5657//5369 5705//5369 5706//5369 5658//5369
vn -0.1570 -0.0669 -0.9853
usemtl leaf_3
f 5658//5370 5706//5370 5707//5370 5659//5370
vn 0.2973 0.0229 -0.9545
usemtl leaf_2
f 5659//5371 5707//5371 5708//5371 5660//5371
vn 0.6388 0.0432 -0.7682
usemtl leaf_3
f 5660//5372 5708//5372 5709//5372 5661//5372
vn 0.7049 0.0618 -0.7066
f 5661//5373 5709//5373 5710//5373 5662//5373
vn 0.7400 0.0112 -0.6725
usemtl leaf_2
f 5662//5374 5710//5374 5711//5374 5663//5374
vn 0.7419 -0.1004 -0.6630
usemtl leaf_3
f 5663//5375 5711//5375 5712//5375 5664//5375
vn 0.8160 -0.0503 -0.5759
f 5664//5376 5712//5376 5713//5376 5665//5376
vn 0.7134 -0.0834 -0.6958
f 5665//5377 5713//5377 5714//5377 5666//5377
vn 0.7399 -0.0878 -0.6670
usemtl leaf_4
f 5666//5378 5714//5378 5715//5378 5667//5378
vn 0.7276 -0.0587 -0.6835
f 5667//5379 5715//5379 5716//5379 5668//5379
vn 0.8103 -0.0774 -0.5808
usemtl leaf_3
f 5668//5380 5716//5380 5717//5380 5669//5380
vn 0.9095 0.0092 -0.4156
f 5669//5381 5717//5381 5718//5381 5670//5381
vn 0.9861 0.0913 -0.1386
usemtl leaf_4
f 5670//5382 5718//5382 5719//5382 5671//5382
vn 0.9486 0.1440 0.2819
usemtl leaf_2
f 5671//5383 5719//5383 5720//5383 5672//5383
vn 0.8100 0.1547 0.5656
usemtl leaf_3
f 5672//5384 5720//5384 5721//5384 5673//5384
vn 0.7151 0.0087 0.6990
f 5673//5385 5721//5385 5722//5385 5674//5385
vn 0.6491 -0.2105 0.7310
f 5674//5386 5722//5386 5723//5386 5675//5386
vn 0.5726 -0.1919 0.7971
usemtl leaf_2
f 5675//5387 5723//5387 5724//5387 5676//5387
vn 0.7475 -0.0063 0.6642
usemtl leaf_4
f 5676//5388 5724//5388 5725//5388 5677//5388
vn 0.6166 0.0509 0.7856
usemtl leaf_3
f 5677//5389 5725//5389 5726//5389 5678//5389
vn 0.7174 0.0364 0.6957
usemtl leaf_4
f 5678//5390 5726//5390 5727//5390 5679//5390
vn 0.6358 0.0797 0.7677
f 5679//5391 5727//5391 5728//5391 5680//5391
vn 0.5845 0.0545 0.8095
f 5680//5392 5728//5392 5729//5392 5681//5392
vn 0.4837 -0.0100 0.8752
usemtl leaf_3
f 5681//5393 5729//5393 5730//5393 5682//5393
vn 0.0812 0.0525 0.9953
f 5682//5394 5730//5394 5731//5394 5683//5394
vn -0.3253 -0.0042 0.9456
usemtl leaf_4
f 5683//5395 5731//5395 5732//5395 5684//5395
vn -0.6432 -0.0140 0.7655
usemtl leaf_2
f 5684//5396 5732//5396 5733//5396 5685//5396
vn -0.6797 0.1096 0.7253
usemtl leaf_3
f 5685//5397 5733//5397 5734//5397 5686//5397
vn -0.6966 0.0716 0.7139
usemtl leaf_4
f 5686//5398 5734//5398 5735//5398 5687//5398
vn -0.7466 0.0528 0.6632
usemtl leaf_3
f 5687//5399 5735//5399 5736//5399 5688//5399
vn -0.6749 0.0407 0.7368
usemtl leaf_5
f 5688//5400 5736//5400 5737//5400 5689//5400
vn -0.7958 -0.0196 0.6052
usemtl leaf_3
f 5689//5401 5737//5401 5738//5401 5690//5401
vn -0.7902 -0.1113 0.6027
f 5690//5402 5738//5402 5739//5402 5691//5402
vn -0.7399 -0.1241 0.6612
usemtl leaf_4
f 5691//5403 5739//5403 5740//5403 5692//5403
vn -0.8516 -0.0128 0.5240
usemtl leaf_3
f 5692//5404 5740//5404 5741//5404 5693//5404
vn -0.8278 0.0334 0.5600
usemtl leaf_4
f 5693//5405 5741//5405 5742//5405 5694//5405
vn -0.9780 0.0579 0.2002
usemtl leaf_3
f 5694//5406 5742//5406 5743//5406 5695//5406
vn -0.9135 0.0597 -0.4024
f 5695//5407 5743//5407 5744//5407 5696//5407
vn -0.7890 0.0396 -0.6131
f 5696//5408 5744//5408 5745//5408 5697//5408
vn -0.6024 0.0039 -0.7982
usemtl leaf_2
f 5697//5409 5745//5409 5746//5409 5698//5409
vn -0.7664 0.0338 -0.6415
f 5698//5410 5746//5410 5747//5410 5699//5410
vn -0.7425 -0.0290 -0.6692
f 5699//5411 5747//5411 5748//5411 5700//5411
vn -0.6391 -0.1431 -0.7557
usemtl leaf_3
f 5700//5412 5748//5412 5701//5412 5653//5412
vn -0.5588 0.0671 -0.8266
f 5701//5413 5749//5413 5750//5413 5702//5413
vn -0.7257 0.0218 -0.6877
f 5702//5414 5750//5414 5751//5414 5703//5414
vn -0.6075 0.0513 -0.7927
f 5703//5415 5751//5415 5752//5415 5704//5415
vn -0.5986 0.0107 -0.8010
f 5704//5416 5752//5416 5753//5416 5705//5416
vn -0.5499 -0.0042 -0.8352
usemtl leaf_4
f 5705//5417 5753//5417 5754//5417 5706//5417
vn -0.1015 0.0808 -0.9915
usemtl leaf_2
f 5706//5418 5754//5418 5755//5418 5707//5418
vn 0.3208 0.0725 -0.9444
usemtl leaf_3
f 5707//5419 5755//5419 5756//5419 5708//5419
vn 0.6194 0.0388 -0.7841
f 5708//5420 5756//5420 5757//5420 5709//5420
vn 0.7467 0.0538 -0.6630
usemtl leaf_2
f 5709//5421 5757//5421 5758//5421 5710//5421
vn 0.6339 0.0263 -0.7729
f 5710//5422 5758//5422 5759//5422 5711//5422
vn 0.7661 0.0164 -0.6425
usemtl leaf_3
f 5711//5423 5759//5423 5760//5423 5712//5423
vn 0.7991 -0.0268 -0.6006
usemtl leaf_4
f 5712//5424 5760//5424 5761//5424 5713//5424
vn 0.7207 -0.0188 -0.6930
usemtl leaf_2
f 5713//5425 5761//5425 5762//5425 5714//5425
vn 0.7296 -0.0311 -0.6832
usemtl leaf_3
f 5714//5426 5762//5426 5763//5426 5715//5426
vn 0.7741 -0.0067 -0.6330
usemtl leaf_4
f 5715//5427 5763//5427 5764//5427 5716//5427
vn 0.8009 0.0550 -0.5963
f 5716//5428 5764//5428 5765//5428 5717//5428
vn 0.9471 0.0539 -0.3163
usemtl leaf_2
f 5717//5429 5765//5429 5766//5429 5718//5429
vn 0.9861 0.0812 -0.1451
usemtl leaf_1
f 5718//5430 5766//5430 5767//5430 5719//5430
vn 0.9395 0.0718 0.3349
f 5719//5431 5767//5431 5768//5431 5720//5431
vn 0.8701 -0.0128 0.4928
usemtl leaf_2
f 5720//5432 5768//5432 5769//5432 5721//5432
vn 0.7688 -0.0647 0.6362
f 5721//5433 5769//5433 5770//5433 5722//5433
vn 0.7260 -0.0190 0.6874
usemtl leaf_3
f 5722//5434 5770//5434 5771//5434 5723//5434
vn 0.5694 -0.0958 0.8165
usemtl leaf_4
f 5723//5435 5771//5435 5772//5435 5724//5435
vn 0.6113 -0.0748 0.7878
f 5724//5436 5772//5436 5773//5436 5725//5436
vn 0.5909 0.0911 0.8016
usemtl leaf_2
f 5725//5437 5773//5437 5774//5437 5726//5437
vn 0.6865 0.1629 0.7087
f 5726//5438 5774//5438 5775//5438 5727//5438
vn 0.6523 0.1223 0.7480
usemtl leaf_4
f 5727//5439 5775//5439 5776//5439 5728//5439
vn 0.6590 0.0139 0.7520
usemtl leaf_3
f 5728//5440 5776//5440 5777//5440 5729//5440
vn 0.4403 0.0278 0.8974
f 5729//5441 5777//5441 5778//5441 5730//5441
vn 0.1172 -0.0165 0.9930
usemtl leaf_2
f 5730//5442 5778//5442 5779//5442 5731//5442
vn -0.2954 -0.0287 0.9549
usemtl leaf_1
f 5731//5443 5779//5443 5780//5443 5732//5443
vn -0.6485 -0.0382 0.7602
usemtl leaf_3
f 5732//5444 5780//5444 5781//5444 5733//5444
vn -0.6904 -0.1492 0.7079
f 5733//5445 5781//5445 5782//5445 5734//5445
vn -0.7231 -0.0634 0.6878
usemtl leaf_2
f 5734//5446 5782//5446 5783//5446 5735//5446
vn -0.7602 0.0114 0.6496
usemtl leaf_4
f 5735//5447 5783//5447 5784//5447 5736//5447
vn -0.6903 0.0680 0.7203
f 5736//5448 5784//5448 5785//5448 5737//5448
vn -0.7841 0.1457 0.6032
f 5737//5449 5785//5449 5786//5449 5738//5449
vn -0.7011 0.0746 0.7092
usemtl leaf_3
f 5738//5450 5786//5450 5787//5450 5739//5450
vn -0.7849 0.0013 0.6196
f 5739//5451 5787//5451 5788//5451 5740//5451
vn -0.8323 -0.0856 0.5477
f 5740//5452 5788//5452 5789//5452 5741//5452
vn -0.8558 -0.0880 0.5097
f 5741//5453 5789//5453 5790//5453 5742//5453
vn -0.9836 -0.0119 0.1799
usemtl leaf_2
f 5742//5454 5790//5454 5791//5454 5743//5454
vn -0.9138 0.0104 -0.4060
usemtl leaf_3
f 5743//5455 5791//5455 5792//5455 5744//5455
vn -0.7815 0.0402 -0.6226
f 5744//5456 5792//5456 5793//5456 5745//5456
vn -0.6739 -0.0275 -0.7383
usemtl leaf_2
f 5745//5457 5793//5457 5794//5457 5746//5457
vn -0.7118 -0.1034 -0.6948
f 5746//5458 5794//5458 5795//5458 5747//5458
vn -0.7483 0.0309 -0.6626
usemtl leaf_4
f 5747//5459 5795//5459 5796//5459 5748//5459
vn -0.6418 0.1348 -0.7549
f 5748//5460 5796//5460 5749//5460 5701//5460
vn -0.6358 -0.0850 -0.7672
usemtl leaf_2
f 5749//5461 5797//5461 5798//5461 5750//5461
vn -0.6471 -0.0227 -0.7620
f 5750//5462 5798//5462 5799//5462 5751//5462
vn -0.6655 -0.0170 -0.7462
usemtl leaf_3
f 5751//5463 5799//5463 5800//5463 5752//5463
vn -0.6118 -0.0798 -0.7870
f 5752//5464 5800//5464 5801//5464 5753//5464
vn -0.4856 -0.0020 -0.8742
f 5753//5465 5801//5465 5802//5465 5754//5465
vn -0.0850 0.0251 -0.9961
usemtl leaf_1
f 5754//5466 5802//5466 5803//5466 5755//5466
vn 0.3484 0.0802 -0.9339
usemtl leaf_2
f 5755//5467 5803//5467 5804//5467 5756//5467
vn 0.5966 0.1018 -0.7960
usemtl leaf_3
f 5756//5468 5804//5468 5805//5468 5757//5468
vn 0.7133 -0.0086 -0.7008
usemtl leaf_1
f 5757//5469 5805//5469 5806//5469 5758//5469
vn 0.6209 -0.0574 -0.7818
usemtl leaf_3
f 5758//5470 5806//5470 5807//5470 5759//5470
vn 0.7981 -0.0076 -0.6024
usemtl leaf_2
f 5759//5471 5807//5471 5808//5471 5760//5471
vn 0.7204 -0.0352 -0.6927
usemtl leaf_3
f 5760//5472 5808//5472 5809//5472 5761//5472
vn 0.7385 -0.1319 -0.6612
usemtl leaf_4
f 5761//5473 5809//5473 5810//5473 5762//5473
vn 0.7195 -0.0944 -0.6880
usemtl leaf_2
f 5762//5474 5810//5474 5811//5474 5763//5474
vn 0.8021 -0.0788 -0.5919
usemtl leaf_3
f 5763//5475 5811//5475 5812//5475 5764//5475
vn 0.8479 0.0047 -0.5301
f 5764//5476 5812//5476 5813//5476 5765//5476
vn 0.9102 -0.0087 -0.4140
usemtl leaf_2
f 5765//5477 5813//5477 5814//5477 5766//5477
vn 0.9977 -0.0484 -0.0481
f 5766//5478 5814//5478 5815//5478 5767//5478
vn 0.9479 0.0405 0.3159
usemtl leaf_1
f 5767//5479 5815//5479 5816//5479 5768//5479
vn 0.9142 -0.0033 0.4053
usemtl leaf_2
f 5768//5480 5816//5480 5817//5480 5769//5480
vn 0.7406 -0.0018 0.6719
usemtl leaf_3
f 5769//5481 5817//5481 5818//5481 5770//5481
vn 0.7635 -0.0570 0.6432
f 5770//5482 5818//5482 5819//5482 5771//5482
vn 0.5670 -0.0293 0.8232
usemtl leaf_4
f 5771//5483 5819//5483 5820//5483 5772//5483
vn 0.5656 0.0169 0.8245
usemtl leaf_2
f 5772//5484 5820//5484 5821//5484 5773//5484
vn 0.5920 -0.0867 0.8013
usemtl leaf_3
f 5773//5485 5821//5485 5822//5485 5774//5485
vn 0.6040 -0.0340 0.7963
f 5774//5486 5822//5486 5823//5486 5775//5486
vn 0.7397 0.0017 0.6729
usemtl leaf_2
f 5775//5487 5823//5487 5824//5487 5776//5487
vn 0.6521 -0.0084 0.7581
f 5776//5488 5824//5488 5825//5488 5777//5488
vn 0.4473 -0.0187 0.8942
usemtl leaf_4
f 5777//5489 5825//5489 5826//5489 5778//5489
vn 0.1838 -0.0554 0.9814
usemtl leaf_2
f 5778//5490 5826//5490 5827//5490 5779//5490
vn -0.4296 0.0405 0.9021
f 5779//5491 5827//5491 5828//5491 5780//5491
vn -0.5730 0.0945 0.8141
usemtl leaf_1
f 5780//5492 5828//5492 5829//5492 5781//5492
vn -0.6908 0.0905 0.7174
f 5781//5493 5829//5493 5830//5493 5782//5493
vn -0.7605 0.0573 0.6468
usemtl leaf_2
f 5782//5494 5830//5494 5831//5494 5783//5494
vn -0.7016 -0.0439 0.7112
usemtl leaf_3
f 5783//5495 5831//5495 5832//5495 5784//5495
vn -0.7588 -0.0844 0.6459
f 5784//5496 5832//5496 5833//5496 5785//5496
vn -0.7750 -0.0826 0.6265
usemtl leaf_2
f 5785//5497 5833//5497 5834//5497 5786//5497
vn -0.7029 -0.0356 0.7104
f 5786//5498 5834//5498 5835//5498 5787//5498
vn -0.7686 0.0108 0.6397
f 5787//5499 5835//5499 5836//5499 5788//5499
vn -0.7966 -0.0087 0.6045
usemtl leaf_3
f 5788//5500 5836//5500 5837//5500 5789//5500
vn -0.9050 0.0288 0.4244
usemtl leaf_2
f 5789//5501 5837//5501 5838//5501 5790//5501
vn -0.9840 0.0945 0.1508
f 5790//5502 5838//5502 5839//5502 5791//5502
vn -0.9228 0.0691 -0.3790
f 5791//5503 5839//5503 5840//5503 5792//5503
vn -0.7728 0.0192 -0.6344
f 5792//5504 5840//5504 5841//5504 5793//5504
vn -0.7591 -0.0341 -0.6500
f 5793//5505 5841//5505 5842//5505 5794//5505
vn -0.7099 -0.0959 -0.6978
usemtl leaf_3
f 5794//5506 5842//5506 5843//5506 5795//5506
vn -0.6671 -0.1078 -0.7371
f 5795//5507 5843//5507 5844//5507 5796//5507
vn -0.6293 -0.0743 -0.7736
usemtl leaf_4
f 5796//5508 5844//5508 5797//5508 5749//5508
vn -0.7084 0.0138 -0.7057
usemtl leaf_3
f 5797//5509 5845//5509 5846//5509 5798//5509
vn -0.5878 -0.0673 -0.8062
usemtl leaf_2
f 5798//5510 5846//5510 5847//5510 5799//5510
vn -0.7025 -0.0580 -0.7093
usemtl leaf_4
f 5799//5511 5847//5511 5848//5511 5800//5511
vn -0.5685 0.0068 -0.8226
usemtl leaf_2
f 5800//5512 5848//5512 5849//5512 5801//5512
vn -0.4197 0.0799 -0.9042
usemtl leaf_1
f 5801//5513 5849//5513 5850//5513 5802//5513
vn -0.2011 0.0226 -0.9793
usemtl leaf_2
f 5802//5514 5850//5514 5851//5514 5803//5514
vn 0.3750 -0.1093 -0.9205
f 5803//5515 5851//5515 5852//5515 5804//5515
vn 0.5997 -0.0826 -0.7960
f 5804//5516 5852//5516 5853//5516 5805//5516
vn 0.6959 0.0069 -0.7181
usemtl leaf_1
f 5805//5517 5853//5517 5854//5517 5806//5517
vn 0.6809 0.1070 -0.7245
usemtl leaf_2
f 5806//5518 5854//5518 5855//5518 5807//5518
vn 0.7126 0.0018 -0.7016
f 5807//5519 5855//5519 5856//5519 5808//5519
vn 0.6955 -0.1351 -0.7057
usemtl leaf_3
f 5808//5520 5856//5520 5857//5520 5809//5520
vn 0.7688 -0.0321 -0.6387
usemtl leaf_4
f 5809//5521 5857//5521 5858//5521 5810//5521
vn 0.7656 0.0439 -0.6419
usemtl leaf_3
f 5810//5522 5858//5522 5859//5522 5811//5522
vn 0.8173 0.1496 -0.5565
usemtl leaf_2
f 5811//5523 5859//5523 5860//5523 5812//5523
vn 0.8311 0.0879 -0.5492
f 5812//5524 5860//5524 5861//5524 5813//5524
vn 0.8824 0.0104 -0.4704
f 5813//5525 5861//5525 5862//5525 5814//5525
vn 0.9994 -0.0057 -0.0327
usemtl leaf_1
f 5814//5526 5862//5526 5863//5526 5815//5526
vn 0.9610 -0.1631 0.2235
f 5815//5527 5863//5527 5864//5527 5816//5527
vn 0.8685 -0.1140 0.4824
usemtl leaf_2
f 5816//5528 5864//5528 5865//5528 5817//5528
vn 0.7502 -0.0337 0.6603
f 5817//5529 5865//5529 5866//5529 5818//5529
vn 0.7452 0.0327 0.6660
f 5818//5530 5866//5530 5867//5530 5819//5530
vn 0.5739 0.0233 0.8186
usemtl leaf_4
f 5819//5531 5867//5531 5868//5531 5820//5531
vn 0.6049 -0.0830 0.7920
usemtl leaf_3
f 5820//5532 5868//5532 5869//5532 5821//5532
vn 0.5693 -0.0031 0.8221
usemtl leaf_2
f 5821//5533 5869//5533 5870//5533 5822//5533
vn 0.5503 0.0458 0.8337
usemtl leaf_1
f 5822//5534 5870//5534 5871//5534 5823//5534
vn 0.7344 0.0846 0.6734
usemtl leaf_2
f 5823//5535 5871//5535 5872//5535 5824//5535
vn 0.6546 0.1069 0.7484
usemtl leaf_1
f 5824//5536 5872//5536 5873//5536 5825//5536
vn 0.5316 0.0132 0.8469
usemtl leaf_3
f 5825//5537 5873//5537 5874//5537 5826//5537
vn 0.1322 -0.0078 0.9912
usemtl leaf_1
f 5826//5538 5874//5538 5875//5538 5827//5538
vn -0.4266 -0.0458 0.9033
usemtl leaf_2
f 5827//5539 5875//5539 5876//5539 5828//5539
vn -0.6088 -0.0450 0.7921
usemtl leaf_1
f 5828//5540 5876//5540 5877//5540 5829//5540
vn -0.6831 -0.0043 0.7303
usemtl leaf_2
f 5829//5541 5877//5541 5878//5541 5830//5541
vn -0.7325 -0.0286 0.6802
f 5830//5542 5878//5542 5879//5542 5831//5542
vn -0.7238 0.0576 0.6876
usemtl leaf_1
f 5831//5543 5879//5543 5880//5543 5832//5543
vn -0.7366 0.0961 0.6695
usemtl leaf_3
f 5832//5544 5880//5544 5881//5544 5833//5544
vn -0.7593 0.0297 0.6501
usemtl leaf_2
f 5833//5545 5881//5545 5882//5545 5834//5545
vn -0.7254 -0.0089 0.6883
f 5834//5546 5882//5546 5883//5546 5835//5546
vn -0.7675 -0.0236 0.6407
usemtl leaf_3
f 5835//5547 5883//5547 5884//5547 5836//5547
vn -0.7742 -0.0494 0.6310
f 5836//5548 5884//5548 5885//5548 5837//5548
vn -0.9218 -0.0861 0.3781
f 5837//5549 5885//5549 5886//5549 5838//5549
vn -0.9909 -0.0687 0.1159
usemtl leaf_1
f 5838//5550 5886//5550 5887//5550 5839//5550
vn -0.8980 0.0538 -0.4368
f 5839//5551 5887//5551 5888//5551 5840//5551
vn -0.8339 0.0455 -0.5500
usemtl leaf_2
f 5840//5552 5888//5552 5889//5552 5841//5552
vn -0.7799 -0.0550 -0.6235
f 5841//5553 5889//5553 5890//5553 5842//5553
vn -0.7259 -0.0497 -0.6860
f 5842//5554 5890//5554 5891//5554 5843//5554
vn -0.6726 -0.0632 -0.7373
usemtl leaf_3
f 5843//5555 5891//5555 5892//5555 5844//5555
vn -0.5522 -0.0006 -0.8337
usemtl leaf_4
f 5844//5556 5892//5556 5845//5556 5797//5556
vn -0.7340 -0.0093 -0.6791
usemtl leaf_2
f 5845//5557 5893//5557 5894//5557 5846//5557
vn -0.6499 -0.0468 -0.7586
f 5846//5558 5894//5558 5895//5558 5847//5558
vn -0.6380 -0.0318 -0.7694
usemtl leaf_3
f 5847//5559 5895//5559 5896//5559 5848//5559
vn -0.5429 0.0332 -0.8391
f 5848//5560 5896//5560 5897//5560 5849//5560
vn -0.4002 0.0197 -0.9162
usemtl leaf_1
f 5849//5561 5897//5561 5898//5561 5850//5561
vn -0.2930 -0.0013 -0.9561
f 5850//5562 5898//5562 5899//5562 5851//5562
vn 0.3417 -0.0128 -0.9397
usemtl leaf_2
f 5851//5563 5899//5563 5900//5563 5852//5563
vn 0.6382 -0.0266 -0.7694
usemtl leaf_1
f 5852//5564 5900//5564 5901//5564 5853//5564
vn 0.7024 -0.0479 -0.7102
usemtl leaf_2
f 5853//5565 5901//5565 5902//5565 5854//5565
vn 0.7274 -0.0525 -0.6842
f 5854//5566 5902//5566 5903//5566 5855//5566
vn 0.6445 0.0282 -0.7640
f 5855//5567 5903//5567 5904//5567 5856//5567
vn 0.7147 0.0961 -0.6928
usemtl leaf_4
f 5856//5568 5904//5568 5905//5568 5857//5568
vn 0.7805 0.0328 -0.6242
usemtl leaf_2
f 5857//5569 5905//5569 5906//5569 5858//5569
vn 0.7661 -0.0238 -0.6423
usemtl leaf_3
f 5858//5570 5906//5570 5907//5570 5859//5570
vn 0.8990 0.0105 -0.4378
f 5859//5571 5907//5571 5908//5571 5860//5571
vn 0.7531 0.0502 -0.6559
usemtl leaf_2
f 5860//5572 5908//5572 5909//5572 5861//5572
vn 0.9131 0.0681 -0.4020
usemtl leaf_1
f 5861//5573 5909//5573 5910//5573 5862//5573
vn 0.9659 -0.0531 -0.2536
f 5862//5574 5910//5574 5911//5574 5863//5574
vn 0.9645 -0.1047 0.2425
usemtl leaf_2
f 5863//5575 5911//5575 5912//5575 5864//5575
vn 0.8164 -0.0247 0.5769
f 5864//5576 5912//5576 5913//5576 5865//5576
vn 0.7365 0.0224 0.6760
usemtl leaf_3
f 5865//5577 5913//5577 5914//5577 5866//5577
vn 0.6919 0.0503 0.7202
usemtl leaf_2
f 5866//5578 5914//5578 5915//5578 5867//5578
vn 0.6593 0.0223 0.7516
usemtl leaf_4
f 5867//5579 5915//5579 5916//5579 5868//5579
vn 0.6470 -0.0378 0.7616
usemtl leaf_2
f 5868//5580 5916//5580 5917//5580 5869//5580
vn 0.5326 -0.1208 0.8377
f 5869//5581 5917//5581 5918//5581 5870//5581
vn 0.5665 -0.1528 0.8097
f 5870//5582 5918//5582 5919//5582 5871//5582
vn 0.6304 -0.0881 0.7713
f 5871//5583 5919//5583 5920//5583 5872//5583
vn 0.6477 0.0332 0.7612
f 5872//5584 5920//5584 5921//5584 5873//5584
vn 0.5504 0.1224 0.8259
f 5873//5585 5921//5585 5922//5585 5874//5585
vn 0.1764 0.1014 0.9791
usemtl leaf_1
f 5874//5586 5922//5586 5923//5586 5875//5586
vn -0.3534 0.0115 0.9354
f 5875//5587 5923//5587 5924//5587 5876//5587
vn -0.5884 -0.0851 0.8041
usemtl leaf_2
f 5876//5588 5924//5588 5925//5588 5877//5588
vn -0.6982 -0.1008 0.7088
usemtl leaf_1
f 5877//5589 5925//5589 5926//5589 5878//5589
vn -0.7355 -0.0368 0.6765
f 5878//5590 5926//5590 5927//5590 5879//5590
vn -0.7648 -0.0470 0.6426
usemtl leaf_2
f 5879//5591 5927//5591 5928//5591 5880//5591
vn -0.7180 -0.0466 0.6945
f 5880//5592 5928//5592 5929//5592 5881//5592
vn -0.7763 0.0105 0.6303
f 5881//5593 5929//5593 5930//5593 5882//5593
vn -0.6777 0.0026 0.7353
f 5882//5594 5930//5594 5931//5594 5883//5594
vn -0.7968 -0.0012 0.6042
f 5883//5595 5931//5595 5932//5595 5884//5595
vn -0.7475 0.0346 0.6634
usemtl leaf_3
f 5884//5596 5932//5596 5933//5596 5885//5596
vn -0.9252 0.0423 0.3771
usemtl leaf_1
f 5885//5597 5933//5597 5934//5597 5886//5597
vn -0.9938 0.0605 0.0935
usemtl leaf_0
f 5886//5598 5934//5598 5935//5598 5887//5598
vn -0.8971 -0.0225 -0.4413
usemtl leaf_2
f 5887//5599 5935//5599 5936//5599 5888//5599
vn -0.8657 -0.0594 -0.4970
usemtl leaf_0
f 5888//5600 5936//5600 5937//5600 5889//5600
vn -0.7761 -0.0131 -0.6305
usemtl leaf_1
f 5889//5601 5937//5601 5938//5601 5890//5601
vn -0.7228 -0.0085 -0.6910
usemtl leaf_2
f 5890//5602 5938//5602 5939//5602 5891//5602
vn -0.6664 0.0154 -0.7454
usemtl leaf_4
f 5891//5603 5939//5603 5940//5603 5892//5603
vn -0.5188 0.0018 -0.8549
usemtl leaf_3
f 5892//5604 5940//5604 5893//5604 5845//5604
vn -0.6773 0.0209 -0.7354
f 5893//5605 5941//5605 5942//5605 5894//5605
vn -0.6846 0.0977 -0.7224
f 5894//5606 5942//5606 5943//5606 5895//5606
vn -0.6010 0.1062 -0.7922
usemtl leaf_1
f 5895//5607 5943//5607 5944//5607 5896//5607
vn -0.5466 0.1018 -0.8312
usemtl leaf_0
f 5896//5608 5944//5608 5945//5608 5897//5608
vn -0.4392 0.0843 -0.8944
f 5897//5609 5945//5609 5946//5609 5898//5609
vn -0.3023 0.0702 -0.9506
f 5898//5610 5946//5610 5947//5610 5899//5610
vn 0.3577 0.0908 -0.9294
f 5899//5611 5947//5611 5948//5611 5900//5611
vn 0.6107 0.0590 -0.7897
f 5900//5612 5948//5612 5949//5612 5901//5612
vn 0.7299 0.0544 -0.6814
f 5901//5613 5949//5613 5950//5613 5902//5613
vn 0.7004 0.0392 -0.7126
usemtl leaf_2
f 5902//5614 5950//5614 5951//5614 5903//5614
vn 0.7186 0.0072 -0.6954
f 5903//5615 5951//5615 5952//5615 5904//5615
vn 0.6966 0.0115 -0.7174
f 5904//5616 5952//5616 5953//5616 5905//5616
vn 0.7677 0.0227 -0.6404
usemtl leaf_3
f 5905//5617 5953//5617 5954//5617 5906//5617
vn 0.8060 0.1427 -0.5744
f 5906//5618 5954//5618 5955//5618 5907//5618
vn 0.8505 0.1105 -0.5143
usemtl leaf_2
f 5907//5619 5955//5619 5956//5619 5908//5619
vn 0.7863 0.0441 -0.6163
usemtl leaf_0
f 5908//5620 5956//5620 5957//5620 5909//5620
vn 0.9003 0.0606 -0.4310
f 5909//5621 5957//5621 5958//5621 5910//5621
vn 0.9333 0.0534 -0.3552
f 5910//5622 5958//5622 5959//5622 5911//5622
vn 0.9653 0.0226 0.2601
f 5911//5623 5959//5623 5960//5623 5912//5623
vn 0.8067 -0.0232 0.5905
f 5912//5624 5960//5624 5961//5624 5913//5624
vn 0.6409 0.0678 0.7646
f 5913//5625 5961//5625 5962//5625 5914//5625
vn 0.7152 0.1308 0.6866
usemtl leaf_2
f 5914//5626 5962//5626 5963//5626 5915//5626
vn 0.6322 0.1274 0.7642
usemtl leaf_1
f 5915//5627 5963//5627 5964//5627 5916//5627
vn 0.7012 0.1299 0.7010
usemtl leaf_2
f 5916//5628 5964//5628 5965//5628 5917//5628
vn 0.6148 0.0425 0.7876
f 5917//5629 5965//5629 5966//5629 5918//5629
vn 0.5741 -0.0115 0.8187
f 5918//5630 5966//5630 5967//5630 5919//5630
vn 0.5283 0.0639 0.8466
usemtl leaf_1
f 5919//5631 5967//5631 5968//5631 5920//5631
vn 0.6441 0.0853 0.7601
usemtl leaf_0
f 5920//5632 5968//5632 5969//5632 5921//5632
vn 0.5318 0.0327 0.8462
f 5921//5633 5969//5633 5970//5633 5922//5633
vn 0.2155 0.0444 0.9755
f 5922//5634 5970//5634 5971//5634 5923//5634
vn -0.2898 0.0249 0.9568
f 5923//5635 5971//5635 5972//5635 5924//5635
vn -0.5722 0.0216 0.8198
f 5924//5636 5972//5636 5973//5636 5925//5636
vn -0.7362 0.0342 0.6759
f 5925//5637 5973//5637 5974//5637 5926//5637
vn -0.8004 0.0871 0.5931
usemtl leaf_1
f 5926//5638 5974//5638 5975//5638 5927//5638
vn -0.7256 0.1359 0.6746
f 5927//5639 5975//5639 5976//5639 5928//5639
vn -0.7009 0.0502 0.7115
usemtl leaf_2
f 5928//5640 5976//5640 5977//5640 5929//5640
vn -0.7652 -0.0409 0.6425
usemtl leaf_1
f 5929//5641 5977//5641 5978//5641 5930//5641
vn -0.7375 0.0350 0.6744
usemtl leaf_2
f 5930//5642 5978//5642 5979//5642 5931//5642
vn -0.7780 0.1189 0.6169
usemtl leaf_3
f 5931//5643 5979//5643 5980//5643 5932//5643
vn -0.7438 0.0767 0.6640
usemtl leaf_0
f 5932//5644 5980//5644 5981//5644 5933//5644
vn -0.9194 0.0858 0.3837
f 5933//5645 5981//5645 5982//5645 5934//5645
vn -0.9931 0.0740 0.0914
f 5934//5646 5982//5646 5983//5646 5935//5646
vn -0.9587 -0.0105 -0.2842
f 5935//5647 5983//5647 5984//5647 5936//5647
vn -0.8010 -0.0178 -0.5984
f 5936//5648 5984//5648 5985//5648 5937//5648
vn -0.7701 0.0529 -0.6358
f 5937//5649 5985//5649 5986//5649 5938//5649
vn -0.7086 0.0598 -0.7031
usemtl leaf_3
f 5938//5650 5986//5650 5987//5650 5939//5650
vn -0.6366 0.0777 -0.7673
usemtl leaf_1
f 5939//5651 5987//5651 5988//5651 5940//5651
vn -0.5982 0.0269 -0.8009
usemtl leaf_3
f 5940//5652 5988//5652 5941//5652 5893//5652
vn -0.6054 0.0653 -0.7932
usemtl leaf_0
f 5941//5653 5989//5653 5990//5653 5942//5653
vn -0.6459 0.1193 -0.7540
f 5942//5654 5990//5654 5991//5654 5943//5654
vn -0.6182 0.1432 -0.7729
f 5943//5655 5991//5655 5992//5655 5944//5655
vn -0.5309 0.1579 -0.8326
f 5944//5656 5992//5656 5993//5656 5945//5656
vn -0.4501 0.2205 -0.8653
f 5945//5657 5993//5657 5994//5657 5946//5657
vn -0.2822 0.3416 -0.8964
f 5946//5658 5994//5658 5995//5658 5947//5658
vn 0.3250 0.3187 -0.8904
f 5947//5659 5995//5659 5996//5659 5948//5659
vn 0.6120 0.2426 -0.7528
f 5948//5660 5996//5660 5997//5660 5949//5660
vn 0.7093 0.1651 -0.6853
f 5949//5661 5997//5661 5998//5661 5950//5661
vn 0.6959 0.1312 -0.7060
f 5950//5662 5998//5662 5999//5662 5951//5662
vn 0.6792 0.1047 -0.7264
f 5951//5663 5999//5663 6000//5663 5952//5663
vn 0.7034 0.0621 -0.7081
f 5952//5664 6000//5664 6001//5664 5953//5664
vn 0.8015 0.1165 -0.5865
f 5953//5665 6001//5665 6002//5665 5954//5665
vn 0.8329 0.0917 -0.5458
f 5954//5666 6002//5666 6003//5666 5955//5666
vn 0.8048 0.0715 -0.5893
f 5955//5667 6003//5667 6004//5667 5956//5667
vn 0.8261 0.1570 -0.5412
f 5956//5668 6004//5668 6005//5668 5957//5668
vn 0.8379 0.1595 -0.5220
f 5957//5669 6005//5669 6006//5669 5958//5669
vn 0.9351 0.2406 -0.2601
f 5958//5670 6006//5670 6007//5670 5959//5670
vn 0.9122 0.3818 0.1489
f 5959//5671 6007//5671 6008//5671 5960//5671
vn 0.7362 0.2646 0.6229
f 5960//5672 6008//5672 6009//5672 5961//5672
vn 0.5890 0.1651 0.7911
f 5961//5673 6009//5673 6010//5673 5962//5673
vn 0.6522 0.2089 0.7287
f 5962//5674 6010//5674 6011//5674 5963//5674
vn 0.6907 0.1869 0.6985
f 5963//5675 6011//5675 6012//5675 5964//5675
vn 0.7014 0.1051 0.7049
f 5964//5676 6012//5676 6013//5676 5965//5676
vn 0.7009 0.0878 0.7079
usemtl leaf_1
f 5965//5677 6013//5677 6014//5677 5966//5677
vn 0.5408 0.0785 0.8375
usemtl leaf_0
f 5966//5678 6014//5678 6015//5678 5967//5678
vn 0.5423 0.0273 0.8397
f 5967//5679 6015//5679 6016//5679 5968//5679
vn 0.5907 0.0490 0.8054
f 5968//5680 6016//5680 6017//5680 5969//5680
vn 0.5168 0.2649 0.8141
f 5969//5681 6017//5681 6018//5681 5970//5681
vn 0.1998 0.4334 0.8788
f 5970//5682 6018//5682 6019//5682 5971//5682
vn -0.1896 0.3600 0.9135
f 5971//5683 6019//5683 6020//5683 5972//5683
vn -0.6350 0.2550 0.7292
f 5972//5684 6020//5684 6021//5684 5973//5684
vn -0.6783 0.1782 0.7128
f 5973//5685 6021//5685 6022//5685 5974//5685
vn -0.8038 0.0243 0.5944
f 5974//5686 6022//5686 6023//5686 5975//5686
vn -0.7416 0.0181 0.6706
f 5975//5687 6023//5687 6024//5687 5976//5687
vn -0.6618 0.0712 0.7463
f 5976//5688 6024//5688 6025//5688 5977//5688
vn -0.7563 0.1144 0.6442
f 5977//5689 6025//5689 6026//5689 5978//5689
vn -0.8013 0.1461 0.5801
f 5978//5690 6026//5690 6027//5690 5979//5690
vn -0.7551 0.1483 0.6386
f 5979//5691 6027//5691 6028//5691 5980//5691
vn -0.7444 0.2384 0.6237
f 5980//5692 6028//5692 6029//5692 5981//5692
vn -0.8452 0.3393 0.4130
f 5981//5693 6029//5693 6030//5693 5982//5693
vn -0.9444 0.3001 0.1343
f 5982//5694 6030//5694 6031//5694 5983//5694
vn -0.9321 0.2852 -0.2234
f 5983//5695 6031//5695 6032//5695 5984//5695
vn -0.7800 0.1414 -0.6096
f 5984//5696 6032//5696 6033//5696 5985//5696
vn -0.7150 0.1110 -0.6903
f 5985//5697 6033//5697 6034//5697 5986//5697
vn -0.7160 0.1433 -0.6833
f 5986//5698 6034//5698 6035//5698 5987//5698
vn -0.6132 0.1141 -0.7817
f 5987//5699 6035//5699 6036//5699 5988//5699
vn -0.6850 0.0808 -0.7240
f 5988//5700 6036//5700 5989//5700 5941//5700
vn -0.3381 0.7955 -0.5029
f 5989//5701 6037//5701 6038//5701 5990//5701
vn -0.3079 0.8885 -0.3402
f 5990//5702 6038//5702 6039//5702 5991//5702
vn -0.1405 0.9848 -0.1025
f 5991//5703 6039//5703 6040//5703 5992//5703
vn 0.0000 1.0000 0.0000
f 5992//5704 6040//5704 6041//5704 5993//5704
vn 0.0000 1.0000 0.0000
f 5993//5705 6041//5705 6042//5705 5994//5705
vn 0.0000 1.0000 0.0000
f 5994//5706 6042//5706 6043//5706 5995//5706
vn 0.0000 1.0000 0.0000
f 5995//5707 6043//5707 6044//5707 5996//5707
vn 0.0000 1.0000 0.0000
f 5996//5708 6044//5708 6045//5708 5997//5708
vn 0.0000 1.0000 0.0000
f 5997//5709 6045//5709 6046//5709 5998//5709
vn 0.2573 0.9554 -0.1453
f 5998//5710 6046//5710 6047//5710 5999//5710
vn 0.2323 0.9381 -0.2568
f 5999//5711 6047//5711 6048//5711 6000//5711
vn 0.2327 0.9511 -0.2030
f 6000//5712 6048//5712 6049//5712 6001//5712
vn 0.3034 0.9309 -0.2032
f 6001//5713 6049//5713 6050//5713 6002//5713
vn 0.2415 0.9455 -0.2184
f 6002//5714 6050//5714 6051//5714 6003//5714
vn 0.0803 0.9902 -0.1140
f 6003//5715 6051//5715 6052//5715 6004//5715
vn 0.0000 1.0000 0.0000
f 6004//5716 6052//5716 6053//5716 6005//5716
vn 0.0000 1.0000 0.0000
f 6005//5717 6053//5717 6054//5717 6006//5717
vn 0.0000 1.0000 0.0000
f 6006//5718 6054//5718 6055//5718 6007//5718
vn 0.0000 1.0000 0.0000
f 6007//5719 6055//5719 6056//5719 6008//5719
vn 0.0000 1.0000 0.0000
f 6008//5720 6056//5720 6057//5720 6009//5720
vn 0.0000 1.0000 0.0000
f 6009//5721 6057//5721 6058//5721 6010//5721
vn 0.1575 0.9350 0.3177
f 6010//5722 6058//5722 6059//5722 6011//5722
vn 0.4166 0.8351 0.3592
f 6011//5723 6059//5723 6060//5723 6012//5723
vn 0.4041 0.8243 0.3966
f 6012//5724 6060//5724 6061//5724 6013//5724
vn 0.3481 0.8908 0.2922
f 6013//5725 6061//5725 6062//5725 6014//5725
vn 0.2100 0.9419 0.2621
f 6014//5726 6062//5726 6063//5726 6015//5726
vn 0.1502 0.9781 0.1442
f 6015//5727 6063//5727 6064//5727 6016//5727
vn 0.0000 1.0000 0.0000
f 6016//5728 6064//5728 6065//5728 6017//5728
vn 0.0000 1.0000 0.0000
f 6017//5729 6065//5729 6066//5729 6018//5729
vn 0.0000 1.0000 0.0000
f 6018//5730 6066//5730 6067//5730 6019//5730
vn 0.0000 1.0000 0.0000
f 6019//5731 6067//5731 6068//5731 6020//5731
vn 0.0000 1.0000 0.0000
f 6020//5732 6068//5732 6069//5732 6021//5732
vn 0.0000 1.0000 0.0000
f 6021//5733 6069//5733 6070//5733 6022//5733
vn -0.1004 0.9940 0.0432
f 6022//5734 6070//5734 6071//5734 6023//5734
vn -0.4151 0.8610 0.2937
f 6023//5735 6071//5735 6072//5735 6024//5735
vn -0.4326 0.7899 0.4347
f 6024//5736 6072//5736 6073//5736 6025//5736
vn -0.4100 0.8382 0.3597
f 6025//5737 6073//5737 6074//5737 6026//5737
vn -0.4114 0.8472 0.3363
f 6026//5738 6074//5738 6075//5738 6027//5738
vn -0.1305 0.9779 0.1635
f 6027//5739 6075//5739 6076//5739 6028//5739
vn 0.0000 1.0000 0.0000
f 6028//5740 6076//5740 6077//5740 6029//5740
vn 0.0000 1.0000 0.0000
f 6029//5741 6077//5741 6078//5741 6030//5741
vn 0.0000 1.0000 0.0000
f 6030//5742 6078//5742 6079//5742 6031//5742
vn 0.0000 1.0000 0.0000
f 6031//5743 6079//5743 6080//5743 6032//5743
vn 0.0000 1.0000 0.0000
f 6032//5744 6080//5744 6081//5744 6033//5744
vn 0.0000 1.0000 0.0000
f 6033//5745 6081//5745 6082//5745 6034//5745
vn -0.0229 0.9987 -0.0463
f 6034//5746 6082//5746 6083//5746 6035//5746
vn -0.1444 0.9497 -0.2781
f 6035//5747 6083//5747 6084//5747 6036//5747
vn -0.4298 0.8274 -0.3616
f 6036//5748 6084//5748 6037//5748 5989//5748
vn 0.0000 1.0000 0.0000
f 6037//5749 6085//5749 6086//5749 6038//5749
vn 0.0000 1.0000 0.0000
f 6038//5750 6086//5750 6087//5750 6039//5750
vn 0.0000 1.0000 0.0000
f 6039//5751 6087//5751 6088//5751 6040//5751
vn 0.0000 1.0000 0.0000
f 6040//5752 6088//5752 6089//5752 6041//5752
vn 0.0000 1.0000 0.0000
f 6041//5753 6089//5753 6090//5753 6042//5753
vn 0.0000 1.0000 0.0000
f 6042//5754 6090//5754 6091//5754 6043//5754
vn 0.0000 1.0000 0.0000
f 6043//5755 6091//5755 6092//5755 6044//5755
vn 0.0000 1.0000 0.0000
f 6044//5756 6092//5756 6093//5756 6045//5756
vn 0.0000 1.0000 0.0000
f 6045//5757 6093//5757 6094//5757 6046//5757
vn 0.0000 1.0000 0.0000
f 6046//5758 6094//5758 6095//5758 6047//5758
vn 0.0000 1.0000 0.0000
f 6047//5759 6095//5759 6096//5759 6048//5759
vn 0.0000 1.0000 0.0000
f 6048//5760 6096//5760 6097//5760 6049//5760
vn 0.0000 1.0000 0.0000
f 6049//5761 6097//5761 6098//5761 6050//5761
vn 0.0000 1.0000 0.0000
f 6050//5762 6098//5762 6099//5762 6051//5762
vn 0.0000 1.0000 0.0000
f 6051//5763 6099//5763 6100//5763 6052//5763
vn 0.0000 1.0000 0.0000
f 6052//5764 6100//5764 6101//5764 6053//5764
vn 0.0000 1.0000 0.0000
f 6053//5765 6101//5765 6102//5765 6054//5765
vn 0.0000 1.0000 0.0000
f 6054//5766 6102//5766 6103//5766 6055//5766
vn 0.0000 1.0000 0.0000
f 6055//5767 6103//5767 6104//5767 6056//5767
vn 0.0000 1.0000 0.0000
f 6056//5768 6104//5768 6105//5768 6057//5768
vn 0.0000 1.0000 0.0000
f 6057//5769 6105//5769 6106//5769 6058//5769
vn 0.0000 1.0000 0.0000
f 6058//5770 6106//5770 6107//5770 6059//5770
vn 0.0000 1.0000 0.0000
f 6059//5771 6107//5771 6108//5771 6060//5771
vn 0.0000 1.0000 0.0000
f 6060//5772 6108//5772 6109//5772 6061//5772
vn 0.0000 1.0000 0.0000
f 6061//5773 6109//5773 6110//5773 6062//5773
vn 0.0000 1.0000 0.0000
f 6062//5774 6110//5774 6111//5774 6063//5774
vn 0.0000 1.0000 0.0000
f 6063//5775 6111//5775 6112//5775 6064//5775
vn 0.0000 1.0000 0.0000
f 6064//5776 6112//5776 6113//5776 6065//5776
vn 0.0000 1.0000 0.0000
f 6065//5777 6113//5777 6114//5777 6066//5777
vn 0.0000 1.0000 0.0000
f 6066//5778 6114//5778 6115//5778 6067//5778
vn 0.0000 1.0000 0.0000
f 6067//5779 6115//5779 6116//5779 6068//5779
vn 0.0000 1.0000 0.0000
f 6068//5780 6116//5780 6117//5780 6069//5780
vn 0.0000 1.0000 0.0000
f 6069//5781 6117//5781 6118//5781 6070//5781
vn 0.0000 1.0000 0.0000
f 6070//5782 6118//5782 6119//5782 6071//5782
vn 0.0000 1.0000 0.0000
f 6071//5783 6119//5783 6120//5783 6072//5783
vn 0.0000 1.0000 0.0000
f 6072//5784 6120//5784 6121//5784 6073//5784
vn 0.0000 1.0000 0.0000
f 6073//5785 6121//5785 6122//5785 6074//5785
vn 0.0000 1.0000 0.0000
f 6074//5786 6122//5786 6123//5786 6075//5786
vn 0.0000 1.0000 0.0000
f 6075//5787 6123//5787 6124//5787 6076//5787
vn 0.0000 1.0000 0.0000
f 6076//5788 6124//5788 6125//5788 6077//5788
vn 0.0000 1.0000 0.0000
f 6077//5789 6125//5789 6126//5789 6078//5789
vn 0.0000 1.0000 0.0000
f 6078//5790 6126//5790 6127//5790 6079//5790
vn 0.0000 1.0000 0.0000
usemtl leaf_1
f 6079//5791 6127//5791 6128//5791 6080//5791
vn 0.0000 1.0000 0.0000
usemtl leaf_0
f 6080//5792 6128//5792 6129//5792 6081//5792
vn 0.0000 1.0000 0.0000
f 6081//5793 6129//5793 6130//5793 6082//5793
vn 0.0000 1.0000 0.0000
f 6082//5794 6130//5794 6131//5794 6083//5794
vn 0.0000 1.0000 0.0000
f 6083//5795 6131//5795 6132//5795 6084//5795
vn 0.0000 1.0000 0.0000
f 6084//5796 6132//5796 6085//5796 6037//5796
vn 0.0000 1.0000 0.0000
f 6085//5797 6133//5797 6134//5797 6086//5797
vn 0.0000 1.0000 0.0000
f 6086//5798 6134//5798 6135//5798 6087//5798
vn 0.0000 1.0000 0.0000
f 6087//5799 6135//5799 6136//5799 6088//5799
vn 0.0000 1.0000 0.0000
f 6088//5800 6136//5800 6137//5800 6089//5800
vn 0.0000 1.0000 0.0000
f 6089//5801 6137//5801 6138//5801 6090//5801
vn 0.0000 1.0000 0.0000
f 6090//5802 6138//5802 6139//5802 6091//5802
vn 0.0000 1.0000 0.0000
f 6091//5803 6139//5803 6140//5803 6092//5803
vn 0.0000 1.0000 0.0000
f 6092//5804 6140//5804 6141//5804 6093//5804
vn 0.0000 1.0000 0.0000
f 6093//5805 6141//5805 6142//5805 6094//5805
vn 0.0000 1.0000 0.0000
f 6094//5806 6142//5806 6143//5806 6095//5806
vn 0.0000 1.0000 0.0000
f 6095//5807 6143//5807 6144//5807 6096//5807
vn 0.0000 1.0000 0.0000
f 6096//5808 6144//5808 6145//5808 6097//5808
vn 0.0000 1.0000 0.0000
f 6097//5809 6145//5809 6146//5809 6098//5809
vn 0.0000 1.0000 0.0000
f 6098//5810 6146//5810 6147//5810 6099//5810
vn 0.0000 1.0000 0.0000
f 6099//5811 6147//5811 6148//5811 6100//5811
vn 0.0000 1.0000 0.0000
f 6100//5812 6148//5812 6149//5812 6101//5812
vn 0.0000 1.0000 0.0000
f 6101//5813 6149//5813 6150//5813 6102//5813
vn 0.0000 1.0000 0.0000
f 6102//5814 6150//5814 6151//5814 6103//5814
vn 0.0000 1.0000 0.0000
f 6103//5815 6151//5815 6152//5815 6104//5815
vn 0.0000 1.0000 0.0000
f 6104//5816 6152//5816 6153//5816 6105//5816
vn 0.0000 1.0000 0.0000
f 6105//5817 6153//5817 6154//5817 6106//5817
vn 0.0000 1.0000 0.0000
f 6106//5818 6154//5818 6155//5818 6107//5818
vn 0.0000 1.0000 0.0000
f 6107//5819 6155//5819 6156//5819 6108//5819
vn 0.0000 1.0000 0.0000
f 6108//5820 6156//5820 6157//5820 6109//5820
vn 0.0000 1.0000 0.0000
f 6109//5821 6157//5821 6158//5821 6110//5821
vn 0.0000 1.0000 0.0000
f 6110//5822 6158//5822 6159//5822 6111//5822
vn 0.0000 1.0000 0.0000
f 6111//5823 6159//5823 6160//5823 6112//5823
vn 0.0000 1.0000 0.0000
f 6112//5824 6160//5824 6161//5824 6113//5824
vn 0.0000 1.0000 0.0000
f 6113//5825 6161//5825 6162//5825 6114//5825
vn 0.0000 1.0000 0.0000
f 6114//5826 6162//5826 6163//5826 6115//5826
vn 0.0000 1.0000 0.0000
f 6115//5827 6163//5827 6164//5827 6116//5827
vn 0.0000 1.0000 0.0000
f 6116//5828 6164//5828 6165//5828 6117//5828
vn 0.0000 1.0000 0.0000
f 6117//5829 6165//5829 6166//5829 6118//5829
vn 0.0000 1.0000 0.0000
f 6118//5830 6166//5830 6167//5830 6119//5830
vn 0.0000 1.0000 0.0000
f 6119//5831 6167//5831 6168//5831 6120//5831
vn 0.0000 1.0000 0.0000
f 6120//5832 6168//5832 6169//5832 6121//5832
vn 0.0000 1.0000 0.0000
f 6121//5833 6169//5833 6170//5833 6122//5833
vn 0.0000 1.0000 0.0000
f 6122//5834 6170//5834 6171//5834 6123//5834
vn 0.0000 1.0000 0.0000
f 6123//5835 6171//5835 6172//5835 6124//5835
vn 0.0000 1.0000 0.0000
f 6124//5836 6172//5836 6173//5836 6125//5836
vn 0.0000 1.0000 0.0000
f 6125//5837 6173//5837 6174//5837 6126//5837
vn 0.0000 1.0000 0.0000
f 6126//5838 6174//5838 6175//5838 6127//5838
vn 0.0000 1.0000 0.0000
f 6127//5839 6175//5839 6176//5839 6128//5839
vn 0.0000 1.0000 0.0000
f 6128//5840 6176//5840 6177//5840 6129//5840
vn 0.0000 1.0000 0.0000
f 6129//5841 6177//5841 6178//5841 6130//5841
vn 0.0000 1.0000 0.0000
f 6130//5842 6178//5842 6179//5842 6131//5842
vn 0.0000 1.0000 0.0000
f 6131//5843 6179//5843 6180//5843 6132//5843
vn 0.0000 1.0000 0.0000
f 6132//5844 6180//5844 6133//5844 6085//5844
vn 0.0000 1.0000 0.0000
f 6133//5845 6181//5845 6182//5845 6134//5845
vn 0.0000 1.0000 0.0000
f 6134//5846 6182//5846 6183//5846 6135//5846
vn 0.0000 1.0000 0.0000
f 6135//5847 6183//5847 6184//5847 6136//5847
vn 0.0000 1.0000 0.0000
f 6136//5848 6184//5848 6185//5848 6137//5848
vn 0.0000 1.0000 0.0000
f 6137//5849 6185//5849 6186//5849 6138//5849
vn 0.0000 1.0000 0.0000
f 6138//5850 6186//5850 6187//5850 6139//5850
vn 0.0000 1.0000 0.0000
f 6139//5851 6187//5851 6188//5851 6140//5851
vn 0.0000 1.0000 0.0000
f 6140//5852 6188//5852 6189//5852 6141//5852
vn 0.0000 1.0000 0.0000
f 6141//5853 6189//5853 6190//5853 6142//5853
vn 0.0000 1.0000 0.0000
f 6142//5854 6190//5854 6191//5854 6143//5854
vn 0.0000 1.0000 0.0000
f 6143//5855 6191//5855 6192//5855 6144//5855
vn 0.0000 1.0000 0.0000
f 6144//5856 6192//5856 6193//5856 6145//5856
vn 0.0000 1.0000 0.0000
f 6145//5857 6193//5857 6194//5857 6146//5857
vn 0.0000 1.0000 0.0000
f 6146//5858 6194//5858 6195//5858 6147//5858
vn 0.0000 1.0000 0.0000
f 6147//5859 6195//5859 6196//5859 6148//5859
vn 0.0000 1.0000 0.0000
f 6148//5860 6196//5860 6197//5860 6149//5860
vn 0.0000 1.0000 0.0000
f 6149//5861 6197//5861 6198//5861 6150//5861
vn 0.0000 1.0000 0.0000
f 6150//5862 6198//5862 6199//5862 6151//5862
vn 0.0000 1.0000 0.0000
f 6151//5863 6199//5863 6200//5863 6152//5863
vn 0.0000 1.0000 0.0000
f 6152//5864 6200//5864 6201//5864 6153//5864
vn 0.0000 1.0000 0.0000
f 6153//5865 6201//5865 6202//5865 6154//5865
vn 0.0000 1.0000 0.0000
f 6154//5866 6202//5866 6203//5866 6155//5866
vn 0.0000 1.0000 0.0000
f 6155//5867 6203//5867 6204//5867 6156//5867
vn 0.0000 1.0000 0.0000
f 6156//5868 6204//5868 6205//5868 6157//5868
vn 0.0000 1.0000 0.0000
f 6157//5869 6205//5869 6206//5869 6158//5869
vn 0.0000 1.0000 0.0000
f 6158//5870 6206//5870 6207//5870 6159//5870
vn 0.0000 1.0000 0.0000
f 6159//5871 6207//5871 6208//5871 6160//5871
vn 0.0000 1.0000 0.0000
f 6160//5872 6208//5872 6209//5872 6161//5872
vn 0.0000 1.0000 0.0000
f 6161//5873 6209//5873 6210//5873 6162//5873
vn 0.0000 1.0000 0.0000
f 6162//5874 6210//5874 6211//5874 6163//5874
vn 0.0000 1.0000 0.0000
f 6163//5875 6211//5875 6212//5875 6164//5875
vn 0.0000 1.0000 0.0000
f 6164//5876 6212//5876 6213//5876 6165//5876
vn 0.0000 1.0000 0.0000
f 6165//5877 6213//5877 6214//5877 6166//5877
vn 0.0000 1.0000 0.0000
f 6166//5878 6214//5878 6215//5878 6167//5878
vn 0.0000 1.0000 0.0000
f 6167//5879 6215//5879 6216//5879 6168//5879
vn 0.0000 1.0000 0.0000
f 6168//5880 6216//5880 6217//5880 6169//5880
vn 0.0000 1.0000 0.0000
f 6169//5881 6217//5881 6218//5881 6170//5881
vn 0.0000 1.0000 0.0000
f 6170//5882 6218//5882 6219//5882 6171//5882
vn 0.0000 1.0000 0.0000
f 6171//5883 6219//5883 6220//5883 6172//5883
vn 0.0000 1.0000 0.0000
f 6172//5884 6220//5884 6221//5884 6173//5884
vn 0.0000 1.0000 0.0000
f 6173//5885 6221//5885 6222//5885 6174//5885
vn 0.0000 1.0000 0.0000
usemtl leaf_1
f 6174//5886 6222//5886 6223//5886 6175//5886
vn 0.0000 1.0000 0.0000
usemtl leaf_0
f 6175//5887 6223//5887 6224//5887 6176//5887
vn 0.0000 1.0000 0.0000
f 6176//5888 6224//5888 6225//5888 6177//5888
vn 0.0000 1.0000 0.0000
f 6177//5889 6225//5889 6226//5889 6178//5889
vn 0.0000 1.0000 0.0000
f 6178//5890 6226//5890 6227//5890 6179//5890
vn 0.0000 1.0000 0.0000
f 6179//5891 6227//5891 6228//5891 6180//5891
vn 0.0000 1.0000 0.0000
f 6180//5892 6228//5892 6181//5892 6133//5892
vn 0.0000 1.0000 0.0000
f 6181//5893 6229//5893 6230//5893 6182//5893
vn 0.0000 1.0000 0.0000
f 6182//5894 6230//5894 6231//5894 6183//5894
vn 0.0000 1.0000 0.0000
f 6183//5895 6231//5895 6232//5895 6184//5895
vn 0.0000 1.0000 0.0000
f 6184//5896 6232//5896 6233//5896 6185//5896
vn 0.0000 1.0000 0.0000
f 6185//5897 6233//5897 6234//5897 6186//5897
vn 0.0000 1.0000 0.0000
f 6186//5898 6234//5898 6235//5898 6187//5898
vn 0.0000 1.0000 0.0000
usemtl leaf_1
f 6187//5899 6235//5899 6236//5899 6188//5899
vn 0.0000 1.0000 0.0000
usemtl leaf_0
f 6188//5900 6236//5900 6237//5900 6189//5900
vn 0.0000 1.0000 0.0000
f 6189//5901 6237//5901 6238//5901 6190//5901
vn 0.0000 1.0000 0.0000
f 6190//5902 6238//5902 6239//5902 6191//5902
vn 0.0000 1.0000 0.0000
f 6191//5903 6239//5903 6240//5903 6192//5903
vn 0.0000 1.0000 0.0000
f 6192//5904 6240//5904 6241//5904 6193//5904
vn 0.0000 1.0000 0.0000
f 6193//5905 6241//5905 6242//5905 6194//5905
vn 0.0000 1.0000 0.0000
f 6194//5906 6242//5906 6243//5906 6195//5906
vn 0.0000 1.0000 0.0000
f 6195//5907 6243//5907 6244//5907 6196//5907
vn 0.0000 1.0000 0.0000
f 6196//5908 6244//5908 6245//5908 6197//5908
vn 0.0000 1.0000 0.0000
f 6197//5909 6245//5909 6246//5909 6198//5909
vn 0.0000 1.0000 0.0000
f 6198//5910 6246//5910 6247//5910 6199//5910
vn 0.0000 1.0000 0.0000
f 6199//5911 6247//5911 6248//5911 6200//5911
vn 0.0000 1.0000 0.0000
f 6200//5912 6248//5912 6249//5912 6201//5912
vn 0.0000 1.0000 0.0000
f 6201//5913 6249//5913 6250//5913 6202//5913
vn 0.0000 1.0000 0.0000
f 6202//5914 6250//5914 6251//5914 6203//5914
vn 0.0000 1.0000 0.0000
f 6203//5915 6251//5915 6252//5915 6204//5915
vn 0.0000 1.0000 0.0000
f 6204//5916 6252//5916 6253//5916 6205//5916
vn 0.0000 1.0000 0.0000
f 6205//5917 6253//5917 6254//5917 6206//5917
vn 0.0000 1.0000 0.0000
f 6206//5918 6254//5918 6255//5918 6207//5918
vn 0.0000 1.0000 0.0000
f 6207//5919 6255//5919 6256//5919 6208//5919
vn 0.0000 1.0000 0.0000
f 6208//5920 6256//5920 6257//5920 6209//5920
vn 0.0000 1.0000 0.0000
f 6209//5921 6257//5921 6258//5921 6210//5921
vn 0.0000 1.0000 0.0000
f 6210//5922 6258//5922 6259//5922 6211//5922
vn 0.0000 1.0000 0.0000
f 6211//5923 6259//5923 6260//5923 6212//5923
vn 0.0000 1.0000 0.0000
f 6212//5924 6260//5924 6261//5924 6213//5924
vn 0.0000 1.0000 0.0000
f 6213//5925 6261//5925 6262//5925 6214//5925
vn 0.0000 1.0000 0.0000
f 6214//5926 6262//5926 6263//5926 6215//5926
vn 0.0000 1.0000 0.0000
f 6215//5927 6263//5927 6264//5927 6216//5927
vn 0.0000 1.0000 0.0000
f 6216//5928 6264//5928 6265//5928 6217//5928
vn 0.0000 1.0000 0.0000
f 6217//5929 6265//5929 6266//5929 6218//5929
vn 0.0000 1.0000 0.0000
f 6218//5930 6266//5930 6267//5930 6219//5930
vn 0.0000 1.0000 0.0000
f 6219//5931 6267//5931 6268//5931 6220//5931
vn 0.0000 1.0000 0.0000
f 6220//5932 6268//5932 6269//5932 6221//5932
vn 0.0000 1.0000 0.0000
f 6221//5933 6269//5933 6270//5933 6222//5933
vn 0.0000 1.0000 0.0000
f 6222//5934 6270//5934 6271//5934 6223//5934
vn 0.0000 1.0000 0.0000
f 6223//5935 6271//5935 6272//5935 6224//5935
vn 0.0000 1.0000 0.0000
f 6224//5936 6272//5936 6273//5936 6225//5936
vn 0.0000 1.0000 0.0000
f 6225//5937 6273//5937 6274//5937 6226//5937
vn 0.0000 1.0000 0.0000
f 6226//5938 6274//5938 6275//5938 6227//5938
vn 0.0000 1.0000 0.0000
f 6227//5939 6275//5939 6276//5939 6228//5939
vn 0.0000 1.0000 0.0000
f 6228//5940 6276//5940 6229//5940 6181//5940
vn 0.0000 1.0000 0.0000
f 6229//5941 6277//5941 6278//5941 6230//5941
vn 0.0000 1.0000 0.0000
f 6230//5942 6278//5942 6279//5942 6231//5942
vn 0.0000 1.0000 0.0000
f 6231//5943 6279//5943 6280//5943 6232//5943
vn 0.0000 1.0000 0.0000
f 6232//5944 6280//5944 6281//5944 6233//5944
vn 0.0000 1.0000 0.0000
f 6233//5945 6281//5945 6282//5945 6234//5945
vn 0.0000 1.0000 0.0000
f 6234//5946 6282//5946 6283//5946 6235//5946
vn 0.0000 1.0000 0.0000
f 6235//5947 6283//5947 6284//5947 6236//5947
vn 0.0000 1.0000 0.0000
f 6236//5948 6284//5948 6285//5948 6237//5948
vn 0.0000 1.0000 0.0000
f 6237//5949 6285//5949 6286//5949 6238//5949
vn 0.0000 1.0000 0.0000
f 6238//5950 6286//5950 6287//5950 6239//5950
vn 0.0000 1.0000 0.0000
f 6239//5951 6287//5951 6288//5951 6240//5951
vn 0.0000 1.0000 0.0000
f 6240//5952 6288//5952 6289//5952 6241//5952
vn 0.0000 1.0000 0.0000
f 6241//5953 6289//5953 6290//5953 6242//5953
vn 0.0000 1.0000 0.0000
f 6242//5954 6290//5954 6291//5954 6243//5954
vn 0.0000 1.0000 0.0000
f 6243//5955 6291//5955 6292//5955 6244//5955
vn 0.0000 1.0000 0.0000
f 6244//5956 6292//5956 6293//5956 6245//5956
vn 0.0000 1.0000 0.0000
f 6245//5957 6293//5957 6294//5957 6246//5957
vn 0.0000 1.0000 0.0000
f 6246//5958 6294//5958 6295//5958 6247//5958
vn 0.0000 1.0000 0.0000
f 6247//5959 6295//5959 6296//5959 6248//5959
vn 0.0000 1.0000 0.0000
f 6248//5960 6296//5960 6297//5960 6249//5960
vn 0.0000 1.0000 0.0000
f 6249//5961 6297//5961 6298//5961 6250//5961
vn 0.0000 1.0000 0.0000
f 6250//5962 6298//5962 6299//5962 6251//5962
vn 0.0000 1.0000 0.0000
f 6251//5963 6299//5963 6300//5963 6252//5963
vn 0.0000 1.0000 0.0000
f 6252//5964 6300//5964 6301//5964 6253//5964
vn 0.0000 1.0000 0.0000
f 6253//5965 6301//5965 6302//5965 6254//5965
vn 0.0000 1.0000 0.0000
f 6254//5966 6302//5966 6303//5966 6255//5966
vn 0.0000 1.0000 0.0000
f 6255//5967 6303//5967 6304//5967 6256//5967
vn 0.0000 1.0000 0.0000
f 6256//5968 6304//5968 6305//5968 6257//5968
vn 0.0000 1.0000 0.0000
f 6257//5969 6305//5969 6306//5969 6258//5969
vn 0.0000 1.0000 0.0000
f 6258//5970 6306//5970 6307//5970 6259//5970
vn 0.0000 1.0000 0.0000
f 6259//5971 6307//5971 6308//5971 6260//5971
vn 0.0000 1.0000 0.0000
f 6260//5972 6308//5972 6309//5972 6261//5972
vn 0.0000 1.0000 0.0000
f 6261//5973 6309//5973 6310//5973 6262//5973
vn 0.0000 1.0000 0.0000
f 6262//5974 6310//5974 6311//5974 6263//5974
vn 0.0000 1.0000 0.0000
f 6263//5975 6311//5975 6312//5975 6264//5975
vn 0.0000 1.0000 0.0000
f 6264//5976 6312//5976 6313//5976 6265//5976
vn 0.0000 1.0000 0.0000
f 6265//5977 6313//5977 6314//5977 6266//5977
vn 0.0000 1.0000 0.0000
f 6266//5978 6314//5978 6315//5978 6267//5978
vn 0.0000 1.0000 0.0000
f 6267//5979 6315//5979 6316//5979 6268//5979
vn 0.0000 1.0000 0.0000
f 6268//5980 6316//5980 6317//5980 6269//5980
vn 0.0000 1.0000 0.0000
f 6269//5981 6317//5981 6318//5981 6270//5981
vn 0.0000 1.0000 0.0000
f 6270//5982 6318//5982 6319//5982 6271//5982
vn 0.0000 1.0000 0.0000
f 6271//5983 6319//5983 6320//5983 6272//5983
vn 0.0000 1.0000 0.0000
f 6272//5984 6320//5984 6321//5984 6273//5984
vn 0.0000 1.0000 0.0000
f 6273//5985 6321//5985 6322//5985 6274//5985
vn 0.0000 1.0000 0.0000
f 6274//5986 6322//5986 6323//5986 6275//5986
vn 0.0000 1.0000 0.0000
f 6275//5987 6323//5987 6324//5987 6276//5987
vn 0.0000 1.0000 0.0000
f 6276//5988 6324//5988 6277//5988 6229//5988
vn 0.0000 1.0000 0.0000
f 6277//5989 6325//5989 6326//5989 6278//5989
vn 0.0000 1.0000 0.0000
f 6278//5990 6326//5990 6327//5990 6279//5990
vn 0.0000 1.0000 0.0000
f 6279//5991 6327//5991 6328//5991 6280//5991
vn 0.0000 1.0000 0.0000
f 6280//5992 6328//5992 6329//5992 6281//5992
vn 0.0000 1.0000 0.0000
f 6281//5993 6329//5993 6330//5993 6282//5993
vn 0.0000 1.0000 0.0000
f 6282//5994 6330//5994 6331//5994 6283//5994
vn 0.0000 1.0000 0.0000
f 6283//5995 6331//5995 6332//5995 6284//5995
vn 0.0000 1.0000 0.0000
f 6284//5996 6332//5996 6333//5996 6285//5996
vn 0.0000 1.0000 0.0000
f 6285//5997 6333//5997 6334//5997 6286//5997
vn 0.0000 1.0000 0.0000
f 6286//5998 6334//5998 6335//5998 6287//5998
vn 0.0000 1.0000 0.0000
f 6287//5999 6335//5999 6336//5999 6288//5999
vn 0.0000 1.0000 0.0000
f 6288//6000 6336//6000 6337//6000 6289//6000
vn 0.0000 1.0000 0.0000
f 6289//6001 6337//6001 6338//6001 6290//6001
vn 0.0000 1.0000 0.0000
f 6290//6002 6338//6002 6339//6002 6291//6002
vn 0.0000 1.0000 0.0000
f 6291//6003 6339//6003 6340//6003 6292//6003
vn 0.0000 1.0000 0.0000
f 6292//6004 6340//6004 6341//6004 6293//6004
vn 0.0000 1.0000 0.0000
f 6293//6005 6341//6005 6342//6005 6294//6005
vn 0.0000 1.0000 0.0000
f 6294//6006 6342//6006 6343//6006 6295//6006
vn 0.0000 1.0000 0.0000
f 6295//6007 6343//6007 6344//6007 6296//6007
vn 0.0000 1.0000 0.0000
f 6296//6008 6344//6008 6345//6008 6297//6008
vn 0.0000 1.0000 0.0000
f 6297//6009 6345//6009 6346//6009 6298//6009
vn 0.0000 1.0000 0.0000
f 6298//6010 6346//6010 6347//6010 6299//6010
vn 0.0000 1.0000 0.0000
f 6299//6011 6347//6011 6348//6011 6300//6011
vn 0.0000 1.0000 0.0000
f 6300//6012 6348//6012 6349//6012 6301//6012
vn 0.0000 1.0000 0.0000
f 6301//6013 6349//6013 6350//6013 6302//6013
vn 0.0000 1.0000 0.0000
f 6302//6014 6350//6014 6351//6014 6303//6014
vn 0.0000 1.0000 0.0000
f 6303//6015 6351//6015 6352//6015 6304//6015
vn 0.0000 1.0000 0.0000
f 6304//6016 6352//6016 6353//6016 6305//6016
vn 0.0000 1.0000 0.0000
f 6305//6017 6353//6017 6354//6017 6306//6017
vn 0.0000 1.0000 0.0000
f 6306//6018 6354//6018 6355//6018 6307//6018
vn 0.0000 1.0000 0.0000
f 6307//6019 6355//6019 6356//6019 6308//6019
vn 0.0000 1.0000 0.0000
f 6308//6020 6356//6020 6357//6020 6309//6020
vn 0.0000 1.0000 0.0000
f 6309//6021 6357//6021 6358//6021 6310//6021
vn 0.0000 1.0000 0.0000
f 6310//6022 6358//6022 6359//6022 6311//6022
vn 0.0000 1.0000 0.0000
f 6311//6023 6359//6023 6360//6023 6312//6023
vn 0.0000 1.0000 0.0000
f 6312//6024 6360//6024 6361//6024 6313//6024
vn 0.0000 1.0000 0.0000
f 6313//6025 6361//6025 6362//6025 6314//6025
vn 0.0000 1.0000 0.0000
f 6314//6026 6362//6026 6363//6026 6315//6026
vn 0.0000 1.0000 0.0000
f 6315//6027 6363//6027 6364//6027 6316//6027
vn 0.0000 1.0000 0.0000
f 6316//6028 6364//6028 6365//6028 6317//6028
vn 0.0000 1.0000 0.0000
f 6317//6029 6365//6029 6366//6029 6318//6029
vn 0.0000 1.0000 0.0000
f 6318//6030 6366//6030 6367//6030 6319//6030
vn 0.0000 1.0000 0.0000
f 6319//6031 6367//6031 6368//6031 6320//6031
vn 0.0000 1.0000 0.0000
f 6320//6032 6368//6032 6369//6032 6321//6032
vn 0.0000 1.0000 0.0000
f 6321//6033 6369//6033 6370//6033 6322//6033
vn 0.0000 1.0000 0.0000
f 6322//6034 6370//6034 6371//6034 6323//6034
vn 0.0000 1.0000 0.0000
f 6323//6035 6371//6035 6372//6035 6324//6035
vn 0.0000 1.0000 0.0000
f 6324//6036 6372//6036 6325//6036 6277//6036
vn 0.0000 1.0000 0.0000
f 6325//6037 6373//6037 6374//6037 6326//6037
vn 0.0000 1.0000 0.0000
f 6326//6038 6374//6038 6375//6038 6327//6038
vn 0.0000 1.0000 0.0000
f 6327//6039 6375//6039 6376//6039 6328//6039
vn 0.0000 1.0000 0.0000
f 6328//6040 6376//6040 6377//6040 6329//6040
vn 0.0000 1.0000 0.0000
f 6329//6041 6377//6041 6378//6041 6330//6041
vn 0.0000 1.0000 0.0000
f 6330//6042 6378//6042 6379//6042 6331//6042
vn 0.0000 1.0000 0.0000
f 6331//6043 6379//6043 6380//6043 6332//6043
vn 0.0000 1.0000 0.0000
f 6332//6044 6380//6044 6381//6044 6333//6044
vn 0.0000 1.0000 0.0000
f 6333//6045 6381//6045 6382//6045 6334//6045
vn 0.0000 1.0000 0.0000
f 6334//6046 6382//6046 6383//6046 6335//6046
vn 0.0000 1.0000 0.0000
f 6335//6047 6383//6047 6384//6047 6336//6047
vn 0.0000 1.0000 0.0000
f 6336//6048 6384//6048 6385//6048 6337//6048
vn 0.0000 1.0000 0.0000
f 6337//6049 6385//6049 6386//6049 6338//6049
vn 0.0000 1.0000 0.0000
f 6338//6050 6386//6050 6387//6050 6339//6050
vn 0.0000 1.0000 0.0000
f 6339//6051 6387//6051 6388//6051 6340//6051
vn 0.0000 1.0000 0.0000
f 6340//6052 6388//6052 6389//6052 6341//6052
vn 0.0000 1.0000 0.0000
f 6341//6053 6389//6053 6390//6053 6342//6053
vn 0.0000 1.0000 0.0000
f 6342//6054 6390//6054 6391//6054 6343//6054
vn 0.0000 1.0000 0.0000
f 6343//6055 6391//6055 6392//6055 6344//6055
vn 0.0000 1.0000 0.0000
f 6344//6056 6392//6056 6393//6056 6345//6056
vn 0.0000 1.0000 0.0000
f 6345//6057 6393//6057 6394//6057 6346//6057
vn 0.0000 1.0000 0.0000
f 6346//6058 6394//6058 6395//6058 6347//6058
vn 0.0000 1.0000 0.0000
f 6347//6059 6395//6059 6396//6059 6348//6059
vn 0.0000 1.0000 0.0000
f 6348//6060 6396//6060 6397//6060 6349//6060
vn 0.0000 1.0000 0.0000
f 6349//6061 6397//6061 6398//6061 6350//6061
vn 0.0000 1.0000 0.0000
f 6350//6062 6398//6062 6399//6062 6351//6062
vn 0.0000 1.0000 0.0000
f 6351//6063 6399//6063 6400//6063 6352//6063
vn 0.0000 1.0000 0.0000
f 6352//6064 6400//6064 6401//6064 6353//6064
vn 0.0000 1.0000 0.0000
f 6353//6065 6401//6065 6402//6065 6354//6065
vn 0.0000 1.0000 0.0000
f 6354//6066 6402//6066 6403//6066 6355//6066
vn 0.0000 1.0000 0.0000
f 6355//6067 6403//6067 6404//6067 6356//6067
vn 0.0000 1.0000 0.0000
f 6356//6068 6404//6068 6405//6068 6357//6068
vn 0.0000 1.0000 0.0000
f 6357//6069 6405//6069 6406//6069 6358//6069
vn 0.0000 1.0000 0.0000
f 6358//6070 6406//6070 6407//6070 6359//6070
vn 0.0000 1.0000 0.0000
f 6359//6071 6407//6071 6408//6071 6360//6071
vn 0.0000 1.0000 0.0000
f 6360//6072 6408//6072 6409//6072 6361//6072
vn 0.0000 1.0000 0.0000
f 6361//6073 6409//6073 6410//6073 6362//6073
vn 0.0000 1.0000 0.0000
f 6362//6074 6410//6074 6411//6074 6363//6074
vn 0.0000 1.0000 0.0000
f 6363//6075 6411//6075 6412//6075 6364//6075
vn 0.0000 1.0000 0.0000
f 6364//6076 6412//6076 6413//6076 6365//6076
vn 0.0000 1.0000 0.0000
f 6365//6077 6413//6077 6414//6077 6366//6077
vn 0.0000 1.0000 0.0000
f 6366//6078 6414//6078 6415//6078 6367//6078
vn 0.0000 1.0000 0.0000
f 6367//6079 6415//6079 6416//6079 6368//6079
vn 0.0000 1.0000 0.0000
f 6368//6080 6416//6080 6417//6080 6369//6080
vn 0.0000 1.0000 0.0000
f 6369//6081 6417//6081 6418//6081 6370//6081
vn 0.0000 1.0000 0.0000
f 6370//6082 6418//6082 6419//6082 6371//6082
vn 0.0000 1.0000 0.0000
f 6371//6083 6419//6083 6420//6083 6372//6083
vn 0.0000 1.0000 0.0000
f 6372//6084 6420//6084 6373//6084 6325//6084
vn 0.0000 1.0000 0.0000
f 6373//6085 6421//6085 6422//6085 6374//6085
vn 0.0000 1.0000 0.0000
f 6374//6086 6422//6086 6423//6086 6375//6086
vn 0.0000 1.0000 0.0000
f 6375//6087 6423//6087 6424//6087 6376//6087
vn 0.0000 1.0000 0.0000
f 6376//6088 6424//6088 6425//6088 6377//6088
vn 0.0000 1.0000 0.0000
f 6377//6089 6425//6089 6426//6089 6378//6089
vn 0.0000 1.0000 0.0000
f 6378//6090 6426//6090 6427//6090 6379//6090
vn 0.0000 1.0000 0.0000
f 6379//6091 6427//6091 6428//6091 6380//6091
vn 0.0000 1.0000 0.0000
f 6380//6092 6428//6092 6429//6092 6381//6092
vn 0.0000 1.0000 0.0000
f 6381//6093 6429//6093 6430//6093 6382//6093
vn 0.0000 1.0000 0.0000
f 6382//6094 6430//6094 6431//6094 6383//6094
vn 0.0000 1.0000 0.0000
f 6383//6095 6431//6095 6432//6095 6384//6095
vn 0.0000 1.0000 0.0000
f 6384//6096 6432//6096 6433//6096 6385//6096
vn 0.0000 1.0000 0.0000
f 6385//6097 6433//6097 6434//6097 6386//6097
vn 0.0000 1.0000 0.0000
f 6386//6098 6434//6098 6435//6098 6387//6098
vn 0.0000 1.0000 0.0000
f 6387//6099 6435//6099 6436//6099 6388//6099
vn 0.0000 1.0000 0.0000
f 6388//6100 6436//6100 6437//6100 6389//6100
vn 0.0000 1.0000 0.0000
f 6389//6101 6437//6101 6438//6101 6390//6101
vn 0.0000 1.0000 0.0000
f 6390//6102 6438//6102 6439//6102 6391//6102
vn 0.0000 1.0000 0.0000
f 6391//6103 6439//6103 6440//6103 6392//6103
vn 0.0000 1.0000 0.0000
f 6392//6104 6440//6104 6441//6104 6393//6104
vn 0.0000 1.0000 0.0000
f 6393//6105 6441//6105 6442//6105 6394//6105
vn 0.0000 1.0000 0.0000
f 6394//6106 6442//6106 6443//6106 6395//6106
vn 0.0000 1.0000 0.0000
f 6395//6107 6443//6107 6444//6107 6396//6107
vn 0.0000 1.0000 0.0000
f 6396//6108 6444//6108 6445//6108 6397//6108
vn 0.0000 1.0000 0.0000
f 6397//6109 6445//6109 6446//6109 6398//6109
vn 0.0000 1.0000 0.0000
f 6398//6110 6446//6110 6447//6110 6399//6110
vn 0.0000 1.0000 0.0000
f 6399//6111 6447//6111 6448//6111 6400//6111
vn 0.0000 1.0000 0.0000
f 6400//6112 6448//6112 6449//6112 6401//6112
vn 0.0000 1.0000 0.0000
f 6401//6113 6449//6113 6450//6113 6402//6113
vn 0.0000 1.0000 0.0000
f 6402//6114 6450//6114 6451//6114 6403//6114
vn 0.0000 1.0000 0.0000
f 6403//6115 6451//6115 6452//6115 6404//6115
vn 0.0000 1.0000 0.0000
f 6404//6116 6452//6116 6453//6116 6405//6116
vn 0.0000 1.0000 0.0000
f 6405//6117 6453//6117 6454//6117 6406//6117
vn 0.0000 1.0000 0.0000
f 6406//6118 6454//6118 6455//6118 6407//6118
vn 0.0000 1.0000 0.0000
f 6407//6119 6455//6119 6456//6119 6408//6119
vn 0.0000 1.0000 0.0000
f 6408//6120 6456//6120 6457//6120 6409//6120
vn 0.0000 1.0000 0.0000
f 6409//6121 6457//6121 6458//6121 6410//6121
vn 0.0000 1.0000 0.0000
f 6410//6122 6458//6122 6459//6122 6411//6122
vn 0.0000 1.0000 0.0000
f 6411//6123 6459//6123 6460//6123 6412//6123
vn 0.0000 1.0000 0.0000
f 6412//6124 6460//6124 6461//6124 6413//6124
vn 0.0000 1.0000 0.0000
f 6413//6125 6461//6125 6462//6125 6414//6125
vn 0.0000 1.0000 0.0000
f 6414//6126 6462//6126 6463//6126 6415//6126
vn 0.0000 1.0000 0.0000
f 6415//6127 6463//6127 6464//6127 6416//6127
vn 0.0000 1.0000 0.0000
f 6416//6128 6464//6128 6465//6128 6417//6128
vn 0.0000 1.0000 0.0000
f 6417//6129 6465//6129 6466//6129 6418//6129
vn 0.0000 1.0000 0.0000
f 6418//6130 6466//6130 6467//6130 6419//6130
vn 0.0000 1.0000 0.0000
f 6419//6131 6467//6131 6468//6131 6420//6131
vn 0.0000 1.0000 0.0000
f 6420//6132 6468//6132 6421//6132 6373//6132
vn 0.3153 0.0000 0.9490
usemtl trunk
f 6469//6133 6471//6133 6472//6133 6470//6133
vn -0.4481 0.0000 0.8940
f 6471//6134 6473//6134 6474//6134 6472//6134
vn -0.9490 0.0000 0.3153
f 6473//6135 6475//6135 6476//6135 6474//6135
vn -0.8940 0.0000 -0.4481
f 6475//6136 6477//6136 6478//6136 6476//6136
vn -0.3153 0.0000 -0.9490
f 6477//6137 6479//6137 6480//6137 6478//6137
vn 0.4481 0.0000 -0.8940
f 6479//6138 6481//6138 6482//6138 6480//6138
vn 0.9490 0.0000 -0.3153
f 6481//6139 6483//6139 6484//6139 6482//6139
vn 0.8940 0.0000 0.4481
f 6483//6140 6469//6140 6470//6140 6484//6140
vn 0.0000 1.0000 0.0000
f 6485//6141 6471//6141 6469//6141
vn 0.0000 -1.0000 0.0000
f 6486//6142 6470//6142 6472//6142
vn 0.0000 1.0000 0.0000
f 6485//6143 6473//6143 6471//6143
vn 0.0000 -1.0000 0.0000
f 6486//6144 6472//6144 6474//6144
vn 0.0000 1.0000 0.0000
f 6485//6145 6475//6145 6473//6145
vn 0.0000 -1.0000 0.0000
f 6486//6146 6474//6146 6476//6146
vn 0.0000 1.0000 0.0000
f 6485//6147 6477//6147 6475//6147
vn 0.0000 -1.0000 0.0000
f 6486//6148 6476//6148 6478//6148
vn 0.0000 1.0000 0.0000
f 6485//6149 6479//6149 6477//6149
vn 0.0000 -1.0000 0.0000
f 6486//6150 6478//6150 6480//6150
vn 0.0000 1.0000 0.0000
f 6485//6151 6481//6151 6479//6151
vn 0.0000 -1.0000 0.0000
f 6486//6152 6480//6152 6482//6152
vn 0.0000 1.0000 0.0000
f 6485//6153 6483//6153 6481//6153
vn 0.0000 -1.0000 0.0000
f 6486//6154 6482//6154 6484//6154
vn 0.0000 1.0000 0.0000
f 6485//6155 6469//6155 6483//6155
vn 0.0000 -1.0000 0.0000
f 6486//6156 6484//6156 6470//6156
o front_bush_boxwood_2
v -2.3206 0.7935 5.9000
v -2.3206 0.8044 5.9000
v -2.3206 0.8031 5.9000
v -2.3206 0.8057 5.9000
v -2.3206 0.7955 5.9000
v -2.3206 0.7995 5.9000
v -2.3206 0.7993 5.9000
v -2.3206 0.7986 5.9000
v -2.3206 0.8065 5.9000
v -2.3206 0.7983 5.9000
v -2.3206 0.7934 5.9000
v -2.3206 0.7912 5.9000
v -2.3206 0.7961 5.9000
v -2.3206 0.8021 5.9000
v -2.3206 0.8014 5.9000
v -2.3206 0.8066 5.9000
v -2.3206 0.8027 5.9000
v -2.3206 0.7992 5.9000
v -2.3206 0.7946 5.9000
v -2.3206 0.8009 5.9000
v -2.3206 0.7980 5.9000
v -2.3206 0.7983 5.9000
v -2.3206 0.7966 5.9000
v -2.3206 0.8045 5.9000
v -2.3206 0.7954 5.9000
v -2.3206 0.7939 5.9000
v -2.3206 0.7986 5.9000
v -2.3206 0.7938 5.9000
v -2.3206 0.7981 5.9000
v -2.3206 0.8100 5.9000
v -2.3206 0.7974 5.9000
v -2.3206 0.7941 5.9000
v -2.3206 0.7929 5.9000
v -2.3206 0.7951 5.9000
v -2.3206 0.7969 5.9000
v -2.3206 0.7986 5.9000
v -2.3206 0.8010 5.9000
v -2.3206 0.7987 5.9000
v -2.3206 0.7918 5.9000
v -2.3206 0.8038 5.9000
v -2.3206 0.8144 5.9000
v -2.3206 0.8053 5.9000
v -2.3206 0.7961 5.9000
v -2.3206 0.7947 5.9000
v -2.3206 0.7936 5.9000
v -2.3206 0.8039 5.9000
v -2.3206 0.8017 5.9000
v -2.3206 0.8058 5.9000
v -2.3643 0.7965 5.8774
v -2.3618 0.8062 5.8713
v -2.3581 0.8109 5.8658
v -2.3533 0.8104 5.8613
v -2.3476 0.8046 5.8579
v -2.3412 0.7887 5.8562
v -2.3354 0.7930 5.8534
v -2.3294 0.8020 5.8510
v -2.3229 0.8045 5.8500
v -2.3164 0.8033 5.8502
v -2.3101 0.7957 5.8520
v -2.3041 0.7916 5.8541
v -2.2979 0.7988 5.8560
v -2.2921 0.8034 5.8590
v -2.2874 0.7975 5.8635
v -2.2824 0.8043 5.8677
v -2.2787 0.8020 5.8731
v -2.2758 0.7993 5.8789
v -2.2735 0.7982 5.8850
v -2.2723 0.7952 5.8913
v -2.2713 0.7972 5.8977
v -2.2709 0.8027 5.9042
v -2.2717 0.8046 5.9107
v -2.2741 0.7979 5.9168
v -2.2765 0.7999 5.9228
v -2.2799 0.7994 5.9283
v -2.2842 0.7969 5.9332
v -2.2886 0.8003 5.9379
v -2.2940 0.7968 5.9415
v -2.2993 0.8048 5.9453
v -2.3056 0.7990 5.9472
v -2.3119 0.7980 5.9486
v -2.3183 0.7932 5.9489
v -2.3248 0.7974 5.9492
v -2.3311 0.7973 5.9482
v -2.3374 0.7985 5.9465
v -2.3433 0.7995 5.9440
v -2.3489 0.8002 5.9407
v -2.3535 0.7932 5.9362
v -2.3588 0.8040 5.9323
v -2.3632 0.8093 5.9273
v -2.3666 0.8119 5.9216
v -2.3675 0.7965 5.9150
v -2.3691 0.7963 5.9087
v -2.3698 0.7961 5.9023
v -2.3694 0.7937 5.8959
v -2.3694 0.8035 5.8893
v -2.3678 0.8054 5.8830
v -2.4091 0.7959 5.8543
v -2.4033 0.8012 5.8425
v -2.3952 0.8020 5.8321
v -2.3854 0.7996 5.8233
v -2.3747 0.7987 5.8157
v -2.3627 0.7927 5.8104
v -2.3511 0.8000 5.8043
v -2.3384 0.8004 5.8010
v -2.3253 0.7974 5.8002
v -2.3121 0.8016 5.7995
v -2.2995 0.7931 5.8032
v -2.2872 0.7898 5.8075
v -2.2755 0.7889 5.8128
v -2.2639 0.7943 5.8185
v -2.2527 0.8017 5.8254
v -2.2441 0.7982 5.8354
v -2.2359 0.8009 5.8456
v -2.2299 0.7989 5.8574
v -2.2244 0.8023 5.8693
v -2.2218 0.7994 5.8823
v -2.2201 0.8005 5.8953
v -2.2204 0.8004 5.9085
v -2.2225 0.7999 5.9214
v -2.2270 0.7954 5.9338
v -2.2320 0.7962 5.9458
v -2.2381 0.8000 5.9574
v -2.2446 0.8110 5.9692
v -2.2555 0.8020 5.9771
v -2.2659 0.8039 5.9853
v -2.2776 0.8028 5.9915
v -2.2906 0.7914 5.9940
v -2.3030 0.7970 5.9983
v -2.3159 0.7971 5.9998
v -2.3291 0.8011 6.0003
v -2.3421 0.8018 5.9985
v -2.3545 0.7979 5.9941
v -2.3661 0.7930 5.9880
v -2.3784 0.8034 5.9831
v -2.3893 0.8074 5.9754
v -2.3986 0.8074 5.9658
v -2.4072 0.8116 5.9555
v -2.4134 0.8098 5.9436
v -2.4169 0.8026 5.9307
v -2.4193 0.7990 5.9177
v -2.4212 0.8012 5.9047
v -2.4191 0.7922 5.8917
v -2.4182 0.7974 5.8787
v -2.4137 0.7925 5.8665
v -2.4569 0.7981 5.8296
v -2.4475 0.8015 5.8118
v -2.4333 0.7947 5.7974
v -2.4203 0.8017 5.7819
v -2.4037 0.7994 5.7705
v -2.3870 0.8065 5.7587
v -2.3679 0.8050 5.7517
v -2.3479 0.8006 5.7482
v -2.3278 0.8017 5.7456
v -2.3075 0.8044 5.7451
v -2.2878 0.7992 5.7497
v -2.2680 0.8037 5.7540
v -2.2509 0.7930 5.7651
v -2.2322 0.8022 5.7730
v -2.2174 0.7975 5.7867
v -2.2026 0.8011 5.8004
v -2.1922 0.7952 5.8177
v -2.1827 0.7946 5.8352
v -2.1738 0.8001 5.8532
v -2.1700 0.7966 5.8730
v -2.1684 0.7946 5.8929
v -2.1666 0.8017 5.9130
v -2.1701 0.8002 5.9329
v -2.1779 0.7926 5.9515
v -2.1826 0.8042 5.9713
v -2.1922 0.8075 5.9893
v -2.2033 0.8146 6.0068
v -2.2204 0.8039 6.0186
v -2.2373 0.8008 6.0299
v -2.2564 0.7903 6.0366
v -2.2746 0.7919 6.0443
v -2.2938 0.7923 6.0492
v -2.3135 0.7946 6.0522
v -2.3335 0.7986 6.0531
v -2.3535 0.8007 6.0507
v -2.3720 0.7923 6.0426
v -2.3909 0.7970 6.0360
v -2.4086 0.8001 6.0265
v -2.4255 0.8053 6.0151
v -2.4391 0.8033 6.0001
v -2.4519 0.8062 5.9842
v -2.4599 0.7997 5.9655
v -2.4688 0.8047 5.9472
v -2.4733 0.8035 5.9274
v -2.4728 0.7949 5.9071
v -2.4713 0.7913 5.8873
v -2.4672 0.7875 5.8680
v -2.4607 0.7840 5.8495
v -2.5091 0.8003 5.8026
v -2.4930 0.7956 5.7800
v -2.4774 0.8000 5.7572
v -2.4576 0.8009 5.7377
v -2.4357 0.8028 5.7205
v -2.4122 0.8075 5.7052
v -2.3851 0.8010 5.6976
v -2.3584 0.8049 5.6892
v -2.3304 0.7943 5.6907
v -2.3031 0.7918 5.6923
v -2.2751 0.8023 5.6919
v -2.2490 0.7982 5.7013
v -2.2245 0.7940 5.7140
v -2.2001 0.7977 5.7268
v -2.1794 0.7949 5.7449
v -2.1593 0.7981 5.7638
v -2.1446 0.7932 5.7871
v -2.1299 0.7970 5.8104
v -2.1182 0.8009 5.8355
v -2.1127 0.7982 5.8627
v -2.1081 0.8017 5.8901
v -2.1109 0.7964 5.9177
v -2.1176 0.7903 5.9443
v -2.1224 0.7969 5.9714
v -2.1348 0.7935 5.9960
v -2.1465 0.8003 6.0211
v -2.1608 0.8093 6.0455
v -2.1831 0.8025 6.0628
v -2.2072 0.7955 6.0768
v -2.2322 0.7903 6.0880
v -2.2575 0.7907 6.0981
v -2.2835 0.7958 6.1069
v -2.3107 0.8014 6.1124
v -2.3385 0.8017 6.1120
v -2.3658 0.7990 6.1067
v -2.3920 0.7966 6.0981
v -2.4179 0.7998 6.0883
v -2.4405 0.7953 6.0723
v -2.4632 0.7996 6.0566
v -2.4841 0.8044 6.0380
v -2.4988 0.7992 6.0143
v -2.5106 0.7951 5.9893
v -2.5236 0.8024 5.9647
v -2.5329 0.8084 5.9381
v -2.5321 0.7994 5.9099
v -2.5303 0.7964 5.8823
v -2.5215 0.7853 5.8561
v -2.5132 0.7833 5.8306
v -2.5619 0.7913 5.7753
v -2.5431 0.7903 5.7452
v -2.5211 0.7904 5.7174
v -2.4945 0.7875 5.6941
v -2.4708 0.8028 5.6658
v -2.4402 0.8080 5.6455
v -2.4054 0.8048 5.6338
v -2.3694 0.7993 5.6281
v -2.3332 0.7863 5.6315
v -2.2981 0.7848 5.6330
v -2.2622 0.7951 5.6325
v -2.2274 0.7968 5.6415
v -2.1952 0.7940 5.6573
v -2.1663 0.7888 5.6782
v -2.1396 0.7863 5.7013
v -2.1141 0.7888 5.7257
v -2.0875 0.8005 5.7505
v -2.0685 0.8033 5.7815
v -2.0559 0.8021 5.8156
v -2.0489 0.7991 5.8512
v -2.0467 0.7958 5.8872
v -2.0539 0.7843 5.9225
v -2.0584 0.7856 5.9573
v -2.0655 0.7904 5.9920
v -2.0789 0.7920 6.0249
v -2.0926 0.8020 6.0586
v -2.1151 0.8023 6.0871
v -2.1416 0.8015 6.1120
v -2.1730 0.7944 6.1302
v -2.2052 0.7908 6.1456
v -2.2381 0.7915 6.1590
v -2.2724 0.7930 6.1683
v -2.3078 0.7939 6.1729
v -2.3436 0.7948 6.1727
v -2.3783 0.7892 6.1643
v -2.4124 0.7898 6.1548
v -2.4440 0.7862 6.1388
v -2.4774 0.7965 6.1255
v -2.5068 0.7998 6.1045
v -2.5318 0.7997 6.0783
v -2.5488 0.7904 6.0464
v -2.5721 0.8022 6.0182
v -2.5842 0.8001 5.9840
v -2.5960 0.8055 5.9494
v -2.5993 0.8042 5.9130
v -2.5910 0.7907 5.8772
v -2.5827 0.7853 5.8427
v -2.5694 0.7787 5.8103
v -2.6172 0.7761 5.7468
v -2.5920 0.7718 5.7112
v -2.5667 0.7748 5.6759
v -2.5376 0.7797 5.6430
v -2.5058 0.7888 5.6113
v -2.4694 0.7981 5.5835
v -2.4274 0.8009 5.5649
v -2.3810 0.7869 5.5638
v -2.3364 0.7833 5.5614
v -2.2926 0.7751 5.5681
v -2.2489 0.7791 5.5718
v -2.2060 0.7817 5.5822
v -2.1673 0.7764 5.6033
v -2.1312 0.7731 5.6278
v -2.0960 0.7759 5.6533
v -2.0673 0.7729 5.6861
v -2.0327 0.7874 5.7154
v -2.0111 0.7874 5.7545
v -1.9945 0.7878 5.7961
v -1.9806 0.7922 5.8390
v -1.9802 0.7857 5.8841
v -1.9845 0.7810 5.9284
v -1.9902 0.7822 5.9722
v -2.0077 0.7745 6.0128
v -2.0229 0.7780 6.0538
v -2.0430 0.7821 6.0931
v -2.0718 0.7799 6.1266
v -2.1029 0.7811 6.1578
v -2.1351 0.7897 6.1893
v -2.1747 0.7887 6.2104
v -2.2172 0.7856 6.2246
v -2.2606 0.7843 6.2344
v -2.3048 0.7829 6.2383
v -2.3491 0.7830 6.2376
v -2.3922 0.7786 6.2279
v -2.4339 0.7766 6.2143
v -2.4763 0.7835 6.2013
v -2.5115 0.7768 6.1744
v -2.5473 0.7801 6.1489
v -2.5809 0.7856 6.1198
v -2.6108 0.7912 6.0861
v -2.6301 0.7875 6.0455
v -2.6478 0.7895 6.0043
v -2.6580 0.7886 5.9606
v -2.6646 0.7908 5.9161
v -2.6571 0.7815 5.8716
v -2.6394 0.7658 5.8303
v -2.6333 0.7742 5.7873
v -2.6601 0.7360 5.7246
v -2.6364 0.7388 5.6803
v -2.6110 0.7477 5.6355
v -2.5800 0.7580 5.5927
v -2.5390 0.7606 5.5595
v -2.4978 0.7738 5.5231
v -2.4473 0.7746 5.5025
v -2.3946 0.7764 5.4878
v -2.3395 0.7606 5.4960
v -2.2868 0.7575 5.4997
v -2.2370 0.7466 5.5172
v -2.1902 0.7387 5.5382
v -2.1414 0.7451 5.5531
v -2.1006 0.7394 5.5837
v -2.0549 0.7497 5.6083
v -2.0140 0.7571 5.6411
v -1.9814 0.7589 5.6825
v -1.9489 0.7675 5.7253
v -1.9230 0.7747 5.7733
v -1.9141 0.7700 5.8270
v -1.9149 0.7624 5.8810
v -1.9209 0.7569 5.9337
v -1.9331 0.7520 5.9847
v -1.9496 0.7495 6.0338
v -1.9751 0.7434 6.0785
v -2.0037 0.7403 6.1205
v -2.0284 0.7504 6.1661
v -2.0629 0.7550 6.2052
v -2.0982 0.7687 6.2467
v -2.1409 0.7803 6.2822
v -2.1933 0.7768 6.2994
v -2.2478 0.7689 6.3056
v -2.3021 0.7525 6.2967
v -2.3541 0.7536 6.2967
v -2.4048 0.7497 6.2855
v -2.4519 0.7414 6.2641
v -2.5019 0.7500 6.2508
v -2.5438 0.7455 6.2208
v -2.5862 0.7495 6.1916
v -2.6209 0.7480 6.1536
v -2.6616 0.7612 6.1187
v -2.6961 0.7721 6.0765
v -2.7165 0.7727 6.0262
v -2.7286 0.7717 5.9732
v -2.7263 0.7624 5.9190
v -2.7203 0.7568 5.8663
v -2.7029 0.7461 5.8165
v -2.6869 0.7439 5.7680
v -2.6909 0.6812 5.7087
v -2.6663 0.6849 5.6595
v -2.6381 0.6923 5.6108
v -2.6066 0.7045 5.5612
v -2.5710 0.7224 5.5096
v -2.5224 0.7317 5.4708
v -2.4656 0.7346 5.4449
v -2.4041 0.7300 5.4351
v -2.3422 0.7217 5.4375
v -2.2829 0.7094 5.4527
v -2.2278 0.6970 5.4751
v -2.1769 0.6872 5.5015
v -2.1263 0.6869 5.5239
v -2.0771 0.6895 5.5500
v -2.0277 0.6971 5.5784
v -1.9841 0.7019 5.6159
v -1.9316 0.7210 5.6505
v -1.8882 0.7348 5.6967
v -1.8671 0.7331 5.7555
v -1.8555 0.7301 5.8165
v -1.8584 0.7215 5.8784
v -1.8801 0.7033 5.9372
v -1.8951 0.6976 5.9930
v -1.9248 0.6846 6.0427
v -1.9472 0.6842 6.0929
v -1.9751 0.6848 6.1404
v -2.0043 0.6908 6.1880
v -2.0359 0.7027 6.2372
v -2.0696 0.7234 6.2913
v -2.1169 0.7356 6.3333
v -2.1741 0.7388 6.3596
v -2.2366 0.7329 6.3683
v -2.2995 0.7128 6.3523
v -2.3570 0.6953 6.3314
v -2.4120 0.6913 6.3185
v -2.4661 0.6919 6.3036
v -2.5137 0.6845 6.2737
v -2.5619 0.6863 6.2469
v -2.6042 0.6851 6.2115
v -2.6606 0.7059 6.1871
v -2.7078 0.7191 6.1483
v -2.7500 0.7318 6.1018
v -2.7763 0.7352 6.0452
v -2.7810 0.7259 5.9826
v -2.7707 0.7108 5.9210
v -2.7628 0.7048 5.8627
v -2.7441 0.6958 5.8075
v -2.7271 0.6946 5.7534
v -2.6963 0.6077 5.7059
v -2.6758 0.6145 5.6529
v -2.6499 0.6233 5.6001
v -2.6200 0.6362 5.5454
v -2.5812 0.6491 5.4936
v -2.5331 0.6607 5.4480
v -2.4759 0.6689 5.4128
v -2.4107 0.6679 5.3982
v -2.3437 0.6569 5.4066
v -2.2812 0.6392 5.4333
v -2.2252 0.6243 5.4634
v -2.1742 0.6137 5.4940
v -2.1217 0.6149 5.5150
v -2.0688 0.6202 5.5380
v -2.0213 0.6227 5.5713
v -1.9661 0.6361 5.6007
v -1.9145 0.6489 5.6396
v -1.8635 0.6646 5.6851
v -1.8320 0.6699 5.7443
v -1.8176 0.6687 5.8097
v -1.8300 0.6549 5.8771
v -1.8598 0.6351 5.9389
v -1.8837 0.6245 5.9954
v -1.9099 0.6172 6.0481
v -1.9360 0.6147 6.0987
v -1.9617 0.6176 6.1496
v -1.9950 0.6198 6.1965
v -2.0243 0.6329 6.2509
v -2.0561 0.6541 6.3124
v -2.1035 0.6683 6.3619
v -2.1633 0.6736 6.3936
v -2.2309 0.6666 6.4000
v -2.2983 0.6459 6.3776
v -2.3594 0.6341 6.3594
v -2.4160 0.6244 6.3367
v -2.4701 0.6201 6.3147
v -2.5216 0.6180 6.2890
v -2.5723 0.6200 6.2618
v -2.6225 0.6253 6.2315
v -2.6788 0.6394 6.2024
v -2.7295 0.6512 6.1622
v -2.7795 0.6659 6.1157
v -2.8194 0.6774 6.0590
v -2.8115 0.6602 5.9881
v -2.7986 0.6462 5.9223
v -2.7833 0.6364 5.8610
v -2.7636 0.6288 5.8032
v -2.7416 0.6247 5.7482
v -2.7078 0.5462 5.6999
v -2.6868 0.5516 5.6452
v -2.6573 0.5566 5.5933
v -2.6233 0.5639 5.5415
v -2.5895 0.5792 5.4807
v -2.5422 0.5913 5.4286
v -2.4810 0.5952 5.3967
v -2.4130 0.5923 5.3855
v -2.3441 0.5815 5.3982
v -2.2802 0.5698 5.4213
v -2.2226 0.5584 5.4516
v -2.1697 0.5510 5.4814
v -2.1213 0.5452 5.5143
v -2.0667 0.5509 5.5349
v -2.0158 0.5551 5.5653
v -1.9529 0.5702 5.5896
v -1.8982 0.5812 5.6291
v -1.8494 0.5912 5.6785
v -1.8115 0.5984 5.7378
v -1.8033 0.5938 5.8072
v -1.8148 0.5836 5.8764
v -1.8388 0.5715 5.9407
v -1.8697 0.5598 5.9985
v -1.9052 0.5492 6.0498
v -1.9361 0.5446 6.0987
v -1.9650 0.5448 6.1474
v -1.9868 0.5545 6.2040
v -2.0181 0.5637 6.2583
v -2.0528 0.5781 6.3176
v -2.0968 0.5941 6.3762
v -2.1551 0.6041 6.4193
v -2.2282 0.5924 6.4148
v -2.2974 0.5783 6.3958
v -2.3602 0.5650 6.3696
v -2.4190 0.5595 6.3503
v -2.4699 0.5484 6.3141
v -2.5230 0.5489 6.2918
v -2.5725 0.5490 6.2621
v -2.6228 0.5531 6.2319
v -2.6848 0.5678 6.2075
v -2.7355 0.5765 6.1661
v -2.7975 0.5945 6.1242
v -2.8315 0.5994 6.0628
v -2.8291 0.5890 5.9913
v -2.8185 0.5794 5.9233
v -2.7935 0.5667 5.8601
v -2.7747 0.5615 5.8008
v -2.7492 0.5567 5.7455
v -2.7083 0.4831 5.6997
v -2.6823 0.4848 5.6484
v -2.6549 0.4892 5.5955
v -2.6289 0.4992 5.5348
v -2.5910 0.5080 5.4784
v -2.5414 0.5150 5.4302
v -2.4863 0.5253 5.3802
v -2.4154 0.5219 5.3717
v -2.3441 0.5086 5.3981
v -2.2800 0.5010 5.4190
v -2.2223 0.4924 5.4502
v -2.1710 0.4850 5.4850
v -2.1181 0.4850 5.5081
v -2.0659 0.4869 5.5338
v -2.0110 0.4922 5.5601
v -1.9553 0.4992 5.5915
v -1.9023 0.5065 5.6317
v -1.8386 0.5203 5.6734
v -1.8020 0.5247 5.7347
v -1.8000 0.5188 5.8066
v -1.8173 0.5092 5.8765
v -1.8378 0.5017 5.9407
v -1.8662 0.4942 5.9993
v -1.8992 0.4876 6.0519
v -1.9361 0.4818 6.0987
v -1.9565 0.4859 6.1533
v -1.9866 0.4891 6.2042
v -2.0112 0.4998 6.2665
v -2.0490 0.5089 6.3235
v -2.0965 0.5180 6.3768
v -2.1556 0.5244 6.4177
v -2.2269 0.5193 6.4218
v -2.2967 0.5121 6.4109
v -2.3615 0.5025 6.3849
v -2.4189 0.4925 6.3501
v -2.4708 0.4856 6.3166
v -2.5208 0.4830 6.2874
v -2.5749 0.4866 6.2656
v -2.6289 0.4914 6.2386
v -2.6825 0.4975 6.2056
v -2.7351 0.5047 6.1658
v -2.7971 0.5179 6.1240
v -2.8320 0.5218 6.0630
v -2.8420 0.5191 5.9936
v -2.8245 0.5094 5.9236
v -2.7962 0.4989 5.8599
v -2.7770 0.4950 5.8003
v -2.7474 0.4898 5.7461
v -2.7163 0.4269 5.6956
v -2.6853 0.4266 5.6463
v -2.6575 0.4295 5.5932
v -2.6224 0.4325 5.5426
v -2.5896 0.4402 5.4806
v -2.5455 0.4479 5.4215
v -2.4874 0.4530 5.3767
v -2.4146 0.4487 5.3765
v -2.3443 0.4427 5.3923
v -2.2805 0.4347 5.4252
v -2.2221 0.4309 5.4493
v -2.1687 0.4276 5.4785
v -2.1180 0.4259 5.5078
v -2.0695 0.4255 5.5390
v -2.0133 0.4297 5.5626
v -1.9562 0.4348 5.5923
v -1.8961 0.4417 5.6278
v -1.8463 0.4467 5.6770
v -1.8030 0.4515 5.7351
v -1.8032 0.4471 5.8071
v -1.8194 0.4411 5.8766
v -1.8416 0.4358 5.9404
v -1.8763 0.4293 5.9971
v -1.9057 0.4258 6.0496
v -1.9309 0.4252 6.1014
v -1.9633 0.4244 6.1486
v -1.9837 0.4295 6.2068
v -2.0160 0.4336 6.2608
v -2.0489 0.4414 6.3236
v -2.0979 0.4466 6.3739
v -2.1557 0.4515 6.4174
v -2.2268 0.4484 6.4225
v -2.2965 0.4449 6.4163
v -2.3615 0.4371 6.3843
v -2.4173 0.4288 6.3426
v -2.4693 0.4252 6.3125
v -2.5184 0.4233 6.2828
v -2.5770 0.4278 6.2686
v -2.6334 0.4317 6.2435
v -2.6799 0.4332 6.2034
v -2.7371 0.4393 6.1671
v -2.7896 0.4452 6.1205
v -2.8353 0.4507 6.0640
v -2.8430 0.4484 5.9938
v -2.8270 0.4424 5.9237
v -2.7987 0.4356 5.8597
v -2.7647 0.4292 5.8030
v -2.7434 0.4279 5.7476
v -2.7192 0.3706 5.6940
v -2.6891 0.3706 5.6436
v -2.6505 0.3703 5.5996
v -2.6194 0.3724 5.5461
v -2.5873 0.3762 5.4841
v -2.5458 0.3806 5.4209
v -2.4852 0.3822 5.3834
v -2.4137 0.3803 5.3812
v -2.3439 0.3767 5.4024
v -2.2803 0.3744 5.4223
v -2.2221 0.3722 5.4491
v -2.1698 0.3701 5.4816
v -2.1192 0.3694 5.5102
v -2.0699 0.3694 5.5396
v -2.0200 0.3703 5.5700
v -1.9596 0.3735 5.5952
v -1.8977 0.3773 5.6288
v -1.8326 0.3818 5.6706
v -1.7933 0.3836 5.7320
v -1.7981 0.3808 5.8062
v -1.8173 0.3774 5.8765
v -1.8472 0.3739 5.9399
v -1.8789 0.3710 5.9965
v -1.9040 0.3699 6.0502
v -1.9284 0.3697 6.1026
v -1.9533 0.3704 6.1555
v -1.9826 0.3716 6.2078
v -2.0164 0.3734 6.2603
v -2.0521 0.3766 6.3187
v -2.0997 0.3794 6.3700
v -2.1560 0.3822 6.4166
v -2.2252 0.3819 6.4313
v -2.2966 0.3787 6.4131
v -2.3609 0.3743 6.3772
v -2.4186 0.3719 6.3487
v -2.4693 0.3693 6.3124
v -2.5221 0.3694 6.2900
v -2.5722 0.3696 6.2616
v -2.6257 0.3711 6.2350
v -2.6867 0.3744 6.2091
v -2.7321 0.3756 6.1639
v -2.7956 0.3801 6.1233
v -2.8342 0.3818 6.0637
v -2.8518 0.3819 5.9954
v -2.8355 0.3789 5.9241
v -2.8053 0.3753 5.8591
v -2.7639 0.3712 5.8031
v -2.7395 0.3702 5.7490
v -2.7186 0.3149 5.6944
v -2.6818 0.3149 5.6487
v -2.6575 0.3149 5.5932
v -2.6240 0.3149 5.5407
v -2.5880 0.3149 5.4831
v -2.5499 0.3149 5.4123
v -2.4881 0.3149 5.3743
v -2.4138 0.3149 5.3809
v -2.3437 0.3149 5.4065
v -2.2807 0.3149 5.4276
v -2.2231 0.3149 5.4535
v -2.1674 0.3149 5.4750
v -2.1153 0.3149 5.5027
v -2.0698 0.3149 5.5395
v -2.0197 0.3149 5.5696
v -1.9662 0.3149 5.6008
v -1.9049 0.3149 5.6334
v -1.8349 0.3149 5.6717
v -1.7919 0.3149 5.7315
v -1.7897 0.3149 5.8047
v -1.8169 0.3149 5.8765
v -1.8526 0.3149 5.9395
v -1.8800 0.3149 5.9963
v -1.9001 0.3149 6.0516
v -1.9331 0.3149 6.1002
v -1.9521 0.3149 6.1564
v -1.9877 0.3149 6.2032
v -2.0156 0.3149 6.2612
v -2.0552 0.3149 6.3139
v -2.0986 0.3149 6.3723
v -2.1529 0.3149 6.4263
v -2.2256 0.3149 6.4295
v -2.2968 0.3149 6.4099
v -2.3614 0.3149 6.3836
v -2.4183 0.3149 6.3474
v -2.4704 0.3149 6.3155
v -2.5223 0.3149 6.2904
v -2.5742 0.3149 6.2646
v -2.6225 0.3149 6.2315
v -2.6812 0.3149 6.2045
v -2.7408 0.3149 6.1695
v -2.8008 0.3149 6.1257
v -2.8388 0.3149 6.0651
v -2.8474 0.3149 5.9946
v -2.8353 0.3149 5.9241
v -2.7968 0.3149 5.8598
v -2.7687 0.3149 5.8021
v -2.7362 0.3149 5.7502
v -2.7157 0.2597 5.6958
v -2.6812 0.2603 5.6492
v -2.6517 0.2593 5.5985
v -2.6255 0.2562 5.5388
v -2.5895 0.2530 5.4808
v -2.5477 0.2486 5.4168
v -2.4869 0.2469 5.3780
v -2.4142 0.2491 5.3788
v -2.3440 0.2527 5.3998
v -2.2807 0.2560 5.4277
v -2.2234 0.2583 5.4550
v -2.1703 0.2599 5.4831
v -2.1163 0.2596 5.5046
v -2.0679 0.2600 5.5368
v -2.0131 0.2582 5.5623
v -1.9583 0.2560 5.5941
v -1.9039 0.2534 5.6328
v -1.8402 0.2490 5.6742
v -1.7977 0.2467 5.7334
v -1.7945 0.2485 5.8056
v -1.8234 0.2531 5.8768
v -1.8523 0.2565 5.9395
v -1.8791 0.2588 5.9965
v -1.9092 0.2606 6.0483
v -1.9243 0.2595 6.1048
v -1.9525 0.2592 6.1561
v -1.9889 0.2592 6.2021
v -2.0189 0.2568 6.2574
v -2.0528 0.2533 6.3176
v -2.0932 0.2485 6.3838
v -2.1537 0.2466 6.4237
v -2.2263 0.2486 6.4251
v -2.2972 0.2525 6.4017
v -2.3604 0.2562 6.3713
v -2.4185 0.2579 6.3482
v -2.4714 0.2597 6.3182
v -2.5258 0.2594 6.2971
v -2.5723 0.2602 6.2618
v -2.6184 0.2600 6.2270
v -2.6733 0.2576 6.1978
v -2.7400 0.2530 6.1690
v -2.8026 0.2488 6.1266
v -2.8497 0.2459 6.0686
v -2.8460 0.2486 5.9943
v -2.8220 0.2526 5.9234
v -2.8003 0.2551 5.8595
v -2.7683 0.2580 5.8022
v -2.7348 0.2602 5.7507
v -2.7132 0.2037 5.6971
v -2.6827 0.2040 5.6481
v -2.6576 0.2002 5.5931
v -2.6234 0.1968 5.5414
v -2.5920 0.1884 5.4768
v -2.5482 0.1803 5.4159
v -2.4879 0.1763 5.3751
v -2.4142 0.1816 5.3783
v -2.3442 0.1879 5.3956
v -2.2809 0.1961 5.4294
v -2.2231 0.1999 5.4535
v -2.1691 0.2025 5.4797
v -2.1176 0.2036 5.5070
v -2.0678 0.2036 5.5366
v -2.0170 0.2015 5.5666
v -1.9635 0.1974 5.5985
v -1.9029 0.1901 5.6321
v -1.8379 0.1807 5.6731
v -1.7968 0.1766 5.7331
v -1.7945 0.1804 5.8056
v -1.8198 0.1888 5.8766
v -1.8560 0.1976 5.9392
v -1.8866 0.2032 5.9948
v -1.9009 0.2027 6.0513
v -1.9263 0.2033 6.1037
v -1.9569 0.2035 6.1530
v -1.9878 0.2017 6.2031
v -2.0208 0.1980 6.2551
v -2.0511 0.1893 6.3201
v -2.0943 0.1811 6.3814
v -2.1534 0.1764 6.4247
v -2.2259 0.1801 6.4274
v -2.2974 0.1900 6.3960
v -2.3600 0.1970 6.3669
v -2.4182 0.1999 6.3466
v -2.4727 0.2021 6.3219
v -2.5219 0.2046 6.2896
v -2.5699 0.2051 6.2584
v -2.6168 0.2042 6.2253
v -2.6796 0.1967 6.2031
v -2.7410 0.1893 6.1696
v -2.8110 0.1786 6.1305
v -2.8511 0.1749 6.0691
v -2.8465 0.1805 5.9944
v -2.8188 0.1895 5.9233
v -2.7899 0.1964 5.8604
v -2.7663 0.2001 5.8026
v -2.7417 0.2023 5.7482
v -2.7151 0.1437 5.6962
v -2.6868 0.1429 5.6453
v -2.6620 0.1368 5.5891
v -2.6289 0.1306 5.5349
v -2.5940 0.1197 5.4738
v -2.5444 0.1121 5.4240
v -2.4853 0.1058 5.3833
v -2.4139 0.1112 5.3801
v -2.3439 0.1226 5.4019
v -2.2810 0.1335 5.4311
v -2.2245 0.1412 5.4600
v -2.1720 0.1460 5.4879
v -2.1207 0.1469 5.5130
v -2.0672 0.1438 5.5357
v -2.0162 0.1406 5.5657
v -1.9570 0.1314 5.5930
v -1.9000 0.1222 5.6303
v -1.8360 0.1084 5.6722
v -1.7948 0.1021 5.7324
v -1.7942 0.1087 5.8055
v -1.8161 0.1202 5.8764
v -1.8570 0.1355 5.9391
v -1.8804 0.1412 5.9962
v -1.9050 0.1445 6.0498
v -1.9341 0.1471 6.0997
v -1.9597 0.1454 6.1510
v -1.9825 0.1386 6.2079
v -2.0179 0.1340 6.2585
v -2.0461 0.1188 6.3280
v -2.0926 0.1082 6.3851
v -2.1556 0.1053 6.4178
v -2.2272 0.1111 6.4203
v -2.2971 0.1209 6.4026
v -2.3600 0.1343 6.3666
v -2.4177 0.1394 6.3446
v -2.4735 0.1410 6.3243
v -2.5227 0.1451 6.2912
v -2.5730 0.1445 6.2628
v -2.6184 0.1443 6.2270
v -2.6780 0.1345 6.2018
v -2.7481 0.1190 6.1742
v -2.8141 0.1046 6.1320
v -2.8456 0.1024 6.0673
v -2.8433 0.1101 5.9938
v -2.8151 0.1240 5.9231
v -2.7913 0.1328 5.8603
v -2.7700 0.1375 5.8018
v -2.7440 0.1413 5.7474
v -2.7061 0.0846 5.7008
v -2.6875 0.0777 5.6448
v -2.6607 0.0708 5.5903
v -2.6268 0.0630 5.5374
v -2.5895 0.0505 5.4807
v -2.5443 0.0358 5.4241
v -2.4844 0.0286 5.3859
v -2.4131 0.0369 5.3844
v -2.3435 0.0541 5.4091
v -2.2809 0.0645 5.4299
v -2.2231 0.0724 5.4536
v -2.1740 0.0855 5.4933
v -2.1211 0.0843 5.5139
v -2.0703 0.0823 5.5402
v -2.0117 0.0714 5.5608
v -1.9561 0.0617 5.5922
v -1.8959 0.0471 5.6276
v -1.8460 0.0366 5.6769
v -1.8060 0.0283 5.7360
v -1.8093 0.0392 5.8082
v -1.8231 0.0506 5.8767
v -1.8511 0.0648 5.9396
v -1.8821 0.0767 5.9958
v -1.9040 0.0799 6.0502
v -1.9362 0.0853 6.0986
v -1.9638 0.0842 6.1482
v -1.9829 0.0725 6.2075
v -2.0120 0.0610 6.2655
v -2.0510 0.0499 6.3204
v -2.0962 0.0349 6.3774
v -2.1571 0.0291 6.4130
v -2.2276 0.0356 6.4180
v -2.2971 0.0483 6.4019
v -2.3603 0.0646 6.3701
v -2.4176 0.0738 6.3439
v -2.4700 0.0811 6.3144
v -2.5230 0.0809 6.2918
v -2.5717 0.0816 6.2609
v -2.6215 0.0777 6.2304
v -2.6757 0.0682 6.1999
v -2.7432 0.0484 6.1711
v -2.7988 0.0345 6.1248
v -2.8357 0.0280 6.0641
v -2.8415 0.0340 5.9935
v -2.8102 0.0548 5.9229
v -2.7847 0.0677 5.8608
v -2.7596 0.0764 5.8041
v -2.7406 0.0780 5.7486
v -2.7044 0.0158 5.7017
v -2.6783 0.0132 5.6512
v -2.6572 0.0000 5.5935
v -2.6261 0.0000 5.5382
v -2.5825 0.0000 5.4917
v -2.5386 0.0000 5.4362
v -2.4765 0.0000 5.4109
v -2.4100 0.0000 5.4020
v -2.3433 0.0000 5.4137
v -2.2820 0.0000 5.4423
v -2.2267 0.0103 5.4702
v -2.1724 0.0124 5.4890
v -2.1229 0.0167 5.5174
v -2.0703 0.0114 5.5401
v -2.0189 0.0046 5.5687
v -1.9552 0.0000 5.5915
v -1.9052 0.0000 5.6336
v -1.8536 0.0000 5.6805
v -1.8276 0.0000 5.7429
v -1.8276 0.0000 5.8115
v -1.8301 0.0000 5.8771
v -1.8493 0.0000 5.9398
v -1.8836 0.0052 5.9955
v -1.9127 0.0146 6.0471
v -1.9461 0.0230 6.0935
v -1.9678 0.0173 6.1454
v -1.9929 0.0080 6.1984
v -2.0147 0.0000 6.2623
v -2.0510 0.0000 6.3203
v -2.1034 0.0000 6.3621
v -2.1608 0.0000 6.4014
v -2.2318 0.0000 6.3945
v -2.2976 0.0000 6.3925
v -2.3602 0.0000 6.3690
v -2.4168 0.0029 6.3402
v -2.4682 0.0134 6.3096
v -2.5176 0.0178 6.2812
v -2.5707 0.0117 6.2595
v -2.6179 0.0092 6.2264
v -2.6755 0.0000 6.1996
v -2.7302 0.0000 6.1627
v -2.7860 0.0000 6.1188
v -2.8218 0.0000 6.0597
v -2.8202 0.0000 5.9897
v -2.8047 0.0000 5.9226
v -2.7860 0.0000 5.8607
v -2.7592 0.0041 5.8042
v -2.7324 0.0118 5.7516
v -2.6913 0.0000 5.7085
v -2.6683 0.0000 5.6581
v -2.6423 0.0000 5.6071
v -2.6080 0.0000 5.5597
v -2.5679 0.0000 5.5144
v -2.5205 0.0000 5.4746
v -2.4665 0.0000 5.4421
v -2.4037 0.0000 5.4372
v -2.3418 0.0000 5.4472
v -2.2836 0.0000 5.4610
v -2.2284 0.0000 5.4781
v -2.1787 0.0000 5.5064
v -2.1327 0.0000 5.5362
v -2.0805 0.0000 5.5548
v -2.0263 0.0000 5.5768
v -1.9780 0.0000 5.6107
v -1.9267 0.0000 5.6474
v -1.8903 0.0000 5.6978
v -1.8681 0.0000 5.7558
v -1.8639 0.0000 5.8180
v -1.8669 0.0000 5.8788
v -1.8774 0.0000 5.9374
v -1.9005 0.0000 5.9918
v -1.9317 0.0000 6.0402
v -1.9509 0.0000 6.0910
v -1.9794 0.0000 6.1374
v -1.9993 0.0000 6.1926
v -2.0297 0.0000 6.2445
v -2.0710 0.0000 6.2891
v -2.1201 0.0000 6.3265
v -2.1746 0.0000 6.3583
v -2.2364 0.0000 6.3693
v -2.2990 0.0000 6.3611
v -2.3578 0.0000 6.3402
v -2.4115 0.0000 6.3161
v -2.4627 0.0000 6.2942
v -2.5090 0.0000 6.2647
v -2.5603 0.0000 6.2446
v -2.6128 0.0000 6.2208
v -2.6661 0.0000 6.1917
v -2.7136 0.0000 6.1521
v -2.7499 0.0000 6.1018
v -2.7815 0.0000 6.0469
v -2.7905 0.0000 5.9843
v -2.7764 0.0000 5.9213
v -2.7638 0.0000 5.8626
v -2.7432 0.0000 5.8077
v -2.7108 0.0000 5.7593
v -2.6681 0.0000 5.7204
v -2.6406 0.0000 5.6774
v -2.6124 0.0000 5.6343
v -2.5769 0.0000 5.5965
v -2.5424 0.0000 5.5541
v -2.4986 0.0000 5.5214
v -2.4478 0.0000 5.5008
v -2.3943 0.0000 5.4892
v -2.3395 0.0000 5.4950
v -2.2870 0.0000 5.5015
v -2.2376 0.0000 5.5200
v -2.1904 0.0000 5.5389
v -2.1452 0.0000 5.5605
v -2.0978 0.0000 5.5797
v -2.0554 0.0000 5.6087
v -2.0125 0.0000 5.6398
v -1.9761 0.0000 5.6790
v -1.9464 0.0000 5.7241
v -1.9285 0.0000 5.7751
v -1.9139 0.0000 5.8270
v -1.9165 0.0000 5.8811
v -1.9172 0.0000 5.9340
v -1.9409 0.0000 5.9830
v -1.9573 0.0000 6.0310
v -1.9769 0.0000 6.0776
v -2.0048 0.0000 6.1197
v -2.0302 0.0000 6.1644
v -2.0590 0.0000 6.2099
v -2.0983 0.0000 6.2465
v -2.1448 0.0000 6.2739
v -2.1950 0.0000 6.2942
v -2.2468 0.0000 6.3110
v -2.3016 0.0000 6.3067
v -2.3537 0.0000 6.2926
v -2.4027 0.0000 6.2759
v -2.4504 0.0000 6.2601
v -2.4949 0.0000 6.2373
v -2.5454 0.0000 6.2232
v -2.5888 0.0000 6.1945
v -2.6339 0.0000 6.1646
v -2.6620 0.0000 6.1190
v -2.6962 0.0000 6.0766
v -2.7161 0.0000 6.0260
v -2.7272 0.0000 5.9730
v -2.7282 0.0000 5.9191
v -2.7249 0.0000 5.8659
v -2.7062 0.0000 5.8157
v -2.6855 0.0000 5.7685
v -2.6198 0.0000 5.7454
v -2.5977 0.0000 5.7073
v -2.5721 0.0000 5.6709
v -2.5379 0.0000 5.6427
v -2.5070 0.0000 5.6094
v -2.4672 0.0000 5.5882
v -2.4257 0.0000 5.5701
v -2.3812 0.0000 5.5621
v -2.3365 0.0000 5.5607
v -2.2926 0.0000 5.5678
v -2.2500 0.0000 5.5768
v -2.2085 0.0000 5.5891
v -2.1686 0.0000 5.6057
v -2.1282 0.0000 5.6234
v -2.0917 0.0000 5.6487
v -2.0633 0.0000 5.6827
v -2.0304 0.0000 5.7139
v -2.0100 0.0000 5.7540
v -1.9905 0.0000 5.7948
v -1.9839 0.0000 5.8396
v -1.9828 0.0000 5.8842
v -1.9885 0.0000 5.9280
v -1.9914 0.0000 5.9719
v -2.0092 0.0000 6.0123
v -2.0263 0.0000 6.0520
v -2.0480 0.0000 6.0896
v -2.0713 0.0000 6.1270
v -2.0990 0.0000 6.1625
v -2.1358 0.0000 6.1881
v -2.1725 0.0000 6.2150
v -2.2150 0.0000 6.2314
v -2.2595 0.0000 6.2403
v -2.3046 0.0000 6.2428
v -2.3488 0.0000 6.2341
v -2.3906 0.0000 6.2205
v -2.4308 0.0000 6.2057
v -2.4734 0.0000 6.1956
v -2.5138 0.0000 6.1777
v -2.5515 0.0000 6.1535
v -2.5817 0.0000 6.1205
v -2.6086 0.0000 6.0847
v -2.6301 0.0000 6.0455
v -2.6427 0.0000 6.0027
v -2.6591 0.0000 5.9608
v -2.6615 0.0000 5.9159
v -2.6615 0.0000 5.8712
v -2.6479 0.0000 5.8285
v -2.6293 0.0000 5.7887
v -2.5612 0.0000 5.7757
v -2.5450 0.0000 5.7439
v -2.5247 0.0000 5.7141
v -2.4978 0.0000 5.6901
v -2.4681 0.0000 5.6700
v -2.4383 0.0000 5.6495
v -2.4051 0.0000 5.6350
v -2.3696 0.0000 5.6269
v -2.3334 0.0000 5.6257
v -2.2978 0.0000 5.6302
v -2.2637 0.0000 5.6397
v -2.2279 0.0000 5.6429
v -2.1958 0.0000 5.6585
v -2.1636 0.0000 5.6744
v -2.1382 0.0000 5.6997
v -2.1143 0.0000 5.7258
v -2.0893 0.0000 5.7516
v -2.0738 0.0000 5.7840
v -2.0566 0.0000 5.8159
v -2.0516 0.0000 5.8517
v -2.0478 0.0000 5.8872
v -2.0500 0.0000 5.9228
v -2.0602 0.0000 5.9569
v -2.0626 0.0000 5.9930
v -2.0731 0.0000 6.0279
v -2.0953 0.0000 6.0567
v -2.1178 0.0000 6.0847
v -2.1471 0.0000 6.1055
v -2.1721 0.0000 6.1315
v -2.2041 0.0000 6.1479
v -2.2362 0.0000 6.1648
v -2.2722 0.0000 6.1699
v -2.3080 0.0000 6.1696
v -2.3432 0.0000 6.1683
v -2.3784 0.0000 6.1647
v -2.4116 0.0000 6.1526
v -2.4452 0.0000 6.1412
v -2.4786 0.0000 6.1272
v -2.5089 0.0000 6.1067
v -2.5330 0.0000 6.0793
v -2.5506 0.0000 6.0475
v -2.5677 0.0000 6.0161
v -2.5793 0.0000 5.9824
v -2.5894 0.0000 5.9483
v -2.5928 0.0000 5.9127
v -2.5933 0.0000 5.8770
v -2.5889 0.0000 5.8414
v -2.5748 0.0000 5.8084
v -2.5085 0.0000 5.8029
v -2.4932 0.0000 5.7800
v -2.4770 0.0000 5.7575
v -2.4570 0.0000 5.7385
v -2.4368 0.0000 5.7189
v -2.4104 0.0000 5.7089
v -2.3849 0.0000 5.6984
v -2.3578 0.0000 5.6927
v -2.3305 0.0000 5.6876
v -2.3030 0.0000 5.6916
v -2.2757 0.0000 5.6945
v -2.2496 0.0000 5.7032
v -2.2234 0.0000 5.7118
v -2.2001 0.0000 5.7268
v -2.1787 0.0000 5.7442
v -2.1631 0.0000 5.7670
v -2.1442 0.0000 5.7868
v -2.1284 0.0000 5.8097
v -2.1182 0.0000 5.8355
v -2.1091 0.0000 5.8620
v -2.1096 0.0000 5.8901
v -2.1110 0.0000 5.9177
v -2.1148 0.0000 5.9450
v -2.1207 0.0000 5.9721
v -2.1319 0.0000 5.9975
v -2.1453 0.0000 6.0219
v -2.1660 0.0000 6.0408
v -2.1841 0.0000 6.0616
v -2.2076 0.0000 6.0762
v -2.2310 0.0000 6.0905
v -2.2550 0.0000 6.1060
v -2.2833 0.0000 6.1078
v -2.3108 0.0000 6.1090
v -2.3380 0.0000 6.1059
v -2.3647 0.0000 6.1018
v -2.3919 0.0000 6.0976
v -2.4176 0.0000 6.0878
v -2.4436 0.0000 6.0768
v -2.4640 0.0000 6.0574
v -2.4829 0.0000 6.0370
v -2.5010 0.0000 6.0157
v -2.5134 0.0000 5.9906
v -2.5247 0.0000 5.9650
v -2.5274 0.0000 5.9371
v -2.5285 0.0000 5.9097
v -2.5288 0.0000 5.8824
v -2.5255 0.0000 5.8552
v -2.5176 0.0000 5.8290
v -2.4551 0.0000 5.8305
v -2.4467 0.0000 5.8123
v -2.4351 0.0000 5.7957
v -2.4200 0.0000 5.7823
v -2.4042 0.0000 5.7696
v -2.3870 0.0000 5.7588
v -2.3673 0.0000 5.7533
v -2.3477 0.0000 5.7489
v -2.3278 0.0000 5.7454
v -2.3078 0.0000 5.7480
v -2.2875 0.0000 5.7485
v -2.2686 0.0000 5.7558
v -2.2501 0.0000 5.7635
v -2.2337 0.0000 5.7750
v -2.2165 0.0000 5.7857
v -2.2032 0.0000 5.8008
v -2.1933 0.0000 5.8184
v -2.1820 0.0000 5.8349
v -2.1715 0.0000 5.8525
v -2.1689 0.0000 5.8728
v -2.1676 0.0000 5.8928
v -2.1693 0.0000 5.9128
v -2.1728 0.0000 5.9323
v -2.1757 0.0000 5.9523
v -2.1832 0.0000 5.9710
v -2.1935 0.0000 5.9884
v -2.2059 0.0000 6.0045
v -2.2230 0.0000 6.0156
v -2.2374 0.0000 6.0298
v -2.2544 0.0000 6.0409
v -2.2737 0.0000 6.0471
v -2.2936 0.0000 6.0506
v -2.3135 0.0000 6.0524
v -2.3332 0.0000 6.0496
v -2.3531 0.0000 6.0489
v -2.3726 0.0000 6.0442
v -2.3926 0.0000 6.0393
v -2.4093 0.0000 6.0276
v -2.4250 0.0000 6.0147
v -2.4373 0.0000 5.9985
v -2.4501 0.0000 5.9830
v -2.4620 0.0000 5.9664
v -2.4694 0.0000 5.9474
v -2.4713 0.0000 5.9270
v -2.4720 0.0000 5.9071
v -2.4699 0.0000 5.8874
v -2.4695 0.0000 5.8675
v -2.4634 0.0000 5.8485
v -2.4075 0.0000 5.8551
v -2.4010 0.0000 5.8440
v -2.3934 0.0000 5.8337
v -2.3855 0.0000 5.8232
v -2.3749 0.0000 5.8154
v -2.3632 0.0000 5.8093
v -2.3511 0.0000 5.8042
v -2.3383 0.0000 5.8015
v -2.3253 0.0000 5.7989
v -2.3120 0.0000 5.7981
v -2.2991 0.0000 5.8016
v -2.2865 0.0000 5.8055
v -2.2740 0.0000 5.8099
v -2.2629 0.0000 5.8171
v -2.2539 0.0000 5.8267
v -2.2439 0.0000 5.8352
v -2.2374 0.0000 5.8466
v -2.2305 0.0000 5.8577
v -2.2245 0.0000 5.8694
v -2.2231 0.0000 5.8825
v -2.2202 0.0000 5.8953
v -2.2212 0.0000 5.9084
v -2.2220 0.0000 5.9216
v -2.2264 0.0000 5.9340
v -2.2302 0.0000 5.9467
v -2.2373 0.0000 5.9580
v -2.2471 0.0000 5.9669
v -2.2562 0.0000 5.9762
v -2.2668 0.0000 5.9839
v -2.2783 0.0000 5.9901
v -2.2902 0.0000 5.9954
v -2.3033 0.0000 5.9964
v -2.3160 0.0000 5.9993
v -2.3290 0.0000 6.0000
v -2.3423 0.0000 5.9992
v -2.3549 0.0000 5.9952
v -2.3675 0.0000 5.9907
v -2.3773 0.0000 5.9815
v -2.3877 0.0000 5.9737
v -2.3975 0.0000 5.9649
v -2.4052 0.0000 5.9542
v -2.4118 0.0000 5.9429
v -2.4180 0.0000 5.9310
v -2.4188 0.0000 5.9176
v -2.4195 0.0000 5.9046
v -2.4193 0.0000 5.8917
v -2.4177 0.0000 5.8788
v -2.4150 0.0000 5.8660
v -2.3644 0.0000 5.8773
v -2.3606 0.0000 5.8721
v -2.3570 0.0000 5.8669
v -2.3522 0.0000 5.8626
v -2.3472 0.0000 5.8585
v -2.3418 0.0000 5.8549
v -2.3357 0.0000 5.8525
v -2.3295 0.0000 5.8506
v -2.3229 0.0000 5.8502
v -2.3164 0.0000 5.8505
v -2.3100 0.0000 5.8513
v -2.3038 0.0000 5.8533
v -2.2977 0.0000 5.8557
v -2.2923 0.0000 5.8594
v -2.2879 0.0000 5.8641
v -2.2825 0.0000 5.8679
v -2.2790 0.0000 5.8733
v -2.2759 0.0000 5.8790
v -2.2743 0.0000 5.8853
v -2.2716 0.0000 5.8912
v -2.2706 0.0000 5.8977
v -2.2704 0.0000 5.9042
v -2.2714 0.0000 5.9108
v -2.2734 0.0000 5.9170
v -2.2768 0.0000 5.9226
v -2.2802 0.0000 5.9281
v -2.2840 0.0000 5.9333
v -2.2887 0.0000 5.9378
v -2.2937 0.0000 5.9419
v -2.2996 0.0000 5.9446
v -2.3058 0.0000 5.9464
v -2.3120 0.0000 5.9478
v -2.3183 0.0000 5.9491
v -2.3248 0.0000 5.9495
v -2.3313 0.0000 5.9488
v -2.3375 0.0000 5.9469
v -2.3436 0.0000 5.9446
v -2.3489 0.0000 5.9407
v -2.3541 0.0000 5.9368
v -2.3586 0.0000 5.9321
v -2.3620 0.0000 5.9266
v -2.3661 0.0000 5.9214
v -2.3679 0.0000 5.9151
v -2.3689 0.0000 5.9087
v -2.3699 0.0000 5.9023
v -2.3699 0.0000 5.8958
v -2.3689 0.0000 5.8894
v -2.3672 0.0000 5.8832
v -2.3206 0.0000 5.9000
v -2.3206 0.0000 5.9000
v -2.3206 0.0000 5.9000
v -2.3206 0.0000 5.9000
v -2.3206 0.0000 5.9000
v -2.3206 0.0000 5.9000
v -2.3206 0.0000 5.9000
v -2.3206 0.0000 5.9000
v -2.3206 0.0000 5.9000
v -2.3206 0.0000 5.9000
v -2.3206 0.0000 5.9000
v -2.3206 0.0000 5.9000
v -2.3206 0.0000 5.9000
v -2.3206 0.0000 5.9000
v -2.3206 0.0000 5.9000
v -2.3206 0.0000 5.9000
v -2.3206 0.0000 5.9000
v -2.3206 0.0000 5.9000
v -2.3206 0.0000 5.9000
v -2.3206 0.0000 5.9000
v -2.3206 0.0000 5.9000
v -2.3206 0.0000 5.9000
v -2.3206 0.0000 5.9000
v -2.3206 0.0000 5.9000
v -2.3206 0.0000 5.9000
v -2.3206 0.0000 5.9000
v -2.3206 0.0000 5.9000
v -2.3206 0.0000 5.9000
v -2.3206 0.0000 5.9000
v -2.3206 0.0000 5.9000
v -2.3206 0.0000 5.9000
v -2.3206 0.0000 5.9000
v -2.3206 0.0000 5.9000
v -2.3206 0.0000 5.9000
v -2.3206 0.0000 5.9000
v -2.3206 0.0000 5.9000
v -2.3206 0.0000 5.9000
v -2.3206 0.0000 5.9000
v -2.3206 0.0000 5.9000
v -2.3206 0.0000 5.9000
v -2.3206 0.0000 5.9000
v -2.3206 0.0000 5.9000
v -2.3206 0.0000 5.9000
v -2.3206 0.0000 5.9000
v -2.3206 0.0000 5.9000
v -2.3206 0.0000 5.9000
v -2.3206 0.0000 5.9000
v -2.3206 0.0000 5.9000
v -2.3455 0.0959 5.8872
v -2.3455 0.0000 5.8872
v -2.3291 0.0959 5.8733
v -2.3291 0.0000 5.8733
v -2.3078 0.0959 5.8751
v -2.3078 0.0000 5.8751
v -2.2939 0.0959 5.8915
v -2.2939 0.0000 5.8915
v -2.2957 0.0959 5.9128
v -2.2957 0.0000 5.9128
v -2.3121 0.0959 5.9267
v -2.3121 0.0000 5.9267
v -2.3334 0.0959 5.9249
v -2.3334 0.0000 5.9249
v -2.3473 0.0959 5.9085
v -2.3473 0.0000 5.9085
v -2.3206 0.0959 5.9000
v -2.3206 0.0000 5.9000
vn 0.4804 -0.3001 -0.8241
usemtl leaf_5
f 6487//6157 6535//6157 6536//6157 6488//6157
vn 0.2122 -0.8904 -0.4026
f 6488//6158 6536//6158 6537//6158 6489//6158
vn 0.1281 -0.9495 -0.2865
f 6489//6159 6537//6159 6538//6159 6490//6159
vn -0.7733 -0.3822 0.5059
f 6490//6160 6538//6160 6539//6160 6491//6160
vn -0.7642 -0.4784 0.4326
f 6491//6161 6539//6161 6540//6161 6492//6161
vn 0.5536 -0.8306 -0.0604
usemtl leaf_4
f 6492//6162 6540//6162 6541//6162 6493//6162
vn 0.7702 -0.6141 -0.1722
usemtl leaf_5
f 6493//6163 6541//6163 6542//6163 6494//6163
vn 0.8414 -0.5306 -0.1024
f 6494//6164 6542//6164 6543//6164 6495//6164
vn -0.8207 -0.5705 -0.0323
f 6495//6165 6543//6165 6544//6165 6496//6165
vn -0.8706 -0.4635 -0.1650
f 6496//6166 6544//6166 6545//6166 6497//6166
vn -0.6700 -0.7112 -0.2131
usemtl leaf_4
f 6497//6167 6545//6167 6546//6167 6498//6167
vn 0.8139 -0.4716 0.3393
f 6498//6168 6546//6168 6547//6168 6499//6168
vn 0.7420 -0.5201 0.4229
usemtl leaf_5
f 6499//6169 6547//6169 6548//6169 6500//6169
vn -0.5723 -0.6965 -0.4329
f 6500//6170 6548//6170 6549//6170 6501//6170
vn 0.5895 -0.4726 0.6551
f 6501//6171 6549//6171 6550//6171 6502//6171
vn -0.4283 -0.7217 -0.5438
f 6502//6172 6550//6172 6551//6172 6503//6172
vn -0.3360 -0.7270 -0.5988
f 6503//6173 6551//6173 6552//6173 6504//6173
vn -0.2169 -0.7460 -0.6296
f 6504//6174 6552//6174 6553//6174 6505//6174
vn 0.0936 -0.8856 0.4550
f 6505//6175 6553//6175 6554//6175 6506//6175
vn -0.0801 -0.9890 -0.1241
f 6506//6176 6554//6176 6555//6176 6507//6176
vn 0.0146 -0.7471 0.6645
f 6507//6177 6555//6177 6556//6177 6508//6177
vn 0.1199 -0.9923 0.0314
f 6508//6178 6556//6178 6557//6178 6509//6178
vn -0.0391 -0.9819 0.1852
f 6509//6179 6557//6179 6558//6179 6510//6179
vn 0.2823 -0.6736 -0.6831
f 6510//6180 6558//6180 6559//6180 6511//6180
vn 0.2348 -0.9500 -0.2057
f 6511//6181 6559//6181 6560//6181 6512//6181
vn -0.1785 -0.9428 0.2816
f 6512//6182 6560//6182 6561//6182 6513//6182
vn 0.1910 -0.9744 -0.1186
f 6513//6183 6561//6183 6562//6183 6514//6183
vn -0.0756 -0.9899 0.1201
f 6514//6184 6562//6184 6563//6184 6515//6184
vn -0.8421 -0.3096 0.4415
f 6515//6185 6563//6185 6564//6185 6516//6185
vn 0.8729 -0.3333 -0.3563
f 6516//6186 6564//6186 6565//6186 6517//6186
vn 0.5495 -0.8308 -0.0885
f 6517//6187 6565//6187 6566//6187 6518//6187
vn 0.6781 -0.7336 -0.0445
usemtl leaf_4
f 6518//6188 6566//6188 6567//6188 6519//6188
vn -0.7027 -0.7114 0.0053
usemtl leaf_5
f 6519//6189 6567//6189 6568//6189 6520//6189
vn -0.2574 -0.9662 -0.0122
f 6520//6190 6568//6190 6569//6190 6521//6190
vn -0.3937 -0.9126 -0.1099
f 6521//6191 6569//6191 6570//6191 6522//6191
vn -0.4220 -0.8845 -0.1990
f 6522//6192 6570//6192 6571//6192 6523//6192
vn 0.2130 -0.9686 0.1280
f 6523//6193 6571//6193 6572//6193 6524//6193
vn 0.7016 -0.4210 0.5748
f 6524//6194 6572//6194 6573//6194 6525//6194
vn -0.6703 -0.2727 -0.6901
usemtl leaf_4
f 6525//6195 6573//6195 6574//6195 6526//6195
vn -0.5338 -0.3820 -0.7545
usemtl leaf_5
f 6526//6196 6574//6196 6575//6196 6527//6196
vn 0.3301 -0.7117 0.6201
f 6527//6197 6575//6197 6576//6197 6528//6197
vn 0.3370 -0.2584 0.9054
f 6528//6198 6576//6198 6577//6198 6529//6198
vn 0.0353 -0.9741 0.2235
usemtl leaf_4
f 6529//6199 6577//6199 6578//6199 6530//6199
vn -0.0182 -0.9781 0.2075
usemtl leaf_5
f 6530//6200 6578//6200 6579//6200 6531//6200
vn 0.0635 -0.6322 -0.7722
f 6531//6201 6579//6201 6580//6201 6532//6201
vn 0.1681 -0.6433 -0.7470
f 6532//6202 6580//6202 6581//6202 6533//6202
vn 0.1760 -0.7392 -0.6500
f 6533//6203 6581//6203 6582//6203 6534//6203
vn -0.3890 -0.2928 0.8734
f 6534//6204 6582//6204 6535//6204 6487//6204
vn 0.3526 -0.7905 -0.5008
usemtl leaf_4
f 6535//6205 6583//6205 6584//6205 6536//6205
vn 0.2705 -0.9544 -0.1260
usemtl leaf_5
f 6536//6206 6584//6206 6585//6206 6537//6206
vn 0.0264 -0.9701 0.2411
f 6537//6207 6585//6207 6586//6207 6538//6207
vn -0.1682 -0.9330 0.3182
f 6538//6208 6586//6208 6587//6208 6539//6208
vn -0.6477 -0.6644 0.3729
f 6539//6209 6587//6209 6588//6209 6540//6209
vn 0.4368 -0.8581 -0.2700
f 6540//6210 6588//6210 6589//6210 6541//6210
vn 0.4041 -0.9024 -0.1497
f 6541//6211 6589//6211 6590//6211 6542//6211
vn -0.0139 -0.9960 0.0880
f 6542//6212 6590//6212 6591//6212 6543//6212
vn 0.1470 -0.9852 0.0885
f 6543//6213 6591//6213 6592//6213 6544//6213
vn -0.6352 -0.7698 -0.0620
f 6544//6214 6592//6214 6593//6214 6545//6214
vn -0.3561 -0.9326 -0.0592
f 6545//6215 6593//6215 6594//6215 6546//6215
vn 0.2409 -0.9436 0.2270
usemtl leaf_4
f 6546//6216 6594//6216 6595//6216 6547//6216
vn 0.3092 -0.8703 0.3834
f 6547//6217 6595//6217 6596//6217 6548//6217
vn 0.0314 -0.9957 0.0868
usemtl leaf_5
f 6548//6218 6596//6218 6597//6218 6549//6218
vn 0.1003 -0.9864 0.1305
f 6549//6219 6597//6219 6598//6219 6550//6219
vn -0.0435 -0.9972 0.0615
f 6550//6220 6598//6220 6599//6220 6551//6220
vn -0.1265 -0.9719 -0.1986
f 6551//6221 6599//6221 6600//6221 6552//6221
vn 0.0751 -0.9927 0.0945
f 6552//6222 6600//6222 6601//6222 6553//6222
vn 0.0062 -0.9558 -0.2941
usemtl leaf_4
f 6553//6223 6601//6223 6602//6223 6554//6223
vn 0.0888 -0.9850 0.1481
usemtl leaf_5
f 6554//6224 6602//6224 6603//6224 6555//6224
vn 0.0039 -0.9645 0.2640
f 6555//6225 6603//6225 6604//6225 6556//6225
vn -0.0787 -0.9952 0.0576
f 6556//6226 6604//6226 6605//6226 6557//6226
vn 0.0783 -0.8654 -0.4950
usemtl leaf_4
f 6557//6227 6605//6227 6606//6227 6558//6227
vn -0.1119 -0.9883 0.1038
usemtl leaf_5
f 6558//6228 6606//6228 6607//6228 6559//6228
vn -0.1111 -0.9857 0.1264
f 6559//6229 6607//6229 6608//6229 6560//6229
vn -0.1391 -0.9144 0.3801
usemtl leaf_4
f 6560//6230 6608//6230 6609//6230 6561//6230
vn 0.2877 -0.9546 -0.0772
usemtl leaf_5
f 6561//6231 6609//6231 6610//6231 6562//6231
vn 0.1152 -0.9931 0.0202
f 6562//6232 6610//6232 6611//6232 6563//6232
vn -0.2659 -0.9430 0.2001
f 6563//6233 6611//6233 6612//6233 6564//6233
vn 0.5934 -0.7425 -0.3106
f 6564//6234 6612//6234 6613//6234 6565//6234
vn -0.2518 -0.9675 -0.0247
f 6565//6235 6613//6235 6614//6235 6566//6235
vn 0.2350 -0.9720 0.0014
f 6566//6236 6614//6236 6615//6236 6567//6236
vn -0.3797 -0.9231 0.0614
f 6567//6237 6615//6237 6616//6237 6568//6237
vn -0.0417 -0.9964 0.0735
f 6568//6238 6616//6238 6617//6238 6569//6238
vn 0.1161 -0.9906 0.0720
f 6569//6239 6617//6239 6618//6239 6570//6239
vn 0.2111 -0.9773 0.0157
f 6570//6240 6618//6240 6619//6240 6571//6240
vn -0.4066 -0.8700 -0.2790
f 6571//6241 6619//6241 6620//6241 6572//6241
vn 0.0125 -0.9758 0.2184
f 6572//6242 6620//6242 6621//6242 6573//6242
vn -0.4310 -0.8708 -0.2365
f 6573//6243 6621//6243 6622//6243 6574//6243
vn -0.2916 -0.9041 -0.3123
f 6574//6244 6622//6244 6623//6244 6575//6244
vn -0.0218 -0.9992 -0.0341
f 6575//6245 6623//6245 6624//6245 6576//6245
vn 0.2489 -0.6617 0.7073
f 6576//6246 6624//6246 6625//6246 6577//6246
vn -0.0366 -0.9789 0.2008
f 6577//6247 6625//6247 6626//6247 6578//6247
vn -0.0848 -0.9923 -0.0903
f 6578//6248 6626//6248 6627//6248 6579//6248
vn -0.0389 -0.8646 0.5009
f 6579//6249 6627//6249 6628//6249 6580//6249
vn 0.1509 -0.7881 -0.5968
f 6580//6250 6628//6250 6629//6250 6581//6250
vn 0.1366 -0.9696 0.2029
f 6581//6251 6629//6251 6630//6251 6582//6251
vn 0.0100 -0.9537 0.3006
f 6582//6252 6630//6252 6583//6252 6535//6252
vn 0.1101 -0.9679 -0.2259
usemtl leaf_4
f 6583//6253 6631//6253 6632//6253 6584//6253
vn -0.0624 -0.9812 0.1827
usemtl leaf_5
f 6584//6254 6632//6254 6633//6254 6585//6254
vn 0.1347 -0.9889 -0.0623
f 6585//6255 6633//6255 6634//6255 6586//6255
vn -0.0930 -0.9950 0.0361
f 6586//6256 6634//6256 6635//6256 6587//6256
vn -0.0375 -0.9910 -0.1287
usemtl leaf_4
f 6587//6257 6635//6257 6636//6257 6588//6257
vn 0.0937 -0.9727 -0.2124
usemtl leaf_5
f 6588//6258 6636//6258 6637//6258 6589//6258
vn -0.1244 -0.9921 -0.0180
f 6589//6259 6637//6259 6638//6259 6590//6259
vn -0.0600 -0.9976 -0.0351
f 6590//6260 6638//6260 6639//6260 6591//6260
vn 0.1967 -0.9787 -0.0595
f 6591//6261 6639//6261 6640//6261 6592//6261
vn -0.3565 -0.9252 -0.1301
f 6592//6262 6640//6262 6641//6262 6593//6262
vn 0.0788 -0.9838 -0.1612
usemtl leaf_4
f 6593//6263 6641//6263 6642//6263 6594//6263
vn -0.2245 -0.9380 -0.2640
usemtl leaf_5
f 6594//6264 6642//6264 6643//6264 6595//6264
vn 0.3878 -0.9144 0.1162
usemtl leaf_4
f 6595//6265 6643//6265 6644//6265 6596//6265
vn 0.0835 -0.9962 0.0231
usemtl leaf_5
f 6596//6266 6644//6266 6645//6266 6597//6266
vn -0.0069 -0.9999 0.0107
f 6597//6267 6645//6267 6646//6267 6598//6267
vn -0.0781 -0.9950 -0.0617
usemtl leaf_4
f 6598//6268 6646//6268 6647//6268 6599//6268
vn -0.1232 -0.9921 -0.0251
usemtl leaf_5
f 6599//6269 6647//6269 6648//6269 6600//6269
vn 0.0402 -0.9631 0.2662
f 6600//6270 6648//6270 6649//6270 6601//6270
vn -0.0907 -0.9806 -0.1735
f 6601//6271 6649//6271 6650//6271 6602//6271
vn -0.0851 -0.9962 -0.0169
f 6602//6272 6650//6272 6651//6272 6603//6272
vn -0.0467 -0.9776 0.2051
f 6603//6273 6651//6273 6652//6273 6604//6273
vn 0.0230 -0.9982 -0.0556
f 6604//6274 6652//6274 6653//6274 6605//6274
vn 0.0734 -0.9388 -0.3367
f 6605//6275 6653//6275 6654//6275 6606//6275
vn -0.0967 -0.9380 0.3329
f 6606//6276 6654//6276 6655//6276 6607//6276
vn 0.0132 -0.9710 0.2389
f 6607//6277 6655//6277 6656//6277 6608//6277
vn -0.2187 -0.8833 0.4146
f 6608//6278 6656//6278 6657//6278 6609//6278
vn 0.3875 -0.8665 -0.3145
f 6609//6279 6657//6279 6658//6279 6610//6279
vn 0.0222 -0.9993 -0.0302
f 6610//6280 6658//6280 6659//6280 6611//6280
vn 0.2281 -0.9303 -0.2874
f 6611//6281 6659//6281 6660//6281 6612//6281
vn 0.2320 -0.9499 -0.2093
f 6612//6282 6660//6282 6661//6282 6613//6282
vn -0.1863 -0.9825 0.0057
usemtl leaf_4
f 6613//6283 6661//6283 6662//6283 6614//6283
vn -0.0819 -0.9948 -0.0611
usemtl leaf_5
f 6614//6284 6662//6284 6663//6284 6615//6284
vn -0.2360 -0.9704 -0.0508
f 6615//6285 6663//6285 6664//6285 6616//6285
vn -0.0791 -0.9959 -0.0448
f 6616//6286 6664//6286 6665//6286 6617//6286
vn 0.3554 -0.9338 0.0406
f 6617//6287 6665//6287 6666//6287 6618//6287
vn 0.0097 -0.9999 -0.0119
f 6618//6288 6666//6288 6667//6288 6619//6288
vn -0.3241 -0.9273 -0.1871
f 6619//6289 6667//6289 6668//6289 6620//6289
vn -0.1786 -0.9623 -0.2051
f 6620//6290 6668//6290 6669//6290 6621//6290
vn 0.0834 -0.9965 0.0020
f 6621//6291 6669//6291 6670//6291 6622//6291
vn -0.0547 -0.9737 -0.2212
f 6622//6292 6670//6292 6671//6292 6623//6292
vn 0.2438 -0.9588 0.1460
f 6623//6293 6671//6293 6672//6293 6624//6293
vn 0.0944 -0.9950 0.0329
f 6624//6294 6672//6294 6673//6294 6625//6294
vn -0.0233 -0.9879 0.1532
f 6625//6295 6673//6295 6674//6295 6626//6295
vn 0.0383 -0.9816 0.1873
f 6626//6296 6674//6296 6675//6296 6627//6296
vn 0.0581 -0.9304 0.3618
f 6627//6297 6675//6297 6676//6297 6628//6297
vn 0.1105 -0.9935 -0.0276
usemtl leaf_4
f 6628//6298 6676//6298 6677//6298 6629//6298
vn 0.0965 -0.9505 0.2954
f 6629//6299 6677//6299 6678//6299 6630//6299
vn 0.2409 -0.8767 -0.4163
usemtl leaf_5
f 6630//6300 6678//6300 6631//6300 6583//6300
vn 0.0129 -0.9990 0.0423
f 6631//6301 6679//6301 6680//6301 6632//6301
vn -0.0259 -0.9988 0.0410
usemtl leaf_4
f 6632//6302 6680//6302 6681//6302 6633//6302
vn 0.0888 -0.9863 -0.1390
usemtl leaf_5
f 6633//6303 6681//6303 6682//6303 6634//6303
vn -0.0207 -0.9997 -0.0127
f 6634//6304 6682//6304 6683//6304 6635//6304
vn 0.1876 -0.9715 -0.1446
f 6635//6305 6683//6305 6684//6305 6636//6305
vn -0.1437 -0.9860 0.0841
f 6636//6306 6684//6306 6685//6306 6637//6306
vn -0.0100 -1.0000 -0.0002
f 6637//6307 6685//6307 6686//6307 6638//6307
vn -0.1938 -0.9798 0.0497
f 6638//6308 6686//6308 6687//6308 6639//6308
vn -0.0003 -0.9832 0.1825
f 6639//6309 6687//6309 6688//6309 6640//6309
vn 0.1011 -0.9898 0.1005
f 6640//6310 6688//6310 6689//6310 6641//6310
vn 0.0018 -0.9997 0.0224
f 6641//6311 6689//6311 6690//6311 6642//6311
vn -0.2921 -0.9525 -0.0861
f 6642//6312 6690//6312 6691//6312 6643//6312
vn 0.2118 -0.9636 0.1632
f 6643//6313 6691//6313 6692//6313 6644//6313
vn -0.1641 -0.9851 -0.0513
usemtl leaf_4
f 6644//6314 6692//6314 6693//6314 6645//6314
vn 0.0647 -0.9883 0.1381
usemtl leaf_5
f 6645//6315 6693//6315 6694//6315 6646//6315
vn -0.1686 -0.9734 -0.1550
f 6646//6316 6694//6316 6695//6316 6647//6316
vn 0.0355 -0.9977 0.0573
f 6647//6317 6695//6317 6696//6317 6648//6317
vn 0.0949 -0.9813 0.1676
f 6648//6318 6696//6318 6697//6318 6649//6318
vn -0.0109 -0.9917 -0.1279
f 6649//6319 6697//6319 6698//6319 6650//6319
vn 0.0754 -0.9969 0.0221
f 6650//6320 6698//6320 6699//6320 6651//6320
vn 0.0152 -0.9992 0.0383
f 6651//6321 6699//6321 6700//6321 6652//6321
vn -0.1091 -0.9766 -0.1854
f 6652//6322 6700//6322 6701//6322 6653//6322
vn -0.0433 -0.9985 -0.0324
f 6653//6323 6701//6323 6702//6323 6654//6323
vn -0.1199 -0.9835 0.1356
f 6654//6324 6702//6324 6703//6324 6655//6324
vn -0.2458 -0.9638 0.1034
f 6655//6325 6703//6325 6704//6325 6656//6325
vn -0.2837 -0.9401 0.1890
f 6656//6326 6704//6326 6705//6326 6657//6326
vn 0.2104 -0.9374 -0.2774
f 6657//6327 6705//6327 6706//6327 6658//6327
vn 0.1341 -0.9763 -0.1700
f 6658//6328 6706//6328 6707//6328 6659//6328
vn 0.2590 -0.9462 -0.1942
usemtl leaf_4
f 6659//6329 6707//6329 6708//6329 6660//6329
vn -0.0437 -0.9990 0.0055
f 6660//6330 6708//6330 6709//6330 6661//6330
vn -0.1057 -0.9933 0.0470
usemtl leaf_5
f 6661//6331 6709//6331 6710//6331 6662//6331
vn -0.1477 -0.9836 0.1032
f 6662//6332 6710//6332 6711//6332 6663//6332
vn -0.0883 -0.9928 0.0812
f 6663//6333 6711//6333 6712//6333 6664//6333
vn 0.0088 -0.9999 0.0131
f 6664//6334 6712//6334 6713//6334 6665//6334
vn 0.2056 -0.9751 0.0825
f 6665//6335 6713//6335 6714//6335 6666//6335
vn -0.1704 -0.9853 -0.0097
f 6666//6336 6714//6336 6715//6336 6667//6336
vn 0.0362 -0.9993 0.0002
f 6667//6337 6715//6337 6716//6337 6668//6337
vn -0.1003 -0.9753 -0.1970
usemtl leaf_4
f 6668//6338 6716//6338 6717//6338 6669//6338
vn -0.0129 -0.9975 -0.0699
usemtl leaf_5
f 6669//6339 6717//6339 6718//6339 6670//6339
vn 0.0694 -0.9976 0.0079
f 6670//6340 6718//6340 6719//6340 6671//6340
vn 0.1960 -0.9696 0.1468
f 6671//6341 6719//6341 6720//6341 6672//6341
vn -0.0379 -0.9656 -0.2572
f 6672//6342 6720//6342 6721//6342 6673//6342
vn -0.0448 -0.9951 -0.0884
f 6673//6343 6721//6343 6722//6343 6674//6343
vn -0.0366 -0.9397 0.3401
f 6674//6344 6722//6344 6723//6344 6675//6344
vn -0.0835 -0.9878 0.1317
f 6675//6345 6723//6345 6724//6345 6676//6345
vn -0.0681 -0.9541 0.2916
usemtl leaf_4
f 6676//6346 6724//6346 6725//6346 6677//6346
vn -0.0078 -0.9925 0.1223
f 6677//6347 6725//6347 6726//6347 6678//6347
vn 0.2112 -0.8350 -0.5081
f 6678//6348 6726//6348 6679//6348 6631//6348
vn 0.0516 -0.9885 0.1425
usemtl leaf_5
f 6679//6349 6727//6349 6728//6349 6680//6349
vn 0.1440 -0.9894 0.0169
f 6680//6350 6728//6350 6729//6350 6681//6350
vn 0.1102 -0.9802 0.1643
f 6681//6351 6729//6351 6730//6351 6682//6351
vn 0.2832 -0.9559 -0.0773
usemtl leaf_4
f 6682//6352 6730//6352 6731//6352 6683//6352
vn 0.1295 -0.9886 -0.0764
usemtl leaf_5
f 6683//6353 6731//6353 6732//6353 6684//6353
vn -0.1467 -0.9889 0.0227
f 6684//6354 6732//6354 6733//6354 6685//6354
vn -0.0219 -0.9996 0.0198
f 6685//6355 6733//6355 6734//6355 6686//6355
vn -0.3507 -0.9253 0.1441
f 6686//6356 6734//6356 6735//6356 6687//6356
vn -0.0688 -0.9900 0.1233
f 6687//6357 6735//6357 6736//6357 6688//6357
vn 0.3065 -0.9386 0.1585
f 6688//6358 6736//6358 6737//6358 6689//6358
vn -0.0551 -0.9969 0.0557
f 6689//6359 6737//6359 6738//6359 6690//6359
vn -0.1054 -0.9938 -0.0349
f 6690//6360 6738//6360 6739//6360 6691//6360
vn -0.0588 -0.9971 0.0483
f 6691//6361 6739//6361 6740//6361 6692//6361
vn -0.1615 -0.9851 0.0586
f 6692//6362 6740//6362 6741//6362 6693//6362
vn -0.0406 -0.9841 0.1730
f 6693//6363 6741//6363 6742//6363 6694//6363
vn 0.0509 -0.9941 0.0960
f 6694//6364 6742//6364 6743//6364 6695//6364
vn 0.1348 -0.9901 0.0382
f 6695//6365 6743//6365 6744//6365 6696//6365
vn 0.0676 -0.9976 0.0169
f 6696//6366 6744//6366 6745//6366 6697//6366
vn -0.0058 -0.9959 -0.0902
f 6697//6367 6745//6367 6746//6367 6698//6367
vn -0.0391 -0.9992 0.0080
f 6698//6368 6746//6368 6747//6368 6699//6368
vn -0.1401 -0.9514 -0.2742
f 6699//6369 6747//6369 6748//6369 6700//6369
vn -0.1265 -0.9867 -0.1023
usemtl leaf_4
f 6700//6370 6748//6370 6749//6370 6701//6370
vn -0.1376 -0.9784 0.1545
usemtl leaf_5
f 6701//6371 6749//6371 6750//6371 6702//6371
vn -0.0474 -0.9975 -0.0520
f 6702//6372 6750//6372 6751//6372 6703//6372
vn -0.1309 -0.9668 0.2195
f 6703//6373 6751//6373 6752//6373 6704//6373
vn -0.1221 -0.9886 0.0879
f 6704//6374 6752//6374 6753//6374 6705//6374
vn 0.0426 -0.9908 -0.1286
f 6705//6375 6753//6375 6754//6375 6706//6375
vn 0.1646 -0.9761 -0.1421
f 6706//6376 6754//6376 6755//6376 6707//6376
vn 0.1205 -0.9901 -0.0717
f 6707//6377 6755//6377 6756//6377 6708//6377
vn -0.0133 -0.9998 0.0167
f 6708//6378 6756//6378 6757//6378 6709//6378
vn -0.1042 -0.9945 0.0095
f 6709//6379 6757//6379 6758//6379 6710//6379
vn -0.1160 -0.9907 -0.0709
usemtl leaf_4
f 6710//6380 6758//6380 6759//6380 6711//6380
vn -0.0160 -0.9929 -0.1183
f 6711//6381 6759//6381 6760//6381 6712//6381
vn 0.1550 -0.9812 -0.1153
f 6712//6382 6760//6382 6761//6382 6713//6382
vn 0.0670 -0.9900 -0.1244
usemtl leaf_5
f 6713//6383 6761//6383 6762//6383 6714//6383
vn 0.0767 -0.9852 -0.1535
f 6714//6384 6762//6384 6763//6384 6715//6384
vn -0.0307 -0.9902 -0.1360
f 6715//6385 6763//6385 6764//6385 6716//6385
vn -0.1003 -0.9928 -0.0656
f 6716//6386 6764//6386 6765//6386 6717//6386
vn -0.0253 -0.9967 -0.0774
f 6717//6387 6765//6387 6766//6387 6718//6387
vn 0.2249 -0.9666 0.1227
usemtl leaf_4
f 6718//6388 6766//6388 6767//6388 6719//6388
vn -0.0454 -0.9926 -0.1127
usemtl leaf_5
f 6719//6389 6767//6389 6768//6389 6720//6389
vn -0.0620 -0.9962 -0.0611
f 6720//6390 6768//6390 6769//6390 6721//6390
vn -0.0031 -0.9832 -0.1825
f 6721//6391 6769//6391 6770//6391 6722//6391
vn 0.0033 -0.9876 0.1569
f 6722//6392 6770//6392 6771//6392 6723//6392
vn 0.0030 -0.9676 0.2524
f 6723//6393 6771//6393 6772//6393 6724//6393
vn 0.0051 -0.9647 0.2634
f 6724//6394 6772//6394 6773//6394 6725//6394
vn -0.0035 -0.9891 0.1471
usemtl leaf_4
f 6725//6395 6773//6395 6774//6395 6726//6395
vn 0.2720 -0.8889 -0.3686
usemtl leaf_5
f 6726//6396 6774//6396 6727//6396 6679//6396
vn 0.1880 -0.9608 0.2039
f 6727//6397 6775//6397 6776//6397 6728//6397
vn 0.2409 -0.9615 0.1319
f 6728//6398 6776//6398 6777//6398 6729//6398
vn 0.1450 -0.9833 0.1097
f 6729//6399 6777//6399 6778//6399 6730//6399
vn 0.3458 -0.9363 -0.0611
f 6730//6400 6778//6400 6779//6400 6731//6400
vn 0.2522 -0.9658 0.0603
f 6731//6401 6779//6401 6780//6401 6732//6401
vn 0.0324 -0.9952 0.0925
f 6732//6402 6780//6402 6781//6402 6733//6402
vn -0.2141 -0.9616 0.1717
f 6733//6403 6781//6403 6782//6403 6734//6403
vn -0.2008 -0.9705 0.1338
f 6734//6404 6782//6404 6783//6404 6735//6404
vn -0.1311 -0.9871 0.0916
usemtl leaf_4
f 6735//6405 6783//6405 6784//6405 6736//6405
vn 0.1642 -0.9613 0.2212
f 6736//6406 6784//6406 6785//6406 6737//6406
vn -0.0091 -0.9686 0.2483
usemtl leaf_5
f 6737//6407 6785//6407 6786//6407 6738//6407
vn -0.2063 -0.9602 0.1882
f 6738//6408 6786//6408 6787//6408 6739//6408
vn -0.2399 -0.9573 0.1614
usemtl leaf_4
f 6739//6409 6787//6409 6788//6409 6740//6409
vn -0.1223 -0.9792 0.1621
f 6740//6410 6788//6410 6789//6410 6741//6410
vn -0.1517 -0.9789 0.1370
usemtl leaf_5
f 6741//6411 6789//6411 6790//6411 6742//6411
vn 0.0352 -0.9149 0.4021
f 6742//6412 6790//6412 6791//6412 6743//6412
vn -0.1740 -0.9747 0.1403
f 6743//6413 6791//6413 6792//6413 6744//6413
vn -0.2187 -0.9730 0.0739
f 6744//6414 6792//6414 6793//6414 6745//6414
vn -0.1468 -0.9875 0.0568
usemtl leaf_4
f 6745//6415 6793//6415 6794//6415 6746//6415
vn -0.1363 -0.9840 -0.1146
usemtl leaf_5
f 6746//6416 6794//6416 6795//6416 6747//6416
vn -0.0920 -0.9732 -0.2110
usemtl leaf_4
f 6747//6417 6795//6417 6796//6417 6748//6417
vn -0.0530 -0.9983 0.0244
usemtl leaf_5
f 6748//6418 6796//6418 6797//6418 6749//6418
vn -0.1294 -0.9884 -0.0799
f 6749//6419 6797//6419 6798//6419 6750//6419
vn -0.2432 -0.9696 -0.0281
f 6750//6420 6798//6420 6799//6420 6751//6420
vn -0.3241 -0.9454 0.0338
f 6751//6421 6799//6421 6800//6421 6752//6421
vn -0.2440 -0.9414 -0.2327
f 6752//6422 6800//6422 6801//6422 6753//6422
vn -0.2415 -0.9403 -0.2397
f 6753//6423 6801//6423 6802//6423 6754//6423
vn -0.1318 -0.9816 -0.1380
usemtl leaf_4
f 6754//6424 6802//6424 6803//6424 6755//6424
vn 0.0285 -0.9971 -0.0702
usemtl leaf_5
f 6755//6425 6803//6425 6804//6425 6756//6425
vn 0.0085 -0.9979 -0.0648
f 6756//6426 6804//6426 6805//6426 6757//6426
vn -0.0275 -0.9943 -0.1034
usemtl leaf_4
f 6757//6427 6805//6427 6806//6427 6758//6427
vn -0.0096 -0.9891 -0.1471
f 6758//6428 6806//6428 6807//6428 6759//6428
vn -0.0108 -0.9849 -0.1725
usemtl leaf_5
f 6759//6429 6807//6429 6808//6429 6760//6429
vn 0.1591 -0.9764 -0.1459
f 6760//6430 6808//6430 6809//6430 6761//6430
vn 0.0700 -0.9829 -0.1703
usemtl leaf_4
f 6761//6431 6809//6431 6810//6431 6762//6431
vn 0.0055 -0.9919 -0.1272
usemtl leaf_5
f 6762//6432 6810//6432 6811//6432 6763//6432
vn 0.0484 -0.9843 -0.1695
f 6763//6433 6811//6433 6812//6433 6764//6433
vn 0.1204 -0.9452 -0.3034
f 6764//6434 6812//6434 6813//6434 6765//6434
vn 0.1355 -0.9619 -0.2374
f 6765//6435 6813//6435 6814//6435 6766//6435
vn 0.1045 -0.9943 -0.0194
f 6766//6436 6814//6436 6815//6436 6767//6436
vn 0.0370 -0.9897 -0.1380
f 6767//6437 6815//6437 6816//6437 6768//6437
vn 0.1771 -0.9818 -0.0681
f 6768//6438 6816//6438 6817//6438 6769//6438
vn 0.1865 -0.9764 -0.1089
f 6769//6439 6817//6439 6818//6439 6770//6439
vn 0.2273 -0.9730 -0.0395
f 6770//6440 6818//6440 6819//6440 6771//6440
vn 0.1566 -0.9414 0.2988
usemtl leaf_4
f 6771//6441 6819//6441 6820//6441 6772//6441
vn 0.1719 -0.9324 0.3178
f 6772//6442 6820//6442 6821//6442 6773//6442
vn 0.1878 -0.9819 0.0259
usemtl leaf_5
f 6773//6443 6821//6443 6822//6443 6774//6443
vn 0.2121 -0.9698 -0.1204
usemtl leaf_4
f 6774//6444 6822//6444 6775//6444 6727//6444
vn 0.4896 -0.8131 0.3149
f 6775//6445 6823//6445 6824//6445 6776//6445
vn 0.4616 -0.8723 0.1615
usemtl leaf_5
f 6776//6446 6824//6446 6825//6446 6777//6446
vn 0.3853 -0.9145 0.1232
f 6777//6447 6825//6447 6826//6447 6778//6447
vn 0.3298 -0.9215 0.2050
f 6778//6448 6826//6448 6827//6448 6779//6448
vn 0.4145 -0.8904 0.1884
f 6779//6449 6827//6449 6828//6449 6780//6449
vn 0.1712 -0.9328 0.3172
f 6780//6450 6828//6450 6829//6450 6781//6450
vn -0.0747 -0.9590 0.2733
f 6781//6451 6829//6451 6830//6451 6782//6451
vn -0.1994 -0.9485 0.2462
f 6782//6452 6830//6452 6831//6452 6783//6452
vn -0.1417 -0.9487 0.2827
usemtl leaf_4
f 6783//6453 6831//6453 6832//6453 6784//6453
vn -0.1473 -0.9232 0.3550
usemtl leaf_5
f 6784//6454 6832//6454 6833//6454 6785//6454
vn -0.2403 -0.8019 0.5469
f 6785//6455 6833//6455 6834//6455 6786//6455
vn -0.2126 -0.8109 0.5452
f 6786//6456 6834//6456 6835//6456 6787//6456
vn -0.3657 -0.8545 0.3689
f 6787//6457 6835//6457 6836//6457 6788//6457
vn -0.1472 -0.8721 0.4666
f 6788//6458 6836//6458 6837//6458 6789//6458
vn -0.1797 -0.9502 0.2547
f 6789//6459 6837//6459 6838//6459 6790//6459
vn -0.1374 -0.9286 0.3446
usemtl leaf_4
f 6790//6460 6838//6460 6839//6460 6791//6460
vn -0.2530 -0.9307 0.2641
usemtl leaf_5
f 6791//6461 6839//6461 6840//6461 6792//6461
vn -0.1755 -0.9704 0.1659
f 6792//6462 6840//6462 6841//6462 6793//6462
vn -0.2358 -0.9704 0.0531
f 6793//6463 6841//6463 6842//6463 6794//6463
vn -0.3372 -0.9319 -0.1334
f 6794//6464 6842//6464 6843//6464 6795//6464
vn -0.3398 -0.9307 -0.1352
f 6795//6465 6843//6465 6844//6465 6796//6465
vn -0.3943 -0.9124 -0.1095
f 6796//6466 6844//6466 6845//6466 6797//6466
vn -0.3618 -0.9008 -0.2399
f 6797//6467 6845//6467 6846//6467 6798//6467
vn -0.4051 -0.8877 -0.2188
f 6798//6468 6846//6468 6847//6468 6799//6468
vn -0.5203 -0.7988 -0.3019
f 6799//6469 6847//6469 6848//6469 6800//6469
vn -0.5024 -0.8253 -0.2578
f 6800//6470 6848//6470 6849//6470 6801//6470
vn -0.3456 -0.9053 -0.2471
usemtl leaf_4
f 6801//6471 6849//6471 6850//6471 6802//6471
vn -0.4126 -0.9049 -0.1048
usemtl leaf_5
f 6802//6472 6850//6472 6851//6472 6803//6472
vn -0.2018 -0.9731 -0.1116
f 6803//6473 6851//6473 6852//6473 6804//6473
vn 0.0272 -0.9916 -0.1268
f 6804//6474 6852//6474 6853//6474 6805//6474
vn 0.0630 -0.9820 -0.1780
usemtl leaf_4
f 6805//6475 6853//6475 6854//6475 6806//6475
vn 0.1849 -0.9194 -0.3471
usemtl leaf_5
f 6806//6476 6854//6476 6855//6476 6807//6476
vn -0.0094 -0.8910 -0.4538
usemtl leaf_4
f 6807//6477 6855//6477 6856//6477 6808//6477
vn 0.1732 -0.8911 -0.4194
f 6808//6478 6856//6478 6857//6478 6809//6478
vn 0.2710 -0.8583 -0.4358
usemtl leaf_5
f 6809//6479 6857//6479 6858//6479 6810//6479
vn 0.0217 -0.8263 -0.5627
f 6810//6480 6858//6480 6859//6480 6811//6480
vn 0.3814 -0.8562 -0.3484
f 6811//6481 6859//6481 6860//6481 6812//6481
vn 0.2202 -0.8748 -0.4315
f 6812//6482 6860//6482 6861//6482 6813//6482
vn 0.3439 -0.8489 -0.4014
f 6813//6483 6861//6483 6862//6483 6814//6483
vn 0.2577 -0.8309 -0.4931
f 6814//6484 6862//6484 6863//6484 6815//6484
vn 0.2378 -0.9422 -0.2360
f 6815//6485 6863//6485 6864//6485 6816//6485
vn 0.1911 -0.9758 -0.1066
usemtl leaf_4
f 6816//6486 6864//6486 6865//6486 6817//6486
vn 0.2269 -0.9734 -0.0331
usemtl leaf_5
f 6817//6487 6865//6487 6866//6487 6818//6487
vn 0.3292 -0.9428 0.0532
f 6818//6488 6866//6488 6867//6488 6819//6488
vn 0.3805 -0.9047 0.1918
f 6819//6489 6867//6489 6868//6489 6820//6489
vn 0.2590 -0.8966 0.3591
f 6820//6490 6868//6490 6869//6490 6821//6490
vn 0.3848 -0.9225 0.0311
usemtl leaf_4
f 6821//6491 6869//6491 6870//6491 6822//6491
vn 0.4738 -0.8274 0.3016
usemtl leaf_5
f 6822//6492 6870//6492 6823//6492 6775//6492
vn 0.7602 -0.5440 0.3553
f 6823//6493 6871//6493 6872//6493 6824//6493
vn 0.7665 -0.5426 0.3437
f 6824//6494 6872//6494 6873//6494 6825//6494
vn 0.7445 -0.5568 0.3683
f 6825//6495 6873//6495 6874//6495 6826//6495
vn 0.5988 -0.7104 0.3698
f 6826//6496 6874//6496 6875//6496 6827//6496
vn 0.4937 -0.7954 0.3515
f 6827//6497 6875//6497 6876//6497 6828//6497
vn 0.2511 -0.8200 0.5143
usemtl leaf_4
f 6828//6498 6876//6498 6877//6498 6829//6498
vn 0.1085 -0.7956 0.5960
usemtl leaf_5
f 6829//6499 6877//6499 6878//6499 6830//6499
vn -0.2126 -0.7640 0.6092
f 6830//6500 6878//6500 6879//6500 6831//6500
vn -0.2092 -0.7558 0.6205
f 6831//6501 6879//6501 6880//6501 6832//6501
vn -0.3919 -0.6482 0.6528
f 6832//6502 6880//6502 6881//6502 6833//6502
vn -0.4323 -0.6122 0.6620
usemtl leaf_4
f 6833//6503 6881//6503 6882//6503 6834//6503
vn -0.2646 -0.5459 0.7950
usemtl leaf_5
f 6834//6504 6882//6504 6883//6504 6835//6504
vn -0.4544 -0.5633 0.6901
f 6835//6505 6883//6505 6884//6505 6836//6505
vn -0.2974 -0.6050 0.7386
f 6836//6506 6884//6506 6885//6506 6837//6506
vn -0.4668 -0.5856 0.6627
f 6837//6507 6885//6507 6886//6507 6838//6507
vn -0.3746 -0.6971 0.6113
f 6838//6508 6886//6508 6887//6508 6839//6508
vn -0.2873 -0.8423 0.4561
usemtl leaf_4
f 6839//6509 6887//6509 6888//6509 6840//6509
vn -0.4505 -0.8592 0.2425
usemtl leaf_5
f 6840//6510 6888//6510 6889//6510 6841//6510
vn -0.5712 -0.8195 0.0472
f 6841//6511 6889//6511 6890//6511 6842//6511
vn -0.5799 -0.8042 -0.1304
f 6842//6512 6890//6512 6891//6512 6843//6512
vn -0.6612 -0.6830 -0.3103
f 6843//6513 6891//6513 6892//6513 6844//6513
vn -0.7681 -0.5883 -0.2527
f 6844//6514 6892//6514 6893//6514 6845//6514
vn -0.7697 -0.4679 -0.4343
f 6845//6515 6893//6515 6894//6515 6846//6515
vn -0.7986 -0.4204 -0.4307
f 6846//6516 6894//6516 6895//6516 6847//6516
vn -0.7257 -0.4995 -0.4731
f 6847//6517 6895//6517 6896//6517 6848//6517
vn -0.7869 -0.4942 -0.3696
f 6848//6518 6896//6518 6897//6518 6849//6518
vn -0.7193 -0.5393 -0.4379
usemtl leaf_4
f 6849//6519 6897//6519 6898//6519 6850//6519
vn -0.7162 -0.6351 -0.2893
usemtl leaf_5
f 6850//6520 6898//6520 6899//6520 6851//6520
vn -0.5405 -0.7402 -0.4000
f 6851//6521 6899//6521 6900//6521 6852//6521
vn -0.2091 -0.8217 -0.5301
f 6852//6522 6900//6522 6901//6522 6853//6522
vn 0.0347 -0.8522 -0.5220
f 6853//6523 6901//6523 6902//6523 6854//6523
vn 0.3533 -0.7688 -0.5330
usemtl leaf_4
f 6854//6524 6902//6524 6903//6524 6855//6524
vn 0.2341 -0.6592 -0.7146
usemtl leaf_5
f 6855//6525 6903//6525 6904//6525 6856//6525
vn 0.2284 -0.5029 -0.8336
f 6856//6526 6904//6526 6905//6526 6857//6526
vn 0.3153 -0.5714 -0.7577
f 6857//6527 6905//6527 6906//6527 6858//6527
vn 0.3432 -0.5068 -0.7908
usemtl leaf_4
f 6858//6528 6906//6528 6907//6528 6859//6528
vn 0.4929 -0.4185 -0.7628
usemtl leaf_5
f 6859//6529 6907//6529 6908//6529 6860//6529
vn 0.5396 -0.4277 -0.7252
f 6860//6530 6908//6530 6909//6530 6861//6530
vn 0.3781 -0.5700 -0.7295
f 6861//6531 6909//6531 6910//6531 6862//6531
vn 0.2842 -0.7435 -0.6053
f 6862//6532 6910//6532 6911//6532 6863//6532
vn 0.3577 -0.7783 -0.5160
usemtl leaf_4
f 6863//6533 6911//6533 6912//6533 6864//6533
vn 0.4818 -0.8422 -0.2420
f 6864//6534 6912//6534 6913//6534 6865//6534
vn 0.5934 -0.8048 -0.0144
f 6865//6535 6913//6535 6914//6535 6866//6535
vn 0.7045 -0.6751 0.2189
f 6866//6536 6914//6536 6915//6536 6867//6536
vn 0.7546 -0.6362 0.1606
usemtl leaf_5
f 6867//6537 6915//6537 6916//6537 6868//6537
vn 0.7010 -0.6179 0.3562
f 6868//6538 6916//6538 6917//6538 6869//6538
vn 0.7185 -0.6477 0.2534
f 6869//6539 6917//6539 6918//6539 6870//6539
vn 0.5957 -0.5714 0.5644
usemtl leaf_4
f 6870//6540 6918//6540 6871//6540 6823//6540
vn 0.9123 -0.1205 0.3915
usemtl leaf_5
f 6871//6541 6919//6541 6920//6541 6872//6541
vn 0.8792 -0.1885 0.4375
f 6872//6542 6920//6542 6921//6542 6873//6542
vn 0.8601 -0.2440 0.4479
f 6873//6543 6921//6543 6922//6543 6874//6543
vn 0.8195 -0.2526 0.5144
f 6874//6544 6922//6544 6923//6544 6875//6544
vn 0.6650 -0.2826 0.6913
usemtl leaf_3
f 6875//6545 6923//6545 6924//6545 6876//6545
vn 0.4637 -0.3905 0.7953
usemtl leaf_5
f 6876//6546 6924//6546 6925//6546 6877//6546
vn 0.1450 -0.4849 0.8624
f 6877//6547 6925//6547 6926//6547 6878//6547
vn -0.1427 -0.4593 0.8768
f 6878//6548 6926//6548 6927//6548 6879//6548
vn -0.3780 -0.3236 0.8674
f 6879//6549 6927//6549 6928//6549 6880//6549
vn -0.4592 -0.2018 0.8651
usemtl leaf_4
f 6880//6550 6928//6550 6929//6550 6881//6550
vn -0.5029 -0.1304 0.8544
usemtl leaf_5
f 6881//6551 6929//6551 6930//6551 6882//6551
vn -0.3846 -0.1227 0.9149
usemtl leaf_4
f 6882//6552 6930//6552 6931//6552 6883//6552
vn -0.4167 -0.1702 0.8930
usemtl leaf_5
f 6883//6553 6931//6553 6932//6553 6884//6553
vn -0.5171 -0.1648 0.8399
usemtl leaf_4
f 6884//6554 6932//6554 6933//6554 6885//6554
vn -0.5179 -0.2220 0.8261
usemtl leaf_5
f 6885//6555 6933//6555 6934//6555 6886//6555
vn -0.4943 -0.2815 0.8224
f 6886//6556 6934//6556 6935//6556 6887//6556
vn -0.6169 -0.2962 0.7292
f 6887//6557 6935//6557 6936//6557 6888//6557
vn -0.8189 -0.4319 0.3781
f 6888//6558 6936//6558 6937//6558 6889//6558
vn -0.8422 -0.5161 0.1559
usemtl leaf_4
f 6889//6559 6937//6559 6938//6559 6890//6559
vn -0.8780 -0.4433 -0.1806
f 6890//6560 6938//6560 6939//6560 6891//6560
vn -0.8377 -0.3042 -0.4536
usemtl leaf_5
f 6891//6561 6939//6561 6940//6561 6892//6561
vn -0.9130 -0.2150 -0.3467
f 6892//6562 6940//6562 6941//6562 6893//6562
vn -0.8462 -0.1863 -0.4992
f 6893//6563 6941//6563 6942//6563 6894//6563
vn -0.8804 -0.2031 -0.4286
f 6894//6564 6942//6564 6943//6564 6895//6564
vn -0.8620 -0.2056 -0.4633
usemtl leaf_4
f 6895//6565 6943//6565 6944//6565 6896//6565
vn -0.8245 -0.2025 -0.5283
f 6896//6566 6944//6566 6945//6566 6897//6566
vn -0.8652 -0.2003 -0.4597
usemtl leaf_3
f 6897//6567 6945//6567 6946//6567 6898//6567
vn -0.8775 -0.2596 -0.4032
usemtl leaf_5
f 6898//6568 6946//6568 6947//6568 6899//6568
vn -0.6977 -0.3634 -0.6174
usemtl leaf_4
f 6899//6569 6947//6569 6948//6569 6900//6569
vn -0.4234 -0.4496 -0.7865
usemtl leaf_5
f 6900//6570 6948//6570 6949//6570 6901//6570
vn -0.0577 -0.4523 -0.8900
f 6901//6571 6949//6571 6950//6571 6902//6571
vn 0.3639 -0.3507 -0.8629
usemtl leaf_4
f 6902//6572 6950//6572 6951//6572 6903//6572
vn 0.3711 -0.3596 -0.8561
f 6903//6573 6951//6573 6952//6573 6904//6573
vn 0.3234 -0.3353 -0.8848
usemtl leaf_3
f 6904//6574 6952//6574 6953//6574 6905//6574
vn 0.3215 -0.2141 -0.9224
usemtl leaf_4
f 6905//6575 6953//6575 6954//6575 6906//6575
vn 0.4942 -0.2040 -0.8451
usemtl leaf_5
f 6906//6576 6954//6576 6955//6576 6907//6576
vn 0.4554 -0.2557 -0.8528
f 6907//6577 6955//6577 6956//6577 6908//6577
vn 0.5362 -0.3355 -0.7746
usemtl leaf_4
f 6908//6578 6956//6578 6957//6578 6909//6578
vn 0.3151 -0.3387 -0.8865
f 6909//6579 6957//6579 6958//6579 6910//6579
vn 0.5405 -0.3285 -0.7745
f 6910//6580 6958//6580 6959//6580 6911//6580
vn 0.6007 -0.3760 -0.7055
f 6911//6581 6959//6581 6960//6581 6912//6581
vn 0.7053 -0.5208 -0.4809
f 6912//6582 6960//6582 6961//6582 6913//6582
vn 0.8611 -0.4943 0.1190
f 6913//6583 6961//6583 6962//6583 6914//6583
vn 0.8884 -0.3855 0.2494
f 6914//6584 6962//6584 6963//6584 6915//6584
vn 0.9160 -0.3341 0.2221
usemtl leaf_5
f 6915//6585 6963//6585 6964//6585 6916//6585
vn 0.8960 -0.2796 0.3451
f 6916//6586 6964//6586 6965//6586 6917//6586
vn 0.9081 -0.2486 0.3371
usemtl leaf_4
f 6917//6587 6965//6587 6966//6587 6918//6587
vn 0.6992 -0.1365 0.7017
f 6918//6588 6966//6588 6919//6588 6871//6588
vn 0.9210 -0.2033 0.3322
usemtl leaf_3
f 6919//6589 6967//6589 6968//6589 6920//6589
vn 0.8795 -0.1749 0.4425
usemtl leaf_4
f 6920//6590 6968//6590 6969//6590 6921//6590
vn 0.8614 -0.1045 0.4971
f 6921//6591 6969//6591 6970//6591 6922//6591
vn 0.8481 -0.1299 0.5136
usemtl leaf_3
f 6922//6592 6970//6592 6971//6592 6923//6592
vn 0.7229 -0.2407 0.6477
usemtl leaf_4
f 6923//6593 6971//6593 6972//6593 6924//6593
vn 0.4956 -0.2550 0.8303
f 6924//6594 6972//6594 6973//6594 6925//6594
vn 0.1815 -0.1945 0.9640
f 6925//6595 6973//6595 6974//6595 6926//6595
vn -0.1733 -0.1330 0.9759
f 6926//6596 6974//6596 6975//6596 6927//6596
vn -0.3894 -0.1302 0.9118
usemtl leaf_5
f 6927//6597 6975//6597 6976//6597 6928//6597
vn -0.4928 -0.1639 0.8545
usemtl leaf_4
f 6928//6598 6976//6598 6977//6598 6929//6598
vn -0.5169 -0.1874 0.8353
f 6929//6599 6977//6599 6978//6599 6930//6599
vn -0.4731 -0.1051 0.8747
usemtl leaf_3
f 6930//6600 6978//6600 6979//6600 6931//6600
vn -0.3730 -0.0318 0.9273
usemtl leaf_4
f 6931//6601 6979//6601 6980//6601 6932//6601
vn -0.5366 -0.0858 0.8395
usemtl leaf_5
f 6932//6602 6980//6602 6981//6602 6933//6602
vn -0.3737 -0.1693 0.9120
usemtl leaf_4
f 6933//6603 6981//6603 6982//6603 6934//6603
vn -0.5386 -0.2487 0.8050
usemtl leaf_5
f 6934//6604 6982//6604 6983//6604 6935//6604
vn -0.6398 -0.2270 0.7343
usemtl leaf_3
f 6935//6605 6983//6605 6984//6605 6936//6605
vn -0.8256 -0.2435 0.5089
f 6936//6606 6984//6606 6985//6606 6937//6606
vn -0.9597 -0.2373 0.1504
f 6937//6607 6985//6607 6986//6607 6938//6607
vn -0.9611 -0.1895 -0.2011
usemtl leaf_4
f 6938//6608 6986//6608 6987//6608 6939//6608
vn -0.8705 -0.2369 -0.4314
f 6939//6609 6987//6609 6988//6609 6940//6609
vn -0.8534 -0.2499 -0.4574
usemtl leaf_5
f 6940//6610 6988//6610 6989//6610 6941//6610
vn -0.8414 -0.1373 -0.5227
f 6941//6611 6989//6611 6990//6611 6942//6611
vn -0.8663 -0.0345 -0.4984
usemtl leaf_3
f 6942//6612 6990//6612 6991//6612 6943//6612
vn -0.8757 0.0286 -0.4820
f 6943//6613 6991//6613 6992//6613 6944//6613
vn -0.8841 -0.0497 -0.4646
usemtl leaf_4
f 6944//6614 6992//6614 6993//6614 6945//6614
vn -0.8765 -0.1454 -0.4590
f 6945//6615 6993//6615 6994//6615 6946//6615
vn -0.8840 -0.0973 -0.4573
usemtl leaf_5
f 6946//6616 6994//6616 6995//6616 6947//6616
vn -0.7748 -0.1313 -0.6185
f 6947//6617 6995//6617 6996//6617 6948//6617
vn -0.5394 -0.2763 -0.7954
f 6948//6618 6996//6618 6997//6618 6949//6618
vn 0.0224 -0.2691 -0.9628
usemtl leaf_4
f 6949//6619 6997//6619 6998//6619 6950//6619
vn 0.3318 -0.2061 -0.9206
f 6950//6620 6998//6620 6999//6620 6951//6620
vn 0.3648 -0.1896 -0.9116
usemtl leaf_3
f 6951//6621 6999//6621 7000//6621 6952//6621
vn 0.3575 -0.1731 -0.9177
usemtl leaf_5
f 6952//6622 7000//6622 7001//6622 6953//6622
vn 0.4926 -0.0913 -0.8655
f 6953//6623 7001//6623 7002//6623 6954//6623
vn 0.4175 -0.0175 -0.9085
usemtl leaf_4
f 6954//6624 7002//6624 7003//6624 6955//6624
vn 0.4930 -0.0258 -0.8697
usemtl leaf_5
f 6955//6625 7003//6625 7004//6625 6956//6625
vn 0.5157 -0.0068 -0.8567
usemtl leaf_4
f 6956//6626 7004//6626 7005//6626 6957//6626
vn 0.4003 -0.0528 -0.9149
usemtl leaf_3
f 6957//6627 7005//6627 7006//6627 6958//6627
vn 0.6115 -0.0985 -0.7851
usemtl leaf_5
f 6958//6628 7006//6628 7007//6628 6959//6628
vn 0.5817 -0.1634 -0.7968
f 6959//6629 7007//6629 7008//6629 6960//6629
vn 0.8157 -0.2093 -0.5393
f 6960//6630 7008//6630 7009//6630 6961//6630
vn 0.9761 -0.1892 0.1072
usemtl leaf_3
f 6961//6631 7009//6631 7010//6631 6962//6631
vn 0.9452 -0.2504 0.2096
usemtl leaf_4
f 6962//6632 7010//6632 7011//6632 6963//6632
vn 0.9202 -0.2026 0.3351
f 6963//6633 7011//6633 7012//6633 6964//6633
vn 0.9337 -0.1525 0.3239
usemtl leaf_5
f 6964//6634 7012//6634 7013//6634 6965//6634
vn 0.9054 -0.1400 0.4008
f 6965//6635 7013//6635 7014//6635 6966//6635
vn 0.6807 -0.1482 0.7174
f 6966//6636 7014//6636 6967//6636 6919//6636
vn 0.9130 0.0378 0.4062
f 6967//6637 7015//6637 7016//6637 6968//6637
vn 0.8742 0.0643 0.4812
usemtl leaf_4
f 6968//6638 7016//6638 7017//6638 6969//6638
vn 0.8842 -0.0374 0.4657
f 6969//6639 7017//6639 7018//6639 6970//6639
vn 0.8575 -0.0781 0.5085
usemtl leaf_3
f 6970//6640 7018//6640 7019//6640 6971//6640
vn 0.7200 -0.0062 0.6940
usemtl leaf_4
f 6971//6641 7019//6641 7020//6641 6972//6641
vn 0.5807 -0.1006 0.8079
usemtl leaf_2
f 6972//6642 7020//6642 7021//6642 6973//6642
vn 0.1274 -0.2168 0.9679
usemtl leaf_5
f 6973//6643 7021//6643 7022//6643 6974//6643
vn -0.2817 -0.0881 0.9555
usemtl leaf_3
f 6974//6644 7022//6644 7023//6644 6975//6644
vn -0.3272 -0.0164 0.9448
usemtl leaf_4
f 6975//6645 7023//6645 7024//6645 6976//6645
vn -0.4739 -0.0260 0.8802
usemtl leaf_3
f 6976//6646 7024//6646 7025//6646 6977//6646
vn -0.5248 0.0182 0.8510
usemtl leaf_4
f 6977//6647 7025//6647 7026//6647 6978//6647
vn -0.4853 -0.0252 0.8740
usemtl leaf_5
f 6978//6648 7026//6648 7027//6648 6979//6648
vn -0.3929 -0.0669 0.9172
usemtl leaf_3
f 6979//6649 7027//6649 7028//6649 6980//6649
vn -0.4663 -0.0642 0.8823
usemtl leaf_4
f 6980//6650 7028//6650 7029//6650 6981//6650
vn -0.4209 -0.0293 0.9067
usemtl leaf_5
f 6981//6651 7029//6651 7030//6651 6982//6651
vn -0.5993 0.0514 0.7989
usemtl leaf_3
f 6982//6652 7030//6652 7031//6652 6983//6652
vn -0.6235 -0.0422 0.7807
usemtl leaf_5
f 6983//6653 7031//6653 7032//6653 6984//6653
vn -0.8354 -0.1469 0.5296
usemtl leaf_3
f 6984//6654 7032//6654 7033//6654 6985//6654
vn -0.9941 -0.0872 0.0651
f 6985//6655 7033//6655 7034//6655 6986//6655
vn -0.9793 -0.0047 -0.2026
f 6986//6656 7034//6656 7035//6656 6987//6656
vn -0.9452 0.0093 -0.3264
usemtl leaf_4
f 6987//6657 7035//6657 7036//6657 6988//6657
vn -0.8886 -0.0326 -0.4575
f 6988//6658 7036//6658 7037//6658 6989//6658
vn -0.8269 -0.0750 -0.5573
f 6989//6659 7037//6659 7038//6659 6990//6659
vn -0.8121 -0.0492 -0.5814
usemtl leaf_3
f 6990//6660 7038//6660 7039//6660 6991//6660
vn -0.9007 -0.0837 -0.4264
f 6991//6661 7039//6661 7040//6661 6992//6661
vn -0.9015 -0.0842 -0.4245
f 6992//6662 7040//6662 7041//6662 6993//6662
vn -0.9039 -0.0770 -0.4207
f 6993//6663 7041//6663 7042//6663 6994//6663
vn -0.8534 -0.1227 -0.5066
f 6994//6664 7042//6664 7043//6664 6995//6664
vn -0.7785 -0.0504 -0.6256
f 6995//6665 7043//6665 7044//6665 6996//6665
vn -0.5813 0.0054 -0.8137
usemtl leaf_5
f 6996//6666 7044//6666 7045//6666 6997//6666
vn 0.0065 -0.0358 -0.9993
f 6997//6667 7045//6667 7046//6667 6998//6667
vn 0.2303 -0.1492 -0.9616
usemtl leaf_4
f 6998//6668 7046//6668 7047//6668 6999//6668
vn 0.4020 -0.2118 -0.8908
usemtl leaf_5
f 6999//6669 7047//6669 7048//6669 7000//6669
vn 0.4320 -0.1085 -0.8953
f 7000//6670 7048//6670 7049//6670 7001//6670
vn 0.5635 -0.0190 -0.8259
f 7001//6671 7049//6671 7050//6671 7002//6671
vn 0.4461 0.0177 -0.8948
usemtl leaf_3
f 7002//6672 7050//6672 7051//6672 7003//6672
vn 0.4447 0.0059 -0.8957
f 7003//6673 7051//6673 7052//6673 7004//6673
vn 0.4721 -0.1042 -0.8754
usemtl leaf_4
f 7004//6674 7052//6674 7053//6674 7005//6674
vn 0.4378 -0.0449 -0.8980
usemtl leaf_3
f 7005//6675 7053//6675 7054//6675 7006//6675
vn 0.6198 0.0243 -0.7844
f 7006//6676 7054//6676 7055//6676 7007//6676
vn 0.5609 0.0063 -0.8279
f 7007//6677 7055//6677 7056//6677 7008//6677
vn 0.8714 -0.0001 -0.4906
usemtl leaf_4
f 7008//6678 7056//6678 7057//6678 7009//6678
vn 0.9948 -0.0911 -0.0450
f 7009//6679 7057//6679 7058//6679 7010//6679
vn 0.9685 -0.1267 0.2143
f 7010//6680 7058//6680 7059//6680 7011//6680
vn 0.9163 -0.0575 0.3963
usemtl leaf_3
f 7011//6681 7059//6681 7060//6681 7012//6681
vn 0.9510 -0.0371 0.3069
usemtl leaf_5
f 7012//6682 7060//6682 7061//6682 7013//6682
vn 0.8936 -0.0033 0.4489
f 7013//6683 7061//6683 7062//6683 7014//6683
vn 0.7529 0.0098 0.6580
f 7014//6684 7062//6684 7015//6684 6967//6684
vn 0.8660 -0.1099 0.4878
usemtl leaf_3
f 7015//6685 7063//6685 7064//6685 7016//6685
vn 0.8868 -0.0596 0.4582
f 7016//6686 7064//6686 7065//6686 7017//6686
vn 0.8731 0.0479 0.4851
f 7017//6687 7065//6687 7066//6687 7018//6687
vn 0.8496 0.0885 0.5200
f 7018//6688 7066//6688 7067//6688 7019//6688
vn 0.7559 -0.0468 0.6531
usemtl leaf_2
f 7019//6689 7067//6689 7068//6689 7020//6689
vn 0.6466 -0.0902 0.7574
usemtl leaf_3
f 7020//6690 7068//6690 7069//6690 7021//6690
vn 0.0606 0.0091 0.9981
usemtl leaf_4
f 7021//6691 7069//6691 7070//6691 7022//6691
vn -0.2868 -0.0079 0.9580
usemtl leaf_3
f 7022//6692 7070//6692 7071//6692 7023//6692
vn -0.3873 0.0051 0.9219
usemtl leaf_5
f 7023//6693 7071//6693 7072//6693 7024//6693
vn -0.4260 0.0388 0.9039
usemtl leaf_3
f 7024//6694 7072//6694 7073//6694 7025//6694
vn -0.5253 -0.0638 0.8485
f 7025//6695 7073//6695 7074//6695 7026//6695
vn -0.4512 -0.0616 0.8903
usemtl leaf_4
f 7026//6696 7074//6696 7075//6696 7027//6696
vn -0.4920 0.0493 0.8692
f 7027//6697 7075//6697 7076//6697 7028//6697
vn -0.4137 0.0760 0.9072
usemtl leaf_3
f 7028//6698 7076//6698 7077//6698 7029//6698
vn -0.4795 0.0350 0.8769
f 7029//6699 7077//6699 7078//6699 7030//6699
vn -0.5513 -0.0423 0.8332
usemtl leaf_4
f 7030//6700 7078//6700 7079//6700 7031//6700
vn -0.6259 0.0054 0.7799
usemtl leaf_3
f 7031//6701 7079//6701 7080//6701 7032//6701
vn -0.8319 0.0640 0.5512
f 7032//6702 7080//6702 7081//6702 7033//6702
vn -0.9995 0.0289 0.0145
f 7033//6703 7081//6703 7082//6703 7034//6703
vn -0.9727 0.0358 -0.2292
f 7034//6704 7082//6704 7083//6704 7035//6704
vn -0.9490 0.0422 -0.3124
f 7035//6705 7083//6705 7084//6705 7036//6705
vn -0.8777 0.1021 -0.4682
f 7036//6706 7084//6706 7085//6706 7037//6706
vn -0.8580 0.1310 -0.4967
usemtl leaf_5
f 7037//6707 7085//6707 7086//6707 7038//6707
vn -0.8463 0.0080 -0.5326
usemtl leaf_3
f 7038//6708 7086//6708 7087//6708 7039//6708
vn -0.8873 0.0197 -0.4608
f 7039//6709 7087//6709 7088//6709 7040//6709
vn -0.9059 0.0367 -0.4218
usemtl leaf_4
f 7040//6710 7088//6710 7089//6710 7041//6710
vn -0.8967 0.0244 -0.4420
f 7041//6711 7089//6711 7090//6711 7042//6711
vn -0.8569 0.0521 -0.5129
usemtl leaf_3
f 7042//6712 7090//6712 7091//6712 7043//6712
vn -0.7300 0.0212 -0.6832
f 7043//6713 7091//6713 7092//6713 7044//6713
vn -0.5840 0.0241 -0.8114
f 7044//6714 7092//6714 7093//6714 7045//6714
vn -0.0640 -0.0028 -0.9979
usemtl leaf_4
f 7045//6715 7093//6715 7094//6715 7046//6715
vn 0.1253 -0.0436 -0.9912
f 7046//6716 7094//6716 7095//6716 7047//6716
vn 0.4113 -0.0324 -0.9109
f 7047//6717 7095//6717 7096//6717 7048//6717
vn 0.5524 0.0595 -0.8315
f 7048//6718 7096//6718 7097//6718 7049//6718
vn 0.5127 0.0927 -0.8536
f 7049//6719 7097//6719 7098//6719 7050//6719
vn 0.5071 0.0782 -0.8583
usemtl leaf_3
f 7050//6720 7098//6720 7099//6720 7051//6720
vn 0.3047 0.0137 -0.9524
usemtl leaf_2
f 7051//6721 7099//6721 7100//6721 7052//6721
vn 0.4201 -0.0840 -0.9036
usemtl leaf_5
f 7052//6722 7100//6722 7101//6722 7053//6722
vn 0.5885 -0.0275 -0.8081
usemtl leaf_3
f 7053//6723 7101//6723 7102//6723 7054//6723
vn 0.5702 0.0080 -0.8215
usemtl leaf_2
f 7054//6724 7102//6724 7103//6724 7055//6724
vn 0.6149 0.0370 -0.7877
usemtl leaf_3
f 7055//6725 7103//6725 7104//6725 7056//6725
vn 0.8252 0.0336 -0.5638
f 7056//6726 7104//6726 7105//6726 7057//6726
vn 0.9917 -0.0314 -0.1245
usemtl leaf_2
f 7057//6727 7105//6727 7106//6727 7058//6727
vn 0.9717 -0.0241 0.2349
usemtl leaf_4
f 7058//6728 7106//6728 7107//6728 7059//6728
vn 0.9118 -0.0353 0.4092
f 7059//6729 7107//6729 7108//6729 7060//6729
vn 0.9092 0.0765 0.4094
f 7060//6730 7108//6730 7109//6730 7061//6730
vn 0.9023 0.1292 0.4113
usemtl leaf_3
f 7061//6731 7109//6731 7110//6731 7062//6731
vn 0.8274 -0.0401 0.5602
usemtl leaf_4
f 7062//6732 7110//6732 7063//6732 7015//6732
vn 0.8506 -0.0707 0.5210
f 7063//6733 7111//6733 7112//6733 7064//6733
vn 0.8243 0.0415 0.5646
usemtl leaf_2
f 7064//6734 7112//6734 7113//6734 7065//6734
vn 0.8357 0.1141 0.5372
usemtl leaf_3
f 7065//6735 7113//6735 7114//6735 7066//6735
vn 0.8818 0.0632 0.4674
usemtl leaf_2
f 7066//6736 7114//6736 7115//6736 7067//6736
vn 0.8178 0.0249 0.5750
usemtl leaf_4
f 7067//6737 7115//6737 7116//6737 7068//6737
vn 0.5679 0.0437 0.8219
usemtl leaf_3
f 7068//6738 7116//6738 7117//6738 7069//6738
vn 0.0199 0.0817 0.9965
usemtl leaf_4
f 7069//6739 7117//6739 7118//6739 7070//6739
vn -0.2478 0.1035 0.9633
usemtl leaf_3
f 7070//6740 7118//6740 7119//6740 7071//6740
vn -0.3787 0.0505 0.9241
f 7071//6741 7119//6741 7120//6741 7072//6741
vn -0.4012 -0.0248 0.9156
usemtl leaf_4
f 7072//6742 7120//6742 7121//6742 7073//6742
vn -0.5026 0.0264 0.8641
f 7073//6743 7121//6743 7122//6743 7074//6743
vn -0.4944 0.0516 0.8677
f 7074//6744 7122//6744 7123//6744 7075//6744
vn -0.5268 0.0300 0.8494
usemtl leaf_3
f 7075//6745 7123//6745 7124//6745 7076//6745
vn -0.4550 0.0892 0.8860
usemtl leaf_2
f 7076//6746 7124//6746 7125//6746 7077//6746
vn -0.4274 0.1115 0.8972
usemtl leaf_3
f 7077//6747 7125//6747 7126//6747 7078//6747
vn -0.4952 0.0460 0.8675
usemtl leaf_4
f 7078//6748 7126//6748 7127//6748 7079//6748
vn -0.6135 -0.0904 0.7845
usemtl leaf_2
f 7079//6749 7127//6749 7128//6749 7080//6749
vn -0.8041 -0.1827 0.5658
usemtl leaf_4
f 7080//6750 7128//6750 7129//6750 7081//6750
vn -0.9933 -0.1089 -0.0393
f 7081//6751 7129//6751 7130//6751 7082//6751
vn -0.9672 -0.0516 -0.2488
usemtl leaf_3
f 7082//6752 7130//6752 7131//6752 7083//6752
vn -0.9259 0.0283 -0.3767
f 7083//6753 7131//6753 7132//6753 7084//6753
vn -0.8631 0.0638 -0.5010
f 7084//6754 7132//6754 7133//6754 7085//6754
vn -0.8899 0.0062 -0.4562
usemtl leaf_2
f 7085//6755 7133//6755 7134//6755 7086//6755
vn -0.9021 -0.0413 -0.4296
usemtl leaf_4
f 7086//6756 7134//6756 7135//6756 7087//6756
vn -0.8600 -0.1348 -0.4922
f 7087//6757 7135//6757 7136//6757 7088//6757
vn -0.9079 -0.1183 -0.4022
usemtl leaf_2
f 7088//6758 7136//6758 7137//6758 7089//6758
vn -0.8499 -0.0062 -0.5269
usemtl leaf_4
f 7089//6759 7137//6759 7138//6759 7090//6759
vn -0.8676 0.0463 -0.4951
usemtl leaf_3
f 7090//6760 7138//6760 7139//6760 7091//6760
vn -0.7203 0.0723 -0.6899
usemtl leaf_2
f 7091//6761 7139//6761 7140//6761 7092//6761
vn -0.6179 0.0359 -0.7854
usemtl leaf_4
f 7092//6762 7140//6762 7141//6762 7093//6762
vn -0.1375 -0.0592 -0.9887
usemtl leaf_2
f 7093//6763 7141//6763 7142//6763 7094//6763
vn 0.1721 -0.0392 -0.9843
usemtl leaf_4
f 7094//6764 7142//6764 7143//6764 7095//6764
vn 0.4584 0.0724 -0.8858
f 7095//6765 7143//6765 7144//6765 7096//6765
vn 0.5259 0.0037 -0.8506
f 7096//6766 7144//6766 7145//6766 7097//6766
vn 0.5444 -0.0504 -0.8373
usemtl leaf_2
f 7097//6767 7145//6767 7146//6767 7098//6767
vn 0.4550 -0.0721 -0.8876
f 7098//6768 7146//6768 7147//6768 7099//6768
vn 0.3647 0.0018 -0.9311
usemtl leaf_3
f 7099//6769 7147//6769 7148//6769 7100//6769
vn 0.4262 0.1608 -0.8902
usemtl leaf_4
f 7100//6770 7148//6770 7149//6770 7101//6770
vn 0.5239 0.0234 -0.8514
usemtl leaf_3
f 7101//6771 7149//6771 7150//6771 7102//6771
vn 0.6208 -0.0260 -0.7835
usemtl leaf_2
f 7102//6772 7150//6772 7151//6772 7103//6772
vn 0.6012 -0.0029 -0.7991
usemtl leaf_1
f 7103//6773 7151//6773 7152//6773 7104//6773
vn 0.8073 -0.0405 -0.5887
usemtl leaf_2
f 7104//6774 7152//6774 7153//6774 7105//6774
vn 0.9822 -0.0575 -0.1787
usemtl leaf_3
f 7105//6775 7153//6775 7154//6775 7106//6775
vn 0.9654 -0.1252 0.2289
f 7106//6776 7154//6776 7155//6776 7107//6776
vn 0.9018 -0.1105 0.4178
f 7107//6777 7155//6777 7156//6777 7108//6777
vn 0.8285 -0.0427 0.5584
usemtl leaf_4
f 7108//6778 7156//6778 7157//6778 7109//6778
vn 0.9223 0.0418 0.3843
usemtl leaf_2
f 7109//6779 7157//6779 7158//6779 7110//6779
vn 0.9144 0.0065 0.4047
usemtl leaf_4
f 7110//6780 7158//6780 7111//6780 7063//6780
vn 0.8176 0.0860 0.5693
f 7111//6781 7159//6781 7160//6781 7112//6781
vn 0.8450 -0.0034 0.5347
usemtl leaf_3
f 7112//6782 7160//6782 7161//6782 7113//6782
vn 0.8472 -0.1397 0.5125
usemtl leaf_2
f 7113//6783 7161//6783 7162//6783 7114//6783
vn 0.8680 -0.0649 0.4924
usemtl leaf_1
f 7114//6784 7162//6784 7163//6784 7115//6784
vn 0.8584 -0.0706 0.5080
usemtl leaf_4
f 7115//6785 7163//6785 7164//6785 7116//6785
vn 0.5216 -0.1394 0.8417
usemtl leaf_3
f 7116//6786 7164//6786 7165//6786 7117//6786
vn -0.0309 -0.0697 0.9971
f 7117//6787 7165//6787 7166//6787 7118//6787
vn -0.3169 0.0279 0.9480
usemtl leaf_1
f 7118//6788 7166//6788 7167//6788 7119//6788
vn -0.3058 0.0740 0.9492
usemtl leaf_3
f 7119//6789 7167//6789 7168//6789 7120//6789
vn -0.4119 0.0804 0.9077
f 7120//6790 7168//6790 7169//6790 7121//6790
vn -0.4473 -0.0230 0.8941
usemtl leaf_2
f 7121//6791 7169//6791 7170//6791 7122//6791
vn -0.4767 -0.1382 0.8682
f 7122//6792 7170//6792 7171//6792 7123//6792
vn -0.5715 -0.0769 0.8170
usemtl leaf_3
f 7123//6793 7171//6793 7172//6793 7124//6793
vn -0.5168 -0.0053 0.8561
usemtl leaf_2
f 7124//6794 7172//6794 7173//6794 7125//6794
vn -0.4442 0.0655 0.8935
f 7125//6795 7173//6795 7174//6795 7126//6795
vn -0.4726 0.1275 0.8720
f 7126//6796 7174//6796 7175//6796 7127//6796
vn -0.5105 0.0756 0.8565
usemtl leaf_4
f 7127//6797 7175//6797 7176//6797 7128//6797
vn -0.8272 0.0089 0.5619
f 7128//6798 7176//6798 7177//6798 7129//6798
vn -0.9972 -0.0724 -0.0188
usemtl leaf_3
f 7129//6799 7177//6799 7178//6799 7130//6799
vn -0.9482 -0.0620 -0.3116
usemtl leaf_2
f 7130//6800 7178//6800 7179//6800 7131//6800
vn -0.8874 0.0376 -0.4595
usemtl leaf_3
f 7131//6801 7179//6801 7180//6801 7132//6801
vn -0.8861 0.0527 -0.4605
f 7132//6802 7180//6802 7181//6802 7133//6802
vn -0.9235 -0.0267 -0.3827
usemtl leaf_4
f 7133//6803 7181//6803 7182//6803 7134//6803
vn -0.8694 0.0108 -0.4939
usemtl leaf_3
f 7134//6804 7182//6804 7183//6804 7135//6804
vn -0.9271 0.0343 -0.3732
usemtl leaf_2
f 7135//6805 7183//6805 7184//6805 7136//6805
vn -0.8351 0.0468 -0.5481
usemtl leaf_3
f 7136//6806 7184//6806 7185//6806 7137//6806
vn -0.8717 0.0474 -0.4877
f 7137//6807 7185//6807 7186//6807 7138//6807
vn -0.8273 0.0341 -0.5608
f 7138//6808 7186//6808 7187//6808 7139//6808
vn -0.7691 0.0257 -0.6386
usemtl leaf_2
f 7139//6809 7187//6809 7188//6809 7140//6809
vn -0.6714 -0.0873 -0.7359
f 7140//6810 7188//6810 7189//6810 7141//6810
vn -0.1244 -0.0604 -0.9904
usemtl leaf_3
f 7141//6811 7189//6811 7190//6811 7142//6811
vn 0.2548 0.0355 -0.9663
f 7142//6812 7190//6812 7191//6812 7143//6812
vn 0.4353 -0.0263 -0.8999
usemtl leaf_4
f 7143//6813 7191//6813 7192//6813 7144//6813
vn 0.4918 -0.0393 -0.8698
f 7144//6814 7192//6814 7193//6814 7145//6814
vn 0.5538 -0.0177 -0.8325
usemtl leaf_2
f 7145//6815 7193//6815 7194//6815 7146//6815
vn 0.4117 -0.0349 -0.9106
usemtl leaf_3
f 7146//6816 7194//6816 7195//6816 7147//6816
vn 0.4691 -0.0375 -0.8823
f 7147//6817 7195//6817 7196//6817 7148//6817
vn 0.5060 0.0103 -0.8624
usemtl leaf_2
f 7148//6818 7196//6818 7197//6818 7149//6818
vn 0.4045 0.0959 -0.9095
f 7149//6819 7197//6819 7198//6819 7150//6819
vn 0.6063 -0.0216 -0.7950
usemtl leaf_1
f 7150//6820 7198//6820 7199//6820 7151//6820
vn 0.5582 -0.1137 -0.8219
usemtl leaf_2
f 7151//6821 7199//6821 7200//6821 7152//6821
vn 0.8401 -0.0782 -0.5367
usemtl leaf_1
f 7152//6822 7200//6822 7201//6822 7153//6822
vn 0.9827 -0.0025 -0.1853
usemtl leaf_2
f 7153//6823 7201//6823 7202//6823 7154//6823
vn 0.9802 0.0331 0.1954
usemtl leaf_3
f 7154//6824 7202//6824 7203//6824 7155//6824
vn 0.8816 0.0641 0.4676
usemtl leaf_5
f 7155//6825 7203//6825 7204//6825 7156//6825
vn 0.8534 0.0263 0.5206
usemtl leaf_4
f 7156//6826 7204//6826 7205//6826 7157//6826
vn 0.8813 -0.0107 0.4724
usemtl leaf_2
f 7157//6827 7205//6827 7206//6827 7158//6827
vn 0.9454 0.0379 0.3236
usemtl leaf_3
f 7158//6828 7206//6828 7159//6828 7111//6828
vn 0.7908 0.0359 0.6110
usemtl leaf_2
f 7159//6829 7207//6829 7208//6829 7160//6829
vn 0.8894 0.0755 0.4509
usemtl leaf_3
f 7160//6830 7208//6830 7209//6830 7161//6830
vn 0.8829 0.0471 0.4672
usemtl leaf_1
f 7161//6831 7209//6831 7210//6831 7162//6831
vn 0.8476 -0.0393 0.5291
f 7162//6832 7210//6832 7211//6832 7163//6832
vn 0.8603 0.0135 0.5096
f 7163//6833 7211//6833 7212//6833 7164//6833
vn 0.5305 0.0655 0.8451
usemtl leaf_3
f 7164//6834 7212//6834 7213//6834 7165//6834
vn -0.0499 0.0120 0.9987
f 7165//6835 7213//6835 7214//6835 7166//6835
vn -0.3137 -0.0633 0.9474
usemtl leaf_1
f 7166//6836 7214//6836 7215//6836 7167//6836
vn -0.3598 -0.0499 0.9317
usemtl leaf_3
f 7167//6837 7215//6837 7216//6837 7168//6837
vn -0.4208 0.0137 0.9071
usemtl leaf_2
f 7168//6838 7216//6838 7217//6838 7169//6838
vn -0.4137 0.0896 0.9060
f 7169//6839 7217//6839 7218//6839 7170//6839
vn -0.4186 0.0957 0.9031
usemtl leaf_4
f 7170//6840 7218//6840 7219//6840 7171//6840
vn -0.5929 -0.0115 0.8052
usemtl leaf_3
f 7171//6841 7219//6841 7220//6841 7172//6841
vn -0.4658 -0.1143 0.8775
usemtl leaf_2
f 7172//6842 7220//6842 7221//6842 7173//6842
vn -0.4986 -0.1655 0.8509
usemtl leaf_3
f 7173//6843 7221//6843 7222//6843 7174//6843
vn -0.5239 -0.0899 0.8470
usemtl leaf_1
f 7174//6844 7222//6844 7223//6844 7175//6844
vn -0.5111 0.0295 0.8590
usemtl leaf_2
f 7175//6845 7223//6845 7224//6845 7176//6845
vn -0.8086 0.0855 0.5822
f 7176//6846 7224//6846 7225//6846 7177//6846
vn -0.9961 0.0798 0.0366
f 7177//6847 7225//6847 7226//6847 7178//6847
vn -0.9270 0.0791 -0.3667
usemtl leaf_3
f 7178//6848 7226//6848 7227//6848 7179//6848
vn -0.8880 0.0451 -0.4576
f 7179//6849 7227//6849 7228//6849 7180//6849
vn -0.9030 -0.0108 -0.4295
f 7180//6850 7228//6850 7229//6850 7181//6850
vn -0.9020 0.0784 -0.4246
usemtl leaf_1
f 7181//6851 7229//6851 7230//6851 7182//6851
vn -0.9097 -0.0023 -0.4152
usemtl leaf_3
f 7182//6852 7230//6852 7231//6852 7183//6852
vn -0.9120 -0.0846 -0.4013
f 7183//6853 7231//6853 7232//6853 7184//6853
vn -0.7900 0.0192 -0.6128
usemtl leaf_1
f 7184//6854 7232//6854 7233//6854 7185//6854
vn -0.8895 0.0548 -0.4536
f 7185//6855 7233//6855 7234//6855 7186//6855
vn -0.8383 0.0066 -0.5452
usemtl leaf_2
f 7186//6856 7234//6856 7235//6856 7187//6856
vn -0.8221 -0.1168 -0.5573
usemtl leaf_3
f 7187//6857 7235//6857 7236//6857 7188//6857
vn -0.6304 -0.0733 -0.7728
usemtl leaf_2
f 7188//6858 7236//6858 7237//6858 7189//6858
vn -0.0310 0.0519 -0.9982
usemtl leaf_3
f 7189//6859 7237//6859 7238//6859 7190//6859
vn 0.2904 0.0907 -0.9526
usemtl leaf_2
f 7190//6860 7238//6860 7239//6860 7191//6860
vn 0.4044 0.1549 -0.9014
usemtl leaf_3
f 7191//6861 7239//6861 7240//6861 7192//6861
vn 0.4577 0.0914 -0.8844
f 7192//6862 7240//6862 7241//6862 7193//6862
vn 0.5072 -0.0326 -0.8612
f 7193//6863 7241//6863 7242//6863 7194//6863
vn 0.3967 -0.0936 -0.9132
f 7194//6864 7242//6864 7243//6864 7195//6864
vn 0.5272 -0.0367 -0.8489
f 7195//6865 7243//6865 7244//6865 7196//6865
vn 0.5820 0.0855 -0.8087
usemtl leaf_1
f 7196//6866 7244//6866 7245//6866 7197//6866
vn 0.4373 0.1350 -0.8891
usemtl leaf_3
f 7197//6867 7245//6867 7246//6867 7198//6867
vn 0.4461 0.0868 -0.8907
f 7198//6868 7246//6868 7247//6868 7199//6868
vn 0.5753 -0.0065 -0.8179
usemtl leaf_2
f 7199//6869 7247//6869 7248//6869 7200//6869
vn 0.8099 -0.0944 -0.5789
f 7200//6870 7248//6870 7249//6870 7201//6870
vn 0.9969 -0.0703 -0.0350
usemtl leaf_3
f 7201//6871 7249//6871 7250//6871 7202//6871
vn 0.9625 0.1087 0.2484
usemtl leaf_2
f 7202//6872 7250//6872 7251//6872 7203//6872
vn 0.9021 0.0695 0.4259
usemtl leaf_4
f 7203//6873 7251//6873 7252//6873 7204//6873
vn 0.8862 -0.0245 0.4626
usemtl leaf_3
f 7204//6874 7252//6874 7253//6874 7205//6874
vn 0.8434 0.0162 0.5371
f 7205//6875 7253//6875 7254//6875 7206//6875
vn 0.9482 0.0423 0.3147
usemtl leaf_2
f 7206//6876 7254//6876 7207//6876 7159//6876
vn 0.8267 0.0085 0.5625
usemtl leaf_3
f 7207//6877 7255//6877 7256//6877 7208//6877
vn 0.8838 -0.0827 0.4606
f 7208//6878 7256//6878 7257//6878 7209//6878
vn 0.8778 -0.0398 0.4774
usemtl leaf_2
f 7209//6879 7257//6879 7258//6879 7210//6879
vn 0.8759 -0.0085 0.4824
usemtl leaf_3
f 7210//6880 7258//6880 7259//6880 7211//6880
vn 0.8222 -0.0396 0.5678
usemtl leaf_2
f 7211//6881 7259//6881 7260//6881 7212//6881
vn 0.5481 -0.0289 0.8359
f 7212//6882 7260//6882 7261//6882 7213//6882
vn -0.0259 -0.0245 0.9994
usemtl leaf_3
f 7213//6883 7261//6883 7262//6883 7214//6883
vn -0.2618 -0.0332 0.9646
f 7214//6884 7262//6884 7263//6884 7215//6884
vn -0.4364 -0.0163 0.8996
f 7215//6885 7263//6885 7264//6885 7216//6885
vn -0.4081 0.0011 0.9129
usemtl leaf_2
f 7216//6886 7264//6886 7265//6886 7217//6886
vn -0.4498 -0.0438 0.8921
f 7217//6887 7265//6887 7266//6887 7218//6887
vn -0.4200 -0.0070 0.9075
usemtl leaf_3
f 7218//6888 7266//6888 7267//6888 7219//6888
vn -0.5334 0.0229 0.8456
usemtl leaf_1
f 7219//6889 7267//6889 7268//6889 7220//6889
vn -0.4625 0.0479 0.8853
f 7220//6890 7268//6890 7269//6890 7221//6890
vn -0.5002 0.1046 0.8595
f 7221//6891 7269//6891 7270//6891 7222//6891
vn -0.5288 0.0445 0.8476
f 7222//6892 7270//6892 7271//6892 7223//6892
vn -0.5405 -0.0244 0.8410
usemtl leaf_2
f 7223//6893 7271//6893 7272//6893 7224//6893
vn -0.8194 -0.0244 0.5727
usemtl leaf_3
f 7224//6894 7272//6894 7273//6894 7225//6894
vn -0.9992 -0.0068 0.0388
f 7225//6895 7273//6895 7274//6895 7226//6895
vn -0.9348 -0.0254 -0.3543
usemtl leaf_2
f 7226//6896 7274//6896 7275//6896 7227//6896
vn -0.8873 0.0022 -0.4612
usemtl leaf_1
f 7227//6897 7275//6897 7276//6897 7228//6897
vn -0.8845 0.0948 -0.4568
f 7228//6898 7276//6898 7277//6898 7229//6898
vn -0.9250 -0.0109 -0.3797
f 7229//6899 7277//6899 7278//6899 7230//6899
vn -0.9359 -0.0575 -0.3476
usemtl leaf_3
f 7230//6900 7278//6900 7279//6900 7231//6900
vn -0.8611 0.0684 -0.5037
f 7231//6901 7279//6901 7280//6901 7232//6901
vn -0.8190 0.0342 -0.5728
usemtl leaf_1
f 7232//6902 7280//6902 7281//6902 7233//6902
vn -0.8627 0.0108 -0.5055
f 7233//6903 7281//6903 7282//6903 7234//6903
vn -0.8897 0.0004 -0.4565
f 7234//6904 7282//6904 7283//6904 7235//6904
vn -0.8362 -0.0038 -0.5484
usemtl leaf_3
f 7235//6905 7283//6905 7284//6905 7236//6905
vn -0.5710 0.0121 -0.8209
f 7236//6906 7284//6906 7285//6906 7237//6906
vn -0.0296 -0.0239 -0.9993
usemtl leaf_1
f 7237//6907 7285//6907 7286//6907 7238//6907
vn 0.3612 0.0243 -0.9322
usemtl leaf_3
f 7238//6908 7286//6908 7287//6908 7239//6908
vn 0.4314 0.0746 -0.8991
usemtl leaf_1
f 7239//6909 7287//6909 7288//6909 7240//6909
vn 0.3517 0.0496 -0.9348
usemtl leaf_3
f 7240//6910 7288//6910 7289//6910 7241//6910
vn 0.4526 -0.0200 -0.8915
usemtl leaf_2
f 7241//6911 7289//6911 7290//6911 7242//6911
vn 0.4592 0.0409 -0.8874
usemtl leaf_3
f 7242//6912 7290//6912 7291//6912 7243//6912
vn 0.5721 0.1128 -0.8124
usemtl leaf_2
f 7243//6913 7291//6913 7292//6913 7244//6913
vn 0.5885 0.0575 -0.8064
f 7244//6914 7292//6914 7293//6914 7245//6914
vn 0.4030 -0.0452 -0.9141
usemtl leaf_1
f 7245//6915 7293//6915 7294//6915 7246//6915
vn 0.4414 -0.0695 -0.8946
usemtl leaf_2
f 7246//6916 7294//6916 7295//6916 7247//6916
vn 0.5280 -0.0661 -0.8466
f 7247//6917 7295//6917 7296//6917 7248//6917
vn 0.8076 -0.0741 -0.5851
usemtl leaf_3
f 7248//6918 7296//6918 7297//6918 7249//6918
vn 0.9984 -0.0135 0.0547
usemtl leaf_4
f 7249//6919 7297//6919 7298//6919 7250//6919
vn 0.9389 0.0195 0.3436
usemtl leaf_2
f 7250//6920 7298//6920 7299//6920 7251//6920
vn 0.9209 0.1050 0.3753
usemtl leaf_1
f 7251//6921 7299//6921 7300//6921 7252//6921
vn 0.8937 0.0994 0.4376
usemtl leaf_2
f 7252//6922 7300//6922 7301//6922 7253//6922
vn 0.8768 -0.0452 0.4787
usemtl leaf_3
f 7253//6923 7301//6923 7302//6923 7254//6923
vn 0.9118 -0.0389 0.4089
f 7254//6924 7302//6924 7255//6924 7207//6924
vn 0.8599 -0.0583 0.5072
usemtl leaf_1
f 7255//6925 7303//6925 7304//6925 7256//6925
vn 0.9063 -0.0845 0.4140
f 7256//6926 7304//6926 7305//6926 7257//6926
vn 0.8350 -0.1075 0.5397
usemtl leaf_3
f 7257//6927 7305//6927 7306//6927 7258//6927
vn 0.8761 -0.0816 0.4751
usemtl leaf_1
f 7258//6928 7306//6928 7307//6928 7259//6928
vn 0.7663 0.0345 0.6416
f 7259//6929 7307//6929 7308//6929 7260//6929
vn 0.5668 0.1218 0.8148
f 7260//6930 7308//6930 7309//6930 7261//6930
vn -0.0054 0.0702 0.9975
usemtl leaf_2
f 7261//6931 7309//6931 7310//6931 7262//6931
vn -0.2753 0.0553 0.9598
f 7262//6932 7310//6932 7311//6932 7263//6932
vn -0.4529 0.0549 0.8899
f 7263//6933 7311//6933 7312//6933 7264//6933
vn -0.4245 0.0663 0.9030
usemtl leaf_1
f 7264//6934 7312//6934 7313//6934 7265//6934
vn -0.4565 0.1293 0.8803
usemtl leaf_2
f 7265//6935 7313//6935 7314//6935 7266//6935
vn -0.4523 0.1347 0.8817
usemtl leaf_1
f 7266//6936 7314//6936 7315//6936 7267//6936
vn -0.4505 0.0482 0.8915
f 7267//6937 7315//6937 7316//6937 7268//6937
vn -0.5080 -0.0187 0.8612
usemtl leaf_2
f 7268//6938 7316//6938 7317//6938 7269//6938
vn -0.4708 -0.0713 0.8794
f 7269//6939 7317//6939 7318//6939 7270//6939
vn -0.5227 -0.0834 0.8484
usemtl leaf_1
f 7270//6940 7318//6940 7319//6940 7271//6940
vn -0.5445 -0.0353 0.8380
usemtl leaf_3
f 7271//6941 7319//6941 7320//6941 7272//6941
vn -0.8261 -0.0285 0.5629
f 7272//6942 7320//6942 7321//6942 7273//6942
vn -0.9996 -0.0163 0.0213
usemtl leaf_2
f 7273//6943 7321//6943 7322//6943 7274//6943
vn -0.9496 -0.0265 -0.3124
f 7274//6944 7322//6944 7323//6944 7275//6944
vn -0.8530 -0.0167 -0.5217
usemtl leaf_1
f 7275//6945 7323//6945 7324//6945 7276//6945
vn -0.9025 -0.0422 -0.4287
f 7276//6946 7324//6946 7325//6946 7277//6946
vn -0.9430 -0.0156 -0.3324
f 7277//6947 7325//6947 7326//6947 7278//6947
vn -0.8754 0.1141 -0.4698
usemtl leaf_3
f 7278//6948 7326//6948 7327//6948 7279//6948
vn -0.8687 0.1063 -0.4838
usemtl leaf_2
f 7279//6949 7327//6949 7328//6949 7280//6949
vn -0.8926 -0.0287 -0.4498
usemtl leaf_1
f 7280//6950 7328//6950 7329//6950 7281//6950
vn -0.8255 -0.0888 -0.5574
usemtl leaf_2
f 7281//6951 7329//6951 7330//6951 7282//6951
vn -0.9076 -0.0875 -0.4106
usemtl leaf_1
f 7282//6952 7330//6952 7331//6952 7283//6952
vn -0.7874 -0.0861 -0.6104
f 7283//6953 7331//6953 7332//6953 7284//6953
vn -0.5291 0.0208 -0.8483
f 7284//6954 7332//6954 7333//6954 7285//6954
vn -0.0295 0.1006 -0.9945
usemtl leaf_2
f 7285//6955 7333//6955 7334//6955 7286//6955
vn 0.3279 0.0018 -0.9447
f 7286//6956 7334//6956 7335//6956 7287//6956
vn 0.4551 -0.0407 -0.8895
usemtl leaf_1
f 7287//6957 7335//6957 7336//6957 7288//6957
vn 0.3439 0.0190 -0.9388
usemtl leaf_3
f 7288//6958 7336//6958 7337//6958 7289//6958
vn 0.3778 -0.0043 -0.9259
usemtl leaf_2
f 7289//6959 7337//6959 7338//6959 7290//6959
vn 0.5516 -0.0354 -0.8334
f 7290//6960 7338//6960 7339//6960 7291//6960
vn 0.5170 -0.0596 -0.8539
f 7291//6961 7339//6961 7340//6961 7292//6961
vn 0.5976 -0.0635 -0.7992
usemtl leaf_0
f 7292//6962 7340//6962 7341//6962 7293//6962
vn 0.3615 -0.0027 -0.9324
usemtl leaf_1
f 7293//6963 7341//6963 7342//6963 7294//6963
vn 0.4264 -0.0396 -0.9037
f 7294//6964 7342//6964 7343//6964 7295//6964
vn 0.5220 -0.0727 -0.8498
f 7295//6965 7343//6965 7344//6965 7296//6965
vn 0.8693 0.0148 -0.4941
usemtl leaf_2
f 7296//6966 7344//6966 7345//6966 7297//6966
vn 0.9969 0.0593 0.0517
f 7297//6967 7345//6967 7346//6967 7298//6967
vn 0.9268 0.0447 0.3729
f 7298//6968 7346//6968 7347//6968 7299//6968
vn 0.9215 0.0159 0.3880
usemtl leaf_1
f 7299//6969 7347//6969 7348//6969 7300//6969
vn 0.9332 -0.0404 0.3570
f 7300//6970 7348//6970 7349//6970 7301//6970
vn 0.9065 -0.0503 0.4193
usemtl leaf_3
f 7301//6971 7349//6971 7350//6971 7302//6971
vn 0.8723 -0.0376 0.4875
f 7302//6972 7350//6972 7303//6972 7255//6972
vn 0.9151 0.0749 0.3961
usemtl leaf_1
f 7303//6973 7351//6973 7352//6973 7304//6973
vn 0.9067 0.0063 0.4217
usemtl leaf_3
f 7304//6974 7352//6974 7353//6974 7305//6974
vn 0.8494 0.0363 0.5265
f 7305//6975 7353//6975 7354//6975 7306//6975
vn 0.8567 0.0761 0.5101
usemtl leaf_0
f 7306//6976 7354//6976 7355//6976 7307//6976
vn 0.7513 0.0547 0.6577
f 7307//6977 7355//6977 7356//6977 7308//6977
vn 0.5540 0.0183 0.8323
f 7308//6978 7356//6978 7357//6978 7309//6978
vn 0.0285 0.0464 0.9985
f 7309//6979 7357//6979 7358//6979 7310//6979
vn -0.3289 0.0738 0.9415
f 7310//6980 7358//6980 7359//6980 7311//6980
vn -0.3760 0.0392 0.9258
f 7311//6981 7359//6981 7360//6981 7312//6981
vn -0.4102 -0.0546 0.9103
usemtl leaf_1
f 7312//6982 7360//6982 7361//6982 7313//6982
vn -0.5539 -0.0039 0.8326
f 7313//6983 7361//6983 7362//6983 7314//6983
vn -0.4009 0.0543 0.9145
f 7314//6984 7362//6984 7363//6984 7315//6984
vn -0.4225 0.0507 0.9049
f 7315//6985 7363//6985 7364//6985 7316//6985
vn -0.4207 -0.0078 0.9072
usemtl leaf_3
f 7316//6986 7364//6986 7365//6986 7317//6986
vn -0.4615 -0.0544 0.8855
usemtl leaf_2
f 7317//6987 7365//6987 7366//6987 7318//6987
vn -0.5320 -0.0391 0.8459
usemtl leaf_0
f 7318//6988 7366//6988 7367//6988 7319//6988
vn -0.6201 0.0357 0.7837
f 7319//6989 7367//6989 7368//6989 7320//6989
vn -0.8086 0.1505 0.5688
f 7320//6990 7368//6990 7369//6990 7321//6990
vn -0.9830 0.1790 -0.0399
f 7321//6991 7369//6991 7370//6991 7322//6991
vn -0.9524 0.1453 -0.2678
f 7322//6992 7370//6992 7371//6992 7323//6992
vn -0.8764 0.0037 -0.4816
f 7323//6993 7371//6993 7372//6993 7324//6993
vn -0.9025 -0.0289 -0.4297
f 7324//6994 7372//6994 7373//6994 7325//6994
vn -0.9186 0.0042 -0.3953
usemtl leaf_1
f 7325//6995 7373//6995 7374//6995 7326//6995
vn -0.8481 0.0099 -0.5297
usemtl leaf_2
f 7326//6996 7374//6996 7375//6996 7327//6996
vn -0.8836 0.0591 -0.4644
f 7327//6997 7375//6997 7376//6997 7328//6997
vn -0.9421 0.0418 -0.3328
f 7328//6998 7376//6998 7377//6998 7329//6998
vn -0.8544 -0.0582 -0.5163
f 7329//6999 7377//6999 7378//6999 7330//6999
vn -0.8795 -0.0041 -0.4758
usemtl leaf_0
f 7330//7000 7378//7000 7379//7000 7331//7000
vn -0.7868 0.1119 -0.6069
f 7331//7001 7379//7001 7380//7001 7332//7001
vn -0.4855 0.0884 -0.8698
f 7332//7002 7380//7002 7381//7002 7333//7002
vn -0.0483 0.0464 -0.9978
f 7333//7003 7381//7003 7382//7003 7334//7003
vn 0.2385 0.0189 -0.9710
f 7334//7004 7382//7004 7383//7004 7335//7004
vn 0.4707 -0.0180 -0.8821
f 7335//7005 7383//7005 7384//7005 7336//7005
vn 0.3840 -0.0188 -0.9232
usemtl leaf_1
f 7336//7006 7384//7006 7385//7006 7337//7006
vn 0.4223 0.0887 -0.9021
f 7337//7007 7385//7007 7386//7007 7338//7007
vn 0.4793 0.0777 -0.8742
f 7338//7008 7386//7008 7387//7008 7339//7008
vn 0.5141 0.0132 -0.8576
usemtl leaf_3
f 7339//7009 7387//7009 7388//7009 7340//7009
vn 0.5718 -0.0170 -0.8202
usemtl leaf_2
f 7340//7010 7388//7010 7389//7010 7341//7010
vn 0.4417 -0.0125 -0.8971
f 7341//7011 7389//7011 7390//7011 7342//7011
vn 0.3666 0.0534 -0.9288
usemtl leaf_0
f 7342//7012 7390//7012 7391//7012 7343//7012
vn 0.5612 0.1403 -0.8157
f 7343//7013 7391//7013 7392//7013 7344//7013
vn 0.8575 0.1840 -0.4805
f 7344//7014 7392//7014 7393//7014 7345//7014
vn 0.9968 0.0781 -0.0174
f 7345//7015 7393//7015 7394//7015 7346//7015
vn 0.9171 0.0405 0.3966
f 7346//7016 7394//7016 7395//7016 7347//7016
vn 0.9224 0.0795 0.3780
f 7347//7017 7395//7017 7396//7017 7348//7017
vn 0.9142 0.1323 0.3831
f 7348//7018 7396//7018 7397//7018 7349//7018
vn 0.9174 0.1133 0.3815
usemtl leaf_2
f 7349//7019 7397//7019 7398//7019 7350//7019
vn 0.8322 0.1111 0.5433
usemtl leaf_1
f 7350//7020 7398//7020 7351//7020 7303//7020
vn 0.9209 0.0960 0.3777
usemtl leaf_0
f 7351//7021 7399//7021 7400//7021 7352//7021
vn 0.9213 0.1130 0.3722
f 7352//7022 7400//7022 7401//7022 7353//7022
vn 0.8577 0.0419 0.5125
f 7353//7023 7401//7023 7402//7023 7354//7023
vn 0.7884 0.1165 0.6040
f 7354//7024 7402//7024 7403//7024 7355//7024
vn 0.7713 0.2682 0.5773
f 7355//7025 7403//7025 7404//7025 7356//7025
vn 0.4185 0.5181 0.7460
f 7356//7026 7404//7026 7405//7026 7357//7026
vn 0.0297 0.5489 0.8353
f 7357//7027 7405//7027 7406//7027 7358//7027
vn -0.2775 0.2180 0.9357
f 7358//7028 7406//7028 7407//7028 7359//7028
vn -0.3762 0.1335 0.9169
f 7359//7029 7407//7029 7408//7029 7360//7029
vn -0.4341 0.2161 0.8746
f 7360//7030 7408//7030 7409//7030 7361//7030
vn -0.5002 0.0866 0.8616
f 7361//7031 7409//7031 7410//7031 7362//7031
vn -0.4313 -0.0040 0.9022
f 7362//7032 7410//7032 7411//7032 7363//7032
vn -0.4262 0.0282 0.9042
f 7363//7033 7411//7033 7412//7033 7364//7033
vn -0.3979 0.0727 0.9145
f 7364//7034 7412//7034 7413//7034 7365//7034
vn -0.4054 0.0705 0.9114
f 7365//7035 7413//7035 7414//7035 7366//7035
vn -0.5656 0.0840 0.8204
f 7366//7036 7414//7036 7415//7036 7367//7036
vn -0.6598 0.2156 0.7199
f 7367//7037 7415//7037 7416//7037 7368//7037
vn -0.7829 0.4252 0.4542
f 7368//7038 7416//7038 7417//7038 7369//7038
vn -0.8630 0.5017 -0.0591
f 7369//7039 7417//7039 7418//7039 7370//7039
vn -0.9545 0.2640 -0.1384
f 7370//7040 7418//7040 7419//7040 7371//7040
vn -0.9336 0.0415 -0.3560
f 7371//7041 7419//7041 7420//7041 7372//7041
vn -0.8638 -0.0007 -0.5038
f 7372//7042 7420//7042 7421//7042 7373//7042
vn -0.8949 0.0778 -0.4393
f 7373//7043 7421//7043 7422//7043 7374//7043
vn -0.8015 0.1545 -0.5777
f 7374//7044 7422//7044 7423//7044 7375//7044
vn -0.8958 0.1230 -0.4271
f 7375//7045 7423//7045 7424//7045 7376//7045
vn -0.9308 0.1300 -0.3415
f 7376//7046 7424//7046 7425//7046 7377//7046
vn -0.9223 0.1284 -0.3645
f 7377//7047 7425//7047 7426//7047 7378//7047
vn -0.8328 0.0364 -0.5524
f 7378//7048 7426//7048 7427//7048 7379//7048
vn -0.7135 0.1841 -0.6760
f 7379//7049 7427//7049 7428//7049 7380//7049
vn -0.5022 0.4076 -0.7627
f 7380//7050 7428//7050 7429//7050 7381//7050
vn 0.0333 0.4744 -0.8797
f 7381//7051 7429//7051 7430//7051 7382//7051
vn 0.1572 0.3530 -0.9223
f 7382//7052 7430//7052 7431//7052 7383//7052
vn 0.4099 0.0826 -0.9084
f 7383//7053 7431//7053 7432//7053 7384//7053
vn 0.4375 0.0338 -0.8986
f 7384//7054 7432//7054 7433//7054 7385//7054
vn 0.5077 0.0621 -0.8593
f 7385//7055 7433//7055 7434//7055 7386//7055
vn 0.4465 0.1295 -0.8854
f 7386//7056 7434//7056 7435//7056 7387//7056
vn 0.4527 0.1023 -0.8858
f 7387//7057 7435//7057 7436//7057 7388//7057
vn 0.5448 0.0509 -0.8370
f 7388//7058 7436//7058 7437//7058 7389//7058
vn 0.4506 0.0402 -0.8918
f 7389//7059 7437//7059 7438//7059 7390//7059
vn 0.4556 0.1174 -0.8824
f 7390//7060 7438//7060 7439//7060 7391//7060
vn 0.5740 0.3105 -0.7577
f 7391//7061 7439//7061 7440//7061 7392//7061
vn 0.7698 0.4105 -0.4888
f 7392//7062 7440//7062 7441//7062 7393//7062
vn 0.8694 0.4942 -0.0057
f 7393//7063 7441//7063 7442//7063 7394//7063
vn 0.9025 0.2565 0.3460
f 7394//7064 7442//7064 7443//7064 7395//7064
vn 0.9405 0.0310 0.3383
f 7395//7065 7443//7065 7444//7065 7396//7065
vn 0.9091 -0.0062 0.4165
f 7396//7066 7444//7066 7445//7066 7397//7066
vn 0.9167 0.0656 0.3940
f 7397//7067 7445//7067 7446//7067 7398//7067
vn 0.8358 0.0767 0.5437
f 7398//7068 7446//7068 7399//7068 7351//7068
vn 0.6696 0.6756 0.3087
f 7399//7069 7447//7069 7448//7069 7400//7069
vn 0.4208 0.9043 0.0724
f 7400//7070 7448//7070 7449//7070 7401//7070
vn 0.0000 1.0000 0.0000
f 7401//7071 7449//7071 7450//7071 7402//7071
vn 0.0000 1.0000 0.0000
f 7402//7072 7450//7072 7451//7072 7403//7072
vn 0.0000 1.0000 0.0000
f 7403//7073 7451//7073 7452//7073 7404//7073
vn 0.0000 1.0000 0.0000
f 7404//7074 7452//7074 7453//7074 7405//7074
vn 0.0000 1.0000 0.0000
f 7405//7075 7453//7075 7454//7075 7406//7075
vn 0.0000 1.0000 0.0000
f 7406//7076 7454//7076 7455//7076 7407//7076
vn 0.0000 1.0000 0.0000
f 7407//7077 7455//7077 7456//7077 7408//7077
vn -0.2197 0.9187 0.3283
f 7408//7078 7456//7078 7457//7078 7409//7078
vn -0.2828 0.7557 0.5907
f 7409//7079 7457//7079 7458//7079 7410//7079
vn -0.3372 0.8010 0.4946
f 7410//7080 7458//7080 7459//7080 7411//7080
vn -0.1816 0.8046 0.5653
f 7411//7081 7459//7081 7460//7081 7412//7081
vn -0.1716 0.8642 0.4729
f 7412//7082 7460//7082 7461//7082 7413//7082
vn -0.0281 0.9903 0.1360
f 7413//7083 7461//7083 7462//7083 7414//7083
vn 0.0000 1.0000 0.0000
usemtl leaf_1
f 7414//7084 7462//7084 7463//7084 7415//7084
vn 0.0000 1.0000 0.0000
usemtl leaf_0
f 7415//7085 7463//7085 7464//7085 7416//7085
vn 0.0000 1.0000 0.0000
f 7416//7086 7464//7086 7465//7086 7417//7086
vn 0.0000 1.0000 0.0000
f 7417//7087 7465//7087 7466//7087 7418//7087
vn 0.0000 1.0000 0.0000
f 7418//7088 7466//7088 7467//7088 7419//7088
vn 0.0000 1.0000 0.0000
f 7419//7089 7467//7089 7468//7089 7420//7089
vn -0.1006 0.9900 -0.0990
f 7420//7090 7468//7090 7469//7090 7421//7090
vn -0.3856 0.8676 -0.3140
f 7421//7091 7469//7091 7470//7091 7422//7091
vn -0.7101 0.5555 -0.4327
f 7422//7092 7470//7092 7471//7092 7423//7092
vn -0.8137 0.4303 -0.3907
f 7423//7093 7471//7093 7472//7093 7424//7093
vn -0.7236 0.6455 -0.2445
f 7424//7094 7472//7094 7473//7094 7425//7094
vn -0.2873 0.9557 -0.0635
f 7425//7095 7473//7095 7474//7095 7426//7095
vn 0.0000 1.0000 0.0000
usemtl leaf_1
f 7426//7096 7474//7096 7475//7096 7427//7096
vn 0.0000 1.0000 0.0000
usemtl leaf_0
f 7427//7097 7475//7097 7476//7097 7428//7097
vn 0.0000 1.0000 0.0000
f 7428//7098 7476//7098 7477//7098 7429//7098
vn 0.0000 1.0000 0.0000
f 7429//7099 7477//7099 7478//7099 7430//7099
vn 0.0000 1.0000 0.0000
f 7430//7100 7478//7100 7479//7100 7431//7100
vn 0.0000 1.0000 0.0000
f 7431//7101 7479//7101 7480//7101 7432//7101
vn 0.0488 0.9977 -0.0474
f 7432//7102 7480//7102 7481//7102 7433//7102
vn 0.2533 0.9164 -0.3100
f 7433//7103 7481//7103 7482//7103 7434//7103
vn 0.3727 0.7399 -0.5601
f 7434//7104 7482//7104 7483//7104 7435//7104
vn 0.1974 0.7707 -0.6058
f 7435//7105 7483//7105 7484//7105 7436//7105
vn 0.3003 0.7716 -0.5607
f 7436//7106 7484//7106 7485//7106 7437//7106
vn 0.1490 0.8852 -0.4407
f 7437//7107 7485//7107 7486//7107 7438//7107
vn 0.0000 1.0000 0.0000
f 7438//7108 7486//7108 7487//7108 7439//7108
vn 0.0000 1.0000 0.0000
f 7439//7109 7487//7109 7488//7109 7440//7109
vn 0.0000 1.0000 0.0000
f 7440//7110 7488//7110 7489//7110 7441//7110
vn 0.0000 1.0000 0.0000
f 7441//7111 7489//7111 7490//7111 7442//7111
vn 0.0000 1.0000 0.0000
f 7442//7112 7490//7112 7491//7112 7443//7112
vn 0.0000 1.0000 0.0000
f 7443//7113 7491//7113 7492//7113 7444//7113
vn 0.0947 0.9926 0.0764
f 7444//7114 7492//7114 7493//7114 7445//7114
vn 0.3118 0.9158 0.2533
f 7445//7115 7493//7115 7494//7115 7446//7115
vn 0.5247 0.8042 0.2793
f 7446//7116 7494//7116 7447//7116 7399//7116
vn 0.0000 1.0000 0.0000
f 7447//7117 7495//7117 7496//7117 7448//7117
vn 0.0000 1.0000 0.0000
f 7448//7118 7496//7118 7497//7118 7449//7118
vn 0.0000 1.0000 0.0000
f 7449//7119 7497//7119 7498//7119 7450//7119
vn 0.0000 1.0000 0.0000
f 7450//7120 7498//7120 7499//7120 7451//7120
vn 0.0000 1.0000 0.0000
f 7451//7121 7499//7121 7500//7121 7452//7121
vn 0.0000 1.0000 0.0000
f 7452//7122 7500//7122 7501//7122 7453//7122
vn 0.0000 1.0000 0.0000
f 7453//7123 7501//7123 7502//7123 7454//7123
vn 0.0000 1.0000 0.0000
f 7454//7124 7502//7124 7503//7124 7455//7124
vn 0.0000 1.0000 0.0000
f 7455//7125 7503//7125 7504//7125 7456//7125
vn 0.0000 1.0000 0.0000
f 7456//7126 7504//7126 7505//7126 7457//7126
vn 0.0000 1.0000 0.0000
f 7457//7127 7505//7127 7506//7127 7458//7127
vn 0.0000 1.0000 0.0000
f 7458//7128 7506//7128 7507//7128 7459//7128
vn 0.0000 1.0000 0.0000
f 7459//7129 7507//7129 7508//7129 7460//7129
vn 0.0000 1.0000 0.0000
f 7460//7130 7508//7130 7509//7130 7461//7130
vn 0.0000 1.0000 0.0000
f 7461//7131 7509//7131 7510//7131 7462//7131
vn 0.0000 1.0000 0.0000
f 7462//7132 7510//7132 7511//7132 7463//7132
vn 0.0000 1.0000 0.0000
f 7463//7133 7511//7133 7512//7133 7464//7133
vn 0.0000 1.0000 0.0000
f 7464//7134 7512//7134 7513//7134 7465//7134
vn 0.0000 1.0000 0.0000
f 7465//7135 7513//7135 7514//7135 7466//7135
vn 0.0000 1.0000 0.0000
f 7466//7136 7514//7136 7515//7136 7467//7136
vn 0.0000 1.0000 0.0000
f 7467//7137 7515//7137 7516//7137 7468//7137
vn 0.0000 1.0000 0.0000
f 7468//7138 7516//7138 7517//7138 7469//7138
vn 0.0000 1.0000 0.0000
f 7469//7139 7517//7139 7518//7139 7470//7139
vn 0.0000 1.0000 0.0000
f 7470//7140 7518//7140 7519//7140 7471//7140
vn 0.0000 1.0000 0.0000
f 7471//7141 7519//7141 7520//7141 7472//7141
vn 0.0000 1.0000 0.0000
f 7472//7142 7520//7142 7521//7142 7473//7142
vn 0.0000 1.0000 0.0000
f 7473//7143 7521//7143 7522//7143 7474//7143
vn 0.0000 1.0000 0.0000
f 7474//7144 7522//7144 7523//7144 7475//7144
vn 0.0000 1.0000 0.0000
f 7475//7145 7523//7145 7524//7145 7476//7145
vn 0.0000 1.0000 0.0000
f 7476//7146 7524//7146 7525//7146 7477//7146
vn 0.0000 1.0000 0.0000
f 7477//7147 7525//7147 7526//7147 7478//7147
vn 0.0000 1.0000 0.0000
f 7478//7148 7526//7148 7527//7148 7479//7148
vn 0.0000 1.0000 0.0000
f 7479//7149 7527//7149 7528//7149 7480//7149
vn 0.0000 1.0000 0.0000
f 7480//7150 7528//7150 7529//7150 7481//7150
vn 0.0000 1.0000 0.0000
f 7481//7151 7529//7151 7530//7151 7482//7151
vn 0.0000 1.0000 0.0000
f 7482//7152 7530//7152 7531//7152 7483//7152
vn 0.0000 1.0000 0.0000
f 7483//7153 7531//7153 7532//7153 7484//7153
vn 0.0000 1.0000 0.0000
f 7484//7154 7532//7154 7533//7154 7485//7154
vn 0.0000 1.0000 0.0000
f 7485//7155 7533//7155 7534//7155 7486//7155
vn 0.0000 1.0000 0.0000
f 7486//7156 7534//7156 7535//7156 7487//7156
vn 0.0000 1.0000 0.0000
f 7487//7157 7535//7157 7536//7157 7488//7157
vn 0.0000 1.0000 0.0000
f 7488//7158 7536//7158 7537//7158 7489//7158
vn 0.0000 1.0000 0.0000
f 7489//7159 7537//7159 7538//7159 7490//7159
vn 0.0000 1.0000 0.0000
f 7490//7160 7538//7160 7539//7160 7491//7160
vn 0.0000 1.0000 0.0000
f 7491//7161 7539//7161 7540//7161 7492//7161
vn 0.0000 1.0000 0.0000
f 7492//7162 7540//7162 7541//7162 7493//7162
vn 0.0000 1.0000 0.0000
f 7493//7163 7541//7163 7542//7163 7494//7163
vn 0.0000 1.0000 0.0000
f 7494//7164 7542//7164 7495//7164 7447//7164
vn 0.0000 1.0000 0.0000
f 7495//7165 7543//7165 7544//7165 7496//7165
vn 0.0000 1.0000 0.0000
f 7496//7166 7544//7166 7545//7166 7497//7166
vn 0.0000 1.0000 0.0000
f 7497//7167 7545//7167 7546//7167 7498//7167
vn 0.0000 1.0000 0.0000
f 7498//7168 7546//7168 7547//7168 7499//7168
vn 0.0000 1.0000 0.0000
f 7499//7169 7547//7169 7548//7169 7500//7169
vn 0.0000 1.0000 0.0000
f 7500//7170 7548//7170 7549//7170 7501//7170
vn 0.0000 1.0000 0.0000
f 7501//7171 7549//7171 7550//7171 7502//7171
vn 0.0000 1.0000 0.0000
f 7502//7172 7550//7172 7551//7172 7503//7172
vn 0.0000 1.0000 0.0000
f 7503//7173 7551//7173 7552//7173 7504//7173
vn 0.0000 1.0000 0.0000
f 7504//7174 7552//7174 7553//7174 7505//7174
vn 0.0000 1.0000 0.0000
f 7505//7175 7553//7175 7554//7175 7506//7175
vn 0.0000 1.0000 0.0000
f 7506//7176 7554//7176 7555//7176 7507//7176
vn 0.0000 1.0000 0.0000
f 7507//7177 7555//7177 7556//7177 7508//7177
vn 0.0000 1.0000 0.0000
f 7508//7178 7556//7178 7557//7178 7509//7178
vn 0.0000 1.0000 0.0000
f 7509//7179 7557//7179 7558//7179 7510//7179
vn 0.0000 1.0000 0.0000
f 7510//7180 7558//7180 7559//7180 7511//7180
vn 0.0000 1.0000 0.0000
f 7511//7181 7559//7181 7560//7181 7512//7181
vn 0.0000 1.0000 0.0000
f 7512//7182 7560//7182 7561//7182 7513//7182
vn 0.0000 1.0000 0.0000
f 7513//7183 7561//7183 7562//7183 7514//7183
vn 0.0000 1.0000 0.0000
f 7514//7184 7562//7184 7563//7184 7515//7184
vn 0.0000 1.0000 0.0000
f 7515//7185 7563//7185 7564//7185 7516//7185
vn 0.0000 1.0000 0.0000
f 7516//7186 7564//7186 7565//7186 7517//7186
vn 0.0000 1.0000 0.0000
f 7517//7187 7565//7187 7566//7187 7518//7187
vn 0.0000 1.0000 0.0000
f 7518//7188 7566//7188 7567//7188 7519//7188
vn 0.0000 1.0000 0.0000
f 7519//7189 7567//7189 7568//7189 7520//7189
vn 0.0000 1.0000 0.0000
f 7520//7190 7568//7190 7569//7190 7521//7190
vn 0.0000 1.0000 0.0000
f 7521//7191 7569//7191 7570//7191 7522//7191
vn 0.0000 1.0000 0.0000
f 7522//7192 7570//7192 7571//7192 7523//7192
vn 0.0000 1.0000 0.0000
f 7523//7193 7571//7193 7572//7193 7524//7193
vn 0.0000 1.0000 0.0000
f 7524//7194 7572//7194 7573//7194 7525//7194
vn 0.0000 1.0000 0.0000
f 7525//7195 7573//7195 7574//7195 7526//7195
vn 0.0000 1.0000 0.0000
f 7526//7196 7574//7196 7575//7196 7527//7196
vn 0.0000 1.0000 0.0000
f 7527//7197 7575//7197 7576//7197 7528//7197
vn 0.0000 1.0000 0.0000
f 7528//7198 7576//7198 7577//7198 7529//7198
vn 0.0000 1.0000 0.0000
f 7529//7199 7577//7199 7578//7199 7530//7199
vn 0.0000 1.0000 0.0000
f 7530//7200 7578//7200 7579//7200 7531//7200
vn 0.0000 1.0000 0.0000
f 7531//7201 7579//7201 7580//7201 7532//7201
vn 0.0000 1.0000 0.0000
f 7532//7202 7580//7202 7581//7202 7533//7202
vn 0.0000 1.0000 0.0000
f 7533//7203 7581//7203 7582//7203 7534//7203
vn 0.0000 1.0000 0.0000
f 7534//7204 7582//7204 7583//7204 7535//7204
vn 0.0000 1.0000 0.0000
f 7535//7205 7583//7205 7584//7205 7536//7205
vn 0.0000 1.0000 0.0000
f 7536//7206 7584//7206 7585//7206 7537//7206
vn 0.0000 1.0000 0.0000
f 7537//7207 7585//7207 7586//7207 7538//7207
vn 0.0000 1.0000 0.0000
f 7538//7208 7586//7208 7587//7208 7539//7208
vn 0.0000 1.0000 0.0000
f 7539//7209 7587//7209 7588//7209 7540//7209
vn 0.0000 1.0000 0.0000
f 7540//7210 7588//7210 7589//7210 7541//7210
vn 0.0000 1.0000 0.0000
f 7541//7211 7589//7211 7590//7211 7542//7211
vn 0.0000 1.0000 0.0000
f 7542//7212 7590//7212 7543//7212 7495//7212
vn 0.0000 1.0000 0.0000
f 7543//7213 7591//7213 7592//7213 7544//7213
vn 0.0000 1.0000 0.0000
f 7544//7214 7592//7214 7593//7214 7545//7214
vn 0.0000 1.0000 0.0000
f 7545//7215 7593//7215 7594//7215 7546//7215
vn 0.0000 1.0000 0.0000
f 7546//7216 7594//7216 7595//7216 7547//7216
vn 0.0000 1.0000 0.0000
f 7547//7217 7595//7217 7596//7217 7548//7217
vn 0.0000 1.0000 0.0000
f 7548//7218 7596//7218 7597//7218 7549//7218
vn 0.0000 1.0000 0.0000
f 7549//7219 7597//7219 7598//7219 7550//7219
vn 0.0000 1.0000 0.0000
f 7550//7220 7598//7220 7599//7220 7551//7220
vn 0.0000 1.0000 0.0000
f 7551//7221 7599//7221 7600//7221 7552//7221
vn 0.0000 1.0000 0.0000
f 7552//7222 7600//7222 7601//7222 7553//7222
vn 0.0000 1.0000 0.0000
f 7553//7223 7601//7223 7602//7223 7554//7223
vn 0.0000 1.0000 0.0000
f 7554//7224 7602//7224 7603//7224 7555//7224
vn 0.0000 1.0000 0.0000
f 7555//7225 7603//7225 7604//7225 7556//7225
vn 0.0000 1.0000 0.0000
f 7556//7226 7604//7226 7605//7226 7557//7226
vn 0.0000 1.0000 0.0000
f 7557//7227 7605//7227 7606//7227 7558//7227
vn 0.0000 1.0000 0.0000
f 7558//7228 7606//7228 7607//7228 7559//7228
vn 0.0000 1.0000 0.0000
f 7559//7229 7607//7229 7608//7229 7560//7229
vn 0.0000 1.0000 0.0000
f 7560//7230 7608//7230 7609//7230 7561//7230
vn 0.0000 1.0000 0.0000
f 7561//7231 7609//7231 7610//7231 7562//7231
vn 0.0000 1.0000 0.0000
f 7562//7232 7610//7232 7611//7232 7563//7232
vn 0.0000 1.0000 0.0000
f 7563//7233 7611//7233 7612//7233 7564//7233
vn 0.0000 1.0000 0.0000
f 7564//7234 7612//7234 7613//7234 7565//7234
vn 0.0000 1.0000 0.0000
f 7565//7235 7613//7235 7614//7235 7566//7235
vn 0.0000 1.0000 0.0000
f 7566//7236 7614//7236 7615//7236 7567//7236
vn 0.0000 1.0000 0.0000
f 7567//7237 7615//7237 7616//7237 7568//7237
vn 0.0000 1.0000 0.0000
f 7568//7238 7616//7238 7617//7238 7569//7238
vn 0.0000 1.0000 0.0000
f 7569//7239 7617//7239 7618//7239 7570//7239
vn 0.0000 1.0000 0.0000
f 7570//7240 7618//7240 7619//7240 7571//7240
vn 0.0000 1.0000 0.0000
f 7571//7241 7619//7241 7620//7241 7572//7241
vn 0.0000 1.0000 0.0000
f 7572//7242 7620//7242 7621//7242 7573//7242
vn 0.0000 1.0000 0.0000
f 7573//7243 7621//7243 7622//7243 7574//7243
vn 0.0000 1.0000 0.0000
f 7574//7244 7622//7244 7623//7244 7575//7244
vn 0.0000 1.0000 0.0000
f 7575//7245 7623//7245 7624//7245 7576//7245
vn 0.0000 1.0000 0.0000
f 7576//7246 7624//7246 7625//7246 7577//7246
vn 0.0000 1.0000 0.0000
f 7577//7247 7625//7247 7626//7247 7578//7247
vn 0.0000 1.0000 0.0000
f 7578//7248 7626//7248 7627//7248 7579//7248
vn 0.0000 1.0000 0.0000
f 7579//7249 7627//7249 7628//7249 7580//7249
vn 0.0000 1.0000 0.0000
f 7580//7250 7628//7250 7629//7250 7581//7250
vn 0.0000 1.0000 0.0000
usemtl leaf_1
f 7581//7251 7629//7251 7630//7251 7582//7251
vn 0.0000 1.0000 0.0000
usemtl leaf_0
f 7582//7252 7630//7252 7631//7252 7583//7252
vn 0.0000 1.0000 0.0000
f 7583//7253 7631//7253 7632//7253 7584//7253
vn 0.0000 1.0000 0.0000
f 7584//7254 7632//7254 7633//7254 7585//7254
vn 0.0000 1.0000 0.0000
f 7585//7255 7633//7255 7634//7255 7586//7255
vn 0.0000 1.0000 0.0000
f 7586//7256 7634//7256 7635//7256 7587//7256
vn 0.0000 1.0000 0.0000
f 7587//7257 7635//7257 7636//7257 7588//7257
vn 0.0000 1.0000 0.0000
f 7588//7258 7636//7258 7637//7258 7589//7258
vn 0.0000 1.0000 0.0000
f 7589//7259 7637//7259 7638//7259 7590//7259
vn 0.0000 1.0000 0.0000
f 7590//7260 7638//7260 7591//7260 7543//7260
vn 0.0000 1.0000 0.0000
f 7591//7261 7639//7261 7640//7261 7592//7261
vn 0.0000 1.0000 0.0000
f 7592//7262 7640//7262 7641//7262 7593//7262
vn 0.0000 1.0000 0.0000
f 7593//7263 7641//7263 7642//7263 7594//7263
vn 0.0000 1.0000 0.0000
f 7594//7264 7642//7264 7643//7264 7595//7264
vn 0.0000 1.0000 0.0000
f 7595//7265 7643//7265 7644//7265 7596//7265
vn 0.0000 1.0000 0.0000
f 7596//7266 7644//7266 7645//7266 7597//7266
vn 0.0000 1.0000 0.0000
f 7597//7267 7645//7267 7646//7267 7598//7267
vn 0.0000 1.0000 0.0000
f 7598//7268 7646//7268 7647//7268 7599//7268
vn 0.0000 1.0000 0.0000
f 7599//7269 7647//7269 7648//7269 7600//7269
vn 0.0000 1.0000 0.0000
f 7600//7270 7648//7270 7649//7270 7601//7270
vn 0.0000 1.0000 0.0000
f 7601//7271 7649//7271 7650//7271 7602//7271
vn 0.0000 1.0000 0.0000
f 7602//7272 7650//7272 7651//7272 7603//7272
vn 0.0000 1.0000 0.0000
f 7603//7273 7651//7273 7652//7273 7604//7273
vn 0.0000 1.0000 0.0000
f 7604//7274 7652//7274 7653//7274 7605//7274
vn 0.0000 1.0000 0.0000
f 7605//7275 7653//7275 7654//7275 7606//7275
vn 0.0000 1.0000 0.0000
f 7606//7276 7654//7276 7655//7276 7607//7276
vn 0.0000 1.0000 0.0000
f 7607//7277 7655//7277 7656//7277 7608//7277
vn 0.0000 1.0000 0.0000
f 7608//7278 7656//7278 7657//7278 7609//7278
vn 0.0000 1.0000 0.0000
f 7609//7279 7657//7279 7658//7279 7610//7279
vn 0.0000 1.0000 0.0000
f 7610//7280 7658//7280 7659//7280 7611//7280
vn 0.0000 1.0000 0.0000
f 7611//7281 7659//7281 7660//7281 7612//7281
vn 0.0000 1.0000 0.0000
f 7612//7282 7660//7282 7661//7282 7613//7282
vn 0.0000 1.0000 0.0000
f 7613//7283 7661//7283 7662//7283 7614//7283
vn 0.0000 1.0000 0.0000
f 7614//7284 7662//7284 7663//7284 7615//7284
vn 0.0000 1.0000 0.0000
f 7615//7285 7663//7285 7664//7285 7616//7285
vn 0.0000 1.0000 0.0000
f 7616//7286 7664//7286 7665//7286 7617//7286
vn 0.0000 1.0000 0.0000
f 7617//7287 7665//7287 7666//7287 7618//7287
vn 0.0000 1.0000 0.0000
f 7618//7288 7666//7288 7667//7288 7619//7288
vn 0.0000 1.0000 0.0000
f 7619//7289 7667//7289 7668//7289 7620//7289
vn 0.0000 1.0000 0.0000
f 7620//7290 7668//7290 7669//7290 7621//7290
vn 0.0000 1.0000 0.0000
f 7621//7291 7669//7291 7670//7291 7622//7291
vn 0.0000 1.0000 0.0000
f 7622//7292 7670//7292 7671//7292 7623//7292
vn 0.0000 1.0000 0.0000
f 7623//7293 7671//7293 7672//7293 7624//7293
vn 0.0000 1.0000 0.0000
f 7624//7294 7672//7294 7673//7294 7625//7294
vn 0.0000 1.0000 0.0000
f 7625//7295 7673//7295 7674//7295 7626//7295
vn 0.0000 1.0000 0.0000
f 7626//7296 7674//7296 7675//7296 7627//7296
vn 0.0000 1.0000 0.0000
f 7627//7297 7675//7297 7676//7297 7628//7297
vn 0.0000 1.0000 0.0000
f 7628//7298 7676//7298 7677//7298 7629//7298
vn 0.0000 1.0000 0.0000
f 7629//7299 7677//7299 7678//7299 7630//7299
vn 0.0000 1.0000 0.0000
f 7630//7300 7678//7300 7679//7300 7631//7300
vn 0.0000 1.0000 0.0000
f 7631//7301 7679//7301 7680//7301 7632//7301
vn 0.0000 1.0000 0.0000
f 7632//7302 7680//7302 7681//7302 7633//7302
vn 0.0000 1.0000 0.0000
f 7633//7303 7681//7303 7682//7303 7634//7303
vn 0.0000 1.0000 0.0000
f 7634//7304 7682//7304 7683//7304 7635//7304
vn 0.0000 1.0000 0.0000
f 7635//7305 7683//7305 7684//7305 7636//7305
vn 0.0000 1.0000 0.0000
f 7636//7306 7684//7306 7685//7306 7637//7306
vn 0.0000 1.0000 0.0000
f 7637//7307 7685//7307 7686//7307 7638//7307
vn 0.0000 1.0000 0.0000
f 7638//7308 7686//7308 7639//7308 7591//7308
vn 0.0000 1.0000 0.0000
f 7639//7309 7687//7309 7688//7309 7640//7309
vn 0.0000 1.0000 0.0000
f 7640//7310 7688//7310 7689//7310 7641//7310
vn 0.0000 1.0000 0.0000
f 7641//7311 7689//7311 7690//7311 7642//7311
vn 0.0000 1.0000 0.0000
f 7642//7312 7690//7312 7691//7312 7643//7312
vn 0.0000 1.0000 0.0000
f 7643//7313 7691//7313 7692//7313 7644//7313
vn 0.0000 1.0000 0.0000
f 7644//7314 7692//7314 7693//7314 7645//7314
vn 0.0000 1.0000 0.0000
f 7645//7315 7693//7315 7694//7315 7646//7315
vn 0.0000 1.0000 0.0000
f 7646//7316 7694//7316 7695//7316 7647//7316
vn 0.0000 1.0000 0.0000
f 7647//7317 7695//7317 7696//7317 7648//7317
vn 0.0000 1.0000 0.0000
f 7648//7318 7696//7318 7697//7318 7649//7318
vn 0.0000 1.0000 0.0000
f 7649//7319 7697//7319 7698//7319 7650//7319
vn 0.0000 1.0000 0.0000
f 7650//7320 7698//7320 7699//7320 7651//7320
vn 0.0000 1.0000 0.0000
f 7651//7321 7699//7321 7700//7321 7652//7321
vn 0.0000 1.0000 0.0000
f 7652//7322 7700//7322 7701//7322 7653//7322
vn 0.0000 1.0000 0.0000
f 7653//7323 7701//7323 7702//7323 7654//7323
vn 0.0000 1.0000 0.0000
f 7654//7324 7702//7324 7703//7324 7655//7324
vn 0.0000 1.0000 0.0000
f 7655//7325 7703//7325 7704//7325 7656//7325
vn 0.0000 1.0000 0.0000
f 7656//7326 7704//7326 7705//7326 7657//7326
vn 0.0000 1.0000 0.0000
f 7657//7327 7705//7327 7706//7327 7658//7327
vn 0.0000 1.0000 0.0000
f 7658//7328 7706//7328 7707//7328 7659//7328
vn 0.0000 1.0000 0.0000
f 7659//7329 7707//7329 7708//7329 7660//7329
vn 0.0000 1.0000 0.0000
f 7660//7330 7708//7330 7709//7330 7661//7330
vn 0.0000 1.0000 0.0000
f 7661//7331 7709//7331 7710//7331 7662//7331
vn 0.0000 1.0000 0.0000
f 7662//7332 7710//7332 7711//7332 7663//7332
vn 0.0000 1.0000 0.0000
f 7663//7333 7711//7333 7712//7333 7664//7333
vn 0.0000 1.0000 0.0000
f 7664//7334 7712//7334 7713//7334 7665//7334
vn 0.0000 1.0000 0.0000
f 7665//7335 7713//7335 7714//7335 7666//7335
vn 0.0000 1.0000 0.0000
f 7666//7336 7714//7336 7715//7336 7667//7336
vn 0.0000 1.0000 0.0000
f 7667//7337 7715//7337 7716//7337 7668//7337
vn 0.0000 1.0000 0.0000
f 7668//7338 7716//7338 7717//7338 7669//7338
vn 0.0000 1.0000 0.0000
f 7669//7339 7717//7339 7718//7339 7670//7339
vn 0.0000 1.0000 0.0000
f 7670//7340 7718//7340 7719//7340 7671//7340
vn 0.0000 1.0000 0.0000
f 7671//7341 7719//7341 7720//7341 7672//7341
vn 0.0000 1.0000 0.0000
f 7672//7342 7720//7342 7721//7342 7673//7342
vn 0.0000 1.0000 0.0000
f 7673//7343 7721//7343 7722//7343 7674//7343
vn 0.0000 1.0000 0.0000
f 7674//7344 7722//7344 7723//7344 7675//7344
vn 0.0000 1.0000 0.0000
f 7675//7345 7723//7345 7724//7345 7676//7345
vn 0.0000 1.0000 0.0000
f 7676//7346 7724//7346 7725//7346 7677//7346
vn 0.0000 1.0000 0.0000
f 7677//7347 7725//7347 7726//7347 7678//7347
vn 0.0000 1.0000 0.0000
f 7678//7348 7726//7348 7727//7348 7679//7348
vn 0.0000 1.0000 0.0000
f 7679//7349 7727//7349 7728//7349 7680//7349
vn 0.0000 1.0000 0.0000
f 7680//7350 7728//7350 7729//7350 7681//7350
vn 0.0000 1.0000 0.0000
f 7681//7351 7729//7351 7730//7351 7682//7351
vn 0.0000 1.0000 0.0000
f 7682//7352 7730//7352 7731//7352 7683//7352
vn 0.0000 1.0000 0.0000
f 7683//7353 7731//7353 7732//7353 7684//7353
vn 0.0000 1.0000 0.0000
f 7684//7354 7732//7354 7733//7354 7685//7354
vn 0.0000 1.0000 0.0000
f 7685//7355 7733//7355 7734//7355 7686//7355
vn 0.0000 1.0000 0.0000
f 7686//7356 7734//7356 7687//7356 7639//7356
vn 0.0000 1.0000 0.0000
f 7687//7357 7735//7357 7736//7357 7688//7357
vn 0.0000 1.0000 0.0000
f 7688//7358 7736//7358 7737//7358 7689//7358
vn 0.0000 1.0000 0.0000
f 7689//7359 7737//7359 7738//7359 7690//7359
vn 0.0000 1.0000 0.0000
f 7690//7360 7738//7360 7739//7360 7691//7360
vn 0.0000 1.0000 0.0000
f 7691//7361 7739//7361 7740//7361 7692//7361
vn 0.0000 1.0000 0.0000
f 7692//7362 7740//7362 7741//7362 7693//7362
vn 0.0000 1.0000 0.0000
f 7693//7363 7741//7363 7742//7363 7694//7363
vn 0.0000 1.0000 0.0000
f 7694//7364 7742//7364 7743//7364 7695//7364
vn 0.0000 1.0000 0.0000
f 7695//7365 7743//7365 7744//7365 7696//7365
vn 0.0000 1.0000 0.0000
f 7696//7366 7744//7366 7745//7366 7697//7366
vn 0.0000 1.0000 0.0000
f 7697//7367 7745//7367 7746//7367 7698//7367
vn 0.0000 1.0000 0.0000
f 7698//7368 7746//7368 7747//7368 7699//7368
vn 0.0000 1.0000 0.0000
f 7699//7369 7747//7369 7748//7369 7700//7369
vn 0.0000 1.0000 0.0000
f 7700//7370 7748//7370 7749//7370 7701//7370
vn 0.0000 1.0000 0.0000
f 7701//7371 7749//7371 7750//7371 7702//7371
vn 0.0000 1.0000 0.0000
f 7702//7372 7750//7372 7751//7372 7703//7372
vn 0.0000 1.0000 0.0000
f 7703//7373 7751//7373 7752//7373 7704//7373
vn 0.0000 1.0000 0.0000
f 7704//7374 7752//7374 7753//7374 7705//7374
vn 0.0000 1.0000 0.0000
f 7705//7375 7753//7375 7754//7375 7706//7375
vn 0.0000 1.0000 0.0000
f 7706//7376 7754//7376 7755//7376 7707//7376
vn 0.0000 1.0000 0.0000
f 7707//7377 7755//7377 7756//7377 7708//7377
vn 0.0000 1.0000 0.0000
f 7708//7378 7756//7378 7757//7378 7709//7378
vn 0.0000 1.0000 0.0000
f 7709//7379 7757//7379 7758//7379 7710//7379
vn 0.0000 1.0000 0.0000
f 7710//7380 7758//7380 7759//7380 7711//7380
vn 0.0000 1.0000 0.0000
f 7711//7381 7759//7381 7760//7381 7712//7381
vn 0.0000 1.0000 0.0000
f 7712//7382 7760//7382 7761//7382 7713//7382
vn 0.0000 1.0000 0.0000
f 7713//7383 7761//7383 7762//7383 7714//7383
vn 0.0000 1.0000 0.0000
f 7714//7384 7762//7384 7763//7384 7715//7384
vn 0.0000 1.0000 0.0000
f 7715//7385 7763//7385 7764//7385 7716//7385
vn 0.0000 1.0000 0.0000
f 7716//7386 7764//7386 7765//7386 7717//7386
vn 0.0000 1.0000 0.0000
f 7717//7387 7765//7387 7766//7387 7718//7387
vn 0.0000 1.0000 0.0000
f 7718//7388 7766//7388 7767//7388 7719//7388
vn 0.0000 1.0000 0.0000
f 7719//7389 7767//7389 7768//7389 7720//7389
vn 0.0000 1.0000 0.0000
f 7720//7390 7768//7390 7769//7390 7721//7390
vn 0.0000 1.0000 0.0000
f 7721//7391 7769//7391 7770//7391 7722//7391
vn 0.0000 1.0000 0.0000
f 7722//7392 7770//7392 7771//7392 7723//7392
vn 0.0000 1.0000 0.0000
f 7723//7393 7771//7393 7772//7393 7724//7393
vn 0.0000 1.0000 0.0000
f 7724//7394 7772//7394 7773//7394 7725//7394
vn 0.0000 1.0000 0.0000
f 7725//7395 7773//7395 7774//7395 7726//7395
vn 0.0000 1.0000 0.0000
f 7726//7396 7774//7396 7775//7396 7727//7396
vn 0.0000 1.0000 0.0000
f 7727//7397 7775//7397 7776//7397 7728//7397
vn 0.0000 1.0000 0.0000
usemtl leaf_1
f 7728//7398 7776//7398 7777//7398 7729//7398
vn 0.0000 1.0000 0.0000
usemtl leaf_0
f 7729//7399 7777//7399 7778//7399 7730//7399
vn 0.0000 1.0000 0.0000
f 7730//7400 7778//7400 7779//7400 7731//7400
vn 0.0000 1.0000 0.0000
f 7731//7401 7779//7401 7780//7401 7732//7401
vn 0.0000 1.0000 0.0000
f 7732//7402 7780//7402 7781//7402 7733//7402
vn 0.0000 1.0000 0.0000
f 7733//7403 7781//7403 7782//7403 7734//7403
vn 0.0000 1.0000 0.0000
f 7734//7404 7782//7404 7735//7404 7687//7404
vn 0.0000 1.0000 0.0000
f 7735//7405 7783//7405 7784//7405 7736//7405
vn 0.0000 1.0000 0.0000
f 7736//7406 7784//7406 7785//7406 7737//7406
vn 0.0000 1.0000 0.0000
f 7737//7407 7785//7407 7786//7407 7738//7407
vn 0.0000 1.0000 0.0000
f 7738//7408 7786//7408 7787//7408 7739//7408
vn 0.0000 1.0000 0.0000
f 7739//7409 7787//7409 7788//7409 7740//7409
vn 0.0000 1.0000 0.0000
f 7740//7410 7788//7410 7789//7410 7741//7410
vn 0.0000 1.0000 0.0000
f 7741//7411 7789//7411 7790//7411 7742//7411
vn 0.0000 1.0000 0.0000
f 7742//7412 7790//7412 7791//7412 7743//7412
vn 0.0000 1.0000 0.0000
f 7743//7413 7791//7413 7792//7413 7744//7413
vn 0.0000 1.0000 0.0000
f 7744//7414 7792//7414 7793//7414 7745//7414
vn 0.0000 1.0000 0.0000
f 7745//7415 7793//7415 7794//7415 7746//7415
vn 0.0000 1.0000 0.0000
f 7746//7416 7794//7416 7795//7416 7747//7416
vn 0.0000 1.0000 0.0000
f 7747//7417 7795//7417 7796//7417 7748//7417
vn 0.0000 1.0000 0.0000
f 7748//7418 7796//7418 7797//7418 7749//7418
vn 0.0000 1.0000 0.0000
f 7749//7419 7797//7419 7798//7419 7750//7419
vn 0.0000 1.0000 0.0000
f 7750//7420 7798//7420 7799//7420 7751//7420
vn 0.0000 1.0000 0.0000
f 7751//7421 7799//7421 7800//7421 7752//7421
vn 0.0000 1.0000 0.0000
f 7752//7422 7800//7422 7801//7422 7753//7422
vn 0.0000 1.0000 0.0000
f 7753//7423 7801//7423 7802//7423 7754//7423
vn 0.0000 1.0000 0.0000
f 7754//7424 7802//7424 7803//7424 7755//7424
vn 0.0000 1.0000 0.0000
f 7755//7425 7803//7425 7804//7425 7756//7425
vn 0.0000 1.0000 0.0000
f 7756//7426 7804//7426 7805//7426 7757//7426
vn 0.0000 1.0000 0.0000
f 7757//7427 7805//7427 7806//7427 7758//7427
vn 0.0000 1.0000 0.0000
f 7758//7428 7806//7428 7807//7428 7759//7428
vn 0.0000 1.0000 0.0000
f 7759//7429 7807//7429 7808//7429 7760//7429
vn 0.0000 1.0000 0.0000
f 7760//7430 7808//7430 7809//7430 7761//7430
vn 0.0000 1.0000 0.0000
f 7761//7431 7809//7431 7810//7431 7762//7431
vn 0.0000 1.0000 0.0000
f 7762//7432 7810//7432 7811//7432 7763//7432
vn 0.0000 1.0000 0.0000
f 7763//7433 7811//7433 7812//7433 7764//7433
vn 0.0000 1.0000 0.0000
f 7764//7434 7812//7434 7813//7434 7765//7434
vn 0.0000 1.0000 0.0000
f 7765//7435 7813//7435 7814//7435 7766//7435
vn 0.0000 1.0000 0.0000
f 7766//7436 7814//7436 7815//7436 7767//7436
vn 0.0000 1.0000 0.0000
f 7767//7437 7815//7437 7816//7437 7768//7437
vn 0.0000 1.0000 0.0000
f 7768//7438 7816//7438 7817//7438 7769//7438
vn 0.0000 1.0000 0.0000
f 7769//7439 7817//7439 7818//7439 7770//7439
vn 0.0000 1.0000 0.0000
f 7770//7440 7818//7440 7819//7440 7771//7440
vn 0.0000 1.0000 0.0000
f 7771//7441 7819//7441 7820//7441 7772//7441
vn 0.0000 1.0000 0.0000
f 7772//7442 7820//7442 7821//7442 7773//7442
vn 0.0000 1.0000 0.0000
f 7773//7443 7821//7443 7822//7443 7774//7443
vn 0.0000 1.0000 0.0000
f 7774//7444 7822//7444 7823//7444 7775//7444
vn 0.0000 1.0000 0.0000
f 7775//7445 7823//7445 7824//7445 7776//7445
vn 0.0000 1.0000 0.0000
f 7776//7446 7824//7446 7825//7446 7777//7446
vn 0.0000 1.0000 0.0000
f 7777//7447 7825//7447 7826//7447 7778//7447
vn 0.0000 1.0000 0.0000
f 7778//7448 7826//7448 7827//7448 7779//7448
vn 0.0000 1.0000 0.0000
f 7779//7449 7827//7449 7828//7449 7780//7449
vn 0.0000 1.0000 0.0000
f 7780//7450 7828//7450 7829//7450 7781//7450
vn 0.0000 1.0000 0.0000
f 7781//7451 7829//7451 7830//7451 7782//7451
vn 0.0000 1.0000 0.0000
f 7782//7452 7830//7452 7783//7452 7735//7452
vn 0.0000 1.0000 0.0000
f 7783//7453 7831//7453 7832//7453 7784//7453
vn 0.0000 1.0000 0.0000
f 7784//7454 7832//7454 7833//7454 7785//7454
vn 0.0000 1.0000 0.0000
f 7785//7455 7833//7455 7834//7455 7786//7455
vn 0.0000 1.0000 0.0000
f 7786//7456 7834//7456 7835//7456 7787//7456
vn 0.0000 1.0000 0.0000
f 7787//7457 7835//7457 7836//7457 7788//7457
vn 0.0000 1.0000 0.0000
f 7788//7458 7836//7458 7837//7458 7789//7458
vn 0.0000 1.0000 0.0000
f 7789//7459 7837//7459 7838//7459 7790//7459
vn 0.0000 1.0000 0.0000
f 7790//7460 7838//7460 7839//7460 7791//7460
vn 0.0000 1.0000 0.0000
f 7791//7461 7839//7461 7840//7461 7792//7461
vn 0.0000 1.0000 0.0000
f 7792//7462 7840//7462 7841//7462 7793//7462
vn 0.0000 1.0000 0.0000
f 7793//7463 7841//7463 7842//7463 7794//7463
vn 0.0000 1.0000 0.0000
f 7794//7464 7842//7464 7843//7464 7795//7464
vn 0.0000 1.0000 0.0000
f 7795//7465 7843//7465 7844//7465 7796//7465
vn 0.0000 1.0000 0.0000
f 7796//7466 7844//7466 7845//7466 7797//7466
vn 0.0000 1.0000 0.0000
f 7797//7467 7845//7467 7846//7467 7798//7467
vn 0.0000 1.0000 0.0000
f 7798//7468 7846//7468 7847//7468 7799//7468
vn 0.0000 1.0000 0.0000
f 7799//7469 7847//7469 7848//7469 7800//7469
vn 0.0000 1.0000 0.0000
f 7800//7470 7848//7470 7849//7470 7801//7470
vn 0.0000 1.0000 0.0000
f 7801//7471 7849//7471 7850//7471 7802//7471
vn 0.0000 1.0000 0.0000
f 7802//7472 7850//7472 7851//7472 7803//7472
vn 0.0000 1.0000 0.0000
f 7803//7473 7851//7473 7852//7473 7804//7473
vn 0.0000 1.0000 0.0000
f 7804//7474 7852//7474 7853//7474 7805//7474
vn 0.0000 1.0000 0.0000
f 7805//7475 7853//7475 7854//7475 7806//7475
vn 0.0000 1.0000 0.0000
f 7806//7476 7854//7476 7855//7476 7807//7476
vn 0.0000 1.0000 0.0000
f 7807//7477 7855//7477 7856//7477 7808//7477
vn 0.0000 1.0000 0.0000
f 7808//7478 7856//7478 7857//7478 7809//7478
vn 0.0000 1.0000 0.0000
f 7809//7479 7857//7479 7858//7479 7810//7479
vn 0.0000 1.0000 0.0000
f 7810//7480 7858//7480 7859//7480 7811//7480
vn 0.0000 1.0000 0.0000
f 7811//7481 7859//7481 7860//7481 7812//7481
vn 0.0000 1.0000 0.0000
f 7812//7482 7860//7482 7861//7482 7813//7482
vn 0.0000 1.0000 0.0000
f 7813//7483 7861//7483 7862//7483 7814//7483
vn 0.0000 1.0000 0.0000
f 7814//7484 7862//7484 7863//7484 7815//7484
vn 0.0000 1.0000 0.0000
f 7815//7485 7863//7485 7864//7485 7816//7485
vn 0.0000 1.0000 0.0000
f 7816//7486 7864//7486 7865//7486 7817//7486
vn 0.0000 1.0000 0.0000
f 7817//7487 7865//7487 7866//7487 7818//7487
vn 0.0000 1.0000 0.0000
f 7818//7488 7866//7488 7867//7488 7819//7488
vn 0.0000 1.0000 0.0000
f 7819//7489 7867//7489 7868//7489 7820//7489
vn 0.0000 1.0000 0.0000
f 7820//7490 7868//7490 7869//7490 7821//7490
vn 0.0000 1.0000 0.0000
f 7821//7491 7869//7491 7870//7491 7822//7491
vn 0.0000 1.0000 0.0000
f 7822//7492 7870//7492 7871//7492 7823//7492
vn 0.0000 1.0000 0.0000
f 7823//7493 7871//7493 7872//7493 7824//7493
vn 0.0000 1.0000 0.0000
f 7824//7494 7872//7494 7873//7494 7825//7494
vn 0.0000 1.0000 0.0000
f 7825//7495 7873//7495 7874//7495 7826//7495
vn 0.0000 1.0000 0.0000
f 7826//7496 7874//7496 7875//7496 7827//7496
vn 0.0000 1.0000 0.0000
f 7827//7497 7875//7497 7876//7497 7828//7497
vn 0.0000 1.0000 0.0000
f 7828//7498 7876//7498 7877//7498 7829//7498
vn 0.0000 1.0000 0.0000
f 7829//7499 7877//7499 7878//7499 7830//7499
vn 0.0000 1.0000 0.0000
f 7830//7500 7878//7500 7831//7500 7783//7500
vn -0.6451 0.0000 -0.7641
usemtl trunk
f 7879//7501 7881//7501 7882//7501 7880//7501
vn 0.0841 0.0000 -0.9965
f 7881//7502 7883//7502 7884//7502 7882//7502
vn 0.7641 0.0000 -0.6451
f 7883//7503 7885//7503 7886//7503 7884//7503
vn 0.9965 0.0000 0.0841
f 7885//7504 7887//7504 7888//7504 7886//7504
vn 0.6451 0.0000 0.7641
f 7887//7505 7889//7505 7890//7505 7888//7505
vn -0.0841 0.0000 0.9965
f 7889//7506 7891//7506 7892//7506 7890//7506
vn -0.7641 0.0000 0.6451
f 7891//7507 7893//7507 7894//7507 7892//7507
vn -0.9965 0.0000 -0.0841
f 7893//7508 7879//7508 7880//7508 7894//7508
vn 0.0000 1.0000 0.0000
f 7895//7509 7881//7509 7879//7509
vn 0.0000 -1.0000 0.0000
f 7896//7510 7880//7510 7882//7510
vn 0.0000 1.0000 0.0000
f 7895//7511 7883//7511 7881//7511
vn 0.0000 -1.0000 0.0000
f 7896//7512 7882//7512 7884//7512
vn 0.0000 1.0000 0.0000
f 7895//7513 7885//7513 7883//7513
vn 0.0000 -1.0000 0.0000
f 7896//7514 7884//7514 7886//7514
vn 0.0000 1.0000 0.0000
f 7895//7515 7887//7515 7885//7515
vn 0.0000 -1.0000 0.0000
f 7896//7516 7886//7516 7888//7516
vn 0.0000 1.0000 0.0000
f 7895//7517 7889//7517 7887//7517
vn 0.0000 -1.0000 0.0000
f 7896//7518 7888//7518 7890//7518
vn 0.0000 1.0000 -0.0000
f 7895//7519 7891//7519 7889//7519
vn 0.0000 -1.0000 0.0000
f 7896//7520 7890//7520 7892//7520
vn 0.0000 1.0000 -0.0000
f 7895//7521 7893//7521 7891//7521
vn 0.0000 -1.0000 0.0000
f 7896//7522 7892//7522 7894//7522
vn 0.0000 1.0000 0.0000
f 7895//7523 7879//7523 7893//7523
vn 0.0000 -1.0000 0.0000
f 7896//7524 7894//7524 7880//7524
o tree_1
v 10.1229 3.5656 -8.5000
v 10.1229 0.0000 -8.5000
v 10.0961 3.5656 -8.4177
v 10.0961 0.0000 -8.4177
v 10.0261 3.5656 -8.3669
v 10.0261 0.0000 -8.3669
v 9.9396 3.5656 -8.3669
v 9.9396 0.0000 -8.3669
v 9.8696 3.5656 -8.4177
v 9.8696 0.0000 -8.4177
v 9.8429 3.5656 -8.5000
v 9.8429 0.0000 -8.5000
v 9.8696 3.5656 -8.5823
v 9.8696 0.0000 -8.5823
v 9.9396 3.5656 -8.6331
v 9.9396 0.0000 -8.6331
v 10.0261 3.5656 -8.6331
v 10.0261 0.0000 -8.6331
v 10.0961 3.5656 -8.5823
v 10.0961 0.0000 -8.5823
v 9.9829 3.5656 -8.5000
v 9.9829 0.0000 -8.5000
v 9.9829 5.9498 -8.5000
v 9.9829 5.9816 -8.5000
v 9.9829 5.9712 -8.5000
v 9.9829 6.0281 -8.5000
v 9.9829 5.9935 -8.5000
v 9.9829 5.9090 -8.5000
v 9.9829 5.8029 -8.5000
v 9.9829 5.8486 -8.5000
v 9.9829 5.8822 -8.5000
v 9.9829 6.0225 -8.5000
v 9.9829 6.0111 -8.5000
v 9.9829 6.0504 -8.5000
v 9.9829 5.9270 -8.5000
v 9.9829 5.9581 -8.5000
v 9.9829 5.9735 -8.5000
v 9.9829 6.0342 -8.5000
v 9.9829 5.9590 -8.5000
v 9.9829 6.0288 -8.5000
v 9.9829 5.9332 -8.5000
v 9.9829 5.8900 -8.5000
v 9.9829 5.9098 -8.5000
v 9.9829 5.8753 -8.5000
v 9.9829 5.8882 -8.5000
v 9.9829 5.9761 -8.5000
v 9.9829 5.9879 -8.5000
v 9.9829 5.9104 -8.5000
v 9.9829 6.0329 -8.5000
v 9.9829 6.0599 -8.5000
v 9.9829 6.0355 -8.5000
v 9.9829 5.9336 -8.5000
v 9.9829 5.8988 -8.5000
v 9.9829 5.9516 -8.5000
v 9.9829 5.8847 -8.5000
v 9.9829 5.9707 -8.5000
v 9.9829 5.9181 -8.5000
v 9.9829 5.9504 -8.5000
v 9.9829 5.8545 -8.5000
v 9.9829 5.8628 -8.5000
v 9.9829 5.8901 -8.5000
v 9.9829 5.9167 -8.5000
v 9.9829 6.0211 -8.5000
v 9.9829 6.0424 -8.5000
v 9.9829 5.9580 -8.5000
v 9.9829 6.0041 -8.5000
v 9.9829 5.9523 -8.5000
v 9.9829 5.9206 -8.5000
v 9.9829 5.9735 -8.5000
v 9.9829 5.8853 -8.5000
v 10.3482 5.9286 -8.5000
v 10.3510 5.9573 -8.4515
v 10.3492 5.9951 -8.4019
v 10.3383 6.0218 -8.3528
v 10.3032 5.9503 -8.3151
v 10.2596 5.8491 -8.2877
v 10.2072 5.6981 -8.2756
v 10.1852 5.7708 -8.2362
v 10.1634 5.9083 -8.1873
v 10.1275 5.9891 -8.1508
v 10.0864 6.0944 -8.1137
v 10.0330 6.0182 -8.1193
v 9.9829 5.9126 -8.1380
v 9.9349 5.9402 -8.1354
v 9.8848 5.9943 -8.1339
v 9.8302 6.0899 -8.1314
v 9.7933 5.9946 -8.1717
v 9.7560 5.9640 -8.2043
v 9.7392 5.8287 -8.2564
v 9.7036 5.8647 -8.2857
v 9.6766 5.8722 -8.3232
v 9.6485 5.9123 -8.3615
v 9.6272 5.9426 -8.4047
v 9.6145 5.9582 -8.4515
v 9.6197 5.9182 -8.5000
v 9.6219 5.9227 -8.5475
v 9.6314 5.9214 -8.5942
v 9.6324 5.9957 -8.6452
v 9.6364 6.0953 -8.7001
v 9.6797 6.0092 -8.7326
v 9.7217 5.9480 -8.7612
v 9.7602 5.9309 -8.7902
v 9.8084 5.8494 -8.8021
v 9.8508 5.8311 -8.8188
v 9.8888 5.9194 -8.8510
v 9.9358 5.9046 -8.8573
v 9.9829 5.8904 -8.8574
v 10.0296 5.8945 -8.8552
v 10.0736 5.8584 -8.8388
v 10.1266 5.9777 -8.8470
v 10.1742 6.0116 -8.8314
v 10.2179 6.0280 -8.8063
v 10.2469 5.9675 -8.7641
v 10.2757 5.9466 -8.7247
v 10.3005 5.9354 -8.6834
v 10.3177 5.9148 -8.6387
v 10.3366 5.9329 -8.5948
v 10.3231 5.8220 -8.5448
v 10.7054 5.8871 -8.5000
v 10.6873 5.8586 -8.4073
v 10.7283 6.0034 -8.3003
v 10.7168 6.0573 -8.1960
v 10.6415 5.9771 -8.1197
v 10.5483 5.8638 -8.0661
v 10.4596 5.7726 -8.0233
v 10.3877 5.7508 -7.9724
v 10.3365 5.8511 -7.8874
v 10.2686 5.9442 -7.8101
v 10.1756 5.9398 -7.7806
v 10.0781 5.9042 -7.7765
v 9.9829 5.8498 -7.7932
v 9.8906 5.8495 -7.7994
v 9.7905 5.9363 -7.7820
v 9.6855 6.0162 -7.7821
v 9.6012 5.9836 -7.8390
v 9.5165 5.9902 -7.8922
v 9.4838 5.8474 -8.0009
v 9.4517 5.7614 -8.0925
v 9.3767 5.8334 -8.1501
v 9.3303 5.8486 -8.2297
v 9.2599 5.9485 -8.3063
v 9.2810 5.8524 -8.4076
v 9.2678 5.8693 -8.5000
v 9.2977 5.8124 -8.5902
v 9.2609 5.9459 -8.6934
v 9.2644 6.0175 -8.7976
v 9.3027 6.0358 -8.8927
v 9.3614 6.0312 -8.9769
v 9.4488 5.9644 -9.0340
v 9.5456 5.8771 -9.0699
v 9.6412 5.7942 -9.0918
v 9.7237 5.7798 -9.1257
v 9.8071 5.7839 -9.1559
v 9.8871 5.9128 -9.2271
v 9.9829 5.9365 -9.2434
v 10.0757 5.8597 -9.2049
v 10.1724 5.9099 -9.2072
v 10.2594 5.8870 -9.1675
v 10.3602 5.9629 -9.1535
v 10.4520 6.0011 -9.1114
v 10.5337 6.0207 -9.0508
v 10.5860 5.9764 -8.9628
v 10.6269 5.9372 -8.8719
v 10.6411 5.8633 -8.7727
v 10.6749 5.8727 -8.6854
v 10.6846 5.8522 -8.5924
v 11.1027 5.9058 -8.5000
v 11.0557 5.8475 -8.3588
v 11.0790 5.9289 -8.2063
v 11.0280 5.9233 -8.0671
v 10.9381 5.8799 -7.9485
v 10.7931 5.7535 -7.8783
v 10.7128 5.7705 -7.7701
v 10.6074 5.7607 -7.6861
v 10.4866 5.7323 -7.6274
v 10.3968 5.8467 -7.5007
v 10.2735 5.9104 -7.4154
v 10.1221 5.8238 -7.4424
v 9.9829 5.8843 -7.3940
v 9.8417 5.8464 -7.4279
v 9.6775 5.9985 -7.3604
v 9.5486 5.9287 -7.4517
v 9.4045 5.9627 -7.4983
v 9.3147 5.8714 -7.6292
v 9.2447 5.7885 -7.7618
v 9.1568 5.7844 -7.8661
v 9.0894 5.7696 -7.9842
v 8.9977 5.8231 -8.0919
v 8.9864 5.7695 -8.2330
v 8.9425 5.7969 -8.3630
v 8.9091 5.8346 -8.5000
v 8.8943 5.8719 -8.6433
v 8.8901 5.9236 -8.7928
v 8.9201 5.9528 -8.9402
v 8.9755 5.9727 -9.0816
v 9.0913 5.9119 -9.1841
v 9.1665 5.9593 -9.3163
v 9.3395 5.8085 -9.3385
v 9.4706 5.7584 -9.3872
v 9.5975 5.7314 -9.4303
v 9.7277 5.6986 -9.4521
v 9.8427 5.8351 -9.5649
v 9.9829 5.8926 -9.6113
v 10.1218 5.8197 -9.5550
v 10.2558 5.8049 -9.5186
v 10.3940 5.8355 -9.4926
v 10.5273 5.8580 -9.4430
v 10.6729 5.9269 -9.3993
v 10.8012 5.9637 -9.3183
v 10.8681 5.8996 -9.1793
v 10.9514 5.9036 -9.0592
v 11.0089 5.8914 -8.9250
v 11.0115 5.8209 -8.7756
v 10.9938 5.7510 -8.6331
v 11.4687 5.8437 -8.5000
v 11.4510 5.8380 -8.3067
v 11.4013 5.8242 -8.1199
v 11.3436 5.8291 -7.9364
v 11.1889 5.7391 -7.8037
v 11.0693 5.7130 -7.6663
v 10.9733 5.7481 -7.5095
v 10.8268 5.7320 -7.4001
v 10.6556 5.6862 -7.3347
v 10.5109 5.7246 -7.2252
v 10.3277 5.6713 -7.2131
v 10.1598 5.6974 -7.1561
v 9.9829 5.8138 -7.0408
v 9.7919 5.8177 -7.0498
v 9.5830 5.9098 -7.0078
v 9.4150 5.8414 -7.1291
v 9.2756 5.7636 -7.2750
v 9.0971 5.8090 -7.3457
v 9.0257 5.6952 -7.5429
v 8.8765 5.7412 -7.6511
v 8.8335 5.6655 -7.8364
v 8.6957 5.7397 -7.9668
v 8.6642 5.7083 -8.1467
v 8.5930 5.7494 -8.3170
v 8.6124 5.7141 -8.5000
v 8.6235 5.7149 -8.6790
v 8.6165 5.7636 -8.8661
v 8.6551 5.7890 -9.0500
v 8.6504 5.9029 -9.2693
v 8.7915 5.8615 -9.4142
v 8.9093 5.8801 -9.5736
v 9.1051 5.7943 -9.6439
v 9.2972 5.7151 -9.6876
v 9.4668 5.6894 -9.7458
v 9.6527 5.6077 -9.7322
v 9.8048 5.7070 -9.8524
v 9.9829 5.7402 -9.8937
v 10.1742 5.8213 -9.9534
v 10.3463 5.7520 -9.8563
v 10.5453 5.8256 -9.8579
v 10.6805 5.7420 -9.7083
v 10.8605 5.7941 -9.6437
v 11.0375 5.8500 -9.5546
v 11.1556 5.8351 -9.3999
v 11.2516 5.8203 -9.2325
v 11.2977 5.7733 -9.0446
v 11.2868 5.6911 -8.8494
v 11.2885 5.6541 -8.6719
v 11.9049 5.8294 -8.5000
v 11.8353 5.7833 -8.2561
v 11.7461 5.7463 -8.0275
v 11.5218 5.6089 -7.8625
v 11.4492 5.6325 -7.6534
v 11.3597 5.6689 -7.4435
v 11.2090 5.6676 -7.2739
v 11.0524 5.6873 -7.1061
v 10.8350 5.6420 -7.0240
v 10.5987 5.5602 -7.0133
v 10.3899 5.5287 -6.9811
v 10.2125 5.6893 -6.7558
v 9.9829 5.7541 -6.6654
v 9.7439 5.7511 -6.6846
v 9.4873 5.8229 -6.6506
v 9.2802 5.7555 -6.8035
v 9.0954 5.7027 -6.9629
v 8.9526 5.6317 -7.1574
v 8.7822 5.6366 -7.2993
v 8.6328 5.6398 -7.4640
v 8.4971 5.6518 -7.6422
v 8.4767 5.5783 -7.8761
v 8.4198 5.5680 -8.0812
v 8.2718 5.6605 -8.2747
v 8.2976 5.6257 -8.5000
v 8.2077 5.7162 -8.7337
v 8.2676 5.7035 -8.9596
v 8.3462 5.6998 -9.1779
v 8.4359 5.7125 -9.3931
v 8.5125 5.7703 -9.6283
v 8.6763 5.7655 -9.8066
v 8.9389 5.6511 -9.8605
v 9.1523 5.6049 -9.9386
v 9.3453 5.6091 -10.0392
v 9.5639 5.5684 -10.0636
v 9.7614 5.6357 -10.1824
v 9.9829 5.6876 -10.2573
v 10.2183 5.7276 -10.2884
v 10.4435 5.7070 -10.2192
v 10.6450 5.6643 -10.0984
v 10.8337 5.6398 -9.9737
v 11.0180 5.6387 -9.8491
v 11.2507 5.7183 -9.7678
v 11.4209 5.7352 -9.6034
v 11.5937 5.7760 -9.4300
v 11.6130 5.6937 -9.1752
v 11.5778 5.5964 -8.9274
v 11.5759 5.5581 -8.7097
v 12.1735 5.6607 -8.5000
v 12.1878 5.6833 -8.2097
v 11.9550 5.5598 -7.9716
v 11.8218 5.5250 -7.7383
v 11.7425 5.5531 -7.4841
v 11.6677 5.6154 -7.2072
v 11.4629 5.5946 -7.0200
v 11.2868 5.6278 -6.8006
v 10.9656 5.5082 -6.7978
v 10.6875 5.4240 -6.7988
v 10.4697 5.4509 -6.6830
v 10.2361 5.4907 -6.5768
v 9.9829 5.6288 -6.3565
v 9.6868 5.7133 -6.2512
v 9.4096 5.6771 -6.3606
v 9.2264 5.5157 -6.6738
v 8.9902 5.5216 -6.7806
v 8.7568 5.5411 -6.9021
v 8.5500 5.5494 -7.0672
v 8.3719 5.5522 -7.2639
v 8.2486 5.5333 -7.4987
v 8.1446 5.5245 -7.7386
v 8.0855 5.5073 -7.9916
v 8.0510 5.4966 -8.2457
v 7.8731 5.6059 -8.5000
v 7.8444 5.6379 -8.7815
v 7.9146 5.6272 -9.0542
v 8.0191 5.6166 -9.3134
v 8.1828 5.5848 -9.5393
v 8.3211 5.5956 -9.7751
v 8.5056 5.5919 -9.9772
v 8.6775 5.6293 -10.2012
v 8.9987 5.5100 -10.2046
v 9.2330 5.5041 -10.3104
v 9.4714 5.5153 -10.4088
v 9.7353 5.4617 -10.3807
v 9.9829 5.5639 -10.5478
v 10.2456 5.5403 -10.4958
v 10.5254 5.5968 -10.5249
v 10.7805 5.5887 -10.4257
v 11.0130 5.5724 -10.2843
v 11.2618 5.5999 -10.1668
v 11.4274 5.5606 -9.9445
v 11.5841 5.5439 -9.7287
v 11.7925 5.5923 -9.5448
v 11.9102 5.5899 -9.2983
v 11.9723 5.5719 -9.0331
v 11.9422 5.5154 -8.7580
v 12.4707 5.5207 -8.5000
v 12.4552 5.5238 -8.1745
v 12.2502 5.4447 -7.8925
v 12.0585 5.3903 -7.6402
v 12.0066 5.4390 -7.3316
v 11.7955 5.4109 -7.1091
v 11.6442 5.4459 -6.8386
v 11.4185 5.4506 -6.6291
v 11.1156 5.4005 -6.5380
v 10.7939 5.3214 -6.5421
v 10.5468 5.3537 -6.3953
v 10.2711 5.3694 -6.3109
v 9.9829 5.4679 -6.1098
v 9.6701 5.4710 -6.1245
v 9.3585 5.4799 -6.1698
v 9.0793 5.4522 -6.3186
v 8.8808 5.3672 -6.5913
v 8.5449 5.4527 -6.6260
v 8.3327 5.4373 -6.8498
v 8.0354 5.5028 -7.0056
v 7.9609 5.4379 -7.3326
v 7.9741 5.3511 -7.6680
v 7.8952 5.3442 -7.9406
v 7.8143 5.3582 -8.2145
v 7.6276 5.4490 -8.5000
v 7.6599 5.4423 -8.8058
v 7.6591 5.4763 -9.1226
v 7.8567 5.4198 -9.3807
v 8.0177 5.4025 -9.6346
v 8.2142 5.3809 -9.8571
v 8.3558 5.4196 -10.1270
v 8.4997 5.4929 -10.4330
v 8.8029 5.4515 -10.5437
v 9.1222 5.3916 -10.5779
v 9.4040 5.3849 -10.6605
v 9.6877 5.3981 -10.7418
v 9.9829 5.3878 -10.7421
v 10.2920 5.4561 -10.8481
v 10.5781 5.4189 -10.7213
v 10.8851 5.4503 -10.6782
v 11.1352 5.4216 -10.4958
v 11.3916 5.4268 -10.3359
v 11.5780 5.3953 -10.0952
v 11.7645 5.3897 -9.8671
v 11.9893 5.4282 -9.6584
v 12.1518 5.4449 -9.3984
v 12.2167 5.4259 -9.0985
v 12.2633 5.4192 -8.8002
v 12.6310 5.3174 -8.5000
v 12.6095 5.3179 -8.1542
v 12.3992 5.2542 -7.8525
v 12.3210 5.2668 -7.5315
v 12.2030 5.2810 -7.2182
v 12.0583 5.3036 -6.9075
v 11.8435 5.3102 -6.6393
v 11.5871 5.3118 -6.4093
v 11.2371 5.2572 -6.3277
v 10.9299 5.2427 -6.2136
v 10.6420 5.2737 -6.0399
v 10.3058 5.2424 -6.0470
v 9.9829 5.2799 -5.9389
v 9.6503 5.2742 -5.9739
v 9.3327 5.2588 -6.0734
v 9.0098 5.2720 -6.1508
v 8.7357 5.2511 -6.3399
v 8.3904 5.3035 -6.4246
v 8.1380 5.3005 -6.6551
v 7.8595 5.3296 -6.8707
v 7.6710 5.3266 -7.1652
v 7.5754 5.2991 -7.5028
v 7.5245 5.2730 -7.8413
v 7.5619 5.2285 -8.1813
v 7.4161 5.2823 -8.5000
v 7.3410 5.3245 -8.8478
v 7.4205 5.3194 -9.1866
v 7.6218 5.2775 -9.4780
v 7.8571 5.2340 -9.7273
v 8.0145 5.2454 -10.0104
v 8.1342 5.3029 -10.3487
v 8.3632 5.3228 -10.6108
v 8.6487 5.3261 -10.8108
v 8.9768 5.3091 -10.9288
v 9.3018 5.3102 -11.0417
v 9.6468 5.2856 -11.0523
v 9.9829 5.2208 -10.9240
v 10.3025 5.2315 -10.9278
v 10.6255 5.2461 -10.8982
v 10.9680 5.2856 -10.8783
v 11.3071 5.3175 -10.7936
v 11.6017 5.3222 -10.6098
v 11.7492 5.2527 -10.2663
v 11.9364 5.2373 -9.9990
v 12.1592 5.2592 -9.7565
v 12.2262 5.2226 -9.4292
v 12.5035 5.3007 -9.1754
v 12.5315 5.2840 -8.8355
v 12.6994 5.0985 -8.5000
v 12.6475 5.0887 -8.1492
v 12.6845 5.1258 -7.7761
v 12.5670 5.1259 -7.4296
v 12.4942 5.1608 -7.0501
v 12.1846 5.1185 -6.8106
v 11.8967 5.0951 -6.5862
v 11.6434 5.1023 -6.3360
v 11.3553 5.1082 -6.1229
v 11.0508 5.1237 -5.9217
v 10.6982 5.1146 -5.8304
v 10.3268 5.0709 -5.8873
v 9.9829 5.0446 -5.9424
v 9.6504 5.0409 -5.9749
v 9.2657 5.1170 -5.8235
v 8.9205 5.1188 -5.9352
v 8.5415 5.1550 -6.0035
v 8.2970 5.1165 -6.3030
v 7.9683 5.1435 -6.4854
v 7.7015 5.1526 -6.7494
v 7.4789 5.1579 -7.0543
v 7.4045 5.1237 -7.4320
v 7.2703 5.1297 -7.7732
v 7.2964 5.0962 -8.1463
v 7.3349 5.0753 -8.5000
v 7.3016 5.0944 -8.8530
v 7.3527 5.1007 -9.2048
v 7.5024 5.0878 -9.5274
v 7.5995 5.1106 -9.8760
v 7.8162 5.1034 -10.1625
v 8.0282 5.1148 -10.4547
v 8.2643 5.1347 -10.7397
v 8.5400 5.1560 -10.9990
v 8.8413 5.1890 -11.2559
v 9.2225 5.1736 -11.3376
v 9.6249 5.1073 -11.2189
v 9.9829 5.0975 -11.2136
v 10.3409 5.1075 -11.2194
v 10.7109 5.1313 -11.2173
v 11.0661 5.1373 -11.1152
v 11.4539 5.1751 -11.0479
v 11.7012 5.1346 -10.7394
v 11.9184 5.1056 -10.4355
v 12.1325 5.0962 -10.1495
v 12.3140 5.0901 -9.8459
v 12.4176 5.0710 -9.5085
v 12.7555 5.1508 -9.2429
v 12.8151 5.1461 -8.8729
v 12.6984 4.8828 -8.5000
v 12.7348 4.8984 -8.1377
v 12.8927 4.9601 -7.7203
v 12.9393 5.0089 -7.2754
v 12.7088 4.9952 -6.9262
v 12.3288 4.9456 -6.6999
v 11.9997 4.9184 -6.4831
v 11.7652 4.9380 -6.1773
v 11.4938 4.9625 -5.8830
v 11.1786 4.9892 -5.6133
v 10.7800 4.9776 -5.5250
v 10.3692 4.9463 -5.5657
v 9.9829 4.8742 -5.8173
v 9.6421 4.8555 -5.9116
v 9.2865 4.8763 -5.9011
v 8.8588 4.9405 -5.7863
v 8.4808 4.9579 -5.8983
v 8.1469 4.9609 -6.1073
v 7.8368 4.9659 -6.3539
v 7.5895 4.9612 -6.6635
v 7.3981 4.9528 -7.0077
v 7.0916 4.9905 -7.3024
v 6.9323 4.9980 -7.6826
v 6.9122 4.9821 -8.0957
v 7.1729 4.9073 -8.5000
v 7.1429 4.9215 -8.8739
v 7.3045 4.8977 -9.2177
v 7.2565 4.9441 -9.6293
v 7.5272 4.9140 -9.9178
v 7.6794 4.9317 -10.2675
v 7.9643 4.9190 -10.5185
v 8.2610 4.9122 -10.7440
v 8.4574 4.9701 -11.1422
v 8.7779 4.9955 -11.4089
v 9.1816 4.9817 -11.4903
v 9.5945 4.9505 -11.4502
v 9.9829 4.9443 -11.4520
v 10.3449 4.8980 -11.2503
v 10.7238 4.9211 -11.2653
v 11.1015 4.9368 -11.2007
v 11.4770 4.9537 -11.0879
v 11.7664 4.9385 -10.8244
v 12.0649 4.9423 -10.5820
v 12.1708 4.8938 -10.1789
v 12.3710 4.8937 -9.8788
v 12.6752 4.9345 -9.6152
v 12.9145 4.9659 -9.2855
v 12.9555 4.9564 -8.8914
v 12.6834 4.6867 -8.5000
v 12.8933 4.7311 -8.1168
v 12.8605 4.7394 -7.7289
v 12.9435 4.7820 -7.2737
v 12.7910 4.7892 -6.8787
v 12.5423 4.7861 -6.5361
v 12.0801 4.7369 -6.4027
v 11.7963 4.7393 -6.1367
v 11.5765 4.7787 -5.7397
v 11.2442 4.7993 -5.4548
v 10.8539 4.8124 -5.2492
v 10.3776 4.7478 -5.5021
v 9.9829 4.7095 -5.6786
v 9.6281 4.6899 -5.8055
v 9.2568 4.7065 -5.7903
v 8.8241 4.7486 -5.7024
v 8.4447 4.7577 -5.8359
v 8.0837 4.7659 -6.0250
v 7.7363 4.7768 -6.2535
v 7.5861 4.7473 -6.6609
v 7.2272 4.7777 -6.9090
v 7.0481 4.7767 -7.2844
v 6.8642 4.7866 -7.6644
v 6.7166 4.7990 -8.0700
v 6.9776 4.7443 -8.5000
v 7.1454 4.7172 -8.8736
v 7.0635 4.7475 -9.2822
v 7.3057 4.7240 -9.6089
v 7.4050 4.7389 -9.9883
v 7.6933 4.7217 -10.2569
v 7.8549 4.7451 -10.6280
v 8.1600 4.7422 -10.8756
v 8.4412 4.7591 -11.1702
v 8.7132 4.8034 -11.5653
v 9.1297 4.7993 -11.6839
v 9.5464 4.8084 -11.8154
v 9.9829 4.7815 -11.7020
v 10.3773 4.7474 -11.4957
v 10.7790 4.7577 -11.4711
v 11.1515 4.7535 -11.3214
v 11.5118 4.7542 -11.1481
v 11.8558 4.7578 -10.9409
v 12.1278 4.7496 -10.6449
v 12.4148 4.7557 -10.3661
v 12.4835 4.7220 -9.9438
v 12.8224 4.7572 -9.6762
v 12.9290 4.7528 -9.2894
v 13.2436 4.7979 -8.9293
v 12.9303 4.5395 -8.5000
v 12.9825 4.5491 -8.1051
v 12.9444 4.5541 -7.7065
v 12.8913 4.5643 -7.2953
v 12.8787 4.5884 -6.8281
v 12.5784 4.5795 -6.5083
v 12.2644 4.5739 -6.2185
v 11.9659 4.5778 -5.9157
v 11.6664 4.5913 -5.5840
v 11.2762 4.5928 -5.3776
v 10.8713 4.5994 -5.1843
v 10.4039 4.5739 -5.3017
v 9.9829 4.5544 -5.4323
v 9.5923 4.5450 -5.5335
v 9.2042 4.5470 -5.5941
v 8.8162 4.5520 -5.6835
v 8.4362 4.5575 -5.8211
v 7.9991 4.5779 -5.9147
v 7.6523 4.5825 -6.1694
v 7.3451 4.5861 -6.4759
v 7.0923 4.5877 -6.8311
v 6.8133 4.5991 -7.1871
v 6.6917 4.5962 -7.6181
v 6.6670 4.5885 -8.0635
v 6.7049 4.5803 -8.5000
v 7.0026 4.5467 -8.8924
v 7.0353 4.5524 -9.2898
v 7.2151 4.5455 -9.6465
v 7.4354 4.5388 -9.9708
v 7.6162 4.5439 -10.3160
v 7.8543 4.5473 -10.6285
v 8.0024 4.5772 -11.0810
v 8.3720 4.5734 -11.2901
v 8.7484 4.5739 -11.4803
v 9.0865 4.6031 -11.8452
v 9.5504 4.5846 -11.7847
v 9.9829 4.6014 -11.9490
v 10.3912 4.5618 -11.6015
v 10.7731 4.5526 -11.4492
v 11.1405 4.5491 -11.2949
v 11.5085 4.5523 -11.1425
v 11.9148 4.5674 -11.0178
v 12.2339 4.5686 -10.7510
v 12.5110 4.5690 -10.4399
v 12.7619 4.5718 -10.1045
v 12.9040 4.5660 -9.7100
v 13.0194 4.5637 -9.3136
v 13.3082 4.5897 -8.9378
v 13.0394 4.3620 -8.5000
v 13.1610 4.3711 -8.0816
v 12.9936 4.3657 -7.6933
v 12.9478 4.3713 -7.2719
v 12.8368 4.3766 -6.8523
v 12.5243 4.3710 -6.5499
v 12.4613 4.3893 -6.0216
v 12.0301 4.3807 -5.8319
v 11.7622 4.3926 -5.4181
v 11.2739 4.3813 -5.3831
v 10.8603 4.3824 -5.2252
v 10.4041 4.3724 -5.3006
v 9.9829 4.3677 -5.3506
v 9.5724 4.3674 -5.3819
v 9.1744 4.3661 -5.4829
v 8.8331 4.3589 -5.7241
v 8.4101 4.3675 -5.7758
v 8.0728 4.3670 -6.0108
v 7.6697 4.3751 -6.1868
v 7.3028 4.3816 -6.4435
v 6.9828 4.3869 -6.7679
v 6.7570 4.3885 -7.1638
v 6.6551 4.3857 -7.6083
v 6.7140 4.3767 -8.0696
v 6.5752 4.3834 -8.5000
v 6.7599 4.3739 -8.9243
v 7.1310 4.3557 -9.2641
v 7.2493 4.3561 -9.6323
v 7.3130 4.3636 -10.0414
v 7.5051 4.3661 -10.4013
v 7.7358 4.3694 -10.7471
v 7.9498 4.3793 -11.1496
v 8.2958 4.3814 -11.4221
v 8.6853 4.3824 -11.6326
v 9.0737 4.3898 -11.8931
v 9.5175 4.3930 -12.0351
v 9.9829 4.3918 -12.0459
v 10.4158 4.3779 -11.7889
v 10.8431 4.3783 -11.7104
v 11.1730 4.3653 -11.3733
v 11.5471 4.3664 -11.2094
v 11.7969 4.3574 -10.8641
v 12.1366 4.3614 -10.6537
v 12.6238 4.3786 -10.5265
v 12.7900 4.3733 -10.1207
v 13.0792 4.3800 -9.7825
v 13.1003 4.3724 -9.3353
v 13.2754 4.3781 -8.9335
v 13.3508 4.1759 -8.5000
v 13.2844 4.1759 -8.0653
v 13.0340 4.1759 -7.6825
v 12.7867 4.1759 -7.3386
v 12.5865 4.1759 -6.9968
v 12.6628 4.1759 -6.4436
v 12.5229 4.1759 -5.9599
v 12.1915 4.1759 -5.6217
v 11.6922 4.1759 -5.5393
v 11.2557 4.1759 -5.4270
v 10.8222 4.1759 -5.3677
v 10.4189 4.1759 -5.1876
v 9.9829 4.1759 -5.1763
v 9.5732 4.1759 -5.3882
v 9.1547 4.1759 -5.4093
v 8.8229 4.1759 -5.6997
v 8.4964 4.1759 -5.9253
v 8.0321 4.1759 -5.9578
v 7.5816 4.1759 -6.0987
v 7.2757 4.1759 -6.4227
v 7.0763 4.1759 -6.8219
v 6.8090 4.1759 -7.1853
v 6.7374 4.1759 -7.6304
v 6.6643 4.1759 -8.0631
v 6.6683 4.1759 -8.5000
v 6.8348 4.1759 -8.9144
v 6.9593 4.1759 -9.3102
v 7.0871 4.1759 -9.6994
v 7.2855 4.1759 -10.0573
v 7.5047 4.1759 -10.4015
v 7.7266 4.1759 -10.7562
v 8.0116 4.1759 -11.0690
v 8.3741 4.1759 -11.2865
v 8.7276 4.1759 -11.5305
v 9.1407 4.1759 -11.6429
v 9.5334 4.1759 -11.9140
v 9.9829 4.1759 -11.9724
v 10.4310 4.1759 -11.9042
v 10.8500 4.1759 -11.7363
v 11.2141 4.1759 -11.4724
v 11.4810 4.1759 -11.0948
v 11.8108 4.1759 -10.8822
v 12.1378 4.1759 -10.6549
v 12.6397 4.1759 -10.5387
v 12.8644 4.1759 -10.1637
v 12.9776 4.1759 -9.7405
v 13.0594 4.1759 -9.3244
v 13.1541 4.1759 -8.9175
v 13.3629 3.9700 -8.5000
v 13.3017 3.9720 -8.0631
v 12.8714 3.9937 -7.7260
v 12.6183 4.0021 -7.4084
v 12.6580 3.9877 -6.9555
v 12.5540 3.9785 -6.5271
v 12.4231 3.9657 -6.0597
v 12.2247 3.9516 -5.5783
v 11.6694 3.9704 -5.5788
v 11.2028 3.9817 -5.5548
v 10.8247 3.9778 -5.3584
v 10.4090 3.9771 -5.2634
v 9.9829 3.9725 -5.1606
v 9.5464 3.9722 -5.1846
v 9.1566 3.9814 -5.4164
v 8.8422 3.9943 -5.7461
v 8.4754 3.9923 -5.8890
v 8.0528 3.9828 -5.9846
v 7.6091 3.9714 -6.1262
v 7.1578 3.9590 -6.3323
v 7.0797 3.9717 -6.8239
v 6.8112 3.9668 -7.1863
v 6.8449 3.9780 -7.6592
v 6.8090 3.9809 -8.0821
v 6.6381 3.9722 -8.5000
v 6.6818 3.9731 -8.9346
v 6.9053 3.9818 -9.3246
v 7.1725 3.9906 -9.6641
v 7.3917 3.9936 -9.9960
v 7.5085 3.9859 -10.3987
v 7.7745 3.9857 -10.7084
v 7.9154 3.9690 -11.1944
v 8.3563 3.9777 -11.3173
v 8.7422 3.9784 -11.4951
v 9.1586 3.9819 -11.5762
v 9.5482 3.9731 -11.8015
v 9.9829 3.9604 -12.0383
v 10.4351 3.9649 -11.9349
v 10.8666 3.9679 -11.7980
v 11.1625 3.9881 -11.3478
v 11.4976 3.9914 -11.1237
v 11.8523 3.9888 -10.9363
v 12.1774 3.9869 -10.6946
v 12.6406 3.9718 -10.5394
v 12.9622 3.9663 -10.2201
v 13.0756 3.9720 -9.7810
v 13.1605 3.9755 -9.3514
v 13.2183 3.9771 -8.9259
v 13.3419 3.7615 -8.5000
v 13.0459 3.7947 -8.0967
v 12.8056 3.8153 -7.7437
v 12.7269 3.8094 -7.3634
v 12.6002 3.8030 -6.9889
v 12.5790 3.7721 -6.5079
v 12.3462 3.7635 -6.1367
v 12.0338 3.7602 -5.8271
v 11.6618 3.7616 -5.5921
v 11.1613 3.7960 -5.6550
v 10.7881 3.7920 -5.4949
v 10.4021 3.7796 -5.3153
v 9.9829 3.7676 -5.1906
v 9.5593 3.7755 -5.2825
v 9.1590 3.7832 -5.4254
v 8.8160 3.7997 -5.6828
v 8.5433 3.8207 -6.0067
v 8.1170 3.7977 -6.0684
v 7.6831 3.7746 -6.2002
v 7.3997 3.7742 -6.5179
v 7.0488 3.7579 -6.8060
v 6.8266 3.7544 -7.1926
v 6.9643 3.7903 -7.6912
v 6.8072 3.7807 -8.0819
v 6.7713 3.7797 -8.5000
v 6.6983 3.7671 -8.9324
v 6.9144 3.7840 -9.3222
v 7.1993 3.8042 -9.6530
v 7.4104 3.8094 -9.9852
v 7.4912 3.7884 -10.4120
v 7.8032 3.7956 -10.6796
v 8.0009 3.7742 -11.0829
v 8.4150 3.7890 -11.2156
v 8.7503 3.7785 -11.4757
v 9.1402 3.7742 -11.6447
v 9.5599 3.7761 -11.7128
v 9.9829 3.7736 -11.7603
v 10.4030 3.7788 -11.6910
v 10.8017 3.7856 -11.5559
v 11.1442 3.8015 -11.3037
v 11.4822 3.8059 -11.0969
v 11.8371 3.8001 -10.9164
v 12.1672 3.7948 -10.6843
v 12.4946 3.7853 -10.4273
v 12.7803 3.7773 -10.1151
v 12.8895 3.7877 -9.7039
v 13.1282 3.7741 -9.3428
v 13.2490 3.7694 -8.9300
v 13.0844 3.5892 -8.5000
v 13.0527 3.5902 -8.0959
v 12.8152 3.6213 -7.7411
v 12.7590 3.6075 -7.3501
v 12.5103 3.6239 -7.0408
v 12.3842 3.6034 -6.6574
v 12.2828 3.5607 -6.2001
v 11.8885 3.5838 -6.0166
v 11.5080 3.5989 -5.8584
v 11.1437 3.6021 -5.6975
v 10.8085 3.5725 -5.4185
v 10.3734 3.6099 -5.5333
v 9.9829 3.5863 -5.3827
v 9.5849 3.5992 -5.4770
v 9.1674 3.5799 -5.4567
v 8.8356 3.6088 -5.7303
v 8.4831 3.6085 -5.9024
v 8.2436 3.6355 -6.2334
v 7.8800 3.6134 -6.3971
v 7.5410 3.5937 -6.6263
v 7.1253 3.5518 -6.8502
v 6.9868 3.5625 -7.2590
v 6.9040 3.5730 -7.6750
v 6.9292 3.5933 -8.0980
v 6.8625 3.5857 -8.5000
v 7.0207 3.6108 -8.8900
v 6.9438 3.5808 -9.3143
v 7.0280 3.5709 -9.7240
v 7.2807 3.5857 -10.0601
v 7.6222 3.6131 -10.3114
v 7.7810 3.5869 -10.7018
v 8.1687 3.6122 -10.8642
v 8.4365 3.5909 -11.1785
v 8.7581 3.5705 -11.4568
v 9.1802 3.5893 -11.4956
v 9.5737 3.5829 -11.6080
v 9.9829 3.5937 -11.5778
v 10.3950 3.5787 -11.6302
v 10.7748 3.5971 -11.4556
v 11.1701 3.5891 -11.3664
v 11.5479 3.5839 -11.2107
v 11.8614 3.5922 -10.9482
v 12.0633 3.6194 -10.5805
v 12.4067 3.5980 -10.3599
v 12.5889 3.6067 -10.0046
v 12.8669 3.5854 -9.6946
v 12.9664 3.5917 -9.2994
v 13.0460 3.5915 -8.9033
v 12.7873 3.4459 -8.5000
v 12.8688 3.4181 -8.1201
v 12.7582 3.4279 -7.7563
v 12.7378 3.3997 -7.3589
v 12.5629 3.4004 -7.0104
v 12.3412 3.4021 -6.6904
v 12.0500 3.4149 -6.4328
v 11.7123 3.4363 -6.2461
v 11.4277 3.4237 -5.9975
v 11.1777 3.3631 -5.6155
v 10.7616 3.3926 -5.5937
v 10.3783 3.3873 -5.4965
v 9.9829 3.4178 -5.5877
v 9.5996 3.4115 -5.5887
v 9.2313 3.4200 -5.6950
v 8.8268 3.3895 -5.7089
v 8.5249 3.4168 -5.9747
v 8.2190 3.4216 -6.2013
v 7.9692 3.4346 -6.4863
v 7.7542 3.4446 -6.7899
v 7.3734 3.3915 -6.9934
v 7.2518 3.4064 -7.3688
v 7.0088 3.3744 -7.7031
v 7.1036 3.4199 -8.1209
v 7.1382 3.4354 -8.5000
v 7.1745 3.4385 -8.8697
v 7.0941 3.3974 -9.2740
v 7.0927 3.3616 -9.6971
v 7.4099 3.4025 -9.9855
v 7.6548 3.4120 -10.2864
v 7.9142 3.4143 -10.5687
v 8.2220 3.4229 -10.7948
v 8.5120 3.4101 -11.0476
v 8.8041 3.3741 -11.3457
v 9.2104 3.3989 -11.3830
v 9.6063 3.4248 -11.3605
v 9.9829 3.4264 -11.3793
v 10.3682 3.4075 -11.4267
v 10.7360 3.4184 -11.3106
v 11.1674 3.3701 -11.3597
v 11.5016 3.3852 -11.1305
v 11.7964 3.4004 -10.8634
v 11.9837 3.4393 -10.5008
v 12.3104 3.4122 -10.2860
v 12.4187 3.4437 -9.9063
v 12.7659 3.3917 -9.6528
v 12.8726 3.3971 -9.2743
v 13.0707 3.3652 -8.9065
v 12.6666 3.2644 -8.5000
v 12.6715 3.2548 -8.1460
v 12.7204 3.2133 -7.7665
v 12.6133 3.2088 -7.4104
v 12.4132 3.2227 -7.0969
v 12.1405 3.2522 -6.8444
v 11.8781 3.2655 -6.6048
v 11.5428 3.3055 -6.4670
v 11.2946 3.2848 -6.2280
v 11.0727 3.2086 -5.8688
v 10.7522 3.1663 -5.6288
v 10.3609 3.1923 -5.6287
v 9.9829 3.2723 -5.8396
v 9.6156 3.2203 -5.7106
v 9.2325 3.1912 -5.6997
v 8.8686 3.1869 -5.8099
v 8.5393 3.1953 -5.9997
v 8.3125 3.2439 -6.3231
v 8.1040 3.2734 -6.6212
v 7.8649 3.2691 -6.8748
v 7.6551 3.2630 -7.1561
v 7.3849 3.2208 -7.4239
v 7.3041 3.2340 -7.7822
v 7.2383 3.2357 -8.1387
v 7.3103 3.2682 -8.5000
v 7.2053 3.2244 -8.8657
v 7.3154 3.2379 -9.2148
v 7.3261 3.1992 -9.6005
v 7.4555 3.1847 -9.9592
v 7.7238 3.2087 -10.2335
v 8.1239 3.2830 -10.3590
v 8.3985 3.2919 -10.5647
v 8.6027 3.2384 -10.8905
v 8.8850 3.2014 -11.1506
v 9.2691 3.2392 -11.1639
v 9.6377 3.2778 -11.1216
v 9.9829 3.2704 -11.1661
v 10.3364 3.2559 -11.1855
v 10.6931 3.2439 -11.1506
v 11.0846 3.1981 -11.1597
v 11.4516 3.1782 -11.0440
v 11.7849 3.1705 -10.8485
v 11.9663 3.2232 -10.4834
v 12.1057 3.2671 -10.1289
v 12.2112 3.3020 -9.7865
v 12.5908 3.2171 -9.5802
v 12.7639 3.1980 -9.2452
v 12.8983 3.1771 -8.8838
v 12.4068 3.1310 -8.5000
v 12.4147 3.1185 -8.1798
v 12.4738 3.0642 -7.8326
v 12.5416 2.9820 -7.4401
v 12.3459 2.9997 -7.1357
v 11.9525 3.1057 -6.9886
v 11.6279 3.1730 -6.8550
v 11.3969 3.1746 -6.6572
v 11.1835 3.1408 -6.4204
v 10.9969 3.0337 -6.0520
v 10.6891 2.9996 -5.8642
v 10.3324 3.0214 -5.8447
v 9.9829 3.0527 -5.8944
v 9.6535 3.0882 -5.9983
v 9.3123 3.0590 -5.9974
v 8.9620 3.0259 -6.0354
v 8.5909 2.9759 -6.0891
v 8.3670 3.0317 -6.3942
v 8.2226 3.1028 -6.7397
v 8.0837 3.1440 -7.0427
v 7.9274 3.1528 -7.3133
v 7.7311 3.1252 -7.5673
v 7.5677 3.0981 -7.8529
v 7.5117 3.1015 -8.1747
v 7.4615 3.0890 -8.5000
v 7.4960 3.0946 -8.8274
v 7.4863 3.0617 -9.1689
v 7.5814 3.0554 -9.4947
v 7.6043 2.9919 -9.8733
v 7.9211 3.0556 -10.0821
v 8.2413 3.1142 -10.2415
v 8.4864 3.1162 -10.4502
v 8.7172 3.0847 -10.6921
v 9.0229 3.0945 -10.8176
v 9.3146 3.0629 -10.9939
v 9.6492 3.0741 -11.0341
v 9.9829 3.1313 -10.9232
v 10.2969 3.1386 -10.8856
v 10.6525 3.0606 -10.9991
v 10.9706 3.0632 -10.8847
v 11.3455 3.0011 -10.8602
v 11.5818 3.0437 -10.5837
v 11.8444 3.0411 -10.3615
v 11.9427 3.1110 -10.0039
v 12.0795 3.1323 -9.7105
v 12.2740 3.1069 -9.4490
v 12.5154 3.0457 -9.1786
v 12.5643 3.0535 -8.8398
v 12.3050 2.9207 -8.5000
v 12.2655 2.9314 -8.1995
v 12.3759 2.8367 -7.8588
v 12.1824 2.8890 -7.5889
v 12.0136 2.9084 -7.3276
v 11.8015 2.9368 -7.1045
v 11.5373 2.9876 -6.9456
v 11.3183 2.9901 -6.7596
v 11.0432 3.0296 -6.6635
v 10.8834 2.9038 -6.3258
v 10.5885 2.9110 -6.2398
v 10.2938 2.8881 -6.1379
v 9.9829 2.9134 -6.1644
v 9.6712 2.8853 -6.1328
v 9.3771 2.9108 -6.2393
v 9.0751 2.8937 -6.3085
v 8.7765 2.8717 -6.4105
v 8.4860 2.8467 -6.5492
v 8.3998 2.9657 -6.9169
v 8.2440 2.9911 -7.1657
v 8.1601 3.0382 -7.4476
v 7.9954 3.0130 -7.6768
v 7.8584 2.9870 -7.9308
v 7.6009 2.8772 -8.1864
v 7.5696 2.8714 -8.5000
v 7.5894 2.8710 -8.8151
v 7.6944 2.8952 -9.1132
v 7.7258 2.8553 -9.4349
v 7.9433 2.9029 -9.6775
v 8.0295 2.8450 -9.9989
v 8.3333 2.9148 -10.1496
v 8.5712 2.9224 -10.3398
v 8.8215 2.9204 -10.5115
v 9.1376 2.9820 -10.5405
v 9.4107 2.9809 -10.6353
v 9.6915 2.9695 -10.7128
v 9.9829 2.9606 -10.7482
v 10.2800 2.9454 -10.7569
v 10.5640 2.9621 -10.6689
v 10.8679 2.9257 -10.6368
v 11.2371 2.8199 -10.6725
v 11.4619 2.8626 -10.4276
v 11.7283 2.8416 -10.2454
v 11.8861 2.8791 -9.9604
v 12.0014 2.9160 -9.6654
v 11.9992 2.9961 -9.3352
v 12.1377 2.9700 -9.0774
v 12.2777 2.9247 -8.8021
v 12.1532 2.7048 -8.5000
v 12.0887 2.7362 -8.2228
v 12.0096 2.7537 -7.9569
v 11.9683 2.7192 -7.6776
v 11.7649 2.7812 -7.4712
v 11.5920 2.8011 -7.2653
v 11.3715 2.8447 -7.1113
v 11.1766 2.8467 -6.9443
v 10.9456 2.8708 -6.8325
v 10.7153 2.8786 -6.7318
v 10.5010 2.8189 -6.5662
v 10.2592 2.7408 -6.4010
v 9.9829 2.7704 -6.4264
v 9.7051 2.7334 -6.3900
v 9.4432 2.7627 -6.4861
v 9.1605 2.7193 -6.5147
v 8.9171 2.7311 -6.6541
v 8.6923 2.7389 -6.8181
v 8.5227 2.7762 -7.0399
v 8.4279 2.8474 -7.3068
v 8.4141 2.9480 -7.5943
v 8.2268 2.8875 -7.7726
v 8.1369 2.8805 -8.0054
v 7.9479 2.7847 -8.2321
v 7.9004 2.7643 -8.5000
v 7.9122 2.7602 -8.7726
v 7.9944 2.7806 -9.0328
v 8.0577 2.7634 -9.2974
v 8.1631 2.7516 -9.5506
v 8.2315 2.6796 -9.8439
v 8.5063 2.7604 -9.9766
v 8.6862 2.7321 -10.1899
v 8.9637 2.7943 -10.2652
v 9.2391 2.8585 -10.2956
v 9.4957 2.9001 -10.3181
v 9.7232 2.8274 -10.4724
v 9.9829 2.8752 -10.4189
v 10.2360 2.8614 -10.4226
v 10.4938 2.8378 -10.4068
v 10.7921 2.7425 -10.4537
v 11.0194 2.7708 -10.2953
v 11.2742 2.7381 -10.1829
v 11.5457 2.6778 -10.0628
v 11.6178 2.7790 -9.7545
v 11.7997 2.7539 -9.5489
v 11.7695 2.8651 -9.2400
v 11.8372 2.8746 -8.9969
v 11.8976 2.8668 -8.7521
v 11.8549 2.6742 -8.5000
v 11.9165 2.6742 -8.2454
v 11.7239 2.6742 -8.0335
v 11.5664 2.7014 -7.8441
v 11.3875 2.7805 -7.6890
v 11.3414 2.7028 -7.4576
v 11.1785 2.7212 -7.3043
v 11.0136 2.7194 -7.1568
v 10.8347 2.7103 -7.0247
v 10.5974 2.7943 -7.0163
v 10.4169 2.7332 -6.8801
v 10.2088 2.6865 -6.7835
v 9.9829 2.6742 -6.7106
v 9.7398 2.6742 -6.6538
v 9.5215 2.6742 -6.7780
v 9.2743 2.6742 -6.7895
v 9.1171 2.6863 -7.0004
v 8.8810 2.6742 -7.0640
v 8.6939 2.6742 -7.2111
v 8.6380 2.7176 -7.4680
v 8.5903 2.7925 -7.6960
v 8.5711 2.8614 -7.9152
v 8.4738 2.8319 -8.0957
v 8.2496 2.6742 -8.2718
v 8.1551 2.6742 -8.5000
v 8.2165 2.6742 -8.7326
v 8.2348 2.6742 -8.9684
v 8.3845 2.6876 -9.1621
v 8.4419 2.6742 -9.3897
v 8.4989 2.6742 -9.6387
v 8.6837 2.6742 -9.7992
v 8.8743 2.6742 -9.9447
v 9.1545 2.7506 -9.9348
v 9.3378 2.7257 -10.0574
v 9.5718 2.8097 -10.0339
v 9.7644 2.7360 -10.1594
v 9.9829 2.7045 -10.2104
v 10.2181 2.6742 -10.2866
v 10.4454 2.6742 -10.2263
v 10.6530 2.6742 -10.1180
v 10.8818 2.6742 -10.0570
v 11.0874 2.6742 -9.9395
v 11.3102 2.6742 -9.8273
v 11.4836 2.6742 -9.6516
v 11.5181 2.6742 -9.3864
v 11.6071 2.6742 -9.1728
v 11.5391 2.7899 -8.9170
v 11.6406 2.7375 -8.7182
v 11.5090 2.6742 -8.5000
v 11.4975 2.6742 -8.3006
v 11.3950 2.6742 -8.1216
v 11.2565 2.6742 -7.9724
v 11.1388 2.6776 -7.8326
v 11.1135 2.6742 -7.6324
v 10.9491 2.6742 -7.5337
v 10.8383 2.6742 -7.3852
v 10.6506 2.6769 -7.3435
v 10.4823 2.7110 -7.2943
v 10.3297 2.6742 -7.2054
v 10.1625 2.6742 -7.1353
v 9.9829 2.6742 -6.9589
v 9.7832 2.6742 -6.9832
v 9.5845 2.6742 -7.0134
v 9.4209 2.6742 -7.1433
v 9.2675 2.6742 -7.2609
v 9.1163 2.6742 -7.3706
v 8.9976 2.6742 -7.5148
v 8.8663 2.6742 -7.6433
v 8.8047 2.6742 -7.8198
v 8.7589 2.6889 -7.9930
v 8.7488 2.7419 -8.1693
v 8.6615 2.6799 -8.3260
v 8.5089 2.6742 -8.5000
v 8.4906 2.6742 -8.6965
v 8.5635 2.6742 -8.8803
v 8.6656 2.6742 -9.0456
v 8.7080 2.6742 -9.2361
v 8.8422 2.6742 -9.3753
v 8.9200 2.6742 -9.5628
v 9.1178 2.6742 -9.6274
v 9.2817 2.6742 -9.7145
v 9.4866 2.7202 -9.6981
v 9.6475 2.7214 -9.7517
v 9.8038 2.6742 -9.8602
v 9.9829 2.6742 -9.8945
v 10.1738 2.6742 -9.9500
v 10.3470 2.6742 -9.8588
v 10.5380 2.6742 -9.8403
v 10.6744 2.6742 -9.6978
v 10.8560 2.6742 -9.6379
v 11.0650 2.6742 -9.5822
v 11.2223 2.6742 -9.4511
v 11.2477 2.6742 -9.2303
v 11.2534 2.6742 -9.0263
v 11.3065 2.6742 -8.8547
v 11.2425 2.7498 -8.6658
v 11.1334 2.6742 -8.5000
v 11.1451 2.6742 -8.3470
v 11.0472 2.6742 -8.2148
v 10.9787 2.6742 -8.0875
v 10.9230 2.6742 -7.9572
v 10.8479 2.6742 -7.8362
v 10.7249 2.6742 -7.7579
v 10.6405 2.6742 -7.6430
v 10.5117 2.6742 -7.5841
v 10.3652 2.6742 -7.5770
v 10.2510 2.6742 -7.4991
v 10.1223 2.6742 -7.4410
v 9.9829 2.6742 -7.4194
v 9.8297 2.6742 -7.3367
v 9.6826 2.6742 -7.3795
v 9.5602 2.6742 -7.4797
v 9.4326 2.6742 -7.5470
v 9.3328 2.6742 -7.6529
v 9.2316 2.6742 -7.7487
v 9.1342 2.6742 -7.8488
v 9.0836 2.6742 -7.9808
v 9.0499 2.6742 -8.1135
v 9.0274 2.6742 -8.2440
v 8.9912 2.6742 -8.3694
v 8.9577 2.6742 -8.5000
v 8.8504 2.6742 -8.6491
v 8.9106 2.6742 -8.7873
v 8.9651 2.6742 -8.9216
v 9.0200 2.6742 -9.0559
v 9.0866 2.6742 -9.1877
v 9.1963 2.6742 -9.2866
v 9.2957 2.6742 -9.3955
v 9.4303 2.6742 -9.4570
v 9.5967 2.6742 -9.4322
v 9.7145 2.6742 -9.5016
v 9.8465 2.6742 -9.5358
v 9.9829 2.6742 -9.5912
v 10.1258 2.6742 -9.5859
v 10.2730 2.6742 -9.5828
v 10.3854 2.6742 -9.4718
v 10.5336 2.6742 -9.4539
v 10.6523 2.6742 -9.3724
v 10.7772 2.6742 -9.2943
v 10.9015 2.6742 -9.2049
v 10.9854 2.6742 -9.0788
v 10.9726 2.6742 -8.9100
v 10.9602 2.6742 -8.7619
v 10.9837 2.6742 -8.6318
v 10.7250 2.6742 -8.5000
v 10.7377 2.6742 -8.4006
v 10.6776 2.6742 -8.3139
v 10.6791 2.6742 -8.2116
v 10.6076 2.6742 -8.1393
v 10.5500 2.6742 -8.0648
v 10.5023 2.6742 -7.9806
v 10.4256 2.6742 -7.9230
v 10.3482 2.6742 -7.8672
v 10.2603 2.6742 -7.8302
v 10.1671 2.6742 -7.8124
v 10.0745 2.6742 -7.8043
v 9.9829 2.6742 -7.7679
v 9.8868 2.6742 -7.7704
v 9.7768 2.6742 -7.7310
v 9.6938 2.6742 -7.8021
v 9.6100 2.6742 -7.8542
v 9.5561 2.6742 -7.9439
v 9.4774 2.6742 -7.9946
v 9.4094 2.6742 -8.0599
v 9.3406 2.6742 -8.1292
v 9.3231 2.6742 -8.2267
v 9.2905 2.6742 -8.3145
v 9.2824 2.6742 -8.4078
v 9.2866 2.6742 -8.5000
v 9.2780 2.6742 -8.5928
v 9.2704 2.6742 -8.6909
v 9.2667 2.6742 -8.7967
v 9.3058 2.6742 -8.8909
v 9.3917 2.6742 -8.9536
v 9.4520 2.6742 -9.0308
v 9.5408 2.6742 -9.0761
v 9.6163 2.6742 -9.1348
v 9.7171 2.6742 -9.1416
v 9.8052 2.6742 -9.1630
v 9.8889 2.6742 -9.2136
v 9.9829 2.6742 -9.2143
v 10.0787 2.6742 -9.2281
v 10.1699 2.6742 -9.1981
v 10.2573 2.6742 -9.1625
v 10.3364 2.6742 -9.1123
v 10.4193 2.6742 -9.0687
v 10.5167 2.6742 -9.0338
v 10.5832 2.6742 -8.9607
v 10.6342 2.6742 -8.8761
v 10.6726 2.6742 -8.7857
v 10.6907 2.6742 -8.6897
v 10.6636 2.6742 -8.5896
v 10.3446 2.6742 -8.5000
v 10.3363 2.6742 -8.4535
v 10.3432 2.6742 -8.4035
v 10.3284 2.6742 -8.3569
v 10.2978 2.6742 -8.3181
v 10.2776 2.6742 -8.2738
v 10.2334 2.6742 -8.2495
v 10.2030 2.6742 -8.2131
v 10.1572 2.6742 -8.1981
v 10.1263 2.6742 -8.1536
v 10.0767 2.6742 -8.1498
v 10.0306 2.6742 -8.1374
v 9.9829 2.6742 -8.1383
v 9.9351 2.6742 -8.1374
v 9.8846 2.6742 -8.1331
v 9.8409 2.6742 -8.1573
v 9.7943 2.6742 -8.1733
v 9.7687 2.6742 -8.2210
v 9.7381 2.6742 -8.2552
v 9.6918 2.6742 -8.2767
v 9.6568 2.6742 -8.3118
v 9.6271 2.6742 -8.3526
v 9.6371 2.6742 -8.4074
v 9.6469 2.6742 -8.4558
v 9.6477 2.6742 -8.5000
v 9.6318 2.6742 -8.5462
v 9.6348 2.6742 -8.5933
v 9.6194 2.6742 -8.6506
v 9.6462 2.6742 -8.6944
v 9.6813 2.6742 -8.7314
v 9.7295 2.6742 -8.7534
v 9.7571 2.6742 -8.7942
v 9.7971 2.6742 -8.8218
v 9.8424 2.6742 -8.8391
v 9.8858 2.6742 -8.8623
v 9.9345 2.6742 -8.8676
v 9.9829 2.6742 -8.8598
v 10.0279 2.6742 -8.8424
v 10.0751 2.6742 -8.8441
v 10.1232 2.6742 -8.8388
v 10.1749 2.6742 -8.8325
v 10.2111 2.6742 -8.7975
v 10.2384 2.6742 -8.7555
v 10.2822 2.6742 -8.7297
v 10.3061 2.6742 -8.6866
v 10.3390 2.6742 -8.6475
v 10.3407 2.6742 -8.5959
v 10.3438 2.6742 -8.5475
v 9.9829 2.6742 -8.5000
v 9.9829 2.6742 -8.5000
v 9.9829 2.6742 -8.5000
v 9.9829 2.6742 -8.5000
v 9.9829 2.6742 -8.5000
v 9.9829 2.6742 -8.5000
v 9.9829 2.6742 -8.5000
v 9.9829 2.6742 -8.5000
v 9.9829 2.6742 -8.5000
v 9.9829 2.6742 -8.5000
v 9.9829 2.6742 -8.5000
v 9.9829 2.6742 -8.5000
v 9.9829 2.6742 -8.5000
v 9.9829 2.6742 -8.5000
v 9.9829 2.6742 -8.5000
v 9.9829 2.6742 -8.5000
v 9.9829 2.6742 -8.5000
v 9.9829 2.6742 -8.5000
v 9.9829 2.6742 -8.5000
v 9.9829 2.6742 -8.5000
v 9.9829 2.6742 -8.5000
v 9.9829 2.6742 -8.5000
v 9.9829 2.6742 -8.5000
v 9.9829 2.6742 -8.5000
v 9.9829 2.6742 -8.5000
v 9.9829 2.6742 -8.5000
v 9.9829 2.6742 -8.5000
v 9.9829 2.6742 -8.5000
v 9.9829 2.6742 -8.5000
v 9.9829 2.6742 -8.5000
v 9.9829 2.6742 -8.5000
v 9.9829 2.6742 -8.5000
v 9.9829 2.6742 -8.5000
v 9.9829 2.6742 -8.5000
v 9.9829 2.6742 -8.5000
v 9.9829 2.6742 -8.5000
v 9.9829 2.6742 -8.5000
v 9.9829 2.6742 -8.5000
v 9.9829 2.6742 -8.5000
v 9.9829 2.6742 -8.5000
v 9.9829 2.6742 -8.5000
v 9.9829 2.6742 -8.5000
v 9.9829 2.6742 -8.5000
v 9.9829 2.6742 -8.5000
v 9.9829 2.6742 -8.5000
v 9.9829 2.6742 -8.5000
v 9.9829 2.6742 -8.5000
v 9.9829 2.6742 -8.5000
v 10.0973 3.0664 -8.5000
v 10.0973 2.6742 -8.5000
v 10.0638 3.0664 -8.4191
v 10.0638 2.6742 -8.4191
v 9.9829 3.0664 -8.3856
v 9.9829 2.6742 -8.3856
v 9.9020 3.0664 -8.4191
v 9.9020 2.6742 -8.4191
v 9.8685 3.0664 -8.5000
v 9.8685 2.6742 -8.5000
v 9.9020 3.0664 -8.5809
v 9.9020 2.6742 -8.5809
v 9.9829 3.0664 -8.6144
v 9.9829 2.6742 -8.6144
v 10.0638 3.0664 -8.5809
v 10.0638 2.6742 -8.5809
v 9.9829 3.0664 -8.5000
v 9.9829 2.6742 -8.5000
vn 0.9511 0.0000 0.3090
usemtl trunk
f 7897//7525 7899//7525 7900//7525 7898//7525
vn 0.5878 0.0000 0.8090
f 7899//7526 7901//7526 7902//7526 7900//7526
vn 0.0000 0.0000 1.0000
f 7901//7527 7903//7527 7904//7527 7902//7527
vn -0.5878 0.0000 0.8090
f 7903//7528 7905//7528 7906//7528 7904//7528
vn -0.9511 0.0000 0.3090
f 7905//7529 7907//7529 7908//7529 7906//7529
vn -0.9511 0.0000 -0.3090
f 7907//7530 7909//7530 7910//7530 7908//7530
vn -0.5878 0.0000 -0.8090
f 7909//7531 7911//7531 7912//7531 7910//7531
vn 0.0000 0.0000 -1.0000
f 7911//7532 7913//7532 7914//7532 7912//7532
vn 0.5878 0.0000 -0.8090
f 7913//7533 7915//7533 7916//7533 7914//7533
vn 0.9511 0.0000 -0.3090
f 7915//7534 7897//7534 7898//7534 7916//7534
vn 0.0000 1.0000 0.0000
f 7917//7535 7899//7535 7897//7535
vn 0.0000 -1.0000 0.0000
f 7918//7536 7898//7536 7900//7536
vn 0.0000 1.0000 0.0000
f 7917//7537 7901//7537 7899//7537
vn 0.0000 -1.0000 0.0000
f 7918//7538 7900//7538 7902//7538
vn 0.0000 1.0000 0.0000
f 7917//7539 7903//7539 7901//7539
vn 0.0000 -1.0000 0.0000
f 7918//7540 7902//7540 7904//7540
vn 0.0000 1.0000 0.0000
f 7917//7541 7905//7541 7903//7541
vn 0.0000 -1.0000 0.0000
f 7918//7542 7904//7542 7906//7542
vn 0.0000 1.0000 0.0000
f 7917//7543 7907//7543 7905//7543
vn 0.0000 -1.0000 0.0000
f 7918//7544 7906//7544 7908//7544
vn 0.0000 1.0000 0.0000
f 7917//7545 7909//7545 7907//7545
vn 0.0000 -1.0000 0.0000
f 7918//7546 7908//7546 7910//7546
vn 0.0000 1.0000 0.0000
f 7917//7547 7911//7547 7909//7547
vn 0.0000 -1.0000 0.0000
f 7918//7548 7910//7548 7912//7548
vn 0.0000 1.0000 0.0000
f 7917//7549 7913//7549 7911//7549
vn 0.0000 -1.0000 0.0000
f 7918//7550 7912//7550 7914//7550
vn 0.0000 1.0000 0.0000
f 7917//7551 7915//7551 7913//7551
vn 0.0000 -1.0000 0.0000
f 7918//7552 7914//7552 7916//7552
vn 0.0000 1.0000 0.0000
f 7917//7553 7897//7553 7915//7553
vn 0.0000 -1.0000 0.0000
f 7918//7554 7916//7554 7898//7554
vn -0.0900 -0.6203 0.7792
usemtl leaf_4
f 7919//7555 7967//7555 7968//7555 7920//7555
vn -0.0962 -0.8724 0.4792
usemtl leaf_5
f 7920//7556 7968//7556 7969//7556 7921//7556
vn -0.2649 -0.5139 0.8159
f 7921//7557 7969//7557 7970//7557 7922//7557
vn 0.3758 -0.4183 -0.8270
f 7922//7558 7970//7558 7971//7558 7923//7558
vn 0.5083 -0.2414 -0.8266
f 7923//7559 7971//7559 7972//7559 7924//7559
vn 0.6176 -0.1617 -0.7697
usemtl leaf_3
f 7924//7560 7972//7560 7973//7560 7925//7560
vn -0.7688 -0.3257 0.5503
f 7925//7561 7973//7561 7974//7561 7926//7561
vn -0.8162 -0.2528 0.5195
usemtl leaf_4
f 7926//7562 7974//7562 7975//7562 7927//7562
vn -0.8778 -0.2134 0.4289
usemtl leaf_5
f 7927//7563 7975//7563 7976//7563 7928//7563
vn -0.8203 -0.4809 0.3094
f 7928//7564 7976//7564 7977//7564 7929//7564
vn 0.5722 -0.8179 -0.0601
f 7929//7565 7977//7565 7978//7565 7930//7565
vn 0.9752 -0.2070 -0.0788
f 7930//7566 7978//7566 7979//7566 7931//7566
vn -0.7736 -0.6288 -0.0790
f 7931//7567 7979//7567 7980//7567 7932//7567
vn -0.8024 -0.5755 -0.1582
f 7932//7568 7980//7568 7981//7568 7933//7568
vn -0.9084 -0.3128 -0.2775
f 7933//7569 7981//7569 7982//7569 7934//7569
vn 0.8437 -0.2893 0.4522
f 7934//7570 7982//7570 7983//7570 7935//7570
vn -0.5001 -0.7828 -0.3703
f 7935//7571 7983//7571 7984//7571 7936//7571
vn 0.7686 -0.1932 0.6099
usemtl leaf_4
f 7936//7572 7984//7572 7985//7572 7937//7572
vn 0.2182 -0.9755 -0.0274
usemtl leaf_5
f 7937//7573 7985//7573 7986//7573 7938//7573
vn -0.2186 -0.8578 -0.4652
f 7938//7574 7986//7574 7987//7574 7939//7574
vn -0.0528 -0.9926 -0.1090
usemtl leaf_4
f 7939//7575 7987//7575 7988//7575 7940//7575
vn -0.3004 -0.7451 -0.5955
usemtl leaf_5
f 7940//7576 7988//7576 7989//7576 7941//7576
vn -0.1969 -0.4238 -0.8841
f 7941//7577 7989//7577 7990//7577 7942//7577
vn 0.1356 -0.8499 0.5092
f 7942//7578 7990//7578 7991//7578 7943//7578
vn -0.0117 -0.5461 0.8377
f 7943//7579 7991//7579 7992//7579 7944//7579
vn 0.2302 -0.3653 -0.9020
f 7944//7580 7992//7580 7993//7580 7945//7580
vn 0.3852 -0.4180 -0.8228
f 7945//7581 7993//7581 7994//7581 7946//7581
vn 0.3704 -0.5603 -0.7408
f 7946//7582 7994//7582 7995//7582 7947//7582
vn -0.5721 -0.2662 0.7757
f 7947//7583 7995//7583 7996//7583 7948//7583
vn -0.6396 -0.4622 0.6142
f 7948//7584 7996//7584 7997//7584 7949//7584
vn 0.4291 -0.8008 -0.4178
f 7949//7585 7997//7585 7998//7585 7950//7585
vn -0.7797 -0.2977 0.5509
f 7950//7586 7998//7586 7999//7586 7951//7586
vn 0.7966 -0.5562 -0.2366
usemtl leaf_4
f 7951//7587 7999//7587 8000//7587 7952//7587
vn 0.6534 -0.7543 -0.0648
f 7952//7588 8000//7588 8001//7588 7953//7588
vn 0.3471 -0.9378 -0.0103
usemtl leaf_5
f 7953//7589 8001//7589 8002//7589 7954//7589
vn -0.9176 -0.3921 0.0658
f 7954//7590 8002//7590 8003//7590 7955//7590
vn 0.2588 -0.9631 -0.0743
f 7955//7591 8003//7591 8004//7591 7956//7591
vn -0.1820 -0.9826 -0.0359
usemtl leaf_4
f 7956//7592 8004//7592 8005//7592 7957//7592
vn 0.9032 -0.3114 0.2955
usemtl leaf_5
f 7957//7593 8005//7593 8006//7593 7958//7593
vn 0.8537 -0.3383 0.3959
f 7958//7594 8006//7594 8007//7594 7959//7594
vn 0.4858 -0.7988 0.3547
f 7959//7595 8007//7595 8008//7595 7960//7595
vn -0.7134 -0.3240 -0.6214
f 7960//7596 8008//7596 8009//7596 7961//7596
vn 0.2580 -0.8877 0.3813
f 7961//7597 8009//7597 8010//7597 7962//7597
vn -0.4923 -0.6046 -0.6262
f 7962//7598 8010//7598 8011//7598 7963//7598
vn -0.3462 -0.6728 -0.6539
f 7963//7599 8011//7599 8012//7599 7964//7599
vn 0.2331 -0.5560 0.7978
f 7964//7600 8012//7600 8013//7600 7965//7600
vn -0.2242 -0.2230 -0.9487
usemtl leaf_4
f 7965//7601 8013//7601 8014//7601 7966//7601
vn 0.0305 -0.2573 0.9658
usemtl leaf_5
f 7966//7602 8014//7602 7967//7602 7919//7602
vn -0.1968 -0.9802 -0.0210
f 7967//7603 8015//7603 8016//7603 7968//7603
vn -0.2318 -0.6041 0.7625
f 7968//7604 8016//7604 8017//7604 7969//7604
vn -0.1023 -0.8869 0.4505
f 7969//7605 8017//7605 8018//7605 7970//7605
vn 0.3580 -0.7133 -0.6026
f 7970//7606 8018//7606 8019//7606 7971//7606
vn 0.4834 -0.5620 -0.6712
f 7971//7607 8019//7607 8020//7607 7972//7607
vn 0.6165 -0.4973 -0.6104
f 7972//7608 8020//7608 8021//7608 7973//7608
vn -0.2218 -0.9298 0.2936
usemtl leaf_4
f 7973//7609 8021//7609 8022//7609 7974//7609
vn -0.7588 -0.4805 0.4397
f 7974//7610 8022//7610 8023//7610 7975//7610
vn -0.7413 -0.6164 0.2655
usemtl leaf_5
f 7975//7611 8023//7611 8024//7611 7976//7611
vn -0.6092 -0.7926 -0.0264
f 7976//7612 8024//7612 8025//7612 7977//7612
vn 0.5478 -0.7343 -0.4008
f 7977//7613 8025//7613 8026//7613 7978//7613
vn 0.7462 -0.6312 -0.2114
f 7978//7614 8026//7614 8027//7614 7979//7614
vn -0.1806 -0.9569 -0.2276
usemtl leaf_4
f 7979//7615 8027//7615 8028//7615 7980//7615
vn -0.6747 -0.6816 -0.2832
usemtl leaf_5
f 7980//7616 8028//7616 8029//7616 7981//7616
vn -0.6944 -0.6264 -0.3543
f 7981//7617 8029//7617 8030//7617 7982//7617
vn 0.6229 -0.7525 0.2141
f 7982//7618 8030//7618 8031//7618 7983//7618
vn 0.1207 -0.9872 0.1039
f 7983//7619 8031//7619 8032//7619 7984//7619
vn 0.6492 -0.4640 0.6028
usemtl leaf_4
f 7984//7620 8032//7620 8033//7620 7985//7620
vn 0.3293 -0.9232 0.1982
usemtl leaf_3
f 7985//7621 8033//7621 8034//7621 7986//7621
vn -0.1444 -0.8297 -0.5393
usemtl leaf_4
f 7986//7622 8034//7622 8035//7622 7987//7622
vn -0.0457 -0.9153 -0.4002
usemtl leaf_5
f 7987//7623 8035//7623 8036//7623 7988//7623
vn -0.1624 -0.7278 -0.6663
f 7988//7624 8036//7624 8037//7624 7989//7624
vn 0.2181 -0.8523 0.4755
usemtl leaf_4
f 7989//7625 8037//7625 8038//7625 7990//7625
vn 0.2267 -0.9631 0.1449
f 7990//7626 8038//7626 8039//7626 7991//7626
vn 0.1882 -0.9028 0.3867
usemtl leaf_5
f 7991//7627 8039//7627 8040//7627 7992//7627
vn 0.2241 -0.7104 -0.6672
usemtl leaf_4
f 7992//7628 8040//7628 8041//7628 7993//7628
vn 0.1835 -0.7189 -0.6705
usemtl leaf_5
f 7993//7629 8041//7629 8042//7629 7994//7629
vn 0.3051 -0.7884 -0.5342
f 7994//7630 8042//7630 8043//7630 7995//7630
vn -0.2510 -0.8580 0.4482
f 7995//7631 8043//7631 8044//7631 7996//7631
vn -0.4516 -0.7648 0.4594
f 7996//7632 8044//7632 8045//7632 7997//7632
vn -0.4180 -0.8039 0.4231
f 7997//7633 8045//7633 8046//7633 7998//7633
vn -0.5898 -0.6223 0.5147
usemtl leaf_4
f 7998//7634 8046//7634 8047//7634 7999//7634
vn -0.1512 -0.9575 0.2455
f 7999//7635 8047//7635 8048//7635 8000//7635
vn 0.6151 -0.7878 0.0306
f 8000//7636 8048//7636 8049//7636 8001//7636
vn 0.6714 -0.7410 0.0101
f 8001//7637 8049//7637 8050//7637 8002//7637
vn 0.0579 -0.9955 -0.0752
usemtl leaf_5
f 8002//7638 8050//7638 8051//7638 8003//7638
vn -0.4522 -0.8909 -0.0420
f 8003//7639 8051//7639 8052//7639 8004//7639
vn 0.1004 -0.9949 -0.0029
usemtl leaf_4
f 8004//7640 8052//7640 8053//7640 8005//7640
vn 0.5186 -0.8259 0.2213
f 8005//7641 8053//7641 8054//7641 8006//7641
vn 0.4888 -0.7703 0.4095
usemtl leaf_5
f 8006//7642 8054//7642 8055//7642 8007//7642
vn 0.2398 -0.9317 0.2729
f 8007//7643 8055//7643 8056//7643 8008//7643
vn -0.1745 -0.9648 -0.1965
f 8008//7644 8056//7644 8057//7644 8009//7644
vn -0.1825 -0.9178 -0.3527
f 8009//7645 8057//7645 8058//7645 8010//7645
vn -0.1463 -0.9463 -0.2884
f 8010//7646 8058//7646 8059//7646 8011//7646
vn -0.2999 -0.8262 -0.4769
f 8011//7647 8059//7647 8060//7647 8012//7647
vn -0.0834 -0.9681 0.2362
f 8012//7648 8060//7648 8061//7648 8013//7648
vn -0.1634 -0.7243 -0.6698
f 8013//7649 8061//7649 8062//7649 8014//7649
vn 0.0361 -0.7015 0.7118
usemtl leaf_4
f 8014//7650 8062//7650 8015//7650 7967//7650
vn 0.0309 -0.9397 -0.3406
usemtl leaf_5
f 8015//7651 8063//7651 8064//7651 8016//7651
vn -0.2174 -0.7082 0.6717
f 8016//7652 8064//7652 8065//7652 8017//7652
vn -0.3298 -0.9386 0.1015
f 8017//7653 8065//7653 8066//7653 8018//7653
vn -0.0391 -0.8283 -0.5588
f 8018//7654 8066//7654 8067//7654 8019//7654
vn 0.2485 -0.6279 -0.7376
usemtl leaf_4
f 8019//7655 8067//7655 8068//7655 8020//7655
vn 0.0979 -0.9323 -0.3481
usemtl leaf_5
f 8020//7656 8068//7656 8069//7656 8021//7656
vn 0.1126 -0.9900 -0.0844
f 8021//7657 8069//7657 8070//7657 8022//7657
vn -0.3499 -0.9354 0.0504
usemtl leaf_4
f 8022//7658 8070//7658 8071//7658 8023//7658
vn -0.7377 -0.6665 0.1072
f 8023//7659 8071//7659 8072//7659 8024//7659
vn -0.3016 -0.9503 -0.0777
usemtl leaf_5
f 8024//7660 8072//7660 8073//7660 8025//7660
vn 0.4461 -0.8659 -0.2264
f 8025//7661 8073//7661 8074//7661 8026//7661
vn -0.0343 -0.9976 -0.0603
f 8026//7662 8074//7662 8075//7662 8027//7662
vn 0.1529 -0.9870 0.0500
f 8027//7663 8075//7663 8076//7663 8028//7663
vn -0.6829 -0.7255 -0.0854
f 8028//7664 8076//7664 8077//7664 8029//7664
vn -0.0265 -0.9987 -0.0425
f 8029//7665 8077//7665 8078//7665 8030//7665
vn 0.0542 -0.9896 -0.1329
f 8030//7666 8078//7666 8079//7666 8031//7666
vn 0.3946 -0.9176 0.0482
f 8031//7667 8079//7667 8080//7667 8032//7667
vn 0.6603 -0.6679 0.3434
f 8032//7668 8080//7668 8081//7668 8033//7668
vn 0.2827 -0.9253 0.2530
usemtl leaf_3
f 8033//7669 8081//7669 8082//7669 8034//7669
vn -0.0936 -0.9664 -0.2393
usemtl leaf_4
f 8034//7670 8082//7670 8083//7670 8035//7670
vn -0.0247 -0.9444 -0.3280
usemtl leaf_5
f 8035//7671 8083//7671 8084//7671 8036//7671
vn 0.2176 -0.9349 -0.2804
f 8036//7672 8084//7672 8085//7672 8037//7672
vn 0.3861 -0.8940 0.2274
f 8037//7673 8085//7673 8086//7673 8038//7673
vn 0.1083 -0.9619 -0.2510
usemtl leaf_4
f 8038//7674 8086//7674 8087//7674 8039//7674
vn -0.0381 -0.9960 0.0809
usemtl leaf_5
f 8039//7675 8087//7675 8088//7675 8040//7675
vn 0.0794 -0.7980 -0.5974
f 8040//7676 8088//7676 8089//7676 8041//7676
vn 0.2251 -0.9144 -0.3364
f 8041//7677 8089//7677 8090//7677 8042//7677
vn 0.2199 -0.9730 -0.0703
f 8042//7678 8090//7678 8091//7678 8043//7678
vn 0.0418 -0.9300 0.3651
f 8043//7679 8091//7679 8092//7679 8044//7679
vn 0.0752 -0.9834 0.1650
f 8044//7680 8092//7680 8093//7680 8045//7680
vn -0.4942 -0.6888 0.5303
f 8045//7681 8093//7681 8094//7681 8046//7681
vn -0.3673 -0.8395 0.4005
usemtl leaf_4
f 8046//7682 8094//7682 8095//7682 8047//7682
vn -0.1204 -0.9732 0.1960
f 8047//7683 8095//7683 8096//7683 8048//7683
vn -0.0720 -0.9681 0.2401
f 8048//7684 8096//7684 8097//7684 8049//7684
vn 0.8045 -0.5940 -0.0045
f 8049//7685 8097//7685 8098//7685 8050//7685
vn 0.3548 -0.9248 0.1370
usemtl leaf_5
f 8050//7686 8098//7686 8099//7686 8051//7686
vn -0.5591 -0.8268 0.0608
f 8051//7687 8099//7687 8100//7687 8052//7687
vn 0.1139 -0.9656 0.2339
usemtl leaf_4
f 8052//7688 8100//7688 8101//7688 8053//7688
vn -0.0336 -0.9732 0.2277
usemtl leaf_5
f 8053//7689 8101//7689 8102//7689 8054//7689
vn 0.2760 -0.8903 0.3621
f 8054//7690 8102//7690 8103//7690 8055//7690
vn 0.2375 -0.8711 0.4299
f 8055//7691 8103//7691 8104//7691 8056//7691
vn 0.0656 -0.9567 0.2837
f 8056//7692 8104//7692 8105//7692 8057//7692
vn -0.4039 -0.8898 -0.2125
f 8057//7693 8105//7693 8106//7693 8058//7693
vn -0.2060 -0.9777 -0.0420
f 8058//7694 8106//7694 8107//7694 8059//7694
vn -0.1545 -0.9415 -0.2996
f 8059//7695 8107//7695 8108//7695 8060//7695
vn -0.1125 -0.9661 -0.2324
usemtl leaf_4
f 8060//7696 8108//7696 8109//7696 8061//7696
vn -0.2828 -0.8923 -0.3520
usemtl leaf_5
f 8061//7697 8109//7697 8110//7697 8062//7697
vn -0.0496 -0.7499 0.6597
f 8062//7698 8110//7698 8063//7698 8015//7698
vn -0.0781 -0.9762 -0.2021
f 8063//7699 8111//7699 8112//7699 8064//7699
vn -0.1881 -0.9659 0.1780
f 8064//7700 8112//7700 8113//7700 8065//7700
vn -0.2679 -0.9590 -0.0921
f 8065//7701 8113//7701 8114//7701 8066//7701
vn -0.0894 -0.8410 -0.5337
f 8066//7702 8114//7702 8115//7702 8067//7702
vn 0.0695 -0.8442 -0.5316
usemtl leaf_4
f 8067//7703 8115//7703 8116//7703 8068//7703
vn -0.1796 -0.9810 0.0736
usemtl leaf_5
f 8068//7704 8116//7704 8117//7704 8069//7704
vn 0.0187 -0.9938 -0.1092
usemtl leaf_4
f 8069//7705 8117//7705 8118//7705 8070//7705
vn 0.1490 -0.9630 -0.2245
usemtl leaf_5
f 8070//7706 8118//7706 8119//7706 8071//7706
vn -0.5342 -0.8452 0.0160
usemtl leaf_4
f 8071//7707 8119//7707 8120//7707 8072//7707
vn -0.2007 -0.8142 -0.5448
usemtl leaf_5
f 8072//7708 8120//7708 8121//7708 8073//7708
vn 0.0924 -0.7888 -0.6076
f 8073//7709 8121//7709 8122//7709 8074//7709
vn -0.5591 -0.8011 -0.2137
usemtl leaf_4
f 8074//7710 8122//7710 8123//7710 8075//7710
vn 0.1172 -0.9851 -0.1257
usemtl leaf_5
f 8075//7711 8123//7711 8124//7711 8076//7711
vn -0.5799 -0.7786 -0.2396
f 8076//7712 8124//7712 8125//7712 8077//7712
vn 0.4638 -0.8829 -0.0735
f 8077//7713 8125//7713 8126//7713 8078//7713
vn 0.3424 -0.8897 -0.3021
f 8078//7714 8126//7714 8127//7714 8079//7714
vn 0.3360 -0.9107 -0.2401
f 8079//7715 8127//7715 8128//7715 8080//7715
vn 0.5564 -0.7965 0.2366
f 8080//7716 8128//7716 8129//7716 8081//7716
vn 0.0502 -0.9678 -0.2467
f 8081//7717 8129//7717 8130//7717 8082//7717
vn 0.3532 -0.9240 0.1468
f 8082//7718 8130//7718 8131//7718 8083//7718
vn 0.0433 -0.8625 -0.5042
usemtl leaf_4
f 8083//7719 8131//7719 8132//7719 8084//7719
vn 0.2875 -0.9346 0.2094
f 8084//7720 8132//7720 8133//7720 8085//7720
vn 0.1045 -0.9602 -0.2590
f 8085//7721 8133//7721 8134//7721 8086//7721
vn 0.2504 -0.9680 -0.0183
f 8086//7722 8134//7722 8135//7722 8087//7722
vn 0.4422 -0.8901 -0.1102
f 8087//7723 8135//7723 8136//7723 8088//7723
vn 0.5242 -0.8112 -0.2594
usemtl leaf_5
f 8088//7724 8136//7724 8137//7724 8089//7724
vn 0.5229 -0.8518 -0.0320
f 8089//7725 8137//7725 8138//7725 8090//7725
vn 0.4628 -0.8504 -0.2503
f 8090//7726 8138//7726 8139//7726 8091//7726
vn -0.0464 -0.9393 0.3398
f 8091//7727 8139//7727 8140//7727 8092//7727
vn 0.2629 -0.9638 -0.0440
f 8092//7728 8140//7728 8141//7728 8093//7728
vn -0.3893 -0.7912 0.4715
f 8093//7729 8141//7729 8142//7729 8094//7729
vn -0.2864 -0.9164 0.2798
f 8094//7730 8142//7730 8143//7730 8095//7730
vn -0.1090 -0.9759 0.1891
usemtl leaf_3
f 8095//7731 8143//7731 8144//7731 8096//7731
vn -0.3169 -0.8965 0.3096
f 8096//7732 8144//7732 8145//7732 8097//7732
vn 0.7152 -0.6880 0.1232
f 8097//7733 8145//7733 8146//7733 8098//7733
vn 0.3507 -0.8493 0.3946
usemtl leaf_5
f 8098//7734 8146//7734 8147//7734 8099//7734
vn 0.0263 -0.9756 0.2181
f 8099//7735 8147//7735 8148//7735 8100//7735
vn -0.2707 -0.9626 0.0147
f 8100//7736 8148//7736 8149//7736 8101//7736
vn 0.2784 -0.9434 0.1802
usemtl leaf_4
f 8101//7737 8149//7737 8150//7737 8102//7737
vn -0.2661 -0.9618 0.0636
usemtl leaf_5
f 8102//7738 8150//7738 8151//7738 8103//7738
vn 0.1450 -0.8475 0.5106
f 8103//7739 8151//7739 8152//7739 8104//7739
vn 0.0108 -0.8859 0.4637
f 8104//7740 8152//7740 8153//7740 8105//7740
vn -0.3475 -0.9371 -0.0331
f 8105//7741 8153//7741 8154//7741 8106//7741
vn -0.1906 -0.9782 0.0823
f 8106//7742 8154//7742 8155//7742 8107//7742
vn -0.3494 -0.9351 -0.0597
f 8107//7743 8155//7743 8156//7743 8108//7743
vn -0.4767 -0.7995 -0.3656
f 8108//7744 8156//7744 8157//7744 8109//7744
vn -0.4035 -0.8615 -0.3082
usemtl leaf_4
f 8109//7745 8157//7745 8158//7745 8110//7745
vn -0.1009 -0.6107 0.7854
usemtl leaf_5
f 8110//7746 8158//7746 8111//7746 8063//7746
vn -0.0749 -0.9884 -0.1321
f 8111//7747 8159//7747 8160//7747 8112//7747
vn -0.1445 -0.9752 -0.1675
f 8112//7748 8160//7748 8161//7748 8113//7748
vn -0.2846 -0.7967 -0.5331
f 8113//7749 8161//7749 8162//7749 8114//7749
vn -0.3940 -0.8171 -0.4207
usemtl leaf_4
f 8114//7750 8162//7750 8163//7750 8115//7750
vn -0.2035 -0.9746 -0.0935
f 8115//7751 8163//7751 8164//7751 8116//7751
vn -0.1935 -0.9801 -0.0446
usemtl leaf_5
f 8116//7752 8164//7752 8165//7752 8117//7752
vn -0.1249 -0.9844 -0.1240
f 8117//7753 8165//7753 8166//7753 8118//7753
vn 0.1370 -0.9627 -0.2332
f 8118//7754 8166//7754 8167//7754 8119//7754
vn -0.0096 -0.9304 -0.3665
usemtl leaf_3
f 8119//7755 8167//7755 8168//7755 8120//7755
vn 0.1067 -0.8006 -0.5896
f 8120//7756 8168//7756 8169//7756 8121//7756
vn -0.5365 -0.8377 -0.1021
usemtl leaf_4
f 8121//7757 8169//7757 8170//7757 8122//7757
vn -0.4276 -0.9026 -0.0498
usemtl leaf_5
f 8122//7758 8170//7758 8171//7758 8123//7758
vn 0.0090 -0.9858 -0.1675
f 8123//7759 8171//7759 8172//7759 8124//7759
vn -0.3584 -0.8961 -0.2617
f 8124//7760 8172//7760 8173//7760 8125//7760
vn 0.3998 -0.9116 -0.0955
f 8125//7761 8173//7761 8174//7761 8126//7761
vn 0.3893 -0.9209 -0.0195
f 8126//7762 8174//7762 8175//7762 8127//7762
vn 0.2843 -0.9241 -0.2554
usemtl leaf_4
f 8127//7763 8175//7763 8176//7763 8128//7763
vn 0.4733 -0.8792 -0.0550
usemtl leaf_5
f 8128//7764 8176//7764 8177//7764 8129//7764
vn 0.0825 -0.9611 -0.2635
f 8129//7765 8177//7765 8178//7765 8130//7765
vn 0.2302 -0.9715 0.0570
usemtl leaf_4
f 8130//7766 8178//7766 8179//7766 8131//7766
vn 0.2475 -0.9627 -0.1094
usemtl leaf_3
f 8131//7767 8179//7767 8180//7767 8132//7767
vn 0.5378 -0.8425 -0.0320
usemtl leaf_4
f 8132//7768 8180//7768 8181//7768 8133//7768
vn 0.2549 -0.8479 -0.4649
usemtl leaf_5
f 8133//7769 8181//7769 8182//7769 8134//7769
vn 0.2753 -0.9419 0.1922
f 8134//7770 8182//7770 8183//7770 8135//7770
vn 0.1327 -0.9621 -0.2381
usemtl leaf_4
f 8135//7771 8183//7771 8184//7771 8136//7771
vn 0.0910 -0.9930 -0.0752
f 8136//7772 8184//7772 8185//7772 8137//7772
vn 0.2178 -0.9759 0.0108
f 8137//7773 8185//7773 8186//7773 8138//7773
vn 0.5191 -0.8425 -0.1438
usemtl leaf_5
f 8138//7774 8186//7774 8187//7774 8139//7774
vn 0.3890 -0.9027 0.1840
f 8139//7775 8187//7775 8188//7775 8140//7775
vn 0.2423 -0.9564 0.1629
f 8140//7776 8188//7776 8189//7776 8141//7776
vn -0.1764 -0.7781 0.6029
f 8141//7777 8189//7777 8190//7777 8142//7777
vn -0.1030 -0.8441 0.5262
usemtl leaf_4
f 8142//7778 8190//7778 8191//7778 8143//7778
vn 0.0737 -0.9520 0.2972
f 8143//7779 8191//7779 8192//7779 8144//7779
vn -0.2724 -0.9239 0.2685
f 8144//7780 8192//7780 8193//7780 8145//7780
vn 0.4605 -0.8859 0.0560
usemtl leaf_3
f 8145//7781 8193//7781 8194//7781 8146//7781
vn 0.2489 -0.9560 0.1552
usemtl leaf_5
f 8146//7782 8194//7782 8195//7782 8147//7782
vn 0.3083 -0.9270 0.2135
usemtl leaf_4
f 8147//7783 8195//7783 8196//7783 8148//7783
vn -0.2720 -0.9529 0.1342
usemtl leaf_5
f 8148//7784 8196//7784 8197//7784 8149//7784
vn -0.0212 -0.9481 0.3172
f 8149//7785 8197//7785 8198//7785 8150//7785
vn -0.4670 -0.8581 0.2135
f 8150//7786 8198//7786 8199//7786 8151//7786
vn -0.0965 -0.8986 0.4280
f 8151//7787 8199//7787 8200//7787 8152//7787
vn 0.0270 -0.8130 0.5817
f 8152//7788 8200//7788 8201//7788 8153//7788
vn -0.2517 -0.9393 0.2333
f 8153//7789 8201//7789 8202//7789 8154//7789
vn -0.1203 -0.9781 0.1697
f 8154//7790 8202//7790 8203//7790 8155//7790
vn -0.2893 -0.9295 -0.2288
f 8155//7791 8203//7791 8204//7791 8156//7791
vn -0.3741 -0.8453 -0.3814
usemtl leaf_4
f 8156//7792 8204//7792 8205//7792 8157//7792
vn -0.3398 -0.9238 -0.1763
usemtl leaf_5
f 8157//7793 8205//7793 8206//7793 8158//7793
vn -0.0503 -0.6034 0.7958
usemtl leaf_4
f 8158//7794 8206//7794 8159//7794 8111//7794
vn -0.3906 -0.9170 -0.0808
usemtl leaf_5
f 8159//7795 8207//7795 8208//7795 8160//7795
vn -0.3204 -0.8058 -0.4981
f 8160//7796 8208//7796 8209//7796 8161//7796
vn -0.2298 -0.8010 -0.5527
usemtl leaf_4
f 8161//7797 8209//7797 8210//7797 8162//7797
vn -0.2733 -0.9618 0.0178
usemtl leaf_5
f 8162//7798 8210//7798 8211//7798 8163//7798
vn -0.2783 -0.9553 0.0997
f 8163//7799 8211//7799 8212//7799 8164//7799
vn -0.0901 -0.9845 -0.1506
usemtl leaf_4
f 8164//7800 8212//7800 8213//7800 8165//7800
vn -0.2105 -0.9764 -0.0475
usemtl leaf_5
f 8165//7801 8213//7801 8214//7801 8166//7801
vn 0.1955 -0.8709 -0.4509
f 8166//7802 8214//7802 8215//7802 8167//7802
vn 0.2376 -0.7710 -0.5908
usemtl leaf_3
f 8167//7803 8215//7803 8216//7803 8168//7803
vn -0.1118 -0.9296 -0.3513
usemtl leaf_4
f 8168//7804 8216//7804 8217//7804 8169//7804
vn -0.6019 -0.7406 -0.2986
usemtl leaf_3
f 8169//7805 8217//7805 8218//7805 8170//7805
vn -0.5720 -0.6959 -0.4343
usemtl leaf_4
f 8170//7806 8218//7806 8219//7806 8171//7806
vn -0.1819 -0.9574 -0.2243
usemtl leaf_5
f 8171//7807 8219//7807 8220//7807 8172//7807
vn -0.0292 -0.9676 -0.2509
f 8172//7808 8220//7808 8221//7808 8173//7808
vn 0.7338 -0.5991 -0.3205
f 8173//7809 8221//7809 8222//7809 8174//7809
vn 0.4626 -0.6340 -0.6197
f 8174//7810 8222//7810 8223//7810 8175//7810
vn 0.3682 -0.8819 -0.2945
f 8175//7811 8223//7811 8224//7811 8176//7811
vn 0.1474 -0.9638 -0.2224
usemtl leaf_4
f 8176//7812 8224//7812 8225//7812 8177//7812
vn 0.1830 -0.9661 -0.1821
f 8177//7813 8225//7813 8226//7813 8178//7813
vn 0.2771 -0.9478 -0.1578
f 8178//7814 8226//7814 8227//7814 8179//7814
vn 0.3190 -0.9443 0.0801
usemtl leaf_5
f 8179//7815 8227//7815 8228//7815 8180//7815
vn 0.1743 -0.9846 0.0151
usemtl leaf_4
f 8180//7816 8228//7816 8229//7816 8181//7816
vn 0.3049 -0.9071 -0.2902
f 8181//7817 8229//7817 8230//7817 8182//7817
vn 0.2571 -0.9393 -0.2274
f 8182//7818 8230//7818 8231//7818 8183//7818
vn 0.1347 -0.9566 -0.2583
usemtl leaf_5
f 8183//7819 8231//7819 8232//7819 8184//7819
vn 0.1918 -0.9768 0.0956
f 8184//7820 8232//7820 8233//7820 8185//7820
vn 0.1938 -0.9756 0.1035
f 8185//7821 8233//7821 8234//7821 8186//7821
vn 0.2542 -0.9489 0.1873
f 8186//7822 8234//7822 8235//7822 8187//7822
vn 0.5095 -0.8537 0.1081
f 8187//7823 8235//7823 8236//7823 8188//7823
vn 0.4233 -0.8101 0.4057
f 8188//7824 8236//7824 8237//7824 8189//7824
vn 0.0411 -0.9445 0.3261
f 8189//7825 8237//7825 8238//7825 8190//7825
vn -0.2319 -0.9135 0.3342
usemtl leaf_4
f 8190//7826 8238//7826 8239//7826 8191//7826
vn 0.1346 -0.9487 0.2862
f 8191//7827 8239//7827 8240//7827 8192//7827
vn 0.0039 -0.9690 0.2471
usemtl leaf_3
f 8192//7828 8240//7828 8241//7828 8193//7828
vn 0.0991 -0.9257 0.3652
f 8193//7829 8241//7829 8242//7829 8194//7829
vn 0.4766 -0.7618 0.4386
usemtl leaf_5
f 8194//7830 8242//7830 8243//7830 8195//7830
vn 0.0057 -0.8479 0.5300
f 8195//7831 8243//7831 8244//7831 8196//7831
vn 0.0211 -0.8630 0.5048
usemtl leaf_4
f 8196//7832 8244//7832 8245//7832 8197//7832
vn -0.2072 -0.9557 0.2093
usemtl leaf_5
f 8197//7833 8245//7833 8246//7833 8198//7833
vn -0.1773 -0.9754 0.1311
f 8198//7834 8246//7834 8247//7834 8199//7834
vn -0.0239 -0.9883 0.1509
f 8199//7835 8247//7835 8248//7835 8200//7835
vn -0.1168 -0.9531 0.2794
f 8200//7836 8248//7836 8249//7836 8201//7836
vn -0.4614 -0.7933 0.3972
f 8201//7837 8249//7837 8250//7837 8202//7837
vn -0.3707 -0.7275 0.5773
f 8202//7838 8250//7838 8251//7838 8203//7838
vn -0.5044 -0.8634 -0.0080
f 8203//7839 8251//7839 8252//7839 8204//7839
vn -0.2425 -0.9492 -0.2007
usemtl leaf_4
f 8204//7840 8252//7840 8253//7840 8205//7840
vn -0.1254 -0.9727 -0.1951
f 8205//7841 8253//7841 8254//7841 8206//7841
vn -0.1551 -0.6381 0.7542
usemtl leaf_5
f 8206//7842 8254//7842 8207//7842 8159//7842
vn -0.4701 -0.8819 0.0359
f 8207//7843 8255//7843 8256//7843 8208//7843
vn -0.2770 -0.7933 -0.5421
f 8208//7844 8256//7844 8257//7844 8209//7844
vn -0.2955 -0.8848 -0.3603
usemtl leaf_4
f 8209//7845 8257//7845 8258//7845 8210//7845
vn -0.4515 -0.8921 0.0166
usemtl leaf_5
f 8210//7846 8258//7846 8259//7846 8211//7846
vn -0.5158 -0.8227 -0.2390
f 8211//7847 8259//7847 8260//7847 8212//7847
vn -0.5231 -0.7612 -0.3834
usemtl leaf_4
f 8212//7848 8260//7848 8261//7848 8213//7848
vn -0.4539 -0.8181 -0.3530
f 8213//7849 8261//7849 8262//7849 8214//7849
vn 0.1240 -0.7888 -0.6019
usemtl leaf_5
f 8214//7850 8262//7850 8263//7850 8215//7850
vn 0.2362 -0.8534 -0.4646
f 8215//7851 8263//7851 8264//7851 8216//7851
vn -0.2617 -0.9312 -0.2535
usemtl leaf_3
f 8216//7852 8264//7852 8265//7852 8217//7852
vn -0.2200 -0.9218 -0.3192
usemtl leaf_4
f 8217//7853 8265//7853 8266//7853 8218//7853
vn -0.5931 -0.7217 -0.3568
f 8218//7854 8266//7854 8267//7854 8219//7854
vn -0.2025 -0.6608 -0.7227
usemtl leaf_5
f 8219//7855 8267//7855 8268//7855 8220//7855
vn 0.2303 -0.5928 -0.7717
f 8220//7856 8268//7856 8269//7856 8221//7856
vn 0.5344 -0.8216 -0.1985
usemtl leaf_4
f 8221//7857 8269//7857 8270//7857 8222//7857
vn 0.3449 -0.9162 -0.2042
f 8222//7858 8270//7858 8271//7858 8223//7858
vn -0.0304 -0.8775 -0.4786
f 8223//7859 8271//7859 8272//7859 8224//7859
vn 0.2084 -0.9559 -0.2070
usemtl leaf_5
f 8224//7860 8272//7860 8273//7860 8225//7860
vn 0.0558 -0.9634 -0.2621
usemtl leaf_4
f 8225//7861 8273//7861 8274//7861 8226//7861
vn 0.2594 -0.9643 0.0525
f 8226//7862 8274//7862 8275//7862 8227//7862
vn 0.5271 -0.8478 0.0577
usemtl leaf_3
f 8227//7863 8275//7863 8276//7863 8228//7863
vn 0.6507 -0.7469 -0.1366
usemtl leaf_5
f 8228//7864 8276//7864 8277//7864 8229//7864
vn 0.5559 -0.8215 -0.1267
usemtl leaf_3
f 8229//7865 8277//7865 8278//7865 8230//7865
vn 0.4110 -0.7287 -0.5478
usemtl leaf_4
f 8230//7866 8278//7866 8279//7866 8231//7866
vn 0.6347 -0.7722 -0.0293
usemtl leaf_5
f 8231//7867 8279//7867 8280//7867 8232//7867
vn 0.6129 -0.7891 0.0410
f 8232//7868 8280//7868 8281//7868 8233//7868
vn 0.5080 -0.7650 0.3959
f 8233//7869 8281//7869 8282//7869 8234//7869
vn 0.5681 -0.6858 0.4548
usemtl leaf_4
f 8234//7870 8282//7870 8283//7870 8235//7870
vn 0.6186 -0.6322 0.4666
usemtl leaf_5
f 8235//7871 8283//7871 8284//7871 8236//7871
vn 0.6399 -0.6601 0.3933
usemtl leaf_4
f 8236//7872 8284//7872 8285//7872 8237//7872
vn 0.5652 -0.8077 0.1681
usemtl leaf_5
f 8237//7873 8285//7873 8286//7873 8238//7873
vn -0.1564 -0.8989 0.4093
f 8238//7874 8286//7874 8287//7874 8239//7874
vn -0.0403 -0.9562 0.2899
f 8239//7875 8287//7875 8288//7875 8240//7875
vn 0.1400 -0.9144 0.3799
f 8240//7876 8288//7876 8289//7876 8241//7876
vn -0.0402 -0.9504 0.3084
usemtl leaf_3
f 8241//7877 8289//7877 8290//7877 8242//7877
vn 0.2634 -0.8938 0.3630
usemtl leaf_5
f 8242//7878 8290//7878 8291//7878 8243//7878
vn 0.1108 -0.8936 0.4350
usemtl leaf_4
f 8243//7879 8291//7879 8292//7879 8244//7879
vn -0.0424 -0.9044 0.4245
f 8244//7880 8292//7880 8293//7880 8245//7880
vn -0.1045 -0.8298 0.5482
usemtl leaf_5
f 8245//7881 8293//7881 8294//7881 8246//7881
vn -0.3330 -0.8646 0.3762
f 8246//7882 8294//7882 8295//7882 8247//7882
vn -0.2396 -0.8119 0.5323
f 8247//7883 8295//7883 8296//7883 8248//7883
vn -0.5650 -0.7635 0.3126
usemtl leaf_4
f 8248//7884 8296//7884 8297//7884 8249//7884
vn -0.4860 -0.8070 0.3354
f 8249//7885 8297//7885 8298//7885 8250//7885
vn -0.3167 -0.7904 0.5243
f 8250//7886 8298//7886 8299//7886 8251//7886
vn -0.4593 -0.8437 0.2779
usemtl leaf_5
f 8251//7887 8299//7887 8300//7887 8252//7887
vn -0.4989 -0.8649 0.0555
f 8252//7888 8300//7888 8301//7888 8253//7888
vn -0.4064 -0.9094 -0.0885
usemtl leaf_4
f 8253//7889 8301//7889 8302//7889 8254//7889
vn -0.2634 -0.7886 0.5556
usemtl leaf_5
f 8254//7890 8302//7890 8255//7890 8207//7890
vn -0.7910 -0.6104 -0.0404
f 8255//7891 8303//7891 8304//7891 8256//7891
vn -0.6092 -0.5527 -0.5686
f 8256//7892 8304//7892 8305//7892 8257//7892
vn -0.5085 -0.8077 -0.2984
usemtl leaf_4
f 8257//7893 8305//7893 8306//7893 8258//7893
vn -0.5044 -0.8620 -0.0506
f 8258//7894 8306//7894 8307//7894 8259//7894
vn -0.3535 -0.9027 -0.2452
usemtl leaf_5
f 8259//7895 8307//7895 8308//7895 8260//7895
vn -0.3448 -0.9244 -0.1630
f 8260//7896 8308//7896 8309//7896 8261//7896
vn -0.3041 -0.8971 -0.3206
usemtl leaf_4
f 8261//7897 8309//7897 8310//7897 8262//7897
vn -0.0092 -0.8390 -0.5441
usemtl leaf_5
f 8262//7898 8310//7898 8311//7898 8263//7898
vn 0.0645 -0.9114 -0.4063
usemtl leaf_4
f 8263//7899 8311//7899 8312//7899 8264//7899
vn -0.2068 -0.9662 -0.1542
f 8264//7900 8312//7900 8313//7900 8265//7900
vn -0.0155 -0.9493 -0.3140
usemtl leaf_3
f 8265//7901 8313//7901 8314//7901 8266//7901
vn -0.4241 -0.7491 -0.5088
usemtl leaf_5
f 8266//7902 8314//7902 8315//7902 8267//7902
vn 0.0615 -0.6419 -0.7643
usemtl leaf_4
f 8267//7903 8315//7903 8316//7903 8268//7903
vn 0.1974 -0.5148 -0.8343
f 8268//7904 8316//7904 8317//7904 8269//7904
vn 0.3003 -0.5732 -0.7624
usemtl leaf_5
f 8269//7905 8317//7905 8318//7905 8270//7905
vn 0.4934 -0.8090 -0.3195
usemtl leaf_4
f 8270//7906 8318//7906 8319//7906 8271//7906
vn -0.0748 -0.8379 -0.5406
f 8271//7907 8319//7907 8320//7907 8272//7907
vn 0.3516 -0.8783 -0.3241
usemtl leaf_5
f 8272//7908 8320//7908 8321//7908 8273//7908
vn 0.2100 -0.8190 -0.5340
usemtl leaf_4
f 8273//7909 8321//7909 8322//7909 8274//7909
vn 0.4690 -0.8772 -0.1028
usemtl leaf_5
f 8274//7910 8322//7910 8323//7910 8275//7910
vn 0.2862 -0.9498 0.1263
f 8275//7911 8323//7911 8324//7911 8276//7911
vn 0.1642 -0.9862 0.0186
usemtl leaf_4
f 8276//7912 8324//7912 8325//7912 8277//7912
vn 0.3115 -0.9499 0.0251
f 8277//7913 8325//7913 8326//7913 8278//7913
vn 0.4614 -0.7712 -0.4385
f 8278//7914 8326//7914 8327//7914 8279//7914
vn 0.4761 -0.8759 -0.0788
usemtl leaf_5
f 8279//7915 8327//7915 8328//7915 8280//7915
vn 0.4399 -0.8980 0.0134
f 8280//7916 8328//7916 8329//7916 8281//7916
vn 0.3775 -0.8245 0.4216
f 8281//7917 8329//7917 8330//7917 8282//7917
vn 0.4218 -0.7989 0.4288
f 8282//7918 8330//7918 8331//7918 8283//7918
vn 0.4607 -0.8202 0.3390
usemtl leaf_3
f 8283//7919 8331//7919 8332//7919 8284//7919
vn 0.4709 -0.8799 0.0630
usemtl leaf_4
f 8284//7920 8332//7920 8333//7920 8285//7920
vn 0.4859 -0.8555 0.1788
usemtl leaf_5
f 8285//7921 8333//7921 8334//7921 8286//7921
vn 0.1850 -0.8700 0.4571
usemtl leaf_4
f 8286//7922 8334//7922 8335//7922 8287//7922
vn -0.0335 -0.9422 0.3333
usemtl leaf_5
f 8287//7923 8335//7923 8336//7923 8288//7923
vn 0.0529 -0.9799 0.1925
f 8288//7924 8336//7924 8337//7924 8289//7924
vn 0.0202 -0.9661 0.2573
f 8289//7925 8337//7925 8338//7925 8290//7925
vn -0.2012 -0.8445 0.4963
usemtl leaf_4
f 8290//7926 8338//7926 8339//7926 8291//7926
vn 0.2100 -0.5392 0.8156
f 8291//7927 8339//7927 8340//7927 8292//7927
vn -0.2265 -0.5515 0.8028
usemtl leaf_5
f 8292//7928 8340//7928 8341//7928 8293//7928
vn 0.0159 -0.7423 0.6699
usemtl leaf_4
f 8293//7929 8341//7929 8342//7929 8294//7929
vn -0.1749 -0.9010 0.3969
usemtl leaf_5
f 8294//7930 8342//7930 8343//7930 8295//7930
vn -0.1416 -0.9566 0.2545
usemtl leaf_4
f 8295//7931 8343//7931 8344//7931 8296//7931
vn -0.4518 -0.8859 0.1050
usemtl leaf_5
f 8296//7932 8344//7932 8345//7932 8297//7932
vn -0.4515 -0.8385 0.3051
usemtl leaf_4
f 8297//7933 8345//7933 8346//7933 8298//7933
vn -0.3946 -0.7741 0.4951
f 8298//7934 8346//7934 8347//7934 8299//7934
vn -0.7695 -0.5734 0.2813
usemtl leaf_5
f 8299//7935 8347//7935 8348//7935 8300//7935
vn -0.5599 -0.7130 0.4221
f 8300//7936 8348//7936 8349//7936 8301//7936
vn -0.4221 -0.9064 0.0160
f 8301//7937 8349//7937 8350//7937 8302//7937
vn -0.5421 -0.7298 0.4166
usemtl leaf_4
f 8302//7938 8350//7938 8303//7938 8255//7938
vn -0.9673 -0.2308 -0.1051
f 8303//7939 8351//7939 8352//7939 8304//7939
vn -0.7018 -0.6816 -0.2071
usemtl leaf_5
f 8304//7940 8352//7940 8353//7940 8305//7940
vn -0.4209 -0.9009 -0.1064
usemtl leaf_4
f 8305//7941 8353//7941 8354//7941 8306//7941
vn -0.4160 -0.9080 -0.0503
f 8306//7942 8354//7942 8355//7942 8307//7942
vn -0.3940 -0.8475 -0.3557
f 8307//7943 8355//7943 8356//7943 8308//7943
vn -0.5966 -0.5022 -0.6260
f 8308//7944 8356//7944 8357//7944 8309//7944
vn -0.6415 -0.3662 -0.6741
usemtl leaf_5
f 8309//7945 8357//7945 8358//7945 8310//7945
vn -0.2690 -0.6687 -0.6931
usemtl leaf_3
f 8310//7946 8358//7946 8359//7946 8311//7946
vn -0.2017 -0.8993 -0.3881
f 8311//7947 8359//7947 8360//7947 8312//7947
vn -0.2035 -0.8849 -0.4190
usemtl leaf_4
f 8312//7948 8360//7948 8361//7948 8313//7948
vn 0.1378 -0.7233 -0.6766
usemtl leaf_3
f 8313//7949 8361//7949 8362//7949 8314//7949
vn -0.0799 -0.3608 -0.9292
usemtl leaf_4
f 8314//7950 8362//7950 8363//7950 8315//7950
vn 0.1008 0.0097 -0.9949
f 8315//7951 8363//7951 8364//7951 8316//7951
vn -0.1081 -0.5363 -0.8371
usemtl leaf_3
f 8316//7952 8364//7952 8365//7952 8317//7952
vn 0.1228 -0.8565 -0.5014
f 8317//7953 8365//7953 8366//7953 8318//7953
vn 0.1191 -0.9264 -0.3571
usemtl leaf_5
f 8318//7954 8366//7954 8367//7954 8319//7954
vn 0.2383 -0.8859 -0.3980
usemtl leaf_4
f 8319//7955 8367//7955 8368//7955 8320//7955
vn 0.3634 -0.7482 -0.5551
f 8320//7956 8368//7956 8369//7956 8321//7956
vn 0.3729 -0.7900 -0.4866
usemtl leaf_5
f 8321//7957 8369//7957 8370//7957 8322//7957
vn 0.5226 -0.7721 -0.3616
f 8322//7958 8370//7958 8371//7958 8323//7958
vn 0.6603 -0.7453 -0.0926
f 8323//7959 8371//7959 8372//7959 8324//7959
vn 0.5672 -0.8132 -0.1304
f 8324//7960 8372//7960 8373//7960 8325//7960
vn 0.4853 -0.8634 0.1377
f 8325//7961 8373//7961 8374//7961 8326//7961
vn 0.6847 -0.7144 -0.1442
usemtl leaf_3
f 8326//7962 8374//7962 8375//7962 8327//7962
vn 0.9504 -0.2604 -0.1699
usemtl leaf_4
f 8327//7963 8375//7963 8376//7963 8328//7963
vn 0.9545 -0.2376 0.1802
usemtl leaf_5
f 8328//7964 8376//7964 8377//7964 8329//7964
vn 0.7665 -0.4305 0.4766
usemtl leaf_4
f 8329//7965 8377//7965 8378//7965 8330//7965
vn 0.5062 -0.8051 0.3092
usemtl leaf_3
f 8330//7966 8378//7966 8379//7966 8331//7966
vn 0.3682 -0.8995 0.2353
usemtl leaf_4
f 8331//7967 8379//7967 8380//7967 8332//7967
vn 0.6129 -0.7528 0.2402
f 8332//7968 8380//7968 8381//7968 8333//7968
vn 0.6132 -0.6309 0.4754
f 8333//7969 8381//7969 8382//7969 8334//7969
vn 0.4559 -0.7235 0.5184
usemtl leaf_5
f 8334//7970 8382//7970 8383//7970 8335//7970
vn 0.2504 -0.8895 0.3822
f 8335//7971 8383//7971 8384//7971 8336//7971
vn 0.0793 -0.9310 0.3562
f 8336//7972 8384//7972 8385//7972 8337//7972
vn -0.1806 -0.7942 0.5803
f 8337//7973 8385//7973 8386//7973 8338//7973
vn -0.1929 -0.8142 0.5475
f 8338//7974 8386//7974 8387//7974 8339//7974
vn 0.0336 -0.9189 0.3931
usemtl leaf_4
f 8339//7975 8387//7975 8388//7975 8340//7975
vn 0.0346 -0.9284 0.3700
usemtl leaf_5
f 8340//7976 8388//7976 8389//7976 8341//7976
vn -0.0151 -0.9057 0.4236
f 8341//7977 8389//7977 8390//7977 8342//7977
vn -0.0217 -0.8651 0.5011
usemtl leaf_4
f 8342//7978 8390//7978 8391//7978 8343//7978
vn -0.4295 -0.8024 0.4143
f 8343//7979 8391//7979 8392//7979 8344//7979
vn -0.6361 -0.7310 0.2471
usemtl leaf_5
f 8344//7980 8392//7980 8393//7980 8345//7980
vn -0.4344 -0.8572 0.2766
f 8345//7981 8393//7981 8394//7981 8346//7981
vn -0.4631 -0.8070 0.3664
usemtl leaf_3
f 8346//7982 8394//7982 8395//7982 8347//7982
vn -0.6485 -0.7542 0.1032
usemtl leaf_4
f 8347//7983 8395//7983 8396//7983 8348//7983
vn -0.3095 -0.7436 0.5927
usemtl leaf_5
f 8348//7984 8396//7984 8397//7984 8349//7984
vn -0.4684 -0.8830 0.0311
f 8349//7985 8397//7985 8398//7985 8350//7985
vn -0.7131 -0.7004 -0.0301
usemtl leaf_4
f 8350//7986 8398//7986 8351//7986 8303//7986
vn -0.9779 -0.2082 -0.0197
usemtl leaf_3
f 8351//7987 8399//7987 8400//7987 8352//7987
vn -0.7665 -0.5863 0.2623
f 8352//7988 8400//7988 8401//7988 8353//7988
vn -0.4425 -0.8966 0.0158
usemtl leaf_4
f 8353//7989 8401//7989 8402//7989 8354//7989
vn -0.3790 -0.9161 -0.1311
usemtl leaf_5
f 8354//7990 8402//7990 8403//7990 8355//7990
vn -0.3061 -0.7398 -0.5991
f 8355//7991 8403//7991 8404//7991 8356//7991
vn -0.3967 -0.6665 -0.6312
usemtl leaf_3
f 8356//7992 8404//7992 8405//7992 8357//7992
vn -0.5492 -0.7057 -0.4477
usemtl leaf_4
f 8357//7993 8405//7993 8406//7993 8358//7993
vn -0.3969 -0.8319 -0.3879
f 8358//7994 8406//7994 8407//7994 8359//7994
vn -0.3003 -0.9005 -0.3144
usemtl leaf_5
f 8359//7995 8407//7995 8408//7995 8360//7995
vn -0.0665 -0.9207 -0.3846
usemtl leaf_4
f 8360//7996 8408//7996 8409//7996 8361//7996
vn 0.1371 -0.9042 -0.4045
f 8361//7997 8409//7997 8410//7997 8362//7997
vn 0.3315 -0.7725 -0.5416
f 8362//7998 8410//7998 8411//7998 8363//7998
vn 0.1788 -0.4638 -0.8677
usemtl leaf_3
f 8363//7999 8411//7999 8412//7999 8364//7999
vn -0.2102 0.0267 -0.9773
usemtl leaf_2
f 8364//8000 8412//8000 8413//8000 8365//8000
vn -0.0181 -0.1659 -0.9860
usemtl leaf_4
f 8365//8001 8413//8001 8414//8001 8366//8001
vn 0.1480 -0.5870 -0.7959
usemtl leaf_5
f 8366//8002 8414//8002 8415//8002 8367//8002
vn 0.4845 -0.7172 -0.5010
f 8367//8003 8415//8003 8416//8003 8368//8003
vn 0.3161 -0.7872 -0.5296
f 8368//8004 8416//8004 8417//8004 8369//8004
vn 0.5555 -0.6624 -0.5026
f 8369//8005 8417//8005 8418//8005 8370//8005
vn 0.7275 -0.5076 -0.4616
usemtl leaf_4
f 8370//8006 8418//8006 8419//8006 8371//8006
vn 0.5369 -0.7853 -0.3083
usemtl leaf_3
f 8371//8007 8419//8007 8420//8007 8372//8007
vn 0.3285 -0.9324 -0.1509
usemtl leaf_4
f 8372//8008 8420//8008 8421//8008 8373//8008
vn 0.3324 -0.9411 0.0616
f 8373//8009 8421//8009 8422//8009 8374//8009
vn 0.4604 -0.8398 0.2877
f 8374//8010 8422//8010 8423//8010 8375//8010
vn 0.7281 -0.6789 -0.0946
usemtl leaf_3
f 8375//8011 8423//8011 8424//8011 8376//8011
vn 0.8340 -0.4828 0.2671
f 8376//8012 8424//8012 8425//8012 8377//8012
vn 0.7484 -0.6592 0.0738
f 8377//8013 8425//8013 8426//8013 8378//8013
vn 0.6028 -0.7140 0.3561
f 8378//8014 8426//8014 8427//8014 8379//8014
vn 0.7159 -0.5682 0.4057
f 8379//8015 8427//8015 8428//8015 8380//8015
vn 0.6000 -0.5806 0.5505
f 8380//8016 8428//8016 8429//8016 8381//8016
vn 0.6773 -0.2229 0.7011
usemtl leaf_5
f 8381//8017 8429//8017 8430//8017 8382//8017
vn 0.7801 -0.3510 0.5179
usemtl leaf_4
f 8382//8018 8430//8018 8431//8018 8383//8018
vn 0.5297 -0.6391 0.5577
usemtl leaf_5
f 8383//8019 8431//8019 8432//8019 8384//8019
vn 0.1339 -0.6379 0.7584
usemtl leaf_4
f 8384//8020 8432//8020 8433//8020 8385//8020
vn -0.2162 -0.7025 0.6780
usemtl leaf_5
f 8385//8021 8433//8021 8434//8021 8386//8021
vn -0.0204 -0.8338 0.5516
usemtl leaf_4
f 8386//8022 8434//8022 8435//8022 8387//8022
vn -0.2409 -0.5802 0.7780
f 8387//8023 8435//8023 8436//8023 8388//8023
vn 0.0284 -0.1836 0.9826
usemtl leaf_5
f 8388//8024 8436//8024 8437//8024 8389//8024
vn -0.2007 -0.3243 0.9244
usemtl leaf_4
f 8389//8025 8437//8025 8438//8025 8390//8025
vn -0.1980 -0.3046 0.9317
usemtl leaf_5
f 8390//8026 8438//8026 8439//8026 8391//8026
vn -0.7028 -0.3364 0.6268
f 8391//8027 8439//8027 8440//8027 8392//8027
vn -0.5638 -0.6559 0.5020
f 8392//8028 8440//8028 8441//8028 8393//8028
vn -0.7773 -0.5445 0.3150
usemtl leaf_3
f 8393//8029 8441//8029 8442//8029 8394//8029
vn -0.8139 -0.2746 0.5120
f 8394//8030 8442//8030 8443//8030 8395//8030
vn -0.5696 -0.7112 0.4120
f 8395//8031 8443//8031 8444//8031 8396//8031
vn -0.3946 -0.7549 0.5238
usemtl leaf_4
f 8396//8032 8444//8032 8445//8032 8397//8032
vn -0.7708 -0.6307 0.0896
usemtl leaf_5
f 8397//8033 8445//8033 8446//8033 8398//8033
vn -0.8477 -0.2706 -0.4563
usemtl leaf_4
f 8398//8034 8446//8034 8399//8034 8351//8034
vn -0.8874 -0.3321 0.3198
usemtl leaf_3
f 8399//8035 8447//8035 8448//8035 8400//8035
vn -0.9383 -0.3002 0.1719
usemtl leaf_4
f 8400//8036 8448//8036 8449//8036 8401//8036
vn -0.9889 0.0598 0.1363
usemtl leaf_5
f 8401//8037 8449//8037 8450//8037 8402//8037
vn -0.8658 -0.2236 -0.4477
f 8402//8038 8450//8038 8451//8038 8403//8038
vn -0.4521 -0.6913 -0.5636
usemtl leaf_4
f 8403//8039 8451//8039 8452//8039 8404//8039
vn -0.2353 -0.6917 -0.6828
usemtl leaf_3
f 8404//8040 8452//8040 8453//8040 8405//8040
vn -0.6880 -0.3954 -0.6085
usemtl leaf_4
f 8405//8041 8453//8041 8454//8041 8406//8041
vn -0.7450 -0.4559 -0.4870
f 8406//8042 8454//8042 8455//8042 8407//8042
vn -0.5200 -0.6522 -0.5516
usemtl leaf_5
f 8407//8043 8455//8043 8456//8043 8408//8043
vn -0.2159 -0.7889 -0.5754
f 8408//8044 8456//8044 8457//8044 8409//8044
vn 0.3074 -0.6113 -0.7292
f 8409//8045 8457//8045 8458//8045 8410//8045
vn 0.4813 -0.4181 -0.7704
usemtl leaf_4
f 8410//8046 8458//8046 8459//8046 8411//8046
vn 0.2758 -0.5798 -0.7667
usemtl leaf_3
f 8411//8047 8459//8047 8460//8047 8412//8047
vn -0.0573 -0.5370 -0.8417
usemtl leaf_2
f 8412//8048 8460//8048 8461//8048 8413//8048
vn -0.2569 -0.4223 -0.8693
f 8413//8049 8461//8049 8462//8049 8414//8049
vn 0.2732 -0.3791 -0.8841
usemtl leaf_4
f 8414//8050 8462//8050 8463//8050 8415//8050
vn 0.4497 -0.4046 -0.7963
usemtl leaf_5
f 8415//8051 8463//8051 8464//8051 8416//8051
vn 0.4860 -0.5356 -0.6906
usemtl leaf_4
f 8416//8052 8464//8052 8465//8052 8417//8052
vn 0.8327 -0.3285 -0.4458
usemtl leaf_5
f 8417//8053 8465//8053 8466//8053 8418//8053
vn 0.6457 -0.4501 -0.6168
usemtl leaf_4
f 8418//8054 8466//8054 8467//8054 8419//8054
vn 0.6741 -0.5270 -0.5175
f 8419//8055 8467//8055 8468//8055 8420//8055
vn 0.8767 -0.2645 -0.4018
usemtl leaf_5
f 8420//8056 8468//8056 8469//8056 8421//8056
vn 0.8114 -0.5610 -0.1639
f 8421//8057 8469//8057 8470//8057 8422//8057
vn 0.6005 -0.6431 0.4753
usemtl leaf_4
f 8422//8058 8470//8058 8471//8058 8423//8058
vn 0.8727 -0.4582 0.1688
usemtl leaf_2
f 8423//8059 8471//8059 8472//8059 8424//8059
vn 0.8199 -0.5666 0.0819
f 8424//8060 8472//8060 8473//8060 8425//8060
vn 0.8575 -0.4693 0.2110
usemtl leaf_4
f 8425//8061 8473//8061 8474//8061 8426//8061
vn 0.8516 -0.2177 0.4768
usemtl leaf_3
f 8426//8062 8474//8062 8475//8062 8427//8062
vn 0.7761 -0.3040 0.5525
f 8427//8063 8475//8063 8476//8063 8428//8063
vn 0.7690 -0.3320 0.5463
f 8428//8064 8476//8064 8477//8064 8429//8064
vn 0.4460 -0.6806 0.5813
usemtl leaf_4
f 8429//8065 8477//8065 8478//8065 8430//8065
vn 0.7625 -0.4352 0.4787
f 8430//8066 8478//8066 8479//8066 8431//8066
vn 0.7011 -0.4083 0.5847
usemtl leaf_5
f 8431//8067 8479//8067 8480//8067 8432//8067
vn 0.1548 -0.6998 0.6974
f 8432//8068 8480//8068 8481//8068 8433//8068
vn 0.0317 -0.8667 0.4977
f 8433//8069 8481//8069 8482//8069 8434//8069
vn -0.0963 -0.8888 0.4480
usemtl leaf_4
f 8434//8070 8482//8070 8483//8070 8435//8070
vn -0.3470 -0.8027 0.4851
usemtl leaf_3
f 8435//8071 8483//8071 8484//8071 8436//8071
vn 0.0279 -0.8179 0.5747
f 8436//8072 8484//8072 8485//8072 8437//8072
vn -0.1853 -0.7027 0.6869
usemtl leaf_4
f 8437//8073 8485//8073 8486//8073 8438//8073
vn -0.3119 -0.4616 0.8304
usemtl leaf_5
f 8438//8074 8486//8074 8487//8074 8439//8074
vn -0.5244 -0.4937 0.6937
usemtl leaf_4
f 8439//8075 8487//8075 8488//8075 8440//8075
vn -0.5831 -0.5325 0.6136
usemtl leaf_3
f 8440//8076 8488//8076 8489//8076 8441//8076
vn -0.5833 -0.7593 0.2886
usemtl leaf_4
f 8441//8077 8489//8077 8490//8077 8442//8077
vn -0.5720 -0.8012 0.1756
f 8442//8078 8490//8078 8491//8078 8443//8078
vn -0.4725 -0.5884 0.6561
f 8443//8079 8491//8079 8492//8079 8444//8079
vn -0.8167 -0.4064 0.4097
usemtl leaf_3
f 8444//8080 8492//8080 8493//8080 8445//8080
vn -0.7030 -0.6131 0.3603
usemtl leaf_4
f 8445//8081 8493//8081 8494//8081 8446//8081
vn -0.6059 -0.3927 -0.6919
usemtl leaf_3
f 8446//8082 8494//8082 8447//8082 8399//8082
vn -0.6775 -0.6819 0.2756
usemtl leaf_2
f 8447//8083 8495//8083 8496//8083 8448//8083
vn -0.8995 -0.4307 -0.0738
f 8448//8084 8496//8084 8497//8084 8449//8084
vn -0.9962 -0.0781 0.0391
usemtl leaf_4
f 8449//8085 8497//8085 8498//8085 8450//8085
vn -0.9783 -0.0959 -0.1838
usemtl leaf_3
f 8450//8086 8498//8086 8499//8086 8451//8086
vn -0.7221 -0.3361 -0.6046
usemtl leaf_4
f 8451//8087 8499//8087 8500//8087 8452//8087
vn -0.3444 -0.6132 -0.7109
usemtl leaf_3
f 8452//8088 8500//8088 8501//8088 8453//8088
vn -0.3662 -0.8558 -0.3655
usemtl leaf_4
f 8453//8089 8501//8089 8502//8089 8454//8089
vn -0.5472 -0.7674 -0.3340
usemtl leaf_3
f 8454//8090 8502//8090 8503//8090 8455//8090
vn -0.4804 -0.5516 -0.6818
usemtl leaf_4
f 8455//8091 8503//8091 8504//8091 8456//8091
vn -0.4292 -0.3344 -0.8390
usemtl leaf_5
f 8456//8092 8504//8092 8505//8092 8457//8092
vn 0.3572 -0.5002 -0.7888
f 8457//8093 8505//8093 8506//8093 8458//8093
vn 0.2731 -0.7667 -0.5810
usemtl leaf_4
f 8458//8094 8506//8094 8507//8094 8459//8094
vn 0.1812 -0.8565 -0.4833
usemtl leaf_3
f 8459//8095 8507//8095 8508//8095 8460//8095
vn 0.0119 -0.8394 -0.5434
usemtl leaf_2
f 8460//8096 8508//8096 8509//8096 8461//8096
vn -0.0278 -0.5134 -0.8577
f 8461//8097 8509//8097 8510//8097 8462//8097
vn 0.3331 -0.0934 -0.9382
usemtl leaf_3
f 8462//8098 8510//8098 8511//8098 8463//8098
vn 0.3005 -0.3569 -0.8845
usemtl leaf_4
f 8463//8099 8511//8099 8512//8099 8464//8099
vn 0.4666 -0.5557 -0.6881
f 8464//8100 8512//8100 8513//8100 8465//8100
vn 0.5586 -0.7609 -0.3302
usemtl leaf_3
f 8465//8101 8513//8101 8514//8101 8466//8101
vn 0.4127 -0.7861 -0.4602
usemtl leaf_4
f 8466//8102 8514//8102 8515//8102 8467//8102
vn 0.5643 -0.7410 -0.3641
f 8467//8103 8515//8103 8516//8103 8468//8103
vn 0.6048 -0.7611 -0.2344
f 8468//8104 8516//8104 8517//8104 8469//8104
vn 0.8513 -0.4947 -0.1751
f 8469//8105 8517//8105 8518//8105 8470//8105
vn 0.7267 -0.6201 0.2957
f 8470//8106 8518//8106 8519//8106 8471//8106
vn 0.5638 -0.7226 0.3999
usemtl leaf_2
f 8471//8107 8519//8107 8520//8107 8472//8107
vn 0.9054 -0.4180 -0.0739
f 8472//8108 8520//8108 8521//8108 8473//8108
vn 0.8009 -0.3161 0.5086
f 8473//8109 8521//8109 8522//8109 8474//8109
vn 0.8988 -0.1644 0.4064
f 8474//8110 8522//8110 8523//8110 8475//8110
vn 0.7825 -0.1629 0.6010
usemtl leaf_3
f 8475//8111 8523//8111 8524//8111 8476//8111
vn 0.8400 -0.2502 0.4814
usemtl leaf_4
f 8476//8112 8524//8112 8525//8112 8477//8112
vn 0.7074 -0.5561 0.4363
f 8477//8113 8525//8113 8526//8113 8478//8113
vn 0.4153 -0.7484 0.5172
usemtl leaf_3
f 8478//8114 8526//8114 8527//8114 8479//8114
vn 0.6698 -0.1166 0.7333
usemtl leaf_4
f 8479//8115 8527//8115 8528//8115 8480//8115
vn 0.5364 -0.1587 0.8289
usemtl leaf_5
f 8480//8116 8528//8116 8529//8116 8481//8116
vn 0.0735 -0.3024 0.9503
f 8481//8117 8529//8117 8530//8117 8482//8117
vn 0.0461 -0.4712 0.8808
usemtl leaf_4
f 8482//8118 8530//8118 8531//8118 8483//8118
vn -0.4845 -0.6169 0.6203
f 8483//8119 8531//8119 8532//8119 8484//8119
vn -0.2151 -0.2095 0.9538
usemtl leaf_3
f 8484//8120 8532//8120 8533//8120 8485//8120
vn -0.3760 0.1239 0.9183
f 8485//8121 8533//8121 8534//8121 8486//8121
vn -0.4071 0.0861 0.9093
f 8486//8122 8534//8122 8535//8122 8487//8122
vn -0.3904 -0.2180 0.8945
f 8487//8123 8535//8123 8536//8123 8488//8123
vn -0.5781 -0.5526 0.6004
usemtl leaf_4
f 8488//8124 8536//8124 8537//8124 8489//8124
vn -0.5789 -0.5926 0.5600
f 8489//8125 8537//8125 8538//8125 8490//8125
vn -0.5771 -0.7888 0.2113
f 8490//8126 8538//8126 8539//8126 8491//8126
vn -0.5065 -0.7629 0.4018
f 8491//8127 8539//8127 8540//8127 8492//8127
vn -0.8694 -0.4303 0.2428
f 8492//8128 8540//8128 8541//8128 8493//8128
vn -0.7142 -0.3296 0.6174
f 8493//8129 8541//8129 8542//8129 8494//8129
vn -0.5544 -0.4695 -0.6872
f 8494//8130 8542//8130 8495//8130 8447//8130
vn -0.7706 -0.6118 0.1787
usemtl leaf_2
f 8495//8131 8543//8131 8544//8131 8496//8131
vn -0.8197 -0.5311 -0.2143
usemtl leaf_3
f 8496//8132 8544//8132 8545//8132 8497//8132
vn -0.9552 -0.2753 -0.1083
f 8497//8133 8545//8133 8546//8133 8498//8133
vn -0.9900 -0.0355 -0.1367
f 8498//8134 8546//8134 8547//8134 8499//8134
vn -0.6904 0.2631 -0.6740
usemtl leaf_4
f 8499//8135 8547//8135 8548//8135 8500//8135
vn -0.8169 -0.4428 -0.3695
usemtl leaf_3
f 8500//8136 8548//8136 8549//8136 8501//8136
vn -0.3940 -0.7042 -0.5907
usemtl leaf_4
f 8501//8137 8549//8137 8550//8137 8502//8137
vn -0.6616 -0.5728 -0.4839
usemtl leaf_3
f 8502//8138 8550//8138 8551//8138 8503//8138
vn -0.2387 -0.4004 -0.8847
usemtl leaf_4
f 8503//8139 8551//8139 8552//8139 8504//8139
vn -0.3910 0.1108 -0.9137
f 8504//8140 8552//8140 8553//8140 8505//8140
vn 0.2003 0.0875 -0.9758
f 8505//8141 8553//8141 8554//8141 8506//8141
vn 0.2109 -0.2039 -0.9560
usemtl leaf_2
f 8506//8142 8554//8142 8555//8142 8507//8142
vn 0.1437 -0.5393 -0.8298
usemtl leaf_3
f 8507//8143 8555//8143 8556//8143 8508//8143
vn 0.1609 -0.5979 -0.7852
usemtl leaf_2
f 8508//8144 8556//8144 8557//8144 8509//8144
vn 0.4065 -0.1831 -0.8951
f 8509//8145 8557//8145 8558//8145 8510//8145
vn 0.2291 -0.0174 -0.9732
f 8510//8146 8558//8146 8559//8146 8511//8146
vn 0.3889 0.1609 -0.9071
usemtl leaf_3
f 8511//8147 8559//8147 8560//8147 8512//8147
vn 0.4751 0.3252 -0.8176
f 8512//8148 8560//8148 8561//8148 8513//8148
vn 0.6392 -0.0665 -0.7662
f 8513//8149 8561//8149 8562//8149 8514//8149
vn 0.6984 -0.4014 -0.5926
f 8514//8150 8562//8150 8563//8150 8515//8150
vn 0.7533 -0.4114 -0.5131
usemtl leaf_4
f 8515//8151 8563//8151 8564//8151 8516//8151
vn 0.9440 -0.2270 -0.2395
usemtl leaf_5
f 8516//8152 8564//8152 8565//8152 8517//8152
vn 0.9990 0.0249 0.0372
usemtl leaf_4
f 8517//8153 8565//8153 8566//8153 8518//8153
vn 0.9742 -0.1956 -0.1130
f 8518//8154 8566//8154 8567//8154 8519//8154
vn 0.6263 -0.6660 0.4052
usemtl leaf_3
f 8519//8155 8567//8155 8568//8155 8520//8155
vn 0.8238 -0.3355 0.4569
usemtl leaf_2
f 8520//8156 8568//8156 8569//8156 8521//8156
vn 0.8737 0.3311 0.3564
usemtl leaf_3
f 8521//8157 8569//8157 8570//8157 8522//8157
vn 0.8978 -0.2709 0.3473
f 8522//8158 8570//8158 8571//8158 8523//8158
vn 0.6962 -0.6203 0.3614
f 8523//8159 8571//8159 8572//8159 8524//8159
vn 0.6213 -0.6510 0.4360
usemtl leaf_2
f 8524//8160 8572//8160 8573//8160 8525//8160
vn 0.7959 -0.5183 0.3128
usemtl leaf_3
f 8525//8161 8573//8161 8574//8161 8526//8161
vn 0.4755 -0.5214 0.7085
usemtl leaf_4
f 8526//8162 8574//8162 8575//8162 8527//8162
vn 0.3585 -0.6364 0.6830
usemtl leaf_3
f 8527//8163 8575//8163 8576//8163 8528//8163
vn 0.5978 -0.4426 0.6684
f 8528//8164 8576//8164 8577//8164 8529//8164
vn 0.0618 -0.5964 0.8003
usemtl leaf_4
f 8529//8165 8577//8165 8578//8165 8530//8165
vn 0.1557 -0.6538 0.7405
f 8530//8166 8578//8166 8579//8166 8531//8166
vn -0.5195 -0.5215 0.6769
f 8531//8167 8579//8167 8580//8167 8532//8167
vn -0.1772 -0.7869 0.5911
usemtl leaf_2
f 8532//8168 8580//8168 8581//8168 8533//8168
vn -0.4317 -0.6826 0.5897
usemtl leaf_3
f 8533//8169 8581//8169 8582//8169 8534//8169
vn -0.3573 -0.4001 0.8439
usemtl leaf_2
f 8534//8170 8582//8170 8583//8170 8535//8170
vn -0.5603 0.2830 0.7784
f 8535//8171 8583//8171 8584//8171 8536//8171
vn -0.4635 0.6198 0.6332
usemtl leaf_3
f 8536//8172 8584//8172 8585//8172 8537//8172
vn -0.4976 0.0039 0.8674
usemtl leaf_4
f 8537//8173 8585//8173 8586//8173 8538//8173
vn -0.7967 -0.4069 0.4469
f 8538//8174 8586//8174 8587//8174 8539//8174
vn -0.7475 -0.4971 0.4406
usemtl leaf_3
f 8539//8175 8587//8175 8588//8175 8540//8175
vn -0.8063 -0.5783 0.1238
f 8540//8176 8588//8176 8589//8176 8541//8176
vn -0.8501 -0.1234 0.5120
f 8541//8177 8589//8177 8590//8177 8542//8177
vn -0.8006 -0.1634 -0.5765
usemtl leaf_2
f 8542//8178 8590//8178 8543//8178 8495//8178
vn -0.6597 -0.7498 0.0506
usemtl leaf_4
f 8543//8179 8591//8179 8592//8179 8544//8179
vn -0.8133 -0.3769 -0.4432
usemtl leaf_3
f 8544//8180 8592//8180 8593//8180 8545//8180
vn -0.8821 0.3257 -0.3403
usemtl leaf_2
f 8545//8181 8593//8181 8594//8181 8546//8181
vn -0.6014 0.7585 -0.2510
usemtl leaf_3
f 8546//8182 8594//8182 8595//8182 8547//8182
vn -0.9243 0.2856 -0.2533
f 8547//8183 8595//8183 8596//8183 8548//8183
vn -0.8579 -0.4873 -0.1631
f 8548//8184 8596//8184 8597//8184 8549//8184
vn -0.4314 -0.6419 -0.6339
usemtl leaf_5
f 8549//8185 8597//8185 8598//8185 8550//8185
vn -0.5240 -0.2832 -0.8033
usemtl leaf_4
f 8550//8186 8598//8186 8599//8186 8551//8186
vn -0.1496 0.3871 -0.9098
f 8551//8187 8599//8187 8600//8187 8552//8187
vn -0.2242 0.4271 -0.8760
usemtl leaf_3
f 8552//8188 8600//8188 8601//8188 8553//8188
vn -0.1214 0.0794 -0.9894
usemtl leaf_2
f 8553//8189 8601//8189 8602//8189 8554//8189
vn 0.0396 -0.5932 -0.8041
f 8554//8190 8602//8190 8603//8190 8555//8190
vn 0.2622 -0.3868 -0.8841
usemtl leaf_3
f 8555//8191 8603//8191 8604//8191 8556//8191
vn 0.1458 -0.1785 -0.9731
usemtl leaf_1
f 8556//8192 8604//8192 8605//8192 8557//8192
vn 0.6022 -0.2473 -0.7591
usemtl leaf_2
f 8557//8193 8605//8193 8606//8193 8558//8193
vn 0.3276 0.3584 -0.8742
usemtl leaf_3
f 8558//8194 8606//8194 8607//8194 8559//8194
vn 0.3048 0.2669 -0.9142
f 8559//8195 8607//8195 8608//8195 8560//8195
vn 0.3136 -0.4125 -0.8552
f 8560//8196 8608//8196 8609//8196 8561//8196
vn 0.6069 -0.3628 -0.7072
usemtl leaf_4
f 8561//8197 8609//8197 8610//8197 8562//8197
vn 0.8008 0.1731 -0.5734
usemtl leaf_5
f 8562//8198 8610//8198 8611//8198 8563//8198
vn 0.7830 0.3593 -0.5077
usemtl leaf_4
f 8563//8199 8611//8199 8612//8199 8564//8199
vn 0.9314 0.3149 -0.1827
usemtl leaf_5
f 8564//8200 8612//8200 8613//8200 8565//8200
vn 0.9967 0.0798 -0.0167
usemtl leaf_4
f 8565//8201 8613//8201 8614//8201 8566//8201
vn 0.9831 0.1021 -0.1520
usemtl leaf_3
f 8566//8202 8614//8202 8615//8202 8567//8202
vn 0.8602 0.3651 0.3561
f 8567//8203 8615//8203 8616//8203 8568//8203
vn 0.7985 -0.2568 0.5444
f 8568//8204 8616//8204 8617//8204 8569//8204
vn 0.6796 -0.6997 0.2205
usemtl leaf_2
f 8569//8205 8617//8205 8618//8205 8570//8205
vn 0.8269 -0.4891 0.2776
f 8570//8206 8618//8206 8619//8206 8571//8206
vn 0.8605 -0.0848 0.5024
usemtl leaf_3
f 8571//8207 8619//8207 8620//8207 8572//8207
vn 0.8395 -0.0341 0.5423
usemtl leaf_4
f 8572//8208 8620//8208 8621//8208 8573//8208
vn 0.8011 0.2072 0.5616
usemtl leaf_3
f 8573//8209 8621//8209 8622//8209 8574//8209
vn 0.4803 0.5328 0.6967
f 8574//8210 8622//8210 8623//8210 8575//8210
vn 0.4380 0.5419 0.7173
usemtl leaf_4
f 8575//8211 8623//8211 8624//8211 8576//8211
vn 0.3132 0.6564 0.6863
usemtl leaf_3
f 8576//8212 8624//8212 8625//8212 8577//8212
vn 0.3340 0.6511 0.6815
usemtl leaf_4
f 8577//8213 8625//8213 8626//8213 8578//8213
vn 0.0694 0.4108 0.9091
f 8578//8214 8626//8214 8627//8214 8579//8214
vn -0.3458 -0.1061 0.9323
f 8579//8215 8627//8215 8628//8215 8580//8215
vn -0.2637 -0.3310 0.9061
usemtl leaf_3
f 8580//8216 8628//8216 8629//8216 8581//8216
vn -0.6266 -0.3057 0.7169
f 8581//8217 8629//8217 8630//8217 8582//8217
vn -0.6436 0.0732 0.7618
usemtl leaf_2
f 8582//8218 8630//8218 8631//8218 8583//8218
vn -0.6649 0.2735 0.6951
f 8583//8219 8631//8219 8632//8219 8584//8219
vn -0.5473 -0.0662 0.8343
f 8584//8220 8632//8220 8633//8220 8585//8220
vn -0.2381 -0.0439 0.9703
f 8585//8221 8633//8221 8634//8221 8586//8221
vn -0.8654 -0.2547 0.4315
f 8586//8222 8634//8222 8635//8222 8587//8222
vn -0.8828 0.0588 0.4661
usemtl leaf_3
f 8587//8223 8635//8223 8636//8223 8588//8223
vn -0.9312 0.3463 0.1140
usemtl leaf_2
f 8588//8224 8636//8224 8637//8224 8589//8224
vn -0.8793 0.3772 0.2906
f 8589//8225 8637//8225 8638//8225 8590//8225
vn -0.8963 -0.4407 -0.0497
f 8590//8226 8638//8226 8591//8226 8543//8226
vn -0.9869 -0.0718 -0.1444
usemtl leaf_3
f 8591//8227 8639//8227 8640//8227 8592//8227
vn -0.6818 0.3266 -0.6545
usemtl leaf_2
f 8592//8228 8640//8228 8641//8228 8593//8228
vn -0.5795 0.6814 -0.4470
f 8593//8229 8641//8229 8642//8229 8594//8229
vn -0.9454 0.2676 -0.1861
usemtl leaf_3
f 8594//8230 8642//8230 8643//8230 8595//8230
vn -0.9947 0.0992 -0.0272
usemtl leaf_2
f 8595//8231 8643//8231 8644//8231 8596//8231
vn -0.8217 0.5228 -0.2269
usemtl leaf_4
f 8596//8232 8644//8232 8645//8232 8597//8232
vn -0.8251 0.1953 -0.5301
f 8597//8233 8645//8233 8646//8233 8598//8233
vn -0.0776 -0.0108 -0.9969
usemtl leaf_5
f 8598//8234 8646//8234 8647//8234 8599//8234
vn -0.1316 0.4039 -0.9053
usemtl leaf_2
f 8599//8235 8647//8235 8648//8235 8600//8235
vn -0.2870 0.3106 -0.9062
f 8600//8236 8648//8236 8649//8236 8601//8236
vn -0.3142 0.1628 -0.9353
usemtl leaf_3
f 8601//8237 8649//8237 8650//8237 8602//8237
vn -0.1304 0.1498 -0.9801
usemtl leaf_2
f 8602//8238 8650//8238 8651//8238 8603//8238
vn 0.2367 -0.4729 -0.8487
usemtl leaf_3
f 8603//8239 8651//8239 8652//8239 8604//8239
vn 0.2636 -0.4403 -0.8583
f 8604//8240 8652//8240 8653//8240 8605//8240
vn 0.6870 0.1400 -0.7130
usemtl leaf_1
f 8605//8241 8653//8241 8654//8241 8606//8241
vn 0.4691 0.0222 -0.8828
f 8606//8242 8654//8242 8655//8242 8607//8242
vn 0.1432 -0.0250 -0.9894
usemtl leaf_2
f 8607//8243 8655//8243 8656//8243 8608//8243
vn 0.2953 0.1644 -0.9412
usemtl leaf_3
f 8608//8244 8656//8244 8657//8244 8609//8244
vn 0.5596 -0.2385 -0.7937
f 8609//8245 8657//8245 8658//8245 8610//8245
vn 0.9074 -0.3069 -0.2871
usemtl leaf_4
f 8610//8246 8658//8246 8659//8246 8611//8246
vn 0.8044 0.0150 -0.5939
usemtl leaf_3
f 8611//8247 8659//8247 8660//8247 8612//8247
vn 0.9642 0.2626 -0.0366
usemtl leaf_4
f 8612//8248 8660//8248 8661//8248 8613//8248
vn 0.8311 0.5462 -0.1041
f 8613//8249 8661//8249 8662//8249 8614//8249
vn 0.9418 0.2795 -0.1867
f 8614//8250 8662//8250 8663//8250 8615//8250
vn 0.8855 -0.4098 0.2189
usemtl leaf_2
f 8615//8251 8663//8251 8664//8251 8616//8251
vn 0.8155 -0.4562 0.3561
usemtl leaf_4
f 8616//8252 8664//8252 8665//8252 8617//8252
vn 0.8744 0.0987 0.4751
usemtl leaf_2
f 8617//8253 8665//8253 8666//8253 8618//8253
vn 0.7383 0.5031 0.4491
f 8618//8254 8666//8254 8667//8254 8619//8254
vn 0.8647 0.3219 0.3857
f 8619//8255 8667//8255 8668//8255 8620//8255
vn 0.7922 0.1849 0.5816
usemtl leaf_3
f 8620//8256 8668//8256 8669//8256 8621//8256
vn 0.8636 -0.1960 0.4645
usemtl leaf_4
f 8621//8257 8669//8257 8670//8257 8622//8257
vn 0.3575 -0.4219 0.8332
usemtl leaf_3
f 8622//8258 8670//8258 8671//8258 8623//8258
vn 0.4955 0.0063 0.8686
f 8623//8259 8671//8259 8672//8259 8624//8259
vn 0.2182 0.2632 0.9398
usemtl leaf_2
f 8624//8260 8672//8260 8673//8260 8625//8260
vn 0.4963 0.3909 0.7752
usemtl leaf_4
f 8625//8261 8673//8261 8674//8261 8626//8261
vn 0.3161 0.1163 0.9416
f 8626//8262 8674//8262 8675//8262 8627//8262
vn -0.1816 -0.2187 0.9587
f 8627//8263 8675//8263 8676//8263 8628//8263
vn -0.3286 -0.2188 0.9188
usemtl leaf_3
f 8628//8264 8676//8264 8677//8264 8629//8264
vn -0.7260 0.1704 0.6662
usemtl leaf_4
f 8629//8265 8677//8265 8678//8265 8630//8265
vn -0.6867 0.2411 0.6858
usemtl leaf_2
f 8630//8266 8678//8266 8679//8266 8631//8266
vn -0.4877 -0.2621 0.8327
f 8631//8267 8679//8267 8680//8267 8632//8267
vn -0.5553 -0.3120 0.7709
usemtl leaf_3
f 8632//8268 8680//8268 8681//8268 8633//8268
vn -0.2704 -0.1259 0.9545
f 8633//8269 8681//8269 8682//8269 8634//8269
vn -0.7591 -0.2636 0.5952
usemtl leaf_2
f 8634//8270 8682//8270 8683//8270 8635//8270
vn -0.8580 -0.4601 0.2285
usemtl leaf_3
f 8635//8271 8683//8271 8684//8271 8636//8271
vn -0.8716 -0.4583 0.1737
f 8636//8272 8684//8272 8685//8272 8637//8272
vn -0.9057 -0.3899 0.1666
f 8637//8273 8685//8273 8686//8273 8638//8273
vn -0.9124 -0.1796 0.3677
usemtl leaf_2
f 8638//8274 8686//8274 8639//8274 8591//8274
vn -0.7491 0.5673 -0.3422
f 8639//8275 8687//8275 8688//8275 8640//8275
vn -0.5603 0.5905 -0.5808
f 8640//8276 8688//8276 8689//8276 8641//8276
vn -0.8951 -0.1345 -0.4250
f 8641//8277 8689//8277 8690//8277 8642//8277
vn -0.9850 -0.1357 -0.1069
usemtl leaf_1
f 8642//8278 8690//8278 8691//8278 8643//8278
vn -0.9874 0.0876 -0.1321
usemtl leaf_2
f 8643//8279 8691//8279 8692//8279 8644//8279
vn -0.9057 0.1699 -0.3885
usemtl leaf_3
f 8644//8280 8692//8280 8693//8280 8645//8280
vn -0.5968 0.7121 -0.3697
f 8645//8281 8693//8281 8694//8281 8646//8281
vn -0.1837 0.6006 -0.7782
usemtl leaf_4
f 8646//8282 8694//8282 8695//8282 8647//8282
vn 0.0513 0.2701 -0.9615
f 8647//8283 8695//8283 8696//8283 8648//8283
vn -0.3615 0.5539 -0.7500
usemtl leaf_2
f 8648//8284 8696//8284 8697//8284 8649//8284
vn -0.2963 0.4482 -0.8434
usemtl leaf_3
f 8649//8285 8697//8285 8698//8285 8650//8285
vn -0.2583 0.1968 -0.9458
usemtl leaf_4
f 8650//8286 8698//8286 8699//8286 8651//8286
vn 0.1298 0.3047 -0.9436
usemtl leaf_3
f 8651//8287 8699//8287 8700//8287 8652//8287
vn 0.4191 0.2524 -0.8722
f 8652//8288 8700//8288 8701//8288 8653//8288
vn 0.6558 -0.1421 -0.7415
usemtl leaf_2
f 8653//8289 8701//8289 8702//8289 8654//8289
vn 0.5831 0.1839 -0.7913
usemtl leaf_3
f 8654//8290 8702//8290 8703//8290 8655//8290
vn 0.1357 0.5249 -0.8403
f 8655//8291 8703//8291 8704//8291 8656//8291
vn 0.2502 0.4457 -0.8595
f 8656//8292 8704//8292 8705//8292 8657//8292
vn 0.3960 0.7175 -0.5730
usemtl leaf_4
f 8657//8293 8705//8293 8706//8293 8658//8293
vn 0.7278 0.5549 -0.4030
f 8658//8294 8706//8294 8707//8294 8659//8294
vn 0.8358 -0.0450 -0.5472
f 8659//8295 8707//8295 8708//8295 8660//8295
vn 0.9373 0.2985 0.1799
usemtl leaf_2
f 8660//8296 8708//8296 8709//8296 8661//8296
vn 0.9278 0.2995 -0.2226
usemtl leaf_3
f 8661//8297 8709//8297 8710//8297 8662//8297
vn 0.9225 0.3086 -0.2317
f 8662//8298 8710//8298 8711//8298 8663//8298
vn 0.9355 0.3513 -0.0363
usemtl leaf_4
f 8663//8299 8711//8299 8712//8299 8664//8299
vn 0.8687 0.0605 0.4917
usemtl leaf_3
f 8664//8300 8712//8300 8713//8300 8665//8300
vn 0.7665 0.0939 0.6354
usemtl leaf_2
f 8665//8301 8713//8301 8714//8301 8666//8301
vn 0.8309 0.1340 0.5401
f 8666//8302 8714//8302 8715//8302 8667//8302
vn 0.9728 0.0022 0.2315
usemtl leaf_3
f 8667//8303 8715//8303 8716//8303 8668//8303
vn 0.7056 0.0492 0.7069
f 8668//8304 8716//8304 8717//8304 8669//8304
vn 0.8719 0.3741 0.3160
usemtl leaf_2
f 8669//8305 8717//8305 8718//8305 8670//8305
vn 0.2279 0.5371 0.8121
usemtl leaf_3
f 8670//8306 8718//8306 8719//8306 8671//8306
vn 0.4924 0.3349 0.8033
usemtl leaf_4
f 8671//8307 8719//8307 8720//8307 8672//8307
vn 0.2940 -0.1216 0.9480
usemtl leaf_2
f 8672//8308 8720//8308 8721//8308 8673//8308
vn 0.3408 0.0412 0.9392
f 8673//8309 8721//8309 8722//8309 8674//8309
vn 0.2431 0.6740 0.6976
usemtl leaf_4
f 8674//8310 8722//8310 8723//8310 8675//8310
vn -0.1221 0.8112 0.5719
usemtl leaf_3
f 8675//8311 8723//8311 8724//8311 8676//8311
vn -0.1954 0.8000 0.5674
f 8676//8312 8724//8312 8725//8312 8677//8312
vn -0.6268 0.5607 0.5410
usemtl leaf_1
f 8677//8313 8725//8313 8726//8313 8678//8313
vn -0.5294 0.2045 0.8234
usemtl leaf_2
f 8678//8314 8726//8314 8727//8314 8679//8314
vn -0.4540 0.1465 0.8789
f 8679//8315 8727//8315 8728//8315 8680//8315
vn -0.5821 0.1026 0.8066
f 8680//8316 8728//8316 8729//8316 8681//8316
vn -0.4072 0.4285 0.8066
f 8681//8317 8729//8317 8730//8317 8682//8317
vn -0.4951 0.7164 0.4915
usemtl leaf_3
f 8682//8318 8730//8318 8731//8318 8683//8318
vn -0.6629 0.7315 0.1596
f 8683//8319 8731//8319 8732//8319 8684//8319
vn -0.7883 0.5198 0.3293
usemtl leaf_4
f 8684//8320 8732//8320 8733//8320 8685//8320
vn -0.9780 0.0062 0.2083
f 8685//8321 8733//8321 8734//8321 8686//8321
vn -0.9634 -0.0250 0.2669
usemtl leaf_3
f 8686//8322 8734//8322 8687//8322 8639//8322
vn -0.7832 0.5206 -0.3399
usemtl leaf_2
f 8687//8323 8735//8323 8736//8323 8688//8323
vn -0.8295 -0.0389 -0.5571
usemtl leaf_1
f 8688//8324 8736//8324 8737//8324 8689//8324
vn -0.9786 -0.1100 -0.1739
f 8689//8325 8737//8325 8738//8325 8690//8325
vn -0.8614 0.1787 -0.4754
usemtl leaf_3
f 8690//8326 8738//8326 8739//8326 8691//8326
vn -0.7455 0.6607 -0.0877
usemtl leaf_2
f 8691//8327 8739//8327 8740//8327 8692//8327
vn -0.7216 0.6452 -0.2512
f 8692//8328 8740//8328 8741//8328 8693//8328
vn -0.4214 0.6522 -0.6301
usemtl leaf_4
f 8693//8329 8741//8329 8742//8329 8694//8329
vn -0.2313 0.8472 -0.4784
usemtl leaf_2
f 8694//8330 8742//8330 8743//8330 8695//8330
vn -0.0550 0.6688 -0.7414
f 8695//8331 8743//8331 8744//8331 8696//8331
vn -0.5228 -0.0733 -0.8493
usemtl leaf_1
f 8696//8332 8744//8332 8745//8332 8697//8332
vn -0.0636 0.3425 -0.9374
usemtl leaf_2
f 8697//8333 8745//8333 8746//8333 8698//8333
vn -0.2438 0.7452 -0.6207
f 8698//8334 8746//8334 8747//8334 8699//8334
vn 0.1688 0.7290 -0.6633
f 8699//8335 8747//8335 8748//8335 8700//8335
vn 0.1199 0.5155 -0.8485
usemtl leaf_3
f 8700//8336 8748//8336 8749//8336 8701//8336
vn 0.6145 0.1965 -0.7641
usemtl leaf_2
f 8701//8337 8749//8337 8750//8337 8702//8337
vn 0.6089 -0.1703 -0.7747
f 8702//8338 8750//8338 8751//8338 8703//8338
vn 0.4961 0.2240 -0.8388
f 8703//8339 8751//8339 8752//8339 8704//8339
vn 0.1658 0.8042 -0.5707
f 8704//8340 8752//8340 8753//8340 8705//8340
vn 0.3841 0.7968 -0.4664
usemtl leaf_1
f 8705//8341 8753//8341 8754//8341 8706//8341
vn 0.4415 0.5333 -0.7216
usemtl leaf_2
f 8706//8342 8754//8342 8755//8342 8707//8342
vn 0.7633 0.5486 -0.3413
usemtl leaf_4
f 8707//8343 8755//8343 8756//8343 8708//8343
vn 0.9710 0.2286 0.0700
usemtl leaf_3
f 8708//8344 8756//8344 8757//8344 8709//8344
vn 0.9764 0.1490 -0.1564
f 8709//8345 8757//8345 8758//8345 8710//8345
vn 0.8653 0.4884 -0.1133
f 8710//8346 8758//8346 8759//8346 8711//8346
vn 0.6399 0.7645 0.0780
f 8711//8347 8759//8347 8760//8347 8712//8347
vn 0.7030 0.7028 0.1088
f 8712//8348 8760//8348 8761//8348 8713//8348
vn 0.8451 -0.3352 0.4166
f 8713//8349 8761//8349 8762//8349 8714//8349
vn 0.6732 -0.5871 0.4496
usemtl leaf_1
f 8714//8350 8762//8350 8763//8350 8715//8350
vn 0.8481 0.0368 0.5285
usemtl leaf_2
f 8715//8351 8763//8351 8764//8351 8716//8351
vn 0.7722 0.3298 0.5430
usemtl leaf_3
f 8716//8352 8764//8352 8765//8352 8717//8352
vn 0.5796 0.5476 0.6035
f 8717//8353 8765//8353 8766//8353 8718//8353
vn 0.4154 0.6617 0.6242
usemtl leaf_1
f 8718//8354 8766//8354 8767//8354 8719//8354
vn 0.6310 0.1504 0.7611
usemtl leaf_2
f 8719//8355 8767//8355 8768//8355 8720//8355
vn 0.2197 0.4062 0.8870
f 8720//8356 8768//8356 8769//8356 8721//8356
vn 0.1817 0.5660 0.8041
f 8721//8357 8769//8357 8770//8357 8722//8357
vn 0.0103 0.6102 0.7921
usemtl leaf_3
f 8722//8358 8770//8358 8771//8358 8723//8358
vn -0.0107 0.5392 0.8421
f 8723//8359 8771//8359 8772//8359 8724//8359
vn -0.3518 0.3852 0.8531
usemtl leaf_1
f 8724//8360 8772//8360 8773//8360 8725//8360
vn -0.4191 0.0858 0.9039
f 8725//8361 8773//8361 8774//8361 8726//8361
vn -0.4112 -0.4159 0.8111
usemtl leaf_2
f 8726//8362 8774//8362 8775//8362 8727//8362
vn -0.5124 -0.3695 0.7752
usemtl leaf_3
f 8727//8363 8775//8363 8776//8363 8728//8363
vn -0.7252 0.2696 0.6335
usemtl leaf_2
f 8728//8364 8776//8364 8777//8364 8729//8364
vn -0.4606 0.5663 0.6835
usemtl leaf_3
f 8729//8365 8777//8365 8778//8365 8730//8365
vn -0.6016 0.6789 0.4209
usemtl leaf_2
f 8730//8366 8778//8366 8779//8366 8731//8366
vn -0.7327 0.5495 0.4016
usemtl leaf_3
f 8731//8367 8779//8367 8780//8367 8732//8367
vn -0.8172 0.4421 0.3697
f 8732//8368 8780//8368 8781//8368 8733//8368
vn -0.6755 0.7171 0.1716
f 8733//8369 8781//8369 8782//8369 8734//8369
vn -0.5982 0.7946 0.1040
f 8734//8370 8782//8370 8735//8370 8687//8370
vn -0.5496 0.8330 0.0633
usemtl leaf_2
f 8735//8371 8783//8371 8784//8371 8736//8371
vn -0.7479 0.5352 -0.3927
f 8736//8372 8784//8372 8785//8372 8737//8372
vn -0.9771 0.1954 -0.0846
usemtl leaf_3
f 8737//8373 8785//8373 8786//8373 8738//8373
vn -0.8386 -0.0878 -0.5377
f 8738//8374 8786//8374 8787//8374 8739//8374
vn -0.8961 -0.0173 -0.4434
usemtl leaf_1
f 8739//8375 8787//8375 8788//8375 8740//8375
vn -0.6159 0.7251 -0.3080
usemtl leaf_3
f 8740//8376 8788//8376 8789//8376 8741//8376
vn -0.1601 0.8914 -0.4240
f 8741//8377 8789//8377 8790//8377 8742//8377
vn -0.3028 0.8114 -0.4999
usemtl leaf_1
f 8742//8378 8790//8378 8791//8378 8743//8378
vn -0.6612 0.1744 -0.7297
f 8743//8379 8791//8379 8792//8379 8744//8379
vn -0.3631 0.2130 -0.9070
usemtl leaf_2
f 8744//8380 8792//8380 8793//8380 8745//8380
vn 0.0330 0.3219 -0.9462
f 8745//8381 8793//8381 8794//8381 8746//8381
vn -0.0660 0.3937 -0.9169
f 8746//8382 8794//8382 8795//8382 8747//8382
vn 0.0961 0.6637 -0.7418
usemtl leaf_3
f 8747//8383 8795//8383 8796//8383 8748//8383
vn 0.0663 0.7154 -0.6956
usemtl leaf_1
f 8748//8384 8796//8384 8797//8384 8749//8384
vn 0.3130 0.5053 -0.8042
usemtl leaf_2
f 8749//8385 8797//8385 8798//8385 8750//8385
vn 0.5543 0.1458 -0.8194
f 8750//8386 8798//8386 8799//8386 8751//8386
vn 0.7141 0.0988 -0.6930
f 8751//8387 8799//8387 8800//8387 8752//8387
vn 0.5753 0.2097 -0.7906
f 8752//8388 8800//8388 8801//8388 8753//8388
vn 0.4383 0.7665 -0.4695
f 8753//8389 8801//8389 8802//8389 8754//8389
vn 0.1914 0.8202 -0.5391
usemtl leaf_1
f 8754//8390 8802//8390 8803//8390 8755//8390
vn 0.4737 0.8712 -0.1287
usemtl leaf_4
f 8755//8391 8803//8391 8804//8391 8756//8391
vn 0.6063 0.7426 -0.2844
usemtl leaf_3
f 8756//8392 8804//8392 8805//8392 8757//8392
vn 0.7999 0.5785 0.1594
f 8757//8393 8805//8393 8806//8393 8758//8393
vn 0.5832 0.8122 -0.0159
usemtl leaf_2
f 8758//8394 8806//8394 8807//8394 8759//8394
vn 0.5853 0.7907 0.1792
f 8759//8395 8807//8395 8808//8395 8760//8395
vn 0.7614 0.6175 -0.1975
f 8760//8396 8808//8396 8809//8396 8761//8396
vn 0.8712 0.4873 0.0599
usemtl leaf_3
f 8761//8397 8809//8397 8810//8397 8762//8397
vn 0.6303 0.4709 0.6172
f 8762//8398 8810//8398 8811//8398 8763//8398
vn 0.6049 0.4286 0.6711
usemtl leaf_1
f 8763//8399 8811//8399 8812//8399 8764//8399
vn 0.7370 0.5130 0.4400
usemtl leaf_3
f 8764//8400 8812//8400 8813//8400 8765//8400
vn 0.3711 0.5917 0.7157
usemtl leaf_2
f 8765//8401 8813//8401 8814//8401 8766//8401
vn 0.6205 0.5292 0.5787
f 8766//8402 8814//8402 8815//8402 8767//8402
vn 0.5935 0.5613 0.5768
f 8767//8403 8815//8403 8816//8403 8768//8403
vn 0.0522 0.5074 0.8601
usemtl leaf_1
f 8768//8404 8816//8404 8817//8404 8769//8404
vn 0.0605 0.7226 0.6886
usemtl leaf_2
f 8769//8405 8817//8405 8818//8405 8770//8405
vn -0.0212 0.8070 0.5902
f 8770//8406 8818//8406 8819//8406 8771//8406
vn 0.1128 0.7563 0.6444
f 8771//8407 8819//8407 8820//8407 8772//8407
vn -0.2815 0.7031 0.6530
f 8772//8408 8820//8408 8821//8408 8773//8408
vn -0.0209 0.3581 0.9334
f 8773//8409 8821//8409 8822//8409 8774//8409
vn -0.4651 0.2323 0.8542
usemtl leaf_3
f 8774//8410 8822//8410 8823//8410 8775//8410
vn -0.5960 0.4507 0.6646
usemtl leaf_2
f 8775//8411 8823//8411 8824//8411 8776//8411
vn -0.7930 0.4764 0.3797
f 8776//8412 8824//8412 8825//8412 8777//8412
vn -0.4391 0.5191 0.7333
usemtl leaf_1
f 8777//8413 8825//8413 8826//8413 8778//8413
vn -0.7087 0.6620 0.2439
usemtl leaf_2
f 8778//8414 8826//8414 8827//8414 8779//8414
vn -0.4873 0.6143 0.6206
f 8779//8415 8827//8415 8828//8415 8780//8415
vn -0.8559 0.4676 0.2209
f 8780//8416 8828//8416 8829//8416 8781//8416
vn -0.9239 0.1696 0.3430
f 8781//8417 8829//8417 8830//8417 8782//8417
vn -0.7697 0.5697 -0.2880
usemtl leaf_3
f 8782//8418 8830//8418 8783//8418 8735//8418
vn -0.7344 0.6680 0.1205
usemtl leaf_2
f 8783//8419 8831//8419 8832//8419 8784//8419
vn -0.8461 0.5309 -0.0476
f 8784//8420 8832//8420 8833//8420 8785//8420
vn -0.9122 0.3859 -0.1376
f 8785//8421 8833//8421 8834//8421 8786//8421
vn -0.6630 0.6392 -0.3897
usemtl leaf_3
f 8786//8422 8834//8422 8835//8422 8787//8422
vn -0.4441 0.7881 -0.4263
usemtl leaf_2
f 8787//8423 8835//8423 8836//8423 8788//8423
vn -0.3268 0.8522 -0.4087
f 8788//8424 8836//8424 8837//8424 8789//8424
vn -0.1535 0.8627 -0.4818
f 8789//8425 8837//8425 8838//8425 8790//8425
vn -0.3363 0.8905 -0.3065
f 8790//8426 8838//8426 8839//8426 8791//8426
vn -0.5611 0.8008 -0.2095
usemtl leaf_1
f 8791//8427 8839//8427 8840//8427 8792//8427
vn -0.2694 0.6315 -0.7271
usemtl leaf_3
f 8792//8428 8840//8428 8841//8428 8793//8428
vn -0.1057 0.3727 -0.9219
f 8793//8429 8841//8429 8842//8429 8794//8429
vn 0.3457 0.6943 -0.6312
f 8794//8430 8842//8430 8843//8430 8795//8430
vn -0.1698 0.7287 -0.6635
usemtl leaf_2
f 8795//8431 8843//8431 8844//8431 8796//8431
vn 0.1126 0.2911 -0.9500
f 8796//8432 8844//8432 8845//8432 8797//8432
vn 0.1433 0.2489 -0.9579
usemtl leaf_3
f 8797//8433 8845//8433 8846//8433 8798//8433
vn 0.5691 0.3025 -0.7646
f 8798//8434 8846//8434 8847//8434 8799//8434
vn 0.6751 0.4086 -0.6142
usemtl leaf_1
f 8799//8435 8847//8435 8848//8435 8800//8435
vn 0.5837 0.7022 -0.4076
usemtl leaf_2
f 8800//8436 8848//8436 8849//8436 8801//8436
vn 0.5579 0.6989 -0.4475
usemtl leaf_1
f 8801//8437 8849//8437 8850//8437 8802//8437
vn 0.3200 0.8114 -0.4891
f 8802//8438 8850//8438 8851//8438 8803//8438
vn 0.4615 0.8289 -0.3163
usemtl leaf_2
f 8803//8439 8851//8439 8852//8439 8804//8439
vn 0.5284 0.8053 -0.2689
usemtl leaf_1
f 8804//8440 8852//8440 8853//8440 8805//8440
vn 0.6111 0.7883 0.0710
f 8805//8441 8853//8441 8854//8441 8806//8441
vn 0.7486 0.6460 0.1495
f 8806//8442 8854//8442 8855//8442 8807//8442
vn 0.8781 0.4662 -0.1078
f 8807//8443 8855//8443 8856//8443 8808//8443
vn 0.8279 0.5607 0.0121
usemtl leaf_2
f 8808//8444 8856//8444 8857//8444 8809//8444
vn 0.5918 0.8033 -0.0672
f 8809//8445 8857//8445 8858//8445 8810//8445
vn 0.6360 0.6165 0.4641
usemtl leaf_3
f 8810//8446 8858//8446 8859//8446 8811//8446
vn 0.7000 0.3112 0.6427
f 8811//8447 8859//8447 8860//8447 8812//8447
vn 0.2961 0.7300 0.6159
usemtl leaf_1
f 8812//8448 8860//8448 8861//8448 8813//8448
vn 0.2274 0.9111 0.3437
f 8813//8449 8861//8449 8862//8449 8814//8449
vn 0.4768 0.8214 0.3131
f 8814//8450 8862//8450 8863//8450 8815//8450
vn 0.5276 0.7215 0.4485
usemtl leaf_2
f 8815//8451 8863//8451 8864//8451 8816//8451
vn -0.0212 0.7764 0.6299
f 8816//8452 8864//8452 8865//8452 8817//8452
vn -0.1170 0.8144 0.5684
usemtl leaf_3
f 8817//8453 8865//8453 8866//8453 8818//8453
vn 0.0554 0.8312 0.5533
usemtl leaf_1
f 8818//8454 8866//8454 8867//8454 8819//8454
vn 0.0881 0.8220 0.5626
f 8819//8455 8867//8455 8868//8455 8820//8455
vn -0.1264 0.7811 0.6114
f 8820//8456 8868//8456 8869//8456 8821//8456
vn 0.1294 0.6914 0.7108
usemtl leaf_2
f 8821//8457 8869//8457 8870//8457 8822//8457
vn -0.3356 0.6399 0.6912
usemtl leaf_3
f 8822//8458 8870//8458 8871//8458 8823//8458
vn -0.5745 0.2608 0.7758
usemtl leaf_2
f 8823//8459 8871//8459 8872//8459 8824//8459
vn -0.8929 0.0897 0.4412
usemtl leaf_1
f 8824//8460 8872//8460 8873//8460 8825//8460
vn -0.6185 0.6158 0.4881
usemtl leaf_2
f 8825//8461 8873//8461 8874//8461 8826//8461
vn -0.5326 0.8426 0.0802
usemtl leaf_1
f 8826//8462 8874//8462 8875//8462 8827//8462
vn -0.2708 0.7177 0.6416
f 8827//8463 8875//8463 8876//8463 8828//8463
vn -0.7208 0.6275 0.2946
usemtl leaf_3
f 8828//8464 8876//8464 8877//8464 8829//8464
vn -0.7264 0.5772 0.3731
usemtl leaf_2
f 8829//8465 8877//8465 8878//8465 8830//8465
vn -0.6730 0.5002 -0.5449
f 8830//8466 8878//8466 8831//8466 8783//8466
vn -0.4643 0.8849 0.0377
f 8831//8467 8879//8467 8880//8467 8832//8467
vn -0.5122 0.8384 0.1866
usemtl leaf_1
f 8832//8468 8880//8468 8881//8468 8833//8468
vn -0.7669 0.6408 0.0340
f 8833//8469 8881//8469 8882//8469 8834//8469
vn -0.7892 0.3234 -0.5221
usemtl leaf_3
f 8834//8470 8882//8470 8883//8470 8835//8470
vn -0.3237 0.5901 -0.7396
usemtl leaf_1
f 8835//8471 8883//8471 8884//8471 8836//8471
vn -0.1315 0.9058 -0.4027
usemtl leaf_0
f 8836//8472 8884//8472 8885//8472 8837//8472
vn -0.1374 0.9278 -0.3470
usemtl leaf_1
f 8837//8473 8885//8473 8886//8473 8838//8473
vn -0.4289 0.8451 -0.3191
usemtl leaf_0
f 8838//8474 8886//8474 8887//8474 8839//8474
vn -0.7023 0.6757 -0.2241
usemtl leaf_2
f 8839//8475 8887//8475 8888//8475 8840//8475
vn -0.4231 0.7657 -0.4845
usemtl leaf_1
f 8840//8476 8888//8476 8889//8476 8841//8476
vn 0.0352 0.7969 -0.6031
usemtl leaf_2
f 8841//8477 8889//8477 8890//8477 8842//8477
vn 0.3579 0.5144 -0.7793
usemtl leaf_3
f 8842//8478 8890//8478 8891//8478 8843//8478
vn -0.0424 0.6946 -0.7182
usemtl leaf_2
f 8843//8479 8891//8479 8892//8479 8844//8479
vn -0.0794 0.9024 -0.4235
usemtl leaf_1
f 8844//8480 8892//8480 8893//8480 8845//8480
vn 0.0525 0.8785 -0.4748
f 8845//8481 8893//8481 8894//8481 8846//8481
vn 0.2081 0.6696 -0.7129
usemtl leaf_3
f 8846//8482 8894//8482 8895//8482 8847//8482
vn 0.7812 0.3770 -0.4977
usemtl leaf_1
f 8847//8483 8895//8483 8896//8483 8848//8483
vn 0.7791 0.5232 -0.3454
usemtl leaf_2
f 8848//8484 8896//8484 8897//8484 8849//8484
vn 0.4893 0.8268 -0.2776
f 8849//8485 8897//8485 8898//8485 8850//8485
vn 0.3114 0.9286 -0.2021
usemtl leaf_1
f 8850//8486 8898//8486 8899//8486 8851//8486
vn 0.1760 0.9427 -0.2833
f 8851//8487 8899//8487 8900//8487 8852//8487
vn 0.3090 0.9411 -0.1376
usemtl leaf_2
f 8852//8488 8900//8488 8901//8488 8853//8488
vn 0.4368 0.8967 -0.0717
usemtl leaf_1
f 8853//8489 8901//8489 8902//8489 8854//8489
vn 0.5957 0.8021 0.0422
f 8854//8490 8902//8490 8903//8490 8855//8490
vn 0.5760 0.8109 -0.1032
f 8855//8491 8903//8491 8904//8491 8856//8491
vn 0.5445 0.8369 0.0558
usemtl leaf_3
f 8856//8492 8904//8492 8905//8492 8857//8492
vn 0.5914 0.8055 0.0369
f 8857//8493 8905//8493 8906//8493 8858//8493
vn 0.6259 0.7785 0.0469
usemtl leaf_2
f 8858//8494 8906//8494 8907//8494 8859//8494
vn 0.3555 0.7440 0.5658
f 8859//8495 8907//8495 8908//8495 8860//8495
vn 0.1408 0.7121 0.6878
usemtl leaf_1
f 8860//8496 8908//8496 8909//8496 8861//8496
vn 0.4553 0.6679 0.5888
usemtl leaf_0
f 8861//8497 8909//8497 8910//8497 8862//8497
vn 0.6053 0.7114 0.3572
usemtl leaf_1
f 8862//8498 8910//8498 8911//8498 8863//8498
vn 0.2553 0.9105 0.3252
usemtl leaf_2
f 8863//8499 8911//8499 8912//8499 8864//8499
vn 0.1193 0.8831 0.4538
usemtl leaf_3
f 8864//8500 8912//8500 8913//8500 8865//8500
vn -0.0419 0.5562 0.8300
usemtl leaf_2
f 8865//8501 8913//8501 8914//8501 8866//8501
vn -0.1204 0.6868 0.7168
usemtl leaf_1
f 8866//8502 8914//8502 8915//8502 8867//8502
vn -0.0019 0.9043 0.4269
usemtl leaf_0
f 8867//8503 8915//8503 8916//8503 8868//8503
vn 0.1646 0.8073 0.5668
usemtl leaf_2
f 8868//8504 8916//8504 8917//8504 8869//8504
vn -0.0382 0.8075 0.5886
usemtl leaf_3
f 8869//8505 8917//8505 8918//8505 8870//8505
vn -0.0136 0.8299 0.5577
usemtl leaf_1
f 8870//8506 8918//8506 8919//8506 8871//8506
vn -0.3449 0.8703 0.3517
usemtl leaf_2
f 8871//8507 8919//8507 8920//8507 8872//8507
vn -0.4650 0.8399 0.2800
usemtl leaf_3
f 8872//8508 8920//8508 8921//8508 8873//8508
vn -0.7110 0.6917 0.1268
usemtl leaf_1
f 8873//8509 8921//8509 8922//8509 8874//8509
vn -0.6667 0.7206 0.1903
f 8874//8510 8922//8510 8923//8510 8875//8510
vn -0.2670 0.8119 0.5191
f 8875//8511 8923//8511 8924//8511 8876//8511
vn -0.3022 0.8959 0.3257
f 8876//8512 8924//8512 8925//8512 8877//8512
vn -0.4057 0.9057 0.1231
usemtl leaf_2
f 8877//8513 8925//8513 8926//8513 8878//8513
vn -0.3890 0.8307 -0.3982
usemtl leaf_1
f 8878//8514 8926//8514 8879//8514 8831//8514
vn -0.8438 0.5350 -0.0414
usemtl leaf_0
f 8879//8515 8927//8515 8928//8515 8880//8515
vn -0.8325 0.4624 0.3051
f 8880//8516 8928//8516 8929//8516 8881//8516
vn -0.5551 0.8290 -0.0679
f 8881//8517 8929//8517 8930//8517 8882//8517
vn -0.1723 0.9694 -0.1746
f 8882//8518 8930//8518 8931//8518 8883//8518
vn -0.1274 0.8471 -0.5160
f 8883//8519 8931//8519 8932//8519 8884//8519
vn -0.2513 0.6096 -0.7519
f 8884//8520 8932//8520 8933//8520 8885//8520
vn -0.5302 0.5699 -0.6278
f 8885//8521 8933//8521 8934//8521 8886//8521
vn -0.3235 0.8103 -0.4886
usemtl leaf_1
f 8886//8522 8934//8522 8935//8522 8887//8522
vn -0.6291 0.7756 -0.0528
usemtl leaf_0
f 8887//8523 8935//8523 8936//8523 8888//8523
vn -0.1632 0.9501 -0.2658
f 8888//8524 8936//8524 8937//8524 8889//8524
vn -0.0582 0.9511 -0.3035
f 8889//8525 8937//8525 8938//8525 8890//8525
vn 0.1269 0.8893 -0.4393
f 8890//8526 8938//8526 8939//8526 8891//8526
vn 0.0811 0.7627 -0.6417
f 8891//8527 8939//8527 8940//8527 8892//8527
vn 0.1065 0.7386 -0.6656
f 8892//8528 8940//8528 8941//8528 8893//8528
vn 0.0105 0.8796 -0.4756
f 8893//8529 8941//8529 8942//8529 8894//8529
vn -0.0125 0.9270 -0.3750
f 8894//8530 8942//8530 8943//8530 8895//8530
vn 0.3329 0.8854 -0.3245
f 8895//8531 8943//8531 8944//8531 8896//8531
vn 0.7125 0.7003 -0.0437
f 8896//8532 8944//8532 8945//8532 8897//8532
vn 0.5381 0.8216 -0.1882
f 8897//8533 8945//8533 8946//8533 8898//8533
vn 0.4981 0.8573 -0.1300
usemtl leaf_1
f 8898//8534 8946//8534 8947//8534 8899//8534
vn 0.2696 0.9147 -0.3011
usemtl leaf_0
f 8899//8535 8947//8535 8948//8535 8900//8535
vn 0.2871 0.9245 -0.2509
f 8900//8536 8948//8536 8949//8536 8901//8536
vn 0.5397 0.7257 -0.4267
f 8901//8537 8949//8537 8950//8537 8902//8537
vn 0.9044 0.4073 -0.1272
f 8902//8538 8950//8538 8951//8538 8903//8538
vn 0.9058 0.4161 0.0800
f 8903//8539 8951//8539 8952//8539 8904//8539
vn 0.7775 0.6196 0.1075
f 8904//8540 8952//8540 8953//8540 8905//8540
vn 0.7042 0.7046 0.0874
f 8905//8541 8953//8541 8954//8541 8906//8541
vn 0.4475 0.8815 0.1505
f 8906//8542 8954//8542 8955//8542 8907//8542
vn 0.3904 0.8682 0.3063
f 8907//8543 8955//8543 8956//8543 8908//8543
vn 0.3027 0.4957 0.8141
f 8908//8544 8956//8544 8957//8544 8909//8544
vn 0.5192 0.5638 0.6423
f 8909//8545 8957//8545 8958//8545 8910//8545
vn 0.4990 0.6897 0.5247
f 8910//8546 8958//8546 8959//8546 8911//8546
vn 0.0273 0.8611 0.5078
f 8911//8547 8959//8547 8960//8547 8912//8547
vn 0.1689 0.9568 0.2367
f 8912//8548 8960//8548 8961//8548 8913//8548
vn 0.0493 0.9657 0.2551
f 8913//8549 8961//8549 8962//8549 8914//8549
vn -0.1259 0.8629 0.4894
f 8914//8550 8962//8550 8963//8550 8915//8550
vn -0.0279 0.6414 0.7667
f 8915//8551 8963//8551 8964//8551 8916//8551
vn 0.1014 0.8290 0.5500
f 8916//8552 8964//8552 8965//8552 8917//8552
vn -0.0360 0.9294 0.3674
f 8917//8553 8965//8553 8966//8553 8918//8553
vn 0.1790 0.7507 0.6359
f 8918//8554 8966//8554 8967//8554 8919//8554
vn -0.5704 0.7252 0.3857
f 8919//8555 8967//8555 8968//8555 8920//8555
vn -0.4225 0.6857 0.5927
f 8920//8556 8968//8556 8969//8556 8921//8556
vn -0.8563 0.4417 0.2676
f 8921//8557 8969//8557 8970//8557 8922//8557
vn -0.8785 0.3318 0.3436
f 8922//8558 8970//8558 8971//8558 8923//8558
vn -0.6392 0.7566 0.1377
f 8923//8559 8971//8559 8972//8559 8924//8559
vn -0.1762 0.9429 0.2825
f 8924//8560 8972//8560 8973//8560 8925//8560
vn -0.2644 0.9543 0.1395
f 8925//8561 8973//8561 8974//8561 8926//8561
vn -0.6540 0.7252 -0.2155
f 8926//8562 8974//8562 8927//8562 8879//8562
vn -0.7628 0.6203 -0.1826
f 8927//8563 8975//8563 8976//8563 8928//8563
vn -0.4755 0.8693 0.1351
f 8928//8564 8976//8564 8977//8564 8929//8564
vn -0.3445 0.9219 -0.1773
usemtl leaf_1
f 8929//8565 8977//8565 8978//8565 8930//8565
vn -0.3354 0.8463 -0.4140
usemtl leaf_0
f 8930//8566 8978//8566 8979//8566 8931//8566
vn -0.2793 0.8936 -0.3514
f 8931//8567 8979//8567 8980//8567 8932//8567
vn -0.1712 0.8380 -0.5181
f 8932//8568 8980//8568 8981//8568 8933//8568
vn -0.3342 0.8521 -0.4028
f 8933//8569 8981//8569 8982//8569 8934//8569
vn -0.1406 0.7978 -0.5863
f 8934//8570 8982//8570 8983//8570 8935//8570
vn -0.3971 0.9114 -0.1081
f 8935//8571 8983//8571 8984//8571 8936//8571
vn -0.1528 0.9828 -0.1041
f 8936//8572 8984//8572 8985//8572 8937//8572
vn -0.3184 0.8995 -0.2993
f 8937//8573 8985//8573 8986//8573 8938//8573
vn 0.1237 0.8650 -0.4863
f 8938//8574 8986//8574 8987//8574 8939//8574
vn -0.1516 0.8552 -0.4957
f 8939//8575 8987//8575 8988//8575 8940//8575
vn 0.2509 0.8528 -0.4579
f 8940//8576 8988//8576 8989//8576 8941//8576
vn 0.0121 0.8166 -0.5771
f 8941//8577 8989//8577 8990//8577 8942//8577
vn 0.2029 0.8471 -0.4911
f 8942//8578 8990//8578 8991//8578 8943//8578
vn 0.1666 0.9269 -0.3364
usemtl leaf_1
f 8943//8579 8991//8579 8992//8579 8944//8579
vn 0.6250 0.7779 -0.0649
usemtl leaf_0
f 8944//8580 8992//8580 8993//8580 8945//8580
vn 0.6500 0.7389 -0.1775
f 8945//8581 8993//8581 8994//8581 8946//8581
vn 0.5308 0.8381 0.1263
f 8946//8582 8994//8582 8995//8582 8947//8582
vn 0.2139 0.9023 -0.3743
f 8947//8583 8995//8583 8996//8583 8948//8583
vn 0.3417 0.9134 -0.2213
f 8948//8584 8996//8584 8997//8584 8949//8584
vn 0.1687 0.8408 -0.5145
f 8949//8585 8997//8585 8998//8585 8950//8585
vn 0.2766 0.9576 -0.0806
f 8950//8586 8998//8586 8999//8586 8951//8586
vn 0.3156 0.9489 0.0097
f 8951//8587 8999//8587 9000//8587 8952//8587
vn 0.3039 0.9362 0.1766
f 8952//8588 9000//8588 9001//8588 8953//8588
vn 0.3228 0.9456 -0.0398
f 8953//8589 9001//8589 9002//8589 8954//8589
vn 0.2863 0.9241 0.2530
f 8954//8590 9002//8590 9003//8590 8955//8590
vn 0.6070 0.7946 -0.0153
f 8955//8591 9003//8591 9004//8591 8956//8591
vn 0.1072 0.7704 0.6285
f 8956//8592 9004//8592 9005//8592 8957//8592
vn 0.4534 0.7811 0.4293
f 8957//8593 9005//8593 9006//8593 8958//8593
vn 0.1633 0.8199 0.5488
f 8958//8594 9006//8594 9007//8594 8959//8594
vn -0.1318 0.8558 0.5003
f 8959//8595 9007//8595 9008//8595 8960//8595
vn 0.0035 0.9402 0.3406
f 8960//8596 9008//8596 9009//8596 8961//8596
vn 0.2885 0.9083 0.3028
f 8961//8597 9009//8597 9010//8597 8962//8597
vn -0.0777 0.9244 0.3734
f 8962//8598 9010//8598 9011//8598 8963//8598
vn 0.0566 0.9665 0.2505
f 8963//8599 9011//8599 9012//8599 8964//8599
vn -0.0494 0.9458 0.3209
f 8964//8600 9012//8600 9013//8600 8965//8600
vn 0.1852 0.7791 0.5990
f 8965//8601 9013//8601 9014//8601 8966//8601
vn 0.0369 0.9161 0.3993
f 8966//8602 9014//8602 9015//8602 8967//8602
vn -0.1499 0.9733 0.1740
f 8967//8603 9015//8603 9016//8603 8968//8603
vn -0.1337 0.8714 0.4721
usemtl leaf_1
f 8968//8604 9016//8604 9017//8604 8969//8604
vn -0.5079 0.8614 -0.0045
usemtl leaf_0
f 8969//8605 9017//8605 9018//8605 8970//8605
vn -0.3700 0.9076 0.1984
f 8970//8606 9018//8606 9019//8606 8971//8606
vn -0.6254 0.7383 -0.2528
f 8971//8607 9019//8607 9020//8607 8972//8607
vn -0.3388 0.9253 0.1701
f 8972//8608 9020//8608 9021//8608 8973//8608
vn -0.1854 0.9678 0.1702
f 8973//8609 9021//8609 9022//8609 8974//8609
vn -0.3786 0.8155 0.4377
f 8974//8610 9022//8610 8975//8610 8927//8610
vn -0.1902 0.9800 -0.0590
f 8975//8611 9023//8611 9024//8611 8976//8611
vn -0.2548 0.9502 -0.1796
f 8976//8612 9024//8612 9025//8612 8977//8612
vn -0.1268 0.9912 -0.0384
f 8977//8613 9025//8613 9026//8613 8978//8613
vn 0.1064 0.9592 -0.2619
f 8978//8614 9026//8614 9027//8614 8979//8614
vn -0.1806 0.9828 0.0394
f 8979//8615 9027//8615 9028//8615 8980//8615
vn -0.1433 0.9201 -0.3646
f 8980//8616 9028//8616 9029//8616 8981//8616
vn -0.2772 0.9068 -0.3176
f 8981//8617 9029//8617 9030//8617 8982//8617
vn -0.2371 0.8602 -0.4515
f 8982//8618 9030//8618 9031//8618 8983//8618
vn 0.0603 0.8759 -0.4788
f 8983//8619 9031//8619 9032//8619 8984//8619
vn -0.3808 0.9153 -0.1315
f 8984//8620 9032//8620 9033//8620 8985//8620
vn -0.3316 0.9352 -0.1240
f 8985//8621 9033//8621 9034//8621 8986//8621
vn 0.0125 0.9752 -0.2211
f 8986//8622 9034//8622 9035//8622 8987//8622
vn -0.1175 0.9534 -0.2778
f 8987//8623 9035//8623 9036//8623 8988//8623
vn 0.1610 0.9615 -0.2228
f 8988//8624 9036//8624 9037//8624 8989//8624
vn -0.0603 0.9668 -0.2485
f 8989//8625 9037//8625 9038//8625 8990//8625
vn 0.1279 0.9887 -0.0787
f 8990//8626 9038//8626 9039//8626 8991//8626
vn 0.0612 0.9879 -0.1427
f 8991//8627 9039//8627 9040//8627 8992//8627
vn 0.2609 0.9527 -0.1559
f 8992//8628 9040//8628 9041//8628 8993//8628
vn 0.5379 0.8425 0.0294
f 8993//8629 9041//8629 9042//8629 8994//8629
vn 0.6581 0.7332 0.1713
f 8994//8630 9042//8630 9043//8630 8995//8630
vn 0.2751 0.9535 -0.1228
f 8995//8631 9043//8631 9044//8631 8996//8631
vn 0.0682 0.9906 -0.1184
f 8996//8632 9044//8632 9045//8632 8997//8632
vn 0.0805 0.8043 -0.5888
f 8997//8633 9045//8633 9046//8633 8998//8633
vn 0.3279 0.9354 -0.1322
f 8998//8634 9046//8634 9047//8634 8999//8634
vn 0.2982 0.9538 0.0354
f 8999//8635 9047//8635 9048//8635 9000//8635
vn 0.3140 0.9439 0.1023
f 9000//8636 9048//8636 9049//8636 9001//8636
vn 0.2665 0.9568 0.1161
f 9001//8637 9049//8637 9050//8637 9002//8637
vn 0.2325 0.9722 0.0277
f 9002//8638 9050//8638 9051//8638 9003//8638
vn 0.2033 0.9756 -0.0826
f 9003//8639 9051//8639 9052//8639 9004//8639
vn -0.0129 0.9689 0.2471
f 9004//8640 9052//8640 9053//8640 9005//8640
vn 0.2139 0.9661 0.1446
f 9005//8641 9053//8641 9054//8641 9006//8641
vn -0.1976 0.9348 0.2952
f 9006//8642 9054//8642 9055//8642 9007//8642
vn 0.0145 0.9570 0.2897
f 9007//8643 9055//8643 9056//8643 9008//8643
vn -0.2229 0.8673 0.4451
f 9008//8644 9056//8644 9057//8644 9009//8644
vn 0.4306 0.8835 0.1843
f 9009//8645 9057//8645 9058//8645 9010//8645
vn -0.0327 0.8920 0.4508
f 9010//8646 9058//8646 9059//8646 9011//8646
vn 0.1780 0.6777 0.7135
f 9011//8647 9059//8647 9060//8647 9012//8647
vn -0.0821 0.6760 0.7324
f 9012//8648 9060//8648 9061//8648 9013//8648
vn 0.1142 0.8900 0.4414
f 9013//8649 9061//8649 9062//8649 9014//8649
vn -0.1571 0.9667 0.2019
f 9014//8650 9062//8650 9063//8650 9015//8650
vn -0.0684 0.9594 0.2735
f 9015//8651 9063//8651 9064//8651 9016//8651
vn 0.0387 0.9842 0.1729
f 9016//8652 9064//8652 9065//8652 9017//8652
vn -0.3142 0.9486 -0.0390
f 9017//8653 9065//8653 9066//8653 9018//8653
vn -0.2968 0.9366 0.1864
f 9018//8654 9066//8654 9067//8654 9019//8654
vn -0.5590 0.8216 -0.1120
f 9019//8655 9067//8655 9068//8655 9020//8655
vn -0.5500 0.8100 -0.2035
f 9020//8656 9068//8656 9069//8656 9021//8656
vn -0.3069 0.9218 0.2369
f 9021//8657 9069//8657 9070//8657 9022//8657
vn -0.1939 0.7950 0.5748
f 9022//8658 9070//8658 9023//8658 8975//8658
vn 0.0000 1.0000 -0.0000
f 9023//8659 9071//8659 9072//8659 9024//8659
vn 0.0000 1.0000 0.0000
f 9024//8660 9072//8660 9073//8660 9025//8660
vn -0.0118 0.9958 -0.0903
f 9025//8661 9073//8661 9074//8661 9026//8661
vn -0.0611 0.9434 -0.3258
f 9026//8662 9074//8662 9075//8662 9027//8662
vn -0.3377 0.9336 0.1197
f 9027//8663 9075//8663 9076//8663 9028//8663
vn -0.0465 0.9900 -0.1329
f 9028//8664 9076//8664 9077//8664 9029//8664
vn -0.1133 0.9886 -0.0992
f 9029//8665 9077//8665 9078//8665 9030//8665
vn -0.0646 0.9929 -0.1003
f 9030//8666 9078//8666 9079//8666 9031//8666
vn 0.2283 0.9276 -0.2958
f 9031//8667 9079//8667 9080//8667 9032//8667
vn -0.3450 0.9328 -0.1043
f 9032//8668 9080//8668 9081//8668 9033//8668
vn -0.1552 0.9852 -0.0732
f 9033//8669 9081//8669 9082//8669 9034//8669
vn -0.0410 0.9990 -0.0173
f 9034//8670 9082//8670 9083//8670 9035//8670
vn 0.0000 1.0000 0.0000
f 9035//8671 9083//8671 9084//8671 9036//8671
vn 0.0000 1.0000 0.0000
f 9036//8672 9084//8672 9085//8672 9037//8672
vn 0.0000 1.0000 0.0000
f 9037//8673 9085//8673 9086//8673 9038//8673
vn 0.0396 0.9992 -0.0006
f 9038//8674 9086//8674 9087//8674 9039//8674
vn -0.0167 0.9993 -0.0327
f 9039//8675 9087//8675 9088//8675 9040//8675
vn 0.0000 1.0000 0.0000
f 9040//8676 9088//8676 9089//8676 9041//8676
vn 0.1261 0.9907 0.0503
f 9041//8677 9089//8677 9090//8677 9042//8677
vn 0.3823 0.9216 0.0674
f 9042//8678 9090//8678 9091//8678 9043//8678
vn 0.6069 0.7919 0.0683
f 9043//8679 9091//8679 9092//8679 9044//8679
vn 0.4707 0.8783 -0.0839
f 9044//8680 9092//8680 9093//8680 9045//8680
vn -0.0001 0.8346 -0.5509
f 9045//8681 9093//8681 9094//8681 9046//8681
vn -0.0081 0.9999 -0.0092
f 9046//8682 9094//8682 9095//8682 9047//8682
vn 0.0000 1.0000 0.0000
f 9047//8683 9095//8683 9096//8683 9048//8683
vn 0.0000 1.0000 -0.0000
f 9048//8684 9096//8684 9097//8684 9049//8684
vn 0.0077 0.9991 0.0427
f 9049//8685 9097//8685 9098//8685 9050//8685
vn 0.0361 0.9991 -0.0235
f 9050//8686 9098//8686 9099//8686 9051//8686
vn 0.0000 1.0000 0.0000
f 9051//8687 9099//8687 9100//8687 9052//8687
vn 0.0000 1.0000 -0.0000
f 9052//8688 9100//8688 9101//8688 9053//8688
vn 0.0000 1.0000 0.0000
f 9053//8689 9101//8689 9102//8689 9054//8689
vn -0.1271 0.9661 0.2249
f 9054//8690 9102//8690 9103//8690 9055//8690
vn -0.0140 0.9891 0.1464
f 9055//8691 9103//8691 9104//8691 9056//8691
vn -0.1911 0.9595 0.2071
f 9056//8692 9104//8692 9105//8692 9057//8692
vn 0.4124 0.8985 0.1505
f 9057//8693 9105//8693 9106//8693 9058//8693
vn 0.1082 0.9841 0.1406
f 9058//8694 9106//8694 9107//8694 9059//8694
vn 0.0870 0.9948 0.0522
f 9059//8695 9107//8695 9108//8695 9060//8695
vn 0.0000 1.0000 0.0000
f 9060//8696 9108//8696 9109//8696 9061//8696
vn 0.0000 1.0000 -0.0000
f 9061//8697 9109//8697 9110//8697 9062//8697
vn 0.0000 1.0000 0.0000
f 9062//8698 9110//8698 9111//8698 9063//8698
vn 0.0000 1.0000 0.0000
f 9063//8699 9111//8699 9112//8699 9064//8699
vn 0.0000 1.0000 0.0000
f 9064//8700 9112//8700 9113//8700 9065//8700
vn 0.0000 1.0000 -0.0000
f 9065//8701 9113//8701 9114//8701 9066//8701
vn 0.0000 1.0000 0.0000
f 9066//8702 9114//8702 9115//8702 9067//8702
vn 0.0000 1.0000 -0.0000
f 9067//8703 9115//8703 9116//8703 9068//8703
vn -0.2753 0.9255 -0.2601
f 9068//8704 9116//8704 9117//8704 9069//8704
vn -0.1693 0.9846 -0.0427
f 9069//8705 9117//8705 9118//8705 9070//8705
vn 0.0368 0.9536 0.2989
f 9070//8706 9118//8706 9071//8706 9023//8706
vn 0.0000 1.0000 -0.0000
f 9071//8707 9119//8707 9120//8707 9072//8707
vn 0.0000 1.0000 0.0000
f 9072//8708 9120//8708 9121//8708 9073//8708
vn 0.0000 1.0000 -0.0000
f 9073//8709 9121//8709 9122//8709 9074//8709
vn -0.0006 0.9999 -0.0132
f 9074//8710 9122//8710 9123//8710 9075//8710
vn -0.0120 0.9999 0.0070
f 9075//8711 9123//8711 9124//8711 9076//8711
vn 0.0000 1.0000 0.0000
f 9076//8712 9124//8712 9125//8712 9077//8712
vn 0.0000 1.0000 0.0000
f 9077//8713 9125//8713 9126//8713 9078//8713
vn 0.0057 0.9999 -0.0093
f 9078//8714 9126//8714 9127//8714 9079//8714
vn 0.0864 0.9893 -0.1172
f 9079//8715 9127//8715 9128//8715 9080//8715
vn -0.1455 0.9893 -0.0139
f 9080//8716 9128//8716 9129//8716 9081//8716
vn 0.0000 1.0000 0.0000
f 9081//8717 9129//8717 9130//8717 9082//8717
vn 0.0000 1.0000 0.0000
f 9082//8718 9130//8718 9131//8718 9083//8718
vn 0.0000 1.0000 0.0000
f 9083//8719 9131//8719 9132//8719 9084//8719
vn 0.0000 1.0000 0.0000
usemtl leaf_1
f 9084//8720 9132//8720 9133//8720 9085//8720
vn 0.0000 1.0000 0.0000
f 9085//8721 9133//8721 9134//8721 9086//8721
vn 0.0000 1.0000 -0.0000
usemtl leaf_0
f 9086//8722 9134//8722 9135//8722 9087//8722
vn 0.0000 1.0000 0.0000
f 9087//8723 9135//8723 9136//8723 9088//8723
vn 0.0000 1.0000 0.0000
f 9088//8724 9136//8724 9137//8724 9089//8724
vn 0.0000 1.0000 0.0000
f 9089//8725 9137//8725 9138//8725 9090//8725
vn 0.0000 1.0000 0.0000
f 9090//8726 9138//8726 9139//8726 9091//8726
vn 0.0439 0.9984 0.0366
f 9091//8727 9139//8727 9140//8727 9092//8727
vn 0.1909 0.9705 0.1474
f 9092//8728 9140//8728 9141//8728 9093//8728
vn 0.0696 0.9675 -0.2431
f 9093//8729 9141//8729 9142//8729 9094//8729
vn 0.0061 0.9997 -0.0224
f 9094//8730 9142//8730 9143//8730 9095//8730
vn 0.0000 1.0000 -0.0000
f 9095//8731 9143//8731 9144//8731 9096//8731
vn 0.0000 1.0000 0.0000
f 9096//8732 9144//8732 9145//8732 9097//8732
vn 0.0000 1.0000 0.0000
f 9097//8733 9145//8733 9146//8733 9098//8733
vn 0.0000 1.0000 -0.0000
f 9098//8734 9146//8734 9147//8734 9099//8734
vn 0.0000 1.0000 0.0000
f 9099//8735 9147//8735 9148//8735 9100//8735
vn 0.0000 1.0000 0.0000
f 9100//8736 9148//8736 9149//8736 9101//8736
vn 0.0000 1.0000 0.0000
f 9101//8737 9149//8737 9150//8737 9102//8737
vn 0.0000 1.0000 -0.0000
f 9102//8738 9150//8738 9151//8738 9103//8738
vn -0.1385 0.9782 0.1546
f 9103//8739 9151//8739 9152//8739 9104//8739
vn 0.0647 0.9856 0.1560
f 9104//8740 9152//8740 9153//8740 9105//8740
vn 0.1835 0.9820 0.0457
f 9105//8741 9153//8741 9154//8741 9106//8741
vn 0.0000 1.0000 0.0000
f 9106//8742 9154//8742 9155//8742 9107//8742
vn 0.0000 1.0000 0.0000
f 9107//8743 9155//8743 9156//8743 9108//8743
vn 0.0000 1.0000 0.0000
f 9108//8744 9156//8744 9157//8744 9109//8744
vn 0.0000 1.0000 0.0000
f 9109//8745 9157//8745 9158//8745 9110//8745
vn 0.0000 1.0000 0.0000
f 9110//8746 9158//8746 9159//8746 9111//8746
vn 0.0000 1.0000 -0.0000
f 9111//8747 9159//8747 9160//8747 9112//8747
vn 0.0000 1.0000 0.0000
f 9112//8748 9160//8748 9161//8748 9113//8748
vn 0.0000 1.0000 -0.0000
f 9113//8749 9161//8749 9162//8749 9114//8749
vn 0.0000 1.0000 0.0000
f 9114//8750 9162//8750 9163//8750 9115//8750
vn 0.0000 1.0000 0.0000
f 9115//8751 9163//8751 9164//8751 9116//8751
vn 0.0000 1.0000 -0.0000
f 9116//8752 9164//8752 9165//8752 9117//8752
vn -0.1711 0.9536 -0.2477
f 9117//8753 9165//8753 9166//8753 9118//8753
vn -0.0910 0.9274 0.3629
f 9118//8754 9166//8754 9119//8754 9071//8754
vn 0.0000 1.0000 -0.0000
f 9119//8755 9167//8755 9168//8755 9120//8755
vn 0.0000 1.0000 0.0000
f 9120//8756 9168//8756 9169//8756 9121//8756
vn 0.0000 1.0000 0.0000
f 9121//8757 9169//8757 9170//8757 9122//8757
vn 0.0000 1.0000 0.0000
f 9122//8758 9170//8758 9171//8758 9123//8758
vn 0.0000 1.0000 -0.0000
f 9123//8759 9171//8759 9172//8759 9124//8759
vn 0.0000 1.0000 -0.0000
f 9124//8760 9172//8760 9173//8760 9125//8760
vn 0.0000 1.0000 0.0000
f 9125//8761 9173//8761 9174//8761 9126//8761
vn 0.0000 1.0000 0.0000
f 9126//8762 9174//8762 9175//8762 9127//8762
vn 0.0000 1.0000 0.0000
f 9127//8763 9175//8763 9176//8763 9128//8763
vn 0.0000 1.0000 0.0000
f 9128//8764 9176//8764 9177//8764 9129//8764
vn 0.0000 1.0000 0.0000
f 9129//8765 9177//8765 9178//8765 9130//8765
vn 0.0000 1.0000 0.0000
f 9130//8766 9178//8766 9179//8766 9131//8766
vn 0.0000 1.0000 0.0000
f 9131//8767 9179//8767 9180//8767 9132//8767
vn 0.0000 1.0000 0.0000
f 9132//8768 9180//8768 9181//8768 9133//8768
vn 0.0000 1.0000 0.0000
f 9133//8769 9181//8769 9182//8769 9134//8769
vn 0.0000 1.0000 0.0000
f 9134//8770 9182//8770 9183//8770 9135//8770
vn 0.0000 1.0000 0.0000
f 9135//8771 9183//8771 9184//8771 9136//8771
vn 0.0000 1.0000 0.0000
f 9136//8772 9184//8772 9185//8772 9137//8772
vn 0.0000 1.0000 -0.0000
f 9137//8773 9185//8773 9186//8773 9138//8773
vn 0.0000 1.0000 -0.0000
f 9138//8774 9186//8774 9187//8774 9139//8774
vn 0.0000 1.0000 0.0000
f 9139//8775 9187//8775 9188//8775 9140//8775
vn 0.0000 1.0000 -0.0000
f 9140//8776 9188//8776 9189//8776 9141//8776
vn 0.0000 1.0000 -0.0000
f 9141//8777 9189//8777 9190//8777 9142//8777
vn 0.0000 1.0000 0.0000
f 9142//8778 9190//8778 9191//8778 9143//8778
vn 0.0000 1.0000 0.0000
f 9143//8779 9191//8779 9192//8779 9144//8779
vn 0.0000 1.0000 -0.0000
f 9144//8780 9192//8780 9193//8780 9145//8780
vn 0.0000 1.0000 0.0000
f 9145//8781 9193//8781 9194//8781 9146//8781
vn 0.0000 1.0000 -0.0000
f 9146//8782 9194//8782 9195//8782 9147//8782
vn 0.0000 1.0000 -0.0000
f 9147//8783 9195//8783 9196//8783 9148//8783
vn 0.0000 1.0000 -0.0000
f 9148//8784 9196//8784 9197//8784 9149//8784
vn 0.0000 1.0000 0.0000
f 9149//8785 9197//8785 9198//8785 9150//8785
vn 0.0000 1.0000 0.0000
f 9150//8786 9198//8786 9199//8786 9151//8786
vn 0.0000 1.0000 -0.0000
f 9151//8787 9199//8787 9200//8787 9152//8787
vn 0.0000 1.0000 0.0000
f 9152//8788 9200//8788 9201//8788 9153//8788
vn 0.0000 1.0000 0.0000
f 9153//8789 9201//8789 9202//8789 9154//8789
vn 0.0000 1.0000 0.0000
f 9154//8790 9202//8790 9203//8790 9155//8790
vn 0.0000 1.0000 0.0000
f 9155//8791 9203//8791 9204//8791 9156//8791
vn 0.0000 1.0000 0.0000
f 9156//8792 9204//8792 9205//8792 9157//8792
vn 0.0000 1.0000 0.0000
f 9157//8793 9205//8793 9206//8793 9158//8793
vn 0.0000 1.0000 0.0000
f 9158//8794 9206//8794 9207//8794 9159//8794
vn 0.0000 1.0000 -0.0000
f 9159//8795 9207//8795 9208//8795 9160//8795
vn 0.0000 1.0000 0.0000
f 9160//8796 9208//8796 9209//8796 9161//8796
vn 0.0000 1.0000 -0.0000
f 9161//8797 9209//8797 9210//8797 9162//8797
vn 0.0000 1.0000 0.0000
f 9162//8798 9210//8798 9211//8798 9163//8798
vn 0.0000 1.0000 -0.0000
f 9163//8799 9211//8799 9212//8799 9164//8799
vn 0.0000 1.0000 -0.0000
f 9164//8800 9212//8800 9213//8800 9165//8800
vn 0.0000 1.0000 -0.0000
f 9165//8801 9213//8801 9214//8801 9166//8801
vn 0.0000 1.0000 0.0000
f 9166//8802 9214//8802 9167//8802 9119//8802
vn 0.0000 1.0000 0.0000
f 9167//8803 9215//8803 9216//8803 9168//8803
vn 0.0000 1.0000 0.0000
f 9168//8804 9216//8804 9217//8804 9169//8804
vn 0.0000 1.0000 -0.0000
f 9169//8805 9217//8805 9218//8805 9170//8805
vn 0.0000 1.0000 -0.0000
f 9170//8806 9218//8806 9219//8806 9171//8806
vn 0.0000 1.0000 0.0000
f 9171//8807 9219//8807 9220//8807 9172//8807
vn 0.0000 1.0000 0.0000
f 9172//8808 9220//8808 9221//8808 9173//8808
vn 0.0000 1.0000 -0.0000
f 9173//8809 9221//8809 9222//8809 9174//8809
vn 0.0000 1.0000 0.0000
f 9174//8810 9222//8810 9223//8810 9175//8810
vn 0.0000 1.0000 -0.0000
f 9175//8811 9223//8811 9224//8811 9176//8811
vn 0.0000 1.0000 0.0000
f 9176//8812 9224//8812 9225//8812 9177//8812
vn 0.0000 1.0000 0.0000
f 9177//8813 9225//8813 9226//8813 9178//8813
vn 0.0000 1.0000 0.0000
f 9178//8814 9226//8814 9227//8814 9179//8814
vn 0.0000 1.0000 0.0000
f 9179//8815 9227//8815 9228//8815 9180//8815
vn 0.0000 1.0000 0.0000
f 9180//8816 9228//8816 9229//8816 9181//8816
vn 0.0000 1.0000 0.0000
f 9181//8817 9229//8817 9230//8817 9182//8817
vn 0.0000 1.0000 0.0000
f 9182//8818 9230//8818 9231//8818 9183//8818
vn 0.0000 1.0000 0.0000
f 9183//8819 9231//8819 9232//8819 9184//8819
vn 0.0000 1.0000 0.0000
f 9184//8820 9232//8820 9233//8820 9185//8820
vn 0.0000 1.0000 -0.0000
f 9185//8821 9233//8821 9234//8821 9186//8821
vn 0.0000 1.0000 -0.0000
f 9186//8822 9234//8822 9235//8822 9187//8822
vn 0.0000 1.0000 -0.0000
f 9187//8823 9235//8823 9236//8823 9188//8823
vn 0.0000 1.0000 -0.0000
f 9188//8824 9236//8824 9237//8824 9189//8824
vn 0.0000 1.0000 0.0000
f 9189//8825 9237//8825 9238//8825 9190//8825
vn 0.0000 1.0000 0.0000
f 9190//8826 9238//8826 9239//8826 9191//8826
vn 0.0000 1.0000 -0.0000
f 9191//8827 9239//8827 9240//8827 9192//8827
vn 0.0000 1.0000 0.0000
f 9192//8828 9240//8828 9241//8828 9193//8828
vn 0.0000 1.0000 -0.0000
f 9193//8829 9241//8829 9242//8829 9194//8829
vn 0.0000 1.0000 -0.0000
usemtl leaf_1
f 9194//8830 9242//8830 9243//8830 9195//8830
vn 0.0000 1.0000 -0.0000
usemtl leaf_0
f 9195//8831 9243//8831 9244//8831 9196//8831
vn 0.0000 1.0000 0.0000
f 9196//8832 9244//8832 9245//8832 9197//8832
vn 0.0000 1.0000 -0.0000
f 9197//8833 9245//8833 9246//8833 9198//8833
vn 0.0000 1.0000 0.0000
f 9198//8834 9246//8834 9247//8834 9199//8834
vn 0.0000 1.0000 0.0000
f 9199//8835 9247//8835 9248//8835 9200//8835
vn 0.0000 1.0000 0.0000
f 9200//8836 9248//8836 9249//8836 9201//8836
vn 0.0000 1.0000 -0.0000
f 9201//8837 9249//8837 9250//8837 9202//8837
vn 0.0000 1.0000 0.0000
f 9202//8838 9250//8838 9251//8838 9203//8838
vn 0.0000 1.0000 0.0000
f 9203//8839 9251//8839 9252//8839 9204//8839
vn 0.0000 1.0000 0.0000
f 9204//8840 9252//8840 9253//8840 9205//8840
vn 0.0000 1.0000 0.0000
f 9205//8841 9253//8841 9254//8841 9206//8841
vn 0.0000 1.0000 0.0000
f 9206//8842 9254//8842 9255//8842 9207//8842
vn 0.0000 1.0000 0.0000
f 9207//8843 9255//8843 9256//8843 9208//8843
vn 0.0000 1.0000 -0.0000
f 9208//8844 9256//8844 9257//8844 9209//8844
vn 0.0000 1.0000 -0.0000
f 9209//8845 9257//8845 9258//8845 9210//8845
vn 0.0000 1.0000 -0.0000
f 9210//8846 9258//8846 9259//8846 9211//8846
vn 0.0000 1.0000 0.0000
f 9211//8847 9259//8847 9260//8847 9212//8847
vn 0.0000 1.0000 -0.0000
f 9212//8848 9260//8848 9261//8848 9213//8848
vn 0.0000 1.0000 -0.0000
f 9213//8849 9261//8849 9262//8849 9214//8849
vn 0.0000 1.0000 -0.0000
f 9214//8850 9262//8850 9215//8850 9167//8850
vn 0.0000 1.0000 0.0000
f 9215//8851 9263//8851 9264//8851 9216//8851
vn 0.0000 1.0000 -0.0000
f 9216//8852 9264//8852 9265//8852 9217//8852
vn 0.0000 1.0000 0.0000
f 9217//8853 9265//8853 9266//8853 9218//8853
vn 0.0000 1.0000 -0.0000
f 9218//8854 9266//8854 9267//8854 9219//8854
vn 0.0000 1.0000 -0.0000
f 9219//8855 9267//8855 9268//8855 9220//8855
vn 0.0000 1.0000 0.0000
f 9220//8856 9268//8856 9269//8856 9221//8856
vn 0.0000 1.0000 -0.0000
f 9221//8857 9269//8857 9270//8857 9222//8857
vn 0.0000 1.0000 0.0000
f 9222//8858 9270//8858 9271//8858 9223//8858
vn 0.0000 1.0000 -0.0000
f 9223//8859 9271//8859 9272//8859 9224//8859
vn 0.0000 1.0000 0.0000
f 9224//8860 9272//8860 9273//8860 9225//8860
vn 0.0000 1.0000 0.0000
f 9225//8861 9273//8861 9274//8861 9226//8861
vn 0.0000 1.0000 0.0000
f 9226//8862 9274//8862 9275//8862 9227//8862
vn 0.0000 1.0000 0.0000
f 9227//8863 9275//8863 9276//8863 9228//8863
vn 0.0000 1.0000 0.0000
f 9228//8864 9276//8864 9277//8864 9229//8864
vn 0.0000 1.0000 -0.0000
f 9229//8865 9277//8865 9278//8865 9230//8865
vn 0.0000 1.0000 -0.0000
f 9230//8866 9278//8866 9279//8866 9231//8866
vn 0.0000 1.0000 0.0000
f 9231//8867 9279//8867 9280//8867 9232//8867
vn 0.0000 1.0000 0.0000
f 9232//8868 9280//8868 9281//8868 9233//8868
vn 0.0000 1.0000 0.0000
f 9233//8869 9281//8869 9282//8869 9234//8869
vn 0.0000 1.0000 -0.0000
f 9234//8870 9282//8870 9283//8870 9235//8870
vn 0.0000 1.0000 -0.0000
f 9235//8871 9283//8871 9284//8871 9236//8871
vn 0.0000 1.0000 0.0000
f 9236//8872 9284//8872 9285//8872 9237//8872
vn 0.0000 1.0000 0.0000
f 9237//8873 9285//8873 9286//8873 9238//8873
vn 0.0000 1.0000 0.0000
f 9238//8874 9286//8874 9287//8874 9239//8874
vn 0.0000 1.0000 -0.0000
f 9239//8875 9287//8875 9288//8875 9240//8875
vn 0.0000 1.0000 -0.0000
f 9240//8876 9288//8876 9289//8876 9241//8876
vn 0.0000 1.0000 -0.0000
f 9241//8877 9289//8877 9290//8877 9242//8877
vn 0.0000 1.0000 0.0000
f 9242//8878 9290//8878 9291//8878 9243//8878
vn 0.0000 1.0000 0.0000
f 9243//8879 9291//8879 9292//8879 9244//8879
vn 0.0000 1.0000 -0.0000
f 9244//8880 9292//8880 9293//8880 9245//8880
vn 0.0000 1.0000 0.0000
f 9245//8881 9293//8881 9294//8881 9246//8881
vn 0.0000 1.0000 0.0000
f 9246//8882 9294//8882 9295//8882 9247//8882
vn 0.0000 1.0000 0.0000
f 9247//8883 9295//8883 9296//8883 9248//8883
vn 0.0000 1.0000 0.0000
f 9248//8884 9296//8884 9297//8884 9249//8884
vn 0.0000 1.0000 0.0000
f 9249//8885 9297//8885 9298//8885 9250//8885
vn 0.0000 1.0000 0.0000
f 9250//8886 9298//8886 9299//8886 9251//8886
vn 0.0000 1.0000 0.0000
f 9251//8887 9299//8887 9300//8887 9252//8887
vn 0.0000 1.0000 0.0000
f 9252//8888 9300//8888 9301//8888 9253//8888
vn 0.0000 1.0000 0.0000
f 9253//8889 9301//8889 9302//8889 9254//8889
vn 0.0000 1.0000 0.0000
f 9254//8890 9302//8890 9303//8890 9255//8890
vn 0.0000 1.0000 0.0000
f 9255//8891 9303//8891 9304//8891 9256//8891
vn 0.0000 1.0000 -0.0000
f 9256//8892 9304//8892 9305//8892 9257//8892
vn 0.0000 1.0000 -0.0000
f 9257//8893 9305//8893 9306//8893 9258//8893
vn 0.0000 1.0000 0.0000
f 9258//8894 9306//8894 9307//8894 9259//8894
vn 0.0000 1.0000 0.0000
f 9259//8895 9307//8895 9308//8895 9260//8895
vn 0.0000 1.0000 -0.0000
f 9260//8896 9308//8896 9309//8896 9261//8896
vn 0.0000 1.0000 0.0000
f 9261//8897 9309//8897 9310//8897 9262//8897
vn 0.0000 1.0000 -0.0000
f 9262//8898 9310//8898 9263//8898 9215//8898
vn 0.9239 0.0000 0.3827
usemtl trunk
f 9311//8899 9313//8899 9314//8899 9312//8899
vn 0.3827 0.0000 0.9239
f 9313//8900 9315//8900 9316//8900 9314//8900
vn -0.3827 0.0000 0.9239
f 9315//8901 9317//8901 9318//8901 9316//8901
vn -0.9239 0.0000 0.3827
f 9317//8902 9319//8902 9320//8902 9318//8902
vn -0.9239 0.0000 -0.3827
f 9319//8903 9321//8903 9322//8903 9320//8903
vn -0.3827 0.0000 -0.9239
f 9321//8904 9323//8904 9324//8904 9322//8904
vn 0.3827 0.0000 -0.9239
f 9323//8905 9325//8905 9326//8905 9324//8905
vn 0.9239 0.0000 -0.3827
f 9325//8906 9311//8906 9312//8906 9326//8906
vn 0.0000 1.0000 0.0000
f 9327//8907 9313//8907 9311//8907
vn 0.0000 -1.0000 0.0000
f 9328//8908 9312//8908 9314//8908
vn 0.0000 1.0000 0.0000
f 9327//8909 9315//8909 9313//8909
vn 0.0000 -1.0000 0.0000
f 9328//8910 9314//8910 9316//8910
vn 0.0000 1.0000 0.0000
f 9327//8911 9317//8911 9315//8911
vn 0.0000 -1.0000 0.0000
f 9328//8912 9316//8912 9318//8912
vn 0.0000 1.0000 0.0000
f 9327//8913 9319//8913 9317//8913
vn 0.0000 -1.0000 0.0000
f 9328//8914 9318//8914 9320//8914
vn 0.0000 1.0000 0.0000
f 9327//8915 9321//8915 9319//8915
vn 0.0000 -1.0000 0.0000
f 9328//8916 9320//8916 9322//8916
vn 0.0000 1.0000 0.0000
f 9327//8917 9323//8917 9321//8917
vn 0.0000 -1.0000 0.0000
f 9328//8918 9322//8918 9324//8918
vn 0.0000 1.0000 0.0000
f 9327//8919 9325//8919 9323//8919
vn 0.0000 -1.0000 0.0000
f 9328//8920 9324//8920 9326//8920
vn 0.0000 1.0000 -0.0000
f 9327//8921 9311//8921 9325//8921
vn 0.0000 -1.0000 0.0000
f 9328//8922 9326//8922 9312//8922
